ISO-10303-21;
HEADER;
FILE_DESCRIPTION (( 'STEP AP214' ),
    '1' );
FILE_NAME ('Carriage_Base.STEP',
    '2026-08-22T22:00:57',
    ( '' ),
    ( '' ),
    'SwSTEP 2.0',
    'SolidWorks 2020',
    '' );
FILE_SCHEMA (( 'AUTOMOTIVE_DESIGN' ));
ENDSEC;

DATA;
#1 = ORIENTED_EDGE ( 'NONE', *, *, #2054, .T. ) ;
#2 = EDGE_CURVE ( 'NONE', #4277, #4420, #151, .T. ) ;
#3 = CARTESIAN_POINT ( 'NONE',  ( -5.202872000005400288, 402.9067092283455054, -55.90524068635230037 ) ) ;
#4 = EDGE_LOOP ( 'NONE', ( #4458, #15, #1975, #4780 ) ) ;
#5 = EDGE_LOOP ( 'NONE', ( #2302, #4535, #5846, #3351, #1392 ) ) ;
#6 = CARTESIAN_POINT ( 'NONE',  ( -46.95651530234050597, 402.9067102145459671, -55.50295804701829638 ) ) ;
#7 = CARTESIAN_POINT ( 'NONE',  ( -16.27021462508015759, 425.6087779558277475, -55.42624602618136009 ) ) ;
#8 = CARTESIAN_POINT ( 'NONE',  ( -5.479696847657200109, 426.6509796808909982, -60.83499734764340161 ) ) ;
#9 = EDGE_CURVE ( 'NONE', #2158, #2012, #849, .T. ) ;
#10 = VERTEX_POINT ( 'NONE', #4144 ) ;
#11 = CARTESIAN_POINT ( 'NONE',  ( -2.202872000005404729, 402.9067092087969399, -48.90524068635239274 ) ) ;
#12 = CYLINDRICAL_SURFACE ( 'NONE', #1524, 1.000000000000001332 ) ;
#13 = CARTESIAN_POINT ( 'NONE',  ( -35.77968624495859018, 412.6104037447988730, -54.90524097470945009 ) ) ;
#14 = ORIENTED_EDGE ( 'NONE', *, *, #2279, .F. ) ;
#15 = ORIENTED_EDGE ( 'NONE', *, *, #3614, .T. ) ;
#16 = FACE_OUTER_BOUND ( 'NONE', #204, .T. ) ;
#17 = AXIS2_PLACEMENT_3D ( 'NONE', #20, #1196, #5812 ) ;
#18 = DIRECTION ( 'NONE',  ( -1.655432045896859951E-13, -2.969724642305460071E-13, 1.000000000000000000 ) ) ;
#19 = DIRECTION ( 'NONE',  ( -6.506367353872409770E-09, -1.000000000000000000, -5.687521804808150055E-15 ) ) ;
#20 = CARTESIAN_POINT ( 'NONE',  ( -46.95651370592540275, 402.9067095000099243, -49.30524068635239843 ) ) ;
#21 = ORIENTED_EDGE ( 'NONE', *, *, #5858, .T. ) ;
#22 = CARTESIAN_POINT ( 'NONE',  ( -49.95651371893660553, 400.9067095195085244, -54.90524068635239985 ) ) ;
#23 = EDGE_LOOP ( 'NONE', ( #3626, #14, #4610, #570 ) ) ;
#24 = DIRECTION ( 'NONE',  ( 1.000000000000000000, -6.506366840612969917E-09, 1.649997169227415104E-13 ) ) ;
#25 = VERTEX_POINT ( 'NONE', #508 ) ;
#26 = B_SPLINE_CURVE_WITH_KNOTS ( 'NONE', 3,
 ( #672, #2465, #4836, #4327, #4389, #159, #3900, #183, #2553, #1576, #2091, #3428, #1105, #382, #4515, #767, #4127, #4096, #4591, #5537, #3552, #801, #6028, #1737, #1800 ),
 .UNSPECIFIED., .F., .F.,
 ( 4, 2, 2, 1, 2, 2, 2, 2, 1, 1, 2, 2, 2, 4 ),
 ( 0.000000000000000000, 0.1249999999996927735, 0.1874999999994839128, 0.2187499999993243460, 0.2343749999992437716, 0.2499999999991631694, 0.3749999999982104315, 0.4374999999977984833, 0.4687499999975931475, 0.4843749999975480725, 0.4921874999975275333, 0.4999999999975069942, 0.7499999999987534416, 1.000000000000000000 ),
 .UNSPECIFIED. ) ;
#27 = VECTOR ( 'NONE', #5015, 1000.000000000000000 ) ;
#28 = EDGE_CURVE ( 'NONE', #5692, #556, #5380, .T. ) ;
#29 = DIRECTION ( 'NONE',  ( -1.000000000000000000, 6.505629368547255247E-09, 0.000000000000000000 ) ) ;
#30 = CIRCLE ( 'NONE', #1689, 0.9999999999999801270 ) ;
#31 = ORIENTED_EDGE ( 'NONE', *, *, #694, .F. ) ;
#32 = LINE ( 'NONE', #3247, #3846 ) ;
#33 = AXIS2_PLACEMENT_3D ( 'NONE', #398, #3157, #1216 ) ;
#34 = CARTESIAN_POINT ( 'NONE',  ( -19.84702164463974938, 414.3067088332180106, -50.77948051316759859 ) ) ;
#35 = AXIS2_PLACEMENT_3D ( 'NONE', #2532, #4394, #5847 ) ;
#36 = EDGE_LOOP ( 'NONE', ( #1344, #2474 ) ) ;
#37 = CIRCLE ( 'NONE', #2883, 4.999999999999997335 ) ;
#38 = CARTESIAN_POINT ( 'NONE',  ( -16.37969937181100022, 406.9067093010739882, -52.90500376218670198 ) ) ;
#39 = CARTESIAN_POINT ( 'NONE',  ( -46.67968852327019391, 430.6509799487894838, -60.83499734764340161 ) ) ;
#40 = EDGE_CURVE ( 'NONE', #2226, #4013, #1533, .T. ) ;
#41 = EDGE_CURVE ( 'NONE', #2507, #1303, #1231, .T. ) ;
#42 = LINE ( 'NONE', #1860, #727 ) ;
#43 = DIRECTION ( 'NONE',  ( -1.000000000000000000, 6.506366906579609644E-09, 3.501462224639520343E-16 ) ) ;
#44 = ORIENTED_EDGE ( 'NONE', *, *, #3188, .T. ) ;
#45 = ORIENTED_EDGE ( 'NONE', *, *, #40, .T. ) ;
#46 = CARTESIAN_POINT ( 'NONE',  ( -40.95389667978469816, 405.3763982263030243, -51.57190785987489079 ) ) ;
#47 = EDGE_CURVE ( 'NONE', #5873, #5816, #3375, .T. ) ;
#48 = DIRECTION ( 'NONE',  ( -0.7071067811865360264, 4.600187047246829321E-09, -0.7071067811865588970 ) ) ;
#49 = FACE_OUTER_BOUND ( 'NONE', #5360, .T. ) ;
#50 = VECTOR ( 'NONE', #4628, 1000.000000000000000 ) ;
#51 = AXIS2_PLACEMENT_3D ( 'NONE', #4368, #4973, #2964 ) ;
#52 = ORIENTED_EDGE ( 'NONE', *, *, #3564, .F. ) ;
#53 = CARTESIAN_POINT ( 'NONE',  ( -16.08680600621104873, 430.6509797499049910, -61.54210412112750106 ) ) ;
#54 = EDGE_LOOP ( 'NONE', ( #2402, #1235, #4428, #375, #1463, #5661, #3780, #335, #3158, #3121, #5063, #2080, #1406 ) ) ;
#55 = CARTESIAN_POINT ( 'NONE',  ( -6.202871992957799563, 403.9897859071469952, -48.90524068635239274 ) ) ;
#56 = ORIENTED_EDGE ( 'NONE', *, *, #2130, .T. ) ;
#57 = CARTESIAN_POINT ( 'NONE',  ( -11.02759544501789790, 410.0762344302424935, -48.90524068635239274 ) ) ;
#58 = DIRECTION ( 'NONE',  ( 4.600694825107694004E-09, 0.7071067811865302533, 0.7071067811865648922 ) ) ;
#59 = B_SPLINE_CURVE_WITH_KNOTS ( 'NONE', 3,
 ( #1300, #2190, #5571, #893, #3200, #5506 ),
 .UNSPECIFIED., .F., .F.,
 ( 4, 2, 4 ),
 ( 0.000000000000000000, 0.5000000000000000000, 1.000000000000000000 ),
 .UNSPECIFIED. ) ;
#60 = EDGE_CURVE ( 'NONE', #4965, #3495, #5977, .T. ) ;
#61 = ORIENTED_EDGE ( 'NONE', *, *, #380, .F. ) ;
#62 = CARTESIAN_POINT ( 'NONE',  ( -38.19680607727919863, 424.6509798937605069, -56.90524068635230037 ) ) ;
#63 = ORIENTED_EDGE ( 'NONE', *, *, #2078, .F. ) ;
#64 = EDGE_LOOP ( 'NONE', ( #5827, #6093, #6091, #374 ) ) ;
#65 = CARTESIAN_POINT ( 'NONE',  ( -19.77969492963840281, 430.6509797737704730, -52.53501369717669434 ) ) ;
#66 = DIRECTION ( 'NONE',  ( -1.301273437667849975E-08, -0.9999999999999998890, -9.266570015549529398E-15 ) ) ;
#67 = EDGE_CURVE ( 'NONE', #3201, #1339, #5776, .T. ) ;
#68 = CARTESIAN_POINT ( 'NONE',  ( -36.16080671729179841, 411.4004846312215022, -49.90524068635239274 ) ) ;
#69 = CARTESIAN_POINT ( 'NONE',  ( -22.77158741141700204, 419.6497535121835085, -53.53501369717830016 ) ) ;
#70 = CARTESIAN_POINT ( 'NONE',  ( -36.77968616011180103, 425.6509798845399928, -52.89500239496949519 ) ) ;
#71 = EDGE_CURVE ( 'NONE', #816, #5730, #2359, .T. ) ;
#72 = ORIENTED_EDGE ( 'NONE', *, *, #5058, .F. ) ;
#73 = CARTESIAN_POINT ( 'NONE',  ( -43.59323558426569889, 402.4684481879260147, -55.82517145903129574 ) ) ;
#74 = CARTESIAN_POINT ( 'NONE',  ( -4.058996516626405260, 419.8455040536699698, -48.90524068635230037 ) ) ;
#75 = CARTESIAN_POINT ( 'NONE',  ( -22.77158741141700204, 419.6497535121835085, -48.90524068635230037 ) ) ;
#76 = DIRECTION ( 'NONE',  ( -0.0006977390865130730273, -0.0003122996570400245328, -0.9999997078145029805 ) ) ;
#77 = CARTESIAN_POINT ( 'NONE',  ( -8.436719971644098592, 402.4834952785105315, -55.71869224447640789 ) ) ;
#78 = CIRCLE ( 'NONE', #3307, 2.099999999999998312 ) ;
#79 = EDGE_CURVE ( 'NONE', #1314, #4717, #939, .T. ) ;
#80 = VECTOR ( 'NONE', #5835, 1000.000000000000000 ) ;
#81 = ORIENTED_EDGE ( 'NONE', *, *, #2508, .T. ) ;
#82 = DIRECTION ( 'NONE',  ( -6.816846692119189948E-16, 2.044227465016635254E-15, -1.000000000000000000 ) ) ;
#83 = ORIENTED_EDGE ( 'NONE', *, *, #6039, .F. ) ;
#84 = LINE ( 'NONE', #2475, #834 ) ;
#85 = CARTESIAN_POINT ( 'NONE',  ( -38.97365936219529203, 412.5699098886865386, -48.90524068635239274 ) ) ;
#86 = ORIENTED_EDGE ( 'NONE', *, *, #5427, .F. ) ;
#87 = ORIENTED_EDGE ( 'NONE', *, *, #5771, .T. ) ;
#88 = LINE ( 'NONE', #4700, #521 ) ;
#89 = CARTESIAN_POINT ( 'NONE',  ( -14.71305638732640020, 410.5354864506775243, -48.90524068635239274 ) ) ;
#90 = ORIENTED_EDGE ( 'NONE', *, *, #3374, .T. ) ;
#91 = DIRECTION ( 'NONE',  ( 0.7071067811865470176, -4.600692178097250451E-09, -0.7071067811865480168 ) ) ;
#92 = ADVANCED_FACE ( 'NONE', ( #1467 ), #5735, .F. ) ;
#93 = EDGE_CURVE ( 'NONE', #4367, #3762, #1081, .T. ) ;
#94 = DIRECTION ( 'NONE',  ( 0.7071067765858596310, -0.7071067857872354034, -6.938893903907320674E-15 ) ) ;
#95 = CARTESIAN_POINT ( 'NONE',  ( -9.354248879356999780, 405.4981414164604416, -55.90524068635239985 ) ) ;
#96 = DIRECTION ( 'NONE',  ( -1.000000000000000000, 0.000000000000000000, 0.000000000000000000 ) ) ;
#97 = ORIENTED_EDGE ( 'NONE', *, *, #4766, .T. ) ;
#98 = B_SPLINE_SURFACE_WITH_KNOTS ( 'NONE', 3, 3, ( 
 ( #1839, #741, #2617, #6094 ),
 ( #2812, #3262, #5754, #473 ),
 ( #5192, #1393, #2784, #4653 ),
 ( #3337, #2842, #46, #926 ) ),
 .UNSPECIFIED., .F., .F., .F.,
 ( 4, 4 ),
 ( 4, 4 ),
 ( 0.000000000000000000, 0.6505757734727409813 ),
 ( -0.2500000241682289737, 0.2500001278886010425 ),
 .UNSPECIFIED. ) ;
#99 = ORIENTED_EDGE ( 'NONE', *, *, #822, .T. ) ;
#100 = DIRECTION ( 'NONE',  ( -0.7071067857872354034, -0.7071067765858596310, 0.000000000000000000 ) ) ;
#101 = CARTESIAN_POINT ( 'NONE',  ( -45.95651369887919913, 403.9897861657984777, -54.90524068635239985 ) ) ;
#102 =( BOUNDED_CURVE ( )  B_SPLINE_CURVE ( 3, ( #5165, #2844, #5227, #982 ),
 .UNSPECIFIED., .F., .F. ) 
 B_SPLINE_CURVE_WITH_KNOTS ( ( 4, 4 ),
 ( 0.7853981633989479683, 1.570796326794895004 ),
 .UNSPECIFIED. ) 
 CURVE ( )  GEOMETRIC_REPRESENTATION_ITEM ( )  RATIONAL_B_SPLINE_CURVE ( ( 1.000000000000000000, 0.9492530216743819693, 0.9492530216743819693, 1.000000000000000000 ) ) 
 REPRESENTATION_ITEM ( '' )  );
#103 = FACE_OUTER_BOUND ( 'NONE', #1027, .T. ) ;
#104 = CARTESIAN_POINT ( 'NONE',  ( -8.288633852805899593, 403.4857413020654917, -55.63864773884460391 ) ) ;
#105 = VERTEX_POINT ( 'NONE', #3763 ) ;
#106 = ORIENTED_EDGE ( 'NONE', *, *, #4271, .T. ) ;
#107 = VECTOR ( 'NONE', #4217, 1000.000000000000000 ) ;
#108 = FACE_OUTER_BOUND ( 'NONE', #1932, .T. ) ;
#109 = ADVANCED_FACE ( 'NONE', ( #4781 ), #1883, .T. ) ;
#110 = EDGE_CURVE ( 'NONE', #5391, #1991, #1961, .T. ) ;
#111 = DIRECTION ( 'NONE',  ( 0.000000000000000000, 0.000000000000000000, 1.000000000000000000 ) ) ;
#112 = CARTESIAN_POINT ( 'NONE',  ( -47.67968852327019391, 430.6509799552960089, -58.42366627028980020 ) ) ;
#113 = CARTESIAN_POINT ( 'NONE',  ( -2.049614463297699807, 404.1975291663805478, -55.89594285980389543 ) ) ;
#114 = AXIS2_PLACEMENT_3D ( 'NONE', #1419, #1884, #3287 ) ;
#115 = ORIENTED_EDGE ( 'NONE', *, *, #3096, .F. ) ;
#116 = CARTESIAN_POINT ( 'NONE',  ( -8.201107265387038936, 403.0255225090205045, -55.50524677280879615 ) ) ;
#117 = CARTESIAN_POINT ( 'NONE',  ( -17.14342853903410102, 413.6393111821964794, -53.20168069731800387 ) ) ;
#118 = AXIS2_PLACEMENT_3D ( 'NONE', #1637, #5408, #3045 ) ;
#119 = EDGE_LOOP ( 'NONE', ( #3465, #206, #1844, #3068 ) ) ;
#120 = CARTESIAN_POINT ( 'NONE',  ( -16.08680602913370095, 425.9438729687190062, -61.54210412883099934 ) ) ;
#121 = CYLINDRICAL_SURFACE ( 'NONE', #5101, 1.000000000000001332 ) ;
#122 = AXIS2_PLACEMENT_3D ( 'NONE', #5237, #5645, #3766 ) ;
#123 = CARTESIAN_POINT ( 'NONE',  ( -49.79557754741029640, 404.5225150622865158, -55.77190735301899593 ) ) ;
#124 = EDGE_CURVE ( 'NONE', #556, #5132, #3244, .T. ) ;
#125 = VERTEX_POINT ( 'NONE', #3301 ) ;
#126 = CARTESIAN_POINT ( 'NONE',  ( -33.27158739843875424, 419.6497287028755068, -53.53501369717830016 ) ) ;
#127 = AXIS2_PLACEMENT_3D ( 'NONE', #2724, #3522, #5931 ) ;
#128 = FACE_OUTER_BOUND ( 'NONE', #1589, .T. ) ;
#129 = DIRECTION ( 'NONE',  ( -1.000000000000000000, 6.506366883410489963E-09, 5.878661535465969760E-16 ) ) ;
#130 = CARTESIAN_POINT ( 'NONE',  ( -12.66968612228482094, 425.3580865088585483, -54.90524068635230037 ) ) ;
#131 = EDGE_CURVE ( 'NONE', #133, #3423, #533, .T. ) ;
#132 = CARTESIAN_POINT ( 'NONE',  ( -4.479696821631799608, 430.6509796742209915, -58.42366627028980020 ) ) ;
#133 = VERTEX_POINT ( 'NONE', #5234 ) ;
#134 = EDGE_LOOP ( 'NONE', ( #3915, #3556, #3042, #2943 ) ) ;
#135 = DIRECTION ( 'NONE',  ( -2.122410809970519736E-16, -2.113706939285590154E-15, 1.000000000000000000 ) ) ;
#136 = CARTESIAN_POINT ( 'NONE',  ( -49.95651370592540275, 402.9067095194994863, -54.90524068635230037 ) ) ;
#137 = ORIENTED_EDGE ( 'NONE', *, *, #141, .T. ) ;
#138 = DIRECTION ( 'NONE',  ( 6.506378646882649515E-09, 1.000000000000000000, -5.997270088342730747E-15 ) ) ;
#139 = DIRECTION ( 'NONE',  ( 0.5773502654331607031, -0.5773502729460849858, -0.5773502691896315042 ) ) ;
#140 = ORIENTED_EDGE ( 'NONE', *, *, #4022, .F. ) ;
#141 = EDGE_CURVE ( 'NONE', #105, #1527, #4301, .T. ) ;
#142 = CARTESIAN_POINT ( 'NONE',  ( -46.95651370592540275, 402.9067095000099243, -48.90524068635239274 ) ) ;
#143 = DIRECTION ( 'NONE',  ( 6.506364074960620738E-09, 1.000000000000000000, 5.687521804808150055E-15 ) ) ;
#144 = AXIS2_PLACEMENT_3D ( 'NONE', #62, #1963, #111 ) ;
#145 = B_SPLINE_SURFACE_WITH_KNOTS ( 'NONE', 3, 3, ( 
 ( #2819, #2329, #5672, #4748, #566 ),
 ( #77, #4298, #5198, #1462, #2877 ),
 ( #535, #1433, #3787, #104, #2906 ),
 ( #3812, #1491, #5262, #5636, #1982 ) ),
 .UNSPECIFIED., .F., .F., .F.,
 ( 4, 4 ),
 ( 4, 1, 4 ),
 ( -0.0005528871407665910450, 1.000000000000000000 ),
 ( -0.1301305331292220147, 0.05941267762473900066, 0.2484030012379390140 ),
 .UNSPECIFIED. ) ;
#146 = EDGE_CURVE ( 'NONE', #1862, #1991, #2472, .T. ) ;
#147 = CARTESIAN_POINT ( 'NONE',  ( -15.03584744128900041, 411.6709576471910168, -48.90524068635239274 ) ) ;
#148 = ORIENTED_EDGE ( 'NONE', *, *, #3671, .F. ) ;
#149 = AXIS2_PLACEMENT_3D ( 'NONE', #2884, #3378, #541 ) ;
#150 = CARTESIAN_POINT ( 'NONE',  ( -49.56381723381969806, 404.3906125674064924, -55.50524068635239416 ) ) ;
#151 = CIRCLE ( 'NONE', #3578, 2.099999999999999645 ) ;
#152 = ORIENTED_EDGE ( 'NONE', *, *, #4675, .F. ) ;
#153 = ORIENTED_EDGE ( 'NONE', *, *, #5161, .T. ) ;
#154 = CARTESIAN_POINT ( 'NONE',  ( -41.43647566225300238, 406.2522518402740275, -48.90524068635239274 ) ) ;
#155 = CARTESIAN_POINT ( 'NONE',  ( -36.89911224709329929, 408.5526573201544807, -48.53457146621349949 ) ) ;
#156 = DIRECTION ( 'NONE',  ( -0.7071067811865350272, 0.000000000000000000, 0.7071067811865600072 ) ) ;
#157 = ADVANCED_FACE ( 'NONE', ( #108 ), #3845, .T. ) ;
#158 = CARTESIAN_POINT ( 'NONE',  ( -32.31016670992774920, 415.3067080470555652, -48.90524068635239274 ) ) ;
#159 = CARTESIAN_POINT ( 'NONE',  ( -12.77052142969751003, 426.4852015943818060, -50.09729202416488647 ) ) ;
#160 = ORIENTED_EDGE ( 'NONE', *, *, #3110, .T. ) ;
#161 = ORIENTED_EDGE ( 'NONE', *, *, #1210, .T. ) ;
#162 = EDGE_CURVE ( 'NONE', #4338, #5719, #4243, .T. ) ;
#163 = CIRCLE ( 'NONE', #2521, 1.000000000000000000 ) ;
#164 = EDGE_LOOP ( 'NONE', ( #1881, #4228, #2639, #1484, #740, #177, #4605, #2740, #2891 ) ) ;
#165 = CARTESIAN_POINT ( 'NONE',  ( -50.01972667372390191, 404.3982314673104952, -55.90524068635239985 ) ) ;
#166 = AXIS2_PLACEMENT_3D ( 'NONE', #1728, #2181, #3581 ) ;
#167 = CARTESIAN_POINT ( 'NONE',  ( -15.37969924985389980, 425.6509797453039710, -56.90524068635230037 ) ) ;
#168 = ORIENTED_EDGE ( 'NONE', *, *, #2215, .T. ) ;
#169 = CARTESIAN_POINT ( 'NONE',  ( -10.22890127400419935, 425.6509797117910239, -58.09332458483159911 ) ) ;
#170 = CARTESIAN_POINT ( 'NONE',  ( -15.67817559611039968, 411.4921872725184926, -49.57197312385569887 ) ) ;
#171 = ORIENTED_EDGE ( 'NONE', *, *, #2772, .F. ) ;
#172 = LINE ( 'NONE', #3916, #4545 ) ;
#173 = CARTESIAN_POINT ( 'NONE',  ( -46.67968854929569744, 426.6509799489530224, -60.83499734764340161 ) ) ;
#174 = LINE ( 'NONE', #3918, #4195 ) ;
#175 = EDGE_CURVE ( 'NONE', #3785, #4927, #4456, .T. ) ;
#176 = EDGE_CURVE ( 'NONE', #133, #480, #2961, .T. ) ;
#177 = ORIENTED_EDGE ( 'NONE', *, *, #209, .F. ) ;
#178 = DIRECTION ( 'NONE',  ( 0.7071067811866065256, -4.600930747500336687E-09, -0.7071067811864886199 ) ) ;
#179 = CARTESIAN_POINT ( 'NONE',  ( -40.95389669358859663, 405.3763995369785107, -48.53457008763749769 ) ) ;
#180 = DIRECTION ( 'NONE',  ( -6.665464081795940160E-16, 2.444089218523655478E-15, -1.000000000000000000 ) ) ;
#181 = CARTESIAN_POINT ( 'NONE',  ( -2.202872000005404729, 402.9067092283455054, -55.90524068635230037 ) ) ;
#182 = CARTESIAN_POINT ( 'NONE',  ( -33.23761396709219440, 415.3072913545830147, -48.90524068635239274 ) ) ;
#183 = CARTESIAN_POINT ( 'NONE',  ( -12.78677611565637662, 426.4524097093143382, -50.08104226867016706 ) ) ;
#184 = VERTEX_POINT ( 'NONE', #2128 ) ;
#185 = CARTESIAN_POINT ( 'NONE',  ( -8.380056637584800683, 404.0718142636044945, -48.90524068635239274 ) ) ;
#186 = ORIENTED_EDGE ( 'NONE', *, *, #4768, .T. ) ;
#187 = PLANE ( 'NONE',  #5050 ) ;
#188 = B_SPLINE_SURFACE_WITH_KNOTS ( 'NONE', 3, 3, ( 
 ( #5476, #1742, #3595, #1272, #4029 ),
 ( #2195, #285, #5603, #2159, #3661 ),
 ( #4489, #3627, #5108, #1304, #1707 ),
 ( #318, #772, #1367, #4066, #2229 ),
 ( #3114, #3557, #2651, #1340, #872 ) ),
 .UNSPECIFIED., .F., .F., .F.,
 ( 4, 1, 4 ),
 ( 4, 1, 4 ),
 ( 0.000000000000000000, 0.5714285714285709528, 1.000000000000000000 ),
 ( 0.000000000000000000, 0.5488263661127810167, 0.9604461406973670012 ),
 .UNSPECIFIED. ) ;
#189 = ORIENTED_EDGE ( 'NONE', *, *, #5907, .F. ) ;
#190 = CARTESIAN_POINT ( 'NONE',  ( -11.96257933919279992, 425.6509797230709751, -52.31945424872390049 ) ) ;
#191 = SPHERICAL_SURFACE ( 'NONE', #1047, 1.000000000000000000 ) ;
#192 = ADVANCED_FACE ( 'NONE', ( #3407 ), #187, .T. ) ;
#193 = ORIENTED_EDGE ( 'NONE', *, *, #1867, .T. ) ;
#194 = LINE ( 'NONE', #5769, #1497 ) ;
#195 = CARTESIAN_POINT ( 'NONE',  ( -12.16208112589879953, 406.2838801821849870, -49.57197312385569887 ) ) ;
#196 = CIRCLE ( 'NONE', #4225, 2.100000000000000089 ) ;
#197 = CARTESIAN_POINT ( 'NONE',  ( -19.84702186128305001, 414.3067088332185222, -52.53501369707149848 ) ) ;
#198 = CIRCLE ( 'NONE', #35, 1.000000000000001332 ) ;
#199 = ORIENTED_EDGE ( 'NONE', *, *, #4982, .T. ) ;
#200 = CARTESIAN_POINT ( 'NONE',  ( -15.96974266244180107, 412.5197156973559913, -49.57214749226640294 ) ) ;
#201 = DIRECTION ( 'NONE',  ( 0.1339922172707131431, 0.9909823841576993475, 0.000000000000000000 ) ) ;
#202 = AXIS2_PLACEMENT_3D ( 'NONE', #2608, #4676, #5217 ) ;
#203 = B_SPLINE_CURVE_WITH_KNOTS ( 'NONE', 3,
 ( #4231, #2022, #999, #4792 ),
 .UNSPECIFIED., .F., .F.,
 ( 4, 4 ),
 ( 0.000000000000000000, 1.000000000000000000 ),
 .UNSPECIFIED. ) ;
#204 = EDGE_LOOP ( 'NONE', ( #2957, #5463, #4976, #5822 ) ) ;
#205 = VECTOR ( 'NONE', #2852, 1000.000000000000114 ) ;
#206 = ORIENTED_EDGE ( 'NONE', *, *, #5607, .T. ) ;
#207 = ORIENTED_EDGE ( 'NONE', *, *, #6039, .T. ) ;
#208 = EDGE_CURVE ( 'NONE', #1561, #3182, #1097, .T. ) ;
#209 = EDGE_CURVE ( 'NONE', #396, #4292, #4835, .T. ) ;
#210 = CARTESIAN_POINT ( 'NONE',  ( -39.61859779066099918, 406.1121238636820294, -51.57190580255849710 ) ) ;
#211 = FACE_OUTER_BOUND ( 'NONE', #5298, .T. ) ;
#212 = AXIS2_PLACEMENT_3D ( 'NONE', #1546, #590, #4356 ) ;
#213 = DIRECTION ( 'NONE',  ( -0.6854030638185628632, -0.1738466454819735107, 0.7071067698465288709 ) ) ;
#214 = LINE ( 'NONE', #2580, #3672 ) ;
#215 = ORIENTED_EDGE ( 'NONE', *, *, #1910, .T. ) ;
#216 = DIRECTION ( 'NONE',  ( -6.506366714853769862E-09, -1.000000000000000000, -2.277555757397060209E-15 ) ) ;
#217 = CIRCLE ( 'NONE', #2187, 5.999999999999997335 ) ;
#218 = VERTEX_POINT ( 'NONE', #3996 ) ;
#219 = ADVANCED_FACE ( 'NONE', ( #3905 ), #5901, .T. ) ;
#220 = CARTESIAN_POINT ( 'NONE',  ( -41.93048413596140023, 425.6509799180535083, -58.09332458483159911 ) ) ;
#221 = CARTESIAN_POINT ( 'NONE',  ( -9.054696374664199965, 426.6509797041509842, -61.83499734764340161 ) ) ;
#222 = EDGE_LOOP ( 'NONE', ( #3166, #6100, #951, #933 ) ) ;
#223 = DIRECTION ( 'NONE',  ( 6.506366962090759221E-09, 1.000000000000000000, 5.687521804808154788E-15 ) ) ;
#224 = CARTESIAN_POINT ( 'NONE',  ( -5.479696847657200109, 426.6509796808909982, -60.83499734764340161 ) ) ;
#225 = ORIENTED_EDGE ( 'NONE', *, *, #4946, .T. ) ;
#226 = CARTESIAN_POINT ( 'NONE',  ( -20.75572222475219419, 430.5328357545263316, -52.78709666060129280 ) ) ;
#227 = CARTESIAN_POINT ( 'NONE',  ( -9.054696374664199965, 426.6509797041509842, -61.83499734764340161 ) ) ;
#228 = DIRECTION ( 'NONE',  ( -1.000000000000000000, 6.506374386629573241E-09, 0.000000000000000000 ) ) ;
#229 = EDGE_CURVE ( 'NONE', #480, #2765, #4141, .T. ) ;
#230 = ORIENTED_EDGE ( 'NONE', *, *, #2008, .F. ) ;
#231 = AXIS2_PLACEMENT_3D ( 'NONE', #1633, #1072, #5378 ) ;
#232 = CARTESIAN_POINT ( 'NONE',  ( -16.37970750174768497, 413.2172627400804004, -53.53501369717940861 ) ) ;
#233 = DIRECTION ( 'NONE',  ( -1.730654306093830038E-15, 5.687521816068420036E-15, -1.000000000000000000 ) ) ;
#234 = ADVANCED_FACE ( 'NONE', ( #5355 ), #2558, .F. ) ;
#235 = ORIENTED_EDGE ( 'NONE', *, *, #2882, .F. ) ;
#236 = DIRECTION ( 'NONE',  ( -1.301417559008919854E-23, -1.999999999127239949E-15, 1.000000000000000000 ) ) ;
#237 = ORIENTED_EDGE ( 'NONE', *, *, #2407, .T. ) ;
#238 = AXIS2_PLACEMENT_3D ( 'NONE', #4979, #748, #1715 ) ;
#239 = EDGE_LOOP ( 'NONE', ( #6013, #3935, #3658, #6020 ) ) ;
#240 = CARTESIAN_POINT ( 'NONE',  ( -40.19680607727919863, 424.6509799067735003, -49.39512085705119659 ) ) ;
#241 = CARTESIAN_POINT ( 'NONE',  ( -35.77968623503944912, 414.1349198345735090, -58.57799622282909979 ) ) ;
#242 = CARTESIAN_POINT ( 'NONE',  ( -16.37969932478159762, 414.1349218971304822, -53.53501369718230052 ) ) ;
#243 = CARTESIAN_POINT ( 'NONE',  ( -15.37969924985389980, 425.6509797453039710, -60.83499734764340161 ) ) ;
#244 = CARTESIAN_POINT ( 'NONE',  ( -35.39367568442595058, 414.6955771576124334, -48.90524068635239274 ) ) ;
#245 = EDGE_CURVE ( 'NONE', #480, #1816, #2867, .T. ) ;
#246 = CARTESIAN_POINT ( 'NONE',  ( -19.77969495286399848, 427.0809797737685471, -53.53501369717780278 ) ) ;
#247 = LINE ( 'NONE', #112, #1390 ) ;
#248 = EDGE_LOOP ( 'NONE', ( #5709, #5062, #2535, #2217 ) ) ;
#249 = LINE ( 'NONE', #2096, #1760 ) ;
#250 = ORIENTED_EDGE ( 'NONE', *, *, #2603, .F. ) ;
#251 = CARTESIAN_POINT ( 'NONE',  ( -31.67258365270589948, 427.7880866323345117, -53.24212047836410022 ) ) ;
#252 = DIRECTION ( 'NONE',  ( 6.289169256501730772E-16, -1.697566775343995105E-15, 1.000000000000000000 ) ) ;
#253 = CARTESIAN_POINT ( 'NONE',  ( -5.202872000005400288, 402.9067092283455054, -49.30524068635239843 ) ) ;
#254 = EDGE_CURVE ( 'NONE', #941, #3174, #198, .T. ) ;
#255 = EDGE_CURVE ( 'NONE', #3844, #6040, #3443, .T. ) ;
#256 = ORIENTED_EDGE ( 'NONE', *, *, #60, .T. ) ;
#257 = CARTESIAN_POINT ( 'NONE',  ( -39.86268032974209774, 413.0277763749705287, -54.90524068635239985 ) ) ;
#258 = CARTESIAN_POINT ( 'NONE',  ( -16.37969933873474915, 412.1021578827195526, -60.41437139809039536 ) ) ;
#259 = ORIENTED_EDGE ( 'NONE', *, *, #274, .T. ) ;
#260 = CARTESIAN_POINT ( 'NONE',  ( -48.10038896888439552, 419.8455043402195201, -55.90524068635230037 ) ) ;
#261 = LINE ( 'NONE', #4402, #5545 ) ;
#262 = CIRCLE ( 'NONE', #5106, 4.000000000000007994 ) ;
#263 = DIRECTION ( 'NONE',  ( 6.507088281571700554E-09, 1.000000000000000000, 2.277555755283950335E-15 ) ) ;
#264 = AXIS2_PLACEMENT_3D ( 'NONE', #2517, #3894, #3004 ) ;
#265 = CARTESIAN_POINT ( 'NONE',  ( -16.37969924334749905, 426.6509797518104961, -54.90524068635230037 ) ) ;
#266 = EDGE_LOOP ( 'NONE', ( #5035, #5172, #2094, #3240 ) ) ;
#267 = AXIS2_PLACEMENT_3D ( 'NONE', #1394, #589, #3264 ) ;
#268 = CARTESIAN_POINT ( 'NONE',  ( -19.84880693495635029, 414.6398012895899683, -49.57214749226640294 ) ) ;
#269 = DIRECTION ( 'NONE',  ( -0.7071067788862240855, -1.054711873393900094E-15, 0.7071067834868710600 ) ) ;
#270 = DIRECTION ( 'NONE',  ( 0.9999999999999997780, -1.301273903446069998E-08, 0.000000000000000000 ) ) ;
#271 = AXIS2_PLACEMENT_3D ( 'NONE', #1026, #2103, #4789 ) ;
#272 = DIRECTION ( 'NONE',  ( 6.308085502732850378E-16, 2.083490206943795299E-15, -1.000000000000000000 ) ) ;
#273 = EDGE_LOOP ( 'NONE', ( #3144, #4897, #2888, #959 ) ) ;
#274 = EDGE_CURVE ( 'NONE', #1764, #480, #4030, .T. ) ;
#275 = ORIENTED_EDGE ( 'NONE', *, *, #3481, .T. ) ;
#276 = CARTESIAN_POINT ( 'NONE',  ( -15.37969932478160118, 414.1349212959115107, -55.90524068635239985 ) ) ;
#277 = CARTESIAN_POINT ( 'NONE',  ( -46.95651370592540275, 402.9067095000099243, -54.90524068635230037 ) ) ;
#278 = DIRECTION ( 'NONE',  ( -0.7071067811865470176, 4.600699940438020037E-09, -0.7071067811865480168 ) ) ;
#279 = CARTESIAN_POINT ( 'NONE',  ( -47.19675253853032615, 425.7538303733417706, -58.90660228689246480 ) ) ;
#280 = CARTESIAN_POINT ( 'NONE',  ( -39.25465999323986210, 426.1143947150843019, -49.96308181776941382 ) ) ;
#281 = CARTESIAN_POINT ( 'NONE',  ( -47.38679533278260436, 426.6509799535539855, -61.54210412652970064 ) ) ;
#282 = EDGE_LOOP ( 'NONE', ( #4952, #5419, #1391, #3895, #2477 ) ) ;
#283 = DIRECTION ( 'NONE',  ( 0.4082482891357299692, -0.8164965835839529396, 0.4082482864795424216 ) ) ;
#284 = ORIENTED_EDGE ( 'NONE', *, *, #5116, .F. ) ;
#285 = CARTESIAN_POINT ( 'NONE',  ( -39.63628710008970302, 406.9025113605950423, -55.90524068601820318 ) ) ;
#286 = CARTESIAN_POINT ( 'NONE',  ( -5.202872000005400288, 402.9067092283455054, -54.90524068635230037 ) ) ;
#287 = CARTESIAN_POINT ( 'NONE',  ( -1.810953641160105043, 402.9067092242274839, -55.82524068635230208 ) ) ;
#288 = EDGE_LOOP ( 'NONE', ( #4616, #4080, #5211, #328 ) ) ;
#289 = CARTESIAN_POINT ( 'NONE',  ( -45.19680613502329436, 415.7749752926744691, -54.90524068635239985 ) ) ;
#290 = CARTESIAN_POINT ( 'NONE',  ( -11.20548884801239886, 405.3763979523085368, -51.57190548323499968 ) ) ;
#291 = EDGE_LOOP ( 'NONE', ( #1127, #691 ) ) ;
#292 = CARTESIAN_POINT ( 'NONE',  ( -35.77968615592214974, 426.2948999901174716, -55.44675869946159708 ) ) ;
#293 = CARTESIAN_POINT ( 'NONE',  ( -8.499976668993300066, 403.7377602708224913, -55.90546296897120016 ) ) ;
#294 = DIRECTION ( 'NONE',  ( -0.4106286223119958168, 0.5756597385071637873, -0.7071067811865587860 ) ) ;
#295 = DIRECTION ( 'NONE',  ( 6.505646089902609742E-09, 1.000000000000000000, 2.277555755284120335E-15 ) ) ;
#296 = CARTESIAN_POINT ( 'NONE',  ( -39.19680422548709942, 424.6489077941490677, -51.68727723034469790 ) ) ;
#297 = VERTEX_POINT ( 'NONE', #3017 ) ;
#298 = CARTESIAN_POINT ( 'NONE',  ( -44.00646390748639902, 403.4600077043355100, -55.50525228959710233 ) ) ;
#299 = LINE ( 'NONE', #2177, #5963 ) ;
#300 = CARTESIAN_POINT ( 'NONE',  ( -10.11053073746029973, 404.7730964703164886, -49.90524033753260369 ) ) ;
#301 = CIRCLE ( 'NONE', #3241, 2.099999999999998312 ) ;
#302 = AXIS2_PLACEMENT_3D ( 'NONE', #220, #2958, #1668 ) ;
#303 = ORIENTED_EDGE ( 'NONE', *, *, #5207, .T. ) ;
#304 = VERTEX_POINT ( 'NONE', #1080 ) ;
#305 = VECTOR ( 'NONE', #1766, 1000.000000000000000 ) ;
#306 = CARTESIAN_POINT ( 'NONE',  ( -12.62969590817759880, 425.6509797274114817, -52.88500102775260103 ) ) ;
#307 = DIRECTION ( 'NONE',  ( 1.000000000000000000, -6.505644507952144320E-09, 0.000000000000000000 ) ) ;
#308 = CARTESIAN_POINT ( 'NONE',  ( -42.18726343332850348, 404.9056299952879954, -55.65404921430269525 ) ) ;
#309 = CARTESIAN_POINT ( 'NONE',  ( -12.96257945925299815, 425.1519108276029897, -50.00596658004009498 ) ) ;
#310 = AXIS2_PLACEMENT_3D ( 'NONE', #4710, #5722, #2900 ) ;
#311 = EDGE_CURVE ( 'NONE', #4585, #4867, #4514, .T. ) ;
#312 = AXIS2_PLACEMENT_3D ( 'NONE', #747, #2760, #5085 ) ;
#313 = CARTESIAN_POINT ( 'NONE',  ( -6.962579403456199856, 415.7749750439084551, -49.90524068635239274 ) ) ;
#314 = LINE ( 'NONE', #4128, #948 ) ;
#315 = ORIENTED_EDGE ( 'NONE', *, *, #3833, .T. ) ;
#316 = CARTESIAN_POINT ( 'NONE',  ( -4.479696821631799608, 430.6509796742209915, -58.38812317137720242 ) ) ;
#317 = ORIENTED_EDGE ( 'NONE', *, *, #3281, .F. ) ;
#318 = CARTESIAN_POINT ( 'NONE',  ( -40.95389692969030193, 405.3763965444645123, -55.12963983577279947 ) ) ;
#319 = CIRCLE ( 'NONE', #428, 2.099999999999997868 ) ;
#320 = CARTESIAN_POINT ( 'NONE',  ( -39.69681486380400059, 425.9439264771379499, -50.81948063353460299 ) ) ;
#321 = CARTESIAN_POINT ( 'NONE',  ( -35.95896580554939703, 412.1111108391934863, -49.90171437114999975 ) ) ;
#322 = VECTOR ( 'NONE', #3524, 1000.000000000000000 ) ;
#323 = EDGE_CURVE ( 'NONE', #2783, #4540, #5135, .T. ) ;
#324 = VERTEX_POINT ( 'NONE', #1273 ) ;
#325 = VECTOR ( 'NONE', #1032, 1000.000000000000000 ) ;
#326 = DIRECTION ( 'NONE',  ( -0.7529914335264225045, 0.6580303192375130950, 1.387778780781446859E-15 ) ) ;
#327 = FACE_OUTER_BOUND ( 'NONE', #3320, .T. ) ;
#328 = ORIENTED_EDGE ( 'NONE', *, *, #141, .F. ) ;
#329 = CARTESIAN_POINT ( 'NONE',  ( -36.11284287696600614, 425.6476661771499721, -55.87465728080589145 ) ) ;
#330 = ORIENTED_EDGE ( 'NONE', *, *, #1733, .F. ) ;
#331 = AXIS2_PLACEMENT_3D ( 'NONE', #142, #3853, #5327 ) ;
#332 = CARTESIAN_POINT ( 'NONE',  ( -36.78493293802939945, 412.8620659385105114, -48.90524068635239274 ) ) ;
#333 = ADVANCED_FACE ( 'NONE', ( #2196 ), #5543, .T. ) ;
#334 = CARTESIAN_POINT ( 'NONE',  ( -16.08652569489019868, 425.9439482147435001, -56.31930375732649452 ) ) ;
#335 = ORIENTED_EDGE ( 'NONE', *, *, #3283, .F. ) ;
#336 = CARTESIAN_POINT ( 'NONE',  ( -39.82759627291270021, 425.7587320124300732, -51.21191661474304624 ) ) ;
#337 = LINE ( 'NONE', #2668, #5086 ) ;
#338 = DIRECTION ( 'NONE',  ( -0.7071067811865470176, 4.600691910772160064E-09, 0.7071067811865480168 ) ) ;
#339 = AXIS2_PLACEMENT_3D ( 'NONE', #479, #1899, #3370 ) ;
#340 = ADVANCED_FACE ( 'NONE', ( #2230 ), #2696, .F. ) ;
#341 = DIRECTION ( 'NONE',  ( 1.000000000000000000, -6.505646275490360752E-09, 3.560535967128879308E-16 ) ) ;
#342 = ORIENTED_EDGE ( 'NONE', *, *, #2640, .F. ) ;
#343 = VERTEX_POINT ( 'NONE', #3628 ) ;
#344 = CYLINDRICAL_SURFACE ( 'NONE', #3057, 0.9999999999999816813 ) ;
#345 = DIRECTION ( 'NONE',  ( 0.000000000000000000, -9.544470102157731240E-15, 1.000000000000000000 ) ) ;
#346 = DIRECTION ( 'NONE',  ( 0.9999999999999997780, -1.301273903446069998E-08, 0.000000000000000000 ) ) ;
#347 = CIRCLE ( 'NONE', #4181, 1.700000000000000178 ) ;
#348 = CARTESIAN_POINT ( 'NONE',  ( -36.77968616219020248, 425.3315095890772000, -56.17193434298249599 ) ) ;
#349 = DIRECTION ( 'NONE',  ( -6.507088095983960298E-09, -1.000000000000000000, -2.277555755283950335E-15 ) ) ;
#350 = ORIENTED_EDGE ( 'NONE', *, *, #2025, .T. ) ;
#351 = DIRECTION ( 'NONE',  ( -1.000000000000000000, 6.506366556635609660E-09, 0.000000000000000000 ) ) ;
#352 = ORIENTED_EDGE ( 'NONE', *, *, #1120, .T. ) ;
#353 = EDGE_CURVE ( 'NONE', #4662, #5439, #4564, .T. ) ;
#354 = CARTESIAN_POINT ( 'NONE',  ( -20.77158741141699849, 419.6497535121835085, -53.53501369729850268 ) ) ;
#355 = PLANE ( 'NONE',  #4852 ) ;
#356 = CARTESIAN_POINT ( 'NONE',  ( -47.57411574145952216, 426.2037663557808855, -60.83499734764340161 ) ) ;
#357 = ORIENTED_EDGE ( 'NONE', *, *, #5312, .F. ) ;
#358 = CARTESIAN_POINT ( 'NONE',  ( -45.19680613502329436, 415.7749752926744691, -48.90524068635239274 ) ) ;
#359 = CLOSED_SHELL ( 'NONE', ( #5154, #4258, #1769, #1187, #4065, #3226, #4752, #450, #234, #971, #3884, #4433, #4803, #4138, #4492, #4129, #92, #340, #1451, #4383, #2980, #4901, #2367, #219, #1318, #1434, #1664, #2112, #4603, #4479, #3297, #4507, #2981, #1538, #1500, #3583, #4412, #1994, #4004, #4865, #3071, #333, #5517, #1726, #363, #192, #1595, #1809, #4625, #1833, #1627, #423, #5417, #4176, #1976, #4286, #666, #1002, #5826, #686, #3416, #1671, #3952, #3732, #1075, #1690, #2839, #3630, #2473, #3253, #2734, #578, #5715, #5259, #4774, #3607, #1040, #3173, #2095, #857, #2946, #1560, #5311, #518, #3221, #3818, #2912, #545, #4843, #3574, #3245, #415, #920, #6099, #109, #2223, #3148, #5698, #4297, #932, #3207, #3322, #2295, #582, #4053, #4234, #3695, #3187, #2976, #3010, #1409, #1356, #2060, #2792, #5637, #1375, #1954, #2692, #919, #1316, #5647, #5487, #2319, #559, #5772, #1901, #2451, #702, #4799, #457, #2763, #964, #4187, #5798, #1276, #1626, #1571, #2214, #5181, #5646, #2439, #2079, #5356, #4374, #4239, #5390, #4705, #3073, #1516, #4611, #1293, #3064, #5025, #1850, #1275, #5872, #5283, #2026, #3136, #4076, #4876, #2913, #4205, #5389, #843, #608, #5171, #157, #2997, #2823, #4882, #4401, #765, #4303, #6081, #4289, #5656, #5466, #1020, #1754, #5620, #1873, #2311 ) ) ;
#360 = CARTESIAN_POINT ( 'NONE',  ( -1.202872000005401842, 402.9067092022805241, -54.90524068635230037 ) ) ;
#361 = ORIENTED_EDGE ( 'NONE', *, *, #4517, .F. ) ;
#362 = CARTESIAN_POINT ( 'NONE',  ( -41.27610306154060282, 405.9599949889314985, -49.23860690510529992 ) ) ;
#363 = ADVANCED_FACE ( 'NONE', ( #1306 ), #355, .F. ) ;
#364 = EDGE_CURVE ( 'NONE', #3774, #2411, #418, .T. ) ;
#365 = EDGE_LOOP ( 'NONE', ( #4664, #1939, #5254, #5341 ) ) ;
#366 = CARTESIAN_POINT ( 'NONE',  ( -26.07969280593729877, 419.7407303368115095, -48.90524068635230037 ) ) ;
#367 = ORIENTED_EDGE ( 'NONE', *, *, #1926, .F. ) ;
#368 = DIRECTION ( 'NONE',  ( 6.506367017601908798E-09, 1.000000000000000000, 5.687521804808149266E-15 ) ) ;
#369 = CARTESIAN_POINT ( 'NONE',  ( -46.67968854929569744, 426.6509799489530224, -60.83499734764340161 ) ) ;
#370 = DIRECTION ( 'NONE',  ( -0.7071067765855925114, 0.7071067857875026341, 6.938893903907218911E-15 ) ) ;
#371 = CARTESIAN_POINT ( 'NONE',  ( -38.19680607267849837, 425.3580866726420027, -56.19813390286069676 ) ) ;
#372 = CARTESIAN_POINT ( 'NONE',  ( -12.22435087562599065, 425.6509797116526670, -52.31945410294186161 ) ) ;
#373 = CIRCLE ( 'NONE', #3981, 12.00000000000002309 ) ;
#374 = ORIENTED_EDGE ( 'NONE', *, *, #2139, .F. ) ;
#375 = ORIENTED_EDGE ( 'NONE', *, *, #3451, .T. ) ;
#376 = FACE_OUTER_BOUND ( 'NONE', #3998, .T. ) ;
#377 = LINE ( 'NONE', #5465, #604 ) ;
#378 = EDGE_CURVE ( 'NONE', #2507, #4420, #6034, .T. ) ;
#379 = DIRECTION ( 'NONE',  ( -0.7071067811865480168, 0.000000000000000000, 0.7071067811865470176 ) ) ;
#380 = EDGE_CURVE ( 'NONE', #3767, #4788, #5051, .T. ) ;
#381 = FACE_OUTER_BOUND ( 'NONE', #5320, .T. ) ;
#382 = CARTESIAN_POINT ( 'NONE',  ( -12.85939798247789234, 426.2742131781294574, -50.00840266940224410 ) ) ;
#383 = DIRECTION ( 'NONE',  ( 1.000000000000000000, -6.516176487281200025E-09, 0.000000000000000000 ) ) ;
#384 = EDGE_LOOP ( 'NONE', ( #1163, #2672, #3268 ) ) ;
#385 = LINE ( 'NONE', #68, #1312 ) ;
#386 = VERTEX_POINT ( 'NONE', #5970 ) ;
#387 = CARTESIAN_POINT ( 'NONE',  ( -15.37969925465694310, 424.9127780667741945, -55.90524068635230037 ) ) ;
#388 = CARTESIAN_POINT ( 'NONE',  ( -12.32521288009839999, 407.1350890561429878, -55.90524068635239985 ) ) ;
#389 = DIRECTION ( 'NONE',  ( -0.7745966692415127142, 9.403274651040224877E-10, 0.6324555320336398001 ) ) ;
#390 = ORIENTED_EDGE ( 'NONE', *, *, #1145, .T. ) ;
#391 = DIRECTION ( 'NONE',  ( 0.9999999999999998890, -1.301271955686377058E-08, 0.000000000000000000 ) ) ;
#392 = LINE ( 'NONE', #6042, #5801 ) ;
#393 = VERTEX_POINT ( 'NONE', #5109 ) ;
#394 = CARTESIAN_POINT ( 'NONE',  ( -41.11524544505390111, 405.6680053529574934, -49.57197312385810051 ) ) ;
#395 = B_SPLINE_CURVE_WITH_KNOTS ( 'NONE', 3,
 ( #2721, #4185, #949, #3227 ),
 .UNSPECIFIED., .F., .F.,
 ( 4, 4 ),
 ( 0.000000000000000000, 1.000000000000000000 ),
 .UNSPECIFIED. ) ;
#396 = VERTEX_POINT ( 'NONE', #5512 ) ;
#397 = EDGE_CURVE ( 'NONE', #4662, #2487, #873, .T. ) ;
#398 = CARTESIAN_POINT ( 'NONE',  ( -15.37969924334749905, 426.6509797453039710, -52.89500239496949519 ) ) ;
#399 = ORIENTED_EDGE ( 'NONE', *, *, #3261, .F. ) ;
#400 = DIRECTION ( 'NONE',  ( -1.000000000000000000, 6.506367291581810316E-09, 1.730654343098934987E-15 ) ) ;
#401 = CARTESIAN_POINT ( 'NONE',  ( -4.772590071071539874, 425.9438728951034818, -58.50944351493989615 ) ) ;
#402 = CARTESIAN_POINT ( 'NONE',  ( -36.07257935409585059, 430.6509798799394844, -61.54210413653250100 ) ) ;
#403 = AXIS2_PLACEMENT_3D ( 'NONE', #5945, #2631, #4943 ) ;
#404 = ORIENTED_EDGE ( 'NONE', *, *, #5427, .T. ) ;
#405 = CARTESIAN_POINT ( 'NONE',  ( -41.93048413466009805, 425.8509799179710171, -58.09332458483159911 ) ) ;
#406 = CARTESIAN_POINT ( 'NONE',  ( -12.96257934569920067, 424.6509797295780118, -54.90524068635230037 ) ) ;
#407 = CARTESIAN_POINT ( 'NONE',  ( -41.04214835112779980, 405.5365677056070126, -55.65404918454909478 ) ) ;
#408 = VECTOR ( 'NONE', #2799, 1000.000000000000000 ) ;
#409 = B_SPLINE_CURVE_WITH_KNOTS ( 'NONE', 3,
 ( #5691, #13, #3831, #3751, #584 ),
 .UNSPECIFIED., .F., .F.,
 ( 4, 1, 4 ),
 ( 0.000000000000000000, 0.4285714285714287142, 1.000000000000000000 ),
 .UNSPECIFIED. ) ;
#410 = CARTESIAN_POINT ( 'NONE',  ( -39.23076336783709905, 426.0016073723962791, -49.93900223661740512 ) ) ;
#411 = CARTESIAN_POINT ( 'NONE',  ( -2.202872000005404729, 402.9067092087969399, -54.90524068635230037 ) ) ;
#412 = CIRCLE ( 'NONE', #600, 2.000000000000001776 ) ;
#413 = EDGE_CURVE ( 'NONE', #2693, #2498, #3893, .T. ) ;
#414 = EDGE_LOOP ( 'NONE', ( #5541, #5210, #2818, #1915 ) ) ;
#415 = ADVANCED_FACE ( 'NONE', ( #3558 ), #3862, .T. ) ;
#416 = ORIENTED_EDGE ( 'NONE', *, *, #4541, .F. ) ;
#417 = LINE ( 'NONE', #4597, #5339 ) ;
#418 = LINE ( 'NONE', #3178, #2788 ) ;
#419 = DIRECTION ( 'NONE',  ( -6.505661050245420325E-09, -1.000000000000000000, -1.705231082091655012E-14 ) ) ;
#420 = AXIS2_PLACEMENT_3D ( 'NONE', #5890, #1228, #2220 ) ;
#421 = VERTEX_POINT ( 'NONE', #2901 ) ;
#422 = CARTESIAN_POINT ( 'NONE',  ( -50.26158139823337478, 403.6895911688429806, -55.85761536950184336 ) ) ;
#423 = ADVANCED_FACE ( 'NONE', ( #3366 ), #1459, .T. ) ;
#424 = AXIS2_PLACEMENT_3D ( 'NONE', #3816, #1933, #5703 ) ;
#425 = ORIENTED_EDGE ( 'NONE', *, *, #2175, .T. ) ;
#426 = CARTESIAN_POINT ( 'NONE',  ( -1.202872000005401842, 402.9067092022805241, -49.90524068635249932 ) ) ;
#427 = EDGE_LOOP ( 'NONE', ( #2936, #207, #2011, #2383 ) ) ;
#428 = AXIS2_PLACEMENT_3D ( 'NONE', #1866, #928, #4712 ) ;
#429 = B_SPLINE_CURVE_WITH_KNOTS ( 'NONE', 3,
 ( #3192, #5528, #5094, #856 ),
 .UNSPECIFIED., .F., .F.,
 ( 4, 4 ),
 ( 0.000000000000000000, 1.000000000000000000 ),
 .UNSPECIFIED. ) ;
#430 = ORIENTED_EDGE ( 'NONE', *, *, #3501, .T. ) ;
#431 = CARTESIAN_POINT ( 'NONE',  ( -4.479696821631799608, 430.6509796742209915, -60.83499734764340161 ) ) ;
#432 = CARTESIAN_POINT ( 'NONE',  ( -1.202871992957800007, 403.9897858746114707, -49.90524068635239274 ) ) ;
#433 = LINE ( 'NONE', #5986, #2170 ) ;
#434 = AXIS2_PLACEMENT_3D ( 'NONE', #4309, #4728, #4791 ) ;
#435 = EDGE_CURVE ( 'NONE', #2705, #4013, #5695, .T. ) ;
#436 = CARTESIAN_POINT ( 'NONE',  ( -35.91042580064108591, 412.2701273746287711, -53.53501369718276237 ) ) ;
#437 = DIRECTION ( 'NONE',  ( -1.701126505138474851E-16, 2.148659435871310078E-15, -1.000000000000000000 ) ) ;
#438 = CARTESIAN_POINT ( 'NONE',  ( -39.57653060925919419, 425.6852155586470303, -51.01631813964709750 ) ) ;
#439 = CARTESIAN_POINT ( 'NONE',  ( -2.247927979840899759, 404.5884659996100368, -55.90524068635239985 ) ) ;
#440 = EDGE_CURVE ( 'NONE', #3300, #3149, #3705, .T. ) ;
#441 = DIRECTION ( 'NONE',  ( -0.9999999999999998890, 1.301273437667849975E-08, 4.611685379392009956E-16 ) ) ;
#442 = EDGE_LOOP ( 'NONE', ( #83, #4567, #454, #5752, #2796 ) ) ;
#443 = B_SPLINE_SURFACE_WITH_KNOTS ( 'NONE', 3, 3, ( 
 ( #2120, #1575, #4447, #1070, #3990 ),
 ( #734, #4960, #3427, #5347, #4020 ),
 ( #1104, #5893, #4357, #2034, #4893 ),
 ( #158, #182, #244, #2610, #644 ) ),
 .UNSPECIFIED., .F., .F., .F.,
 ( 4, 4 ),
 ( 4, 1, 4 ),
 ( -0.0003602091084960270021, 1.000000000000000000 ),
 ( -0.0002470550254645369854, 0.2223385017624879834, 0.5190368924712690513 ),
 .UNSPECIFIED. ) ;
#444 = ORIENTED_EDGE ( 'NONE', *, *, #4033, .T. ) ;
#445 = DIRECTION ( 'NONE',  ( -0.1339922043753243308, 0.9909823859013041636, 0.000000000000000000 ) ) ;
#446 = DIRECTION ( 'NONE',  ( -4.190670483300905355E-23, -6.440892098500620795E-15, 1.000000000000000000 ) ) ;
#447 = CARTESIAN_POINT ( 'NONE',  ( -5.666903123874901027, 407.9537154437775257, -48.90524068635239274 ) ) ;
#448 = LINE ( 'NONE', #3266, #3861 ) ;
#449 = DIRECTION ( 'NONE',  ( -6.506374386629569933E-09, -1.000000000000000000, -2.000000000000000155E-15 ) ) ;
#450 = ADVANCED_FACE ( 'NONE', ( #1041, #3317, #2843 ), #6096, .F. ) ;
#451 = VECTOR ( 'NONE', #5713, 1000.000000000000000 ) ;
#452 = ORIENTED_EDGE ( 'NONE', *, *, #3469, .F. ) ;
#453 = CARTESIAN_POINT ( 'NONE',  ( -50.30585956768989320, 403.4557203197775834, -55.84223775695691927 ) ) ;
#454 = ORIENTED_EDGE ( 'NONE', *, *, #5914, .F. ) ;
#455 = VECTOR ( 'NONE', #757, 1000.000000000000000 ) ;
#456 = ORIENTED_EDGE ( 'NONE', *, *, #1501, .F. ) ;
#457 = ADVANCED_FACE ( 'NONE', ( #5666 ), #5373, .T. ) ;
#458 = EDGE_CURVE ( 'NONE', #5326, #3243, #4201, .T. ) ;
#459 = ORIENTED_EDGE ( 'NONE', *, *, #5915, .F. ) ;
#460 = CYLINDRICAL_SURFACE ( 'NONE', #3941, 1.700000000000000178 ) ;
#461 = ORIENTED_EDGE ( 'NONE', *, *, #4204, .T. ) ;
#462 = CARTESIAN_POINT ( 'NONE',  ( -12.96257940345620163, 415.7749750829509594, -49.90524068635239274 ) ) ;
#463 = CARTESIAN_POINT ( 'NONE',  ( -8.181899586775800870, 403.2732160984544976, -55.50525507900000122 ) ) ;
#464 = CARTESIAN_POINT ( 'NONE',  ( -46.95651370592540275, 402.9067095000099243, -55.90524068635230037 ) ) ;
#465 = CARTESIAN_POINT ( 'NONE',  ( -19.77969492963694975, 430.6509797737679719, -53.53501369717750435 ) ) ;
#466 = DIRECTION ( 'NONE',  ( 1.000000000000000000, -6.506364074960614948E-09, 0.000000000000000000 ) ) ;
#467 = CIRCLE ( 'NONE', #2239, 4.000000000000000000 ) ;
#468 = CARTESIAN_POINT ( 'NONE',  ( -38.19680609606169952, 421.7638724014830132, -55.90524068635230037 ) ) ;
#469 = CARTESIAN_POINT ( 'NONE',  ( -33.27158739843875424, 419.6497287028755068, -53.53501369729850268 ) ) ;
#470 = EDGE_CURVE ( 'NONE', #2104, #2705, #4816, .T. ) ;
#471 = AXIS2_PLACEMENT_3D ( 'NONE', #3958, #5863, #156 ) ;
#472 = VERTEX_POINT ( 'NONE', #2433 ) ;
#473 = CARTESIAN_POINT ( 'NONE',  ( -42.82850746219420301, 403.6295314905079863, -49.90523975529929857 ) ) ;
#474 = VECTOR ( 'NONE', #3994, 1000.000000000000114 ) ;
#475 = CARTESIAN_POINT ( 'NONE',  ( -5.479696847657200109, 426.6509796808909982, -61.83499734764340161 ) ) ;
#476 = DIRECTION ( 'NONE',  ( 6.665464104022150399E-16, -2.273285676273630424E-15, 1.000000000000000000 ) ) ;
#477 = CARTESIAN_POINT ( 'NONE',  ( -31.37969041789329694, 430.2468407672619719, -52.50110160422489969 ) ) ;
#478 = ORIENTED_EDGE ( 'NONE', *, *, #5206, .F. ) ;
#479 = CARTESIAN_POINT ( 'NONE',  ( -45.95651369887919913, 403.9897861657984777, -49.90524068635239274 ) ) ;
#480 = VERTEX_POINT ( 'NONE', #475 ) ;
#481 = DIRECTION ( 'NONE',  ( 1.000000000000000000, 0.000000000000000000, 0.000000000000000000 ) ) ;
#482 = ORIENTED_EDGE ( 'NONE', *, *, #5331, .T. ) ;
#483 = DIRECTION ( 'NONE',  ( 1.000000000000000000, -6.506366203760209798E-09, 1.185753038558649989E-15 ) ) ;
#484 = PLANE ( 'NONE',  #1225 ) ;
#485 = CARTESIAN_POINT ( 'NONE',  ( -16.37969924724199799, 426.0524163494199570, -55.20427518498780017 ) ) ;
#486 = ORIENTED_EDGE ( 'NONE', *, *, #2438, .T. ) ;
#487 = VERTEX_POINT ( 'NONE', #2350 ) ;
#488 = EDGE_CURVE ( 'NONE', #1713, #4905, #4295, .T. ) ;
#489 = CARTESIAN_POINT ( 'NONE',  ( -43.98166533281640511, 402.5190535223565007, -55.50524068635250075 ) ) ;
#490 = CARTESIAN_POINT ( 'NONE',  ( -34.07519698288770371, 413.9111593890872882, -53.53501369718193814 ) ) ;
#491 = CARTESIAN_POINT ( 'NONE',  ( -48.85651370592540133, 402.9067095247339694, -52.70524068635239701 ) ) ;
#492 = DIRECTION ( 'NONE',  ( 1.000000000000000000, 0.000000000000000000, 0.000000000000000000 ) ) ;
#493 = LINE ( 'NONE', #5626, #3772 ) ;
#494 = LINE ( 'NONE', #2374, #1142 ) ;
#495 = ORIENTED_EDGE ( 'NONE', *, *, #5936, .T. ) ;
#496 = ORIENTED_EDGE ( 'NONE', *, *, #660, .T. ) ;
#497 = CARTESIAN_POINT ( 'NONE',  ( -45.95651369887919913, 403.9897861657984777, -54.90524068635239985 ) ) ;
#498 = TOROIDAL_SURFACE ( 'NONE', #2762, 3.000000000000000000, 1.000000000000000000 ) ;
#499 = CARTESIAN_POINT ( 'NONE',  ( -50.08715315493279974, 403.2451093029664548, -55.61190735327259915 ) ) ;
#500 = DIRECTION ( 'NONE',  ( -1.000000000000000000, 6.506368777081660565E-09, 0.000000000000000000 ) ) ;
#501 = CARTESIAN_POINT ( 'NONE',  ( -20.77969494636069925, 428.0809797802739922, -45.33512306511639878 ) ) ;
#502 = ORIENTED_EDGE ( 'NONE', *, *, #2534, .F. ) ;
#503 = LINE ( 'NONE', #960, #2489 ) ;
#504 = DIRECTION ( 'NONE',  ( -6.506364891301069414E-09, -1.000000000000000000, -6.938893903907222067E-15 ) ) ;
#505 = EDGE_LOOP ( 'NONE', ( #847, #5682, #5310, #461 ) ) ;
#506 = FACE_OUTER_BOUND ( 'NONE', #5749, .T. ) ;
#507 = CIRCLE ( 'NONE', #3526, 1.000000000000000888 ) ;
#508 = CARTESIAN_POINT ( 'NONE',  ( -36.07274879740254647, 414.1349214305479904, -55.61217376156970715 ) ) ;
#509 = EDGE_CURVE ( 'NONE', #1113, #4390, #4793, .T. ) ;
#510 = CARTESIAN_POINT ( 'NONE',  ( -38.19680607727919863, 424.6509798937605069, -55.90524068635230037 ) ) ;
#511 = CIRCLE ( 'NONE', #2670, 3.391918358845309900 ) ;
#512 = CARTESIAN_POINT ( 'NONE',  ( -16.37969924334749905, 426.6509797518104961, -54.90524068635230037 ) ) ;
#513 = ORIENTED_EDGE ( 'NONE', *, *, #1612, .F. ) ;
#514 = DIRECTION ( 'NONE',  ( -0.7071067811865370256, -1.123142910926382053E-15, 0.7071067811865580088 ) ) ;
#515 = CARTESIAN_POINT ( 'NONE',  ( -9.962579306656699885, 430.6509797098979675, -52.90524068635230037 ) ) ;
#516 = AXIS2_PLACEMENT_3D ( 'NONE', #5457, #4146, #4983 ) ;
#517 = CARTESIAN_POINT ( 'NONE',  ( -34.54172091044915049, 413.6292250785135707, -53.53501369718212288 ) ) ;
#518 = ADVANCED_FACE ( 'NONE', ( #2408 ), #4272, .F. ) ;
#519 = VECTOR ( 'NONE', #5078, 1000.000000000000000 ) ;
#520 = ORIENTED_EDGE ( 'NONE', *, *, #3748, .F. ) ;
#521 = VECTOR ( 'NONE', #998, 1000.000000000000000 ) ;
#522 = CARTESIAN_POINT ( 'NONE',  ( -25.41325098948859917, 425.6509798105859659, -56.90524068635230037 ) ) ;
#523 = CARTESIAN_POINT ( 'NONE',  ( -5.479696854163599973, 425.6509796808909982, -60.83499734764340161 ) ) ;
#524 = CARTESIAN_POINT ( 'NONE',  ( -41.93048412294869820, 427.6509799178894582, -58.09332458483159911 ) ) ;
#525 = EDGE_CURVE ( 'NONE', #3300, #1303, #5376, .T. ) ;
#526 = FACE_OUTER_BOUND ( 'NONE', #2598, .T. ) ;
#527 = DIRECTION ( 'NONE',  ( 0.000000000000000000, 2.000000001555829892E-15, -1.000000000000000000 ) ) ;
#528 = VERTEX_POINT ( 'NONE', #4445 ) ;
#529 = ORIENTED_EDGE ( 'NONE', *, *, #1003, .F. ) ;
#530 = CARTESIAN_POINT ( 'NONE',  ( -43.12491730743583673, 402.4074226720749721, -55.51966087044296927 ) ) ;
#531 = CARTESIAN_POINT ( 'NONE',  ( -15.51056692902977652, 425.6509797461555991, -56.90529491402843121 ) ) ;
#532 = DIRECTION ( 'NONE',  ( 4.600696559831146819E-09, 0.7071067811865267005, 0.7071067811865683339 ) ) ;
#533 =( BOUNDED_CURVE ( )  B_SPLINE_CURVE ( 3, ( #3817, #571, #965, #4722 ),
 .UNSPECIFIED., .F., .T. ) 
 B_SPLINE_CURVE_WITH_KNOTS ( ( 4, 4 ),
 ( 4.712388980384689674, 5.497787143780649366 ),
 .UNSPECIFIED. ) 
 CURVE ( )  GEOMETRIC_REPRESENTATION_ITEM ( )  RATIONAL_B_SPLINE_CURVE ( ( 1.000000000000000000, 0.9492530216743809701, 0.9492530216743809701, 1.000000000000000000 ) ) 
 REPRESENTATION_ITEM ( '' )  );
#534 = AXIS2_PLACEMENT_3D ( 'NONE', #2437, #1016, #4252 ) ;
#535 = CARTESIAN_POINT ( 'NONE',  ( -8.307113430625200579, 402.5004568936980149, -55.61196646541429800 ) ) ;
#536 = EDGE_LOOP ( 'NONE', ( #4532, #2581, #5686, #2456 ) ) ;
#537 = CARTESIAN_POINT ( 'NONE',  ( -13.96257940345619986, 415.7749750894579961, -54.90524068635239985 ) ) ;
#538 = CARTESIAN_POINT ( 'NONE',  ( -8.566150127368199918, 402.4684479600269924, -55.82517145903109679 ) ) ;
#539 = CIRCLE ( 'NONE', #1617, 1.000000000000000000 ) ;
#540 = ORIENTED_EDGE ( 'NONE', *, *, #632, .F. ) ;
#541 = DIRECTION ( 'NONE',  ( -0.7529914335264199510, 0.6580303192375158705, 1.734723475976808475E-15 ) ) ;
#542 = DIRECTION ( 'NONE',  ( -1.000000000000000000, 0.000000000000000000, 0.000000000000000000 ) ) ;
#543 = VECTOR ( 'NONE', #1353, 1000.000000000000000 ) ;
#544 = EDGE_CURVE ( 'NONE', #2202, #969, #1354, .T. ) ;
#545 = ADVANCED_FACE ( 'NONE', ( #4921 ), #1857, .T. ) ;
#546 = ORIENTED_EDGE ( 'NONE', *, *, #5267, .F. ) ;
#547 = CARTESIAN_POINT ( 'NONE',  ( -6.962579403456199856, 415.7749750439084551, -48.90524068635239274 ) ) ;
#548 = FACE_OUTER_BOUND ( 'NONE', #5593, .T. ) ;
#549 = CARTESIAN_POINT ( 'NONE',  ( -43.66065794293379554, 403.7426752238810082, -55.90546184120870521 ) ) ;
#550 = ORIENTED_EDGE ( 'NONE', *, *, #440, .T. ) ;
#551 = CARTESIAN_POINT ( 'NONE',  ( -26.07969276968695027, 430.6509798147585002, -53.53501369717569958 ) ) ;
#552 = PRODUCT_RELATED_PRODUCT_CATEGORY ( 'part', '', ( #2502 ) ) ;
#553 = CYLINDRICAL_SURFACE ( 'NONE', #6086, 0.9999999999999866773 ) ;
#554 = CARTESIAN_POINT ( 'NONE',  ( -38.19680609606169952, 421.7638724014830132, -54.90524068635230037 ) ) ;
#555 = DIRECTION ( 'NONE',  ( 3.560536100461510038E-16, 2.049490709426070135E-15, -1.000000000000000000 ) ) ;
#556 = VERTEX_POINT ( 'NONE', #1131 ) ;
#557 = ORIENTED_EDGE ( 'NONE', *, *, #1050, .T. ) ;
#558 = EDGE_CURVE ( 'NONE', #3149, #2507, #3426, .T. ) ;
#559 = ADVANCED_FACE ( 'NONE', ( #4413 ), #3117, .T. ) ;
#560 = CARTESIAN_POINT ( 'NONE',  ( -36.52153853736129463, 410.1360778300779657, -49.90400112724159243 ) ) ;
#561 = CARTESIAN_POINT ( 'NONE',  ( -15.37969924985389980, 425.6509797453039710, -56.90524068635230037 ) ) ;
#562 = CARTESIAN_POINT ( 'NONE',  ( -46.95651370592540275, 402.9067095000099243, -48.90524068635239274 ) ) ;
#563 = B_SPLINE_CURVE_WITH_KNOTS ( 'NONE', 3,
 ( #4006, #1248, #4465, #4043, #4981, #2206 ),
 .UNSPECIFIED., .F., .F.,
 ( 4, 2, 4 ),
 ( 0.000000000000000000, 0.5000000000000000000, 1.000000000000000000 ),
 .UNSPECIFIED. ) ;
#564 = DIRECTION ( 'NONE',  ( -2.657183167233824763E-16, 2.413053588115305372E-15, -1.000000000000000000 ) ) ;
#565 = EDGE_LOOP ( 'NONE', ( #944, #1666, #3272, #3632 ) ) ;
#566 = CARTESIAN_POINT ( 'NONE',  ( -8.498727752118799827, 403.7426749951044940, -55.90546184120870521 ) ) ;
#567 = VECTOR ( 'NONE', #1193, 1000.000000000000000 ) ;
#568 = CARTESIAN_POINT ( 'NONE',  ( -41.43647566225300238, 406.2522518402740275, -48.90524068635239274 ) ) ;
#569 = AXIS2_PLACEMENT_3D ( 'NONE', #4329, #675, #1552 ) ;
#570 = ORIENTED_EDGE ( 'NONE', *, *, #1926, .T. ) ;
#571 = CARTESIAN_POINT ( 'NONE',  ( -15.64846034716031298, 426.3822186449885976, -61.83499734764347977 ) ) ;
#572 = DIRECTION ( 'NONE',  ( -6.816846692119189948E-16, 2.044227465016635254E-15, -1.000000000000000000 ) ) ;
#573 = ORIENTED_EDGE ( 'NONE', *, *, #5809, .T. ) ;
#574 = FACE_OUTER_BOUND ( 'NONE', #3202, .T. ) ;
#575 = ORIENTED_EDGE ( 'NONE', *, *, #2595, .F. ) ;
#576 = CARTESIAN_POINT ( 'NONE',  ( -8.110790869405599679, 403.6442781057979801, -55.50524068635239416 ) ) ;
#577 = EDGE_CURVE ( 'NONE', #4221, #4972, #618, .T. ) ;
#578 = ADVANCED_FACE ( 'NONE', ( #211 ), #3927, .F. ) ;
#579 = EDGE_LOOP ( 'NONE', ( #3593, #2793, #5888, #3795 ) ) ;
#580 = PLANE ( 'NONE',  #3754 ) ;
#581 = DIRECTION ( 'NONE',  ( 0.7071067811865510144, -4.600708702895411655E-09, -0.7071067811865441310 ) ) ;
#582 = ADVANCED_FACE ( 'NONE', ( #128 ), #1661, .T. ) ;
#583 =( NAMED_UNIT ( * ) PLANE_ANGLE_UNIT ( ) SI_UNIT ( $, .RADIAN. ) );
#584 = CARTESIAN_POINT ( 'NONE',  ( -40.95389697085609981, 405.3763966191780241, -54.90524030621049434 ) ) ;
#585 = EDGE_LOOP ( 'NONE', ( #3471, #1922, #5353, #3815, #52, #1826, #3234 ) ) ;
#586 = B_SPLINE_SURFACE_WITH_KNOTS ( 'NONE', 3, 3, ( 
 ( #4949, #5494, #3917, #637 ),
 ( #1688, #5829, #1591, #2569 ),
 ( #4883, #3951, #4011, #300 ),
 ( #3510, #664, #4437, #5394 ) ),
 .UNSPECIFIED., .F., .F., .F.,
 ( 4, 4 ),
 ( 4, 4 ),
 ( 0.000000000000000000, 0.6505757734727409813 ),
 ( -0.2500000241682289737, 0.2500001278886010425 ),
 .UNSPECIFIED. ) ;
#587 = CARTESIAN_POINT ( 'NONE',  ( -48.10038896888439552, 419.8455043402195201, -48.90524068635230037 ) ) ;
#588 = CARTESIAN_POINT ( 'NONE',  ( -39.61859784669740492, 406.1121230950914764, -53.23857321404599929 ) ) ;
#589 = DIRECTION ( 'NONE',  ( 6.506364074960620738E-09, 1.000000000000000000, 5.687521804808150055E-15 ) ) ;
#590 = DIRECTION ( 'NONE',  ( 0.000000000000000000, -2.277555759621225133E-15, 1.000000000000000000 ) ) ;
#591 = EDGE_CURVE ( 'NONE', #3397, #3841, #1550, .T. ) ;
#592 = DIRECTION ( 'NONE',  ( 6.506372931609959581E-09, 1.000000000000000000, 1.171255215106060079E-14 ) ) ;
#593 = EDGE_LOOP ( 'NONE', ( #3933, #3532, #6046, #5768, #2431, #5982, #1983 ) ) ;
#594 = EDGE_LOOP ( 'NONE', ( #4751, #5319, #2318, #5261 ) ) ;
#595 = DIRECTION ( 'NONE',  ( -1.000000000000000000, 6.506364074960614948E-09, 0.000000000000000000 ) ) ;
#596 = CIRCLE ( 'NONE', #892, 0.9999999999999796829 ) ;
#597 = ORIENTED_EDGE ( 'NONE', *, *, #6087, .T. ) ;
#598 = FACE_OUTER_BOUND ( 'NONE', #5084, .T. ) ;
#599 = ORIENTED_EDGE ( 'NONE', *, *, #5282, .T. ) ;
#600 = AXIS2_PLACEMENT_3D ( 'NONE', #5454, #2049, #2169 ) ;
#601 = ORIENTED_EDGE ( 'NONE', *, *, #760, .F. ) ;
#602 = CARTESIAN_POINT ( 'NONE',  ( -36.77968620482440087, 418.7788446590899980, -60.83499734764340161 ) ) ;
#603 = CARTESIAN_POINT ( 'NONE',  ( -15.99833625256089853, 411.3996286415494978, -54.53501417193730560 ) ) ;
#604 = VECTOR ( 'NONE', #5534, 1000.000000000000114 ) ;
#605 = CIRCLE ( 'NONE', #912, 4.999999999999997335 ) ;
#606 = VERTEX_POINT ( 'NONE', #242 ) ;
#607 = DIRECTION ( 'NONE',  ( 3.721404592326200084E-16, -2.534833635947090181E-15, 1.000000000000000000 ) ) ;
#608 = ADVANCED_FACE ( 'NONE', ( #2952 ), #2088, .T. ) ;
#609 = AXIS2_PLACEMENT_3D ( 'NONE', #253, #2756, #2653 ) ;
#610 = CIRCLE ( 'NONE', #127, 3.000000000000000000 ) ;
#611 = FILL_AREA_STYLE ('',( #5307 ) ) ;
#612 = CARTESIAN_POINT ( 'NONE',  ( -20.77969494636069925, 428.0809797802739922, -52.53501369717759673 ) ) ;
#613 = EDGE_LOOP ( 'NONE', ( #2828, #140, #3624, #5778, #4454, #3430, #1695, #3098, #5635, #399, #3739, #1366, #2987, #137, #2086, #5230, #2296, #275, #1776, #4559, #5989, #5930, #4593, #3949, #4709 ) ) ;
#614 = EDGE_CURVE ( 'NONE', #5730, #1262, #2621, .T. ) ;
#615 = EDGE_CURVE ( 'NONE', #4963, #4410, #6092, .T. ) ;
#616 = CARTESIAN_POINT ( 'NONE',  ( -35.77968624880815440, 412.1021644937055157, -45.79323703856940142 ) ) ;
#617 = AXIS2_PLACEMENT_3D ( 'NONE', #5852, #3881, #3975 ) ;
#618 = LINE ( 'NONE', #4958, #567 ) ;
#619 = FACE_OUTER_BOUND ( 'NONE', #5203, .T. ) ;
#620 = CARTESIAN_POINT ( 'NONE',  ( -36.51847729304338230, 425.6774486430957722, -56.85241499184563452 ) ) ;
#621 = ORIENTED_EDGE ( 'NONE', *, *, #5720, .T. ) ;
#622 = CARTESIAN_POINT ( 'NONE',  ( -10.72291000014319984, 406.2522516404399653, -48.90524068635239274 ) ) ;
#623 = VERTEX_POINT ( 'NONE', #2577 ) ;
#624 = CARTESIAN_POINT ( 'NONE',  ( -5.666903123874901027, 407.9537154437775257, -55.90524068635239985 ) ) ;
#625 = CARTESIAN_POINT ( 'NONE',  ( -39.48969572183059995, 426.5200929385675295, -50.19813034306354638 ) ) ;
#626 = AXIS2_PLACEMENT_3D ( 'NONE', #3991, #1605, #5841 ) ;
#627 = ORIENTED_EDGE ( 'NONE', *, *, #3925, .F. ) ;
#628 = CARTESIAN_POINT ( 'NONE',  ( -9.045147359535256726, 404.7361802859909403, -55.90524068635238564 ) ) ;
#629 = FACE_OUTER_BOUND ( 'NONE', #2040, .T. ) ;
#630 = DIRECTION ( 'NONE',  ( 0.7071067811865510144, -4.600708702895411655E-09, -0.7071067811865441310 ) ) ;
#631 = B_SPLINE_CURVE_WITH_KNOTS ( 'NONE', 3,
 ( #1927, #1485, #3782, #5630, #560, #4682 ),
 .UNSPECIFIED., .F., .F.,
 ( 4, 2, 4 ),
 ( 0.000000000000000000, 0.5000000000000000000, 1.000000000000000000 ),
 .UNSPECIFIED. ) ;
#632 = EDGE_CURVE ( 'NONE', #6022, #680, #3006, .T. ) ;
#633 = CARTESIAN_POINT ( 'NONE',  ( -2.202871999611800025, 403.2309877988780045, -55.50524068635239416 ) ) ;
#634 = EDGE_CURVE ( 'NONE', #5458, #3704, #3392, .T. ) ;
#635 = VECTOR ( 'NONE', #5746, 1000.000000000000000 ) ;
#636 = ORIENTED_EDGE ( 'NONE', *, *, #3029, .F. ) ;
#637 = CARTESIAN_POINT ( 'NONE',  ( -9.169338379432099728, 402.3898490336334817, -49.90523916578439412 ) ) ;
#638 = APPLICATION_PROTOCOL_DEFINITION ( 'draft international standard', 'automotive_design', 1998, #2916 ) ;
#639 = CARTESIAN_POINT ( 'NONE',  ( -15.37969939783650020, 402.9067092945669515, -54.90524068635239985 ) ) ;
#640 = VERTEX_POINT ( 'NONE', #642 ) ;
#641 = CARTESIAN_POINT ( 'NONE',  ( -35.77968623503944912, 414.1349190375400440, -60.41437228042899221 ) ) ;
#642 = CARTESIAN_POINT ( 'NONE',  ( -2.247927979840899759, 404.5884659996100368, -55.90524068635239985 ) ) ;
#643 = DIRECTION ( 'NONE',  ( -6.506378842778399409E-09, -1.000000000000000000, 5.801384187687930380E-15 ) ) ;
#644 = CARTESIAN_POINT ( 'NONE',  ( -37.12353815059760365, 411.6709577908925439, -48.90524068635239274 ) ) ;
#645 = EDGE_CURVE ( 'NONE', #3704, #4189, #5400, .T. ) ;
#646 = DIRECTION ( 'NONE',  ( 2.963723871613829944E-23, 2.277555758065400129E-15, -1.000000000000000000 ) ) ;
#647 = ORIENTED_EDGE ( 'NONE', *, *, #3564, .T. ) ;
#648 = CARTESIAN_POINT ( 'NONE',  ( -8.177721807424699563, 402.5190642576599771, -48.90524068635239274 ) ) ;
#649 = ORIENTED_EDGE ( 'NONE', *, *, #4989, .F. ) ;
#650 = CARTESIAN_POINT ( 'NONE',  ( -6.962579403456199856, 415.7749750439084551, -49.90524068635239274 ) ) ;
#651 = CIRCLE ( 'NONE', #4595, 1.000000000000000888 ) ;
#652 = ORIENTED_EDGE ( 'NONE', *, *, #1050, .F. ) ;
#653 = CARTESIAN_POINT ( 'NONE',  ( -50.31183072791908728, 403.4166516104226616, -55.84012591463418573 ) ) ;
#654 = CONICAL_SURFACE ( 'NONE', #4690, 4.499999999999996447, 0.7853981633974291832 ) ;
#655 = CARTESIAN_POINT ( 'NONE',  ( -6.202871992957799563, 403.9897859071469952, -54.90524068635239985 ) ) ;
#656 = EDGE_LOOP ( 'NONE', ( #3993, #1770, #2303, #4246 ) ) ;
#657 = DIRECTION ( 'NONE',  ( -2.963723871613835233E-23, -2.277555758065400129E-15, 1.000000000000000000 ) ) ;
#658 = DIRECTION ( 'NONE',  ( 0.000000000000000000, -1.000000000000000000, -2.277555752503460191E-15 ) ) ;
#659 = CARTESIAN_POINT ( 'NONE',  ( -17.14342861502565185, 413.6393111357065209, -54.53501403065130404 ) ) ;
#660 = EDGE_CURVE ( 'NONE', #5024, #4573, #4386, .T. ) ;
#661 = EDGE_CURVE ( 'NONE', #218, #1749, #3197, .T. ) ;
#662 = EDGE_LOOP ( 'NONE', ( #830, #5073, #5002, #961 ) ) ;
#663 = DIRECTION ( 'NONE',  ( 0.7529914420891924420, 0.6580303094390397289, 1.387778780781446464E-15 ) ) ;
#664 = CARTESIAN_POINT ( 'NONE',  ( -11.20548901271889974, 405.3763973196824963, -53.23857503339740305 ) ) ;
#665 = DIRECTION ( 'NONE',  ( -6.506359020726919329E-09, -1.000000000000000000, -1.362888564887476059E-14 ) ) ;
#666 = ADVANCED_FACE ( 'NONE', ( #2644 ), #4481, .T. ) ;
#667 = ORIENTED_EDGE ( 'NONE', *, *, #470, .T. ) ;
#668 = CARTESIAN_POINT ( 'NONE',  ( -36.89911226187800253, 408.5526566898554961, -49.90523945032330033 ) ) ;
#669 = DIRECTION ( 'NONE',  ( 0.7071067811876248221, -4.600708702895422409E-09, -0.7071067811854702123 ) ) ;
#670 = DIRECTION ( 'NONE',  ( -0.9999999999999998890, 1.301273437667849975E-08, 8.539150976637319633E-18 ) ) ;
#671 = CARTESIAN_POINT ( 'NONE',  ( -15.99484624123129883, 411.4015478760704809, -53.53501369717709935 ) ) ;
#672 = CARTESIAN_POINT ( 'NONE',  ( -12.66968611387159882, 426.6509797276709719, -50.19813390516569740 ) ) ;
#673 = CARTESIAN_POINT ( 'NONE',  ( -8.603752287561958312, 402.8967923800324229, -55.83996079256021972 ) ) ;
#674 = ORIENTED_EDGE ( 'NONE', *, *, #775, .T. ) ;
#675 = DIRECTION ( 'NONE',  ( -6.507090872448229272E-09, -1.000000000000000000, 3.133207731643485200E-16 ) ) ;
#676 = ORIENTED_EDGE ( 'NONE', *, *, #790, .T. ) ;
#677 = EDGE_CURVE ( 'NONE', #1570, #528, #2923, .T. ) ;
#678 = DIRECTION ( 'NONE',  ( -3.589526130801215729E-15, -3.589526084091765199E-15, 1.000000000000000000 ) ) ;
#679 = CARTESIAN_POINT ( 'NONE',  ( -26.07969268529674878, 428.0809798147584502, -51.90500376171310393 ) ) ;
#680 = VERTEX_POINT ( 'NONE', #3225 ) ;
#681 = DIRECTION ( 'NONE',  ( 0.7071067811865480168, -4.600692178097260377E-09, -0.7071067811865470176 ) ) ;
#682 = AXIS2_PLACEMENT_3D ( 'NONE', #5366, #2145, #4856 ) ;
#683 = LINE ( 'NONE', #1115, #2529 ) ;
#684 = ORIENTED_EDGE ( 'NONE', *, *, #5535, .T. ) ;
#685 = CARTESIAN_POINT ( 'NONE',  ( -20.77969493121959133, 430.4079341568518657, -52.66219506277602846 ) ) ;
#686 = ADVANCED_FACE ( 'NONE', ( #1797 ), #766, .T. ) ;
#687 = CARTESIAN_POINT ( 'NONE',  ( -15.35750899680119907, 411.5833245001369392, -49.23860690510409910 ) ) ;
#688 = CIRCLE ( 'NONE', #5736, 4.000000000000007994 ) ;
#689 = DIRECTION ( 'NONE',  ( 1.000000000000000000, -6.506367384098699429E-09, 1.655432026574745044E-13 ) ) ;
#690 = AXIS2_PLACEMENT_3D ( 'NONE', #1166, #4969, #742 ) ;
#691 = ORIENTED_EDGE ( 'NONE', *, *, #5871, .T. ) ;
#692 = DIRECTION ( 'NONE',  ( -0.7071067811865510144, 4.600209102534330335E-09, -0.7071067811865441310 ) ) ;
#693 = AXIS2_PLACEMENT_3D ( 'NONE', #3683, #2343, #492 ) ;
#694 = EDGE_CURVE ( 'NONE', #5130, #125, #3454, .T. ) ;
#695 = LINE ( 'NONE', #4440, #5202 ) ;
#696 = ORIENTED_EDGE ( 'NONE', *, *, #3508, .F. ) ;
#697 = ORIENTED_EDGE ( 'NONE', *, *, #470, .F. ) ;
#698 = CARTESIAN_POINT ( 'NONE',  ( -41.13179016761780105, 410.0762346261114999, -54.90524068635239985 ) ) ;
#699 = CARTESIAN_POINT ( 'NONE',  ( -40.95389682578100121, 405.3763981458629928, -51.57190548323499968 ) ) ;
#700 = EDGE_CURVE ( 'NONE', #4573, #2208, #3282, .T. ) ;
#701 = CARTESIAN_POINT ( 'NONE',  ( -11.20548892054979895, 405.3763987156499979, -49.90524068635220090 ) ) ;
#702 = ADVANCED_FACE ( 'NONE', ( #4619 ), #4860, .F. ) ;
#703 = CARTESIAN_POINT ( 'NONE',  ( -5.479696854163599973, 425.6509796808909982, -58.80233673375320080 ) ) ;
#704 = CARTESIAN_POINT ( 'NONE',  ( -36.27647646821004912, 425.7773871567625292, -56.65266993747370350 ) ) ;
#705 = CARTESIAN_POINT ( 'NONE',  ( -8.513451493650032731, 403.6825168564382125, -55.90475955028011157 ) ) ;
#706 = EDGE_LOOP ( 'NONE', ( #4245, #4818, #3463, #4254 ) ) ;
#707 = CARTESIAN_POINT ( 'NONE',  ( -3.102872000005414854, 402.9067092283455054, -48.90524068635239274 ) ) ;
#708 = VECTOR ( 'NONE', #5393, 1000.000000000000000 ) ;
#709 = ORIENTED_EDGE ( 'NONE', *, *, #5206, .T. ) ;
#710 = CARTESIAN_POINT ( 'NONE',  ( -41.71250673438999712, 410.8903404356204874, -54.90524068635239985 ) ) ;
#711 = DIRECTION ( 'NONE',  ( -6.506373670094230092E-09, -1.000000000000000000, -1.097406841035872103E-14 ) ) ;
#712 = ORIENTED_EDGE ( 'NONE', *, *, #208, .T. ) ;
#713 = CARTESIAN_POINT ( 'NONE',  ( -9.304322886171783935, 405.0748976951551299, -55.90524068635238564 ) ) ;
#714 = DIRECTION ( 'NONE',  ( -2.623714052924220157E-16, 2.016370851295650306E-15, -1.000000000000000000 ) ) ;
#715 = EDGE_LOOP ( 'NONE', ( #4441, #3214, #3824, #5114, #520 ) ) ;
#716 = CARTESIAN_POINT ( 'NONE',  ( -4.772590071071349804, 425.9438728951034818, -60.83499734764340161 ) ) ;
#717 = CYLINDRICAL_SURFACE ( 'NONE', #5747, 3.000000000000003109 ) ;
#718 = LINE ( 'NONE', #2594, #2370 ) ;
#719 = EDGE_CURVE ( 'NONE', #6040, #781, #163, .T. ) ;
#720 = EDGE_CURVE ( 'NONE', #2810, #781, #3586, .T. ) ;
#721 = PLANE ( 'NONE',  #3440 ) ;
#722 = ORIENTED_EDGE ( 'NONE', *, *, #4643, .F. ) ;
#723 = AXIS2_PLACEMENT_3D ( 'NONE', #3076, #592, #2527 ) ;
#724 = CARTESIAN_POINT ( 'NONE',  ( -19.84860098511669690, 414.3063479513950256, -49.90560089522350040 ) ) ;
#725 = LINE ( 'NONE', #1255, #1620 ) ;
#726 = CARTESIAN_POINT ( 'NONE',  ( -49.95651365116729892, 411.3237200058180179, -48.90524068635239274 ) ) ;
#727 = VECTOR ( 'NONE', #5188, 1000.000000000000000 ) ;
#728 = PLANE ( 'NONE',  #264 ) ;
#729 = EDGE_LOOP ( 'NONE', ( #529, #3674, #4346, #2907 ) ) ;
#730 = AXIS2_PLACEMENT_3D ( 'NONE', #958, #419, #4169 ) ;
#731 = ORIENTED_EDGE ( 'NONE', *, *, #1507, .T. ) ;
#732 = CYLINDRICAL_SURFACE ( 'NONE', #202, 6.000000000000000000 ) ;
#733 = DIRECTION ( 'NONE',  ( 6.506378646882649515E-09, 1.000000000000000000, -5.997270088342730747E-15 ) ) ;
#734 = CARTESIAN_POINT ( 'NONE',  ( -32.31057861828669786, 414.6398013705124868, -49.57214749242470475 ) ) ;
#735 = CARTESIAN_POINT ( 'NONE',  ( -39.26891782328105052, 426.1732504511701904, -49.97736269630863859 ) ) ;
#736 = CARTESIAN_POINT ( 'NONE',  ( -14.71322907201709995, 410.5358225939659746, -48.90524068635239274 ) ) ;
#737 = ORIENTED_EDGE ( 'NONE', *, *, #2438, .F. ) ;
#738 = EDGE_CURVE ( 'NONE', #5024, #2697, #2918, .T. ) ;
#739 = CARTESIAN_POINT ( 'NONE',  ( -1.811007618140074493, 403.0883398001555520, -55.82526368095304292 ) ) ;
#740 = ORIENTED_EDGE ( 'NONE', *, *, #2176, .F. ) ;
#741 = CARTESIAN_POINT ( 'NONE',  ( -42.99004743477689772, 402.3898484743544941, -53.23857351282949679 ) ) ;
#742 = DIRECTION ( 'NONE',  ( 0.7071067811865510144, -4.600708702895411655E-09, -0.7071067811865441310 ) ) ;
#743 = CARTESIAN_POINT ( 'NONE',  ( -33.29843473222334893, 414.3069388189545066, -53.20168048540349304 ) ) ;
#744 = DIRECTION ( 'NONE',  ( 6.753104817009061146E-32, 1.000000000000000000, 2.444089209850065533E-15 ) ) ;
#745 = CARTESIAN_POINT ( 'NONE',  ( -15.26027340016019984, 408.5526578096599906, -47.16390348210899930 ) ) ;
#746 = ORIENTED_EDGE ( 'NONE', *, *, #1650, .F. ) ;
#747 = CARTESIAN_POINT ( 'NONE',  ( -31.27158739843875068, 419.6497287028755068, -53.53501369729850268 ) ) ;
#748 = DIRECTION ( 'NONE',  ( 1.154946869077379972E-16, -1.940725923427094804E-15, 1.000000000000000000 ) ) ;
#749 = DIRECTION ( 'NONE',  ( -4.352250313524860521E-08, -4.580052328093941103E-07, -0.9999999999998941957 ) ) ;
#750 = VECTOR ( 'NONE', #3479, 1000.000000000000114 ) ;
#751 = CARTESIAN_POINT ( 'NONE',  ( -38.19680613502329436, 415.7749752471349893, -55.90524068635239985 ) ) ;
#752 = VECTOR ( 'NONE', #4638, 999.9999999999998863 ) ;
#753 = CYLINDRICAL_SURFACE ( 'NONE', #4330, 1.000000000000001332 ) ;
#754 = ORIENTED_EDGE ( 'NONE', *, *, #2524, .T. ) ;
#755 = VECTOR ( 'NONE', #2522, 1000.000000000000000 ) ;
#756 = FACE_OUTER_BOUND ( 'NONE', #2001, .T. ) ;
#757 = DIRECTION ( 'NONE',  ( 1.730654306093830038E-15, -5.687521816068420036E-15, 1.000000000000000000 ) ) ;
#758 = DIRECTION ( 'NONE',  ( 5.873321061761270574E-16, 0.000000000000000000, 1.000000000000000000 ) ) ;
#759 = CONICAL_SURFACE ( 'NONE', #271, 1.899999999999999689, 0.7853981633974476129 ) ;
#760 = EDGE_CURVE ( 'NONE', #5705, #5076, #78, .T. ) ;
#761 = CARTESIAN_POINT ( 'NONE',  ( -19.77969492813785024, 430.8816339252720127, -52.53501369717660197 ) ) ;
#762 = EDGE_LOOP ( 'NONE', ( #2650, #4576 ) ) ;
#763 = CARTESIAN_POINT ( 'NONE',  ( -46.67968854929569744, 426.6509799489530224, -60.83499734764340161 ) ) ;
#764 = CARTESIAN_POINT ( 'NONE',  ( -13.96257934569919890, 424.6509797360845369, -54.90524068635230037 ) ) ;
#765 = ADVANCED_FACE ( 'NONE', ( #4238 ), #553, .T. ) ;
#766 = CYLINDRICAL_SURFACE ( 'NONE', #2125, 1.000000000000000888 ) ;
#767 = CARTESIAN_POINT ( 'NONE',  ( -12.87677012952426736, 426.2196288097091497, -49.99104371456755302 ) ) ;
#768 = DIRECTION ( 'NONE',  ( 1.110222579174491824E-16, 2.277555756156290079E-15, -1.000000000000000000 ) ) ;
#769 = ORIENTED_EDGE ( 'NONE', *, *, #614, .F. ) ;
#770 = CARTESIAN_POINT ( 'NONE',  ( -49.34497514974810173, 406.9509226023674842, -49.40524068635239274 ) ) ;
#771 = VERTEX_POINT ( 'NONE', #3829 ) ;
#772 = CARTESIAN_POINT ( 'NONE',  ( -39.17341541593030030, 406.3574097622969816, -55.12963987235299612 ) ) ;
#773 = DIRECTION ( 'NONE',  ( 1.000000000000000000, -6.506367041610590331E-09, -4.296660515246500193E-16 ) ) ;
#774 = CARTESIAN_POINT ( 'NONE',  ( -42.19680603808500052, 430.6509799196254562, -52.90524068619190245 ) ) ;
#775 = EDGE_CURVE ( 'NONE', #1848, #640, #262, .T. ) ;
#776 = ORIENTED_EDGE ( 'NONE', *, *, #2048, .F. ) ;
#777 = FACE_OUTER_BOUND ( 'NONE', #239, .T. ) ;
#778 = CARTESIAN_POINT ( 'NONE',  ( -35.77968612757995004, 430.6509798778699860, -60.83499734764340161 ) ) ;
#779 = ORIENTED_EDGE ( 'NONE', *, *, #1226, .F. ) ;
#780 = CARTESIAN_POINT ( 'NONE',  ( -35.77968615657179896, 426.1950570784274532, -55.34691578777169951 ) ) ;
#781 = VERTEX_POINT ( 'NONE', #3003 ) ;
#782 = EDGE_CURVE ( 'NONE', #4013, #4717, #1140, .T. ) ;
#783 = DIRECTION ( 'NONE',  ( -0.4082482878076517663, 0.4082482931200824283, -0.8164965809277220377 ) ) ;
#784 = CYLINDRICAL_SURFACE ( 'NONE', #33, 1.000000000000006217 ) ;
#785 = ORIENTED_EDGE ( 'NONE', *, *, #5809, .F. ) ;
#786 = CARTESIAN_POINT ( 'NONE',  ( -8.380056637584800683, 404.0718142636044945, -48.90524068635239274 ) ) ;
#787 = CARTESIAN_POINT ( 'NONE',  ( -32.37969041376270241, 430.8816340072519893, -52.53501369717660197 ) ) ;
#788 = AXIS2_PLACEMENT_3D ( 'NONE', #5962, #1363, #5469 ) ;
#789 = CARTESIAN_POINT ( 'NONE',  ( -9.054696379264900230, 425.9438729229644878, -61.54210412883000458 ) ) ;
#790 = EDGE_CURVE ( 'NONE', #4747, #4292, #3889, .T. ) ;
#791 = DIRECTION ( 'NONE',  ( -6.428413699454800076E-16, 2.083490215230465142E-15, -1.000000000000000000 ) ) ;
#792 = ORIENTED_EDGE ( 'NONE', *, *, #5000, .T. ) ;
#793 = AXIS2_PLACEMENT_3D ( 'NONE', #4941, #4499, #1147 ) ;
#794 = EDGE_LOOP ( 'NONE', ( #851, #6077, #5897, #5819 ) ) ;
#795 = CARTESIAN_POINT ( 'NONE',  ( -19.84613063438020220, 415.3067089370620124, -48.90524068635239274 ) ) ;
#796 = CARTESIAN_POINT ( 'NONE',  ( -12.96257934569920067, 424.6509797295780118, -52.31945424872390049 ) ) ;
#797 = DIRECTION ( 'NONE',  ( -2.602547803804190149E-23, -1.999999997626974813E-15, 1.000000000000000000 ) ) ;
#798 = LINE ( 'NONE', #4555, #4723 ) ;
#799 = VECTOR ( 'NONE', #4563, 1000.000000000000000 ) ;
#800 = AXIS2_PLACEMENT_3D ( 'NONE', #3239, #5233, #2880 ) ;
#801 = CARTESIAN_POINT ( 'NONE',  ( -12.92146147522987754, 426.0498751213808646, -49.94615077128344893 ) ) ;
#802 = CARTESIAN_POINT ( 'NONE',  ( -16.08663675950785077, 414.1349213005109959, -55.61217375754710446 ) ) ;
#803 = EDGE_CURVE ( 'NONE', #5600, #4740, #174, .T. ) ;
#804 = VERTEX_POINT ( 'NONE', #1656 ) ;
#805 = CARTESIAN_POINT ( 'NONE',  ( -1.882317768283242154, 403.6414139252590303, -55.85296439632147525 ) ) ;
#806 = ORIENTED_EDGE ( 'NONE', *, *, #4716, .F. ) ;
#807 = CARTESIAN_POINT ( 'NONE',  ( -15.37969924985389980, 425.6509797453039710, -52.89500239496949519 ) ) ;
#808 = AXIS2_PLACEMENT_3D ( 'NONE', #1631, #4387, #2461 ) ;
#809 = DIRECTION ( 'NONE',  ( -4.600696559831169980E-09, -0.7071067811865302533, -0.7071067811865648922 ) ) ;
#810 = CARTESIAN_POINT ( 'NONE',  ( -32.31236361403219348, 414.3067089143225417, -53.20168036373829779 ) ) ;
#811 = AXIS2_PLACEMENT_3D ( 'NONE', #4808, #711, #4899 ) ;
#812 = EDGE_LOOP ( 'NONE', ( #1694, #3142, #3966, #5592, #2568, #4800 ) ) ;
#813 = DIRECTION ( 'NONE',  ( 0.9999999999999998890, -1.301271955686377058E-08, 0.000000000000000000 ) ) ;
#814 = CIRCLE ( 'NONE', #2389, 1.700000000000000178 ) ;
#815 = CARTESIAN_POINT ( 'NONE',  ( -12.54078757596600013, 406.1121196091124830, -60.41436879826439821 ) ) ;
#816 = VERTEX_POINT ( 'NONE', #5281 ) ;
#817 = CARTESIAN_POINT ( 'NONE',  ( -35.77968615360539673, 426.6509798780339793, -54.90524068635230037 ) ) ;
#818 = VERTEX_POINT ( 'NONE', #5833 ) ;
#819 = CARTESIAN_POINT ( 'NONE',  ( -11.96257934569919890, 424.6509797230709751, -49.39512085705119659 ) ) ;
#820 = VERTEX_POINT ( 'NONE', #1152 ) ;
#821 = EDGE_CURVE ( 'NONE', #386, #4130, #4797, .T. ) ;
#822 = EDGE_CURVE ( 'NONE', #2202, #1314, #651, .T. ) ;
#823 = DIRECTION ( 'NONE',  ( 1.000000000000000000, 0.000000000000000000, 0.000000000000000000 ) ) ;
#824 = DIRECTION ( 'NONE',  ( 0.7071067834868707269, 0.000000000000000000, 0.7071067788862244186 ) ) ;
#825 = CYLINDRICAL_SURFACE ( 'NONE', #5920, 1.000000000000001332 ) ;
#826 = DIRECTION ( 'NONE',  ( 3.501461828833420039E-16, -5.687521807086329862E-15, 1.000000000000000000 ) ) ;
#827 = SURFACE_STYLE_FILL_AREA ( #5987 ) ;
#828 = AXIS2_PLACEMENT_3D ( 'NONE', #5784, #5813, #5866 ) ;
#829 = CARTESIAN_POINT ( 'NONE',  ( -43.59323558426569889, 402.4684481879260147, -55.82517145903129574 ) ) ;
#830 = ORIENTED_EDGE ( 'NONE', *, *, #558, .F. ) ;
#831 = CARTESIAN_POINT ( 'NONE',  ( -45.25651370592539990, 402.9067094778880005, -49.30524068635239843 ) ) ;
#832 = DIRECTION ( 'NONE',  ( -0.06474354548088004369, -0.9979019357224262476, -1.734723475976808278E-15 ) ) ;
#833 = CARTESIAN_POINT ( 'NONE',  ( -35.77968615535407082, 426.3822187759689655, -61.10375844970835857 ) ) ;
#834 = VECTOR ( 'NONE', #3848, 1000.000000000000000 ) ;
#835 = CARTESIAN_POINT ( 'NONE',  ( -36.77968616515794764, 424.8753793597967388, -55.90524068635227195 ) ) ;
#836 = DIRECTION ( 'NONE',  ( -6.506367291581810316E-09, -1.000000000000000000, -4.960594733056100343E-15 ) ) ;
#837 = ORIENTED_EDGE ( 'NONE', *, *, #1073, .T. ) ;
#838 = CARTESIAN_POINT ( 'NONE',  ( -32.11092933467995181, 427.3497409560645224, -53.53501369717776015 ) ) ;
#839 = ORIENTED_EDGE ( 'NONE', *, *, #2895, .T. ) ;
#840 = DIRECTION ( 'NONE',  ( 3.501461828833420039E-16, -5.687521807086329862E-15, 1.000000000000000000 ) ) ;
#841 = CARTESIAN_POINT ( 'NONE',  ( -46.67968854929569744, 426.6509799489530224, -60.83499734764340161 ) ) ;
#842 = CARTESIAN_POINT ( 'NONE',  ( -35.95896548034995277, 412.1111103765824737, -54.53501414700350125 ) ) ;
#843 = ADVANCED_FACE ( 'NONE', ( #5306 ), #121, .T. ) ;
#844 = EDGE_LOOP ( 'NONE', ( #896, #882, #3133, #4908, #4520, #171, #5221, #3689 ) ) ;
#845 = CARTESIAN_POINT ( 'NONE',  ( -50.22393299586301652, 403.8491896098058191, -55.86934712760446331 ) ) ;
#846 = CARTESIAN_POINT ( 'NONE',  ( -16.37969933800744826, 412.1021625436634963, -49.90524099089830656 ) ) ;
#847 = ORIENTED_EDGE ( 'NONE', *, *, #2533, .F. ) ;
#848 = CARTESIAN_POINT ( 'NONE',  ( -31.27158739843875068, 419.6497287028755068, -53.53501369717830016 ) ) ;
#849 = LINE ( 'NONE', #2736, #4364 ) ;
#850 = CARTESIAN_POINT ( 'NONE',  ( -8.128901274004290300, 425.6509796981274576, -58.09332458483159911 ) ) ;
#851 = ORIENTED_EDGE ( 'NONE', *, *, #3868, .F. ) ;
#852 = B_SPLINE_CURVE_WITH_KNOTS ( 'NONE', 3,
 ( #1450, #5595, #6085, #439 ),
 .UNSPECIFIED., .F., .F.,
 ( 4, 4 ),
 ( -2.817314080629219841, -2.624178600708260145 ),
 .UNSPECIFIED. ) ;
#853 = FACE_OUTER_BOUND ( 'NONE', #5441, .T. ) ;
#854 = B_SPLINE_CURVE_WITH_KNOTS ( 'NONE', 3,
 ( #5526, #4543, #786, #3160 ),
 .UNSPECIFIED., .F., .F.,
 ( 4, 4 ),
 ( 1.067667645970930002, 1.443478216807760006 ),
 .UNSPECIFIED. ) ;
#855 = CARTESIAN_POINT ( 'NONE',  ( -11.20548901935110031, 405.3763987700875191, -49.90524068635230037 ) ) ;
#856 = CARTESIAN_POINT ( 'NONE',  ( -41.43647589727439140, 406.2522491066304724, -55.90524068635239985 ) ) ;
#857 = ADVANCED_FACE ( 'NONE', ( #2922, #1062 ), #3452, .T. ) ;
#858 = EDGE_CURVE ( 'NONE', #3873, #2101, #1308, .T. ) ;
#859 = CIRCLE ( 'NONE', #1039, 0.9999999999999991118 ) ;
#860 = CARTESIAN_POINT ( 'NONE',  ( -13.96257936448589909, 421.7638722438059631, -54.90524068635230037 ) ) ;
#861 = AXIS2_PLACEMENT_3D ( 'NONE', #4549, #341, #4086 ) ;
#862 = ORIENTED_EDGE ( 'NONE', *, *, #1885, .T. ) ;
#863 = DIRECTION ( 'NONE',  ( -0.9999999999999998890, 1.301273583846690010E-08, 0.000000000000000000 ) ) ;
#864 = CARTESIAN_POINT ( 'NONE',  ( -20.77158741141699849, 419.6497535121835085, -53.53501369717830016 ) ) ;
#865 = CARTESIAN_POINT ( 'NONE',  ( -10.72290976512180016, 406.2522489067970355, -55.90524068635239985 ) ) ;
#866 = CARTESIAN_POINT ( 'NONE',  ( -12.96268283909300223, 424.8753966522065184, -52.32718884733689890 ) ) ;
#867 = EDGE_CURVE ( 'NONE', #6022, #820, #3210, .T. ) ;
#868 = CARTESIAN_POINT ( 'NONE',  ( -39.19680595935700040, 425.6089691338344778, -49.90524061403890244 ) ) ;
#869 = CARTESIAN_POINT ( 'NONE',  ( -36.51092505804732724, 425.6509798827913755, -61.10375844970864989 ) ) ;
#870 = EDGE_LOOP ( 'NONE', ( #5557, #5044 ) ) ;
#871 = ORIENTED_EDGE ( 'NONE', *, *, #413, .F. ) ;
#872 = CARTESIAN_POINT ( 'NONE',  ( -35.77968623503944912, 414.1349214286410074, -54.90524068635239985 ) ) ;
#873 = LINE ( 'NONE', #3597, #4484 ) ;
#874 = DIRECTION ( 'NONE',  ( -4.523943549293210662E-16, -2.214486164177149956E-15, 1.000000000000000000 ) ) ;
#875 = DIRECTION ( 'NONE',  ( 0.7681028807397706215, -0.1000897826916005567, -0.6324555320336866515 ) ) ;
#876 = EDGE_CURVE ( 'NONE', #2482, #1432, #4688, .T. ) ;
#877 = FACE_OUTER_BOUND ( 'NONE', #794, .T. ) ;
#878 = ORIENTED_EDGE ( 'NONE', *, *, #40, .F. ) ;
#879 = CARTESIAN_POINT ( 'NONE',  ( -37.44615653462710014, 410.5358227418959700, -48.90524068635239274 ) ) ;
#880 = ORIENTED_EDGE ( 'NONE', *, *, #4731, .T. ) ;
#881 = CARTESIAN_POINT ( 'NONE',  ( -18.98358118600462419, 414.3067089258377678, -49.90511410136356574 ) ) ;
#882 = ORIENTED_EDGE ( 'NONE', *, *, #5625, .F. ) ;
#883 = EDGE_CURVE ( 'NONE', #4214, #125, #4988, .T. ) ;
#884 = LINE ( 'NONE', #4985, #1506 ) ;
#885 = CARTESIAN_POINT ( 'NONE',  ( -13.09152517076709898, 426.6509797304165090, -51.19050841064329660 ) ) ;
#886 = FACE_OUTER_BOUND ( 'NONE', #2723, .T. ) ;
#887 = FACE_OUTER_BOUND ( 'NONE', #536, .T. ) ;
#888 = VECTOR ( 'NONE', #213, 1000.000000000000114 ) ;
#889 = EDGE_CURVE ( 'NONE', #3762, #1202, #1752, .T. ) ;
#890 = CARTESIAN_POINT ( 'NONE',  ( -39.49051721792189795, 426.6524487400955081, -50.19895243392799955 ) ) ;
#891 = CARTESIAN_POINT ( 'NONE',  ( -39.19680595935700040, 425.6089691338344778, -49.90524061403890244 ) ) ;
#892 = AXIS2_PLACEMENT_3D ( 'NONE', #4506, #4405, #201 ) ;
#893 = CARTESIAN_POINT ( 'NONE',  ( -36.51848607349602105, 424.7038017498068712, -55.87877363259526931 ) ) ;
#894 = CIRCLE ( 'NONE', #4315, 1.700000000000000178 ) ;
#895 = ORIENTED_EDGE ( 'NONE', *, *, #5734, .F. ) ;
#896 = ORIENTED_EDGE ( 'NONE', *, *, #1134, .F. ) ;
#897 = EDGE_CURVE ( 'NONE', #5429, #2633, #5733, .T. ) ;
#898 = EDGE_CURVE ( 'NONE', #2073, #3736, #859, .T. ) ;
#899 = DIRECTION ( 'NONE',  ( -6.507088281571700554E-09, -1.000000000000000000, -2.277555757810650516E-15 ) ) ;
#900 = CARTESIAN_POINT ( 'NONE',  ( -8.328901272702998071, 425.8509796993470218, -58.09332458483159911 ) ) ;
#901 = CARTESIAN_POINT ( 'NONE',  ( -5.479696847657200109, 426.6509796808909982, -55.65433364902119706 ) ) ;
#902 = AXIS2_PLACEMENT_3D ( 'NONE', #3753, #1427, #5163 ) ;
#903 = AXIS2_PLACEMENT_3D ( 'NONE', #260, #4462, #1616 ) ;
#904 = MANIFOLD_SOLID_BREP ( 'NONE', #359 ) ;
#905 = ORIENTED_EDGE ( 'NONE', *, *, #3501, .F. ) ;
#906 = CARTESIAN_POINT ( 'NONE',  ( -50.28184628060338923, 403.5937824280069322, -55.85088209506407964 ) ) ;
#907 = CARTESIAN_POINT ( 'NONE',  ( -26.07969270249489924, 427.0809798147585070, -52.53501369717669434 ) ) ;
#908 = AXIS2_PLACEMENT_3D ( 'NONE', #5861, #5464, #3619 ) ;
#909 = ORIENTED_EDGE ( 'NONE', *, *, #1260, .T. ) ;
#910 = DIRECTION ( 'NONE',  ( -6.507000381863369505E-09, -1.000000000000000000, -3.017192095543734885E-13 ) ) ;
#911 = ORIENTED_EDGE ( 'NONE', *, *, #9, .T. ) ;
#912 = AXIS2_PLACEMENT_3D ( 'NONE', #1858, #4156, #4646 ) ;
#913 = CARTESIAN_POINT ( 'NONE',  ( -16.37969924696355051, 426.0952140405140085, -55.24707287608159589 ) ) ;
#914 = VERTEX_POINT ( 'NONE', #2711 ) ;
#915 = DIRECTION ( 'NONE',  ( 1.000000000000000000, -6.506364074960614948E-09, 0.000000000000000000 ) ) ;
#916 = CARTESIAN_POINT ( 'NONE',  ( -12.96257934569920067, 424.6509797295780118, -52.31945424872390049 ) ) ;
#917 = VECTOR ( 'NONE', #5279, 1000.000000000000000 ) ;
#918 = DIRECTION ( 'NONE',  ( 6.516176487281198371E-09, 0.9999999999999997780, 1.954846928935359635E-08 ) ) ;
#919 = ADVANCED_FACE ( 'NONE', ( #5951 ), #2247, .F. ) ;
#920 = ADVANCED_FACE ( 'NONE', ( #1761 ), #3163, .F. ) ;
#921 = DIRECTION ( 'NONE',  ( 0.000000000000000000, 2.000000000627515340E-15, -1.000000000000000000 ) ) ;
#922 = AXIS2_PLACEMENT_3D ( 'NONE', #2588, #2070, #4846 ) ;
#923 = FACE_OUTER_BOUND ( 'NONE', #2559, .T. ) ;
#924 = CARTESIAN_POINT ( 'NONE',  ( -15.77969465855989739, 430.6509797477429515, -61.83499734764340161 ) ) ;
#925 = ORIENTED_EDGE ( 'NONE', *, *, #5858, .F. ) ;
#926 = CARTESIAN_POINT ( 'NONE',  ( -40.95389669849499370, 405.3763989393695510, -49.90524068635239274 ) ) ;
#927 = CARTESIAN_POINT ( 'NONE',  ( -49.95651370592540275, 402.9067095354059802, -55.50524068635239416 ) ) ;
#928 = DIRECTION ( 'NONE',  ( -6.506356300289580131E-09, -1.000000000000000000, -5.687521804808150055E-15 ) ) ;
#929 = CARTESIAN_POINT ( 'NONE',  ( -49.72147086651130365, 407.2799377619859342, -54.90524068635239985 ) ) ;
#930 = AXIS2_PLACEMENT_3D ( 'NONE', #1477, #1005, #2892 ) ;
#931 = EDGE_CURVE ( 'NONE', #4253, #1599, #429, .T. ) ;
#932 = ADVANCED_FACE ( 'NONE', ( #2742 ), #3798, .F. ) ;
#933 = ORIENTED_EDGE ( 'NONE', *, *, #2368, .F. ) ;
#934 = CARTESIAN_POINT ( 'NONE',  ( -45.19680613502329436, 415.7749752926744691, -54.90524068635239985 ) ) ;
#935 = EDGE_LOOP ( 'NONE', ( #3641, #5004, #5387, #540 ) ) ;
#936 = VECTOR ( 'NONE', #5904, 1000.000000000000000 ) ;
#937 = CARTESIAN_POINT ( 'NONE',  ( -13.96257934569919890, 424.6509797360849916, -56.90524068635230037 ) ) ;
#938 = CARTESIAN_POINT ( 'NONE',  ( -13.96257934569919890, 424.6509797360845369, -54.90524068635230037 ) ) ;
#939 = CIRCLE ( 'NONE', #4365, 1.000000000000000888 ) ;
#940 = ORIENTED_EDGE ( 'NONE', *, *, #558, .T. ) ;
#941 = VERTEX_POINT ( 'NONE', #402 ) ;
#942 = DIRECTION ( 'NONE',  ( 9.590251689396459164E-16, -1.862100713611920247E-15, 1.000000000000000000 ) ) ;
#943 = FACE_OUTER_BOUND ( 'NONE', #4508, .T. ) ;
#944 = ORIENTED_EDGE ( 'NONE', *, *, #1818, .F. ) ;
#945 = CARTESIAN_POINT ( 'NONE',  ( -11.02759544501789790, 410.0762344302424935, -55.90524068635239985 ) ) ;
#946 = CARTESIAN_POINT ( 'NONE',  ( -1.810953640559805011, 403.2733513739349860, -55.82524068711299492 ) ) ;
#947 = VECTOR ( 'NONE', #1914, 1000.000000000000000 ) ;
#948 = VECTOR ( 'NONE', #441, 1000.000000000000114 ) ;
#949 = CARTESIAN_POINT ( 'NONE',  ( -9.330878414326189585, 403.6295298024516569, -54.90524094811324574 ) ) ;
#950 = LINE ( 'NONE', #924, #1643 ) ;
#951 = ORIENTED_EDGE ( 'NONE', *, *, #1836, .F. ) ;
#952 = EDGE_CURVE ( 'NONE', #3604, #5700, #2337, .T. ) ;
#953 = AXIS2_PLACEMENT_3D ( 'NONE', #3514, #1103, #1602 ) ;
#954 = VERTEX_POINT ( 'NONE', #5712 ) ;
#955 = CARTESIAN_POINT ( 'NONE',  ( -39.19680595935700040, 425.6089691338344778, -49.90524061403890244 ) ) ;
#956 = AXIS2_PLACEMENT_3D ( 'NONE', #3050, #714, #4276 ) ;
#957 = CARTESIAN_POINT ( 'NONE',  ( -49.95651370209930064, 403.2309881095810056, -55.50524068635239416 ) ) ;
#958 = CARTESIAN_POINT ( 'NONE',  ( -38.19680609606169952, 421.7638724014830132, -54.90524068635230037 ) ) ;
#959 = ORIENTED_EDGE ( 'NONE', *, *, #3909, .F. ) ;
#960 = CARTESIAN_POINT ( 'NONE',  ( -40.23048412294869536, 427.6509799068284678, -58.09332458483159911 ) ) ;
#961 = ORIENTED_EDGE ( 'NONE', *, *, #4657, .T. ) ;
#962 = EDGE_LOOP ( 'NONE', ( #2364, #4467, #3176, #4212 ) ) ;
#963 = LINE ( 'NONE', #57, #205 ) ;
#964 = ADVANCED_FACE ( 'NONE', ( #4760 ), #5322, .T. ) ;
#965 = CARTESIAN_POINT ( 'NONE',  ( -15.89676323010819736, 426.1339157652719223, -61.73214692661949954 ) ) ;
#966 = SPHERICAL_SURFACE ( 'NONE', #3567, 1.000000000000000000 ) ;
#967 = CARTESIAN_POINT ( 'NONE',  ( -16.37969924566429825, 426.2948998638995022, -55.44675869946710378 ) ) ;
#968 = ORIENTED_EDGE ( 'NONE', *, *, #3970, .T. ) ;
#969 = VERTEX_POINT ( 'NONE', #2308 ) ;
#970 = CARTESIAN_POINT ( 'NONE',  ( -7.102872000005399755, 402.9067092283455054, -49.10524068635240269 ) ) ;
#971 = ADVANCED_FACE ( 'NONE', ( #1879 ), #1352, .T. ) ;
#972 = CARTESIAN_POINT ( 'NONE',  ( -43.59305919899560422, 402.4665338912200241, -55.82541802353849647 ) ) ;
#973 = ORIENTED_EDGE ( 'NONE', *, *, #5664, .T. ) ;
#974 = LINE ( 'NONE', #491, #325 ) ;
#975 = DIRECTION ( 'NONE',  ( 0.7071067811864871766, -4.607614786017830534E-09, -0.7071067811866079689 ) ) ;
#976 = DIRECTION ( 'NONE',  ( -0.9999999999999998890, 1.301273437667849975E-08, -1.655432007252625088E-13 ) ) ;
#977 = CARTESIAN_POINT ( 'NONE',  ( -49.56381723381969806, 404.3906125674064924, -55.50524068635239416 ) ) ;
#978 = ORIENTED_EDGE ( 'NONE', *, *, #2113, .T. ) ;
#979 = DIRECTION ( 'NONE',  ( -0.9909823859013042746, -0.1339922043753244418, -2.679844087506400749E-16 ) ) ;
#980 = CIRCLE ( 'NONE', #4407, 1.000000000000000888 ) ;
#981 = CARTESIAN_POINT ( 'NONE',  ( -16.37969932478159762, 414.1349213024174674, -54.90524068635239985 ) ) ;
#982 = CARTESIAN_POINT ( 'NONE',  ( -36.77968615360539673, 426.6509798845399928, -61.83499734764340161 ) ) ;
#983 = CARTESIAN_POINT ( 'NONE',  ( -45.25651370592539990, 402.9067094778880005, -52.50524068635240127 ) ) ;
#984 = EDGE_CURVE ( 'NONE', #4251, #5278, #2737, .T. ) ;
#985 = EDGE_CURVE ( 'NONE', #4350, #2028, #5619, .T. ) ;
#986 = VERTEX_POINT ( 'NONE', #3308 ) ;
#987 = CARTESIAN_POINT ( 'NONE',  ( -16.08680602913370095, 425.9438729687190062, -61.54210412883099934 ) ) ;
#988 = ORIENTED_EDGE ( 'NONE', *, *, #2332, .F. ) ;
#989 = AXIS2_PLACEMENT_3D ( 'NONE', #1952, #1893, #2460 ) ;
#990 = ORIENTED_EDGE ( 'NONE', *, *, #2662, .F. ) ;
#991 = CARTESIAN_POINT ( 'NONE',  ( -36.78023745663340094, 424.6501149902315433, -55.90524091827220587 ) ) ;
#992 = CIRCLE ( 'NONE', #4416, 2.000000000000001776 ) ;
#993 = DIRECTION ( 'NONE',  ( 0.9999999999999998890, -1.301273437667849975E-08, -8.539150976637319633E-18 ) ) ;
#994 = DIRECTION ( 'NONE',  ( -1.000000000000000000, 6.496581050896560222E-09, 0.000000000000000000 ) ) ;
#995 = AXIS2_PLACEMENT_3D ( 'NONE', #848, #5484, #2137 ) ;
#996 = DIRECTION ( 'NONE',  ( -6.665464103466500443E-16, 2.277555759621225133E-15, -1.000000000000000000 ) ) ;
#997 = ORIENTED_EDGE ( 'NONE', *, *, #2007, .T. ) ;
#998 = DIRECTION ( 'NONE',  ( -0.7071067811865470176, 4.600691717803940497E-09, 0.7071067811865480168 ) ) ;
#999 = CARTESIAN_POINT ( 'NONE',  ( -36.51788581875867123, 414.1349214334441058, -55.90524068635254196 ) ) ;
#1000 = CIRCLE ( 'NONE', #122, 1.000000000000000888 ) ;
#1001 = CARTESIAN_POINT ( 'NONE',  ( -43.67646404154140072, 403.1008762148085225, -55.74009245932469980 ) ) ;
#1002 = ADVANCED_FACE ( 'NONE', ( #886 ), #4285, .F. ) ;
#1003 = EDGE_CURVE ( 'NONE', #5391, #3885, #5059, .T. ) ;
#1004 = VECTOR ( 'NONE', #3575, 1000.000000000000114 ) ;
#1005 = DIRECTION ( 'NONE',  ( -0.4082482878076517663, 0.4082482931200824283, -0.8164965809277220377 ) ) ;
#1006 = DIRECTION ( 'NONE',  ( 1.000000000000000000, -6.506367464894709751E-09, 1.655432026574745044E-13 ) ) ;
#1007 = CARTESIAN_POINT ( 'NONE',  ( -9.972122246592000749, 404.9056297856824926, -55.65404921430479845 ) ) ;
#1008 = CARTESIAN_POINT ( 'NONE',  ( -5.202872000005400288, 402.9067092283455054, -49.40524068635239274 ) ) ;
#1009 = ORIENTED_EDGE ( 'NONE', *, *, #5937, .F. ) ;
#1010 = VERTEX_POINT ( 'NONE', #5591 ) ;
#1011 = CARTESIAN_POINT ( 'NONE',  ( -46.67968854929569744, 426.6509799489530224, -55.65433364902119706 ) ) ;
#1012 = CARTESIAN_POINT ( 'NONE',  ( -15.64089926220226623, 425.6774467095583532, -56.85241855592501992 ) ) ;
#1013 = LINE ( 'NONE', #1429, #1528 ) ;
#1014 = DIRECTION ( 'NONE',  ( 1.000000000000000000, 0.000000000000000000, 0.000000000000000000 ) ) ;
#1015 = AXIS2_PLACEMENT_3D ( 'NONE', #4417, #4448, #3962 ) ;
#1016 = DIRECTION ( 'NONE',  ( 2.963723871613829944E-23, 2.277555758065400129E-15, -1.000000000000000000 ) ) ;
#1017 = CARTESIAN_POINT ( 'NONE',  ( -36.16293694684029703, 411.4010925304070270, -49.90448101285949889 ) ) ;
#1018 = VERTEX_POINT ( 'NONE', #465 ) ;
#1019 = CARTESIAN_POINT ( 'NONE',  ( -36.77968630809430550, 402.9067094338029733, -55.90524068635239985 ) ) ;
#1020 = ADVANCED_FACE ( 'NONE', ( #4641 ), #4472, .F. ) ;
#1021 = DIRECTION ( 'NONE',  ( 4.191135287036850180E-23, 6.440892098500601074E-15, -1.000000000000000000 ) ) ;
#1022 = CYLINDRICAL_SURFACE ( 'NONE', #4265, 1.700000000000000178 ) ;
#1023 = DIRECTION ( 'NONE',  ( 1.000000000000000000, 0.000000000000000000, 0.000000000000000000 ) ) ;
#1024 = EDGE_LOOP ( 'NONE', ( #5522, #5956 ) ) ;
#1025 = CIRCLE ( 'NONE', #4351, 1.700000000000000400 ) ;
#1026 = CARTESIAN_POINT ( 'NONE',  ( -5.202872000005400288, 402.9067092283455054, -52.70524068635239701 ) ) ;
#1027 = EDGE_LOOP ( 'NONE', ( #4570, #5253, #5498, #4363 ) ) ;
#1028 = DIRECTION ( 'NONE',  ( -0.7071067811866047492, 4.600708702895422409E-09, -0.7071067811864902852 ) ) ;
#1029 = EDGE_CURVE ( 'NONE', #304, #3442, #1640, .T. ) ;
#1030 = FACE_OUTER_BOUND ( 'NONE', #5869, .T. ) ;
#1031 = ORIENTED_EDGE ( 'NONE', *, *, #4500, .T. ) ;
#1032 = DIRECTION ( 'NONE',  ( -0.7071067811865470176, 9.201393752396078946E-09, -0.7071067811865480168 ) ) ;
#1033 = CARTESIAN_POINT ( 'NONE',  ( -9.054696381170598940, 425.6509797041509842, -60.83499734764340161 ) ) ;
#1034 = DIRECTION ( 'NONE',  ( 1.000000000000000000, -6.505646089902609742E-09, 1.110222903869277414E-16 ) ) ;
#1035 = EDGE_LOOP ( 'NONE', ( #5107, #3851, #3448, #97 ) ) ;
#1036 = ORIENTED_EDGE ( 'NONE', *, *, #1416, .F. ) ;
#1037 = CARTESIAN_POINT ( 'NONE',  ( -35.77968612757995004, 430.6509798778699860, -53.53501369717729830 ) ) ;
#1038 = CARTESIAN_POINT ( 'NONE',  ( -35.77968624862720048, 412.1021638857660605, -47.16390502267910279 ) ) ;
#1039 = AXIS2_PLACEMENT_3D ( 'NONE', #5426, #1326, #2146 ) ;
#1040 = ADVANCED_FACE ( 'NONE', ( #943 ), #2804, .F. ) ;
#1041 = FACE_BOUND ( 'NONE', #4829, .T. ) ;
#1042 = DIRECTION ( 'NONE',  ( -0.7071067811865475727, 4.600185183186670759E-09, 0.7071067811865475727 ) ) ;
#1043 = VECTOR ( 'NONE', #791, 1000.000000000000000 ) ;
#1044 = DIRECTION ( 'NONE',  ( 0.000000000000000000, 2.000000000627515340E-15, -1.000000000000000000 ) ) ;
#1045 = VECTOR ( 'NONE', #3072, 1000.000000000000000 ) ;
#1046 = ORIENTED_EDGE ( 'NONE', *, *, #2166, .F. ) ;
#1047 = AXIS2_PLACEMENT_3D ( 'NONE', #224, #2537, #139 ) ;
#1048 = ORIENTED_EDGE ( 'NONE', *, *, #3733, .T. ) ;
#1049 = DIRECTION ( 'NONE',  ( 1.000000000000000000, 0.000000000000000000, 0.000000000000000000 ) ) ;
#1050 = EDGE_CURVE ( 'NONE', #5412, #2840, #4815, .T. ) ;
#1051 = ORIENTED_EDGE ( 'NONE', *, *, #2874, .T. ) ;
#1052 = DIRECTION ( 'NONE',  ( -0.06474353170177291061, -0.9979019366164099125, -1.995803873232820129E-15 ) ) ;
#1053 = ORIENTED_EDGE ( 'NONE', *, *, #2508, .F. ) ;
#1054 = CARTESIAN_POINT ( 'NONE',  ( -2.233091788099099695, 403.9049848627180381, -55.63025202113379919 ) ) ;
#1055 = ORIENTED_EDGE ( 'NONE', *, *, #2054, .F. ) ;
#1056 = DIRECTION ( 'NONE',  ( 6.506356300289580131E-09, 1.000000000000000000, 5.687521804808150055E-15 ) ) ;
#1057 = CARTESIAN_POINT ( 'NONE',  ( -16.20041996559960040, 412.1111104478375182, -52.53501414700340177 ) ) ;
#1058 = EDGE_CURVE ( 'NONE', #10, #4171, #2542, .T. ) ;
#1059 = ORIENTED_EDGE ( 'NONE', *, *, #3383, .T. ) ;
#1060 = B_SPLINE_CURVE_WITH_KNOTS ( 'NONE', 3,
 ( #3673, #4697, #4227, #1347, #881, #4414 ),
 .UNSPECIFIED., .F., .F.,
 ( 4, 2, 4 ),
 ( 0.000000000000000000, 0.5000000000000000000, 1.000000000000000000 ),
 .UNSPECIFIED. ) ;
#1061 = CARTESIAN_POINT ( 'NONE',  ( -4.772590071071539874, 425.9438728951034818, -58.50944351493989615 ) ) ;
#1062 = FACE_OUTER_BOUND ( 'NONE', #4784, .T. ) ;
#1063 = CARTESIAN_POINT ( 'NONE',  ( -16.37969924334749905, 426.6509797518104961, -54.90524068635230037 ) ) ;
#1064 = EDGE_CURVE ( 'NONE', #2466, #3201, #1504, .T. ) ;
#1065 = ORIENTED_EDGE ( 'NONE', *, *, #2398, .T. ) ;
#1066 = B_SPLINE_SURFACE_WITH_KNOTS ( 'NONE', 3, 3, ( 
 ( #2457, #2002, #1542, #1129 ),
 ( #3864, #5807, #4889, #2488 ),
 ( #5779, #5313, #1067, #4353 ),
 ( #154, #3584, #4510, #2575 ) ),
 .UNSPECIFIED., .F., .F., .F.,
 ( 4, 4 ),
 ( 4, 4 ),
 ( 0.000000000000000000, 1.000000000000000000 ),
 ( 1.067667645970930002, 1.443478216807760006 ),
 .UNSPECIFIED. ) ;
#1067 = CARTESIAN_POINT ( 'NONE',  ( -43.46227912746530109, 403.9252261529665020, -49.23857401968570002 ) ) ;
#1068 = CARTESIAN_POINT ( 'NONE',  ( -35.77968623503944912, 414.1349253834795263, -45.79323792083919642 ) ) ;
#1069 = CARTESIAN_POINT ( 'NONE',  ( -5.202872000005400288, 402.9067092283455054, -52.90524068635230037 ) ) ;
#1070 = CARTESIAN_POINT ( 'NONE',  ( -35.89133528559219855, 412.3494137792415017, -49.90560089546089984 ) ) ;
#1071 = B_SPLINE_CURVE_WITH_KNOTS ( 'NONE', 3,
 ( #2240, #1783, #1283, #334 ),
 .UNSPECIFIED., .F., .F.,
 ( 4, 4 ),
 ( 0.000000000000000000, 1.000000000000000000 ),
 .UNSPECIFIED. ) ;
#1072 = DIRECTION ( 'NONE',  ( 2.602547467696635311E-23, 2.000000000000000155E-15, -1.000000000000000000 ) ) ;
#1073 = EDGE_CURVE ( 'NONE', #4259, #4196, #3267, .T. ) ;
#1074 = EDGE_LOOP ( 'NONE', ( #5191, #3258, #3277, #4681 ) ) ;
#1075 = ADVANCED_FACE ( 'NONE', ( #2326 ), #1247, .F. ) ;
#1076 = CARTESIAN_POINT ( 'NONE',  ( -11.20548914752080094, 405.3763988407070542, -49.90524068635230037 ) ) ;
#1077 = EDGE_LOOP ( 'NONE', ( #3409, #3606, #3880, #2886, #4331, #4992, #4131, #1426, #2949, #1966 ) ) ;
#1078 = VECTOR ( 'NONE', #6069, 1000.000000000000000 ) ;
#1079 = DIRECTION ( 'NONE',  ( -0.7071067811865480168, 4.600714536055469605E-09, 0.7071067811865470176 ) ) ;
#1080 = CARTESIAN_POINT ( 'NONE',  ( -5.479696853476673901, 425.7565524898910780, -61.28221094314337591 ) ) ;
#1081 = CIRCLE ( 'NONE', #2455, 1.000000000000000888 ) ;
#1082 = ORIENTED_EDGE ( 'NONE', *, *, #2622, .F. ) ;
#1083 = CARTESIAN_POINT ( 'NONE',  ( -2.363808137494499917, 404.5225147536780241, -55.77190735301899593 ) ) ;
#1084 = TOROIDAL_SURFACE ( 'NONE', #2562, 12.00000000000000000, 1.000000000000000000 ) ;
#1085 = ORIENTED_EDGE ( 'NONE', *, *, #1716, .F. ) ;
#1086 = CARTESIAN_POINT ( 'NONE',  ( -35.88917125962150578, 426.1299744025450877, -55.94744277519370002 ) ) ;
#1087 = DIRECTION ( 'NONE',  ( 6.506364074960620738E-09, 1.000000000000000000, 4.960594733056100343E-15 ) ) ;
#1088 = CARTESIAN_POINT ( 'NONE',  ( -18.86095095681234923, 414.3069387258300367, -54.53501381873729770 ) ) ;
#1089 = CARTESIAN_POINT ( 'NONE',  ( -2.202872000005404729, 402.9067092247034338, -55.50524068635239416 ) ) ;
#1090 = AXIS2_PLACEMENT_3D ( 'NONE', #354, #2726, #3203 ) ;
#1091 = CIRCLE ( 'NONE', #995, 2.000000000000001776 ) ;
#1092 = VERTEX_POINT ( 'NONE', #4656 ) ;
#1093 = DIRECTION ( 'NONE',  ( -1.000000000000000000, -5.204170426398019686E-18, -1.655432045896859951E-13 ) ) ;
#1094 = AXIS2_PLACEMENT_3D ( 'NONE', #2419, #996, #1470 ) ;
#1095 = EDGE_CURVE ( 'NONE', #343, #3495, #1579, .T. ) ;
#1096 = EDGE_CURVE ( 'NONE', #1339, #4945, #6027, .T. ) ;
#1097 = CIRCLE ( 'NONE', #4739, 4.000000000000006217 ) ;
#1098 = CARTESIAN_POINT ( 'NONE',  ( -45.95651369887919913, 403.9897861657984777, -48.90524068635239274 ) ) ;
#1099 = VECTOR ( 'NONE', #5803, 1000.000000000000114 ) ;
#1100 = ORIENTED_EDGE ( 'NONE', *, *, #131, .T. ) ;
#1101 = CARTESIAN_POINT ( 'NONE',  ( -40.95389713070359505, 405.3763949370384694, -58.57799242141120288 ) ) ;
#1102 = CIRCLE ( 'NONE', #2973, 4.999999999999995559 ) ;
#1103 = DIRECTION ( 'NONE',  ( 1.000000000000000000, -6.506367041610590331E-09, -4.296660515246500193E-16 ) ) ;
#1104 = CARTESIAN_POINT ( 'NONE',  ( -32.31037266410724840, 414.9732547087839976, -49.23869408938860204 ) ) ;
#1105 = CARTESIAN_POINT ( 'NONE',  ( -12.85157955302628885, 426.2966894757556133, -50.01621848658515290 ) ) ;
#1106 = ORIENTED_EDGE ( 'NONE', *, *, #2713, .F. ) ;
#1107 = CARTESIAN_POINT ( 'NONE',  ( -11.04462943172829981, 405.6683497739514905, -49.57190735301900020 ) ) ;
#1108 = ORIENTED_EDGE ( 'NONE', *, *, #5587, .T. ) ;
#1109 = DIRECTION ( 'NONE',  ( -6.506351013513269871E-09, -1.000000000000000000, -4.960594733056549993E-15 ) ) ;
#1110 = EDGE_CURVE ( 'NONE', #2235, #1991, #563, .T. ) ;
#1111 = EDGE_CURVE ( 'NONE', #1862, #1876, #2254, .T. ) ;
#1112 = CONICAL_SURFACE ( 'NONE', #2982, 4.500000000000005329, 0.7853981633974291832 ) ;
#1113 = VERTEX_POINT ( 'NONE', #929 ) ;
#1114 = CARTESIAN_POINT ( 'NONE',  ( -47.38679533508300068, 425.9438731723674891, -58.71655948910330380 ) ) ;
#1115 = CARTESIAN_POINT ( 'NONE',  ( -32.84286183238379664, 425.9438730777389424, -43.96551001224084843 ) ) ;
#1116 = EDGE_LOOP ( 'NONE', ( #2761, #1082, #1820, #3424 ) ) ;
#1117 = DIRECTION ( 'NONE',  ( -1.000000000000000000, 6.506356300289575995E-09, 0.000000000000000000 ) ) ;
#1118 = AXIS2_PLACEMENT_3D ( 'NONE', #2977, #1999, #2485 ) ;
#1119 = CARTESIAN_POINT ( 'NONE',  ( -6.962579403456199856, 415.7749750439084551, -48.90524068635239274 ) ) ;
#1120 = EDGE_CURVE ( 'NONE', #2693, #6065, #4078, .T. ) ;
#1121 = CIRCLE ( 'NONE', #1223, 4.000000000000006217 ) ;
#1122 = B_SPLINE_SURFACE_WITH_KNOTS ( 'NONE', 3, 3, ( 
 ( #1644, #2071, #113, #1990 ),
 ( #1083, #5767, #2019, #3499 ),
 ( #3380, #2446, #5299, #1054 ),
 ( #3908, #5821, #4369, #4811 ) ),
 .UNSPECIFIED., .F., .F., .F.,
 ( 4, 4 ),
 ( 4, 4 ),
 ( 0.000000000000000000, 1.000000000000000000 ),
 ( 2.624178600708260145, 2.817314080629219841 ),
 .UNSPECIFIED. ) ;
#1123 = EDGE_LOOP ( 'NONE', ( #2051, #2110 ) ) ;
#1124 = CARTESIAN_POINT ( 'NONE',  ( -47.38679533508300068, 425.9438731723674891, -55.65433364902119706 ) ) ;
#1125 = DIRECTION ( 'NONE',  ( -0.6908533035500858954, 0.2322266297046884365, -0.6846842377548457703 ) ) ;
#1126 = DIRECTION ( 'NONE',  ( -1.000000000000000000, 6.507087797884155369E-09, 0.000000000000000000 ) ) ;
#1127 = ORIENTED_EDGE ( 'NONE', *, *, #162, .T. ) ;
#1128 = VERTEX_POINT ( 'NONE', #3694 ) ;
#1129 = CARTESIAN_POINT ( 'NONE',  ( -42.99004730275880348, 402.3898494874815128, -49.90524068635239274 ) ) ;
#1130 = CARTESIAN_POINT ( 'NONE',  ( -35.77968623503944912, 414.1349241936705425, -48.53457388905830072 ) ) ;
#1131 = CARTESIAN_POINT ( 'NONE',  ( -8.566150127368199918, 402.4684479600269924, -55.82517145903109679 ) ) ;
#1132 = CARTESIAN_POINT ( 'NONE',  ( -21.28846457029879602, 414.3067089558305724, -49.90524068635239274 ) ) ;
#1133 = CARTESIAN_POINT ( 'NONE',  ( -12.91808075436349945, 426.6552380031159828, -49.86577558655280029 ) ) ;
#1134 = EDGE_CURVE ( 'NONE', #184, #324, #5608, .T. ) ;
#1135 = CARTESIAN_POINT ( 'NONE',  ( -15.37969925176090058, 425.3579061560154742, -56.19830975273059437 ) ) ;
#1136 = CARTESIAN_POINT ( 'NONE',  ( -8.529095422965292883, 403.6124889850053137, -55.90270357481846020 ) ) ;
#1137 = EDGE_LOOP ( 'NONE', ( #1317, #1346, #5609, #2716 ) ) ;
#1138 = ORIENTED_EDGE ( 'NONE', *, *, #660, .F. ) ;
#1139 = CARTESIAN_POINT ( 'NONE',  ( -5.479696821631799608, 430.6509796807269481, -61.83499734764340161 ) ) ;
#1140 = CIRCLE ( 'NONE', #4377, 2.000000000000001332 ) ;
#1141 = ORIENTED_EDGE ( 'NONE', *, *, #4149, .F. ) ;
#1142 = VECTOR ( 'NONE', #555, 1000.000000000000000 ) ;
#1143 = DIRECTION ( 'NONE',  ( 1.000000000000000000, -6.506367017601909625E-09, -2.305847950502660356E-16 ) ) ;
#1144 = ORIENTED_EDGE ( 'NONE', *, *, #41, .F. ) ;
#1145 = EDGE_CURVE ( 'NONE', #3182, #3844, #4432, .T. ) ;
#1146 = PLANE ( 'NONE',  #3937 ) ;
#1147 = DIRECTION ( 'NONE',  ( 0.7071067834868707269, 0.000000000000000000, 0.7071067788862244186 ) ) ;
#1148 = B_SPLINE_CURVE_WITH_KNOTS ( 'NONE', 3,
 ( #1559, #3411, #5325, #167 ),
 .UNSPECIFIED., .F., .F.,
 ( 4, 4 ),
 ( 0.000000000000000000, 1.000000000000000000 ),
 .UNSPECIFIED. ) ;
#1149 = ORIENTED_EDGE ( 'NONE', *, *, #803, .F. ) ;
#1150 = EDGE_CURVE ( 'NONE', #3871, #5412, #5137, .T. ) ;
#1151 = FACE_OUTER_BOUND ( 'NONE', #1989, .T. ) ;
#1152 = CARTESIAN_POINT ( 'NONE',  ( -48.96847943298489980, 406.6219074427485225, -48.90524068635239274 ) ) ;
#1153 = PRODUCT_CONTEXT ( 'NONE', #2916, 'mechanical' ) ;
#1154 = CARTESIAN_POINT ( 'NONE',  ( -43.95651370605880004, 402.8716291442734700, -55.50525202597559371 ) ) ;
#1155 = EDGE_LOOP ( 'NONE', ( #3361, #4106 ) ) ;
#1156 = CYLINDRICAL_SURFACE ( 'NONE', #2471, 1.000000000000001332 ) ;
#1157 = CARTESIAN_POINT ( 'NONE',  ( -40.95389697085609981, 405.3763966191780241, -54.90524030621049434 ) ) ;
#1158 = DIRECTION ( 'NONE',  ( 6.308085231613849852E-16, -2.083490215152165175E-15, 1.000000000000000000 ) ) ;
#1159 = CARTESIAN_POINT ( 'NONE',  ( -43.95651370592539564, 402.9067094609714559, -52.90524068635230037 ) ) ;
#1160 = CARTESIAN_POINT ( 'NONE',  ( -12.16885069671610076, 425.6510363663054477, -51.68879558598690238 ) ) ;
#1161 = DIRECTION ( 'NONE',  ( 3.501462098436430079E-16, -2.083490213325874871E-15, 1.000000000000000000 ) ) ;
#1162 = LINE ( 'NONE', #3462, #1981 ) ;
#1163 = ORIENTED_EDGE ( 'NONE', *, *, #1342, .F. ) ;
#1164 = CYLINDRICAL_SURFACE ( 'NONE', #2970, 1.000000000000000000 ) ;
#1165 = ORIENTED_EDGE ( 'NONE', *, *, #3024, .F. ) ;
#1166 = CARTESIAN_POINT ( 'NONE',  ( -36.77968630809430550, 402.9067094338029733, -54.90524068635239985 ) ) ;
#1167 = EDGE_CURVE ( 'NONE', #3767, #2482, #5631, .T. ) ;
#1168 = ORIENTED_EDGE ( 'NONE', *, *, #4566, .T. ) ;
#1169 = CARTESIAN_POINT ( 'NONE',  ( -8.609845159189955410, 404.0035329721054609, -55.90524068635237853 ) ) ;
#1170 = VECTOR ( 'NONE', #1177, 1000.000000000000000 ) ;
#1171 = CARTESIAN_POINT ( 'NONE',  ( -32.37969041526499581, 430.6509798557485169, -53.53501369717750435 ) ) ;
#1172 = ORIENTED_EDGE ( 'NONE', *, *, #2533, .T. ) ;
#1173 = DIRECTION ( 'NONE',  ( 6.506367656620550361E-09, 1.000000000000000000, 2.277555752020385439E-15 ) ) ;
#1174 = CARTESIAN_POINT ( 'NONE',  ( -49.80015620683030164, 403.8625846629090574, -55.50524068635239416 ) ) ;
#1175 = DIRECTION ( 'NONE',  ( -0.8890209735049603434, -0.4578664747153829429, -9.912705577010318647E-16 ) ) ;
#1176 = VECTOR ( 'NONE', #5092, 1000.000000000000000 ) ;
#1177 = DIRECTION ( 'NONE',  ( -6.507005128607619561E-09, -1.000000000000000000, -2.969724653077369616E-13 ) ) ;
#1178 = AXIS2_PLACEMENT_3D ( 'NONE', #4372, #1214, #1588 ) ;
#1179 = FACE_BOUND ( 'NONE', #762, .T. ) ;
#1180 = ORIENTED_EDGE ( 'NONE', *, *, #5453, .F. ) ;
#1181 = CARTESIAN_POINT ( 'NONE',  ( -15.67143502762929863, 412.6900177430209737, -49.23869408930939784 ) ) ;
#1182 = LINE ( 'NONE', #1286, #5583 ) ;
#1183 = CARTESIAN_POINT ( 'NONE',  ( -49.80015620683030164, 403.8625846629090574, -55.50524068635239416 ) ) ;
#1184 = AXIS2_PLACEMENT_3D ( 'NONE', #764, #2643, #4511 ) ;
#1185 =( NAMED_UNIT ( * ) PLANE_ANGLE_UNIT ( ) SI_UNIT ( $, .RADIAN. ) );
#1186 = EDGE_CURVE ( 'NONE', #5130, #5600, #5634, .T. ) ;
#1187 = ADVANCED_FACE ( 'NONE', ( #3569 ), #5016, .T. ) ;
#1188 = CARTESIAN_POINT ( 'NONE',  ( -43.95651370552199921, 402.9067094609714559, -55.50525107662200242 ) ) ;
#1189 = CIRCLE ( 'NONE', #4236, 0.9999999999999810152 ) ;
#1190 = ORIENTED_EDGE ( 'NONE', *, *, #3686, .F. ) ;
#1191 = CARTESIAN_POINT ( 'NONE',  ( -16.76607292889590184, 414.6949951993695436, -48.90524068635239274 ) ) ;
#1192 = DIRECTION ( 'NONE',  ( 6.505729242866690735E-09, 1.000000000000000000, 2.969724653082299681E-13 ) ) ;
#1193 = DIRECTION ( 'NONE',  ( -6.506366714853769862E-09, -1.000000000000000000, -2.969724653076309892E-13 ) ) ;
#1194 = CARTESIAN_POINT ( 'NONE',  ( -9.330878234330711507, 403.6295312725598023, -49.90523995577888883 ) ) ;
#1195 = AXIS2_PLACEMENT_3D ( 'NONE', #4684, #500, #3810 ) ;
#1196 = DIRECTION ( 'NONE',  ( 2.602545626896300084E-23, 1.999999997626979940E-15, -1.000000000000000000 ) ) ;
#1197 = DIRECTION ( 'NONE',  ( 0.9999999999999998890, -1.301273903446067516E-08, 0.000000000000000000 ) ) ;
#1198 = LINE ( 'NONE', #3039, #4032 ) ;
#1199 = ORIENTED_EDGE ( 'NONE', *, *, #3748, .T. ) ;
#1200 = CARTESIAN_POINT ( 'NONE',  ( -36.07257952690774516, 402.9067094292024649, -55.61234746753889624 ) ) ;
#1201 = AXIS2_PLACEMENT_3D ( 'NONE', #4099, #2614, #3555 ) ;
#1202 = VERTEX_POINT ( 'NONE', #751 ) ;
#1203 = DIRECTION ( 'NONE',  ( 0.7529914420891864468, 0.6580303094390463903, 1.734723475976803545E-15 ) ) ;
#1204 = CARTESIAN_POINT ( 'NONE',  ( -46.49248251638050533, 407.9537157094039799, -48.90524068635239274 ) ) ;
#1205 = CARTESIAN_POINT ( 'NONE',  ( -36.77968624396660147, 412.7628555198654681, -55.90524068635239985 ) ) ;
#1206 = B_SPLINE_CURVE_WITH_KNOTS ( 'NONE', 3,
 ( #4226, #3792, #1469, #4725, #1408 ),
 .UNSPECIFIED., .F., .F.,
 ( 4, 1, 4 ),
 ( 0.000000000000000000, 0.8570515476794697829, 1.000000000000000000 ),
 .UNSPECIFIED. ) ;
#1207 = VERTEX_POINT ( 'NONE', #3727 ) ;
#1208 = CARTESIAN_POINT ( 'NONE',  ( -36.77968620482440087, 418.7788446590899980, -61.83499734764340161 ) ) ;
#1209 = CARTESIAN_POINT ( 'NONE',  ( -15.26027325746409957, 408.5526517163394828, -60.41436985751649758 ) ) ;
#1210 = EDGE_CURVE ( 'NONE', #3243, #3762, #3505, .T. ) ;
#1211 = ORIENTED_EDGE ( 'NONE', *, *, #1386, .T. ) ;
#1212 = DIRECTION ( 'NONE',  ( -3.501461612943880011E-16, 9.544470102157731240E-15, -1.000000000000000000 ) ) ;
#1213 = CARTESIAN_POINT ( 'NONE',  ( -16.37969932478159762, 414.1349213024174674, -54.90524068635239985 ) ) ;
#1214 = DIRECTION ( 'NONE',  ( 0.4082482878076540422, -0.4082482931200847043, 0.8164965809277197062 ) ) ;
#1215 = CARTESIAN_POINT ( 'NONE',  ( -10.22890127270300020, 425.8509797117090443, -58.09332458483159911 ) ) ;
#1216 = DIRECTION ( 'NONE',  ( -0.7071067857872354034, -0.7071067765858596310, -6.938893903907184990E-15 ) ) ;
#1217 = ORIENTED_EDGE ( 'NONE', *, *, #4590, .T. ) ;
#1218 = EDGE_CURVE ( 'NONE', #5090, #606, #5416, .T. ) ;
#1219 = B_SPLINE_CURVE_WITH_KNOTS ( 'NONE', 3,
 ( #1601, #3485, #6024, #5500, #2678, #3549 ),
 .UNSPECIFIED., .F., .F.,
 ( 4, 2, 4 ),
 ( -0.1134150910456379890, -0.08506128312327979057, -0.07453496874099960201 ),
 .UNSPECIFIED. ) ;
#1220 = LINE ( 'NONE', #5559, #455 ) ;
#1221 = DIRECTION ( 'NONE',  ( -1.000000000000000000, 6.506351013513261599E-09, 0.000000000000000000 ) ) ;
#1222 = CARTESIAN_POINT ( 'NONE',  ( -15.37969921732200085, 430.6509797453039710, -60.83499734764340161 ) ) ;
#1223 = AXIS2_PLACEMENT_3D ( 'NONE', #5489, #5521, #2324 ) ;
#1224 = ORIENTED_EDGE ( 'NONE', *, *, #1167, .T. ) ;
#1225 = AXIS2_PLACEMENT_3D ( 'NONE', #2361, #223, #4459 ) ;
#1226 = EDGE_CURVE ( 'NONE', #5873, #3271, #718, .T. ) ;
#1227 = DIRECTION ( 'NONE',  ( 0.7071067857869994810, 0.7071067765860955534, 6.938893903907320674E-15 ) ) ;
#1228 = DIRECTION ( 'NONE',  ( -1.701126505138474851E-16, 2.148659435871310078E-15, -1.000000000000000000 ) ) ;
#1229 = CARTESIAN_POINT ( 'NONE',  ( -47.67968852327019391, 430.6509799552960089, -58.42366627028980020 ) ) ;
#1230 = CARTESIAN_POINT ( 'NONE',  ( -43.65940902612329921, 403.7377604995824640, -55.90546296897120016 ) ) ;
#1231 = CIRCLE ( 'NONE', #2817, 1.700000000000000178 ) ;
#1232 = CARTESIAN_POINT ( 'NONE',  ( -36.77968616345190611, 425.1375960986884479, -55.99670662593386083 ) ) ;
#1233 = ORIENTED_EDGE ( 'NONE', *, *, #3429, .T. ) ;
#1234 = LINE ( 'NONE', #1200, #5654 ) ;
#1235 = ORIENTED_EDGE ( 'NONE', *, *, #2999, .F. ) ;
#1236 = EDGE_CURVE ( 'NONE', #3660, #2046, #2552, .T. ) ;
#1237 = CARTESIAN_POINT ( 'NONE',  ( -44.03048413596135191, 425.6509799317164493, -58.09332458483159911 ) ) ;
#1238 = DIRECTION ( 'NONE',  ( 6.507088281571700554E-09, 1.000000000000000000, 1.999999999127239949E-15 ) ) ;
#1239 = CARTESIAN_POINT ( 'NONE',  ( -36.16104940162259851, 411.3996288554270109, -53.86834750527069815 ) ) ;
#1240 = ORIENTED_EDGE ( 'NONE', *, *, #6076, .F. ) ;
#1241 = DIRECTION ( 'NONE',  ( 0.000000000000000000, -1.000000000000000000, -2.277555753225815389E-15 ) ) ;
#1242 = DIRECTION ( 'NONE',  ( -0.7071067857872354034, -0.7071067765858596310, -6.938893903907184990E-15 ) ) ;
#1243 = CARTESIAN_POINT ( 'NONE',  ( -15.26027331688860045, 408.5526542497015043, -54.90524168478589928 ) ) ;
#1244 = EDGE_LOOP ( 'NONE', ( #3728, #4089, #1483, #2347 ) ) ;
#1245 = CARTESIAN_POINT ( 'NONE',  ( -36.78006983027850652, 425.6512563243795171, -56.60661121905930315 ) ) ;
#1246 = CARTESIAN_POINT ( 'NONE',  ( -5.202872000005400288, 402.9067092283455054, -52.50524068635240127 ) ) ;
#1247 = CONICAL_SURFACE ( 'NONE', #3735, 1.900000000000000577, 0.7853981636022009383 ) ;
#1248 = CARTESIAN_POINT ( 'NONE',  ( -35.92547692579613283, 412.2328306657740882, -49.90400112484265094 ) ) ;
#1249 = EDGE_CURVE ( 'NONE', #2616, #133, #3757, .T. ) ;
#1250 = AXIS2_PLACEMENT_3D ( 'NONE', #1455, #5285, #5751 ) ;
#1251 = CARTESIAN_POINT ( 'NONE',  ( -47.38679533508300068, 425.9438731723674891, -60.83499734764340161 ) ) ;
#1252 = CARTESIAN_POINT ( 'NONE',  ( -39.19663466469610569, 425.0628747859585133, -50.70851915224339734 ) ) ;
#1253 = EDGE_LOOP ( 'NONE', ( #1984, #1211, #4473, #1301 ) ) ;
#1254 = VECTOR ( 'NONE', #2253, 1000.000000000000000 ) ;
#1255 = CARTESIAN_POINT ( 'NONE',  ( -8.202872000005399400, 402.9067092283455054, -55.90524068635230037 ) ) ;
#1256 = DIRECTION ( 'NONE',  ( -6.506373670094230092E-09, -1.000000000000000000, -1.097406841035872103E-14 ) ) ;
#1257 = AXIS2_PLACEMENT_3D ( 'NONE', #5075, #4964, #5406 ) ;
#1258 = DIRECTION ( 'NONE',  ( -1.000000000000000000, 6.505629368547255247E-09, 0.000000000000000000 ) ) ;
#1259 = EDGE_CURVE ( 'NONE', #1872, #2810, #4627, .T. ) ;
#1260 = EDGE_CURVE ( 'NONE', #4740, #4972, #5697, .T. ) ;
#1261 = ORIENTED_EDGE ( 'NONE', *, *, #2603, .T. ) ;
#1262 = VERTEX_POINT ( 'NONE', #983 ) ;
#1263 = EDGE_LOOP ( 'NONE', ( #1233, #1357, #3943, #5396 ) ) ;
#1264 = CARTESIAN_POINT ( 'NONE',  ( -26.07969270249489924, 427.0809798147585070, -52.53501369717669434 ) ) ;
#1265 = CARTESIAN_POINT ( 'NONE',  ( -11.20548901935110031, 405.3763987700875191, -49.90524068635230037 ) ) ;
#1266 = CARTESIAN_POINT ( 'NONE',  ( -42.99004731797770518, 402.3898493706889781, -49.90524068635239274 ) ) ;
#1267 = CARTESIAN_POINT ( 'NONE',  ( -39.33944367076795601, 426.3766020482957515, -50.04782783257480361 ) ) ;
#1268 = CARTESIAN_POINT ( 'NONE',  ( -46.95651370592540275, 402.9067095000099243, -49.90524068635249932 ) ) ;
#1269 = ORIENTED_EDGE ( 'NONE', *, *, #5744, .T. ) ;
#1270 = CARTESIAN_POINT ( 'NONE',  ( -5.479696821631799608, 430.6509796807269481, -60.83499734764340161 ) ) ;
#1271 = ORIENTED_EDGE ( 'NONE', *, *, #5008, .T. ) ;
#1272 = CARTESIAN_POINT ( 'NONE',  ( -36.77968624396660147, 412.7628555198654681, -55.90524068635239985 ) ) ;
#1273 = CARTESIAN_POINT ( 'NONE',  ( -40.19680607077280143, 425.6509799067735003, -54.90524068635230037 ) ) ;
#1274 = CARTESIAN_POINT ( 'NONE',  ( -35.01595695124120056, 413.6393112519859869, -54.53501403065139641 ) ) ;
#1275 = ADVANCED_FACE ( 'NONE', ( #1980 ), #2462, .F. ) ;
#1276 = ADVANCED_FACE ( 'NONE', ( #4250 ), #498, .T. ) ;
#1277 = ORIENTED_EDGE ( 'NONE', *, *, #3631, .T. ) ;
#1278 = CARTESIAN_POINT ( 'NONE',  ( -46.99035331756400069, 426.6509799509744880, -59.11300150202149695 ) ) ;
#1279 = CARTESIAN_POINT ( 'NONE',  ( -15.26027338537550015, 408.5526571793610060, -48.53457146621619955 ) ) ;
#1280 = ORIENTED_EDGE ( 'NONE', *, *, #889, .T. ) ;
#1281 = CARTESIAN_POINT ( 'NONE',  ( -39.99730453610399650, 406.2838803632724876, -49.57197312385810051 ) ) ;
#1282 = ORIENTED_EDGE ( 'NONE', *, *, #677, .F. ) ;
#1283 = CARTESIAN_POINT ( 'NONE',  ( -16.27020670755218390, 426.1299566687627589, -55.94747794289042275 ) ) ;
#1284 = ORIENTED_EDGE ( 'NONE', *, *, #5267, .T. ) ;
#1285 = CARTESIAN_POINT ( 'NONE',  ( -13.18572621799089895, 412.5699097209010233, -48.90524068635239274 ) ) ;
#1286 = CARTESIAN_POINT ( 'NONE',  ( -10.44687886765190044, 410.8903402321950011, -48.90524068635239274 ) ) ;
#1287 = CARTESIAN_POINT ( 'NONE',  ( -29.27158739843875068, 419.6497287028755068, -48.90524068635230037 ) ) ;
#1288 = CONICAL_SURFACE ( 'NONE', #3329, 6.500000000000001776, 0.7853981633974300713 ) ;
#1289 = CARTESIAN_POINT ( 'NONE',  ( -46.67968854929569744, 426.6509799489530224, -60.83499734764340161 ) ) ;
#1290 = DIRECTION ( 'NONE',  ( -6.505629368547249457E-09, -1.000000000000000000, -2.000000000000000155E-15 ) ) ;
#1291 = ORIENTED_EDGE ( 'NONE', *, *, #4582, .F. ) ;
#1292 = CIRCLE ( 'NONE', #5335, 3.999999999999997335 ) ;
#1293 = ADVANCED_FACE ( 'NONE', ( #3811 ), #3296, .T. ) ;
#1294 = ORIENTED_EDGE ( 'NONE', *, *, #5554, .T. ) ;
#1295 = CARTESIAN_POINT ( 'NONE',  ( -36.77968630809430550, 402.9067094338029733, -54.90524068635239985 ) ) ;
#1296 = FACE_OUTER_BOUND ( 'NONE', #2257, .T. ) ;
#1297 = CARTESIAN_POINT ( 'NONE',  ( -35.88253657799413787, 426.1339158953051651, -61.35206133104132675 ) ) ;
#1298 = CARTESIAN_POINT ( 'NONE',  ( -12.89821462532580121, 425.5473844698234984, -50.33365912858439373 ) ) ;
#1299 = CARTESIAN_POINT ( 'NONE',  ( -39.24022231439069230, 426.0497944550601233, -49.94855063800498129 ) ) ;
#1300 = CARTESIAN_POINT ( 'NONE',  ( -36.07285971584914819, 425.2369168089535378, -55.61227222149779692 ) ) ;
#1301 = ORIENTED_EDGE ( 'NONE', *, *, #4966, .T. ) ;
#1302 = CARTESIAN_POINT ( 'NONE',  ( -49.95651370592540275, 402.9067095354059802, -55.50524068635239416 ) ) ;
#1303 = VERTEX_POINT ( 'NONE', #5195 ) ;
#1304 = CARTESIAN_POINT ( 'NONE',  ( -35.96256943067145073, 412.6383544423534886, -55.65404218492970756 ) ) ;
#1305 = VECTOR ( 'NONE', #1819, 1000.000000000000000 ) ;
#1306 = FACE_OUTER_BOUND ( 'NONE', #384, .T. ) ;
#1307 = CARTESIAN_POINT ( 'NONE',  ( -35.01595702723275139, 413.6393112984760592, -53.20168069731800387 ) ) ;
#1308 = B_SPLINE_CURVE_WITH_KNOTS ( 'NONE', 3,
 ( #5367, #4824, #2484, #3420, #5336 ),
 .UNSPECIFIED., .F., .F.,
 ( 4, 1, 4 ),
 ( 0.000000000000000000, 0.5714288502568312111, 1.000000000000000000 ),
 .UNSPECIFIED. ) ;
#1309 = VECTOR ( 'NONE', #1581, 1000.000000000000000 ) ;
#1310 = AXIS2_PLACEMENT_3D ( 'NONE', #3692, #6006, #4599 ) ;
#1311 = CARTESIAN_POINT ( 'NONE',  ( -50.28683389960980321, 403.5673491897206304, -55.84912323823469649 ) ) ;
#1312 = VECTOR ( 'NONE', #1449, 1000.000000000000000 ) ;
#1313 = CARTESIAN_POINT ( 'NONE',  ( -50.45651365116729892, 411.3237200090710530, -49.40524068635239274 ) ) ;
#1314 = VERTEX_POINT ( 'NONE', #130 ) ;
#1315 = CARTESIAN_POINT ( 'NONE',  ( -13.09152517076709898, 426.6509797304165090, -51.19050841064329660 ) ) ;
#1316 = ADVANCED_FACE ( 'NONE', ( #103 ), #5669, .T. ) ;
#1317 = ORIENTED_EDGE ( 'NONE', *, *, #3545, .F. ) ;
#1318 = ADVANCED_FACE ( 'NONE', ( #3869 ), #2846, .T. ) ;
#1319 = DIRECTION ( 'NONE',  ( 0.000000000000000000, -1.000000000000000000, -2.000000000627515340E-15 ) ) ;
#1320 = ORIENTED_EDGE ( 'NONE', *, *, #2546, .T. ) ;
#1321 = CARTESIAN_POINT ( 'NONE',  ( -39.19680607727919863, 424.6509799002674868, -52.31945424872390049 ) ) ;
#1322 = CARTESIAN_POINT ( 'NONE',  ( -31.45074909493934712, 430.6509798497065162, -52.90524068619060216 ) ) ;
#1323 = CARTESIAN_POINT ( 'NONE',  ( -40.19680607077280143, 425.6509799067735003, -52.31945424872390049 ) ) ;
#1324 = EDGE_CURVE ( 'NONE', #2028, #2840, #4714, .T. ) ;
#1325 = CARTESIAN_POINT ( 'NONE',  ( -5.202872000005400288, 402.9067092283455054, -55.90524068635230037 ) ) ;
#1326 = DIRECTION ( 'NONE',  ( 6.507072658479269605E-09, 1.000000000000000000, 1.999999999999829761E-15 ) ) ;
#1327 = CIRCLE ( 'NONE', #339, 4.999999999999995559 ) ;
#1328 = CARTESIAN_POINT ( 'NONE',  ( -35.77968623503944912, 414.1349220233540223, -53.53501369718230052 ) ) ;
#1329 = VERTEX_POINT ( 'NONE', #5291 ) ;
#1330 = CARTESIAN_POINT ( 'NONE',  ( -39.28887778432120825, 425.4167035033439674, -50.88932669067990133 ) ) ;
#1331 = CIRCLE ( 'NONE', #3362, 5.999999999999997335 ) ;
#1332 = DIRECTION ( 'NONE',  ( 0.9999999999999998890, -1.301272814992122824E-08, 0.000000000000000000 ) ) ;
#1333 = CARTESIAN_POINT ( 'NONE',  ( -35.77968615360539673, 426.6509798780339793, -60.83499734764340161 ) ) ;
#1334 = EDGE_CURVE ( 'NONE', #4171, #5024, #5783, .T. ) ;
#1335 = VECTOR ( 'NONE', #3821, 1000.000000000000114 ) ;
#1336 = CARTESIAN_POINT ( 'NONE',  ( -4.058996516626405260, 419.8455040536699698, -54.90524068635230037 ) ) ;
#1337 = CARTESIAN_POINT ( 'NONE',  ( -16.28824777186306960, 414.1349213018139608, -55.39186969608068267 ) ) ;
#1338 = ORIENTED_EDGE ( 'NONE', *, *, #2093, .T. ) ;
#1339 = VERTEX_POINT ( 'NONE', #5317 ) ;
#1340 = CARTESIAN_POINT ( 'NONE',  ( -35.77968624495855465, 412.6104037449945281, -54.90524062018450024 ) ) ;
#1341 = CARTESIAN_POINT ( 'NONE',  ( -33.29843497169269995, 414.3069388190535278, -50.77948063483430730 ) ) ;
#1342 = EDGE_CURVE ( 'NONE', #5677, #3871, #2815, .T. ) ;
#1343 = CARTESIAN_POINT ( 'NONE',  ( -32.34286183428959305, 425.6509798556724604, -44.46551001224074895 ) ) ;
#1344 = ORIENTED_EDGE ( 'NONE', *, *, #5734, .T. ) ;
#1345 = CARTESIAN_POINT ( 'NONE',  ( -36.82879702947050760, 410.2691962980409812, -49.57197312385810051 ) ) ;
#1346 = ORIENTED_EDGE ( 'NONE', *, *, #3839, .F. ) ;
#1347 = CARTESIAN_POINT ( 'NONE',  ( -18.12466353493108073, 414.0146578374951787, -49.90498751592665627 ) ) ;
#1348 = ORIENTED_EDGE ( 'NONE', *, *, #2398, .F. ) ;
#1349 = CARTESIAN_POINT ( 'NONE',  ( -16.08654449701245071, 425.2369544710049922, -55.61225332561240009 ) ) ;
#1350 = VECTOR ( 'NONE', #2664, 1000.000000000000000 ) ;
#1351 = AXIS2_PLACEMENT_3D ( 'NONE', #860, #4121, #6021 ) ;
#1352 = PLANE ( 'NONE',  #5392 ) ;
#1353 = DIRECTION ( 'NONE',  ( 6.506008263833449908E-09, 1.000000000000000000, 3.639883430936010335E-13 ) ) ;
#1354 = CIRCLE ( 'NONE', #4480, 0.9999999999999988898 ) ;
#1355 = EDGE_CURVE ( 'NONE', #4336, #816, #3919, .T. ) ;
#1356 = ADVANCED_FACE ( 'NONE', ( #5927 ), #443, .T. ) ;
#1357 = ORIENTED_EDGE ( 'NONE', *, *, #4692, .T. ) ;
#1358 = DIRECTION ( 'NONE',  ( -0.7071067811866047492, 4.600431147139266120E-09, -0.7071067811864902852 ) ) ;
#1359 = CIRCLE ( 'NONE', #956, 6.000000000000000000 ) ;
#1360 = CARTESIAN_POINT ( 'NONE',  ( -50.95651369887920623, 403.9897861983270104, -48.90524068635239274 ) ) ;
#1361 = DIRECTION ( 'NONE',  ( -1.000000000000000000, 6.506364074960614948E-09, 0.000000000000000000 ) ) ;
#1362 = CARTESIAN_POINT ( 'NONE',  ( -2.359229486661905018, 403.8625843542405391, -55.50524068635239416 ) ) ;
#1363 = DIRECTION ( 'NONE',  ( 2.240804878603600191E-15, 7.572273022856770359E-15, -1.000000000000000000 ) ) ;
#1364 = DIRECTION ( 'NONE',  ( 6.506351013513269871E-09, 1.000000000000000000, 5.687521804808699891E-15 ) ) ;
#1365 = DIRECTION ( 'NONE',  ( -1.000000000000000000, 0.000000000000000000, 0.000000000000000000 ) ) ;
#1366 = ORIENTED_EDGE ( 'NONE', *, *, #1111, .F. ) ;
#1367 = CARTESIAN_POINT ( 'NONE',  ( -36.60546573520959868, 409.0510737757575157, -55.12963997235349467 ) ) ;
#1368 = CARTESIAN_POINT ( 'NONE',  ( -15.37969933370879971, 412.7628553806294462, -55.90524068635239985 ) ) ;
#1369 = DIRECTION ( 'NONE',  ( 4.076986361169705373E-16, 1.973548659154545165E-15, -1.000000000000000000 ) ) ;
#1370 = CARTESIAN_POINT ( 'NONE',  ( -40.19680607077280143, 425.6509799067735003, -49.39512085705119659 ) ) ;
#1371 = ORIENTED_EDGE ( 'NONE', *, *, #2338, .T. ) ;
#1372 = CARTESIAN_POINT ( 'NONE',  ( -50.30882869336291208, 403.4366191771091508, -55.84119457029161993 ) ) ;
#1373 = ORIENTED_EDGE ( 'NONE', *, *, #3096, .T. ) ;
#1374 = CARTESIAN_POINT ( 'NONE',  ( -36.66394577868219784, 424.8746778289574877, -55.90508264197670485 ) ) ;
#1375 = ADVANCED_FACE ( 'NONE', ( #2985 ), #3517, .F. ) ;
#1376 = ORIENTED_EDGE ( 'NONE', *, *, #3650, .F. ) ;
#1377 = CARTESIAN_POINT ( 'NONE',  ( -16.37969924631395102, 426.1950569522069827, -55.34691578777430010 ) ) ;
#1378 = ORIENTED_EDGE ( 'NONE', *, *, #2859, .T. ) ;
#1379 = CARTESIAN_POINT ( 'NONE',  ( -16.08654449701245071, 425.2369544710049922, -55.61225332561240009 ) ) ;
#1380 = CARTESIAN_POINT ( 'NONE',  ( -39.93500668297377842, 425.6509799050701304, -52.31945418568081152 ) ) ;
#1381 = CARTESIAN_POINT ( 'NONE',  ( -34.35668767275947033, 413.7470483724906671, -53.53501369718203762 ) ) ;
#1382 = ORIENTED_EDGE ( 'NONE', *, *, #4359, .T. ) ;
#1383 = CARTESIAN_POINT ( 'NONE',  ( -2.072232546594399594, 403.2451089905635513, -55.61190735327259915 ) ) ;
#1384 = EDGE_CURVE ( 'NONE', #2858, #6001, #1396, .T. ) ;
#1385 = CARTESIAN_POINT ( 'NONE',  ( -6.202871992957799563, 403.9897859071469952, -55.90524068635239985 ) ) ;
#1386 = EDGE_CURVE ( 'NONE', #4666, #1207, #3899, .T. ) ;
#1387 = CIRCLE ( 'NONE', #302, 2.099999999999997868 ) ;
#1388 = CARTESIAN_POINT ( 'NONE',  ( -26.07969277879280057, 414.3067090181775143, -53.53501369718059522 ) ) ;
#1389 = CARTESIAN_POINT ( 'NONE',  ( -42.99004731797770518, 402.3898493706889781, -49.90524068635239274 ) ) ;
#1390 = VECTOR ( 'NONE', #4926, 1000.000000000000000 ) ;
#1391 = ORIENTED_EDGE ( 'NONE', *, *, #47, .T. ) ;
#1392 = ORIENTED_EDGE ( 'NONE', *, *, #4937, .T. ) ;
#1393 = CARTESIAN_POINT ( 'NONE',  ( -42.04885480120719876, 404.7730954105285264, -53.23857468457759978 ) ) ;
#1394 = CARTESIAN_POINT ( 'NONE',  ( -10.22890124147239987, 430.6509797116269738, -58.09332458483159911 ) ) ;
#1395 = CARTESIAN_POINT ( 'NONE',  ( -15.64846035191827944, 425.6509797470525882, -61.10375844970862147 ) ) ;
#1396 =( BOUNDED_CURVE ( )  B_SPLINE_CURVE ( 3, ( #3551, #1663, #279, #2090 ),
 .UNSPECIFIED., .F., .T. ) 
 B_SPLINE_CURVE_WITH_KNOTS ( ( 4, 4 ),
 ( 4.712388980384710102, 5.497787143782139729 ),
 .UNSPECIFIED. ) 
 CURVE ( )  GEOMETRIC_REPRESENTATION_ITEM ( )  RATIONAL_B_SPLINE_CURVE ( ( 1.000000000000000000, 0.9492530216741930094, 0.9492530216741930094, 1.000000000000000000 ) ) 
 REPRESENTATION_ITEM ( '' )  );
#1397 = CIRCLE ( 'NONE', #4233, 10.99999999999999645 ) ;
#1398 = CIRCLE ( 'NONE', #5836, 2.099999999999999645 ) ;
#1399 = CARTESIAN_POINT ( 'NONE',  ( -35.39331262363829467, 414.6949953205610200, -48.90524068635239274 ) ) ;
#1400 = VERTEX_POINT ( 'NONE', #2551 ) ;
#1401 = DIRECTION ( 'NONE',  ( 6.505660957451520005E-09, 1.000000000000000000, 1.714510466209345306E-14 ) ) ;
#1402 = ORIENTED_EDGE ( 'NONE', *, *, #694, .T. ) ;
#1403 = TOROIDAL_SURFACE ( 'NONE', #4240, 3.000000000000000000, 1.000000000000000000 ) ;
#1404 = ORIENTED_EDGE ( 'NONE', *, *, #3948, .F. ) ;
#1405 = FACE_OUTER_BOUND ( 'NONE', #4109, .T. ) ;
#1406 = ORIENTED_EDGE ( 'NONE', *, *, #3650, .T. ) ;
#1407 = AXIS2_PLACEMENT_3D ( 'NONE', #1740, #4453, #5474 ) ;
#1408 = CARTESIAN_POINT ( 'NONE',  ( -12.66951079150472026, 425.3579066667835491, -52.31945405958759920 ) ) ;
#1409 = ADVANCED_FACE ( 'NONE', ( #619 ), #1288, .F. ) ;
#1410 = DIRECTION ( 'NONE',  ( -5.951775163908420362E-16, 2.049490715615130037E-15, -1.000000000000000000 ) ) ;
#1411 = ORIENTED_EDGE ( 'NONE', *, *, #5240, .F. ) ;
#1412 = ORIENTED_EDGE ( 'NONE', *, *, #5161, .F. ) ;
#1413 = CARTESIAN_POINT ( 'NONE',  ( -2.202872000005404729, 402.9067092087969399, -48.90524068635239274 ) ) ;
#1414 = DIRECTION ( 'NONE',  ( -0.4082482891357299692, 0.8164965835839528285, -0.4082482864795424771 ) ) ;
#1415 = CARTESIAN_POINT ( 'NONE',  ( -43.91928253296239149, 403.6770773008644824, -55.63864773724939994 ) ) ;
#1416 = EDGE_CURVE ( 'NONE', #4253, #5566, #2152, .T. ) ;
#1417 = EDGE_LOOP ( 'NONE', ( #230, #5197, #4395, #4008 ) ) ;
#1418 = CARTESIAN_POINT ( 'NONE',  ( -6.202871992957799563, 403.9897859071469952, -54.90524068635239985 ) ) ;
#1419 = CARTESIAN_POINT ( 'NONE',  ( -5.479696847657200109, 426.6509796808909982, -60.83499734764340161 ) ) ;
#1420 = AXIS2_PLACEMENT_3D ( 'NONE', #4894, #5437, #3870 ) ;
#1421 = DIRECTION ( 'NONE',  ( -6.507088095983960298E-09, -1.000000000000000000, -1.999999999127239949E-15 ) ) ;
#1422 = CARTESIAN_POINT ( 'NONE',  ( -5.202872000005400288, 402.9067092283455054, -49.90524068635249932 ) ) ;
#1423 = EDGE_CURVE ( 'NONE', #2697, #2101, #5952, .T. ) ;
#1424 = ORIENTED_EDGE ( 'NONE', *, *, #79, .T. ) ;
#1425 = B_SPLINE_SURFACE_WITH_KNOTS ( 'NONE', 3, 3, ( 
 ( #2396, #2868, #946, #5125 ),
 ( #5689, #2023, #3254, #5186 ),
 ( #3311, #5624, #1383, #4647 ),
 ( #5157, #1563, #633, #3414 ) ),
 .UNSPECIFIED., .F., .F., .F.,
 ( 4, 4 ),
 ( 4, 4 ),
 ( 0.000000000000000000, 1.000000000000000000 ),
 ( 2.817314080629219841, 3.141592654803760265 ),
 .UNSPECIFIED. ) ;
#1426 = ORIENTED_EDGE ( 'NONE', *, *, #1342, .T. ) ;
#1427 = DIRECTION ( 'NONE',  ( 1.000000000000000000, -6.506367041610590331E-09, -4.296660515246500193E-16 ) ) ;
#1428 = CARTESIAN_POINT ( 'NONE',  ( -50.21779260776639831, 403.2592304963520178, -55.71857402019279704 ) ) ;
#1429 = CARTESIAN_POINT ( 'NONE',  ( -45.25651370592539990, 402.9067094778880005, -55.90524068635230037 ) ) ;
#1430 = CARTESIAN_POINT ( 'NONE',  ( -15.37969929456649965, 418.7788445198539762, -61.83499734764340161 ) ) ;
#1431 = AXIS2_PLACEMENT_3D ( 'NONE', #4373, #3703, #5979 ) ;
#1432 = VERTEX_POINT ( 'NONE', #1700 ) ;
#1433 = CARTESIAN_POINT ( 'NONE',  ( -8.332774105257499286, 402.6965862294475187, -55.61193496722120244 ) ) ;
#1434 = ADVANCED_FACE ( 'NONE', ( #5402 ), #2360, .T. ) ;
#1435 = ORIENTED_EDGE ( 'NONE', *, *, #1778, .T. ) ;
#1436 = VERTEX_POINT ( 'NONE', #2720 ) ;
#1437 = LINE ( 'NONE', #5204, #2875 ) ;
#1438 = DIRECTION ( 'NONE',  ( -0.8141058019522849909, 0.5807165773659530572, 1.356105315700410188E-15 ) ) ;
#1439 = EDGE_LOOP ( 'NONE', ( #6049, #2715, #390, #2554 ) ) ;
#1440 = CARTESIAN_POINT ( 'NONE',  ( -41.93048412294869820, 427.6509799178894582, -58.09332458483159911 ) ) ;
#1441 = CARTESIAN_POINT ( 'NONE',  ( -16.20122941267095129, 425.3127935698435067, -55.57381449318369704 ) ) ;
#1442 = ORIENTED_EDGE ( 'NONE', *, *, #2563, .T. ) ;
#1443 = ORIENTED_EDGE ( 'NONE', *, *, #1796, .T. ) ;
#1444 = DIRECTION ( 'NONE',  ( -0.6286327589824119988, -0.3237604891492214532, 0.7071067811865600072 ) ) ;
#1445 = CARTESIAN_POINT ( 'NONE',  ( -5.479696821631799608, 430.6509796807269481, -61.83499734764340161 ) ) ;
#1446 = EDGE_CURVE ( 'NONE', #4945, #4762, #5597, .T. ) ;
#1447 = CARTESIAN_POINT ( 'NONE',  ( -43.98187882244219793, 402.5174187419794976, -55.50524068548629941 ) ) ;
#1448 = FACE_OUTER_BOUND ( 'NONE', #1784, .T. ) ;
#1449 = DIRECTION ( 'NONE',  ( -0.6801575257304292021, 0.1933540781391145380, 0.7071067392262879725 ) ) ;
#1450 = CARTESIAN_POINT ( 'NONE',  ( -1.980816390973199725, 403.9897858796729793, -55.88027469069650266 ) ) ;
#1451 = ADVANCED_FACE ( 'NONE', ( #381 ), #1798, .F. ) ;
#1452 = EDGE_CURVE ( 'NONE', #2963, #218, #4095, .T. ) ;
#1453 = AXIS2_PLACEMENT_3D ( 'NONE', #411, #2722, #383 ) ;
#1454 = DIRECTION ( 'NONE',  ( -6.505661050245420325E-09, -1.000000000000000000, -1.705231082091655012E-14 ) ) ;
#1455 = CARTESIAN_POINT ( 'NONE',  ( -5.479696847657200109, 426.6509796808909982, -60.83499734764340161 ) ) ;
#1456 = VERTEX_POINT ( 'NONE', #3655 ) ;
#1457 = ORIENTED_EDGE ( 'NONE', *, *, #4452, .F. ) ;
#1458 = DIRECTION ( 'NONE',  ( -0.4082482891357299692, 0.8164965835839528285, -0.4082482864795424771 ) ) ;
#1459 = SPHERICAL_SURFACE ( 'NONE', #989, 1.000000000000000000 ) ;
#1460 = CARTESIAN_POINT ( 'NONE',  ( -46.95651370592540275, 402.9067095000099243, -54.90524068635230037 ) ) ;
#1461 = CARTESIAN_POINT ( 'NONE',  ( -35.77968623503944912, 414.1349214286410074, -54.90524068635239985 ) ) ;
#1462 = CARTESIAN_POINT ( 'NONE',  ( -8.420012375927210968, 403.5103940077224820, -55.77205479133689892 ) ) ;
#1463 = ORIENTED_EDGE ( 'NONE', *, *, #1064, .F. ) ;
#1464 = APPLICATION_CONTEXT ( 'automotive_design' ) ;
#1465 = EDGE_LOOP ( 'NONE', ( #2811, #4399, #3636, #3764 ) ) ;
#1466 = FACE_OUTER_BOUND ( 'NONE', #1710, .T. ) ;
#1467 = FACE_OUTER_BOUND ( 'NONE', #3195, .T. ) ;
#1468 = EDGE_CURVE ( 'NONE', #4253, #2992, #5222, .T. ) ;
#1469 = CARTESIAN_POINT ( 'NONE',  ( -12.87111456572600687, 425.1375969328347537, -52.31945390392871076 ) ) ;
#1470 = DIRECTION ( 'NONE',  ( -1.000000000000000000, 0.000000000000000000, 6.665464103466500443E-16 ) ) ;
#1471 = VERTEX_POINT ( 'NONE', #5504 ) ;
#1472 = VERTEX_POINT ( 'NONE', #1266 ) ;
#1473 = CARTESIAN_POINT ( 'NONE',  ( -47.17611843567560470, 399.5219075980155594, -55.82524068635230208 ) ) ;
#1474 = DIRECTION ( 'NONE',  ( -0.5773502729460676663, -0.5773502654331538197, -0.5773502691896558181 ) ) ;
#1475 = CARTESIAN_POINT ( 'NONE',  ( -44.00213037009839923, 403.4610888294280358, -55.50524068526979704 ) ) ;
#1476 = ORIENTED_EDGE ( 'NONE', *, *, #1324, .T. ) ;
#1477 = CARTESIAN_POINT ( 'NONE',  ( -5.479696847657200109, 426.6509796808909982, -60.83499734764340161 ) ) ;
#1478 = AXIS2_PLACEMENT_3D ( 'NONE', #4379, #1256, #2082 ) ;
#1479 = EDGE_CURVE ( 'NONE', #4540, #986, #196, .T. ) ;
#1480 = LINE ( 'NONE', #4769, #2706 ) ;
#1481 = CARTESIAN_POINT ( 'NONE',  ( -49.73861840405329815, 404.0456540826205014, -55.50524068635239416 ) ) ;
#1482 = EDGE_CURVE ( 'NONE', #2126, #4476, #798, .T. ) ;
#1483 = ORIENTED_EDGE ( 'NONE', *, *, #3779, .F. ) ;
#1484 = ORIENTED_EDGE ( 'NONE', *, *, #931, .F. ) ;
#1485 = CARTESIAN_POINT ( 'NONE',  ( -39.79775387692225763, 406.0136958918600953, -49.90499277453005789 ) ) ;
#1486 = AXIS2_PLACEMENT_3D ( 'NONE', #2601, #2515, #758 ) ;
#1487 = CARTESIAN_POINT ( 'NONE',  ( -13.29613762367189977, 425.6509797317474977, -56.90524068635230037 ) ) ;
#1488 = CYLINDRICAL_SURFACE ( 'NONE', #2213, 0.9999999999999866773 ) ;
#1489 = AXIS2_PLACEMENT_3D ( 'NONE', #2619, #2990, #4871 ) ;
#1490 = DIRECTION ( 'NONE',  ( -0.7529914335264225045, 0.6580303192375130950, 1.387778780781446859E-15 ) ) ;
#1491 = CARTESIAN_POINT ( 'NONE',  ( -8.202103049161401316, 402.7053590985094615, -55.50524068635239416 ) ) ;
#1492 = ORIENTED_EDGE ( 'NONE', *, *, #2025, .F. ) ;
#1493 = CARTESIAN_POINT ( 'NONE',  ( -35.77968615360539673, 426.6509798780339793, -54.90524068635230037 ) ) ;
#1494 = CONICAL_SURFACE ( 'NONE', #5244, 6.500000000000001776, 0.7853981633974300713 ) ;
#1495 = CARTESIAN_POINT ( 'NONE',  ( -9.169338227103303041, 402.3898478646399326, -55.09994783642651583 ) ) ;
#1496 = DIRECTION ( 'NONE',  ( 1.000000000000000000, -6.506367041610590331E-09, -4.296660515246500193E-16 ) ) ;
#1497 = VECTOR ( 'NONE', #1531, 1000.000000000000000 ) ;
#1498 = CARTESIAN_POINT ( 'NONE',  ( -8.586931345336363819, 403.2193472156745315, -55.87152936681777504 ) ) ;
#1499 = ORIENTED_EDGE ( 'NONE', *, *, #2153, .F. ) ;
#1500 = ADVANCED_FACE ( 'NONE', ( #1151 ), #5423, .T. ) ;
#1501 = EDGE_CURVE ( 'NONE', #4788, #5271, #980, .T. ) ;
#1502 = CARTESIAN_POINT ( 'NONE',  ( -15.37969925636029878, 424.6509797453039710, -55.90524068635230037 ) ) ;
#1503 = VECTOR ( 'NONE', #5562, 1000.000000000000000 ) ;
#1504 = LINE ( 'NONE', #3977, #1350 ) ;
#1505 = ORIENTED_EDGE ( 'NONE', *, *, #3833, .F. ) ;
#1506 = VECTOR ( 'NONE', #4115, 1000.000000000000000 ) ;
#1507 = EDGE_CURVE ( 'NONE', #1608, #2530, #4470, .T. ) ;
#1508 = LINE ( 'NONE', #3659, #4431 ) ;
#1509 = EDGE_LOOP ( 'NONE', ( #3406, #1636, #2228, #1924, #1149, #4848 ) ) ;
#1510 = CARTESIAN_POINT ( 'NONE',  ( -50.01972667372390191, 404.3982314673104952, -55.90524068635239985 ) ) ;
#1511 = ORIENTED_EDGE ( 'NONE', *, *, #5546, .T. ) ;
#1512 = ORIENTED_EDGE ( 'NONE', *, *, #2463, .F. ) ;
#1513 = CARTESIAN_POINT ( 'NONE',  ( -40.95389721062740307, 405.3763940959689762, -60.41436847901160689 ) ) ;
#1514 = CARTESIAN_POINT ( 'NONE',  ( -49.80015620683030164, 403.8625846629090574, -55.50524068635239416 ) ) ;
#1515 = CYLINDRICAL_SURFACE ( 'NONE', #5448, 0.9999999999999866773 ) ;
#1516 = ADVANCED_FACE ( 'NONE', ( #2178 ), #5917, .T. ) ;
#1517 = CARTESIAN_POINT ( 'NONE',  ( -10.22890126099149910, 427.6509797116269738, -58.09332458483159911 ) ) ;
#1518 = AXIS2_PLACEMENT_3D ( 'NONE', #934, #4925, #5349 ) ;
#1519 = CARTESIAN_POINT ( 'NONE',  ( -9.169338227103398964, 402.3898478646395347, -54.90524068635239985 ) ) ;
#1520 = ORIENTED_EDGE ( 'NONE', *, *, #1962, .F. ) ;
#1521 = CARTESIAN_POINT ( 'NONE',  ( -36.16080568768236958, 411.4004874922375166, -51.65816978547036342 ) ) ;
#1522 = ORIENTED_EDGE ( 'NONE', *, *, #4715, .F. ) ;
#1523 = DIRECTION ( 'NONE',  ( 0.000000000000000000, -2.277555759156820351E-15, 1.000000000000000000 ) ) ;
#1524 = AXIS2_PLACEMENT_3D ( 'NONE', #554, #1454, #2428 ) ;
#1525 = EDGE_CURVE ( 'NONE', #2156, #818, #301, .T. ) ;
#1526 = CARTESIAN_POINT ( 'NONE',  ( -3.190906224601020025, 406.6219071449029911, -48.90524068635239274 ) ) ;
#1527 = VERTEX_POINT ( 'NONE', #3450 ) ;
#1528 = VECTOR ( 'NONE', #3756, 1000.000000000000000 ) ;
#1529 = DIRECTION ( 'NONE',  ( -0.7071067811865470176, 4.600700374901940386E-09, -0.7071067811865480168 ) ) ;
#1530 = ORIENTED_EDGE ( 'NONE', *, *, #79, .F. ) ;
#1531 = DIRECTION ( 'NONE',  ( 6.505646275490359098E-09, 1.000000000000000000, 1.999999999127414287E-15 ) ) ;
#1532 = CARTESIAN_POINT ( 'NONE',  ( -36.77968615360539673, 426.6509798845399928, -61.83499734764340161 ) ) ;
#1533 = CIRCLE ( 'NONE', #3579, 1.000000000000000888 ) ;
#1534 = ORIENTED_EDGE ( 'NONE', *, *, #1096, .F. ) ;
#1535 = DIRECTION ( 'NONE',  ( -6.505646275490359098E-09, -1.000000000000000000, -1.999999999127414287E-15 ) ) ;
#1536 = ORIENTED_EDGE ( 'NONE', *, *, #2407, .F. ) ;
#1537 = DIRECTION ( 'NONE',  ( 4.191135287036850180E-23, 6.440892098500601074E-15, -1.000000000000000000 ) ) ;
#1538 = ADVANCED_FACE ( 'NONE', ( #2111 ), #3027, .T. ) ;
#1539 = EDGE_CURVE ( 'NONE', #4039, #6022, #1655, .T. ) ;
#1540 = DIRECTION ( 'NONE',  ( 1.241996103372579985E-22, 9.544470100601900320E-15, -1.000000000000000000 ) ) ;
#1541 = ORIENTED_EDGE ( 'NONE', *, *, #1539, .T. ) ;
#1542 = CARTESIAN_POINT ( 'NONE',  ( -42.82817927602629737, 403.6320494710484468, -49.90524068635239274 ) ) ;
#1543 = DIRECTION ( 'NONE',  ( 0.000000000000000000, -2.277555759621225133E-15, 1.000000000000000000 ) ) ;
#1544 = MECHANICAL_DESIGN_GEOMETRIC_PRESENTATION_REPRESENTATION (  '', ( #3112 ), #2030 ) ;
#1545 = CARTESIAN_POINT ( 'NONE',  ( -45.95651369887919913, 403.9897861657984777, -54.90524068635239985 ) ) ;
#1546 = CARTESIAN_POINT ( 'NONE',  ( -5.202872000005400288, 402.9067092283455054, -55.90524068635239985 ) ) ;
#1547 = VECTOR ( 'NONE', #4904, 1000.000000000000000 ) ;
#1548 = CARTESIAN_POINT ( 'NONE',  ( -10.72291000014310036, 406.2522516404399653, -48.90524068635239274 ) ) ;
#1549 = CARTESIAN_POINT ( 'NONE',  ( -50.66362048711189914, 402.9067095379159582, -55.61234746753889624 ) ) ;
#1550 = CIRCLE ( 'NONE', #5501, 3.000000000000003109 ) ;
#1551 = ORIENTED_EDGE ( 'NONE', *, *, #2368, .T. ) ;
#1552 = DIRECTION ( 'NONE',  ( 0.7071067811865506814, -4.601208303256495457E-09, -0.7071067811865445751 ) ) ;
#1553 = VECTOR ( 'NONE', #3405, 1000.000000000000000 ) ;
#1554 = ORIENTED_EDGE ( 'NONE', *, *, #1849, .F. ) ;
#1555 = CARTESIAN_POINT ( 'NONE',  ( -32.34286182778324559, 426.6509798556724604, -44.46551001224074895 ) ) ;
#1556 = CARTESIAN_POINT ( 'NONE',  ( -32.37969041526354630, 430.6509798557505064, -52.53501369717669434 ) ) ;
#1557 = ORIENTED_EDGE ( 'NONE', *, *, #353, .F. ) ;
#1558 = CARTESIAN_POINT ( 'NONE',  ( -9.215413981020679657, 404.9649982501520640, -55.90524068635238564 ) ) ;
#1559 = CARTESIAN_POINT ( 'NONE',  ( -15.37969925176090058, 425.3579061560154742, -56.19830975273059437 ) ) ;
#1560 = ADVANCED_FACE ( 'NONE', ( #1725 ), #586, .F. ) ;
#1561 = VERTEX_POINT ( 'NONE', #4987 ) ;
#1562 = DIRECTION ( 'NONE',  ( -3.046573970877780347E-08, -2.337986380036440136E-07, -0.9999999999999721334 ) ) ;
#1563 = CARTESIAN_POINT ( 'NONE',  ( -2.255906212357205121, 403.5552069076774728, -55.50524068635239416 ) ) ;
#1564 = CARTESIAN_POINT ( 'NONE',  ( -18.86095049935340029, 414.3069387245795383, -49.90171404288099666 ) ) ;
#1565 = ORIENTED_EDGE ( 'NONE', *, *, #229, .T. ) ;
#1566 = CARTESIAN_POINT ( 'NONE',  ( -15.99484624123129883, 411.4015478760704809, -53.53501369717709935 ) ) ;
#1567 = DIRECTION ( 'NONE',  ( -6.506378159805550618E-09, -1.000000000000000000, 6.484357043924220974E-15 ) ) ;
#1568 = CARTESIAN_POINT ( 'NONE',  ( -13.29613762557760026, 425.3580865129339941, -56.19813390516580398 ) ) ;
#1569 = EDGE_LOOP ( 'NONE', ( #1780, #2267, #4809, #6015 ) ) ;
#1570 = VERTEX_POINT ( 'NONE', #3541 ) ;
#1571 = ADVANCED_FACE ( 'NONE', ( #5460 ), #2544, .T. ) ;
#1572 = CARTESIAN_POINT ( 'NONE',  ( -39.61859808825389706, 406.1121197852904743, -60.41436879833420193 ) ) ;
#1573 = DIRECTION ( 'NONE',  ( 1.667279672172030740E-16, -0.7071067811865514585, 0.7071067811865435759 ) ) ;
#1574 = CARTESIAN_POINT ( 'NONE',  ( -39.48969928308130051, 426.6509799021719687, -50.19813390516569740 ) ) ;
#1575 = CARTESIAN_POINT ( 'NONE',  ( -33.05267556320780642, 414.3068146362355151, -49.90560089546089984 ) ) ;
#1576 = CARTESIAN_POINT ( 'NONE',  ( -12.79573346600816208, 426.4334375746625483, -50.07208653212349958 ) ) ;
#1577 = ORIENTED_EDGE ( 'NONE', *, *, #5207, .F. ) ;
#1578 = ORIENTED_EDGE ( 'NONE', *, *, #3733, .F. ) ;
#1579 = CIRCLE ( 'NONE', #2270, 6.999999999999999112 ) ;
#1580 = DIRECTION ( 'NONE',  ( 2.963723143104105378E-23, 2.277555757600990220E-15, -1.000000000000000000 ) ) ;
#1581 = DIRECTION ( 'NONE',  ( -0.09474679633992313943, 0.7007303651072235295, -0.7071067811865605623 ) ) ;
#1582 = VERTEX_POINT ( 'NONE', #3100 ) ;
#1583 = CARTESIAN_POINT ( 'NONE',  ( -50.33436185143462183, 403.2278534781378312, -55.83148545586658429 ) ) ;
#1584 = DIRECTION ( 'NONE',  ( 3.501461901885020364E-16, -4.960594735334280150E-15, 1.000000000000000000 ) ) ;
#1585 = VECTOR ( 'NONE', #294, 1000.000000000000114 ) ;
#1586 = ORIENTED_EDGE ( 'NONE', *, *, #1648, .F. ) ;
#1587 = CARTESIAN_POINT ( 'NONE',  ( -35.77968615530909346, 426.3891253459810287, -55.42894975244306721 ) ) ;
#1588 = DIRECTION ( 'NONE',  ( 0.000000000000000000, -0.8944271898360164341, -0.4472135978277570478 ) ) ;
#1589 = EDGE_LOOP ( 'NONE', ( #3088, #425, #4016, #250 ) ) ;
#1590 = CARTESIAN_POINT ( 'NONE',  ( -19.04506385537395019, 414.6403067843015151, -49.57214749226640294 ) ) ;
#1591 = CARTESIAN_POINT ( 'NONE',  ( -9.330878296820701578, 403.6295307818520541, -51.57190692882179661 ) ) ;
#1592 = CONICAL_SURFACE ( 'NONE', #2292, 6.500000000000000000, 0.7853981633974300713 ) ;
#1593 = AXIS2_PLACEMENT_3D ( 'NONE', #3046, #2585, #5817 ) ;
#1594 = CARTESIAN_POINT ( 'NONE',  ( -11.96257934569919890, 424.6509797230709751, -54.90524068635230037 ) ) ;
#1595 = ADVANCED_FACE ( 'NONE', ( #4049 ), #5885, .T. ) ;
#1596 = CIRCLE ( 'NONE', #5057, 12.00000000000000178 ) ;
#1597 = CARTESIAN_POINT ( 'NONE',  ( -15.37969921732200085, 430.6509797453039710, -60.83499734764340161 ) ) ;
#1598 = VERTEX_POINT ( 'NONE', #5950 ) ;
#1599 = VERTEX_POINT ( 'NONE', #2636 ) ;
#1600 = CARTESIAN_POINT ( 'NONE',  ( -46.67968855389639771, 425.9438731504095017, -61.54210411147310111 ) ) ;
#1601 = CARTESIAN_POINT ( 'NONE',  ( -8.177721670328899961, 402.5190632055659989, -55.50524068635239416 ) ) ;
#1602 = DIRECTION ( 'NONE',  ( -4.600696559831169980E-09, -0.7071067811865302533, -0.7071067811865648922 ) ) ;
#1603 = CARTESIAN_POINT ( 'NONE',  ( -12.77463949780510077, 426.6543037859204901, -50.09367750135400144 ) ) ;
#1604 = EDGE_CURVE ( 'NONE', #3101, #1848, #596, .T. ) ;
#1605 = DIRECTION ( 'NONE',  ( 0.000000000000000000, 2.277555759156820351E-15, -1.000000000000000000 ) ) ;
#1606 = VERTEX_POINT ( 'NONE', #4117 ) ;
#1607 = CARTESIAN_POINT ( 'NONE',  ( -8.838799542406800214, 402.4329209308410213, -49.57190735301900020 ) ) ;
#1608 = VERTEX_POINT ( 'NONE', #6080 ) ;
#1609 = DIRECTION ( 'NONE',  ( -3.115520746156770004E-16, -2.279723910141595386E-15, 1.000000000000000000 ) ) ;
#1610 = CARTESIAN_POINT ( 'NONE',  ( -2.202871992957799563, 403.9897858811185074, -54.90524068635239985 ) ) ;
#1611 = CONICAL_SURFACE ( 'NONE', #1420, 1.900000000000000577, 0.7853981636022009383 ) ;
#1612 = EDGE_CURVE ( 'NONE', #5816, #914, #5650, .T. ) ;
#1613 = ORIENTED_EDGE ( 'NONE', *, *, #124, .T. ) ;
#1614 = DIRECTION ( 'NONE',  ( -3.213426488236610379E-23, -6.938893903907220489E-15, 1.000000000000000000 ) ) ;
#1615 = ORIENTED_EDGE ( 'NONE', *, *, #71, .F. ) ;
#1616 = DIRECTION ( 'NONE',  ( 0.3681351486993220679, -0.9297722905594293374, -1.734723475976808869E-15 ) ) ;
#1617 = AXIS2_PLACEMENT_3D ( 'NONE', #5033, #1364, #4961 ) ;
#1618 = FACE_OUTER_BOUND ( 'NONE', #164, .T. ) ;
#1619 = CARTESIAN_POINT ( 'NONE',  ( -15.99833592149949801, 411.3996291073719931, -50.77948098803360466 ) ) ;
#1620 = VECTOR ( 'NONE', #3643, 1000.000000000000000 ) ;
#1621 = EDGE_LOOP ( 'NONE', ( #1180, #1476, #652, #152 ) ) ;
#1622 = DIRECTION ( 'NONE',  ( 0.000000000000000000, 9.146603226324581300E-08, -0.9999999999999957812 ) ) ;
#1623 =( BOUNDED_CURVE ( )  B_SPLINE_CURVE ( 3, ( #5849, #2560, #2536, #4425 ),
 .UNSPECIFIED., .F., .F. ) 
 B_SPLINE_CURVE_WITH_KNOTS ( ( 4, 4 ),
 ( 5.497787143783329888, 6.283185307179330437 ),
 .UNSPECIFIED. ) 
 CURVE ( )  GEOMETRIC_REPRESENTATION_ITEM ( )  RATIONAL_B_SPLINE_CURVE ( ( 1.000000000000000000, 0.9492530216743430005, 0.9492530216743430005, 1.000000000000000000 ) ) 
 REPRESENTATION_ITEM ( '' )  );
#1624 = DIRECTION ( 'NONE',  ( 6.506375011613700258E-09, 1.000000000000000000, 9.632548904209940128E-15 ) ) ;
#1625 = EDGE_LOOP ( 'NONE', ( #2989, #5648, #779, #452 ) ) ;
#1626 = ADVANCED_FACE ( 'NONE', ( #2669 ), #1852, .F. ) ;
#1627 = ADVANCED_FACE ( 'NONE', ( #3161 ), #5560, .T. ) ;
#1628 = DIRECTION ( 'NONE',  ( -0.5773502729460676663, -0.5773502654331538197, -0.5773502691896558181 ) ) ;
#1629 = CARTESIAN_POINT ( 'NONE',  ( -35.77968624848534773, 412.1021611916610254, -53.23857581387279936 ) ) ;
#1630 = DIRECTION ( 'NONE',  ( -0.9999999999999998890, 1.301273903446067516E-08, 0.000000000000000000 ) ) ;
#1631 = CARTESIAN_POINT ( 'NONE',  ( -6.962579403456199856, 415.7749750439084551, -48.90524068635239274 ) ) ;
#1632 = DIRECTION ( 'NONE',  ( 2.602543913252705277E-23, 2.000000001444699901E-15, -1.000000000000000000 ) ) ;
#1633 = CARTESIAN_POINT ( 'NONE',  ( -46.95651370592540275, 402.9067095000099243, -55.66524068635239786 ) ) ;
#1634 = EDGE_LOOP ( 'NONE', ( #3523, #3238, #5105, #4435, #1653 ) ) ;
#1635 = DIRECTION ( 'NONE',  ( 6.506351013513269871E-09, 1.000000000000000000, 4.960594733056660434E-15 ) ) ;
#1636 = ORIENTED_EDGE ( 'NONE', *, *, #4541, .T. ) ;
#1637 = CARTESIAN_POINT ( 'NONE',  ( -6.202871992957799563, 403.9897859071469952, -49.40524068635239274 ) ) ;
#1638 = PRODUCT_DEFINITION ( 'UNKNOWN', '', #4761, #3664 ) ;
#1639 = DIRECTION ( 'NONE',  ( 0.000000000000000000, 9.266570017105360319E-15, -1.000000000000000000 ) ) ;
#1640 = CIRCLE ( 'NONE', #3980, 1.000000000000000888 ) ;
#1641 = ORIENTED_EDGE ( 'NONE', *, *, #6055, .F. ) ;
#1642 = CARTESIAN_POINT ( 'NONE',  ( -40.30185670453030156, 425.6509799074564739, -65.80149812156159328 ) ) ;
#1643 = VECTOR ( 'NONE', #43, 1000.000000000000000 ) ;
#1644 = CARTESIAN_POINT ( 'NONE',  ( -2.247927979840999679, 404.5884659996100368, -55.90524068635239985 ) ) ;
#1645 = ORIENTED_EDGE ( 'NONE', *, *, #5046, .T. ) ;
#1646 = CARTESIAN_POINT ( 'NONE',  ( -16.08680617902304988, 402.9067092991675167, -55.61234746753889624 ) ) ;
#1647 = LINE ( 'NONE', #2629, #2904 ) ;
#1648 = EDGE_CURVE ( 'NONE', #5090, #4573, #6037, .T. ) ;
#1649 = DIRECTION ( 'NONE',  ( 0.000000000000000000, -2.277555759621225133E-15, 1.000000000000000000 ) ) ;
#1650 = EDGE_CURVE ( 'NONE', #1436, #5719, #6016, .T. ) ;
#1651 = DIRECTION ( 'NONE',  ( -6.505646275490359098E-09, -1.000000000000000000, -2.277555756983470298E-15 ) ) ;
#1652 = CARTESIAN_POINT ( 'NONE',  ( -39.19671864335339961, 426.3772085618834922, -49.60209857506049502 ) ) ;
#1653 = ORIENTED_EDGE ( 'NONE', *, *, #876, .F. ) ;
#1654 = CARTESIAN_POINT ( 'NONE',  ( -19.84921883463564996, 415.3067079659800243, -48.90524068635239274 ) ) ;
#1655 = LINE ( 'NONE', #726, #4133 ) ;
#1656 = CARTESIAN_POINT ( 'NONE',  ( -47.67968854929569744, 426.6509799554594906, -58.42366627028980020 ) ) ;
#1657 = B_SPLINE_CURVE_WITH_KNOTS ( 'NONE', 3,
 ( #1670, #3525, #1744, #1205, #4565 ),
 .UNSPECIFIED., .F., .F.,
 ( 4, 1, 4 ),
 ( 0.000000000000000000, 0.5488263661127810167, 0.9604461406973670012 ),
 .UNSPECIFIED. ) ;
#1658 = ORIENTED_EDGE ( 'NONE', *, *, #645, .F. ) ;
#1659 = CARTESIAN_POINT ( 'NONE',  ( -15.37445263835500064, 412.8620657992059932, -48.90524068635239274 ) ) ;
#1660 = LINE ( 'NONE', #4056, #4924 ) ;
#1661 = PLANE ( 'NONE',  #5303 ) ;
#1662 = CARTESIAN_POINT ( 'NONE',  ( -41.43647566225300238, 406.2522518402740275, -48.90524068635239274 ) ) ;
#1663 = CARTESIAN_POINT ( 'NONE',  ( -46.94844965786680291, 425.6509799507016965, -59.15490516822519851 ) ) ;
#1664 = ADVANCED_FACE ( 'NONE', ( #853 ), #825, .F. ) ;
#1665 = CARTESIAN_POINT ( 'NONE',  ( -46.95651370592540275, 402.9067095000099243, -52.90524068635230037 ) ) ;
#1666 = ORIENTED_EDGE ( 'NONE', *, *, #2242, .T. ) ;
#1667 = EDGE_LOOP ( 'NONE', ( #5268, #2648, #573, #968, #5673, #1172 ) ) ;
#1668 = DIRECTION ( 'NONE',  ( 1.000000000000000000, -6.506356300289581785E-09, 0.000000000000000000 ) ) ;
#1669 = CARTESIAN_POINT ( 'NONE',  ( -39.48969928308130051, 426.6509799021719687, -50.19813390516569740 ) ) ;
#1670 = CARTESIAN_POINT ( 'NONE',  ( -41.43647589727439140, 406.2522491066304724, -55.90524068635239985 ) ) ;
#1671 = ADVANCED_FACE ( 'NONE', ( #2768 ), #2336, .T. ) ;
#1672 = EDGE_LOOP ( 'NONE', ( #2043, #1106, #259, #2300 ) ) ;
#1673 = PLANE ( 'NONE',  #922 ) ;
#1674 = VECTOR ( 'NONE', #3402, 1000.000000000000114 ) ;
#1675 = CARTESIAN_POINT ( 'NONE',  ( -16.37969932478159762, 414.1349220257915249, -53.23857669614209698 ) ) ;
#1676 = EDGE_LOOP ( 'NONE', ( #5169, #2752, #4072, #1613 ) ) ;
#1677 = CARTESIAN_POINT ( 'NONE',  ( -1.202872000005401842, 402.9067092022805241, -55.90524068635230037 ) ) ;
#1678 = CARTESIAN_POINT ( 'NONE',  ( -44.85651370592545106, 402.9067094726829623, -48.90524068635239274 ) ) ;
#1679 = CARTESIAN_POINT ( 'NONE',  ( -43.95651370552199921, 402.9067094609714559, -55.50525107662200242 ) ) ;
#1680 = CIRCLE ( 'NONE', #2459, 3.391918358845309012 ) ;
#1681 = DIRECTION ( 'NONE',  ( -0.7011788131746338193, -0.09136887848177378812, -0.7071067811865439090 ) ) ;
#1682 = VECTOR ( 'NONE', #5099, 1000.000000000000000 ) ;
#1683 = EDGE_CURVE ( 'NONE', #4984, #184, #3141, .T. ) ;
#1684 = CARTESIAN_POINT ( 'NONE',  ( -12.29670524448596147, 413.0277761956165250, -49.90524068635239274 ) ) ;
#1685 = VERTEX_POINT ( 'NONE', #916 ) ;
#1686 = DIRECTION ( 'NONE',  ( 9.201392713490632787E-09, 0.7071067811865514585, -0.7071067811865434649 ) ) ;
#1687 = LINE ( 'NONE', #2144, #4970 ) ;
#1688 = CARTESIAN_POINT ( 'NONE',  ( -9.330878414326200243, 403.6295298024514864, -54.90524127586690639 ) ) ;
#1689 = AXIS2_PLACEMENT_3D ( 'NONE', #5665, #979, #445 ) ;
#1690 = ADVANCED_FACE ( 'NONE', ( #3644 ), #3741, .F. ) ;
#1691 = EDGE_LOOP ( 'NONE', ( #2147, #4025, #3561, #1402 ) ) ;
#1692 = DIRECTION ( 'NONE',  ( -0.7071067811865441310, 4.600708702895411655E-09, -0.7071067811865510144 ) ) ;
#1693 = VECTOR ( 'NONE', #2739, 1000.000000000000000 ) ;
#1694 = ORIENTED_EDGE ( 'NONE', *, *, #5953, .T. ) ;
#1695 = ORIENTED_EDGE ( 'NONE', *, *, #867, .F. ) ;
#1696 = DIRECTION ( 'NONE',  ( -0.8141058095089845903, -0.5807165667722257174, -1.161433133544427432E-15 ) ) ;
#1697 = CARTESIAN_POINT ( 'NONE',  ( -10.72290976512180016, 406.2522489067970355, -55.90524068635239985 ) ) ;
#1698 = CARTESIAN_POINT ( 'NONE',  ( -15.02605503225861483, 408.9389525657073818, -49.90473404034970173 ) ) ;
#1699 = VECTOR ( 'NONE', #1410, 1000.000000000000000 ) ;
#1700 = CARTESIAN_POINT ( 'NONE',  ( -46.67968854929569744, 426.6509799489535339, -61.83499734764340161 ) ) ;
#1701 = CARTESIAN_POINT ( 'NONE',  ( -39.24494170202724064, 426.0722775961655202, -49.95331351043869006 ) ) ;
#1702 = ORIENTED_EDGE ( 'NONE', *, *, #4913, .F. ) ;
#1703 = CARTESIAN_POINT ( 'NONE',  ( -36.16453892423070471, 411.4015495250049526, -53.53501369718190261 ) ) ;
#1704 = CIRCLE ( 'NONE', #1996, 3.000000000000000000 ) ;
#1705 = ORIENTED_EDGE ( 'NONE', *, *, #5685, .T. ) ;
#1706 = EDGE_CURVE ( 'NONE', #5462, #3604, #2709, .T. ) ;
#1707 = CARTESIAN_POINT ( 'NONE',  ( -35.96256945430814511, 414.1349214298309676, -55.65404220750620112 ) ) ;
#1708 = CARTESIAN_POINT ( 'NONE',  ( -3.302872000005405262, 402.9067092283455054, -52.70524068635239701 ) ) ;
#1709 = CARTESIAN_POINT ( 'NONE',  ( -35.01595716497730137, 413.6393113824465217, -50.77948084674899576 ) ) ;
#1710 = EDGE_LOOP ( 'NONE', ( #4136, #486, #676, #4840 ) ) ;
#1711 = DIRECTION ( 'NONE',  ( 1.000000000000000000, -6.506366203760209798E-09, 1.185753038558649989E-15 ) ) ;
#1712 = CARTESIAN_POINT ( 'NONE',  ( -11.20548909951449978, 405.3764005989705197, -45.79323411942569777 ) ) ;
#1713 = VERTEX_POINT ( 'NONE', #4640 ) ;
#1714 = CARTESIAN_POINT ( 'NONE',  ( -38.55227967820719925, 408.3825944906849941, -48.90524068635239274 ) ) ;
#1715 = DIRECTION ( 'NONE',  ( 0.8890209675468647710, -0.4578664862839783023, -9.912705577010320619E-16 ) ) ;
#1716 = EDGE_CURVE ( 'NONE', #5848, #3101, #433, .T. ) ;
#1717 = EDGE_CURVE ( 'NONE', #297, #2899, #3492, .T. ) ;
#1718 = DIRECTION ( 'NONE',  ( 6.536436162801509017E-17, 2.038062013328299869E-15, -1.000000000000000000 ) ) ;
#1719 = VECTOR ( 'NONE', #5701, 1000.000000000000114 ) ;
#1720 = DIRECTION ( 'NONE',  ( -1.110223238793829784E-16, -5.687521804085800380E-15, 1.000000000000000000 ) ) ;
#1721 = CARTESIAN_POINT ( 'NONE',  ( -12.66971631693836464, 426.3892171564857563, -50.19810370380239561 ) ) ;
#1722 = CARTESIAN_POINT ( 'NONE',  ( -45.05651370592540417, 402.9067094752854246, -52.70524068635239701 ) ) ;
#1723 = VERTEX_POINT ( 'NONE', #3612 ) ;
#1724 = DIRECTION ( 'NONE',  ( 6.428413699454800076E-16, -2.083490215230465142E-15, 1.000000000000000000 ) ) ;
#1725 = FACE_OUTER_BOUND ( 'NONE', #5446, .T. ) ;
#1726 = ADVANCED_FACE ( 'NONE', ( #3190 ), #3248, .T. ) ;
#1727 = CARTESIAN_POINT ( 'NONE',  ( -48.10038896888439552, 419.8455043402195201, -48.90524068635230037 ) ) ;
#1728 = CARTESIAN_POINT ( 'NONE',  ( -32.34286182778324559, 426.6509798556724604, -44.46551001224074895 ) ) ;
#1729 = ORIENTED_EDGE ( 'NONE', *, *, #3715, .F. ) ;
#1730 = ORIENTED_EDGE ( 'NONE', *, *, #1482, .F. ) ;
#1731 = CARTESIAN_POINT ( 'NONE',  ( -8.177721807424699563, 402.5190642576599771, -48.90524068635239274 ) ) ;
#1732 = DIRECTION ( 'NONE',  ( -1.000000000000000000, 0.000000000000000000, 0.000000000000000000 ) ) ;
#1733 = EDGE_CURVE ( 'NONE', #487, #3670, #1759, .T. ) ;
#1734 = DIRECTION ( 'NONE',  ( 1.000000000000000000, -6.507072658479273741E-09, 0.000000000000000000 ) ) ;
#1735 = EDGE_CURVE ( 'NONE', #25, #4551, #203, .T. ) ;
#1736 = CARTESIAN_POINT ( 'NONE',  ( -43.59323558426569889, 402.4684481879260147, -55.82517145903129574 ) ) ;
#1737 = CARTESIAN_POINT ( 'NONE',  ( -12.96250290813241435, 425.7523393391471700, -49.90531712122402297 ) ) ;
#1738 = CARTESIAN_POINT ( 'NONE',  ( -36.77968616011180103, 425.6509798845399928, -60.83499734764340161 ) ) ;
#1739 = VERTEX_POINT ( 'NONE', #1287 ) ;
#1740 = CARTESIAN_POINT ( 'NONE',  ( -40.19680607727919863, 424.6509799067549693, -54.90524068635230037 ) ) ;
#1741 = VERTEX_POINT ( 'NONE', #1532 ) ;
#1742 = CARTESIAN_POINT ( 'NONE',  ( -39.83417277080960162, 407.1350892351264861, -55.90524068635239985 ) ) ;
#1743 = DIRECTION ( 'NONE',  ( -1.000000000000000000, 6.507005128607619561E-09, -3.482081731619564824E-16 ) ) ;
#1744 = CARTESIAN_POINT ( 'NONE',  ( -37.52292588372950632, 409.5595650975399735, -55.90524068635239985 ) ) ;
#1745 = EDGE_LOOP ( 'NONE', ( #148, #1294, #4741, #5843 ) ) ;
#1746 = DIRECTION ( 'NONE',  ( 1.000000000000000000, -6.506367384098699429E-09, 1.655432026566064797E-13 ) ) ;
#1747 = CYLINDRICAL_SURFACE ( 'NONE', #2410, 1.000000000000006217 ) ;
#1748 = CARTESIAN_POINT ( 'NONE',  ( -12.54078776141769858, 406.1121221501715013, -54.90524062553379991 ) ) ;
#1749 = VERTEX_POINT ( 'NONE', #515 ) ;
#1750 = CARTESIAN_POINT ( 'NONE',  ( -35.77968615360539673, 426.6509798780339793, -54.90524068635230037 ) ) ;
#1751 = ORIENTED_EDGE ( 'NONE', *, *, #2, .T. ) ;
#1752 = CIRCLE ( 'NONE', #2425, 1.000000000000000888 ) ;
#1753 = AXIS2_PLACEMENT_3D ( 'NONE', #2000, #1540, #2429 ) ;
#1754 = ADVANCED_FACE ( 'NONE', ( #3384 ), #2940, .F. ) ;
#1755 = CARTESIAN_POINT ( 'NONE',  ( -15.64709246245920049, 425.6691779186170379, -56.54050167838870067 ) ) ;
#1756 = ORIENTED_EDGE ( 'NONE', *, *, #738, .F. ) ;
#1757 = AXIS2_PLACEMENT_3D ( 'NONE', #1069, #4832, #5810 ) ;
#1758 = CARTESIAN_POINT ( 'NONE',  ( -44.02535826640910699, 403.5526665070919989, -55.50524068635239416 ) ) ;
#1759 = LINE ( 'NONE', #5527, #1176 ) ;
#1760 = VECTOR ( 'NONE', #2124, 1000.000000000000000 ) ;
#1761 = FACE_OUTER_BOUND ( 'NONE', #3060, .T. ) ;
#1762 = DIRECTION ( 'NONE',  ( 6.507090779654379409E-09, 1.000000000000000000, -4.061146647992859828E-16 ) ) ;
#1763 = VERTEX_POINT ( 'NONE', #1968 ) ;
#1764 = VERTEX_POINT ( 'NONE', #1445 ) ;
#1765 = CARTESIAN_POINT ( 'NONE',  ( -5.202872000005400288, 402.9067092283455054, -55.70524068635239701 ) ) ;
#1766 = DIRECTION ( 'NONE',  ( 0.000000000000000000, -2.000000000000000155E-15, 1.000000000000000000 ) ) ;
#1767 = CARTESIAN_POINT ( 'NONE',  ( -43.77974419178019616, 404.0686243769270050, -55.90524068635239985 ) ) ;
#1768 = CARTESIAN_POINT ( 'NONE',  ( -31.40366312167532925, 430.5328358237441648, -52.78709666053959637 ) ) ;
#1769 = ADVANCED_FACE ( 'NONE', ( #548 ), #5742, .T. ) ;
#1770 = ORIENTED_EDGE ( 'NONE', *, *, #311, .F. ) ;
#1771 = EDGE_CURVE ( 'NONE', #3229, #4424, #4342, .T. ) ;
#1772 = LINE ( 'NONE', #770, #474 ) ;
#1773 = EDGE_LOOP ( 'NONE', ( #550, #940, #3493, #4562 ) ) ;
#1774 = CARTESIAN_POINT ( 'NONE',  ( -4.772590071071349804, 425.9438728951034818, -55.65433364902119706 ) ) ;
#1775 = CARTESIAN_POINT ( 'NONE',  ( -9.054696374664199965, 426.6509797041509842, -60.83499734764340161 ) ) ;
#1776 = ORIENTED_EDGE ( 'NONE', *, *, #364, .T. ) ;
#1777 = FACE_OUTER_BOUND ( 'NONE', #36, .T. ) ;
#1778 = EDGE_CURVE ( 'NONE', #2241, #5412, #2263, .T. ) ;
#1779 = CARTESIAN_POINT ( 'NONE',  ( -16.37969933764555108, 412.1021637595425204, -47.16390502268429685 ) ) ;
#1780 = ORIENTED_EDGE ( 'NONE', *, *, #378, .F. ) ;
#1781 = LINE ( 'NONE', #1677, #3746 ) ;
#1782 = CARTESIAN_POINT ( 'NONE',  ( -10.22890127400419935, 425.6509797117910239, -58.09332458483159911 ) ) ;
#1783 = CARTESIAN_POINT ( 'NONE',  ( -16.37969924505129526, 426.3891163352171816, -55.42896752149852801 ) ) ;
#1784 = EDGE_LOOP ( 'NONE', ( #5385, #1271, #3381, #1911 ) ) ;
#1785 = CARTESIAN_POINT ( 'NONE',  ( -43.95651370461305163, 402.9661188025725096, -55.50524946886940114 ) ) ;
#1786 = DIRECTION ( 'NONE',  ( -1.000000000000000000, 6.506366962090760048E-09, -4.274224921510939670E-16 ) ) ;
#1787 = DIRECTION ( 'NONE',  ( 6.505646089902609742E-09, 1.000000000000000000, 2.277555752847565263E-15 ) ) ;
#1788 = VECTOR ( 'NONE', #1125, 1000.000000000000227 ) ;
#1789 = EDGE_CURVE ( 'NONE', #2992, #3863, #1680, .T. ) ;
#1790 = CARTESIAN_POINT ( 'NONE',  ( -16.37969921732204881, 430.6509797516465028, -56.05722655860490278 ) ) ;
#1791 = DIRECTION ( 'NONE',  ( -4.150936400055204896E-16, 2.161240112141435473E-15, -1.000000000000000000 ) ) ;
#1792 = EDGE_LOOP ( 'NONE', ( #3109, #1435, #557, #5855 ) ) ;
#1793 = AXIS2_PLACEMENT_3D ( 'NONE', #5800, #3882, #1859 ) ;
#1794 = CARTESIAN_POINT ( 'NONE',  ( -46.95651370592540275, 402.9067095000099243, -55.82524068635230208 ) ) ;
#1795 = CARTESIAN_POINT ( 'NONE',  ( -12.96257934342752627, 425.0000838398018459, -50.43084860550708726 ) ) ;
#1796 = EDGE_CURVE ( 'NONE', #2687, #1875, #1387, .T. ) ;
#1797 = FACE_OUTER_BOUND ( 'NONE', #1634, .T. ) ;
#1798 = CYLINDRICAL_SURFACE ( 'NONE', #788, 0.9999999999999866773 ) ;
#1799 = CIRCLE ( 'NONE', #4326, 3.391918358845309012 ) ;
#1800 = CARTESIAN_POINT ( 'NONE',  ( -12.96257928570640061, 425.6089689429794589, -49.90524073442419706 ) ) ;
#1801 = CARTESIAN_POINT ( 'NONE',  ( -15.37969932478160118, 414.1349212959115107, -55.90524068635239985 ) ) ;
#1802 = ORIENTED_EDGE ( 'NONE', *, *, #632, .T. ) ;
#1803 = DIRECTION ( 'NONE',  ( 4.600696442467427145E-09, 0.7071067811865435759, 0.7071067811865515695 ) ) ;
#1804 = ORIENTED_EDGE ( 'NONE', *, *, #2928, .F. ) ;
#1805 = CARTESIAN_POINT ( 'NONE',  ( -16.37969939783645046, 402.9067093010729650, -54.90524068635239985 ) ) ;
#1806 = VECTOR ( 'NONE', #670, 1000.000000000000114 ) ;
#1807 = CARTESIAN_POINT ( 'NONE',  ( -15.38607351780940213, 409.1442315735885131, -55.65404213253709997 ) ) ;
#1808 = CARTESIAN_POINT ( 'NONE',  ( -32.31236344949045503, 414.3067089143215185, -54.53501369707200297 ) ) ;
#1809 = ADVANCED_FACE ( 'NONE', ( #5354 ), #2499, .T. ) ;
#1810 = ORIENTED_EDGE ( 'NONE', *, *, #3261, .T. ) ;
#1811 = LINE ( 'NONE', #1343, #5765 ) ;
#1812 = AXIS2_PLACEMENT_3D ( 'NONE', #1418, #3285, #5748 ) ;
#1813 = CARTESIAN_POINT ( 'NONE',  ( -12.54078802194359987, 406.1121257206744986, -47.16390242285650203 ) ) ;
#1814 = ORIENTED_EDGE ( 'NONE', *, *, #2118, .T. ) ;
#1815 = CARTESIAN_POINT ( 'NONE',  ( -35.77968615360539673, 426.6509798780339793, -54.90524068635230037 ) ) ;
#1816 = VERTEX_POINT ( 'NONE', #2068 ) ;
#1817 = EDGE_CURVE ( 'NONE', #2126, #5497, #2041, .T. ) ;
#1818 = EDGE_CURVE ( 'NONE', #5333, #2759, #688, .T. ) ;
#1819 = DIRECTION ( 'NONE',  ( -1.110223238793829784E-16, -5.687521804085800380E-15, 1.000000000000000000 ) ) ;
#1820 = ORIENTED_EDGE ( 'NONE', *, *, #1867, .F. ) ;
#1821 = CARTESIAN_POINT ( 'NONE',  ( -50.34843206477069799, 402.9067095400304765, -55.82524068635230208 ) ) ;
#1822 = DIRECTION ( 'NONE',  ( -6.428413699454800076E-16, 2.083490215230465142E-15, -1.000000000000000000 ) ) ;
#1823 = DIRECTION ( 'NONE',  ( -0.7071067811865480168, 4.601207532662079419E-09, -0.7071067811865470176 ) ) ;
#1824 = VECTOR ( 'NONE', #6009, 1000.000000000000000 ) ;
#1825 = CARTESIAN_POINT ( 'NONE',  ( -12.66951079150472026, 425.3579066667835491, -52.31945405958759920 ) ) ;
#1826 = ORIENTED_EDGE ( 'NONE', *, *, #3054, .F. ) ;
#1827 = FACE_OUTER_BOUND ( 'NONE', #5740, .T. ) ;
#1828 = VECTOR ( 'NONE', #3256, 1000.000000000000000 ) ;
#1829 = CYLINDRICAL_SURFACE ( 'NONE', #4525, 1.700000000000000178 ) ;
#1830 = CARTESIAN_POINT ( 'NONE',  ( -41.43647589727439140, 406.2522491066304724, -55.90524068635239985 ) ) ;
#1831 = CARTESIAN_POINT ( 'NONE',  ( -12.96253422766980101, 425.2703717599404740, -50.10407922005519765 ) ) ;
#1832 = CONICAL_SURFACE ( 'NONE', #3679, 6.500000000000000000, 0.7853981633974300713 ) ;
#1833 = ADVANCED_FACE ( 'NONE', ( #4898 ), #3081, .T. ) ;
#1834 = CARTESIAN_POINT ( 'NONE',  ( -39.44181277621181181, 426.5832804073710349, -50.15024739785579300 ) ) ;
#1835 = CARTESIAN_POINT ( 'NONE',  ( -4.058996516626405260, 419.8455040536699698, -55.90524068635230037 ) ) ;
#1836 = EDGE_CURVE ( 'NONE', #5616, #1763, #5072, .T. ) ;
#1837 = ORIENTED_EDGE ( 'NONE', *, *, #4731, .F. ) ;
#1838 = ORIENTED_EDGE ( 'NONE', *, *, #3614, .F. ) ;
#1839 = CARTESIAN_POINT ( 'NONE',  ( -42.99004748555320532, 402.3898480846894472, -54.90524068635210142 ) ) ;
#1840 = CARTESIAN_POINT ( 'NONE',  ( -11.20548874410309992, 405.3763963509105679, -55.12963983577289895 ) ) ;
#1841 = DIRECTION ( 'NONE',  ( 0.7071067811866065256, -4.600708702895411655E-09, -0.7071067811864886199 ) ) ;
#1842 = ORIENTED_EDGE ( 'NONE', *, *, #897, .T. ) ;
#1843 = CARTESIAN_POINT ( 'NONE',  ( -50.17856930086380629, 403.9897861932655587, -55.88027469069650266 ) ) ;
#1844 = ORIENTED_EDGE ( 'NONE', *, *, #2824, .F. ) ;
#1845 = FACE_OUTER_BOUND ( 'NONE', #427, .T. ) ;
#1846 = ORIENTED_EDGE ( 'NONE', *, *, #4795, .T. ) ;
#1847 = CARTESIAN_POINT ( 'NONE',  ( -16.11382361279470032, 425.8682873357494714, -56.11060095339460219 ) ) ;
#1848 = VERTEX_POINT ( 'NONE', #624 ) ;
#1849 = EDGE_CURVE ( 'NONE', #3013, #4424, #4139, .T. ) ;
#1850 = ADVANCED_FACE ( 'NONE', ( #3967 ), #4827, .T. ) ;
#1851 = CARTESIAN_POINT ( 'NONE',  ( -39.19680607557599217, 424.9127782247579148, -52.31945424872388628 ) ) ;
#1852 = CYLINDRICAL_SURFACE ( 'NONE', #5334, 3.000000000000003109 ) ;
#1853 = VECTOR ( 'NONE', #689, 1000.000000000000000 ) ;
#1854 = AXIS2_PLACEMENT_3D ( 'NONE', #2647, #1034, #5660 ) ;
#1855 = CARTESIAN_POINT ( 'NONE',  ( -43.85227228129329546, 402.5004571250594836, -55.61196646483699624 ) ) ;
#1856 = DIRECTION ( 'NONE',  ( 2.602545626896300084E-23, 1.999999997626979940E-15, -1.000000000000000000 ) ) ;
#1857 = TOROIDAL_SURFACE ( 'NONE', #5883, 7.000000000000000000, 1.000000000000000000 ) ;
#1858 = CARTESIAN_POINT ( 'NONE',  ( -6.202871992957799563, 403.9897859071469952, -49.90524068635239274 ) ) ;
#1859 = DIRECTION ( 'NONE',  ( 1.734723475976805517E-15, 0.000000000000000000, 1.000000000000000000 ) ) ;
#1860 = CARTESIAN_POINT ( 'NONE',  ( -31.67258363257609943, 430.8816340026510261, -53.24212047836310546 ) ) ;
#1861 = CARTESIAN_POINT ( 'NONE',  ( -12.66968612228480140, 425.3580865088585483, -49.39512085705119659 ) ) ;
#1862 = VERTEX_POINT ( 'NONE', #4930 ) ;
#1863 = VERTEX_POINT ( 'NONE', #710 ) ;
#1864 = LINE ( 'NONE', #3724, #3531 ) ;
#1865 = CARTESIAN_POINT ( 'NONE',  ( -50.29408273052989387, 403.6409808026400015, -55.85396750187679515 ) ) ;
#1866 = CARTESIAN_POINT ( 'NONE',  ( -41.93048413596140023, 425.6509799180535083, -58.09332458483159911 ) ) ;
#1867 = EDGE_CURVE ( 'NONE', #2899, #5090, #5969, .T. ) ;
#1868 = DIRECTION ( 'NONE',  ( 0.5773502654331607031, -0.5773502729460849858, -0.5773502691896315042 ) ) ;
#1869 = ORIENTED_EDGE ( 'NONE', *, *, #5240, .T. ) ;
#1870 = FACE_OUTER_BOUND ( 'NONE', #3364, .T. ) ;
#1871 = EDGE_LOOP ( 'NONE', ( #4152, #6011, #3480, #5383 ) ) ;
#1872 = VERTEX_POINT ( 'NONE', #4522 ) ;
#1873 = ADVANCED_FACE ( 'NONE', ( #5005 ), #5077, .F. ) ;
#1874 = ORIENTED_EDGE ( 'NONE', *, *, #1817, .T. ) ;
#1875 = VERTEX_POINT ( 'NONE', #1237 ) ;
#1876 = VERTEX_POINT ( 'NONE', #6033 ) ;
#1877 = CARTESIAN_POINT ( 'NONE',  ( -47.67968854929569744, 426.6509799554594906, -60.83499734764340161 ) ) ;
#1878 = CARTESIAN_POINT ( 'NONE',  ( -47.67968852327019391, 430.6509799552960089, -58.42366627028980020 ) ) ;
#1879 = FACE_OUTER_BOUND ( 'NONE', #273, .T. ) ;
#1880 = EDGE_CURVE ( 'NONE', #3901, #4111, #3691, .T. ) ;
#1881 = ORIENTED_EDGE ( 'NONE', *, *, #4966, .F. ) ;
#1882 = AXIS2_PLACEMENT_3D ( 'NONE', #2006, #2382, #1490 ) ;
#1883 = TOROIDAL_SURFACE ( 'NONE', #5919, 3.000000000000000000, 1.000000000000000000 ) ;
#1884 = DIRECTION ( 'NONE',  ( -1.000000000000000000, 6.506368777081660565E-09, 0.000000000000000000 ) ) ;
#1885 = EDGE_CURVE ( 'NONE', #1436, #1875, #5575, .T. ) ;
#1886 = AXIS2_PLACEMENT_3D ( 'NONE', #3478, #4910, #692 ) ;
#1887 = CARTESIAN_POINT ( 'NONE',  ( -9.580891539798500389, 405.2814081360044725, -55.90524068566790561 ) ) ;
#1888 = CARTESIAN_POINT ( 'NONE',  ( -49.80015620683030164, 403.8625846629090574, -55.50524068635239416 ) ) ;
#1889 = VECTOR ( 'NONE', #4042, 1000.000000000000000 ) ;
#1890 = ORIENTED_EDGE ( 'NONE', *, *, #3260, .F. ) ;
#1891 = EDGE_LOOP ( 'NONE', ( #5145, #4306, #5574, #696 ) ) ;
#1892 = CARTESIAN_POINT ( 'NONE',  ( -46.67968854929569744, 426.6509799489530224, -60.83499734764340161 ) ) ;
#1893 = DIRECTION ( 'NONE',  ( -0.4082482878076517663, 0.4082482931200824283, -0.8164965809277220377 ) ) ;
#1894 = FACE_OUTER_BOUND ( 'NONE', #248, .T. ) ;
#1895 = AXIS2_PLACEMENT_3D ( 'NONE', #3177, #4968, #2754 ) ;
#1896 = CONICAL_SURFACE ( 'NONE', #4038, 3.200000000000000622, 0.7853981633974447263 ) ;
#1897 = DIRECTION ( 'NONE',  ( 0.7071067765858596310, -0.7071067857872354034, -6.938893903907320674E-15 ) ) ;
#1898 = UNCERTAINTY_MEASURE_WITH_UNIT (LENGTH_MEASURE( 1.000000000000000082E-05 ), #2602, 'distance_accuracy_value', 'NONE');
#1899 = DIRECTION ( 'NONE',  ( 1.538472566159819849E-16, -1.932939983604269792E-15, 1.000000000000000000 ) ) ;
#1900 = ORIENTED_EDGE ( 'NONE', *, *, #1482, .T. ) ;
#1901 = ADVANCED_FACE ( 'NONE', ( #5933 ), #188, .F. ) ;
#1902 = CIRCLE ( 'NONE', #516, 1.000000000000000888 ) ;
#1903 = ORIENTED_EDGE ( 'NONE', *, *, #5275, .T. ) ;
#1904 = DIRECTION ( 'NONE',  ( -0.06474353170177291061, -0.9979019366164099125, -1.995803873232820129E-15 ) ) ;
#1905 = AXIS2_PLACEMENT_3D ( 'NONE', #5019, #5948, #823 ) ;
#1906 = DIRECTION ( 'NONE',  ( -0.5773502729460676663, -0.5773502654331538197, -0.5773502691896558181 ) ) ;
#1907 = CARTESIAN_POINT ( 'NONE',  ( -12.96257940345620163, 415.7749750829509594, -48.90524068635239274 ) ) ;
#1908 = VERTEX_POINT ( 'NONE', #3145 ) ;
#1909 = EDGE_CURVE ( 'NONE', #4662, #4120, #2179, .T. ) ;
#1910 = EDGE_CURVE ( 'NONE', #4727, #2705, #5038, .T. ) ;
#1911 = ORIENTED_EDGE ( 'NONE', *, *, #4434, .F. ) ;
#1912 = CARTESIAN_POINT ( 'NONE',  ( -31.37969041767264855, 430.2807528602149887, -52.53501369717680092 ) ) ;
#1913 = CARTESIAN_POINT ( 'NONE',  ( -46.95651370592540275, 402.9067095000099243, -55.90524068635230037 ) ) ;
#1914 = DIRECTION ( 'NONE',  ( -4.600244848982320647E-09, -0.7071067812010219944, 0.7071067811720730401 ) ) ;
#1915 = ORIENTED_EDGE ( 'NONE', *, *, #3890, .T. ) ;
#1916 = DIRECTION ( 'NONE',  ( -1.000000000000000000, 6.506367656620550361E-09, 3.501462198884505027E-16 ) ) ;
#1917 = AXIS2_PLACEMENT_3D ( 'NONE', #5605, #4168, #2652 ) ;
#1918 = CARTESIAN_POINT ( 'NONE',  ( -36.16293694684029703, 411.4010925304070270, -49.90448101285949889 ) ) ;
#1919 = AXIS2_PLACEMENT_3D ( 'NONE', #4274, #1044, #2932 ) ;
#1920 = CARTESIAN_POINT ( 'NONE',  ( -36.77968616661809875, 424.6509798845399928, -55.90524068635230037 ) ) ;
#1921 = DIRECTION ( 'NONE',  ( 0.000000000000000000, 1.999999999182804944E-15, -1.000000000000000000 ) ) ;
#1922 = ORIENTED_EDGE ( 'NONE', *, *, #1910, .F. ) ;
#1923 = B_SPLINE_SURFACE_WITH_KNOTS ( 'NONE', 3, 3, ( 
 ( #2161, #5544, #5513, #6007, #810, #4971, #1808 ),
 ( #3083, #1341, #2129, #2262, #743, #2690, #2231 ),
 ( #4031, #1709, #5935, #4135, #1307, #3559, #1274 ),
 ( #321, #4068, #2728, #3179, #4491, #2197, #842 ),
 ( #3116, #5445, #6035, #5479, #3205, #1239, #5007 ) ),
 .UNSPECIFIED., .F., .F., .F.,
 ( 4, 1, 4 ),
 ( 4, 3, 4 ),
 ( -0.0001721423390106400012, 0.5714285714285709528, 1.000171805357869870 ),
 ( 0.09964748965172509632, 0.3629774672370920108, 0.5629774672371279376 ),
 .UNSPECIFIED. ) ;
#1924 = ORIENTED_EDGE ( 'NONE', *, *, #1260, .F. ) ;
#1925 = EDGE_CURVE ( 'NONE', #125, #1400, #417, .T. ) ;
#1926 = EDGE_CURVE ( 'NONE', #3438, #5814, #4012, .T. ) ;
#1927 = CARTESIAN_POINT ( 'NONE',  ( -40.95389665444229621, 405.3763989636415204, -49.90524068635230037 ) ) ;
#1928 = DIRECTION ( 'NONE',  ( -0.7529914335264225045, 0.6580303192375130950, 1.387778780781446859E-15 ) ) ;
#1929 = FACE_OUTER_BOUND ( 'NONE', #3371, .T. ) ;
#1930 = AXIS2_PLACEMENT_3D ( 'NONE', #2855, #3302, #5766 ) ;
#1931 = FACE_OUTER_BOUND ( 'NONE', #3474, .T. ) ;
#1932 = EDGE_LOOP ( 'NONE', ( #3153, #5980, #973, #3582 ) ) ;
#1933 = DIRECTION ( 'NONE',  ( -3.709088049820864720E-15, 3.709088098086190346E-15, -1.000000000000000000 ) ) ;
#1934 = B_SPLINE_CURVE_WITH_KNOTS ( 'NONE', 3,
 ( #868, #2189, #5001, #4620, #410, #1299, #1701, #2612, #2255, #4163, #4059, #280, #735, #6060, #5964, #5070, #4485, #2683, #4023, #5471, #1267, #3139, #3687, #1834, #5598 ),
 .UNSPECIFIED., .F., .F.,
 ( 4, 2, 2, 1, 1, 1, 2, 2, 2, 2, 1, 1, 2, 2, 4 ),
 ( 0.000000000000000000, 0.2499999999957139840, 0.3749999999936501349, 0.4374999999926156846, 0.4687499999922082883, 0.4843749999921213578, 0.4921874999922021265, 0.4999999999922828398, 0.6249999999946415086, 0.6874999999958236740, 0.7187499999964818143, 0.7343749999968144371, 0.7421874999969845232, 0.7499999999971547204, 1.000000000000000000 ),
 .UNSPECIFIED. ) ;
#1935 = CARTESIAN_POINT ( 'NONE',  ( -5.202872000005400288, 402.9067092283455054, -54.90524068635230037 ) ) ;
#1936 = ORIENTED_EDGE ( 'NONE', *, *, #124, .F. ) ;
#1937 = CARTESIAN_POINT ( 'NONE',  ( -46.67968854929569744, 426.6509799489530224, -60.83499734764340161 ) ) ;
#1938 = ORIENTED_EDGE ( 'NONE', *, *, #1218, .F. ) ;
#1939 = ORIENTED_EDGE ( 'NONE', *, *, #2338, .F. ) ;
#1940 = CARTESIAN_POINT ( 'NONE',  ( -15.88290917898405041, 424.9035501425232724, -55.77883327748843101 ) ) ;
#1941 = CARTESIAN_POINT ( 'NONE',  ( -43.73937332250329746, 403.5103942374564667, -55.77205479097599294 ) ) ;
#1942 = EDGE_CURVE ( 'NONE', #816, #5705, #4102, .T. ) ;
#1943 = ORIENTED_EDGE ( 'NONE', *, *, #4075, .F. ) ;
#1944 = CARTESIAN_POINT ( 'NONE',  ( -47.25703882224176056, 426.0736296835198686, -61.41234761683305265 ) ) ;
#1945 = LINE ( 'NONE', #551, #4050 ) ;
#1946 = AXIS2_PLACEMENT_3D ( 'NONE', #5060, #4614, #3543 ) ;
#1947 = LINE ( 'NONE', #468, #1828 ) ;
#1948 = CARTESIAN_POINT ( 'NONE',  ( -5.202872000005400288, 402.9067092283455054, -48.90524068635239274 ) ) ;
#1949 = EDGE_LOOP ( 'NONE', ( #5539, #5287, #4509, #1165 ) ) ;
#1950 = ORIENTED_EDGE ( 'NONE', *, *, #2250, .F. ) ;
#1951 = DIRECTION ( 'NONE',  ( -0.5773502729460676663, -0.5773502654331538197, -0.5773502691896558181 ) ) ;
#1952 = CARTESIAN_POINT ( 'NONE',  ( -5.479696847657200109, 426.6509796808909982, -60.83499734764340161 ) ) ;
#1953 = FACE_OUTER_BOUND ( 'NONE', #282, .T. ) ;
#1954 = ADVANCED_FACE ( 'NONE', ( #6066 ), #98, .T. ) ;
#1955 = EDGE_CURVE ( 'NONE', #6065, #2320, #4318, .T. ) ;
#1956 = EDGE_LOOP ( 'NONE', ( #1108, #3781, #1382, #4518, #4085 ) ) ;
#1957 = CARTESIAN_POINT ( 'NONE',  ( -16.27684882568716063, 426.1339157677430194, -61.35206133104137649 ) ) ;
#1958 = CARTESIAN_POINT ( 'NONE',  ( -8.697106565211800699, 403.9252259267714749, -49.23857401968570002 ) ) ;
#1959 = ORIENTED_EDGE ( 'NONE', *, *, #4624, .T. ) ;
#1960 = CARTESIAN_POINT ( 'NONE',  ( -33.27158739843875424, 419.6497287028755068, -48.90524068635230037 ) ) ;
#1961 = LINE ( 'NONE', #3376, #5332 ) ;
#1962 = EDGE_CURVE ( 'NONE', #4367, #2693, #1864, .T. ) ;
#1963 = DIRECTION ( 'NONE',  ( -1.000000000000000000, 6.506366556635609660E-09, 0.000000000000000000 ) ) ;
#1964 = CARTESIAN_POINT ( 'NONE',  ( -8.508877465782550331, 403.7034932321526526, -55.90507720380773549 ) ) ;
#1965 = EDGE_LOOP ( 'NONE', ( #5201, #1138, #5622, #3208, #5309, #1938 ) ) ;
#1966 = ORIENTED_EDGE ( 'NONE', *, *, #1446, .T. ) ;
#1967 = CARTESIAN_POINT ( 'NONE',  ( -15.99445099995212161, 425.0511791147430358, -55.70498129936369480 ) ) ;
#1968 = CARTESIAN_POINT ( 'NONE',  ( -42.99004748555320532, 402.3898480846894472, -54.90524068635239985 ) ) ;
#1969 = CARTESIAN_POINT ( 'NONE',  ( -19.84702175296109772, 414.3067088332190337, -51.65724710511950235 ) ) ;
#1970 = CARTESIAN_POINT ( 'NONE',  ( -5.202872000005400288, 402.9067092283455054, -48.90524068635239274 ) ) ;
#1971 = EDGE_CURVE ( 'NONE', #4263, #2235, #631, .T. ) ;
#1972 = AXIS2_PLACEMENT_3D ( 'NONE', #1517, #4746, #2352 ) ;
#1973 = CARTESIAN_POINT ( 'NONE',  ( -9.330841301321001424, 403.6292447337174849, -55.12964003498540677 ) ) ;
#1974 = CARTESIAN_POINT ( 'NONE',  ( -4.585269656657283477, 426.6509796750715395, -61.28221094314336170 ) ) ;
#1975 = ORIENTED_EDGE ( 'NONE', *, *, #4094, .T. ) ;
#1976 = ADVANCED_FACE ( 'NONE', ( #4215 ), #5255, .T. ) ;
#1977 = ORIENTED_EDGE ( 'NONE', *, *, #2424, .T. ) ;
#1978 = CARTESIAN_POINT ( 'NONE',  ( -39.19680607500806246, 425.0000840389954533, -50.43084853167363946 ) ) ;
#1979 = DIRECTION ( 'NONE',  ( 2.685988971624615229E-16, 2.416349829050215355E-15, -1.000000000000000000 ) ) ;
#1980 = FACE_OUTER_BOUND ( 'NONE', #1773, .T. ) ;
#1981 = VECTOR ( 'NONE', #5896, 1000.000000000000000 ) ;
#1982 = CARTESIAN_POINT ( 'NONE',  ( -8.110790869405599679, 403.6442781057979801, -55.50524068635239416 ) ) ;
#1983 = ORIENTED_EDGE ( 'NONE', *, *, #719, .T. ) ;
#1984 = ORIENTED_EDGE ( 'NONE', *, *, #3314, .T. ) ;
#1985 = AXIS2_PLACEMENT_3D ( 'NONE', #4323, #1543, #3457 ) ;
#1986 = EDGE_CURVE ( 'NONE', #4390, #396, #30, .T. ) ;
#1987 = DIRECTION ( 'NONE',  ( 6.506364074960620738E-09, 1.000000000000000000, 4.960594733056100343E-15 ) ) ;
#1988 = CARTESIAN_POINT ( 'NONE',  ( -8.517539048417729575, 403.6644144420276916, -55.90435483437619268 ) ) ;
#1989 = EDGE_LOOP ( 'NONE', ( #2729, #3910, #3667, #1100 ) ) ;
#1990 = CARTESIAN_POINT ( 'NONE',  ( -1.980816390973404895, 403.9897858796729793, -55.88027469069650266 ) ) ;
#1991 = VERTEX_POINT ( 'NONE', #3230 ) ;
#1992 = CARTESIAN_POINT ( 'NONE',  ( -22.77158741141700204, 419.6497535121835085, -53.53501369729850268 ) ) ;
#1993 = EDGE_CURVE ( 'NONE', #324, #1010, #5043, .T. ) ;
#1994 = ADVANCED_FACE ( 'NONE', ( #16 ), #4773, .T. ) ;
#1995 = CARTESIAN_POINT ( 'NONE',  ( -18.86095058589025086, 414.3069387251180160, -50.77948063483290042 ) ) ;
#1996 = AXIS2_PLACEMENT_3D ( 'NONE', #1970, #5655, #3802 ) ;
#1997 = CARTESIAN_POINT ( 'NONE',  ( -16.08680602913474900, 425.9438729687179830, -52.89500239496949519 ) ) ;
#1998 = B_SPLINE_CURVE_WITH_KNOTS ( 'NONE', 3,
 ( #5793, #1169, #3049, #628, #1558, #713, #3410, #2504, #2993 ),
 .UNSPECIFIED., .F., .F.,
 ( 4, 1, 2, 2, 4 ),
 ( 0.000000000000000000, 0.2500000000000004996, 0.3750000000000007772, 0.5000000000000009992, 1.000000000000000000 ),
 .UNSPECIFIED. ) ;
#1999 = DIRECTION ( 'NONE',  ( 0.000000000000000000, 0.000000000000000000, 1.000000000000000000 ) ) ;
#2000 = CARTESIAN_POINT ( 'NONE',  ( -46.95651370592540275, 402.9067095000099243, -55.90524068635230037 ) ) ;
#2001 = EDGE_LOOP ( 'NONE', ( #2142, #2057, #284, #5851 ) ) ;
#2002 = CARTESIAN_POINT ( 'NONE',  ( -42.04818699650979852, 404.7734647753745207, -49.90524068635230037 ) ) ;
#2003 = CARTESIAN_POINT ( 'NONE',  ( -41.29208858518769176, 405.9901945917635544, -55.90524068635239985 ) ) ;
#2004 = DIRECTION ( 'NONE',  ( -2.963723871009510061E-23, -2.277555757600990220E-15, 1.000000000000000000 ) ) ;
#2005 = FACE_OUTER_BOUND ( 'NONE', #3807, .T. ) ;
#2006 = CARTESIAN_POINT ( 'NONE',  ( -45.95651369887919913, 403.9897861657984777, -48.90524068635239274 ) ) ;
#2007 = EDGE_CURVE ( 'NONE', #3271, #1113, #4319, .T. ) ;
#2008 = EDGE_CURVE ( 'NONE', #6040, #4251, #4247, .T. ) ;
#2009 = AXIS2_PLACEMENT_3D ( 'NONE', #6089, #2896, #2808 ) ;
#2010 = FACE_OUTER_BOUND ( 'NONE', #3565, .T. ) ;
#2011 = ORIENTED_EDGE ( 'NONE', *, *, #3408, .F. ) ;
#2012 = VERTEX_POINT ( 'NONE', #2432 ) ;
#2013 = CARTESIAN_POINT ( 'NONE',  ( -11.96257934569919890, 424.6509797230709751, -54.90524068635230037 ) ) ;
#2014 = CONICAL_SURFACE ( 'NONE', #1431, 11.50000000000000000, 0.7853981633974264076 ) ;
#2015 = B_SPLINE_SURFACE_WITH_KNOTS ( 'NONE', 3, 3, ( 
 ( #1076, #3432, #5351, #3842 ),
 ( #1107, #2988, #3464, #1607 ),
 ( #4779, #4838, #1958, #3814 ),
 ( #622, #2497, #185, #648 ) ),
 .UNSPECIFIED., .F., .F., .F.,
 ( 4, 4 ),
 ( 4, 4 ),
 ( 0.000000000000000000, 1.000000000000000000 ),
 ( 1.067667645970930002, 1.443478216807760006 ),
 .UNSPECIFIED. ) ;
#2016 = ORIENTED_EDGE ( 'NONE', *, *, #5488, .F. ) ;
#2017 = CARTESIAN_POINT ( 'NONE',  ( -12.12890127270300056, 425.8509797240710668, -58.09332458483159911 ) ) ;
#2018 = AXIS2_PLACEMENT_3D ( 'NONE', #4494, #1614, #2133 ) ;
#2019 = CARTESIAN_POINT ( 'NONE',  ( -2.173332071217305206, 404.1469040358379630, -55.76570880198670466 ) ) ;
#2020 = EDGE_LOOP ( 'NONE', ( #5830, #1810, #4281, #1442 ) ) ;
#2021 = LINE ( 'NONE', #3053, #4052 ) ;
#2022 = CARTESIAN_POINT ( 'NONE',  ( -36.25769755060573374, 414.1349214317512519, -55.79746670664560781 ) ) ;
#2023 = CARTESIAN_POINT ( 'NONE',  ( -1.995504048016400356, 403.6123892942555358, -55.73772523003529500 ) ) ;
#2024 = CARTESIAN_POINT ( 'NONE',  ( -17.14342845101115032, 413.6393112360470354, -51.65724743869950686 ) ) ;
#2025 = EDGE_CURVE ( 'NONE', #1763, #2992, #3127, .T. ) ;
#2026 = ADVANCED_FACE ( 'NONE', ( #3808 ), #2322, .T. ) ;
#2027 = VERTEX_POINT ( 'NONE', #3835 ) ;
#2028 = VERTEX_POINT ( 'NONE', #4190 ) ;
#2029 = CARTESIAN_POINT ( 'NONE',  ( -39.61859790280189486, 406.1121223263495494, -54.90524062553379991 ) ) ;
#2030 =( GEOMETRIC_REPRESENTATION_CONTEXT ( 3 ) GLOBAL_UNCERTAINTY_ASSIGNED_CONTEXT ( ( #1898 ) ) GLOBAL_UNIT_ASSIGNED_CONTEXT ( ( #2602, #1185, #4051 ) ) REPRESENTATION_CONTEXT ( 'NONE', 'WORKASPACE' ) );
#2031 = DIRECTION ( 'NONE',  ( -1.000000000000000000, -2.357889524654640372E-16, 0.000000000000000000 ) ) ;
#2032 = CARTESIAN_POINT ( 'NONE',  ( -36.77968612757990030, 430.6509798845399928, -60.83499734764340161 ) ) ;
#2033 = VECTOR ( 'NONE', #4592, 1000.000000000000000 ) ;
#2034 = CARTESIAN_POINT ( 'NONE',  ( -36.48795055092679718, 412.6900178784155173, -49.23869408938849546 ) ) ;
#2035 = DIRECTION ( 'NONE',  ( 3.501461612943910086E-16, -2.277555759156820351E-15, 1.000000000000000000 ) ) ;
#2036 = VECTOR ( 'NONE', #48, 1000.000000000000114 ) ;
#2037 = ORIENTED_EDGE ( 'NONE', *, *, #5187, .T. ) ;
#2038 = CYLINDRICAL_SURFACE ( 'NONE', #569, 1.000000000000000666 ) ;
#2039 = AXIS2_PLACEMENT_3D ( 'NONE', #2299, #6072, #481 ) ;
#2040 = EDGE_LOOP ( 'NONE', ( #5245, #2658, #621, #1950 ) ) ;
#2041 = LINE ( 'NONE', #4421, #3742 ) ;
#2042 = DIRECTION ( 'NONE',  ( -0.7529914335264199510, 0.6580303192375158705, 1.734723475976808475E-15 ) ) ;
#2043 = ORIENTED_EDGE ( 'NONE', *, *, #1249, .F. ) ;
#2044 = CARTESIAN_POINT ( 'NONE',  ( -49.91145770420560268, 404.5884663097265275, -55.90524068635239985 ) ) ;
#2045 = CARTESIAN_POINT ( 'NONE',  ( -11.96257933919279992, 425.6509797230709751, -49.39512085705119659 ) ) ;
#2046 = VERTEX_POINT ( 'NONE', #126 ) ;
#2047 = CARTESIAN_POINT ( 'NONE',  ( -36.52011727689220066, 410.1358830761129752, -49.90533934261110005 ) ) ;
#2048 = EDGE_CURVE ( 'NONE', #5616, #1599, #5790, .T. ) ;
#2049 = DIRECTION ( 'NONE',  ( 0.000000000000000000, 2.000000000627515340E-15, -1.000000000000000000 ) ) ;
#2050 = CARTESIAN_POINT ( 'NONE',  ( -19.84702210809570033, 414.3067088332174990, -54.53501369707200297 ) ) ;
#2051 = ORIENTED_EDGE ( 'NONE', *, *, #2800, .F. ) ;
#2052 = CARTESIAN_POINT ( 'NONE',  ( -19.10670999432750250, 414.3068145457335163, -49.90560089522350040 ) ) ;
#2053 = DIRECTION ( 'NONE',  ( -4.190670483300905355E-23, -6.440892098500620795E-15, 1.000000000000000000 ) ) ;
#2054 = EDGE_CURVE ( 'NONE', #4410, #4963, #2470, .T. ) ;
#2055 = EDGE_LOOP ( 'NONE', ( #2436, #4328, #4812, #6102 ) ) ;
#2056 = FACE_OUTER_BOUND ( 'NONE', #1672, .T. ) ;
#2057 = ORIENTED_EDGE ( 'NONE', *, *, #2545, .T. ) ;
#2058 = DIRECTION ( 'NONE',  ( -1.301129573885191951E-23, -1.999999999127414681E-15, 1.000000000000000000 ) ) ;
#2059 = CARTESIAN_POINT ( 'NONE',  ( -35.77968623503944912, 414.1349247885750060, -47.16390590494869883 ) ) ;
#2060 = ADVANCED_FACE ( 'NONE', ( #2520 ), #5770, .F. ) ;
#2061 = DIRECTION ( 'NONE',  ( 2.963721392599274964E-23, 2.277555758065395396E-15, -1.000000000000000000 ) ) ;
#2062 = CARTESIAN_POINT ( 'NONE',  ( -9.054696379264900230, 425.9438729229644878, -61.54210412883000458 ) ) ;
#2063 = CARTESIAN_POINT ( 'NONE',  ( -15.99484629758570620, 411.4015496603579436, -49.90524068681468606 ) ) ;
#2064 = CARTESIAN_POINT ( 'NONE',  ( -6.902872000005400466, 402.9067092283455054, -55.90524068635230037 ) ) ;
#2065 = VERTEX_POINT ( 'NONE', #4801 ) ;
#2066 = ORIENTED_EDGE ( 'NONE', *, *, #720, .T. ) ;
#2067 = AXIS2_PLACEMENT_3D ( 'NONE', #5911, #783, #1868 ) ;
#2068 = CARTESIAN_POINT ( 'NONE',  ( -4.902346582224025973, 426.0736294079449067, -61.41234761683303844 ) ) ;
#2069 = ORIENTED_EDGE ( 'NONE', *, *, #2807, .F. ) ;
#2070 = DIRECTION ( 'NONE',  ( 4.600696401988702805E-09, 0.7071067811720730401, 0.7071067812010219944 ) ) ;
#2071 = CARTESIAN_POINT ( 'NONE',  ( -2.139659012798099891, 404.3982311557849698, -55.90524068635239985 ) ) ;
#2072 = VECTOR ( 'NONE', #2806, 1000.000000000000000 ) ;
#2073 = VERTEX_POINT ( 'NONE', #5288 ) ;
#2074 = CARTESIAN_POINT ( 'NONE',  ( -13.96257933919290117, 425.6509797360835137, -56.90524068635230037 ) ) ;
#2075 = CARTESIAN_POINT ( 'NONE',  ( -14.41023059775910120, 407.7433833858084995, -49.90533934260729865 ) ) ;
#2076 = CARTESIAN_POINT ( 'NONE',  ( -16.20041984214010000, 412.1111106229419647, -50.77948096309970083 ) ) ;
#2077 = CIRCLE ( 'NONE', #3837, 1.000000000000000888 ) ;
#2078 = EDGE_CURVE ( 'NONE', #2478, #472, #1219, .T. ) ;
#2079 = ADVANCED_FACE ( 'NONE', ( #2285 ), #3251, .T. ) ;
#2080 = ORIENTED_EDGE ( 'NONE', *, *, #6019, .T. ) ;
#2081 = CARTESIAN_POINT ( 'NONE',  ( -30.87092095832274907, 414.3067090181775143, -53.53501369718140523 ) ) ;
#2082 = DIRECTION ( 'NONE',  ( -0.7071067811865441310, 4.600708702895411655E-09, -0.7071067811865510144 ) ) ;
#2083 = AXIS2_PLACEMENT_3D ( 'NONE', #5290, #1042, #3867 ) ;
#2084 = CIRCLE ( 'NONE', #3946, 1.700000000000000178 ) ;
#2085 = LINE ( 'NONE', #5368, #2921 ) ;
#2086 = ORIENTED_EDGE ( 'NONE', *, *, #4333, .T. ) ;
#2087 = CARTESIAN_POINT ( 'NONE',  ( -40.95389697085609981, 405.3763966191780241, -54.90524030621049434 ) ) ;
#2088 = CYLINDRICAL_SURFACE ( 'NONE', #953, 0.9999999999999816813 ) ;
#2089 = DIRECTION ( 'NONE',  ( -6.506364074960620738E-09, -1.000000000000000000, -5.687521804808150055E-15 ) ) ;
#2090 = CARTESIAN_POINT ( 'NONE',  ( -47.38679533508300068, 425.9438731723674891, -58.71655948910330380 ) ) ;
#2091 = CARTESIAN_POINT ( 'NONE',  ( -12.81258924517305076, 426.3968210466125015, -50.05523098599059040 ) ) ;
#2092 = CARTESIAN_POINT ( 'NONE',  ( -8.516555420439797075, 403.6687299101218969, -55.90446105232239660 ) ) ;
#2093 = EDGE_CURVE ( 'NONE', #4196, #5692, #377, .T. ) ;
#2094 = ORIENTED_EDGE ( 'NONE', *, *, #3236, .T. ) ;
#2095 = ADVANCED_FACE ( 'NONE', ( #1296 ), #2150, .T. ) ;
#2096 = CARTESIAN_POINT ( 'NONE',  ( -26.07969257521505213, 430.6509798147585002, -53.53501369717569958 ) ) ;
#2097 = EDGE_LOOP ( 'NONE', ( #1751, #3326 ) ) ;
#2098 = DIRECTION ( 'NONE',  ( -0.8890209735049623418, -0.4578664747153795567, -1.156482317317871922E-15 ) ) ;
#2099 = CARTESIAN_POINT ( 'NONE',  ( -5.479696847657200109, 426.6509796808909982, -60.83499734764340161 ) ) ;
#2100 = AXIS2_PLACEMENT_3D ( 'NONE', #22, #1401, #5170 ) ;
#2101 = VERTEX_POINT ( 'NONE', #4091 ) ;
#2102 = CARTESIAN_POINT ( 'NONE',  ( -22.16497259593415237, 428.0809797892874826, -50.33524068629370163 ) ) ;
#2103 = DIRECTION ( 'NONE',  ( 0.000000000000000000, 2.000000003000530033E-15, -1.000000000000000000 ) ) ;
#2104 = VERTEX_POINT ( 'NONE', #3169 ) ;
#2105 = CARTESIAN_POINT ( 'NONE',  ( -36.16453892423070471, 411.4015495250049526, -53.53501369718190261 ) ) ;
#2106 = CIRCLE ( 'NONE', #3560, 11.00000000000000000 ) ;
#2107 = CARTESIAN_POINT ( 'NONE',  ( -15.02190882632850055, 410.4025093760550362, -49.23860690510409910 ) ) ;
#2108 = CARTESIAN_POINT ( 'NONE',  ( -1.202872013019600006, 400.9067092022990551, -54.90524068635239985 ) ) ;
#2109 = VECTOR ( 'NONE', #1786, 1000.000000000000000 ) ;
#2110 = ORIENTED_EDGE ( 'NONE', *, *, #4314, .F. ) ;
#2111 = FACE_OUTER_BOUND ( 'NONE', #5, .T. ) ;
#2112 = ADVANCED_FACE ( 'NONE', ( #3070 ), #4037, .F. ) ;
#2113 = EDGE_CURVE ( 'NONE', #393, #2687, #5432, .T. ) ;
#2114 = DIRECTION ( 'NONE',  ( -6.110352591153920201E-16, 2.277555759621225133E-15, -1.000000000000000000 ) ) ;
#2115 = ORIENTED_EDGE ( 'NONE', *, *, #2807, .T. ) ;
#2116 = DIRECTION ( 'NONE',  ( 0.6854030615563437845, -0.1738466544009414638, 0.7071067698465277607 ) ) ;
#2117 = CARTESIAN_POINT ( 'NONE',  ( -36.89911227985550113, 408.5526559234414776, -51.57190686181079542 ) ) ;
#2118 = EDGE_CURVE ( 'NONE', #4120, #4927, #1397, .T. ) ;
#2119 = CARTESIAN_POINT ( 'NONE',  ( -38.55233768987859833, 408.3826401689310046, -48.90524068635239274 ) ) ;
#2120 = CARTESIAN_POINT ( 'NONE',  ( -32.31078457246615443, 414.3063480322414875, -49.90560089546089984 ) ) ;
#2121 = CARTESIAN_POINT ( 'NONE',  ( -5.532910906604199930, 408.9446978279354994, -49.90524068635239274 ) ) ;
#2122 = CARTESIAN_POINT ( 'NONE',  ( -8.515284604543364111, 403.6743523000590130, -55.90458803641090668 ) ) ;
#2123 = ORIENTED_EDGE ( 'NONE', *, *, #1971, .F. ) ;
#2124 = DIRECTION ( 'NONE',  ( -1.000000000000000000, 6.506366906579609644E-09, 1.657823265904890187E-13 ) ) ;
#2125 = AXIS2_PLACEMENT_3D ( 'NONE', #5536, #3170, #5997 ) ;
#2126 = VERTEX_POINT ( 'NONE', #3135 ) ;
#2127 = VECTOR ( 'NONE', #349, 1000.000000000000000 ) ;
#2128 = CARTESIAN_POINT ( 'NONE',  ( -40.19680607077280143, 425.6509799067735003, -52.31945424872390049 ) ) ;
#2129 = CARTESIAN_POINT ( 'NONE',  ( -33.29843488448829447, 414.3069388180149986, -51.65724722678549341 ) ) ;
#2130 = EDGE_CURVE ( 'NONE', #4719, #1685, #2645, .T. ) ;
#2131 = AXIS2_PLACEMENT_3D ( 'NONE', #1229, #278, #379 ) ;
#2132 = ORIENTED_EDGE ( 'NONE', *, *, #5000, .F. ) ;
#2133 = DIRECTION ( 'NONE',  ( -6.506368360748021367E-09, -1.000000000000000000, -6.938893903907222067E-15 ) ) ;
#2134 = CONICAL_SURFACE ( 'NONE', #1257, 1.899999999999999023, 0.7853981636022009383 ) ;
#2135 = CARTESIAN_POINT ( 'NONE',  ( -16.37969933746460072, 412.1021643674824873, -45.79323703857740213 ) ) ;
#2136 = ORIENTED_EDGE ( 'NONE', *, *, #488, .T. ) ;
#2137 = DIRECTION ( 'NONE',  ( 1.000000000000000000, 0.000000000000000000, 0.000000000000000000 ) ) ;
#2138 = CARTESIAN_POINT ( 'NONE',  ( -45.19680613502329436, 415.7749752926744691, -49.40524068635239274 ) ) ;
#2139 = EDGE_CURVE ( 'NONE', #3660, #1739, #4478, .T. ) ;
#2140 = CARTESIAN_POINT ( 'NONE',  ( -33.23966533423229919, 415.3067090181775143, -48.90524068635239274 ) ) ;
#2141 = CARTESIAN_POINT ( 'NONE',  ( -39.19687944477650632, 425.8260068561779690, -49.78992589357469711 ) ) ;
#2142 = ORIENTED_EDGE ( 'NONE', *, *, #3029, .T. ) ;
#2143 = CARTESIAN_POINT ( 'NONE',  ( -15.67744956995070105, 411.4889922972370186, -49.57214749226640294 ) ) ;
#2144 = CARTESIAN_POINT ( 'NONE',  ( -46.62647472075579458, 408.9446980953050002, -48.90524068635239274 ) ) ;
#2145 = DIRECTION ( 'NONE',  ( 6.505712195724409855E-09, 1.000000000000000000, 2.799253230284020116E-13 ) ) ;
#2146 = DIRECTION ( 'NONE',  ( 1.000000000000000000, -6.507072658479279532E-09, 0.000000000000000000 ) ) ;
#2147 = ORIENTED_EDGE ( 'NONE', *, *, #4732, .F. ) ;
#2148 = EDGE_CURVE ( 'NONE', #2065, #3978, #1660, .T. ) ;
#2149 = FACE_BOUND ( 'NONE', #1024, .T. ) ;
#2150 = CYLINDRICAL_SURFACE ( 'NONE', #5436, 3.999999999999999112 ) ;
#2151 = CARTESIAN_POINT ( 'NONE',  ( -42.04860315778179825, 404.7732331760764737, -55.12963991069679537 ) ) ;
#2152 = LINE ( 'NONE', #2953, #888 ) ;
#2153 = EDGE_CURVE ( 'NONE', #4130, #4214, #5430, .T. ) ;
#2154 = DIRECTION ( 'NONE',  ( -6.591113481328709871E-16, 2.296333957211345205E-15, -1.000000000000000000 ) ) ;
#2155 = DIRECTION ( 'NONE',  ( 0.000000000000000000, -2.969724642305460071E-13, 1.000000000000000000 ) ) ;
#2156 = VERTEX_POINT ( 'NONE', #4957 ) ;
#2157 = CARTESIAN_POINT ( 'NONE',  ( -11.92890124147239916, 430.6509797226880210, -58.09332458483159911 ) ) ;
#2158 = VERTEX_POINT ( 'NONE', #4124 ) ;
#2159 = CARTESIAN_POINT ( 'NONE',  ( -36.48048693104620099, 412.7170444222484775, -55.90524068687170001 ) ) ;
#2160 = DIRECTION ( 'NONE',  ( 1.000000000000000000, -6.506351013513267389E-09, -2.775557561562891351E-14 ) ) ;
#2161 = CARTESIAN_POINT ( 'NONE',  ( -32.31236402126840090, 414.3067089143225417, -49.90171392121779803 ) ) ;
#2162 = CARTESIAN_POINT ( 'NONE',  ( -50.10977122583599908, 404.1975294790775024, -55.89594285980389543 ) ) ;
#2163 = VECTOR ( 'NONE', #1720, 1000.000000000000000 ) ;
#2164 = CARTESIAN_POINT ( 'NONE',  ( -11.20548892054990020, 405.3763987156510211, -49.90523807174739801 ) ) ;
#2165 = EDGE_LOOP ( 'NONE', ( #367, #3823, #4027, #3386, #667, #5602 ) ) ;
#2166 = EDGE_CURVE ( 'NONE', #5027, #5873, #1292, .T. ) ;
#2167 = CARTESIAN_POINT ( 'NONE',  ( -36.51229294727630048, 425.6691780543595200, -56.54050167836309981 ) ) ;
#2168 = CARTESIAN_POINT ( 'NONE',  ( -38.19680607727919863, 424.6509798937420328, -54.90524068635230037 ) ) ;
#2169 = DIRECTION ( 'NONE',  ( 1.000000000000000000, 0.000000000000000000, 0.000000000000000000 ) ) ;
#2170 = VECTOR ( 'NONE', #1822, 1000.000000000000000 ) ;
#2171 = CARTESIAN_POINT ( 'NONE',  ( -32.37969041526354630, 430.6509798557505064, -52.53501369717669434 ) ) ;
#2172 = AXIS2_PLACEMENT_3D ( 'NONE', #1268, #5129, #4516 ) ;
#2173 = CARTESIAN_POINT ( 'NONE',  ( -46.62647472075579458, 408.9446980953050002, -54.90524068635239985 ) ) ;
#2174 = EDGE_LOOP ( 'NONE', ( #2641, #3849, #5397, #5876 ) ) ;
#2175 = EDGE_CURVE ( 'NONE', #105, #1862, #2718, .T. ) ;
#2176 = EDGE_CURVE ( 'NONE', #4292, #4253, #2375, .T. ) ;
#2177 = CARTESIAN_POINT ( 'NONE',  ( -18.25025248985024717, 430.6509797639809562, -52.90524068635230037 ) ) ;
#2178 = FACE_OUTER_BOUND ( 'NONE', #1891, .T. ) ;
#2179 = CIRCLE ( 'NONE', #1895, 6.000000000000000000 ) ;
#2180 = AXIS2_PLACEMENT_3D ( 'NONE', #5143, #910, #178 ) ;
#2181 = DIRECTION ( 'NONE',  ( -0.7071067811865470176, 4.600700709289520203E-09, -0.7071067811865480168 ) ) ;
#2182 = VECTOR ( 'NONE', #5724, 1000.000000000000000 ) ;
#2183 = ORIENTED_EDGE ( 'NONE', *, *, #5241, .F. ) ;
#2184 = CYLINDRICAL_SURFACE ( 'NONE', #4422, 0.9999999999999866773 ) ;
#2185 = CARTESIAN_POINT ( 'NONE',  ( -12.96257934569919179, 424.6509797295777275, -51.31062039057369617 ) ) ;
#2186 = CARTESIAN_POINT ( 'NONE',  ( -12.92220769071150066, 427.6913513643970077, -49.94561232155599839 ) ) ;
#2187 = AXIS2_PLACEMENT_3D ( 'NONE', #5714, #3388, #4288 ) ;
#2188 = CARTESIAN_POINT ( 'NONE',  ( -43.56562515001689917, 402.6794765884037588, -55.82516299731032916 ) ) ;
#2189 = CARTESIAN_POINT ( 'NONE',  ( -39.19684617608283617, 425.7379850984067957, -49.90528078106744658 ) ) ;
#2190 = CARTESIAN_POINT ( 'NONE',  ( -36.16495256460510177, 425.0511527397195550, -55.70499459688252131 ) ) ;
#2191 = EDGE_LOOP ( 'NONE', ( #5323, #2519, #4173, #3335, #1586 ) ) ;
#2192 = DIRECTION ( 'NONE',  ( -0.7071067811865474617, 4.600700221467726317E-09, -0.7071067811865474617 ) ) ;
#2193 = VECTOR ( 'NONE', #1173, 1000.000000000000000 ) ;
#2194 = VERTEX_POINT ( 'NONE', #5925 ) ;
#2195 = CARTESIAN_POINT ( 'NONE',  ( -41.29208858518769176, 405.9901945917635544, -55.90524068635239985 ) ) ;
#2196 = FACE_OUTER_BOUND ( 'NONE', #4755, .T. ) ;
#2197 = CARTESIAN_POINT ( 'NONE',  ( -35.95896552708550331, 412.1111104431859644, -53.86834748033680142 ) ) ;
#2198 = EDGE_CURVE ( 'NONE', #6003, #1471, #2278, .T. ) ;
#2199 = CARTESIAN_POINT ( 'NONE',  ( -31.37969043198394914, 428.0809798492414870, -50.33524068629309767 ) ) ;
#2200 = CARTESIAN_POINT ( 'NONE',  ( -45.95651369887919913, 403.9897861657984777, -48.90524068635239274 ) ) ;
#2201 = CARTESIAN_POINT ( 'NONE',  ( -15.26027327727230087, 408.5526525607935469, -58.57799379993969779 ) ) ;
#2202 = VERTEX_POINT ( 'NONE', #406 ) ;
#2203 = CARTESIAN_POINT ( 'NONE',  ( -35.77968615555099774, 426.3519452107134953, -55.50380392005769892 ) ) ;
#2204 = ORIENTED_EDGE ( 'NONE', *, *, #3909, .T. ) ;
#2205 = AXIS2_PLACEMENT_3D ( 'NONE', #4137, #2790, #6041 ) ;
#2206 = CARTESIAN_POINT ( 'NONE',  ( -32.31325491020244556, 414.3067090419435203, -49.90524068178519457 ) ) ;
#2207 = CARTESIAN_POINT ( 'NONE',  ( -15.48364246354800144, 425.6512267354004848, -56.60671976795940452 ) ) ;
#2208 = VERTEX_POINT ( 'NONE', #1697 ) ;
#2209 = CARTESIAN_POINT ( 'NONE',  ( -40.01164779470130384, 425.6509799055681924, -51.76403987138701268 ) ) ;
#2210 = CARTESIAN_POINT ( 'NONE',  ( -5.202872000005400288, 402.9067092283455054, -52.50524068635240127 ) ) ;
#2211 = CARTESIAN_POINT ( 'NONE',  ( -43.63048412294869394, 427.6509799289505054, -58.09332458483159911 ) ) ;
#2212 = DIRECTION ( 'NONE',  ( -1.000000000000000000, 6.505644507952144320E-09, -6.308085367188391227E-16 ) ) ;
#2213 = AXIS2_PLACEMENT_3D ( 'NONE', #2380, #3294, #532 ) ;
#2214 = ADVANCED_FACE ( 'NONE', ( #3513 ), #732, .F. ) ;
#2215 = EDGE_CURVE ( 'NONE', #3774, #4189, #3776, .T. ) ;
#2216 = FACE_OUTER_BOUND ( 'NONE', #2055, .T. ) ;
#2217 = ORIENTED_EDGE ( 'NONE', *, *, #4112, .T. ) ;
#2218 = ORIENTED_EDGE ( 'NONE', *, *, #3374, .F. ) ;
#2219 = CARTESIAN_POINT ( 'NONE',  ( -15.37969933370879971, 412.7628553806294462, -55.90524068635239985 ) ) ;
#2220 = DIRECTION ( 'NONE',  ( -0.7529914335264212832, 0.6580303192375143162, 1.541976423090496422E-15 ) ) ;
#2221 = DIRECTION ( 'NONE',  ( 4.352250357933780182E-08, -4.580052328093941103E-07, -0.9999999999998941957 ) ) ;
#2222 = CARTESIAN_POINT ( 'NONE',  ( -12.96257931036829802, 426.6567738771535119, -49.49082915601479726 ) ) ;
#2223 = ADVANCED_FACE ( 'NONE', ( #2776 ), #1425, .F. ) ;
#2224 = CARTESIAN_POINT ( 'NONE',  ( -3.502872000005404995, 402.9067092283455054, -49.30524068635239843 ) ) ;
#2225 = CARTESIAN_POINT ( 'NONE',  ( -12.46253513099608057, 425.9440892248130126, -50.81958686746269649 ) ) ;
#2226 = VERTEX_POINT ( 'NONE', #2836 ) ;
#2227 = DIRECTION ( 'NONE',  ( 0.06474353170177138406, 0.9979019366164101346, 0.000000000000000000 ) ) ;
#2228 = ORIENTED_EDGE ( 'NONE', *, *, #577, .T. ) ;
#2229 = CARTESIAN_POINT ( 'NONE',  ( -35.77968623503944912, 414.1349214286410074, -55.12964016160869818 ) ) ;
#2230 = FACE_OUTER_BOUND ( 'NONE', #2392, .T. ) ;
#2231 = CARTESIAN_POINT ( 'NONE',  ( -33.29843460077064776, 414.3069388197654916, -54.53501381873729770 ) ) ;
#2232 = ORIENTED_EDGE ( 'NONE', *, *, #3545, .T. ) ;
#2233 = DIRECTION ( 'NONE',  ( 0.7071067811865474617, -4.600700221467716391E-09, 0.7071067811865474617 ) ) ;
#2234 = CARTESIAN_POINT ( 'NONE',  ( -16.37969932478159762, 414.1349189113165608, -60.41437228035919560 ) ) ;
#2235 = VERTEX_POINT ( 'NONE', #1918 ) ;
#2236 = LINE ( 'NONE', #3089, #5550 ) ;
#2237 = CARTESIAN_POINT ( 'NONE',  ( -12.59384272590662768, 426.1276437054268627, -50.42580133592345959 ) ) ;
#2238 = ORIENTED_EDGE ( 'NONE', *, *, #4715, .T. ) ;
#2239 = AXIS2_PLACEMENT_3D ( 'NONE', #1422, #1921, #3778 ) ;
#2240 = CARTESIAN_POINT ( 'NONE',  ( -16.37969924334749905, 426.6509797518104961, -54.90524068635230037 ) ) ;
#2241 = VERTEX_POINT ( 'NONE', #4184 ) ;
#2242 = EDGE_CURVE ( 'NONE', #5333, #5458, #4157, .T. ) ;
#2243 = DIRECTION ( 'NONE',  ( 8.741470915211696960E-07, 0.000000000000000000, -0.9999999999996178612 ) ) ;
#2244 = CARTESIAN_POINT ( 'NONE',  ( -5.479696847657200109, 426.6509796808909982, -60.83499734764340161 ) ) ;
#2245 = DIRECTION ( 'NONE',  ( 0.7071067811866065256, -4.600930747500336687E-09, -0.7071067811864886199 ) ) ;
#2246 = LINE ( 'NONE', #1790, #5555 ) ;
#2247 = CYLINDRICAL_SURFACE ( 'NONE', #3886, 10.99999999999999645 ) ;
#2248 = CYLINDRICAL_SURFACE ( 'NONE', #1351, 1.000000000000001332 ) ;
#2249 = ORIENTED_EDGE ( 'NONE', *, *, #4322, .T. ) ;
#2250 = EDGE_CURVE ( 'NONE', #781, #640, #852, .T. ) ;
#2251 = CARTESIAN_POINT ( 'NONE',  ( -39.38433678033560170, 426.6526687792650137, -50.09302190237970365 ) ) ;
#2252 = CARTESIAN_POINT ( 'NONE',  ( -46.67968854929569744, 426.6509799489530224, -60.83499734764340161 ) ) ;
#2253 = DIRECTION ( 'NONE',  ( 0.5773502729384770715, 0.5773502654487920882, -0.5773502691816080334 ) ) ;
#2254 = B_SPLINE_CURVE_WITH_KNOTS ( 'NONE', 3,
 ( #3124, #2140, #1399, #332, #4536 ),
 .UNSPECIFIED., .F., .F.,
 ( 4, 1, 4 ),
 ( 0.000000000000000000, 0.2223385017624879834, 0.5187898374458049799 ),
 .UNSPECIFIED. ) ;
#2255 = CARTESIAN_POINT ( 'NONE',  ( -39.25291633092770383, 426.1070832545238432, -49.96133297812455965 ) ) ;
#2256 = CARTESIAN_POINT ( 'NONE',  ( -42.04818699848571839, 404.7734647772693393, -49.90524068373915867 ) ) ;
#2257 = EDGE_LOOP ( 'NONE', ( #5564, #1338, #1903, #712, #1943 ) ) ;
#2258 = ORIENTED_EDGE ( 'NONE', *, *, #2942, .T. ) ;
#2259 = EDGE_CURVE ( 'NONE', #4837, #1908, #992, .T. ) ;
#2260 = CARTESIAN_POINT ( 'NONE',  ( -15.37969925296407503, 425.1729643038535187, -56.01301286692473980 ) ) ;
#2261 = CARTESIAN_POINT ( 'NONE',  ( -12.52309855384480031, 406.9025111841864941, -55.90524068601820318 ) ) ;
#2262 = CARTESIAN_POINT ( 'NONE',  ( -33.29843479794969596, 414.3069388185490425, -52.53501381873680032 ) ) ;
#2263 =( BOUNDED_CURVE ( )  B_SPLINE_CURVE ( 3, ( #251, #3434, #3936, #3016 ),
 .UNSPECIFIED., .F., .T. ) 
 B_SPLINE_CURVE_WITH_KNOTS ( ( 4, 4 ),
 ( 5.497787143782010055, 6.283185307179330437 ),
 .UNSPECIFIED. ) 
 CURVE ( )  GEOMETRIC_REPRESENTATION_ITEM ( )  RATIONAL_B_SPLINE_CURVE ( ( 1.000000000000000000, 0.9492530216741750237, 0.9492530216741750237, 1.000000000000000000 ) ) 
 REPRESENTATION_ITEM ( '' )  );
#2264 = ORIENTED_EDGE ( 'NONE', *, *, #3298, .F. ) ;
#2265 = CARTESIAN_POINT ( 'NONE',  ( -50.29903205686576939, 403.4997335234955926, -55.84475477685388967 ) ) ;
#2266 = CARTESIAN_POINT ( 'NONE',  ( -16.37969932478159762, 414.1349234725424822, -49.90524187316779603 ) ) ;
#2267 = ORIENTED_EDGE ( 'NONE', *, *, #4657, .F. ) ;
#2268 = CARTESIAN_POINT ( 'NONE',  ( -36.40663707827639684, 425.7028531747515103, -56.80244507747019611 ) ) ;
#2269 = DIRECTION ( 'NONE',  ( 1.000000000000000000, -6.506367464894709751E-09, 1.110222894497819894E-16 ) ) ;
#2270 = AXIS2_PLACEMENT_3D ( 'NONE', #3536, #5486, #5166 ) ;
#2271 = CARTESIAN_POINT ( 'NONE',  ( -47.67968852327019391, 430.6509799552960089, -60.83499734764340161 ) ) ;
#2272 = ORIENTED_EDGE ( 'NONE', *, *, #2078, .T. ) ;
#2273 = CARTESIAN_POINT ( 'NONE',  ( -10.22890126099149910, 427.6509797116269738, -58.09332458483159911 ) ) ;
#2274 = AXIS2_PLACEMENT_3D ( 'NONE', #1913, #4814, #3797 ) ;
#2275 = AXIS2_PLACEMENT_3D ( 'NONE', #2099, #1109, #2160 ) ;
#2276 = CARTESIAN_POINT ( 'NONE',  ( -4.962632870097116289, 425.7538300985512478, -58.58816181921537947 ) ) ;
#2277 = DIRECTION ( 'NONE',  ( -6.505629368547249457E-09, -1.000000000000000000, -2.000000000000000155E-15 ) ) ;
#2278 = CIRCLE ( 'NONE', #2282, 2.000000000000001776 ) ;
#2279 = EDGE_CURVE ( 'NONE', #771, #2226, #5832, .T. ) ;
#2280 = ORIENTED_EDGE ( 'NONE', *, *, #5699, .F. ) ;
#2281 = CYLINDRICAL_SURFACE ( 'NONE', #3211, 0.9999999999999988898 ) ;
#2282 = AXIS2_PLACEMENT_3D ( 'NONE', #864, #2746, #4618 ) ;
#2283 = EDGE_LOOP ( 'NONE', ( #1505, #5232, #2528, #546 ) ) ;
#2284 = DIRECTION ( 'NONE',  ( -6.506374386629579859E-09, -1.000000000000000000, -2.000000000000000155E-15 ) ) ;
#2285 = FACE_OUTER_BOUND ( 'NONE', #935, .T. ) ;
#2286 = CARTESIAN_POINT ( 'NONE',  ( -40.95389692969030193, 405.3763965444645123, -55.12963983577289895 ) ) ;
#2287 = CONICAL_SURFACE ( 'NONE', #800, 3.200000000000001510, 0.7853981633974447263 ) ;
#2288 = DIRECTION ( 'NONE',  ( -3.115520746156770004E-16, -2.279723910141595386E-15, 1.000000000000000000 ) ) ;
#2289 = CARTESIAN_POINT ( 'NONE',  ( -8.566150127368199918, 402.4684479600269924, -55.82517145903109679 ) ) ;
#2290 = ORIENTED_EDGE ( 'NONE', *, *, #4022, .T. ) ;
#2291 = CARTESIAN_POINT ( 'NONE',  ( -48.85651370592540133, 402.9067095247339694, -49.10524068635240269 ) ) ;
#2292 = AXIS2_PLACEMENT_3D ( 'NONE', #3997, #4524, #5902 ) ;
#2293 = DIRECTION ( 'NONE',  ( 0.7071067767306330465, -0.7071067856424618769, -1.748399936086619987E-15 ) ) ;
#2294 = CARTESIAN_POINT ( 'NONE',  ( -46.95651370592540275, 402.9067095000099243, -55.90524068635230037 ) ) ;
#2295 = ADVANCED_FACE ( 'NONE', ( #3747 ), #1829, .F. ) ;
#2296 = ORIENTED_EDGE ( 'NONE', *, *, #5058, .T. ) ;
#2297 = FACE_OUTER_BOUND ( 'NONE', #5553, .T. ) ;
#2298 = CIRCLE ( 'NONE', #4942, 2.999999127526980836 ) ;
#2299 = CARTESIAN_POINT ( 'NONE',  ( -20.77158741141699849, 419.6497535121835085, -53.53501369729850268 ) ) ;
#2300 = ORIENTED_EDGE ( 'NONE', *, *, #176, .F. ) ;
#2301 = CARTESIAN_POINT ( 'NONE',  ( -35.77968615749985304, 426.0524164756440086, -55.20427518498809860 ) ) ;
#2302 = ORIENTED_EDGE ( 'NONE', *, *, #3188, .F. ) ;
#2303 = ORIENTED_EDGE ( 'NONE', *, *, #3399, .T. ) ;
#2304 = LINE ( 'NONE', #3711, #1547 ) ;
#2305 = CARTESIAN_POINT ( 'NONE',  ( -43.95827843898069887, 403.0255227413140346, -55.50524677280510133 ) ) ;
#2306 = CONICAL_SURFACE ( 'NONE', #2309, 1.899999999999999245, 0.7853981633974200793 ) ;
#2307 = CARTESIAN_POINT ( 'NONE',  ( -50.66362050012320140, 400.9067095241090328, -55.61234746753889624 ) ) ;
#2308 = CARTESIAN_POINT ( 'NONE',  ( -13.25547257895192033, 424.6509797314839716, -55.61234748197819755 ) ) ;
#2309 = AXIS2_PLACEMENT_3D ( 'NONE', #5041, #4631, #813 ) ;
#2310 = CARTESIAN_POINT ( 'NONE',  ( -5.202872000005400288, 402.9067092283455054, -52.70524068635239701 ) ) ;
#2311 = ADVANCED_FACE ( 'NONE', ( #6058 ), #2314, .F. ) ;
#2312 = CARTESIAN_POINT ( 'NONE',  ( -39.41622044526119595, 426.1360489381215189, -50.25024954261899524 ) ) ;
#2313 = VECTOR ( 'NONE', #2869, 1000.000000000000114 ) ;
#2314 = CYLINDRICAL_SURFACE ( 'NONE', #693, 2.000000000000001776 ) ;
#2315 = VECTOR ( 'NONE', #3534, 1000.000000000000000 ) ;
#2316 = CARTESIAN_POINT ( 'NONE',  ( -8.987996653623008925, 402.4134780804539560, -55.65404931349250006 ) ) ;
#2317 = DIRECTION ( 'NONE',  ( 0.8890209675468647710, -0.4578664862839783023, -9.912705577010320619E-16 ) ) ;
#2318 = ORIENTED_EDGE ( 'NONE', *, *, #146, .F. ) ;
#2319 = ADVANCED_FACE ( 'NONE', ( #2372 ), #1084, .T. ) ;
#2320 = VERTEX_POINT ( 'NONE', #891 ) ;
#2321 = B_SPLINE_CURVE_WITH_KNOTS ( 'NONE', 3,
 ( #2699, #2237, #1721, #3571 ),
 .UNSPECIFIED., .F., .F.,
 ( 4, 4 ),
 ( 0.000000000000000000, 1.000000000000000000 ),
 .UNSPECIFIED. ) ;
#2322 = CYLINDRICAL_SURFACE ( 'NONE', #3832, 1.000000000000006217 ) ;
#2323 = CARTESIAN_POINT ( 'NONE',  ( -15.55391989077149972, 409.0510736387860220, -55.12963997235349467 ) ) ;
#2324 = DIRECTION ( 'NONE',  ( 0.06474353249544707867, -0.9979019365649167694, -1.734723475976804333E-15 ) ) ;
#2325 = CARTESIAN_POINT ( 'NONE',  ( -2.307540114607204540, 403.7088131221194658, -55.50524068635239416 ) ) ;
#2326 = FACE_OUTER_BOUND ( 'NONE', #1569, .T. ) ;
#2327 = AXIS2_PLACEMENT_3D ( 'NONE', #1556, #2388, #5704 ) ;
#2328 = ORIENTED_EDGE ( 'NONE', *, *, #5983, .T. ) ;
#2329 = CARTESIAN_POINT ( 'NONE',  ( -8.594116217449601081, 402.6790404913239740, -55.82532352895910321 ) ) ;
#2330 = ORIENTED_EDGE ( 'NONE', *, *, #4680, .F. ) ;
#2331 = ORIENTED_EDGE ( 'NONE', *, *, #1817, .F. ) ;
#2332 = EDGE_CURVE ( 'NONE', #4476, #2158, #507, .T. ) ;
#2333 = ORIENTED_EDGE ( 'NONE', *, *, #2772, .T. ) ;
#2334 = ORIENTED_EDGE ( 'NONE', *, *, #3236, .F. ) ;
#2335 = DIRECTION ( 'NONE',  ( -1.000000000000000000, 6.507086536267080729E-09, 0.000000000000000000 ) ) ;
#2336 = PLANE ( 'NONE',  #3332 ) ;
#2337 = CIRCLE ( 'NONE', #5495, 1.000000000000001332 ) ;
#2338 = EDGE_CURVE ( 'NONE', #5903, #304, #2665, .T. ) ;
#2339 = CARTESIAN_POINT ( 'NONE',  ( -43.72266574014440721, 402.4834955081395265, -55.71869224418770727 ) ) ;
#2340 = AXIS2_PLACEMENT_3D ( 'NONE', #1545, #5891, #2549 ) ;
#2341 = AXIS2_PLACEMENT_3D ( 'NONE', #4307, #2561, #5359 ) ;
#2342 = AXIS2_PLACEMENT_3D ( 'NONE', #841, #446, #3204 ) ;
#2343 = DIRECTION ( 'NONE',  ( 0.000000000000000000, -2.000000000000000155E-15, 1.000000000000000000 ) ) ;
#2344 = EDGE_CURVE ( 'NONE', #3149, #3300, #894, .T. ) ;
#2345 = CARTESIAN_POINT ( 'NONE',  ( -8.177721670328899961, 402.5190632055659989, -55.90524068635239985 ) ) ;
#2346 = CARTESIAN_POINT ( 'NONE',  ( -50.17856930086360734, 403.9897861932655587, -55.88027469069650266 ) ) ;
#2347 = ORIENTED_EDGE ( 'NONE', *, *, #6087, .F. ) ;
#2348 = EDGE_LOOP ( 'NONE', ( #4404, #709, #4686, #4392 ) ) ;
#2349 = CARTESIAN_POINT ( 'NONE',  ( -39.19680607727921284, 424.6509799002677710, -51.31062034564207153 ) ) ;
#2350 = CARTESIAN_POINT ( 'NONE',  ( -4.479696847657200109, 426.6509796743839615, -58.38812317138010144 ) ) ;
#2351 = DIRECTION ( 'NONE',  ( -1.301273425285109399E-08, -0.9999999999999998890, -2.273285667600038901E-15 ) ) ;
#2352 = DIRECTION ( 'NONE',  ( -1.000000000000000000, 6.506364074960614948E-09, 0.000000000000000000 ) ) ;
#2353 = EDGE_CURVE ( 'NONE', #5700, #3423, #3224, .T. ) ;
#2354 = ORIENTED_EDGE ( 'NONE', *, *, #2513, .T. ) ;
#2355 = CARTESIAN_POINT ( 'NONE',  ( -49.05651370592539706, 402.9067095273364885, -48.90524068635239274 ) ) ;
#2356 = ORIENTED_EDGE ( 'NONE', *, *, #614, .T. ) ;
#2357 = ORIENTED_EDGE ( 'NONE', *, *, #3044, .F. ) ;
#2358 = CARTESIAN_POINT ( 'NONE',  ( -36.40663954706929673, 424.7537745643559788, -55.85336744088739636 ) ) ;
#2359 = LINE ( 'NONE', #5174, #3874 ) ;
#2360 = B_SPLINE_SURFACE_WITH_KNOTS ( 'NONE', 3, 3, ( 
 ( #4834, #3929, #5840, #1160, #5865 ),
 ( #1603, #3460, #3036, #5377, #4923 ),
 ( #1133, #2579, #1298, #4058, #4162 ),
 ( #3171, #6059, #1831, #5068, #866 ),
 ( #2222, #4126, #309, #3685, #4589 ) ),
 .UNSPECIFIED., .F., .F., .F.,
 ( 4, 1, 4 ),
 ( 4, 1, 4 ),
 ( -0.002896669089045349806, 0.5714285714285709528, 1.000267732056020042 ),
 ( -0.002896669089560289893, 0.6731984257685110773, 1.573692995882929990 ),
 .UNSPECIFIED. ) ;
#2361 = CARTESIAN_POINT ( 'NONE',  ( -12.62969590817759880, 425.6509797274114817, -52.88500102775260103 ) ) ;
#2362 = FACE_OUTER_BOUND ( 'NONE', #3681, .T. ) ;
#2363 = ORIENTED_EDGE ( 'NONE', *, *, #3715, .T. ) ;
#2364 = ORIENTED_EDGE ( 'NONE', *, *, #2153, .T. ) ;
#2365 = CARTESIAN_POINT ( 'NONE',  ( -15.51057151554438995, 424.6509253011299734, -55.90524068635225774 ) ) ;
#2366 = DIRECTION ( 'NONE',  ( -0.9999999999999998890, 1.301273437667849975E-08, 0.000000000000000000 ) ) ;
#2367 = ADVANCED_FACE ( 'NONE', ( #1618 ), #3476, .F. ) ;
#2368 = EDGE_CURVE ( 'NONE', #4263, #5616, #5878, .T. ) ;
#2369 = DIRECTION ( 'NONE',  ( -0.7071067811876265985, 4.600708702895411655E-09, -0.7071067811854685470 ) ) ;
#2370 = VECTOR ( 'NONE', #295, 1000.000000000000000 ) ;
#2371 = CARTESIAN_POINT ( 'NONE',  ( -13.09152517727340026, 425.6509797304165090, -51.19050841064329660 ) ) ;
#2372 = FACE_OUTER_BOUND ( 'NONE', #1035, .T. ) ;
#2373 = CARTESIAN_POINT ( 'NONE',  ( -11.20548874410309992, 405.3763963509105679, -55.12963983577289895 ) ) ;
#2374 = CARTESIAN_POINT ( 'NONE',  ( -39.19680613502330147, 415.7749752536404912, -48.90524068635239274 ) ) ;
#2375 = CIRCLE ( 'NONE', #4730, 3.400000000000000799 ) ;
#2376 = ORIENTED_EDGE ( 'NONE', *, *, #1909, .T. ) ;
#2377 = EDGE_LOOP ( 'NONE', ( #5584, #3345 ) ) ;
#2378 = DIRECTION ( 'NONE',  ( 2.685988971624615229E-16, 2.416349829050215355E-15, -1.000000000000000000 ) ) ;
#2379 = CARTESIAN_POINT ( 'NONE',  ( -38.19680607727919863, 424.6509798937420328, -54.90524068635230037 ) ) ;
#2380 = CARTESIAN_POINT ( 'NONE',  ( -13.29613763017830053, 424.6509797317474977, -56.90524068635230037 ) ) ;
#2381 = CONICAL_SURFACE ( 'NONE', #4426, 1.899999999999999023, 0.7853981636022009383 ) ;
#2382 = DIRECTION ( 'NONE',  ( -1.621767530685324710E-16, -2.294569782603270343E-15, 1.000000000000000000 ) ) ;
#2383 = ORIENTED_EDGE ( 'NONE', *, *, #1064, .T. ) ;
#2384 = CARTESIAN_POINT ( 'NONE',  ( -6.202871992957799563, 403.9897859071469952, -49.40524068635239274 ) ) ;
#2385 = ORIENTED_EDGE ( 'NONE', *, *, #435, .T. ) ;
#2386 = DIRECTION ( 'NONE',  ( 0.7071067811865280328, -9.201393838991370651E-09, 0.7071067811865670016 ) ) ;
#2387 = EDGE_CURVE ( 'NONE', #5913, #2783, #4145, .T. ) ;
#2388 = DIRECTION ( 'NONE',  ( -6.506378898289300005E-09, -1.000000000000000000, 5.745872782098640504E-15 ) ) ;
#2389 = AXIS2_PLACEMENT_3D ( 'NONE', #3796, #2829, #915 ) ;
#2390 = DIRECTION ( 'NONE',  ( -1.000000000000000000, 6.506366962090760048E-09, 6.665464251652630136E-16 ) ) ;
#2391 = CARTESIAN_POINT ( 'NONE',  ( -15.52906289074950053, 424.6499446807414984, -55.90532607554889921 ) ) ;
#2392 = EDGE_LOOP ( 'NONE', ( #3528, #4917, #2939, #4493, #3167, #3982, #5363 ) ) ;
#2393 = ORIENTED_EDGE ( 'NONE', *, *, #2397, .T. ) ;
#2394 = FACE_OUTER_BOUND ( 'NONE', #2348, .T. ) ;
#2395 = LINE ( 'NONE', #3310, #4649 ) ;
#2396 = CARTESIAN_POINT ( 'NONE',  ( -1.980816390973404895, 403.9897858796729793, -55.88027469069650266 ) ) ;
#2397 = EDGE_CURVE ( 'NONE', #4155, #1739, #412, .T. ) ;
#2398 = EDGE_CURVE ( 'NONE', #1128, #4120, #4464, .T. ) ;
#2399 = CIRCLE ( 'NONE', #626, 3.000000000000000000 ) ;
#2400 = CARTESIAN_POINT ( 'NONE',  ( -49.95651369887920623, 403.9897861918215085, -48.90524068635239274 ) ) ;
#2401 = CARTESIAN_POINT ( 'NONE',  ( -49.89960067498670071, 404.3397404097694903, -55.77190735301899593 ) ) ;
#2402 = ORIENTED_EDGE ( 'NONE', *, *, #1003, .T. ) ;
#2403 = MECHANICAL_DESIGN_GEOMETRIC_PRESENTATION_REPRESENTATION (  '', ( #4857 ), #3084 ) ;
#2404 = B_SPLINE_SURFACE_WITH_KNOTS ( 'NONE', 3, 3, ( 
 ( #724, #2052, #3950, #4855, #5884 ),
 ( #268, #1590, #2514, #200, #2143 ),
 ( #4009, #4436, #2944, #1181, #3449 ),
 ( #1654, #4947, #3509, #5365, #147 ) ),
 .UNSPECIFIED., .F., .F., .F.,
 ( 4, 4 ),
 ( 4, 1, 4 ),
 ( -0.0003602088711152409673, 1.000000000000000000 ),
 ( -0.0002470550247051640064, 0.2223385017624879834, 0.5190368924705099918 ),
 .UNSPECIFIED. ) ;
#2405 = ORIENTED_EDGE ( 'NONE', *, *, #2703, .F. ) ;
#2406 = CARTESIAN_POINT ( 'NONE',  ( -43.44356359855065364, 402.4489447634974226, -55.75855398587661682 ) ) ;
#2407 = EDGE_CURVE ( 'NONE', #2411, #3704, #261, .T. ) ;
#2408 = FACE_OUTER_BOUND ( 'NONE', #3855, .T. ) ;
#2409 = DIRECTION ( 'NONE',  ( 0.9999999999999998890, -1.301272814992122824E-08, 0.000000000000000000 ) ) ;
#2410 = AXIS2_PLACEMENT_3D ( 'NONE', #3602, #5516, #1242 ) ;
#2411 = VERTEX_POINT ( 'NONE', #5415 ) ;
#2412 = CARTESIAN_POINT ( 'NONE',  ( -2.595568452801504833, 404.3906122618139989, -55.50524068635239416 ) ) ;
#2413 = ORIENTED_EDGE ( 'NONE', *, *, #3044, .T. ) ;
#2414 = ORIENTED_EDGE ( 'NONE', *, *, #898, .F. ) ;
#2415 = CYLINDRICAL_SURFACE ( 'NONE', #424, 1.000000000000006217 ) ;
#2416 = DIRECTION ( 'NONE',  ( 1.734723475976805517E-15, 0.000000000000000000, 1.000000000000000000 ) ) ;
#2417 = EDGE_CURVE ( 'NONE', #5139, #4130, #5923, .T. ) ;
#2418 = FACE_OUTER_BOUND ( 'NONE', #962, .T. ) ;
#2419 = CARTESIAN_POINT ( 'NONE',  ( -13.96257951317419987, 398.9067092853455279, -55.90524068635239985 ) ) ;
#2420 = EDGE_LOOP ( 'NONE', ( #3278, #4220, #1837, #3717, #1936 ) ) ;
#2421 = ORIENTED_EDGE ( 'NONE', *, *, #2640, .T. ) ;
#2422 = DIRECTION ( 'NONE',  ( 1.301417306685503930E-23, 1.999999999127239949E-15, -1.000000000000000000 ) ) ;
#2423 = CARTESIAN_POINT ( 'NONE',  ( -2.202872000005404729, 402.9067092087969399, -54.90524068635230037 ) ) ;
#2424 = EDGE_CURVE ( 'NONE', #1432, #1741, #3912, .T. ) ;
#2425 = AXIS2_PLACEMENT_3D ( 'NONE', #2637, #2277, #1258 ) ;
#2426 = LINE ( 'NONE', #2893, #4839 ) ;
#2427 = CONICAL_SURFACE ( 'NONE', #4380, 3.500000000000000000, 0.7853981633973627918 ) ;
#2428 = DIRECTION ( 'NONE',  ( -0.7071067811865441310, 4.600209102534330335E-09, -0.7071067811865510144 ) ) ;
#2429 = DIRECTION ( 'NONE',  ( 0.9999999999999998890, -1.301272978260216033E-08, 0.000000000000000000 ) ) ;
#2430 = EDGE_CURVE ( 'NONE', #3723, #2963, #5040, .T. ) ;
#2431 = ORIENTED_EDGE ( 'NONE', *, *, #3110, .F. ) ;
#2432 = CARTESIAN_POINT ( 'NONE',  ( -36.77968612757990030, 430.6509798843765111, -61.83499734764340161 ) ) ;
#2433 = CARTESIAN_POINT ( 'NONE',  ( -8.202872000409369591, 402.9067092283455054, -55.50525107667119329 ) ) ;
#2434 = CARTESIAN_POINT ( 'NONE',  ( -11.20548870293730026, 405.3763964256240229, -54.90524030621049434 ) ) ;
#2435 = DIRECTION ( 'NONE',  ( 0.9478805813095440014, 0.3186248964502112480, -0.0007608799991303174387 ) ) ;
#2436 = ORIENTED_EDGE ( 'NONE', *, *, #6004, .F. ) ;
#2437 = CARTESIAN_POINT ( 'NONE',  ( -46.95651370592540275, 402.9067095000099243, -52.90524068635230037 ) ) ;
#2438 = EDGE_CURVE ( 'NONE', #5566, #4747, #3744, .T. ) ;
#2439 = ADVANCED_FACE ( 'NONE', ( #5824 ), #1494, .F. ) ;
#2440 = CARTESIAN_POINT ( 'NONE',  ( -36.16080576495985355, 411.4004876009722125, -50.78132539903342035 ) ) ;
#2441 = ORIENTED_EDGE ( 'NONE', *, *, #3215, .T. ) ;
#2442 = CARTESIAN_POINT ( 'NONE',  ( -10.22890127140169980, 426.0509797116269510, -58.09332458483159911 ) ) ;
#2443 = DIRECTION ( 'NONE',  ( -0.4082482891357299692, 0.8164965835839528285, -0.4082482864795424771 ) ) ;
#2444 = CARTESIAN_POINT ( 'NONE',  ( -8.502434741828475140, 403.7361043726019147, -55.90524068635241406 ) ) ;
#2445 = EDGE_LOOP ( 'NONE', ( #3497, #1756, #3080, #2995 ) ) ;
#2446 = CARTESIAN_POINT ( 'NONE',  ( -2.379911011794805464, 404.2812490438290070, -55.63857401968569860 ) ) ;
#2447 = EDGE_LOOP ( 'NONE', ( #4720, #61, #1224, #199 ) ) ;
#2448 = LINE ( 'NONE', #1992, #3270 ) ;
#2449 = VERTEX_POINT ( 'NONE', #1679 ) ;
#2450 = LINE ( 'NONE', #2371, #5158 ) ;
#2451 = ADVANCED_FACE ( 'NONE', ( #2510 ), #717, .F. ) ;
#2452 = SURFACE_SIDE_STYLE ('',( #4439 ) ) ;
#2453 = LINE ( 'NONE', #70, #5991 ) ;
#2454 = ORIENTED_EDGE ( 'NONE', *, *, #2242, .F. ) ;
#2455 = AXIS2_PLACEMENT_3D ( 'NONE', #5789, #4223, #29 ) ;
#2456 = ORIENTED_EDGE ( 'NONE', *, *, #2611, .T. ) ;
#2457 = CARTESIAN_POINT ( 'NONE',  ( -40.95389652627260801, 405.3763990342609986, -49.90524068635230037 ) ) ;
#2458 = CARTESIAN_POINT ( 'NONE',  ( -40.95389663393379465, 405.3764001647515443, -47.16390210352770396 ) ) ;
#2459 = AXIS2_PLACEMENT_3D ( 'NONE', #5787, #1580, #5870 ) ;
#2460 = DIRECTION ( 'NONE',  ( 0.5773502654331607031, -0.5773502729460849858, -0.5773502691896315042 ) ) ;
#2461 = DIRECTION ( 'NONE',  ( -0.8890209735049623418, -0.4578664747153795567, 0.000000000000000000 ) ) ;
#2462 = CYLINDRICAL_SURFACE ( 'NONE', #1972, 1.700000000000000178 ) ;
#2463 = EDGE_CURVE ( 'NONE', #1816, #2765, #6036, .T. ) ;
#2464 = AXIS2_PLACEMENT_3D ( 'NONE', #5438, #2155, #1023 ) ;
#2465 = CARTESIAN_POINT ( 'NONE',  ( -12.69025549408632259, 426.6221555437925304, -50.17756452513851428 ) ) ;
#2466 = VERTEX_POINT ( 'NONE', #3445 ) ;
#2467 = CARTESIAN_POINT ( 'NONE',  ( -38.90391287290174915, 424.6509798983424844, -55.61234745310289185 ) ) ;
#2468 = ORIENTED_EDGE ( 'NONE', *, *, #162, .F. ) ;
#2469 = DIRECTION ( 'NONE',  ( -0.5000000046005640408, -0.7071067779335548087, 0.4999999999998622768 ) ) ;
#2470 = CIRCLE ( 'NONE', #1985, 3.000000000000000000 ) ;
#2471 = AXIS2_PLACEMENT_3D ( 'NONE', #1295, #4055, #3032 ) ;
#2472 = LINE ( 'NONE', #4753, #3518 ) ;
#2473 = ADVANCED_FACE ( 'NONE', ( #3092 ), #4213, .F. ) ;
#2474 = ORIENTED_EDGE ( 'NONE', *, *, #5887, .T. ) ;
#2475 = CARTESIAN_POINT ( 'NONE',  ( -26.07969270249475002, 427.0809798147585070, -53.53501369717669434 ) ) ;
#2476 = AXIS2_PLACEMENT_3D ( 'NONE', #1325, #3191, #5434 ) ;
#2477 = ORIENTED_EDGE ( 'NONE', *, *, #4359, .F. ) ;
#2478 = VERTEX_POINT ( 'NONE', #3107 ) ;
#2479 = CARTESIAN_POINT ( 'NONE',  ( -36.16054339996230027, 411.4010501761159730, -49.90533934261110005 ) ) ;
#2480 = CIRCLE ( 'NONE', #4335, 0.9999999999999911182 ) ;
#2481 = CARTESIAN_POINT ( 'NONE',  ( -26.07969269598854822, 428.0809798147584502, -52.53501369717669434 ) ) ;
#2482 = VERTEX_POINT ( 'NONE', #281 ) ;
#2483 = AXIS2_PLACEMENT_3D ( 'NONE', #2767, #5984, #4639 ) ;
#2484 = CARTESIAN_POINT ( 'NONE',  ( -17.14356207505012364, 413.6391632066759030, -53.53501379303841645 ) ) ;
#2485 = DIRECTION ( 'NONE',  ( 1.000000000000000000, 0.000000000000000000, 0.000000000000000000 ) ) ;
#2486 = EDGE_CURVE ( 'NONE', #3442, #4727, #1162, .T. ) ;
#2487 = VERTEX_POINT ( 'NONE', #85 ) ;
#2488 = CARTESIAN_POINT ( 'NONE',  ( -43.32058616968930664, 402.4329211551920480, -49.57190735301900020 ) ) ;
#2489 = VECTOR ( 'NONE', #5760, 1000.000000000000000 ) ;
#2490 = CARTESIAN_POINT ( 'NONE',  ( -36.89911237500469809, 408.5526518571334691, -60.41436985758629419 ) ) ;
#2491 = DIRECTION ( 'NONE',  ( 1.301273444467147721E-08, 0.9999999999999997780, 2.444089209850063560E-15 ) ) ;
#2492 = DIRECTION ( 'NONE',  ( 3.501461612943910086E-16, -2.277555759156820351E-15, 1.000000000000000000 ) ) ;
#2493 = CARTESIAN_POINT ( 'NONE',  ( -15.99484629758660148, 411.4015496604710620, -49.90498746222952775 ) ) ;
#2494 = EDGE_CURVE ( 'NONE', #1471, #6003, #5144, .T. ) ;
#2495 = LINE ( 'NONE', #3519, #3856 ) ;
#2496 = ORIENTED_EDGE ( 'NONE', *, *, #4344, .T. ) ;
#2497 = CARTESIAN_POINT ( 'NONE',  ( -9.355046844730100730, 405.4985836319920622, -48.90524068635239274 ) ) ;
#2498 = VERTEX_POINT ( 'NONE', #5379 ) ;
#2499 = CYLINDRICAL_SURFACE ( 'NONE', #4521, 1.000000000000012657 ) ;
#2500 = CARTESIAN_POINT ( 'NONE',  ( -39.50820293571743491, 426.3893652683913160, -50.25365923571048654 ) ) ;
#2501 = AXIS2_PLACEMENT_3D ( 'NONE', #2244, #5949, #2600 ) ;
#2502 = PRODUCT ( 'Carriage_Base', 'Carriage_Base', '', ( #1153 ) ) ;
#2503 = ORIENTED_EDGE ( 'NONE', *, *, #2417, .T. ) ;
#2504 = CARTESIAN_POINT ( 'NONE',  ( -10.22731900855216303, 405.9791873284631833, -55.90524068635238564 ) ) ;
#2505 = VECTOR ( 'NONE', #3878, 1000.000000000000114 ) ;
#2506 = LINE ( 'NONE', #2966, #3706 ) ;
#2507 = VERTEX_POINT ( 'NONE', #3932 ) ;
#2508 = EDGE_CURVE ( 'NONE', #4660, #2449, #1198, .T. ) ;
#2509 = CARTESIAN_POINT ( 'NONE',  ( -49.95651370592540275, 402.9067095194994863, -48.90524068635239274 ) ) ;
#2510 = FACE_OUTER_BOUND ( 'NONE', #3412, .T. ) ;
#2511 = CARTESIAN_POINT ( 'NONE',  ( -19.84702202582479913, 414.3067088332180106, -53.86834703040519656 ) ) ;
#2512 = ORIENTED_EDGE ( 'NONE', *, *, #6076, .T. ) ;
#2513 = EDGE_CURVE ( 'NONE', #2126, #804, #247, .T. ) ;
#2514 = CARTESIAN_POINT ( 'NONE',  ( -17.17658059160345019, 414.1101838352590221, -49.57214749226640294 ) ) ;
#2515 = DIRECTION ( 'NONE',  ( -1.000000000000000000, 6.505729242866700661E-09, 5.873321061761270574E-16 ) ) ;
#2516 = CARTESIAN_POINT ( 'NONE',  ( -13.96257933919279992, 425.6509797360835137, -54.90524068635230037 ) ) ;
#2517 = CARTESIAN_POINT ( 'NONE',  ( -5.479696821631799608, 430.6509796807269481, -61.83499734764340161 ) ) ;
#2518 = EDGE_LOOP ( 'NONE', ( #1512, #3710, #1565 ) ) ;
#2519 = ORIENTED_EDGE ( 'NONE', *, *, #2574, .T. ) ;
#2520 = FACE_OUTER_BOUND ( 'NONE', #3186, .T. ) ;
#2521 = AXIS2_PLACEMENT_3D ( 'NONE', #3684, #5596, #1734 ) ;
#2522 = DIRECTION ( 'NONE',  ( -6.507088281571700554E-09, -1.000000000000000000, -1.999999999127239949E-15 ) ) ;
#2523 = LINE ( 'NONE', #2062, #6047 ) ;
#2524 = EDGE_CURVE ( 'NONE', #5122, #556, #4159, .T. ) ;
#2525 = AXIS2_PLACEMENT_3D ( 'NONE', #4886, #236, #1126 ) ;
#2526 = CARTESIAN_POINT ( 'NONE',  ( -15.99484629758749676, 411.4015496605840667, -49.90473423764437655 ) ) ;
#2527 = DIRECTION ( 'NONE',  ( -0.7071067811866047492, 4.600708702895422409E-09, -0.7071067811864902852 ) ) ;
#2528 = ORIENTED_EDGE ( 'NONE', *, *, #1733, .T. ) ;
#2529 = VECTOR ( 'NONE', #1529, 1000.000000000000000 ) ;
#2530 = VERTEX_POINT ( 'NONE', #5538 ) ;
#2531 = DIRECTION ( 'NONE',  ( 0.7071067765858612963, -0.7071067857872336271, 0.000000000000000000 ) ) ;
#2532 = CARTESIAN_POINT ( 'NONE',  ( -36.77968612757990030, 430.6509798845399928, -60.83499734764340161 ) ) ;
#2533 = EDGE_CURVE ( 'NONE', #2914, #6030, #59, .T. ) ;
#2534 = EDGE_CURVE ( 'NONE', #125, #386, #2605, .T. ) ;
#2535 = ORIENTED_EDGE ( 'NONE', *, *, #4716, .T. ) ;
#2536 = CARTESIAN_POINT ( 'NONE',  ( -20.77969494635815551, 428.0809797802747312, -52.80377479924158735 ) ) ;
#2537 = DIRECTION ( 'NONE',  ( -0.4082482878076517663, 0.4082482931200824283, -0.8164965809277220377 ) ) ;
#2538 = ORIENTED_EDGE ( 'NONE', *, *, #1386, .F. ) ;
#2539 = DIRECTION ( 'NONE',  ( 0.9999999999999997780, -1.301273903446069998E-08, 0.000000000000000000 ) ) ;
#2540 = CARTESIAN_POINT ( 'NONE',  ( -12.36149198278460126, 406.0131295838249343, -49.90533934260729865 ) ) ;
#2541 = LINE ( 'NONE', #4851, #635 ) ;
#2542 = B_SPLINE_CURVE_WITH_KNOTS ( 'NONE', 3,
 ( #2567, #89, #5745, #5825, #4345 ),
 .UNSPECIFIED., .F., .F.,
 ( 4, 1, 4 ),
 ( 0.2779494797587799826, 0.6739963236666379753, 1.070043167574499909 ),
 .UNSPECIFIED. ) ;
#2543 = ORIENTED_EDGE ( 'NONE', *, *, #1468, .T. ) ;
#2544 = CYLINDRICAL_SURFACE ( 'NONE', #1886, 1.000000000000001332 ) ;
#2545 = EDGE_CURVE ( 'NONE', #5662, #1472, #4822, .T. ) ;
#2546 = EDGE_CURVE ( 'NONE', #4476, #3767, #6029, .T. ) ;
#2547 = ORIENTED_EDGE ( 'NONE', *, *, #5818, .F. ) ;
#2548 = CARTESIAN_POINT ( 'NONE',  ( -36.89911221752389991, 408.5526585807530182, -45.79323549799389781 ) ) ;
#2549 = DIRECTION ( 'NONE',  ( 2.616771283384462871E-31, -1.000000000000000000, -2.000000000000000155E-15 ) ) ;
#2550 = CARTESIAN_POINT ( 'NONE',  ( -36.77968616011180103, 425.6509798845399928, -56.90524068635230037 ) ) ;
#2551 = CARTESIAN_POINT ( 'NONE',  ( -36.07284091372604706, 425.9439672406984982, -56.31926596525509865 ) ) ;
#2552 = CIRCLE ( 'NONE', #2656, 2.000000000000001776 ) ;
#2553 = CARTESIAN_POINT ( 'NONE',  ( -12.79219310330786641, 426.4410289158061005, -50.07562646859528854 ) ) ;
#2554 = ORIENTED_EDGE ( 'NONE', *, *, #5818, .T. ) ;
#2555 = ORIENTED_EDGE ( 'NONE', *, *, #3594, .F. ) ;
#2556 = AXIS2_PLACEMENT_3D ( 'NONE', #3002, #5857, #1622 ) ;
#2557 = CARTESIAN_POINT ( 'NONE',  ( -42.99004748555320532, 402.3898480846894472, -54.90524068635239985 ) ) ;
#2558 = PLANE ( 'NONE',  #4724 ) ;
#2559 = EDGE_LOOP ( 'NONE', ( #5992, #161, #4872, #5614 ) ) ;
#2560 = CARTESIAN_POINT ( 'NONE',  ( -20.67684452600332534, 427.9781293585816684, -53.05207768057406525 ) ) ;
#2561 = DIRECTION ( 'NONE',  ( -6.507090872448229272E-09, -1.000000000000000000, 3.133207731643485200E-16 ) ) ;
#2562 = AXIS2_PLACEMENT_3D ( 'NONE', #5657, #4237, #4850 ) ;
#2563 = EDGE_CURVE ( 'NONE', #1472, #4263, #5196, .T. ) ;
#2564 = ORIENTED_EDGE ( 'NONE', *, *, #397, .T. ) ;
#2565 = CARTESIAN_POINT ( 'NONE',  ( -20.77969493204700058, 430.2807527912474939, -52.53501369717680092 ) ) ;
#2566 = DIRECTION ( 'NONE',  ( 0.9999999999999998890, -1.301273903446067516E-08, 0.000000000000000000 ) ) ;
#2567 = CARTESIAN_POINT ( 'NONE',  ( -15.03669087191139830, 411.6739284486455404, -48.90524070073190188 ) ) ;
#2568 = ORIENTED_EDGE ( 'NONE', *, *, #3716, .F. ) ;
#2569 = CARTESIAN_POINT ( 'NONE',  ( -9.330878234330700849, 403.6295312725599729, -49.90523975529929857 ) ) ;
#2570 = AXIS2_PLACEMENT_3D ( 'NONE', #5782, #2089, #4776 ) ;
#2571 = DIRECTION ( 'NONE',  ( -1.000000000000000000, 6.506366962090760048E-09, 3.501462224639520343E-16 ) ) ;
#2572 = CONICAL_SURFACE ( 'NONE', #2483, 3.500000000000003109, 0.7853981633973627918 ) ;
#2573 = EDGE_LOOP ( 'NONE', ( #2583, #3500, #5510, #4209, #1199, #2606, #1412, #21, #2328, #4622, #235 ) ) ;
#2574 = EDGE_CURVE ( 'NONE', #4733, #4461, #4668, .T. ) ;
#2575 = CARTESIAN_POINT ( 'NONE',  ( -43.98166390355040534, 402.5190644906134594, -48.90524068635239274 ) ) ;
#2576 = CARTESIAN_POINT ( 'NONE',  ( -40.95389675324349810, 405.3763989092050224, -49.90523807174739801 ) ) ;
#2577 = CARTESIAN_POINT ( 'NONE',  ( -16.37969921732204881, 430.6509797516465028, -53.53501369717729830 ) ) ;
#2578 = CARTESIAN_POINT ( 'NONE',  ( -12.96257928570640061, 425.6089689429794589, -49.90524073442419706 ) ) ;
#2579 = CARTESIAN_POINT ( 'NONE',  ( -12.91815466387529909, 426.3239449335480344, -49.86403591760200271 ) ) ;
#2580 = CARTESIAN_POINT ( 'NONE',  ( -4.479696821631799608, 430.6509796742209915, -58.87937308433659922 ) ) ;
#2581 = ORIENTED_EDGE ( 'NONE', *, *, #4954, .T. ) ;
#2582 = DIRECTION ( 'NONE',  ( 0.000000000000000000, 0.000000000000000000, 1.000000000000000000 ) ) ;
#2583 = ORIENTED_EDGE ( 'NONE', *, *, #952, .F. ) ;
#2584 = EDGE_CURVE ( 'NONE', #4740, #25, #2682, .T. ) ;
#2585 = DIRECTION ( 'NONE',  ( -6.506364074960620738E-09, -1.000000000000000000, -5.687521804808150055E-15 ) ) ;
#2586 = VECTOR ( 'NONE', #2035, 1000.000000000000000 ) ;
#2587 = EDGE_LOOP ( 'NONE', ( #3768, #4853, #776, #6044, #350 ) ) ;
#2588 = CARTESIAN_POINT ( 'NONE',  ( -18.25025250286294920, 428.6509797638989880, -50.90524068635230037 ) ) ;
#2589 = CARTESIAN_POINT ( 'NONE',  ( -12.54078769960049833, 406.1121213031514685, -56.74161668311069917 ) ) ;
#2590 = ORIENTED_EDGE ( 'NONE', *, *, #67, .F. ) ;
#2591 = DIRECTION ( 'NONE',  ( -6.506378159805550618E-09, -1.000000000000000000, 6.484357043924220974E-15 ) ) ;
#2592 = CARTESIAN_POINT ( 'NONE',  ( -49.95651370401130009, 403.0689371062460395, -55.50524068635239416 ) ) ;
#2593 = DIRECTION ( 'NONE',  ( 1.349437516602451857E-16, -2.069499172318900368E-15, 1.000000000000000000 ) ) ;
#2594 = CARTESIAN_POINT ( 'NONE',  ( -50.95651371893659842, 400.9067095260145379, -54.90524068635239985 ) ) ;
#2595 = EDGE_CURVE ( 'NONE', #3182, #4251, #2954, .T. ) ;
#2596 = VECTOR ( 'NONE', #4674, 1000.000000000000000 ) ;
#2597 = LINE ( 'NONE', #3059, #5156 ) ;
#2598 = EDGE_LOOP ( 'NONE', ( #754, #5190, #4077, #5179, #2725 ) ) ;
#2599 = PLANE ( 'NONE',  #4161 ) ;
#2600 = DIRECTION ( 'NONE',  ( 0.000000000000000000, -0.8944271898360164341, -0.4472135978277570478 ) ) ;
#2601 = CARTESIAN_POINT ( 'NONE',  ( -20.77969486859224801, 440.0344234516365418, -45.90524068634980637 ) ) ;
#2602 =( LENGTH_UNIT ( ) NAMED_UNIT ( * ) SI_UNIT ( .MILLI., .METRE. ) );
#2603 = EDGE_CURVE ( 'NONE', #3218, #1991, #314, .T. ) ;
#2604 = CARTESIAN_POINT ( 'NONE',  ( -2.437914782511845235, 407.2799374543419617, -54.90524068635239985 ) ) ;
#2605 =( BOUNDED_CURVE ( )  B_SPLINE_CURVE ( 3, ( #5965, #4186, #869, #1738 ),
 .UNSPECIFIED., .F., .T. ) 
 B_SPLINE_CURVE_WITH_KNOTS ( ( 4, 4 ),
 ( 3.926990816985730159, 4.712388980384710102 ),
 .UNSPECIFIED. ) 
 CURVE ( )  GEOMETRIC_REPRESENTATION_ITEM ( )  RATIONAL_B_SPLINE_CURVE ( ( 1.000000000000000000, 0.9492530216739959448, 0.9492530216739959448, 1.000000000000000000 ) ) 
 REPRESENTATION_ITEM ( '' )  );
#2606 = ORIENTED_EDGE ( 'NONE', *, *, #5048, .F. ) ;
#2607 = CARTESIAN_POINT ( 'NONE',  ( -40.95389665444229621, 405.3763989636415204, -49.90524068635230037 ) ) ;
#2608 = CARTESIAN_POINT ( 'NONE',  ( -45.19680613502329436, 415.7749752926744691, -48.90524068635239274 ) ) ;
#2609 = CARTESIAN_POINT ( 'NONE',  ( -36.07257937702064510, 425.9438730987539543, -61.54210412883099934 ) ) ;
#2610 = CARTESIAN_POINT ( 'NONE',  ( -36.78625818359419952, 412.8603199280024683, -48.90524068635239274 ) ) ;
#2611 = EDGE_CURVE ( 'NONE', #986, #4540, #3008, .T. ) ;
#2612 = CARTESIAN_POINT ( 'NONE',  ( -39.25029340102729947, 426.0958999884568925, -49.95869901318260276 ) ) ;
#2613 = ORIENTED_EDGE ( 'NONE', *, *, #5871, .F. ) ;
#2614 = DIRECTION ( 'NONE',  ( 0.9979019374589004343, -0.06474351871633902966, 2.790687743288961490E-16 ) ) ;
#2615 = AXIS2_PLACEMENT_3D ( 'NONE', #4911, #2114, #2945 ) ;
#2616 = VERTEX_POINT ( 'NONE', #4650 ) ;
#2617 = CARTESIAN_POINT ( 'NONE',  ( -42.99004738400059722, 402.3898488640185178, -51.57190633930689927 ) ) ;
#2618 = CONICAL_SURFACE ( 'NONE', #3389, 11.49999999999999645, 0.7853981633974264076 ) ;
#2619 = CARTESIAN_POINT ( 'NONE',  ( -5.479696847657200109, 426.6509796808909982, -60.83499734764340161 ) ) ;
#2620 = CARTESIAN_POINT ( 'NONE',  ( -35.77968623503944912, 414.1349214286410074, -54.90524068635239985 ) ) ;
#2621 = CIRCLE ( 'NONE', #4381, 1.700000000000000400 ) ;
#2622 = EDGE_CURVE ( 'NONE', #5090, #4733, #3468, .T. ) ;
#2623 = EDGE_CURVE ( 'NONE', #771, #343, #2684, .T. ) ;
#2624 = CARTESIAN_POINT ( 'NONE',  ( -47.67968854929569744, 426.6509799554594906, -58.42366627028980020 ) ) ;
#2625 = CIRCLE ( 'NONE', #4794, 5.999999999999997335 ) ;
#2626 = CARTESIAN_POINT ( 'NONE',  ( -12.54078792966299893, 406.1121244562464767, -49.90523839107090254 ) ) ;
#2627 = ORIENTED_EDGE ( 'NONE', *, *, #4642, .F. ) ;
#2628 = CARTESIAN_POINT ( 'NONE',  ( -36.78023745605590022, 425.6509796417394682, -56.90610470581520275 ) ) ;
#2629 = CARTESIAN_POINT ( 'NONE',  ( -43.98166390355040534, 402.5190644906134594, -48.90524068635239274 ) ) ;
#2630 = CARTESIAN_POINT ( 'NONE',  ( -41.13179016761780105, 410.0762346261114999, -48.90524068635239274 ) ) ;
#2631 = DIRECTION ( 'NONE',  ( -6.506351013513259945E-09, -1.000000000000000000, -4.960594733055650692E-15 ) ) ;
#2632 = FACE_OUTER_BOUND ( 'NONE', #5882, .T. ) ;
#2633 = VERTEX_POINT ( 'NONE', #2225 ) ;
#2634 = CARTESIAN_POINT ( 'NONE',  ( -39.69681486380400059, 425.9439264771379499, -50.81948063353460299 ) ) ;
#2635 = LINE ( 'NONE', #5091, #2109 ) ;
#2636 = CARTESIAN_POINT ( 'NONE',  ( -41.43647589727439140, 406.2522491066304724, -55.90524068635239985 ) ) ;
#2637 = CARTESIAN_POINT ( 'NONE',  ( -38.19680613502329436, 415.7749752471349893, -54.90524068635239985 ) ) ;
#2638 = FACE_OUTER_BOUND ( 'NONE', #2972, .T. ) ;
#2639 = ORIENTED_EDGE ( 'NONE', *, *, #4783, .F. ) ;
#2640 = EDGE_CURVE ( 'NONE', #3495, #1848, #373, .T. ) ;
#2641 = ORIENTED_EDGE ( 'NONE', *, *, #4954, .F. ) ;
#2642 = FACE_OUTER_BOUND ( 'NONE', #1074, .T. ) ;
#2643 = DIRECTION ( 'NONE',  ( 6.506366408605880212E-09, 1.000000000000000000, 5.687521804808150055E-15 ) ) ;
#2644 = FACE_OUTER_BOUND ( 'NONE', #3052, .T. ) ;
#2645 =( BOUNDED_CURVE ( )  B_SPLINE_CURVE ( 3, ( #3620, #1795, #2185, #796 ),
 .UNSPECIFIED., .F., .F. ) 
 B_SPLINE_CURVE_WITH_KNOTS ( ( 4, 4 ),
 ( 0.5480284282746619162, 1.570796326793854947 ),
 .UNSPECIFIED. ) 
 CURVE ( )  GEOMETRIC_REPRESENTATION_ITEM ( )  RATIONAL_B_SPLINE_CURVE ( ( 1.000000000000000000, 0.9147120396877419513, 0.9147120396877419513, 1.000000000000000000 ) ) 
 REPRESENTATION_ITEM ( '' )  );
#2646 = DIRECTION ( 'NONE',  ( -2.122410809970519736E-16, -2.113706939285590154E-15, 1.000000000000000000 ) ) ;
#2647 = CARTESIAN_POINT ( 'NONE',  ( -50.95651370592539564, 402.9067095259960070, -48.90524068635239274 ) ) ;
#2648 = ORIENTED_EDGE ( 'NONE', *, *, #4643, .T. ) ;
#2649 = DIRECTION ( 'NONE',  ( 0.8944271921638307088, 0.4472135931721283875, 0.000000000000000000 ) ) ;
#2650 = ORIENTED_EDGE ( 'NONE', *, *, #4912, .T. ) ;
#2651 = CARTESIAN_POINT ( 'NONE',  ( -36.60550806691720283, 409.0511921646329938, -54.90524046570580197 ) ) ;
#2652 = DIRECTION ( 'NONE',  ( -1.000000000000000000, 6.506366408605880212E-09, -1.768036938939691523E-29 ) ) ;
#2653 = DIRECTION ( 'NONE',  ( -1.000000000000000000, 0.000000000000000000, 0.000000000000000000 ) ) ;
#2654 = LINE ( 'NONE', #4527, #1824 ) ;
#2655 = FACE_OUTER_BOUND ( 'NONE', #5037, .T. ) ;
#2656 = AXIS2_PLACEMENT_3D ( 'NONE', #3784, #5228, #1014 ) ;
#2657 = CARTESIAN_POINT ( 'NONE',  ( -11.20548862301349935, 405.3763955845540181, -56.74161636378759965 ) ) ;
#2658 = ORIENTED_EDGE ( 'NONE', *, *, #1259, .F. ) ;
#2659 = CARTESIAN_POINT ( 'NONE',  ( -40.39612624282939635, 406.8253815651850118, -48.90524068635239274 ) ) ;
#2660 = AXIS2_PLACEMENT_3D ( 'NONE', #5676, #1523, #1049 ) ;
#2661 = B_SPLINE_CURVE_WITH_KNOTS ( 'NONE', 3,
 ( #5447, #2162, #165, #2044 ),
 .UNSPECIFIED., .F., .F.,
 ( 4, 4 ),
 ( -2.817314080629219841, -2.624178600708260145 ),
 .UNSPECIFIED. ) ;
#2662 = EDGE_CURVE ( 'NONE', #4200, #1314, #3688, .T. ) ;
#2663 = EDGE_CURVE ( 'NONE', #1202, #3184, #6088, .T. ) ;
#2664 = DIRECTION ( 'NONE',  ( 6.506366868639610137E-09, 1.000000000000000000, 2.000000000722350226E-15 ) ) ;
#2665 = CIRCLE ( 'NONE', #114, 1.000000000000000888 ) ;
#2666 = DIRECTION ( 'NONE',  ( -0.7071067765855925114, 0.7071067857875026341, 6.938893903907218911E-15 ) ) ;
#2667 = ORIENTED_EDGE ( 'NONE', *, *, #876, .T. ) ;
#2668 = CARTESIAN_POINT ( 'NONE',  ( -16.37969932359184710, 414.3177768421800238, -53.53501369718220104 ) ) ;
#2669 = FACE_OUTER_BOUND ( 'NONE', #4652, .T. ) ;
#2670 = AXIS2_PLACEMENT_3D ( 'NONE', #5398, #3985, #4955 ) ;
#2671 = SURFACE_SIDE_STYLE ('',( #827 ) ) ;
#2672 = ORIENTED_EDGE ( 'NONE', *, *, #4675, .T. ) ;
#2673 = CARTESIAN_POINT ( 'NONE',  ( -13.96257940345619986, 415.7749750894579961, -48.90524068635239274 ) ) ;
#2674 = AXIS2_PLACEMENT_3D ( 'NONE', #4216, #476, #2351 ) ;
#2675 = EDGE_LOOP ( 'NONE', ( #3922, #3547, #978, #1443 ) ) ;
#2676 = ORIENTED_EDGE ( 'NONE', *, *, #4900, .T. ) ;
#2677 = SPHERICAL_SURFACE ( 'NONE', #5147, 1.000000000000000000 ) ;
#2678 = CARTESIAN_POINT ( 'NONE',  ( -8.202872000328611080, 402.8716305780024527, -55.50525202598189622 ) ) ;
#2679 = CARTESIAN_POINT ( 'NONE',  ( -40.95389697085609981, 405.3763966191780241, -54.90524030621049434 ) ) ;
#2680 = AXIS2_PLACEMENT_3D ( 'NONE', #65, #4206, #1028 ) ;
#2681 = DIRECTION ( 'NONE',  ( 6.507088095983960298E-09, 1.000000000000000000, 1.999999999127239949E-15 ) ) ;
#2682 = B_SPLINE_CURVE_WITH_KNOTS ( 'NONE', 3,
 ( #4097, #4558, #2780, #6061 ),
 .UNSPECIFIED., .F., .F.,
 ( 4, 4 ),
 ( 0.000000000000000000, 1.000000000000000000 ),
 .UNSPECIFIED. ) ;
#2683 = CARTESIAN_POINT ( 'NONE',  ( -39.32871181415837469, 426.3502755284242767, -50.03709324246669610 ) ) ;
#2684 = LINE ( 'NONE', #3623, #2127 ) ;
#2685 = ORIENTED_EDGE ( 'NONE', *, *, #4946, .F. ) ;
#2686 = CARTESIAN_POINT ( 'NONE',  ( -1.924307452989536316, 403.8191509751113699, -55.86740526621272096 ) ) ;
#2687 = VERTEX_POINT ( 'NONE', #3721 ) ;
#2688 = DIRECTION ( 'NONE',  ( -1.110223238793839891E-16, -5.687521804085800380E-15, 1.000000000000000000 ) ) ;
#2689 = CARTESIAN_POINT ( 'NONE',  ( -39.86268032974209774, 413.0277763749705287, -48.90524068635239274 ) ) ;
#2690 = CARTESIAN_POINT ( 'NONE',  ( -33.29843466649700190, 414.3069388193595159, -53.86834715207049840 ) ) ;
#2691 =( BOUNDED_CURVE ( )  B_SPLINE_CURVE ( 3, ( #5509, #838, #3591, #5440 ),
 .UNSPECIFIED., .F., .F. ) 
 B_SPLINE_CURVE_WITH_KNOTS ( ( 4, 4 ),
 ( 4.712388980384679904, 5.497787143782010055 ),
 .UNSPECIFIED. ) 
 CURVE ( )  GEOMETRIC_REPRESENTATION_ITEM ( )  RATIONAL_B_SPLINE_CURVE ( ( 1.000000000000000000, 0.9492530216742059990, 0.9492530216742059990, 1.000000000000000000 ) ) 
 REPRESENTATION_ITEM ( '' )  );
#2692 = ADVANCED_FACE ( 'NONE', ( #5627 ), #5160, .F. ) ;
#2693 = VERTEX_POINT ( 'NONE', #3360 ) ;
#2694 = PLANE ( 'NONE',  #5670 ) ;
#2695 = CARTESIAN_POINT ( 'NONE',  ( -12.54078781752209970, 406.1121229189135420, -53.23857321404599929 ) ) ;
#2696 = TOROIDAL_SURFACE ( 'NONE', #1917, 2.000000000000000000, 1.000000000000000000 ) ;
#2697 = VERTEX_POINT ( 'NONE', #4242 ) ;
#2698 = CARTESIAN_POINT ( 'NONE',  ( -35.77968615722139845, 426.0952141667374917, -55.24707287608180195 ) ) ;
#2699 = CARTESIAN_POINT ( 'NONE',  ( -12.46253513099608057, 425.9440892248130126, -50.81958686746269649 ) ) ;
#2700 = ORIENTED_EDGE ( 'NONE', *, *, #591, .F. ) ;
#2701 = VECTOR ( 'NONE', #1746, 1000.000000000000000 ) ;
#2702 = B_SPLINE_CURVE_WITH_KNOTS ( 'NONE', 3,
 ( #1502, #2365, #2861, #1940, #1967, #1379 ),
 .UNSPECIFIED., .F., .F.,
 ( 4, 2, 4 ),
 ( 0.000000000000000000, 0.5000000000000000000, 1.000000000000000000 ),
 .UNSPECIFIED. ) ;
#2703 = EDGE_CURVE ( 'NONE', #4189, #4196, #467, .T. ) ;
#2704 = CARTESIAN_POINT ( 'NONE',  ( -15.75274833102989902, 425.7028530403739524, -56.80244507750919780 ) ) ;
#2705 = VERTEX_POINT ( 'NONE', #3806 ) ;
#2706 = VECTOR ( 'NONE', #976, 1000.000000000000114 ) ;
#2707 = CARTESIAN_POINT ( 'NONE',  ( -43.96741888404719845, 403.1791884243725121, -55.50524703035539886 ) ) ;
#2708 = DIRECTION ( 'NONE',  ( 0.000000000000000000, -2.277555759621225133E-15, 1.000000000000000000 ) ) ;
#2709 = LINE ( 'NONE', #6051, #408 ) ;
#2710 = FACE_OUTER_BOUND ( 'NONE', #4287, .T. ) ;
#2711 = CARTESIAN_POINT ( 'NONE',  ( -50.66362048006580210, 403.9897861964215053, -55.61234746753889624 ) ) ;
#2712 = VECTOR ( 'NONE', #2390, 1000.000000000000000 ) ;
#2713 = EDGE_CURVE ( 'NONE', #1764, #2616, #950, .T. ) ;
#2714 = FACE_OUTER_BOUND ( 'NONE', #579, .T. ) ;
#2715 = ORIENTED_EDGE ( 'NONE', *, *, #4075, .T. ) ;
#2716 = ORIENTED_EDGE ( 'NONE', *, *, #3984, .F. ) ;
#2717 = DIRECTION ( 'NONE',  ( 8.741470989792359278E-07, 0.000000000000000000, -0.9999999999996178612 ) ) ;
#2718 = LINE ( 'NONE', #3652, #1682 ) ;
#2719 = CARTESIAN_POINT ( 'NONE',  ( -11.20548870293730026, 405.3763964256240229, -54.90524030621049434 ) ) ;
#2720 = CARTESIAN_POINT ( 'NONE',  ( -43.63048413335889819, 426.0509799289505395, -58.09332458483159911 ) ) ;
#2721 = CARTESIAN_POINT ( 'NONE',  ( -11.20548870293730026, 405.3763964256240229, -54.90524030621049434 ) ) ;
#2722 = DIRECTION ( 'NONE',  ( 6.516176487281198371E-09, 0.9999999999999997780, 1.954846928935359635E-08 ) ) ;
#2723 = EDGE_LOOP ( 'NONE', ( #5702, #5671, #4804, #1641, #189, #330, #115, #153 ) ) ;
#2724 = CARTESIAN_POINT ( 'NONE',  ( -5.202872000005400288, 402.9067092283455054, -55.50524068635239416 ) ) ;
#2725 = ORIENTED_EDGE ( 'NONE', *, *, #5546, .F. ) ;
#2726 = DIRECTION ( 'NONE',  ( 0.000000000000000000, -2.000000000000000155E-15, 1.000000000000000000 ) ) ;
#2727 = DIRECTION ( 'NONE',  ( 0.6286327547694020579, -0.3237604973294531119, 0.7071067811865601183 ) ) ;
#2728 = CARTESIAN_POINT ( 'NONE',  ( -35.95896568209089139, 412.1111106640880166, -51.65724755505230803 ) ) ;
#2729 = ORIENTED_EDGE ( 'NONE', *, *, #2353, .F. ) ;
#2730 = DIRECTION ( 'NONE',  ( 2.602543913252705277E-23, 2.000000001444699901E-15, -1.000000000000000000 ) ) ;
#2731 = DIRECTION ( 'NONE',  ( -0.7071067811865600072, 4.600185051956408798E-09, 0.7071067811865350272 ) ) ;
#2732 = ORIENTED_EDGE ( 'NONE', *, *, #2, .F. ) ;
#2733 = CARTESIAN_POINT ( 'NONE',  ( -4.772590071071539874, 425.9438728951034818, -58.50944351493989615 ) ) ;
#2734 = ADVANCED_FACE ( 'NONE', ( #2838 ), #2427, .T. ) ;
#2735 = EDGE_CURVE ( 'NONE', #2046, #4155, #4211, .T. ) ;
#2736 = CARTESIAN_POINT ( 'NONE',  ( -36.37969068634210146, 430.6509798817739920, -61.83499734764340161 ) ) ;
#2737 = CIRCLE ( 'NONE', #3592, 1.000000000000000000 ) ;
#2738 = AXIS2_PLACEMENT_3D ( 'NONE', #2310, #3164, #5061 ) ;
#2739 = DIRECTION ( 'NONE',  ( 0.7071067811865470176, -9.201391010564570163E-09, -0.7071067811865480168 ) ) ;
#2740 = ORIENTED_EDGE ( 'NONE', *, *, #2663, .F. ) ;
#2741 = CARTESIAN_POINT ( 'NONE',  ( -15.26027331688863065, 408.5526542497028117, -54.90523876947402471 ) ) ;
#2742 = FACE_OUTER_BOUND ( 'NONE', #2420, .T. ) ;
#2743 = ORIENTED_EDGE ( 'NONE', *, *, #4821, .T. ) ;
#2744 = CYLINDRICAL_SURFACE ( 'NONE', #4284, 1.000000000000001332 ) ;
#2745 = DIRECTION ( 'NONE',  ( -1.110223039413769968E-16, -2.083490210325340260E-15, 1.000000000000000000 ) ) ;
#2746 = DIRECTION ( 'NONE',  ( 0.000000000000000000, -2.969724642305460071E-13, 1.000000000000000000 ) ) ;
#2747 = EDGE_CURVE ( 'NONE', #4740, #5616, #409, .T. ) ;
#2748 = CARTESIAN_POINT ( 'NONE',  ( -43.68497306115499867, 402.4804022950605145, -55.90524068635239985 ) ) ;
#2749 = EDGE_CURVE ( 'NONE', #1816, #3901, #5496, .T. ) ;
#2750 = DIRECTION ( 'NONE',  ( -0.3681351607982010221, -0.9297722857689847409, -1.892425610156516974E-15 ) ) ;
#2751 = CARTESIAN_POINT ( 'NONE',  ( -42.82817927851176876, 403.6320494721975365, -49.90524068373925815 ) ) ;
#2752 = ORIENTED_EDGE ( 'NONE', *, *, #5275, .F. ) ;
#2753 = ORIENTED_EDGE ( 'NONE', *, *, #615, .T. ) ;
#2754 = DIRECTION ( 'NONE',  ( 0.8890209675468652151, -0.4578664862839772476, -1.156482317317871331E-15 ) ) ;
#2755 = CARTESIAN_POINT ( 'NONE',  ( -10.86729708061849919, 405.9901943938085083, -55.90524068635239985 ) ) ;
#2756 = DIRECTION ( 'NONE',  ( 0.000000000000000000, 2.000000000627515340E-15, -1.000000000000000000 ) ) ;
#2757 = ORIENTED_EDGE ( 'NONE', *, *, #9, .F. ) ;
#2758 = CARTESIAN_POINT ( 'NONE',  ( -40.95389697085609981, 405.3763966191780241, -54.90524030621049434 ) ) ;
#2759 = VERTEX_POINT ( 'NONE', #4317 ) ;
#2760 = DIRECTION ( 'NONE',  ( 0.000000000000000000, -2.000000000000000155E-15, 1.000000000000000000 ) ) ;
#2761 = ORIENTED_EDGE ( 'NONE', *, *, #3891, .F. ) ;
#2762 = AXIS2_PLACEMENT_3D ( 'NONE', #3368, #4296, #3838 ) ;
#2763 = ADVANCED_FACE ( 'NONE', ( #2809 ), #3914, .T. ) ;
#2764 = CARTESIAN_POINT ( 'NONE',  ( -45.19680613502329436, 415.7749752926744691, -48.90524068635239274 ) ) ;
#2765 = VERTEX_POINT ( 'NONE', #1974 ) ;
#2766 = LINE ( 'NONE', #4178, #752 ) ;
#2767 = CARTESIAN_POINT ( 'NONE',  ( -46.95651370592540275, 402.9067095000099243, -49.40524068635239274 ) ) ;
#2768 = FACE_OUTER_BOUND ( 'NONE', #3752, .T. ) ;
#2769 = CARTESIAN_POINT ( 'NONE',  ( -43.60799479870580342, 403.5350469414710233, -55.90546184382930051 ) ) ;
#2770 = AXIS2_PLACEMENT_3D ( 'NONE', #2252, #4018, #5065 ) ;
#2771 = CARTESIAN_POINT ( 'NONE',  ( -46.95651370592540275, 402.9067095000099243, -49.30524068635239843 ) ) ;
#2772 = EDGE_CURVE ( 'NONE', #4807, #386, #2453, .T. ) ;
#2773 = CARTESIAN_POINT ( 'NONE',  ( -2.437914782511845235, 407.2799374543419617, -48.90524068635239274 ) ) ;
#2774 = VECTOR ( 'NONE', #4167, 1000.000000000000000 ) ;
#2775 = CARTESIAN_POINT ( 'NONE',  ( -39.89997332927520546, 425.6520396893079692, -52.32256929298740289 ) ) ;
#2776 = FACE_OUTER_BOUND ( 'NONE', #3336, .T. ) ;
#2777 = AXIS2_PLACEMENT_3D ( 'NONE', #2996, #3382, #5302 ) ;
#2778 = B_SPLINE_CURVE_WITH_KNOTS ( 'NONE', 3,
 ( #5683, #3825, #116, #4230, #463, #5741, #5649, #576 ),
 .UNSPECIFIED., .F., .F.,
 ( 4, 2, 2, 4 ),
 ( -0.07453496874099960201, -0.05670756077459279676, -0.02835383403330300062, 0.000000000000000000 ),
 .UNSPECIFIED. ) ;
#2779 = CARTESIAN_POINT ( 'NONE',  ( -41.43647566225300238, 406.2522518402740275, -48.90524068635239274 ) ) ;
#2780 = CARTESIAN_POINT ( 'NONE',  ( -35.88745844811676022, 414.1349214293422847, -55.42722531944491493 ) ) ;
#2781 = EDGE_CURVE ( 'NONE', #4905, #4367, #494, .T. ) ;
#2782 = ORIENTED_EDGE ( 'NONE', *, *, #3431, .T. ) ;
#2783 = VERTEX_POINT ( 'NONE', #2870 ) ;
#2784 = CARTESIAN_POINT ( 'NONE',  ( -42.04885486924739979, 404.7730960426425213, -51.57190751105510174 ) ) ;
#2785 = CARTESIAN_POINT ( 'NONE',  ( -15.37969932478160118, 414.1349212959115107, -55.90524068635239985 ) ) ;
#2786 = DIRECTION ( 'NONE',  ( 1.000000000000000000, 0.000000000000000000, 0.000000000000000000 ) ) ;
#2787 = CARTESIAN_POINT ( 'NONE',  ( -16.37969932478159762, 414.1349213024174674, -54.90524068635239985 ) ) ;
#2788 = VECTOR ( 'NONE', #1238, 1000.000000000000000 ) ;
#2789 = ORIENTED_EDGE ( 'NONE', *, *, #1095, .F. ) ;
#2790 = DIRECTION ( 'NONE',  ( 6.536436162801509017E-17, 2.038062013328299869E-15, -1.000000000000000000 ) ) ;
#2791 = CIRCLE ( 'NONE', #1407, 1.000000000000000888 ) ;
#2792 = ADVANCED_FACE ( 'NONE', ( #4291 ), #4738, .T. ) ;
#2793 = ORIENTED_EDGE ( 'NONE', *, *, #6004, .T. ) ;
#2794 = ORIENTED_EDGE ( 'NONE', *, *, #1259, .T. ) ;
#2795 = CARTESIAN_POINT ( 'NONE',  ( -15.37927204936710091, 424.8748017016510516, -55.90503920844149377 ) ) ;
#2796 = ORIENTED_EDGE ( 'NONE', *, *, #1778, .F. ) ;
#2797 = CARTESIAN_POINT ( 'NONE',  ( -46.67968854929569744, 426.6509799489530224, -60.83499734764340161 ) ) ;
#2798 = VECTOR ( 'NONE', #875, 1000.000000000000114 ) ;
#2799 = DIRECTION ( 'NONE',  ( 6.506367656620550361E-09, 1.000000000000000000, 4.960594733056100343E-15 ) ) ;
#2800 = EDGE_CURVE ( 'NONE', #3820, #3284, #4103, .T. ) ;
#2801 = CARTESIAN_POINT ( 'NONE',  ( -33.39079953982611926, 414.2057176238960778, -53.53501369718176761 ) ) ;
#2802 = CARTESIAN_POINT ( 'NONE',  ( -49.95651370592540275, 402.9067095390479381, -55.90524068635230037 ) ) ;
#2803 = VECTOR ( 'NONE', #5251, 1000.000000000000000 ) ;
#2804 = B_SPLINE_SURFACE_WITH_KNOTS ( 'NONE', 3, 3, ( 
 ( #4232, #34, #1969, #197, #4311, #2511, #2050 ),
 ( #1564, #1995, #3854, #4403, #3447, #3385, #1088 ),
 ( #3000, #2917, #2024, #4879, #117, #3883, #659 ),
 ( #5304, #2076, #3353, #1057, #5330, #2971, #5274 ),
 ( #3947, #1619, #5854, #2941, #3023, #3913, #603 ) ),
 .UNSPECIFIED., .F., .F., .F.,
 ( 4, 1, 4 ),
 ( 4, 3, 4 ),
 ( -0.0001721423391085850094, 0.5714285714285709528, 1.000171805357960020 ),
 ( 0.09964748965151390414, 0.3629774672370920108, 0.5629774672371249400 ),
 .UNSPECIFIED. ) ;
#2805 = CIRCLE ( 'NONE', #144, 1.000000000000000888 ) ;
#2806 = DIRECTION ( 'NONE',  ( 0.5324453548766948652, 0.4652976940306207676, -0.7071067811865596742 ) ) ;
#2807 = EDGE_CURVE ( 'NONE', #3841, #2449, #5727, .T. ) ;
#2808 = DIRECTION ( 'NONE',  ( -0.06474354548088004369, -0.9979019357224262476, -1.734723475976808278E-15 ) ) ;
#2809 = FACE_OUTER_BOUND ( 'NONE', #4064, .T. ) ;
#2810 = VERTEX_POINT ( 'NONE', #4826 ) ;
#2811 = ORIENTED_EDGE ( 'NONE', *, *, #1210, .F. ) ;
#2812 = CARTESIAN_POINT ( 'NONE',  ( -42.82850728219870007, 403.6295300203995566, -54.90524127586690639 ) ) ;
#2813 = CARTESIAN_POINT ( 'NONE',  ( -50.05243160285250781, 403.9473856831464786, -55.75526335591510474 ) ) ;
#2814 = LINE ( 'NONE', #447, #2182 ) ;
#2815 = LINE ( 'NONE', #477, #107 ) ;
#2816 = EDGE_CURVE ( 'NONE', #4762, #1598, #2085, .T. ) ;
#2817 = AXIS2_PLACEMENT_3D ( 'NONE', #2442, #4334, #595 ) ;
#2818 = ORIENTED_EDGE ( 'NONE', *, *, #175, .T. ) ;
#2819 = CARTESIAN_POINT ( 'NONE',  ( -8.566326512663099635, 402.4665336633235029, -55.82541802353849647 ) ) ;
#2820 = ORIENTED_EDGE ( 'NONE', *, *, #4471, .T. ) ;
#2821 = ORIENTED_EDGE ( 'NONE', *, *, #1095, .T. ) ;
#2822 = DIRECTION ( 'NONE',  ( -6.496581050896558567E-09, -0.9999999999999997780, -1.954846928935359635E-08 ) ) ;
#2823 = ADVANCED_FACE ( 'NONE', ( #5338 ), #5308, .T. ) ;
#2824 = EDGE_CURVE ( 'NONE', #5837, #2065, #3075, .T. ) ;
#2825 = FACE_BOUND ( 'NONE', #2097, .T. ) ;
#2826 = CARTESIAN_POINT ( 'NONE',  ( -35.77968612757995004, 430.6509798778699860, -56.05722655860490278 ) ) ;
#2827 = ORIENTED_EDGE ( 'NONE', *, *, #2215, .F. ) ;
#2828 = ORIENTED_EDGE ( 'NONE', *, *, #3108, .F. ) ;
#2829 = DIRECTION ( 'NONE',  ( 6.506364074960620738E-09, 1.000000000000000000, 5.687521804808150055E-15 ) ) ;
#2830 = AXIS2_PLACEMENT_3D ( 'NONE', #5127, #5066, #4997 ) ;
#2831 = DIRECTION ( 'NONE',  ( 1.000000000000000000, -6.516176487281200025E-09, 0.000000000000000000 ) ) ;
#2832 = AXIS2_PLACEMENT_3D ( 'NONE', #2379, #2930, #3809 ) ;
#2833 = ORIENTED_EDGE ( 'NONE', *, *, #2816, .F. ) ;
#2834 = AXIS2_PLACEMENT_3D ( 'NONE', #2850, #5113, #504 ) ;
#2835 = LINE ( 'NONE', #1997, #5944 ) ;
#2836 = CARTESIAN_POINT ( 'NONE',  ( -13.96257934109849863, 425.3580865195760339, -56.19813390747030724 ) ) ;
#2837 = LINE ( 'NONE', #3805, #5276 ) ;
#2838 = FACE_OUTER_BOUND ( 'NONE', #3085, .T. ) ;
#2839 = ADVANCED_FACE ( 'NONE', ( #2056 ), #728, .F. ) ;
#2840 = VERTEX_POINT ( 'NONE', #612 ) ;
#2841 = ORIENTED_EDGE ( 'NONE', *, *, #984, .F. ) ;
#2842 = CARTESIAN_POINT ( 'NONE',  ( -40.95389666107449500, 405.3763975132364976, -53.23857503339740305 ) ) ;
#2843 = FACE_OUTER_BOUND ( 'NONE', #54, .T. ) ;
#2844 = CARTESIAN_POINT ( 'NONE',  ( -36.26262217357313489, 426.1339158977799002, -61.73214692661953507 ) ) ;
#2845 = CARTESIAN_POINT ( 'NONE',  ( -2.268408342209404793, 403.5511015879460501, -55.50531639758040825 ) ) ;
#2846 = CYLINDRICAL_SURFACE ( 'NONE', #5425, 0.9999999999999866773 ) ;
#2847 = ORIENTED_EDGE ( 'NONE', *, *, #3172, .T. ) ;
#2848 = FACE_OUTER_BOUND ( 'NONE', #4122, .T. ) ;
#2849 = VERTEX_POINT ( 'NONE', #2604 ) ;
#2850 = CARTESIAN_POINT ( 'NONE',  ( -46.67968854929569744, 426.6509799489530224, -60.83499734764340161 ) ) ;
#2851 = ORIENTED_EDGE ( 'NONE', *, *, #1334, .T. ) ;
#2852 = DIRECTION ( 'NONE',  ( 0.4106286298029028781, 0.5756597331637628434, -0.7071067811865587860 ) ) ;
#2853 = B_SPLINE_SURFACE_WITH_KNOTS ( 'NONE', 3, 3, ( 
 ( #4007, #5490, #2704, #3608, #5418, #265 ),
 ( #5912, #2207, #1755, #1847, #967, #3709 ),
 ( #4257, #4726, #2885, #5679, #1377, #2856 ),
 ( #2795, #3242, #3303, #5118, #913, #512 ),
 ( #4665, #2391, #5176, #1441, #485, #4636 ) ),
 .UNSPECIFIED., .F., .F., .F.,
 ( 4, 1, 4 ),
 ( 4, 1, 1, 4 ),
 ( -0.0005502453705831660295, 0.5714285714285709528, 1.000550809130249963 ),
 ( -0.0005508091301606209741, 0.4487989505128269774, 0.6731984257692410489, 1.570796326794899889 ),
 .UNSPECIFIED. ) ;
#2854 = EDGE_LOOP ( 'NONE', ( #1036, #2543, #5111, #2115, #2363 ) ) ;
#2855 = CARTESIAN_POINT ( 'NONE',  ( -1.202872000005401842, 402.9067092022805241, -48.90524068635239274 ) ) ;
#2856 = CARTESIAN_POINT ( 'NONE',  ( -16.37969924334749905, 426.6509797518104961, -54.90524068635230037 ) ) ;
#2857 = ORIENTED_EDGE ( 'NONE', *, *, #5844, .F. ) ;
#2858 = VERTEX_POINT ( 'NONE', #4916 ) ;
#2859 = EDGE_CURVE ( 'NONE', #4984, #2498, #3422, .T. ) ;
#2860 = EDGE_CURVE ( 'NONE', #2963, #3013, #695, .T. ) ;
#2861 = CARTESIAN_POINT ( 'NONE',  ( -15.64090820318133801, 424.7038051779744023, -55.87877183486633470 ) ) ;
#2862 = CARTESIAN_POINT ( 'NONE',  ( -32.31325446233704923, 414.3067090181775143, -53.53501369718160419 ) ) ;
#2863 = ORIENTED_EDGE ( 'NONE', *, *, #3415, .F. ) ;
#2864 = CARTESIAN_POINT ( 'NONE',  ( -10.82408713595130045, 430.6509797155034676, -52.04373285705769803 ) ) ;
#2865 = VECTOR ( 'NONE', #4388, 1000.000000000000000 ) ;
#2866 = CARTESIAN_POINT ( 'NONE',  ( -41.33529820895070372, 430.6509799140210362, -52.04373285705769803 ) ) ;
#2867 = CIRCLE ( 'NONE', #1489, 0.9999999999999884537 ) ;
#2868 = CARTESIAN_POINT ( 'NONE',  ( -1.865302965846004746, 403.6409804875444820, -55.85396750187679515 ) ) ;
#2869 = DIRECTION ( 'NONE',  ( 0.3412348344056760352, -0.6193213849522429815, -0.7071066467860180893 ) ) ;
#2870 = CARTESIAN_POINT ( 'NONE',  ( -3.502872000005404995, 402.9067092283455054, -52.50524068635240127 ) ) ;
#2871 = EDGE_LOOP ( 'NONE', ( #3455, #1645, #5796 ) ) ;
#2872 = CARTESIAN_POINT ( 'NONE',  ( -16.08652569489019868, 425.9439482147435001, -56.31930375732649452 ) ) ;
#2873 = DIRECTION ( 'NONE',  ( 0.7071067765858612963, -0.7071067857872336271, 0.000000000000000000 ) ) ;
#2874 = EDGE_CURVE ( 'NONE', #2226, #5814, #4349, .T. ) ;
#2875 = VECTOR ( 'NONE', #2386, 1000.000000000000000 ) ;
#2876 = DIRECTION ( 'NONE',  ( -6.506367656620550361E-09, -1.000000000000000000, -4.960594733056100343E-15 ) ) ;
#2877 = CARTESIAN_POINT ( 'NONE',  ( -8.369415457881100195, 403.7098760320025121, -55.77205478958989460 ) ) ;
#2878 = TOROIDAL_SURFACE ( 'NONE', #2674, 12.00000000000000000, 1.000000000000000000 ) ;
#2879 = ORIENTED_EDGE ( 'NONE', *, *, #3260, .T. ) ;
#2880 = DIRECTION ( 'NONE',  ( 1.000000000000000000, -1.301273325204909574E-08, 0.000000000000000000 ) ) ;
#2881 = CARTESIAN_POINT ( 'NONE',  ( -8.743847363982526488, 402.4452926296185069, -55.74902411555641635 ) ) ;
#2882 = EDGE_CURVE ( 'NONE', #5700, #2616, #4474, .T. ) ;
#2883 = AXIS2_PLACEMENT_3D ( 'NONE', #4820, #607, #663 ) ;
#2884 = CARTESIAN_POINT ( 'NONE',  ( -45.95651369887919913, 403.9897861657984777, -48.90524068635239274 ) ) ;
#2885 = CARTESIAN_POINT ( 'NONE',  ( -15.55690331906810009, 425.4095476175839963, -56.08491590901120105 ) ) ;
#2886 = ORIENTED_EDGE ( 'NONE', *, *, #5048, .T. ) ;
#2887 = CARTESIAN_POINT ( 'NONE',  ( -18.77158741141699849, 419.6497535121835085, -53.53501369729850268 ) ) ;
#2888 = ORIENTED_EDGE ( 'NONE', *, *, #4583, .T. ) ;
#2889 = DIRECTION ( 'NONE',  ( -0.0006977390826669489787, 0.0003122996660234774575, 0.9999997078145029805 ) ) ;
#2890 = CARTESIAN_POINT ( 'NONE',  ( -43.94385558595769936, 403.0853565893115160, -55.50524068539949951 ) ) ;
#2891 = ORIENTED_EDGE ( 'NONE', *, *, #6064, .F. ) ;
#2892 = DIRECTION ( 'NONE',  ( 0.5773502654331607031, -0.5773502729460849858, -0.5773502691896315042 ) ) ;
#2893 = CARTESIAN_POINT ( 'NONE',  ( -39.19680602829230054, 432.1808828942980085, -49.90524068635230037 ) ) ;
#2894 = CIRCLE ( 'NONE', #828, 1.000000000000000888 ) ;
#2895 = EDGE_CURVE ( 'NONE', #3618, #5848, #3700, .T. ) ;
#2896 = DIRECTION ( 'NONE',  ( 3.907953567956555396E-16, 1.713016016732010090E-15, -1.000000000000000000 ) ) ;
#2897 = CARTESIAN_POINT ( 'NONE',  ( -43.98166533281640511, 402.5190535223565007, -55.50524068635250075 ) ) ;
#2898 = CIRCLE ( 'NONE', #2009, 3.999999999999997335 ) ;
#2899 = VERTEX_POINT ( 'NONE', #1063 ) ;
#2900 = DIRECTION ( 'NONE',  ( -0.7071067811876265985, 4.600708702895411655E-09, -0.7071067811854685470 ) ) ;
#2901 = CARTESIAN_POINT ( 'NONE',  ( -5.479696854163599973, 425.6509796808909982, -58.80233673375320080 ) ) ;
#2902 = PLANE ( 'NONE',  #2083 ) ;
#2903 = DIRECTION ( 'NONE',  ( -5.873320691746499811E-16, 5.687521808629550052E-15, -1.000000000000000000 ) ) ;
#2904 = VECTOR ( 'NONE', #4498, 1000.000000000000114 ) ;
#2905 = ORIENTED_EDGE ( 'NONE', *, *, #1236, .T. ) ;
#2906 = CARTESIAN_POINT ( 'NONE',  ( -8.240103163643299311, 403.6770770689000187, -55.63864773797109819 ) ) ;
#2907 = ORIENTED_EDGE ( 'NONE', *, *, #3281, .T. ) ;
#2908 = DIRECTION ( 'NONE',  ( 6.506366714853769862E-09, 1.000000000000000000, 2.277555755284430357E-15 ) ) ;
#2909 = DIRECTION ( 'NONE',  ( -1.000000000000000000, 6.506366556641820132E-09, 1.734723475976805122E-15 ) ) ;
#2910 = DIRECTION ( 'NONE',  ( 1.000000000000000000, -6.506364074960614948E-09, 0.000000000000000000 ) ) ;
#2911 = CARTESIAN_POINT ( 'NONE',  ( -8.507277368439257970, 403.7111247716273965, -55.90514378644856208 ) ) ;
#2912 = ADVANCED_FACE ( 'NONE', ( #2948 ), #2281, .T. ) ;
#2913 = ADVANCED_FACE ( 'NONE', ( #4153 ), #5530, .T. ) ;
#2914 = VERTEX_POINT ( 'NONE', #5123 ) ;
#2915 = DIRECTION ( 'NONE',  ( -0.8890209735049623418, -0.4578664747153795567, 0.000000000000000000 ) ) ;
#2916 = APPLICATION_CONTEXT ( 'automotive_design' ) ;
#2917 = CARTESIAN_POINT ( 'NONE',  ( -17.14342840128954748, 413.6393112661664873, -50.77948084674759599 ) ) ;
#2918 = B_SPLINE_CURVE_WITH_KNOTS ( 'NONE', 3,
 ( #1265, #4019, #5926, #1698, #3550, #3137 ),
 .UNSPECIFIED., .F., .F.,
 ( 4, 2, 4 ),
 ( 0.000000000000000000, 0.5000000000000000000, 1.000000000000000000 ),
 .UNSPECIFIED. ) ;
#2919 = AXIS2_PLACEMENT_3D ( 'NONE', #3220, #1823, #3743 ) ;
#2920 = FACE_OUTER_BOUND ( 'NONE', #5409, .T. ) ;
#2921 = VECTOR ( 'NONE', #3953, 1000.000000000000114 ) ;
#2922 = FACE_BOUND ( 'NONE', #2377, .T. ) ;
#2923 = CIRCLE ( 'NONE', #2830, 1.000000000000012657 ) ;
#2924 = VECTOR ( 'NONE', #2994, 1000.000000000000000 ) ;
#2925 = CARTESIAN_POINT ( 'NONE',  ( -49.91145770420560268, 404.5884663097265275, -55.90524068635239985 ) ) ;
#2926 = ORIENTED_EDGE ( 'NONE', *, *, #3852, .T. ) ;
#2927 = ORIENTED_EDGE ( 'NONE', *, *, #1925, .F. ) ;
#2928 = EDGE_CURVE ( 'NONE', #4200, #5429, #5067, .T. ) ;
#2929 = CARTESIAN_POINT ( 'NONE',  ( -35.77968623503944912, 414.1349214286395295, -54.90524410762949969 ) ) ;
#2930 = DIRECTION ( 'NONE',  ( 6.506372959360830193E-09, 1.000000000000000000, 1.168479186713288105E-14 ) ) ;
#2931 = CARTESIAN_POINT ( 'NONE',  ( -5.202870403590299730, 402.9067099428814913, -55.50295804701890034 ) ) ;
#2932 = DIRECTION ( 'NONE',  ( -1.000000000000000000, 0.000000000000000000, 0.000000000000000000 ) ) ;
#2933 = ORIENTED_EDGE ( 'NONE', *, *, #3054, .T. ) ;
#2934 = ORIENTED_EDGE ( 'NONE', *, *, #5663, .F. ) ;
#2935 = DIRECTION ( 'NONE',  ( 0.000000000000000000, -0.7071067811865435759, -0.7071067811865515695 ) ) ;
#2936 = ORIENTED_EDGE ( 'NONE', *, *, #67, .T. ) ;
#2937 = EDGE_LOOP ( 'NONE', ( #3404, #4321, #1842, #1284, #4679, #56 ) ) ;
#2938 = CARTESIAN_POINT ( 'NONE',  ( -5.532910906604199930, 408.9446978279354994, -54.90524068635239985 ) ) ;
#2939 = ORIENTED_EDGE ( 'NONE', *, *, #1993, .T. ) ;
#2940 = CYLINDRICAL_SURFACE ( 'NONE', #2274, 1.700000000000000400 ) ;
#2941 = CARTESIAN_POINT ( 'NONE',  ( -15.99833607625470222, 411.3996288896220221, -52.53501417193730560 ) ) ;
#2942 = EDGE_CURVE ( 'NONE', #3271, #914, #3596, .T. ) ;
#2943 = ORIENTED_EDGE ( 'NONE', *, *, #5625, .T. ) ;
#2944 = CARTESIAN_POINT ( 'NONE',  ( -16.97114522985260265, 414.4028804358369484, -49.23869408930939784 ) ) ;
#2945 = DIRECTION ( 'NONE',  ( -1.000000000000000000, 0.000000000000000000, 6.110352591153920201E-16 ) ) ;
#2946 = ADVANCED_FACE ( 'NONE', ( #887 ), #4198, .F. ) ;
#2947 = VECTOR ( 'NONE', #2876, 1000.000000000000000 ) ;
#2948 = FACE_OUTER_BOUND ( 'NONE', #715, .T. ) ;
#2949 = ORIENTED_EDGE ( 'NONE', *, *, #5914, .T. ) ;
#2950 = CARTESIAN_POINT ( 'NONE',  ( -35.77968624778050355, 412.1021588234405044, -58.57799534056020008 ) ) ;
#2951 = AXIS2_PLACEMENT_3D ( 'NONE', #787, #4544, #2245 ) ;
#2952 = FACE_OUTER_BOUND ( 'NONE', #5629, .T. ) ;
#2953 = CARTESIAN_POINT ( 'NONE',  ( -43.66087229729170360, 403.7426208547250326, -55.90524068635239985 ) ) ;
#2954 = CIRCLE ( 'NONE', #1453, 1.000000000000000000 ) ;
#2955 = CARTESIAN_POINT ( 'NONE',  ( -5.479696852257899486, 425.9438729170614693, -61.54210414618690095 ) ) ;
#2956 = ORIENTED_EDGE ( 'NONE', *, *, #1120, .F. ) ;
#2957 = ORIENTED_EDGE ( 'NONE', *, *, #4624, .F. ) ;
#2958 = DIRECTION ( 'NONE',  ( -6.506356300289580131E-09, -1.000000000000000000, -5.687521804808150055E-15 ) ) ;
#2959 = VECTOR ( 'NONE', #840, 1000.000000000000000 ) ;
#2960 = CIRCLE ( 'NONE', #903, 11.99999999999998757 ) ;
#2961 = LINE ( 'NONE', #221, #322 ) ;
#2962 = EDGE_CURVE ( 'NONE', #5458, #2849, #5096, .T. ) ;
#2963 = VERTEX_POINT ( 'NONE', #2673 ) ;
#2964 = DIRECTION ( 'NONE',  ( -1.000000000000000000, 0.000000000000000000, 0.000000000000000000 ) ) ;
#2965 = VECTOR ( 'NONE', #5971, 1000.000000000000000 ) ;
#2966 = CARTESIAN_POINT ( 'NONE',  ( -18.25025251587569741, 426.6509797638170198, -48.90524068635230037 ) ) ;
#2967 = EDGE_LOOP ( 'NONE', ( #5491, #5802, #4601, #342 ) ) ;
#2968 = CARTESIAN_POINT ( 'NONE',  ( -20.48680171666594774, 430.6509797783709814, -53.24212047252230207 ) ) ;
#2969 = DIRECTION ( 'NONE',  ( -1.000000000000000000, 6.506351013513261599E-09, -2.775557561562888827E-14 ) ) ;
#2970 = AXIS2_PLACEMENT_3D ( 'NONE', #1270, #1635, #6031 ) ;
#2971 = CARTESIAN_POINT ( 'NONE',  ( -16.20042005907070148, 412.1111103146295136, -53.86834748033680142 ) ) ;
#2972 = EDGE_LOOP ( 'NONE', ( #5581, #2956, #1520, #5450, #3616 ) ) ;
#2973 = AXIS2_PLACEMENT_3D ( 'NONE', #4341, #3911, #3021 ) ;
#2974 = B_SPLINE_CURVE_WITH_KNOTS ( 'NONE', 3,
 ( #3646, #4959, #2119, #4446, #1662 ),
 .UNSPECIFIED., .F., .F.,
 ( 4, 1, 4 ),
 ( 0.2779494797587799826, 0.6739963236666379753, 1.070043167574499909 ),
 .UNSPECIFIED. ) ;
#2975 = CARTESIAN_POINT ( 'NONE',  ( -29.27158739843875068, 419.6497287028755068, -53.53501369717830016 ) ) ;
#2976 = ADVANCED_FACE ( 'NONE', ( #4584 ), #654, .T. ) ;
#2977 = CARTESIAN_POINT ( 'NONE',  ( 0.000000000000000000, 0.000000000000000000, 0.000000000000000000 ) ) ;
#2978 = CARTESIAN_POINT ( 'NONE',  ( -20.04845605318068280, 427.3497408775824056, -53.53501369717773883 ) ) ;
#2979 = ORIENTED_EDGE ( 'NONE', *, *, #1789, .F. ) ;
#2980 = ADVANCED_FACE ( 'NONE', ( #2638 ), #6083, .F. ) ;
#2981 = ADVANCED_FACE ( 'NONE', ( #2216 ), #2744, .T. ) ;
#2982 = AXIS2_PLACEMENT_3D ( 'NONE', #2384, #4687, #3299 ) ;
#2983 = CARTESIAN_POINT ( 'NONE',  ( -40.95389705077990072, 405.3763957781085310, -56.74161636381089835 ) ) ;
#2984 = CARTESIAN_POINT ( 'NONE',  ( -6.202871992957799563, 403.9897859071469952, -49.90524068635239274 ) ) ;
#2985 = FACE_OUTER_BOUND ( 'NONE', #1137, .T. ) ;
#2986 = PLANE ( 'NONE',  #5856 ) ;
#2987 = ORIENTED_EDGE ( 'NONE', *, *, #2175, .F. ) ;
#2988 = CARTESIAN_POINT ( 'NONE',  ( -9.859148071663000223, 405.0151709223844705, -49.57190735301900020 ) ) ;
#2989 = ORIENTED_EDGE ( 'NONE', *, *, #5220, .F. ) ;
#2990 = DIRECTION ( 'NONE',  ( -0.7071067857872346263, -0.7071067765858606302, -4.274358644806852681E-15 ) ) ;
#2991 = AXIS2_PLACEMENT_3D ( 'NONE', #3693, #6068, #2786 ) ;
#2992 = VERTEX_POINT ( 'NONE', #829 ) ;
#2993 = CARTESIAN_POINT ( 'NONE',  ( -10.72290976512180016, 406.2522489067970355, -55.90524068635239985 ) ) ;
#2994 = DIRECTION ( 'NONE',  ( -6.506367079892499981E-09, -1.000000000000000000, -7.230160914533549909E-13 ) ) ;
#2995 = ORIENTED_EDGE ( 'NONE', *, *, #1058, .F. ) ;
#2996 = CARTESIAN_POINT ( 'NONE',  ( -5.479696847657200109, 426.6509796808909982, -60.83499734764340161 ) ) ;
#2997 = ADVANCED_FACE ( 'NONE', ( #2714 ), #2248, .T. ) ;
#2998 = DIRECTION ( 'NONE',  ( -2.963723871613829944E-23, -2.277555758065400129E-15, 1.000000000000000000 ) ) ;
#2999 = EDGE_CURVE ( 'NONE', #4972, #3885, #4574, .T. ) ;
#3000 = CARTESIAN_POINT ( 'NONE',  ( -17.14342835126155151, 413.6393112967734851, -49.90171425479570644 ) ) ;
#3001 = ORIENTED_EDGE ( 'NONE', *, *, #2430, .F. ) ;
#3002 = CARTESIAN_POINT ( 'NONE',  ( -12.96257921575229943, 444.6210351957595321, -45.90524068634980637 ) ) ;
#3003 = CARTESIAN_POINT ( 'NONE',  ( -1.980816390973199725, 403.9897858796729793, -55.88027469069650266 ) ) ;
#3004 = DIRECTION ( 'NONE',  ( 0.000000000000000000, -1.000000000000000000, -4.960594735334280150E-15 ) ) ;
#3005 = CARTESIAN_POINT ( 'NONE',  ( -35.77968623503944912, 414.1349206316065192, -56.74162016522939922 ) ) ;
#3006 = LINE ( 'NONE', #4891, #5799 ) ;
#3007 = CARTESIAN_POINT ( 'NONE',  ( -36.77968616201845009, 425.3579062910645234, -56.19830975572229903 ) ) ;
#3008 = CIRCLE ( 'NONE', #4884, 2.100000000000000089 ) ;
#3009 = CARTESIAN_POINT ( 'NONE',  ( -15.99644864855750015, 411.4010923992000244, -49.90448101285999627 ) ) ;
#3010 = ADVANCED_FACE ( 'NONE', ( #5565 ), #2618, .F. ) ;
#3011 = DIRECTION ( 'NONE',  ( -1.000000000000000000, 6.506367079892499981E-09, -1.491530410084765989E-15 ) ) ;
#3012 = CARTESIAN_POINT ( 'NONE',  ( -8.553606939678838117, 403.4852421031637277, -55.89548895285960839 ) ) ;
#3013 = VERTEX_POINT ( 'NONE', #462 ) ;
#3014 = LINE ( 'NONE', #4806, #1553 ) ;
#3015 = ORIENTED_EDGE ( 'NONE', *, *, #5699, .T. ) ;
#3016 = CARTESIAN_POINT ( 'NONE',  ( -31.37969043198394914, 428.0809798492414870, -52.53501369717759673 ) ) ;
#3017 = CARTESIAN_POINT ( 'NONE',  ( -16.08654449701245071, 425.2369544710049922, -55.61225332561240009 ) ) ;
#3018 = ORIENTED_EDGE ( 'NONE', *, *, #1771, .F. ) ;
#3019 = CARTESIAN_POINT ( 'NONE',  ( -47.67968855104432180, 426.3822188533945337, -58.42366627028982862 ) ) ;
#3020 = EDGE_LOOP ( 'NONE', ( #5264, #5483, #4749, #5573 ) ) ;
#3021 = DIRECTION ( 'NONE',  ( -0.7529914335264225045, 0.6580303192375130950, 1.387778780781446859E-15 ) ) ;
#3022 = DIRECTION ( 'NONE',  ( 2.963723871009510061E-23, 2.277555757600990220E-15, -1.000000000000000000 ) ) ;
#3023 = CARTESIAN_POINT ( 'NONE',  ( -15.99833613502349827, 411.3996288069315597, -53.20168083860399832 ) ) ;
#3024 = EDGE_CURVE ( 'NONE', #1471, #1908, #5238, .T. ) ;
#3025 = EDGE_LOOP ( 'NONE', ( #5514, #1554, #4695, #3001 ) ) ;
#3026 = CARTESIAN_POINT ( 'NONE',  ( -16.37969932478159762, 414.1349218971304822, -53.53501369718230052 ) ) ;
#3027 = PLANE ( 'NONE',  #2556 ) ;
#3028 = CARTESIAN_POINT ( 'NONE',  ( -36.77968620482440087, 418.7788446590899980, -60.83499734764340161 ) ) ;
#3029 = EDGE_CURVE ( 'NONE', #4039, #5662, #2766, .T. ) ;
#3030 = CARTESIAN_POINT ( 'NONE',  ( -20.29675893289833155, 427.5980437605307429, -53.43216327615288463 ) ) ;
#3031 = VERTEX_POINT ( 'NONE', #431 ) ;
#3032 = DIRECTION ( 'NONE',  ( 0.7071067811865510144, -4.600708702895411655E-09, -0.7071067811865441310 ) ) ;
#3033 = CARTESIAN_POINT ( 'NONE',  ( -39.61859768841610219, 406.1121252646384505, -48.53457040696100222 ) ) ;
#3034 = CARTESIAN_POINT ( 'NONE',  ( -13.96257934569919890, 424.6509797360845369, -54.90524068635230037 ) ) ;
#3035 = CARTESIAN_POINT ( 'NONE',  ( -9.169338394678899107, 402.3898491506390087, -49.90524068635239274 ) ) ;
#3036 = CARTESIAN_POINT ( 'NONE',  ( -12.69120022462890063, 425.7893939567200050, -50.51554937468669948 ) ) ;
#3037 = AXIS2_PLACEMENT_3D ( 'NONE', #2931, #76, #2435 ) ;
#3038 = LINE ( 'NONE', #2064, #2586 ) ;
#3039 = CARTESIAN_POINT ( 'NONE',  ( -43.95651370592539564, 402.9067094609714559, -55.90524068635230037 ) ) ;
#3040 = ORIENTED_EDGE ( 'NONE', *, *, #1925, .T. ) ;
#3041 = CARTESIAN_POINT ( 'NONE',  ( -38.19680607727919863, 424.6509798937605069, -56.90524068635230037 ) ) ;
#3042 = ORIENTED_EDGE ( 'NONE', *, *, #677, .T. ) ;
#3043 = AXIS2_PLACEMENT_3D ( 'NONE', #4870, #678, #2531 ) ;
#3044 = EDGE_CURVE ( 'NONE', #2899, #5462, #2304, .T. ) ;
#3045 = DIRECTION ( 'NONE',  ( 0.7529914420891901106, 0.6580303094390422824, 1.541976423090493464E-15 ) ) ;
#3046 = CARTESIAN_POINT ( 'NONE',  ( -41.93048410342959187, 430.6509799178894582, -58.09332458483159911 ) ) ;
#3047 = AXIS2_PLACEMENT_3D ( 'NONE', #1246, #1649, #5943 ) ;
#3048 = ORIENTED_EDGE ( 'NONE', *, *, #5300, .T. ) ;
#3049 = CARTESIAN_POINT ( 'NONE',  ( -8.804846960129317779, 404.3837146554691344, -55.90524068635237853 ) ) ;
#3050 = CARTESIAN_POINT ( 'NONE',  ( -45.19680613502329436, 415.7749752926744691, -49.90524068635239274 ) ) ;
#3051 = AXIS2_PLACEMENT_3D ( 'NONE', #497, #2378, #3292 ) ;
#3052 = EDGE_LOOP ( 'NONE', ( #3995, #2037, #2331, #2354, #5013, #4199, #2016, #1282 ) ) ;
#3053 = CARTESIAN_POINT ( 'NONE',  ( -26.07969277879280057, 414.3067090181775143, -53.13625842020579881 ) ) ;
#3054 = EDGE_CURVE ( 'NONE', #4717, #5429, #5850, .T. ) ;
#3055 = DIRECTION ( 'NONE',  ( 0.8890209675468649930, -0.4578664862839778582, -1.067522139062650277E-15 ) ) ;
#3056 = DIRECTION ( 'NONE',  ( 0.000000000000000000, 4.340250944604998583E-07, 0.9999999999999057421 ) ) ;
#3057 = AXIS2_PLACEMENT_3D ( 'NONE', #1264, #4442, #4017 ) ;
#3058 = B_SPLINE_CURVE_WITH_KNOTS ( 'NONE', 3,
 ( #795, #3168, #1191, #1659, #5064 ),
 .UNSPECIFIED., .F., .F.,
 ( 4, 1, 4 ),
 ( 0.000000000000000000, 0.2223385017624879834, 0.5187898374458049799 ),
 .UNSPECIFIED. ) ;
#3059 = CARTESIAN_POINT ( 'NONE',  ( -49.72147086651130365, 407.2799377619859342, -48.90524068635239274 ) ) ;
#3060 = EDGE_LOOP ( 'NONE', ( #1291, #5239, #2272, #792, #2753 ) ) ;
#3061 = FACE_OUTER_BOUND ( 'NONE', #288, .T. ) ;
#3062 = DIRECTION ( 'NONE',  ( -6.506367656620550361E-09, -1.000000000000000000, -2.969724653076309892E-13 ) ) ;
#3063 = DIRECTION ( 'NONE',  ( 6.505646089902609742E-09, 1.000000000000000000, 1.999999999127414287E-15 ) ) ;
#3064 = ADVANCED_FACE ( 'NONE', ( #3942 ), #759, .F. ) ;
#3065 = AXIS2_PLACEMENT_3D ( 'NONE', #547, #942, #2915 ) ;
#3066 = DIRECTION ( 'NONE',  ( -0.7071067811865492381, 4.600708702895422409E-09, -0.7071067811865457964 ) ) ;
#3067 = EDGE_LOOP ( 'NONE', ( #3521, #4188, #2547, #160 ) ) ;
#3068 = ORIENTED_EDGE ( 'NONE', *, *, #5371, .T. ) ;
#3069 = DIRECTION ( 'NONE',  ( 6.506366962090759221E-09, 1.000000000000000000, 5.687521804808154788E-15 ) ) ;
#3070 = FACE_OUTER_BOUND ( 'NONE', #3813, .T. ) ;
#3071 = ADVANCED_FACE ( 'NONE', ( #574 ), #4427, .F. ) ;
#3072 = DIRECTION ( 'NONE',  ( -6.506367079892499981E-09, -1.000000000000000000, -4.960594733056100343E-15 ) ) ;
#3073 = ADVANCED_FACE ( 'NONE', ( #4847 ), #4874, .T. ) ;
#3074 = CARTESIAN_POINT ( 'NONE',  ( -15.99484628887241300, 411.4015485801261320, -52.32508936038962588 ) ) ;
#3075 =( BOUNDED_CURVE ( )  B_SPLINE_CURVE ( 3, ( #5805, #2978, #3030, #4858 ),
 .UNSPECIFIED., .F., .F. ) 
 B_SPLINE_CURVE_WITH_KNOTS ( ( 4, 4 ),
 ( 4.712388980384710102, 5.497787143783329888 ),
 .UNSPECIFIED. ) 
 CURVE ( )  GEOMETRIC_REPRESENTATION_ITEM ( )  RATIONAL_B_SPLINE_CURVE ( ( 1.000000000000000000, 0.9492530216740420190, 0.9492530216740420190, 1.000000000000000000 ) ) 
 REPRESENTATION_ITEM ( '' )  );
#3076 = CARTESIAN_POINT ( 'NONE',  ( -19.77969492963840281, 430.6509797737704730, -52.53501369717669434 ) ) ;
#3077 = CARTESIAN_POINT ( 'NONE',  ( -10.72242498440330216, 406.2519844250830374, -48.90524068635239274 ) ) ;
#3078 = EDGE_LOOP ( 'NONE', ( #5508, #3964, #3212, #5381 ) ) ;
#3079 = CARTESIAN_POINT ( 'NONE',  ( -15.37969939783650020, 402.9067092945669515, -54.90524068635239985 ) ) ;
#3080 = ORIENTED_EDGE ( 'NONE', *, *, #1334, .F. ) ;
#3081 = CYLINDRICAL_SURFACE ( 'NONE', #3043, 0.9999999999999891198 ) ;
#3082 = DIRECTION ( 'NONE',  ( -7.352513772924880886E-18, -2.644649957587380247E-15, 1.000000000000000000 ) ) ;
#3083 = CARTESIAN_POINT ( 'NONE',  ( -33.29843505822955763, 414.3069388185149933, -49.90171404288309986 ) ) ;
#3084 =( GEOMETRIC_REPRESENTATION_CONTEXT ( 3 ) GLOBAL_UNCERTAINTY_ASSIGNED_CONTEXT ( ( #5167 ) ) GLOBAL_UNIT_ASSIGNED_CONTEXT ( ( #5284, #3395, #4316 ) ) REPRESENTATION_CONTEXT ( 'NONE', 'WORKASPACE' ) );
#3085 = EDGE_LOOP ( 'NONE', ( #2827, #4869, #837, #2405 ) ) ;
#3086 = LINE ( 'NONE', #2102, #936 ) ;
#3087 = CARTESIAN_POINT ( 'NONE',  ( -15.26027333486620030, 408.5526550161154660, -53.23857427329809866 ) ) ;
#3088 = ORIENTED_EDGE ( 'NONE', *, *, #3470, .T. ) ;
#3089 = CARTESIAN_POINT ( 'NONE',  ( -5.479696854163599973, 425.6509796808909982, -55.65433364902119706 ) ) ;
#3090 = PRESENTATION_LAYER_ASSIGNMENT (  '', '', ( #4857 ) ) ;
#3091 = CARTESIAN_POINT ( 'NONE',  ( -49.89097735533599831, 403.5511018977965136, -55.50531639758040825 ) ) ;
#3092 = FACE_OUTER_BOUND ( 'NONE', #2445, .T. ) ;
#3093 = DIRECTION ( 'NONE',  ( -6.506378898289300005E-09, -1.000000000000000000, 5.745872782098640504E-15 ) ) ;
#3094 = VECTOR ( 'NONE', #3611, 1000.000000000000000 ) ;
#3095 = EDGE_CURVE ( 'NONE', #4867, #1570, #683, .T. ) ;
#3096 = EDGE_CURVE ( 'NONE', #3350, #487, #3850, .T. ) ;
#3097 = CARTESIAN_POINT ( 'NONE',  ( -39.19671916933899780, 426.6536887405934522, -49.60271693074900412 ) ) ;
#3098 = ORIENTED_EDGE ( 'NONE', *, *, #1539, .F. ) ;
#3099 = LINE ( 'NONE', #4986, #3467 ) ;
#3100 = CARTESIAN_POINT ( 'NONE',  ( -47.69746009875059656, 426.6509799555744848, -58.40589472083500056 ) ) ;
#3101 = VERTEX_POINT ( 'NONE', #2938 ) ;
#3102 = LINE ( 'NONE', #5958, #5340 ) ;
#3103 = DIRECTION ( 'NONE',  ( 0.7071067767306330465, -0.7071067856424618769, -1.335708948334661930E-15 ) ) ;
#3104 = CARTESIAN_POINT ( 'NONE',  ( -43.49518839174300666, 403.9368359605174987, -55.90524068750909947 ) ) ;
#3105 = CARTESIAN_POINT ( 'NONE',  ( -43.60733739278135346, 403.5308518640379702, -55.90501917778357921 ) ) ;
#3106 = CARTESIAN_POINT ( 'NONE',  ( -36.77968616201845009, 425.3579062910645234, -56.19830975572229903 ) ) ;
#3107 = CARTESIAN_POINT ( 'NONE',  ( -8.177721670328899961, 402.5190632055659989, -55.50524068635239416 ) ) ;
#3108 = EDGE_CURVE ( 'NONE', #1598, #218, #2506, .T. ) ;
#3109 = ORIENTED_EDGE ( 'NONE', *, *, #5607, .F. ) ;
#3110 = EDGE_CURVE ( 'NONE', #3844, #2849, #5503, .T. ) ;
#3111 = DIRECTION ( 'NONE',  ( 6.506375011613700258E-09, 1.000000000000000000, 9.632548904209940128E-15 ) ) ;
#3112 = STYLED_ITEM ( 'NONE', ( #4546 ), #904 ) ;
#3113 = ORIENTED_EDGE ( 'NONE', *, *, #5241, .T. ) ;
#3114 = CARTESIAN_POINT ( 'NONE',  ( -40.95389697085609981, 405.3763966191780241, -54.90524030621049434 ) ) ;
#3115 = CARTESIAN_POINT ( 'NONE',  ( -14.91101799067629941, 409.4072713033340278, -55.90524068684850079 ) ) ;
#3116 = CARTESIAN_POINT ( 'NONE',  ( -36.16104975129280774, 411.3996293474335175, -49.90171439608389647 ) ) ;
#3117 = TOROIDAL_SURFACE ( 'NONE', #2340, 4.000000000000000000, 1.000000000000000000 ) ;
#3118 = DIRECTION ( 'NONE',  ( 4.600694825107694004E-09, 0.7071067811865302533, 0.7071067811865648922 ) ) ;
#3119 = LINE ( 'NONE', #3680, #543 ) ;
#3120 = CARTESIAN_POINT ( 'NONE',  ( -16.37969933849235105, 412.1021586972170212, -58.57799534051369506 ) ) ;
#3121 = ORIENTED_EDGE ( 'NONE', *, *, #3615, .T. ) ;
#3122 = CARTESIAN_POINT ( 'NONE',  ( -35.77968615360539673, 426.6509798780339793, -54.90524068635230037 ) ) ;
#3123 = CARTESIAN_POINT ( 'NONE',  ( -11.20499784526369957, 405.3760155234454601, -49.90533934260729865 ) ) ;
#3124 = CARTESIAN_POINT ( 'NONE',  ( -32.31325491019269691, 415.3067090181775143, -48.90524068635239274 ) ) ;
#3125 = FACE_BOUND ( 'NONE', #5653, .T. ) ;
#3126 = ORIENTED_EDGE ( 'NONE', *, *, #3857, .T. ) ;
#3127 = B_SPLINE_CURVE_WITH_KNOTS ( 'NONE', 3,
 ( #5225, #4742, #530, #2406, #73 ),
 .UNSPECIFIED., .F., .F.,
 ( 4, 1, 4 ),
 ( 0.000000000000000000, 0.5762431950080091347, 1.000000000000000000 ),
 .UNSPECIFIED. ) ;
#3128 = CARTESIAN_POINT ( 'NONE',  ( -47.21548778079080222, 398.9151017501739602, -54.90524068635230037 ) ) ;
#3129 = CARTESIAN_POINT ( 'NONE',  ( -16.37969924675496358, 426.1272712374475873, -55.16709494368247846 ) ) ;
#3130 = CARTESIAN_POINT ( 'NONE',  ( -12.33128966830415152, 425.7608091748457468, -51.21371183941531058 ) ) ;
#3131 = ORIENTED_EDGE ( 'NONE', *, *, #3390, .F. ) ;
#3132 = CARTESIAN_POINT ( 'NONE',  ( -49.95651369887920623, 403.9897861918215085, -54.90524068635239985 ) ) ;
#3133 = ORIENTED_EDGE ( 'NONE', *, *, #5488, .T. ) ;
#3134 = CARTESIAN_POINT ( 'NONE',  ( -49.91145770420560268, 404.5884663097265275, -55.90524068635239985 ) ) ;
#3135 = CARTESIAN_POINT ( 'NONE',  ( -47.67968852327019391, 430.6509799552960089, -58.42366627028980020 ) ) ;
#3136 = ADVANCED_FACE ( 'NONE', ( #5795 ), #191, .T. ) ;
#3137 = CARTESIAN_POINT ( 'NONE',  ( -15.99644864855750015, 411.4010923992000244, -49.90448101285999627 ) ) ;
#3138 = CARTESIAN_POINT ( 'NONE',  ( -5.202872000005400288, 402.9067092283455054, -52.90524068635239985 ) ) ;
#3139 = CARTESIAN_POINT ( 'NONE',  ( -39.33966767437176770, 426.3771489875993552, -50.04805190069174614 ) ) ;
#3140 = CARTESIAN_POINT ( 'NONE',  ( -47.67968852327019391, 430.6509799552960089, -60.83499734764340161 ) ) ;
#3141 = B_SPLINE_CURVE_WITH_KNOTS ( 'NONE', 3,
 ( #5618, #5151, #1380, #1323 ),
 .UNSPECIFIED., .F., .F.,
 ( 4, 4 ),
 ( 0.000000000000000000, 1.000000000000000000 ),
 .UNSPECIFIED. ) ;
#3142 = ORIENTED_EDGE ( 'NONE', *, *, #311, .T. ) ;
#3143 = DIRECTION ( 'NONE',  ( 0.9979019366164100235, -0.06474353170177218897, -8.126049572552290094E-16 ) ) ;
#3144 = ORIENTED_EDGE ( 'NONE', *, *, #6019, .F. ) ;
#3145 = CARTESIAN_POINT ( 'NONE',  ( -18.77158741141699849, 419.6497535121835085, -48.90524068635230037 ) ) ;
#3146 = CARTESIAN_POINT ( 'NONE',  ( -11.11723320602319909, 405.5365749785864864, -55.65404207856160212 ) ) ;
#3147 = DIRECTION ( 'NONE',  ( 0.3681351486993207911, -0.9297722905594300036, -1.892425610156515790E-15 ) ) ;
#3148 = ADVANCED_FACE ( 'NONE', ( #629 ), #1122, .F. ) ;
#3149 = VERTEX_POINT ( 'NONE', #4339 ) ;
#3150 = CARTESIAN_POINT ( 'NONE',  ( -50.19625884043901465, 403.9363707005438187, -55.87624605039822967 ) ) ;
#3151 = VECTOR ( 'NONE', #3233, 1000.000000000000000 ) ;
#3152 = CARTESIAN_POINT ( 'NONE',  ( -11.20548854308979791, 405.3763947434844681, -58.57799242136470497 ) ) ;
#3153 = ORIENTED_EDGE ( 'NONE', *, *, #952, .T. ) ;
#3154 = CYLINDRICAL_SURFACE ( 'NONE', #312, 2.000000000000001776 ) ;
#3155 = ORIENTED_EDGE ( 'NONE', *, *, #782, .T. ) ;
#3156 = AXIS2_PLACEMENT_3D ( 'NONE', #1119, #1718, #1175 ) ;
#3157 = DIRECTION ( 'NONE',  ( 1.887704972603790212E-15, 7.925372933452930073E-15, -1.000000000000000000 ) ) ;
#3158 = ORIENTED_EDGE ( 'NONE', *, *, #5026, .T. ) ;
#3159 = FACE_OUTER_BOUND ( 'NONE', #2573, .T. ) ;
#3160 = CARTESIAN_POINT ( 'NONE',  ( -8.177721807424699563, 402.5190642576599771, -48.90524068635239274 ) ) ;
#3161 = FACE_OUTER_BOUND ( 'NONE', #2283, .T. ) ;
#3162 = AXIS2_PLACEMENT_3D ( 'NONE', #587, #2058, #4830 ) ;
#3163 = CYLINDRICAL_SURFACE ( 'NONE', #4881, 3.000000000000000000 ) ;
#3164 = DIRECTION ( 'NONE',  ( 0.000000000000000000, 2.000000003000530033E-15, -1.000000000000000000 ) ) ;
#3165 = AXIS2_PLACEMENT_3D ( 'NONE', #901, #4192, #2873 ) ;
#3166 = ORIENTED_EDGE ( 'NONE', *, *, #2563, .F. ) ;
#3167 = ORIENTED_EDGE ( 'NONE', *, *, #3314, .F. ) ;
#3168 = CARTESIAN_POINT ( 'NONE',  ( -18.91972021034059992, 415.3067089250070580, -48.90524068635239274 ) ) ;
#3169 = CARTESIAN_POINT ( 'NONE',  ( -16.08652569489019868, 425.9439482147435001, -56.31930375732649452 ) ) ;
#3170 = DIRECTION ( 'NONE',  ( -6.506351013513259945E-09, -1.000000000000000000, -4.960594733055650692E-15 ) ) ;
#3171 = CARTESIAN_POINT ( 'NONE',  ( -12.96260310270869809, 426.6563140325640120, -49.60309862297950190 ) ) ;
#3172 = EDGE_CURVE ( 'NONE', #5814, #2705, #1148, .T. ) ;
#3173 = ADVANCED_FACE ( 'NONE', ( #3879 ), #4302, .T. ) ;
#3174 = VERTEX_POINT ( 'NONE', #778 ) ;
#3175 = CARTESIAN_POINT ( 'NONE',  ( -33.04996860896979882, 426.6509798602730257, -43.75840323105424545 ) ) ;
#3176 = ORIENTED_EDGE ( 'NONE', *, *, #2534, .T. ) ;
#3177 = CARTESIAN_POINT ( 'NONE',  ( -45.19680613502329436, 415.7749752926744691, -49.90524068635239274 ) ) ;
#3178 = CARTESIAN_POINT ( 'NONE',  ( -2.202871945235199913, 411.3237196951150167, -48.90524068635239274 ) ) ;
#3179 = CARTESIAN_POINT ( 'NONE',  ( -35.95896562055654755, 412.1111105763939690, -52.53501414700340177 ) ) ;
#3180 = CARTESIAN_POINT ( 'NONE',  ( -44.57665995595800723, 402.9067094975414989, -52.90524068635239985 ) ) ;
#3181 = CARTESIAN_POINT ( 'NONE',  ( -16.37969932478159762, 414.1349213024159894, -54.90524410762949969 ) ) ;
#3182 = VERTEX_POINT ( 'NONE', #360 ) ;
#3183 = CARTESIAN_POINT ( 'NONE',  ( -41.43696067802730454, 406.2519846249055036, -48.90524068635239274 ) ) ;
#3184 = VERTEX_POINT ( 'NONE', #4529 ) ;
#3185 = DIRECTION ( 'NONE',  ( -2.360366747352545260E-15, 7.452711086286510028E-15, -1.000000000000000000 ) ) ;
#3186 = EDGE_LOOP ( 'NONE', ( #4496, #317, #2123, #1551, #4699, #909 ) ) ;
#3187 = ADVANCED_FACE ( 'NONE', ( #327 ), #4140, .T. ) ;
#3188 = EDGE_CURVE ( 'NONE', #1685, #2202, #392, .T. ) ;
#3189 = CARTESIAN_POINT ( 'NONE',  ( -8.202872000005399400, 402.9067092283455054, -52.90524068635230037 ) ) ;
#3190 = FACE_OUTER_BOUND ( 'NONE', #442, .T. ) ;
#3191 = DIRECTION ( 'NONE',  ( 0.000000000000000000, -2.277555759156820351E-15, 1.000000000000000000 ) ) ;
#3192 = CARTESIAN_POINT ( 'NONE',  ( -43.65940902612329921, 403.7377604995824640, -55.90546296897120016 ) ) ;
#3193 = AXIS2_PLACEMENT_3D ( 'NONE', #5737, #5175, #994 ) ;
#3194 = CARTESIAN_POINT ( 'NONE',  ( -35.77967806975781428, 413.2172633914711923, -53.53501369718254921 ) ) ;
#3195 = EDGE_LOOP ( 'NONE', ( #2538, #599, #5294, #722 ) ) ;
#3196 = LINE ( 'NONE', #1360, #4320 ) ;
#3197 = LINE ( 'NONE', #2186, #1254 ) ;
#3198 = CARTESIAN_POINT ( 'NONE',  ( -13.96257929670150055, 432.1808827301155134, -48.90524068635230037 ) ) ;
#3199 = CARTESIAN_POINT ( 'NONE',  ( -31.37969041767264855, 430.2807528602149887, -52.53501369717680092 ) ) ;
#3200 = CARTESIAN_POINT ( 'NONE',  ( -36.64881834973506614, 424.6509254537497782, -55.90524068635229327 ) ) ;
#3201 = VERTEX_POINT ( 'NONE', #1171 ) ;
#3202 = EDGE_LOOP ( 'NONE', ( #86, #5674, #5938, #911 ) ) ;
#3203 = DIRECTION ( 'NONE',  ( 1.000000000000000000, 0.000000000000000000, 0.000000000000000000 ) ) ;
#3204 = DIRECTION ( 'NONE',  ( -1.000000000000000000, 6.506351013513261599E-09, 0.000000000000000000 ) ) ;
#3205 = CARTESIAN_POINT ( 'NONE',  ( -36.16104946039119739, 411.3996289381180418, -53.20168083860399832 ) ) ;
#3206 = EDGE_CURVE ( 'NONE', #4905, #4662, #1359, .T. ) ;
#3207 = ADVANCED_FACE ( 'NONE', ( #4750 ), #3666, .T. ) ;
#3208 = ORIENTED_EDGE ( 'NONE', *, *, #1423, .T. ) ;
#3209 = FACE_OUTER_BOUND ( 'NONE', #5859, .T. ) ;
#3210 = CIRCLE ( 'NONE', #4100, 3.999999999999996891 ) ;
#3211 = AXIS2_PLACEMENT_3D ( 'NONE', #761, #3222, #1358 ) ;
#3212 = ORIENTED_EDGE ( 'NONE', *, *, #2139, .T. ) ;
#3213 = CARTESIAN_POINT ( 'NONE',  ( -40.19671538946669642, 406.5546309642289202, -49.23860690510529992 ) ) ;
#3214 = ORIENTED_EDGE ( 'NONE', *, *, #5507, .T. ) ;
#3215 = EDGE_CURVE ( 'NONE', #2194, #1432, #4482, .T. ) ;
#3216 = AXIS2_PLACEMENT_3D ( 'NONE', #2984, #3487, #4862 ) ;
#3217 = VECTOR ( 'NONE', #5252, 1000.000000000000000 ) ;
#3218 = VERTEX_POINT ( 'NONE', #4689 ) ;
#3219 = DIRECTION ( 'NONE',  ( -1.000000000000000000, 6.506364074960614948E-09, 0.000000000000000000 ) ) ;
#3220 = CARTESIAN_POINT ( 'NONE',  ( -13.46257929670150055, 432.1808827268620234, -49.40524068635230037 ) ) ;
#3221 = ADVANCED_FACE ( 'NONE', ( #5638 ), #3699, .T. ) ;
#3222 = DIRECTION ( 'NONE',  ( 6.505712195724409855E-09, 1.000000000000000000, 2.799253230284020116E-13 ) ) ;
#3223 = CARTESIAN_POINT ( 'NONE',  ( -39.53878525048410353, 426.2035162222759936, -50.34327888240959936 ) ) ;
#3224 = LINE ( 'NONE', #5853, #27 ) ;
#3225 = CARTESIAN_POINT ( 'NONE',  ( -50.95651369887920623, 403.9897861983270104, -49.90524068635239274 ) ) ;
#3226 = ADVANCED_FACE ( 'NONE', ( #877 ), #4197, .F. ) ;
#3227 = CARTESIAN_POINT ( 'NONE',  ( -9.169338227103398964, 402.3898478646395347, -54.90524068635239985 ) ) ;
#3228 = DIRECTION ( 'NONE',  ( 1.354309680034069887E-16, 2.427938189871680036E-15, -1.000000000000000000 ) ) ;
#3229 = VERTEX_POINT ( 'NONE', #3902 ) ;
#3230 = CARTESIAN_POINT ( 'NONE',  ( -32.31325491020244556, 414.3067090419435203, -49.90524068178519457 ) ) ;
#3231 = CARTESIAN_POINT ( 'NONE',  ( -12.98597024509750142, 406.3574095919115052, -55.12963987235299612 ) ) ;
#3232 = FACE_OUTER_BOUND ( 'NONE', #2967, .T. ) ;
#3233 = DIRECTION ( 'NONE',  ( 3.560536337138940078E-16, 5.687521802491529845E-15, -1.000000000000000000 ) ) ;
#3234 = ORIENTED_EDGE ( 'NONE', *, *, #782, .F. ) ;
#3235 = CARTESIAN_POINT ( 'NONE',  ( -46.95651370592540275, 402.9067095000099243, -52.70524068635239701 ) ) ;
#3236 = EDGE_CURVE ( 'NONE', #5976, #487, #3014, .T. ) ;
#3237 =( BOUNDED_CURVE ( )  B_SPLINE_CURVE ( 3, ( #1114, #5874, #3019, #2624 ),
 .UNSPECIFIED., .F., .F. ) 
 B_SPLINE_CURVE_WITH_KNOTS ( ( 4, 4 ),
 ( 5.497787143782139729, 6.283185307179590673 ),
 .UNSPECIFIED. ) 
 CURVE ( )  GEOMETRIC_REPRESENTATION_ITEM ( )  RATIONAL_B_SPLINE_CURVE ( ( 1.000000000000000000, 0.9492530216741920102, 0.9492530216741920102, 1.000000000000000000 ) ) 
 REPRESENTATION_ITEM ( '' )  );
#3238 = ORIENTED_EDGE ( 'NONE', *, *, #2546, .F. ) ;
#3239 = CARTESIAN_POINT ( 'NONE',  ( -46.95651370592540275, 402.9067095000099243, -55.70524068635239701 ) ) ;
#3240 = ORIENTED_EDGE ( 'NONE', *, *, #3544, .T. ) ;
#3241 = AXIS2_PLACEMENT_3D ( 'NONE', #3979, #3577, #270 ) ;
#3242 = CARTESIAN_POINT ( 'NONE',  ( -15.49543964138490004, 424.8746776912265091, -55.90508264197640642 ) ) ;
#3243 = VERTEX_POINT ( 'NONE', #2467 ) ;
#3244 = CIRCLE ( 'NONE', #2660, 3.391918358845309900 ) ;
#3245 = ADVANCED_FACE ( 'NONE', ( #5815 ), #2038, .T. ) ;
#3246 = DIRECTION ( 'NONE',  ( -1.301129252649091946E-23, -2.000000000000000155E-15, 1.000000000000000000 ) ) ;
#3247 = CARTESIAN_POINT ( 'NONE',  ( -12.74121573123843909, 412.7988429582584899, -49.40524068635239274 ) ) ;
#3248 = CYLINDRICAL_SURFACE ( 'NONE', #2951, 1.000000000000001332 ) ;
#3249 = CARTESIAN_POINT ( 'NONE',  ( -34.63443365446448752, 413.5649746568943783, -53.53501369718213709 ) ) ;
#3250 = VECTOR ( 'NONE', #749, 1000.000000000000000 ) ;
#3251 = CONICAL_SURFACE ( 'NONE', #420, 4.499999999999996447, 0.7853981633974291832 ) ;
#3252 = AXIS2_PLACEMENT_3D ( 'NONE', #602, #2591, #630 ) ;
#3253 = ADVANCED_FACE ( 'NONE', ( #3872 ), #2015, .F. ) ;
#3254 = CARTESIAN_POINT ( 'NONE',  ( -1.941593093577099971, 403.2592301822494960, -55.71857402019279704 ) ) ;
#3255 = AXIS2_PLACEMENT_3D ( 'NONE', #5110, #874, #3147 ) ;
#3256 = DIRECTION ( 'NONE',  ( -6.505646275490359098E-09, -1.000000000000000000, -2.277555755284120335E-15 ) ) ;
#3257 = CARTESIAN_POINT ( 'NONE',  ( -15.64147024473169800, 414.1349212975631531, -55.90524068635239985 ) ) ;
#3258 = ORIENTED_EDGE ( 'NONE', *, *, #4566, .F. ) ;
#3259 = ORIENTED_EDGE ( 'NONE', *, *, #3839, .T. ) ;
#3260 = EDGE_CURVE ( 'NONE', #3229, #2073, #2625, .T. ) ;
#3261 = EDGE_CURVE ( 'NONE', #3696, #1606, #5131, .T. ) ;
#3262 = CARTESIAN_POINT ( 'NONE',  ( -42.82850734468850362, 403.6295305111075322, -53.23857410234429466 ) ) ;
#3263 = CIRCLE ( 'NONE', #434, 1.700000000000000400 ) ;
#3264 = DIRECTION ( 'NONE',  ( -1.000000000000000000, 6.506364074960614948E-09, 0.000000000000000000 ) ) ;
#3265 = CARTESIAN_POINT ( 'NONE',  ( -15.89676323258151847, 425.7538301696931171, -61.35206133104181703 ) ) ;
#3266 = CARTESIAN_POINT ( 'NONE',  ( -50.95651365116730602, 411.3237200123234629, -49.90524068635239274 ) ) ;
#3267 = LINE ( 'NONE', #6098, #4782 ) ;
#3268 = ORIENTED_EDGE ( 'NONE', *, *, #1150, .F. ) ;
#3269 = CARTESIAN_POINT ( 'NONE',  ( -16.37969924334749905, 426.6509797518104961, -60.83499734764340161 ) ) ;
#3270 = VECTOR ( 'NONE', #5150, 1000.000000000000000 ) ;
#3271 = VERTEX_POINT ( 'NONE', #3343 ) ;
#3272 = ORIENTED_EDGE ( 'NONE', *, *, #4375, .F. ) ;
#3273 = EDGE_LOOP ( 'NONE', ( #1009, #3126, #3290, #4308 ) ) ;
#3274 = CARTESIAN_POINT ( 'NONE',  ( -31.37969043198394914, 428.0809798492414870, -52.53501369717759673 ) ) ;
#3275 =( BOUNDED_CURVE ( )  B_SPLINE_CURVE ( 3, ( #4429, #226, #685, #2565 ),
 .UNSPECIFIED., .F., .T. ) 
 B_SPLINE_CURVE_WITH_KNOTS ( ( 4, 4 ),
 ( 1.191542965528830100, 1.570796326794319908 ),
 .UNSPECIFIED. ) 
 CURVE ( )  GEOMETRIC_REPRESENTATION_ITEM ( )  RATIONAL_B_SPLINE_CURVE ( ( 1.000000000000000000, 0.9880497809127619657, 0.9880497809127619657, 1.000000000000000000 ) ) 
 REPRESENTATION_ITEM ( '' )  );
#3276 = CARTESIAN_POINT ( 'NONE',  ( -3.102872000005405084, 402.9067092283455054, -52.90524068635239985 ) ) ;
#3277 = ORIENTED_EDGE ( 'NONE', *, *, #5720, .F. ) ;
#3278 = ORIENTED_EDGE ( 'NONE', *, *, #5331, .F. ) ;
#3279 = CYLINDRICAL_SURFACE ( 'NONE', #3065, 5.999999999999997335 ) ;
#3280 = DIRECTION ( 'NONE',  ( -1.000000000000000000, 0.000000000000000000, 0.000000000000000000 ) ) ;
#3281 = EDGE_CURVE ( 'NONE', #2235, #3885, #5420, .T. ) ;
#3282 = B_SPLINE_CURVE_WITH_KNOTS ( 'NONE', 3,
 ( #2719, #4588, #4093, #4125, #865 ),
 .UNSPECIFIED., .F., .F.,
 ( 4, 1, 4 ),
 ( 0.000000000000000000, 0.4285714285714289917, 1.000000000000000000 ),
 .UNSPECIFIED. ) ;
#3283 = EDGE_CURVE ( 'NONE', #623, #1018, #249, .T. ) ;
#3284 = VERTEX_POINT ( 'NONE', #707 ) ;
#3285 = DIRECTION ( 'NONE',  ( 6.665464139584089739E-16, -2.000000008673590100E-15, 1.000000000000000000 ) ) ;
#3286 = AXIS2_PLACEMENT_3D ( 'NONE', #5493, #4003, #3503 ) ;
#3287 = DIRECTION ( 'NONE',  ( 0.000000000000000000, 0.000000000000000000, -1.000000000000000000 ) ) ;
#3288 = CARTESIAN_POINT ( 'NONE',  ( -9.156936636627598602, 403.7099465083849736, -55.65404926320820067 ) ) ;
#3289 = DIRECTION ( 'NONE',  ( 1.000000000000000000, 0.000000000000000000, 0.000000000000000000 ) ) ;
#3290 = ORIENTED_EDGE ( 'NONE', *, *, #5572, .F. ) ;
#3291 = ORIENTED_EDGE ( 'NONE', *, *, #984, .T. ) ;
#3292 = DIRECTION ( 'NONE',  ( -0.7529914335264225045, 0.6580303192375130950, 1.387778780781446859E-15 ) ) ;
#3293 = CARTESIAN_POINT ( 'NONE',  ( -50.21779261182220466, 402.9067095384889399, -55.71857401968569690 ) ) ;
#3294 = DIRECTION ( 'NONE',  ( -1.000000000000000000, 6.506366883410489963E-09, 5.878661535465969760E-16 ) ) ;
#3295 = CARTESIAN_POINT ( 'NONE',  ( -2.359229486661905018, 403.8625843542405391, -55.50524068635239416 ) ) ;
#3296 = CYLINDRICAL_SURFACE ( 'NONE', #3421, 4.999999999999997335 ) ;
#3297 = ADVANCED_FACE ( 'NONE', ( #5036 ), #4026, .T. ) ;
#3298 = EDGE_CURVE ( 'NONE', #5278, #781, #3786, .T. ) ;
#3299 = DIRECTION ( 'NONE',  ( 0.7529914420891901106, 0.6580303094390422824, 1.541976423090493464E-15 ) ) ;
#3300 = VERTEX_POINT ( 'NONE', #2157 ) ;
#3301 = CARTESIAN_POINT ( 'NONE',  ( -36.07257937702064510, 425.9438730987539543, -61.54210412883099934 ) ) ;
#3302 = DIRECTION ( 'NONE',  ( 1.000000000000000000, -6.507088281571700554E-09, -3.501462234010965537E-16 ) ) ;
#3303 = CARTESIAN_POINT ( 'NONE',  ( -15.67420185818119904, 424.9503331766445058, -55.87859533781600163 ) ) ;
#3304 = ORIENTED_EDGE ( 'NONE', *, *, #4314, .T. ) ;
#3305 = ORIENTED_EDGE ( 'NONE', *, *, #5468, .T. ) ;
#3306 = FACE_OUTER_BOUND ( 'NONE', #5475, .T. ) ;
#3307 = AXIS2_PLACEMENT_3D ( 'NONE', #5030, #797, #346 ) ;
#3308 = CARTESIAN_POINT ( 'NONE',  ( -7.302872000005400821, 402.9067092283455054, -52.90524068635239985 ) ) ;
#3309 = ORIENTED_EDGE ( 'NONE', *, *, #1771, .T. ) ;
#3310 = CARTESIAN_POINT ( 'NONE',  ( -26.07969278528315016, 413.3091748057229893, -50.90277489880710249 ) ) ;
#3311 = CARTESIAN_POINT ( 'NONE',  ( -2.233091788099099695, 403.9049848627180381, -55.63025202113379919 ) ) ;
#3312 = CARTESIAN_POINT ( 'NONE',  ( -50.10977122583599908, 404.1975294790775024, -55.89594285980389543 ) ) ;
#3313 = ORIENTED_EDGE ( 'NONE', *, *, #1716, .T. ) ;
#3314 = EDGE_CURVE ( 'NONE', #5326, #4666, #4382, .T. ) ;
#3315 = ORIENTED_EDGE ( 'NONE', *, *, #3819, .F. ) ;
#3316 = CARTESIAN_POINT ( 'NONE',  ( -1.495765231833049880, 400.9067092042050149, -55.61234746753889624 ) ) ;
#3317 = FACE_BOUND ( 'NONE', #870, .T. ) ;
#3318 = CYLINDRICAL_SURFACE ( 'NONE', #3165, 0.9999999999999891198 ) ;
#3319 = CARTESIAN_POINT ( 'NONE',  ( -15.99857887811169732, 411.4004845000385444, -49.90524068635239274 ) ) ;
#3320 = EDGE_LOOP ( 'NONE', ( #636, #1541, #1802, #3331 ) ) ;
#3321 = DIRECTION ( 'NONE',  ( 0.000000000000000000, -2.000000000000000155E-15, 1.000000000000000000 ) ) ;
#3322 = ADVANCED_FACE ( 'NONE', ( #5868 ), #2134, .F. ) ;
#3323 = DIRECTION ( 'NONE',  ( -1.233839267750040823E-07, -1.999999999999984773E-15, 0.9999999999999923395 ) ) ;
#3324 = DIRECTION ( 'NONE',  ( 0.7071067811876248221, -4.600708702895422409E-09, -0.7071067811854702123 ) ) ;
#3325 = DIRECTION ( 'NONE',  ( 1.154946869077379972E-16, -1.940725923427094804E-15, 1.000000000000000000 ) ) ;
#3326 = ORIENTED_EDGE ( 'NONE', *, *, #4044, .T. ) ;
#3327 = CARTESIAN_POINT ( 'NONE',  ( -19.84613109524855190, 414.3067089370620124, -53.53501369717960046 ) ) ;
#3328 = EDGE_CURVE ( 'NONE', #820, #1092, #1772, .T. ) ;
#3329 = AXIS2_PLACEMENT_3D ( 'NONE', #4483, #3516, #3489 ) ;
#3330 = DIRECTION ( 'NONE',  ( -0.7071067811865441310, 4.600708702895411655E-09, -0.7071067811865510144 ) ) ;
#3331 = ORIENTED_EDGE ( 'NONE', *, *, #5220, .T. ) ;
#3332 = AXIS2_PLACEMENT_3D ( 'NONE', #1878, #400, #4207 ) ;
#3333 = CARTESIAN_POINT ( 'NONE',  ( -8.664197300783099465, 403.9368357338939859, -55.90524068750909947 ) ) ;
#3334 = CARTESIAN_POINT ( 'NONE',  ( -49.67969739061499723, 404.4565638148465041, -55.63857401968569860 ) ) ;
#3335 = ORIENTED_EDGE ( 'NONE', *, *, #700, .F. ) ;
#3336 = EDGE_LOOP ( 'NONE', ( #880, #1411, #2066, #2264 ) ) ;
#3337 = CARTESIAN_POINT ( 'NONE',  ( -40.95389664236429894, 405.3763968001700277, -54.90524220691990820 ) ) ;
#3338 = CARTESIAN_POINT ( 'NONE',  ( -50.08715315887379660, 402.9067095369474600, -55.61190735301899934 ) ) ;
#3339 = CIRCLE ( 'NONE', #2777, 1.000000000000000000 ) ;
#3340 = CARTESIAN_POINT ( 'NONE',  ( -36.77968615360539673, 426.6509798845399928, -52.89500239496949519 ) ) ;
#3341 = EDGE_CURVE ( 'NONE', #1561, #5132, #5604, .T. ) ;
#3342 = CARTESIAN_POINT ( 'NONE',  ( -19.84613063438020220, 415.3067089370620124, -48.90524068635239274 ) ) ;
#3343 = CARTESIAN_POINT ( 'NONE',  ( -50.95651369887920623, 403.9897861983270104, -54.90524068635239985 ) ) ;
#3344 = AXIS2_PLACEMENT_3D ( 'NONE', #562, #3988, #5892 ) ;
#3345 = ORIENTED_EDGE ( 'NONE', *, *, #1479, .F. ) ;
#3346 = CARTESIAN_POINT ( 'NONE',  ( -5.202872000005400288, 402.9067092283455054, -49.10524068635240269 ) ) ;
#3347 = CARTESIAN_POINT ( 'NONE',  ( -21.28846455728605136, 415.3067089558305724, -48.90524068635239274 ) ) ;
#3348 = CIRCLE ( 'NONE', #1201, 1.000000000000011102 ) ;
#3349 = DIRECTION ( 'NONE',  ( -4.600696559831169980E-09, -0.7071067811865302533, -0.7071067811865648922 ) ) ;
#3350 = VERTEX_POINT ( 'NONE', #316 ) ;
#3351 = ORIENTED_EDGE ( 'NONE', *, *, #4533, .T. ) ;
#3352 = DIRECTION ( 'NONE',  ( 1.233839305745740522E-07, -1.999999999999984773E-15, 0.9999999999999923395 ) ) ;
#3353 = CARTESIAN_POINT ( 'NONE',  ( -16.20041990406524945, 412.1111105355315090, -51.65724755505160459 ) ) ;
#3354 = EDGE_CURVE ( 'NONE', #5027, #3863, #3348, .T. ) ;
#3355 = EDGE_CURVE ( 'NONE', #393, #1436, #2084, .T. ) ;
#3356 = CARTESIAN_POINT ( 'NONE',  ( -19.77969494590289656, 428.1509797737724625, -53.53501369717750435 ) ) ;
#3357 = CIRCLE ( 'NONE', #723, 0.9999999999999988898 ) ;
#3358 = UNCERTAINTY_MEASURE_WITH_UNIT (LENGTH_MEASURE( 1.000000000000000082E-05 ), #5218, 'distance_accuracy_value', 'NONE');
#3359 = PRESENTATION_STYLE_ASSIGNMENT (( #4408 ) ) ;
#3360 = CARTESIAN_POINT ( 'NONE',  ( -39.19680607727919863, 424.6509799002484442, -54.90524068635230037 ) ) ;
#3361 = ORIENTED_EDGE ( 'NONE', *, *, #1525, .T. ) ;
#3362 = AXIS2_PLACEMENT_3D ( 'NONE', #313, #2646, #5103 ) ;
#3363 = PRODUCT_DEFINITION_SHAPE ( 'NONE', 'NONE',  #1638 ) ;
#3364 = EDGE_LOOP ( 'NONE', ( #513, #4203, #3511, #2258 ) ) ;
#3365 = CARTESIAN_POINT ( 'NONE',  ( -35.77968624826534949, 412.1021604524349868, -54.90524322536040103 ) ) ;
#3366 = FACE_OUTER_BOUND ( 'NONE', #2518, .T. ) ;
#3367 = DIRECTION ( 'NONE',  ( 1.000000000000000000, -6.506366962090760048E-09, -3.501462226742465252E-16 ) ) ;
#3368 = CARTESIAN_POINT ( 'NONE',  ( -46.95651370592540275, 402.9067095000099243, -54.90524068635230037 ) ) ;
#3369 = CIRCLE ( 'NONE', #3286, 6.000000000000000000 ) ;
#3370 = DIRECTION ( 'NONE',  ( -0.7529914335264225045, 0.6580303192375130950, 1.387778780781446859E-15 ) ) ;
#3371 = EDGE_LOOP ( 'NONE', ( #1615, #4859, #2676, #3259 ) ) ;
#3372 = CARTESIAN_POINT ( 'NONE',  ( -36.16080561040504193, 411.4004873835023659, -52.53501417190720701 ) ) ;
#3373 = ORIENTED_EDGE ( 'NONE', *, *, #2800, .T. ) ;
#3374 = EDGE_CURVE ( 'NONE', #5139, #2194, #2480, .T. ) ;
#3375 = CIRCLE ( 'NONE', #4977, 1.000000000000000888 ) ;
#3376 = CARTESIAN_POINT ( 'NONE',  ( -32.31325458572099762, 414.3067090181775143, -52.53501369718139813 ) ) ;
#3377 = EDGE_LOOP ( 'NONE', ( #186, #4046, #3304, #4757 ) ) ;
#3378 = DIRECTION ( 'NONE',  ( -4.150936400055204896E-16, 2.161240112141435473E-15, -1.000000000000000000 ) ) ;
#3379 = ORIENTED_EDGE ( 'NONE', *, *, #1706, .F. ) ;
#3380 = CARTESIAN_POINT ( 'NONE',  ( -2.479688295148000154, 404.4565635077460115, -55.63857401968569860 ) ) ;
#3381 = ORIENTED_EDGE ( 'NONE', *, *, #2749, .T. ) ;
#3382 = DIRECTION ( 'NONE',  ( -6.506351013513269871E-09, -1.000000000000000000, -4.960594733056549993E-15 ) ) ;
#3383 = EDGE_CURVE ( 'NONE', #954, #1872, #610, .T. ) ;
#3384 = FACE_OUTER_BOUND ( 'NONE', #5726, .T. ) ;
#3385 = CARTESIAN_POINT ( 'NONE',  ( -18.86095089108599865, 414.3069387254245157, -53.86834715207049840 ) ) ;
#3386 = ORIENTED_EDGE ( 'NONE', *, *, #4450, .T. ) ;
#3387 = AXIS2_PLACEMENT_3D ( 'NONE', #1289, #3647, #4151 ) ;
#3388 = DIRECTION ( 'NONE',  ( -1.066821603157336055E-15, 2.071404727294400002E-15, -1.000000000000000000 ) ) ;
#3389 = AXIS2_PLACEMENT_3D ( 'NONE', #4669, #3246, #5149 ) ;
#3390 = EDGE_CURVE ( 'NONE', #2498, #324, #2791, .T. ) ;
#3391 = DIRECTION ( 'NONE',  ( -6.506366714853769862E-09, -1.000000000000000000, -2.277555755284430357E-15 ) ) ;
#3392 = CIRCLE ( 'NONE', #3216, 4.999999999999997335 ) ;
#3393 = B_SPLINE_CURVE_WITH_KNOTS ( 'NONE', 3,
 ( #3295, #2325, #2845, #4713, #5578, #1089 ),
 .UNSPECIFIED., .F., .F.,
 ( 4, 2, 4 ),
 ( -0.09733654250456059975, -0.04866827125198310011, 0.000000000000000000 ),
 .UNSPECIFIED. ) ;
#3394 = AXIS2_PLACEMENT_3D ( 'NONE', #3079, #3111, #4561 ) ;
#3395 =( NAMED_UNIT ( * ) PLANE_ANGLE_UNIT ( ) SI_UNIT ( $, .RADIAN. ) );
#3396 = CARTESIAN_POINT ( 'NONE',  ( -43.96945260972960057, 402.6127756539499956, -55.50524068635239416 ) ) ;
#3397 = VERTEX_POINT ( 'NONE', #1302 ) ;
#3398 = CARTESIAN_POINT ( 'NONE',  ( -35.77968623503944912, 414.1349221520150081, -53.23857669614209698 ) ) ;
#3399 = EDGE_CURVE ( 'NONE', #4585, #1582, #5898, .T. ) ;
#3400 = CARTESIAN_POINT ( 'NONE',  ( -11.92890126099150017, 427.6509797226880210, -58.09332458483159911 ) ) ;
#3401 = DIRECTION ( 'NONE',  ( 4.600696559831146819E-09, 0.7071067811865267005, 0.7071067811865683339 ) ) ;
#3402 = DIRECTION ( 'NONE',  ( -0.3412348424647408951, -0.6193213805118449322, -0.7071066467860178673 ) ) ;
#3403 = DIRECTION ( 'NONE',  ( 1.491530447089869952E-15, 5.687521795103710206E-15, -1.000000000000000000 ) ) ;
#3404 = ORIENTED_EDGE ( 'NONE', *, *, #5312, .T. ) ;
#3405 = DIRECTION ( 'NONE',  ( -1.491530447089869952E-15, -5.687521795103710206E-15, 1.000000000000000000 ) ) ;
#3406 = ORIENTED_EDGE ( 'NONE', *, *, #3527, .F. ) ;
#3407 = FACE_OUTER_BOUND ( 'NONE', #1621, .T. ) ;
#3408 = EDGE_CURVE ( 'NONE', #2466, #2241, #2691, .T. ) ;
#3409 = ORIENTED_EDGE ( 'NONE', *, *, #2816, .T. ) ;
#3410 = CARTESIAN_POINT ( 'NONE',  ( -9.786609131954321583, 405.6232968695414343, -55.90524068635238564 ) ) ;
#3411 = CARTESIAN_POINT ( 'NONE',  ( -15.37969925055524811, 425.5432057330916678, -56.38325192737586633 ) ) ;
#3412 = EDGE_LOOP ( 'NONE', ( #1577, #895, #81, #2069, #2700 ) ) ;
#3413 = CARTESIAN_POINT ( 'NONE',  ( -35.77968628206885171, 406.9067094272974714, -52.90500376218660250 ) ) ;
#3414 = CARTESIAN_POINT ( 'NONE',  ( -2.202872000005404729, 402.9067092247034338, -55.50524068635239416 ) ) ;
#3415 = EDGE_CURVE ( 'NONE', #2914, #25, #1234, .T. ) ;
#3416 = ADVANCED_FACE ( 'NONE', ( #3965 ), #1164, .T. ) ;
#3417 = B_SPLINE_SURFACE_WITH_KNOTS ( 'NONE', 3, 3, ( 
 ( #2345, #4210, #95, #4266 ),
 ( #5717, #3333, #1887, #5659 ),
 ( #2316, #3288, #1007, #4290 ),
 ( #4706, #1973, #3830, #2373 ),
 ( #3777, #4241, #5750, #5690 ) ),
 .UNSPECIFIED., .F., .F., .F.,
 ( 4, 1, 4 ),
 ( 4, 4 ),
 ( 0.000000000000000000, 0.5714285714285709528, 1.000000000000000000 ),
 ( 0.000000000000000000, 0.4687984273099199961 ),
 .UNSPECIFIED. ) ;
#3418 = ORIENTED_EDGE ( 'NONE', *, *, #175, .F. ) ;
#3419 = LINE ( 'NONE', #2081, #3654 ) ;
#3420 = CARTESIAN_POINT ( 'NONE',  ( -16.20074489506581017, 412.1116367388908657, -53.53501390936690285 ) ) ;
#3421 = AXIS2_PLACEMENT_3D ( 'NONE', #4685, #564, #5725 ) ;
#3422 = LINE ( 'NONE', #4014, #5881 ) ;
#3423 = VERTEX_POINT ( 'NONE', #120 ) ;
#3424 = ORIENTED_EDGE ( 'NONE', *, *, #1717, .F. ) ;
#3425 = CARTESIAN_POINT ( 'NONE',  ( -36.89911223230860315, 408.5526579504539768, -47.16390348210369865 ) ) ;
#3426 = LINE ( 'NONE', #4355, #4694 ) ;
#3427 = CARTESIAN_POINT ( 'NONE',  ( -34.98280496844404297, 414.1101839509720435, -49.57214749242470475 ) ) ;
#3428 = CARTESIAN_POINT ( 'NONE',  ( -12.82815436048767843, 426.3600311665350091, -50.03964778834647120 ) ) ;
#3429 = EDGE_CURVE ( 'NONE', #2235, #1876, #385, .T. ) ;
#3430 = ORIENTED_EDGE ( 'NONE', *, *, #5372, .F. ) ;
#3431 = EDGE_CURVE ( 'NONE', #2104, #3423, #2835, .T. ) ;
#3432 = CARTESIAN_POINT ( 'NONE',  ( -10.11119868512940201, 404.7734645675810157, -49.90524068635230037 ) ) ;
#3433 = ORIENTED_EDGE ( 'NONE', *, *, #5759, .T. ) ;
#3434 = CARTESIAN_POINT ( 'NONE',  ( -31.48254085368015609, 427.9781294288868025, -53.05207768057491080 ) ) ;
#3435 = VECTOR ( 'NONE', #899, 1000.000000000000000 ) ;
#3436 = AXIS2_PLACEMENT_3D ( 'NONE', #1315, #4110, #4633 ) ;
#3437 = DIRECTION ( 'NONE',  ( 0.06474353249544707867, -0.9979019365649167694, -1.734723475976804333E-15 ) ) ;
#3438 = VERTEX_POINT ( 'NONE', #5247 ) ;
#3439 = CARTESIAN_POINT ( 'NONE',  ( -50.32770656183878799, 403.2966282229734247, -55.83421061080437653 ) ) ;
#3440 = AXIS2_PLACEMENT_3D ( 'NONE', #366, #4466, #1319 ) ;
#3441 = DIRECTION ( 'NONE',  ( 5.951774927178530086E-16, -5.687521808680590142E-15, 1.000000000000000000 ) ) ;
#3442 = VERTEX_POINT ( 'NONE', #523 ) ;
#3443 = CIRCLE ( 'NONE', #4244, 1.000000000000000000 ) ;
#3444 = FACE_OUTER_BOUND ( 'NONE', #1509, .T. ) ;
#3445 = CARTESIAN_POINT ( 'NONE',  ( -32.37969043849340522, 427.0809798557485806, -53.53501369717780278 ) ) ;
#3446 = AXIS2_PLACEMENT_3D ( 'NONE', #2797, #4260, #5242 ) ;
#3447 = CARTESIAN_POINT ( 'NONE',  ( -18.86095082535965162, 414.3069387250189948, -53.20168048540349304 ) ) ;
#3448 = ORIENTED_EDGE ( 'NONE', *, *, #1986, .F. ) ;
#3449 = CARTESIAN_POINT ( 'NONE',  ( -15.35664850561980010, 411.5799749722140177, -49.23869408930939784 ) ) ;
#3450 = CARTESIAN_POINT ( 'NONE',  ( -19.84613063438020220, 415.3067089370620124, -48.90524068635239274 ) ) ;
#3451 = EDGE_CURVE ( 'NONE', #4221, #3201, #1945, .T. ) ;
#3452 = PLANE ( 'NONE',  #2615 ) ;
#3453 = DIRECTION ( 'NONE',  ( -6.506372987121369720E-09, -1.000000000000000000, -1.165704126700860036E-14 ) ) ;
#3454 =( BOUNDED_CURVE ( )  B_SPLINE_CURVE ( 3, ( #1333, #833, #1297, #2609 ),
 .UNSPECIFIED., .F., .T. ) 
 B_SPLINE_CURVE_WITH_KNOTS ( ( 4, 4 ),
 ( 4.712388980384710102, 5.497787143782900010 ),
 .UNSPECIFIED. ) 
 CURVE ( )  GEOMETRIC_REPRESENTATION_ITEM ( )  RATIONAL_B_SPLINE_CURVE ( ( 1.000000000000000000, 0.9492530216740969751, 0.9492530216740969751, 1.000000000000000000 ) ) 
 REPRESENTATION_ITEM ( '' )  );
#3455 = ORIENTED_EDGE ( 'NONE', *, *, #985, .F. ) ;
#3456 = AXIS2_PLACEMENT_3D ( 'NONE', #358, #3697, #5140 ) ;
#3457 = DIRECTION ( 'NONE',  ( -1.000000000000000000, 0.000000000000000000, 0.000000000000000000 ) ) ;
#3458 = DIRECTION ( 'NONE',  ( 0.9999999999999998890, -1.301272814992122824E-08, 0.000000000000000000 ) ) ;
#3459 = LINE ( 'NONE', #181, #5651 ) ;
#3460 = CARTESIAN_POINT ( 'NONE',  ( -12.77494984068169970, 426.3956928095075227, -50.09210891223669648 ) ) ;
#3461 = CARTESIAN_POINT ( 'NONE',  ( -36.07284091372604706, 425.9439672406984982, -56.31926596525509865 ) ) ;
#3462 = CARTESIAN_POINT ( 'NONE',  ( -9.054696381170598940, 425.6509797041509842, -60.83499734764340161 ) ) ;
#3463 = ORIENTED_EDGE ( 'NONE', *, *, #1479, .T. ) ;
#3464 = CARTESIAN_POINT ( 'NONE',  ( -9.014156492838800716, 403.7786375899384552, -49.57190735301900020 ) ) ;
#3465 = ORIENTED_EDGE ( 'NONE', *, *, #3408, .T. ) ;
#3466 = DIRECTION ( 'NONE',  ( 6.507072658479269605E-09, 1.000000000000000000, 1.999999999999829761E-15 ) ) ;
#3467 = VECTOR ( 'NONE', #5020, 1000.000000000000000 ) ;
#3468 = B_SPLINE_CURVE_WITH_KNOTS ( 'NONE', 3,
 ( #3657, #4164, #1337, #3589, #4621 ),
 .UNSPECIFIED., .F., .F.,
 ( 4, 1, 4 ),
 ( 0.000000000000000000, 0.8570496622709133927, 1.000000000000000000 ),
 .UNSPECIFIED. ) ;
#3469 = EDGE_CURVE ( 'NONE', #5662, #5873, #1508, .T. ) ;
#3470 = EDGE_CURVE ( 'NONE', #3218, #105, #2395, .T. ) ;
#3471 = ORIENTED_EDGE ( 'NONE', *, *, #435, .F. ) ;
#3472 = FACE_OUTER_BOUND ( 'NONE', #2174, .T. ) ;
#3473 = CARTESIAN_POINT ( 'NONE',  ( -5.479696821631799608, 430.6509796807269481, -61.83499734764340161 ) ) ;
#3474 = EDGE_LOOP ( 'NONE', ( #2454, #459, #237, #4001 ) ) ;
#3475 = CARTESIAN_POINT ( 'NONE',  ( -41.71250673438999712, 410.8903404356204874, -48.90524068635239274 ) ) ;
#3476 = PLANE ( 'NONE',  #5739 ) ;
#3477 = ORIENTED_EDGE ( 'NONE', *, *, #4450, .F. ) ;
#3478 = CARTESIAN_POINT ( 'NONE',  ( -49.95651371893660553, 400.9067095195085244, -54.90524068635239985 ) ) ;
#3479 = DIRECTION ( 'NONE',  ( -0.6145473350618951836, 0.3497593071932916797, -0.7071067811865413555 ) ) ;
#3480 = ORIENTED_EDGE ( 'NONE', *, *, #5069, .F. ) ;
#3481 = EDGE_CURVE ( 'NONE', #4259, #3774, #1704, .T. ) ;
#3482 = SHAPE_DEFINITION_REPRESENTATION ( #3363, #3888 ) ;
#3483 = VERTEX_POINT ( 'NONE', #5774 ) ;
#3484 = CARTESIAN_POINT ( 'NONE',  ( -40.23048410342959613, 430.6509799068284678, -58.09332458483159911 ) ) ;
#3485 = CARTESIAN_POINT ( 'NONE',  ( -8.189934176719209091, 402.6127836837194991, -55.50524068635239416 ) ) ;
#3486 = VECTOR ( 'NONE', #5563, 1000.000000000000000 ) ;
#3487 = DIRECTION ( 'NONE',  ( 5.030568825534239438E-17, 2.051423785003970161E-15, -1.000000000000000000 ) ) ;
#3488 = CARTESIAN_POINT ( 'NONE',  ( -35.77968615360539673, 426.6509798780339793, -54.90524068635230037 ) ) ;
#3489 = DIRECTION ( 'NONE',  ( 0.8890209675468649930, -0.4578664862839778582, -1.067522139062650277E-15 ) ) ;
#3490 = EDGE_CURVE ( 'NONE', #2320, #4905, #2426, .T. ) ;
#3491 = CARTESIAN_POINT ( 'NONE',  ( -36.77968616011180103, 425.6509798845399928, -56.90524068635230037 ) ) ;
#3492 = B_SPLINE_CURVE_WITH_KNOTS ( 'NONE', 3,
 ( #1349, #7, #3129, #5021 ),
 .UNSPECIFIED., .F., .F.,
 ( 4, 4 ),
 ( 0.000000000000000000, 1.000000000000000000 ),
 .UNSPECIFIED. ) ;
#3493 = ORIENTED_EDGE ( 'NONE', *, *, #41, .T. ) ;
#3494 = CARTESIAN_POINT ( 'NONE',  ( -1.810953641160105043, 402.9067092242274839, -55.82524068635230208 ) ) ;
#3495 = VERTEX_POINT ( 'NONE', #945 ) ;
#3496 = DIRECTION ( 'NONE',  ( -6.506367079892499981E-09, -1.000000000000000000, -4.960594733056100343E-15 ) ) ;
#3497 = ORIENTED_EDGE ( 'NONE', *, *, #5771, .F. ) ;
#3498 = DIRECTION ( 'NONE',  ( 6.506366714853769862E-09, 1.000000000000000000, 4.960594733056100343E-15 ) ) ;
#3499 = CARTESIAN_POINT ( 'NONE',  ( -2.106954089536205110, 403.9473853711955371, -55.75526335591510474 ) ) ;
#3500 = ORIENTED_EDGE ( 'NONE', *, *, #4680, .T. ) ;
#3501 = EDGE_CURVE ( 'NONE', #4965, #3229, #217, .T. ) ;
#3502 = CYLINDRICAL_SURFACE ( 'NONE', #3252, 1.000000000000001332 ) ;
#3503 = DIRECTION ( 'NONE',  ( 0.8890209675468652151, -0.4578664862839772476, -1.156482317317871331E-15 ) ) ;
#3504 = DIRECTION ( 'NONE',  ( 0.7071067811865350272, -4.601204098509299620E-09, -0.7071067811865600072 ) ) ;
#3505 = LINE ( 'NONE', #4501, #5329 ) ;
#3506 = FACE_OUTER_BOUND ( 'NONE', #4340, .T. ) ;
#3507 = ORIENTED_EDGE ( 'NONE', *, *, #1134, .T. ) ;
#3508 = EDGE_CURVE ( 'NONE', #5837, #1018, #4703, .T. ) ;
#3509 = CARTESIAN_POINT ( 'NONE',  ( -16.76570986810179775, 414.6955770364144769, -48.90524068635239274 ) ) ;
#3510 = CARTESIAN_POINT ( 'NONE',  ( -11.20548903142909936, 405.3763966066160265, -54.90524220692000057 ) ) ;
#3511 = ORIENTED_EDGE ( 'NONE', *, *, #1226, .T. ) ;
#3512 = FACE_OUTER_BOUND ( 'NONE', #4269, .T. ) ;
#3513 = FACE_OUTER_BOUND ( 'NONE', #1871, .T. ) ;
#3514 = CARTESIAN_POINT ( 'NONE',  ( -9.054696374664199965, 426.6509797041509842, -60.83499734764340161 ) ) ;
#3515 = CYLINDRICAL_SURFACE ( 'NONE', #2476, 3.000000000000000000 ) ;
#3516 = DIRECTION ( 'NONE',  ( 1.349437516602451857E-16, -2.069499172318900368E-15, 1.000000000000000000 ) ) ;
#3517 = CONICAL_SURFACE ( 'NONE', #5731, 1.899999999999999245, 0.7853981633974476129 ) ;
#3518 = VECTOR ( 'NONE', #2935, 1000.000000000000000 ) ;
#3519 = CARTESIAN_POINT ( 'NONE',  ( -1.202871992957800007, 403.9897858746114707, -48.90524068635239274 ) ) ;
#3520 = CARTESIAN_POINT ( 'NONE',  ( -11.76325941212710191, 406.8253813789049786, -48.90524068635239274 ) ) ;
#3521 = ORIENTED_EDGE ( 'NONE', *, *, #2962, .F. ) ;
#3522 = DIRECTION ( 'NONE',  ( 0.000000000000000000, 2.277555759621225133E-15, -1.000000000000000000 ) ) ;
#3523 = ORIENTED_EDGE ( 'NONE', *, *, #1167, .F. ) ;
#3524 = DIRECTION ( 'NONE',  ( 1.000000000000000000, -6.506366962090760048E-09, -3.501462224639520343E-16 ) ) ;
#3525 = CARTESIAN_POINT ( 'NONE',  ( -39.83417277080960162, 407.1350892351264861, -55.90524068635239985 ) ) ;
#3526 = AXIS2_PLACEMENT_3D ( 'NONE', #39, #3719, #2969 ) ;
#3527 = EDGE_CURVE ( 'NONE', #3174, #5130, #5216, .T. ) ;
#3528 = ORIENTED_EDGE ( 'NONE', *, *, #413, .T. ) ;
#3529 = CARTESIAN_POINT ( 'NONE',  ( -2.437914782511845235, 407.2799374543419617, -49.90524068635239274 ) ) ;
#3530 = CARTESIAN_POINT ( 'NONE',  ( -16.37969933782654763, 412.1021631516030084, -48.53457300679129105 ) ) ;
#3531 = VECTOR ( 'NONE', #5133, 1000.000000000000000 ) ;
#3532 = ORIENTED_EDGE ( 'NONE', *, *, #775, .F. ) ;
#3533 = CARTESIAN_POINT ( 'NONE',  ( -19.84613064739290067, 414.3067089370620124, -49.90524068635239274 ) ) ;
#3534 = DIRECTION ( 'NONE',  ( -6.506367291581810316E-09, -1.000000000000000000, -4.960594733056100343E-15 ) ) ;
#3535 = DIRECTION ( 'NONE',  ( 0.9999999999999998890, -1.301273903446067516E-08, 0.000000000000000000 ) ) ;
#3536 = CARTESIAN_POINT ( 'NONE',  ( -6.962579403456199856, 415.7749750439084551, -55.90524068635239985 ) ) ;
#3537 = FACE_BOUND ( 'NONE', #4708, .T. ) ;
#3538 = ORIENTED_EDGE ( 'NONE', *, *, #2747, .T. ) ;
#3539 = DIRECTION ( 'NONE',  ( -0.9999999999999998890, 0.000000000000000000, -1.301273436813949940E-08 ) ) ;
#3540 = DIRECTION ( 'NONE',  ( 4.037174640432150072E-16, 2.083490208421170058E-15, -1.000000000000000000 ) ) ;
#3541 = CARTESIAN_POINT ( 'NONE',  ( -47.49035332216460148, 425.9438731730410268, -58.61300150202159642 ) ) ;
#3542 = CIRCLE ( 'NONE', #212, 3.399999999999999467 ) ;
#3543 = DIRECTION ( 'NONE',  ( 1.000000000000000000, 0.000000000000000000, 0.000000000000000000 ) ) ;
#3544 = EDGE_CURVE ( 'NONE', #487, #4111, #3707, .T. ) ;
#3545 = EDGE_CURVE ( 'NONE', #5730, #818, #974, .T. ) ;
#3546 = AXIS2_PLACEMENT_3D ( 'NONE', #5003, #3143, #2227 ) ;
#3547 = ORIENTED_EDGE ( 'NONE', *, *, #3804, .T. ) ;
#3548 = FACE_OUTER_BOUND ( 'NONE', #505, .T. ) ;
#3549 = CARTESIAN_POINT ( 'NONE',  ( -8.202872000409369591, 402.9067092283455054, -55.50525107667119329 ) ) ;
#3550 = CARTESIAN_POINT ( 'NONE',  ( -15.63404641796170935, 410.1349195195074344, -49.90460751136929929 ) ) ;
#3551 = CARTESIAN_POINT ( 'NONE',  ( -46.67968855580209464, 425.6509799489530224, -59.42366627028980730 ) ) ;
#3552 = CARTESIAN_POINT ( 'NONE',  ( -12.90471625554998525, 426.1194843481446810, -49.96310299205764238 ) ) ;
#3553 = ORIENTED_EDGE ( 'NONE', *, *, #1423, .F. ) ;
#3554 = CIRCLE ( 'NONE', #4174, 4.000000000000007994 ) ;
#3555 = DIRECTION ( 'NONE',  ( 0.06474351871633904354, 0.9979019374589004343, 0.000000000000000000 ) ) ;
#3556 = ORIENTED_EDGE ( 'NONE', *, *, #3095, .T. ) ;
#3557 = CARTESIAN_POINT ( 'NONE',  ( -39.17356016367289584, 406.3573300952850218, -54.90524034878539794 ) ) ;
#3558 = FACE_OUTER_BOUND ( 'NONE', #2191, .T. ) ;
#3559 = CARTESIAN_POINT ( 'NONE',  ( -35.01595698923694755, 413.6393112752310230, -53.86834736398470369 ) ) ;
#3560 = AXIS2_PLACEMENT_3D ( 'NONE', #1336, #2154, #2750 ) ;
#3561 = ORIENTED_EDGE ( 'NONE', *, *, #3527, .T. ) ;
#3562 = CARTESIAN_POINT ( 'NONE',  ( -50.27255749780584893, 403.6391837185882991, -55.85402497270920463 ) ) ;
#3563 = CARTESIAN_POINT ( 'NONE',  ( -11.20548877547490108, 405.3763971889659956, -53.23857289472250187 ) ) ;
#3564 = EDGE_CURVE ( 'NONE', #5429, #421, #2450, .T. ) ;
#3565 = EDGE_LOOP ( 'NONE', ( #1144, #4370, #2732, #4486 ) ) ;
#3566 = CYLINDRICAL_SURFACE ( 'NONE', #3436, 1.000000000000000888 ) ;
#3567 = AXIS2_PLACEMENT_3D ( 'NONE', #1937, #2443, #1906 ) ;
#3568 = CARTESIAN_POINT ( 'NONE',  ( -46.95651370592540275, 402.9067095000099243, -55.90524068635230037 ) ) ;
#3569 = FACE_OUTER_BOUND ( 'NONE', #4101, .T. ) ;
#3570 = VECTOR ( 'NONE', #3498, 1000.000000000000000 ) ;
#3571 = CARTESIAN_POINT ( 'NONE',  ( -12.66968611387159882, 426.6509797276709719, -50.19813390516569740 ) ) ;
#3572 = CARTESIAN_POINT ( 'NONE',  ( -50.34843206477069799, 402.9067095400304765, -55.82524068635230208 ) ) ;
#3573 = EDGE_LOOP ( 'NONE', ( #4623, #4362, #3291, #4147 ) ) ;
#3574 = ADVANCED_FACE ( 'NONE', ( #4594 ), #5561, .T. ) ;
#3575 = DIRECTION ( 'NONE',  ( 0.7745966692415127142, -9.139293236764506343E-09, 0.6324555320336398001 ) ) ;
#3576 = DIRECTION ( 'NONE',  ( -8.481342805620768369E-17, -2.166835261967019923E-15, 1.000000000000000000 ) ) ;
#3577 = DIRECTION ( 'NONE',  ( -2.963723871613835233E-23, -2.277555758065400129E-15, 1.000000000000000000 ) ) ;
#3578 = AXIS2_PLACEMENT_3D ( 'NONE', #1782, #4607, #5087 ) ;
#3579 = AXIS2_PLACEMENT_3D ( 'NONE', #937, #2909, #2416 ) ;
#3580 = DIRECTION ( 'NONE',  ( -6.506372987121369720E-09, -1.000000000000000000, -1.165704126700860036E-14 ) ) ;
#3581 = DIRECTION ( 'NONE',  ( -0.5000000046005640408, -0.7071067779335548087, 0.4999999999998622768 ) ) ;
#3582 = ORIENTED_EDGE ( 'NONE', *, *, #1706, .T. ) ;
#3583 = ADVANCED_FACE ( 'NONE', ( #2920 ), #580, .T. ) ;
#3584 = CARTESIAN_POINT ( 'NONE',  ( -42.80433882747330188, 405.4985838496255042, -48.90524068635239274 ) ) ;
#3585 = CARTESIAN_POINT ( 'NONE',  ( -29.27158739843875068, 419.6497287028755068, -53.53501369729850268 ) ) ;
#3586 = LINE ( 'NONE', #1362, #5988 ) ;
#3587 = CARTESIAN_POINT ( 'NONE',  ( -43.57521612963705593, 403.3187672634094838, -55.88105568231625853 ) ) ;
#3588 = CARTESIAN_POINT ( 'NONE',  ( -36.77968616661809875, 424.6509798845399928, -55.90524068635230037 ) ) ;
#3589 = CARTESIAN_POINT ( 'NONE',  ( -16.11301943699877626, 414.1349213006740797, -55.58578348401649549 ) ) ;
#3590 = EDGE_LOOP ( 'NONE', ( #2851, #1522, #5286, #72 ) ) ;
#3591 = CARTESIAN_POINT ( 'NONE',  ( -31.86262645173153274, 427.5980438357818230, -53.43216327615333938 ) ) ;
#3592 = AXIS2_PLACEMENT_3D ( 'NONE', #2423, #918, #2831 ) ;
#3593 = ORIENTED_EDGE ( 'NONE', *, *, #898, .T. ) ;
#3594 = EDGE_CURVE ( 'NONE', #5497, #4762, #5688, .T. ) ;
#3595 = CARTESIAN_POINT ( 'NONE',  ( -37.52292588372950632, 409.5595650975399735, -55.90524068635239985 ) ) ;
#3596 = CIRCLE ( 'NONE', #5395, 1.000000000000000888 ) ;
#3597 = CARTESIAN_POINT ( 'NONE',  ( -39.41816984596869844, 412.7988431318285052, -49.40524068635239274 ) ) ;
#3598 = FACE_OUTER_BOUND ( 'NONE', #3025, .T. ) ;
#3599 = AXIS2_PLACEMENT_3D ( 'NONE', #101, #1979, #1928 ) ;
#3600 = ORIENTED_EDGE ( 'NONE', *, *, #274, .F. ) ;
#3601 = CARTESIAN_POINT ( 'NONE',  ( -50.30750924066047247, 403.4451729720027515, -55.84165957991145035 ) ) ;
#3602 = CARTESIAN_POINT ( 'NONE',  ( -15.37969924334749905, 426.6509797453039710, -52.89500239496949519 ) ) ;
#3603 = CARTESIAN_POINT ( 'NONE',  ( -12.54078806808379909, 406.1121263528885379, -45.79323443874920230 ) ) ;
#3604 = VERTEX_POINT ( 'NONE', #4348 ) ;
#3605 = CARTESIAN_POINT ( 'NONE',  ( -36.71478384070910295, 425.3998914575479944, -56.08797345609799834 ) ) ;
#3606 = ORIENTED_EDGE ( 'NONE', *, *, #3108, .T. ) ;
#3607 = ADVANCED_FACE ( 'NONE', ( #4378 ), #2404, .F. ) ;
#3608 = CARTESIAN_POINT ( 'NONE',  ( -16.20122893503739903, 425.9824098154670082, -56.24342267018220554 ) ) ;
#3609 = ORIENTED_EDGE ( 'NONE', *, *, #1029, .T. ) ;
#3610 = CARTESIAN_POINT ( 'NONE',  ( -39.30457825704935715, 425.1729644654663502, -52.31945424872387918 ) ) ;
#3611 = DIRECTION ( 'NONE',  ( 6.507088095983960298E-09, 1.000000000000000000, 2.277555755283950335E-15 ) ) ;
#3612 = CARTESIAN_POINT ( 'NONE',  ( -2.202872000005404729, 402.9067092247034338, -55.50524068635239416 ) ) ;
#3613 = DIRECTION ( 'NONE',  ( -1.000000000000000000, 0.000000000000000000, 0.000000000000000000 ) ) ;
#3614 = EDGE_CURVE ( 'NONE', #6001, #5271, #5828, .T. ) ;
#3615 = EDGE_CURVE ( 'NONE', #606, #2101, #4931, .T. ) ;
#3616 = ORIENTED_EDGE ( 'NONE', *, *, #3490, .F. ) ;
#3617 = DIRECTION ( 'NONE',  ( 0.7071067811865441310, -4.601208303256492976E-09, -0.7071067811865510144 ) ) ;
#3618 = VERTEX_POINT ( 'NONE', #4909 ) ;
#3619 = DIRECTION ( 'NONE',  ( -1.000000000000000000, 0.000000000000000000, 0.000000000000000000 ) ) ;
#3620 = CARTESIAN_POINT ( 'NONE',  ( -12.96257928570640061, 425.6089689429794589, -49.90524073442419706 ) ) ;
#3621 = CARTESIAN_POINT ( 'NONE',  ( -43.17138905872850074, 402.4134783028640072, -55.65404931349050344 ) ) ;
#3622 = CARTESIAN_POINT ( 'NONE',  ( -6.202871992957799563, 403.9897859071469952, -48.90524068635239274 ) ) ;
#3623 = CARTESIAN_POINT ( 'NONE',  ( -13.96257936448589909, 421.7638722438059631, -55.90524068635230037 ) ) ;
#3624 = ORIENTED_EDGE ( 'NONE', *, *, #5095, .F. ) ;
#3625 = DIRECTION ( 'NONE',  ( 1.000000000000000000, -6.506364074960614948E-09, 0.000000000000000000 ) ) ;
#3626 = ORIENTED_EDGE ( 'NONE', *, *, #2874, .F. ) ;
#3627 = CARTESIAN_POINT ( 'NONE',  ( -39.29445655041850216, 406.4995241310799656, -55.65404209308680095 ) ) ;
#3628 = CARTESIAN_POINT ( 'NONE',  ( -13.96257940345619986, 415.7749750894579961, -55.90524068635239985 ) ) ;
#3629 = CARTESIAN_POINT ( 'NONE',  ( -36.07257942363784764, 418.7788446544894896, -61.54210412883000458 ) ) ;
#3630 = ADVANCED_FACE ( 'NONE', ( #3061 ), #2599, .F. ) ;
#3631 = EDGE_CURVE ( 'NONE', #2849, #3101, #37, .T. ) ;
#3632 = ORIENTED_EDGE ( 'NONE', *, *, #4805, .F. ) ;
#3633 = CARTESIAN_POINT ( 'NONE',  ( -50.25491096261028900, 403.7185793422145252, -55.85972689615701370 ) ) ;
#3634 = VECTOR ( 'NONE', #2903, 1000.000000000000000 ) ;
#3635 = CARTESIAN_POINT ( 'NONE',  ( -12.54078787355859959, 406.1121236875039813, -51.57190580255849710 ) ) ;
#3636 = ORIENTED_EDGE ( 'NONE', *, *, #6064, .T. ) ;
#3637 = DIRECTION ( 'NONE',  ( -1.000000000000000000, 6.506351013513261599E-09, 0.000000000000000000 ) ) ;
#3638 = EDGE_LOOP ( 'NONE', ( #1217, #4632, #1846, #404 ) ) ;
#3639 = VECTOR ( 'NONE', #975, 999.9999999999998863 ) ;
#3640 = CARTESIAN_POINT ( 'NONE',  ( -39.24869543068329847, 425.9927319555424674, -50.03987020507240402 ) ) ;
#3641 = ORIENTED_EDGE ( 'NONE', *, *, #867, .T. ) ;
#3642 = CARTESIAN_POINT ( 'NONE',  ( -44.04859482692739903, 403.6442783396225309, -55.50524068635239416 ) ) ;
#3643 = DIRECTION ( 'NONE',  ( 3.501461612943910086E-16, -2.277555759156820351E-15, 1.000000000000000000 ) ) ;
#3644 = FACE_OUTER_BOUND ( 'NONE', #662, .T. ) ;
#3645 = VECTOR ( 'NONE', #2908, 1000.000000000000000 ) ;
#3646 = CARTESIAN_POINT ( 'NONE',  ( -37.12269471993390368, 411.6739285923450211, -48.90524070073190188 ) ) ;
#3647 = DIRECTION ( 'NONE',  ( -6.506351013513259945E-09, -1.000000000000000000, -4.960594733055650692E-15 ) ) ;
#3648 = DIRECTION ( 'NONE',  ( -1.000000000000000000, 6.505629368547255247E-09, 0.000000000000000000 ) ) ;
#3649 = CIRCLE ( 'NONE', #4645, 7.000000000000004441 ) ;
#3650 = EDGE_CURVE ( 'NONE', #6062, #5391, #3419, .T. ) ;
#3651 = FACE_OUTER_BOUND ( 'NONE', #812, .T. ) ;
#3652 = CARTESIAN_POINT ( 'NONE',  ( -30.87092098728685130, 415.3067090181775143, -48.90524068635239274 ) ) ;
#3653 = CARTESIAN_POINT ( 'NONE',  ( -42.57849413523100424, 405.2814083506990528, -55.90524068566790561 ) ) ;
#3654 = VECTOR ( 'NONE', #1093, 1000.000000000000000 ) ;
#3655 = CARTESIAN_POINT ( 'NONE',  ( -6.902872000005400466, 402.9067092283455054, -49.30524068635239843 ) ) ;
#3656 = CARTESIAN_POINT ( 'NONE',  ( -6.902872000005400466, 402.9067092283455054, -52.50524068635240127 ) ) ;
#3657 = CARTESIAN_POINT ( 'NONE',  ( -16.37969932478159762, 414.1349213024174674, -54.90524068635239985 ) ) ;
#3658 = ORIENTED_EDGE ( 'NONE', *, *, #760, .T. ) ;
#3659 = CARTESIAN_POINT ( 'NONE',  ( -50.95651370592539564, 402.9067095259960070, -55.90524068635230037 ) ) ;
#3660 = VERTEX_POINT ( 'NONE', #2975 ) ;
#3661 = CARTESIAN_POINT ( 'NONE',  ( -36.48048693469759485, 414.1349214332009865, -55.90524068635239985 ) ) ;
#3662 = CARTESIAN_POINT ( 'NONE',  ( -14.63645973563450120, 409.5595649486294860, -55.90524068635239985 ) ) ;
#3663 = LINE ( 'NONE', #287, #4935 ) ;
#3664 = PRODUCT_DEFINITION_CONTEXT ( 'detailed design', #1464, 'design' ) ;
#3665 = LINE ( 'NONE', #5112, #2798 ) ;
#3666 = CYLINDRICAL_SURFACE ( 'NONE', #5208, 0.9999999999999816813 ) ;
#3667 = ORIENTED_EDGE ( 'NONE', *, *, #1249, .T. ) ;
#3668 = CARTESIAN_POINT ( 'NONE',  ( -38.01686325621870566, 407.9564538553350417, -49.57197312385810051 ) ) ;
#3669 = EDGE_CURVE ( 'NONE', #5913, #986, #172, .T. ) ;
#3670 = VERTEX_POINT ( 'NONE', #6050 ) ;
#3671 = EDGE_CURVE ( 'NONE', #4419, #3397, #3675, .T. ) ;
#3672 = VECTOR ( 'NONE', #3403, 1000.000000000000000 ) ;
#3673 = CARTESIAN_POINT ( 'NONE',  ( -15.99644864855750015, 411.4010923992000244, -49.90448101285999627 ) ) ;
#3674 = ORIENTED_EDGE ( 'NONE', *, *, #110, .T. ) ;
#3675 = LINE ( 'NONE', #1821, #1004 ) ;
#3676 = DIRECTION ( 'NONE',  ( 0.9999999999999998890, -1.301273903446067516E-08, 0.000000000000000000 ) ) ;
#3677 = EDGE_CURVE ( 'NONE', #1739, #4155, #5455, .T. ) ;
#3678 = CARTESIAN_POINT ( 'NONE',  ( -32.75688316001190969, 414.3067090184462131, -53.53501369718161840 ) ) ;
#3679 = AXIS2_PLACEMENT_3D ( 'NONE', #4469, #3576, #5985 ) ;
#3680 = CARTESIAN_POINT ( 'NONE',  ( -47.69746007760599582, 429.9009799554130495, -58.40589472083379974 ) ) ;
#3681 = EDGE_LOOP ( 'NONE', ( #2934, #5693, #3738, #5972 ) ) ;
#3682 = CARTESIAN_POINT ( 'NONE',  ( -40.20015739237859265, 425.6509756980849488, -52.32257376271950022 ) ) ;
#3683 = CARTESIAN_POINT ( 'NONE',  ( -31.27158739843875068, 419.6497287028755068, -53.53501369729850268 ) ) ;
#3684 = CARTESIAN_POINT ( 'NONE',  ( -2.202871992957799563, 403.9897858811185074, -54.90524068635239985 ) ) ;
#3685 = CARTESIAN_POINT ( 'NONE',  ( -12.96258030620129986, 424.6487646078450098, -51.47850982319430102 ) ) ;
#3686 = EDGE_CURVE ( 'NONE', #5993, #3284, #884, .T. ) ;
#3687 = CARTESIAN_POINT ( 'NONE',  ( -39.39090127784975692, 426.4993398665355357, -50.09929308803749848 ) ) ;
#3688 = LINE ( 'NONE', #1861, #2033 ) ;
#3689 = ORIENTED_EDGE ( 'NONE', *, *, #1993, .F. ) ;
#3690 = ORIENTED_EDGE ( 'NONE', *, *, #2781, .T. ) ;
#3691 = LINE ( 'NONE', #1774, #799 ) ;
#3692 = CARTESIAN_POINT ( 'NONE',  ( -40.19680607727919863, 424.6509799067549693, -54.90524068635230037 ) ) ;
#3693 = CARTESIAN_POINT ( 'NONE',  ( -20.77158741141699849, 419.6497535121835085, -48.90524068635230037 ) ) ;
#3694 = CARTESIAN_POINT ( 'NONE',  ( -41.13179016761780105, 410.0762346261114999, -48.90524068635239274 ) ) ;
#3695 = ADVANCED_FACE ( 'NONE', ( #756 ), #2572, .T. ) ;
#3696 = VERTEX_POINT ( 'NONE', #5558 ) ;
#3697 = DIRECTION ( 'NONE',  ( -1.192421873225867764E-16, 2.294279105460490101E-15, -1.000000000000000000 ) ) ;
#3698 = COLOUR_RGB ( '',0.1882352941176470562, 0.2313725490196078538, 0.5882352941176470784 ) ;
#3699 = CYLINDRICAL_SURFACE ( 'NONE', #3989, 4.999999999999997335 ) ;
#3700 = CIRCLE ( 'NONE', #2525, 11.00000000000000000 ) ;
#3701 = ORIENTED_EDGE ( 'NONE', *, *, #71, .T. ) ;
#3702 = CYLINDRICAL_SURFACE ( 'NONE', #2180, 1.000000000000001332 ) ;
#3703 = DIRECTION ( 'NONE',  ( -1.301417910635381967E-23, -1.999999999999829761E-15, 1.000000000000000000 ) ) ;
#3704 = VERTEX_POINT ( 'NONE', #432 ) ;
#3705 = CIRCLE ( 'NONE', #267, 1.700000000000000178 ) ;
#3706 = VECTOR ( 'NONE', #1143, 1000.000000000000000 ) ;
#3707 =( BOUNDED_CURVE ( )  B_SPLINE_CURVE ( 3, ( #5184, #4734, #3828, #1061 ),
 .UNSPECIFIED., .F., .F. ) 
 B_SPLINE_CURVE_WITH_KNOTS ( ( 4, 4 ),
 ( 3.141592653590320250, 3.926990816987470101 ),
 .UNSPECIFIED. ) 
 CURVE ( )  GEOMETRIC_REPRESENTATION_ITEM ( )  RATIONAL_B_SPLINE_CURVE ( ( 1.000000000000000000, 0.9492530216742289806, 0.9492530216742289806, 1.000000000000000000 ) ) 
 REPRESENTATION_ITEM ( '' )  );
#3708 = EDGE_CURVE ( 'NONE', #4867, #184, #4608, .T. ) ;
#3709 = CARTESIAN_POINT ( 'NONE',  ( -16.37969924334749905, 426.6509797518104961, -54.90524068635230037 ) ) ;
#3710 = ORIENTED_EDGE ( 'NONE', *, *, #245, .F. ) ;
#3711 = CARTESIAN_POINT ( 'NONE',  ( -16.37969924334749905, 426.6509797518104961, -52.89500239496949519 ) ) ;
#3712 = PLANE ( 'NONE',  #5352 ) ;
#3713 = DIRECTION ( 'NONE',  ( 2.963723871009510061E-23, 2.277555757600990220E-15, -1.000000000000000000 ) ) ;
#3714 = CARTESIAN_POINT ( 'NONE',  ( -43.81015981374959978, 403.0931164020599908, -55.62266657236200018 ) ) ;
#3715 = EDGE_CURVE ( 'NONE', #2449, #5566, #4087, .T. ) ;
#3716 = EDGE_CURVE ( 'NONE', #6065, #4984, #5292, .T. ) ;
#3717 = ORIENTED_EDGE ( 'NONE', *, *, #4344, .F. ) ;
#3718 = CARTESIAN_POINT ( 'NONE',  ( -39.38423146299509625, 426.4802929269459923, -50.09250258407239897 ) ) ;
#3719 = DIRECTION ( 'NONE',  ( -6.506351013513259945E-09, -1.000000000000000000, -5.687521804807690149E-15 ) ) ;
#3720 = LINE ( 'NONE', #2779, #2313 ) ;
#3721 = CARTESIAN_POINT ( 'NONE',  ( -39.83048413596144854, 425.6509799043899989, -58.09332458483159911 ) ) ;
#3722 = EDGE_LOOP ( 'NONE', ( #1065, #1814, #3418, #5763 ) ) ;
#3723 = VERTEX_POINT ( 'NONE', #1285 ) ;
#3724 = CARTESIAN_POINT ( 'NONE',  ( -39.19680609606169952, 421.7638724079884582, -54.90524068635230037 ) ) ;
#3725 = CARTESIAN_POINT ( 'NONE',  ( -11.20548870293730026, 405.3763964256240229, -54.90524030621049434 ) ) ;
#3726 = FACE_BOUND ( 'NONE', #291, .T. ) ;
#3727 = CARTESIAN_POINT ( 'NONE',  ( -36.77968616201845009, 425.3579062910645234, -56.19830975572229903 ) ) ;
#3728 = ORIENTED_EDGE ( 'NONE', *, *, #2574, .F. ) ;
#3729 = CYLINDRICAL_SURFACE ( 'NONE', #2100, 1.000000000000001332 ) ;
#3730 = EDGE_LOOP ( 'NONE', ( #5531, #2564, #4953, #2136 ) ) ;
#3731 = CARTESIAN_POINT ( 'NONE',  ( -35.95815600169755299, 425.3127936983920563, -55.57381449318319255 ) ) ;
#3732 = ADVANCED_FACE ( 'NONE', ( #6079, #3159 ), #3712, .T. ) ;
#3733 = EDGE_CURVE ( 'NONE', #4747, #1608, #2298, .T. ) ;
#3734 = ORIENTED_EDGE ( 'NONE', *, *, #5069, .T. ) ;
#3735 = AXIS2_PLACEMENT_3D ( 'NONE', #1215, #449, #228 ) ;
#3736 = VERTEX_POINT ( 'NONE', #5180 ) ;
#3737 = PLANE ( 'NONE',  #1094 ) ;
#3738 = ORIENTED_EDGE ( 'NONE', *, *, #5842, .T. ) ;
#3739 = ORIENTED_EDGE ( 'NONE', *, *, #4692, .F. ) ;
#3740 = CARTESIAN_POINT ( 'NONE',  ( -46.49248251638050533, 407.9537157094039799, -48.90524068635239274 ) ) ;
#3741 = CYLINDRICAL_SURFACE ( 'NONE', #4914, 1.700000000000000178 ) ;
#3742 = VECTOR ( 'NONE', #1079, 1000.000000000000000 ) ;
#3743 = DIRECTION ( 'NONE',  ( -0.7071067811865470176, 0.000000000000000000, 0.7071067811865480168 ) ) ;
#3744 = CIRCLE ( 'NONE', #3930, 3.000000000000003109 ) ;
#3745 = AXIS2_PLACEMENT_3D ( 'NONE', #1892, #1458, #1951 ) ;
#3746 = VECTOR ( 'NONE', #1212, 1000.000000000000000 ) ;
#3747 = FACE_OUTER_BOUND ( 'NONE', #3860, .T. ) ;
#3748 = EDGE_CURVE ( 'NONE', #3978, #1329, #5755, .T. ) ;
#3749 = CIRCLE ( 'NONE', #3255, 11.00000000000000711 ) ;
#3750 = LINE ( 'NONE', #5128, #2803 ) ;
#3751 = CARTESIAN_POINT ( 'NONE',  ( -39.17356016344425029, 406.3573300954109300, -54.90524070331042594 ) ) ;
#3752 = EDGE_LOOP ( 'NONE', ( #2183, #4875, #1900, #1320 ) ) ;
#3753 = CARTESIAN_POINT ( 'NONE',  ( -9.054696374664199965, 426.6509797041509842, -60.83499734764340161 ) ) ;
#3754 = AXIS2_PLACEMENT_3D ( 'NONE', #38, #1916, #3775 ) ;
#3755 = DIRECTION ( 'NONE',  ( 1.000000000000000000, -6.506366962090760048E-09, -6.665464251652630136E-16 ) ) ;
#3756 = DIRECTION ( 'NONE',  ( 1.110222579174491824E-16, 2.277555756156290079E-15, -1.000000000000000000 ) ) ;
#3757 = LINE ( 'NONE', #1430, #2947 ) ;
#3758 = ORIENTED_EDGE ( 'NONE', *, *, #3970, .F. ) ;
#3759 = LINE ( 'NONE', #3342, #1719 ) ;
#3760 = VECTOR ( 'NONE', #514, 1000.000000000000000 ) ;
#3761 = ORIENTED_EDGE ( 'NONE', *, *, #5887, .F. ) ;
#3762 = VERTEX_POINT ( 'NONE', #4758 ) ;
#3763 = CARTESIAN_POINT ( 'NONE',  ( -26.07969277228645311, 415.3067090181775143, -48.90524068635239274 ) ) ;
#3764 = ORIENTED_EDGE ( 'NONE', *, *, #889, .F. ) ;
#3765 = LINE ( 'NONE', #4810, #2712 ) ;
#3766 = DIRECTION ( 'NONE',  ( -1.000000000000000000, 6.505629368547255247E-09, 0.000000000000000000 ) ) ;
#3767 = VERTEX_POINT ( 'NONE', #1877 ) ;
#3768 = ORIENTED_EDGE ( 'NONE', *, *, #1468, .F. ) ;
#3769 = LINE ( 'NONE', #970, #3760 ) ;
#3770 = CIRCLE ( 'NONE', #2205, 7.000000000000005329 ) ;
#3771 = CARTESIAN_POINT ( 'NONE',  ( -43.82661160411450396, 402.6965864604310354, -55.61193496664400016 ) ) ;
#3772 = VECTOR ( 'NONE', #1421, 1000.000000000000000 ) ;
#3773 = EDGE_CURVE ( 'NONE', #2759, #3483, #1596, .T. ) ;
#3774 = VERTEX_POINT ( 'NONE', #1413 ) ;
#3775 = DIRECTION ( 'NONE',  ( 3.501462198884505027E-16, 0.000000000000000000, 1.000000000000000000 ) ) ;
#3776 = LINE ( 'NONE', #11, #3639 ) ;
#3777 = CARTESIAN_POINT ( 'NONE',  ( -9.169338227103398964, 402.3898478646395347, -54.90524068635239985 ) ) ;
#3778 = DIRECTION ( 'NONE',  ( 1.000000000000000000, 0.000000000000000000, 0.000000000000000000 ) ) ;
#3779 = EDGE_CURVE ( 'NONE', #3438, #297, #2702, .T. ) ;
#3780 = ORIENTED_EDGE ( 'NONE', *, *, #3508, .T. ) ;
#3781 = ORIENTED_EDGE ( 'NONE', *, *, #1789, .T. ) ;
#3782 = CARTESIAN_POINT ( 'NONE',  ( -38.77379316091727901, 406.8788737587819924, -49.90474486270796461 ) ) ;
#3783 = CARTESIAN_POINT ( 'NONE',  ( -26.07969274800959880, 421.7288444463974884, -53.53501369717830016 ) ) ;
#3784 = CARTESIAN_POINT ( 'NONE',  ( -31.27158739843875068, 419.6497287028755068, -53.53501369717830016 ) ) ;
#3785 = VERTEX_POINT ( 'NONE', #3740 ) ;
#3786 = B_SPLINE_CURVE_WITH_KNOTS ( 'NONE', 3,
 ( #3494, #739, #4519, #805, #2686, #5967 ),
 .UNSPECIFIED., .F., .F.,
 ( 4, 2, 4 ),
 ( 0.000000000000000000, 0.5000000000000000000, 1.000000000000000000 ),
 .UNSPECIFIED. ) ;
#3787 = CARTESIAN_POINT ( 'NONE',  ( -8.349225890478800594, 403.0931161713800179, -55.62266657299719697 ) ) ;
#3788 = DIRECTION ( 'NONE',  ( 4.600812786304060427E-09, 0.7071067811866412756, -0.7071067811864538699 ) ) ;
#3789 = EDGE_LOOP ( 'NONE', ( #2218, #4993, #2667, #5054 ) ) ;
#3790 = DIRECTION ( 'NONE',  ( 6.507072658479269605E-09, 1.000000000000000000, 1.999999999999829761E-15 ) ) ;
#3791 = DIRECTION ( 'NONE',  ( 1.110222579174491824E-16, 2.277555756156290079E-15, -1.000000000000000000 ) ) ;
#3792 = CARTESIAN_POINT ( 'NONE',  ( -12.96257934398594003, 424.8753791909389292, -52.31945387821853188 ) ) ;
#3793 = DIRECTION ( 'NONE',  ( 0.000000000000000000, -2.277555759156820351E-15, 1.000000000000000000 ) ) ;
#3794 = ORIENTED_EDGE ( 'NONE', *, *, #3773, .F. ) ;
#3795 = ORIENTED_EDGE ( 'NONE', *, *, #4937, .F. ) ;
#3796 = CARTESIAN_POINT ( 'NONE',  ( -41.93048413335889535, 426.0509799178894923, -58.09332458483159911 ) ) ;
#3797 = DIRECTION ( 'NONE',  ( 0.9999999999999998890, -1.301272814992122824E-08, 0.000000000000000000 ) ) ;
#3798 = CONICAL_SURFACE ( 'NONE', #1946, 3.195959179422650287, 0.8860771237926560184 ) ;
#3799 = AXIS2_PLACEMENT_3D ( 'NONE', #5599, #3228, #2317 ) ;
#3800 = CARTESIAN_POINT ( 'NONE',  ( -43.87075184630090519, 403.4857415334420239, -55.63864773812290565 ) ) ;
#3801 = ORIENTED_EDGE ( 'NONE', *, *, #1186, .T. ) ;
#3802 = DIRECTION ( 'NONE',  ( 1.000000000000000000, 0.000000000000000000, 0.000000000000000000 ) ) ;
#3803 = EDGE_CURVE ( 'NONE', #4788, #5139, #5256, .T. ) ;
#3804 = EDGE_CURVE ( 'NONE', #1436, #393, #814, .T. ) ;
#3805 = CARTESIAN_POINT ( 'NONE',  ( -15.37969939783650020, 402.9067092945669515, -55.90524068635239985 ) ) ;
#3806 = CARTESIAN_POINT ( 'NONE',  ( -15.37969924985389980, 425.6509797453039710, -56.90524068635230037 ) ) ;
#3807 = EDGE_LOOP ( 'NONE', ( #430, #3309, #5369, #649 ) ) ;
#3808 = FACE_OUTER_BOUND ( 'NONE', #4, .T. ) ;
#3809 = DIRECTION ( 'NONE',  ( -0.7071067811876265985, 4.600708702895411655E-09, -0.7071067811854685470 ) ) ;
#3810 = DIRECTION ( 'NONE',  ( 0.000000000000000000, 0.000000000000000000, -1.000000000000000000 ) ) ;
#3811 = FACE_OUTER_BOUND ( 'NONE', #4777, .T. ) ;
#3812 = CARTESIAN_POINT ( 'NONE',  ( -8.177506889606199536, 402.5174185088854983, -55.50524068635239416 ) ) ;
#3813 = EDGE_LOOP ( 'NONE', ( #6073, #45, #3155, #1530, #4896, #5405, #3048 ) ) ;
#3814 = CARTESIAN_POINT ( 'NONE',  ( -8.508260674915700150, 402.4759925942504992, -49.23857401968570002 ) ) ;
#3815 = ORIENTED_EDGE ( 'NONE', *, *, #4112, .F. ) ;
#3816 = CARTESIAN_POINT ( 'NONE',  ( -46.67968854929569744, 426.6509799489530224, -55.65433364902119706 ) ) ;
#3817 = CARTESIAN_POINT ( 'NONE',  ( -15.37969924334749905, 426.6509797453039710, -61.83499734764340161 ) ) ;
#3818 = ADVANCED_FACE ( 'NONE', ( #3306 ), #3279, .F. ) ;
#3819 = EDGE_CURVE ( 'NONE', #3873, #4088, #5710, .T. ) ;
#3820 = VERTEX_POINT ( 'NONE', #5272 ) ;
#3821 = DIRECTION ( 'NONE',  ( -0.7681028820422121095, -0.1000897726964816159, -0.6324555320336870956 ) ) ;
#3822 = CARTESIAN_POINT ( 'NONE',  ( -8.544726380692438283, 403.5353624084398803, -55.89894535557492361 ) ) ;
#3823 = ORIENTED_EDGE ( 'NONE', *, *, #3779, .T. ) ;
#3824 = ORIENTED_EDGE ( 'NONE', *, *, #5046, .F. ) ;
#3825 = CARTESIAN_POINT ( 'NONE',  ( -8.202872000546159725, 402.9661185702914850, -55.50524946891469824 ) ) ;
#3826 = ORIENTED_EDGE ( 'NONE', *, *, #803, .T. ) ;
#3827 = AXIS2_PLACEMENT_3D ( 'NONE', #650, #135, #2098 ) ;
#3828 = CARTESIAN_POINT ( 'NONE',  ( -4.582547272045952802, 426.1339156916559432, -58.43072521066426361 ) ) ;
#3829 = CARTESIAN_POINT ( 'NONE',  ( -13.96257934569919890, 424.6509797360849916, -55.90524068635230037 ) ) ;
#3830 = CARTESIAN_POINT ( 'NONE',  ( -10.11078252386029952, 404.7732329682775116, -55.12963991069679537 ) ) ;
#3831 = CARTESIAN_POINT ( 'NONE',  ( -36.60550806685039049, 409.0511921644459221, -54.90524082023079444 ) ) ;
#3832 = AXIS2_PLACEMENT_3D ( 'NONE', #1011, #4294, #100 ) ;
#3833 = EDGE_CURVE ( 'NONE', #4111, #2633, #88, .T. ) ;
#3834 = ORIENTED_EDGE ( 'NONE', *, *, #2859, .F. ) ;
#3835 = CARTESIAN_POINT ( 'NONE',  ( -49.95651370592540275, 402.9067095390479381, -52.90524068635230037 ) ) ;
#3836 = CARTESIAN_POINT ( 'NONE',  ( -15.55387755906259883, 409.0511920276599653, -54.90524046570580197 ) ) ;
#3837 = AXIS2_PLACEMENT_3D ( 'NONE', #5942, #4002, #3637 ) ;
#3838 = DIRECTION ( 'NONE',  ( -0.06474351871633993172, -0.9979019374589002123, -1.995803874917800202E-15 ) ) ;
#3839 = EDGE_CURVE ( 'NONE', #1262, #5730, #3263, .T. ) ;
#3840 = LINE ( 'NONE', #2412, #5461 ) ;
#3841 = VERTEX_POINT ( 'NONE', #489 ) ;
#3842 = CARTESIAN_POINT ( 'NONE',  ( -9.169338409897799025, 402.3898492674315435, -49.90524068635239274 ) ) ;
#3843 = AXIS2_PLACEMENT_3D ( 'NONE', #2294, #4249, #2409 ) ;
#3844 = VERTEX_POINT ( 'NONE', #4283 ) ;
#3845 = CYLINDRICAL_SURFACE ( 'NONE', #811, 1.000000000000001332 ) ;
#3846 = VECTOR ( 'NONE', #1444, 1000.000000000000114 ) ;
#3847 = B_SPLINE_CURVE_WITH_KNOTS ( 'NONE', 3,
 ( #3488, #3959, #3928, #5316 ),
 .UNSPECIFIED., .F., .F.,
 ( 4, 4 ),
 ( 0.000000000000000000, 1.000000000000000000 ),
 .UNSPECIFIED. ) ;
#3848 = DIRECTION ( 'NONE',  ( -1.000000000000000000, 6.506367384098699429E-09, -1.655432026574745044E-13 ) ) ;
#3849 = ORIENTED_EDGE ( 'NONE', *, *, #5663, .T. ) ;
#3850 = LINE ( 'NONE', #5386, #2924 ) ;
#3851 = ORIENTED_EDGE ( 'NONE', *, *, #4005, .T. ) ;
#3852 = EDGE_CURVE ( 'NONE', #472, #954, #2778, .T. ) ;
#3853 = DIRECTION ( 'NONE',  ( 2.602547803804180157E-23, 1.999999997626974813E-15, -1.000000000000000000 ) ) ;
#3854 = CARTESIAN_POINT ( 'NONE',  ( -18.86095067309470252, 414.3069387240795436, -51.65724722678479708 ) ) ;
#3855 = EDGE_LOOP ( 'NONE', ( #839, #3313, #495, #5968 ) ) ;
#3856 = VECTOR ( 'NONE', #1161, 1000.000000000000000 ) ;
#3857 = EDGE_CURVE ( 'NONE', #4424, #3723, #32, .T. ) ;
#3858 = DIRECTION ( 'NONE',  ( -3.501461828833465398E-16, 5.687521807086329862E-15, -1.000000000000000000 ) ) ;
#3859 = CARTESIAN_POINT ( 'NONE',  ( -43.96167512190120163, 402.7070225571375204, -55.50525034578900119 ) ) ;
#3860 = EDGE_LOOP ( 'NONE', ( #746, #3903, #3015, #2613 ) ) ;
#3861 = VECTOR ( 'NONE', #5668, 1000.000000000000000 ) ;
#3862 = B_SPLINE_SURFACE_WITH_KNOTS ( 'NONE', 3, 3, ( 
 ( #4523, #388, #3662, #1368, #2785 ),
 ( #2755, #2261, #3115, #4134, #6067 ),
 ( #3146, #4654, #1807, #5576, #4191 ),
 ( #1840, #3231, #2323, #5006, #5477 ),
 ( #3725, #5723, #3836, #5193, #981 ) ),
 .UNSPECIFIED., .F., .F., .F.,
 ( 4, 1, 4 ),
 ( 4, 1, 4 ),
 ( 0.000000000000000000, 0.5714285714285709528, 1.000000000000000000 ),
 ( 0.000000000000000000, 0.5488263661127810167, 0.9604461406973670012 ),
 .UNSPECIFIED. ) ;
#3863 = VERTEX_POINT ( 'NONE', #1473 ) ;
#3864 = CARTESIAN_POINT ( 'NONE',  ( -41.11475623826599701, 405.6683499695985233, -49.57190735301900020 ) ) ;
#3865 = CARTESIAN_POINT ( 'NONE',  ( -41.04215246568669784, 405.5365751732904869, -55.65404207856020236 ) ) ;
#3866 = DIRECTION ( 'NONE',  ( 1.000000000000000000, -6.507087797884155369E-09, -6.308085367188389255E-16 ) ) ;
#3867 = DIRECTION ( 'NONE',  ( 6.505644275490350188E-09, 1.000000000000000000, 0.000000000000000000 ) ) ;
#3868 = EDGE_CURVE ( 'NONE', #6003, #4837, #2448, .T. ) ;
#3869 = FACE_OUTER_BOUND ( 'NONE', #5081, .T. ) ;
#3870 = DIRECTION ( 'NONE',  ( -1.000000000000000000, 6.506374386629573241E-09, 0.000000000000000000 ) ) ;
#3871 = VERTEX_POINT ( 'NONE', #1912 ) ;
#3872 = FACE_OUTER_BOUND ( 'NONE', #3590, .T. ) ;
#3873 = VERTEX_POINT ( 'NONE', #3327 ) ;
#3874 = VECTOR ( 'NONE', #3791, 1000.000000000000000 ) ;
#3875 = CARTESIAN_POINT ( 'NONE',  ( -8.898450783026593314, 402.4251466030483471, -55.61913149885192098 ) ) ;
#3876 = EDGE_CURVE ( 'NONE', #1456, #3820, #3769, .T. ) ;
#3877 = ORIENTED_EDGE ( 'NONE', *, *, #2749, .F. ) ;
#3878 = DIRECTION ( 'NONE',  ( -0.7071067859320254723, -0.7071067764410694512, -1.166622793721721212E-15 ) ) ;
#3879 = FACE_OUTER_BOUND ( 'NONE', #1965, .T. ) ;
#3880 = ORIENTED_EDGE ( 'NONE', *, *, #661, .T. ) ;
#3881 = DIRECTION ( 'NONE',  ( -2.602543911372755088E-23, -2.000000000000000155E-15, 1.000000000000000000 ) ) ;
#3882 = DIRECTION ( 'NONE',  ( -1.000000000000000000, 6.506366556641820132E-09, 1.734723475976805122E-15 ) ) ;
#3883 = CARTESIAN_POINT ( 'NONE',  ( -17.14342857702984801, 413.6393111589515001, -53.86834736398470369 ) ) ;
#3884 = ADVANCED_FACE ( 'NONE', ( #2394 ), #4844, .F. ) ;
#3885 = VERTEX_POINT ( 'NONE', #2105 ) ;
#3886 = AXIS2_PLACEMENT_3D ( 'NONE', #1727, #272, #2212 ) ;
#3887 = AXIS2_PLACEMENT_3D ( 'NONE', #1948, #5718, #96 ) ;
#3888 = ADVANCED_BREP_SHAPE_REPRESENTATION ( 'Carriage_Base', ( #904, #1118 ), #5959 ) ;
#3889 = LINE ( 'NONE', #150, #750 ) ;
#3890 = EDGE_CURVE ( 'NONE', #4927, #1092, #1102, .T. ) ;
#3891 = EDGE_CURVE ( 'NONE', #4733, #297, #4400, .T. ) ;
#3892 = AXIS2_PLACEMENT_3D ( 'NONE', #655, #5875, #4398 ) ;
#3893 = CIRCLE ( 'NONE', #1310, 1.000000000000000888 ) ;
#3894 = DIRECTION ( 'NONE',  ( 3.501461901885020364E-16, -4.960594735334280150E-15, 1.000000000000000000 ) ) ;
#3895 = ORIENTED_EDGE ( 'NONE', *, *, #5337, .T. ) ;
#3896 = CARTESIAN_POINT ( 'NONE',  ( -39.61859773455649503, 406.1121246324245249, -49.90523839107090254 ) ) ;
#3897 = CARTESIAN_POINT ( 'NONE',  ( -30.87092098728685130, 414.8067090181775143, -49.40524068635239274 ) ) ;
#3898 = CYLINDRICAL_SURFACE ( 'NONE', #808, 5.999999999999997335 ) ;
#3899 = LINE ( 'NONE', #4864, #2865 ) ;
#3900 = CARTESIAN_POINT ( 'NONE',  ( -12.77864797088725801, 426.4692050479201271, -50.08916807437314134 ) ) ;
#3901 = VERTEX_POINT ( 'NONE', #716 ) ;
#3902 = CARTESIAN_POINT ( 'NONE',  ( -12.29670524448596147, 413.0277761956165250, -54.90524068635239985 ) ) ;
#3903 = ORIENTED_EDGE ( 'NONE', *, *, #3355, .F. ) ;
#3904 = CARTESIAN_POINT ( 'NONE',  ( -6.202871992957799563, 403.9897859071469952, -48.90524068635239274 ) ) ;
#3905 = FACE_OUTER_BOUND ( 'NONE', #4915, .T. ) ;
#3906 = ORIENTED_EDGE ( 'NONE', *, *, #5844, .T. ) ;
#3907 = CARTESIAN_POINT ( 'NONE',  ( -50.34843206477069799, 402.9067095400304765, -55.82524068635230208 ) ) ;
#3908 = CARTESIAN_POINT ( 'NONE',  ( -2.595568452801504833, 404.3906122618139989, -55.50524068635239416 ) ) ;
#3909 = EDGE_CURVE ( 'NONE', #6062, #3218, #2021, .T. ) ;
#3910 = ORIENTED_EDGE ( 'NONE', *, *, #2882, .T. ) ;
#3911 = DIRECTION ( 'NONE',  ( 1.538472566159819849E-16, -1.932939983604269792E-15, 1.000000000000000000 ) ) ;
#3912 = LINE ( 'NONE', #227, #1889 ) ;
#3913 = CARTESIAN_POINT ( 'NONE',  ( -15.99833619379209892, 411.3996287242405288, -53.86834750527069815 ) ) ;
#3914 = B_SPLINE_SURFACE_WITH_KNOTS ( 'NONE', 3, 3, ( 
 ( #2925, #1510, #3312, #2346 ),
 ( #123, #2401, #5189, #4678 ),
 ( #3334, #4798, #5219, #4770 ),
 ( #977, #4267, #1481, #1888 ) ),
 .UNSPECIFIED., .F., .F., .F.,
 ( 4, 4 ),
 ( 4, 4 ),
 ( 0.000000000000000000, 1.000000000000000000 ),
 ( 2.624178600708260145, 2.817314080629219841 ),
 .UNSPECIFIED. ) ;
#3915 = ORIENTED_EDGE ( 'NONE', *, *, #3708, .F. ) ;
#3916 = CARTESIAN_POINT ( 'NONE',  ( -7.102872000005399755, 402.9067092283455054, -52.70524068635239701 ) ) ;
#3917 = CARTESIAN_POINT ( 'NONE',  ( -9.169338328655900483, 402.3898486439684916, -51.57190633930689927 ) ) ;
#3918 = CARTESIAN_POINT ( 'NONE',  ( -35.77968630809430550, 402.9067094272964482, -54.90524068635239985 ) ) ;
#3919 = CIRCLE ( 'NONE', #17, 1.700000000000000400 ) ;
#3920 = APPLICATION_PROTOCOL_DEFINITION ( 'draft international standard', 'automotive_design', 1998, #1464 ) ;
#3921 = DIRECTION ( 'NONE',  ( 0.7071067811865355823, -4.601205668601766174E-09, -0.7071067811865595631 ) ) ;
#3922 = ORIENTED_EDGE ( 'NONE', *, *, #1885, .F. ) ;
#3923 = ORIENTED_EDGE ( 'NONE', *, *, #2417, .F. ) ;
#3924 = EDGE_CURVE ( 'NONE', #1606, #4039, #4547, .T. ) ;
#3925 = EDGE_CURVE ( 'NONE', #1863, #4120, #4371, .T. ) ;
#3926 = CARTESIAN_POINT ( 'NONE',  ( -35.77968624826534949, 412.1021626698869795, -49.90524099089830656 ) ) ;
#3927 = PLANE ( 'NONE',  #471 ) ;
#3928 = CARTESIAN_POINT ( 'NONE',  ( -35.88917822181902295, 425.6087429151222068, -55.42626363212486496 ) ) ;
#3929 = CARTESIAN_POINT ( 'NONE',  ( -12.66855389470429927, 426.4290205551179724, -50.19831543610669655 ) ) ;
#3930 = AXIS2_PLACEMENT_3D ( 'NONE', #5910, #2998, #2566 ) ;
#3931 = FACE_OUTER_BOUND ( 'NONE', #1956, .T. ) ;
#3932 = CARTESIAN_POINT ( 'NONE',  ( -8.528901271401700512, 426.0509797005664723, -58.09332458483159911 ) ) ;
#3933 = ORIENTED_EDGE ( 'NONE', *, *, #2250, .T. ) ;
#3934 = CARTESIAN_POINT ( 'NONE',  ( -42.80433882747330188, 405.4985838496255042, -48.90524068635239274 ) ) ;
#3935 = ORIENTED_EDGE ( 'NONE', *, *, #1942, .T. ) ;
#3936 = CARTESIAN_POINT ( 'NONE',  ( -31.37969043198656749, 428.0809798492424534, -52.80377479924207762 ) ) ;
#3937 = AXIS2_PLACEMENT_3D ( 'NONE', #3413, #5823, #4906 ) ;
#3938 = CARTESIAN_POINT ( 'NONE',  ( -35.66214916863640383, 414.3067090181775143, -50.90500376171330288 ) ) ;
#3939 = ORIENTED_EDGE ( 'NONE', *, *, #3677, .T. ) ;
#3940 = FACE_OUTER_BOUND ( 'NONE', #4229, .T. ) ;
#3941 = AXIS2_PLACEMENT_3D ( 'NONE', #3, #3793, #542 ) ;
#3942 = FACE_OUTER_BOUND ( 'NONE', #706, .T. ) ;
#3943 = ORIENTED_EDGE ( 'NONE', *, *, #6038, .T. ) ;
#3944 = CARTESIAN_POINT ( 'NONE',  ( -35.77968615360539673, 426.6509798780339793, -54.90524068635230037 ) ) ;
#3945 = CARTESIAN_POINT ( 'NONE',  ( -40.95389675324359757, 405.3763989092039992, -49.90524068635220090 ) ) ;
#3946 = AXIS2_PLACEMENT_3D ( 'NONE', #4487, #6002, #3625 ) ;
#3947 = CARTESIAN_POINT ( 'NONE',  ( -15.99833584412169785, 411.3996292162470354, -49.90171439608180037 ) ) ;
#3948 = EDGE_CURVE ( 'NONE', #1472, #1763, #5388, .T. ) ;
#3949 = ORIENTED_EDGE ( 'NONE', *, *, #2430, .T. ) ;
#3950 = CARTESIAN_POINT ( 'NONE',  ( -17.38201595335429772, 413.8174872346814936, -49.90560089522350040 ) ) ;
#3951 = CARTESIAN_POINT ( 'NONE',  ( -10.11053088043679971, 404.7730952027260400, -53.23857468457759978 ) ) ;
#3952 = ADVANCED_FACE ( 'NONE', ( #3444 ), #1146, .F. ) ;
#3953 = DIRECTION ( 'NONE',  ( 0.5773502654255721067, -0.5773502729616971640, 0.5773502691816079224 ) ) ;
#3954 = ORIENTED_EDGE ( 'NONE', *, *, #440, .F. ) ;
#3955 = CARTESIAN_POINT ( 'NONE',  ( -14.63645973563450120, 409.5595649486294860, -55.90524068635239985 ) ) ;
#3956 = CIRCLE ( 'NONE', #4659, 1.000000000000012657 ) ;
#3957 = CARTESIAN_POINT ( 'NONE',  ( -40.95389689831849722, 405.3763973825205085, -53.23857289472250187 ) ) ;
#3958 = CARTESIAN_POINT ( 'NONE',  ( -1.702871945235200135, 411.3237196918614700, -49.40524068635239274 ) ) ;
#3959 = CARTESIAN_POINT ( 'NONE',  ( -35.77968615701293231, 426.1272535939804698, -55.16710382779366739 ) ) ;
#3960 = CARTESIAN_POINT ( 'NONE',  ( -46.95651370592540275, 402.9067095000099243, -52.70524068635239701 ) ) ;
#3961 = COLOUR_RGB ( '',0.1882352941176470562, 0.2313725490196078538, 0.5882352941176470784 ) ;
#3962 = DIRECTION ( 'NONE',  ( 1.000000000000000000, -6.506364074960614948E-09, 0.000000000000000000 ) ) ;
#3963 = CARTESIAN_POINT ( 'NONE',  ( -8.576431546943350526, 403.3250671649163905, -55.88180868107289712 ) ) ;
#3964 = ORIENTED_EDGE ( 'NONE', *, *, #1236, .F. ) ;
#3965 = FACE_OUTER_BOUND ( 'NONE', #5786, .T. ) ;
#3966 = ORIENTED_EDGE ( 'NONE', *, *, #3708, .T. ) ;
#3967 = FACE_OUTER_BOUND ( 'NONE', #565, .T. ) ;
#3968 = DIRECTION ( 'NONE',  ( 6.506367384098700256E-09, 1.000000000000000000, 5.885780586910389834E-15 ) ) ;
#3969 = VECTOR ( 'NONE', #4070, 1000.000000000000000 ) ;
#3970 = EDGE_CURVE ( 'NONE', #1400, #5600, #5590, .T. ) ;
#3971 = ORIENTED_EDGE ( 'NONE', *, *, #1986, .T. ) ;
#3972 = CYLINDRICAL_SURFACE ( 'NONE', #51, 1.700000000000000178 ) ;
#3973 = DIRECTION ( 'NONE',  ( 0.000000000000000000, -1.000000000000000000, -4.960594735334280150E-15 ) ) ;
#3974 = ORIENTED_EDGE ( 'NONE', *, *, #4542, .F. ) ;
#3975 = DIRECTION ( 'NONE',  ( 0.9999999999999998890, -1.301271955686377058E-08, 0.000000000000000000 ) ) ;
#3976 = CARTESIAN_POINT ( 'NONE',  ( -38.19680624480749742, 398.9067094430225211, -55.90524068635239985 ) ) ;
#3977 = CARTESIAN_POINT ( 'NONE',  ( -32.37969043153090354, 428.1509798557524960, -53.53501369717750435 ) ) ;
#3978 = VERTEX_POINT ( 'NONE', #2968 ) ;
#3979 = CARTESIAN_POINT ( 'NONE',  ( -46.95651370592540275, 402.9067095000099243, -52.90524068635239985 ) ) ;
#3980 = AXIS2_PLACEMENT_3D ( 'NONE', #8, #5652, #5182 ) ;
#3981 = AXIS2_PLACEMENT_3D ( 'NONE', #1835, #6000, #4060 ) ;
#3982 = ORIENTED_EDGE ( 'NONE', *, *, #458, .T. ) ;
#3983 = EDGE_CURVE ( 'NONE', #1329, #4350, #3275, .T. ) ;
#3984 = EDGE_CURVE ( 'NONE', #818, #2156, #4150, .T. ) ;
#3985 = DIRECTION ( 'NONE',  ( 0.000000000000000000, -2.277555759156820351E-15, 1.000000000000000000 ) ) ;
#3986 = CARTESIAN_POINT ( 'NONE',  ( -39.61859796461919814, 406.1121214793300283, -56.74161668313390550 ) ) ;
#3987 = VECTOR ( 'NONE', #2221, 1000.000000000000000 ) ;
#3988 = DIRECTION ( 'NONE',  ( -2.602547803804190149E-23, -1.999999997626974813E-15, 1.000000000000000000 ) ) ;
#3989 = AXIS2_PLACEMENT_3D ( 'NONE', #55, #5611, #5231 ) ;
#3990 = CARTESIAN_POINT ( 'NONE',  ( -36.16113496092790314, 411.3980097533749927, -49.90560089546089984 ) ) ;
#3991 = CARTESIAN_POINT ( 'NONE',  ( -5.202872000005400288, 402.9067092283455054, -55.50524068635239416 ) ) ;
#3992 = CARTESIAN_POINT ( 'NONE',  ( -13.60710595646200005, 408.3825943283810034, -48.90524068635239274 ) ) ;
#3993 = ORIENTED_EDGE ( 'NONE', *, *, #3095, .F. ) ;
#3994 = DIRECTION ( 'NONE',  ( -0.5324453488218999775, 0.4652977009591899304, -0.7071067811865600072 ) ) ;
#3995 = ORIENTED_EDGE ( 'NONE', *, *, #5615, .F. ) ;
#3996 = CARTESIAN_POINT ( 'NONE',  ( -13.96257933268500118, 426.6509797359199752, -48.90524068635230037 ) ) ;
#3997 = CARTESIAN_POINT ( 'NONE',  ( -6.962579403456199856, 415.7749750439084551, -49.40524068635239274 ) ) ;
#3998 = EDGE_LOOP ( 'NONE', ( #5301, #1378, #871, #352 ) ) ;
#3999 = LINE ( 'NONE', #1208, #3570 ) ;
#4000 = CARTESIAN_POINT ( 'NONE',  ( -15.26027335261330009, 408.5526557826474914, -51.57190686181079542 ) ) ;
#4001 = ORIENTED_EDGE ( 'NONE', *, *, #634, .F. ) ;
#4002 = DIRECTION ( 'NONE',  ( -4.190670483300905355E-23, -6.440892098500620795E-15, 1.000000000000000000 ) ) ;
#4003 = DIRECTION ( 'NONE',  ( 1.144575038127780029E-17, -2.503583117740240271E-15, 1.000000000000000000 ) ) ;
#4004 = ADVANCED_FACE ( 'NONE', ( #5877 ), #3502, .T. ) ;
#4005 = EDGE_CURVE ( 'NONE', #3184, #396, #2960, .T. ) ;
#4006 = CARTESIAN_POINT ( 'NONE',  ( -36.16293694684029703, 411.4010925304070270, -49.90448101285949889 ) ) ;
#4007 = CARTESIAN_POINT ( 'NONE',  ( -15.37914795390880052, 425.6509795024959999, -56.90610470585800584 ) ) ;
#4008 = ORIENTED_EDGE ( 'NONE', *, *, #2595, .T. ) ;
#4009 = CARTESIAN_POINT ( 'NONE',  ( -19.84901288479600012, 414.9732546277850247, -49.23869408930939784 ) ) ;
#4010 = CARTESIAN_POINT ( 'NONE',  ( -16.08680602913370095, 425.9438729687190062, -61.54210412883099934 ) ) ;
#4011 = CARTESIAN_POINT ( 'NONE',  ( -10.11053081239660045, 404.7730958348399781, -51.57190751105510174 ) ) ;
#4012 = B_SPLINE_CURVE_WITH_KNOTS ( 'NONE', 3,
 ( #6005, #387, #2260, #4626 ),
 .UNSPECIFIED., .F., .F.,
 ( 4, 4 ),
 ( 0.000000000000000000, 1.000000000000000000 ),
 .UNSPECIFIED. ) ;
#4013 = VERTEX_POINT ( 'NONE', #2074 ) ;
#4014 = CARTESIAN_POINT ( 'NONE',  ( -39.48969929149220093, 425.3580866833594882, -49.39512085705119659 ) ) ;
#4015 = ORIENTED_EDGE ( 'NONE', *, *, #2048, .T. ) ;
#4016 = ORIENTED_EDGE ( 'NONE', *, *, #146, .T. ) ;
#4017 = DIRECTION ( 'NONE',  ( 4.600812786304060427E-09, 0.7071067811866412756, -0.7071067811864538699 ) ) ;
#4018 = DIRECTION ( 'NONE',  ( 1.000000000000000000, -6.506364891301070241E-09, 4.440892056593770290E-15 ) ) ;
#4019 = CARTESIAN_POINT ( 'NONE',  ( -12.35903763759868745, 406.0119833310962463, -49.90511391415191866 ) ) ;
#4020 = CARTESIAN_POINT ( 'NONE',  ( -36.48193602415109638, 411.4889924325474908, -49.57214749242470475 ) ) ;
#4021 = VECTOR ( 'NONE', #263, 1000.000000000000000 ) ;
#4022 = EDGE_CURVE ( 'NONE', #1713, #1598, #194, .T. ) ;
#4023 = CARTESIAN_POINT ( 'NONE',  ( -39.33498612424939012, 426.3658017578796944, -50.04336929129285494 ) ) ;
#4024 = CARTESIAN_POINT ( 'NONE',  ( -8.503532259785629321, 403.7296284655336649, -55.90526001507040377 ) ) ;
#4025 = ORIENTED_EDGE ( 'NONE', *, *, #254, .T. ) ;
#4026 = CYLINDRICAL_SURFACE ( 'NONE', #3394, 0.9999999999999988898 ) ;
#4027 = ORIENTED_EDGE ( 'NONE', *, *, #1717, .T. ) ;
#4028 = AXIS2_PLACEMENT_3D ( 'NONE', #5711, #1414, #1474 ) ;
#4029 = CARTESIAN_POINT ( 'NONE',  ( -36.77968623503949885, 414.1349214351474757, -55.90524068635239985 ) ) ;
#4030 = LINE ( 'NONE', #1139, #5053 ) ;
#4031 = CARTESIAN_POINT ( 'NONE',  ( -35.01595721500530800, 413.6393114130534627, -49.90171425479780254 ) ) ;
#4032 = VECTOR ( 'NONE', #768, 1000.000000000000000 ) ;
#4033 = EDGE_CURVE ( 'NONE', #2765, #5976, #3339, .T. ) ;
#4034 = ORIENTED_EDGE ( 'NONE', *, *, #364, .F. ) ;
#4035 = CARTESIAN_POINT ( 'NONE',  ( -25.41325099599495019, 424.6509798105859659, -56.90524068635230037 ) ) ;
#4036 = CARTESIAN_POINT ( 'NONE',  ( -11.20548898020479989, 405.3763993434245094, -48.53457008764019776 ) ) ;
#4037 = TOROIDAL_SURFACE ( 'NONE', #1184, 2.000000000000000000, 1.000000000000000000 ) ;
#4038 = AXIS2_PLACEMENT_3D ( 'NONE', #1765, #5028, #5924 ) ;
#4039 = VERTEX_POINT ( 'NONE', #2509 ) ;
#4040 = CARTESIAN_POINT ( 'NONE',  ( -36.67574294641610066, 425.6512268732705024, -56.60671976793100413 ) ) ;
#4041 = DIRECTION ( 'NONE',  ( 6.506372959360830193E-09, 1.000000000000000000, 1.168479186713288105E-14 ) ) ;
#4042 = DIRECTION ( 'NONE',  ( 1.000000000000000000, -6.506366962090760048E-09, -3.501462224639520343E-16 ) ) ;
#4043 = CARTESIAN_POINT ( 'NONE',  ( -34.03792385564771195, 414.0201578177435522, -49.90474485324862997 ) ) ;
#4044 = EDGE_CURVE ( 'NONE', #4420, #4277, #1398, .T. ) ;
#4045 = CARTESIAN_POINT ( 'NONE',  ( -39.24113932646120162, 426.6531428355514777, -49.86523207000829672 ) ) ;
#4046 = ORIENTED_EDGE ( 'NONE', *, *, #3686, .T. ) ;
#4047 = DIRECTION ( 'NONE',  ( -0.7071067811865470176, 1.705284216575325057E-15, -0.7071067811865480168 ) ) ;
#4048 = DIRECTION ( 'NONE',  ( -1.000000000000000000, 6.506367017601909625E-09, 2.305847950502660356E-16 ) ) ;
#4049 = FACE_OUTER_BOUND ( 'NONE', #2871, .T. ) ;
#4050 = VECTOR ( 'NONE', #1006, 1000.000000000000000 ) ;
#4051 =( NAMED_UNIT ( * ) SI_UNIT ( $, .STERADIAN. ) SOLID_ANGLE_UNIT ( ) );
#4052 = VECTOR ( 'NONE', #4939, 1000.000000000000000 ) ;
#4053 = ADVANCED_FACE ( 'NONE', ( #4813 ), #5223, .T. ) ;
#4054 = EDGE_LOOP ( 'NONE', ( #878, #1051, #2847, #2385 ) ) ;
#4055 = DIRECTION ( 'NONE',  ( -6.506376818286059772E-09, -1.000000000000000000, 7.825876531461501208E-15 ) ) ;
#4056 = CARTESIAN_POINT ( 'NONE',  ( -20.48680170932445321, 430.8816339298720095, -53.24212047836310546 ) ) ;
#4057 = CARTESIAN_POINT ( 'NONE',  ( -42.04882568731790116, 404.7731106411570181, -54.90524039341309503 ) ) ;
#4058 = CARTESIAN_POINT ( 'NONE',  ( -12.83067817570449876, 425.2994931739505091, -51.63652131323299699 ) ) ;
#4059 = CARTESIAN_POINT ( 'NONE',  ( -39.25476544691044722, 426.1148221635893947, -49.96318726850503111 ) ) ;
#4060 = DIRECTION ( 'NONE',  ( -0.3681351607981993568, -0.9297722857689855180, -1.734723475976803742E-15 ) ) ;
#4061 = ORIENTED_EDGE ( 'NONE', *, *, #1650, .T. ) ;
#4062 = AXIS2_PLACEMENT_3D ( 'NONE', #4035, #1711, #3118 ) ;
#4063 = CARTESIAN_POINT ( 'NONE',  ( -36.16080558102796516, 411.4004873421669117, -52.86834734684520498 ) ) ;
#4064 = EDGE_LOOP ( 'NONE', ( #731, #684, #5532, #1048 ) ) ;
#4065 = ADVANCED_FACE ( 'NONE', ( #6045 ), #3154, .F. ) ;
#4066 = CARTESIAN_POINT ( 'NONE',  ( -35.77968622997105541, 412.6102798406535044, -55.12964010475779730 ) ) ;
#4067 = CARTESIAN_POINT ( 'NONE',  ( -31.37969035420545083, 440.0344235206040366, -45.90524068634980637 ) ) ;
#4068 = CARTESIAN_POINT ( 'NONE',  ( -35.95896574401609769, 412.1111107514989840, -50.77948096310110060 ) ) ;
#4069 = CARTESIAN_POINT ( 'NONE',  ( -50.30662229322091150, 403.4508746515929261, -55.84197111454376738 ) ) ;
#4070 = DIRECTION ( 'NONE',  ( -0.7071067811865470176, 4.601134098630699975E-09, 0.7071067811865480168 ) ) ;
#4071 = CARTESIAN_POINT ( 'NONE',  ( -15.26027329708039915, 408.5526534052474972, -56.74161774236279854 ) ) ;
#4072 = ORIENTED_EDGE ( 'NONE', *, *, #28, .T. ) ;
#4073 = CARTESIAN_POINT ( 'NONE',  ( -36.60248209403479791, 425.4095477545030235, -56.08491590900489854 ) ) ;
#4074 = CIRCLE ( 'NONE', #238, 7.000000000000004441 ) ;
#4075 = EDGE_CURVE ( 'NONE', #4189, #3182, #1781, .T. ) ;
#4076 = ADVANCED_FACE ( 'NONE', ( #5552 ), #3566, .T. ) ;
#4077 = ORIENTED_EDGE ( 'NONE', *, *, #5994, .F. ) ;
#4078 = LINE ( 'NONE', #5880, #1078 ) ;
#4079 = CARTESIAN_POINT ( 'NONE',  ( -2.202872000005404729, 402.9067092283455054, -52.90524068635230037 ) ) ;
#4080 = ORIENTED_EDGE ( 'NONE', *, *, #4583, .F. ) ;
#4081 = CARTESIAN_POINT ( 'NONE',  ( -40.19680607077280143, 425.6509799067735003, -52.31945424872390049 ) ) ;
#4082 = CARTESIAN_POINT ( 'NONE',  ( -11.20548901935110031, 405.3763987700875191, -49.90524068635230037 ) ) ;
#4083 = DIRECTION ( 'NONE',  ( 6.506367291581810316E-09, 1.000000000000000000, 4.960594733056100343E-15 ) ) ;
#4084 = DIRECTION ( 'NONE',  ( -0.7529914335264199510, 0.6580303192375158705, 1.734723475976808475E-15 ) ) ;
#4085 = ORIENTED_EDGE ( 'NONE', *, *, #591, .T. ) ;
#4086 = DIRECTION ( 'NONE',  ( 0.000000000000000000, -5.472993483434511487E-08, -0.9999999999999985567 ) ) ;
#4087 = B_SPLINE_CURVE_WITH_KNOTS ( 'NONE', 3,
 ( #4504, #1785, #2305, #2707, #5492, #298, #1758, #3642 ),
 .UNSPECIFIED., .F., .F.,
 ( 4, 2, 2, 4 ),
 ( -0.07453431171863919569, -0.05670706080600020071, -0.02835358403527479809, 0.000000000000000000 ),
 .UNSPECIFIED. ) ;
#4088 = VERTEX_POINT ( 'NONE', #3533 ) ;
#4089 = ORIENTED_EDGE ( 'NONE', *, *, #3891, .T. ) ;
#4090 = FACE_OUTER_BOUND ( 'NONE', #119, .T. ) ;
#4091 = CARTESIAN_POINT ( 'NONE',  ( -15.99484624123129883, 411.4015478760704809, -53.53501369717709935 ) ) ;
#4092 = EDGE_CURVE ( 'NONE', #2046, #3660, #1091, .T. ) ;
#4093 = CARTESIAN_POINT ( 'NONE',  ( -11.11723732058250036, 405.5365675109025005, -55.65404918455119798 ) ) ;
#4094 = EDGE_CURVE ( 'NONE', #5271, #4130, #2077, .T. ) ;
#4095 = LINE ( 'NONE', #3198, #5235 ) ;
#4096 = CARTESIAN_POINT ( 'NONE',  ( -12.88622827205366583, 426.1869183212145344, -49.98159119890468816 ) ) ;
#4097 = CARTESIAN_POINT ( 'NONE',  ( -35.77968623503944912, 414.1349214286410074, -54.90524068635239985 ) ) ;
#4098 = ORIENTED_EDGE ( 'NONE', *, *, #1446, .F. ) ;
#4099 = CARTESIAN_POINT ( 'NONE',  ( -47.15074426207439728, 399.9130036876330223, -54.90524068635230037 ) ) ;
#4100 = AXIS2_PLACEMENT_3D ( 'NONE', #1098, #1791, #4084 ) ;
#4101 = EDGE_LOOP ( 'NONE', ( #3877, #4177, #444, #6008 ) ) ;
#4102 = LINE ( 'NONE', #2291, #2774 ) ;
#4103 = CIRCLE ( 'NONE', #3887, 2.100000000000000089 ) ;
#4104 = DIRECTION ( 'NONE',  ( -3.482081731619564824E-16, 0.000000000000000000, 1.000000000000000000 ) ) ;
#4105 = CARTESIAN_POINT ( 'NONE',  ( -16.08663675950785077, 414.1349213005109959, -55.61217375754710446 ) ) ;
#4106 = ORIENTED_EDGE ( 'NONE', *, *, #3984, .T. ) ;
#4107 = CYLINDRICAL_SURFACE ( 'NONE', #4062, 0.9999999999999816813 ) ;
#4108 = CARTESIAN_POINT ( 'NONE',  ( -16.37969932478159762, 414.1349252572559863, -45.79323792084709766 ) ) ;
#4109 = EDGE_LOOP ( 'NONE', ( #1190, #3433, #4451, #3373 ) ) ;
#4110 = DIRECTION ( 'NONE',  ( -0.7071067811865470176, 4.600691910772160064E-09, 0.7071067811865480168 ) ) ;
#4111 = VERTEX_POINT ( 'NONE', #2733 ) ;
#4112 = EDGE_CURVE ( 'NONE', #421, #3442, #2236, .T. ) ;
#4113 = FACE_OUTER_BOUND ( 'NONE', #613, .T. ) ;
#4114 = ORIENTED_EDGE ( 'NONE', *, *, #4900, .F. ) ;
#4115 = DIRECTION ( 'NONE',  ( 0.7071067811865370256, -1.791879819443400130E-15, 0.7071067811865580088 ) ) ;
#4116 = FACE_OUTER_BOUND ( 'NONE', #3273, .T. ) ;
#4117 = CARTESIAN_POINT ( 'NONE',  ( -43.98166390355040534, 402.5190644906134594, -48.90524068635239274 ) ) ;
#4118 = CARTESIAN_POINT ( 'NONE',  ( -39.86268032974209774, 413.0277763749705287, -49.90524068635239274 ) ) ;
#4119 = DIRECTION ( 'NONE',  ( 0.000000000000000000, -2.277555759156820351E-15, 1.000000000000000000 ) ) ;
#4120 = VERTEX_POINT ( 'NONE', #4978 ) ;
#4121 = DIRECTION ( 'NONE',  ( 6.507090779654379409E-09, 1.000000000000000000, -4.061146647992859828E-16 ) ) ;
#4122 = EDGE_LOOP ( 'NONE', ( #2249, #5155, #63, #482, #6056 ) ) ;
#4123 = CARTESIAN_POINT ( 'NONE',  ( -39.37973056320790022, 425.4007814215665348, -52.32283478569159740 ) ) ;
#4124 = CARTESIAN_POINT ( 'NONE',  ( -46.67968852327019391, 430.6509799487894838, -61.83499734764340161 ) ) ;
#4125 = CARTESIAN_POINT ( 'NONE',  ( -10.86729708061849919, 405.9901943938085083, -55.90524068635239985 ) ) ;
#4126 = CARTESIAN_POINT ( 'NONE',  ( -12.96257931278289988, 426.2059855035075202, -49.48891365906059292 ) ) ;
#4127 = CARTESIAN_POINT ( 'NONE',  ( -12.88340801058412666, 426.1968949416547616, -49.98441035065997085 ) ) ;
#4128 = CARTESIAN_POINT ( 'NONE',  ( -16.49723638894925060, 414.3067088934835169, -49.90524068635239274 ) ) ;
#4129 = ADVANCED_FACE ( 'NONE', ( #5908 ), #5277, .T. ) ;
#4130 = VERTEX_POINT ( 'NONE', #6074 ) ;
#4131 = ORIENTED_EDGE ( 'NONE', *, *, #5453, .T. ) ;
#4132 = DIRECTION ( 'NONE',  ( -0.7071067859320260274, -0.7071067764410690071, -1.406122570191120083E-15 ) ) ;
#4133 = VECTOR ( 'NONE', #3063, 1000.000000000000000 ) ;
#4134 = CARTESIAN_POINT ( 'NONE',  ( -15.67889864722530113, 412.7170442869054909, -55.90524068687170001 ) ) ;
#4135 = CARTESIAN_POINT ( 'NONE',  ( -35.01595706522855522, 413.6393113217209816, -52.53501403065129693 ) ) ;
#4136 = ORIENTED_EDGE ( 'NONE', *, *, #1416, .T. ) ;
#4137 = CARTESIAN_POINT ( 'NONE',  ( -6.962579403456199856, 415.7749750439084551, -48.90524068635239274 ) ) ;
#4138 = ADVANCED_FACE ( 'NONE', ( #1405 ), #4828, .F. ) ;
#4139 = CIRCLE ( 'NONE', #3827, 5.999999999999997335 ) ;
#4140 = PLANE ( 'NONE',  #4998 ) ;
#4141 = CIRCLE ( 'NONE', #2275, 1.000000000000000000 ) ;
#4142 = ORIENTED_EDGE ( 'NONE', *, *, #4092, .T. ) ;
#4143 = CARTESIAN_POINT ( 'NONE',  ( -36.63032091657689904, 425.6508944833909709, -56.90627487712169597 ) ) ;
#4144 = CARTESIAN_POINT ( 'NONE',  ( -15.03669087191139830, 411.6739284486455404, -48.90524070073190188 ) ) ;
#4145 = CIRCLE ( 'NONE', #3047, 1.700000000000000178 ) ;
#4146 = DIRECTION ( 'NONE',  ( -3.213426488236610379E-23, -6.938893903907220489E-15, 1.000000000000000000 ) ) ;
#4147 = ORIENTED_EDGE ( 'NONE', *, *, #3298, .T. ) ;
#4148 = DIRECTION ( 'NONE',  ( -6.506364074960620738E-09, -1.000000000000000000, -4.960594733056100343E-15 ) ) ;
#4149 = EDGE_CURVE ( 'NONE', #3736, #343, #4531, .T. ) ;
#4150 = CIRCLE ( 'NONE', #5248, 2.099999999999998312 ) ;
#4151 = DIRECTION ( 'NONE',  ( -1.000000000000000000, 6.506351013513261599E-09, -2.775557561562888827E-14 ) ) ;
#4152 = ORIENTED_EDGE ( 'NONE', *, *, #1909, .F. ) ;
#4153 = FACE_OUTER_BOUND ( 'NONE', #134, .T. ) ;
#4154 = AXIS2_PLACEMENT_3D ( 'NONE', #2032, #643, #5345 ) ;
#4155 = VERTEX_POINT ( 'NONE', #1960 ) ;
#4156 = DIRECTION ( 'NONE',  ( 5.030568825534239438E-17, 2.051423785003970161E-15, -1.000000000000000000 ) ) ;
#4157 = LINE ( 'NONE', #5328, #2072 ) ;
#4158 = EDGE_CURVE ( 'NONE', #4336, #5076, #1437, .T. ) ;
#4159 = B_SPLINE_CURVE_WITH_KNOTS ( 'NONE', 3,
 ( #4280, #2444, #4024, #2911, #1964, #4305, #705, #2122, #2092, #1988, #4787, #1136, #3822, #3012, #5738, #3963, #1498, #4895, #673, #4418, #2289 ),
 .UNSPECIFIED., .F., .F.,
 ( 4, 2, 2, 1, 2, 2, 2, 2, 2, 2, 4 ),
 ( 0.000000000000000000, 0.03124999999870402279, 0.04687499999812357737, 0.05468749999787864136, 0.05859374999779540932, 0.06249999999771217729, 0.1249999999978219090, 0.2499999999981691312, 0.3749999999985163535, 0.4999999999988635757, 1.000000000000000000 ),
 .UNSPECIFIED. ) ;
#4160 = CARTESIAN_POINT ( 'NONE',  ( -42.82851160646040256, 403.6294968354154662, -54.90524053897760126 ) ) ;
#4161 = AXIS2_PLACEMENT_3D ( 'NONE', #4468, #1686, #3539 ) ;
#4162 = CARTESIAN_POINT ( 'NONE',  ( -12.77877789886739990, 425.4021942721910250, -52.32611064837050208 ) ) ;
#4163 = CARTESIAN_POINT ( 'NONE',  ( -39.25402760774448296, 426.1117440415667943, -49.96244756020167443 ) ) ;
#4164 = CARTESIAN_POINT ( 'NONE',  ( -16.37969932478159762, 414.1349213024089977, -55.12964016160869818 ) ) ;
#4165 = ORIENTED_EDGE ( 'NONE', *, *, #1501, .T. ) ;
#4166 = ORIENTED_EDGE ( 'NONE', *, *, #2623, .T. ) ;
#4167 = DIRECTION ( 'NONE',  ( -0.7071067811865280328, 9.201391097159850288E-09, 0.7071067811865670016 ) ) ;
#4168 = DIRECTION ( 'NONE',  ( -6.506366408605880212E-09, -1.000000000000000000, -5.687521804808150055E-15 ) ) ;
#4169 = DIRECTION ( 'NONE',  ( -0.7071067811865441310, 4.600209102534330335E-09, -0.7071067811865510144 ) ) ;
#4170 = CARTESIAN_POINT ( 'NONE',  ( -50.25747731914355398, 403.7075747129665615, -55.85892115206083730 ) ) ;
#4171 = VERTEX_POINT ( 'NONE', #4172 ) ;
#4172 = CARTESIAN_POINT ( 'NONE',  ( -10.72291000014310036, 406.2522516404399653, -48.90524068635239274 ) ) ;
#4173 = ORIENTED_EDGE ( 'NONE', *, *, #4271, .F. ) ;
#4174 = AXIS2_PLACEMENT_3D ( 'NONE', #3622, #2288, #4557 ) ;
#4175 = EDGE_CURVE ( 'NONE', #3483, #3618, #963, .T. ) ;
#4176 = ADVANCED_FACE ( 'NONE', ( #506 ), #2415, .T. ) ;
#4177 = ORIENTED_EDGE ( 'NONE', *, *, #2463, .T. ) ;
#4178 = CARTESIAN_POINT ( 'NONE',  ( -49.95651370592540275, 402.9067095194994863, -48.90524068635239274 ) ) ;
#4179 = CARTESIAN_POINT ( 'NONE',  ( -11.96257934569919890, 424.6509797230709751, -49.39512085705119659 ) ) ;
#4180 = CARTESIAN_POINT ( 'NONE',  ( -43.95728266044990562, 402.7053593312169824, -55.50524068548659784 ) ) ;
#4181 = AXIS2_PLACEMENT_3D ( 'NONE', #2210, #2708, #4578 ) ;
#4182 = DIRECTION ( 'NONE',  ( -0.7529914335264212832, 0.6580303192375143162, 1.541976423090496422E-15 ) ) ;
#4183 = DIRECTION ( 'NONE',  ( 2.963723143104105378E-23, 2.277555757600990220E-15, -1.000000000000000000 ) ) ;
#4184 = CARTESIAN_POINT ( 'NONE',  ( -31.67258365270589948, 427.7880866323345117, -53.24212047836410022 ) ) ;
#4185 = CARTESIAN_POINT ( 'NONE',  ( -10.11053095537288371, 404.7730945672497000, -54.90524153034642296 ) ) ;
#4186 = CARTESIAN_POINT ( 'NONE',  ( -36.26262217604575966, 425.7538303022004129, -61.35206133104184545 ) ) ;
#4187 = ADVANCED_FACE ( 'NONE', ( #1466 ), #2287, .F. ) ;
#4188 = ORIENTED_EDGE ( 'NONE', *, *, #634, .T. ) ;
#4189 = VERTEX_POINT ( 'NONE', #426 ) ;
#4190 = CARTESIAN_POINT ( 'NONE',  ( -20.77969494636069925, 428.0809797802739922, -50.33524068629309767 ) ) ;
#4191 = CARTESIAN_POINT ( 'NONE',  ( -16.19681610551465312, 414.1349213012274504, -55.65404220750760089 ) ) ;
#4192 = DIRECTION ( 'NONE',  ( -3.589526130801215729E-15, -3.589526084091765199E-15, 1.000000000000000000 ) ) ;
#4193 = CARTESIAN_POINT ( 'NONE',  ( -31.37969041376269885, 430.8816340007450094, -52.53501369717660197 ) ) ;
#4194 = DIRECTION ( 'NONE',  ( 0.6801575282464942251, 0.1933540692884055667, 0.7071067392262880835 ) ) ;
#4195 = VECTOR ( 'NONE', #3391, 1000.000000000000000 ) ;
#4196 = VERTEX_POINT ( 'NONE', #5732 ) ;
#4197 = CYLINDRICAL_SURFACE ( 'NONE', #2039, 2.000000000000001776 ) ;
#4198 = CONICAL_SURFACE ( 'NONE', #2738, 1.899999999999999689, 0.7853981633974476129 ) ;
#4199 = ORIENTED_EDGE ( 'NONE', *, *, #1384, .F. ) ;
#4200 = VERTEX_POINT ( 'NONE', #5265 ) ;
#4201 = CIRCLE ( 'NONE', #2832, 1.000000000000001332 ) ;
#4202 = DIRECTION ( 'NONE',  ( 0.8890209675468647710, -0.4578664862839783023, -9.912705577010320619E-16 ) ) ;
#4203 = ORIENTED_EDGE ( 'NONE', *, *, #47, .F. ) ;
#4204 = EDGE_CURVE ( 'NONE', #4551, #6030, #5613, .T. ) ;
#4205 = ADVANCED_FACE ( 'NONE', ( #1845 ), #3702, .T. ) ;
#4206 = DIRECTION ( 'NONE',  ( 6.506372931609959581E-09, 1.000000000000000000, 1.171255215106060079E-14 ) ) ;
#4207 = DIRECTION ( 'NONE',  ( 1.730654343098934987E-15, 0.000000000000000000, 1.000000000000000000 ) ) ;
#4208 = DIRECTION ( 'NONE',  ( 0.000000000000000000, -2.000000000000000155E-15, 1.000000000000000000 ) ) ;
#4209 = ORIENTED_EDGE ( 'NONE', *, *, #5894, .T. ) ;
#4210 = CARTESIAN_POINT ( 'NONE',  ( -8.379641499030899610, 404.0686241466009960, -55.90524068635239985 ) ) ;
#4211 = LINE ( 'NONE', #469, #3217 ) ;
#4212 = ORIENTED_EDGE ( 'NONE', *, *, #821, .T. ) ;
#4213 = B_SPLINE_SURFACE_WITH_KNOTS ( 'NONE', 3, 3, ( 
 ( #5362, #5485, #2075, #2540, #3123 ),
 ( #170, #4878, #4980, #195, #4907 ),
 ( #687, #2107, #5472, #4449, #5270 ),
 ( #4962, #736, #3992, #3520, #3077 ) ),
 .UNSPECIFIED., .F., .F., .F.,
 ( 4, 4 ),
 ( 4, 1, 4 ),
 ( -9.865625500950670097E-05, 1.000000000000000000 ),
 ( 0.2778876420690700177, 0.6739963236666379753, 1.070104695837969855 ),
 .UNSPECIFIED. ) ;
#4214 = VERTEX_POINT ( 'NONE', #1600 ) ;
#4215 = FACE_OUTER_BOUND ( 'NONE', #3789, .T. ) ;
#4216 = CARTESIAN_POINT ( 'NONE',  ( -4.058996516626405260, 419.8455040536699698, -54.90524068635230037 ) ) ;
#4217 = DIRECTION ( 'NONE',  ( 4.601147697968640529E-09, 0.7071067812010219944, -0.7071067811720730401 ) ) ;
#4218 = ORIENTED_EDGE ( 'NONE', *, *, #3594, .T. ) ;
#4219 = DIRECTION ( 'NONE',  ( 0.6145473396132198340, 0.3497592991963503484, -0.7071067811865416886 ) ) ;
#4220 = ORIENTED_EDGE ( 'NONE', *, *, #5804, .F. ) ;
#4221 = VERTEX_POINT ( 'NONE', #1037 ) ;
#4222 = CARTESIAN_POINT ( 'NONE',  ( -36.78011337069810338, 424.8748018408940652, -55.90503920844189878 ) ) ;
#4223 = DIRECTION ( 'NONE',  ( -6.505629368547249457E-09, -1.000000000000000000, -2.000000000000000155E-15 ) ) ;
#4224 = EDGE_CURVE ( 'NONE', #3785, #1128, #5644, .T. ) ;
#4225 = AXIS2_PLACEMENT_3D ( 'NONE', #3138, #5031, #5998 ) ;
#4226 = CARTESIAN_POINT ( 'NONE',  ( -12.96257934569920067, 424.6509797295780118, -52.31945424872390049 ) ) ;
#4227 = CARTESIAN_POINT ( 'NONE',  ( -16.74635246740018246, 412.9813012606083475, -49.90473430316104242 ) ) ;
#4228 = ORIENTED_EDGE ( 'NONE', *, *, #4204, .F. ) ;
#4229 = EDGE_LOOP ( 'NONE', ( #4637, #1280, #5342, #4596, #3734, #5407 ) ) ;
#4230 = CARTESIAN_POINT ( 'NONE',  ( -8.191966818339400547, 403.1791881916490183, -55.50524703035929974 ) ) ;
#4231 = CARTESIAN_POINT ( 'NONE',  ( -36.07274879740254647, 414.1349214305479904, -55.61217376156970715 ) ) ;
#4232 = CARTESIAN_POINT ( 'NONE',  ( -19.84702153631775090, 414.3067088332185222, -49.90171392121570193 ) ) ;
#4233 = AXIS2_PLACEMENT_3D ( 'NONE', #5568, #4995, #307 ) ;
#4234 = ADVANCED_FACE ( 'NONE', ( #5374 ), #1066, .T. ) ;
#4235 = EDGE_LOOP ( 'NONE', ( #806, #315, #4526, #647 ) ) ;
#4236 = AXIS2_PLACEMENT_3D ( 'NONE', #698, #1696, #4994 ) ;
#4237 = DIRECTION ( 'NONE',  ( -4.274225069697080209E-16, -2.273285667600040479E-15, 1.000000000000000000 ) ) ;
#4238 = FACE_OUTER_BOUND ( 'NONE', #5047, .T. ) ;
#4239 = ADVANCED_FACE ( 'NONE', ( #4090 ), #344, .T. ) ;
#4240 = AXIS2_PLACEMENT_3D ( 'NONE', #1460, #1369, #4273 ) ;
#4241 = CARTESIAN_POINT ( 'NONE',  ( -9.330874090065000459, 403.6294966174675096, -54.90524053897760126 ) ) ;
#4242 = CARTESIAN_POINT ( 'NONE',  ( -15.99644864855750015, 411.4010923992000244, -49.90448101285999627 ) ) ;
#4243 = CIRCLE ( 'NONE', #1593, 1.700000000000000178 ) ;
#4244 = AXIS2_PLACEMENT_3D ( 'NONE', #1610, #3466, #5384 ) ;
#4245 = ORIENTED_EDGE ( 'NONE', *, *, #2387, .T. ) ;
#4246 = ORIENTED_EDGE ( 'NONE', *, *, #5615, .T. ) ;
#4247 = LINE ( 'NONE', #3316, #3435 ) ;
#4248 = CARTESIAN_POINT ( 'NONE',  ( -38.19680613502329436, 415.7749752471349893, -48.90524068635239274 ) ) ;
#4249 = DIRECTION ( 'NONE',  ( 2.963721391994960371E-23, 2.277555757600990220E-15, -1.000000000000000000 ) ) ;
#4250 = FACE_OUTER_BOUND ( 'NONE', #5586, .T. ) ;
#4251 = VERTEX_POINT ( 'NONE', #4586 ) ;
#4252 = DIRECTION ( 'NONE',  ( 0.9999999999999998890, -1.301273903446067516E-08, 0.000000000000000000 ) ) ;
#4253 = VERTEX_POINT ( 'NONE', #5499 ) ;
#4254 = ORIENTED_EDGE ( 'NONE', *, *, #3669, .F. ) ;
#4255 = CARTESIAN_POINT ( 'NONE',  ( -9.111399470390352917, 402.3973977347488926, -55.29428329735148395 ) ) ;
#4256 = LINE ( 'NONE', #5236, #1335 ) ;
#4257 = CARTESIAN_POINT ( 'NONE',  ( -15.37945965621789846, 425.3999071983560043, -56.08796838927789707 ) ) ;
#4258 = ADVANCED_FACE ( 'NONE', ( #3512 ), #2677, .T. ) ;
#4259 = VERTEX_POINT ( 'NONE', #1731 ) ;
#4260 = DIRECTION ( 'NONE',  ( 0.4082482891357299692, -0.8164965835839529396, 0.4082482864795424216 ) ) ;
#4261 = AXIS2_PLACEMENT_3D ( 'NONE', #1665, #646, #1197 ) ;
#4262 = CARTESIAN_POINT ( 'NONE',  ( -44.04859482797679959, 403.6442783393559921, -55.50524068526979704 ) ) ;
#4263 = VERTEX_POINT ( 'NONE', #2607 ) ;
#4264 = SPHERICAL_SURFACE ( 'NONE', #930, 1.000000000000000000 ) ;
#4265 = AXIS2_PLACEMENT_3D ( 'NONE', #1440, #1987, #2910 ) ;
#4266 = CARTESIAN_POINT ( 'NONE',  ( -10.72290976512180016, 406.2522489067970355, -55.90524068635239985 ) ) ;
#4267 = CARTESIAN_POINT ( 'NONE',  ( -49.65934867751230541, 404.2227582946870257, -55.50524068635239416 ) ) ;
#4268 = ORIENTED_EDGE ( 'NONE', *, *, #5187, .F. ) ;
#4269 = EDGE_LOOP ( 'NONE', ( #456, #4918, #2503, #6070 ) ) ;
#4270 = EDGE_CURVE ( 'NONE', #1863, #3184, #1189, .T. ) ;
#4271 = EDGE_CURVE ( 'NONE', #2208, #4461, #5424, .T. ) ;
#4272 = CYLINDRICAL_SURFACE ( 'NONE', #4996, 11.00000000000000000 ) ;
#4273 = DIRECTION ( 'NONE',  ( -0.06474351871633993172, -0.9979019374589002123, -1.995803874917800202E-15 ) ) ;
#4274 = CARTESIAN_POINT ( 'NONE',  ( -5.202872000005400288, 402.9067092283455054, -49.30524068635239843 ) ) ;
#4275 = EDGE_LOOP ( 'NONE', ( #2334, #5761, #925, #1373 ) ) ;
#4276 = DIRECTION ( 'NONE',  ( 0.8890209675468652151, -0.4578664862839772476, -1.156482317317871331E-15 ) ) ;
#4277 = VERTEX_POINT ( 'NONE', #5431 ) ;
#4278 = DIRECTION ( 'NONE',  ( -1.000000000000000000, 6.496581050896560222E-09, 0.000000000000000000 ) ) ;
#4279 = CYLINDRICAL_SURFACE ( 'NONE', #4358, 0.9999999999999816813 ) ;
#4280 = CARTESIAN_POINT ( 'NONE',  ( -8.499976668993300066, 403.7377602708224913, -55.90546296897120016 ) ) ;
#4281 = ORIENTED_EDGE ( 'NONE', *, *, #5116, .T. ) ;
#4282 = ORIENTED_EDGE ( 'NONE', *, *, #397, .F. ) ;
#4283 = CARTESIAN_POINT ( 'NONE',  ( -1.202871992957800007, 403.9897858746114707, -54.90524068635239985 ) ) ;
#4284 = AXIS2_PLACEMENT_3D ( 'NONE', #5990, #1762, #3617 ) ;
#4285 = PLANE ( 'NONE',  #2919 ) ;
#4286 = ADVANCED_FACE ( 'NONE', ( #2149, #5995 ), #4552, .F. ) ;
#4287 = EDGE_LOOP ( 'NONE', ( #1869, #4300, #1, #2132, #2926, #1059, #2794 ) ) ;
#4288 = DIRECTION ( 'NONE',  ( -0.8890209735049623418, -0.4578664747153795567, 0.000000000000000000 ) ) ;
#4289 = ADVANCED_FACE ( 'NONE', ( #376 ), #2184, .F. ) ;
#4290 = CARTESIAN_POINT ( 'NONE',  ( -11.11723732058250036, 405.5365675109025005, -55.65404918455119798 ) ) ;
#4291 = FACE_OUTER_BOUND ( 'NONE', #4293, .T. ) ;
#4292 = VERTEX_POINT ( 'NONE', #3134 ) ;
#4293 = EDGE_LOOP ( 'NONE', ( #5792, #4475, #1046, #1240, #1404 ) ) ;
#4294 = DIRECTION ( 'NONE',  ( -3.709088049820864720E-15, 3.709088098086190346E-15, -1.000000000000000000 ) ) ;
#4295 = LINE ( 'NONE', #4248, #2036 ) ;
#4296 = DIRECTION ( 'NONE',  ( 4.076986361169705373E-16, 1.973548659154545165E-15, -1.000000000000000000 ) ) ;
#4297 = ADVANCED_FACE ( 'NONE', ( #2642 ), #1896, .F. ) ;
#4298 = CARTESIAN_POINT ( 'NONE',  ( -8.463445161353499557, 402.6878133603860306, -55.71862924809010309 ) ) ;
#4299 = ORIENTED_EDGE ( 'NONE', *, *, #5535, .F. ) ;
#4300 = ORIENTED_EDGE ( 'NONE', *, *, #4582, .T. ) ;
#4301 = LINE ( 'NONE', #3347, #4817 ) ;
#4302 = B_SPLINE_SURFACE_WITH_KNOTS ( 'NONE', 3, 3, ( 
 ( #2234, #4936, #5083, #3181, #1675, #5905, #2266, #5042, #5449, #4108 ),
 ( #258, #3120, #5482, #4460, #4495, #4569, #846, #3530, #1779, #2135 ),
 ( #1209, #2201, #4071, #1243, #3087, #4000, #4974, #1279, #745, #5549 ),
 ( #815, #5975, #2589, #1748, #2695, #3635, #2626, #6010, #1813, #3603 ),
 ( #5518, #3152, #2657, #5012, #3563, #290, #2164, #4036, #5940, #1712 ) ),
 .UNSPECIFIED., .F., .F., .F.,
 ( 4, 1, 4 ),
 ( 4, 3, 3, 4 ),
 ( 0.000000000000000000, 0.5714285714285709528, 1.000000000000000000 ),
 ( -0.4509126272019620130, 0.1000001900709580061, 0.6000004135171679298, 1.011200808749279867 ),
 .UNSPECIFIED. ) ;
#4303 = ADVANCED_FACE ( 'NONE', ( #3548 ), #1156, .T. ) ;
#4304 = FACE_OUTER_BOUND ( 'NONE', #1439, .T. ) ;
#4305 = CARTESIAN_POINT ( 'NONE',  ( -8.511833983898243972, 403.6898713242908343, -55.90488160874387802 ) ) ;
#4306 = ORIENTED_EDGE ( 'NONE', *, *, #2148, .T. ) ;
#4307 = CARTESIAN_POINT ( 'NONE',  ( -2.202872013019600228, 400.9067092088059781, -54.90524068635239985 ) ) ;
#4308 = ORIENTED_EDGE ( 'NONE', *, *, #4175, .T. ) ;
#4309 = CARTESIAN_POINT ( 'NONE',  ( -46.95651370592540275, 402.9067095000099243, -52.50524068635240127 ) ) ;
#4310 = VECTOR ( 'NONE', #5758, 1000.000000000000114 ) ;
#4311 = CARTESIAN_POINT ( 'NONE',  ( -19.84702194355395122, 414.3067088332180106, -53.20168036373829779 ) ) ;
#4312 = AXIS2_PLACEMENT_3D ( 'NONE', #885, #338, #4671 ) ;
#4313 = DIRECTION ( 'NONE',  ( 1.110223524798719901E-16, 9.544470099157200968E-15, -1.000000000000000000 ) ) ;
#4314 = EDGE_CURVE ( 'NONE', #3284, #3820, #5928, .T. ) ;
#4315 = AXIS2_PLACEMENT_3D ( 'NONE', #4343, #143, #1361 ) ;
#4316 =( NAMED_UNIT ( * ) SI_UNIT ( $, .STERADIAN. ) SOLID_ANGLE_UNIT ( ) );
#4317 = CARTESIAN_POINT ( 'NONE',  ( -5.666903123874901027, 407.9537154437775257, -48.90524068635239274 ) ) ;
#4318 =( BOUNDED_CURVE ( )  B_SPLINE_CURVE ( 3, ( #5694, #2349, #1978, #955 ),
 .UNSPECIFIED., .F., .T. ) 
 B_SPLINE_CURVE_WITH_KNOTS ( ( 4, 4 ),
 ( 4.712388980385729731, 5.735156920555779969 ),
 .UNSPECIFIED. ) 
 CURVE ( )  GEOMETRIC_REPRESENTATION_ITEM ( )  RATIONAL_B_SPLINE_CURVE ( ( 1.000000000000000000, 0.9147120328933119326, 0.9147120328933119326, 1.000000000000000000 ) ) 
 REPRESENTATION_ITEM ( '' )  );
#4319 = CIRCLE ( 'NONE', #3051, 4.999999999999995559 ) ;
#4320 = VECTOR ( 'NONE', #2745, 1000.000000000000000 ) ;
#4321 = ORIENTED_EDGE ( 'NONE', *, *, #2928, .T. ) ;
#4322 = EDGE_CURVE ( 'NONE', #5122, #954, #3102, .T. ) ;
#4323 = CARTESIAN_POINT ( 'NONE',  ( -5.202872000005400288, 402.9067092283455054, -52.90524068635230037 ) ) ;
#4324 = DIRECTION ( 'NONE',  ( -6.506367079892499981E-09, -1.000000000000000000, -4.960594733056100343E-15 ) ) ;
#4325 = FACE_OUTER_BOUND ( 'NONE', #4929, .T. ) ;
#4326 = AXIS2_PLACEMENT_3D ( 'NONE', #1794, #4183, #863 ) ;
#4327 = CARTESIAN_POINT ( 'NONE',  ( -12.74350467588691060, 426.5355534359538296, -50.12430493170373325 ) ) ;
#4328 = ORIENTED_EDGE ( 'NONE', *, *, #4149, .T. ) ;
#4329 = CARTESIAN_POINT ( 'NONE',  ( -2.202872013019600228, 400.9067092088059781, -54.90524068635239985 ) ) ;
#4330 = AXIS2_PLACEMENT_3D ( 'NONE', #819, #3185, #2666 ) ;
#4331 = ORIENTED_EDGE ( 'NONE', *, *, #3983, .T. ) ;
#4332 = CARTESIAN_POINT ( 'NONE',  ( -42.82851160646040256, 403.6294968354154662, -54.90524053897760126 ) ) ;
#4333 = EDGE_CURVE ( 'NONE', #1527, #10, #3058, .T. ) ;
#4334 = DIRECTION ( 'NONE',  ( -6.506364074960620738E-09, -1.000000000000000000, -5.687521804808150055E-15 ) ) ;
#4335 = AXIS2_PLACEMENT_3D ( 'NONE', #5540, #283, #2649 ) ;
#4336 = VERTEX_POINT ( 'NONE', #831 ) ;
#4337 = LINE ( 'NONE', #2017, #2505 ) ;
#4338 = VERTEX_POINT ( 'NONE', #3484 ) ;
#4339 = CARTESIAN_POINT ( 'NONE',  ( -8.528901241472398809, 430.6509797005664950, -58.09332458483159911 ) ) ;
#4340 = EDGE_LOOP ( 'NONE', ( #1804, #5119, #1424, #2933 ) ) ;
#4341 = CARTESIAN_POINT ( 'NONE',  ( -45.95651369887919913, 403.9897861657984777, -49.90524068635239274 ) ) ;
#4342 = LINE ( 'NONE', #5900, #5141 ) ;
#4343 = CARTESIAN_POINT ( 'NONE',  ( -10.22890124147239987, 430.6509797116269738, -58.09332458483159911 ) ) ;
#4344 = EDGE_CURVE ( 'NONE', #5132, #5278, #511, .T. ) ;
#4345 = CARTESIAN_POINT ( 'NONE',  ( -10.72291000014310036, 406.2522516404399653, -48.90524068635239274 ) ) ;
#4346 = ORIENTED_EDGE ( 'NONE', *, *, #1110, .F. ) ;
#4347 = CIRCLE ( 'NONE', #534, 3.000000000000003109 ) ;
#4348 = CARTESIAN_POINT ( 'NONE',  ( -16.37969921732204881, 430.6509797516465028, -60.83499734764340161 ) ) ;
#4349 = LINE ( 'NONE', #1568, #80 ) ;
#4350 = VERTEX_POINT ( 'NONE', #5098 ) ;
#4351 = AXIS2_PLACEMENT_3D ( 'NONE', #2771, #1856, #5621 ) ;
#4352 = B_SPLINE_SURFACE_WITH_KNOTS ( 'NONE', 3, 3, ( 
 ( #3682, #6057, #5124, #3223, #6084, #890 ),
 ( #2775, #5567, #438, #2312, #3718, #2251 ),
 ( #4123, #6023, #1330, #3640, #4575, #4045 ),
 ( #4539, #5089, #1252, #2141, #1652, #3097 ),
 ( #6014, #296, #5523, #5556, #4502, #5017 ) ),
 .UNSPECIFIED., .F., .F., .F.,
 ( 4, 1, 4 ),
 ( 4, 1, 1, 4 ),
 ( -0.001470527044284670017, 0.5714285714285709528, 1.000979466327259981 ),
 ( -1.572266853838159895, -0.8975979010248500423, -0.4487989505121649514, 0.001470527044805139969 ),
 .UNSPECIFIED. ) ;
#4353 = CARTESIAN_POINT ( 'NONE',  ( -43.65112503661990218, 402.4759928229030379, -49.23857401968570002 ) ) ;
#4354 = CARTESIAN_POINT ( 'NONE',  ( -36.89911231558019722, 408.5526543904955474, -54.90524168478589928 ) ) ;
#4355 = CARTESIAN_POINT ( 'NONE',  ( -8.528901260991499811, 427.6509797005664950, -58.09332458483159911 ) ) ;
#4356 = DIRECTION ( 'NONE',  ( -1.000000000000000000, 0.000000000000000000, 0.000000000000000000 ) ) ;
#4357 = CARTESIAN_POINT ( 'NONE',  ( -35.18824032643500033, 414.4028805542924943, -49.23869408938860204 ) ) ;
#4358 = AXIS2_PLACEMENT_3D ( 'NONE', #5678, #1496, #3349 ) ;
#4359 = EDGE_CURVE ( 'NONE', #3863, #4419, #1799, .T. ) ;
#4360 = EDGE_CURVE ( 'NONE', #3271, #680, #3196, .T. ) ;
#4361 = CARTESIAN_POINT ( 'NONE',  ( -36.64881403866991150, 425.6509798836884215, -56.90529492905705666 ) ) ;
#4362 = ORIENTED_EDGE ( 'NONE', *, *, #2008, .T. ) ;
#4363 = ORIENTED_EDGE ( 'NONE', *, *, #5743, .F. ) ;
#4364 = VECTOR ( 'NONE', #2269, 1000.000000000000000 ) ;
#4365 = AXIS2_PLACEMENT_3D ( 'NONE', #2013, #1021, #5266 ) ;
#4366 = CARTESIAN_POINT ( 'NONE',  ( -39.57891755225673336, 426.1475305675336926, -50.46583070186319020 ) ) ;
#4367 = VERTEX_POINT ( 'NONE', #4617 ) ;
#4368 = CARTESIAN_POINT ( 'NONE',  ( -5.202872000005400288, 402.9067092283455054, -55.90524068635230037 ) ) ;
#4369 = CARTESIAN_POINT ( 'NONE',  ( -2.420767287056699857, 404.0456537747534753, -55.50524068635239416 ) ) ;
#4370 = ORIENTED_EDGE ( 'NONE', *, *, #378, .T. ) ;
#4371 = LINE ( 'NONE', #3475, #5658 ) ;
#4372 = CARTESIAN_POINT ( 'NONE',  ( -5.479696847657200109, 426.6509796808909982, -60.83499734764340161 ) ) ;
#4373 = CARTESIAN_POINT ( 'NONE',  ( -4.058996516626405260, 419.8455040536699698, -49.40524068635230037 ) ) ;
#4374 = ADVANCED_FACE ( 'NONE', ( #1827 ), #2381, .F. ) ;
#4375 = EDGE_CURVE ( 'NONE', #5848, #5458, #605, .T. ) ;
#4376 = ORIENTED_EDGE ( 'NONE', *, *, #1735, .F. ) ;
#4377 = AXIS2_PLACEMENT_3D ( 'NONE', #2516, #665, #4406 ) ;
#4378 = FACE_OUTER_BOUND ( 'NONE', #5639, .T. ) ;
#4379 = CARTESIAN_POINT ( 'NONE',  ( -15.37969929456649965, 418.7788445198539762, -60.83499734764340161 ) ) ;
#4380 = AXIS2_PLACEMENT_3D ( 'NONE', #1008, #527, #3289 ) ;
#4381 = AXIS2_PLACEMENT_3D ( 'NONE', #5781, #2061, #3458 ) ;
#4382 = CIRCLE ( 'NONE', #6095, 1.000000000000000888 ) ;
#4383 = ADVANCED_FACE ( 'NONE', ( #3651 ), #4352, .T. ) ;
#4384 = ORIENTED_EDGE ( 'NONE', *, *, #509, .F. ) ;
#4385 = CARTESIAN_POINT ( 'NONE',  ( -36.89911229760259914, 408.5526551569094522, -53.23857427329809866 ) ) ;
#4386 = LINE ( 'NONE', #701, #3987 ) ;
#4387 = DIRECTION ( 'NONE',  ( 9.590251689396459164E-16, -1.862100713611920247E-15, 1.000000000000000000 ) ) ;
#4388 = DIRECTION ( 'NONE',  ( 1.000000000000000000, -6.506366962090760048E-09, 4.274224914257234964E-16 ) ) ;
#4389 = CARTESIAN_POINT ( 'NONE',  ( -12.75429196341349680, 426.5162044556814749, -50.11351781870519062 ) ) ;
#4390 = VERTEX_POINT ( 'NONE', #2173 ) ;
#4391 = DIRECTION ( 'NONE',  ( -0.8890209735049623418, -0.4578664747153795567, 0.000000000000000000 ) ) ;
#4392 = ORIENTED_EDGE ( 'NONE', *, *, #4658, .T. ) ;
#4393 = DIRECTION ( 'NONE',  ( -0.7071067811865470176, 4.600700709289520203E-09, -0.7071067811865480168 ) ) ;
#4394 = DIRECTION ( 'NONE',  ( -6.506378842778399409E-09, -1.000000000000000000, 5.801384187687930380E-15 ) ) ;
#4395 = ORIENTED_EDGE ( 'NONE', *, *, #1145, .F. ) ;
#4396 = CARTESIAN_POINT ( 'NONE',  ( -50.34496771109424884, 403.0902210602845912, -55.82698110438658290 ) ) ;
#4397 = B_SPLINE_CURVE_WITH_KNOTS ( 'NONE', 3,
 ( #3491, #4361, #620, #704, #5404, #3461 ),
 .UNSPECIFIED., .F., .F.,
 ( 4, 2, 4 ),
 ( 0.000000000000000000, 0.5000000000000000000, 1.000000000000000000 ),
 .UNSPECIFIED. ) ;
#4398 = DIRECTION ( 'NONE',  ( 0.7529914420891924420, 0.6580303094390397289, 1.387778780781446464E-15 ) ) ;
#4399 = ORIENTED_EDGE ( 'NONE', *, *, #458, .F. ) ;
#4400 = LINE ( 'NONE', #1646, #2193 ) ;
#4401 = ADVANCED_FACE ( 'NONE', ( #3506 ), #753, .F. ) ;
#4402 = CARTESIAN_POINT ( 'NONE',  ( -2.202871992957799563, 403.9897858811185074, -48.90524068635239274 ) ) ;
#4403 = CARTESIAN_POINT ( 'NONE',  ( -18.86095075963330103, 414.3069387246134738, -52.53501381873680032 ) ) ;
#4404 = ORIENTED_EDGE ( 'NONE', *, *, #1942, .F. ) ;
#4405 = DIRECTION ( 'NONE',  ( -0.9909823841576994585, 0.1339922172707132819, 5.049520142066561788E-16 ) ) ;
#4406 = DIRECTION ( 'NONE',  ( 0.7071067811876227127, -4.600680947319798508E-09, -0.7071067811854725438 ) ) ;
#4407 = AXIS2_PLACEMENT_3D ( 'NONE', #173, #2053, #1221 ) ;
#4408 = SURFACE_STYLE_USAGE ( .BOTH. , #2452 ) ;
#4409 = AXIS2_PLACEMENT_3D ( 'NONE', #5321, #3082, #2042 ) ;
#4410 = VERTEX_POINT ( 'NONE', #4079 ) ;
#4411 = CARTESIAN_POINT ( 'NONE',  ( -39.61859802643660089, 406.1121206323105071, -58.57799274073409634 ) ) ;
#4412 = ADVANCED_FACE ( 'NONE', ( #2632 ), #784, .T. ) ;
#4413 = FACE_OUTER_BOUND ( 'NONE', #5148, .T. ) ;
#4414 = CARTESIAN_POINT ( 'NONE',  ( -19.84613064739290067, 414.3067089370620124, -49.90524068635239274 ) ) ;
#4415 = DIRECTION ( 'NONE',  ( 0.9999999999999998890, -1.301271955686377058E-08, 0.000000000000000000 ) ) ;
#4416 = AXIS2_PLACEMENT_3D ( 'NONE', #4736, #921, #4704 ) ;
#4417 = CARTESIAN_POINT ( 'NONE',  ( -41.93048410342959187, 430.6509799178894582, -58.09332458483159911 ) ) ;
#4418 = CARTESIAN_POINT ( 'NONE',  ( -8.592983829461028122, 402.6858240435071821, -55.82386810012167899 ) ) ;
#4419 = VERTEX_POINT ( 'NONE', #3572 ) ;
#4420 = VERTEX_POINT ( 'NONE', #850 ) ;
#4421 = CARTESIAN_POINT ( 'NONE',  ( -47.67968852327019391, 430.6509799552960089, -58.42366627028980020 ) ) ;
#4422 = AXIS2_PLACEMENT_3D ( 'NONE', #240, #5533, #1227 ) ;
#4423 = DIRECTION ( 'NONE',  ( -5.204170427932039835E-18, 1.000000000000000000, 9.266570017105360319E-15 ) ) ;
#4424 = VERTEX_POINT ( 'NONE', #1684 ) ;
#4425 = CARTESIAN_POINT ( 'NONE',  ( -20.77969494636069925, 428.0809797802739922, -52.53501369717759673 ) ) ;
#4426 = AXIS2_PLACEMENT_3D ( 'NONE', #405, #2284, #5594 ) ;
#4427 = PLANE ( 'NONE',  #5794 ) ;
#4428 = ORIENTED_EDGE ( 'NONE', *, *, #577, .F. ) ;
#4429 = CARTESIAN_POINT ( 'NONE',  ( -20.70863624989820195, 430.6509797798144632, -52.90524068635230037 ) ) ;
#4430 = DIRECTION ( 'NONE',  ( -4.274225069697080209E-16, -2.277555752503460191E-15, 1.000000000000000000 ) ) ;
#4431 = VECTOR ( 'NONE', #4313, 1000.000000000000000 ) ;
#4432 = LINE ( 'NONE', #2108, #4021 ) ;
#4433 = ADVANCED_FACE ( 'NONE', ( #3125, #1179, #4944, #3537, #4113 ), #721, .T. ) ;
#4434 = EDGE_CURVE ( 'NONE', #3442, #3901, #1902, .T. ) ;
#4435 = ORIENTED_EDGE ( 'NONE', *, *, #5088, .T. ) ;
#4436 = CARTESIAN_POINT ( 'NONE',  ( -18.98341771642034814, 414.9737990228689455, -49.23869408930939784 ) ) ;
#4437 = CARTESIAN_POINT ( 'NONE',  ( -11.20548899400870013, 405.3763980327490799, -51.57190785987489079 ) ) ;
#4438 = DIRECTION ( 'NONE',  ( -1.000000000000000000, 6.507072658479267951E-09, 0.000000000000000000 ) ) ;
#4439 = SURFACE_STYLE_FILL_AREA ( #611 ) ;
#4440 = CARTESIAN_POINT ( 'NONE',  ( -13.96257940345619986, 415.7749750894579961, -48.90524068635239274 ) ) ;
#4441 = ORIENTED_EDGE ( 'NONE', *, *, #2148, .F. ) ;
#4442 = DIRECTION ( 'NONE',  ( 1.000000000000000000, -6.506366840612969917E-09, 1.649997169227415104E-13 ) ) ;
#4443 = CIRCLE ( 'NONE', #4261, 3.000000000000003109 ) ;
#4444 = CARTESIAN_POINT ( 'NONE',  ( -41.43647589727439140, 406.2522491066304724, -55.90524068635239985 ) ) ;
#4445 = CARTESIAN_POINT ( 'NONE',  ( -46.99035332407039789, 425.6509799509744880, -59.11300150202149695 ) ) ;
#4446 = CARTESIAN_POINT ( 'NONE',  ( -40.39583983919470001, 406.8256234535335238, -48.90524068635239274 ) ) ;
#4447 = CARTESIAN_POINT ( 'NONE',  ( -34.77736961045309272, 413.8174873476514790, -49.90560089546089984 ) ) ;
#4448 = DIRECTION ( 'NONE',  ( -6.506364074960620738E-09, -1.000000000000000000, -5.687521804808150055E-15 ) ) ;
#4449 = CARTESIAN_POINT ( 'NONE',  ( -11.96267026901300135, 406.5546307805449828, -49.23860690510409910 ) ) ;
#4450 = EDGE_CURVE ( 'NONE', #2899, #2104, #1071, .T. ) ;
#4451 = ORIENTED_EDGE ( 'NONE', *, *, #3876, .T. ) ;
#4452 = EDGE_CURVE ( 'NONE', #1262, #2156, #5946, .T. ) ;
#4453 = DIRECTION ( 'NONE',  ( -4.190670483247645469E-23, -6.440892098418760699E-15, 1.000000000000000000 ) ) ;
#4454 = ORIENTED_EDGE ( 'NONE', *, *, #4224, .F. ) ;
#4455 = DIRECTION ( 'NONE',  ( 5.951775163908420362E-16, -2.049490715615130037E-15, 1.000000000000000000 ) ) ;
#4456 = LINE ( 'NONE', #1204, #1309 ) ;
#4457 = AXIS2_PLACEMENT_3D ( 'NONE', #2200, #5011, #326 ) ;
#4458 = ORIENTED_EDGE ( 'NONE', *, *, #1384, .T. ) ;
#4459 = DIRECTION ( 'NONE',  ( 8.741470989792359278E-07, 0.000000000000000000, -0.9999999999996178612 ) ) ;
#4460 = CARTESIAN_POINT ( 'NONE',  ( -16.37969933800750155, 412.1021603262115036, -54.90524322536040103 ) ) ;
#4461 = VERTEX_POINT ( 'NONE', #4609 ) ;
#4462 = DIRECTION ( 'NONE',  ( 5.104500535457679859E-16, 2.067859089654774949E-15, -1.000000000000000000 ) ) ;
#4463 = CARTESIAN_POINT ( 'NONE',  ( -49.95651370592540275, 402.9067095354059802, -55.50524068635239416 ) ) ;
#4464 = LINE ( 'NONE', #2630, #1585 ) ;
#4465 = CARTESIAN_POINT ( 'NONE',  ( -35.40847593716019048, 412.9783636501174442, -49.90424903431128456 ) ) ;
#4466 = DIRECTION ( 'NONE',  ( 2.305847820375319889E-16, -2.000000000627515340E-15, 1.000000000000000000 ) ) ;
#4467 = ORIENTED_EDGE ( 'NONE', *, *, #883, .T. ) ;
#4468 = CARTESIAN_POINT ( 'NONE',  ( -21.28846456379244856, 414.8067089558310272, -49.40524068635239274 ) ) ;
#4469 = CARTESIAN_POINT ( 'NONE',  ( -6.962579403456199856, 415.7749750439084551, -49.40524068635239274 ) ) ;
#4470 = LINE ( 'NONE', #1183, #1788 ) ;
#4471 = EDGE_CURVE ( 'NONE', #1113, #1092, #2597, .T. ) ;
#4472 = CONICAL_SURFACE ( 'NONE', #5879, 1.899999999999999689, 0.7853981633974335130 ) ;
#4473 = ORIENTED_EDGE ( 'NONE', *, *, #5954, .F. ) ;
#4474 = CIRCLE ( 'NONE', #4598, 1.000000000000001332 ) ;
#4475 = ORIENTED_EDGE ( 'NONE', *, *, #3469, .T. ) ;
#4476 = VERTEX_POINT ( 'NONE', #2271 ) ;
#4477 = CARTESIAN_POINT ( 'NONE',  ( -10.72290976512180016, 406.2522489067970355, -55.90524068635239985 ) ) ;
#4478 = LINE ( 'NONE', #3585, #305 ) ;
#4479 = ADVANCED_FACE ( 'NONE', ( #5052 ), #2853, .T. ) ;
#4480 = AXIS2_PLACEMENT_3D ( 'NONE', #3034, #733, #669 ) ;
#4481 = PLANE ( 'NONE',  #2131 ) ;
#4482 = CIRCLE ( 'NONE', #2834, 1.000000000000000888 ) ;
#4483 = CARTESIAN_POINT ( 'NONE',  ( -45.19680613502329436, 415.7749752926744691, -49.40524068635239274 ) ) ;
#4484 = VECTOR ( 'NONE', #2727, 1000.000000000000227 ) ;
#4485 = CARTESIAN_POINT ( 'NONE',  ( -39.32329147702070316, 426.3363339669576817, -50.03167160238777456 ) ) ;
#4486 = ORIENTED_EDGE ( 'NONE', *, *, #5403, .F. ) ;
#4487 = CARTESIAN_POINT ( 'NONE',  ( -41.93048413335889535, 426.0509799178894923, -58.09332458483159911 ) ) ;
#4488 = ORIENTED_EDGE ( 'NONE', *, *, #1683, .T. ) ;
#4489 = CARTESIAN_POINT ( 'NONE',  ( -41.04215246568669784, 405.5365751732904869, -55.65404207856020236 ) ) ;
#4490 =( BOUNDED_CURVE ( )  B_SPLINE_CURVE ( 3, ( #987, #1957, #4778, #3269 ),
 .UNSPECIFIED., .F., .T. ) 
 B_SPLINE_CURVE_WITH_KNOTS ( ( 4, 4 ),
 ( 0.7853981633966959919, 1.570796326794914988 ),
 .UNSPECIFIED. ) 
 CURVE ( )  GEOMETRIC_REPRESENTATION_ITEM ( )  RATIONAL_B_SPLINE_CURVE ( ( 1.000000000000000000, 0.9492530216740929783, 0.9492530216740929783, 1.000000000000000000 ) ) 
 REPRESENTATION_ITEM ( '' )  );
#4491 = CARTESIAN_POINT ( 'NONE',  ( -35.95896557382105385, 412.1111105097899667, -53.20168081367009449 ) ) ;
#4492 = ADVANCED_FACE ( 'NONE', ( #2362 ), #460, .F. ) ;
#4493 = ORIENTED_EDGE ( 'NONE', *, *, #5282, .F. ) ;
#4494 = CARTESIAN_POINT ( 'NONE',  ( -5.479696847657200109, 426.6509796808909982, -60.83499734764340161 ) ) ;
#4495 = CARTESIAN_POINT ( 'NONE',  ( -16.37969933778745357, 412.1021610654374854, -53.23857581387279936 ) ) ;
#4496 = ORIENTED_EDGE ( 'NONE', *, *, #2999, .T. ) ;
#4497 = CARTESIAN_POINT ( 'NONE',  ( -39.79789368274139605, 406.0131297623159412, -49.90533934261099347 ) ) ;
#4498 = DIRECTION ( 'NONE',  ( 0.7011788119856747770, -0.09136888760602737691, -0.7071067811865437980 ) ) ;
#4499 = DIRECTION ( 'NONE',  ( -0.7071067788862240855, -1.054711873393900094E-15, 0.7071067834868710600 ) ) ;
#4500 = EDGE_CURVE ( 'NONE', #1128, #2487, #3649, .T. ) ;
#4501 = CARTESIAN_POINT ( 'NONE',  ( -38.90391287724825276, 421.7638724060830100, -55.61234746753889624 ) ) ;
#4502 = CARTESIAN_POINT ( 'NONE',  ( -39.19680636820659458, 426.3535771990249827, -49.48962478724850200 ) ) ;
#4503 = ORIENTED_EDGE ( 'NONE', *, *, #209, .T. ) ;
#4504 = CARTESIAN_POINT ( 'NONE',  ( -43.95651370552199921, 402.9067094609714559, -55.50525107662200242 ) ) ;
#4505 = CARTESIAN_POINT ( 'NONE',  ( -39.48987461928975051, 425.3579068454599792, -52.31945405959469753 ) ) ;
#4506 = CARTESIAN_POINT ( 'NONE',  ( -5.666903123874901027, 407.9537154437775257, -54.90524068635239985 ) ) ;
#4507 = ADVANCED_FACE ( 'NONE', ( #5707 ), #3737, .T. ) ;
#4508 = EDGE_LOOP ( 'NONE', ( #5957, #3553, #5350, #3315 ) ) ;
#4509 = ORIENTED_EDGE ( 'NONE', *, *, #4912, .F. ) ;
#4510 = CARTESIAN_POINT ( 'NONE',  ( -43.77932905318479584, 404.0718144939255012, -48.90524068635239274 ) ) ;
#4511 = DIRECTION ( 'NONE',  ( 1.000000000000000000, -6.506366408605880212E-09, 1.768036941390009024E-29 ) ) ;
#4512 = CARTESIAN_POINT ( 'NONE',  ( -43.00244905885329416, 403.7099467285964920, -55.65404926320619694 ) ) ;
#4513 = VECTOR ( 'NONE', #3056, 1000.000000000000114 ) ;
#4514 = B_SPLINE_CURVE_WITH_KNOTS ( 'NONE', 3,
 ( #1669, #625, #2500, #4366, #5039, #320 ),
 .UNSPECIFIED., .F., .F.,
 ( 4, 2, 4 ),
 ( 0.000000000000000000, 0.5000000000000000000, 1.000000000000000000 ),
 .UNSPECIFIED. ) ;
#4515 = CARTESIAN_POINT ( 'NONE',  ( -12.87100061171957144, 426.2382059033245696, -49.99680822997924423 ) ) ;
#4516 = DIRECTION ( 'NONE',  ( -0.9999999999999998890, 1.301272978260216033E-08, 0.000000000000000000 ) ) ;
#4517 = EDGE_CURVE ( 'NONE', #914, #2530, #1000, .T. ) ;
#4518 = ORIENTED_EDGE ( 'NONE', *, *, #3671, .T. ) ;
#4519 = CARTESIAN_POINT ( 'NONE',  ( -1.825004883263933841, 403.2717355349578270, -55.83160545615319847 ) ) ;
#4520 = ORIENTED_EDGE ( 'NONE', *, *, #821, .F. ) ;
#4521 = AXIS2_PLACEMENT_3D ( 'NONE', #1555, #4393, #2469 ) ;
#4522 = CARTESIAN_POINT ( 'NONE',  ( -2.595568452801504833, 404.3906122618139989, -55.50524068635239416 ) ) ;
#4523 = CARTESIAN_POINT ( 'NONE',  ( -10.72290976512180016, 406.2522489067970355, -55.90524068635239985 ) ) ;
#4524 = DIRECTION ( 'NONE',  ( -8.481342805620768369E-17, -2.166835261967019923E-15, 1.000000000000000000 ) ) ;
#4525 = AXIS2_PLACEMENT_3D ( 'NONE', #524, #1087, #466 ) ;
#4526 = ORIENTED_EDGE ( 'NONE', *, *, #897, .F. ) ;
#4527 = CARTESIAN_POINT ( 'NONE',  ( -3.502872000005404995, 402.9067092283455054, -55.90524068635230037 ) ) ;
#4528 = CYLINDRICAL_SURFACE ( 'NONE', #4457, 4.999999999999995559 ) ;
#4529 = CARTESIAN_POINT ( 'NONE',  ( -41.13179016761780105, 410.0762346261114999, -55.90524068635239985 ) ) ;
#4530 = VECTOR ( 'NONE', #4132, 1000.000000000000000 ) ;
#4531 = CIRCLE ( 'NONE', #6043, 0.9999999999999991118 ) ;
#4532 = ORIENTED_EDGE ( 'NONE', *, *, #323, .F. ) ;
#4533 = EDGE_CURVE ( 'NONE', #3013, #2073, #6048, .T. ) ;
#4534 = CARTESIAN_POINT ( 'NONE',  ( -36.80187659621189766, 411.5833246396969685, -49.23860690510529992 ) ) ;
#4535 = ORIENTED_EDGE ( 'NONE', *, *, #2130, .F. ) ;
#4536 = CARTESIAN_POINT ( 'NONE',  ( -37.12269471993390368, 411.6739285923450211, -48.90524070073190188 ) ) ;
#4537 = CIRCLE ( 'NONE', #609, 1.700000000000000178 ) ;
#4538 = VECTOR ( 'NONE', #2293, 1000.000000000000114 ) ;
#4539 = CARTESIAN_POINT ( 'NONE',  ( -39.19644489682579547, 424.8745006050534698, -52.32338161911560093 ) ) ;
#4540 = VERTEX_POINT ( 'NONE', #3276 ) ;
#4541 = EDGE_CURVE ( 'NONE', #3174, #4221, #5585, .T. ) ;
#4542 = EDGE_CURVE ( 'NONE', #2697, #4088, #1060, .T. ) ;
#4543 = CARTESIAN_POINT ( 'NONE',  ( -9.355046844730100730, 405.4985836319920622, -48.90524068635239274 ) ) ;
#4544 = DIRECTION ( 'NONE',  ( -6.507000381863369505E-09, -1.000000000000000000, -3.017192095543734885E-13 ) ) ;
#4545 = VECTOR ( 'NONE', #4047, 1000.000000000000000 ) ;
#4546 = PRESENTATION_STYLE_ASSIGNMENT (( #5918 ) ) ;
#4547 = CIRCLE ( 'NONE', #331, 3.000000000000003109 ) ;
#4548 = EDGE_LOOP ( 'NONE', ( #2414, #1890, #905, #256, #2789, #1141 ) ) ;
#4549 = CARTESIAN_POINT ( 'NONE',  ( -39.19680594736099977, 444.6210353664490071, -45.90524068634980637 ) ) ;
#4550 = ORIENTED_EDGE ( 'NONE', *, *, #1218, .T. ) ;
#4551 = VERTEX_POINT ( 'NONE', #5811 ) ;
#4552 = PLANE ( 'NONE',  #5444 ) ;
#4553 = CARTESIAN_POINT ( 'NONE',  ( -5.202872000005400288, 402.9067092283455054, -55.90524068635230037 ) ) ;
#4554 = CARTESIAN_POINT ( 'NONE',  ( -42.99004748555320532, 402.3898480846894472, -54.90524068635239985 ) ) ;
#4555 = CARTESIAN_POINT ( 'NONE',  ( -47.67968852327019391, 430.6509799552960089, -58.87937308433659922 ) ) ;
#4556 = AXIS2_PLACEMENT_3D ( 'NONE', #1775, #773, #809 ) ;
#4557 = DIRECTION ( 'NONE',  ( 0.7529914420891864468, 0.6580303094390463903, 1.734723475976803545E-15 ) ) ;
#4558 = CARTESIAN_POINT ( 'NONE',  ( -35.77968623503929990, 414.1349214286410643, -55.16703904566993799 ) ) ;
#4559 = ORIENTED_EDGE ( 'NONE', *, *, #5915, .T. ) ;
#4560 = CIRCLE ( 'NONE', #1919, 1.700000000000000178 ) ;
#4561 = DIRECTION ( 'NONE',  ( -0.7071067811865492381, 4.600708702895422409E-09, -0.7071067811865457964 ) ) ;
#4562 = ORIENTED_EDGE ( 'NONE', *, *, #525, .F. ) ;
#4563 = DIRECTION ( 'NONE',  ( -1.491530447089869952E-15, -5.687521795103710206E-15, 1.000000000000000000 ) ) ;
#4564 = LINE ( 'NONE', #2689, #50 ) ;
#4565 = CARTESIAN_POINT ( 'NONE',  ( -36.77968623503949885, 414.1349214351474757, -55.90524068635239985 ) ) ;
#4566 = EDGE_CURVE ( 'NONE', #640, #5122, #3542, .T. ) ;
#4567 = ORIENTED_EDGE ( 'NONE', *, *, #1096, .T. ) ;
#4568 = CYLINDRICAL_SURFACE ( 'NONE', #3456, 6.000000000000000000 ) ;
#4569 = CARTESIAN_POINT ( 'NONE',  ( -16.37969933822749979, 412.1021618044375145, -51.57190840238559559 ) ) ;
#4570 = ORIENTED_EDGE ( 'NONE', *, *, #4471, .F. ) ;
#4571 = CARTESIAN_POINT ( 'NONE',  ( -36.02378682990929804, 425.4134317207324898, -55.65833891849290183 ) ) ;
#4572 = AXIS2_PLACEMENT_3D ( 'NONE', #938, #138, #3324 ) ;
#4573 = VERTEX_POINT ( 'NONE', #2434 ) ;
#4574 =( BOUNDED_CURVE ( )  B_SPLINE_CURVE ( 3, ( #1328, #3194, #4615, #5708 ),
 .UNSPECIFIED., .F., .T. ) 
 B_SPLINE_CURVE_WITH_KNOTS ( ( 4, 4 ),
 ( 1.193572235082831945, 1.508174531961240072 ),
 .UNSPECIFIED. ) 
 CURVE ( )  GEOMETRIC_REPRESENTATION_ITEM ( )  RATIONAL_B_SPLINE_CURVE ( ( 1.000000000000000000, 0.9917691091089990696, 0.9917691091089990696, 1.000000000000000000 ) ) 
 REPRESENTATION_ITEM ( '' )  );
#4575 = CARTESIAN_POINT ( 'NONE',  ( -39.24111436512399820, 426.4323801771114972, -49.86465524757060308 ) ) ;
#4576 = ORIENTED_EDGE ( 'NONE', *, *, #2259, .T. ) ;
#4577 = CARTESIAN_POINT ( 'NONE',  ( -10.42081224474929968, 430.6509797130395327, -55.87011901699930405 ) ) ;
#4578 = DIRECTION ( 'NONE',  ( -1.000000000000000000, 0.000000000000000000, 0.000000000000000000 ) ) ;
#4579 = DIRECTION ( 'NONE',  ( -2.360366747352545260E-15, 7.452711086286510028E-15, -1.000000000000000000 ) ) ;
#4580 = LINE ( 'NONE', #6017, #1503 ) ;
#4581 = CARTESIAN_POINT ( 'NONE',  ( -5.202872000005400288, 402.9067092283455054, -55.90524068635230037 ) ) ;
#4582 = EDGE_CURVE ( 'NONE', #1723, #4410, #3459, .T. ) ;
#4583 = EDGE_CURVE ( 'NONE', #4088, #3218, #4863, .T. ) ;
#4584 = FACE_OUTER_BOUND ( 'NONE', #414, .T. ) ;
#4585 = VERTEX_POINT ( 'NONE', #1574 ) ;
#4586 = CARTESIAN_POINT ( 'NONE',  ( -1.495765218818872144, 402.9067092180119971, -55.61234746753889624 ) ) ;
#4587 = DIRECTION ( 'NONE',  ( 2.963721392599274964E-23, 2.277555758065395396E-15, -1.000000000000000000 ) ) ;
#4588 = CARTESIAN_POINT ( 'NONE',  ( -11.20548874410309992, 405.3763963509105679, -55.12963983577289895 ) ) ;
#4589 = CARTESIAN_POINT ( 'NONE',  ( -12.96257924371500003, 424.6505676035050101, -52.32764839656390166 ) ) ;
#4590 = EDGE_CURVE ( 'NONE', #2012, #941, #5250, .T. ) ;
#4591 = CARTESIAN_POINT ( 'NONE',  ( -12.88810246481889266, 426.1802146447192285, -49.97971749208277004 ) ) ;
#4592 = DIRECTION ( 'NONE',  ( -5.951774927178570515E-16, 5.687521808680600397E-15, -1.000000000000000000 ) ) ;
#4593 = ORIENTED_EDGE ( 'NONE', *, *, #5572, .T. ) ;
#4594 = FACE_OUTER_BOUND ( 'NONE', #593, .T. ) ;
#4595 = AXIS2_PLACEMENT_3D ( 'NONE', #1594, #1537, #4438 ) ;
#4596 = ORIENTED_EDGE ( 'NONE', *, *, #4270, .F. ) ;
#4597 = CARTESIAN_POINT ( 'NONE',  ( -36.07257937701955086, 425.9438730987529880, -52.89500239496949519 ) ) ;
#4598 = AXIS2_PLACEMENT_3D ( 'NONE', #1597, #3453, #1692 ) ;
#4599 = DIRECTION ( 'NONE',  ( 1.000000000000000000, -6.506351013513261599E-09, 0.000000000000000000 ) ) ;
#4600 = CARTESIAN_POINT ( 'NONE',  ( -49.56381723381969806, 404.3906125674064924, -55.50524068635239416 ) ) ;
#4601 = ORIENTED_EDGE ( 'NONE', *, *, #1604, .T. ) ;
#4602 = DIRECTION ( 'NONE',  ( -3.719113557384499967E-16, -2.277555753225815389E-15, 1.000000000000000000 ) ) ;
#4603 = ADVANCED_FACE ( 'NONE', ( #5757 ), #1515, .F. ) ;
#4604 = DIRECTION ( 'NONE',  ( 6.505644089902619858E-09, 1.000000000000000000, 0.000000000000000000 ) ) ;
#4605 = ORIENTED_EDGE ( 'NONE', *, *, #4005, .F. ) ;
#4606 = DIRECTION ( 'NONE',  ( 1.491530447089869952E-15, 5.687521795103710206E-15, -1.000000000000000000 ) ) ;
#4607 = DIRECTION ( 'NONE',  ( 6.506356300289580131E-09, 1.000000000000000000, 5.687521804808150055E-15 ) ) ;
#4608 = B_SPLINE_CURVE_WITH_KNOTS ( 'NONE', 3,
 ( #2634, #336, #2209, #4081 ),
 .UNSPECIFIED., .F., .F.,
 ( 4, 4 ),
 ( 0.000000000000000000, 1.000000000000000000 ),
 .UNSPECIFIED. ) ;
#4609 = CARTESIAN_POINT ( 'NONE',  ( -15.37969932478160118, 414.1349212959115107, -55.90524068635239985 ) ) ;
#4610 = ORIENTED_EDGE ( 'NONE', *, *, #5348, .T. ) ;
#4611 = ADVANCED_FACE ( 'NONE', ( #2005 ), #3898, .F. ) ;
#4612 = CARTESIAN_POINT ( 'NONE',  ( -12.54078776141779805, 406.1121221501728655, -54.90523771022191823 ) ) ;
#4613 = CARTESIAN_POINT ( 'NONE',  ( -11.96257933919279992, 425.6509797230709751, -54.90524068635230037 ) ) ;
#4614 = DIRECTION ( 'NONE',  ( 0.000000000000000000, 2.000000001555829892E-15, -1.000000000000000000 ) ) ;
#4615 = CARTESIAN_POINT ( 'NONE',  ( -35.90902695637982589, 412.2985776231232649, -53.53501369718284764 ) ) ;
#4616 = ORIENTED_EDGE ( 'NONE', *, *, #3470, .F. ) ;
#4617 = CARTESIAN_POINT ( 'NONE',  ( -39.19680613502330147, 415.7749752536404912, -54.90524068635239985 ) ) ;
#4618 = DIRECTION ( 'NONE',  ( 1.000000000000000000, 0.000000000000000000, 0.000000000000000000 ) ) ;
#4619 = FACE_OUTER_BOUND ( 'NONE', #2587, .T. ) ;
#4620 = CARTESIAN_POINT ( 'NONE',  ( -39.22441646665407688, 425.9651934294545299, -49.93259299624293135 ) ) ;
#4621 = CARTESIAN_POINT ( 'NONE',  ( -16.08663675950785077, 414.1349213005109959, -55.61217375754710446 ) ) ;
#4622 = ORIENTED_EDGE ( 'NONE', *, *, #2713, .T. ) ;
#4623 = ORIENTED_EDGE ( 'NONE', *, *, #719, .F. ) ;
#4624 = EDGE_CURVE ( 'NONE', #3423, #5903, #2523, .T. ) ;
#4625 = ADVANCED_FACE ( 'NONE', ( #4325 ), #2902, .T. ) ;
#4626 = CARTESIAN_POINT ( 'NONE',  ( -15.37969925176090058, 425.3579061560154742, -56.19830975273059437 ) ) ;
#4627 = CIRCLE ( 'NONE', #3037, 2.999999127527035014 ) ;
#4628 = DIRECTION ( 'NONE',  ( 3.560536100461505108E-16, 2.049490709426070135E-15, -1.000000000000000000 ) ) ;
#4629 = FACE_OUTER_BOUND ( 'NONE', #4054, .T. ) ;
#4630 = ORIENTED_EDGE ( 'NONE', *, *, #4175, .F. ) ;
#4631 = DIRECTION ( 'NONE',  ( -2.602543911372755088E-23, -2.000000000000000155E-15, 1.000000000000000000 ) ) ;
#4632 = ORIENTED_EDGE ( 'NONE', *, *, #4732, .T. ) ;
#4633 = DIRECTION ( 'NONE',  ( 0.4999999953991768331, -0.7071067844399141489, 0.4999999999998681610 ) ) ;
#4634 = ORIENTED_EDGE ( 'NONE', *, *, #5788, .F. ) ;
#4635 = VECTOR ( 'NONE', #5542, 1000.000000000000000 ) ;
#4636 = CARTESIAN_POINT ( 'NONE',  ( -16.37969924334749905, 426.6509797518104961, -54.90524068635230037 ) ) ;
#4637 = ORIENTED_EDGE ( 'NONE', *, *, #93, .T. ) ;
#4638 = DIRECTION ( 'NONE',  ( -0.7071067811864871766, 4.593777929830129687E-09, -0.7071067811866079689 ) ) ;
#4639 = DIRECTION ( 'NONE',  ( -1.000000000000000000, 1.301273374768436987E-08, 0.000000000000000000 ) ) ;
#4640 = CARTESIAN_POINT ( 'NONE',  ( -38.19680613502329436, 415.7749752471349893, -48.90524068635239274 ) ) ;
#4641 = FACE_OUTER_BOUND ( 'NONE', #3377, .T. ) ;
#4642 = EDGE_CURVE ( 'NONE', #5600, #2914, #3847, .T. ) ;
#4643 = EDGE_CURVE ( 'NONE', #1207, #4807, #4967, .T. ) ;
#4644 = CARTESIAN_POINT ( 'NONE',  ( -45.95651369887919913, 403.9897861657984777, -49.40524068635239274 ) ) ;
#4645 = AXIS2_PLACEMENT_3D ( 'NONE', #2764, #3325, #4202 ) ;
#4646 = DIRECTION ( 'NONE',  ( 0.7529914420891924420, 0.6580303094390397289, 1.387778780781446464E-15 ) ) ;
#4647 = CARTESIAN_POINT ( 'NONE',  ( -2.072232547056999774, 402.9067092245449544, -55.61190735301899934 ) ) ;
#4648 = DIRECTION ( 'NONE',  ( -1.108940728722891926E-16, 2.763133761084720139E-15, -1.000000000000000000 ) ) ;
#4649 = VECTOR ( 'NONE', #1803, 1000.000000000000000 ) ;
#4650 = CARTESIAN_POINT ( 'NONE',  ( -15.37969921732200085, 430.6509797451404893, -61.83499734764340161 ) ) ;
#4651 = ORIENTED_EDGE ( 'NONE', *, *, #229, .F. ) ;
#4652 = EDGE_LOOP ( 'NONE', ( #3761, #303, #4880, #1578, #737, #1729, #1053 ) ) ;
#4653 = CARTESIAN_POINT ( 'NONE',  ( -42.04885494418370229, 404.7730966781190318, -49.90524033753260369 ) ) ;
#4654 = CARTESIAN_POINT ( 'NONE',  ( -12.86492910876079954, 406.4995239591179939, -55.65404209308820072 ) ) ;
#4655 = PLANE ( 'NONE',  #5049 ) ;
#4656 = CARTESIAN_POINT ( 'NONE',  ( -49.72147086651130365, 407.2799377619859342, -49.90524068635239274 ) ) ;
#4657 = EDGE_CURVE ( 'NONE', #1303, #2507, #5934, .T. ) ;
#4658 = EDGE_CURVE ( 'NONE', #5076, #5705, #4833, .T. ) ;
#4659 = AXIS2_PLACEMENT_3D ( 'NONE', #1278, #5082, #5548 ) ;
#4660 = VERTEX_POINT ( 'NONE', #1159 ) ;
#4661 = FACE_OUTER_BOUND ( 'NONE', #1253, .T. ) ;
#4662 = VERTEX_POINT ( 'NONE', #4118 ) ;
#4663 = ORIENTED_EDGE ( 'NONE', *, *, #615, .F. ) ;
#4664 = ORIENTED_EDGE ( 'NONE', *, *, #5008, .F. ) ;
#4665 = CARTESIAN_POINT ( 'NONE',  ( -15.37914796635530124, 424.6501148509865402, -55.90524091827220587 ) ) ;
#4666 = VERTEX_POINT ( 'NONE', #371 ) ;
#4667 = AXIS2_PLACEMENT_3D ( 'NONE', #2168, #4041, #2369 ) ;
#4668 = B_SPLINE_CURVE_WITH_KNOTS ( 'NONE', 3,
 ( #802, #6090, #3257, #1801 ),
 .UNSPECIFIED., .F., .F.,
 ( 4, 4 ),
 ( 0.000000000000000000, 1.000000000000000000 ),
 .UNSPECIFIED. ) ;
#4669 = CARTESIAN_POINT ( 'NONE',  ( -48.10038896888439552, 419.8455043402195201, -49.40524068635230037 ) ) ;
#4670 = CARTESIAN_POINT ( 'NONE',  ( -4.058996516626405260, 419.8455040536699698, -48.90524068635230037 ) ) ;
#4671 = DIRECTION ( 'NONE',  ( 0.4999999953991768331, -0.7071067844399141489, 0.4999999999998681610 ) ) ;
#4672 = CARTESIAN_POINT ( 'NONE',  ( -36.16453892423070471, 411.4015495250049526, -53.53501369718190261 ) ) ;
#4673 = CIRCLE ( 'NONE', #2018, 1.000000000000000888 ) ;
#4674 = DIRECTION ( 'NONE',  ( 1.110222579174491824E-16, 2.277555756156290079E-15, -1.000000000000000000 ) ) ;
#4675 = EDGE_CURVE ( 'NONE', #5677, #5412, #4580, .T. ) ;
#4676 = DIRECTION ( 'NONE',  ( -1.192421873225867764E-16, 2.294279105460490101E-15, -1.000000000000000000 ) ) ;
#4677 = DIRECTION ( 'NONE',  ( 6.506367656620550361E-09, 1.000000000000000000, 2.277555755284430357E-15 ) ) ;
#4678 = CARTESIAN_POINT ( 'NONE',  ( -50.05243160285250781, 403.9473856831464786, -55.75526335591510474 ) ) ;
#4679 = ORIENTED_EDGE ( 'NONE', *, *, #5907, .T. ) ;
#4680 = EDGE_CURVE ( 'NONE', #3604, #623, #2246, .T. ) ;
#4681 = ORIENTED_EDGE ( 'NONE', *, *, #3383, .F. ) ;
#4682 = CARTESIAN_POINT ( 'NONE',  ( -36.16293694684029703, 411.4010925304070270, -49.90448101285949889 ) ) ;
#4683 = CARTESIAN_POINT ( 'NONE',  ( -15.88289312744666582, 425.7773786353858441, -56.65268664628382567 ) ) ;
#4684 = CARTESIAN_POINT ( 'NONE',  ( -5.479696847657200109, 426.6509796808909982, -60.83499734764340161 ) ) ;
#4685 = CARTESIAN_POINT ( 'NONE',  ( -6.202871992957799563, 403.9897859071469952, -48.90524068635239274 ) ) ;
#4686 = ORIENTED_EDGE ( 'NONE', *, *, #4158, .T. ) ;
#4687 = DIRECTION ( 'NONE',  ( 6.657108496030108464E-17, 2.267143237059350389E-15, -1.000000000000000000 ) ) ;
#4688 = CIRCLE ( 'NONE', #3387, 1.000000000000000888 ) ;
#4689 = CARTESIAN_POINT ( 'NONE',  ( -26.07969277879280057, 414.3067090181775143, -49.90524068635239274 ) ) ;
#4690 = AXIS2_PLACEMENT_3D ( 'NONE', #4644, #437, #4182 ) ;
#4691 = ORIENTED_EDGE ( 'NONE', *, *, #3341, .T. ) ;
#4692 = EDGE_CURVE ( 'NONE', #1876, #3696, #2974, .T. ) ;
#4693 = CARTESIAN_POINT ( 'NONE',  ( -25.41325099599495019, 424.6509798105859659, -56.90524068635230037 ) ) ;
#4694 = VECTOR ( 'NONE', #4324, 1000.000000000000000 ) ;
#4695 = ORIENTED_EDGE ( 'NONE', *, *, #2860, .F. ) ;
#4696 = FACE_OUTER_BOUND ( 'NONE', #585, .T. ) ;
#4697 = CARTESIAN_POINT ( 'NONE',  ( -16.23443884280607463, 412.2301624515016556, -49.90460767490942118 ) ) ;
#4698 = ORIENTED_EDGE ( 'NONE', *, *, #2895, .F. ) ;
#4699 = ORIENTED_EDGE ( 'NONE', *, *, #2747, .F. ) ;
#4700 = CARTESIAN_POINT ( 'NONE',  ( -12.59152517536791827, 425.9438729459765227, -50.69050841064350266 ) ) ;
#4701 = CARTESIAN_POINT ( 'NONE',  ( -16.49723638894925060, 414.3067088934835169, -50.90500376171330288 ) ) ;
#4702 = LINE ( 'NONE', #2864, #3969 ) ;
#4703 = LINE ( 'NONE', #3356, #5845 ) ;
#4704 = DIRECTION ( 'NONE',  ( 1.000000000000000000, 0.000000000000000000, 0.000000000000000000 ) ) ;
#4705 = ADVANCED_FACE ( 'NONE', ( #2710 ), #3515, .F. ) ;
#4706 = CARTESIAN_POINT ( 'NONE',  ( -9.169338227103398964, 402.3898478646395347, -55.12964016160880476 ) ) ;
#4707 = DIRECTION ( 'NONE',  ( 1.110223238793829784E-16, 5.687521804085800380E-15, -1.000000000000000000 ) ) ;
#4708 = EDGE_LOOP ( 'NONE', ( #5785, #601 ) ) ;
#4709 = ORIENTED_EDGE ( 'NONE', *, *, #1452, .T. ) ;
#4710 = CARTESIAN_POINT ( 'NONE',  ( -38.19680607077279433, 425.6509798937605069, -54.90524068635230037 ) ) ;
#4711 = CARTESIAN_POINT ( 'NONE',  ( -50.34843206059999687, 403.2733516897379786, -55.82524068711299492 ) ) ;
#4712 = DIRECTION ( 'NONE',  ( 1.000000000000000000, -6.506356300289581785E-09, 0.000000000000000000 ) ) ;
#4713 = CARTESIAN_POINT ( 'NONE',  ( -2.216030815856900205, 403.2308977733479765, -55.50531243025159966 ) ) ;
#4714 = LINE ( 'NONE', #501, #3634 ) ;
#4715 = EDGE_CURVE ( 'NONE', #4196, #5024, #5716, .T. ) ;
#4716 = EDGE_CURVE ( 'NONE', #4111, #421, #5589, .T. ) ;
#4717 = VERTEX_POINT ( 'NONE', #4613 ) ;
#4718 = CARTESIAN_POINT ( 'NONE',  ( -48.65651370592539848, 402.9067095247339694, -52.50524068635240127 ) ) ;
#4719 = VERTEX_POINT ( 'NONE', #2578 ) ;
#4720 = ORIENTED_EDGE ( 'NONE', *, *, #3803, .F. ) ;
#4721 = CARTESIAN_POINT ( 'NONE',  ( -36.63032253224199764, 424.6499448180354648, -55.90532607554879974 ) ) ;
#4722 = CARTESIAN_POINT ( 'NONE',  ( -16.08680602913370095, 425.9438729687190062, -61.54210412883099934 ) ) ;
#4723 = VECTOR ( 'NONE', #233, 1000.000000000000000 ) ;
#4724 = AXIS2_PLACEMENT_3D ( 'NONE', #3938, #4423, #1639 ) ;
#4725 = CARTESIAN_POINT ( 'NONE',  ( -12.69588682071166197, 425.3315104404339309, -52.31945392304511699 ) ) ;
#4726 = CARTESIAN_POINT ( 'NONE',  ( -15.44460157252210131, 425.3998913191709903, -56.08797345610160079 ) ) ;
#4727 = VERTEX_POINT ( 'NONE', #243 ) ;
#4728 = DIRECTION ( 'NONE',  ( 2.963721392599274964E-23, 2.277555758065395396E-15, -1.000000000000000000 ) ) ;
#4729 = CARTESIAN_POINT ( 'NONE',  ( -20.77969493226759923, 430.2468406982919760, -52.50110160422240568 ) ) ;
#4730 = AXIS2_PLACEMENT_3D ( 'NONE', #5029, #4587, #1332 ) ;
#4731 = EDGE_CURVE ( 'NONE', #5278, #1723, #3663, .T. ) ;
#4732 = EDGE_CURVE ( 'NONE', #941, #125, #5079, .T. ) ;
#4733 = VERTEX_POINT ( 'NONE', #4105 ) ;
#4734 = CARTESIAN_POINT ( 'NONE',  ( -4.479696849406011872, 426.3822185723197435, -58.38812317138018670 ) ) ;
#4735 = VECTOR ( 'NONE', #1562, 1000.000000000000114 ) ;
#4736 = CARTESIAN_POINT ( 'NONE',  ( -20.77158741141699849, 419.6497535121835085, -48.90524068635230037 ) ) ;
#4737 = CARTESIAN_POINT ( 'NONE',  ( -1.495765211771198144, 403.9897858765174874, -55.61234746753889624 ) ) ;
#4738 = CYLINDRICAL_SURFACE ( 'NONE', #1753, 3.999999999999996891 ) ;
#4739 = AXIS2_PLACEMENT_3D ( 'NONE', #286, #252, #3437 ) ;
#4740 = VERTEX_POINT ( 'NONE', #2620 ) ;
#4741 = ORIENTED_EDGE ( 'NONE', *, *, #1507, .F. ) ;
#4742 = CARTESIAN_POINT ( 'NONE',  ( -42.99004748554764888, 402.3898480847322503, -55.12964016160882608 ) ) ;
#4743 = VECTOR ( 'NONE', #2192, 1000.000000000000114 ) ;
#4744 = CARTESIAN_POINT ( 'NONE',  ( -15.99443234269393521, 425.8512259038339494, -56.50506731136659511 ) ) ;
#4745 = CARTESIAN_POINT ( 'NONE',  ( -41.73857310015269917, 430.6509799168044879, -55.87011901699930405 ) ) ;
#4746 = DIRECTION ( 'NONE',  ( -6.506364074960620738E-09, -1.000000000000000000, -4.960594733056100343E-15 ) ) ;
#4747 = VERTEX_POINT ( 'NONE', #4600 ) ;
#4748 = CARTESIAN_POINT ( 'NONE',  ( -8.551390899048698202, 403.5350467133795291, -55.90546184382930051 ) ) ;
#4749 = ORIENTED_EDGE ( 'NONE', *, *, #4517, .T. ) ;
#4750 = FACE_OUTER_BOUND ( 'NONE', #1792, .T. ) ;
#4751 = ORIENTED_EDGE ( 'NONE', *, *, #3429, .F. ) ;
#4752 = ADVANCED_FACE ( 'NONE', ( #5577 ), #1923, .T. ) ;
#4753 = CARTESIAN_POINT ( 'NONE',  ( -32.31325491019269691, 415.3067090181775143, -48.90524068635239274 ) ) ;
#4754 = FACE_OUTER_BOUND ( 'NONE', #2447, .T. ) ;
#4755 = EDGE_LOOP ( 'NONE', ( #5906, #3906, #2441, #1977, #5867 ) ) ;
#4756 = DIRECTION ( 'NONE',  ( 0.000000000000000000, -2.000000000000000155E-15, 1.000000000000000000 ) ) ;
#4757 = ORIENTED_EDGE ( 'NONE', *, *, #3876, .F. ) ;
#4758 = CARTESIAN_POINT ( 'NONE',  ( -38.90391290177385031, 415.7749752517354977, -55.61234748197489353 ) ) ;
#4759 = VECTOR ( 'NONE', #5229, 1000.000000000000000 ) ;
#4760 = FACE_OUTER_BOUND ( 'NONE', #2854, .T. ) ;
#4761 = PRODUCT_DEFINITION_FORMATION_WITH_SPECIFIED_SOURCE ( 'ANY', '', #2502, .NOT_KNOWN. ) ;
#4762 = VERTEX_POINT ( 'NONE', #774 ) ;
#4763 = CARTESIAN_POINT ( 'NONE',  ( -5.422476773801130356, 399.5219073292090002, -55.82524068635230208 ) ) ;
#4764 = DIRECTION ( 'NONE',  ( 6.506367502834710085E-09, 1.000000000000000000, 2.000000000722350226E-15 ) ) ;
#4765 = CIRCLE ( 'NONE', #5280, 1.000000000000001332 ) ;
#4766 = EDGE_CURVE ( 'NONE', #4390, #1863, #3749, .T. ) ;
#4767 = DIRECTION ( 'NONE',  ( 2.007266836758235030E-15, -7.805810992288100861E-15, 1.000000000000000000 ) ) ;
#4768 = EDGE_CURVE ( 'NONE', #1456, #5993, #4537, .T. ) ;
#4769 = CARTESIAN_POINT ( 'NONE',  ( -21.28846461677035151, 414.3067089558310272, -53.53501369717979941 ) ) ;
#4770 = CARTESIAN_POINT ( 'NONE',  ( -49.92629390484140117, 403.9049851730274554, -55.63025202113379919 ) ) ;
#4771 = ORIENTED_EDGE ( 'NONE', *, *, #254, .F. ) ;
#4772 = ORIENTED_EDGE ( 'NONE', *, *, #4533, .F. ) ;
#4773 = CYLINDRICAL_SURFACE ( 'NONE', #902, 0.9999999999999816813 ) ;
#4774 = ADVANCED_FACE ( 'NONE', ( #3598 ), #1592, .F. ) ;
#4775 = DIRECTION ( 'NONE',  ( 0.000000000000000000, -1.000000000000000000, -2.969724642305460071E-13 ) ) ;
#4776 = DIRECTION ( 'NONE',  ( -1.000000000000000000, 6.506364074960614948E-09, 0.000000000000000000 ) ) ;
#4777 = EDGE_LOOP ( 'NONE', ( #5753, #5941, #1277, #1085 ) ) ;
#4778 = CARTESIAN_POINT ( 'NONE',  ( -16.37969924509616959, 426.3822186497452549, -61.10375844970830883 ) ) ;
#4779 = CARTESIAN_POINT ( 'NONE',  ( -10.88376971593569920, 405.9603007071955290, -49.23857401968570002 ) ) ;
#4780 = ORIENTED_EDGE ( 'NONE', *, *, #5009, .T. ) ;
#4781 = FACE_OUTER_BOUND ( 'NONE', #1676, .T. ) ;
#4782 = VECTOR ( 'NONE', #1681, 1000.000000000000000 ) ;
#4783 = EDGE_CURVE ( 'NONE', #1599, #4551, #1657, .T. ) ;
#4784 = EDGE_LOOP ( 'NONE', ( #4663, #1055 ) ) ;
#4785 = CARTESIAN_POINT ( 'NONE',  ( -32.31325446233704923, 414.3067090181775143, -53.53501369718160419 ) ) ;
#4786 = VECTOR ( 'NONE', #4756, 1000.000000000000000 ) ;
#4787 = CARTESIAN_POINT ( 'NONE',  ( -8.523671225281907127, 403.6376290206438284, -55.90366533154577411 ) ) ;
#4788 = VERTEX_POINT ( 'NONE', #356 ) ;
#4789 = DIRECTION ( 'NONE',  ( -1.000000000000000000, 0.000000000000000000, 0.000000000000000000 ) ) ;
#4790 = ORIENTED_EDGE ( 'NONE', *, *, #5994, .T. ) ;
#4791 = DIRECTION ( 'NONE',  ( 0.9999999999999998890, -1.301272814992122824E-08, 0.000000000000000000 ) ) ;
#4792 = CARTESIAN_POINT ( 'NONE',  ( -36.77968623503949885, 414.1349214351474757, -55.90524068635239985 ) ) ;
#4793 = CIRCLE ( 'NONE', #3599, 4.999999999999995559 ) ;
#4794 = AXIS2_PLACEMENT_3D ( 'NONE', #4868, #5382, #4391 ) ;
#4795 = EDGE_CURVE ( 'NONE', #125, #1741, #102, .T. ) ;
#4796 = EDGE_LOOP ( 'NONE', ( #3954, #5551 ) ) ;
#4797 = LINE ( 'NONE', #1033, #5199 ) ;
#4798 = CARTESIAN_POINT ( 'NONE',  ( -49.77947467624949951, 404.2812493522280306, -55.63857401968569860 ) ) ;
#4799 = ADVANCED_FACE ( 'NONE', ( #1953 ), #1403, .T. ) ;
#4800 = ORIENTED_EDGE ( 'NONE', *, *, #1955, .T. ) ;
#4801 = CARTESIAN_POINT ( 'NONE',  ( -20.48680172945014988, 427.7880865595555520, -53.24212047836230255 ) ) ;
#4802 = LINE ( 'NONE', #3319, #4854 ) ;
#4803 = ADVANCED_FACE ( 'NONE', ( #1929 ), #5606, .F. ) ;
#4804 = ORIENTED_EDGE ( 'NONE', *, *, #2860, .T. ) ;
#4805 = EDGE_CURVE ( 'NONE', #2759, #5848, #2814, .T. ) ;
#4806 = CARTESIAN_POINT ( 'NONE',  ( -4.479696847657200109, 426.6509796743844731, -55.65433364902119706 ) ) ;
#4807 = VERTEX_POINT ( 'NONE', #5258 ) ;
#4808 = CARTESIAN_POINT ( 'NONE',  ( -15.37969929456649965, 418.7788445198539762, -60.83499734764340161 ) ) ;
#4809 = ORIENTED_EDGE ( 'NONE', *, *, #5403, .T. ) ;
#4810 = CARTESIAN_POINT ( 'NONE',  ( -13.29613763017830053, 424.6509797317474977, -55.90524068635230037 ) ) ;
#4811 = CARTESIAN_POINT ( 'NONE',  ( -2.359229486661905018, 403.8625843542405391, -55.50524068635239416 ) ) ;
#4812 = ORIENTED_EDGE ( 'NONE', *, *, #2623, .F. ) ;
#4813 = FACE_OUTER_BOUND ( 'NONE', #1263, .T. ) ;
#4814 = DIRECTION ( 'NONE',  ( 2.963721391994960371E-23, 2.277555757600990220E-15, -1.000000000000000000 ) ) ;
#4815 = LINE ( 'NONE', #2481, #1853 ) ;
#4816 = B_SPLINE_CURVE_WITH_KNOTS ( 'NONE', 3,
 ( #2872, #4744, #4683, #1012, #531, #561 ),
 .UNSPECIFIED., .F., .F.,
 ( 4, 2, 4 ),
 ( 0.000000000000000000, 0.5000000000000000000, 1.000000000000000000 ),
 .UNSPECIFIED. ) ;
#4817 = VECTOR ( 'NONE', #993, 1000.000000000000114 ) ;
#4818 = ORIENTED_EDGE ( 'NONE', *, *, #323, .T. ) ;
#4819 = VECTOR ( 'NONE', #4083, 1000.000000000000000 ) ;
#4820 = CARTESIAN_POINT ( 'NONE',  ( -6.202871992957799563, 403.9897859071469952, -54.90524068635239985 ) ) ;
#4821 = EDGE_CURVE ( 'NONE', #1875, #2687, #319, .T. ) ;
#4822 = CIRCLE ( 'NONE', #2172, 3.999999999999996891 ) ;
#4823 = EDGE_CURVE ( 'NONE', #480, #5903, #5346, .T. ) ;
#4824 = CARTESIAN_POINT ( 'NONE',  ( -18.86035976785779766, 414.3067089248306161, -53.53501358121348375 ) ) ;
#4825 =( NAMED_UNIT ( * ) SI_UNIT ( $, .STERADIAN. ) SOLID_ANGLE_UNIT ( ) );
#4826 = CARTESIAN_POINT ( 'NONE',  ( -2.359229486661905018, 403.8625843542405391, -55.50524068635239416 ) ) ;
#4827 = CONICAL_SURFACE ( 'NONE', #118, 4.500000000000005329, 0.7853981633974291832 ) ;
#4828 = CONICAL_SURFACE ( 'NONE', #4932, 1.899999999999999689, 0.7853981633974335130 ) ;
#4829 = EDGE_LOOP ( 'NONE', ( #2905, #4142 ) ) ;
#4830 = DIRECTION ( 'NONE',  ( 1.000000000000000000, -6.505647872264340330E-09, 0.000000000000000000 ) ) ;
#4831 = CARTESIAN_POINT ( 'NONE',  ( -35.77968624804529441, 412.1021619306609978, -51.57190840238559559 ) ) ;
#4832 = DIRECTION ( 'NONE',  ( 0.000000000000000000, -2.277555759621225133E-15, 1.000000000000000000 ) ) ;
#4833 = CIRCLE ( 'NONE', #3344, 2.099999999999998312 ) ;
#4834 = CARTESIAN_POINT ( 'NONE',  ( -12.66807245759889966, 426.6538697965235087, -50.19974995905050008 ) ) ;
#4835 = CIRCLE ( 'NONE', #4409, 3.999999999999996891 ) ;
#4836 = CARTESIAN_POINT ( 'NONE',  ( -12.71137081665530211, 426.5902151421294093, -50.15644353706694858 ) ) ;
#4837 = VERTEX_POINT ( 'NONE', #75 ) ;
#4838 = CARTESIAN_POINT ( 'NONE',  ( -9.607097458196598438, 405.2568772771884937, -49.23857401968570002 ) ) ;
#4839 = VECTOR ( 'NONE', #1535, 1000.000000000000000 ) ;
#4840 = ORIENTED_EDGE ( 'NONE', *, *, #2176, .T. ) ;
#4841 = CARTESIAN_POINT ( 'NONE',  ( -40.95389697085609981, 405.3763966191780241, -54.90524030621049434 ) ) ;
#4842 = DIRECTION ( 'NONE',  ( 9.046185435658908722E-07, 0.000000000000000000, -0.9999999999995908828 ) ) ;
#4843 = ADVANCED_FACE ( 'NONE', ( #3232 ), #2878, .T. ) ;
#4844 = CONICAL_SURFACE ( 'NONE', #617, 1.899999999999999245, 0.7853981633974200793 ) ;
#4845 = ORIENTED_EDGE ( 'NONE', *, *, #5983, .F. ) ;
#4846 = DIRECTION ( 'NONE',  ( 1.000000000000000000, -6.506367248186710179E-09, 0.000000000000000000 ) ) ;
#4847 = FACE_OUTER_BOUND ( 'NONE', #3573, .T. ) ;
#4848 = ORIENTED_EDGE ( 'NONE', *, *, #1186, .F. ) ;
#4849 = CARTESIAN_POINT ( 'NONE',  ( -46.95651370592540275, 402.9067095000099243, -52.90524068635239985 ) ) ;
#4850 = DIRECTION ( 'NONE',  ( 5.908748125626968697E-32, -1.000000000000000000, -2.273285667600040479E-15 ) ) ;
#4851 = CARTESIAN_POINT ( 'NONE',  ( -47.67968854929569744, 426.6509799554594906, -55.65433364902119706 ) ) ;
#4852 = AXIS2_PLACEMENT_3D ( 'NONE', #4067, #1743, #4104 ) ;
#4853 = ORIENTED_EDGE ( 'NONE', *, *, #931, .T. ) ;
#4854 = VECTOR ( 'NONE', #4194, 999.9999999999998863 ) ;
#4855 = CARTESIAN_POINT ( 'NONE',  ( -16.26805029725409923, 412.3494136516909521, -49.90560089522350040 ) ) ;
#4856 = DIRECTION ( 'NONE',  ( -0.7071067811866047492, 4.600431147139266120E-09, -0.7071067811864902852 ) ) ;
#4857 = STYLED_ITEM ( 'NONE', ( #3359 ), #3888 ) ;
#4858 = CARTESIAN_POINT ( 'NONE',  ( -20.48680172945014988, 427.7880865595555520, -53.24212047836230255 ) ) ;
#4859 = ORIENTED_EDGE ( 'NONE', *, *, #1355, .F. ) ;
#4860 = B_SPLINE_SURFACE_WITH_KNOTS ( 'NONE', 3, 3, ( 
 ( #6025, #1767, #5467, #1830 ),
 ( #2748, #3104, #3653, #5569 ),
 ( #3621, #4512, #308, #407 ),
 ( #5961, #5100, #2151, #2286 ),
 ( #4554, #4160, #4057, #2679 ) ),
 .UNSPECIFIED., .F., .F., .F.,
 ( 4, 1, 4 ),
 ( 4, 4 ),
 ( 0.000000000000000000, 0.5714285714285709528, 1.000000000000000000 ),
 ( 0.000000000000000000, 0.4687984273099199961 ),
 .UNSPECIFIED. ) ;
#4861 = CARTESIAN_POINT ( 'NONE',  ( -35.77968624753805216, 412.1021580089430358, -60.41437139816009960 ) ) ;
#4862 = DIRECTION ( 'NONE',  ( 0.7529914420891924420, 0.6580303094390397289, 1.387778780781446464E-15 ) ) ;
#4863 = LINE ( 'NONE', #1132, #1806 ) ;
#4864 = CARTESIAN_POINT ( 'NONE',  ( -25.41325099139424992, 425.3580865917725191, -56.19813390516580398 ) ) ;
#4865 = ADVANCED_FACE ( 'NONE', ( #3726, #49 ), #4655, .F. ) ;
#4866 = FACE_OUTER_BOUND ( 'NONE', #4275, .T. ) ;
#4867 = VERTEX_POINT ( 'NONE', #5633 ) ;
#4868 = CARTESIAN_POINT ( 'NONE',  ( -6.962579403456199856, 415.7749750439084551, -54.90524068635239985 ) ) ;
#4869 = ORIENTED_EDGE ( 'NONE', *, *, #3481, .F. ) ;
#4870 = CARTESIAN_POINT ( 'NONE',  ( -5.479696847657200109, 426.6509796808909982, -55.65433364902119706 ) ) ;
#4871 = DIRECTION ( 'NONE',  ( 0.7071067765858609633, -0.7071067857872341822, 0.000000000000000000 ) ) ;
#4872 = ORIENTED_EDGE ( 'NONE', *, *, #93, .F. ) ;
#4873 = CARTESIAN_POINT ( 'NONE',  ( -50.31752876993525092, 403.3766833607274407, -55.83805663122822693 ) ) ;
#4874 = CYLINDRICAL_SURFACE ( 'NONE', #2341, 1.000000000000000666 ) ;
#4875 = ORIENTED_EDGE ( 'NONE', *, *, #2513, .F. ) ;
#4876 = ADVANCED_FACE ( 'NONE', ( #1894 ), #3318, .T. ) ;
#4877 = CARTESIAN_POINT ( 'NONE',  ( -36.07284091372604706, 425.9439672406984982, -56.31926596525509865 ) ) ;
#4878 = CARTESIAN_POINT ( 'NONE',  ( -15.33058858064010188, 410.2691961581434725, -49.57197312385569887 ) ) ;
#4879 = CARTESIAN_POINT ( 'NONE',  ( -17.14342850103830074, 413.6393112054415155, -52.53501403065129693 ) ) ;
#4880 = ORIENTED_EDGE ( 'NONE', *, *, #5080, .F. ) ;
#4881 = AXIS2_PLACEMENT_3D ( 'NONE', #4581, #4119, #3613 ) ;
#4882 = ADVANCED_FACE ( 'NONE', ( #4629 ), #1488, .F. ) ;
#4883 = CARTESIAN_POINT ( 'NONE',  ( -10.11053095537289970, 404.7730945672495295, -54.90524185810009783 ) ) ;
#4884 = AXIS2_PLACEMENT_3D ( 'NONE', #5071, #5104, #1365 ) ;
#4885 = DIRECTION ( 'NONE',  ( 0.7529914420891864468, 0.6580303094390463903, 1.734723475976803545E-15 ) ) ;
#4886 = CARTESIAN_POINT ( 'NONE',  ( -4.058996516626405260, 419.8455040536699698, -49.90524068635230037 ) ) ;
#4887 = ORIENTED_EDGE ( 'NONE', *, *, #488, .F. ) ;
#4888 = ORIENTED_EDGE ( 'NONE', *, *, #3206, .F. ) ;
#4889 = CARTESIAN_POINT ( 'NONE',  ( -43.14522920174579923, 403.7786378120075028, -49.57190735301900020 ) ) ;
#4890 = CARTESIAN_POINT ( 'NONE',  ( -36.89911233538840207, 408.5526535460414834, -56.74161774238599065 ) ) ;
#4891 = CARTESIAN_POINT ( 'NONE',  ( -49.95651369887920623, 403.9897861918215085, -48.90524068635239274 ) ) ;
#4892 = CARTESIAN_POINT ( 'NONE',  ( -36.77968616011158076, 425.6509798845402202, -56.64346914342295491 ) ) ;
#4893 = CARTESIAN_POINT ( 'NONE',  ( -36.80273708737430383, 411.5799751117199889, -49.23869408938849546 ) ) ;
#4894 = CARTESIAN_POINT ( 'NONE',  ( -10.22890127270300020, 425.8509797117090443, -58.09332458483159911 ) ) ;
#4895 = CARTESIAN_POINT ( 'NONE',  ( -8.590694296238659433, 403.1685625196817000, -55.86640157737038237 ) ) ;
#4896 = ORIENTED_EDGE ( 'NONE', *, *, #822, .F. ) ;
#4897 = ORIENTED_EDGE ( 'NONE', *, *, #3819, .T. ) ;
#4898 = FACE_OUTER_BOUND ( 'NONE', #266, .T. ) ;
#4899 = DIRECTION ( 'NONE',  ( -0.7071067811865441310, 4.600708702895411655E-09, -0.7071067811865510144 ) ) ;
#4900 = EDGE_CURVE ( 'NONE', #4336, #1262, #1013, .T. ) ;
#4901 = ADVANCED_FACE ( 'NONE', ( #5667 ), #5194, .T. ) ;
#4902 = ORIENTED_EDGE ( 'NONE', *, *, #2942, .F. ) ;
#4903 = DIRECTION ( 'NONE',  ( 4.274225069697080209E-16, 2.444089209850065533E-15, -1.000000000000000000 ) ) ;
#4904 = DIRECTION ( 'NONE',  ( -3.501461828833420039E-16, 5.687521807086329862E-15, -1.000000000000000000 ) ) ;
#4905 = VERTEX_POINT ( 'NONE', #5136 ) ;
#4906 = DIRECTION ( 'NONE',  ( -1.110222868742805933E-16, 0.000000000000000000, 1.000000000000000000 ) ) ;
#4907 = CARTESIAN_POINT ( 'NONE',  ( -11.04414022497699932, 405.6680051573245009, -49.57197312385569887 ) ) ;
#4908 = ORIENTED_EDGE ( 'NONE', *, *, #5009, .F. ) ;
#4909 = CARTESIAN_POINT ( 'NONE',  ( -10.44687886765190044, 410.8903402321950011, -49.90524068635239274 ) ) ;
#4910 = DIRECTION ( 'NONE',  ( 6.505660957451520005E-09, 1.000000000000000000, 1.714510466209345306E-14 ) ) ;
#4911 = CARTESIAN_POINT ( 'NONE',  ( -7.582725749972709650, 402.9067092568454882, -52.90524068635239985 ) ) ;
#4912 = EDGE_CURVE ( 'NONE', #1908, #4837, #5681, .T. ) ;
#4913 = EDGE_CURVE ( 'NONE', #4727, #3423, #4975, .T. ) ;
#4914 = AXIS2_PLACEMENT_3D ( 'NONE', #2273, #4148, #3219 ) ;
#4915 = EDGE_LOOP ( 'NONE', ( #2863, #2627, #3826, #5966 ) ) ;
#4916 = CARTESIAN_POINT ( 'NONE',  ( -46.67968855580209464, 425.6509799489530224, -59.42366627028980730 ) ) ;
#4917 = ORIENTED_EDGE ( 'NONE', *, *, #3390, .T. ) ;
#4918 = ORIENTED_EDGE ( 'NONE', *, *, #3803, .T. ) ;
#4919 = DIRECTION ( 'NONE',  ( -0.4082482891357299692, 0.8164965835839528285, -0.4082482864795424771 ) ) ;
#4920 = CARTESIAN_POINT ( 'NONE',  ( -35.77968624802289810, 412.1021596379380298, -56.74161928296030055 ) ) ;
#4921 = FACE_OUTER_BOUND ( 'NONE', #4548, .T. ) ;
#4922 = CARTESIAN_POINT ( 'NONE',  ( -5.210935752098984075, 425.6509796791421536, -58.69101224023980734 ) ) ;
#4923 = CARTESIAN_POINT ( 'NONE',  ( -12.25711188505179905, 425.6530680701355323, -52.32558836416730941 ) ) ;
#4924 = VECTOR ( 'NONE', #1192, 1000.000000000000000 ) ;
#4925 = DIRECTION ( 'NONE',  ( 1.144575038127780029E-17, -2.503583117740240271E-15, 1.000000000000000000 ) ) ;
#4926 = DIRECTION ( 'NONE',  ( -6.506367291581810316E-09, -1.000000000000000000, -4.960594733056100343E-15 ) ) ;
#4927 = VERTEX_POINT ( 'NONE', #5422 ) ;
#4928 = CARTESIAN_POINT ( 'NONE',  ( -36.16080555165090971, 411.4004873008312302, -53.20168052178321716 ) ) ;
#4929 = EDGE_LOOP ( 'NONE', ( #2833, #2555, #4268, #5018, #5547, #5612, #4887, #2290 ) ) ;
#4930 = CARTESIAN_POINT ( 'NONE',  ( -32.31325491019269691, 415.3067090181775143, -48.90524068635239274 ) ) ;
#4931 =( BOUNDED_CURVE ( )  B_SPLINE_CURVE ( 3, ( #3026, #232, #5421, #1566 ),
 .UNSPECIFIED., .F., .T. ) 
 B_SPLINE_CURVE_WITH_KNOTS ( ( 4, 4 ),
 ( 4.335164646239880071, 4.649767066079310673 ),
 .UNSPECIFIED. ) 
 CURVE ( )  GEOMETRIC_REPRESENTATION_ITEM ( )  RATIONAL_B_SPLINE_CURVE ( ( 1.000000000000000000, 0.9917691026882500260, 0.9917691026882500260, 1.000000000000000000 ) ) 
 REPRESENTATION_ITEM ( '' )  );
#4932 = AXIS2_PLACEMENT_3D ( 'NONE', #3346, #3321, #5173 ) ;
#4933 = EDGE_LOOP ( 'NONE', ( #5680, #4691, #2496, #2841, #575 ) ) ;
#4934 = LINE ( 'NONE', #1642, #5273 ) ;
#4935 = VECTOR ( 'NONE', #389, 1000.000000000000114 ) ;
#4936 = CARTESIAN_POINT ( 'NONE',  ( -16.37969932478159762, 414.1349197083499689, -58.57799622278270135 ) ) ;
#4937 = EDGE_CURVE ( 'NONE', #2073, #2202, #5916, .T. ) ;
#4938 = ORIENTED_EDGE ( 'NONE', *, *, #5664, .F. ) ;
#4939 = DIRECTION ( 'NONE',  ( 1.195619062153779955E-16, -9.266570017105360319E-15, 1.000000000000000000 ) ) ;
#4940 = LINE ( 'NONE', #5909, #2315 ) ;
#4941 = CARTESIAN_POINT ( 'NONE',  ( -46.67968854929569744, 426.6509799489530224, -60.83499734764340161 ) ) ;
#4942 = AXIS2_PLACEMENT_3D ( 'NONE', #6, #2889, #5617 ) ;
#4943 = DIRECTION ( 'NONE',  ( -1.000000000000000000, 6.506351013513261599E-09, -2.775557561562888827E-14 ) ) ;
#4944 = FACE_BOUND ( 'NONE', #1123, .T. ) ;
#4945 = VERTEX_POINT ( 'NONE', #1322 ) ;
#4946 = EDGE_CURVE ( 'NONE', #4927, #4390, #1687, .T. ) ;
#4947 = CARTESIAN_POINT ( 'NONE',  ( -18.92177157746679939, 415.3072912614370011, -48.90524068635239274 ) ) ;
#4948 = CARTESIAN_POINT ( 'NONE',  ( -12.96257936448589909, 421.7638722372989832, -54.90524068635230037 ) ) ;
#4949 = CARTESIAN_POINT ( 'NONE',  ( -9.169338227103398964, 402.3898478646395347, -54.90524068635210142 ) ) ;
#4950 = CARTESIAN_POINT ( 'NONE',  ( -11.96257933919279992, 425.6509797230709751, -52.31945424872390049 ) ) ;
#4951 = AXIS2_PLACEMENT_3D ( 'NONE', #289, #4903, #744 ) ;
#4952 = ORIENTED_EDGE ( 'NONE', *, *, #3354, .F. ) ;
#4953 = ORIENTED_EDGE ( 'NONE', *, *, #5095, .T. ) ;
#4954 = EDGE_CURVE ( 'NONE', #2783, #5913, #347, .T. ) ;
#4955 = DIRECTION ( 'NONE',  ( 1.000000000000000000, 0.000000000000000000, 0.000000000000000000 ) ) ;
#4956 = CIRCLE ( 'NONE', #1015, 1.700000000000000178 ) ;
#4957 = CARTESIAN_POINT ( 'NONE',  ( -44.85651370592540133, 402.9067094726829623, -52.90524068635239985 ) ) ;
#4958 = CARTESIAN_POINT ( 'NONE',  ( -35.77968623384975189, 414.3177769684035638, -53.53501369718220104 ) ) ;
#4959 = CARTESIAN_POINT ( 'NONE',  ( -37.44632921933310143, 410.5354865985885340, -48.90524068635239274 ) ) ;
#4960 = CARTESIAN_POINT ( 'NONE',  ( -33.11432169783594759, 414.6403068756845300, -49.57214749242470475 ) ) ;
#4961 = DIRECTION ( 'NONE',  ( 1.000000000000000000, -6.506351013513267389E-09, -3.469446951953614189E-14 ) ) ;
#4962 = CARTESIAN_POINT ( 'NONE',  ( -15.03684239749209972, 411.6744617277554994, -48.90524068635239274 ) ) ;
#4963 = VERTEX_POINT ( 'NONE', #3189 ) ;
#4964 = DIRECTION ( 'NONE',  ( -6.506374386629579859E-09, -1.000000000000000000, -2.000000000000000155E-15 ) ) ;
#4965 = VERTEX_POINT ( 'NONE', #5055 ) ;
#4966 = EDGE_CURVE ( 'NONE', #6030, #5326, #2635, .T. ) ;
#4967 = B_SPLINE_CURVE_WITH_KNOTS ( 'NONE', 3,
 ( #3007, #5864, #4892, #2550 ),
 .UNSPECIFIED., .F., .F.,
 ( 4, 4 ),
 ( 0.000000000000000000, 1.000000000000000000 ),
 .UNSPECIFIED. ) ;
#4968 = DIRECTION ( 'NONE',  ( -2.623714052924220157E-16, 2.016370851295650306E-15, -1.000000000000000000 ) ) ;
#4969 = DIRECTION ( 'NONE',  ( -6.506376818286059772E-09, -1.000000000000000000, 7.825876531461501208E-15 ) ) ;
#4970 = VECTOR ( 'NONE', #3540, 1000.000000000000000 ) ;
#4971 = CARTESIAN_POINT ( 'NONE',  ( -32.31236353176135623, 414.3067089143220301, -53.86834703040519656 ) ) ;
#4972 = VERTEX_POINT ( 'NONE', #5459 ) ;
#4973 = DIRECTION ( 'NONE',  ( 0.000000000000000000, -2.277555759156820351E-15, 1.000000000000000000 ) ) ;
#4974 = CARTESIAN_POINT ( 'NONE',  ( -15.26027337059080047, 408.5526565490615098, -49.90523945032330033 ) ) ;
#4975 =( BOUNDED_CURVE ( )  B_SPLINE_CURVE ( 3, ( #6097, #1395, #3265, #4010 ),
 .UNSPECIFIED., .F., .F. ) 
 B_SPLINE_CURVE_WITH_KNOTS ( ( 4, 4 ),
 ( 4.712388980384700332, 5.497787143783630093 ),
 .UNSPECIFIED. ) 
 CURVE ( )  GEOMETRIC_REPRESENTATION_ITEM ( )  RATIONAL_B_SPLINE_CURVE ( ( 1.000000000000000000, 0.9492530216740029392, 0.9492530216740029392, 1.000000000000000000 ) ) 
 REPRESENTATION_ITEM ( '' )  );
#4976 = ORIENTED_EDGE ( 'NONE', *, *, #176, .T. ) ;
#4977 = AXIS2_PLACEMENT_3D ( 'NONE', #136, #2822, #4278 ) ;
#4978 = CARTESIAN_POINT ( 'NONE',  ( -41.71250673438999712, 410.8903404356204874, -49.90524068635239274 ) ) ;
#4979 = CARTESIAN_POINT ( 'NONE',  ( -45.19680613502329436, 415.7749752926744691, -48.90524068635239274 ) ) ;
#4980 = CARTESIAN_POINT ( 'NONE',  ( -14.14252238399339845, 407.9564536999994857, -49.57197312385569887 ) ) ;
#4981 = CARTESIAN_POINT ( 'NONE',  ( -33.17790427601614311, 414.3069569418112224, -49.90499276271733464 ) ) ;
#4982 = EDGE_CURVE ( 'NONE', #2482, #5139, #4765, .T. ) ;
#4983 = DIRECTION ( 'NONE',  ( -6.506368360748021367E-09, -1.000000000000000000, -6.938893903907222067E-15 ) ) ;
#4984 = VERTEX_POINT ( 'NONE', #4505 ) ;
#4985 = CARTESIAN_POINT ( 'NONE',  ( -3.302872000005405262, 402.9067092283455054, -49.10524068635240269 ) ) ;
#4986 = CARTESIAN_POINT ( 'NONE',  ( -20.77969492813785379, 430.8816339317774577, -52.53501369717660197 ) ) ;
#4987 = CARTESIAN_POINT ( 'NONE',  ( -5.461846126812489821, 398.9151014818794465, -54.90524068635230037 ) ) ;
#4988 = LINE ( 'NONE', #789, #3486 ) ;
#4989 = EDGE_CURVE ( 'NONE', #4965, #3618, #1182, .T. ) ;
#4990 = ORIENTED_EDGE ( 'NONE', *, *, #5026, .F. ) ;
#4991 = VECTOR ( 'NONE', #3441, 1000.000000000000000 ) ;
#4992 = ORIENTED_EDGE ( 'NONE', *, *, #985, .T. ) ;
#4993 = ORIENTED_EDGE ( 'NONE', *, *, #4982, .F. ) ;
#4994 = DIRECTION ( 'NONE',  ( -0.5807165667722254954, 0.8141058095089847013, 0.000000000000000000 ) ) ;
#4995 = DIRECTION ( 'NONE',  ( 1.301128901022753995E-23, 1.999999999127414681E-15, -1.000000000000000000 ) ) ;
#4996 = AXIS2_PLACEMENT_3D ( 'NONE', #74, #1158, #3866 ) ;
#4997 = DIRECTION ( 'NONE',  ( -0.5000000046005640408, -0.7071067779335548087, 0.4999999999998622768 ) ) ;
#4998 = AXIS2_PLACEMENT_3D ( 'NONE', #1313, #2731, #4604 ) ;
#4999 = CARTESIAN_POINT ( 'NONE',  ( -43.55437449286614537, 402.8930818471267230, -55.84115930241279102 ) ) ;
#5000 = EDGE_CURVE ( 'NONE', #472, #4963, #725, .T. ) ;
#5001 = CARTESIAN_POINT ( 'NONE',  ( -39.20692435766960671, 425.8409305988110418, -49.91504393809215401 ) ) ;
#5002 = ORIENTED_EDGE ( 'NONE', *, *, #525, .T. ) ;
#5003 = CARTESIAN_POINT ( 'NONE',  ( -5.397102595110720102, 399.9130034184960323, -54.90524068635230037 ) ) ;
#5004 = ORIENTED_EDGE ( 'NONE', *, *, #3328, .T. ) ;
#5005 = FACE_OUTER_BOUND ( 'NONE', #1949, .T. ) ;
#5006 = CARTESIAN_POINT ( 'NONE',  ( -16.37969934968975139, 412.6102797144300212, -55.12964010475779730 ) ) ;
#5007 = CARTESIAN_POINT ( 'NONE',  ( -36.16104934285390016, 411.3996287727364916, -54.53501417193740508 ) ) ;
#5008 = EDGE_CURVE ( 'NONE', #304, #1816, #6075, .T. ) ;
#5009 = EDGE_CURVE ( 'NONE', #4130, #2858, #1220, .T. ) ;
#5010 = CARTESIAN_POINT ( 'NONE',  ( -50.95651370592539564, 402.9067095259960070, -49.90524068635249932 ) ) ;
#5011 = DIRECTION ( 'NONE',  ( -1.621767530685324710E-16, -2.294569782603270343E-15, 1.000000000000000000 ) ) ;
#5012 = CARTESIAN_POINT ( 'NONE',  ( -11.20548870293730026, 405.3763964256240229, -54.90524030621049434 ) ) ;
#5013 = ORIENTED_EDGE ( 'NONE', *, *, #5468, .F. ) ;
#5014 = CARTESIAN_POINT ( 'NONE',  ( -36.04556179435129337, 425.8682874654214743, -56.11060095338010001 ) ) ;
#5015 = DIRECTION ( 'NONE',  ( -6.506367656620550361E-09, -1.000000000000000000, -4.960594733712390017E-15 ) ) ;
#5016 = SPHERICAL_SURFACE ( 'NONE', #2067, 1.000000000000000000 ) ;
#5017 = CARTESIAN_POINT ( 'NONE',  ( -39.19680636246120287, 426.6539225664434980, -49.49026096964360022 ) ) ;
#5018 = ORIENTED_EDGE ( 'NONE', *, *, #3399, .F. ) ;
#5019 = CARTESIAN_POINT ( 'NONE',  ( -31.27158739843875068, 419.6497287028755068, -48.90524068635230037 ) ) ;
#5020 = DIRECTION ( 'NONE',  ( -6.505729242866690735E-09, -1.000000000000000000, -2.969724653077369616E-13 ) ) ;
#5021 = CARTESIAN_POINT ( 'NONE',  ( -16.37969924334749905, 426.6509797518104961, -54.90524068635230037 ) ) ;
#5022 = FILL_AREA_STYLE_COLOUR ( '', #3698 ) ;
#5023 = CARTESIAN_POINT ( 'NONE',  ( -11.96257933919279992, 425.6509797230709751, -52.31945424872390049 ) ) ;
#5024 = VERTEX_POINT ( 'NONE', #4082 ) ;
#5025 = ADVANCED_FACE ( 'NONE', ( #4116 ), #1832, .F. ) ;
#5026 = EDGE_CURVE ( 'NONE', #623, #606, #337, .T. ) ;
#5027 = VERTEX_POINT ( 'NONE', #3128 ) ;
#5028 = DIRECTION ( 'NONE',  ( 0.000000000000000000, 2.000000001555829892E-15, -1.000000000000000000 ) ) ;
#5029 = CARTESIAN_POINT ( 'NONE',  ( -46.95651370592540275, 402.9067095000099243, -55.90524068635239985 ) ) ;
#5030 = CARTESIAN_POINT ( 'NONE',  ( -46.95651370592540275, 402.9067095000099243, -48.90524068635239274 ) ) ;
#5031 = DIRECTION ( 'NONE',  ( 0.000000000000000000, 2.277555759621225133E-15, -1.000000000000000000 ) ) ;
#5032 = AXIS2_PLACEMENT_3D ( 'NONE', #2171, #3093, #1841 ) ;
#5033 = CARTESIAN_POINT ( 'NONE',  ( -5.479696821631799608, 430.6509796807269481, -60.83499734764340161 ) ) ;
#5034 = CARTESIAN_POINT ( 'NONE',  ( -40.95389665444229621, 405.3763989636415204, -49.90524068635230037 ) ) ;
#5035 = ORIENTED_EDGE ( 'NONE', *, *, #1880, .F. ) ;
#5036 = FACE_OUTER_BOUND ( 'NONE', #1116, .T. ) ;
#5037 = EDGE_LOOP ( 'NONE', ( #4384, #2820, #5922, #225 ) ) ;
#5038 = LINE ( 'NONE', #807, #2959 ) ;
#5039 = CARTESIAN_POINT ( 'NONE',  ( -39.63141359457793556, 426.0365604509975128, -50.62333955411986608 ) ) ;
#5040 = CIRCLE ( 'NONE', #3156, 7.000000000000005329 ) ;
#5041 = CARTESIAN_POINT ( 'NONE',  ( -46.95651370592540275, 402.9067095000099243, -49.10524068635240269 ) ) ;
#5042 = CARTESIAN_POINT ( 'NONE',  ( -16.37969932478159762, 414.1349240674470025, -48.53457388906080183 ) ) ;
#5043 = CIRCLE ( 'NONE', #310, 2.000000000000002665 ) ;
#5044 = ORIENTED_EDGE ( 'NONE', *, *, #2198, .T. ) ;
#5045 = CARTESIAN_POINT ( 'NONE',  ( -36.77992575701449596, 425.3999073375805438, -56.08796838927440120 ) ) ;
#5046 = EDGE_CURVE ( 'NONE', #4350, #2840, #3099, .T. ) ;
#5047 = EDGE_LOOP ( 'NONE', ( #502, #3040, #785, #2333 ) ) ;
#5048 = EDGE_CURVE ( 'NONE', #1749, #1329, #299, .T. ) ;
#5049 = AXIS2_PLACEMENT_3D ( 'NONE', #4745, #19, #5696 ) ;
#5050 = AXIS2_PLACEMENT_3D ( 'NONE', #679, #3968, #4842 ) ;
#5051 = CIRCLE ( 'NONE', #2342, 1.000000000000000888 ) ;
#5052 = FACE_OUTER_BOUND ( 'NONE', #2165, .T. ) ;
#5053 = VECTOR ( 'NONE', #3496, 1000.000000000000000 ) ;
#5054 = ORIENTED_EDGE ( 'NONE', *, *, #3215, .F. ) ;
#5055 = CARTESIAN_POINT ( 'NONE',  ( -10.44687886765190044, 410.8903402321950011, -54.90524068635239985 ) ) ;
#5056 = CARTESIAN_POINT ( 'NONE',  ( -11.20548870293730026, 405.3763964256240229, -54.90524030621049434 ) ) ;
#5057 = AXIS2_PLACEMENT_3D ( 'NONE', #4670, #2422, #2335 ) ;
#5058 = EDGE_CURVE ( 'NONE', #4171, #4259, #854, .T. ) ;
#5059 = B_SPLINE_CURVE_WITH_KNOTS ( 'NONE', 3,
 ( #2862, #3678, #2801, #490, #1381, #517, #3249, #5152, #436, #4672 ),
 .UNSPECIFIED., .F., .F.,
 ( 4, 1, 1, 2, 2, 4 ),
 ( 0.000000000000000000, 0.2500000000000306977, 0.3750000000000493494, 0.4375000000000529021, 0.5000000000000563993, 1.000000000000000000 ),
 .UNSPECIFIED. ) ;
#5060 = CARTESIAN_POINT ( 'NONE',  ( -5.202872000005400288, 402.9067092283455054, -55.66524068635239786 ) ) ;
#5061 = DIRECTION ( 'NONE',  ( -1.000000000000000000, 0.000000000000000000, 0.000000000000000000 ) ) ;
#5062 = ORIENTED_EDGE ( 'NONE', *, *, #1880, .T. ) ;
#5063 = ORIENTED_EDGE ( 'NONE', *, *, #858, .F. ) ;
#5064 = CARTESIAN_POINT ( 'NONE',  ( -15.03669087191139830, 411.6739284486455404, -48.90524070073190188 ) ) ;
#5065 = DIRECTION ( 'NONE',  ( -6.506364891301069414E-09, -1.000000000000000000, -6.938893903907222067E-15 ) ) ;
#5066 = DIRECTION ( 'NONE',  ( 0.7071067811865465735, -4.600700403978186777E-09, 0.7071067811865485719 ) ) ;
#5067 = B_SPLINE_CURVE_WITH_KNOTS ( 'NONE', 3,
 ( #1825, #6054, #372, #5023 ),
 .UNSPECIFIED., .F., .F.,
 ( 4, 4 ),
 ( 0.000000000000000000, 1.000000000000000000 ),
 .UNSPECIFIED. ) ;
#5068 = CARTESIAN_POINT ( 'NONE',  ( -12.96210226152830103, 424.8436043652225180, -51.52573051841139318 ) ) ;
#5069 = EDGE_CURVE ( 'NONE', #1863, #5439, #3369, .T. ) ;
#5070 = CARTESIAN_POINT ( 'NONE',  ( -39.31241842080387983, 426.3075553276350433, -50.02079776402449340 ) ) ;
#5071 = CARTESIAN_POINT ( 'NONE',  ( -5.202872000005400288, 402.9067092283455054, -52.90524068635239985 ) ) ;
#5072 = B_SPLINE_CURVE_WITH_KNOTS ( 'NONE', 3,
 ( #4841, #5443, #4332, #2557 ),
 .UNSPECIFIED., .F., .F.,
 ( 4, 4 ),
 ( 0.000000000000000000, 1.000000000000000000 ),
 .UNSPECIFIED. ) ;
#5073 = ORIENTED_EDGE ( 'NONE', *, *, #2344, .T. ) ;
#5074 = CONICAL_SURFACE ( 'NONE', #5168, 1.899999999999999245, 0.7853981633974476129 ) ;
#5075 = CARTESIAN_POINT ( 'NONE',  ( -41.93048413466009805, 425.8509799179710171, -58.09332458483159911 ) ) ;
#5076 = VERTEX_POINT ( 'NONE', #1678 ) ;
#5077 = CYLINDRICAL_SURFACE ( 'NONE', #1090, 2.000000000000001776 ) ;
#5078 = DIRECTION ( 'NONE',  ( 0.7071067811865470176, 1.209738518037807975E-15, -0.7071067811865480168 ) ) ;
#5079 = LINE ( 'NONE', #3629, #2965 ) ;
#5080 = EDGE_CURVE ( 'NONE', #1608, #3397, #5200, .T. ) ;
#5081 = EDGE_LOOP ( 'NONE', ( #2927, #31, #3801, #3758 ) ) ;
#5082 = DIRECTION ( 'NONE',  ( 0.7071067811865465735, -4.600700403978186777E-09, 0.7071067811865485719 ) ) ;
#5083 = CARTESIAN_POINT ( 'NONE',  ( -16.37969932478159762, 414.1349205053830360, -56.74162016520610052 ) ) ;
#5084 = EDGE_LOOP ( 'NONE', ( #5773, #4061, #2468, #2280 ) ) ;
#5085 = DIRECTION ( 'NONE',  ( 1.000000000000000000, 0.000000000000000000, 0.000000000000000000 ) ) ;
#5086 = VECTOR ( 'NONE', #3062, 1000.000000000000000 ) ;
#5087 = DIRECTION ( 'NONE',  ( -1.000000000000000000, 6.506356300289575995E-09, 0.000000000000000000 ) ) ;
#5088 = EDGE_CURVE ( 'NONE', #2158, #1432, #4940, .T. ) ;
#5089 = CARTESIAN_POINT ( 'NONE',  ( -39.19693448380390066, 424.8514302675999943, -51.72278194181760114 ) ) ;
#5090 = VERTEX_POINT ( 'NONE', #1213 ) ;
#5091 = CARTESIAN_POINT ( 'NONE',  ( -25.41325099599495019, 424.6509798105859659, -55.90524068635230037 ) ) ;
#5092 = DIRECTION ( 'NONE',  ( -0.7071067811865470176, 4.600692178097250451E-09, 0.7071067811865480168 ) ) ;
#5093 = CARTESIAN_POINT ( 'NONE',  ( -10.11053073746030861, 404.7730964703164886, -49.90524053801219395 ) ) ;
#5094 = CARTESIAN_POINT ( 'NONE',  ( -42.43570785642565113, 405.7016903161971300, -55.90524068635239985 ) ) ;
#5095 = EDGE_CURVE ( 'NONE', #2487, #1713, #4074, .T. ) ;
#5096 = LINE ( 'NONE', #2773, #1043 ) ;
#5097 = ORIENTED_EDGE ( 'NONE', *, *, #110, .F. ) ;
#5098 = CARTESIAN_POINT ( 'NONE',  ( -20.77969493204700058, 430.2807527912474939, -52.53501369717680092 ) ) ;
#5099 = DIRECTION ( 'NONE',  ( -1.000000000000000000, -5.204170427934169143E-18, 2.305847820375319889E-16 ) ) ;
#5100 = CARTESIAN_POINT ( 'NONE',  ( -42.82854439520770029, 403.6292449516654983, -55.12964003498540677 ) ) ;
#5101 = AXIS2_PLACEMENT_3D ( 'NONE', #3028, #1567, #581 ) ;
#5102 = DIRECTION ( 'NONE',  ( -1.000000000000000000, 6.506367353872409770E-09, -1.056857030469651961E-16 ) ) ;
#5103 = DIRECTION ( 'NONE',  ( -0.8890209735049623418, -0.4578664747153795567, -1.156482317317871922E-15 ) ) ;
#5104 = DIRECTION ( 'NONE',  ( 0.000000000000000000, 2.277555759621225133E-15, -1.000000000000000000 ) ) ;
#5105 = ORIENTED_EDGE ( 'NONE', *, *, #2332, .T. ) ;
#5106 = AXIS2_PLACEMENT_3D ( 'NONE', #1385, #4648, #4885 ) ;
#5107 = ORIENTED_EDGE ( 'NONE', *, *, #4270, .T. ) ;
#5108 = CARTESIAN_POINT ( 'NONE',  ( -36.77331210696129915, 409.1442317127455226, -55.65404213253560073 ) ) ;
#5109 = CARTESIAN_POINT ( 'NONE',  ( -40.23048413335889961, 426.0509799068285020, -58.09332458483159911 ) ) ;
#5110 = CARTESIAN_POINT ( 'NONE',  ( -48.10038896888439552, 419.8455043402195201, -54.90524068635230037 ) ) ;
#5111 = ORIENTED_EDGE ( 'NONE', *, *, #5587, .F. ) ;
#5112 = CARTESIAN_POINT ( 'NONE',  ( -43.98166404064620139, 402.5190634385194812, -55.50524068635239416 ) ) ;
#5113 = DIRECTION ( 'NONE',  ( 1.000000000000000000, -6.506364891301070241E-09, 4.440892056593770290E-15 ) ) ;
#5114 = ORIENTED_EDGE ( 'NONE', *, *, #3983, .F. ) ;
#5115 = CARTESIAN_POINT ( 'NONE',  ( -37.12254319433660044, 411.6744618714874946, -48.90524068635239274 ) ) ;
#5116 = EDGE_CURVE ( 'NONE', #1606, #1472, #1647, .T. ) ;
#5117 = ORIENTED_EDGE ( 'NONE', *, *, #509, .T. ) ;
#5118 = CARTESIAN_POINT ( 'NONE',  ( -16.13559858315069917, 425.4134315913294699, -55.65833891849480608 ) ) ;
#5119 = ORIENTED_EDGE ( 'NONE', *, *, #2662, .T. ) ;
#5120 = CARTESIAN_POINT ( 'NONE',  ( -16.37969933800750155, 412.1021603262128110, -54.90524031004851935 ) ) ;
#5121 = CARTESIAN_POINT ( 'NONE',  ( -5.202872000005400288, 402.9067092283455054, -49.10524068635240269 ) ) ;
#5122 = VERTEX_POINT ( 'NONE', #293 ) ;
#5123 = CARTESIAN_POINT ( 'NONE',  ( -36.07285971584914819, 425.2369168089535378, -55.61227222149779692 ) ) ;
#5124 = CARTESIAN_POINT ( 'NONE',  ( -39.77639566535270177, 425.7824374546765398, -51.05389806065990399 ) ) ;
#5125 = CARTESIAN_POINT ( 'NONE',  ( -1.810953641160105043, 402.9067092242274839, -55.82524068635239445 ) ) ;
#5126 = EDGE_CURVE ( 'NONE', #3243, #2693, #5470, .T. ) ;
#5127 = CARTESIAN_POINT ( 'NONE',  ( -46.99035331756400069, 426.6509799509744880, -59.11300150202149695 ) ) ;
#5128 = CARTESIAN_POINT ( 'NONE',  ( -13.25547258329936184, 421.7638722392049999, -55.61234746753889624 ) ) ;
#5129 = DIRECTION ( 'NONE',  ( -2.602545953432480038E-23, -1.999999997626979940E-15, 1.000000000000000000 ) ) ;
#5130 = VERTEX_POINT ( 'NONE', #5246 ) ;
#5131 = B_SPLINE_CURVE_WITH_KNOTS ( 'NONE', 3,
 ( #568, #3934, #5762, #5729 ),
 .UNSPECIFIED., .F., .F.,
 ( 4, 4 ),
 ( 1.067667645970930002, 1.443478216807760006 ),
 .UNSPECIFIED. ) ;
#5132 = VERTEX_POINT ( 'NONE', #4763 ) ;
#5133 = DIRECTION ( 'NONE',  ( 6.505646275490359098E-09, 1.000000000000000000, 2.277555755284120335E-15 ) ) ;
#5134 = VECTOR ( 'NONE', #5102, 1000.000000000000000 ) ;
#5135 = LINE ( 'NONE', #1708, #519 ) ;
#5136 = CARTESIAN_POINT ( 'NONE',  ( -39.19680613502330147, 415.7749752536404912, -49.90524068635239274 ) ) ;
#5137 = LINE ( 'NONE', #4193, #1170 ) ;
#5138 = AXIS2_PLACEMENT_3D ( 'NONE', #4693, #483, #58 ) ;
#5139 = VERTEX_POINT ( 'NONE', #1944 ) ;
#5140 = DIRECTION ( 'NONE',  ( 0.8890209675468652151, -0.4578664862839772476, -1.156482317317871331E-15 ) ) ;
#5141 = VECTOR ( 'NONE', #4455, 1000.000000000000000 ) ;
#5142 = EDGE_LOOP ( 'NONE', ( #5642, #4166, #2821, #2421, #674, #1168, #1511, #106, #597 ) ) ;
#5143 = CARTESIAN_POINT ( 'NONE',  ( -32.37969041376270241, 430.8816340072519893, -52.53501369717660197 ) ) ;
#5144 = CIRCLE ( 'NONE', #2464, 2.000000000000001776 ) ;
#5145 = ORIENTED_EDGE ( 'NONE', *, *, #2824, .T. ) ;
#5146 = EDGE_CURVE ( 'NONE', #1010, #4807, #5687, .T. ) ;
#5147 = AXIS2_PLACEMENT_3D ( 'NONE', #763, #4919, #1628 ) ;
#5148 = EDGE_LOOP ( 'NONE', ( #4299, #361, #4902, #997, #5117, #3971, #4503 ) ) ;
#5149 = DIRECTION ( 'NONE',  ( 1.000000000000000000, -6.505646263245463869E-09, 0.000000000000000000 ) ) ;
#5150 = DIRECTION ( 'NONE',  ( 0.000000000000000000, -2.000000000000000155E-15, 1.000000000000000000 ) ) ;
#5151 = CARTESIAN_POINT ( 'NONE',  ( -39.67481941271097412, 425.5432068069871434, -52.31945412263774386 ) ) ;
#5152 = CARTESIAN_POINT ( 'NONE',  ( -35.42985059749803867, 412.9692034863493859, -53.53501369718245684 ) ) ;
#5153 = LINE ( 'NONE', #2802, #2596 ) ;
#5154 = ADVANCED_FACE ( 'NONE', ( #1448 ), #4264, .T. ) ;
#5155 = ORIENTED_EDGE ( 'NONE', *, *, #3852, .F. ) ;
#5156 = VECTOR ( 'NONE', #5981, 1000.000000000000000 ) ;
#5157 = CARTESIAN_POINT ( 'NONE',  ( -2.359229486661905018, 403.8625843542405391, -55.50524068635239416 ) ) ;
#5158 = VECTOR ( 'NONE', #91, 1000.000000000000000 ) ;
#5159 = CARTESIAN_POINT ( 'NONE',  ( -39.19680607727919863, 424.6509799002674868, -52.31945424872390049 ) ) ;
#5160 = PLANE ( 'NONE',  #1854 ) ;
#5161 = EDGE_CURVE ( 'NONE', #3350, #1749, #4702, .T. ) ;
#5162 = ORIENTED_EDGE ( 'NONE', *, *, #3355, .T. ) ;
#5163 = DIRECTION ( 'NONE',  ( -4.600696559831169980E-09, -0.7071067811865302533, -0.7071067811865648922 ) ) ;
#5164 = CARTESIAN_POINT ( 'NONE',  ( -50.34843206477069799, 402.9067095400304765, -55.82524068635239445 ) ) ;
#5165 = CARTESIAN_POINT ( 'NONE',  ( -36.07257937702064510, 425.9438730987539543, -61.54210412883099934 ) ) ;
#5166 = DIRECTION ( 'NONE',  ( -0.8890209735049601214, -0.4578664747153833314, 0.000000000000000000 ) ) ;
#5167 = UNCERTAINTY_MEASURE_WITH_UNIT (LENGTH_MEASURE( 1.000000000000000082E-05 ), #5284, 'distance_accuracy_value', 'NONE');
#5168 = AXIS2_PLACEMENT_3D ( 'NONE', #3235, #2730, #391 ) ;
#5169 = ORIENTED_EDGE ( 'NONE', *, *, #3341, .F. ) ;
#5170 = DIRECTION ( 'NONE',  ( -0.7071067811865510144, 4.600209102534330335E-09, -0.7071067811865441310 ) ) ;
#5171 = ADVANCED_FACE ( 'NONE', ( #5974 ), #1747, .T. ) ;
#5172 = ORIENTED_EDGE ( 'NONE', *, *, #5442, .T. ) ;
#5173 = DIRECTION ( 'NONE',  ( -1.000000000000000000, 0.000000000000000000, 0.000000000000000000 ) ) ;
#5174 = CARTESIAN_POINT ( 'NONE',  ( -48.65651370592539848, 402.9067095221314503, -55.90524068635230037 ) ) ;
#5175 = DIRECTION ( 'NONE',  ( -6.496581050896558567E-09, -0.9999999999999997780, -1.954846928935359635E-08 ) ) ;
#5176 = CARTESIAN_POINT ( 'NONE',  ( -15.75274587457260012, 424.7537744299714859, -55.85336744088809979 ) ) ;
#5177 = CIRCLE ( 'NONE', #4572, 0.9999999999999988898 ) ;
#5178 = B_SPLINE_CURVE_WITH_KNOTS ( 'NONE', 3,
 ( #3588, #835, #1232, #348, #3106 ),
 .UNSPECIFIED., .F., .F.,
 ( 4, 1, 4 ),
 ( 0.000000000000000000, 0.8570517014936910316, 1.000000000000000000 ),
 .UNSPECIFIED. ) ;
#5179 = ORIENTED_EDGE ( 'NONE', *, *, #700, .T. ) ;
#5180 = CARTESIAN_POINT ( 'NONE',  ( -13.25547260783040038, 415.7749750848569761, -55.61234745309969441 ) ) ;
#5181 = ADVANCED_FACE ( 'NONE', ( #2655 ), #4528, .T. ) ;
#5182 = DIRECTION ( 'NONE',  ( 0.000000000000000000, 0.000000000000000000, -1.000000000000000000 ) ) ;
#5183 = AXIS2_PLACEMENT_3D ( 'NONE', #5297, #572, #1052 ) ;
#5184 = CARTESIAN_POINT ( 'NONE',  ( -4.479696847657200109, 426.6509796743839615, -58.38812317138010144 ) ) ;
#5185 = AXIS2_PLACEMENT_3D ( 'NONE', #5764, #1438, #5295 ) ;
#5186 = CARTESIAN_POINT ( 'NONE',  ( -1.941593094108599926, 402.9067092243859634, -55.71857401968569690 ) ) ;
#5187 = EDGE_CURVE ( 'NONE', #1582, #5497, #3119, .T. ) ;
#5188 = DIRECTION ( 'NONE',  ( -6.507005128607619561E-09, -1.000000000000000000, -2.969724653045079583E-13 ) ) ;
#5189 = CARTESIAN_POINT ( 'NONE',  ( -49.98605361857509877, 404.1469043469249414, -55.76570880198670466 ) ) ;
#5190 = ORIENTED_EDGE ( 'NONE', *, *, #28, .F. ) ;
#5191 = ORIENTED_EDGE ( 'NONE', *, *, #4322, .F. ) ;
#5192 = CARTESIAN_POINT ( 'NONE',  ( -42.04885472627110232, 404.7730947750520158, -54.90524185810009783 ) ) ;
#5193 = CARTESIAN_POINT ( 'NONE',  ( -16.37969933470064987, 412.6104036187709880, -54.90524062018450024 ) ) ;
#5194 = CYLINDRICAL_SURFACE ( 'NONE', #730, 1.000000000000001332 ) ;
#5195 = CARTESIAN_POINT ( 'NONE',  ( -11.92890127140170087, 426.0509797226879982, -58.09332458483159911 ) ) ;
#5196 = B_SPLINE_CURVE_WITH_KNOTS ( 'NONE', 3,
 ( #1389, #2751, #2256, #5034 ),
 .UNSPECIFIED., .F., .F.,
 ( 4, 4 ),
 ( 0.000000000000000000, 1.000000000000000000 ),
 .UNSPECIFIED. ) ;
#5197 = ORIENTED_EDGE ( 'NONE', *, *, #255, .F. ) ;
#5198 = CARTESIAN_POINT ( 'NONE',  ( -8.482921662224301329, 403.1008759858470398, -55.74009245964199977 ) ) ;
#5199 = VECTOR ( 'NONE', #2571, 1000.000000000000000 ) ;
#5200 = B_SPLINE_CURVE_WITH_KNOTS ( 'NONE', 3,
 ( #1174, #5452, #3091, #5414, #2592, #4463 ),
 .UNSPECIFIED., .F., .F.,
 ( 4, 2, 4 ),
 ( -0.09733654250457099422, -0.04866827125199420234, 0.000000000000000000 ),
 .UNSPECIFIED. ) ;
#5201 = ORIENTED_EDGE ( 'NONE', *, *, #1648, .T. ) ;
#5202 = VECTOR ( 'NONE', #3921, 1000.000000000000114 ) ;
#5203 = EDGE_LOOP ( 'NONE', ( #4282, #2376, #1348, #1031 ) ) ;
#5204 = CARTESIAN_POINT ( 'NONE',  ( -45.05651370592540417, 402.9067094752854246, -49.10524068635240269 ) ) ;
#5205 = CARTESIAN_POINT ( 'NONE',  ( -9.169338227103398964, 402.3898478646395347, -54.90524068635239985 ) ) ;
#5206 = EDGE_CURVE ( 'NONE', #816, #4336, #1025, .T. ) ;
#5207 = EDGE_CURVE ( 'NONE', #2027, #3397, #5153, .T. ) ;
#5208 = AXIS2_PLACEMENT_3D ( 'NONE', #907, #24, #3788 ) ;
#5209 = PLANE ( 'NONE',  #1930 ) ;
#5210 = ORIENTED_EDGE ( 'NONE', *, *, #5372, .T. ) ;
#5211 = ORIENTED_EDGE ( 'NONE', *, *, #5685, .F. ) ;
#5212 = CARTESIAN_POINT ( 'NONE',  ( -19.84613097186464969, 414.3067089370620124, -52.53501369718139813 ) ) ;
#5213 = CARTESIAN_POINT ( 'NONE',  ( -43.54276826933330113, 403.1086360275570541, -55.85751834628720047 ) ) ;
#5214 = VECTOR ( 'NONE', #3755, 1000.000000000000000 ) ;
#5215 = ORIENTED_EDGE ( 'NONE', *, *, #2093, .F. ) ;
#5216 = LINE ( 'NONE', #5305, #917 ) ;
#5217 = DIRECTION ( 'NONE',  ( 0.8890209675468652151, -0.4578664862839772476, -1.156482317317871331E-15 ) ) ;
#5218 =( LENGTH_UNIT ( ) NAMED_UNIT ( * ) SI_UNIT ( .MILLI., .METRE. ) );
#5219 = CARTESIAN_POINT ( 'NONE',  ( -49.86233601131419846, 404.0962792147730056, -55.63547474416949967 ) ) ;
#5220 = EDGE_CURVE ( 'NONE', #680, #5662, #448, .T. ) ;
#5221 = ORIENTED_EDGE ( 'NONE', *, *, #5146, .F. ) ;
#5222 = B_SPLINE_CURVE_WITH_KNOTS ( 'NONE', 3,
 ( #1230, #3105, #3587, #4999, #2188, #1736 ),
 .UNSPECIFIED., .F., .F.,
 ( 4, 2, 4 ),
 ( 0.000000000000000000, 0.5000000000000000000, 1.000000000000000000 ),
 .UNSPECIFIED. ) ;
#5223 = B_SPLINE_SURFACE_WITH_KNOTS ( 'NONE', 3, 3, ( 
 ( #2479, #2047, #5361, #4497, #5582 ),
 ( #5520, #1345, #3668, #1281, #394 ),
 ( #4534, #6012, #5451, #3213, #362 ),
 ( #5115, #879, #1714, #2659, #3183 ) ),
 .UNSPECIFIED., .F., .F., .F.,
 ( 4, 4 ),
 ( 4, 1, 4 ),
 ( -9.865625873710320664E-05, 1.000000000000000000 ),
 ( 0.2778876420651429924, 0.6739963236666379753, 1.070104695841900044 ),
 .UNSPECIFIED. ) ;
#5224 = ORIENTED_EDGE ( 'NONE', *, *, #3451, .F. ) ;
#5225 = CARTESIAN_POINT ( 'NONE',  ( -42.99004748555320532, 402.3898480846894472, -54.90524068635239985 ) ) ;
#5226 = CARTESIAN_POINT ( 'NONE',  ( -50.03368056693319943, 403.5837984126735023, -55.62148295819379484 ) ) ;
#5227 = CARTESIAN_POINT ( 'NONE',  ( -36.51092505328992388, 426.3822187807274418, -61.83499734764351530 ) ) ;
#5228 = DIRECTION ( 'NONE',  ( 0.000000000000000000, -2.969724642305460071E-13, 1.000000000000000000 ) ) ;
#5229 = DIRECTION ( 'NONE',  ( -6.506367079892499981E-09, -1.000000000000000000, -4.960594733056100343E-15 ) ) ;
#5230 = ORIENTED_EDGE ( 'NONE', *, *, #1058, .T. ) ;
#5231 = DIRECTION ( 'NONE',  ( 0.7529914420891924420, 0.6580303094390397289, 1.387778780781446464E-15 ) ) ;
#5232 = ORIENTED_EDGE ( 'NONE', *, *, #3544, .F. ) ;
#5233 = DIRECTION ( 'NONE',  ( 2.602546650409819904E-23, 2.000000000000000155E-15, -1.000000000000000000 ) ) ;
#5234 = CARTESIAN_POINT ( 'NONE',  ( -15.37969924334749905, 426.6509797453039710, -61.83499734764340161 ) ) ;
#5235 = VECTOR ( 'NONE', #2681, 1000.000000000000000 ) ;
#5236 = CARTESIAN_POINT ( 'NONE',  ( -8.177721670328899961, 402.5190632055659989, -55.50524068635239416 ) ) ;
#5237 = CARTESIAN_POINT ( 'NONE',  ( -49.95651369887920623, 403.9897861918215085, -54.90524068635239985 ) ) ;
#5238 = LINE ( 'NONE', #2887, #4786 ) ;
#5239 = ORIENTED_EDGE ( 'NONE', *, *, #5804, .T. ) ;
#5240 = EDGE_CURVE ( 'NONE', #2810, #1723, #3393, .T. ) ;
#5241 = EDGE_CURVE ( 'NONE', #804, #3767, #2541, .T. ) ;
#5242 = DIRECTION ( 'NONE',  ( 0.8944271921638307088, 0.4472135931721283875, 0.000000000000000000 ) ) ;
#5243 = CARTESIAN_POINT ( 'NONE',  ( -43.56526949144380012, 402.6790407188589711, -55.82532352895910321 ) ) ;
#5244 = AXIS2_PLACEMENT_3D ( 'NONE', #2138, #2593, #3055 ) ;
#5245 = ORIENTED_EDGE ( 'NONE', *, *, #720, .F. ) ;
#5246 = CARTESIAN_POINT ( 'NONE',  ( -35.77968615360539673, 426.6509798780339793, -60.83499734764340161 ) ) ;
#5247 = CARTESIAN_POINT ( 'NONE',  ( -15.37969925636029878, 424.6509797453039710, -55.90524068635230037 ) ) ;
#5248 = AXIS2_PLACEMENT_3D ( 'NONE', #4849, #657, #2539 ) ;
#5249 = CARTESIAN_POINT ( 'NONE',  ( -36.77968615360539673, 426.6509798845399928, -52.89500239496949519 ) ) ;
#5250 = CIRCLE ( 'NONE', #4154, 1.000000000000001332 ) ;
#5251 = DIRECTION ( 'NONE',  ( 6.507088095983960298E-09, 1.000000000000000000, 2.277555755742700168E-15 ) ) ;
#5252 = DIRECTION ( 'NONE',  ( 0.000000000000000000, -2.000000000000000155E-15, 1.000000000000000000 ) ) ;
#5253 = ORIENTED_EDGE ( 'NONE', *, *, #2007, .F. ) ;
#5254 = ORIENTED_EDGE ( 'NONE', *, *, #4823, .F. ) ;
#5255 = SPHERICAL_SURFACE ( 'NONE', #3745, 1.000000000000000000 ) ;
#5256 = CIRCLE ( 'NONE', #3446, 0.9999999999999911182 ) ;
#5257 = CARTESIAN_POINT ( 'NONE',  ( -50.17856930086360734, 403.9897861932655587, -55.88027469069650266 ) ) ;
#5258 = CARTESIAN_POINT ( 'NONE',  ( -36.77968616011180103, 425.6509798845399928, -56.90524068635230037 ) ) ;
#5259 = ADVANCED_FACE ( 'NONE', ( #1030 ), #2014, .F. ) ;
#5260 = DIRECTION ( 'NONE',  ( 2.007266836758235030E-15, -7.805810992288100861E-15, 1.000000000000000000 ) ) ;
#5261 = ORIENTED_EDGE ( 'NONE', *, *, #1111, .T. ) ;
#5262 = CARTESIAN_POINT ( 'NONE',  ( -8.215530118733301634, 403.0853563569129960, -55.50524068635239416 ) ) ;
#5263 = ORIENTED_EDGE ( 'NONE', *, *, #4033, .F. ) ;
#5264 = ORIENTED_EDGE ( 'NONE', *, *, #5337, .F. ) ;
#5265 = CARTESIAN_POINT ( 'NONE',  ( -12.66951079150472026, 425.3579066667835491, -52.31945405958759920 ) ) ;
#5266 = DIRECTION ( 'NONE',  ( -1.000000000000000000, 6.507072658479267951E-09, 0.000000000000000000 ) ) ;
#5267 = EDGE_CURVE ( 'NONE', #2633, #3670, #2321, .T. ) ;
#5268 = ORIENTED_EDGE ( 'NONE', *, *, #5954, .T. ) ;
#5269 = FACE_OUTER_BOUND ( 'NONE', #4933, .T. ) ;
#5270 = CARTESIAN_POINT ( 'NONE',  ( -10.88328260469010189, 405.9599947912034850, -49.23860690510409910 ) ) ;
#5271 = VERTEX_POINT ( 'NONE', #1251 ) ;
#5272 = CARTESIAN_POINT ( 'NONE',  ( -7.302872000005390163, 402.9067092283455054, -48.90524068635239274 ) ) ;
#5273 = VECTOR ( 'NONE', #681, 1000.000000000000000 ) ;
#5274 = CARTESIAN_POINT ( 'NONE',  ( -16.20042010580620229, 412.1111102480259660, -54.53501414700340177 ) ) ;
#5275 = EDGE_CURVE ( 'NONE', #5692, #1561, #1121, .T. ) ;
#5276 = VECTOR ( 'NONE', #4677, 1000.000000000000000 ) ;
#5277 = B_SPLINE_SURFACE_WITH_KNOTS ( 'NONE', 3, 3, ( 
 ( #1750, #2203, #5978, #2268, #4143, #2628 ),
 ( #1815, #292, #5014, #2167, #4040, #1245 ),
 ( #3122, #780, #329, #4073, #3605, #5045 ),
 ( #817, #2698, #4571, #6103, #1374, #4222 ),
 ( #1493, #2301, #3731, #2358, #4721, #991 ) ),
 .UNSPECIFIED., .F., .F., .F.,
 ( 4, 1, 4 ),
 ( 4, 1, 1, 4 ),
 ( -0.0005502453432926510211, 0.5714285714285709528, 1.000550809129279850 ),
 ( -1.570796326794899889, -0.6731984257692400497, -0.4487989505128259782, 0.0005508091292848420325 ),
 .UNSPECIFIED. ) ;
#5278 = VERTEX_POINT ( 'NONE', #5706 ) ;
#5279 = DIRECTION ( 'NONE',  ( -6.506366714853769862E-09, -1.000000000000000000, -4.960594733056100343E-15 ) ) ;
#5280 = AXIS2_PLACEMENT_3D ( 'NONE', #369, #269, #824 ) ;
#5281 = CARTESIAN_POINT ( 'NONE',  ( -48.65651370592539848, 402.9067095221314503, -49.30524068635239843 ) ) ;
#5282 = EDGE_CURVE ( 'NONE', #4666, #1010, #2805, .T. ) ;
#5283 = ADVANCED_FACE ( 'NONE', ( #4754 ), #966, .T. ) ;
#5284 =( LENGTH_UNIT ( ) NAMED_UNIT ( * ) SI_UNIT ( .MILLI., .METRE. ) );
#5285 = DIRECTION ( 'NONE',  ( -0.7071067857872346263, -0.7071067765858606302, -4.274358644806852681E-15 ) ) ;
#5286 = ORIENTED_EDGE ( 'NONE', *, *, #1073, .F. ) ;
#5287 = ORIENTED_EDGE ( 'NONE', *, *, #3868, .T. ) ;
#5288 = CARTESIAN_POINT ( 'NONE',  ( -12.96257940345620163, 415.7749750829509594, -54.90524068635239985 ) ) ;
#5289 = CARTESIAN_POINT ( 'NONE',  ( -49.90347948513489484, 403.5552072176905085, -55.50524068635239416 ) ) ;
#5290 = CARTESIAN_POINT ( 'NONE',  ( -38.69680602829230054, 432.1808828910450302, -49.40524068635230037 ) ) ;
#5291 = CARTESIAN_POINT ( 'NONE',  ( -20.70863624989820195, 430.6509797798144632, -52.90524068635230037 ) ) ;
#5292 = B_SPLINE_CURVE_WITH_KNOTS ( 'NONE', 3,
 ( #1321, #1851, #3610, #5525 ),
 .UNSPECIFIED., .F., .F.,
 ( 4, 4 ),
 ( 0.000000000000000000, 1.000000000000000000 ),
 .UNSPECIFIED. ) ;
#5293 = LINE ( 'NONE', #6101, #4759 ) ;
#5294 = ORIENTED_EDGE ( 'NONE', *, *, #5146, .T. ) ;
#5295 = DIRECTION ( 'NONE',  ( 0.5807165773659503927, 0.8141058019522868783, 0.000000000000000000 ) ) ;
#5296 = ORIENTED_EDGE ( 'NONE', *, *, #4913, .T. ) ;
#5297 = CARTESIAN_POINT ( 'NONE',  ( -5.202872000005400288, 402.9067092283455054, -54.90524068635230037 ) ) ;
#5298 = EDGE_LOOP ( 'NONE', ( #168, #1658, #1536, #4034 ) ) ;
#5299 = CARTESIAN_POINT ( 'NONE',  ( -2.297049679137005196, 404.0962789052954918, -55.63547474416959915 ) ) ;
#5300 = EDGE_CURVE ( 'NONE', #969, #771, #5177, .T. ) ;
#5301 = ORIENTED_EDGE ( 'NONE', *, *, #3716, .T. ) ;
#5302 = DIRECTION ( 'NONE',  ( 1.000000000000000000, -6.506351013513267389E-09, -2.775557561562891351E-14 ) ) ;
#5303 = AXIS2_PLACEMENT_3D ( 'NONE', #3897, #1573, #2031 ) ;
#5304 = CARTESIAN_POINT ( 'NONE',  ( -16.20041978060679710, 412.1111107106369786, -49.90171437114789654 ) ) ;
#5305 = CARTESIAN_POINT ( 'NONE',  ( -35.77968620482440087, 418.7788446525839845, -60.83499734764340161 ) ) ;
#5306 = FACE_OUTER_BOUND ( 'NONE', #3638, .T. ) ;
#5307 = FILL_AREA_STYLE_COLOUR ( '', #3961 ) ;
#5308 = CYLINDRICAL_SURFACE ( 'NONE', #5886, 0.9999999999999988898 ) ;
#5309 = ORIENTED_EDGE ( 'NONE', *, *, #3615, .F. ) ;
#5310 = ORIENTED_EDGE ( 'NONE', *, *, #1735, .T. ) ;
#5311 = ADVANCED_FACE ( 'NONE', ( #4304 ), #5209, .T. ) ;
#5312 = EDGE_CURVE ( 'NONE', #1685, #4200, #1206, .T. ) ;
#5313 = CARTESIAN_POINT ( 'NONE',  ( -42.55228821715210330, 405.2568774915420136, -49.23857401968570002 ) ) ;
#5314 = CARTESIAN_POINT ( 'NONE',  ( -35.77968623503944912, 414.1349235987659654, -49.90524187316779603 ) ) ;
#5315 = CARTESIAN_POINT ( 'NONE',  ( -46.95651370592540275, 402.9067095000099243, -55.50524068635239416 ) ) ;
#5316 = CARTESIAN_POINT ( 'NONE',  ( -36.07285971584914819, 425.2369168089535378, -55.61227222149779692 ) ) ;
#5317 = CARTESIAN_POINT ( 'NONE',  ( -31.67258363991954440, 430.6509798511499980, -53.24212048420580601 ) ) ;
#5318 = CARTESIAN_POINT ( 'NONE',  ( -50.95651370592539564, 402.9067095259960070, -54.90524068635230037 ) ) ;
#5319 = ORIENTED_EDGE ( 'NONE', *, *, #1110, .T. ) ;
#5320 = EDGE_LOOP ( 'NONE', ( #3834, #4488, #3507, #3131 ) ) ;
#5321 = CARTESIAN_POINT ( 'NONE',  ( -45.95651369887919913, 403.9897861657984777, -55.90524068635239985 ) ) ;
#5322 = B_SPLINE_SURFACE_WITH_KNOTS ( 'NONE', 3, 3, ( 
 ( #972, #5243, #5213, #2769, #549 ),
 ( #2339, #5684, #1001, #1941, #6082 ),
 ( #1855, #3771, #3714, #3800, #1415 ),
 ( #1447, #4180, #2890, #1475, #4262 ) ),
 .UNSPECIFIED., .F., .F., .F.,
 ( 4, 4 ),
 ( 4, 1, 4 ),
 ( -0.0005528871407730490952, 1.000000002706479929 ),
 ( -0.1301305331292290091, 0.05941267762473900066, 0.2484030012379390140 ),
 .UNSPECIFIED. ) ;
#5323 = ORIENTED_EDGE ( 'NONE', *, *, #2622, .T. ) ;
#5324 = CARTESIAN_POINT ( 'NONE',  ( -16.37969924334749905, 426.6509797518104961, -60.83499734764340161 ) ) ;
#5325 = CARTESIAN_POINT ( 'NONE',  ( -15.37969924985403303, 425.6509797453039141, -56.64344023222435709 ) ) ;
#5326 = VERTEX_POINT ( 'NONE', #510 ) ;
#5327 = DIRECTION ( 'NONE',  ( -0.9999999999999998890, 1.301273903446067516E-08, 0.000000000000000000 ) ) ;
#5328 = CARTESIAN_POINT ( 'NONE',  ( -2.814410503556439735, 406.9509222996225049, -49.40524068635239274 ) ) ;
#5329 = VECTOR ( 'NONE', #1651, 1000.000000000000000 ) ;
#5330 = CARTESIAN_POINT ( 'NONE',  ( -16.20042001233515094, 412.1111103812335159, -53.20168081367009449 ) ) ;
#5331 = EDGE_CURVE ( 'NONE', #2478, #556, #4256, .T. ) ;
#5332 = VECTOR ( 'NONE', #3323, 1000.000000000000114 ) ;
#5333 = VERTEX_POINT ( 'NONE', #1526 ) ;
#5334 = AXIS2_PLACEMENT_3D ( 'NONE', #464, #3713, #3676 ) ;
#5335 = AXIS2_PLACEMENT_3D ( 'NONE', #277, #5960, #832 ) ;
#5336 = CARTESIAN_POINT ( 'NONE',  ( -15.99484624123129883, 411.4015478760704809, -53.53501369717709935 ) ) ;
#5337 = EDGE_CURVE ( 'NONE', #5816, #4419, #5370, .T. ) ;
#5338 = FACE_OUTER_BOUND ( 'NONE', #1244, .T. ) ;
#5339 = VECTOR ( 'NONE', #2688, 1000.000000000000000 ) ;
#5340 = VECTOR ( 'NONE', #2116, 1000.000000000000114 ) ;
#5341 = ORIENTED_EDGE ( 'NONE', *, *, #245, .T. ) ;
#5342 = ORIENTED_EDGE ( 'NONE', *, *, #2663, .T. ) ;
#5343 = CARTESIAN_POINT ( 'NONE',  ( -39.61859759613539467, 406.1121265290665292, -45.79323443874130106 ) ) ;
#5344 = DIRECTION ( 'NONE',  ( -0.7071067811865350272, 4.600188617339290085E-09, -0.7071067811865600072 ) ) ;
#5345 = DIRECTION ( 'NONE',  ( 0.7071067811865510144, -4.600708702895411655E-09, -0.7071067811865441310 ) ) ;
#5346 = CIRCLE ( 'NONE', #1195, 1.000000000000000888 ) ;
#5347 = CARTESIAN_POINT ( 'NONE',  ( -36.18964291825949431, 412.5197158288285095, -49.57214749242470475 ) ) ;
#5348 = EDGE_CURVE ( 'NONE', #771, #3438, #3765, .T. ) ;
#5349 = DIRECTION ( 'NONE',  ( 0.8890209675468652151, -0.4578664862839772476, -1.156482317317871331E-15 ) ) ;
#5350 = ORIENTED_EDGE ( 'NONE', *, *, #4542, .T. ) ;
#5351 = CARTESIAN_POINT ( 'NONE',  ( -9.331206420465900209, 403.6320492531049808, -49.90524068635239274 ) ) ;
#5352 = AXIS2_PLACEMENT_3D ( 'NONE', #4577, #368, #2243 ) ;
#5353 = ORIENTED_EDGE ( 'NONE', *, *, #2486, .F. ) ;
#5354 = FACE_OUTER_BOUND ( 'NONE', #656, .T. ) ;
#5355 = FACE_OUTER_BOUND ( 'NONE', #5480, .T. ) ;
#5356 = ADVANCED_FACE ( 'NONE', ( #598 ), #1022, .F. ) ;
#5357 = ORIENTED_EDGE ( 'NONE', *, *, #3431, .F. ) ;
#5358 = CARTESIAN_POINT ( 'NONE',  ( -47.69746007272649280, 430.6509799554115148, -58.40589472083350131 ) ) ;
#5359 = DIRECTION ( 'NONE',  ( 0.7071067811865506814, -4.601208303256495457E-09, -0.7071067811865445751 ) ) ;
#5360 = EDGE_LOOP ( 'NONE', ( #5529, #2757, #988, #1730, #1874, #4218, #4098, #1534, #2590, #5224, #416, #4771 ) ) ;
#5361 = CARTESIAN_POINT ( 'NONE',  ( -37.74915504522439846, 407.7433835376594971, -49.90533934261099347 ) ) ;
#5362 = CARTESIAN_POINT ( 'NONE',  ( -15.99884219541950259, 411.4010500448999892, -49.90533934260739102 ) ) ;
#5363 = ORIENTED_EDGE ( 'NONE', *, *, #5126, .T. ) ;
#5364 = CONICAL_SURFACE ( 'NONE', #231, 3.195959179422648955, 0.8860771237926560184 ) ;
#5365 = CARTESIAN_POINT ( 'NONE',  ( -15.37312739281700047, 412.8603197886859562, -48.90524068635239274 ) ) ;
#5366 = CARTESIAN_POINT ( 'NONE',  ( -19.77969492813785024, 430.8816339252720127, -52.53501369717660197 ) ) ;
#5367 = CARTESIAN_POINT ( 'NONE',  ( -19.84613109524855190, 414.3067089370620124, -53.53501369717960046 ) ) ;
#5368 = CARTESIAN_POINT ( 'NONE',  ( -36.62736431555219951, 425.0815381243949673, -47.33579892742640283 ) ) ;
#5369 = ORIENTED_EDGE ( 'NONE', *, *, #5937, .T. ) ;
#5370 = CIRCLE ( 'NONE', #3193, 1.000000000000000888 ) ;
#5371 = EDGE_CURVE ( 'NONE', #5837, #2466, #84, .T. ) ;
#5372 = EDGE_CURVE ( 'NONE', #820, #3785, #5860, .T. ) ;
#5373 = B_SPLINE_SURFACE_WITH_KNOTS ( 'NONE', 3, 3, ( 
 ( #5257, #1865, #4711, #5164 ),
 ( #2813, #5756, #1428, #3293 ),
 ( #5632, #5226, #499, #3338 ),
 ( #1514, #5289, #957, #927 ) ),
 .UNSPECIFIED., .F., .F., .F.,
 ( 4, 4 ),
 ( 4, 4 ),
 ( 0.000000000000000000, 1.000000000000000000 ),
 ( 2.817314080629219841, 3.141592654803760265 ),
 .UNSPECIFIED. ) ;
#5374 = FACE_OUTER_BOUND ( 'NONE', #2020, .T. ) ;
#5375 = CARTESIAN_POINT ( 'NONE',  ( -35.77968624844630341, 412.1021632778264916, -48.53457300678869757 ) ) ;
#5376 = LINE ( 'NONE', #3400, #1045 ) ;
#5377 = CARTESIAN_POINT ( 'NONE',  ( -12.42957817010770150, 425.5866569987459798, -51.69005851463629853 ) ) ;
#5378 = DIRECTION ( 'NONE',  ( -0.9999999999999998890, 1.301273733848316626E-08, 0.000000000000000000 ) ) ;
#5379 = CARTESIAN_POINT ( 'NONE',  ( -39.48969929150139535, 425.3580866833499954, -54.90524068635230037 ) ) ;
#5380 = B_SPLINE_CURVE_WITH_KNOTS ( 'NONE', 3,
 ( #5205, #1495, #4255, #3875, #2881, #538 ),
 .UNSPECIFIED., .F., .F.,
 ( 4, 2, 4 ),
 ( 0.000000000000000000, 0.5000000000000000000, 1.000000000000000000 ),
 .UNSPECIFIED. ) ;
#5381 = ORIENTED_EDGE ( 'NONE', *, *, #2397, .F. ) ;
#5382 = DIRECTION ( 'NONE',  ( -1.066821603157336055E-15, 2.071404727294400002E-15, -1.000000000000000000 ) ) ;
#5383 = ORIENTED_EDGE ( 'NONE', *, *, #3925, .T. ) ;
#5384 = DIRECTION ( 'NONE',  ( 1.000000000000000000, -6.507072658479273741E-09, 0.000000000000000000 ) ) ;
#5385 = ORIENTED_EDGE ( 'NONE', *, *, #1029, .F. ) ;
#5386 = CARTESIAN_POINT ( 'NONE',  ( -4.479696816654705316, 431.4159311713214606, -58.38812317137659846 ) ) ;
#5387 = ORIENTED_EDGE ( 'NONE', *, *, #5743, .T. ) ;
#5388 = LINE ( 'NONE', #5413, #4735 ) ;
#5389 = ADVANCED_FACE ( 'NONE', ( #2418 ), #4279, .T. ) ;
#5390 = ADVANCED_FACE ( 'NONE', ( #5269 ), #5478, .T. ) ;
#5391 = VERTEX_POINT ( 'NONE', #4785 ) ;
#5392 = AXIS2_PLACEMENT_3D ( 'NONE', #4701, #66, #2366 ) ;
#5393 = DIRECTION ( 'NONE',  ( -1.730654306093830038E-15, 5.687521816068430291E-15, -1.000000000000000000 ) ) ;
#5394 = CARTESIAN_POINT ( 'NONE',  ( -11.20548897529840104, 405.3763987458155498, -49.90524068635239274 ) ) ;
#5395 = AXIS2_PLACEMENT_3D ( 'NONE', #3132, #1290, #3648 ) ;
#5396 = ORIENTED_EDGE ( 'NONE', *, *, #1971, .T. ) ;
#5397 = ORIENTED_EDGE ( 'NONE', *, *, #4768, .F. ) ;
#5398 = CARTESIAN_POINT ( 'NONE',  ( -5.202872000005400288, 402.9067092283455054, -55.82524068635230208 ) ) ;
#5399 = CARTESIAN_POINT ( 'NONE',  ( -40.95389692969030193, 405.3763965444645123, -55.12963983577279947 ) ) ;
#5400 = LINE ( 'NONE', #5433, #755 ) ;
#5401 = CARTESIAN_POINT ( 'NONE',  ( -13.29613763017830053, 424.6509797317474977, -56.90524068635230037 ) ) ;
#5402 = FACE_OUTER_BOUND ( 'NONE', #2937, .T. ) ;
#5403 = EDGE_CURVE ( 'NONE', #1303, #4277, #4337, .T. ) ;
#5404 = CARTESIAN_POINT ( 'NONE',  ( -36.16493491803100824, 425.8512393326342931, -56.50504080493881531 ) ) ;
#5405 = ORIENTED_EDGE ( 'NONE', *, *, #544, .T. ) ;
#5406 = DIRECTION ( 'NONE',  ( 1.000000000000000000, -6.506374386629579032E-09, 0.000000000000000000 ) ) ;
#5407 = ORIENTED_EDGE ( 'NONE', *, *, #5788, .T. ) ;
#5408 = DIRECTION ( 'NONE',  ( 6.657108496030108464E-17, 2.267143237059350389E-15, -1.000000000000000000 ) ) ;
#5409 = EDGE_LOOP ( 'NONE', ( #3379, #2357, #193, #4550, #4990, #2330 ) ) ;
#5410 = FACE_OUTER_BOUND ( 'NONE', #1077, .T. ) ;
#5411 = DIRECTION ( 'NONE',  ( -5.951774927178530086E-16, 5.687521808680590142E-15, -1.000000000000000000 ) ) ;
#5412 = VERTEX_POINT ( 'NONE', #3274 ) ;
#5413 = CARTESIAN_POINT ( 'NONE',  ( -42.99004733322450278, 402.3898492536830531, -49.90524068635289723 ) ) ;
#5414 = CARTESIAN_POINT ( 'NONE',  ( -49.94335488585539906, 403.2308980838795378, -55.50531243025159966 ) ) ;
#5415 = CARTESIAN_POINT ( 'NONE',  ( -2.202871992957799563, 403.9897858811185074, -48.90524068635239274 ) ) ;
#5416 = LINE ( 'NONE', #2787, #4513 ) ;
#5417 = ADVANCED_FACE ( 'NONE', ( #2825, #4696 ), #484, .F. ) ;
#5418 = CARTESIAN_POINT ( 'NONE',  ( -16.37969924529314980, 426.3519450844985386, -55.50380392006590569 ) ) ;
#5419 = ORIENTED_EDGE ( 'NONE', *, *, #2166, .T. ) ;
#5420 = B_SPLINE_CURVE_WITH_KNOTS ( 'NONE', 3,
 ( #1017, #2440, #1521, #3372, #4063, #4928, #1703 ),
 .UNSPECIFIED., .F., .F.,
 ( 4, 3, 4 ),
 ( 0.000000000000000000, 0.7245584568934569925, 1.000000000000000000 ),
 .UNSPECIFIED. ) ;
#5421 = CARTESIAN_POINT ( 'NONE',  ( -16.25035848100532476, 412.2985764542132756, -53.53501369717970704 ) ) ;
#5422 = CARTESIAN_POINT ( 'NONE',  ( -46.62647472075579458, 408.9446980953050002, -49.90524068635239274 ) ) ;
#5423 = CYLINDRICAL_SURFACE ( 'NONE', #1478, 1.000000000000001332 ) ;
#5424 = B_SPLINE_CURVE_WITH_KNOTS ( 'NONE', 3,
 ( #4477, #5889, #3955, #2219, #276 ),
 .UNSPECIFIED., .F., .F.,
 ( 4, 1, 4 ),
 ( 0.000000000000000000, 0.5488263661127810167, 0.9604461406973670012 ),
 .UNSPECIFIED. ) ;
#5425 = AXIS2_PLACEMENT_3D ( 'NONE', #3340, #5260, #1897 ) ;
#5426 = CARTESIAN_POINT ( 'NONE',  ( -13.96257940345619986, 415.7749750894579961, -54.90524068635239985 ) ) ;
#5427 = EDGE_CURVE ( 'NONE', #1741, #2012, #3999, .T. ) ;
#5428 = VECTOR ( 'NONE', #1787, 1000.000000000000000 ) ;
#5429 = VERTEX_POINT ( 'NONE', #190 ) ;
#5430 = CIRCLE ( 'NONE', #2770, 1.000000000000000888 ) ;
#5431 = CARTESIAN_POINT ( 'NONE',  ( -12.32890127400430025, 425.6509797254544765, -58.09332458483159911 ) ) ;
#5432 = LINE ( 'NONE', #5996, #5643 ) ;
#5433 = CARTESIAN_POINT ( 'NONE',  ( -1.202871945235200135, 411.3237196886079801, -49.90524068635239274 ) ) ;
#5434 = DIRECTION ( 'NONE',  ( -1.000000000000000000, 0.000000000000000000, 0.000000000000000000 ) ) ;
#5435 = CARTESIAN_POINT ( 'NONE',  ( -15.99484629331278462, 411.4015491202144403, -51.11516502360218794 ) ) ;
#5436 = AXIS2_PLACEMENT_3D ( 'NONE', #4553, #345, #1732 ) ;
#5437 = DIRECTION ( 'NONE',  ( -6.506374386629569933E-09, -1.000000000000000000, -2.000000000000000155E-15 ) ) ;
#5438 = CARTESIAN_POINT ( 'NONE',  ( -20.77158741141699849, 419.6497535121835085, -53.53501369717830016 ) ) ;
#5439 = VERTEX_POINT ( 'NONE', #257 ) ;
#5440 = CARTESIAN_POINT ( 'NONE',  ( -31.67258365270589948, 427.7880866323345117, -53.24212047836410022 ) ) ;
#5441 = EDGE_LOOP ( 'NONE', ( #990, #357, #44, #99 ) ) ;
#5442 = EDGE_CURVE ( 'NONE', #3901, #5976, #4673, .T. ) ;
#5443 = CARTESIAN_POINT ( 'NONE',  ( -42.04882568731790116, 404.7731106411570181, -54.90524039341309503 ) ) ;
#5444 = AXIS2_PLACEMENT_3D ( 'NONE', #306, #3069, #2717 ) ;
#5445 = CARTESIAN_POINT ( 'NONE',  ( -36.16104967391500224, 411.3996292385584752, -50.77948098803500443 ) ) ;
#5446 = EDGE_LOOP ( 'NONE', ( #2238, #496, #4790, #5215 ) ) ;
#5447 = CARTESIAN_POINT ( 'NONE',  ( -50.17856930086380629, 403.9897861932655587, -55.88027469069650266 ) ) ;
#5448 = AXIS2_PLACEMENT_3D ( 'NONE', #5401, #129, #3401 ) ;
#5449 = CARTESIAN_POINT ( 'NONE',  ( -16.37969932478159762, 414.1349246623515228, -47.16390590495389290 ) ) ;
#5450 = ORIENTED_EDGE ( 'NONE', *, *, #2781, .F. ) ;
#5451 = CARTESIAN_POINT ( 'NONE',  ( -38.28457146721299864, 408.1695241730100179, -49.23860690510529992 ) ) ;
#5452 = CARTESIAN_POINT ( 'NONE',  ( -49.85184558088590023, 403.7088134314604986, -55.50524068635239416 ) ) ;
#5453 = EDGE_CURVE ( 'NONE', #2028, #5677, #3086, .T. ) ;
#5454 = CARTESIAN_POINT ( 'NONE',  ( -31.27158739843875068, 419.6497287028755068, -48.90524068635230037 ) ) ;
#5455 = CIRCLE ( 'NONE', #1905, 2.000000000000001776 ) ;
#5456 = CARTESIAN_POINT ( 'NONE',  ( -35.77968615360539673, 426.6509798780339793, -52.89500239496949519 ) ) ;
#5457 = CARTESIAN_POINT ( 'NONE',  ( -5.479696847657200109, 426.6509796808909982, -60.83499734764340161 ) ) ;
#5458 = VERTEX_POINT ( 'NONE', #3529 ) ;
#5459 = CARTESIAN_POINT ( 'NONE',  ( -35.77968623503944912, 414.1349220233540223, -53.53501369718230052 ) ) ;
#5460 = FACE_OUTER_BOUND ( 'NONE', #3020, .T. ) ;
#5461 = VECTOR ( 'NONE', #4219, 1000.000000000000000 ) ;
#5462 = VERTEX_POINT ( 'NONE', #5324 ) ;
#5463 = ORIENTED_EDGE ( 'NONE', *, *, #131, .F. ) ;
#5464 = DIRECTION ( 'NONE',  ( 0.000000000000000000, -2.000000000627515340E-15, 1.000000000000000000 ) ) ;
#5465 = CARTESIAN_POINT ( 'NONE',  ( -9.169338379432099728, 402.3898490336330269, -49.90524068635289723 ) ) ;
#5466 = ADVANCED_FACE ( 'NONE', ( #3472 ), #3972, .F. ) ;
#5467 = CARTESIAN_POINT ( 'NONE',  ( -42.80513679285210316, 405.4981416341044564, -55.90524068635239985 ) ) ;
#5468 = EDGE_CURVE ( 'NONE', #6001, #804, #3237, .T. ) ;
#5469 = DIRECTION ( 'NONE',  ( 0.7071067857869994810, 0.7071067765860955534, 6.938893903907320674E-15 ) ) ;
#5470 = CIRCLE ( 'NONE', #4667, 1.000000000000001332 ) ;
#5471 = CARTESIAN_POINT ( 'NONE',  ( -39.33766247236875557, 426.3723021250995089, -50.04604626327807182 ) ) ;
#5472 = CARTESIAN_POINT ( 'NONE',  ( -13.87481417022769925, 408.1695240141899603, -49.23860690510409910 ) ) ;
#5473 = EDGE_LOOP ( 'NONE', ( #5524, #3538, #4015, #5834, #4376 ) ) ;
#5474 = DIRECTION ( 'NONE',  ( 1.000000000000000000, -6.506351013513261599E-09, 0.000000000000000000 ) ) ;
#5475 = EDGE_LOOP ( 'NONE', ( #3018, #2879, #4772, #6032 ) ) ;
#5476 = CARTESIAN_POINT ( 'NONE',  ( -41.43647589727439140, 406.2522491066304724, -55.90524068635239985 ) ) ;
#5477 = CARTESIAN_POINT ( 'NONE',  ( -16.37969932478159762, 414.1349213024174674, -55.12964016160869818 ) ) ;
#5478 = TOROIDAL_SURFACE ( 'NONE', #5183, 3.000000000000000000, 1.000000000000000000 ) ;
#5479 = CARTESIAN_POINT ( 'NONE',  ( -36.16104951915990284, 411.3996290208085043, -52.53501417193730560 ) ) ;
#5480 = EDGE_LOOP ( 'NONE', ( #1376, #2204, #1261, #5097 ) ) ;
#5481 = CARTESIAN_POINT ( 'NONE',  ( -50.26745921005639417, 403.6633215627470008, -55.85572241830063689 ) ) ;
#5482 = CARTESIAN_POINT ( 'NONE',  ( -16.37969933824989965, 412.1021595117145466, -56.74161928293710133 ) ) ;
#5483 = ORIENTED_EDGE ( 'NONE', *, *, #1612, .T. ) ;
#5484 = DIRECTION ( 'NONE',  ( 0.000000000000000000, -2.969724642305460071E-13, 1.000000000000000000 ) ) ;
#5485 = CARTESIAN_POINT ( 'NONE',  ( -15.63926833495160196, 410.1358829402325341, -49.90533934260739102 ) ) ;
#5486 = DIRECTION ( 'NONE',  ( 1.066821603157342168E-15, -2.071404727294394874E-15, 1.000000000000000000 ) ) ;
#5487 = ADVANCED_FACE ( 'NONE', ( #3940 ), #6063, .T. ) ;
#5488 = EDGE_CURVE ( 'NONE', #528, #2858, #4934, .T. ) ;
#5489 = CARTESIAN_POINT ( 'NONE',  ( -5.202872000005400288, 402.9067092283455054, -54.90524068635230037 ) ) ;
#5490 = CARTESIAN_POINT ( 'NONE',  ( -15.52906449339569939, 425.6508943460984824, -56.90627487716489696 ) ) ;
#5491 = ORIENTED_EDGE ( 'NONE', *, *, #60, .F. ) ;
#5492 = CARTESIAN_POINT ( 'NONE',  ( -43.97748611437209831, 403.2732163312664966, -55.50525507900000122 ) ) ;
#5493 = CARTESIAN_POINT ( 'NONE',  ( -45.19680613502329436, 415.7749752926744691, -54.90524068635239985 ) ) ;
#5494 = CARTESIAN_POINT ( 'NONE',  ( -9.169338277879701238, 402.3898482543040132, -53.23857351282949679 ) ) ;
#5495 = AXIS2_PLACEMENT_3D ( 'NONE', #1222, #3580, #3330 ) ;
#5496 = CIRCLE ( 'NONE', #1250, 0.9999999999999884537 ) ;
#5497 = VERTEX_POINT ( 'NONE', #5358 ) ;
#5498 = ORIENTED_EDGE ( 'NONE', *, *, #4360, .T. ) ;
#5499 = CARTESIAN_POINT ( 'NONE',  ( -43.65940902612329921, 403.7377604995824640, -55.90546296897120016 ) ) ;
#5500 = CARTESIAN_POINT ( 'NONE',  ( -8.202256744274130540, 402.8365500438865183, -55.50525259585129589 ) ) ;
#5501 = AXIS2_PLACEMENT_3D ( 'NONE', #5315, #2004, #1630 ) ;
#5502 = DIRECTION ( 'NONE',  ( 0.6908533065719886235, 0.2322266207147974104, -0.6846842377548467695 ) ) ;
#5503 = CIRCLE ( 'NONE', #3892, 4.999999999999997335 ) ;
#5504 = CARTESIAN_POINT ( 'NONE',  ( -18.77158741141699849, 419.6497535121835085, -53.53501369717830016 ) ) ;
#5505 = CARTESIAN_POINT ( 'NONE',  ( -4.479696847657200109, 426.6509796743844731, -60.83499734764340161 ) ) ;
#5506 = CARTESIAN_POINT ( 'NONE',  ( -36.77968616661809875, 424.6509798845399928, -55.90524068635230037 ) ) ;
#5507 = EDGE_CURVE ( 'NONE', #2065, #2840, #1623, .T. ) ;
#5508 = ORIENTED_EDGE ( 'NONE', *, *, #2735, .F. ) ;
#5509 = CARTESIAN_POINT ( 'NONE',  ( -32.37969043849340522, 427.0809798557485806, -53.53501369717780278 ) ) ;
#5510 = ORIENTED_EDGE ( 'NONE', *, *, #3283, .T. ) ;
#5511 = CARTESIAN_POINT ( 'NONE',  ( -43.83048413466009663, 425.8509799303334944, -58.09332458483159911 ) ) ;
#5512 = CARTESIAN_POINT ( 'NONE',  ( -46.49248251638050533, 407.9537157094039799, -55.90524068635239985 ) ) ;
#5513 = CARTESIAN_POINT ( 'NONE',  ( -32.31236380462505053, 414.3067089143235080, -51.65724710512019868 ) ) ;
#5514 = ORIENTED_EDGE ( 'NONE', *, *, #3857, .F. ) ;
#5515 = CARTESIAN_POINT ( 'NONE',  ( -50.30356125799707456, 403.4702506546103677, -55.84303963473471555 ) ) ;
#5516 = DIRECTION ( 'NONE',  ( 1.887704972603790212E-15, 7.925372933452930073E-15, -1.000000000000000000 ) ) ;
#5517 = ADVANCED_FACE ( 'NONE', ( #5410 ), #1673, .T. ) ;
#5518 = CARTESIAN_POINT ( 'NONE',  ( -11.20548846316600056, 405.3763939024144634, -60.41436847894179607 ) ) ;
#5519 = ORIENTED_EDGE ( 'NONE', *, *, #380, .T. ) ;
#5520 = CARTESIAN_POINT ( 'NONE',  ( -36.48120999808719489, 411.4921874079064992, -49.57197312385810051 ) ) ;
#5521 = DIRECTION ( 'NONE',  ( 6.289169256501730772E-16, -1.697566775343995105E-15, 1.000000000000000000 ) ) ;
#5522 = ORIENTED_EDGE ( 'NONE', *, *, #1796, .F. ) ;
#5523 = CARTESIAN_POINT ( 'NONE',  ( -39.19680663277770094, 424.9113590099674980, -50.63112984005890382 ) ) ;
#5524 = ORIENTED_EDGE ( 'NONE', *, *, #2584, .F. ) ;
#5525 = CARTESIAN_POINT ( 'NONE',  ( -39.48987461928975051, 425.3579068454599792, -52.31945405959469753 ) ) ;
#5526 = CARTESIAN_POINT ( 'NONE',  ( -10.72291000014310036, 406.2522516404399653, -48.90524068635239274 ) ) ;
#5527 = CARTESIAN_POINT ( 'NONE',  ( -12.38441838958049956, 426.6509797258149774, -50.48340162945679310 ) ) ;
#5528 = CARTESIAN_POINT ( 'NONE',  ( -43.22490267398369923, 404.7911267503247927, -55.90524068635239985 ) ) ;
#5529 = ORIENTED_EDGE ( 'NONE', *, *, #4590, .F. ) ;
#5530 = CYLINDRICAL_SURFACE ( 'NONE', #166, 1.000000000000012657 ) ;
#5531 = ORIENTED_EDGE ( 'NONE', *, *, #3206, .T. ) ;
#5532 = ORIENTED_EDGE ( 'NONE', *, *, #790, .F. ) ;
#5533 = DIRECTION ( 'NONE',  ( 2.240804878603600191E-15, 7.572273022856770359E-15, -1.000000000000000000 ) ) ;
#5534 = DIRECTION ( 'NONE',  ( 3.046573970877780347E-08, -2.337986380036440136E-07, -0.9999999999999721334 ) ) ;
#5535 = EDGE_CURVE ( 'NONE', #2530, #4292, #2661, .T. ) ;
#5536 = CARTESIAN_POINT ( 'NONE',  ( -46.67968852327019391, 430.6509799487894838, -60.83499734764340161 ) ) ;
#5537 = CARTESIAN_POINT ( 'NONE',  ( -12.88950651561461491, 426.1751175784261250, -49.97831353327042336 ) ) ;
#5538 = CARTESIAN_POINT ( 'NONE',  ( -50.17856930086380629, 403.9897861932655587, -55.88027469069650266 ) ) ;
#5539 = ORIENTED_EDGE ( 'NONE', *, *, #2198, .F. ) ;
#5540 = CARTESIAN_POINT ( 'NONE',  ( -46.67968854929569744, 426.6509799489530224, -60.83499734764340161 ) ) ;
#5541 = ORIENTED_EDGE ( 'NONE', *, *, #3328, .F. ) ;
#5542 = DIRECTION ( 'NONE',  ( -6.506367656620550361E-09, -1.000000000000000000, -2.277555755284430357E-15 ) ) ;
#5543 = CYLINDRICAL_SURFACE ( 'NONE', #4556, 0.9999999999999816813 ) ;
#5544 = CARTESIAN_POINT ( 'NONE',  ( -32.31236391294640242, 414.3067089143225417, -50.77948051316900546 ) ) ;
#5545 = VECTOR ( 'NONE', #3504, 1000.000000000000000 ) ;
#5546 = EDGE_CURVE ( 'NONE', #5122, #2208, #1998, .T. ) ;
#5547 = ORIENTED_EDGE ( 'NONE', *, *, #5953, .F. ) ;
#5548 = DIRECTION ( 'NONE',  ( -0.5000000046005640408, -0.7071067779335548087, 0.4999999999998622768 ) ) ;
#5549 = CARTESIAN_POINT ( 'NONE',  ( -15.26027341494490130, 408.5526584399595436, -45.79323549800189852 ) ) ;
#5550 = VECTOR ( 'NONE', #4606, 1000.000000000000000 ) ;
#5551 = ORIENTED_EDGE ( 'NONE', *, *, #2344, .F. ) ;
#5552 = FACE_OUTER_BOUND ( 'NONE', #4235, .T. ) ;
#5553 = EDGE_LOOP ( 'NONE', ( #1557, #4888, #3690, #4634 ) ) ;
#5554 = EDGE_CURVE ( 'NONE', #4419, #2530, #5831, .T. ) ;
#5555 = VECTOR ( 'NONE', #826, 1000.000000000000000 ) ;
#5556 = CARTESIAN_POINT ( 'NONE',  ( -39.19680521717399557, 425.7545239247210134, -49.68286552565709968 ) ) ;
#5557 = ORIENTED_EDGE ( 'NONE', *, *, #2494, .T. ) ;
#5558 = CARTESIAN_POINT ( 'NONE',  ( -41.43647566225300238, 406.2522518402740275, -48.90524068635239274 ) ) ;
#5559 = CARTESIAN_POINT ( 'NONE',  ( -46.67968855580199516, 425.6509799489530224, -55.65433364902119706 ) ) ;
#5560 = CYLINDRICAL_SURFACE ( 'NONE', #4312, 1.000000000000000888 ) ;
#5561 = TOROIDAL_SURFACE ( 'NONE', #1812, 4.000000000000000000, 1.000000000000000000 ) ;
#5562 = DIRECTION ( 'NONE',  ( 3.482082101706910296E-16, 5.687521802542580190E-15, -1.000000000000000000 ) ) ;
#5563 = DIRECTION ( 'NONE',  ( 1.000000000000000000, -6.506366962090760048E-09, -3.501462226742465252E-16 ) ) ;
#5564 = ORIENTED_EDGE ( 'NONE', *, *, #2703, .T. ) ;
#5565 = FACE_OUTER_BOUND ( 'NONE', #3722, .T. ) ;
#5566 = VERTEX_POINT ( 'NONE', #5973 ) ;
#5567 = CARTESIAN_POINT ( 'NONE',  ( -39.77107326273889498, 425.6026533678565329, -51.84622928800440889 ) ) ;
#5568 = CARTESIAN_POINT ( 'NONE',  ( -48.10038896888439552, 419.8455043402195201, -49.90524068635230037 ) ) ;
#5569 = CARTESIAN_POINT ( 'NONE',  ( -41.29208858518769176, 405.9901945917635544, -55.90524068635239985 ) ) ;
#5570 = CARTESIAN_POINT ( 'NONE',  ( -31.37969041684507943, 430.4079342257880398, -52.66219506274443063 ) ) ;
#5571 = CARTESIAN_POINT ( 'NONE',  ( -36.27649205343873717, 424.9035335665187745, -55.77884166619848827 ) ) ;
#5572 = EDGE_CURVE ( 'NONE', #3483, #3723, #3770, .T. ) ;
#5573 = ORIENTED_EDGE ( 'NONE', *, *, #5554, .F. ) ;
#5574 = ORIENTED_EDGE ( 'NONE', *, *, #5894, .F. ) ;
#5575 = LINE ( 'NONE', #5511, #4530 ) ;
#5576 = CARTESIAN_POINT ( 'NONE',  ( -16.19681614862575003, 412.6383543137500283, -55.65404218493110022 ) ) ;
#5577 = FACE_OUTER_BOUND ( 'NONE', #729, .T. ) ;
#5578 = CARTESIAN_POINT ( 'NONE',  ( -2.202871999808499570, 403.0689367955434932, -55.50524068635239416 ) ) ;
#5579 = ORIENTED_EDGE ( 'NONE', *, *, #1525, .F. ) ;
#5580 = LINE ( 'NONE', #5610, #2701 ) ;
#5581 = ORIENTED_EDGE ( 'NONE', *, *, #1955, .F. ) ;
#5582 = CARTESIAN_POINT ( 'NONE',  ( -40.95438782856729887, 405.3760157169834315, -49.90533934261099347 ) ) ;
#5583 = VECTOR ( 'NONE', #1724, 1000.000000000000000 ) ;
#5584 = ORIENTED_EDGE ( 'NONE', *, *, #2611, .F. ) ;
#5585 = LINE ( 'NONE', #2826, #1305 ) ;
#5586 = EDGE_LOOP ( 'NONE', ( #2512, #5777, #2979, #1492 ) ) ;
#5587 = EDGE_CURVE ( 'NONE', #3841, #2992, #3665, .T. ) ;
#5588 = CARTESIAN_POINT ( 'NONE',  ( -16.37969932478159762, 414.1349213024174674, -54.90524068635239985 ) ) ;
#5589 =( BOUNDED_CURVE ( )  B_SPLINE_CURVE ( 3, ( #401, #2276, #4922, #703 ),
 .UNSPECIFIED., .F., .T. ) 
 B_SPLINE_CURVE_WITH_KNOTS ( ( 4, 4 ),
 ( 3.926990816987470101, 4.712388980384710102 ),
 .UNSPECIFIED. ) 
 CURVE ( )  GEOMETRIC_REPRESENTATION_ITEM ( )  RATIONAL_B_SPLINE_CURVE ( ( 1.000000000000000000, 0.9492530216742169902, 0.9492530216742169902, 1.000000000000000000 ) ) 
 REPRESENTATION_ITEM ( '' )  );
#5590 = B_SPLINE_CURVE_WITH_KNOTS ( 'NONE', 3,
 ( #4877, #1086, #1587, #3944 ),
 .UNSPECIFIED., .F., .F.,
 ( 4, 4 ),
 ( 0.000000000000000000, 1.000000000000000000 ),
 .UNSPECIFIED. ) ;
#5591 = CARTESIAN_POINT ( 'NONE',  ( -38.19680607077279433, 425.6509798937605069, -56.90524068635230037 ) ) ;
#5592 = ORIENTED_EDGE ( 'NONE', *, *, #1683, .F. ) ;
#5593 = EDGE_LOOP ( 'NONE', ( #3923, #90, #2857, #1499 ) ) ;
#5594 = DIRECTION ( 'NONE',  ( 1.000000000000000000, -6.506374386629579032E-09, 0.000000000000000000 ) ) ;
#5595 = CARTESIAN_POINT ( 'NONE',  ( -2.049614463297699807, 404.1975291663805478, -55.89594285980389543 ) ) ;
#5596 = DIRECTION ( 'NONE',  ( 6.507072658479269605E-09, 1.000000000000000000, 1.999999999999829761E-15 ) ) ;
#5597 = LINE ( 'NONE', #6026, #5134 ) ;
#5598 = CARTESIAN_POINT ( 'NONE',  ( -39.48969928308130051, 426.6509799021719687, -50.19813390516569740 ) ) ;
#5599 = CARTESIAN_POINT ( 'NONE',  ( -45.19680613502329436, 415.7749752926744691, -55.90524068635239985 ) ) ;
#5600 = VERTEX_POINT ( 'NONE', #5939 ) ;
#5601 = AXIS2_PLACEMENT_3D ( 'NONE', #3783, #18, #4775 ) ;
#5602 = ORIENTED_EDGE ( 'NONE', *, *, #3172, .F. ) ;
#5603 = CARTESIAN_POINT ( 'NONE',  ( -37.24836763066910095, 409.4072714486709970, -55.90524068684850079 ) ) ;
#5604 = CIRCLE ( 'NONE', #3546, 1.000000000000008660 ) ;
#5605 = CARTESIAN_POINT ( 'NONE',  ( -38.19680607727919863, 424.6509798937420328, -54.90524068635230037 ) ) ;
#5606 = CYLINDRICAL_SURFACE ( 'NONE', #3843, 1.700000000000000400 ) ;
#5607 = EDGE_CURVE ( 'NONE', #2241, #2065, #5580, .T. ) ;
#5608 = LINE ( 'NONE', #1370, #3151 ) ;
#5609 = ORIENTED_EDGE ( 'NONE', *, *, #4452, .T. ) ;
#5610 = CARTESIAN_POINT ( 'NONE',  ( -26.07969269789409950, 427.7880865959450034, -53.24212047836319783 ) ) ;
#5611 = DIRECTION ( 'NONE',  ( -2.657183167233824763E-16, 2.413053588115305372E-15, -1.000000000000000000 ) ) ;
#5612 = ORIENTED_EDGE ( 'NONE', *, *, #3490, .T. ) ;
#5613 = LINE ( 'NONE', #1019, #3645 ) ;
#5614 = ORIENTED_EDGE ( 'NONE', *, *, #1962, .T. ) ;
#5615 = EDGE_CURVE ( 'NONE', #1582, #1570, #3956, .T. ) ;
#5616 = VERTEX_POINT ( 'NONE', #2758 ) ;
#5617 = DIRECTION ( 'NONE',  ( -0.9478805771633581623, 0.3186249087847428663, -0.0007608799993061164842 ) ) ;
#5618 = CARTESIAN_POINT ( 'NONE',  ( -39.48987461928975051, 425.3579068454599792, -52.31945405959469753 ) ) ;
#5619 = LINE ( 'NONE', #4729, #947 ) ;
#5620 = ADVANCED_FACE ( 'NONE', ( #777 ), #2306, .F. ) ;
#5621 = DIRECTION ( 'NONE',  ( 0.9999999999999998890, -1.301272814992122824E-08, 0.000000000000000000 ) ) ;
#5622 = ORIENTED_EDGE ( 'NONE', *, *, #738, .T. ) ;
#5623 =( BOUNDED_CURVE ( )  B_SPLINE_CURVE ( 3, ( #3199, #5570, #1768, #5929 ),
 .UNSPECIFIED., .F., .T. ) 
 B_SPLINE_CURVE_WITH_KNOTS ( ( 4, 4 ),
 ( 4.712388980385309623, 5.091642341557300000 ),
 .UNSPECIFIED. ) 
 CURVE ( )  GEOMETRIC_REPRESENTATION_ITEM ( )  RATIONAL_B_SPLINE_CURVE ( ( 1.000000000000000000, 0.9880497809186359337, 0.9880497809186359337, 1.000000000000000000 ) ) 
 REPRESENTATION_ITEM ( '' )  );
#5624 = CARTESIAN_POINT ( 'NONE',  ( -2.125705130186799963, 403.5837981009665327, -55.62148295819390142 ) ) ;
#5625 = EDGE_CURVE ( 'NONE', #528, #184, #1811, .T. ) ;
#5626 = CARTESIAN_POINT ( 'NONE',  ( -12.96257929670150055, 432.1808827236080219, -49.90524068635230037 ) ) ;
#5627 = FACE_OUTER_BOUND ( 'NONE', #1625, .T. ) ;
#5628 = EDGE_LOOP ( 'NONE', ( #697, #2782, #1702, #215 ) ) ;
#5629 = EDGE_LOOP ( 'NONE', ( #5296, #1959, #1371, #3609, #5641 ) ) ;
#5630 = CARTESIAN_POINT ( 'NONE',  ( -37.13568577638810098, 408.9400651560553683, -49.90424903906370702 ) ) ;
#5631 = CIRCLE ( 'NONE', #403, 1.000000000000000888 ) ;
#5632 = CARTESIAN_POINT ( 'NONE',  ( -49.92629390484140117, 403.9049851730274554, -55.63025202113379919 ) ) ;
#5633 = CARTESIAN_POINT ( 'NONE',  ( -39.69681486380400059, 425.9439264771379499, -50.81948063353460299 ) ) ;
#5634 = LINE ( 'NONE', #5456, #2163 ) ;
#5635 = ORIENTED_EDGE ( 'NONE', *, *, #3924, .F. ) ;
#5636 = CARTESIAN_POINT ( 'NONE',  ( -8.157255329684501177, 403.4610885964079898, -55.50524068635239416 ) ) ;
#5637 = ADVANCED_FACE ( 'NONE', ( #6071, #1777 ), #2694, .F. ) ;
#5638 = FACE_OUTER_BOUND ( 'NONE', #3067, .T. ) ;
#5639 = EDGE_LOOP ( 'NONE', ( #87, #6078, #1705, #3974 ) ) ;
#5640 = VECTOR ( 'NONE', #836, 1000.000000000000000 ) ;
#5641 = ORIENTED_EDGE ( 'NONE', *, *, #2486, .T. ) ;
#5642 = ORIENTED_EDGE ( 'NONE', *, *, #5348, .F. ) ;
#5643 = VECTOR ( 'NONE', #3103, 1000.000000000000114 ) ;
#5644 = CIRCLE ( 'NONE', #3162, 11.99999999999999645 ) ;
#5645 = DIRECTION ( 'NONE',  ( -6.505629368547249457E-09, -1.000000000000000000, -2.000000000000000155E-15 ) ) ;
#5646 = ADVANCED_FACE ( 'NONE', ( #3209 ), #5074, .F. ) ;
#5647 = ADVANCED_FACE ( 'NONE', ( #2297 ), #4568, .F. ) ;
#5648 = ORIENTED_EDGE ( 'NONE', *, *, #4360, .F. ) ;
#5649 = CARTESIAN_POINT ( 'NONE',  ( -8.134027431115999462, 403.5526662735695140, -55.50524068635239416 ) ) ;
#5650 = LINE ( 'NONE', #2307, #5428 ) ;
#5651 = VECTOR ( 'NONE', #2492, 1000.000000000000000 ) ;
#5652 = DIRECTION ( 'NONE',  ( -1.000000000000000000, 6.506368777081660565E-09, 0.000000000000000000 ) ) ;
#5653 = EDGE_LOOP ( 'NONE', ( #3939, #2393 ) ) ;
#5654 = VECTOR ( 'NONE', #216, 1000.000000000000000 ) ;
#5655 = DIRECTION ( 'NONE',  ( 0.000000000000000000, -1.999999999182804944E-15, 1.000000000000000000 ) ) ;
#5656 = ADVANCED_FACE ( 'NONE', ( #4661 ), #4107, .F. ) ;
#5657 = CARTESIAN_POINT ( 'NONE',  ( -48.10038896888439552, 419.8455043402195201, -54.90524068635230037 ) ) ;
#5658 = VECTOR ( 'NONE', #5797, 1000.000000000000000 ) ;
#5659 = CARTESIAN_POINT ( 'NONE',  ( -10.86729708061849919, 405.9901943938085083, -55.90524068635239985 ) ) ;
#5660 = DIRECTION ( 'NONE',  ( 0.000000000000000000, -1.706552875036424394E-08, -0.9999999999999997780 ) ) ;
#5661 = ORIENTED_EDGE ( 'NONE', *, *, #5371, .F. ) ;
#5662 = VERTEX_POINT ( 'NONE', #5010 ) ;
#5663 = EDGE_CURVE ( 'NONE', #2783, #5993, #2654, .T. ) ;
#5664 = EDGE_CURVE ( 'NONE', #3423, #5462, #4490, .T. ) ;
#5665 = CARTESIAN_POINT ( 'NONE',  ( -46.49248251638050533, 407.9537157094039799, -54.90524068635239985 ) ) ;
#5666 = FACE_OUTER_BOUND ( 'NONE', #1745, .T. ) ;
#5667 = FACE_OUTER_BOUND ( 'NONE', #1465, .T. ) ;
#5668 = DIRECTION ( 'NONE',  ( -6.505646089902609742E-09, -1.000000000000000000, -1.999999999127414287E-15 ) ) ;
#5669 = CYLINDRICAL_SURFACE ( 'NONE', #1882, 4.999999999999995559 ) ;
#5670 = AXIS2_PLACEMENT_3D ( 'NONE', #3180, #4602, #1241 ) ;
#5671 = ORIENTED_EDGE ( 'NONE', *, *, #1452, .F. ) ;
#5672 = CARTESIAN_POINT ( 'NONE',  ( -8.616617433969809170, 403.1086358003144596, -55.85751834628680257 ) ) ;
#5673 = ORIENTED_EDGE ( 'NONE', *, *, #4642, .T. ) ;
#5674 = ORIENTED_EDGE ( 'NONE', *, *, #2424, .F. ) ;
#5675 = DIRECTION ( 'NONE',  ( 1.000000000000000000, -6.507072658479279532E-09, 0.000000000000000000 ) ) ;
#5676 = CARTESIAN_POINT ( 'NONE',  ( -5.202872000005400288, 402.9067092283455054, -55.82524068635230208 ) ) ;
#5677 = VERTEX_POINT ( 'NONE', #2199 ) ;
#5678 = CARTESIAN_POINT ( 'NONE',  ( -9.054696374664199965, 426.6509797041509842, -60.83499734764340161 ) ) ;
#5679 = CARTESIAN_POINT ( 'NONE',  ( -16.04654253304449796, 425.6476660465934856, -55.87465728081549798 ) ) ;
#5680 = ORIENTED_EDGE ( 'NONE', *, *, #208, .F. ) ;
#5681 = CIRCLE ( 'NONE', #2991, 2.000000000000001776 ) ;
#5682 = ORIENTED_EDGE ( 'NONE', *, *, #3415, .T. ) ;
#5683 = CARTESIAN_POINT ( 'NONE',  ( -8.202872000409369591, 402.9067092283455054, -55.50525107667119329 ) ) ;
#5684 = CARTESIAN_POINT ( 'NONE',  ( -43.69594054777920178, 402.6878135896450317, -55.71862924780150195 ) ) ;
#5685 = EDGE_CURVE ( 'NONE', #1527, #4088, #3759, .T. ) ;
#5686 = ORIENTED_EDGE ( 'NONE', *, *, #3669, .T. ) ;
#5687 = LINE ( 'NONE', #522, #451 ) ;
#5688 = LINE ( 'NONE', #2866, #1099 ) ;
#5689 = CARTESIAN_POINT ( 'NONE',  ( -2.106954089536205110, 403.9473853711955371, -55.75526335591510474 ) ) ;
#5690 = CARTESIAN_POINT ( 'NONE',  ( -11.20548870293739974, 405.3763964256240229, -54.90524030621049434 ) ) ;
#5691 = CARTESIAN_POINT ( 'NONE',  ( -35.77968623503944912, 414.1349214286410074, -54.90524068635239985 ) ) ;
#5692 = VERTEX_POINT ( 'NONE', #1519 ) ;
#5693 = ORIENTED_EDGE ( 'NONE', *, *, #2387, .F. ) ;
#5694 = CARTESIAN_POINT ( 'NONE',  ( -39.19680607727919863, 424.6509799002674868, -52.31945424872390049 ) ) ;
#5695 = LINE ( 'NONE', #1487, #5214 ) ;
#5696 = DIRECTION ( 'NONE',  ( -1.000000000000000000, 6.506367353872409770E-09, 0.000000000000000000 ) ) ;
#5697 = LINE ( 'NONE', #1461, #4310 ) ;
#5698 = ADVANCED_FACE ( 'NONE', ( #2848 ), #145, .F. ) ;
#5699 = EDGE_CURVE ( 'NONE', #393, #4338, #503, .T. ) ;
#5700 = VERTEX_POINT ( 'NONE', #53 ) ;
#5701 = DIRECTION ( 'NONE',  ( -9.201392884934852636E-09, -0.7071067811865434649, -0.7071067811865514585 ) ) ;
#5702 = ORIENTED_EDGE ( 'NONE', *, *, #661, .F. ) ;
#5703 = DIRECTION ( 'NONE',  ( -0.7071067857872354034, -0.7071067765858596310, 0.000000000000000000 ) ) ;
#5704 = DIRECTION ( 'NONE',  ( 0.7071067811866065256, -4.600708702895411655E-09, -0.7071067811864886199 ) ) ;
#5705 = VERTEX_POINT ( 'NONE', #2355 ) ;
#5706 = CARTESIAN_POINT ( 'NONE',  ( -1.810953641160105043, 402.9067092242274839, -55.82524068635230208 ) ) ;
#5707 = FACE_OUTER_BOUND ( 'NONE', #5142, .T. ) ;
#5708 = CARTESIAN_POINT ( 'NONE',  ( -36.16453892423070471, 411.4015495250049526, -53.53501369718190261 ) ) ;
#5709 = ORIENTED_EDGE ( 'NONE', *, *, #4434, .T. ) ;
#5710 = LINE ( 'NONE', #5212, #6052 ) ;
#5711 = CARTESIAN_POINT ( 'NONE',  ( -46.67968854929569744, 426.6509799489530224, -60.83499734764340161 ) ) ;
#5712 = CARTESIAN_POINT ( 'NONE',  ( -8.110790869405599679, 403.6442781057979801, -55.50524068635239416 ) ) ;
#5713 = DIRECTION ( 'NONE',  ( 1.000000000000000000, -6.506366962090760048E-09, 4.274224921510939670E-16 ) ) ;
#5714 = CARTESIAN_POINT ( 'NONE',  ( -6.962579403456199856, 415.7749750439084551, -54.90524068635239985 ) ) ;
#5715 = ADVANCED_FACE ( 'NONE', ( #1931 ), #1112, .T. ) ;
#5716 = B_SPLINE_CURVE_WITH_KNOTS ( 'NONE', 3,
 ( #3035, #1194, #5093, #855 ),
 .UNSPECIFIED., .F., .F.,
 ( 4, 4 ),
 ( 0.000000000000000000, 1.000000000000000000 ),
 .UNSPECIFIED. ) ;
#5717 = CARTESIAN_POINT ( 'NONE',  ( -8.474412650323200680, 402.4804020659674961, -55.90524068635239985 ) ) ;
#5718 = DIRECTION ( 'NONE',  ( 0.000000000000000000, -2.000000000627515340E-15, 1.000000000000000000 ) ) ;
#5719 = VERTEX_POINT ( 'NONE', #5728 ) ;
#5720 = EDGE_CURVE ( 'NONE', #1872, #640, #3840, .T. ) ;
#5721 = ORIENTED_EDGE ( 'NONE', *, *, #4805, .T. ) ;
#5722 = DIRECTION ( 'NONE',  ( -6.506372959360830193E-09, -1.000000000000000000, -1.168479186713288105E-14 ) ) ;
#5723 = CARTESIAN_POINT ( 'NONE',  ( -12.98582549735590064, 406.3573299248974990, -54.90524034878539794 ) ) ;
#5724 = DIRECTION ( 'NONE',  ( 0.09474680545834102130, 0.7007303638743085372, -0.7071067811865605623 ) ) ;
#5725 = DIRECTION ( 'NONE',  ( 0.7529914420891924420, 0.6580303094390397289, 1.387778780781446464E-15 ) ) ;
#5726 = EDGE_LOOP ( 'NONE', ( #478, #3701, #2356, #4114 ) ) ;
#5727 = B_SPLINE_CURVE_WITH_KNOTS ( 'NONE', 3,
 ( #2897, #3396, #3859, #5775, #1154, #1188 ),
 .UNSPECIFIED., .F., .F.,
 ( 4, 2, 4 ),
 ( -0.1134150916565490053, -0.08506103345927569503, -0.07453431171899449481 ),
 .UNSPECIFIED. ) ;
#5728 = CARTESIAN_POINT ( 'NONE',  ( -43.63048410342959471, 430.6509799289505054, -58.09332458483159911 ) ) ;
#5729 = CARTESIAN_POINT ( 'NONE',  ( -43.98166390355040534, 402.5190644906134594, -48.90524068635239274 ) ) ;
#5730 = VERTEX_POINT ( 'NONE', #4718 ) ;
#5731 = AXIS2_PLACEMENT_3D ( 'NONE', #3960, #1632, #4415 ) ;
#5732 = CARTESIAN_POINT ( 'NONE',  ( -9.169338394678899107, 402.3898491506390087, -49.90524068635239274 ) ) ;
#5733 = B_SPLINE_CURVE_WITH_KNOTS ( 'NONE', 3,
 ( #4950, #6053, #3130, #6018 ),
 .UNSPECIFIED., .F., .F.,
 ( 4, 4 ),
 ( 0.000000000000000000, 1.000000000000000000 ),
 .UNSPECIFIED. ) ;
#5734 = EDGE_CURVE ( 'NONE', #4660, #2027, #4347, .T. ) ;
#5735 = CYLINDRICAL_SURFACE ( 'NONE', #5138, 0.9999999999999816813 ) ;
#5736 = AXIS2_PLACEMENT_3D ( 'NONE', #3904, #1609, #1203 ) ;
#5737 = CARTESIAN_POINT ( 'NONE',  ( -49.95651370592540275, 402.9067095194994863, -54.90524068635230037 ) ) ;
#5738 = CARTESIAN_POINT ( 'NONE',  ( -8.569781069145619767, 403.3781809836085017, -55.88678367476310171 ) ) ;
#5739 = AXIS2_PLACEMENT_3D ( 'NONE', #3976, #4430, #658 ) ;
#5740 = EDGE_LOOP ( 'NONE', ( #5162, #862, #2743, #5947 ) ) ;
#5741 = CARTESIAN_POINT ( 'NONE',  ( -8.152921791244498451, 403.4600074710590434, -55.50525228959710233 ) ) ;
#5742 = SPHERICAL_SURFACE ( 'NONE', #4028, 1.000000000000000000 ) ;
#5743 = EDGE_CURVE ( 'NONE', #1092, #680, #1327, .T. ) ;
#5744 = EDGE_CURVE ( 'NONE', #3031, #5976, #5293, .T. ) ;
#5745 = CARTESIAN_POINT ( 'NONE',  ( -13.60704794479370072, 408.3826400066229780, -48.90524068635239274 ) ) ;
#5746 = DIRECTION ( 'NONE',  ( -1.730654306093830038E-15, 5.687521816068420036E-15, -1.000000000000000000 ) ) ;
#5747 = AXIS2_PLACEMENT_3D ( 'NONE', #3568, #3022, #3535 ) ;
#5748 = DIRECTION ( 'NONE',  ( -1.301273394593848117E-08, -1.000000000000000000, -1.999999999999998578E-15 ) ) ;
#5749 = EDGE_LOOP ( 'NONE', ( #1838, #3305, #3113, #5519, #4165 ) ) ;
#5750 = CARTESIAN_POINT ( 'NONE',  ( -10.11055999432580066, 404.7731104333549865, -54.90524039341309503 ) ) ;
#5751 = DIRECTION ( 'NONE',  ( 0.7071067765858609633, -0.7071067857872341822, 0.000000000000000000 ) ) ;
#5752 = ORIENTED_EDGE ( 'NONE', *, *, #1150, .T. ) ;
#5753 = ORIENTED_EDGE ( 'NONE', *, *, #4375, .T. ) ;
#5754 = CARTESIAN_POINT ( 'NONE',  ( -42.82850739970420051, 403.6295309998000107, -51.57190692882179661 ) ) ;
#5755 = CIRCLE ( 'NONE', #2680, 0.9999999999999988898 ) ;
#5756 = CARTESIAN_POINT ( 'NONE',  ( -50.16388164873149691, 403.6123896076564961, -55.73772523003529500 ) ) ;
#5757 = FACE_OUTER_BOUND ( 'NONE', #23, .T. ) ;
#5758 = DIRECTION ( 'NONE',  ( 0.000000000000000000, 4.340250166767378224E-07, 0.9999999999999057421 ) ) ;
#5759 = EDGE_CURVE ( 'NONE', #5993, #1456, #4560, .T. ) ;
#5760 = DIRECTION ( 'NONE',  ( 6.506367291581810316E-09, 1.000000000000000000, 4.960594733056100343E-15 ) ) ;
#5761 = ORIENTED_EDGE ( 'NONE', *, *, #5744, .F. ) ;
#5762 = CARTESIAN_POINT ( 'NONE',  ( -43.77932905318479584, 404.0718144939255012, -48.90524068635239274 ) ) ;
#5763 = ORIENTED_EDGE ( 'NONE', *, *, #4224, .T. ) ;
#5764 = CARTESIAN_POINT ( 'NONE',  ( -11.02759544501789790, 410.0762344302424935, -54.90524068635239985 ) ) ;
#5765 = VECTOR ( 'NONE', #2233, 1000.000000000000114 ) ;
#5766 = DIRECTION ( 'NONE',  ( 0.000000000000000000, 5.380996972066942572E-08, -0.9999999999999985567 ) ) ;
#5767 = CARTESIAN_POINT ( 'NONE',  ( -2.259785012296399831, 404.3397400998069884, -55.77190735301899593 ) ) ;
#5768 = ORIENTED_EDGE ( 'NONE', *, *, #3631, .F. ) ;
#5769 = CARTESIAN_POINT ( 'NONE',  ( -38.19680602829230054, 432.1808828877919950, -48.90524068635230037 ) ) ;
#5770 = B_SPLINE_SURFACE_WITH_KNOTS ( 'NONE', 3, 3, ( 
 ( #641, #241, #3005, #2929, #3398, #5780, #5314, #1130, #2059, #1068 ),
 ( #4861, #2950, #4920, #3365, #1629, #4831, #3926, #5375, #1038, #616 ),
 ( #2490, #5862, #4890, #4354, #4385, #2117, #668, #155, #3425, #2548 ),
 ( #1572, #4411, #3986, #2029, #588, #210, #3896, #3033, #5808, #5343 ),
 ( #1513, #1101, #2983, #2087, #3957, #699, #2576, #179, #2458, #5838 ) ),
 .UNSPECIFIED., .F., .F., .F.,
 ( 4, 1, 4 ),
 ( 4, 3, 3, 4 ),
 ( 0.000000000000000000, 0.5714285714285709528, 1.000000000000000000 ),
 ( -0.4509126272089379883, 0.1000001900709580061, 0.6000004135171679298, 1.011200808750069902 ),
 .UNSPECIFIED. ) ;
#5771 = EDGE_CURVE ( 'NONE', #2697, #10, #4802, .T. ) ;
#5772 = ADVANCED_FACE ( 'NONE', ( #1870 ), #3729, .T. ) ;
#5773 = ORIENTED_EDGE ( 'NONE', *, *, #3804, .F. ) ;
#5774 = CARTESIAN_POINT ( 'NONE',  ( -11.02759544501789790, 410.0762344302424935, -48.90524068635239274 ) ) ;
#5775 = CARTESIAN_POINT ( 'NONE',  ( -43.95712902102439301, 402.8365469437515571, -55.50525259586500226 ) ) ;
#5776 = CIRCLE ( 'NONE', #2327, 1.000000000000001332 ) ;
#5777 = ORIENTED_EDGE ( 'NONE', *, *, #3354, .T. ) ;
#5778 = ORIENTED_EDGE ( 'NONE', *, *, #4500, .F. ) ;
#5779 = CARTESIAN_POINT ( 'NONE',  ( -41.27561595025949970, 405.9603009049359912, -49.23857401968570002 ) ) ;
#5780 = CARTESIAN_POINT ( 'NONE',  ( -35.77968623503944912, 414.1349228753904868, -51.57190928465499979 ) ) ;
#5781 = CARTESIAN_POINT ( 'NONE',  ( -46.95651370592540275, 402.9067095000099243, -52.50524068635240127 ) ) ;
#5782 = CARTESIAN_POINT ( 'NONE',  ( -10.22890127140169980, 426.0509797116269510, -58.09332458483159911 ) ) ;
#5783 = LINE ( 'NONE', #1548, #1674 ) ;
#5784 = CARTESIAN_POINT ( 'NONE',  ( -46.67968854929569744, 426.6509799489530224, -60.83499734764340161 ) ) ;
#5785 = ORIENTED_EDGE ( 'NONE', *, *, #4658, .F. ) ;
#5786 = EDGE_LOOP ( 'NONE', ( #4651, #3600, #4845, #1269, #5263 ) ) ;
#5787 = CARTESIAN_POINT ( 'NONE',  ( -46.95651370592540275, 402.9067095000099243, -55.82524068635230208 ) ) ;
#5788 = EDGE_CURVE ( 'NONE', #5439, #4367, #5955, .T. ) ;
#5789 = CARTESIAN_POINT ( 'NONE',  ( -38.19680613502329436, 415.7749752471349893, -54.90524068635239985 ) ) ;
#5790 = B_SPLINE_CURVE_WITH_KNOTS ( 'NONE', 3,
 ( #1157, #5399, #3865, #2003, #4444 ),
 .UNSPECIFIED., .F., .F.,
 ( 4, 1, 4 ),
 ( 0.000000000000000000, 0.4285714285714289917, 1.000000000000000000 ),
 .UNSPECIFIED. ) ;
#5791 = PRESENTATION_LAYER_ASSIGNMENT (  '', '', ( #3112 ) ) ;
#5792 = ORIENTED_EDGE ( 'NONE', *, *, #2545, .F. ) ;
#5793 = CARTESIAN_POINT ( 'NONE',  ( -8.499976668993300066, 403.7377602708224913, -55.90546296897120016 ) ) ;
#5794 = AXIS2_PLACEMENT_3D ( 'NONE', #3473, #1584, #3973 ) ;
#5795 = FACE_OUTER_BOUND ( 'NONE', #365, .T. ) ;
#5796 = ORIENTED_EDGE ( 'NONE', *, *, #1324, .F. ) ;
#5797 = DIRECTION ( 'NONE',  ( -4.037174640432150072E-16, -2.083490208421170058E-15, 1.000000000000000000 ) ) ;
#5798 = ADVANCED_FACE ( 'NONE', ( #3931 ), #5364, .F. ) ;
#5799 = VECTOR ( 'NONE', #5344, 1000.000000000000000 ) ;
#5800 = CARTESIAN_POINT ( 'NONE',  ( -13.96257934569919890, 424.6509797360849916, -56.90524068635230037 ) ) ;
#5801 = VECTOR ( 'NONE', #5411, 1000.000000000000000 ) ;
#5802 = ORIENTED_EDGE ( 'NONE', *, *, #5936, .F. ) ;
#5803 = DIRECTION ( 'NONE',  ( 0.7071067811865474617, -4.600258617218055993E-09, 0.7071067811865474617 ) ) ;
#5804 = EDGE_CURVE ( 'NONE', #1723, #2478, #2399, .T. ) ;
#5805 = CARTESIAN_POINT ( 'NONE',  ( -19.77969495286399848, 427.0809797737685471, -53.53501369717780278 ) ) ;
#5806 = EDGE_LOOP ( 'NONE', ( #5932, #627, #5899, #2685 ) ) ;
#5807 = CARTESIAN_POINT ( 'NONE',  ( -42.30023760683099709, 405.0151711334580114, -49.57190735301900020 ) ) ;
#5808 = CARTESIAN_POINT ( 'NONE',  ( -39.61859764227580172, 406.1121258968529446, -47.16390242285120138 ) ) ;
#5809 = EDGE_CURVE ( 'NONE', #4807, #1400, #4397, .T. ) ;
#5810 = DIRECTION ( 'NONE',  ( -1.000000000000000000, 0.000000000000000000, 0.000000000000000000 ) ) ;
#5811 = CARTESIAN_POINT ( 'NONE',  ( -36.77968623503949885, 414.1349214351474757, -55.90524068635239985 ) ) ;
#5812 = DIRECTION ( 'NONE',  ( 0.9999999999999998890, -1.301272814992122824E-08, 0.000000000000000000 ) ) ;
#5813 = DIRECTION ( 'NONE',  ( 1.000000000000000000, -6.506364891301070241E-09, 4.440892056593770290E-15 ) ) ;
#5814 = VERTEX_POINT ( 'NONE', #1135 ) ;
#5815 = FACE_OUTER_BOUND ( 'NONE', #1417, .T. ) ;
#5816 = VERTEX_POINT ( 'NONE', #1549 ) ;
#5817 = DIRECTION ( 'NONE',  ( 1.000000000000000000, -6.506364074960614948E-09, 0.000000000000000000 ) ) ;
#5818 = EDGE_CURVE ( 'NONE', #3844, #3704, #2495, .T. ) ;
#5819 = ORIENTED_EDGE ( 'NONE', *, *, #2259, .F. ) ;
#5820 = CARTESIAN_POINT ( 'NONE',  ( -50.34843206372818969, 402.9983559621171594, -55.82524068654251437 ) ) ;
#5821 = CARTESIAN_POINT ( 'NONE',  ( -2.500037011293100075, 404.2227579878510255, -55.50524068635239416 ) ) ;
#5822 = ORIENTED_EDGE ( 'NONE', *, *, #4823, .T. ) ;
#5823 = DIRECTION ( 'NONE',  ( -1.000000000000000000, 6.506366714853769862E-09, -1.110222868742805933E-16 ) ) ;
#5824 = FACE_OUTER_BOUND ( 'NONE', #3730, .T. ) ;
#5825 = CARTESIAN_POINT ( 'NONE',  ( -11.76354581574030078, 406.8256232672415535, -48.90524068635239274 ) ) ;
#5826 = ADVANCED_FACE ( 'NONE', ( #4866 ), #2986, .F. ) ;
#5827 = ORIENTED_EDGE ( 'NONE', *, *, #4092, .F. ) ;
#5828 = LINE ( 'NONE', #1124, #708 ) ;
#5829 = CARTESIAN_POINT ( 'NONE',  ( -9.330878351836400242, 403.6295302931595188, -53.23857410234429466 ) ) ;
#5830 = ORIENTED_EDGE ( 'NONE', *, *, #6038, .F. ) ;
#5831 = B_SPLINE_CURVE_WITH_KNOTS ( 'NONE', 3,
 ( #3907, #5820, #4396, #1583, #3439, #4873, #653, #1372, #3601, #4069, #453, #5515, #2265, #1311, #906, #3562, #5481, #422, #4170, #3633, #845, #3150, #1843 ),
 .UNSPECIFIED., .F., .F.,
 ( 4, 2, 1, 1, 1, 1, 2, 2, 2, 2, 1, 2, 2, 4 ),
 ( 0.000000000000000000, 0.2500000000033076319, 0.3750000000049619198, 0.4375000000058636429, 0.4687500000063896111, 0.4843750000065802919, 0.4921875000066751049, 0.5000000000067699180, 0.6250000000048155924, 0.6875000000037635450, 0.7187500000032941427, 0.7343750000030585534, 0.7500000000028229641, 1.000000000000000000 ),
 .UNSPECIFIED. ) ;
#5832 = CIRCLE ( 'NONE', #1793, 1.000000000000000888 ) ;
#5833 = CARTESIAN_POINT ( 'NONE',  ( -49.05651370592539706, 402.9067095273364885, -52.90524068635239985 ) ) ;
#5834 = ORIENTED_EDGE ( 'NONE', *, *, #4783, .T. ) ;
#5835 = DIRECTION ( 'NONE',  ( -1.000000000000000000, 6.506366962090760048E-09, 6.665464254773690268E-16 ) ) ;
#5836 = AXIS2_PLACEMENT_3D ( 'NONE', #169, #1056, #1117 ) ;
#5837 = VERTEX_POINT ( 'NONE', #246 ) ;
#5838 = CARTESIAN_POINT ( 'NONE',  ( -40.95389657427890739, 405.3764007925250326, -45.79323411941780364 ) ) ;
#5839 = CARTESIAN_POINT ( 'NONE',  ( -6.962579403456199856, 415.7749750439084551, -54.90524068635239985 ) ) ;
#5840 = CARTESIAN_POINT ( 'NONE',  ( -12.53859893579380014, 425.9032813004649825, -50.58553790433889219 ) ) ;
#5841 = DIRECTION ( 'NONE',  ( 1.000000000000000000, 0.000000000000000000, 0.000000000000000000 ) ) ;
#5842 = EDGE_CURVE ( 'NONE', #5913, #1456, #3038, .T. ) ;
#5843 = ORIENTED_EDGE ( 'NONE', *, *, #5080, .T. ) ;
#5844 = EDGE_CURVE ( 'NONE', #4214, #2194, #2894, .T. ) ;
#5845 = VECTOR ( 'NONE', #4764, 1000.000000000000000 ) ;
#5846 = ORIENTED_EDGE ( 'NONE', *, *, #6055, .T. ) ;
#5847 = DIRECTION ( 'NONE',  ( 0.7071067811865510144, -4.600708702895411655E-09, -0.7071067811865441310 ) ) ;
#5848 = VERTEX_POINT ( 'NONE', #2121 ) ;
#5849 = CARTESIAN_POINT ( 'NONE',  ( -20.48680172945014988, 427.7880865595555520, -53.24212047836230255 ) ) ;
#5850 = LINE ( 'NONE', #2045, #4991 ) ;
#5851 = ORIENTED_EDGE ( 'NONE', *, *, #3924, .T. ) ;
#5852 = CARTESIAN_POINT ( 'NONE',  ( -46.95651370592540275, 402.9067095000099243, -49.10524068635240269 ) ) ;
#5853 = CARTESIAN_POINT ( 'NONE',  ( -16.08680607575305288, 418.7788445244549393, -61.54210412883000458 ) ) ;
#5854 = CARTESIAN_POINT ( 'NONE',  ( -15.99833599887690028, 411.3996289984970076, -51.65724757998550132 ) ) ;
#5855 = ORIENTED_EDGE ( 'NONE', *, *, #5507, .F. ) ;
#5856 = AXIS2_PLACEMENT_3D ( 'NONE', #132, #3011, #5895 ) ;
#5857 = DIRECTION ( 'NONE',  ( 1.000000000000000000, -6.507088095983961125E-09, -5.951775297270543150E-16 ) ) ;
#5858 = EDGE_CURVE ( 'NONE', #3350, #3031, #214, .T. ) ;
#5859 = EDGE_LOOP ( 'NONE', ( #769, #2232, #5579, #1457 ) ) ;
#5860 = CIRCLE ( 'NONE', #149, 3.999999999999996891 ) ;
#5861 = CARTESIAN_POINT ( 'NONE',  ( -5.202872000005400288, 402.9067092283455054, -48.90524068635239274 ) ) ;
#5862 = CARTESIAN_POINT ( 'NONE',  ( -36.89911235519650035, 408.5526527015875331, -58.57799379998619571 ) ) ;
#5863 = DIRECTION ( 'NONE',  ( -0.7071067811865600072, 4.601207663892510125E-09, -0.7071067811865350272 ) ) ;
#5864 = CARTESIAN_POINT ( 'NONE',  ( -36.77968616082659992, 425.5410932797020678, -56.38419541309620087 ) ) ;
#5865 = CARTESIAN_POINT ( 'NONE',  ( -11.95597477119959962, 425.6509634776775215, -52.32559935675190133 ) ) ;
#5866 = DIRECTION ( 'NONE',  ( -6.506364891301069414E-09, -1.000000000000000000, -6.938893903907222067E-15 ) ) ;
#5867 = ORIENTED_EDGE ( 'NONE', *, *, #4795, .F. ) ;
#5868 = FACE_OUTER_BOUND ( 'NONE', #2675, .T. ) ;
#5869 = EDGE_LOOP ( 'NONE', ( #4630, #3794, #5721, #4698 ) ) ;
#5870 = DIRECTION ( 'NONE',  ( -0.9999999999999998890, 1.301273583846690010E-08, 0.000000000000000000 ) ) ;
#5871 = EDGE_CURVE ( 'NONE', #5719, #4338, #4956, .T. ) ;
#5872 = ADVANCED_FACE ( 'NONE', ( #2010 ), #1611, .F. ) ;
#5873 = VERTEX_POINT ( 'NONE', #5318 ) ;
#5874 = CARTESIAN_POINT ( 'NONE',  ( -47.57683813163558284, 426.1339159713924118, -58.52651669131414991 ) ) ;
#5875 = DIRECTION ( 'NONE',  ( 3.721404592326200084E-16, -2.534833635947090181E-15, 1.000000000000000000 ) ) ;
#5876 = ORIENTED_EDGE ( 'NONE', *, *, #5842, .F. ) ;
#5877 = FACE_OUTER_BOUND ( 'NONE', #1691, .T. ) ;
#5878 = LINE ( 'NONE', #3945, #3250 ) ;
#5879 = AXIS2_PLACEMENT_3D ( 'NONE', #5121, #4208, #3280 ) ;
#5880 = CARTESIAN_POINT ( 'NONE',  ( -39.19680607727919863, 424.6509799002674868, -49.39512085705119659 ) ) ;
#5881 = VECTOR ( 'NONE', #5921, 1000.000000000000000 ) ;
#5882 = EDGE_LOOP ( 'NONE', ( #5357, #3477, #2413, #4938 ) ) ;
#5883 = AXIS2_PLACEMENT_3D ( 'NONE', #5839, #180, #2491 ) ;
#5884 = CARTESIAN_POINT ( 'NONE',  ( -15.99825063428159844, 411.3980096222600196, -49.90560089522350040 ) ) ;
#5885 = PLANE ( 'NONE',  #1486 ) ;
#5886 = AXIS2_PLACEMENT_3D ( 'NONE', #639, #1624, #3066 ) ;
#5887 = EDGE_CURVE ( 'NONE', #2027, #4660, #4443, .T. ) ;
#5888 = ORIENTED_EDGE ( 'NONE', *, *, #544, .F. ) ;
#5889 = CARTESIAN_POINT ( 'NONE',  ( -12.32521288009839999, 407.1350890561429878, -55.90524068635239985 ) ) ;
#5890 = CARTESIAN_POINT ( 'NONE',  ( -45.95651369887919913, 403.9897861657984777, -49.40524068635239274 ) ) ;
#5891 = DIRECTION ( 'NONE',  ( -4.274225069697080209E-16, -2.000000000000000155E-15, 1.000000000000000000 ) ) ;
#5892 = DIRECTION ( 'NONE',  ( 0.9999999999999997780, -1.301273903446069998E-08, 0.000000000000000000 ) ) ;
#5893 = CARTESIAN_POINT ( 'NONE',  ( -33.17596783246405323, 414.9737991151334882, -49.23869408938849546 ) ) ;
#5894 = EDGE_CURVE ( 'NONE', #1018, #3978, #3357, .T. ) ;
#5895 = DIRECTION ( 'NONE',  ( -1.491530410084765989E-15, 0.000000000000000000, 1.000000000000000000 ) ) ;
#5896 = DIRECTION ( 'NONE',  ( -1.000000000000000000, 6.506366962090760048E-09, 3.501462224639520343E-16 ) ) ;
#5897 = ORIENTED_EDGE ( 'NONE', *, *, #3024, .T. ) ;
#5898 = LINE ( 'NONE', #3175, #4743 ) ;
#5899 = ORIENTED_EDGE ( 'NONE', *, *, #4766, .F. ) ;
#5900 = CARTESIAN_POINT ( 'NONE',  ( -12.29670524448596147, 413.0277761956165250, -48.90524068635239274 ) ) ;
#5901 = CYLINDRICAL_SURFACE ( 'NONE', #690, 1.000000000000001332 ) ;
#5902 = DIRECTION ( 'NONE',  ( -0.8890209735049589002, -0.4578664747153857184, -1.067522139062650474E-15 ) ) ;
#5903 = VERTEX_POINT ( 'NONE', #2955 ) ;
#5904 = DIRECTION ( 'NONE',  ( -1.000000000000000000, 6.506367384098699429E-09, -1.359119942006012042E-16 ) ) ;
#5905 = CARTESIAN_POINT ( 'NONE',  ( -16.37969932478159762, 414.1349227491670035, -51.57190928465499979 ) ) ;
#5906 = ORIENTED_EDGE ( 'NONE', *, *, #883, .F. ) ;
#5907 = EDGE_CURVE ( 'NONE', #3670, #4719, #26, .T. ) ;
#5908 = FACE_OUTER_BOUND ( 'NONE', #1667, .T. ) ;
#5909 = CARTESIAN_POINT ( 'NONE',  ( -46.67968852327019391, 430.6509799487894838, -61.83499734764340161 ) ) ;
#5910 = CARTESIAN_POINT ( 'NONE',  ( -46.95651370592540275, 402.9067095000099243, -55.50524068635239416 ) ) ;
#5911 = CARTESIAN_POINT ( 'NONE',  ( -5.479696847657200109, 426.6509796808909982, -60.83499734764340161 ) ) ;
#5912 = CARTESIAN_POINT ( 'NONE',  ( -15.37931557968289908, 425.6512561851519649, -56.60661121908759696 ) ) ;
#5913 = VERTEX_POINT ( 'NONE', #3656 ) ;
#5914 = EDGE_CURVE ( 'NONE', #3871, #4945, #5623, .T. ) ;
#5915 = EDGE_CURVE ( 'NONE', #2411, #5333, #3554, .T. ) ;
#5916 = LINE ( 'NONE', #4948, #3094 ) ;
#5917 = CYLINDRICAL_SURFACE ( 'NONE', #682, 0.9999999999999988898 ) ;
#5918 = SURFACE_STYLE_USAGE ( .BOTH. , #2671 ) ;
#5919 = AXIS2_PLACEMENT_3D ( 'NONE', #1935, #82, #1904 ) ;
#5920 = AXIS2_PLACEMENT_3D ( 'NONE', #4179, #4579, #370 ) ;
#5921 = DIRECTION ( 'NONE',  ( 3.560536337138940078E-16, 5.687521802491529845E-15, -1.000000000000000000 ) ) ;
#5922 = ORIENTED_EDGE ( 'NONE', *, *, #3890, .F. ) ;
#5923 = CIRCLE ( 'NONE', #793, 1.000000000000001332 ) ;
#5924 = DIRECTION ( 'NONE',  ( -1.000000000000000000, 0.000000000000000000, 0.000000000000000000 ) ) ;
#5925 = CARTESIAN_POINT ( 'NONE',  ( -46.67968855220542679, 426.2037663569447545, -61.72942454038916082 ) ) ;
#5926 = CARTESIAN_POINT ( 'NONE',  ( -13.38586021214491240, 406.8790832295254631, -49.90498724243491324 ) ) ;
#5927 = FACE_OUTER_BOUND ( 'NONE', #594, .T. ) ;
#5928 = CIRCLE ( 'NONE', #908, 2.100000000000000089 ) ;
#5929 = CARTESIAN_POINT ( 'NONE',  ( -31.45074909493934712, 430.6509798497065162, -52.90524068619060216 ) ) ;
#5930 = ORIENTED_EDGE ( 'NONE', *, *, #3773, .T. ) ;
#5931 = DIRECTION ( 'NONE',  ( -1.000000000000000000, 0.000000000000000000, 0.000000000000000000 ) ) ;
#5932 = ORIENTED_EDGE ( 'NONE', *, *, #2118, .F. ) ;
#5933 = FACE_OUTER_BOUND ( 'NONE', #5473, .T. ) ;
#5934 = CIRCLE ( 'NONE', #2570, 1.700000000000000178 ) ;
#5935 = CARTESIAN_POINT ( 'NONE',  ( -35.01595711525570209, 413.6393113523265015, -51.65724743870020319 ) ) ;
#5936 = EDGE_CURVE ( 'NONE', #3101, #4965, #2106, .T. ) ;
#5937 = EDGE_CURVE ( 'NONE', #4424, #3618, #1331, .T. ) ;
#5938 = ORIENTED_EDGE ( 'NONE', *, *, #5088, .F. ) ;
#5939 = CARTESIAN_POINT ( 'NONE',  ( -35.77968615360539673, 426.6509798780339793, -54.90524068635230037 ) ) ;
#5940 = CARTESIAN_POINT ( 'NONE',  ( -11.20548903985959832, 405.3763999711974861, -47.16390210353290513 ) ) ;
#5941 = ORIENTED_EDGE ( 'NONE', *, *, #2962, .T. ) ;
#5942 = CARTESIAN_POINT ( 'NONE',  ( -46.67968854929569744, 426.6509799489530224, -60.83499734764340161 ) ) ;
#5943 = DIRECTION ( 'NONE',  ( -1.000000000000000000, 0.000000000000000000, 0.000000000000000000 ) ) ;
#5944 = VECTOR ( 'NONE', #3858, 1000.000000000000000 ) ;
#5945 = CARTESIAN_POINT ( 'NONE',  ( -46.67968854929569744, 426.6509799489530224, -60.83499734764340161 ) ) ;
#5946 = LINE ( 'NONE', #1722, #1693 ) ;
#5947 = ORIENTED_EDGE ( 'NONE', *, *, #2113, .F. ) ;
#5948 = DIRECTION ( 'NONE',  ( 0.000000000000000000, 2.000000000627515340E-15, -1.000000000000000000 ) ) ;
#5949 = DIRECTION ( 'NONE',  ( 0.4082482878076540422, -0.4082482931200847043, 0.8164965809277197062 ) ) ;
#5950 = CARTESIAN_POINT ( 'NONE',  ( -38.19680606426789637, 426.6509798935969684, -48.90524068635230037 ) ) ;
#5951 = FACE_OUTER_BOUND ( 'NONE', #5806, .T. ) ;
#5952 = B_SPLINE_CURVE_WITH_KNOTS ( 'NONE', 3,
 ( #3009, #2526, #2493, #2063, #5435, #3074, #671 ),
 .UNSPECIFIED., .F., .F.,
 ( 4, 3, 4 ),
 ( 0.000000000000000000, 0.0002092458108938575611, 1.000000000000000000 ),
 .UNSPECIFIED. ) ;
#5953 = EDGE_CURVE ( 'NONE', #2320, #4585, #1934, .T. ) ;
#5954 = EDGE_CURVE ( 'NONE', #6030, #1207, #5178, .T. ) ;
#5955 = CIRCLE ( 'NONE', #1518, 6.000000000000000000 ) ;
#5956 = ORIENTED_EDGE ( 'NONE', *, *, #4821, .F. ) ;
#5957 = ORIENTED_EDGE ( 'NONE', *, *, #858, .T. ) ;
#5958 = CARTESIAN_POINT ( 'NONE',  ( -8.498513397761600530, 403.7426206259455057, -55.90524068635239985 ) ) ;
#5959 =( GEOMETRIC_REPRESENTATION_CONTEXT ( 3 ) GLOBAL_UNCERTAINTY_ASSIGNED_CONTEXT ( ( #3358 ) ) GLOBAL_UNIT_ASSIGNED_CONTEXT ( ( #5218, #583, #4825 ) ) REPRESENTATION_CONTEXT ( 'NONE', 'WORKASPACE' ) );
#5960 = DIRECTION ( 'NONE',  ( 3.907953567956555396E-16, 1.713016016732010090E-15, -1.000000000000000000 ) ) ;
#5961 = CARTESIAN_POINT ( 'NONE',  ( -42.99004748555320532, 402.3898480846894472, -55.12964016160880476 ) ) ;
#5962 = CARTESIAN_POINT ( 'NONE',  ( -40.19680607727919863, 424.6509799067735003, -49.39512085705119659 ) ) ;
#5963 = VECTOR ( 'NONE', #4048, 1000.000000000000000 ) ;
#5964 = CARTESIAN_POINT ( 'NONE',  ( -39.30512534783662204, 426.2871762243423177, -50.01350693648650747 ) ) ;
#5965 = CARTESIAN_POINT ( 'NONE',  ( -36.07257937702064510, 425.9438730987539543, -61.54210412883099934 ) ) ;
#5966 = ORIENTED_EDGE ( 'NONE', *, *, #2584, .T. ) ;
#5967 = CARTESIAN_POINT ( 'NONE',  ( -1.980816390973199725, 403.9897858796729793, -55.88027469069650266 ) ) ;
#5968 = ORIENTED_EDGE ( 'NONE', *, *, #4989, .T. ) ;
#5969 = LINE ( 'NONE', #1805, #4635 ) ;
#5970 = CARTESIAN_POINT ( 'NONE',  ( -36.77968616011180103, 425.6509798845399928, -60.83499734764340161 ) ) ;
#5971 = DIRECTION ( 'NONE',  ( -6.506366714853769862E-09, -1.000000000000000000, -4.960594732471620676E-15 ) ) ;
#5972 = ORIENTED_EDGE ( 'NONE', *, *, #5759, .F. ) ;
#5973 = CARTESIAN_POINT ( 'NONE',  ( -44.04859482692739903, 403.6442783396225309, -55.50524068635239416 ) ) ;
#5974 = FACE_OUTER_BOUND ( 'NONE', #5628, .T. ) ;
#5975 = CARTESIAN_POINT ( 'NONE',  ( -12.54078763778319860, 406.1121204561320610, -58.57799274068759843 ) ) ;
#5976 = VERTEX_POINT ( 'NONE', #5505 ) ;
#5977 = CIRCLE ( 'NONE', #5185, 1.000000000000005995 ) ;
#5978 = CARTESIAN_POINT ( 'NONE',  ( -35.95815647062965326, 425.9824099439974816, -56.24342267016110242 ) ) ;
#5979 = DIRECTION ( 'NONE',  ( -1.000000000000000000, 6.507089553177474918E-09, 0.000000000000000000 ) ) ;
#5980 = ORIENTED_EDGE ( 'NONE', *, *, #2353, .T. ) ;
#5981 = DIRECTION ( 'NONE',  ( -4.037174640432145142E-16, -2.083490208421170058E-15, 1.000000000000000000 ) ) ;
#5982 = ORIENTED_EDGE ( 'NONE', *, *, #255, .T. ) ;
#5983 = EDGE_CURVE ( 'NONE', #3031, #1764, #539, .T. ) ;
#5984 = DIRECTION ( 'NONE',  ( 2.602546749536875194E-23, 2.000000000000000155E-15, -1.000000000000000000 ) ) ;
#5985 = DIRECTION ( 'NONE',  ( -0.8890209735049589002, -0.4578664747153857184, -1.067522139062650474E-15 ) ) ;
#5986 = CARTESIAN_POINT ( 'NONE',  ( -5.532910906604199930, 408.9446978279354994, -48.90524068635239274 ) ) ;
#5987 = FILL_AREA_STYLE ('',( #5022 ) ) ;
#5988 = VECTOR ( 'NONE', #5502, 999.9999999999998863 ) ;
#5989 = ORIENTED_EDGE ( 'NONE', *, *, #1818, .T. ) ;
#5990 = CARTESIAN_POINT ( 'NONE',  ( -13.96257936448589909, 421.7638722438059631, -54.90524068635230037 ) ) ;
#5991 = VECTOR ( 'NONE', #4707, 1000.000000000000000 ) ;
#5992 = ORIENTED_EDGE ( 'NONE', *, *, #5126, .F. ) ;
#5993 = VERTEX_POINT ( 'NONE', #2224 ) ;
#5994 = EDGE_CURVE ( 'NONE', #4573, #5692, #395, .T. ) ;
#5995 = FACE_OUTER_BOUND ( 'NONE', #844, .T. ) ;
#5996 = CARTESIAN_POINT ( 'NONE',  ( -40.03048413466009947, 425.8509799056089946, -58.09332458483159911 ) ) ;
#5997 = DIRECTION ( 'NONE',  ( -1.000000000000000000, 6.506351013513261599E-09, -2.775557561562888827E-14 ) ) ;
#5998 = DIRECTION ( 'NONE',  ( -1.000000000000000000, 0.000000000000000000, 0.000000000000000000 ) ) ;
#5999 = CARTESIAN_POINT ( 'NONE',  ( -47.38679533508300068, 425.9438731723674891, -58.71655948910330380 ) ) ;
#6000 = DIRECTION ( 'NONE',  ( 7.171670486573400184E-16, -2.149706883444425210E-15, 1.000000000000000000 ) ) ;
#6001 = VERTEX_POINT ( 'NONE', #5999 ) ;
#6002 = DIRECTION ( 'NONE',  ( 6.506364074960620738E-09, 1.000000000000000000, 5.687521804808150055E-15 ) ) ;
#6003 = VERTEX_POINT ( 'NONE', #69 ) ;
#6004 = EDGE_CURVE ( 'NONE', #3736, #969, #3750, .T. ) ;
#6005 = CARTESIAN_POINT ( 'NONE',  ( -15.37969925636029878, 424.6509797453039710, -55.90524068635230037 ) ) ;
#6006 = DIRECTION ( 'NONE',  ( -4.190670483247645469E-23, -6.440892098418760699E-15, 1.000000000000000000 ) ) ;
#6007 = CARTESIAN_POINT ( 'NONE',  ( -32.31236369630309468, 414.3067089143225417, -52.53501369707149848 ) ) ;
#6008 = ORIENTED_EDGE ( 'NONE', *, *, #5442, .F. ) ;
#6009 = DIRECTION ( 'NONE',  ( 3.501461612943910086E-16, -2.277555759156820351E-15, 1.000000000000000000 ) ) ;
#6010 = CARTESIAN_POINT ( 'NONE',  ( -12.54078797580330118, 406.1121250884605161, -48.53457040696369518 ) ) ;
#6011 = ORIENTED_EDGE ( 'NONE', *, *, #353, .T. ) ;
#6012 = CARTESIAN_POINT ( 'NONE',  ( -37.13747678204889979, 410.4025095199685325, -49.23860690510529992 ) ) ;
#6013 = ORIENTED_EDGE ( 'NONE', *, *, #1355, .T. ) ;
#6014 = CARTESIAN_POINT ( 'NONE',  ( -39.19680732602889606, 424.6494426075519755, -52.32361515649549943 ) ) ;
#6015 = ORIENTED_EDGE ( 'NONE', *, *, #4044, .F. ) ;
#6016 = LINE ( 'NONE', #2211, #4819 ) ;
#6017 = CARTESIAN_POINT ( 'NONE',  ( -31.37969043198394914, 428.0809798492414870, -45.33512306511639878 ) ) ;
#6018 = CARTESIAN_POINT ( 'NONE',  ( -12.46253513099608057, 425.9440892248130126, -50.81958686746269649 ) ) ;
#6019 = EDGE_CURVE ( 'NONE', #3873, #6062, #1480, .T. ) ;
#6020 = ORIENTED_EDGE ( 'NONE', *, *, #4158, .F. ) ;
#6021 = DIRECTION ( 'NONE',  ( 0.7071067811865441310, -4.601208303256492976E-09, -0.7071067811865510144 ) ) ;
#6022 = VERTEX_POINT ( 'NONE', #2400 ) ;
#6023 = CARTESIAN_POINT ( 'NONE',  ( -39.34099745749820443, 425.3244954846810515, -51.80591760927200085 ) ) ;
#6024 = CARTESIAN_POINT ( 'NONE',  ( -8.197710977928208465, 402.7070289824390557, -55.50525034609739805 ) ) ;
#6025 = CARTESIAN_POINT ( 'NONE',  ( -43.98166404064620139, 402.5190634385194812, -55.90524068635239985 ) ) ;
#6026 = CARTESIAN_POINT ( 'NONE',  ( -29.99441279500145185, 430.6509798403924947, -52.90524068635230037 ) ) ;
#6027 = CIRCLE ( 'NONE', #5032, 1.000000000000001332 ) ;
#6028 = CARTESIAN_POINT ( 'NONE',  ( -12.95015545792469425, 425.8664257423554318, -49.91736556179847639 ) ) ;
#6029 = LINE ( 'NONE', #3140, #5640 ) ;
#6030 = VERTEX_POINT ( 'NONE', #1920 ) ;
#6031 = DIRECTION ( 'NONE',  ( 1.000000000000000000, -6.506351013513267389E-09, -3.469446951953614189E-14 ) ) ;
#6032 = ORIENTED_EDGE ( 'NONE', *, *, #1849, .T. ) ;
#6033 = CARTESIAN_POINT ( 'NONE',  ( -37.12269471993390368, 411.6739285923450211, -48.90524070073190188 ) ) ;
#6034 = LINE ( 'NONE', #900, #4538 ) ;
#6035 = CARTESIAN_POINT ( 'NONE',  ( -36.16104959653759465, 411.3996291296834897, -51.65724757998620476 ) ) ;
#6036 = CIRCLE ( 'NONE', #1178, 0.9999999999999942268 ) ;
#6037 = B_SPLINE_CURVE_WITH_KNOTS ( 'NONE', 3,
 ( #5588, #5120, #2741, #4612, #5056 ),
 .UNSPECIFIED., .F., .F.,
 ( 4, 1, 4 ),
 ( 0.000000000000000000, 0.5714285714285709528, 1.000000000000000000 ),
 .UNSPECIFIED. ) ;
#6038 = EDGE_CURVE ( 'NONE', #3696, #4263, #3720, .T. ) ;
#6039 = EDGE_CURVE ( 'NONE', #1339, #2241, #42, .T. ) ;
#6040 = VERTEX_POINT ( 'NONE', #4737 ) ;
#6041 = DIRECTION ( 'NONE',  ( -0.8890209735049603434, -0.4578664747153829429, -9.912705577010318647E-16 ) ) ;
#6042 = CARTESIAN_POINT ( 'NONE',  ( -12.96257934569920067, 424.6509797295780118, -49.39512085705119659 ) ) ;
#6043 = AXIS2_PLACEMENT_3D ( 'NONE', #537, #3790, #5675 ) ;
#6044 = ORIENTED_EDGE ( 'NONE', *, *, #1836, .T. ) ;
#6045 = FACE_OUTER_BOUND ( 'NONE', #3078, .T. ) ;
#6046 = ORIENTED_EDGE ( 'NONE', *, *, #1604, .F. ) ;
#6047 = VECTOR ( 'NONE', #3367, 1000.000000000000000 ) ;
#6048 = LINE ( 'NONE', #1907, #1699 ) ;
#6049 = ORIENTED_EDGE ( 'NONE', *, *, #645, .T. ) ;
#6050 = CARTESIAN_POINT ( 'NONE',  ( -12.66968611387159882, 426.6509797276709719, -50.19813390516569740 ) ) ;
#6051 = CARTESIAN_POINT ( 'NONE',  ( -16.37969929456649965, 418.7788445263605013, -60.83499734764340161 ) ) ;
#6052 = VECTOR ( 'NONE', #3352, 1000.000000000000114 ) ;
#6053 = CARTESIAN_POINT ( 'NONE',  ( -12.14781091724801776, 425.6509797242761692, -51.76401578162366235 ) ) ;
#6054 = CARTESIAN_POINT ( 'NONE',  ( -12.48362556865342121, 425.5410939937882517, -52.31945409752830756 ) ) ;
#6055 = EDGE_CURVE ( 'NONE', #4719, #3013, #493, .T. ) ;
#6056 = ORIENTED_EDGE ( 'NONE', *, *, #2524, .F. ) ;
#6057 = CARTESIAN_POINT ( 'NONE',  ( -40.04089984519420398, 425.6510111064775401, -51.84549848434620145 ) ) ;
#6058 = FACE_OUTER_BOUND ( 'NONE', #64, .T. ) ;
#6059 = CARTESIAN_POINT ( 'NONE',  ( -12.96260336235240018, 426.2413027617779449, -49.60123580266739651 ) ) ;
#6060 = CARTESIAN_POINT ( 'NONE',  ( -39.28334245910126299, 426.2220258869484724, -49.99174395914563718 ) ) ;
#6061 = CARTESIAN_POINT ( 'NONE',  ( -36.07274879740254647, 414.1349214305479904, -55.61217376156970715 ) ) ;
#6062 = VERTEX_POINT ( 'NONE', #1388 ) ;
#6063 = TOROIDAL_SURFACE ( 'NONE', #4951, 7.000000000000000000, 1.000000000000000000 ) ;
#6064 = EDGE_CURVE ( 'NONE', #5326, #1202, #1947, .T. ) ;
#6065 = VERTEX_POINT ( 'NONE', #5159 ) ;
#6066 = FACE_OUTER_BOUND ( 'NONE', #222, .T. ) ;
#6067 = CARTESIAN_POINT ( 'NONE',  ( -15.67889862512349808, 414.1349212978579999, -55.90524068635239985 ) ) ;
#6068 = DIRECTION ( 'NONE',  ( 0.000000000000000000, 2.000000000627515340E-15, -1.000000000000000000 ) ) ;
#6069 = DIRECTION ( 'NONE',  ( -3.560536337138940078E-16, -5.687521802491529845E-15, 1.000000000000000000 ) ) ;
#6070 = ORIENTED_EDGE ( 'NONE', *, *, #4094, .F. ) ;
#6071 = FACE_BOUND ( 'NONE', #1155, .T. ) ;
#6072 = DIRECTION ( 'NONE',  ( 0.000000000000000000, -2.000000000000000155E-15, 1.000000000000000000 ) ) ;
#6073 = ORIENTED_EDGE ( 'NONE', *, *, #2279, .T. ) ;
#6074 = CARTESIAN_POINT ( 'NONE',  ( -46.67968855580209464, 425.6509799489530224, -60.83499734764340161 ) ) ;
#6075 = CIRCLE ( 'NONE', #2501, 0.9999999999999942268 ) ;
#6076 = EDGE_CURVE ( 'NONE', #1763, #5027, #2898, .T. ) ;
#6077 = ORIENTED_EDGE ( 'NONE', *, *, #2494, .F. ) ;
#6078 = ORIENTED_EDGE ( 'NONE', *, *, #4333, .F. ) ;
#6079 = FACE_BOUND ( 'NONE', #4796, .T. ) ;
#6080 = CARTESIAN_POINT ( 'NONE',  ( -49.80015620683030164, 403.8625846629090574, -55.50524068635239416 ) ) ;
#6081 = ADVANCED_FACE ( 'NONE', ( #923 ), #12, .T. ) ;
#6082 = CARTESIAN_POINT ( 'NONE',  ( -43.78997023794810417, 403.7098762623725179, -55.77205478922899573 ) ) ;
#6083 = PLANE ( 'NONE',  #861 ) ;
#6084 = CARTESIAN_POINT ( 'NONE',  ( -39.49035778725090040, 426.5025307209949688, -50.19847571644400119 ) ) ;
#6085 = CARTESIAN_POINT ( 'NONE',  ( -2.139659012798099891, 404.3982311557849698, -55.90524068635239985 ) ) ;
#6086 = AXIS2_PLACEMENT_3D ( 'NONE', #5249, #4767, #94 ) ;
#6087 = EDGE_CURVE ( 'NONE', #4461, #3438, #2837, .T. ) ;
#6088 = CIRCLE ( 'NONE', #3799, 7.000000000000004441 ) ;
#6089 = CARTESIAN_POINT ( 'NONE',  ( -46.95651370592540275, 402.9067095000099243, -54.90524068635230037 ) ) ;
#6090 = CARTESIAN_POINT ( 'NONE',  ( -15.90075613855619707, 414.1349212992485604, -55.79536525128394686 ) ) ;
#6091 = ORIENTED_EDGE ( 'NONE', *, *, #3677, .F. ) ;
#6092 = CIRCLE ( 'NONE', #1757, 3.000000000000000000 ) ;
#6093 = ORIENTED_EDGE ( 'NONE', *, *, #2735, .T. ) ;
#6094 = CARTESIAN_POINT ( 'NONE',  ( -42.99004733322440330, 402.3898492536830531, -49.90523916578439412 ) ) ;
#6095 = AXIS2_PLACEMENT_3D ( 'NONE', #3041, #351, #2582 ) ;
#6096 = PLANE ( 'NONE',  #5601 ) ;
#6097 = CARTESIAN_POINT ( 'NONE',  ( -15.37969924985389980, 425.6509797453039710, -60.83499734764340161 ) ) ;
#6098 = CARTESIAN_POINT ( 'NONE',  ( -8.177721807424699563, 402.5190642576599771, -48.90524068635239274 ) ) ;
#6099 = ADVANCED_FACE ( 'NONE', ( #526 ), #3417, .T. ) ;
#6100 = ORIENTED_EDGE ( 'NONE', *, *, #3948, .T. ) ;
#6101 = CARTESIAN_POINT ( 'NONE',  ( -4.479696821631799608, 430.6509796742209915, -60.83499734764340161 ) ) ;
#6102 = ORIENTED_EDGE ( 'NONE', *, *, #5300, .F. ) ;
#6103 = CARTESIAN_POINT ( 'NONE',  ( -36.48518356090239934, 424.9503333120509865, -55.87859533781550425 ) ) ;
ENDSEC;
END-ISO-10303-21;
