ISO-10303-21;
HEADER;
FILE_DESCRIPTION (( 'STEP AP214' ),
    '1' );
FILE_NAME ('Bambu_Mount.STEP',
    '2026-08-22T21:58:58',
    ( '' ),
    ( '' ),
    'SwSTEP 2.0',
    'SolidWorks 2020',
    '' );
FILE_SCHEMA (( 'AUTOMOTIVE_DESIGN' ));
ENDSEC;

DATA;
#1 = CARTESIAN_POINT ( 'NONE',  ( 134.6076094489293382, -139.3596423999016736, 108.8671752080523589 ) ) ;
#2 = AXIS2_PLACEMENT_3D ( 'NONE', #3541, #5271, #2721 ) ;
#3 = VECTOR ( 'NONE', #1335, 1000.000000000000000 ) ;
#4 = ORIENTED_EDGE ( 'NONE', *, *, #5397, .T. ) ;
#5 = CIRCLE ( 'NONE', #5144, 1.899999999999999023 ) ;
#6 = ORIENTED_EDGE ( 'NONE', *, *, #4828, .F. ) ;
#7 = DIRECTION ( 'NONE',  ( -1.000000000000000000, 0.000000000000000000, 0.000000000000000000 ) ) ;
#8 = CARTESIAN_POINT ( 'NONE',  ( 158.4776768572600076, -119.8624928209259934, 107.2641190093600017 ) ) ;
#9 = AXIS2_PLACEMENT_3D ( 'NONE', #350, #1713, #5095 ) ;
#10 = DIRECTION ( 'NONE',  ( -1.000000000000000000, 0.000000000000000000, 0.000000000000000000 ) ) ;
#11 = ORIENTED_EDGE ( 'NONE', *, *, #427, .F. ) ;
#12 = LINE ( 'NONE', #4205, #5536 ) ;
#13 = EDGE_CURVE ( 'NONE', #1550, #1233, #2042, .T. ) ;
#14 = ORIENTED_EDGE ( 'NONE', *, *, #1861, .F. ) ;
#15 = VECTOR ( 'NONE', #150, 1000.000000000000000 ) ;
#16 = CARTESIAN_POINT ( 'NONE',  ( 175.2171132998499843, -119.4624950404660098, 100.7500000000189999 ) ) ;
#17 = VECTOR ( 'NONE', #732, 1000.000000000000000 ) ;
#18 = CARTESIAN_POINT ( 'NONE',  ( 172.7216946132480189, -119.8621712665460137, 105.0811190093599947 ) ) ;
#19 = EDGE_CURVE ( 'NONE', #44, #4279, #3692, .T. ) ;
#20 = LINE ( 'NONE', #3349, #3060 ) ;
#21 = EDGE_CURVE ( 'NONE', #806, #1629, #3779, .T. ) ;
#22 = ORIENTED_EDGE ( 'NONE', *, *, #3014, .F. ) ;
#23 = CARTESIAN_POINT ( 'NONE',  ( 169.4448783421489964, -130.8094256212499999, 103.1643259181420120 ) ) ;
#24 = DIRECTION ( 'NONE',  ( 0.000000000000000000, 4.430635266668070654E-15, 1.000000000000000000 ) ) ;
#25 = LINE ( 'NONE', #2148, #1557 ) ;
#26 = EDGE_CURVE ( 'NONE', #3155, #5333, #771, .T. ) ;
#27 = FACE_BOUND ( 'NONE', #3002, .T. ) ;
#28 = CARTESIAN_POINT ( 'NONE',  ( 156.5497566843010304, -136.5250000000000057, 92.80999999999698957 ) ) ;
#29 = DIRECTION ( 'NONE',  ( -0.5773502691896107430, -0.5773502691896288397, 0.5773502691896378325 ) ) ;
#30 = VERTEX_POINT ( 'NONE', #1219 ) ;
#31 = PLANE ( 'NONE',  #354 ) ;
#32 = DIRECTION ( 'NONE',  ( 0.000000000000000000, -1.000000000000000000, -4.625929269271481378E-15 ) ) ;
#33 = CARTESIAN_POINT ( 'NONE',  ( 158.1497566842990068, -125.9750000000000085, 92.80999999999689010 ) ) ;
#34 = EDGE_LOOP ( 'NONE', ( #631, #1121, #3530, #2735, #2685, #435, #2899, #531, #1124, #3216 ) ) ;
#35 = VERTEX_POINT ( 'NONE', #796 ) ;
#36 = CARTESIAN_POINT ( 'NONE',  ( 141.8692734138259937, -140.4624928209260020, 110.3643259181420007 ) ) ;
#37 = LINE ( 'NONE', #3476, #343 ) ;
#38 = PLANE ( 'NONE',  #1169 ) ;
#39 = CARTESIAN_POINT ( 'NONE',  ( 137.7282533558519901, -124.2345517400979986, 115.1363848373139973 ) ) ;
#40 = ORIENTED_EDGE ( 'NONE', *, *, #4459, .F. ) ;
#41 =( BOUNDED_CURVE ( )  B_SPLINE_CURVE ( 3, ( #3767, #4587, #284, #4670 ),
 .UNSPECIFIED., .F., .T. ) 
 B_SPLINE_CURVE_WITH_KNOTS ( ( 4, 4 ),
 ( 5.809118660815860480, 6.594516824213560113 ),
 .UNSPECIFIED. ) 
 CURVE ( )  GEOMETRIC_REPRESENTATION_ITEM ( )  RATIONAL_B_SPLINE_CURVE ( ( 1.000000000000000000, 0.9492530216741599247, 0.9492530216741599247, 1.000000000000000000 ) ) 
 REPRESENTATION_ITEM ( '' )  );
#42 = LINE ( 'NONE', #2200, #4141 ) ;
#43 = CARTESIAN_POINT ( 'NONE',  ( 120.2171133453919936, -119.4624950404660098, 103.7500000343869857 ) ) ;
#44 = VERTEX_POINT ( 'NONE', #5461 ) ;
#45 = LINE ( 'NONE', #962, #1730 ) ;
#46 = LINE ( 'NONE', #416, #2259 ) ;
#47 = DIRECTION ( 'NONE',  ( -1.000000000000000000, 1.151051030536170054E-28, 2.330637149875950107E-14 ) ) ;
#48 = DIRECTION ( 'NONE',  ( 0.003168799404648470902, 1.933105050869250242E-15, 0.9999949793425630951 ) ) ;
#49 = EDGE_CURVE ( 'NONE', #1057, #645, #2914, .T. ) ;
#50 = ADVANCED_FACE ( 'NONE', ( #5174 ), #2356, .F. ) ;
#51 = DIRECTION ( 'NONE',  ( 2.748129594203400391E-15, 1.407292413469239864E-15, 1.000000000000000000 ) ) ;
#52 = ORIENTED_EDGE ( 'NONE', *, *, #5397, .F. ) ;
#53 = EDGE_CURVE ( 'NONE', #2278, #4431, #5089, .T. ) ;
#54 = CARTESIAN_POINT ( 'NONE',  ( 171.1533783421490114, -130.8094256212499999, 102.7643259181419921 ) ) ;
#55 = CARTESIAN_POINT ( 'NONE',  ( 162.0171133453979735, -130.7500000000000000, 92.52249999999840213 ) ) ;
#56 = DIRECTION ( 'NONE',  ( 0.000000000000000000, 2.783691842014540029E-14, -1.000000000000000000 ) ) ;
#57 = VERTEX_POINT ( 'NONE', #4605 ) ;
#58 = EDGE_LOOP ( 'NONE', ( #3166, #1414, #670, #3844 ) ) ;
#59 = DIRECTION ( 'NONE',  ( -8.742289393080030510E-15, 1.000000000000000000, -7.223637016929600039E-14 ) ) ;
#60 = DIRECTION ( 'NONE',  ( 0.000000000000000000, 1.973846303234049855E-15, 1.000000000000000000 ) ) ;
#61 = ORIENTED_EDGE ( 'NONE', *, *, #4283, .F. ) ;
#62 = ORIENTED_EDGE ( 'NONE', *, *, #2916, .F. ) ;
#63 = ORIENTED_EDGE ( 'NONE', *, *, #2814, .F. ) ;
#64 = DIRECTION ( 'NONE',  ( 0.000000000000000000, 1.000000000000000000, 0.000000000000000000 ) ) ;
#65 = DIRECTION ( 'NONE',  ( -1.000000000000000000, -3.965082230804126670E-15, 3.965082230804126670E-15 ) ) ;
#66 = DIRECTION ( 'NONE',  ( 1.000000000000000000, 9.880984919894741284E-15, 2.081254558480789989E-14 ) ) ;
#67 = VECTOR ( 'NONE', #497, 1000.000000000000000 ) ;
#68 = VERTEX_POINT ( 'NONE', #3754 ) ;
#69 = CARTESIAN_POINT ( 'NONE',  ( 133.0768364872739937, -140.4624928209250072, 103.7997837525840055 ) ) ;
#70 = CARTESIAN_POINT ( 'NONE',  ( 156.5497566843020252, -131.4249999999999829, 89.48499999999999943 ) ) ;
#71 = VECTOR ( 'NONE', #517, 1000.000000000000000 ) ;
#72 = FACE_OUTER_BOUND ( 'NONE', #4235, .T. ) ;
#73 = DIRECTION ( 'NONE',  ( 2.643388153869429876E-14, -4.718447854655860195E-16, 1.000000000000000000 ) ) ;
#74 = ORIENTED_EDGE ( 'NONE', *, *, #1291, .T. ) ;
#75 = VECTOR ( 'NONE', #2961, 1000.000000000000000 ) ;
#76 = VECTOR ( 'NONE', #1010, 1000.000000000000000 ) ;
#77 = EDGE_CURVE ( 'NONE', #3624, #2982, #4177, .T. ) ;
#78 = CARTESIAN_POINT ( 'NONE',  ( 147.6948783421489964, -130.7594256212510118, 110.7643259181420063 ) ) ;
#79 = DIRECTION ( 'NONE',  ( 0.5773502691896271743, -0.5773502691896120753, 0.5773502691896381656 ) ) ;
#80 = CARTESIAN_POINT ( 'NONE',  ( 128.1077265380160100, -119.8613980543999986, 107.2652137758860107 ) ) ;
#81 = EDGE_CURVE ( 'NONE', #3260, #3674, #5525, .T. ) ;
#82 = CIRCLE ( 'NONE', #3505, 1.574999999999993072 ) ;
#83 = AXIS2_PLACEMENT_3D ( 'NONE', #566, #2652, #307 ) ;
#84 = ORIENTED_EDGE ( 'NONE', *, *, #2611, .F. ) ;
#85 = ORIENTED_EDGE ( 'NONE', *, *, #370, .F. ) ;
#86 = EDGE_CURVE ( 'NONE', #2719, #1629, #2442, .T. ) ;
#87 = CIRCLE ( 'NONE', #1623, 2.108500000000013141 ) ;
#88 = AXIS2_PLACEMENT_3D ( 'NONE', #5532, #1664, #1178 ) ;
#89 = CYLINDRICAL_SURFACE ( 'NONE', #3066, 3.000000000000002665 ) ;
#90 = DIRECTION ( 'NONE',  ( -1.000000000000000000, -2.009843822508509874E-15, 2.371361224627550089E-15 ) ) ;
#91 = EDGE_CURVE ( 'NONE', #141, #840, #3866, .T. ) ;
#92 = CARTESIAN_POINT ( 'NONE',  ( 151.4497566842990182, -133.5000000000000000, 96.38500000000000512 ) ) ;
#93 = AXIS2_PLACEMENT_3D ( 'NONE', #2315, #155, #729 ) ;
#94 = VERTEX_POINT ( 'NONE', #1621 ) ;
#95 = EDGE_LOOP ( 'NONE', ( #4638, #3473 ) ) ;
#96 = AXIS2_PLACEMENT_3D ( 'NONE', #999, #2516, #2187 ) ;
#97 = PLANE ( 'NONE',  #4027 ) ;
#98 = DIRECTION ( 'NONE',  ( 0.8618565397866659872, 2.040811529428102117E-15, 0.5071521515550880821 ) ) ;
#99 = CARTESIAN_POINT ( 'NONE',  ( 163.0171133453979735, -130.2014655219149972, 89.88500000000000512 ) ) ;
#100 = AXIS2_PLACEMENT_3D ( 'NONE', #1634, #4665, #2089 ) ;
#101 = VERTEX_POINT ( 'NONE', #2579 ) ;
#102 = PLANE ( 'NONE',  #5241 ) ;
#103 = FACE_OUTER_BOUND ( 'NONE', #2957, .T. ) ;
#104 = VECTOR ( 'NONE', #2034, 1000.000000000000114 ) ;
#105 = DIRECTION ( 'NONE',  ( -1.181088324069313042E-14, 1.000000000000000000, 0.000000000000000000 ) ) ;
#106 = CARTESIAN_POINT ( 'NONE',  ( 136.9776768572590129, -119.8624928209259934, 104.2641190093600017 ) ) ;
#107 = CARTESIAN_POINT ( 'NONE',  ( 140.7551759362234236, -139.1695996021123847, 109.0572180058416052 ) ) ;
#108 = EDGE_LOOP ( 'NONE', ( #275, #567, #2811, #4524 ) ) ;
#109 = PLANE ( 'NONE',  #169 ) ;
#110 = DIRECTION ( 'NONE',  ( -1.000000000000000000, -1.569712496704820284E-14, -2.418031965417649952E-14 ) ) ;
#111 = CARTESIAN_POINT ( 'NONE',  ( 169.2382403691290165, -119.5222499092810153, 104.2641190093600017 ) ) ;
#112 = EDGE_CURVE ( 'NONE', #3931, #552, #2793, .T. ) ;
#113 = ORIENTED_EDGE ( 'NONE', *, *, #3431, .T. ) ;
#114 = ORIENTED_EDGE ( 'NONE', *, *, #1786, .F. ) ;
#115 = EDGE_LOOP ( 'NONE', ( #5353, #587, #687, #4759 ) ) ;
#116 = CARTESIAN_POINT ( 'NONE',  ( 174.2171132998489895, -119.4624950404660098, 100.7500000000189999 ) ) ;
#117 = CARTESIAN_POINT ( 'NONE',  ( 133.9414177370150014, -139.1864211185770159, 109.7643247870279879 ) ) ;
#118 = EDGE_CURVE ( 'NONE', #4480, #2329, #3786, .T. ) ;
#119 = EDGE_CURVE ( 'NONE', #2278, #4180, #182, .T. ) ;
#120 = CARTESIAN_POINT ( 'NONE',  ( 137.0768364872739937, -140.2624928209250186, 103.7997837525840055 ) ) ;
#121 = ORIENTED_EDGE ( 'NONE', *, *, #859, .T. ) ;
#122 = ADVANCED_FACE ( 'NONE', ( #5062 ), #2996, .F. ) ;
#123 = ORIENTED_EDGE ( 'NONE', *, *, #2547, .T. ) ;
#124 = DIRECTION ( 'NONE',  ( 1.000000000000000000, 1.181088324069320141E-14, 2.418031965417649952E-14 ) ) ;
#125 = EDGE_CURVE ( 'NONE', #4565, #3890, #4237, .T. ) ;
#126 = FACE_OUTER_BOUND ( 'NONE', #2637, .T. ) ;
#127 = ORIENTED_EDGE ( 'NONE', *, *, #5112, .F. ) ;
#128 = LINE ( 'NONE', #4015, #2287 ) ;
#129 = ORIENTED_EDGE ( 'NONE', *, *, #3267, .F. ) ;
#130 = EDGE_LOOP ( 'NONE', ( #3992, #4035 ) ) ;
#131 = LINE ( 'NONE', #2619, #4963 ) ;
#132 = SHAPE_DEFINITION_REPRESENTATION ( #1051, #5487 ) ;
#133 = CARTESIAN_POINT ( 'NONE',  ( 172.7216841539284360, -119.8622784518216520, 107.2643333784634194 ) ) ;
#134 = DIRECTION ( 'NONE',  ( -1.181088324069445570E-14, 1.000000000000000000, -1.003925075459028774E-13 ) ) ;
#135 = CARTESIAN_POINT ( 'NONE',  ( 137.8171133454100072, -135.7500000000000000, 92.80999999999879435 ) ) ;
#136 = ORIENTED_EDGE ( 'NONE', *, *, #960, .F. ) ;
#137 = PLANE ( 'NONE',  #2969 ) ;
#138 = PLANE ( 'NONE',  #2188 ) ;
#139 = FACE_OUTER_BOUND ( 'NONE', #4113, .T. ) ;
#140 = VERTEX_POINT ( 'NONE', #3447 ) ;
#141 = VERTEX_POINT ( 'NONE', #1704 ) ;
#142 = ORIENTED_EDGE ( 'NONE', *, *, #4288, .T. ) ;
#143 = FACE_OUTER_BOUND ( 'NONE', #2004, .T. ) ;
#144 = CARTESIAN_POINT ( 'NONE',  ( 122.3387505362530021, -119.4624928209260020, 107.6641190093600073 ) ) ;
#145 = CARTESIAN_POINT ( 'NONE',  ( 135.4482025522929973, -143.0762749795460138, 102.4781080767610035 ) ) ;
#146 = ORIENTED_EDGE ( 'NONE', *, *, #1161, .T. ) ;
#147 = EDGE_CURVE ( 'NONE', #2185, #1057, #1679, .T. ) ;
#148 = LINE ( 'NONE', #3589, #1607 ) ;
#149 = EDGE_CURVE ( 'NONE', #5006, #469, #2700, .T. ) ;
#150 = DIRECTION ( 'NONE',  ( -1.000000000000000000, -8.742289393079860116E-15, 2.371361253508389962E-15 ) ) ;
#151 = EDGE_LOOP ( 'NONE', ( #3323, #3129, #3862, #691, #1565, #3006 ) ) ;
#152 = FACE_OUTER_BOUND ( 'NONE', #1536, .T. ) ;
#153 = VERTEX_POINT ( 'NONE', #3416 ) ;
#154 = EDGE_LOOP ( 'NONE', ( #1116, #1529, #3895, #2125 ) ) ;
#155 = DIRECTION ( 'NONE',  ( 0.7327805653449773748, 0.6804650197127662947, -2.971389217554610566E-15 ) ) ;
#156 = ADVANCED_FACE ( 'NONE', ( #2161 ), #1252, .T. ) ;
#157 = CARTESIAN_POINT ( 'NONE',  ( 158.4776768572600076, -119.6624928209250101, 104.0641190093599988 ) ) ;
#158 = DIRECTION ( 'NONE',  ( 1.000000000000000000, 2.009843822508529990E-15, -2.748129594203410252E-15 ) ) ;
#159 = CIRCLE ( 'NONE', #1076, 1.700000000000007061 ) ;
#160 = CARTESIAN_POINT ( 'NONE',  ( 132.4171133454019866, -131.1938512425049908, 92.80999999999698957 ) ) ;
#161 = CARTESIAN_POINT ( 'NONE',  ( 163.0171133453989682, -131.4249999999999829, 92.80999999999698957 ) ) ;
#162 = VECTOR ( 'NONE', #4231, 1000.000000000000000 ) ;
#163 = CARTESIAN_POINT ( 'NONE',  ( 150.5296133453909988, -140.2624928209240238, 102.9643259181420092 ) ) ;
#164 = AXIS2_PLACEMENT_3D ( 'NONE', #5109, #2517, #1736 ) ;
#165 = VERTEX_POINT ( 'NONE', #2525 ) ;
#166 = ORIENTED_EDGE ( 'NONE', *, *, #4011, .F. ) ;
#167 = CARTESIAN_POINT ( 'NONE',  ( 165.3387505362539969, -119.4624928209249930, 107.6641190093600073 ) ) ;
#168 = ORIENTED_EDGE ( 'NONE', *, *, #2057, .F. ) ;
#169 = AXIS2_PLACEMENT_3D ( 'NONE', #2596, #1326, #4365 ) ;
#170 = CONICAL_SURFACE ( 'NONE', #4672, 1.908500000000007413, 0.7853981633974469467 ) ;
#171 = EDGE_LOOP ( 'NONE', ( #639, #489, #5406, #3521 ) ) ;
#172 = CARTESIAN_POINT ( 'NONE',  ( 134.7997510703480089, -138.6733286426149903, 108.7643247870279879 ) ) ;
#173 = LINE ( 'NONE', #2880, #1620 ) ;
#174 = ORIENTED_EDGE ( 'NONE', *, *, #1375, .T. ) ;
#175 = ORIENTED_EDGE ( 'NONE', *, *, #4559, .F. ) ;
#176 = AXIS2_PLACEMENT_3D ( 'NONE', #2483, #363, #309 ) ;
#177 = AXIS2_PLACEMENT_3D ( 'NONE', #4297, #1237, #5101 ) ;
#178 = ORIENTED_EDGE ( 'NONE', *, *, #4525, .F. ) ;
#179 =( BOUNDED_CURVE ( )  B_SPLINE_CURVE ( 3, ( #3631, #1553, #3268, #5008 ),
 .UNSPECIFIED., .F., .T. ) 
 B_SPLINE_CURVE_WITH_KNOTS ( ( 4, 4 ),
 ( 1.390749933834111829, 1.391335562529390169 ),
 .UNSPECIFIED. ) 
 CURVE ( )  GEOMETRIC_REPRESENTATION_ITEM ( )  RATIONAL_B_SPLINE_CURVE ( ( 1.000000000000000000, 0.9999999714199190315, 0.9999999714199190315, 1.000000000000000000 ) ) 
 REPRESENTATION_ITEM ( '' )  );
#180 = PLANE ( 'NONE',  #4386 ) ;
#181 = VECTOR ( 'NONE', #723, 1000.000000000000000 ) ;
#182 = CIRCLE ( 'NONE', #5141, 1.574999999999993072 ) ;
#183 = DIRECTION ( 'NONE',  ( -9.227827737143710103E-15, 1.000000000000000000, 0.000000000000000000 ) ) ;
#184 = ORIENTED_EDGE ( 'NONE', *, *, #1001, .F. ) ;
#185 = ADVANCED_FACE ( 'NONE', ( #378 ), #4265, .T. ) ;
#186 = DIRECTION ( 'NONE',  ( 0.000000000000000000, -1.000000000000000000, 5.006432955109510304E-15 ) ) ;
#187 = LINE ( 'NONE', #1487, #368 ) ;
#188 = VERTEX_POINT ( 'NONE', #5573 ) ;
#189 = ORIENTED_EDGE ( 'NONE', *, *, #4533, .F. ) ;
#190 = DIRECTION ( 'NONE',  ( 1.000000000000000000, 5.732307797903110543E-15, -2.371361346275859941E-15 ) ) ;
#191 = CIRCLE ( 'NONE', #3338, 2.750000000000002665 ) ;
#192 = DIRECTION ( 'NONE',  ( -9.227827737143710103E-15, 1.000000000000000000, 2.810542046950470162E-15 ) ) ;
#193 = FACE_OUTER_BOUND ( 'NONE', #3753, .T. ) ;
#194 = ADVANCED_FACE ( 'NONE', ( #463 ), #2193, .T. ) ;
#195 = DIRECTION ( 'NONE',  ( 1.000000000000000000, 2.009843822508529990E-15, 0.000000000000000000 ) ) ;
#196 = CIRCLE ( 'NONE', #4777, 3.500000000000003109 ) ;
#197 = EDGE_CURVE ( 'NONE', #973, #1461, #921, .T. ) ;
#198 = DIRECTION ( 'NONE',  ( 0.000000000000000000, -5.006432955109510304E-15, -1.000000000000000000 ) ) ;
#199 = CARTESIAN_POINT ( 'NONE',  ( 162.0171133453979735, -130.7500000000000000, 92.52249999999840213 ) ) ;
#200 = ADVANCED_FACE ( 'NONE', ( #888 ), #491, .T. ) ;
#201 = DIRECTION ( 'NONE',  ( -2.418031965417649952E-14, -2.810542139867140164E-15, 1.000000000000000000 ) ) ;
#202 = VERTEX_POINT ( 'NONE', #3131 ) ;
#203 = LINE ( 'NONE', #5350, #2363 ) ;
#204 = ORIENTED_EDGE ( 'NONE', *, *, #1756, .T. ) ;
#205 = VECTOR ( 'NONE', #4526, 1000.000000000000000 ) ;
#206 = ORIENTED_EDGE ( 'NONE', *, *, #1291, .F. ) ;
#207 = CARTESIAN_POINT ( 'NONE',  ( 162.0171133453979735, -128.6529310438289997, 92.56689684733660783 ) ) ;
#208 = AXIS2_PLACEMENT_3D ( 'NONE', #3757, #2943, #5118 ) ;
#209 = CARTESIAN_POINT ( 'NONE',  ( 162.0171133453979735, -128.6529310438289997, 92.50559738161389589 ) ) ;
#210 = EDGE_LOOP ( 'NONE', ( #1380, #799, #3474, #658 ) ) ;
#211 = ORIENTED_EDGE ( 'NONE', *, *, #1937, .F. ) ;
#212 = DIRECTION ( 'NONE',  ( 2.371361224627630158E-15, -8.883556882512311460E-15, 1.000000000000000000 ) ) ;
#213 = CARTESIAN_POINT ( 'NONE',  ( 157.1497566842990068, -131.8249999999999886, 92.80999999999689010 ) ) ;
#214 = VERTEX_POINT ( 'NONE', #2240 ) ;
#215 = CARTESIAN_POINT ( 'NONE',  ( 137.4171133454100016, -137.1938512425049908, 92.80999999999698957 ) ) ;
#216 = CARTESIAN_POINT ( 'NONE',  ( 138.7086133453919956, -119.4624928209249930, 100.9728259181419929 ) ) ;
#217 = ORIENTED_EDGE ( 'NONE', *, *, #3112, .F. ) ;
#218 = ORIENTED_EDGE ( 'NONE', *, *, #2099, .F. ) ;
#219 = CARTESIAN_POINT ( 'NONE',  ( 143.9500000000079751, -123.6968767947710006, 92.94436961569240907 ) ) ;
#220 = SURFACE_STYLE_FILL_AREA ( #588 ) ;
#221 = DIRECTION ( 'NONE',  ( -1.000000000000000000, 0.000000000000000000, 0.000000000000000000 ) ) ;
#222 = CARTESIAN_POINT ( 'NONE',  ( 129.1961172007365235, -119.4624928209260872, 109.2472608036308515 ) ) ;
#223 = FACE_BOUND ( 'NONE', #4294, .T. ) ;
#224 = DIRECTION ( 'NONE',  ( 2.819761150805890204E-14, -0.7071067811865631159, -0.7071067811865320296 ) ) ;
#225 = CARTESIAN_POINT ( 'NONE',  ( 121.2170679492029990, -119.4624950404660098, 102.7500000000259917 ) ) ;
#226 = EDGE_CURVE ( 'NONE', #35, #2823, #4402, .T. ) ;
#227 = DIRECTION ( 'NONE',  ( 8.742289393079850650E-15, -1.000000000000000000, -2.810542046950470162E-15 ) ) ;
#228 = EDGE_CURVE ( 'NONE', #30, #5178, #4142, .T. ) ;
#229 = EDGE_CURVE ( 'NONE', #1090, #667, #2788, .T. ) ;
#230 = ORIENTED_EDGE ( 'NONE', *, *, #2502, .T. ) ;
#231 = DIRECTION ( 'NONE',  ( -1.581958964696300110E-14, 1.000000000000000000, 4.718447854659550092E-16 ) ) ;
#232 = ORIENTED_EDGE ( 'NONE', *, *, #1364, .F. ) ;
#233 = EDGE_CURVE ( 'NONE', #5198, #165, #3501, .T. ) ;
#234 = EDGE_CURVE ( 'NONE', #4256, #4870, #1873, .T. ) ;
#235 = VERTEX_POINT ( 'NONE', #1008 ) ;
#236 = DIRECTION ( 'NONE',  ( -0.5130924759622020881, 0.8583333333332552328, -8.551598539764371810E-15 ) ) ;
#237 = CARTESIAN_POINT ( 'NONE',  ( 129.3159429339690121, -119.4624928209260020, 110.3643259181420007 ) ) ;
#238 = ORIENTED_EDGE ( 'NONE', *, *, #5238, .T. ) ;
#239 = VERTEX_POINT ( 'NONE', #36 ) ;
#240 = CARTESIAN_POINT ( 'NONE',  ( 132.4171133453999971, -119.9624928209249930, 96.06432591814069610 ) ) ;
#241 = PLANE ( 'NONE',  #2355 ) ;
#242 = VERTEX_POINT ( 'NONE', #3531 ) ;
#243 = LINE ( 'NONE', #4950, #3358 ) ;
#244 = LINE ( 'NONE', #1574, #1096 ) ;
#245 = ORIENTED_EDGE ( 'NONE', *, *, #5233, .F. ) ;
#246 = ORIENTED_EDGE ( 'NONE', *, *, #3838, .F. ) ;
#247 = CYLINDRICAL_SURFACE ( 'NONE', #3249, 2.750000000000000000 ) ;
#248 = LINE ( 'NONE', #1074, #2014 ) ;
#249 = PLANE ( 'NONE',  #2441 ) ;
#250 = DIRECTION ( 'NONE',  ( -2.371361253508410078E-15, 0.000000000000000000, -1.000000000000000000 ) ) ;
#251 = DIRECTION ( 'NONE',  ( 0.000000000000000000, 1.973846303234049855E-15, 1.000000000000000000 ) ) ;
#252 = CARTESIAN_POINT ( 'NONE',  ( 162.0171133453979735, -134.2688162851839877, 90.88499999999999091 ) ) ;
#253 = DIRECTION ( 'NONE',  ( 0.000000000000000000, -1.973846303234049855E-15, -1.000000000000000000 ) ) ;
#254 = VECTOR ( 'NONE', #4691, 1000.000000000000000 ) ;
#255 = EDGE_CURVE ( 'NONE', #242, #5267, #4319, .T. ) ;
#256 = ORIENTED_EDGE ( 'NONE', *, *, #3355, .F. ) ;
#257 = EDGE_LOOP ( 'NONE', ( #2340, #5288, #2169, #3847 ) ) ;
#258 = LINE ( 'NONE', #172, #2246 ) ;
#259 = VECTOR ( 'NONE', #158, 1000.000000000000000 ) ;
#260 = ADVANCED_FACE ( 'NONE', ( #4819 ), #89, .F. ) ;
#261 = LINE ( 'NONE', #1480, #720 ) ;
#262 = ORIENTED_EDGE ( 'NONE', *, *, #3947, .F. ) ;
#263 = EDGE_CURVE ( 'NONE', #4695, #2935, #4005, .T. ) ;
#264 = ORIENTED_EDGE ( 'NONE', *, *, #1610, .T. ) ;
#265 = VECTOR ( 'NONE', #201, 1000.000000000000000 ) ;
#266 = VECTOR ( 'NONE', #717, 1000.000000000000000 ) ;
#267 = ADVANCED_FACE ( 'NONE', ( #143 ), #1793, .T. ) ;
#268 = LINE ( 'NONE', #2000, #3310 ) ;
#269 = VECTOR ( 'NONE', #1027, 1000.000000000000000 ) ;
#270 = DIRECTION ( 'NONE',  ( -3.178990140719190044E-06, -1.926752321756309641E-15, -0.9999999999949469309 ) ) ;
#271 = VECTOR ( 'NONE', #1667, 1000.000000000000000 ) ;
#272 = ORIENTED_EDGE ( 'NONE', *, *, #5162, .T. ) ;
#273 = CARTESIAN_POINT ( 'NONE',  ( 151.4497566842990182, -124.9750000000000085, 92.80999999999698957 ) ) ;
#274 = CARTESIAN_POINT ( 'NONE',  ( 165.5436942114660042, -132.1564489814909962, 96.06432591813910449 ) ) ;
#275 = ORIENTED_EDGE ( 'NONE', *, *, #3035, .T. ) ;
#276 = ORIENTED_EDGE ( 'NONE', *, *, #2572, .F. ) ;
#277 = DIRECTION ( 'NONE',  ( -0.5130924759622020881, 0.8583333333332552328, -9.214851104388851350E-15 ) ) ;
#278 = AXIS2_PLACEMENT_3D ( 'NONE', #3402, #5507, #3380 ) ;
#279 = LINE ( 'NONE', #4579, #5066 ) ;
#280 = CARTESIAN_POINT ( 'NONE',  ( 147.7171133453979905, -119.4624928209269967, 89.48499999999999943 ) ) ;
#281 = DIRECTION ( 'NONE',  ( 0.000000000000000000, -1.000000000000000000, 5.006432955109510304E-15 ) ) ;
#282 = AXIS2_PLACEMENT_3D ( 'NONE', #5103, #3827, #2121 ) ;
#283 = VERTEX_POINT ( 'NONE', #577 ) ;
#284 = CARTESIAN_POINT ( 'NONE',  ( 140.6473701869423678, -139.3596423999016451, 108.8671752080524868 ) ) ;
#285 = LINE ( 'NONE', #1138, #2966 ) ;
#286 = AXIS2_PLACEMENT_3D ( 'NONE', #5568, #1245, #830 ) ;
#287 = ORIENTED_EDGE ( 'NONE', *, *, #1188, .F. ) ;
#288 = AXIS2_PLACEMENT_3D ( 'NONE', #2781, #733, #651 ) ;
#289 = VECTOR ( 'NONE', #2088, 1000.000000000000000 ) ;
#290 = ADVANCED_FACE ( 'NONE', ( #1392 ), #3582, .F. ) ;
#291 = VERTEX_POINT ( 'NONE', #2681 ) ;
#292 = CARTESIAN_POINT ( 'NONE',  ( 167.3687542002409998, -119.8613980543999986, 107.2652137758860107 ) ) ;
#293 = DIRECTION ( 'NONE',  ( -1.181088324069320141E-14, 1.000000000000000000, 0.000000000000000000 ) ) ;
#294 = ORIENTED_EDGE ( 'NONE', *, *, #712, .F. ) ;
#295 = ORIENTED_EDGE ( 'NONE', *, *, #776, .F. ) ;
#296 = EDGE_CURVE ( 'NONE', #5375, #542, #3981, .T. ) ;
#297 = CARTESIAN_POINT ( 'NONE',  ( 125.9448783421490106, -130.8094256212499999, 102.9643259181420092 ) ) ;
#298 = EDGE_CURVE ( 'NONE', #2507, #2513, #5200, .T. ) ;
#299 = FACE_OUTER_BOUND ( 'NONE', #4105, .T. ) ;
#300 = ORIENTED_EDGE ( 'NONE', *, *, #5084, .T. ) ;
#301 = LINE ( 'NONE', #3651, #5164 ) ;
#302 = ADVANCED_FACE ( 'NONE', ( #5289 ), #5319, .T. ) ;
#303 = DIRECTION ( 'NONE',  ( 1.000000000000000000, 0.000000000000000000, 0.000000000000000000 ) ) ;
#304 = VERTEX_POINT ( 'NONE', #3311 ) ;
#305 = CARTESIAN_POINT ( 'NONE',  ( 174.8171132998490123, -140.4624928209230177, 100.7500000000189999 ) ) ;
#306 = FACE_BOUND ( 'NONE', #2239, .T. ) ;
#307 = DIRECTION ( 'NONE',  ( 1.000000000000000000, 1.681285505646350000E-15, 0.000000000000000000 ) ) ;
#308 = ORIENTED_EDGE ( 'NONE', *, *, #2611, .T. ) ;
#309 = DIRECTION ( 'NONE',  ( 0.000000000000000000, 2.810542139866910211E-15, -1.000000000000000000 ) ) ;
#310 = CARTESIAN_POINT ( 'NONE',  ( 163.0171133453989682, -134.6830298475580037, 95.51266640079269621 ) ) ;
#311 = ORIENTED_EDGE ( 'NONE', *, *, #4056, .T. ) ;
#312 = CARTESIAN_POINT ( 'NONE',  ( 169.4448783421489964, -130.8094256212499999, 107.7643259181420063 ) ) ;
#313 = ORIENTED_EDGE ( 'NONE', *, *, #3355, .T. ) ;
#314 = CARTESIAN_POINT ( 'NONE',  ( 132.4171133454029814, -127.3438512425049964, 92.80999999999689010 ) ) ;
#315 = LINE ( 'NONE', #4598, #4401 ) ;
#316 = ORIENTED_EDGE ( 'NONE', *, *, #4356, .F. ) ;
#317 = ORIENTED_EDGE ( 'NONE', *, *, #535, .T. ) ;
#318 = CARTESIAN_POINT ( 'NONE',  ( 135.6604669682039912, -138.0716737364580240, 110.1551438714949995 ) ) ;
#319 = DIRECTION ( 'NONE',  ( -1.000000000000000000, -1.887379142593740016E-15, -1.539220716937389985E-14 ) ) ;
#320 = FACE_OUTER_BOUND ( 'NONE', #901, .T. ) ;
#321 = ORIENTED_EDGE ( 'NONE', *, *, #4591, .F. ) ;
#322 = CARTESIAN_POINT ( 'NONE',  ( 173.3610575953740067, -119.7304058569240652, 110.6322389541396802 ) ) ;
#323 = EDGE_CURVE ( 'NONE', #4119, #1833, #4857, .T. ) ;
#324 = CARTESIAN_POINT ( 'NONE',  ( 143.9500000000079751, -134.1749999999999829, 92.80999999999869488 ) ) ;
#325 = EDGE_LOOP ( 'NONE', ( #1275, #1072, #3921, #4600, #5558 ) ) ;
#326 = PLANE ( 'NONE',  #5329 ) ;
#327 =( LENGTH_UNIT ( ) NAMED_UNIT ( * ) SI_UNIT ( .MILLI., .METRE. ) );
#328 = EDGE_CURVE ( 'NONE', #4681, #1376, #3344, .T. ) ;
#329 = CARTESIAN_POINT ( 'NONE',  ( 151.4497566842990182, -130.4094256212519838, 93.59749282092319334 ) ) ;
#330 = CARTESIAN_POINT ( 'NONE',  ( 163.0171133453999914, -127.3249999999999886, 92.80999999999698957 ) ) ;
#331 = EDGE_CURVE ( 'NONE', #602, #3566, #760, .T. ) ;
#332 = ORIENTED_EDGE ( 'NONE', *, *, #1474, .F. ) ;
#333 = DIRECTION ( 'NONE',  ( 0.000000000000000000, -0.06852388335049711121, 0.9976494762242735792 ) ) ;
#334 = LINE ( 'NONE', #2064, #2349 ) ;
#335 = EDGE_CURVE ( 'NONE', #1617, #4681, #3870, .T. ) ;
#336 = VERTEX_POINT ( 'NONE', #2947 ) ;
#337 = FACE_OUTER_BOUND ( 'NONE', #3538, .T. ) ;
#338 = EDGE_LOOP ( 'NONE', ( #925, #419, #2298, #14, #955, #264, #1217, #1871, #1012, #2744, #40, #2352, #553, #4862, #4479, #232, #3564, #1349, #2609, #3759, #3128, #276, #558, #1395 ) ) ;
#339 = PLANE ( 'NONE',  #2156 ) ;
#340 = CARTESIAN_POINT ( 'NONE',  ( 134.0017122241520156, -126.9113488325139798, 110.5643259181420035 ) ) ;
#341 = VERTEX_POINT ( 'NONE', #1598 ) ;
#342 = VERTEX_POINT ( 'NONE', #2500 ) ;
#343 = VECTOR ( 'NONE', #90, 1000.000000000000000 ) ;
#344 = DIRECTION ( 'NONE',  ( -1.000000000000000000, -1.181088324069688066E-14, -2.418031965417690026E-14 ) ) ;
#345 = DIRECTION ( 'NONE',  ( 2.371361224627630158E-15, -8.883556882512311460E-15, 1.000000000000000000 ) ) ;
#346 = FILL_AREA_STYLE ('',( #2112 ) ) ;
#347 = ORIENTED_EDGE ( 'NONE', *, *, #3843, .T. ) ;
#348 = DIRECTION ( 'NONE',  ( -0.7071067811843489981, 0.7071067811887460364, 0.000000000000000000 ) ) ;
#349 = AXIS2_PLACEMENT_3D ( 'NONE', #1339, #1312, #3984 ) ;
#350 = CARTESIAN_POINT ( 'NONE',  ( 151.4497566842990182, -134.1749999999999829, 92.80999999999698957 ) ) ;
#351 = ORIENTED_EDGE ( 'NONE', *, *, #3161, .T. ) ;
#352 = CARTESIAN_POINT ( 'NONE',  ( 128.1077265380160100, -119.8613980543999986, 107.2652137758860107 ) ) ;
#353 = CARTESIAN_POINT ( 'NONE',  ( 170.7373004235740268, -119.4624928209260020, 105.0811190093599947 ) ) ;
#354 = AXIS2_PLACEMENT_3D ( 'NONE', #4837, #1359, #3073 ) ;
#355 = AXIS2_PLACEMENT_3D ( 'NONE', #3799, #1317, #2589 ) ;
#356 = ADVANCED_FACE ( 'NONE', ( #5473 ), #326, .T. ) ;
#357 = LINE ( 'NONE', #3347, #4872 ) ;
#358 = CARTESIAN_POINT ( 'NONE',  ( 162.0171133453979735, -134.1749999999999829, 92.80999999999720274 ) ) ;
#359 = COLOUR_RGB ( '',1.000000000000000000, 1.000000000000000000, 1.000000000000000000 ) ;
#360 = ORIENTED_EDGE ( 'NONE', *, *, #2431, .F. ) ;
#361 = CARTESIAN_POINT ( 'NONE',  ( 136.9776768572590129, -119.4624928209260020, 107.6641190093600073 ) ) ;
#362 = VECTOR ( 'NONE', #5517, 1000.000000000000000 ) ;
#363 = DIRECTION ( 'NONE',  ( 9.378244137164250901E-15, -1.000000000000000000, -2.810542139866910211E-15 ) ) ;
#364 = LINE ( 'NONE', #5186, #2100 ) ;
#365 = EDGE_CURVE ( 'NONE', #469, #2762, #3760, .T. ) ;
#366 = EDGE_CURVE ( 'NONE', #4546, #544, #784, .T. ) ;
#367 = VECTOR ( 'NONE', #5467, 1000.000000000000000 ) ;
#368 = VECTOR ( 'NONE', #2418, 1000.000000000000000 ) ;
#369 = VERTEX_POINT ( 'NONE', #1630 ) ;
#370 = EDGE_CURVE ( 'NONE', #5297, #3278, #4082, .T. ) ;
#371 = LINE ( 'NONE', #3383, #3140 ) ;
#372 = CARTESIAN_POINT ( 'NONE',  ( 159.8171133454009976, -119.4624928209269967, 100.9893259233345901 ) ) ;
#373 = CIRCLE ( 'NONE', #918, 2.500000000000002220 ) ;
#374 = CARTESIAN_POINT ( 'NONE',  ( 134.9583760413682683, -139.4624928209262293, 108.7643247870280305 ) ) ;
#375 = VECTOR ( 'NONE', #1005, 1000.000000000000000 ) ;
#376 = ORIENTED_EDGE ( 'NONE', *, *, #5142, .T. ) ;
#377 = VERTEX_POINT ( 'NONE', #352 ) ;
#378 = FACE_OUTER_BOUND ( 'NONE', #718, .T. ) ;
#379 = DIRECTION ( 'NONE',  ( 0.8618565397866660982, 6.938763048664448439E-15, 0.5071521515550880821 ) ) ;
#380 = DIRECTION ( 'NONE',  ( 1.000000000000000000, 0.000000000000000000, -2.330637149875950107E-14 ) ) ;
#381 = ORIENTED_EDGE ( 'NONE', *, *, #5374, .F. ) ;
#382 = PRESENTATION_LAYER_ASSIGNMENT (  '', '', ( #2904 ) ) ;
#383 = CARTESIAN_POINT ( 'NONE',  ( 157.1497566842990068, -127.3249999999999886, 92.80999999999720274 ) ) ;
#384 = CARTESIAN_POINT ( 'NONE',  ( 133.9375846082795647, -138.9795568043235789, 109.2472608036304109 ) ) ;
#385 = ORIENTED_EDGE ( 'NONE', *, *, #3436, .T. ) ;
#386 =( NAMED_UNIT ( * ) SI_UNIT ( $, .STERADIAN. ) SOLID_ANGLE_UNIT ( ) );
#387 = LINE ( 'NONE', #329, #833 ) ;
#388 = CARTESIAN_POINT ( 'NONE',  ( 160.7751431929569890, -136.9249999999999829, 92.80999999999670536 ) ) ;
#389 = VECTOR ( 'NONE', #2832, 1000.000000000000000 ) ;
#390 = ORIENTED_EDGE ( 'NONE', *, *, #1200, .F. ) ;
#391 = FACE_OUTER_BOUND ( 'NONE', #2854, .T. ) ;
#392 = DIRECTION ( 'NONE',  ( 2.371361253508410078E-15, 1.926745932492360221E-15, 1.000000000000000000 ) ) ;
#393 = DIRECTION ( 'NONE',  ( -3.673940376433440166E-16, -1.973846303234049855E-15, -1.000000000000000000 ) ) ;
#394 = CARTESIAN_POINT ( 'NONE',  ( 163.0171133453999914, -130.0529310438300001, 89.48499999999999943 ) ) ;
#395 = VERTEX_POINT ( 'NONE', #4721 ) ;
#396 = ADVANCED_FACE ( 'NONE', ( #391 ), #3351, .F. ) ;
#397 = PLANE ( 'NONE',  #1263 ) ;
#398 = EDGE_CURVE ( 'NONE', #3578, #1586, #873, .T. ) ;
#399 = CARTESIAN_POINT ( 'NONE',  ( 163.0171133453979735, -134.6830298475569805, 89.88500000000000512 ) ) ;
#400 = DIRECTION ( 'NONE',  ( 0.000000000000000000, 1.000000000000000000, 0.000000000000000000 ) ) ;
#401 = EDGE_CURVE ( 'NONE', #3362, #2746, #5184, .T. ) ;
#402 = ORIENTED_EDGE ( 'NONE', *, *, #931, .F. ) ;
#403 = ORIENTED_EDGE ( 'NONE', *, *, #5096, .F. ) ;
#404 = EDGE_CURVE ( 'NONE', #5178, #2530, #2094, .T. ) ;
#405 = DIRECTION ( 'NONE',  ( 0.000000000000000000, -1.926745932492380336E-15, -1.000000000000000000 ) ) ;
#406 = DIRECTION ( 'NONE',  ( 1.000000000000000000, 0.000000000000000000, 0.000000000000000000 ) ) ;
#407 = ORIENTED_EDGE ( 'NONE', *, *, #887, .F. ) ;
#408 = CARTESIAN_POINT ( 'NONE',  ( 127.7373004235730036, -119.4624928209260020, 103.8641190093600102 ) ) ;
#409 = FACE_OUTER_BOUND ( 'NONE', #1020, .T. ) ;
#410 = EDGE_LOOP ( 'NONE', ( #114, #3627, #2975, #5331 ) ) ;
#411 = LINE ( 'NONE', #2282, #707 ) ;
#412 = DIRECTION ( 'NONE',  ( -0.5927832416538070248, -0.5694769654754879840, 0.5694769654755440502 ) ) ;
#413 = CARTESIAN_POINT ( 'NONE',  ( 160.9671133064359765, -139.4624928209260020, 108.7643247870279879 ) ) ;
#414 = ORIENTED_EDGE ( 'NONE', *, *, #4045, .T. ) ;
#415 = CARTESIAN_POINT ( 'NONE',  ( 136.8768364872740051, -140.4624928209240124, 103.7997837525840055 ) ) ;
#416 = CARTESIAN_POINT ( 'NONE',  ( 158.1497566842990068, -128.6529310438289997, 92.64934738161321093 ) ) ;
#417 = CARTESIAN_POINT ( 'NONE',  ( 135.6171133453939888, -119.4624928209239982, 99.46432591814078705 ) ) ;
#418 = DIRECTION ( 'NONE',  ( 3.965082230804110893E-15, 4.430635266668075387E-15, 1.000000000000000000 ) ) ;
#419 = ORIENTED_EDGE ( 'NONE', *, *, #2106, .F. ) ;
#420 = CARTESIAN_POINT ( 'NONE',  ( 149.9948783421490077, -130.7594256212510118, 110.5643259181420035 ) ) ;
#421 = LINE ( 'NONE', #2153, #1277 ) ;
#422 = EDGE_CURVE ( 'NONE', #3293, #3395, #5538, .T. ) ;
#423 = ORIENTED_EDGE ( 'NONE', *, *, #404, .F. ) ;
#424 = ORIENTED_EDGE ( 'NONE', *, *, #229, .F. ) ;
#425 = CARTESIAN_POINT ( 'NONE',  ( 137.8171133454100072, -134.1749999999999829, 92.80999999999889383 ) ) ;
#426 = LINE ( 'NONE', #5147, #4937 ) ;
#427 = EDGE_CURVE ( 'NONE', #4529, #790, #4619, .T. ) ;
#428 = AXIS2_PLACEMENT_3D ( 'NONE', #297, #2025, #3731 ) ;
#429 = EDGE_CURVE ( 'NONE', #1036, #5432, #4696, .T. ) ;
#430 = CARTESIAN_POINT ( 'NONE',  ( 175.2171132998470000, -119.4624950404660098, 101.7500000000189857 ) ) ;
#431 = VERTEX_POINT ( 'NONE', #2146 ) ;
#432 = LINE ( 'NONE', #2561, #3809 ) ;
#433 = VERTEX_POINT ( 'NONE', #1691 ) ;
#434 = EDGE_CURVE ( 'NONE', #5468, #4368, #1011, .T. ) ;
#435 = ORIENTED_EDGE ( 'NONE', *, *, #3638, .T. ) ;
#436 = AXIS2_PLACEMENT_3D ( 'NONE', #3727, #5083, #1587 ) ;
#437 = CARTESIAN_POINT ( 'NONE',  ( 121.2170679492040080, -140.4624928209240124, 100.7500000000264038 ) ) ;
#438 =( BOUNDED_CURVE ( )  B_SPLINE_CURVE ( 3, ( #4123, #3706, #5444, #1146 ),
 .UNSPECIFIED., .F., .T. ) 
 B_SPLINE_CURVE_WITH_KNOTS ( ( 4, 4 ),
 ( 1.390749933834111829, 1.391335562529126157 ),
 .UNSPECIFIED. ) 
 CURVE ( )  GEOMETRIC_REPRESENTATION_ITEM ( )  RATIONAL_B_SPLINE_CURVE ( ( 1.000000000000000000, 0.9999999714199190315, 0.9999999714199190315, 1.000000000000000000 ) ) 
 REPRESENTATION_ITEM ( '' )  );
#439 = AXIS2_PLACEMENT_3D ( 'NONE', #3033, #4748, #2208 ) ;
#440 = CARTESIAN_POINT ( 'NONE',  ( 151.4497566843000129, -120.4624928209260020, 93.59749282092350597 ) ) ;
#441 = CARTESIAN_POINT ( 'NONE',  ( 151.5497566843010020, -134.9312241731090012, 95.03499999999849024 ) ) ;
#442 = ORIENTED_EDGE ( 'NONE', *, *, #2695, .F. ) ;
#443 = DIRECTION ( 'NONE',  ( 2.502637628027870229E-14, -2.810542139866680258E-15, 1.000000000000000000 ) ) ;
#444 = LINE ( 'NONE', #1755, #1268 ) ;
#445 = VECTOR ( 'NONE', #1762, 1000.000000000000000 ) ;
#446 = VECTOR ( 'NONE', #2413, 1000.000000000000000 ) ;
#447 = LINE ( 'NONE', #2955, #4247 ) ;
#448 = CARTESIAN_POINT ( 'NONE',  ( 135.1768364872739880, -140.4624928209240124, 103.7997837525840055 ) ) ;
#449 = PLANE ( 'NONE',  #3237 ) ;
#450 = AXIS2_PLACEMENT_3D ( 'NONE', #5210, #4722, #4381 ) ;
#451 = AXIS2_PLACEMENT_3D ( 'NONE', #330, #679, #4961 ) ;
#452 = DIRECTION ( 'NONE',  ( -0.5130924759622020881, 0.8583333333332552328, 0.000000000000000000 ) ) ;
#453 = ORIENTED_EDGE ( 'NONE', *, *, #2649, .F. ) ;
#454 = DIRECTION ( 'NONE',  ( -0.7071051159977566059, -0.7071051160022168158, -0.002170219641128539722 ) ) ;
#455 = DIRECTION ( 'NONE',  ( 2.418031965417649952E-14, 2.810542046950679999E-15, -1.000000000000000000 ) ) ;
#456 = CARTESIAN_POINT ( 'NONE',  ( 145.5948783421490020, -130.7594256212510118, 100.7643259181420063 ) ) ;
#457 = AXIS2_PLACEMENT_3D ( 'NONE', #1926, #5010, #2862 ) ;
#458 = VECTOR ( 'NONE', #5098, 1000.000000000000000 ) ;
#459 = ORIENTED_EDGE ( 'NONE', *, *, #5268, .T. ) ;
#460 = VECTOR ( 'NONE', #3181, 1000.000000000000000 ) ;
#461 = VERTEX_POINT ( 'NONE', #5590 ) ;
#462 = EDGE_CURVE ( 'NONE', #3046, #3303, #1726, .T. ) ;
#463 = FACE_OUTER_BOUND ( 'NONE', #58, .T. ) ;
#464 = LINE ( 'NONE', #2217, #3763 ) ;
#465 = AXIS2_PLACEMENT_3D ( 'NONE', #3372, #5557, #5120 ) ;
#466 = DIRECTION ( 'NONE',  ( -6.767073673905740924E-15, 1.000000000000000000, -1.622896118156660156E-15 ) ) ;
#467 = CARTESIAN_POINT ( 'NONE',  ( 129.7216946132469673, -119.8621712665460137, 104.2637974549800077 ) ) ;
#468 = ORIENTED_EDGE ( 'NONE', *, *, #4945, .F. ) ;
#469 = VERTEX_POINT ( 'NONE', #1669 ) ;
#470 = CONICAL_SURFACE ( 'NONE', #2176, 2.549999999999996714, 0.7853981633974490562 ) ;
#471 = EDGE_CURVE ( 'NONE', #341, #3812, #5, .T. ) ;
#472 = EDGE_CURVE ( 'NONE', #5190, #5323, #765, .T. ) ;
#473 = CARTESIAN_POINT ( 'NONE',  ( 156.5497566843010304, -134.1749999999999829, 92.80999999999698957 ) ) ;
#474 = AXIS2_PLACEMENT_3D ( 'NONE', #5163, #2929, #3354 ) ;
#475 = EDGE_CURVE ( 'NONE', #3086, #68, #4418, .T. ) ;
#476 = CARTESIAN_POINT ( 'NONE',  ( 171.9948783421489793, -130.8094256212499999, 102.9643259181420092 ) ) ;
#477 = LINE ( 'NONE', #2926, #1442 ) ;
#478 = EDGE_CURVE ( 'NONE', #4935, #5400, #2707, .T. ) ;
#479 = ORIENTED_EDGE ( 'NONE', *, *, #5546, .F. ) ;
#480 = DIRECTION ( 'NONE',  ( 0.000000000000000000, -1.926745932492380336E-15, -1.000000000000000000 ) ) ;
#481 = PLANE ( 'NONE',  #4070 ) ;
#482 = FACE_BOUND ( 'NONE', #3299, .T. ) ;
#483 = CIRCLE ( 'NONE', #3629, 2.349999999999754952 ) ;
#484 = CARTESIAN_POINT ( 'NONE',  ( 128.6948783421490248, -130.8094256212499999, 102.7643259181419921 ) ) ;
#485 = ORIENTED_EDGE ( 'NONE', *, *, #4361, .T. ) ;
#486 = DIRECTION ( 'NONE',  ( -1.183291357831515956E-30, -1.049328997390330010E-15, 1.000000000000000000 ) ) ;
#487 = CARTESIAN_POINT ( 'NONE',  ( 120.6171133453939888, -140.4624928209240124, 100.7500000000264038 ) ) ;
#488 = DIRECTION ( 'NONE',  ( 0.000000000000000000, 1.000000000000000000, 0.000000000000000000 ) ) ;
#489 = ORIENTED_EDGE ( 'NONE', *, *, #3256, .F. ) ;
#490 = VERTEX_POINT ( 'NONE', #3458 ) ;
#491 = PLANE ( 'NONE',  #637 ) ;
#492 = LINE ( 'NONE', #4736, #4303 ) ;
#493 = DIRECTION ( 'NONE',  ( -5.732307797903120798E-15, 1.000000000000000000, -1.803372339420699923E-15 ) ) ;
#494 = VERTEX_POINT ( 'NONE', #2225 ) ;
#495 = ORIENTED_EDGE ( 'NONE', *, *, #4636, .F. ) ;
#496 = ORIENTED_EDGE ( 'NONE', *, *, #2342, .T. ) ;
#497 = DIRECTION ( 'NONE',  ( -1.000000000000000000, -2.009843822508529990E-15, 2.748129594203400391E-15 ) ) ;
#498 = DIRECTION ( 'NONE',  ( 3.346880526425050373E-15, -1.000000000000000000, -4.718447854656760483E-16 ) ) ;
#499 = VERTEX_POINT ( 'NONE', #2726 ) ;
#500 = EDGE_CURVE ( 'NONE', #3029, #728, #373, .T. ) ;
#501 = DIRECTION ( 'NONE',  ( 0.000000000000000000, -1.049328997390330010E-15, 1.000000000000000000 ) ) ;
#502 = ORIENTED_EDGE ( 'NONE', *, *, #5553, .T. ) ;
#503 = CARTESIAN_POINT ( 'NONE',  ( 156.5497566843010304, -134.1749999999999829, 92.80999999999698957 ) ) ;
#504 = EDGE_CURVE ( 'NONE', #819, #4175, #131, .T. ) ;
#505 = CARTESIAN_POINT ( 'NONE',  ( 163.0171133453979735, -127.3249999999999886, 92.80999999999720274 ) ) ;
#506 = DIRECTION ( 'NONE',  ( 0.000000000000000000, 1.000000000000000000, 0.000000000000000000 ) ) ;
#507 = ADVANCED_FACE ( 'NONE', ( #4380 ), #2288, .F. ) ;
#508 = LINE ( 'NONE', #160, #3327 ) ;
#509 = VERTEX_POINT ( 'NONE', #3934 ) ;
#510 = CARTESIAN_POINT ( 'NONE',  ( 160.7751431929569890, -136.9249999999999829, 89.48499999999999943 ) ) ;
#511 = EDGE_CURVE ( 'NONE', #4565, #3855, #45, .T. ) ;
#512 = CARTESIAN_POINT ( 'NONE',  ( 147.7171133340079905, -119.4624928209260020, 99.46432591814070179 ) ) ;
#513 = CARTESIAN_POINT ( 'NONE',  ( 128.1075276025609924, -119.8624928209259934, 107.2641190093600017 ) ) ;
#514 = ORIENTED_EDGE ( 'NONE', *, *, #2404, .T. ) ;
#515 = ORIENTED_EDGE ( 'NONE', *, *, #4120, .T. ) ;
#516 = DIRECTION ( 'NONE',  ( 0.000000000000000000, -1.000000000000000000, 1.926745932492380336E-15 ) ) ;
#517 = DIRECTION ( 'NONE',  ( -1.000000000000000000, -8.742289393079860116E-15, 2.371361253508389962E-15 ) ) ;
#518 = DIRECTION ( 'NONE',  ( 1.000000000000000000, 6.501293528964940867E-15, -2.013492943509530237E-14 ) ) ;
#519 = ORIENTED_EDGE ( 'NONE', *, *, #3603, .T. ) ;
#520 = EDGE_LOOP ( 'NONE', ( #3019, #4954, #4200, #4440 ) ) ;
#521 = DIRECTION ( 'NONE',  ( -1.181088324069320141E-14, 1.000000000000000000, 0.000000000000000000 ) ) ;
#522 = CARTESIAN_POINT ( 'NONE',  ( 134.4989878797520078, -140.1191594875919861, 110.3643259181420007 ) ) ;
#523 = DIRECTION ( 'NONE',  ( 3.673940376433440166E-16, 1.973846303234049855E-15, 1.000000000000000000 ) ) ;
#524 = FACE_OUTER_BOUND ( 'NONE', #5076, .T. ) ;
#525 = PLANE ( 'NONE',  #3691 ) ;
#526 = ADVANCED_FACE ( 'NONE', ( #524 ), #1888, .F. ) ;
#527 = DIRECTION ( 'NONE',  ( -1.000000000000000000, 0.000000000000000000, 0.000000000000000000 ) ) ;
#528 = AXIS2_PLACEMENT_3D ( 'NONE', #2326, #3697, #1037 ) ;
#529 = CARTESIAN_POINT ( 'NONE',  ( 161.2710492718444755, -135.0148803587365478, 94.10476395658160698 ) ) ;
#530 = CARTESIAN_POINT ( 'NONE',  ( 134.2171133453919936, -140.4624928209260020, 103.6640621592530067 ) ) ;
#531 = ORIENTED_EDGE ( 'NONE', *, *, #649, .F. ) ;
#532 = AXIS2_PLACEMENT_3D ( 'NONE', #3974, #3159, #5284 ) ;
#533 = AXIS2_PLACEMENT_3D ( 'NONE', #4656, #3419, #805 ) ;
#534 = CARTESIAN_POINT ( 'NONE',  ( 175.2171132998470000, -140.0624928209230120, 103.7500000343799940 ) ) ;
#535 = EDGE_CURVE ( 'NONE', #1159, #3662, #3966, .T. ) ;
#536 = CARTESIAN_POINT ( 'NONE',  ( 132.4171133454029814, -134.1938512425049908, 92.80999999999698957 ) ) ;
#537 = DIRECTION ( 'NONE',  ( 2.013492943509530237E-14, 1.926745932492390197E-15, 1.000000000000000000 ) ) ;
#538 = EDGE_CURVE ( 'NONE', #4236, #2313, #987, .T. ) ;
#539 = VECTOR ( 'NONE', #4170, 1000.000000000000000 ) ;
#540 = VECTOR ( 'NONE', #5251, 1000.000000000000000 ) ;
#541 = ADVANCED_FACE ( 'NONE', ( #3544 ), #102, .F. ) ;
#542 = VERTEX_POINT ( 'NONE', #3120 ) ;
#543 = ORIENTED_EDGE ( 'NONE', *, *, #3196, .F. ) ;
#544 = VERTEX_POINT ( 'NONE', #3993 ) ;
#545 = ADVANCED_FACE ( 'NONE', ( #4779 ), #5303, .F. ) ;
#546 = VECTOR ( 'NONE', #2984, 1000.000000000000000 ) ;
#547 = CLOSED_SHELL ( 'NONE', ( #3668, #3283, #1033, #4500, #3901, #3496, #1779, #3702, #260, #2029, #122, #3079, #1334, #507, #5441, #5125, #4765, #545, #610, #1686, #1600, #1503, #3388, #1645, #3222, #5196, #4732, #5548, #3776, #1026, #5572, #185, #396, #3663, #4641, #2201, #1259, #3193, #4260, #2407, #3911, #2229, #576, #3762, #2704, #4563, #5123, #4434, #290, #2376, #2879, #1969, #3815, #709, #526, #816, #4053, #4700, #3290, #3936, #2197, #3533, #4321, #2578, #3045, #5305, #1961, #1822, #4314, #4151, #5481, #194, #4764, #4354, #1162, #4984, #5050, #2468, #2671, #3191, #1060, #302, #5165, #1876, #3562, #2160, #4875, #4114, #1884, #3090, #1195, #2124, #4188, #2643, #2865, #580, #5300, #2818, #2462, #3295, #3833, #5516, #1471, #1577, #1400, #4505, #606, #267, #3009, #754, #356, #2233, #4012, #4663, #1307, #559, #4908, #1406, #4385, #920, #2551, #1332, #156, #1371, #1398, #3330, #4384, #3710, #643, #4432, #2912, #50, #3865, #1831, #4603, #1397, #1434, #3670, #4726, #1966, #2807, #2129, #3807, #3463, #5019, #4213, #2230, #4807, #1606, #4674 ) ) ;
#548 = DIRECTION ( 'NONE',  ( 1.000000000000000000, 0.000000000000000000, 0.000000000000000000 ) ) ;
#549 = LINE ( 'NONE', #1311, #4570 ) ;
#550 = CARTESIAN_POINT ( 'NONE',  ( 165.7547861250089909, -119.8621712665460137, 105.0811190093599947 ) ) ;
#551 = VECTOR ( 'NONE', #4983, 1000.000000000000000 ) ;
#552 = VERTEX_POINT ( 'NONE', #4358 ) ;
#553 = ORIENTED_EDGE ( 'NONE', *, *, #2937, .F. ) ;
#554 = EDGE_LOOP ( 'NONE', ( #4322, #4683, #2857, #5208 ) ) ;
#555 = VECTOR ( 'NONE', #2992, 1000.000000000000000 ) ;
#556 = FACE_OUTER_BOUND ( 'NONE', #1709, .T. ) ;
#557 = FACE_OUTER_BOUND ( 'NONE', #5348, .T. ) ;
#558 = ORIENTED_EDGE ( 'NONE', *, *, #2846, .T. ) ;
#559 = ADVANCED_FACE ( 'NONE', ( #4863 ), #1021, .T. ) ;
#560 = CARTESIAN_POINT ( 'NONE',  ( 157.1497566842990068, -136.5250000000000057, 92.80999999999738748 ) ) ;
#561 = ORIENTED_EDGE ( 'NONE', *, *, #1155, .T. ) ;
#562 = EDGE_LOOP ( 'NONE', ( #4041, #3669, #2392, #2361 ) ) ;
#563 = AXIS2_PLACEMENT_3D ( 'NONE', #2400, #4083, #4108 ) ;
#564 = CARTESIAN_POINT ( 'NONE',  ( 151.4497566842990182, -133.5000000000000000, 95.43499999999849592 ) ) ;
#565 = DIRECTION ( 'NONE',  ( 0.8618565397866660982, 2.973755592284763279E-15, 0.5071521515550880821 ) ) ;
#566 = CARTESIAN_POINT ( 'NONE',  ( 147.7171133453930167, -119.6624928209260048, 110.5643259181420035 ) ) ;
#567 = ORIENTED_EDGE ( 'NONE', *, *, #1303, .F. ) ;
#568 = EDGE_CURVE ( 'NONE', #1581, #1056, #4048, .T. ) ;
#569 = DIRECTION ( 'NONE',  ( 1.000000000000000000, 9.880984919894801237E-15, 0.000000000000000000 ) ) ;
#570 = PLANE ( 'NONE',  #1187 ) ;
#571 = CARTESIAN_POINT ( 'NONE',  ( 122.7547965843290001, -119.8622784518216520, 104.2639046402566549 ) ) ;
#572 = ORIENTED_EDGE ( 'NONE', *, *, #4452, .F. ) ;
#573 = EDGE_CURVE ( 'NONE', #3359, #2027, #5364, .T. ) ;
#574 = ORIENTED_EDGE ( 'NONE', *, *, #5017, .T. ) ;
#575 = ORIENTED_EDGE ( 'NONE', *, *, #2307, .F. ) ;
#576 = ADVANCED_FACE ( 'NONE', ( #3287, #2812 ), #4578, .F. ) ;
#577 = CARTESIAN_POINT ( 'NONE',  ( 138.2051437872740109, -140.4624928209260020, 99.86432591814069326 ) ) ;
#578 = DIRECTION ( 'NONE',  ( 1.000000000000000000, 0.000000000000000000, 0.000000000000000000 ) ) ;
#579 = LINE ( 'NONE', #5264, #3057 ) ;
#580 = ADVANCED_FACE ( 'NONE', ( #4107 ), #2341, .T. ) ;
#581 = VERTEX_POINT ( 'NONE', #5335 ) ;
#582 =( NAMED_UNIT ( * ) SI_UNIT ( $, .STERADIAN. ) SOLID_ANGLE_UNIT ( ) );
#583 = DIRECTION ( 'NONE',  ( -1.762258769246287846E-14, 1.000000000000000000, 0.000000000000000000 ) ) ;
#584 = VERTEX_POINT ( 'NONE', #4130 ) ;
#585 = DIRECTION ( 'NONE',  ( 2.371361224627359974E-15, 1.984447310161710157E-14, 1.000000000000000000 ) ) ;
#586 = EDGE_LOOP ( 'NONE', ( #2522, #3340, #2690, #2741, #3223 ) ) ;
#587 = ORIENTED_EDGE ( 'NONE', *, *, #4218, .T. ) ;
#588 = FILL_AREA_STYLE ('',( #614 ) ) ;
#589 = PLANE ( 'NONE',  #5524 ) ;
#590 = FACE_OUTER_BOUND ( 'NONE', #4191, .T. ) ;
#591 = CARTESIAN_POINT ( 'NONE',  ( 121.2170679492020042, -119.4624928214270057, 102.7500000000259917 ) ) ;
#592 = ORIENTED_EDGE ( 'NONE', *, *, #255, .T. ) ;
#593 = LINE ( 'NONE', #161, #1085 ) ;
#594 = CARTESIAN_POINT ( 'NONE',  ( 128.1076603330529338, -119.8617629959866946, 104.2633891844217118 ) ) ;
#595 = ORIENTED_EDGE ( 'NONE', *, *, #3361, .T. ) ;
#596 = ORIENTED_EDGE ( 'NONE', *, *, #3540, .T. ) ;
#597 = ORIENTED_EDGE ( 'NONE', *, *, #3560, .T. ) ;
#598 = EDGE_CURVE ( 'NONE', #2371, #5436, #3235, .T. ) ;
#599 = ORIENTED_EDGE ( 'NONE', *, *, #1681, .F. ) ;
#600 = CARTESIAN_POINT ( 'NONE',  ( 127.7373004235730036, -119.4624928209260020, 107.6641190093600073 ) ) ;
#601 = DIRECTION ( 'NONE',  ( -9.227827737143710103E-15, 1.000000000000000000, 2.810542046950470162E-15 ) ) ;
#602 = VERTEX_POINT ( 'NONE', #4921 ) ;
#603 = EDGE_LOOP ( 'NONE', ( #4687, #4854, #2477, #3752 ) ) ;
#604 = EDGE_CURVE ( 'NONE', #5000, #4836, #1463, .T. ) ;
#605 = CARTESIAN_POINT ( 'NONE',  ( 128.1077265380160100, -119.8613980543999986, 105.0811190093599947 ) ) ;
#606 = ADVANCED_FACE ( 'NONE', ( #1046 ), #2373, .T. ) ;
#607 = CARTESIAN_POINT ( 'NONE',  ( 163.0171133454009862, -119.4624928209260020, 102.7643259181419921 ) ) ;
#608 = VERTEX_POINT ( 'NONE', #4081 ) ;
#609 = PLANE ( 'NONE',  #3718 ) ;
#610 = ADVANCED_FACE ( 'NONE', ( #1517 ), #247, .F. ) ;
#611 = CARTESIAN_POINT ( 'NONE',  ( 163.0171133454009862, -119.4624928209249930, 99.46432591814070179 ) ) ;
#612 = ORIENTED_EDGE ( 'NONE', *, *, #4799, .T. ) ;
#613 = VERTEX_POINT ( 'NONE', #4955 ) ;
#614 = FILL_AREA_STYLE_COLOUR ( '', #359 ) ;
#615 = DIRECTION ( 'NONE',  ( -2.371361224627580066E-15, 2.810542139866890095E-15, -1.000000000000000000 ) ) ;
#616 = CARTESIAN_POINT ( 'NONE',  ( 171.1077265380160100, -119.8613980543999986, 104.2630242428339926 ) ) ;
#617 = STYLED_ITEM ( 'NONE', ( #4855 ), #3724 ) ;
#618 = LINE ( 'NONE', #3634, #2876 ) ;
#619 = DIRECTION ( 'NONE',  ( 0.000000000000000000, 1.000000000000000000, 0.000000000000000000 ) ) ;
#620 = AXIS2_PLACEMENT_3D ( 'NONE', #4403, #2241, #3954 ) ;
#621 = PLANE ( 'NONE',  #3951 ) ;
#622 = AXIS2_PLACEMENT_3D ( 'NONE', #4473, #2291, #134 ) ;
#623 = ORIENTED_EDGE ( 'NONE', *, *, #4905, .T. ) ;
#624 = LINE ( 'NONE', #1901, #2098 ) ;
#625 = ORIENTED_EDGE ( 'NONE', *, *, #1756, .F. ) ;
#626 = VECTOR ( 'NONE', #2959, 1000.000000000000000 ) ;
#627 = CIRCLE ( 'NONE', #4756, 2.350000000000004974 ) ;
#628 = EDGE_LOOP ( 'NONE', ( #1054, #5408, #2831, #4577 ) ) ;
#629 = CARTESIAN_POINT ( 'NONE',  ( 143.9500000000089983, -133.5000000000000000, 95.43499999999829697 ) ) ;
#630 = CARTESIAN_POINT ( 'NONE',  ( 163.0171133453999914, -131.4249999999999829, 89.48499999999999943 ) ) ;
#631 = ORIENTED_EDGE ( 'NONE', *, *, #2640, .T. ) ;
#632 = CIRCLE ( 'NONE', #3777, 1.708500000000001684 ) ;
#633 = AXIS2_PLACEMENT_3D ( 'NONE', #5073, #5561, #1266 ) ;
#634 = ORIENTED_EDGE ( 'NONE', *, *, #4283, .T. ) ;
#635 = DIRECTION ( 'NONE',  ( 3.285583168621599729E-16, 1.926745932492370081E-15, 1.000000000000000000 ) ) ;
#636 = AXIS2_PLACEMENT_3D ( 'NONE', #3818, #2559, #2163 ) ;
#637 = AXIS2_PLACEMENT_3D ( 'NONE', #3923, #59, #2603 ) ;
#638 = LINE ( 'NONE', #1123, #2086 ) ;
#639 = ORIENTED_EDGE ( 'NONE', *, *, #1820, .F. ) ;
#640 = CARTESIAN_POINT ( 'NONE',  ( 175.2171132998489895, -119.4624950404660098, 103.7500000343799940 ) ) ;
#641 = EDGE_CURVE ( 'NONE', #165, #1910, #1073, .T. ) ;
#642 = CARTESIAN_POINT ( 'NONE',  ( 125.9448783421490106, -130.8094256212499999, 102.9643259181420092 ) ) ;
#643 = ADVANCED_FACE ( 'NONE', ( #1951 ), #5390, .F. ) ;
#644 = VERTEX_POINT ( 'NONE', #2859 ) ;
#645 = VERTEX_POINT ( 'NONE', #2370 ) ;
#646 = DIRECTION ( 'NONE',  ( -5.732307797903110543E-15, 1.000000000000000000, 0.000000000000000000 ) ) ;
#647 = AXIS2_PLACEMENT_3D ( 'NONE', #4550, #696, #4127 ) ;
#648 = CARTESIAN_POINT ( 'NONE',  ( 126.2382403691280075, -119.5222499092810153, 105.0811190093599947 ) ) ;
#649 = EDGE_CURVE ( 'NONE', #4811, #1637, #1514, .T. ) ;
#650 = CARTESIAN_POINT ( 'NONE',  ( 132.4171133454019866, -124.3438512425049964, 92.80999999999689010 ) ) ;
#651 = DIRECTION ( 'NONE',  ( 1.000000000000000000, 0.000000000000000000, 0.000000000000000000 ) ) ;
#652 = AXIS2_PLACEMENT_3D ( 'NONE', #536, #5254, #1869 ) ;
#653 = CARTESIAN_POINT ( 'NONE',  ( 156.7256133453900020, -119.4624928209249930, 100.9728259181419929 ) ) ;
#654 = EDGE_CURVE ( 'NONE', #4268, #644, #4044, .T. ) ;
#655 = VECTOR ( 'NONE', #2290, 1000.000000000000000 ) ;
#656 = CARTESIAN_POINT ( 'NONE',  ( 159.8171133454039818, -119.4624928209249930, 99.46432591814199498 ) ) ;
#657 = CARTESIAN_POINT ( 'NONE',  ( 151.4497566842990182, -124.7500000000020037, 92.93500000000000227 ) ) ;
#658 = ORIENTED_EDGE ( 'NONE', *, *, #817, .T. ) ;
#659 = CARTESIAN_POINT ( 'NONE',  ( 133.9671133340079905, -140.4624928209230177, 100.7500000000260059 ) ) ;
#660 = ORIENTED_EDGE ( 'NONE', *, *, #1649, .T. ) ;
#661 = VECTOR ( 'NONE', #1836, 1000.000000000000000 ) ;
#662 = ORIENTED_EDGE ( 'NONE', *, *, #197, .F. ) ;
#663 = CARTESIAN_POINT ( 'NONE',  ( 133.8300455574849934, -127.0139673277060126, 110.3643259181420007 ) ) ;
#664 = AXIS2_PLACEMENT_3D ( 'NONE', #383, #3820, #5556 ) ;
#665 = DIRECTION ( 'NONE',  ( 2.748129594203400391E-15, 1.926745932492380336E-15, 1.000000000000000000 ) ) ;
#666 = ORIENTED_EDGE ( 'NONE', *, *, #4699, .F. ) ;
#667 = VERTEX_POINT ( 'NONE', #5419 ) ;
#668 = DIRECTION ( 'NONE',  ( 0.000000000000000000, -1.000000000000000000, 1.926745932492370081E-15 ) ) ;
#669 = CARTESIAN_POINT ( 'NONE',  ( 163.0171133453979735, -128.6529310438299945, 90.88499999999999091 ) ) ;
#670 = ORIENTED_EDGE ( 'NONE', *, *, #422, .F. ) ;
#671 = CARTESIAN_POINT ( 'NONE',  ( 174.2171181045800097, -140.4624928209230177, 104.2614022775150033 ) ) ;
#672 = DIRECTION ( 'NONE',  ( -1.000000000000000000, 0.000000000000000000, -1.539220716937389985E-14 ) ) ;
#673 = ORIENTED_EDGE ( 'NONE', *, *, #4155, .F. ) ;
#674 = ORIENTED_EDGE ( 'NONE', *, *, #855, .T. ) ;
#675 =( NAMED_UNIT ( * ) PLANE_ANGLE_UNIT ( ) SI_UNIT ( $, .RADIAN. ) );
#676 = FACE_OUTER_BOUND ( 'NONE', #4274, .T. ) ;
#677 = EDGE_CURVE ( 'NONE', #4174, #5494, #3232, .T. ) ;
#678 = FACE_OUTER_BOUND ( 'NONE', #4364, .T. ) ;
#679 = DIRECTION ( 'NONE',  ( -1.000000000000000000, -1.009293658750142123E-14, 2.371361224627544961E-15 ) ) ;
#680 = DIRECTION ( 'NONE',  ( -5.732307797903110543E-15, 1.000000000000000000, -1.803372339420680202E-15 ) ) ;
#681 = DIRECTION ( 'NONE',  ( -0.5927832416538730831, 0.5694769654755040822, -0.5694769654754591182 ) ) ;
#682 = DIRECTION ( 'NONE',  ( -1.000000000000000000, -2.009843820287899953E-15, 2.013492974027690046E-14 ) ) ;
#683 = ADVANCED_FACE ( 'NONE', ( #1948 ), #2856, .T. ) ;
#684 = ORIENTED_EDGE ( 'NONE', *, *, #2269, .T. ) ;
#685 = EDGE_CURVE ( 'NONE', #4444, #5000, #4576, .T. ) ;
#686 = ORIENTED_EDGE ( 'NONE', *, *, #2440, .T. ) ;
#687 = ORIENTED_EDGE ( 'NONE', *, *, #1930, .T. ) ;
#688 = LINE ( 'NONE', #1058, #2067 ) ;
#689 = FACE_OUTER_BOUND ( 'NONE', #2999, .T. ) ;
#690 = EDGE_LOOP ( 'NONE', ( #3766, #4519, #3596, #423 ) ) ;
#691 = ORIENTED_EDGE ( 'NONE', *, *, #401, .T. ) ;
#692 = DIRECTION ( 'NONE',  ( -7.360091965268660478E-15, 0.000000000000000000, -1.000000000000000000 ) ) ;
#693 = CARTESIAN_POINT ( 'NONE',  ( 162.0171133453979735, -125.9750000000000085, 92.80999999999689010 ) ) ;
#694 = EDGE_LOOP ( 'NONE', ( #3549, #4514, #4651, #2755 ) ) ;
#695 = CARTESIAN_POINT ( 'NONE',  ( 173.2833321446829871, -119.8624928209259934, 110.7643259181420063 ) ) ;
#696 = DIRECTION ( 'NONE',  ( 0.000000000000000000, 1.973846303234049855E-15, 1.000000000000000000 ) ) ;
#697 = VERTEX_POINT ( 'NONE', #5387 ) ;
#698 = ORIENTED_EDGE ( 'NONE', *, *, #2303, .F. ) ;
#699 = DIRECTION ( 'NONE',  ( -2.371361224627790297E-15, 2.546555719551769795E-14, -1.000000000000000000 ) ) ;
#700 = DIRECTION ( 'NONE',  ( 0.5130924759623248788, -0.8583333333331818471, 8.659739592076219438E-15 ) ) ;
#701 = CARTESIAN_POINT ( 'NONE',  ( 137.8171133454100072, -127.3249999999999886, 92.80999999999889383 ) ) ;
#702 = CARTESIAN_POINT ( 'NONE',  ( 129.3159429339690121, -119.4624928209260020, 106.6393253577810043 ) ) ;
#703 = ORIENTED_EDGE ( 'NONE', *, *, #3116, .T. ) ;
#704 = EDGE_CURVE ( 'NONE', #1910, #490, #1101, .T. ) ;
#705 = CARTESIAN_POINT ( 'NONE',  ( 143.9500000000079751, -127.9562464104629953, 89.48499999999999943 ) ) ;
#706 = DIRECTION ( 'NONE',  ( -1.000000000000000000, 0.000000000000000000, 5.916456789157589942E-30 ) ) ;
#707 = VECTOR ( 'NONE', #2720, 1000.000000000000000 ) ;
#708 = EDGE_LOOP ( 'NONE', ( #2268, #1333 ) ) ;
#709 = ADVANCED_FACE ( 'NONE', ( #2773 ), #3518, .F. ) ;
#710 = CIRCLE ( 'NONE', #3042, 2.108500000000013141 ) ;
#711 = EDGE_CURVE ( 'NONE', #4772, #4444, #1549, .T. ) ;
#712 = EDGE_CURVE ( 'NONE', #1193, #2074, #187, .T. ) ;
#713 = ORIENTED_EDGE ( 'NONE', *, *, #2937, .T. ) ;
#714 = CARTESIAN_POINT ( 'NONE',  ( 174.2171132998489895, -119.4624950404660098, 102.7500000000189857 ) ) ;
#715 = EDGE_CURVE ( 'NONE', #3189, #1813, #4028, .T. ) ;
#716 = AXIS2_PLACEMENT_3D ( 'NONE', #1841, #1432, #1382 ) ;
#717 = DIRECTION ( 'NONE',  ( -2.371361224626879557E-15, -7.223637016929610136E-14, -1.000000000000000000 ) ) ;
#718 = EDGE_LOOP ( 'NONE', ( #2563, #238, #5322, #5301 ) ) ;
#719 = EDGE_LOOP ( 'NONE', ( #4115, #246, #2214, #3020 ) ) ;
#720 = VECTOR ( 'NONE', #3197, 1000.000000000000000 ) ;
#721 = CARTESIAN_POINT ( 'NONE',  ( 163.0171133453989682, -124.5750000000000028, 92.80999999999680483 ) ) ;
#722 = AXIS2_PLACEMENT_3D ( 'NONE', #1464, #2289, #3182 ) ;
#723 = DIRECTION ( 'NONE',  ( 1.000000000000000000, 2.009843822508489758E-15, -2.013492964751100111E-14 ) ) ;
#724 = VECTOR ( 'NONE', #4719, 1000.000000000000000 ) ;
#725 = VERTEX_POINT ( 'NONE', #216 ) ;
#726 = LINE ( 'NONE', #2448, #5533 ) ;
#727 = DIRECTION ( 'NONE',  ( 0.000000000000000000, -5.006432955109510304E-15, -1.000000000000000000 ) ) ;
#728 = VERTEX_POINT ( 'NONE', #5471 ) ;
#729 = DIRECTION ( 'NONE',  ( 0.000000000000000000, -4.366703844392875920E-15, -1.000000000000000000 ) ) ;
#730 = VECTOR ( 'NONE', #4135, 1000.000000000000000 ) ;
#731 = VECTOR ( 'NONE', #4185, 1000.000000000000000 ) ;
#732 = DIRECTION ( 'NONE',  ( -1.000000000000000000, -8.992806500194811689E-15, 2.371361253508400217E-15 ) ) ;
#733 = DIRECTION ( 'NONE',  ( 0.000000000000000000, 1.973846303234049855E-15, 1.000000000000000000 ) ) ;
#734 = CARTESIAN_POINT ( 'NONE',  ( 132.4344203936730082, -119.4624928209260020, 94.26432591814200634 ) ) ;
#735 = VECTOR ( 'NONE', #2338, 1000.000000000000000 ) ;
#736 = ORIENTED_EDGE ( 'NONE', *, *, #1106, .F. ) ;
#737 = CARTESIAN_POINT ( 'NONE',  ( 161.1751431929559999, -136.5250000000000057, 92.66624999999798717 ) ) ;
#738 = CARTESIAN_POINT ( 'NONE',  ( 143.9500000000089983, -120.4624928209260020, 93.59749282092350597 ) ) ;
#739 = VECTOR ( 'NONE', #231, 1000.000000000000000 ) ;
#740 = ORIENTED_EDGE ( 'NONE', *, *, #5043, .T. ) ;
#741 = VECTOR ( 'NONE', #1378, 1000.000000000000000 ) ;
#742 = CARTESIAN_POINT ( 'NONE',  ( 166.8948783421490134, -130.8094256212499999, 102.9643259181420092 ) ) ;
#743 = AXIS2_PLACEMENT_3D ( 'NONE', #417, #1757, #3032 ) ;
#744 = ORIENTED_EDGE ( 'NONE', *, *, #91, .T. ) ;
#745 = LINE ( 'NONE', #772, #3584 ) ;
#746 = DIRECTION ( 'NONE',  ( 1.000000000000000000, 9.378244137164310855E-15, -2.330637149875950107E-14 ) ) ;
#747 = ORIENTED_EDGE ( 'NONE', *, *, #2333, .F. ) ;
#748 = AXIS2_PLACEMENT_3D ( 'NONE', #4209, #2170, #1665 ) ;
#749 = EDGE_CURVE ( 'NONE', #4431, #3830, #3070, .T. ) ;
#750 = ORIENTED_EDGE ( 'NONE', *, *, #2988, .F. ) ;
#751 = DIRECTION ( 'NONE',  ( -1.000000000000000000, -8.742289393079860116E-15, 2.371361253508389962E-15 ) ) ;
#752 = DIRECTION ( 'NONE',  ( -1.000000000000000000, -1.569712496704820284E-14, -2.418031965417649952E-14 ) ) ;
#753 = AXIS2_PLACEMENT_3D ( 'NONE', #3284, #1975, #1572 ) ;
#754 = ADVANCED_FACE ( 'NONE', ( #4104 ), #2006, .T. ) ;
#755 = CARTESIAN_POINT ( 'NONE',  ( 120.2171133453929883, -119.4624928214270057, 103.7500000343869857 ) ) ;
#756 = VERTEX_POINT ( 'NONE', #4160 ) ;
#757 = CARTESIAN_POINT ( 'NONE',  ( 163.0171133453989682, -136.9249999999999829, 92.80999999999680483 ) ) ;
#758 = DIRECTION ( 'NONE',  ( 0.000000000000000000, 4.430635266668070654E-15, 1.000000000000000000 ) ) ;
#759 = ORIENTED_EDGE ( 'NONE', *, *, #2096, .F. ) ;
#760 = LINE ( 'NONE', #3794, #731 ) ;
#761 = FACE_OUTER_BOUND ( 'NONE', #2936, .T. ) ;
#762 = DIRECTION ( 'NONE',  ( -1.000000000000000000, -2.009843822508529990E-15, 2.616290610029150035E-15 ) ) ;
#763 = LINE ( 'NONE', #4926, #2434 ) ;
#764 = ORIENTED_EDGE ( 'NONE', *, *, #1038, .T. ) ;
#765 = LINE ( 'NONE', #2953, #3694 ) ;
#766 = LINE ( 'NONE', #4558, #4956 ) ;
#767 = DIRECTION ( 'NONE',  ( -1.000000000000000000, -8.742289393079860116E-15, 2.371361253508389962E-15 ) ) ;
#768 =( BOUNDED_CURVE ( )  B_SPLINE_CURVE ( 3, ( #2660, #5201, #3022, #1852 ),
 .UNSPECIFIED., .F., .T. ) 
 B_SPLINE_CURVE_WITH_KNOTS ( ( 4, 4 ),
 ( 4.809662699127989605, 4.809755008601910298 ),
 .UNSPECIFIED. ) 
 CURVE ( )  GEOMETRIC_REPRESENTATION_ITEM ( )  RATIONAL_B_SPLINE_CURVE ( ( 1.000000000000000000, 0.9999999992899130108, 0.9999999992899130108, 1.000000000000000000 ) ) 
 REPRESENTATION_ITEM ( '' )  );
#769 = ORIENTED_EDGE ( 'NONE', *, *, #2409, .T. ) ;
#770 = DIRECTION ( 'NONE',  ( -1.009293658750141334E-14, 1.000000000000000000, 5.046468293750706671E-15 ) ) ;
#771 = LINE ( 'NONE', #1647, #3606 ) ;
#772 = CARTESIAN_POINT ( 'NONE',  ( 158.1497566842990068, -130.2014655219149972, 90.88499999999999091 ) ) ;
#773 = CARTESIAN_POINT ( 'NONE',  ( 134.1928177498296009, -139.0361398117436238, 109.0572180058413920 ) ) ;
#774 = ORIENTED_EDGE ( 'NONE', *, *, #5119, .F. ) ;
#775 = EDGE_LOOP ( 'NONE', ( #5589, #3707, #3306, #3113 ) ) ;
#776 = EDGE_CURVE ( 'NONE', #4967, #4106, #244, .T. ) ;
#777 = DIRECTION ( 'NONE',  ( 1.000000000000000000, 0.000000000000000000, 0.000000000000000000 ) ) ;
#778 = DIRECTION ( 'NONE',  ( 0.000000000000000000, 1.926745932492380336E-15, 1.000000000000000000 ) ) ;
#779 = ORIENTED_EDGE ( 'NONE', *, *, #1643, .T. ) ;
#780 = CARTESIAN_POINT ( 'NONE',  ( 132.4344203936730082, -140.0624928209259963, 94.26432591814200634 ) ) ;
#781 = EDGE_CURVE ( 'NONE', #1887, #2612, #2624, .T. ) ;
#782 = CYLINDRICAL_SURFACE ( 'NONE', #4966, 1.900000000000012790 ) ;
#783 = ORIENTED_EDGE ( 'NONE', *, *, #4111, .F. ) ;
#784 = LINE ( 'NONE', #1234, #2620 ) ;
#785 = EDGE_CURVE ( 'NONE', #4565, #1603, #191, .T. ) ;
#786 = CARTESIAN_POINT ( 'NONE',  ( 167.3689531356959890, -119.8624928209249987, 107.2641190093600017 ) ) ;
#787 = EDGE_CURVE ( 'NONE', #1919, #2533, #3308, .T. ) ;
#788 = CARTESIAN_POINT ( 'NONE',  ( 169.4448783421489964, -130.8094256212499999, 102.9643259181420092 ) ) ;
#789 = DIRECTION ( 'NONE',  ( -1.000000000000000000, -3.965082230804126670E-15, 3.965082230804126670E-15 ) ) ;
#790 = VERTEX_POINT ( 'NONE', #4468 ) ;
#791 = DIRECTION ( 'NONE',  ( 1.000000000000000000, 2.009843820287880231E-15, -2.330637149875950107E-14 ) ) ;
#792 = FACE_OUTER_BOUND ( 'NONE', #4010, .T. ) ;
#793 = VERTEX_POINT ( 'NONE', #611 ) ;
#794 = DIRECTION ( 'NONE',  ( -1.000000000000000000, -9.378244137164310855E-15, 2.330637149875950107E-14 ) ) ;
#795 = LINE ( 'NONE', #3640, #1015 ) ;
#796 = CARTESIAN_POINT ( 'NONE',  ( 141.8692734138259937, -140.4624928209260020, 107.7643247870279879 ) ) ;
#797 = FACE_OUTER_BOUND ( 'NONE', #4971, .T. ) ;
#798 = VECTOR ( 'NONE', #4774, 1000.000000000000000 ) ;
#799 = ORIENTED_EDGE ( 'NONE', *, *, #478, .T. ) ;
#800 = ORIENTED_EDGE ( 'NONE', *, *, #958, .F. ) ;
#801 = VECTOR ( 'NONE', #3665, 1000.000000000000000 ) ;
#802 = CARTESIAN_POINT ( 'NONE',  ( 138.7086133453910008, -119.4624928209260020, 98.87282591814199861 ) ) ;
#803 = DIRECTION ( 'NONE',  ( 1.000000000000000000, -7.120326166349700838E-29, 1.539220716937389985E-14 ) ) ;
#804 =( BOUNDED_CURVE ( )  B_SPLINE_CURVE ( 3, ( #1098, #4947, #5002, #3732 ),
 .UNSPECIFIED., .F., .T. ) 
 B_SPLINE_CURVE_WITH_KNOTS ( ( 4, 4 ),
 ( 4.891849744650189180, 4.892435373345199956 ),
 .UNSPECIFIED. ) 
 CURVE ( )  GEOMETRIC_REPRESENTATION_ITEM ( )  RATIONAL_B_SPLINE_CURVE ( ( 1.000000000000000000, 0.9999999714199190315, 0.9999999714199190315, 1.000000000000000000 ) ) 
 REPRESENTATION_ITEM ( '' )  );
#805 = DIRECTION ( 'NONE',  ( 1.000000000000000000, 0.000000000000000000, 0.000000000000000000 ) ) ;
#806 = VERTEX_POINT ( 'NONE', #3626 ) ;
#807 = CARTESIAN_POINT ( 'NONE',  ( 151.5497566842990125, -135.6797128106260004, 93.25528718937299288 ) ) ;
#808 = FACE_OUTER_BOUND ( 'NONE', #1690, .T. ) ;
#809 = VECTOR ( 'NONE', #4767, 1000.000000000000227 ) ;
#810 = DIRECTION ( 'NONE',  ( 1.000000000000000000, 0.000000000000000000, 0.000000000000000000 ) ) ;
#811 = ORIENTED_EDGE ( 'NONE', *, *, #5268, .F. ) ;
#812 = DIRECTION ( 'NONE',  ( -1.887379142593809830E-15, 1.000000000000000000, 2.810542046950460301E-15 ) ) ;
#813 = VECTOR ( 'NONE', #1114, 1000.000000000000000 ) ;
#814 = AXIS2_PLACEMENT_3D ( 'NONE', #1842, #198, #1928 ) ;
#815 = FACE_OUTER_BOUND ( 'NONE', #2560, .T. ) ;
#816 = ADVANCED_FACE ( 'NONE', ( #409 ), #782, .T. ) ;
#817 = EDGE_CURVE ( 'NONE', #5150, #4486, #2797, .T. ) ;
#818 = CARTESIAN_POINT ( 'NONE',  ( 171.7948783421490191, -130.8094256212499999, 107.7643259181420063 ) ) ;
#819 = VERTEX_POINT ( 'NONE', #4183 ) ;
#820 = DIRECTION ( 'NONE',  ( 1.000000000000000000, 1.181088324069320141E-14, 2.418031965417649952E-14 ) ) ;
#821 = CLOSED_SHELL ( 'NONE', ( #965, #4597, #3918, #4489, #1439, #541, #3047 ) ) ;
#822 = LINE ( 'NONE', #705, #4501 ) ;
#823 = EDGE_CURVE ( 'NONE', #4119, #613, #4614, .T. ) ;
#824 = PLANE ( 'NONE',  #3352 ) ;
#825 = EDGE_CURVE ( 'NONE', #5178, #30, #4239, .T. ) ;
#826 = AXIS2_PLACEMENT_3D ( 'NONE', #1104, #277, #1150 ) ;
#827 = EDGE_CURVE ( 'NONE', #3413, #101, #1455, .T. ) ;
#828 = EDGE_LOOP ( 'NONE', ( #1597, #256 ) ) ;
#829 = CYLINDRICAL_SURFACE ( 'NONE', #4846, 3.000000000000002665 ) ;
#830 = DIRECTION ( 'NONE',  ( 1.000000000000000000, 0.000000000000000000, 0.000000000000000000 ) ) ;
#831 = CIRCLE ( 'NONE', #652, 3.000000000000002665 ) ;
#832 = CARTESIAN_POINT ( 'NONE',  ( 137.4171133454100016, -127.3249999999999886, 92.80999999999889383 ) ) ;
#833 = VECTOR ( 'NONE', #1316, 1000.000000000000000 ) ;
#834 = ORIENTED_EDGE ( 'NONE', *, *, #2378, .F. ) ;
#835 = VERTEX_POINT ( 'NONE', #2498 ) ;
#836 = VECTOR ( 'NONE', #4698, 1000.000000000000000 ) ;
#837 = DIRECTION ( 'NONE',  ( -0.7071067811865650032, -0.7071067811865300312, -2.073949011534035371E-15 ) ) ;
#838 = FACE_OUTER_BOUND ( 'NONE', #3370, .T. ) ;
#839 = CARTESIAN_POINT ( 'NONE',  ( 122.7547861250079961, -119.8621712665460137, 104.2637974549800077 ) ) ;
#840 = VERTEX_POINT ( 'NONE', #2476 ) ;
#841 = PLANE ( 'NONE',  #2821 ) ;
#842 = CARTESIAN_POINT ( 'NONE',  ( 122.0986563195288426, -119.9816754860430450, 110.6755523146616440 ) ) ;
#843 = ORIENTED_EDGE ( 'NONE', *, *, #2695, .T. ) ;
#844 = AXIS2_PLACEMENT_3D ( 'NONE', #4214, #4694, #4666 ) ;
#845 = DIRECTION ( 'NONE',  ( 0.000000000000000000, 1.973846303234049855E-15, 1.000000000000000000 ) ) ;
#846 = CARTESIAN_POINT ( 'NONE',  ( 160.7751431929571879, -136.9250000000003524, 94.19286721588963474 ) ) ;
#847 = ORIENTED_EDGE ( 'NONE', *, *, #2502, .F. ) ;
#848 = DIRECTION ( 'NONE',  ( 0.000000000000000000, 1.926745932492380336E-15, 1.000000000000000000 ) ) ;
#849 = PLANE ( 'NONE',  #5423 ) ;
#850 = EDGE_CURVE ( 'NONE', #953, #4920, #5497, .T. ) ;
#851 = PLANE ( 'NONE',  #3261 ) ;
#852 = CARTESIAN_POINT ( 'NONE',  ( 123.8363783421490041, -130.8094256212499999, 110.7643259181420063 ) ) ;
#853 = ORIENTED_EDGE ( 'NONE', *, *, #112, .F. ) ;
#854 = DIRECTION ( 'NONE',  ( 0.7071067811866100783, -0.7071067811864850672, -3.143904880882829402E-16 ) ) ;
#855 = EDGE_CURVE ( 'NONE', #3933, #4433, #1105, .T. ) ;
#856 = CARTESIAN_POINT ( 'NONE',  ( 147.6999890379570104, -136.9500000000019782, 92.83500798102501506 ) ) ;
#857 = CARTESIAN_POINT ( 'NONE',  ( 129.9297124076250327, -119.6623320437360007, 105.0811190093599947 ) ) ;
#858 = EDGE_CURVE ( 'NONE', #2746, #978, #2945, .T. ) ;
#859 = EDGE_CURVE ( 'NONE', #68, #5086, #3253, .T. ) ;
#860 = ORIENTED_EDGE ( 'NONE', *, *, #4991, .F. ) ;
#861 = ORIENTED_EDGE ( 'NONE', *, *, #2639, .F. ) ;
#862 = DIRECTION ( 'NONE',  ( -1.181088324069445570E-14, 1.000000000000000000, -1.003925075459028774E-13 ) ) ;
#863 = CARTESIAN_POINT ( 'NONE',  ( 174.2171133453890093, -119.4624950404660098, 102.7643259181419921 ) ) ;
#864 = DIRECTION ( 'NONE',  ( -0.5927832416538488802, 0.5694769654754788801, -0.5694769654755097443 ) ) ;
#865 = EDGE_LOOP ( 'NONE', ( #4241, #2618, #2158, #572 ) ) ;
#866 = CARTESIAN_POINT ( 'NONE',  ( 151.4497566842990182, -134.9312241731090012, 95.03499999999849024 ) ) ;
#867 = VERTEX_POINT ( 'NONE', #2891 ) ;
#868 = ORIENTED_EDGE ( 'NONE', *, *, #4262, .F. ) ;
#869 = DIRECTION ( 'NONE',  ( 1.994368873598360136E-15, -1.000000000000000000, 1.926840924209239714E-15 ) ) ;
#870 = DIRECTION ( 'NONE',  ( 0.7327805653450101264, 0.6804650197127309896, -5.028668271754922886E-15 ) ) ;
#871 = CARTESIAN_POINT ( 'NONE',  ( 154.9171133453919822, -140.4624928209260020, 99.86432591814069326 ) ) ;
#872 = ORIENTED_EDGE ( 'NONE', *, *, #1998, .T. ) ;
#873 = LINE ( 'NONE', #4216, #5515 ) ;
#874 = LINE ( 'NONE', #3851, #3598 ) ;
#875 = DIRECTION ( 'NONE',  ( 2.616290610029150035E-15, 5.006432955109500838E-15, 1.000000000000000000 ) ) ;
#876 = APPLICATION_CONTEXT ( 'automotive_design' ) ;
#877 = LINE ( 'NONE', #4304, #1531 ) ;
#878 = EDGE_CURVE ( 'NONE', #4497, #2093, #3792, .T. ) ;
#879 = ORIENTED_EDGE ( 'NONE', *, *, #328, .T. ) ;
#880 = CARTESIAN_POINT ( 'NONE',  ( 160.9671133453899756, -140.0624928209259963, 110.7643259181420063 ) ) ;
#881 = LINE ( 'NONE', #4258, #3165 ) ;
#882 = CARTESIAN_POINT ( 'NONE',  ( 123.5948783421490020, -130.8094256212499999, 107.7643259181420063 ) ) ;
#883 = EDGE_CURVE ( 'NONE', #3679, #4397, #1204, .T. ) ;
#884 = ORIENTED_EDGE ( 'NONE', *, *, #823, .F. ) ;
#885 = EDGE_CURVE ( 'NONE', #1977, #5317, #1911, .T. ) ;
#886 = VERTEX_POINT ( 'NONE', #2974 ) ;
#887 = EDGE_CURVE ( 'NONE', #3667, #947, #3842, .T. ) ;
#888 = FACE_OUTER_BOUND ( 'NONE', #257, .T. ) ;
#889 = DIRECTION ( 'NONE',  ( 1.000000000000000000, 0.000000000000000000, 0.000000000000000000 ) ) ;
#890 = VECTOR ( 'NONE', #2526, 1000.000000000000000 ) ;
#891 = LINE ( 'NONE', #1769, #2168 ) ;
#892 = CARTESIAN_POINT ( 'NONE',  ( 165.7547965843303359, -119.8622784518220499, 104.2639046402560581 ) ) ;
#893 = VERTEX_POINT ( 'NONE', #4391 ) ;
#894 = ORIENTED_EDGE ( 'NONE', *, *, #1097, .T. ) ;
#895 = AXIS2_PLACEMENT_3D ( 'NONE', #4849, #2715, #578 ) ;
#896 = LINE ( 'NONE', #16, #3400 ) ;
#897 = AXIS2_PLACEMENT_3D ( 'NONE', #4341, #5545, #488 ) ;
#898 = DIRECTION ( 'NONE',  ( -1.009293658750141334E-14, 1.000000000000000000, 5.046468293750706671E-15 ) ) ;
#899 = ORIENTED_EDGE ( 'NONE', *, *, #149, .T. ) ;
#900 = DIRECTION ( 'NONE',  ( 3.965082230804110893E-15, 4.430635266668075387E-15, 1.000000000000000000 ) ) ;
#901 = EDGE_LOOP ( 'NONE', ( #2582, #5292, #5168, #3726 ) ) ;
#902 = DIRECTION ( 'NONE',  ( -1.000000000000000000, -8.742289393079860116E-15, 2.371361253508389962E-15 ) ) ;
#903 = CARTESIAN_POINT ( 'NONE',  ( 135.6171133454029984, -119.4624928209269967, 96.06432591814069610 ) ) ;
#904 = AXIS2_PLACEMENT_3D ( 'NONE', #1844, #4787, #3550 ) ;
#905 = CIRCLE ( 'NONE', #2779, 2.750000000000002665 ) ;
#906 = CARTESIAN_POINT ( 'NONE',  ( 165.7547861250089909, -119.8621712665460137, 107.2644405637399956 ) ) ;
#907 = CARTESIAN_POINT ( 'NONE',  ( 162.0171133453979735, -132.8249999999999886, 91.20374999999900467 ) ) ;
#908 = FACE_OUTER_BOUND ( 'NONE', #4413, .T. ) ;
#909 = VECTOR ( 'NONE', #3574, 1000.000000000000114 ) ;
#910 = CIRCLE ( 'NONE', #3778, 1.708500000000001684 ) ;
#911 = ORIENTED_EDGE ( 'NONE', *, *, #1702, .T. ) ;
#912 = DIRECTION ( 'NONE',  ( 1.569712496704820284E-14, -1.000000000000000000, -4.718447854659520510E-16 ) ) ;
#913 = DIRECTION ( 'NONE',  ( 0.000000000000000000, -0.7071067811865631159, 0.7071067811865320296 ) ) ;
#914 = CARTESIAN_POINT ( 'NONE',  ( 134.9365022088548756, -137.1938512425049339, 94.35083574104872639 ) ) ;
#915 = AXIS2_PLACEMENT_3D ( 'NONE', #3201, #4465, #3281 ) ;
#916 = VECTOR ( 'NONE', #4346, 1000.000000000000000 ) ;
#917 = ORIENTED_EDGE ( 'NONE', *, *, #4798, .T. ) ;
#918 = AXIS2_PLACEMENT_3D ( 'NONE', #1319, #3909, #3514 ) ;
#919 = ORIENTED_EDGE ( 'NONE', *, *, #2207, .F. ) ;
#920 = ADVANCED_FACE ( 'NONE', ( #4340 ), #2676, .T. ) ;
#921 = LINE ( 'NONE', #2634, #2884 ) ;
#922 = DIRECTION ( 'NONE',  ( -3.364395267662362233E-15, 0.7071067811865130448, -0.7071067811865819897 ) ) ;
#923 = CONICAL_SURFACE ( 'NONE', #4064, 1.900000000000012790, 0.7853981633969229215 ) ;
#924 = FACE_OUTER_BOUND ( 'NONE', #3991, .T. ) ;
#925 = ORIENTED_EDGE ( 'NONE', *, *, #4982, .T. ) ;
#926 = ADVANCED_FACE ( 'NONE', ( #2264 ), #570, .F. ) ;
#927 = EDGE_LOOP ( 'NONE', ( #4439, #3084, #5111, #4815 ) ) ;
#928 = VERTEX_POINT ( 'NONE', #4000 ) ;
#929 = AXIS2_PLACEMENT_3D ( 'NONE', #3764, #5100, #4211 ) ;
#930 = DIRECTION ( 'NONE',  ( -1.000000000000000000, -1.887379142593759738E-15, -1.539220716937389985E-14 ) ) ;
#931 = EDGE_CURVE ( 'NONE', #336, #5157, #831, .T. ) ;
#932 = CIRCLE ( 'NONE', #2280, 3.000000000000002665 ) ;
#933 = DIRECTION ( 'NONE',  ( 1.000000000000000000, 0.000000000000000000, 0.000000000000000000 ) ) ;
#934 = CARTESIAN_POINT ( 'NONE',  ( 134.9365022088549892, -137.1938512425049908, 92.80999999999698957 ) ) ;
#935 = ADVANCED_FACE ( 'NONE', ( #4788 ), #3575, .F. ) ;
#936 = ORIENTED_EDGE ( 'NONE', *, *, #434, .F. ) ;
#937 = CONICAL_SURFACE ( 'NONE', #4073, 1.900000000000012790, 0.7853981633973642351 ) ;
#938 = CARTESIAN_POINT ( 'NONE',  ( 163.0171133453989682, -136.9249999999999829, 88.32972932037290548 ) ) ;
#939 = FACE_BOUND ( 'NONE', #1964, .T. ) ;
#940 = DIRECTION ( 'NONE',  ( 0.7071067811865460184, 0.7071067811865489050, -1.410603546366599792E-15 ) ) ;
#941 = DIRECTION ( 'NONE',  ( 1.000000000000000000, 0.000000000000000000, 0.000000000000000000 ) ) ;
#942 = DIRECTION ( 'NONE',  ( 0.7071067811865460184, 0.7071067811865489050, 3.105477172097589473E-16 ) ) ;
#943 = VERTEX_POINT ( 'NONE', #4366 ) ;
#944 = FACE_OUTER_BOUND ( 'NONE', #5389, .T. ) ;
#945 = DIRECTION ( 'NONE',  ( -2.418031965417649952E-14, 0.000000000000000000, 1.000000000000000000 ) ) ;
#946 = CARTESIAN_POINT ( 'NONE',  ( 128.1075276025609924, -119.8624928209259934, 104.2641190093600017 ) ) ;
#947 = VERTEX_POINT ( 'NONE', #1440 ) ;
#948 = ORIENTED_EDGE ( 'NONE', *, *, #4176, .F. ) ;
#949 = DIRECTION ( 'NONE',  ( -0.3893397349945829644, 0.6513119723889599921, 0.6513119723889239099 ) ) ;
#950 = DIRECTION ( 'NONE',  ( 3.673940376433450027E-16, 1.973846303234049855E-15, 1.000000000000000000 ) ) ;
#951 = LINE ( 'NONE', #120, #2870 ) ;
#952 = VERTEX_POINT ( 'NONE', #1845 ) ;
#953 = VERTEX_POINT ( 'NONE', #487 ) ;
#954 = EDGE_CURVE ( 'NONE', #3679, #3674, #5220, .T. ) ;
#955 = ORIENTED_EDGE ( 'NONE', *, *, #2838, .F. ) ;
#956 = SURFACE_SIDE_STYLE ('',( #4825 ) ) ;
#957 = DIRECTION ( 'NONE',  ( 0.000000000000000000, 1.000000000000000000, -1.622896118156660156E-15 ) ) ;
#958 = EDGE_CURVE ( 'NONE', #1461, #1637, #3040, .T. ) ;
#959 = CARTESIAN_POINT ( 'NONE',  ( 134.9365022088549040, -137.1938512425048771, 91.26916425894705753 ) ) ;
#960 = EDGE_CURVE ( 'NONE', #2885, #188, #2540, .T. ) ;
#961 = ORIENTED_EDGE ( 'NONE', *, *, #4734, .T. ) ;
#962 = CARTESIAN_POINT ( 'NONE',  ( 163.0171133453989682, -124.5750000000000028, 92.80999999999698957 ) ) ;
#963 = CARTESIAN_POINT ( 'NONE',  ( 135.2695481926000127, -138.7607955905299946, 112.0660231485369849 ) ) ;
#964 = CARTESIAN_POINT ( 'NONE',  ( 143.4400000000080126, -132.5999999999999943, 92.80999999999869488 ) ) ;
#965 = ADVANCED_FACE ( 'NONE', ( #3102 ), #138, .T. ) ;
#966 = EDGE_CURVE ( 'NONE', #790, #283, #3074, .T. ) ;
#967 = DIRECTION ( 'NONE',  ( -1.000000000000000000, 0.000000000000000000, 2.643388153869432085E-14 ) ) ;
#968 = ORIENTED_EDGE ( 'NONE', *, *, #5158, .T. ) ;
#969 = CARTESIAN_POINT ( 'NONE',  ( 151.4497566842990182, -133.0594256212519895, 96.38500000000000512 ) ) ;
#970 = PLANE ( 'NONE',  #96 ) ;
#971 = CARTESIAN_POINT ( 'NONE',  ( 128.1077265380160100, -119.8613980543999986, 104.2630242428339926 ) ) ;
#972 = ORIENTED_EDGE ( 'NONE', *, *, #1097, .F. ) ;
#973 = VERTEX_POINT ( 'NONE', #4753 ) ;
#974 = EDGE_LOOP ( 'NONE', ( #5581, #2238, #3700, #3406 ) ) ;
#975 = DIRECTION ( 'NONE',  ( -1.000000000000000000, 0.000000000000000000, 0.000000000000000000 ) ) ;
#976 = FACE_OUTER_BOUND ( 'NONE', #1683, .T. ) ;
#977 = DIRECTION ( 'NONE',  ( 0.000000000000000000, -1.000000000000000000, 6.071242150050820816E-15 ) ) ;
#978 = VERTEX_POINT ( 'NONE', #1815 ) ;
#979 = ORIENTED_EDGE ( 'NONE', *, *, #1957, .F. ) ;
#980 = AXIS2_PLACEMENT_3D ( 'NONE', #4376, #2247, #4352 ) ;
#981 = CARTESIAN_POINT ( 'NONE',  ( 151.4497566848500014, -136.9500000000019782, 89.48500000020609946 ) ) ;
#982 = CARTESIAN_POINT ( 'NONE',  ( 167.7391803146830114, -119.4624928209249930, 103.8641190093600102 ) ) ;
#983 = ORIENTED_EDGE ( 'NONE', *, *, #1509, .F. ) ;
#984 = FACE_BOUND ( 'NONE', #2576, .T. ) ;
#985 = AXIS2_PLACEMENT_3D ( 'NONE', #2048, #752, #2470 ) ;
#986 = ORIENTED_EDGE ( 'NONE', *, *, #2307, .T. ) ;
#987 = LINE ( 'NONE', #4417, #2091 ) ;
#988 = CARTESIAN_POINT ( 'NONE',  ( 151.5497566843010020, -134.1749999999999829, 92.80999999999698957 ) ) ;
#989 = CIRCLE ( 'NONE', #4487, 1.700000000000007061 ) ;
#990 = DIRECTION ( 'NONE',  ( -3.364395267662348033E-15, 0.7071067811865280328, -0.7071067811865670016 ) ) ;
#991 = ADVANCED_FACE ( 'NONE', ( #3470 ), #3523, .F. ) ;
#992 = CARTESIAN_POINT ( 'NONE',  ( 161.0931019053529951, -135.1928277252289945, 90.88499999999999091 ) ) ;
#993 =( BOUNDED_CURVE ( )  B_SPLINE_CURVE ( 3, ( #1340, #3054, #4770, #467 ),
 .UNSPECIFIED., .F., .T. ) 
 B_SPLINE_CURVE_WITH_KNOTS ( ( 4, 4 ),
 ( 1.473430298577673936, 1.473522608051599958 ),
 .UNSPECIFIED. ) 
 CURVE ( )  GEOMETRIC_REPRESENTATION_ITEM ( )  RATIONAL_B_SPLINE_CURVE ( ( 1.000000000000000000, 0.9999999992899130108, 0.9999999992899130108, 1.000000000000000000 ) ) 
 REPRESENTATION_ITEM ( '' )  );
#994 = UNCERTAINTY_MEASURE_WITH_UNIT (LENGTH_MEASURE( 1.000000000000000082E-05 ), #327, 'distance_accuracy_value', 'NONE');
#995 = EDGE_LOOP ( 'NONE', ( #1707, #1776, #2851, #3274 ) ) ;
#996 = ADVANCED_FACE ( 'NONE', ( #4840 ), #970, .F. ) ;
#997 = AXIS2_PLACEMENT_3D ( 'NONE', #5482, #253, #1985 ) ;
#998 = CARTESIAN_POINT ( 'NONE',  ( 136.8768364872740051, -140.0624928209250015, 103.7997837525840055 ) ) ;
#999 = CARTESIAN_POINT ( 'NONE',  ( 163.0171133453979735, -124.9750000000000085, 89.88500000000000512 ) ) ;
#1000 = CARTESIAN_POINT ( 'NONE',  ( 172.7216632204449809, -119.8624928209249987, 104.2641190093600017 ) ) ;
#1001 = EDGE_CURVE ( 'NONE', #5494, #1946, #4599, .T. ) ;
#1002 = VECTOR ( 'NONE', #2785, 1000.000000000000000 ) ;
#1003 = ORIENTED_EDGE ( 'NONE', *, *, #398, .F. ) ;
#1004 = EDGE_LOOP ( 'NONE', ( #351, #1900, #230, #4408 ) ) ;
#1005 = DIRECTION ( 'NONE',  ( -1.569712496704820284E-14, 1.000000000000000000, -2.529453808884130036E-15 ) ) ;
#1006 = ORIENTED_EDGE ( 'NONE', *, *, #3569, .T. ) ;
#1007 = AXIS2_PLACEMENT_3D ( 'NONE', #3049, #4793, #2659 ) ;
#1008 = CARTESIAN_POINT ( 'NONE',  ( 151.4497566842990182, -136.9499999999999886, 95.03499999999849024 ) ) ;
#1009 = CARTESIAN_POINT ( 'NONE',  ( 121.9971349070250000, -119.4624928212090111, 110.4963028085129935 ) ) ;
#1010 = DIRECTION ( 'NONE',  ( -2.371361346275850080E-15, -1.926745932492390197E-15, -1.000000000000000000 ) ) ;
#1011 = CIRCLE ( 'NONE', #4234, 2.108500000000013141 ) ;
#1012 = ORIENTED_EDGE ( 'NONE', *, *, #1580, .F. ) ;
#1013 = ORIENTED_EDGE ( 'NONE', *, *, #3122, .F. ) ;
#1014 = ORIENTED_EDGE ( 'NONE', *, *, #4943, .T. ) ;
#1015 = VECTOR ( 'NONE', #1055, 1000.000000000000000 ) ;
#1016 = CARTESIAN_POINT ( 'NONE',  ( 174.2171133453929883, -119.4624928209260020, 102.7643259181419921 ) ) ;
#1017 = ORIENTED_EDGE ( 'NONE', *, *, #966, .T. ) ;
#1018 = VECTOR ( 'NONE', #5038, 1000.000000000000000 ) ;
#1019 = ORIENTED_EDGE ( 'NONE', *, *, #4834, .T. ) ;
#1020 = EDGE_LOOP ( 'NONE', ( #5216, #3036, #1949, #599, #4311, #4244, #2822, #4818 ) ) ;
#1021 = PLANE ( 'NONE',  #93 ) ;
#1022 = AXIS2_PLACEMENT_3D ( 'NONE', #648, #3682, #221 ) ;
#1023 = LINE ( 'NONE', #2727, #1646 ) ;
#1024 = LINE ( 'NONE', #106, #259 ) ;
#1025 = ORIENTED_EDGE ( 'NONE', *, *, #370, .T. ) ;
#1026 = ADVANCED_FACE ( 'NONE', ( #1674 ), #3858, .F. ) ;
#1027 = DIRECTION ( 'NONE',  ( -2.371361346275850080E-15, -1.926745932492350360E-15, -1.000000000000000000 ) ) ;
#1028 = DIRECTION ( 'NONE',  ( 2.418031965417649952E-14, 4.718447854661530133E-16, -1.000000000000000000 ) ) ;
#1029 = AXIS2_PLACEMENT_3D ( 'NONE', #1804, #501, #5244 ) ;
#1030 =( BOUNDED_CURVE ( )  B_SPLINE_CURVE ( 3, ( #4999, #4068, #4567, #4007 ),
 .UNSPECIFIED., .F., .T. ) 
 B_SPLINE_CURVE_WITH_KNOTS ( ( 4, 4 ),
 ( 1.473430298577702136, 1.473522608051625937 ),
 .UNSPECIFIED. ) 
 CURVE ( )  GEOMETRIC_REPRESENTATION_ITEM ( )  RATIONAL_B_SPLINE_CURVE ( ( 1.000000000000000000, 0.9999999992899130108, 0.9999999992899130108, 1.000000000000000000 ) ) 
 REPRESENTATION_ITEM ( '' )  );
#1031 = ORIENTED_EDGE ( 'NONE', *, *, #1789, .F. ) ;
#1032 = ORIENTED_EDGE ( 'NONE', *, *, #5413, .T. ) ;
#1033 = ADVANCED_FACE ( 'NONE', ( #4679 ), #3469, .F. ) ;
#1034 = ORIENTED_EDGE ( 'NONE', *, *, #3537, .T. ) ;
#1035 = EDGE_CURVE ( 'NONE', #952, #369, #881, .T. ) ;
#1036 = VERTEX_POINT ( 'NONE', #2553 ) ;
#1037 = DIRECTION ( 'NONE',  ( 0.000000000000000000, -1.611608585131940061E-13, -1.000000000000000000 ) ) ;
#1038 = EDGE_CURVE ( 'NONE', #4486, #5150, #4329, .T. ) ;
#1039 = EDGE_LOOP ( 'NONE', ( #673, #136, #2391, #3125 ) ) ;
#1040 = CARTESIAN_POINT ( 'NONE',  ( 153.2257668695319808, -140.4624928209260020, 103.1643259181400083 ) ) ;
#1041 = CARTESIAN_POINT ( 'NONE',  ( 167.7391803146830114, -119.4624928209249930, 105.0811190093599947 ) ) ;
#1042 = EDGE_LOOP ( 'NONE', ( #2541, #4758, #1120, #1482 ) ) ;
#1043 = PLANE ( 'NONE',  #4522 ) ;
#1044 = EDGE_LOOP ( 'NONE', ( #5522, #894, #2101, #2601, #1197, #1909, #4985 ) ) ;
#1045 = EDGE_LOOP ( 'NONE', ( #514, #3628, #3328, #1427 ) ) ;
#1046 = FACE_OUTER_BOUND ( 'NONE', #5356, .T. ) ;
#1047 = PRODUCT_CONTEXT ( 'NONE', #5012, 'mechanical' ) ;
#1048 = CARTESIAN_POINT ( 'NONE',  ( 172.7216946132480189, -119.8621712665460137, 107.2644405637399956 ) ) ;
#1049 = DIRECTION ( 'NONE',  ( 0.6069333205183417013, 0.3628111691287594365, -0.7071067811865493491 ) ) ;
#1050 = DIRECTION ( 'NONE',  ( 2.247885490420020125E-06, -0.7071067811880580312, 0.7071067811814639725 ) ) ;
#1051 = PRODUCT_DEFINITION_SHAPE ( 'NONE', 'NONE',  #5434 ) ;
#1052 = DIRECTION ( 'NONE',  ( 1.000000000000000000, 1.567265136830130018E-14, -2.887067357318670574E-14 ) ) ;
#1053 = LINE ( 'NONE', #5346, #1703 ) ;
#1054 = ORIENTED_EDGE ( 'NONE', *, *, #233, .F. ) ;
#1055 = DIRECTION ( 'NONE',  ( -1.887379142593799970E-15, 1.000000000000000000, 2.810542046950480022E-15 ) ) ;
#1056 = VERTEX_POINT ( 'NONE', #4704 ) ;
#1057 = VERTEX_POINT ( 'NONE', #399 ) ;
#1058 = CARTESIAN_POINT ( 'NONE',  ( 162.0171133453979735, -134.2688162851839877, 92.52249999999820318 ) ) ;
#1059 = EDGE_CURVE ( 'NONE', #153, #5285, #2628, .T. ) ;
#1060 = ADVANCED_FACE ( 'NONE', ( #5139 ), #1696, .T. ) ;
#1061 = DIRECTION ( 'NONE',  ( -2.018587317500282668E-14, 1.000000000000000000, 5.046468293750706671E-15 ) ) ;
#1062 = ORIENTED_EDGE ( 'NONE', *, *, #366, .T. ) ;
#1063 = ORIENTED_EDGE ( 'NONE', *, *, #2368, .T. ) ;
#1064 = EDGE_CURVE ( 'NONE', #101, #1732, #5544, .T. ) ;
#1065 = EDGE_LOOP ( 'NONE', ( #662, #2588, #1129, #1366, #2271, #3401, #1668, #800 ) ) ;
#1066 = CARTESIAN_POINT ( 'NONE',  ( 163.0171133453979735, -124.9750000000000085, 91.20374999999900467 ) ) ;
#1067 = FACE_OUTER_BOUND ( 'NONE', #1223, .T. ) ;
#1068 = ORIENTED_EDGE ( 'NONE', *, *, #263, .T. ) ;
#1069 = LINE ( 'NONE', #2806, #2817 ) ;
#1070 = DIRECTION ( 'NONE',  ( 6.501293528964980310E-15, -1.000000000000000000, 1.803372339420690063E-15 ) ) ;
#1071 = ORIENTED_EDGE ( 'NONE', *, *, #3391, .F. ) ;
#1072 = ORIENTED_EDGE ( 'NONE', *, *, #4350, .F. ) ;
#1073 = LINE ( 'NONE', #219, #3610 ) ;
#1074 = CARTESIAN_POINT ( 'NONE',  ( 151.5497566842990125, -135.2563512425030012, 95.03499999999849024 ) ) ;
#1075 = CARTESIAN_POINT ( 'NONE',  ( 133.1478739639769913, -127.8217542309569836, 109.7643247870279879 ) ) ;
#1076 = AXIS2_PLACEMENT_3D ( 'NONE', #5466, #4631, #5526 ) ;
#1077 = CARTESIAN_POINT ( 'NONE',  ( 163.0171133453979735, -129.6529310438299945, 89.88500000000000512 ) ) ;
#1078 = CARTESIAN_POINT ( 'NONE',  ( 137.2796133453929883, -119.4624928209260020, 102.7643259181419921 ) ) ;
#1079 = CARTESIAN_POINT ( 'NONE',  ( 135.6171133454029984, -119.4624928209260020, 99.46432591814078705 ) ) ;
#1080 = AXIS2_PLACEMENT_3D ( 'NONE', #2635, #922, #3924 ) ;
#1081 = CARTESIAN_POINT ( 'NONE',  ( 137.6171133454100186, -127.3249999999999886, 92.80999999999889383 ) ) ;
#1082 = VECTOR ( 'NONE', #493, 1000.000000000000000 ) ;
#1083 = ORIENTED_EDGE ( 'NONE', *, *, #2033, .F. ) ;
#1084 = ORIENTED_EDGE ( 'NONE', *, *, #4877, .F. ) ;
#1085 = VECTOR ( 'NONE', #3999, 1000.000000000000000 ) ;
#1086 = CIRCLE ( 'NONE', #1807, 1.349999999999740297 ) ;
#1087 = VERTEX_POINT ( 'NONE', #4728 ) ;
#1088 = FACE_OUTER_BOUND ( 'NONE', #3529, .T. ) ;
#1089 = FACE_OUTER_BOUND ( 'NONE', #4844, .T. ) ;
#1090 = VERTEX_POINT ( 'NONE', #4281 ) ;
#1091 = VECTOR ( 'NONE', #392, 1000.000000000000000 ) ;
#1092 = VERTEX_POINT ( 'NONE', #1305 ) ;
#1093 = EDGE_CURVE ( 'NONE', #2244, #1872, #421, .T. ) ;
#1094 = FACE_OUTER_BOUND ( 'NONE', #1672, .T. ) ;
#1095 = VECTOR ( 'NONE', #5028, 1000.000000000000000 ) ;
#1096 = VECTOR ( 'NONE', #2833, 1000.000000000000000 ) ;
#1097 = EDGE_CURVE ( 'NONE', #431, #336, #1640, .T. ) ;
#1098 = CARTESIAN_POINT ( 'NONE',  ( 167.3687542002409998, -119.8613980543999986, 107.2652137758860107 ) ) ;
#1099 = ORIENTED_EDGE ( 'NONE', *, *, #3642, .F. ) ;
#1100 = DIRECTION ( 'NONE',  ( -1.000000000000000000, -2.009843822508529990E-15, 2.748129594203400391E-15 ) ) ;
#1101 = LINE ( 'NONE', #3677, #735 ) ;
#1102 = ORIENTED_EDGE ( 'NONE', *, *, #511, .F. ) ;
#1103 = EDGE_LOOP ( 'NONE', ( #4711, #936 ) ) ;
#1104 = CARTESIAN_POINT ( 'NONE',  ( 134.7997510703480089, -138.6733286426149903, 109.7643247870279879 ) ) ;
#1105 = CIRCLE ( 'NONE', #1823, 1.574999999999993072 ) ;
#1106 = EDGE_CURVE ( 'NONE', #3086, #2633, #3442, .T. ) ;
#1107 = DIRECTION ( 'NONE',  ( 2.418031965417639854E-14, 8.883556882512551274E-15, -1.000000000000000000 ) ) ;
#1108 = EDGE_CURVE ( 'NONE', #1629, #4707, #1763, .T. ) ;
#1109 = PLANE ( 'NONE',  #3703 ) ;
#1110 = VECTOR ( 'NONE', #1936, 1000.000000000000000 ) ;
#1111 = DIRECTION ( 'NONE',  ( -0.5927832416538576510, 0.5694769654755177379, 0.5694769654754617827 ) ) ;
#1112 = CIRCLE ( 'NONE', #4337, 2.349999999999990763 ) ;
#1113 = CARTESIAN_POINT ( 'NONE',  ( 159.9436942114649867, -137.7564489814920137, 89.48499999999999943 ) ) ;
#1114 = DIRECTION ( 'NONE',  ( 1.000000000000000000, 2.009843820287930324E-15, -2.371361224627529973E-15 ) ) ;
#1115 = ORIENTED_EDGE ( 'NONE', *, *, #787, .T. ) ;
#1116 = ORIENTED_EDGE ( 'NONE', *, *, #3394, .F. ) ;
#1117 = ORIENTED_EDGE ( 'NONE', *, *, #4591, .T. ) ;
#1118 = DIRECTION ( 'NONE',  ( 0.5130924759623248788, -0.8583333333331818471, 1.485209458425509588E-15 ) ) ;
#1119 = DIRECTION ( 'NONE',  ( -1.000000000000000000, -2.009843820286610165E-15, 6.867631562389000059E-13 ) ) ;
#1120 = ORIENTED_EDGE ( 'NONE', *, *, #858, .F. ) ;
#1121 = ORIENTED_EDGE ( 'NONE', *, *, #1131, .F. ) ;
#1122 = DIRECTION ( 'NONE',  ( -1.000000000000000000, 0.000000000000000000, 2.371361224627550089E-15 ) ) ;
#1123 = CARTESIAN_POINT ( 'NONE',  ( 174.2171129478809917, -119.4624928209260020, 102.6392838017199978 ) ) ;
#1124 = ORIENTED_EDGE ( 'NONE', *, *, #2471, .T. ) ;
#1125 = EDGE_CURVE ( 'NONE', #2680, #3793, #795, .T. ) ;
#1126 = DIRECTION ( 'NONE',  ( -1.000000000000000000, -9.880984919894741284E-15, -2.081254558480789989E-14 ) ) ;
#1127 = CARTESIAN_POINT ( 'NONE',  ( 173.2833321446829871, -119.4624950404660098, 110.7643259181420063 ) ) ;
#1128 = EDGE_LOOP ( 'NONE', ( #1508, #713, #3577, #2192, #2293 ) ) ;
#1129 = ORIENTED_EDGE ( 'NONE', *, *, #3161, .F. ) ;
#1130 = CARTESIAN_POINT ( 'NONE',  ( 175.2171132998479948, -119.4624928214270057, 100.7500000000189999 ) ) ;
#1131 = EDGE_CURVE ( 'NONE', #2060, #2577, #3613, .T. ) ;
#1132 = CARTESIAN_POINT ( 'NONE',  ( 147.7171133453940115, -119.4624928209260020, 102.5143259285349870 ) ) ;
#1133 = EDGE_CURVE ( 'NONE', #2066, #4552, #203, .T. ) ;
#1134 = CARTESIAN_POINT ( 'NONE',  ( 136.8768364872740051, -119.4624928209260020, 103.7997837525840055 ) ) ;
#1135 = ORIENTED_EDGE ( 'NONE', *, *, #2575, .F. ) ;
#1136 = LINE ( 'NONE', #4088, #3414 ) ;
#1137 = EDGE_CURVE ( 'NONE', #2299, #499, #624, .T. ) ;
#1138 = CARTESIAN_POINT ( 'NONE',  ( 163.0171133453979735, -140.0624928209259963, 97.78932591814199782 ) ) ;
#1139 = VERTEX_POINT ( 'NONE', #1501 ) ;
#1140 = ORIENTED_EDGE ( 'NONE', *, *, #5403, .F. ) ;
#1141 = CARTESIAN_POINT ( 'NONE',  ( 172.7216632204449809, -119.8624928209249987, 107.2641190093600017 ) ) ;
#1142 = DIRECTION ( 'NONE',  ( 0.000000000000000000, -0.7071067811866890152, 0.7071067811864060193 ) ) ;
#1143 = EDGE_LOOP ( 'NONE', ( #2281, #1404, #1445, #4338 ) ) ;
#1144 = VERTEX_POINT ( 'NONE', #2756 ) ;
#1145 = CARTESIAN_POINT ( 'NONE',  ( 165.7547861250089909, -119.8621712665460137, 104.2637974549800077 ) ) ;
#1146 = CARTESIAN_POINT ( 'NONE',  ( 167.3687542002409998, -119.8613980543999986, 104.2630242428339926 ) ) ;
#1147 = ORIENTED_EDGE ( 'NONE', *, *, #1364, .T. ) ;
#1148 = CARTESIAN_POINT ( 'NONE',  ( 135.1768364872739880, -140.2624928209250186, 103.7997837525840055 ) ) ;
#1149 = ORIENTED_EDGE ( 'NONE', *, *, #677, .F. ) ;
#1150 = DIRECTION ( 'NONE',  ( -0.6069333205183952140, -0.3628111691286748930, -0.7071067811865469066 ) ) ;
#1151 = CYLINDRICAL_SURFACE ( 'NONE', #1922, 2.750000000000000000 ) ;
#1152 = DIRECTION ( 'NONE',  ( -1.000000000000000000, -8.742289393079860116E-15, 2.371361253508389962E-15 ) ) ;
#1153 = DIRECTION ( 'NONE',  ( 0.000000000000000000, -1.926745932492380336E-15, -1.000000000000000000 ) ) ;
#1154 = CYLINDRICAL_SURFACE ( 'NONE', #2875, 2.349999999999745182 ) ;
#1155 = EDGE_CURVE ( 'NONE', #3578, #953, #4063, .T. ) ;
#1156 = LINE ( 'NONE', #4928, #4946 ) ;
#1157 = AXIS2_PLACEMENT_3D ( 'NONE', #5327, #1456, #2742 ) ;
#1158 = EDGE_CURVE ( 'NONE', #4552, #4622, #5340, .T. ) ;
#1159 = VERTEX_POINT ( 'NONE', #2790 ) ;
#1160 = DIRECTION ( 'NONE',  ( 0.000000000000000000, 1.973846303234049855E-15, 1.000000000000000000 ) ) ;
#1161 = EDGE_CURVE ( 'NONE', #1481, #3278, #4092, .T. ) ;
#1162 = ADVANCED_FACE ( 'NONE', ( #3190 ), #923, .F. ) ;
#1163 = VERTEX_POINT ( 'NONE', #852 ) ;
#1164 = CARTESIAN_POINT ( 'NONE',  ( 134.0062072973099987, -127.3086617549950006, 109.7643247870279879 ) ) ;
#1165 = CIRCLE ( 'NONE', #1615, 1.975000000000004530 ) ;
#1166 = CARTESIAN_POINT ( 'NONE',  ( 168.7171133453939831, -140.0624928209259963, 99.46432591813689328 ) ) ;
#1167 = VERTEX_POINT ( 'NONE', #1242 ) ;
#1168 = VECTOR ( 'NONE', #1052, 1000.000000000000000 ) ;
#1169 = AXIS2_PLACEMENT_3D ( 'NONE', #3449, #3477, #977 ) ;
#1170 = DIRECTION ( 'NONE',  ( -1.000000000000000000, 2.437722095693049864E-28, 2.371361253507490266E-15 ) ) ;
#1171 = AXIS2_PLACEMENT_3D ( 'NONE', #4332, #4780, #2648 ) ;
#1172 = LINE ( 'NONE', #839, #4766 ) ;
#1173 = VECTOR ( 'NONE', #5478, 1000.000000000000000 ) ;
#1174 = ORIENTED_EDGE ( 'NONE', *, *, #2096, .T. ) ;
#1175 = DIRECTION ( 'NONE',  ( -1.000000000000000000, -8.946782286856180428E-15, 2.371361253508400217E-15 ) ) ;
#1176 = DIRECTION ( 'NONE',  ( -0.5773502691914300655, 0.5773502691914281781, -0.5773502691860191716 ) ) ;
#1177 = ORIENTED_EDGE ( 'NONE', *, *, #255, .F. ) ;
#1178 = DIRECTION ( 'NONE',  ( -6.501293528964970844E-15, 1.000000000000000000, 0.000000000000000000 ) ) ;
#1179 = VECTOR ( 'NONE', #2069, 1000.000000000000000 ) ;
#1180 = DIRECTION ( 'NONE',  ( -1.000000000000000000, -1.181088324069652094E-14, -2.418031965417684977E-14 ) ) ;
#1181 = LINE ( 'NONE', #2036, #1917 ) ;
#1182 = CARTESIAN_POINT ( 'NONE',  ( 151.4497566842990182, -135.6797128106260004, 93.25528718937299288 ) ) ;
#1183 = VECTOR ( 'NONE', #4275, 1000.000000000000000 ) ;
#1184 = ORIENTED_EDGE ( 'NONE', *, *, #335, .T. ) ;
#1185 = DIRECTION ( 'NONE',  ( -9.227827737143710103E-15, 1.000000000000000000, 0.000000000000000000 ) ) ;
#1186 = DIRECTION ( 'NONE',  ( 0.8583333333331818471, 0.5130924759623248788, 2.473004359560681544E-15 ) ) ;
#1187 = AXIS2_PLACEMENT_3D ( 'NONE', #55, #2629, #3491 ) ;
#1188 = EDGE_CURVE ( 'NONE', #141, #5302, #196, .T. ) ;
#1189 = EDGE_LOOP ( 'NONE', ( #1589, #2492, #2308, #1803 ) ) ;
#1190 = AXIS2_PLACEMENT_3D ( 'NONE', #701, #5393, #3239 ) ;
#1191 = CARTESIAN_POINT ( 'NONE',  ( 135.1768364872739880, -140.2624928209250186, 103.7997837525840055 ) ) ;
#1192 = AXIS2_PLACEMENT_3D ( 'NONE', #1216, #2570, #2593 ) ;
#1193 = VERTEX_POINT ( 'NONE', #394 ) ;
#1194 = DIRECTION ( 'NONE',  ( 1.569712496704830066E-14, -1.000000000000000000, -2.810542046950490278E-15 ) ) ;
#1195 = ADVANCED_FACE ( 'NONE', ( #3854 ), #5596, .F. ) ;
#1196 = DIRECTION ( 'NONE',  ( 2.783691842014529932E-14, 0.000000000000000000, 1.000000000000000000 ) ) ;
#1197 = ORIENTED_EDGE ( 'NONE', *, *, #1125, .T. ) ;
#1198 = EDGE_CURVE ( 'NONE', #835, #2244, #2184, .T. ) ;
#1199 = EDGE_LOOP ( 'NONE', ( #5498, #4562, #316, #5388, #4720 ) ) ;
#1200 = EDGE_CURVE ( 'NONE', #2144, #4480, #3465, .T. ) ;
#1201 = CARTESIAN_POINT ( 'NONE',  ( 171.1077265380160100, -119.8613980543999986, 105.0811190093599947 ) ) ;
#1202 = CYLINDRICAL_SURFACE ( 'NONE', #3134, 14.00026402016988847 ) ;
#1203 = AXIS2_PLACEMENT_3D ( 'NONE', #4738, #3841, #348 ) ;
#1204 =( BOUNDED_CURVE ( )  B_SPLINE_CURVE ( 3, ( #1232, #3821, #384, #4611 ),
 .UNSPECIFIED., .F., .T. ) 
 B_SPLINE_CURVE_WITH_KNOTS ( ( 4, 4 ),
 ( 4.238322334021034976, 5.023720497418549868 ),
 .UNSPECIFIED. ) 
 CURVE ( )  GEOMETRIC_REPRESENTATION_ITEM ( )  RATIONAL_B_SPLINE_CURVE ( ( 1.000000000000000000, 0.9492530216741820182, 0.9492530216741820182, 1.000000000000000000 ) ) 
 REPRESENTATION_ITEM ( '' )  );
#1205 = CARTESIAN_POINT ( 'NONE',  ( 122.3387505362530021, -119.4624928209260020, 103.8641190093600102 ) ) ;
#1206 = ORIENTED_EDGE ( 'NONE', *, *, #3740, .T. ) ;
#1207 = CARTESIAN_POINT ( 'NONE',  ( 135.6171133454029984, -119.4624928209269967, 96.06432591814069610 ) ) ;
#1208 = CARTESIAN_POINT ( 'NONE',  ( 121.9971349070250000, -119.4624928212090111, 110.4963028085129935 ) ) ;
#1209 = VERTEX_POINT ( 'NONE', #3164 ) ;
#1210 = DIRECTION ( 'NONE',  ( 1.000000000000000000, 0.000000000000000000, 0.000000000000000000 ) ) ;
#1211 = LINE ( 'NONE', #2977, #254 ) ;
#1212 = DIRECTION ( 'NONE',  ( -1.000000000000000000, 0.000000000000000000, 0.000000000000000000 ) ) ;
#1213 = DIRECTION ( 'NONE',  ( 0.000000000000000000, -1.926745932492380336E-15, -1.000000000000000000 ) ) ;
#1214 = ORIENTED_EDGE ( 'NONE', *, *, #1789, .T. ) ;
#1215 = PLANE ( 'NONE',  #278 ) ;
#1216 = CARTESIAN_POINT ( 'NONE',  ( 147.6948783421530038, -130.7594256212520065, 96.38500000000000512 ) ) ;
#1217 = ORIENTED_EDGE ( 'NONE', *, *, #4913, .F. ) ;
#1218 = CARTESIAN_POINT ( 'NONE',  ( 124.0363783421490069, -130.8094256212499999, 110.5643259181420035 ) ) ;
#1219 = CARTESIAN_POINT ( 'NONE',  ( 133.4768364872739994, -140.0624928209250015, 103.7997837525840055 ) ) ;
#1220 = CARTESIAN_POINT ( 'NONE',  ( 154.9171133453919822, -140.2624928209260133, 99.66432591814070463 ) ) ;
#1221 = ORIENTED_EDGE ( 'NONE', *, *, #3219, .F. ) ;
#1222 = ORIENTED_EDGE ( 'NONE', *, *, #3196, .T. ) ;
#1223 = EDGE_LOOP ( 'NONE', ( #4790, #3979, #736, #4029, #206, #3205 ) ) ;
#1224 = EDGE_CURVE ( 'NONE', #235, #3086, #4398, .T. ) ;
#1225 = CARTESIAN_POINT ( 'NONE',  ( 137.8171133454100072, -127.3249999999999886, 92.80999999999889383 ) ) ;
#1226 = CARTESIAN_POINT ( 'NONE',  ( 145.5948783421490020, -130.7594256212510118, 110.3643259181420007 ) ) ;
#1227 = EDGE_CURVE ( 'NONE', #3835, #3822, #5075, .T. ) ;
#1228 = CARTESIAN_POINT ( 'NONE',  ( 163.0171133453979735, -134.1749999999999829, 92.80999999999720274 ) ) ;
#1229 = VERTEX_POINT ( 'NONE', #252 ) ;
#1230 = LINE ( 'NONE', #780, #2641 ) ;
#1231 = EDGE_CURVE ( 'NONE', #433, #1475, #2942, .T. ) ;
#1232 = CARTESIAN_POINT ( 'NONE',  ( 133.5086695863410000, -138.4624928209260020, 109.7643247870279879 ) ) ;
#1233 = VERTEX_POINT ( 'NONE', #3741 ) ;
#1234 = CARTESIAN_POINT ( 'NONE',  ( 121.2171133453929883, -119.4624928209260020, 102.7643259181419921 ) ) ;
#1235 = EDGE_CURVE ( 'NONE', #469, #5006, #2631, .T. ) ;
#1236 = PLANE ( 'NONE',  #100 ) ;
#1237 = DIRECTION ( 'NONE',  ( 0.000000000000000000, -1.000000000000000000, 1.926745932492380336E-15 ) ) ;
#1238 = EDGE_LOOP ( 'NONE', ( #1390, #2657, #1995 ) ) ;
#1239 = DIRECTION ( 'NONE',  ( -1.000000000000000000, 0.000000000000000000, 0.000000000000000000 ) ) ;
#1240 = CARTESIAN_POINT ( 'NONE',  ( 160.9671133453959726, -137.4624928209260020, 89.48499999999999943 ) ) ;
#1241 = DIRECTION ( 'NONE',  ( -2.748129594203400391E-15, -1.926745932492380336E-15, -1.000000000000000000 ) ) ;
#1242 = CARTESIAN_POINT ( 'NONE',  ( 175.2171132998470000, -140.0624928209230120, 103.7500000343799940 ) ) ;
#1243 = ORIENTED_EDGE ( 'NONE', *, *, #878, .T. ) ;
#1244 = CARTESIAN_POINT ( 'NONE',  ( 163.0171133453999914, -127.3249999999999886, 92.80999999999698957 ) ) ;
#1245 = DIRECTION ( 'NONE',  ( 0.000000000000000000, -1.973846303234049855E-15, -1.000000000000000000 ) ) ;
#1246 = AXIS2_PLACEMENT_3D ( 'NONE', #3139, #3114, #3089 ) ;
#1247 = CARTESIAN_POINT ( 'NONE',  ( 163.0171133453999914, -124.5750000000000028, 89.48499999999999943 ) ) ;
#1248 = VECTOR ( 'NONE', #4295, 1000.000000000000000 ) ;
#1249 = VERTEX_POINT ( 'NONE', #1554 ) ;
#1250 = ORIENTED_EDGE ( 'NONE', *, *, #573, .T. ) ;
#1251 = AXIS2_PLACEMENT_3D ( 'NONE', #1874, #4543, #2795 ) ;
#1252 = PLANE ( 'NONE',  #1363 ) ;
#1253 = DIRECTION ( 'NONE',  ( -1.000000000000000000, -3.965082230804126670E-15, 3.965082230804126670E-15 ) ) ;
#1254 = DIRECTION ( 'NONE',  ( 0.8697966647332247003, -0.4934103383786747621, 4.458510442355297927E-15 ) ) ;
#1255 = ORIENTED_EDGE ( 'NONE', *, *, #5407, .T. ) ;
#1256 = CARTESIAN_POINT ( 'NONE',  ( 134.7997510703480089, -138.6733286426149903, 109.7643247870279879 ) ) ;
#1257 = AXIS2_PLACEMENT_3D ( 'NONE', #5313, #3103, #4060 ) ;
#1258 = VECTOR ( 'NONE', #3585, 1000.000000000000000 ) ;
#1259 = ADVANCED_FACE ( 'NONE', ( #4960 ), #1493, .F. ) ;
#1260 = DIRECTION ( 'NONE',  ( -1.000000000000000000, 0.000000000000000000, 0.000000000000000000 ) ) ;
#1261 = VERTEX_POINT ( 'NONE', #3210 ) ;
#1262 = DIRECTION ( 'NONE',  ( 0.000000000000000000, 1.000000000000000000, -9.251858538544751261E-14 ) ) ;
#1263 = AXIS2_PLACEMENT_3D ( 'NONE', #4593, #854, #2041 ) ;
#1264 = VECTOR ( 'NONE', #5368, 1000.000000000000114 ) ;
#1265 = CARTESIAN_POINT ( 'NONE',  ( 158.1497566842990068, -134.1749999999999829, 92.80999999999720274 ) ) ;
#1266 = DIRECTION ( 'NONE',  ( -9.227827737143710103E-15, 1.000000000000000000, 0.000000000000000000 ) ) ;
#1267 = EDGE_CURVE ( 'NONE', #2066, #3104, #2546, .T. ) ;
#1268 = VECTOR ( 'NONE', #2621, 1000.000000000000227 ) ;
#1269 = ORIENTED_EDGE ( 'NONE', *, *, #1649, .F. ) ;
#1270 = AXIS2_PLACEMENT_3D ( 'NONE', #2109, #1310, #777 ) ;
#1271 = FACE_OUTER_BOUND ( 'NONE', #4542, .T. ) ;
#1272 = FACE_BOUND ( 'NONE', #95, .T. ) ;
#1273 = EDGE_CURVE ( 'NONE', #2638, #952, #1181, .T. ) ;
#1274 = AXIS2_PLACEMENT_3D ( 'NONE', #3147, #4331, #3568 ) ;
#1275 = ORIENTED_EDGE ( 'NONE', *, *, #5476, .F. ) ;
#1276 = FACE_OUTER_BOUND ( 'NONE', #1988, .T. ) ;
#1277 = VECTOR ( 'NONE', #5599, 1000.000000000000000 ) ;
#1278 = CARTESIAN_POINT ( 'NONE',  ( 133.9380476110804636, -136.1953966447302946, 95.52440431470992621 ) ) ;
#1279 = CIRCLE ( 'NONE', #1724, 3.500000000000003109 ) ;
#1280 = ORIENTED_EDGE ( 'NONE', *, *, #2475, .F. ) ;
#1281 = ORIENTED_EDGE ( 'NONE', *, *, #776, .T. ) ;
#1282 = AXIS2_PLACEMENT_3D ( 'NONE', #4382, #2650, #527 ) ;
#1283 = DIRECTION ( 'NONE',  ( 0.7071067811865460184, 0.7071067811865489050, 3.105477172097589473E-16 ) ) ;
#1284 = FACE_OUTER_BOUND ( 'NONE', #3871, .T. ) ;
#1285 = CARTESIAN_POINT ( 'NONE',  ( 138.2051437872769952, -140.4624928209260020, 92.48499999999999943 ) ) ;
#1286 = ORIENTED_EDGE ( 'NONE', *, *, #1474, .T. ) ;
#1287 = VECTOR ( 'NONE', #5154, 1000.000000000000000 ) ;
#1288 = DIRECTION ( 'NONE',  ( 1.000000000000000000, 1.567265136830130018E-14, -2.887067357318670574E-14 ) ) ;
#1289 = ORIENTED_EDGE ( 'NONE', *, *, #4991, .T. ) ;
#1290 = VECTOR ( 'NONE', #1175, 1000.000000000000000 ) ;
#1291 = EDGE_CURVE ( 'NONE', #3198, #235, #4616, .T. ) ;
#1292 = DIRECTION ( 'NONE',  ( -1.181088324069438628E-14, 1.000000000000000000, -8.858162430520789633E-14 ) ) ;
#1293 = VERTEX_POINT ( 'NONE', #1521 ) ;
#1294 = CYLINDRICAL_SURFACE ( 'NONE', #5042, 2.099999999999990763 ) ;
#1295 = ORIENTED_EDGE ( 'NONE', *, *, #568, .F. ) ;
#1296 = CARTESIAN_POINT ( 'NONE',  ( 163.0171133453979735, -132.8249999999999886, 90.88499999999999091 ) ) ;
#1297 = LINE ( 'NONE', #2254, #4229 ) ;
#1298 = CARTESIAN_POINT ( 'NONE',  ( 156.7256133453920199, -120.4624928209260020, 95.41645091814200441 ) ) ;
#1299 = ADVANCED_FACE ( 'NONE', ( #4925 ), #1109, .F. ) ;
#1300 = EDGE_CURVE ( 'NONE', #819, #3198, #3657, .T. ) ;
#1301 = FACE_OUTER_BOUND ( 'NONE', #3378, .T. ) ;
#1302 = ORIENTED_EDGE ( 'NONE', *, *, #3813, .F. ) ;
#1303 = EDGE_CURVE ( 'NONE', #584, #3667, #4055, .T. ) ;
#1304 = CARTESIAN_POINT ( 'NONE',  ( 156.5497566843030199, -136.9249999999999829, 89.44979699027869913 ) ) ;
#1305 = CARTESIAN_POINT ( 'NONE',  ( 132.8344203936730139, -140.4624928209260020, 99.86432591814079274 ) ) ;
#1306 = PLANE ( 'NONE',  #3318 ) ;
#1307 = ADVANCED_FACE ( 'NONE', ( #678 ), #249, .T. ) ;
#1308 = EDGE_LOOP ( 'NONE', ( #5334, #4887 ) ) ;
#1309 = ORIENTED_EDGE ( 'NONE', *, *, #2149, .F. ) ;
#1310 = DIRECTION ( 'NONE',  ( 0.000000000000000000, -1.000000000000000000, 5.006432955109510304E-15 ) ) ;
#1311 = CARTESIAN_POINT ( 'NONE',  ( 160.9671133226209747, -119.4624928209260020, 100.7500000000195968 ) ) ;
#1312 = DIRECTION ( 'NONE',  ( 1.000000000000000000, 9.227827737143710103E-15, -2.371361224627550089E-15 ) ) ;
#1313 = DIRECTION ( 'NONE',  ( -1.887379142593799970E-15, 1.000000000000000000, 2.810542046950480022E-15 ) ) ;
#1314 = EDGE_LOOP ( 'NONE', ( #1962, #5204, #1855, #2769 ) ) ;
#1315 = CARTESIAN_POINT ( 'NONE',  ( 122.7547861250079961, -119.8621712665460137, 104.2637974549800077 ) ) ;
#1316 = DIRECTION ( 'NONE',  ( -1.569712496704830066E-14, 1.000000000000000000, 2.810542139866920072E-15 ) ) ;
#1317 = DIRECTION ( 'NONE',  ( 1.161387379058480313E-15, -0.7071067811832350003, -0.7071067811898601452 ) ) ;
#1318 = ORIENTED_EDGE ( 'NONE', *, *, #5451, .F. ) ;
#1319 = CARTESIAN_POINT ( 'NONE',  ( 147.6948783421489964, -130.7594256212510118, 110.7643259181420063 ) ) ;
#1320 = FACE_OUTER_BOUND ( 'NONE', #974, .T. ) ;
#1321 = CARTESIAN_POINT ( 'NONE',  ( 162.6171133453979962, -140.4624928209260020, 99.86432591814200066 ) ) ;
#1322 = DIRECTION ( 'NONE',  ( 0.5927832416538731941, 0.5694769654755100774, 0.5694769654754531230 ) ) ;
#1323 = DIRECTION ( 'NONE',  ( -1.000000000000000000, -1.181088324069312095E-14, -2.418031965417649952E-14 ) ) ;
#1324 = ORIENTED_EDGE ( 'NONE', *, *, #19, .F. ) ;
#1325 = EDGE_CURVE ( 'NONE', #1144, #5033, #4555, .T. ) ;
#1326 = DIRECTION ( 'NONE',  ( -9.378244137164250901E-15, 1.000000000000000000, 2.810542139866910211E-15 ) ) ;
#1327 = DIRECTION ( 'NONE',  ( 0.000000000000000000, 4.718447854658700095E-16, -1.000000000000000000 ) ) ;
#1328 = DIRECTION ( 'NONE',  ( 1.000000000000000000, 2.009843822508519735E-15, -2.371361224627529973E-15 ) ) ;
#1329 = DIRECTION ( 'NONE',  ( 0.7071067811865490160, -0.7071067811865461294, -1.968367378222148825E-14 ) ) ;
#1330 = EDGE_CURVE ( 'NONE', #5267, #3413, #3270, .T. ) ;
#1331 = ORIENTED_EDGE ( 'NONE', *, *, #2444, .F. ) ;
#1332 = ADVANCED_FACE ( 'NONE', ( #223, #2453, #3685, #5426, #306, #2896, #3716 ), #4990, .T. ) ;
#1333 = ORIENTED_EDGE ( 'NONE', *, *, #4090, .T. ) ;
#1334 = ADVANCED_FACE ( 'NONE', ( #5454, #5367 ), #1578, .F. ) ;
#1335 = DIRECTION ( 'NONE',  ( -2.009843822508500014E-15, 1.000000000000000000, -2.195890908159079980E-15 ) ) ;
#1336 = LINE ( 'NONE', #2604, #2861 ) ;
#1337 = EDGE_CURVE ( 'NONE', #242, #101, #4582, .T. ) ;
#1338 =( BOUNDED_CURVE ( )  B_SPLINE_CURVE ( 3, ( #4020, #529, #2257, #4897 ),
 .UNSPECIFIED., .F., .T. ) 
 B_SPLINE_CURVE_WITH_KNOTS ( ( 4, 4 ),
 ( 1.640345928091314853, 3.141592653589900141 ),
 .UNSPECIFIED. ) 
 CURVE ( )  GEOMETRIC_REPRESENTATION_ITEM ( )  RATIONAL_B_SPLINE_CURVE ( ( 1.000000000000000000, 0.8208425456864220093, 0.8208425456864220093, 1.000000000000000000 ) ) 
 REPRESENTATION_ITEM ( '' )  );
#1339 = CARTESIAN_POINT ( 'NONE',  ( 163.0171133453979735, -130.7500000000000000, 92.52249999999840213 ) ) ;
#1340 = CARTESIAN_POINT ( 'NONE',  ( 129.7216632204440145, -119.8624928209259934, 104.2641190093600017 ) ) ;
#1341 = ORIENTED_EDGE ( 'NONE', *, *, #5453, .F. ) ;
#1342 = ORIENTED_EDGE ( 'NONE', *, *, #4111, .T. ) ;
#1343 = CIRCLE ( 'NONE', #4664, 2.108500000000013141 ) ;
#1344 = DIRECTION ( 'NONE',  ( -1.887379142593809830E-15, 1.000000000000000000, 2.810542046950460301E-15 ) ) ;
#1345 = VECTOR ( 'NONE', #3098, 1000.000000000000000 ) ;
#1346 = CARTESIAN_POINT ( 'NONE',  ( 151.4497566842990182, -134.1749999999999829, 92.80999999999698957 ) ) ;
#1347 = AXIS2_PLACEMENT_3D ( 'NONE', #4850, #4348, #2218 ) ;
#1348 = CARTESIAN_POINT ( 'NONE',  ( 125.9448783421490106, -130.9094256212499943, 107.7643259181420063 ) ) ;
#1349 = ORIENTED_EDGE ( 'NONE', *, *, #1963, .F. ) ;
#1350 = DIRECTION ( 'NONE',  ( 0.5773502691894900618, 0.5773502691895090466, -0.5773502691898780848 ) ) ;
#1351 = VECTOR ( 'NONE', #680, 1000.000000000000000 ) ;
#1352 = AXIS2_PLACEMENT_3D ( 'NONE', #5023, #2625, #5214 ) ;
#1353 = FACE_OUTER_BOUND ( 'NONE', #586, .T. ) ;
#1354 = CARTESIAN_POINT ( 'NONE',  ( 171.5533783421490170, -130.8094256212499999, 110.7643259181420063 ) ) ;
#1355 = DIRECTION ( 'NONE',  ( 2.748129594203400391E-15, 1.926745932492380336E-15, 1.000000000000000000 ) ) ;
#1356 = CIRCLE ( 'NONE', #4760, 1.900000000000012790 ) ;
#1357 = AXIS2_PLACEMENT_3D ( 'NONE', #43, #3879, #3377 ) ;
#1358 = ORIENTED_EDGE ( 'NONE', *, *, #2272, .F. ) ;
#1359 = DIRECTION ( 'NONE',  ( -3.789849804151359726E-14, 2.810542046950380232E-15, -1.000000000000000000 ) ) ;
#1360 = CARTESIAN_POINT ( 'NONE',  ( 163.0171133453979735, -130.7500000000000000, 92.52249999999840213 ) ) ;
#1361 = CARTESIAN_POINT ( 'NONE',  ( 135.2714957719289828, -139.4624928209260020, 108.7643247870279879 ) ) ;
#1362 = AXIS2_PLACEMENT_3D ( 'NONE', #5527, #2049, #380 ) ;
#1363 = AXIS2_PLACEMENT_3D ( 'NONE', #802, #5113, #5146 ) ;
#1364 = EDGE_CURVE ( 'NONE', #953, #943, #357, .T. ) ;
#1365 = ORIENTED_EDGE ( 'NONE', *, *, #2207, .T. ) ;
#1366 = ORIENTED_EDGE ( 'NONE', *, *, #3133, .T. ) ;
#1367 = CARTESIAN_POINT ( 'NONE',  ( 139.1955291639850145, -135.9896854383129892, 112.2371321696400059 ) ) ;
#1368 = DIRECTION ( 'NONE',  ( 1.539220716937400082E-14, -3.760804149561840084E-14, -1.000000000000000000 ) ) ;
#1369 = EDGE_CURVE ( 'NONE', #490, #1420, #387, .T. ) ;
#1370 = VECTOR ( 'NONE', #1628, 1000.000000000000000 ) ;
#1371 = ADVANCED_FACE ( 'NONE', ( #3027 ), #1236, .T. ) ;
#1372 = DIRECTION ( 'NONE',  ( 1.000000000000000000, 0.000000000000000000, 0.000000000000000000 ) ) ;
#1373 = ORIENTED_EDGE ( 'NONE', *, *, #234, .F. ) ;
#1374 = AXIS2_PLACEMENT_3D ( 'NONE', #4360, #5337, #105 ) ;
#1375 = EDGE_CURVE ( 'NONE', #978, #1550, #3846, .T. ) ;
#1376 = VERTEX_POINT ( 'NONE', #5560 ) ;
#1377 = FILL_AREA_STYLE ('',( #5242 ) ) ;
#1378 = DIRECTION ( 'NONE',  ( 1.569712496704820284E-14, -1.000000000000000000, -2.810883309827640526E-16 ) ) ;
#1379 = LINE ( 'NONE', #3144, #2380 ) ;
#1380 = ORIENTED_EDGE ( 'NONE', *, *, #5016, .F. ) ;
#1381 = DIRECTION ( 'NONE',  ( 5.220468756190472982E-16, 0.7071067811865350272, 0.7071067811865600072 ) ) ;
#1382 = DIRECTION ( 'NONE',  ( 1.000000000000000000, 0.000000000000000000, 0.000000000000000000 ) ) ;
#1383 = VECTOR ( 'NONE', #4320, 1000.000000000000000 ) ;
#1384 = FACE_OUTER_BOUND ( 'NONE', #3167, .T. ) ;
#1385 = ORIENTED_EDGE ( 'NONE', *, *, #1267, .T. ) ;
#1386 = DIRECTION ( 'NONE',  ( 0.000000000000000000, 1.926745932492380336E-15, 1.000000000000000000 ) ) ;
#1387 = DIRECTION ( 'NONE',  ( 0.000000000000000000, -1.407292413469239864E-15, -1.000000000000000000 ) ) ;
#1388 = DIRECTION ( 'NONE',  ( 1.000000000000000000, 0.000000000000000000, 0.000000000000000000 ) ) ;
#1389 = ORIENTED_EDGE ( 'NONE', *, *, #2297, .F. ) ;
#1390 = ORIENTED_EDGE ( 'NONE', *, *, #3498, .T. ) ;
#1391 = ORIENTED_EDGE ( 'NONE', *, *, #3304, .F. ) ;
#1392 = FACE_OUTER_BOUND ( 'NONE', #4046, .T. ) ;
#1393 = DIRECTION ( 'NONE',  ( -1.000000000000000000, -3.965082230804126670E-15, 3.965082230804126670E-15 ) ) ;
#1394 = LINE ( 'NONE', #3925, #76 ) ;
#1395 = ORIENTED_EDGE ( 'NONE', *, *, #1093, .F. ) ;
#1396 = ORIENTED_EDGE ( 'NONE', *, *, #398, .T. ) ;
#1397 = ADVANCED_FACE ( 'NONE', ( #4642 ), #470, .F. ) ;
#1398 = ADVANCED_FACE ( 'NONE', ( #3455 ), #5072, .T. ) ;
#1399 = FACE_OUTER_BOUND ( 'NONE', #4069, .T. ) ;
#1400 = ADVANCED_FACE ( 'NONE', ( #2950 ), #3398, .T. ) ;
#1401 = DIRECTION ( 'NONE',  ( -1.009293658750141334E-14, 1.000000000000000000, 5.046468293750706671E-15 ) ) ;
#1402 = ORIENTED_EDGE ( 'NONE', *, *, #2342, .F. ) ;
#1403 = DIRECTION ( 'NONE',  ( 0.000000000000000000, -1.000000000000000000, -4.625929269271481378E-15 ) ) ;
#1404 = ORIENTED_EDGE ( 'NONE', *, *, #1424, .T. ) ;
#1405 = DIRECTION ( 'NONE',  ( 8.742289393079850650E-15, -1.000000000000000000, -2.810542046950470162E-15 ) ) ;
#1406 = ADVANCED_FACE ( 'NONE', ( #815 ), #4272, .F. ) ;
#1407 = DIRECTION ( 'NONE',  ( -2.418031965417649952E-14, 0.000000000000000000, 1.000000000000000000 ) ) ;
#1408 = CYLINDRICAL_SURFACE ( 'NONE', #3499, 0.9999999999999938938 ) ;
#1409 = CARTESIAN_POINT ( 'NONE',  ( 151.4497566842990182, -120.4624928209260020, 93.02678795907030462 ) ) ;
#1410 = ORIENTED_EDGE ( 'NONE', *, *, #3946, .T. ) ;
#1411 = FACE_OUTER_BOUND ( 'NONE', #4541, .T. ) ;
#1412 = DIRECTION ( 'NONE',  ( 0.000000000000000000, -0.09040844800401290349, 0.9959047708137087618 ) ) ;
#1413 = CARTESIAN_POINT ( 'NONE',  ( 172.7216946132480189, -119.8621712665460137, 104.2637974549800077 ) ) ;
#1414 = ORIENTED_EDGE ( 'NONE', *, *, #3017, .T. ) ;
#1415 = ORIENTED_EDGE ( 'NONE', *, *, #4993, .T. ) ;
#1416 = ORIENTED_EDGE ( 'NONE', *, *, #2105, .F. ) ;
#1417 = DIRECTION ( 'NONE',  ( -2.616290610029150035E-15, -5.006432955109500838E-15, -1.000000000000000000 ) ) ;
#1418 = FACE_OUTER_BOUND ( 'NONE', #1516, .T. ) ;
#1419 = CARTESIAN_POINT ( 'NONE',  ( 173.0523842021719929, -140.4624928209260020, 110.3643259181420007 ) ) ;
#1420 = VERTEX_POINT ( 'NONE', #440 ) ;
#1421 = CARTESIAN_POINT ( 'NONE',  ( 134.4989878797520078, -140.1191594875919861, 108.1076581203610090 ) ) ;
#1422 = CARTESIAN_POINT ( 'NONE',  ( 129.7216632204440145, -119.8624928209259934, 104.2641190093600017 ) ) ;
#1423 = ORIENTED_EDGE ( 'NONE', *, *, #2706, .T. ) ;
#1424 = EDGE_CURVE ( 'NONE', #552, #5257, #3824, .T. ) ;
#1425 = DIRECTION ( 'NONE',  ( 0.000000000000000000, 2.783691842014540029E-14, -1.000000000000000000 ) ) ;
#1426 = VECTOR ( 'NONE', #48, 1000.000000000000114 ) ;
#1427 = ORIENTED_EDGE ( 'NONE', *, *, #3594, .T. ) ;
#1428 = ORIENTED_EDGE ( 'NONE', *, *, #5343, .F. ) ;
#1429 = DIRECTION ( 'NONE',  ( 0.000000000000000000, 2.810542139866910211E-15, -1.000000000000000000 ) ) ;
#1430 = DIRECTION ( 'NONE',  ( -1.000000000000000000, -8.539126841917380224E-15, -5.865127437796660393E-16 ) ) ;
#1431 = VECTOR ( 'NONE', #537, 1000.000000000000000 ) ;
#1432 = DIRECTION ( 'NONE',  ( 0.000000000000000000, -1.000000000000000000, 1.926745932492380336E-15 ) ) ;
#1433 = EDGE_CURVE ( 'NONE', #3356, #5436, #5345, .T. ) ;
#1434 = ADVANCED_FACE ( 'NONE', ( #5156 ), #4296, .F. ) ;
#1435 = CARTESIAN_POINT ( 'NONE',  ( 140.8343775078564875, -138.7312539229904473, 109.4955636849632441 ) ) ;
#1436 = VERTEX_POINT ( 'NONE', #4189 ) ;
#1437 = AXIS2_PLACEMENT_3D ( 'NONE', #4995, #5458, #1525 ) ;
#1438 = DIRECTION ( 'NONE',  ( -1.000000000000000000, -8.457319541869121525E-15, -7.677572760593020201E-16 ) ) ;
#1439 = ADVANCED_FACE ( 'NONE', ( #2587 ), #2565, .F. ) ;
#1440 = CARTESIAN_POINT ( 'NONE',  ( 135.6171133454010089, -119.4624928209260020, 99.46432591814070179 ) ) ;
#1441 = DIRECTION ( 'NONE',  ( -1.000000000000000000, -1.887379142593809830E-15, 2.371361253508410078E-15 ) ) ;
#1442 = VECTOR ( 'NONE', #4643, 1000.000000000000000 ) ;
#1443 = ORIENTED_EDGE ( 'NONE', *, *, #4866, .F. ) ;
#1444 = ORIENTED_EDGE ( 'NONE', *, *, #598, .T. ) ;
#1445 = ORIENTED_EDGE ( 'NONE', *, *, #3186, .F. ) ;
#1446 = VECTOR ( 'NONE', #2538, 1000.000000000000000 ) ;
#1447 = AXIS2_PLACEMENT_3D ( 'NONE', #3738, #5069, #1210 ) ;
#1448 = ORIENTED_EDGE ( 'NONE', *, *, #1993, .F. ) ;
#1449 = DIRECTION ( 'NONE',  ( -1.000000000000000000, -2.009843822508529990E-15, 2.748129594203410252E-15 ) ) ;
#1450 = CARTESIAN_POINT ( 'NONE',  ( 128.9747081159343907, -119.4624928209260020, 109.0572180058413920 ) ) ;
#1451 = VECTOR ( 'NONE', #1070, 1000.000000000000000 ) ;
#1452 = EDGE_LOOP ( 'NONE', ( #2459, #4144, #22, #1512 ) ) ;
#1453 = ORIENTED_EDGE ( 'NONE', *, *, #1466, .F. ) ;
#1454 = ORIENTED_EDGE ( 'NONE', *, *, #4090, .F. ) ;
#1455 = CIRCLE ( 'NONE', #2451, 1.708500000000001684 ) ;
#1456 = DIRECTION ( 'NONE',  ( 0.000000000000000000, 1.973846303234049855E-15, 1.000000000000000000 ) ) ;
#1457 = DIRECTION ( 'NONE',  ( -1.000000000000000000, -2.811267926180650255E-15, 2.330637149875950107E-14 ) ) ;
#1458 = ORIENTED_EDGE ( 'NONE', *, *, #3534, .T. ) ;
#1459 = DIRECTION ( 'NONE',  ( 0.000000000000000000, 8.883556882512341437E-15, -1.000000000000000000 ) ) ;
#1460 = CIRCLE ( 'NONE', #3885, 1.708500000000001684 ) ;
#1461 = VERTEX_POINT ( 'NONE', #4248 ) ;
#1462 = ORIENTED_EDGE ( 'NONE', *, *, #197, .T. ) ;
#1463 = LINE ( 'NONE', #4553, #2976 ) ;
#1464 = CARTESIAN_POINT ( 'NONE',  ( 0.000000000000000000, 0.000000000000000000, 0.000000000000000000 ) ) ;
#1465 = VECTOR ( 'NONE', #700, 1000.000000000000000 ) ;
#1466 = EDGE_CURVE ( 'NONE', #5106, #2701, #5045, .T. ) ;
#1467 = DIRECTION ( 'NONE',  ( -2.418031965417769858E-14, 7.223637016929579844E-14, 1.000000000000000000 ) ) ;
#1468 = CARTESIAN_POINT ( 'NONE',  ( 121.2171133453909988, -140.0624928209230120, 102.7643259181419921 ) ) ;
#1469 = DIRECTION ( 'NONE',  ( 0.7071067811865480168, -3.540082692113730350E-15, -0.7071067811865470176 ) ) ;
#1470 = CARTESIAN_POINT ( 'NONE',  ( 137.4171133454100016, -130.3438512425049964, 92.80999999999698957 ) ) ;
#1471 = ADVANCED_FACE ( 'NONE', ( #3004 ), #1720, .T. ) ;
#1472 = CARTESIAN_POINT ( 'NONE',  ( 163.2171133453929883, -140.0624928209259963, 102.7643259181419921 ) ) ;
#1473 = EDGE_CURVE ( 'NONE', #395, #1902, #3878, .T. ) ;
#1474 = EDGE_CURVE ( 'NONE', #214, #3908, #4353, .T. ) ;
#1475 = VERTEX_POINT ( 'NONE', #2222 ) ;
#1476 = DIRECTION ( 'NONE',  ( 0.5927832416538477700, -0.5694769654754598953, -0.5694769654755297283 ) ) ;
#1477 = ORIENTED_EDGE ( 'NONE', *, *, #2309, .F. ) ;
#1478 = VERTEX_POINT ( 'NONE', #1801 ) ;
#1479 = CARTESIAN_POINT ( 'NONE',  ( 136.9776768572590129, -119.8624928209259934, 107.2641190093600017 ) ) ;
#1480 = CARTESIAN_POINT ( 'NONE',  ( 158.4776768572600076, -119.4624928209249930, 107.6641190093600073 ) ) ;
#1481 = VERTEX_POINT ( 'NONE', #3510 ) ;
#1482 = ORIENTED_EDGE ( 'NONE', *, *, #401, .F. ) ;
#1483 = DIRECTION ( 'NONE',  ( -9.227827737143710103E-15, 1.000000000000000000, 3.764665582243180418E-16 ) ) ;
#1484 = DIRECTION ( 'NONE',  ( -1.000000000000000000, -8.742289393079860116E-15, 2.371361253508389962E-15 ) ) ;
#1485 = ORIENTED_EDGE ( 'NONE', *, *, #4458, .F. ) ;
#1486 = CARTESIAN_POINT ( 'NONE',  ( 158.4776768572600076, -119.8624928209249987, 107.2641190093600017 ) ) ;
#1487 = CARTESIAN_POINT ( 'NONE',  ( 163.0171133453999914, -140.5624928209250015, 89.48499999999999943 ) ) ;
#1488 = ORIENTED_EDGE ( 'NONE', *, *, #4043, .T. ) ;
#1489 = ORIENTED_EDGE ( 'NONE', *, *, #1861, .T. ) ;
#1490 = DIRECTION ( 'NONE',  ( 0.000000000000000000, -0.06334459318337669342, 0.9979917146521970484 ) ) ;
#1491 = LINE ( 'NONE', #1979, #3439 ) ;
#1492 = DIRECTION ( 'NONE',  ( 2.237723177369440190E-15, -1.000000000000000000, 2.060839600959844780E-15 ) ) ;
#1493 = CYLINDRICAL_SURFACE ( 'NONE', #4690, 2.350000000000004974 ) ;
#1494 = LINE ( 'NONE', #5308, #3242 ) ;
#1495 = UNCERTAINTY_MEASURE_WITH_UNIT (LENGTH_MEASURE( 1.000000000000000082E-05 ), #1682, 'distance_accuracy_value', 'NONE');
#1496 = ORIENTED_CLOSED_SHELL ( 'NONE', *, #4957, .F. );
#1497 = LINE ( 'NONE', #225, #5222 ) ;
#1498 = CARTESIAN_POINT ( 'NONE',  ( 172.7216736896604345, -119.8623856366153291, 104.2640118250495362 ) ) ;
#1499 = EDGE_CURVE ( 'NONE', #4836, #1261, #3169, .T. ) ;
#1500 = ORIENTED_EDGE ( 'NONE', *, *, #3946, .F. ) ;
#1501 = CARTESIAN_POINT ( 'NONE',  ( 128.1077265380160100, -119.8613980543999986, 104.2630242428339926 ) ) ;
#1502 = ORIENTED_EDGE ( 'NONE', *, *, #147, .T. ) ;
#1503 = ADVANCED_FACE ( 'NONE', ( #2615 ), #4013, .F. ) ;
#1504 = ORIENTED_EDGE ( 'NONE', *, *, #5519, .T. ) ;
#1505 = DIRECTION ( 'NONE',  ( 2.371361224627529973E-15, 1.926745932492330244E-15, 1.000000000000000000 ) ) ;
#1506 = LINE ( 'NONE', #145, #4220 ) ;
#1507 = EDGE_CURVE ( 'NONE', #3653, #5145, #42, .T. ) ;
#1508 = ORIENTED_EDGE ( 'NONE', *, *, #5546, .T. ) ;
#1509 = EDGE_CURVE ( 'NONE', #5033, #1461, #1858, .T. ) ;
#1510 = FACE_OUTER_BOUND ( 'NONE', #4803, .T. ) ;
#1511 = LINE ( 'NONE', #2003, #3512 ) ;
#1512 = ORIENTED_EDGE ( 'NONE', *, *, #1925, .T. ) ;
#1513 = DIRECTION ( 'NONE',  ( -1.887379142593809830E-15, 1.000000000000000000, 2.810542046950460301E-15 ) ) ;
#1514 = LINE ( 'NONE', #3736, #551 ) ;
#1515 = ORIENTED_EDGE ( 'NONE', *, *, #3838, .T. ) ;
#1516 = EDGE_LOOP ( 'NONE', ( #2324, #4512, #4910, #3654 ) ) ;
#1517 = FACE_OUTER_BOUND ( 'NONE', #3111, .T. ) ;
#1518 = CARTESIAN_POINT ( 'NONE',  ( 163.0171133453999914, -140.5624928209250015, 89.48499999999999943 ) ) ;
#1519 = DIRECTION ( 'NONE',  ( 1.000000000000000000, 1.887379142593749877E-15, 1.700707699447170143E-14 ) ) ;
#1520 = CIRCLE ( 'NONE', #1157, 2.350000000000004974 ) ;
#1521 = CARTESIAN_POINT ( 'NONE',  ( 171.1075276025620155, -119.8624928209249987, 107.2641190093600017 ) ) ;
#1522 = DIRECTION ( 'NONE',  ( 1.000000000000000000, 0.000000000000000000, 0.000000000000000000 ) ) ;
#1523 = FACE_OUTER_BOUND ( 'NONE', #5252, .T. ) ;
#1524 = CIRCLE ( 'NONE', #1980, 90.35184950660881498 ) ;
#1525 = DIRECTION ( 'NONE',  ( -2.418031965417649952E-14, 0.000000000000000000, 1.000000000000000000 ) ) ;
#1526 = VECTOR ( 'NONE', #3552, 1000.000000000000000 ) ;
#1527 = AXIS2_PLACEMENT_3D ( 'NONE', #3109, #60, #10 ) ;
#1528 = ORIENTED_EDGE ( 'NONE', *, *, #4393, .T. ) ;
#1529 = ORIENTED_EDGE ( 'NONE', *, *, #825, .F. ) ;
#1530 = CIRCLE ( 'NONE', #2869, 2.750000000000002665 ) ;
#1531 = VECTOR ( 'NONE', #2752, 1000.000000000000000 ) ;
#1532 = EDGE_CURVE ( 'NONE', #4323, #1571, #1279, .T. ) ;
#1533 = ORIENTED_EDGE ( 'NONE', *, *, #3462, .F. ) ;
#1534 = DIRECTION ( 'NONE',  ( -1.000000000000000000, -2.338402137150095129E-15, 0.000000000000000000 ) ) ;
#1535 = DIRECTION ( 'NONE',  ( 1.002541268356550146E-14, -0.7071067811864060193, -0.7071067811866890152 ) ) ;
#1536 = EDGE_LOOP ( 'NONE', ( #2737, #2232, #2799, #1062 ) ) ;
#1537 = VECTOR ( 'NONE', #2457, 1000.000000000000000 ) ;
#1538 = AXIS2_PLACEMENT_3D ( 'NONE', #1225, #2938, #4654 ) ;
#1539 = ORIENTED_EDGE ( 'NONE', *, *, #86, .F. ) ;
#1540 = EDGE_CURVE ( 'NONE', #3593, #3647, #5243, .T. ) ;
#1541 = CARTESIAN_POINT ( 'NONE',  ( 165.5467683306320055, -119.6623320437360007, 105.0811190093599947 ) ) ;
#1542 = EDGE_CURVE ( 'NONE', #5267, #242, #1460, .T. ) ;
#1543 = VECTOR ( 'NONE', #5160, 1000.000000000000000 ) ;
#1544 = PRODUCT ( 'Bambu_Mount', 'Bambu_Mount', '', ( #1047 ) ) ;
#1545 = DIRECTION ( 'NONE',  ( 0.000000000000000000, -1.000000000000000000, 2.529453808883810153E-15 ) ) ;
#1546 = ORIENTED_EDGE ( 'NONE', *, *, #4632, .F. ) ;
#1547 = CARTESIAN_POINT ( 'NONE',  ( 157.1497566842990068, -136.5250000000000057, 92.80999999999758643 ) ) ;
#1548 = EDGE_CURVE ( 'NONE', #5400, #5150, #5205, .T. ) ;
#1549 = LINE ( 'NONE', #3652, #3876 ) ;
#1550 = VERTEX_POINT ( 'NONE', #3988 ) ;
#1551 = VERTEX_POINT ( 'NONE', #982 ) ;
#1552 = AXIS2_PLACEMENT_3D ( 'NONE', #856, #3038, #1327 ) ;
#1553 = CARTESIAN_POINT ( 'NONE',  ( 124.3688867170232442, -119.8621279181725328, 104.2637541066075357 ) ) ;
#1554 = CARTESIAN_POINT ( 'NONE',  ( 135.2051437872769952, -137.4624928209260020, 89.48499999999999943 ) ) ;
#1555 = AXIS2_PLACEMENT_3D ( 'NONE', #1346, #3563, #4802 ) ;
#1556 = CARTESIAN_POINT ( 'NONE',  ( 173.1377302020030129, -119.4624928209249930, 103.8641190093600102 ) ) ;
#1557 = VECTOR ( 'NONE', #4221, 1000.000000000000000 ) ;
#1558 = CARTESIAN_POINT ( 'NONE',  ( 149.7948783421529981, -130.7594256212510118, 96.38500000000000512 ) ) ;
#1559 = CARTESIAN_POINT ( 'NONE',  ( 130.0210734082039892, -119.8624928209259934, 110.7643259181420063 ) ) ;
#1560 = ORIENTED_EDGE ( 'NONE', *, *, #883, .T. ) ;
#1561 = AXIS2_PLACEMENT_3D ( 'NONE', #4443, #2723, #1459 ) ;
#1562 = ORIENTED_EDGE ( 'NONE', *, *, #4757, .F. ) ;
#1563 = LINE ( 'NONE', #3276, #4395 ) ;
#1564 = DIRECTION ( 'NONE',  ( 0.000000000000000000, -1.926745932492380336E-15, -1.000000000000000000 ) ) ;
#1565 = ORIENTED_EDGE ( 'NONE', *, *, #2605, .F. ) ;
#1566 =( BOUNDED_CURVE ( )  B_SPLINE_CURVE ( 3, ( #4228, #1278, #914, #4680 ),
 .UNSPECIFIED., .F., .T. ) 
 B_SPLINE_CURVE_WITH_KNOTS ( ( 4, 4 ),
 ( 4.873286007644019868, 6.283185307179590673 ),
 .UNSPECIFIED. ) 
 CURVE ( )  GEOMETRIC_REPRESENTATION_ITEM ( )  RATIONAL_B_SPLINE_CURVE ( ( 1.000000000000000000, 0.8410961196336330659, 0.8410961196336330659, 1.000000000000000000 ) ) 
 REPRESENTATION_ITEM ( '' )  );
#1567 = ORIENTED_CLOSED_SHELL ( 'NONE', *, #1632, .F. );
#1568 = ORIENTED_EDGE ( 'NONE', *, *, #4771, .T. ) ;
#1569 = CARTESIAN_POINT ( 'NONE',  ( 126.2382403691280075, -119.5222499092810153, 107.2641190093600017 ) ) ;
#1570 = DIRECTION ( 'NONE',  ( -1.000000000000000000, -8.742289393079860116E-15, 2.371361253508389962E-15 ) ) ;
#1571 = VERTEX_POINT ( 'NONE', #1422 ) ;
#1572 = DIRECTION ( 'NONE',  ( -1.000000000000000000, 0.000000000000000000, 0.000000000000000000 ) ) ;
#1573 = EDGE_CURVE ( 'NONE', #5086, #4017, #3605, .T. ) ;
#1574 = CARTESIAN_POINT ( 'NONE',  ( 163.0171133454029757, -129.6750000000000114, 92.80999999999698957 ) ) ;
#1575 = EDGE_LOOP ( 'NONE', ( #295, #5363, #3162, #2871 ) ) ;
#1576 = DIRECTION ( 'NONE',  ( 1.000000000000000000, 0.000000000000000000, 0.000000000000000000 ) ) ;
#1577 = ADVANCED_FACE ( 'NONE', ( #3061 ), #3962, .F. ) ;
#1578 = PLANE ( 'NONE',  #457 ) ;
#1579 = LINE ( 'NONE', #3292, #5595 ) ;
#1580 = EDGE_CURVE ( 'NONE', #1946, #4091, #1903, .T. ) ;
#1581 = VERTEX_POINT ( 'NONE', #522 ) ;
#1582 = DIRECTION ( 'NONE',  ( 0.7071067811865465735, 4.874661281994957422E-15, 0.7071067811865485719 ) ) ;
#1583 = CARTESIAN_POINT ( 'NONE',  ( 167.0948783421490020, -130.8094256212499999, 103.1643259181420120 ) ) ;
#1584 = VERTEX_POINT ( 'NONE', #1016 ) ;
#1585 = CARTESIAN_POINT ( 'NONE',  ( 163.0171133453999914, -134.6830298475569805, 96.06432591814079558 ) ) ;
#1586 = VERTEX_POINT ( 'NONE', #2644 ) ;
#1587 = DIRECTION ( 'NONE',  ( -0.7071067811865475727, 0.7071067811865475727, 0.000000000000000000 ) ) ;
#1588 = CARTESIAN_POINT ( 'NONE',  ( 170.7373004235740268, -119.4624928209260020, 103.8641190093600102 ) ) ;
#1589 = ORIENTED_EDGE ( 'NONE', *, *, #5469, .T. ) ;
#1590 = ORIENTED_EDGE ( 'NONE', *, *, #119, .T. ) ;
#1591 = DIRECTION ( 'NONE',  ( 1.000000000000000000, 2.009843822508529990E-15, -2.748129594203410252E-15 ) ) ;
#1592 =( BOUNDED_CURVE ( )  B_SPLINE_CURVE ( 3, ( #5279, #3969, #222, #5392 ),
 .UNSPECIFIED., .F., .T. ) 
 B_SPLINE_CURVE_WITH_KNOTS ( ( 4, 4 ),
 ( 1.637578961322095169E-14, 0.7853981633968599718 ),
 .UNSPECIFIED. ) 
 CURVE ( )  GEOMETRIC_REPRESENTATION_ITEM ( )  RATIONAL_B_SPLINE_CURVE ( ( 1.000000000000000000, 0.9492530216742679494, 0.9492530216742679494, 1.000000000000000000 ) ) 
 REPRESENTATION_ITEM ( '' )  );
#1593 = FACE_OUTER_BOUND ( 'NONE', #1128, .T. ) ;
#1594 = EDGE_LOOP ( 'NONE', ( #459, #2567, #1135, #4996, #3555 ) ) ;
#1595 = DIRECTION ( 'NONE',  ( -1.000000000000000000, -2.009843822508529990E-15, 2.748129594203400391E-15 ) ) ;
#1596 = CARTESIAN_POINT ( 'NONE',  ( 136.9776768572590129, -119.6624928209260048, 107.4641190093599903 ) ) ;
#1597 = ORIENTED_EDGE ( 'NONE', *, *, #4834, .F. ) ;
#1598 = CARTESIAN_POINT ( 'NONE',  ( 124.3689531356949942, -119.8624928209259934, 104.2641190093600017 ) ) ;
#1599 = CYLINDRICAL_SURFACE ( 'NONE', #563, 1.574999999999993072 ) ;
#1600 = ADVANCED_FACE ( 'NONE', ( #1880, #557 ), #1835, .F. ) ;
#1601 = DIRECTION ( 'NONE',  ( -1.000000000000000000, -1.181088324069312095E-14, 2.371361253508400217E-15 ) ) ;
#1602 = DIRECTION ( 'NONE',  ( 1.000000000000000000, 2.009843822508519735E-15, -3.673940376433480102E-16 ) ) ;
#1603 = VERTEX_POINT ( 'NONE', #4826 ) ;
#1604 = DIRECTION ( 'NONE',  ( -2.371361224627580066E-15, 2.810542139866890095E-15, -1.000000000000000000 ) ) ;
#1605 = LINE ( 'NONE', #4539, #4309 ) ;
#1606 = ADVANCED_FACE ( 'NONE', ( #126 ), #5296, .F. ) ;
#1607 = VECTOR ( 'NONE', #1344, 1000.000000000000000 ) ;
#1608 = EDGE_CURVE ( 'NONE', #3077, #2577, #2310, .T. ) ;
#1609 = ORIENTED_EDGE ( 'NONE', *, *, #3705, .T. ) ;
#1610 = EDGE_CURVE ( 'NONE', #4986, #5375, #2743, .T. ) ;
#1611 = AXIS2_PLACEMENT_3D ( 'NONE', #314, #3913, #5518 ) ;
#1612 = CARTESIAN_POINT ( 'NONE',  ( 156.5497566843010304, -131.8249999999999886, 92.80999999999698957 ) ) ;
#1613 = DIRECTION ( 'NONE',  ( 1.000000000000000000, 0.000000000000000000, 0.000000000000000000 ) ) ;
#1614 = FACE_OUTER_BOUND ( 'NONE', #3744, .T. ) ;
#1615 = AXIS2_PLACEMENT_3D ( 'NONE', #832, #3385, #400 ) ;
#1616 = DIRECTION ( 'NONE',  ( -0.5130924759623228804, 0.8583333333331829573, 0.000000000000000000 ) ) ;
#1617 = VERTEX_POINT ( 'NONE', #4074 ) ;
#1618 = ORIENTED_EDGE ( 'NONE', *, *, #5270, .F. ) ;
#1619 = CONICAL_SURFACE ( 'NONE', #2693, 1.900000000000012790, 0.7853981633973642351 ) ;
#1620 = VECTOR ( 'NONE', #5166, 1000.000000000000000 ) ;
#1621 = CARTESIAN_POINT ( 'NONE',  ( 122.3818423357109992, -140.4624928209260020, 110.3643259181420007 ) ) ;
#1622 = CARTESIAN_POINT ( 'NONE',  ( 125.9448783421490106, -130.8094256212499999, 110.7643259181420063 ) ) ;
#1623 = AXIS2_PLACEMENT_3D ( 'NONE', #3967, #2226, #2569 ) ;
#1624 = LINE ( 'NONE', #5064, #1095 ) ;
#1625 = AXIS2_PLACEMENT_3D ( 'NONE', #5011, #2481, #3456 ) ;
#1626 = EDGE_LOOP ( 'NONE', ( #2845, #2952 ) ) ;
#1627 = CARTESIAN_POINT ( 'NONE',  ( 143.4400000000080126, -125.7500000000000000, 92.80999999999879435 ) ) ;
#1628 = DIRECTION ( 'NONE',  ( -0.7071067811843489981, 0.7071067811887460364, 1.296293878342500232E-14 ) ) ;
#1629 = VERTEX_POINT ( 'NONE', #213 ) ;
#1630 = CARTESIAN_POINT ( 'NONE',  ( 157.1497566842990068, -129.6529310438299945, 89.88500000000000512 ) ) ;
#1631 = STYLED_ITEM ( 'NONE', ( #4179 ), #1828 ) ;
#1632 = CLOSED_SHELL ( 'NONE', ( #926, #2809, #4911, #3906, #4222, #4838, #5009 ) ) ;
#1633 = CARTESIAN_POINT ( 'NONE',  ( 157.1497566842990068, -130.7500000000000000, 92.80999999999708905 ) ) ;
#1634 = CARTESIAN_POINT ( 'NONE',  ( 147.7171133453909988, -120.4624928209249930, 96.56857591814200248 ) ) ;
#1635 = CARTESIAN_POINT ( 'NONE',  ( 163.0171133453989682, -133.8044053359220129, 95.13059466407710829 ) ) ;
#1636 = VECTOR ( 'NONE', #1176, 999.9999999999998863 ) ;
#1637 = VERTEX_POINT ( 'NONE', #4101 ) ;
#1638 = LINE ( 'NONE', #4620, #2527 ) ;
#1639 = CARTESIAN_POINT ( 'NONE',  ( 122.7135382931213314, -119.4624928209261299, 108.8671752080514210 ) ) ;
#1640 = CIRCLE ( 'NONE', #4421, 3.000000000000002665 ) ;
#1641 = AXIS2_PLACEMENT_3D ( 'NONE', #1840, #3097, #3485 ) ;
#1642 = ORIENTED_EDGE ( 'NONE', *, *, #1925, .F. ) ;
#1643 = EDGE_CURVE ( 'NONE', #1792, #1551, #5415, .T. ) ;
#1644 = DIRECTION ( 'NONE',  ( 3.673940376433450027E-16, 1.973846303234049855E-15, 1.000000000000000000 ) ) ;
#1645 = ADVANCED_FACE ( 'NONE', ( #1067 ), #4491, .T. ) ;
#1646 = VECTOR ( 'NONE', #615, 1000.000000000000000 ) ;
#1647 = CARTESIAN_POINT ( 'NONE',  ( 161.6316966787160254, -141.4479094876080012, 104.1497425848140068 ) ) ;
#1648 = FACE_OUTER_BOUND ( 'NONE', #690, .T. ) ;
#1649 = EDGE_CURVE ( 'NONE', #1584, #2443, #638, .T. ) ;
#1650 = CARTESIAN_POINT ( 'NONE',  ( 151.4497566842990182, -127.3249999999999886, 92.80999999999698957 ) ) ;
#1651 = ORIENTED_EDGE ( 'NONE', *, *, #2949, .T. ) ;
#1652 = VECTOR ( 'NONE', #4125, 1000.000000000000000 ) ;
#1653 = ORIENTED_EDGE ( 'NONE', *, *, #2105, .T. ) ;
#1654 = EDGE_CURVE ( 'NONE', #5555, #202, #1945, .T. ) ;
#1655 = ORIENTED_EDGE ( 'NONE', *, *, #2649, .T. ) ;
#1656 = DIRECTION ( 'NONE',  ( 1.000000000000000000, 0.000000000000000000, 1.539220716937389985E-14 ) ) ;
#1657 = CARTESIAN_POINT ( 'NONE',  ( 137.4171133454100016, -134.1938512425049908, 92.80999999999698957 ) ) ;
#1658 = CIRCLE ( 'NONE', #664, 2.349999999999754952 ) ;
#1659 = DIRECTION ( 'NONE',  ( 0.000000000000000000, 5.006432955109510304E-15, 1.000000000000000000 ) ) ;
#1660 = ORIENTED_EDGE ( 'NONE', *, *, #4993, .F. ) ;
#1661 = CARTESIAN_POINT ( 'NONE',  ( 156.5497566843020252, -131.4249999999999829, 92.80999999999670536 ) ) ;
#1662 = CARTESIAN_POINT ( 'NONE',  ( 124.3687542002400050, -119.8613980543999986, 104.2630242428339926 ) ) ;
#1663 = ORIENTED_EDGE ( 'NONE', *, *, #1890, .F. ) ;
#1664 = DIRECTION ( 'NONE',  ( -1.000000000000000000, -6.501293528964970844E-15, 2.371361346275859941E-15 ) ) ;
#1665 = DIRECTION ( 'NONE',  ( 0.000000000000000000, -1.000000000000000000, 1.926745932492370081E-15 ) ) ;
#1666 = DIRECTION ( 'NONE',  ( -2.221583432624445050E-14, 0.000000000000000000, -1.000000000000000000 ) ) ;
#1667 = DIRECTION ( 'NONE',  ( -1.000000000000000000, -2.009843820287930324E-15, 2.371361224627529973E-15 ) ) ;
#1668 = ORIENTED_EDGE ( 'NONE', *, *, #649, .T. ) ;
#1669 = CARTESIAN_POINT ( 'NONE',  ( 137.8171133454100072, -125.7500000000000000, 92.80999999999889383 ) ) ;
#1670 = CARTESIAN_POINT ( 'NONE',  ( 167.3363783421490041, -130.8094256212499999, 110.7643259181420063 ) ) ;
#1671 = DIRECTION ( 'NONE',  ( 1.000000000000000000, 0.000000000000000000, -2.330637149875950107E-14 ) ) ;
#1672 = EDGE_LOOP ( 'NONE', ( #5225, #3615, #5102, #4098, #1071, #1280, #4184, #1546 ) ) ;
#1673 = DIRECTION ( 'NONE',  ( 0.000000000000000000, -1.000000000000000000, 5.006432955109510304E-15 ) ) ;
#1674 = FACE_OUTER_BOUND ( 'NONE', #1991, .T. ) ;
#1675 = DIRECTION ( 'NONE',  ( 1.000000000000000000, 2.009843822508519735E-15, -3.285583168621639665E-16 ) ) ;
#1676 = EDGE_CURVE ( 'NONE', #3908, #4592, #4508, .T. ) ;
#1677 = VERTEX_POINT ( 'NONE', #607 ) ;
#1678 = ORIENTED_EDGE ( 'NONE', *, *, #1507, .T. ) ;
#1679 = LINE ( 'NONE', #3389, #2087 ) ;
#1680 = CYLINDRICAL_SURFACE ( 'NONE', #3671, 1.349999999999740297 ) ;
#1681 = EDGE_CURVE ( 'NONE', #4299, #3554, #804, .T. ) ;
#1682 =( LENGTH_UNIT ( ) NAMED_UNIT ( * ) SI_UNIT ( .MILLI., .METRE. ) );
#1683 = EDGE_LOOP ( 'NONE', ( #4827, #4066, #287, #2261, #211, #85, #308, #4608 ) ) ;
#1684 = LINE ( 'NONE', #1627, #2384 ) ;
#1685 = CARTESIAN_POINT ( 'NONE',  ( 122.0474010777759730, -119.7218027490674359, 110.5862076511162542 ) ) ;
#1686 = ADVANCED_FACE ( 'NONE', ( #4915 ), #241, .F. ) ;
#1687 = ORIENTED_EDGE ( 'NONE', *, *, #4559, .T. ) ;
#1688 = CARTESIAN_POINT ( 'NONE',  ( 156.7256133453909968, -119.4624928209260020, 94.26432591814200634 ) ) ;
#1689 = CARTESIAN_POINT ( 'NONE',  ( 163.0171133453989682, -134.6830298475580037, 95.51266640079269621 ) ) ;
#1690 = EDGE_LOOP ( 'NONE', ( #919, #4861, #4263, #2964 ) ) ;
#1691 = CARTESIAN_POINT ( 'NONE',  ( 151.5497566842990125, -133.8044053359220129, 95.13059466407710829 ) ) ;
#1692 = CARTESIAN_POINT ( 'NONE',  ( 158.1497566842990068, -132.8249999999999886, 92.80999999999689010 ) ) ;
#1693 = LINE ( 'NONE', #3460, #3797 ) ;
#1694 = ORIENTED_EDGE ( 'NONE', *, *, #1509, .T. ) ;
#1695 = DIRECTION ( 'NONE',  ( 0.000000000000000000, -1.973846303234049855E-15, -1.000000000000000000 ) ) ;
#1696 = PLANE ( 'NONE',  #1735 ) ;
#1697 = AXIS2_PLACEMENT_3D ( 'NONE', #473, #124, #521 ) ;
#1698 = CARTESIAN_POINT ( 'NONE',  ( 151.4497566842990182, -126.2515896053969868, 95.49908242631779842 ) ) ;
#1699 = VECTOR ( 'NONE', #3132, 1000.000000000000000 ) ;
#1700 = ORIENTED_EDGE ( 'NONE', *, *, #1035, .T. ) ;
#1701 = ORIENTED_EDGE ( 'NONE', *, *, #2133, .F. ) ;
#1702 = EDGE_CURVE ( 'NONE', #2432, #756, #2830, .T. ) ;
#1703 = VECTOR ( 'NONE', #1028, 1000.000000000000000 ) ;
#1704 = CARTESIAN_POINT ( 'NONE',  ( 165.7548175178120005, -119.8624928209249987, 104.2641190093600017 ) ) ;
#1705 = DIRECTION ( 'NONE',  ( 2.748129594203390530E-15, 4.430635266668075387E-15, 1.000000000000000000 ) ) ;
#1706 = CARTESIAN_POINT ( 'NONE',  ( 163.0171133453979735, -119.4624928209260020, 101.9143259233379979 ) ) ;
#1707 = ORIENTED_EDGE ( 'NONE', *, *, #1790, .T. ) ;
#1708 = FACE_OUTER_BOUND ( 'NONE', #5359, .T. ) ;
#1709 = EDGE_LOOP ( 'NONE', ( #2632, #1590, #2013, #2219 ) ) ;
#1710 = AXIS2_PLACEMENT_3D ( 'NONE', #2126, #2068, #3298 ) ;
#1711 = VECTOR ( 'NONE', #3887, 1000.000000000000000 ) ;
#1712 = EDGE_CURVE ( 'NONE', #3275, #2439, #1511, .T. ) ;
#1713 = DIRECTION ( 'NONE',  ( 1.000000000000000000, 1.181088324069320141E-14, 2.418031965417649952E-14 ) ) ;
#1714 = ORIENTED_EDGE ( 'NONE', *, *, #4134, .T. ) ;
#1715 = EDGE_CURVE ( 'NONE', #793, #2439, #3175, .T. ) ;
#1716 = EDGE_CURVE ( 'NONE', #4906, #369, #3228, .T. ) ;
#1717 = VECTOR ( 'NONE', #4253, 1000.000000000000000 ) ;
#1718 = AXIS2_PLACEMENT_3D ( 'NONE', #3939, #1866, #2672 ) ;
#1719 = EDGE_CURVE ( 'NONE', #2927, #4920, #4523, .T. ) ;
#1720 = PLANE ( 'NONE',  #3153 ) ;
#1721 = ORIENTED_EDGE ( 'NONE', *, *, #5129, .T. ) ;
#1722 = DIRECTION ( 'NONE',  ( 1.000000000000000000, -2.193949859403644913E-28, -2.371361224626694964E-15 ) ) ;
#1723 =( GEOMETRIC_REPRESENTATION_CONTEXT ( 3 ) GLOBAL_UNCERTAINTY_ASSIGNED_CONTEXT ( ( #3520 ) ) GLOBAL_UNIT_ASSIGNED_CONTEXT ( ( #3680, #3994, #2316 ) ) REPRESENTATION_CONTEXT ( 'NONE', 'WORKASPACE' ) );
#1725 = ORIENTED_EDGE ( 'NONE', *, *, #5299, .T. ) ;
#1724 = AXIS2_PLACEMENT_3D ( 'NONE', #2688, #2664, #65 ) ;
#1726 = LINE ( 'NONE', #2591, #1543 ) ;
#1727 = AXIS2_PLACEMENT_3D ( 'NONE', #4315, #4848, #2301 ) ;
#1728 = CARTESIAN_POINT ( 'NONE',  ( 158.4776768572600076, -119.6624928209250101, 107.4641190093599903 ) ) ;
#1729 = FACE_OUTER_BOUND ( 'NONE', #2600, .T. ) ;
#1730 = VECTOR ( 'NONE', #2667, 1000.000000000000000 ) ;
#1731 = CARTESIAN_POINT ( 'NONE',  ( 134.4651138133779966, -140.0624928209250015, 110.7643247870280021 ) ) ;
#1732 = VERTEX_POINT ( 'NONE', #4979 ) ;
#1733 = LINE ( 'NONE', #1304, #2783 ) ;
#1734 = DIRECTION ( 'NONE',  ( 1.000000000000000000, -7.120326166349700838E-29, 1.539220716937389985E-14 ) ) ;
#1735 = AXIS2_PLACEMENT_3D ( 'NONE', #4649, #2127, #3808 ) ;
#1736 = DIRECTION ( 'NONE',  ( -1.000000000000000000, 0.000000000000000000, 0.000000000000000000 ) ) ;
#1737 = VECTOR ( 'NONE', #4534, 1000.000000000000000 ) ;
#1738 = VERTEX_POINT ( 'NONE', #693 ) ;
#1739 = EDGE_LOOP ( 'NONE', ( #1970, #1373, #1886, #1149 ) ) ;
#1740 = VECTOR ( 'NONE', #2181, 1000.000000000000000 ) ;
#1741 = CARTESIAN_POINT ( 'NONE',  ( 151.4497566843000129, -121.1624928209239869, 93.59749282092350597 ) ) ;
#1742 = DIRECTION ( 'NONE',  ( -1.000000000000000000, -2.009843822508529990E-15, 2.748129594203400391E-15 ) ) ;
#1743 = DIRECTION ( 'NONE',  ( -1.000000000000000000, 0.000000000000000000, -1.539220716937389985E-14 ) ) ;
#1744 = FACE_OUTER_BOUND ( 'NONE', #4878, .T. ) ;
#1745 = ORIENTED_EDGE ( 'NONE', *, *, #4982, .F. ) ;
#1746 = ORIENTED_EDGE ( 'NONE', *, *, #3642, .T. ) ;
#1747 = VECTOR ( 'NONE', #66, 1000.000000000000000 ) ;
#1748 = LINE ( 'NONE', #3823, #2065 ) ;
#1749 = DIRECTION ( 'NONE',  ( -6.510422698133861274E-15, 1.926745932492350360E-15, 1.000000000000000000 ) ) ;
#1750 = EDGE_CURVE ( 'NONE', #840, #5173, #438, .T. ) ;
#1751 = CARTESIAN_POINT ( 'NONE',  ( 161.6580483413425782, -136.0420948516147064, 95.25719810228983420 ) ) ;
#1752 = ORIENTED_EDGE ( 'NONE', *, *, #2171, .F. ) ;
#1753 =( BOUNDED_CURVE ( )  B_SPLINE_CURVE ( 3, ( #5221, #1, #374, #1361 ),
 .UNSPECIFIED., .F., .T. ) 
 B_SPLINE_CURVE_WITH_KNOTS ( ( 4, 4 ),
 ( 5.023720497418549868, 5.809118660816079860 ),
 .UNSPECIFIED. ) 
 CURVE ( )  GEOMETRIC_REPRESENTATION_ITEM ( )  RATIONAL_B_SPLINE_CURVE ( ( 1.000000000000000000, 0.9492530216741810190, 0.9492530216741810190, 1.000000000000000000 ) ) 
 REPRESENTATION_ITEM ( '' )  );
#1754 = DIRECTION ( 'NONE',  ( 1.000000000000000000, 0.000000000000000000, 0.000000000000000000 ) ) ;
#1755 = CARTESIAN_POINT ( 'NONE',  ( 128.1077265380160100, -119.8613980543999986, 104.2630242428339926 ) ) ;
#1756 = EDGE_CURVE ( 'NONE', #1920, #1586, #4572, .T. ) ;
#1757 = DIRECTION ( 'NONE',  ( 2.371361224627529973E-15, -3.764665582242960030E-16, 1.000000000000000000 ) ) ;
#1758 = FACE_OUTER_BOUND ( 'NONE', #338, .T. ) ;
#1759 = EDGE_CURVE ( 'NONE', #1738, #4592, #2446, .T. ) ;
#1760 = LINE ( 'NONE', #1166, #1711 ) ;
#1761 = EDGE_LOOP ( 'NONE', ( #4449, #3495, #184, #3446 ) ) ;
#1762 = DIRECTION ( 'NONE',  ( -1.000000000000000000, -2.009843822508529990E-15, 2.748129594203410252E-15 ) ) ;
#1763 = LINE ( 'NONE', #4307, #3430 ) ;
#1764 = DIRECTION ( 'NONE',  ( -1.000000000000000000, 0.000000000000000000, 0.000000000000000000 ) ) ;
#1765 = ORIENTED_EDGE ( 'NONE', *, *, #2506, .F. ) ;
#1766 = ORIENTED_EDGE ( 'NONE', *, *, #1850, .F. ) ;
#1767 = CARTESIAN_POINT ( 'NONE',  ( 125.9448783421490106, -130.8094256212499999, 107.7643259181420063 ) ) ;
#1768 = FACE_OUTER_BOUND ( 'NONE', #151, .T. ) ;
#1769 = CARTESIAN_POINT ( 'NONE',  ( 160.9671133453899756, -140.4624928209260020, 110.3643259181420007 ) ) ;
#1770 = LINE ( 'NONE', #39, #4530 ) ;
#1771 = ORIENTED_EDGE ( 'NONE', *, *, #429, .T. ) ;
#1772 = ORIENTED_EDGE ( 'NONE', *, *, #1786, .T. ) ;
#1773 =( LENGTH_UNIT ( ) NAMED_UNIT ( * ) SI_UNIT ( .MILLI., .METRE. ) );
#1774 = CARTESIAN_POINT ( 'NONE',  ( 163.0171133453979735, -127.4470514048054213, 94.15447144059550055 ) ) ;
#1775 = LINE ( 'NONE', #4378, #3983 ) ;
#1776 = ORIENTED_EDGE ( 'NONE', *, *, #5541, .F. ) ;
#1777 = DIRECTION ( 'NONE',  ( 0.000000000000000000, -1.000000000000000000, -4.625929269271481378E-15 ) ) ;
#1778 = DIRECTION ( 'NONE',  ( -0.3722874977003683417, -0.6562781495128416909, -0.6562781495128406917 ) ) ;
#1779 = ADVANCED_FACE ( 'NONE', ( #299 ), #2026, .F. ) ;
#1780 = CYLINDRICAL_SURFACE ( 'NONE', #3526, 2.349999999999745182 ) ;
#1781 = LINE ( 'NONE', #907, #5496 ) ;
#1782 = CYLINDRICAL_SURFACE ( 'NONE', #3769, 1.574999999999993072 ) ;
#1783 = CARTESIAN_POINT ( 'NONE',  ( 160.1768364872739880, -140.2624928209250186, 103.7997837525840055 ) ) ;
#1784 = ORIENTED_EDGE ( 'NONE', *, *, #954, .F. ) ;
#1785 = LINE ( 'NONE', #969, #2255 ) ;
#1786 = EDGE_CURVE ( 'NONE', #4660, #581, #2792, .T. ) ;
#1787 = CARTESIAN_POINT ( 'NONE',  ( 126.2382403691280075, -119.5222499092810153, 107.2641190093600017 ) ) ;
#1788 = CARTESIAN_POINT ( 'NONE',  ( 159.8171133453990080, -119.9624928209249930, 96.06432591814299826 ) ) ;
#1789 = EDGE_CURVE ( 'NONE', #3586, #1798, #1172, .T. ) ;
#1790 = EDGE_CURVE ( 'NONE', #793, #1677, #3339, .T. ) ;
#1791 = EDGE_LOOP ( 'NONE', ( #1560, #1365, #2466, #4750 ) ) ;
#1792 = VERTEX_POINT ( 'NONE', #2917 ) ;
#1793 = PLANE ( 'NONE',  #3784 ) ;
#1794 = CARTESIAN_POINT ( 'NONE',  ( 123.5948783421490020, -130.8094256212499999, 105.2643259181419921 ) ) ;
#1795 = CIRCLE ( 'NONE', #2956, 1.349999999999740297 ) ;
#1796 = CARTESIAN_POINT ( 'NONE',  ( 161.8768364872740051, -140.4624928209240124, 103.7997837525840055 ) ) ;
#1797 = ORIENTED_EDGE ( 'NONE', *, *, #4462, .T. ) ;
#1798 = VERTEX_POINT ( 'NONE', #1205 ) ;
#1799 = AXIS2_PLACEMENT_3D ( 'NONE', #2194, #4371, #4436 ) ;
#1800 = CARTESIAN_POINT ( 'NONE',  ( 132.4171133454029814, -119.4624928209269967, 89.48499999999999943 ) ) ;
#1801 = CARTESIAN_POINT ( 'NONE',  ( 129.7216632204440145, -119.8624928209259934, 107.2641190093600017 ) ) ;
#1802 = CIRCLE ( 'NONE', #4942, 2.099999999999990763 ) ;
#1803 = ORIENTED_EDGE ( 'NONE', *, *, #3735, .T. ) ;
#1804 = CARTESIAN_POINT ( 'NONE',  ( 125.9448783421490106, -130.8094256212499999, 102.7643259181419921 ) ) ;
#1805 = VERTEX_POINT ( 'NONE', #2472 ) ;
#1806 = DIRECTION ( 'NONE',  ( 1.000000000000000000, 0.000000000000000000, 0.000000000000000000 ) ) ;
#1807 = AXIS2_PLACEMENT_3D ( 'NONE', #358, #4742, #3399 ) ;
#1808 = DIRECTION ( 'NONE',  ( -1.000000000000000000, -1.569712496704820284E-14, -2.418031965417649952E-14 ) ) ;
#1809 = CARTESIAN_POINT ( 'NONE',  ( 158.4776768572600076, -119.6624928209260048, 107.4641190093599903 ) ) ;
#1810 = DIRECTION ( 'NONE',  ( -1.000000000000000000, -2.009843820287940185E-15, 3.285583168621639665E-16 ) ) ;
#1811 = AXIS2_PLACEMENT_3D ( 'NONE', #5277, #4359, #3434 ) ;
#1812 = VECTOR ( 'NONE', #1851, 1000.000000000000000 ) ;
#1813 = VERTEX_POINT ( 'NONE', #5554 ) ;
#1814 = CARTESIAN_POINT ( 'NONE',  ( 157.1497566842990068, -124.9750000000000085, 92.80999999999689010 ) ) ;
#1815 = CARTESIAN_POINT ( 'NONE',  ( 130.1377302020020181, -119.4624928209260020, 103.8641190093600102 ) ) ;
#1816 = DIRECTION ( 'NONE',  ( 0.000000000000000000, -1.000000000000000000, 4.430635266668070654E-15 ) ) ;
#1817 = VECTOR ( 'NONE', #2940, 1000.000000000000000 ) ;
#1818 = AXIS2_PLACEMENT_3D ( 'NONE', #23, #4192, #1754 ) ;
#1819 = ORIENTED_EDGE ( 'NONE', *, *, #296, .T. ) ;
#1820 = EDGE_CURVE ( 'NONE', #2093, #1798, #1624, .T. ) ;
#1821 = ORIENTED_EDGE ( 'NONE', *, *, #538, .T. ) ;
#1822 = ADVANCED_FACE ( 'NONE', ( #1593 ), #4686, .T. ) ;
#1823 = AXIS2_PLACEMENT_3D ( 'NONE', #324, #4243, #2139 ) ;
#1824 = ORIENTED_EDGE ( 'NONE', *, *, #118, .F. ) ;
#1825 = EDGE_CURVE ( 'NONE', #30, #5587, #4633, .T. ) ;
#1826 = DIRECTION ( 'NONE',  ( 0.000000000000000000, -1.000000000000000000, -4.625929269271481378E-15 ) ) ;
#1827 = LINE ( 'NONE', #5232, #5122 ) ;
#1828 = BREP_WITH_VOIDS ( 'NONE', #821, ( #1567 ) );
#1829 = VECTOR ( 'NONE', #3633, 1000.000000000000000 ) ;
#1830 = DIRECTION ( 'NONE',  ( 0.000000000000000000, 1.000000000000000000, 0.000000000000000000 ) ) ;
#1831 = ADVANCED_FACE ( 'NONE', ( #320 ), #170, .F. ) ;
#1832 = VECTOR ( 'NONE', #2374, 1000.000000000000000 ) ;
#1833 = VERTEX_POINT ( 'NONE', #755 ) ;
#1834 = CARTESIAN_POINT ( 'NONE',  ( 163.0171133453979735, -124.9750000000000085, 92.80999999999689010 ) ) ;
#1835 = PLANE ( 'NONE',  #2 ) ;
#1836 = DIRECTION ( 'NONE',  ( -9.227827737143710103E-15, 1.000000000000000000, 2.810542046950470162E-15 ) ) ;
#1837 = VERTEX_POINT ( 'NONE', #3369 ) ;
#1838 = DIRECTION ( 'NONE',  ( 9.265540129767512690E-15, 0.7071067811865631159, 0.7071067811865320296 ) ) ;
#1839 = DIRECTION ( 'NONE',  ( -1.000000000000000000, 0.000000000000000000, 4.757973416712080265E-15 ) ) ;
#1840 = CARTESIAN_POINT ( 'NONE',  ( 125.9448783421490106, -130.8094256212499999, 102.7643259181419921 ) ) ;
#1841 = CARTESIAN_POINT ( 'NONE',  ( 135.1768364872739880, -140.4624928209250072, 103.7997837525840055 ) ) ;
#1842 = CARTESIAN_POINT ( 'NONE',  ( 169.4448783421489964, -130.8094256212499999, 102.9643259181420092 ) ) ;
#1843 = ORIENTED_EDGE ( 'NONE', *, *, #850, .T. ) ;
#1844 = CARTESIAN_POINT ( 'NONE',  ( 169.4448783421489964, -130.8094256212499999, 102.7643259181419921 ) ) ;
#1845 = CARTESIAN_POINT ( 'NONE',  ( 157.1497566842990068, -124.9750000000000085, 89.88500000000000512 ) ) ;
#1846 = CARTESIAN_POINT ( 'NONE',  ( 134.4989878797520078, -140.1191594875919861, 102.5143253525850042 ) ) ;
#1847 = ORIENTED_EDGE ( 'NONE', *, *, #5192, .T. ) ;
#1848 = ORIENTED_EDGE ( 'NONE', *, *, #2575, .T. ) ;
#1849 = EDGE_LOOP ( 'NONE', ( #3146, #218, #61, #1099 ) ) ;
#1850 = EDGE_CURVE ( 'NONE', #806, #645, #5133, .T. ) ;
#1851 = DIRECTION ( 'NONE',  ( -6.501293528964970844E-15, 1.000000000000000000, -1.803372339420680202E-15 ) ) ;
#1852 = CARTESIAN_POINT ( 'NONE',  ( 129.7216632204440145, -119.8624928209259934, 107.2641190093600017 ) ) ;
#1853 = CARTESIAN_POINT ( 'NONE',  ( 167.0948783421490020, -130.8094256212499999, 107.7643259181420063 ) ) ;
#1854 = ORIENTED_EDGE ( 'NONE', *, *, #4011, .T. ) ;
#1855 = ORIENTED_EDGE ( 'NONE', *, *, #4182, .F. ) ;
#1856 = DIRECTION ( 'NONE',  ( -1.539220716937389985E-14, 0.000000000000000000, 1.000000000000000000 ) ) ;
#1857 = EDGE_CURVE ( 'NONE', #3104, #2066, #5593, .T. ) ;
#1858 = LINE ( 'NONE', #4327, #4427 ) ;
#1859 = EDGE_LOOP ( 'NONE', ( #204, #1003, #561, #1843, #2972 ) ) ;
#1860 = DIRECTION ( 'NONE',  ( 1.224646799147019913E-16, -1.000000000000000000, 5.251076096089410635E-15 ) ) ;
#1861 = EDGE_CURVE ( 'NONE', #2733, #5333, #4240, .T. ) ;
#1862 = EDGE_LOOP ( 'NONE', ( #385, #2040, #3143, #861 ) ) ;
#1863 = ORIENTED_EDGE ( 'NONE', *, *, #2605, .T. ) ;
#1864 = CARTESIAN_POINT ( 'NONE',  ( 157.1497566842990068, -129.6529310438289997, 92.64934738161321093 ) ) ;
#1865 = CARTESIAN_POINT ( 'NONE',  ( 134.2725970286043946, -139.1695996021125836, 109.0572180058413920 ) ) ;
#1866 = DIRECTION ( 'NONE',  ( -1.000000000000000000, -1.181088324069312095E-14, -2.418031965417649952E-14 ) ) ;
#1867 = EDGE_LOOP ( 'NONE', ( #142, #2113, #3559, #911, #2328 ) ) ;
#1868 = CARTESIAN_POINT ( 'NONE',  ( 162.6171133453979962, -140.4624928209260020, 103.1643259181420120 ) ) ;
#1869 = DIRECTION ( 'NONE',  ( 0.000000000000000000, -1.000000000000000000, -4.625929269271481378E-15 ) ) ;
#1870 = DIRECTION ( 'NONE',  ( 0.000000000000000000, -0.7071067811898451572, 0.7071067811832499883 ) ) ;
#1871 = ORIENTED_EDGE ( 'NONE', *, *, #3017, .F. ) ;
#1872 = VERTEX_POINT ( 'NONE', #1285 ) ;
#1873 = LINE ( 'NONE', #3475, #916 ) ;
#1874 = CARTESIAN_POINT ( 'NONE',  ( 135.6171133453939888, -119.4624928209239982, 99.46432591814078705 ) ) ;
#1875 = DIRECTION ( 'NONE',  ( 0.5773502691896191807, -0.5773502691896160721, 0.5773502691896421624 ) ) ;
#1876 = ADVANCED_FACE ( 'NONE', ( #4710 ), #2581, .T. ) ;
#1877 = ORIENTED_EDGE ( 'NONE', *, *, #3018, .T. ) ;
#1878 = CIRCLE ( 'NONE', #1697, 2.349999999999990763 ) ;
#1879 = CARTESIAN_POINT ( 'NONE',  ( 137.6171133454100186, -134.1749999999999829, 92.80999999999889383 ) ) ;
#1880 = FACE_BOUND ( 'NONE', #1308, .T. ) ;
#1881 = ORIENTED_EDGE ( 'NONE', *, *, #3014, .T. ) ;
#1882 = PLANE ( 'NONE',  #3180 ) ;
#1883 = VECTOR ( 'NONE', #1449, 1000.000000000000000 ) ;
#1884 = ADVANCED_FACE ( 'NONE', ( #2636 ), #38, .F. ) ;
#1885 = EDGE_CURVE ( 'NONE', #239, #1946, #891, .T. ) ;
#1886 = ORIENTED_EDGE ( 'NONE', *, *, #5059, .F. ) ;
#1887 = VERTEX_POINT ( 'NONE', #1853 ) ;
#1888 = PLANE ( 'NONE',  #4061 ) ;
#1889 = FACE_BOUND ( 'NONE', #1626, .T. ) ;
#1890 = EDGE_CURVE ( 'NONE', #4279, #1159, #5176, .T. ) ;
#1891 = CONICAL_SURFACE ( 'NONE', #3048, 1.908500000000007413, 0.7853981633976342414 ) ;
#1892 = CARTESIAN_POINT ( 'NONE',  ( 156.5497566843020252, -130.5062464104629782, 89.48499999999999943 ) ) ;
#1893 = CARTESIAN_POINT ( 'NONE',  ( 140.8629816855040247, -138.9795568043232663, 109.2472608036306383 ) ) ;
#1894 = AXIS2_PLACEMENT_3D ( 'NONE', #5567, #1160, #4257 ) ;
#1895 = AXIS2_PLACEMENT_3D ( 'NONE', #4173, #2594, #293 ) ;
#1896 = CARTESIAN_POINT ( 'NONE',  ( 121.2170679492020042, -119.4624950404660098, 102.7500000000259917 ) ) ;
#1897 = DIRECTION ( 'NONE',  ( 1.161387379058520347E-15, -0.7071067811832499883, -0.7071067811898451572 ) ) ;
#1898 = CIRCLE ( 'NONE', #1625, 2.099999999999990763 ) ;
#1899 = ORIENTED_EDGE ( 'NONE', *, *, #1303, .T. ) ;
#1900 = ORIENTED_EDGE ( 'NONE', *, *, #298, .T. ) ;
#1901 = CARTESIAN_POINT ( 'NONE',  ( 156.7256133453959990, -119.9624928209260020, 89.48499999999999943 ) ) ;
#1902 = VERTEX_POINT ( 'NONE', #4318 ) ;
#1903 = CIRCLE ( 'NONE', #2276, 13.60026402016989522 ) ;
#1904 = VECTOR ( 'NONE', #4435, 1000.000000000000000 ) ;
#1905 = ORIENTED_EDGE ( 'NONE', *, *, #3093, .T. ) ;
#1906 = DIRECTION ( 'NONE',  ( 1.653500008319947494E-15, -0.7071067811865475727, 0.7071067811865475727 ) ) ;
#1907 = CARTESIAN_POINT ( 'NONE',  ( 143.9500000000089983, -133.5000000000000000, 96.38500000000000512 ) ) ;
#1908 = VECTOR ( 'NONE', #2032, 1000.000000000000227 ) ;
#1909 = ORIENTED_EDGE ( 'NONE', *, *, #4147, .T. ) ;
#1910 = VERTEX_POINT ( 'NONE', #5202 ) ;
#1911 = CIRCLE ( 'NONE', #465, 3.000000000000002665 ) ;
#1912 = LINE ( 'NONE', #1040, #4478 ) ;
#1913 = ADVANCED_FACE ( 'NONE', ( #3558 ), #4795, .T. ) ;
#1914 = DIRECTION ( 'NONE',  ( -0.003168799404648470902, -1.933105050862249891E-15, -0.9999949793425630951 ) ) ;
#1915 = ORIENTED_EDGE ( 'NONE', *, *, #4437, .F. ) ;
#1916 = DIRECTION ( 'NONE',  ( -2.013492964751100111E-14, 2.810542046950420069E-15, -1.000000000000000000 ) ) ;
#1917 = VECTOR ( 'NONE', #1152, 1000.000000000000000 ) ;
#1918 = DIRECTION ( 'NONE',  ( -1.000000000000000000, 0.000000000000000000, 4.757973416711820729E-15 ) ) ;
#1919 = VERTEX_POINT ( 'NONE', #2195 ) ;
#1920 = VERTEX_POINT ( 'NONE', #2607 ) ;
#1921 = DIRECTION ( 'NONE',  ( -1.863832776861864824E-15, 0.000000000000000000, 1.000000000000000000 ) ) ;
#1922 = AXIS2_PLACEMENT_3D ( 'NONE', #2895, #2860, #2479 ) ;
#1923 = CARTESIAN_POINT ( 'NONE',  ( 124.2363783421490098, -130.8094256212499999, 110.3643259181420007 ) ) ;
#1924 = CARTESIAN_POINT ( 'NONE',  ( 124.3687542002400050, -119.8613980543999986, 104.2630242428339926 ) ) ;
#1925 = EDGE_CURVE ( 'NONE', #3621, #4707, #579, .T. ) ;
#1926 = CARTESIAN_POINT ( 'NONE',  ( 151.4497566842990182, -135.8688512425030126, 89.48499999999860677 ) ) ;
#1927 =( BOUNDED_CURVE ( )  B_SPLINE_CURVE ( 3, ( #1000, #1498, #4900, #1413 ),
 .UNSPECIFIED., .F., .T. ) 
 B_SPLINE_CURVE_WITH_KNOTS ( ( 4, 4 ),
 ( 1.473430298577675934, 1.473522608051459848 ),
 .UNSPECIFIED. ) 
 CURVE ( )  GEOMETRIC_REPRESENTATION_ITEM ( )  RATIONAL_B_SPLINE_CURVE ( ( 1.000000000000000000, 0.9999999992899130108, 0.9999999992899130108, 1.000000000000000000 ) ) 
 REPRESENTATION_ITEM ( '' )  );
#1928 = DIRECTION ( 'NONE',  ( 1.000000000000000000, 0.000000000000000000, 0.000000000000000000 ) ) ;
#1929 = VECTOR ( 'NONE', #1513, 1000.000000000000000 ) ;
#1930 = EDGE_CURVE ( 'NONE', #239, #4256, #2684, .T. ) ;
#1931 = DIRECTION ( 'NONE',  ( 1.000000000000000000, 9.227827737143710103E-15, -2.371361224627550089E-15 ) ) ;
#1932 = CARTESIAN_POINT ( 'NONE',  ( 159.8171133454000028, -137.8830298475569975, 99.46432591814199498 ) ) ;
#1933 = VECTOR ( 'NONE', #2082, 1000.000000000000000 ) ;
#1934 = EDGE_CURVE ( 'NONE', #5178, #3903, #951, .T. ) ;
#1935 = VERTEX_POINT ( 'NONE', #3083 ) ;
#1936 = DIRECTION ( 'NONE',  ( -1.000000000000000000, -2.009843820287899953E-15, 2.013573617522080373E-14 ) ) ;
#1937 = EDGE_CURVE ( 'NONE', #3278, #3835, #4404, .T. ) ;
#1938 = EDGE_LOOP ( 'NONE', ( #4349, #4822, #2447, #4463 ) ) ;
#1939 = ORIENTED_EDGE ( 'NONE', *, *, #3227, .T. ) ;
#1940 = LINE ( 'NONE', #4936, #3494 ) ;
#1941 = CARTESIAN_POINT ( 'NONE',  ( 155.3671133453989910, -136.9249999999999829, 89.48499999999999943 ) ) ;
#1942 = ORIENTED_EDGE ( 'NONE', *, *, #4535, .T. ) ;
#1943 = EDGE_LOOP ( 'NONE', ( #321, #1448 ) ) ;
#1944 = LINE ( 'NONE', #605, #3580 ) ;
#1945 = LINE ( 'NONE', #669, #2617 ) ;
#1946 = VERTEX_POINT ( 'NONE', #1419 ) ;
#1947 = CARTESIAN_POINT ( 'NONE',  ( 134.3042248701370056, -140.4624928209260020, 102.5143253525850042 ) ) ;
#1948 = FACE_OUTER_BOUND ( 'NONE', #3723, .T. ) ;
#1949 = ORIENTED_EDGE ( 'NONE', *, *, #5584, .T. ) ;
#1950 = ORIENTED_EDGE ( 'NONE', *, *, #5084, .F. ) ;
#1951 = FACE_OUTER_BOUND ( 'NONE', #1791, .T. ) ;
#1952 =( NAMED_UNIT ( * ) SI_UNIT ( $, .STERADIAN. ) SOLID_ANGLE_UNIT ( ) );
#1953 = LINE ( 'NONE', #1518, #3172 ) ;
#1954 = CARTESIAN_POINT ( 'NONE',  ( 123.3948783421489992, -130.8094256212499999, 102.9643259181420092 ) ) ;
#1955 = CARTESIAN_POINT ( 'NONE',  ( 147.6948728611279762, -136.9500000000019782, 95.03499999999840497 ) ) ;
#1956 = CARTESIAN_POINT ( 'NONE',  ( 132.4344203936730082, -140.0624928209259963, 102.7643259181419921 ) ) ;
#1957 = EDGE_CURVE ( 'NONE', #3850, #613, #2277, .T. ) ;
#1958 = CARTESIAN_POINT ( 'NONE',  ( 151.4497566842990182, -124.7500000000020037, 93.99749282092329850 ) ) ;
#1959 = CARTESIAN_POINT ( 'NONE',  ( 163.0171133453979735, -129.6529310438289997, 92.48869476322960281 ) ) ;
#1960 = ORIENTED_EDGE ( 'NONE', *, *, #3637, .T. ) ;
#1961 = ADVANCED_FACE ( 'NONE', ( #924 ), #3135, .T. ) ;
#1962 = ORIENTED_EDGE ( 'NONE', *, *, #4702, .T. ) ;
#1963 = EDGE_CURVE ( 'NONE', #756, #3578, #1394, .T. ) ;
#1964 = EDGE_LOOP ( 'NONE', ( #674, #4079 ) ) ;
#1965 = DIRECTION ( 'NONE',  ( 0.000000000000000000, -1.000000000000000000, -4.625929269271481378E-15 ) ) ;
#1966 = ADVANCED_FACE ( 'NONE', ( #2717 ), #4438, .F. ) ;
#1967 = CARTESIAN_POINT ( 'NONE',  ( 143.9500000000089983, -136.9500000000019782, 89.48499999999999943 ) ) ;
#1968 = EDGE_LOOP ( 'NONE', ( #3922, #5041, #4018, #4484 ) ) ;
#1969 = ADVANCED_FACE ( 'NONE', ( #3504 ), #2072, .F. ) ;
#1970 = ORIENTED_EDGE ( 'NONE', *, *, #4564, .F. ) ;
#1971 = VERTEX_POINT ( 'NONE', #92 ) ;
#1972 = CYLINDRICAL_SURFACE ( 'NONE', #2421, 2.349999999999990763 ) ;
#1973 = CARTESIAN_POINT ( 'NONE',  ( 120.2171133453939973, -140.0624928209240068, 101.7500000000259917 ) ) ;
#1974 = ORIENTED_EDGE ( 'NONE', *, *, #3877, .F. ) ;
#1975 = DIRECTION ( 'NONE',  ( 0.000000000000000000, 5.006432955109510304E-15, 1.000000000000000000 ) ) ;
#1976 = CARTESIAN_POINT ( 'NONE',  ( 163.0171133453979735, -135.5250000000000057, 90.88499999999999091 ) ) ;
#1977 = VERTEX_POINT ( 'NONE', #4372 ) ;
#1978 = ORIENTED_EDGE ( 'NONE', *, *, #4901, .F. ) ;
#1979 = CARTESIAN_POINT ( 'NONE',  ( 156.5497566843020252, -130.5062464104629782, 89.48499999999999943 ) ) ;
#1980 = AXIS2_PLACEMENT_3D ( 'NONE', #5493, #2997, #4709 ) ;
#1981 = DIRECTION ( 'NONE',  ( 1.000000000000000000, 0.000000000000000000, -7.382857716947690319E-16 ) ) ;
#1982 = CARTESIAN_POINT ( 'NONE',  ( 174.2171132998479948, -119.4624928214270057, 102.7500000000189857 ) ) ;
#1983 = DIRECTION ( 'NONE',  ( 1.000000000000000000, 2.009843822508470037E-15, -2.330637149875950107E-14 ) ) ;
#1984 = VECTOR ( 'NONE', #4783, 1000.000000000000000 ) ;
#1985 = DIRECTION ( 'NONE',  ( 1.000000000000000000, 0.000000000000000000, 0.000000000000000000 ) ) ;
#1986 = VECTOR ( 'NONE', #1441, 1000.000000000000000 ) ;
#1987 = AXIS2_PLACEMENT_3D ( 'NONE', #2465, #51, #3331 ) ;
#1988 = EDGE_LOOP ( 'NONE', ( #2017, #2794, #3543, #1006 ) ) ;
#1989 = AXIS2_PLACEMENT_3D ( 'NONE', #4425, #2152, #569 ) ;
#1990 = VECTOR ( 'NONE', #4190, 1000.000000000000000 ) ;
#1991 = EDGE_LOOP ( 'NONE', ( #74, #917, #311, #3316 ) ) ;
#1992 = PLANE ( 'NONE',  #1251 ) ;
#1993 = EDGE_CURVE ( 'NONE', #2306, #2762, #3774, .T. ) ;
#1994 = DIRECTION ( 'NONE',  ( 0.5130924759622039755, -0.8583333333332541226, 0.000000000000000000 ) ) ;
#1995 = ORIENTED_EDGE ( 'NONE', *, *, #3391, .T. ) ;
#1996 = CIRCLE ( 'NONE', #1171, 1.900000000000012790 ) ;
#1997 = VECTOR ( 'NONE', #2047, 999.9999999999998863 ) ;
#1998 = EDGE_CURVE ( 'NONE', #3055, #3362, #4821, .T. ) ;
#1999 = ORIENTED_EDGE ( 'NONE', *, *, #3319, .F. ) ;
#2000 = CARTESIAN_POINT ( 'NONE',  ( 173.1377302020030129, -119.4624928209260020, 105.0811190093599947 ) ) ;
#2001 = VECTOR ( 'NONE', #4251, 1000.000000000000114 ) ;
#2002 = EDGE_CURVE ( 'NONE', #5285, #793, #4033, .T. ) ;
#2003 = CARTESIAN_POINT ( 'NONE',  ( 164.1129466787309923, -138.9666594875929775, 98.36849258480719982 ) ) ;
#2004 = EDGE_LOOP ( 'NONE', ( #4902, #4668, #5309, #5381, #2116, #272 ) ) ;
#2005 = DIRECTION ( 'NONE',  ( -2.028908839375210291E-14, -1.926745932492370081E-15, -1.000000000000000000 ) ) ;
#2006 = PLANE ( 'NONE',  #2182 ) ;
#2007 = ORIENTED_EDGE ( 'NONE', *, *, #1820, .T. ) ;
#2008 = VERTEX_POINT ( 'NONE', #1450 ) ;
#2009 = VECTOR ( 'NONE', #3015, 1000.000000000000000 ) ;
#2010 = DIRECTION ( 'NONE',  ( 0.000000000000000000, 1.000000000000000000, -1.926745932492380336E-15 ) ) ;
#2011 = CARTESIAN_POINT ( 'NONE',  ( 124.2363783421490098, -130.8094256212499999, 102.7643259181419921 ) ) ;
#2012 = CARTESIAN_POINT ( 'NONE',  ( 156.7256133453900020, -120.4624928209249930, 100.9728259181419929 ) ) ;
#2013 = ORIENTED_EDGE ( 'NONE', *, *, #4424, .T. ) ;
#2014 = VECTOR ( 'NONE', #3312, 1000.000000000000000 ) ;
#2015 = LINE ( 'NONE', #2901, #1717 ) ;
#2016 = CARTESIAN_POINT ( 'NONE',  ( 129.3159429339690121, -119.4624928209260020, 110.7643247870280021 ) ) ;
#2017 = ORIENTED_EDGE ( 'NONE', *, *, #1712, .T. ) ;
#2018 = VECTOR ( 'NONE', #4159, 1000.000000000000114 ) ;
#2019 = VERTEX_POINT ( 'NONE', #1967 ) ;
#2020 = LINE ( 'NONE', #4198, #1426 ) ;
#2021 = LINE ( 'NONE', #5056, #4847 ) ;
#2022 = ORIENTED_EDGE ( 'NONE', *, *, #859, .F. ) ;
#2023 = ORIENTED_EDGE ( 'NONE', *, *, #4771, .F. ) ;
#2024 = EDGE_CURVE ( 'NONE', #4236, #5555, #3170, .T. ) ;
#2025 = DIRECTION ( 'NONE',  ( 0.000000000000000000, -5.006432955109510304E-15, -1.000000000000000000 ) ) ;
#2026 = PLANE ( 'NONE',  #1362 ) ;
#2027 = VERTEX_POINT ( 'NONE', #237 ) ;
#2028 = CARTESIAN_POINT ( 'NONE',  ( 143.9500000000089983, -133.5000000000000000, 92.15999999999860393 ) ) ;
#2029 = ADVANCED_FACE ( 'NONE', ( #3666 ), #2739, .T. ) ;
#2030 = DIRECTION ( 'NONE',  ( -2.018587317500282668E-14, 1.000000000000000000, 5.046468293750706671E-15 ) ) ;
#2031 = ORIENTED_EDGE ( 'NONE', *, *, #2844, .F. ) ;
#2032 = DIRECTION ( 'NONE',  ( -0.3722874977003681196, -0.6562781495128281462, 0.6562781495128542364 ) ) ;
#2033 = EDGE_CURVE ( 'NONE', #140, #342, #1030, .T. ) ;
#2034 = DIRECTION ( 'NONE',  ( -0.7071067811865489050, 0.7071067811865460184, 1.681373797909599904E-14 ) ) ;
#2035 = EDGE_CURVE ( 'NONE', #1603, #2709, #905, .T. ) ;
#2036 = CARTESIAN_POINT ( 'NONE',  ( 163.0171133453979735, -124.9750000000000085, 89.88500000000000512 ) ) ;
#2037 = LINE ( 'NONE', #1635, #4492 ) ;
#2038 = ORIENTED_EDGE ( 'NONE', *, *, #331, .T. ) ;
#2039 = LINE ( 'NONE', #737, #5504 ) ;
#2040 = ORIENTED_EDGE ( 'NONE', *, *, #3267, .T. ) ;
#2041 = DIRECTION ( 'NONE',  ( 0.000000000000000000, 4.446152921355859753E-16, -1.000000000000000000 ) ) ;
#2042 = LINE ( 'NONE', #2907, #1179 ) ;
#2043 = CARTESIAN_POINT ( 'NONE',  ( 160.9671133064359765, -139.9624928209260020, 108.2643247870279879 ) ) ;
#2044 = CARTESIAN_POINT ( 'NONE',  ( 122.3387505362530021, -119.4624928209260020, 105.0811190093599947 ) ) ;
#2045 = ORIENTED_EDGE ( 'NONE', *, *, #3227, .F. ) ;
#2046 = ORIENTED_EDGE ( 'NONE', *, *, #1790, .F. ) ;
#2047 = DIRECTION ( 'NONE',  ( 0.3722874977003760022, 0.6562781495128560127, 0.6562781495128220399 ) ) ;
#2048 = CARTESIAN_POINT ( 'NONE',  ( 157.1497566842990068, -130.7500000000000000, 92.80999999999708905 ) ) ;
#2049 = DIRECTION ( 'NONE',  ( 2.330637149875950107E-14, -4.718447854655980497E-16, 1.000000000000000000 ) ) ;
#2050 = ORIENTED_EDGE ( 'NONE', *, *, #5230, .T. ) ;
#2051 = CARTESIAN_POINT ( 'NONE',  ( 151.4497566842990182, -124.7500000000020037, 96.38500000000000512 ) ) ;
#2052 = DIRECTION ( 'NONE',  ( 0.5488750411663120277, 0.5910736794954890572, -0.5910736794954950524 ) ) ;
#2053 = ORIENTED_EDGE ( 'NONE', *, *, #4034, .F. ) ;
#2054 = CARTESIAN_POINT ( 'NONE',  ( 124.5539672574609966, -119.6619454376629932, 105.0811190093599947 ) ) ;
#2055 = CARTESIAN_POINT ( 'NONE',  ( 160.7609296305830071, -135.5250000000000057, 92.80999999999720274 ) ) ;
#2056 = DIRECTION ( 'NONE',  ( -2.055968564121055696E-14, 1.000000000000000000, -1.027984282060527848E-13 ) ) ;
#2057 = EDGE_CURVE ( 'NONE', #584, #1092, #1506, .T. ) ;
#2058 = EDGE_CURVE ( 'NONE', #5555, #3624, #2826, .T. ) ;
#2059 = PLANE ( 'NONE',  #5136 ) ;
#2060 = VERTEX_POINT ( 'NONE', #1907 ) ;
#2061 = CARTESIAN_POINT ( 'NONE',  ( 169.4448783421489964, -130.8094256212499999, 110.7643259181420063 ) ) ;
#2062 = DIRECTION ( 'NONE',  ( 1.000000000000000000, 2.009843822508529990E-15, -7.695565631966919588E-30 ) ) ;
#2063 = EDGE_CURVE ( 'NONE', #5432, #644, #2761, .T. ) ;
#2064 = CARTESIAN_POINT ( 'NONE',  ( 158.1497566842990068, -132.8249999999999886, 91.34749999999830550 ) ) ;
#2065 = VECTOR ( 'NONE', #4187, 1000.000000000000000 ) ;
#2066 = VERTEX_POINT ( 'NONE', #2849 ) ;
#2067 = VECTOR ( 'NONE', #5401, 1000.000000000000000 ) ;
#2068 = DIRECTION ( 'NONE',  ( 2.371361253508419939E-15, -2.810542046950450046E-15, 1.000000000000000000 ) ) ;
#2069 = DIRECTION ( 'NONE',  ( 2.748129594203400391E-15, 1.407292413469239864E-15, 1.000000000000000000 ) ) ;
#2070 = CARTESIAN_POINT ( 'NONE',  ( 171.1075276025620155, -119.8624928209249987, 107.2641190093600017 ) ) ;
#2071 = AXIS2_PLACEMENT_3D ( 'NONE', #2993, #2189, #1764 ) ;
#2072 = CONICAL_SURFACE ( 'NONE', #3142, 1.908500000000007413, 0.7853981633974469467 ) ;
#2073 = LINE ( 'NONE', #3781, #4502 ) ;
#2074 = VERTEX_POINT ( 'NONE', #630 ) ;
#2075 = ORIENTED_EDGE ( 'NONE', *, *, #3122, .T. ) ;
#2076 = VECTOR ( 'NONE', #1983, 1000.000000000000000 ) ;
#2077 = CIRCLE ( 'NONE', #1718, 2.350000000000004974 ) ;
#2078 = DIRECTION ( 'NONE',  ( 1.000000000000000000, 2.009843822508529990E-15, -2.748129594203400391E-15 ) ) ;
#2079 = LINE ( 'NONE', #863, #890 ) ;
#2080 = VECTOR ( 'NONE', #4536, 1000.000000000000000 ) ;
#2081 = ORIENTED_EDGE ( 'NONE', *, *, #1188, .T. ) ;
#2082 = DIRECTION ( 'NONE',  ( -2.013492943509530237E-14, -1.926745932492400058E-15, -1.000000000000000000 ) ) ;
#2083 = CARTESIAN_POINT ( 'NONE',  ( 125.9448783421490106, -130.8094256212499999, 110.3643259181420007 ) ) ;
#2084 = ORIENTED_EDGE ( 'NONE', *, *, #1857, .F. ) ;
#2085 = CARTESIAN_POINT ( 'NONE',  ( 165.7548175178120005, -119.8624928209249987, 107.2641190093600017 ) ) ;
#2086 = VECTOR ( 'NONE', #270, 1000.000000000000114 ) ;
#2087 = VECTOR ( 'NONE', #1283, 1000.000000000000114 ) ;
#2088 = DIRECTION ( 'NONE',  ( 2.748129594203400391E-15, 1.926745932492380336E-15, 1.000000000000000000 ) ) ;
#2089 = DIRECTION ( 'NONE',  ( 0.000000000000000000, -5.006432955109510304E-15, -1.000000000000000000 ) ) ;
#2090 = DIRECTION ( 'NONE',  ( -1.000000000000000000, 0.000000000000000000, 0.000000000000000000 ) ) ;
#2091 = VECTOR ( 'NONE', #902, 1000.000000000000000 ) ;
#2092 = CARTESIAN_POINT ( 'NONE',  ( 165.7547861250089909, -119.8621712665460137, 104.2637974549800077 ) ) ;
#2093 = VERTEX_POINT ( 'NONE', #5321 ) ;
#2094 = LINE ( 'NONE', #415, #2266 ) ;
#2095 = LINE ( 'NONE', #4645, #2172 ) ;
#2096 = EDGE_CURVE ( 'NONE', #4549, #5190, #5405, .T. ) ;
#2097 = CARTESIAN_POINT ( 'NONE',  ( 163.0171133453979735, -140.0624928209259963, 102.7643259181419921 ) ) ;
#2098 = VECTOR ( 'NONE', #5373, 1000.000000000000000 ) ;
#2099 = EDGE_CURVE ( 'NONE', #1481, #1792, #261, .T. ) ;
#2100 = VECTOR ( 'NONE', #4277, 1000.000000000000114 ) ;
#2101 = ORIENTED_EDGE ( 'NONE', *, *, #931, .T. ) ;
#2102 = FACE_OUTER_BOUND ( 'NONE', #5440, .T. ) ;
#2103 = DIRECTION ( 'NONE',  ( 6.867912022876649504E-13, 1.926745932493700495E-15, 1.000000000000000000 ) ) ;
#2104 = LINE ( 'NONE', #4789, #4219 ) ;
#2105 = EDGE_CURVE ( 'NONE', #4707, #3382, #5380, .T. ) ;
#2106 = EDGE_CURVE ( 'NONE', #3275, #461, #3619, .T. ) ;
#2107 = EDGE_LOOP ( 'NONE', ( #5362, #4065, #1678, #3432 ) ) ;
#2108 = VERTEX_POINT ( 'NONE', #4938 ) ;
#2109 = CARTESIAN_POINT ( 'NONE',  ( 160.1768364872739880, -140.2624928209250186, 103.7997837525840055 ) ) ;
#2110 = PLANE ( 'NONE',  #985 ) ;
#2111 = VECTOR ( 'NONE', #1313, 1000.000000000000000 ) ;
#2112 = FILL_AREA_STYLE_COLOUR ( '', #3333 ) ;
#2113 = ORIENTED_EDGE ( 'NONE', *, *, #366, .F. ) ;
#2114 = CARTESIAN_POINT ( 'NONE',  ( 143.8400000000079899, -124.7500000000020037, 96.38500000000000512 ) ) ;
#2115 = DIRECTION ( 'NONE',  ( 1.000000000000000000, 0.000000000000000000, 0.000000000000000000 ) ) ;
#2116 = ORIENTED_EDGE ( 'NONE', *, *, #1200, .T. ) ;
#2117 = SURFACE_STYLE_USAGE ( .BOTH. , #4640 ) ;
#2118 = CARTESIAN_POINT ( 'NONE',  ( 167.5539672574620056, -119.6619454376629932, 105.0811190093599947 ) ) ;
#2119 = FACE_OUTER_BOUND ( 'NONE', #995, .T. ) ;
#2120 = ORIENTED_EDGE ( 'NONE', *, *, #2203, .T. ) ;
#2121 = DIRECTION ( 'NONE',  ( -9.227827737143970427E-15, 1.000000000000000000, 0.000000000000000000 ) ) ;
#2122 = FACE_OUTER_BOUND ( 'NONE', #2450, .T. ) ;
#2123 = CARTESIAN_POINT ( 'NONE',  ( 147.7000000000080036, -130.2500000000019895, 96.38500000000000512 ) ) ;
#2124 = ADVANCED_FACE ( 'NONE', ( #689 ), #4097, .T. ) ;
#2125 = ORIENTED_EDGE ( 'NONE', *, *, #4394, .T. ) ;
#2126 = CARTESIAN_POINT ( 'NONE',  ( 163.0171133453979735, -136.5250000000000057, 90.88499999999999091 ) ) ;
#2127 = DIRECTION ( 'NONE',  ( -0.9999999999949470419, -6.501287796029240216E-15, 3.178990140719190468E-06 ) ) ;
#2128 = PLANE ( 'NONE',  #4941 ) ;
#2129 = ADVANCED_FACE ( 'NONE', ( #1089 ), #2796, .F. ) ;
#2130 = VERTEX_POINT ( 'NONE', #2390 ) ;
#2131 = EDGE_CURVE ( 'NONE', #552, #3931, #1802, .T. ) ;
#2132 = ORIENTED_EDGE ( 'NONE', *, *, #427, .T. ) ;
#2133 = EDGE_CURVE ( 'NONE', #1420, #4811, #173, .T. ) ;
#2134 = CARTESIAN_POINT ( 'NONE',  ( 160.9671133453959726, -138.9624928209260020, 90.98499999999999943 ) ) ;
#2135 = DIRECTION ( 'NONE',  ( 0.000000000000000000, 1.000000000000000000, -1.027984282060527848E-13 ) ) ;
#2136 = CARTESIAN_POINT ( 'NONE',  ( 150.5296133453909988, -140.4624928209260020, 103.1643259181420120 ) ) ;
#2137 = ORIENTED_EDGE ( 'NONE', *, *, #4093, .T. ) ;
#2138 = PLANE ( 'NONE',  #4344 ) ;
#2139 = DIRECTION ( 'NONE',  ( -1.762258769246287846E-14, 1.000000000000000000, 0.000000000000000000 ) ) ;
#2140 = VERTEX_POINT ( 'NONE', #28 ) ;
#2141 = CARTESIAN_POINT ( 'NONE',  ( 123.3159429339730053, -119.4624928209260020, 108.7643247870269931 ) ) ;
#2142 = CARTESIAN_POINT ( 'NONE',  ( 170.9225134807950042, -119.6619454376629932, 105.0811190093599947 ) ) ;
#2143 = DIRECTION ( 'NONE',  ( -1.000000000000000000, -2.009843820287950045E-15, -6.510422943492871039E-15 ) ) ;
#2144 = VERTEX_POINT ( 'NONE', #1588 ) ;
#2145 =( BOUNDED_CURVE ( )  B_SPLINE_CURVE ( 3, ( #971, #594, #4367, #946 ),
 .UNSPECIFIED., .F., .T. ) 
 B_SPLINE_CURVE_WITH_KNOTS ( ( 4, 4 ),
 ( 4.891849744650199838, 4.892435373345480620 ),
 .UNSPECIFIED. ) 
 CURVE ( )  GEOMETRIC_REPRESENTATION_ITEM ( )  RATIONAL_B_SPLINE_CURVE ( ( 1.000000000000000000, 0.9999999714199190315, 0.9999999714199190315, 1.000000000000000000 ) ) 
 REPRESENTATION_ITEM ( '' )  );
#2146 = CARTESIAN_POINT ( 'NONE',  ( 132.4171133454029814, -134.6744623790540061, 89.84874807970639665 ) ) ;
#2147 = DIRECTION ( 'NONE',  ( -1.000000000000000000, -1.887379142593809830E-15, 2.371361224627550089E-15 ) ) ;
#2148 = CARTESIAN_POINT ( 'NONE',  ( 145.3948783421490134, -130.7594256212510118, 110.5643259181420035 ) ) ;
#2149 = EDGE_CURVE ( 'NONE', #2130, #2439, #1760, .T. ) ;
#2150 = DIRECTION ( 'NONE',  ( -1.000000000000000000, -3.965082230804126670E-15, 3.965082230804126670E-15 ) ) ;
#2151 = ORIENTED_EDGE ( 'NONE', *, *, #2275, .T. ) ;
#2152 = DIRECTION ( 'NONE',  ( -9.880984919894801237E-15, 1.000000000000000000, 2.810542046950810161E-15 ) ) ;
#2153 = CARTESIAN_POINT ( 'NONE',  ( 160.9671133453959726, -140.4624928209260020, 92.48499999999999943 ) ) ;
#2154 = COLOUR_RGB ( '',1.000000000000000000, 1.000000000000000000, 1.000000000000000000 ) ;
#2155 = CARTESIAN_POINT ( 'NONE',  ( 134.9365022088549892, -137.1938512425049908, 92.80999999999698957 ) ) ;
#2156 = AXIS2_PLACEMENT_3D ( 'NONE', #2043, #4172, #3886 ) ;
#2157 = ORIENTED_EDGE ( 'NONE', *, *, #2309, .T. ) ;
#2158 = ORIENTED_EDGE ( 'NONE', *, *, #5197, .T. ) ;
#2159 = VECTOR ( 'NONE', #3150, 1000.000000000000000 ) ;
#2160 = ADVANCED_FACE ( 'NONE', ( #2209 ), #449, .T. ) ;
#2161 = FACE_OUTER_BOUND ( 'NONE', #5456, .T. ) ;
#2162 = LINE ( 'NONE', #8, #3676 ) ;
#2163 = DIRECTION ( 'NONE',  ( 0.000000000000000000, -1.000000000000000000, -4.625929269271481378E-15 ) ) ;
#2164 = ORIENTED_EDGE ( 'NONE', *, *, #958, .T. ) ;
#2165 = LINE ( 'NONE', #2608, #1383 ) ;
#2166 = EDGE_CURVE ( 'NONE', #697, #1193, #315, .T. ) ;
#2167 = CIRCLE ( 'NONE', #4490, 1.708500000000001684 ) ;
#2168 = VECTOR ( 'NONE', #3955, 1000.000000000000000 ) ;
#2169 = ORIENTED_EDGE ( 'NONE', *, *, #5476, .T. ) ;
#2170 = DIRECTION ( 'NONE',  ( 3.285583168621599729E-16, 1.926745932492370081E-15, 1.000000000000000000 ) ) ;
#2171 = EDGE_CURVE ( 'NONE', #4106, #2990, #627, .T. ) ;
#2172 = VECTOR ( 'NONE', #1604, 1000.000000000000000 ) ;
#2173 = VECTOR ( 'NONE', #1602, 1000.000000000000000 ) ;
#2174 = DIRECTION ( 'NONE',  ( -1.366188465875306156E-15, 0.000000000000000000, 1.000000000000000000 ) ) ;
#2175 = CARTESIAN_POINT ( 'NONE',  ( 163.0171133453979735, -124.9750000000000085, 89.88500000000000512 ) ) ;
#2177 = EDGE_LOOP ( 'NONE', ( #2710, #5579, #3958, #5483 ) ) ;
#2176 = AXIS2_PLACEMENT_3D ( 'NONE', #788, #2978, #5181 ) ;
#2178 = CARTESIAN_POINT ( 'NONE',  ( 180.0171127449650044, -135.2624933757780070, 100.7500000000189999 ) ) ;
#2179 = VECTOR ( 'NONE', #751, 1000.000000000000000 ) ;
#2180 = DIRECTION ( 'NONE',  ( -1.581958964696300110E-14, 1.000000000000000000, 0.000000000000000000 ) ) ;
#2181 = DIRECTION ( 'NONE',  ( 1.000000000000000000, 2.009843820287940185E-15, -3.673940376433480102E-16 ) ) ;
#2182 = AXIS2_PLACEMENT_3D ( 'NONE', #1596, #5448, #1918 ) ;
#2183 = FACE_OUTER_BOUND ( 'NONE', #2824, .T. ) ;
#2184 = LINE ( 'NONE', #3889, #5245 ) ;
#2185 = VERTEX_POINT ( 'NONE', #3464 ) ;
#2186 = LINE ( 'NONE', #2627, #3241 ) ;
#2187 = DIRECTION ( 'NONE',  ( 0.000000000000000000, 8.883556882512341437E-15, -1.000000000000000000 ) ) ;
#2188 = AXIS2_PLACEMENT_3D ( 'NONE', #1360, #3127, #2235 ) ;
#2189 = DIRECTION ( 'NONE',  ( 0.000000000000000000, 1.973846303234049855E-15, 1.000000000000000000 ) ) ;
#2190 = VECTOR ( 'NONE', #4889, 1000.000000000000000 ) ;
#2191 = EDGE_LOOP ( 'NONE', ( #1410, #5029, #4881, #3302, #2686, #4612, #4026, #3612, #3100, #4284, #294 ) ) ;
#2192 = ORIENTED_EDGE ( 'NONE', *, *, #4730, .T. ) ;
#2193 = PLANE ( 'NONE',  #1007 ) ;
#2194 = CARTESIAN_POINT ( 'NONE',  ( 143.9500000000079751, -127.3249999999999886, 92.80999999999869488 ) ) ;
#2195 = CARTESIAN_POINT ( 'NONE',  ( 132.8344203936730139, -140.4624928209260020, 103.1643259181420120 ) ) ;
#2196 = LINE ( 'NONE', #3900, #5259 ) ;
#2197 = ADVANCED_FACE ( 'NONE', ( #5188 ), #4148, .T. ) ;
#2198 = ORIENTED_EDGE ( 'NONE', *, *, #2058, .T. ) ;
#2199 = AXIS2_PLACEMENT_3D ( 'NONE', #5588, #1722, #3932 ) ;
#2200 = CARTESIAN_POINT ( 'NONE',  ( 163.0171133453979735, -124.9750000000000085, 92.80999999999689010 ) ) ;
#2201 = ADVANCED_FACE ( 'NONE', ( #908 ), #3438, .F. ) ;
#2202 = CARTESIAN_POINT ( 'NONE',  ( 129.7216946132469673, -119.8621712665460137, 107.2644405637399956 ) ) ;
#2203 = EDGE_CURVE ( 'NONE', #1581, #5464, #2021, .T. ) ;
#2204 = ORIENTED_EDGE ( 'NONE', *, *, #119, .F. ) ;
#2205 = DIRECTION ( 'NONE',  ( -3.364395267662308590E-15, 0.7071067811865749952, -0.7071067811865201502 ) ) ;
#2206 = LINE ( 'NONE', #4747, #1740 ) ;
#2207 = EDGE_CURVE ( 'NONE', #4397, #3189, #4626, .T. ) ;
#2208 = DIRECTION ( 'NONE',  ( 1.000000000000000000, 2.009843820287940185E-15, 0.000000000000000000 ) ) ;
#2209 = FACE_OUTER_BOUND ( 'NONE', #115, .T. ) ;
#2210 = VERTEX_POINT ( 'NONE', #484 ) ;
#2211 = CARTESIAN_POINT ( 'NONE',  ( 160.1768364872739880, -119.4624928209260020, 103.7997837525840055 ) ) ;
#2212 = CARTESIAN_POINT ( 'NONE',  ( 168.7171133453939831, -140.2624928209260133, 99.66432591813689612 ) ) ;
#2213 = LINE ( 'NONE', #2554, #2519 ) ;
#2214 = ORIENTED_EDGE ( 'NONE', *, *, #2872, .F. ) ;
#2215 = ORIENTED_EDGE ( 'NONE', *, *, #3977, .T. ) ;
#2216 = CARTESIAN_POINT ( 'NONE',  ( 132.4171133454019866, -137.1938512425049908, 92.80999999999698957 ) ) ;
#2217 = CARTESIAN_POINT ( 'NONE',  ( 167.7391803146830114, -119.4624928209249930, 103.8641190093600102 ) ) ;
#2218 = DIRECTION ( 'NONE',  ( -1.000000000000000000, -2.338402137150095129E-15, 0.000000000000000000 ) ) ;
#2219 = ORIENTED_EDGE ( 'NONE', *, *, #5550, .T. ) ;
#2220 = ORIENTED_EDGE ( 'NONE', *, *, #3397, .F. ) ;
#2221 = CARTESIAN_POINT ( 'NONE',  ( 133.5086695863410000, -138.4624928209260020, 109.7643247870279879 ) ) ;
#2222 = CARTESIAN_POINT ( 'NONE',  ( 151.5497566842990125, -133.8999999992370249, 95.03500000031449702 ) ) ;
#2223 = CARTESIAN_POINT ( 'NONE',  ( 124.3689531356949942, -119.8624928209259934, 107.2641190093600017 ) ) ;
#2224 = VERTEX_POINT ( 'NONE', #2489 ) ;
#2225 = CARTESIAN_POINT ( 'NONE',  ( 143.9500000000079751, -128.8999999999999773, 92.80999999999889383 ) ) ;
#2226 = DIRECTION ( 'NONE',  ( 0.000000000000000000, 1.926745932492380336E-15, 1.000000000000000000 ) ) ;
#2227 = CARTESIAN_POINT ( 'NONE',  ( 157.1497566842990068, -136.5250000000000057, 89.88500000000000512 ) ) ;
#2228 = CARTESIAN_POINT ( 'NONE',  ( 143.9500000000079751, -135.7500000000000000, 92.80999999999879435 ) ) ;
#2229 = ADVANCED_FACE ( 'NONE', ( #1301 ), #4336, .F. ) ;
#2230 = ADVANCED_FACE ( 'NONE', ( #3487 ), #1782, .F. ) ;
#2231 = CARTESIAN_POINT ( 'NONE',  ( 156.7256133453959990, -120.4624928209260020, 89.48499999999999943 ) ) ;
#2232 = ORIENTED_EDGE ( 'NONE', *, *, #2764, .T. ) ;
#2233 = ADVANCED_FACE ( 'NONE', ( #2183 ), #4749, .T. ) ;
#2234 = CARTESIAN_POINT ( 'NONE',  ( 163.0171133453979735, -127.4860311258736232, 95.15447626912400381 ) ) ;
#2235 = DIRECTION ( 'NONE',  ( -9.227827737143710103E-15, 1.000000000000000000, 0.000000000000000000 ) ) ;
#2236 = CARTESIAN_POINT ( 'NONE',  ( 128.1075940212328135, -119.8621279181725328, 107.2644839121126381 ) ) ;
#2237 = EDGE_CURVE ( 'NONE', #1798, #3998, #4199, .T. ) ;
#2238 = ORIENTED_EDGE ( 'NONE', *, *, #4285, .T. ) ;
#2239 = EDGE_LOOP ( 'NONE', ( #3749, #774 ) ) ;
#2240 = CARTESIAN_POINT ( 'NONE',  ( 162.0171133453979735, -127.4470514048054213, 94.15447144059550055 ) ) ;
#2241 = DIRECTION ( 'NONE',  ( 0.5130924759623317621, -0.8583333333331777393, 4.440892098500678424E-16 ) ) ;
#2242 = AXIS2_PLACEMENT_3D ( 'NONE', #1541, #4978, #692 ) ;
#2243 = CARTESIAN_POINT ( 'NONE',  ( 137.4171133454100016, -127.3249999999999886, 92.80999999999889383 ) ) ;
#2244 = VERTEX_POINT ( 'NONE', #3071 ) ;
#2245 = ORIENTED_EDGE ( 'NONE', *, *, #5347, .T. ) ;
#2246 = VECTOR ( 'NONE', #236, 1000.000000000000000 ) ;
#2247 = DIRECTION ( 'NONE',  ( 0.000000000000000000, 5.006432955109510304E-15, 1.000000000000000000 ) ) ;
#2248 = AXIS2_PLACEMENT_3D ( 'NONE', #448, #2878, #3750 ) ;
#2249 = DIRECTION ( 'NONE',  ( -1.000000000000000000, -1.009293658750142123E-14, 2.371361224627544961E-15 ) ) ;
#2250 = AXIS2_PLACEMENT_3D ( 'NONE', #1228, #5092, #2970 ) ;
#2251 = ORIENTED_EDGE ( 'NONE', *, *, #5403, .T. ) ;
#2252 = CARTESIAN_POINT ( 'NONE',  ( 137.4171133454100016, -134.1938512425049908, 92.80999999999698957 ) ) ;
#2253 = ORIENTED_EDGE ( 'NONE', *, *, #4285, .F. ) ;
#2254 = CARTESIAN_POINT ( 'NONE',  ( 120.2171133453919936, -119.4624928209260020, 103.1321629814610077 ) ) ;
#2255 = VECTOR ( 'NONE', #912, 1000.000000000000000 ) ;
#2256 = VECTOR ( 'NONE', #5341, 1000.000000000000000 ) ;
#2257 = CARTESIAN_POINT ( 'NONE',  ( 160.7609296305824103, -135.5249999999988404, 93.55787212828096244 ) ) ;
#2258 = LINE ( 'NONE', #2348, #2614 ) ;
#2259 = VECTOR ( 'NONE', #4276, 1000.000000000000000 ) ;
#2260 = CLOSED_SHELL ( 'NONE', ( #5447, #996, #1299, #5404, #3366, #3636, #1913 ) ) ;
#2261 = ORIENTED_EDGE ( 'NONE', *, *, #3051, .F. ) ;
#2262 = EDGE_CURVE ( 'NONE', #602, #4796, #4784, .T. ) ;
#2263 = DIRECTION ( 'NONE',  ( 0.5488750411663140261, 0.5910736794954409845, 0.5910736794955410156 ) ) ;
#2264 = FACE_OUTER_BOUND ( 'NONE', #4706, .T. ) ;
#2265 = LINE ( 'NONE', #4024, #1431 ) ;
#2266 = VECTOR ( 'NONE', #3801, 1000.000000000000000 ) ;
#2267 = EDGE_LOOP ( 'NONE', ( #1184, #879, #2463, #2775 ) ) ;
#2268 = ORIENTED_EDGE ( 'NONE', *, *, #2675, .T. ) ;
#2269 = EDGE_CURVE ( 'NONE', #3444, #1056, #2073, .T. ) ;
#2270 = VECTOR ( 'NONE', #2103, 1000.000000000000000 ) ;
#2271 = ORIENTED_EDGE ( 'NONE', *, *, #2382, .F. ) ;
#2272 = EDGE_CURVE ( 'NONE', #5006, #2306, #877, .T. ) ;
#2273 = CARTESIAN_POINT ( 'NONE',  ( 132.4171133454019866, -134.1938512425049908, 92.80999999999698957 ) ) ;
#2274 = CARTESIAN_POINT ( 'NONE',  ( 157.1497566842990068, -129.6529310438289997, 92.48869476322960281 ) ) ;
#2275 = EDGE_CURVE ( 'NONE', #336, #608, #508, .T. ) ;
#2276 = AXIS2_PLACEMENT_3D ( 'NONE', #4377, #3591, #98 ) ;
#2277 = LINE ( 'NONE', #2305, #1082 ) ;
#2278 = VERTEX_POINT ( 'NONE', #135 ) ;
#2279 = ORIENTED_EDGE ( 'NONE', *, *, #4016, .F. ) ;
#2280 = AXIS2_PLACEMENT_3D ( 'NONE', #4333, #3403, #3381 ) ;
#2281 = ORIENTED_EDGE ( 'NONE', *, *, #2131, .F. ) ;
#2282 = CARTESIAN_POINT ( 'NONE',  ( 143.9500000000089983, -136.9500000000019782, 91.16000399051179670 ) ) ;
#2283 = CARTESIAN_POINT ( 'NONE',  ( 125.9448783421490106, -130.8094256212499999, 107.7643259181420063 ) ) ;
#2284 = ORIENTED_EDGE ( 'NONE', *, *, #4913, .T. ) ;
#2285 = ORIENTED_EDGE ( 'NONE', *, *, #2057, .T. ) ;
#2286 = ORIENTED_EDGE ( 'NONE', *, *, #1064, .F. ) ;
#2287 = VECTOR ( 'NONE', #1860, 1000.000000000000000 ) ;
#2288 = CYLINDRICAL_SURFACE ( 'NONE', #3515, 3.000000000000002665 ) ;
#2289 = DIRECTION ( 'NONE',  ( 0.000000000000000000, 0.000000000000000000, 1.000000000000000000 ) ) ;
#2290 = DIRECTION ( 'NONE',  ( -0.002240685172089649027, 0.7071050061127166497, -0.7071050061060907277 ) ) ;
#2291 = DIRECTION ( 'NONE',  ( -1.000000000000000000, -1.181088324069422062E-14, 2.371361253508699984E-15 ) ) ;
#2292 = DIRECTION ( 'NONE',  ( 2.616290610029159896E-15, 1.926745932492330244E-15, 1.000000000000000000 ) ) ;
#2293 = ORIENTED_EDGE ( 'NONE', *, *, #568, .T. ) ;
#2294 = LINE ( 'NONE', #1079, #1002 ) ;
#2295 = CARTESIAN_POINT ( 'NONE',  ( 158.1497566842990068, -130.7500000000000000, 92.80999999999708905 ) ) ;
#2296 = CARTESIAN_POINT ( 'NONE',  ( 122.7548070485966036, -119.8623856366151443, 104.2640118250501331 ) ) ;
#2297 = EDGE_CURVE ( 'NONE', #2990, #4106, #2077, .T. ) ;
#2298 = ORIENTED_EDGE ( 'NONE', *, *, #3569, .F. ) ;
#2299 = VERTEX_POINT ( 'NONE', #2231 ) ;
#2300 = EDGE_LOOP ( 'NONE', ( #634, #146, #2850, #5286 ) ) ;
#2301 = DIRECTION ( 'NONE',  ( 1.000000000000000000, 0.000000000000000000, 0.000000000000000000 ) ) ;
#2302 = LINE ( 'NONE', #4006, #3404 ) ;
#2303 = EDGE_CURVE ( 'NONE', #2701, #4906, #1494, .T. ) ;
#2304 = EDGE_CURVE ( 'NONE', #2712, #2733, #2698, .T. ) ;
#2305 = CARTESIAN_POINT ( 'NONE',  ( 122.1508943902850035, -119.4624950404660098, 110.7643259181420063 ) ) ;
#2306 = VERTEX_POINT ( 'NONE', #3572 ) ;
#2307 = EDGE_CURVE ( 'NONE', #1436, #3916, #4869, .T. ) ;
#2308 = ORIENTED_EDGE ( 'NONE', *, *, #1719, .F. ) ;
#2309 = EDGE_CURVE ( 'NONE', #5257, #1209, #4137, .T. ) ;
#2310 = LINE ( 'NONE', #5330, #5153 ) ;
#2311 = ORIENTED_EDGE ( 'NONE', *, *, #1759, .T. ) ;
#2312 = FACE_BOUND ( 'NONE', #828, .T. ) ;
#2313 = VERTEX_POINT ( 'NONE', #2319 ) ;
#2314 = ORIENTED_EDGE ( 'NONE', *, *, #125, .T. ) ;
#2315 = CARTESIAN_POINT ( 'NONE',  ( 127.9225134807950042, -119.6619454376629932, 105.0811190093599947 ) ) ;
#2316 =( NAMED_UNIT ( * ) SI_UNIT ( $, .STERADIAN. ) SOLID_ANGLE_UNIT ( ) );
#2317 = LINE ( 'NONE', #964, #5248 ) ;
#2318 = CARTESIAN_POINT ( 'NONE',  ( 167.0948783421490020, -130.8094256212499999, 105.2643259181419921 ) ) ;
#2319 = CARTESIAN_POINT ( 'NONE',  ( 158.1497566842990068, -128.6529310438289997, 92.56689684733660783 ) ) ;
#2320 = LINE ( 'NONE', #3659, #269 ) ;
#2321 = FACE_OUTER_BOUND ( 'NONE', #5179, .T. ) ;
#2322 = ORIENTED_EDGE ( 'NONE', *, *, #654, .T. ) ;
#2323 = ORIENTED_EDGE ( 'NONE', *, *, #1759, .F. ) ;
#2324 = ORIENTED_EDGE ( 'NONE', *, *, #3537, .F. ) ;
#2325 = ORIENTED_EDGE ( 'NONE', *, *, #4389, .T. ) ;
#2326 = CARTESIAN_POINT ( 'NONE',  ( 163.0171133453979735, -135.5250000000000057, 92.80999999999720274 ) ) ;
#2327 = CARTESIAN_POINT ( 'NONE',  ( 147.6948783421489964, -130.7594256212510118, 110.3643259181420007 ) ) ;
#2328 = ORIENTED_EDGE ( 'NONE', *, *, #5261, .T. ) ;
#2329 = VERTEX_POINT ( 'NONE', #3997 ) ;
#2330 = EDGE_CURVE ( 'NONE', #943, #94, #4676, .T. ) ;
#2331 = MECHANICAL_DESIGN_GEOMETRIC_PRESENTATION_REPRESENTATION (  '', ( #617 ), #3490 ) ;
#2332 = DIRECTION ( 'NONE',  ( -2.748129594203400391E-15, -1.407292413469239864E-15, -1.000000000000000000 ) ) ;
#2333 = EDGE_CURVE ( 'NONE', #3581, #2823, #3681, .T. ) ;
#2334 = CARTESIAN_POINT ( 'NONE',  ( 174.2171132998489895, -140.4624928209230177, 101.7500000000189857 ) ) ;
#2335 = VERTEX_POINT ( 'NONE', #591 ) ;
#2336 = LINE ( 'NONE', #671, #2018 ) ;
#2337 = AXIS2_PLACEMENT_3D ( 'NONE', #1220, #4335, #3780 ) ;
#2338 = DIRECTION ( 'NONE',  ( 1.000000000000000000, 1.654943585967730237E-14, -2.371361274187980218E-15 ) ) ;
#2339 = ORIENTED_EDGE ( 'NONE', *, *, #4901, .T. ) ;
#2340 = ORIENTED_EDGE ( 'NONE', *, *, #2024, .T. ) ;
#2341 = PLANE ( 'NONE',  #2535 ) ;
#2342 = EDGE_CURVE ( 'NONE', #5439, #2709, #4363, .T. ) ;
#2343 = CARTESIAN_POINT ( 'NONE',  ( 121.2011731452469974, -135.0321585907690007, 97.73399168803459247 ) ) ;
#2344 = AXIS2_PLACEMENT_3D ( 'NONE', #857, #3832, #5569 ) ;
#2345 = LINE ( 'NONE', #4809, #1345 ) ;
#2346 = EDGE_CURVE ( 'NONE', #2066, #2210, #618, .T. ) ;
#2347 = DIRECTION ( 'NONE',  ( 0.000000000000000000, -1.000000000000000000, -2.810542046950450046E-15 ) ) ;
#2348 = CARTESIAN_POINT ( 'NONE',  ( 138.7086133453940135, -119.4624928209269967, 100.6935759233384005 ) ) ;
#2349 = VECTOR ( 'NONE', #4560, 1000.000000000000000 ) ;
#2350 = FACE_OUTER_BOUND ( 'NONE', #1045, .T. ) ;
#2351 = FACE_OUTER_BOUND ( 'NONE', #2889, .T. ) ;
#2352 = ORIENTED_EDGE ( 'NONE', *, *, #3116, .F. ) ;
#2353 = CARTESIAN_POINT ( 'NONE',  ( 143.9500000000089983, -127.9500000000000028, 96.38500000000000512 ) ) ;
#2354 = ORIENTED_EDGE ( 'NONE', *, *, #3527, .F. ) ;
#2355 = AXIS2_PLACEMENT_3D ( 'NONE', #2394, #2365, #183 ) ;
#2356 = CONICAL_SURFACE ( 'NONE', #1270, 1.900000000000012790, 0.7853981633969229215 ) ;
#2357 = VERTEX_POINT ( 'NONE', #3185 ) ;
#2358 = LINE ( 'NONE', #663, #2958 ) ;
#2359 = CARTESIAN_POINT ( 'NONE',  ( 157.1497566842990068, -133.6374999999999886, 89.88500000000000512 ) ) ;
#2360 = AXIS2_PLACEMENT_3D ( 'NONE', #5422, #2776, #3266 ) ;
#2361 = ORIENTED_EDGE ( 'NONE', *, *, #1934, .F. ) ;
#2362 = ORIENTED_EDGE ( 'NONE', *, *, #365, .T. ) ;
#2363 = VECTOR ( 'NONE', #4903, 1000.000000000000000 ) ;
#2364 = DIRECTION ( 'NONE',  ( 1.000000000000000000, 2.009843820287930324E-15, -2.493825931201380018E-15 ) ) ;
#2365 = DIRECTION ( 'NONE',  ( -1.000000000000000000, -9.227827737143710103E-15, 2.371361224627550089E-15 ) ) ;
#2366 = ORIENTED_EDGE ( 'NONE', *, *, #781, .T. ) ;
#2367 = CIRCLE ( 'NONE', #1192, 2.099999999999990763 ) ;
#2368 = EDGE_CURVE ( 'NONE', #5033, #725, #2258, .T. ) ;
#2369 = LINE ( 'NONE', #2028, #205 ) ;
#2370 = CARTESIAN_POINT ( 'NONE',  ( 163.0171133453979735, -134.6830298475569805, 95.10442926976980971 ) ) ;
#2371 = VERTEX_POINT ( 'NONE', #4057 ) ;
#2372 = ORIENTED_EDGE ( 'NONE', *, *, #81, .F. ) ;
#2373 = PLANE ( 'NONE',  #3788 ) ;
#2374 = DIRECTION ( 'NONE',  ( -5.075305255429310032E-15, 1.000000000000000000, -1.622896118156660156E-15 ) ) ;
#2375 = FACE_OUTER_BOUND ( 'NONE', #3106, .T. ) ;
#2376 = ADVANCED_FACE ( 'NONE', ( #3971 ), #4224, .F. ) ;
#2377 = CARTESIAN_POINT ( 'NONE',  ( 132.4344203936730082, -119.4624928209249930, 99.46432591814078705 ) ) ;
#2378 = EDGE_CURVE ( 'NONE', #3444, #3850, #3548, .T. ) ;
#2379 = DIRECTION ( 'NONE',  ( -1.887379142593799970E-15, 1.000000000000000000, 2.810542046950480022E-15 ) ) ;
#2380 = VECTOR ( 'NONE', #585, 1000.000000000000000 ) ;
#2381 = CARTESIAN_POINT ( 'NONE',  ( 147.7171133453979905, -119.4624928209269967, 89.48499999999999943 ) ) ;
#2382 = EDGE_CURVE ( 'NONE', #1420, #3593, #3519, .T. ) ;
#2383 = LINE ( 'NONE', #2786, #813 ) ;
#2384 = VECTOR ( 'NONE', #1288, 1000.000000000000000 ) ;
#2385 = EDGE_LOOP ( 'NONE', ( #4286, #2827, #4792, #1428 ) ) ;
#2386 = DIRECTION ( 'NONE',  ( 0.000000000000000000, 1.973846303234049855E-15, 1.000000000000000000 ) ) ;
#2387 = ORIENTED_EDGE ( 'NONE', *, *, #422, .T. ) ;
#2388 = EDGE_LOOP ( 'NONE', ( #660, #3440, #5237, #3053, #1974 ) ) ;
#2389 = CYLINDRICAL_SURFACE ( 'NONE', #5026, 14.00026375888591268 ) ;
#2390 = CARTESIAN_POINT ( 'NONE',  ( 157.6376503720269966, -140.0624928209259963, 99.46432591814459556 ) ) ;
#2391 = ORIENTED_EDGE ( 'NONE', *, *, #4601, .F. ) ;
#2392 = ORIENTED_EDGE ( 'NONE', *, *, #4458, .T. ) ;
#2393 = CARTESIAN_POINT ( 'NONE',  ( 165.3387505362539969, -119.4624928209249930, 103.8641190093600102 ) ) ;
#2394 = CARTESIAN_POINT ( 'NONE',  ( 163.0171133453989682, -119.9624928209249930, 96.06432591814079558 ) ) ;
#2395 = EDGE_LOOP ( 'NONE', ( #3611, #740, #4379, #1502 ) ) ;
#2396 = LINE ( 'NONE', #5360, #4883 ) ;
#2397 = DIRECTION ( 'NONE',  ( 0.000000000000000000, 1.000000000000000000, 0.000000000000000000 ) ) ;
#2398 = ORIENTED_EDGE ( 'NONE', *, *, #3319, .T. ) ;
#2399 = ORIENTED_EDGE ( 'NONE', *, *, #5016, .T. ) ;
#2400 = CARTESIAN_POINT ( 'NONE',  ( 143.4400000000080126, -127.3249999999999886, 92.80999999999879435 ) ) ;
#2401 = CARTESIAN_POINT ( 'NONE',  ( 136.9776768572590129, -119.6624928209260048, 104.0641190093599988 ) ) ;
#2402 = LINE ( 'NONE', #1182, #3506 ) ;
#2403 = LINE ( 'NONE', #5370, #1168 ) ;
#2404 = EDGE_CURVE ( 'NONE', #2927, #943, #4835, .T. ) ;
#2405 = CARTESIAN_POINT ( 'NONE',  ( 123.0028232034120634, -119.4624928209261299, 108.7643247870268652 ) ) ;
#2406 = EDGE_CURVE ( 'NONE', #4268, #1229, #3211, .T. ) ;
#2407 = ADVANCED_FACE ( 'NONE', ( #1384 ), #4422, .T. ) ;
#2408 = EDGE_LOOP ( 'NONE', ( #3597, #2157 ) ) ;
#2409 = EDGE_CURVE ( 'NONE', #1971, #2060, #2863, .T. ) ;
#2410 = EDGE_CURVE ( 'NONE', #3392, #4017, #2402, .T. ) ;
#2411 = ORIENTED_EDGE ( 'NONE', *, *, #3811, .F. ) ;
#2412 = DIRECTION ( 'NONE',  ( 2.748129594203400391E-15, 1.407292413469239864E-15, 1.000000000000000000 ) ) ;
#2413 = DIRECTION ( 'NONE',  ( 1.000000000000000000, 2.009843822507199971E-15, -6.867631562389000059E-13 ) ) ;
#2414 = ORIENTED_EDGE ( 'NONE', *, *, #2547, .F. ) ;
#2415 = FACE_OUTER_BOUND ( 'NONE', #3386, .T. ) ;
#2416 = ORIENTED_EDGE ( 'NONE', *, *, #3218, .F. ) ;
#2417 = PLANE ( 'NONE',  #2903 ) ;
#2418 = DIRECTION ( 'NONE',  ( -9.901268498146809173E-30, -1.000000000000000000, -3.825975390321910619E-29 ) ) ;
#2419 = ORIENTED_EDGE ( 'NONE', *, *, #5224, .T. ) ;
#2420 = ORIENTED_EDGE ( 'NONE', *, *, #712, .T. ) ;
#2421 = AXIS2_PLACEMENT_3D ( 'NONE', #4521, #4464, #4122 ) ;
#2422 = CARTESIAN_POINT ( 'NONE',  ( 158.1497566842990068, -125.9750000000000085, 91.34749999999830550 ) ) ;
#2423 = VECTOR ( 'NONE', #2412, 1000.000000000000000 ) ;
#2424 = CARTESIAN_POINT ( 'NONE',  ( 163.0171133454029757, -127.3249999999999886, 92.80999999999698957 ) ) ;
#2425 = LINE ( 'NONE', #4583, #1990 ) ;
#2426 = CARTESIAN_POINT ( 'NONE',  ( 121.2170679492020042, -119.4624928209260020, 102.1321629642809938 ) ) ;
#2427 = CONICAL_SURFACE ( 'NONE', #3138, 1.774999999999998801, 0.7853981633977785703 ) ;
#2428 = DIRECTION ( 'NONE',  ( 0.000000000000000000, 1.000000000000000000, 0.000000000000000000 ) ) ;
#2429 = AXIS2_PLACEMENT_3D ( 'NONE', #2211, #3468, #5598 ) ;
#2430 = VECTOR ( 'NONE', #5520, 1000.000000000000000 ) ;
#2431 = EDGE_CURVE ( 'NONE', #5439, #5490, #4853, .T. ) ;
#2432 = VERTEX_POINT ( 'NONE', #4110 ) ;
#2433 =( GEOMETRIC_REPRESENTATION_CONTEXT ( 3 ) GLOBAL_UNCERTAINTY_ASSIGNED_CONTEXT ( ( #5342 ) ) GLOBAL_UNIT_ASSIGNED_CONTEXT ( ( #4922, #675, #1952 ) ) REPRESENTATION_CONTEXT ( 'NONE', 'WORKASPACE' ) );
#2434 = VECTOR ( 'NONE', #4136, 1000.000000000000000 ) ;
#2435 = ORIENTED_EDGE ( 'NONE', *, *, #472, .F. ) ;
#2436 = FACE_OUTER_BOUND ( 'NONE', #3087, .T. ) ;
#2437 = EDGE_CURVE ( 'NONE', #1376, #5528, #910, .T. ) ;
#2438 = DIRECTION ( 'NONE',  ( 0.5130924759623248788, -0.8583333333331818471, 8.551598539764720486E-15 ) ) ;
#2439 = VERTEX_POINT ( 'NONE', #4507 ) ;
#2440 = EDGE_CURVE ( 'NONE', #867, #1144, #1579, .T. ) ;
#2441 = AXIS2_PLACEMENT_3D ( 'NONE', #2401, #4109, #1981 ) ;
#2442 = CIRCLE ( 'NONE', #4411, 2.349999999999741185 ) ;
#2443 = VERTEX_POINT ( 'NONE', #1982 ) ;
#2444 = EDGE_CURVE ( 'NONE', #947, #2224, #2425, .T. ) ;
#2445 = CARTESIAN_POINT ( 'NONE',  ( 135.2714957719289828, -139.4624928209260020, 108.7643247870279879 ) ) ;
#2446 = LINE ( 'NONE', #4156, #367 ) ;
#2447 = ORIENTED_EDGE ( 'NONE', *, *, #2985, .F. ) ;
#2448 = CARTESIAN_POINT ( 'NONE',  ( 158.4776768572600076, -119.4624928209249930, 103.8641190093600102 ) ) ;
#2449 = CARTESIAN_POINT ( 'NONE',  ( 137.4171133454100016, -134.1749999999999829, 92.80999999999889383 ) ) ;
#2450 = EDGE_LOOP ( 'NONE', ( #3972, #5597, #698, #623 ) ) ;
#2451 = AXIS2_PLACEMENT_3D ( 'NONE', #2083, #3758, #810 ) ;
#2452 = DIRECTION ( 'NONE',  ( 1.000000000000000000, 1.181088324069320141E-14, 2.418031965417649952E-14 ) ) ;
#2453 = FACE_BOUND ( 'NONE', #1042, .T. ) ;
#2454 = FACE_OUTER_BOUND ( 'NONE', #4345, .T. ) ;
#2455 = PRODUCT_DEFINITION_CONTEXT ( 'detailed design', #876, 'design' ) ;
#2456 = ORIENTED_EDGE ( 'NONE', *, *, #5158, .F. ) ;
#2457 = DIRECTION ( 'NONE',  ( -6.767073673905740924E-15, 1.000000000000000000, -1.622896118156660156E-15 ) ) ;
#2458 = DIRECTION ( 'NONE',  ( -0.7588100649192802694, -2.701770278513001009E-16, 0.6513119723889602142 ) ) ;
#2459 = ORIENTED_EDGE ( 'NONE', *, *, #1108, .F. ) ;
#2460 = DIRECTION ( 'NONE',  ( -0.7071067811866790231, 2.292099707855170388E-15, 0.7071067811864160113 ) ) ;
#2461 = VECTOR ( 'NONE', #3625, 1000.000000000000000 ) ;
#2462 = ADVANCED_FACE ( 'NONE', ( #3658 ), #3240, .F. ) ;
#2463 = ORIENTED_EDGE ( 'NONE', *, *, #5512, .F. ) ;
#2464 = DIRECTION ( 'NONE',  ( 2.748129594203400391E-15, 1.926745932492380336E-15, 1.000000000000000000 ) ) ;
#2465 = CARTESIAN_POINT ( 'NONE',  ( 126.2382403691280075, -119.5222499092810153, 104.2641190093600017 ) ) ;
#2466 = ORIENTED_EDGE ( 'NONE', *, *, #715, .T. ) ;
#2467 = ORIENTED_EDGE ( 'NONE', *, *, #2410, .T. ) ;
#2468 = ADVANCED_FACE ( 'NONE', ( #2454 ), #2059, .F. ) ;
#2469 = CARTESIAN_POINT ( 'NONE',  ( 157.1497566842990068, -134.1749999999999829, 92.80999999999720274 ) ) ;
#2470 = DIRECTION ( 'NONE',  ( -2.418031965417649952E-14, 0.000000000000000000, 1.000000000000000000 ) ) ;
#2471 = EDGE_CURVE ( 'NONE', #4811, #1910, #763, .T. ) ;
#2472 = CARTESIAN_POINT ( 'NONE',  ( 175.2171132998479948, -119.4624928214270057, 103.7500000343799940 ) ) ;
#2473 = VERTEX_POINT ( 'NONE', #4164 ) ;
#2474 = CARTESIAN_POINT ( 'NONE',  ( 157.1497566842990068, -124.9750000000000085, 91.34749999999830550 ) ) ;
#2475 = EDGE_CURVE ( 'NONE', #4017, #433, #2037, .T. ) ;
#2476 = CARTESIAN_POINT ( 'NONE',  ( 167.3689531356959890, -119.8624928209249987, 104.2641190093600017 ) ) ;
#2477 = ORIENTED_EDGE ( 'NONE', *, *, #3805, .F. ) ;
#2478 = DIRECTION ( 'NONE',  ( 1.994368873598444939E-15, -1.000000000000000000, 1.926840924222859792E-15 ) ) ;
#2479 = DIRECTION ( 'NONE',  ( 0.000000000000000000, -0.06334459318337669342, 0.9979917146521970484 ) ) ;
#2480 = DIRECTION ( 'NONE',  ( 0.000000000000000000, -7.390046697591970583E-15, -1.000000000000000000 ) ) ;
#2481 = DIRECTION ( 'NONE',  ( 0.000000000000000000, -1.000000000000000000, 1.926745932492380336E-15 ) ) ;
#2482 = DIRECTION ( 'NONE',  ( -1.000000000000000000, -8.742289393079860116E-15, 2.371361253508389962E-15 ) ) ;
#2483 = CARTESIAN_POINT ( 'NONE',  ( 163.0171133453989682, -130.0529310438300001, 88.32972932037290548 ) ) ;
#2484 = CARTESIAN_POINT ( 'NONE',  ( 163.0171133453979735, -129.6529310438299945, 89.88500000000000512 ) ) ;
#2485 = ORIENTED_EDGE ( 'NONE', *, *, #1719, .T. ) ;
#2486 = CARTESIAN_POINT ( 'NONE',  ( 138.7086133453989873, -119.4624928209269967, 89.48499999999999943 ) ) ;
#2487 = ORIENTED_EDGE ( 'NONE', *, *, #2063, .F. ) ;
#2488 = PLANE ( 'NONE',  #2337 ) ;
#2489 = CARTESIAN_POINT ( 'NONE',  ( 135.6171133454050164, -119.4624928209269967, 96.06432591814059663 ) ) ;
#2490 =( BOUNDED_CURVE ( )  B_SPLINE_CURVE ( 3, ( #4451, #571, #2296, #4392 ),
 .UNSPECIFIED., .F., .T. ) 
 B_SPLINE_CURVE_WITH_KNOTS ( ( 4, 4 ),
 ( 4.809662699127949637, 4.809755008601880100 ),
 .UNSPECIFIED. ) 
 CURVE ( )  GEOMETRIC_REPRESENTATION_ITEM ( )  RATIONAL_B_SPLINE_CURVE ( ( 1.000000000000000000, 0.9999999992899130108, 0.9999999992899130108, 1.000000000000000000 ) ) 
 REPRESENTATION_ITEM ( '' )  );
#2491 = ORIENTED_EDGE ( 'NONE', *, *, #3740, .F. ) ;
#2492 = ORIENTED_EDGE ( 'NONE', *, *, #5226, .F. ) ;
#2493 = CARTESIAN_POINT ( 'NONE',  ( 163.0171133453979735, -134.6830298475569805, 92.52249999999820318 ) ) ;
#2494 = LINE ( 'NONE', #2580, #4743 ) ;
#2495 = CARTESIAN_POINT ( 'NONE',  ( 169.4448783421489964, -130.8094256212499999, 110.5643259181420035 ) ) ;
#2496 = ORIENTED_EDGE ( 'NONE', *, *, #1850, .T. ) ;
#2497 = LINE ( 'NONE', #5151, #1933 ) ;
#2498 = CARTESIAN_POINT ( 'NONE',  ( 160.2376503720300036, -137.4624928209260020, 89.48499999999999943 ) ) ;
#2499 = VERTEX_POINT ( 'NONE', #1556 ) ;
#2500 = CARTESIAN_POINT ( 'NONE',  ( 122.7547861250079961, -119.8621712665460137, 107.2644405637399956 ) ) ;
#2501 = PLANE ( 'NONE',  #748 ) ;
#2502 = EDGE_CURVE ( 'NONE', #2513, #499, #3271, .T. ) ;
#2503 = DIRECTION ( 'NONE',  ( -1.000000000000000000, -2.055968564121305291E-14, -2.418031965417600096E-14 ) ) ;
#2504 = EDGE_CURVE ( 'NONE', #544, #928, #3742, .T. ) ;
#2505 = DIRECTION ( 'NONE',  ( -2.418031965417649952E-14, -2.810542046950530115E-15, 1.000000000000000000 ) ) ;
#2506 = EDGE_CURVE ( 'NONE', #342, #3998, #2816, .T. ) ;
#2507 = VERTEX_POINT ( 'NONE', #2012 ) ;
#2508 = CARTESIAN_POINT ( 'NONE',  ( 165.7547965843298527, -119.8622784518216520, 107.2643333784634194 ) ) ;
#2509 = CARTESIAN_POINT ( 'NONE',  ( 122.1508943902840088, -119.4624928209260020, 110.3643259181420007 ) ) ;
#2510 = CARTESIAN_POINT ( 'NONE',  ( 122.4921292083191986, -119.4624928209260020, 109.0572180058411931 ) ) ;
#2511 = EDGE_CURVE ( 'NONE', #1677, #1584, #2782, .T. ) ;
#2512 = AXIS2_PLACEMENT_3D ( 'NONE', #1800, #930, #1856 ) ;
#2513 = VERTEX_POINT ( 'NONE', #5039 ) ;
#2514 = AXIS2_PLACEMENT_3D ( 'NONE', #4655, #803, #5552 ) ;
#2515 = PLANE ( 'NONE',  #1710 ) ;
#2516 = DIRECTION ( 'NONE',  ( 8.742289393079841183E-15, -1.000000000000000000, -8.883556882512341437E-15 ) ) ;
#2517 = DIRECTION ( 'NONE',  ( 0.000000000000000000, 5.006432955109510304E-15, 1.000000000000000000 ) ) ;
#2518 = CARTESIAN_POINT ( 'NONE',  ( 165.3387505362539969, -119.4624928209249930, 105.0811190093599947 ) ) ;
#2519 = VECTOR ( 'NONE', #3492, 1000.000000000000000 ) ;
#2520 = ORIENTED_EDGE ( 'NONE', *, *, #2262, .F. ) ;
#2521 = ORIENTED_EDGE ( 'NONE', *, *, #3112, .T. ) ;
#2522 = ORIENTED_EDGE ( 'NONE', *, *, #785, .T. ) ;
#2523 = AXIS2_PLACEMENT_3D ( 'NONE', #2016, #1186, #4621 ) ;
#2524 = AXIS2_PLACEMENT_3D ( 'NONE', #530, #4810, #4448 ) ;
#2525 = CARTESIAN_POINT ( 'NONE',  ( 143.9500000000079751, -124.7500000000020037, 93.99749282092329850 ) ) ;
#2526 = DIRECTION ( 'NONE',  ( 6.501293528964980310E-15, -1.000000000000000000, 1.803372339420690063E-15 ) ) ;
#2527 = VECTOR ( 'NONE', #1582, 1000.000000000000000 ) ;
#2528 = SURFACE_SIDE_STYLE ('',( #4607 ) ) ;
#2529 = AXIS2_PLACEMENT_3D ( 'NONE', #1767, #4762, #3953 ) ;
#2530 = VERTEX_POINT ( 'NONE', #1134 ) ;
#2531 = CYLINDRICAL_SURFACE ( 'NONE', #4080, 0.9999999999999973355 ) ;
#2532 = CARTESIAN_POINT ( 'NONE',  ( 135.1768364872739880, -140.0624928209250015, 103.7997837525840055 ) ) ;
#2533 = VERTEX_POINT ( 'NONE', #1956 ) ;
#2534 = VECTOR ( 'NONE', #2888, 1000.000000000000000 ) ;
#2535 = AXIS2_PLACEMENT_3D ( 'NONE', #4498, #190, #646 ) ;
#2536 = FACE_BOUND ( 'NONE', #1103, .T. ) ;
#2537 = EDGE_CURVE ( 'NONE', #1837, #2027, #4556, .T. ) ;
#2538 = DIRECTION ( 'NONE',  ( -3.285583168621639665E-16, -1.926745932492380336E-15, -1.000000000000000000 ) ) ;
#2539 = CARTESIAN_POINT ( 'NONE',  ( 132.4171133453999971, -134.6744623790489754, 96.06432591814069610 ) ) ;
#2540 = CIRCLE ( 'NONE', #3345, 1.899999999999999023 ) ;
#2541 = ORIENTED_EDGE ( 'NONE', *, *, #1998, .F. ) ;
#2542 = DIRECTION ( 'NONE',  ( -1.181088324069320141E-14, 1.000000000000000000, 0.000000000000000000 ) ) ;
#2543 = CARTESIAN_POINT ( 'NONE',  ( 174.2171132998489895, -140.4624928209230177, 100.7500000000189999 ) ) ;
#2544 = PLANE ( 'NONE',  #743 ) ;
#2545 = EDGE_CURVE ( 'NONE', #5464, #1813, #3717, .T. ) ;
#2546 = CIRCLE ( 'NONE', #288, 2.349999999999990763 ) ;
#2547 = EDGE_CURVE ( 'NONE', #3903, #5587, #1898, .T. ) ;
#2548 = AXIS2_PLACEMENT_3D ( 'NONE', #4896, #4831, #3968 ) ;
#2549 = CARTESIAN_POINT ( 'NONE',  ( 169.2382403691290165, -119.5222499092810153, 104.2641190093600017 ) ) ;
#2550 = ORIENTED_EDGE ( 'NONE', *, *, #2979, .T. ) ;
#2551 = ADVANCED_FACE ( 'NONE', ( #3429 ), #1294, .F. ) ;
#2552 = DIRECTION ( 'NONE',  ( 1.000000000000000000, 0.000000000000000000, 0.000000000000000000 ) ) ;
#2553 = CARTESIAN_POINT ( 'NONE',  ( 162.0171133453979735, -132.8249999999999886, 90.88499999999999091 ) ) ;
#2554 = CARTESIAN_POINT ( 'NONE',  ( 136.9776768572590129, -119.8624928209259934, 107.2641190093600017 ) ) ;
#2555 = EDGE_LOOP ( 'NONE', ( #592, #4442, #3949, #4933 ) ) ;
#2556 = ORIENTED_EDGE ( 'NONE', *, *, #3321, .T. ) ;
#2557 = DIRECTION ( 'NONE',  ( 2.748129594203390530E-15, 4.430635266668075387E-15, 1.000000000000000000 ) ) ;
#2558 = CARTESIAN_POINT ( 'NONE',  ( 156.5497566843020252, -124.5750000000000028, 89.48499999999999943 ) ) ;
#2559 = DIRECTION ( 'NONE',  ( 1.000000000000000000, -7.120326166349700838E-29, 1.539220716937389985E-14 ) ) ;
#2560 = EDGE_LOOP ( 'NONE', ( #4099, #3332, #11, #63, #1221, #2354, #4025, #3451, #2137, #4373, #5421 ) ) ;
#2561 = CARTESIAN_POINT ( 'NONE',  ( 162.0171133453979735, -133.6374999999999886, 90.88499999999999091 ) ) ;
#2562 = DIRECTION ( 'NONE',  ( 0.000000000000000000, -1.973846303234049855E-15, -1.000000000000000000 ) ) ;
#2563 = ORIENTED_EDGE ( 'NONE', *, *, #1093, .T. ) ;
#2564 = CARTESIAN_POINT ( 'NONE',  ( 162.0171133453979735, -125.9750000000000085, 90.88499999999999091 ) ) ;
#2565 = PLANE ( 'NONE',  #929 ) ;
#2566 = PLANE ( 'NONE',  #633 ) ;
#2567 = ORIENTED_EDGE ( 'NONE', *, *, #1499, .F. ) ;
#2568 = DIRECTION ( 'NONE',  ( 1.000000000000000000, 0.000000000000000000, 0.000000000000000000 ) ) ;
#2569 = DIRECTION ( 'NONE',  ( 1.000000000000000000, 0.000000000000000000, 0.000000000000000000 ) ) ;
#2570 = DIRECTION ( 'NONE',  ( 2.643388153869429876E-14, -4.718447854655860195E-16, 1.000000000000000000 ) ) ;
#2571 = ORIENTED_EDGE ( 'NONE', *, *, #5274, .F. ) ;
#2572 = EDGE_CURVE ( 'NONE', #283, #1092, #3028, .T. ) ;
#2573 = LINE ( 'NONE', #4280, #3411 ) ;
#2574 = FACE_OUTER_BOUND ( 'NONE', #2730, .T. ) ;
#2575 = EDGE_CURVE ( 'NONE', #5323, #4836, #4261, .T. ) ;
#2576 = EDGE_LOOP ( 'NONE', ( #1177, #2913 ) ) ;
#2577 = VERTEX_POINT ( 'NONE', #3825 ) ;
#2578 = ADVANCED_FACE ( 'NONE', ( #3005 ), #5182, .T. ) ;
#2579 = CARTESIAN_POINT ( 'NONE',  ( 127.6533783421490114, -130.8094256212499999, 110.3643259181420007 ) ) ;
#2580 = CARTESIAN_POINT ( 'NONE',  ( 162.0171133453979735, -125.9750000000000085, 91.20374999999900467 ) ) ;
#2581 = PLANE ( 'NONE',  #5218 ) ;
#2582 = ORIENTED_EDGE ( 'NONE', *, *, #5512, .T. ) ;
#2583 = DIRECTION ( 'NONE',  ( -0.5130924759622020881, 0.8583333333332552328, -9.214851104388851350E-15 ) ) ;
#2584 = ORIENTED_EDGE ( 'NONE', *, *, #4667, .F. ) ;
#2585 = ORIENTED_EDGE ( 'NONE', *, *, #1433, .F. ) ;
#2586 = CARTESIAN_POINT ( 'NONE',  ( 162.6171133453979962, -140.4624928209260020, 97.78932591814199782 ) ) ;
#2587 = FACE_OUTER_BOUND ( 'NONE', #1938, .T. ) ;
#2588 = ORIENTED_EDGE ( 'NONE', *, *, #3637, .F. ) ;
#2589 = DIRECTION ( 'NONE',  ( 0.000000000000000000, -0.7071067811898600342, 0.7071067811832348893 ) ) ;
#2590 = ORIENTED_EDGE ( 'NONE', *, *, #4632, .T. ) ;
#2591 = CARTESIAN_POINT ( 'NONE',  ( 156.5497566843020252, -131.4249999999999829, 91.68993233009069854 ) ) ;
#2592 = CARTESIAN_POINT ( 'NONE',  ( 143.9500000000079751, -125.6500000000000057, 89.48499999999860677 ) ) ;
#2593 = DIRECTION ( 'NONE',  ( -1.000000000000000000, 0.000000000000000000, 2.643388153869432085E-14 ) ) ;
#2594 = DIRECTION ( 'NONE',  ( -1.000000000000000000, -1.181088324069320141E-14, 3.552713678800519862E-15 ) ) ;
#2595 = EDGE_LOOP ( 'NONE', ( #175, #4997, #3950, #1019 ) ) ;
#2596 = CARTESIAN_POINT ( 'NONE',  ( 163.0171133453989682, -124.5750000000000028, 92.80999999999680483 ) ) ;
#2597 = CARTESIAN_POINT ( 'NONE',  ( 132.4171133454029814, -134.1938512425049908, 92.80999999999698957 ) ) ;
#2598 = VECTOR ( 'NONE', #212, 1000.000000000000000 ) ;
#2599 = EDGE_CURVE ( 'NONE', #667, #1090, #3415, .T. ) ;
#2600 = EDGE_LOOP ( 'NONE', ( #3664, #968, #769, #4843 ) ) ;
#2601 = ORIENTED_EDGE ( 'NONE', *, *, #3527, .T. ) ;
#2602 = CONICAL_SURFACE ( 'NONE', #164, 2.299999999999996270, 0.7853981633974490562 ) ;
#2603 = DIRECTION ( 'NONE',  ( 0.000000000000000000, -7.223637016929600039E-14, -1.000000000000000000 ) ) ;
#2604 = CARTESIAN_POINT ( 'NONE',  ( 132.4171133454019866, -130.3438512425049964, 92.80999999999689010 ) ) ;
#2605 = EDGE_CURVE ( 'NONE', #1233, #2746, #4328, .T. ) ;
#2606 = EDGE_CURVE ( 'NONE', #2371, #2108, #1086, .T. ) ;
#2607 = CARTESIAN_POINT ( 'NONE',  ( 120.2171133453929883, -119.4624928214270057, 100.7500000000264038 ) ) ;
#2608 = CARTESIAN_POINT ( 'NONE',  ( 160.9671133064359765, -140.4624928209260020, 107.7643247870279879 ) ) ;
#2609 = ORIENTED_EDGE ( 'NONE', *, *, #1702, .F. ) ;
#2610 = VECTOR ( 'NONE', #1119, 1000.000000000000000 ) ;
#2611 = EDGE_CURVE ( 'NONE', #5297, #4264, #3864, .T. ) ;
#2612 = VERTEX_POINT ( 'NONE', #818 ) ;
#2613 = CONICAL_SURFACE ( 'NONE', #5324, 13.80026375888589918, 0.7853981633946404139 ) ;
#2614 = VECTOR ( 'NONE', #2292, 1000.000000000000000 ) ;
#2615 = FACE_OUTER_BOUND ( 'NONE', #1594, .T. ) ;
#2616 = LINE ( 'NONE', #2951, #5325 ) ;
#2618 = ORIENTED_EDGE ( 'NONE', *, *, #4945, .T. ) ;
#2617 = VECTOR ( 'NONE', #1570, 1000.000000000000000 ) ;
#2619 = CARTESIAN_POINT ( 'NONE',  ( 143.9500000000089983, -133.1250000000000000, 95.80999999999829697 ) ) ;
#2620 = VECTOR ( 'NONE', #5499, 1000.000000000000000 ) ;
#2621 = DIRECTION ( 'NONE',  ( -0.5488750411662949302, 0.5910736794954709605, -0.5910736794955289142 ) ) ;
#2622 = FACE_OUTER_BOUND ( 'NONE', #5281, .T. ) ;
#2623 = DIRECTION ( 'NONE',  ( 2.371361224627570205E-15, -2.810542046950450046E-15, 1.000000000000000000 ) ) ;
#2624 = CIRCLE ( 'NONE', #647, 2.349999999999990763 ) ;
#2625 = DIRECTION ( 'NONE',  ( 5.220468756189748216E-16, 0.7071067811865510144, 0.7071067811865441310 ) ) ;
#2626 = EDGE_LOOP ( 'NONE', ( #5326, #5246 ) ) ;
#2627 = CARTESIAN_POINT ( 'NONE',  ( 167.3687542002409998, -119.8613980543999986, 107.2652137758860107 ) ) ;
#2628 = LINE ( 'NONE', #372, #2270 ) ;
#2629 = DIRECTION ( 'NONE',  ( 1.000000000000000000, 9.227827737143710103E-15, -2.371361224627550089E-15 ) ) ;
#2630 = DIRECTION ( 'NONE',  ( -5.998524489388490287E-15, -0.7071067811866890152, 0.7071067811864060193 ) ) ;
#2631 = CIRCLE ( 'NONE', #1190, 1.574999999999993072 ) ;
#2632 = ORIENTED_EDGE ( 'NONE', *, *, #53, .F. ) ;
#2633 = VERTEX_POINT ( 'NONE', #441 ) ;
#2634 = CARTESIAN_POINT ( 'NONE',  ( 138.7086133453929904, -120.4624928209260020, 97.72070091814210002 ) ) ;
#2635 = CARTESIAN_POINT ( 'NONE',  ( 136.9776768572590129, -119.6624928209260048, 107.4641190093599903 ) ) ;
#2636 = FACE_OUTER_BOUND ( 'NONE', #3893, .T. ) ;
#2637 = EDGE_LOOP ( 'NONE', ( #2204, #4, #4351, #1999 ) ) ;
#2638 = VERTEX_POINT ( 'NONE', #2175 ) ;
#2639 = EDGE_CURVE ( 'NONE', #4279, #1090, #2616, .T. ) ;
#2640 = EDGE_CURVE ( 'NONE', #165, #2577, #477, .T. ) ;
#2641 = VECTOR ( 'NONE', #4658, 1000.000000000000000 ) ;
#2642 = LINE ( 'NONE', #5295, #67 ) ;
#2643 = ADVANCED_FACE ( 'NONE', ( #5128 ), #3907, .T. ) ;
#2644 = CARTESIAN_POINT ( 'NONE',  ( 121.2170679492029990, -119.4624928214270057, 100.7500000000262048 ) ) ;
#2645 = CARTESIAN_POINT ( 'NONE',  ( 124.3687542002400050, -119.8613980543999986, 107.2652137758860107 ) ) ;
#2646 = ORIENTED_EDGE ( 'NONE', *, *, #5087, .T. ) ;
#2647 = DIRECTION ( 'NONE',  ( 9.378244137164250901E-15, -1.000000000000000000, -2.810542139866910211E-15 ) ) ;
#2648 = DIRECTION ( 'NONE',  ( -1.000000000000000000, 0.000000000000000000, 0.000000000000000000 ) ) ;
#2649 = EDGE_CURVE ( 'NONE', #3392, #1971, #20, .T. ) ;
#2650 = DIRECTION ( 'NONE',  ( 0.000000000000000000, -1.926745932492380336E-15, -1.000000000000000000 ) ) ;
#2651 = DIRECTION ( 'NONE',  ( 1.383406275152360014E-15, -1.000000000000000000, 1.558124086321725026E-15 ) ) ;
#2652 = DIRECTION ( 'NONE',  ( -1.188848382153161404E-15, 0.7071067811865320296, 0.7071067811865631159 ) ) ;
#2653 = EDGE_LOOP ( 'NONE', ( #1140, #3616, #4830, #317 ) ) ;
#2654 = CARTESIAN_POINT ( 'NONE',  ( 167.3687542002409998, -119.8613980543999986, 104.2630242428339926 ) ) ;
#2655 = CARTESIAN_POINT ( 'NONE',  ( 147.7171133453969958, -120.4624928209260020, 89.48499999999999943 ) ) ;
#2656 = LINE ( 'NONE', #1472, #1986 ) ;
#2657 = ORIENTED_EDGE ( 'NONE', *, *, #1231, .F. ) ;
#2658 = ORIENTED_EDGE ( 'NONE', *, *, #2058, .F. ) ;
#2659 = DIRECTION ( 'NONE',  ( 0.000000000000000000, 1.820818350272625057E-14, -1.000000000000000000 ) ) ;
#2660 = CARTESIAN_POINT ( 'NONE',  ( 129.7216946132469673, -119.8621712665460137, 107.2644405637399956 ) ) ;
#2661 = DIRECTION ( 'NONE',  ( 0.000000000000000000, 5.006432955109510304E-15, 1.000000000000000000 ) ) ;
#2662 = ORIENTED_EDGE ( 'NONE', *, *, #1198, .F. ) ;
#2663 = PLANE ( 'NONE',  #2512 ) ;
#2664 = DIRECTION ( 'NONE',  ( 3.965082230804120359E-15, 1.407292413469244005E-15, 1.000000000000000000 ) ) ;
#2665 = CARTESIAN_POINT ( 'NONE',  ( 137.4171133454100016, -125.3499999999999943, 92.80999999999889383 ) ) ;
#2666 = EDGE_LOOP ( 'NONE', ( #3202, #2311, #3480, #4369 ) ) ;
#2667 = DIRECTION ( 'NONE',  ( 1.000000000000000000, 8.946782286856180428E-15, -2.371361253508400217E-15 ) ) ;
#2668 = LINE ( 'NONE', #3008, #546 ) ;
#2669 = CYLINDRICAL_SURFACE ( 'NONE', #1282, 2.099999999999990763 ) ;
#2670 = CARTESIAN_POINT ( 'NONE',  ( 159.8171133454000028, -137.8830298475569975, 96.06432591814299826 ) ) ;
#2671 = ADVANCED_FACE ( 'NONE', ( #2119 ), #2566, .T. ) ;
#2672 = DIRECTION ( 'NONE',  ( -1.181088324069313042E-14, 1.000000000000000000, 0.000000000000000000 ) ) ;
#2673 = ORIENTED_EDGE ( 'NONE', *, *, #2874, .T. ) ;
#2674 = FACE_OUTER_BOUND ( 'NONE', #5013, .T. ) ;
#2675 = EDGE_CURVE ( 'NONE', #3421, #494, #3894, .T. ) ;
#2676 = PLANE ( 'NONE',  #4513 ) ;
#2677 = EDGE_LOOP ( 'NONE', ( #3661, #4516 ) ) ;
#2678 = EDGE_LOOP ( 'NONE', ( #5137, #4953, #4916, #5060 ) ) ;
#2679 = AXIS2_PLACEMENT_3D ( 'NONE', #1633, #5559, #3346 ) ;
#2680 = VERTEX_POINT ( 'NONE', #2539 ) ;
#2681 = CARTESIAN_POINT ( 'NONE',  ( 134.3042248701370056, -140.4624928209260020, 110.3643259181420007 ) ) ;
#2682 = CYLINDRICAL_SURFACE ( 'NONE', #620, 0.9999999999999938938 ) ;
#2683 = CIRCLE ( 'NONE', #1799, 1.574999999999993072 ) ;
#2684 = LINE ( 'NONE', #3023, #809 ) ;
#2685 = ORIENTED_EDGE ( 'NONE', *, *, #1300, .T. ) ;
#2686 = ORIENTED_EDGE ( 'NONE', *, *, #3534, .F. ) ;
#2687 = DIRECTION ( 'NONE',  ( -1.000000000000000000, 0.000000000000000000, 5.916456789157589942E-30 ) ) ;
#2688 = CARTESIAN_POINT ( 'NONE',  ( 126.2382403691280075, -119.5222499092810153, 104.2641190093600017 ) ) ;
#2689 = AXIS2_PLACEMENT_3D ( 'NONE', #2243, #1743, #1830 ) ;
#2690 = ORIENTED_EDGE ( 'NONE', *, *, #4799, .F. ) ;
#2691 = DIRECTION ( 'NONE',  ( 0.000000000000000000, -1.000000000000000000, 1.973846303234049855E-15 ) ) ;
#2692 = ORIENTED_EDGE ( 'NONE', *, *, #3051, .T. ) ;
#2693 = AXIS2_PLACEMENT_3D ( 'NONE', #1191, #1673, #2552 ) ;
#2694 = VECTOR ( 'NONE', #1111, 1000.000000000000114 ) ;
#2695 = EDGE_CURVE ( 'NONE', #4796, #3861, #4273, .T. ) ;
#2696 = DIRECTION ( 'NONE',  ( 1.000000000000000000, 1.181088324069320141E-14, 2.418031965417649952E-14 ) ) ;
#2697 = CARTESIAN_POINT ( 'NONE',  ( 137.6171133454100186, -132.3999999999999773, 92.80999999999889383 ) ) ;
#2698 = LINE ( 'NONE', #4387, #4051 ) ;
#2699 = STYLED_ITEM ( 'NONE', ( #4049 ), #5487 ) ;
#2700 = CIRCLE ( 'NONE', #1538, 1.574999999999993072 ) ;
#2701 = VERTEX_POINT ( 'NONE', #3848 ) ;
#2702 = CARTESIAN_POINT ( 'NONE',  ( 171.1077265380160100, -119.8613980543999986, 107.2652137758860107 ) ) ;
#2703 = EDGE_CURVE ( 'NONE', #1738, #214, #4165, .T. ) ;
#2704 = ADVANCED_FACE ( 'NONE', ( #984, #4860 ), #1043, .F. ) ;
#2705 = LINE ( 'NONE', #1846, #1526 ) ;
#2706 = EDGE_CURVE ( 'NONE', #3998, #1436, #1775, .T. ) ;
#2707 = CIRCLE ( 'NONE', #1818, 2.349999999999990763 ) ;
#2708 = EDGE_CURVE ( 'NONE', #4906, #2638, #2745, .T. ) ;
#2709 = VERTEX_POINT ( 'NONE', #4804 ) ;
#2710 = ORIENTED_EDGE ( 'NONE', *, *, #1235, .T. ) ;
#2711 = VECTOR ( 'NONE', #1328, 1000.000000000000000 ) ;
#2712 = VERTEX_POINT ( 'NONE', #4414 ) ;
#2713 =( BOUNDED_CURVE ( )  B_SPLINE_CURVE ( 3, ( #3806, #4226, #4678, #5020 ),
 .UNSPECIFIED., .F., .F. ) 
 B_SPLINE_CURVE_WITH_KNOTS ( ( 4, 4 ),
 ( 1.788699558316865001, 3.141592653589815320 ),
 .UNSPECIFIED. ) 
 CURVE ( )  GEOMETRIC_REPRESENTATION_ITEM ( )  RATIONAL_B_SPLINE_CURVE ( ( 1.000000000000000000, 0.8532014605977429333, 0.8532014605977429333, 1.000000000000000000 ) ) 
 REPRESENTATION_ITEM ( '' )  );
#2714 = DIRECTION ( 'NONE',  ( 1.000000000000000000, -7.867353525347980623E-29, 1.700707699447160361E-14 ) ) ;
#2715 = DIRECTION ( 'NONE',  ( 0.000000000000000000, -1.926745932492380336E-15, -1.000000000000000000 ) ) ;
#2716 = VECTOR ( 'NONE', #5475, 1000.000000000000000 ) ;
#2717 = FACE_OUTER_BOUND ( 'NONE', #865, .T. ) ;
#2718 = ORIENTED_EDGE ( 'NONE', *, *, #2767, .F. ) ;
#2719 = VERTEX_POINT ( 'NONE', #560 ) ;
#2720 = DIRECTION ( 'NONE',  ( -2.892304216119340092E-14, 4.718447854655340533E-16, -1.000000000000000000 ) ) ;
#2721 = DIRECTION ( 'NONE',  ( -2.418031965417649952E-14, 0.000000000000000000, 1.000000000000000000 ) ) ;
#2722 = ORIENTED_EDGE ( 'NONE', *, *, #2409, .F. ) ;
#2723 = DIRECTION ( 'NONE',  ( 8.742289393079841183E-15, -1.000000000000000000, -8.883556882512341437E-15 ) ) ;
#2724 = ORIENTED_EDGE ( 'NONE', *, *, #462, .F. ) ;
#2725 = ORIENTED_EDGE ( 'NONE', *, *, #5508, .F. ) ;
#2726 = CARTESIAN_POINT ( 'NONE',  ( 156.7256133453990117, -119.4624928209269967, 89.48499999999999943 ) ) ;
#2727 = CARTESIAN_POINT ( 'NONE',  ( 163.0171133453999914, -124.5750000000000028, 94.43716295906880021 ) ) ;
#2728 = CARTESIAN_POINT ( 'NONE',  ( 137.6171133454100186, -127.3249999999999886, 92.80999999999889383 ) ) ;
#2729 = DIRECTION ( 'NONE',  ( 1.000000000000000000, 1.887379142593749877E-15, 1.700707699447160361E-14 ) ) ;
#2730 = EDGE_LOOP ( 'NONE', ( #4129, #4062, #5097, #3643 ) ) ;
#2731 = CARTESIAN_POINT ( 'NONE',  ( 133.4768364872739994, -119.4624928209260020, 103.7997837525840055 ) ) ;
#2732 = CARTESIAN_POINT ( 'NONE',  ( 140.1064472282390057, -139.4624928209260020, 108.7643247870279879 ) ) ;
#2733 = VERTEX_POINT ( 'NONE', #3062 ) ;
#2734 = EDGE_LOOP ( 'NONE', ( #779, #4071, #5349, #5315 ) ) ;
#2735 = ORIENTED_EDGE ( 'NONE', *, *, #504, .F. ) ;
#2736 = EDGE_CURVE ( 'NONE', #4695, #431, #3472, .T. ) ;
#2737 = ORIENTED_EDGE ( 'NONE', *, *, #2504, .T. ) ;
#2738 = DIRECTION ( 'NONE',  ( 1.539220716937389985E-14, -1.926745932492290012E-15, -1.000000000000000000 ) ) ;
#2739 = PLANE ( 'NONE',  #4133 ) ;
#2740 = EDGE_CURVE ( 'NONE', #3916, #188, #3896, .T. ) ;
#2741 = ORIENTED_EDGE ( 'NONE', *, *, #4462, .F. ) ;
#2742 = DIRECTION ( 'NONE',  ( -1.000000000000000000, 0.000000000000000000, 0.000000000000000000 ) ) ;
#2743 = LINE ( 'NONE', #2334, #2190 ) ;
#2744 = ORIENTED_EDGE ( 'NONE', *, *, #1885, .F. ) ;
#2745 = LINE ( 'NONE', #99, #661 ) ;
#2746 = VERTEX_POINT ( 'NONE', #5273 ) ;
#2747 = ORIENTED_EDGE ( 'NONE', *, *, #2024, .F. ) ;
#2748 = CARTESIAN_POINT ( 'NONE',  ( 172.9297124076259990, -119.6623320437360007, 105.0811190093599947 ) ) ;
#2749 = APPLICATION_PROTOCOL_DEFINITION ( 'draft international standard', 'automotive_design', 1998, #876 ) ;
#2750 = FACE_OUTER_BOUND ( 'NONE', #1143, .T. ) ;
#2751 = DIRECTION ( 'NONE',  ( 0.000000000000000000, 5.006432955109510304E-15, 1.000000000000000000 ) ) ;
#2752 = DIRECTION ( 'NONE',  ( -0.7071067811863140928, -0.7071067811867810526, -2.073949011534770195E-15 ) ) ;
#2753 = CARTESIAN_POINT ( 'NONE',  ( 128.1508943902790065, -119.4624928209260020, 108.7643247870279879 ) ) ;
#2754 = CARTESIAN_POINT ( 'NONE',  ( 156.5497566843020252, -130.0529310438300001, 89.44979699027879860 ) ) ;
#2755 = ORIENTED_EDGE ( 'NONE', *, *, #3914, .T. ) ;
#2756 = CARTESIAN_POINT ( 'NONE',  ( 132.4171133454049993, -119.4624928209269967, 89.48499999999999943 ) ) ;
#2757 = EDGE_LOOP ( 'NONE', ( #1528, #1444, #5239, #4744 ) ) ;
#2758 = ADVANCED_FACE ( 'NONE', ( #5332 ), #5206, .T. ) ;
#2759 = ORIENTED_EDGE ( 'NONE', *, *, #4326, .T. ) ;
#2760 = LINE ( 'NONE', #3217, #3231 ) ;
#2761 = LINE ( 'NONE', #3220, #1258 ) ;
#2762 = VERTEX_POINT ( 'NONE', #2665 ) ;
#2763 = ORIENTED_EDGE ( 'NONE', *, *, #2771, .F. ) ;
#2764 = EDGE_CURVE ( 'NONE', #928, #2533, #128, .T. ) ;
#2765 = AXIS2_PLACEMENT_3D ( 'NONE', #1569, #3280, #4571 ) ;
#2766 = DIRECTION ( 'NONE',  ( -2.371361224627550089E-15, 3.764665582243340162E-16, -1.000000000000000000 ) ) ;
#2767 = EDGE_CURVE ( 'NONE', #608, #2935, #5256, .T. ) ;
#2768 = DIRECTION ( 'NONE',  ( -2.748129594203400391E-15, -1.926745932492380336E-15, -1.000000000000000000 ) ) ;
#2769 = ORIENTED_EDGE ( 'NONE', *, *, #3602, .T. ) ;
#2770 = DIRECTION ( 'NONE',  ( -0.7071067811865465735, 2.292099707856078761E-15, 0.7071067811865485719 ) ) ;
#2771 = EDGE_CURVE ( 'NONE', #4175, #3392, #3117, .T. ) ;
#2772 = VECTOR ( 'NONE', #1705, 1000.000000000000000 ) ;
#2773 = FACE_OUTER_BOUND ( 'NONE', #2595, .T. ) ;
#2774 = ORIENTED_EDGE ( 'NONE', *, *, #1654, .F. ) ;
#2775 = ORIENTED_EDGE ( 'NONE', *, *, #5087, .F. ) ;
#2776 = DIRECTION ( 'NONE',  ( 3.673940376433440166E-16, 1.973846303234049855E-15, 1.000000000000000000 ) ) ;
#2777 = DIRECTION ( 'NONE',  ( -1.539220716937430059E-14, 3.760804149561860279E-14, 1.000000000000000000 ) ) ;
#2778 = AXIS2_PLACEMENT_3D ( 'NONE', #1809, #990, #3517 ) ;
#2779 = AXIS2_PLACEMENT_3D ( 'NONE', #4544, #4909, #1061 ) ;
#2780 = CARTESIAN_POINT ( 'NONE',  ( 156.5497566843030199, -136.9249999999999829, 89.48499999999999943 ) ) ;
#2781 = CARTESIAN_POINT ( 'NONE',  ( 125.9448783421490106, -130.8094256212499999, 103.1643259181420120 ) ) ;
#2782 = LINE ( 'NONE', #4617, #2173 ) ;
#2783 = VECTOR ( 'NONE', #3857, 1000.000000000000000 ) ;
#2784 = VECTOR ( 'NONE', #2898, 1000.000000000000000 ) ;
#2785 = DIRECTION ( 'NONE',  ( 1.887379142593809830E-15, -1.000000000000000000, -3.764665582242999966E-16 ) ) ;
#2786 = CARTESIAN_POINT ( 'NONE',  ( 154.9171133453919822, -140.0624928209259963, 99.46432591814070179 ) ) ;
#2787 = CIRCLE ( 'NONE', #450, 1.975000000000004530 ) ;
#2788 = CIRCLE ( 'NONE', #3334, 2.099999999999963229 ) ;
#2789 = ORIENTED_EDGE ( 'NONE', *, *, #1108, .T. ) ;
#2790 = CARTESIAN_POINT ( 'NONE',  ( 161.8768364872740051, -119.4624928209260020, 103.7997837525840055 ) ) ;
#2791 = ORIENTED_EDGE ( 'NONE', *, *, #1224, .T. ) ;
#2792 = CIRCLE ( 'NONE', #636, 3.000000000000002665 ) ;
#2793 = CIRCLE ( 'NONE', #5424, 2.099999999999990763 ) ;
#2794 = ORIENTED_EDGE ( 'NONE', *, *, #4873, .T. ) ;
#2795 = DIRECTION ( 'NONE',  ( 1.000000000000000000, 0.000000000000000000, -2.371361224627529973E-15 ) ) ;
#2796 = CYLINDRICAL_SURFACE ( 'NONE', #4310, 2.350000000000004974 ) ;
#2797 = CIRCLE ( 'NONE', #3699, 2.750000000000002665 ) ;
#2798 = ORIENTED_EDGE ( 'NONE', *, *, #2740, .F. ) ;
#2799 = ORIENTED_EDGE ( 'NONE', *, *, #3226, .F. ) ;
#2800 = ORIENTED_EDGE ( 'NONE', *, *, #1963, .T. ) ;
#2801 = VECTOR ( 'NONE', #3579, 1000.000000000000000 ) ;
#2802 = LINE ( 'NONE', #4944, #4833 ) ;
#2803 = CARTESIAN_POINT ( 'NONE',  ( 121.2219677387169980, -140.4624928209230177, 104.2962527883669850 ) ) ;
#2804 = ORIENTED_EDGE ( 'NONE', *, *, #2988, .T. ) ;
#2805 = VECTOR ( 'NONE', #875, 1000.000000000000000 ) ;
#2806 = CARTESIAN_POINT ( 'NONE',  ( 167.5363783421490211, -130.8094256212499999, 110.5643259181420035 ) ) ;
#2807 = ADVANCED_FACE ( 'NONE', ( #4355 ), #3092, .F. ) ;
#2808 = DIRECTION ( 'NONE',  ( 0.000000000000000000, -1.000000000000000000, -2.810542046950450046E-15 ) ) ;
#2809 = ADVANCED_FACE ( 'NONE', ( #3565 ), #609, .F. ) ;
#2810 = ORIENTED_EDGE ( 'NONE', *, *, #3467, .T. ) ;
#2811 = ORIENTED_EDGE ( 'NONE', *, *, #3085, .F. ) ;
#2812 = FACE_OUTER_BOUND ( 'NONE', #2626, .T. ) ;
#2813 = CYLINDRICAL_SURFACE ( 'NONE', #1022, 1.899999999999999023 ) ;
#2814 = EDGE_CURVE ( 'NONE', #1935, #4529, #1379, .T. ) ;
#2815 = DIRECTION ( 'NONE',  ( 2.371361253508419939E-15, -2.810542046950450046E-15, 1.000000000000000000 ) ) ;
#2816 = LINE ( 'NONE', #5394, #2694 ) ;
#2817 = VECTOR ( 'NONE', #2770, 1000.000000000000000 ) ;
#2818 = ADVANCED_FACE ( 'NONE', ( #2312, #152 ), #1882, .T. ) ;
#2819 = CYLINDRICAL_SURFACE ( 'NONE', #5228, 1.349999999999758282 ) ;
#2820 = DIRECTION ( 'NONE',  ( 0.000000000000000000, 2.810542046950470162E-15, -1.000000000000000000 ) ) ;
#2821 = AXIS2_PLACEMENT_3D ( 'NONE', #3024, #3393, #3000 ) ;
#2822 = ORIENTED_EDGE ( 'NONE', *, *, #5508, .T. ) ;
#2823 = VERTEX_POINT ( 'NONE', #4467 ) ;
#2824 = EDGE_LOOP ( 'NONE', ( #1942, #2932, #1243, #2007, #1031, #4466 ) ) ;
#2825 = CARTESIAN_POINT ( 'NONE',  ( 175.2171132998470000, -140.0624928209230120, 98.00716295908050313 ) ) ;
#2826 = LINE ( 'NONE', #5355, #5410 ) ;
#2827 = ORIENTED_EDGE ( 'NONE', *, *, #4828, .T. ) ;
#2828 = ORIENTED_EDGE ( 'NONE', *, *, #226, .T. ) ;
#2829 = PLANE ( 'NONE',  #4661 ) ;
#2830 = LINE ( 'NONE', #2803, #4058 ) ;
#2831 = ORIENTED_EDGE ( 'NONE', *, *, #1608, .T. ) ;
#2832 = DIRECTION ( 'NONE',  ( -2.418031965417909960E-14, 1.611608585131940061E-13, 1.000000000000000000 ) ) ;
#2833 = DIRECTION ( 'NONE',  ( -1.000000000000000000, -8.992806500194811689E-15, 2.371361253508400217E-15 ) ) ;
#2834 = ORIENTED_EDGE ( 'NONE', *, *, #817, .F. ) ;
#2835 = ORIENTED_EDGE ( 'NONE', *, *, #1369, .F. ) ;
#2836 = DIRECTION ( 'NONE',  ( -1.000000000000000000, -8.742289393079860116E-15, 2.371361253508389962E-15 ) ) ;
#2837 = LINE ( 'NONE', #4554, #1465 ) ;
#2838 = EDGE_CURVE ( 'NONE', #4986, #2733, #2336, .T. ) ;
#2839 = DIRECTION ( 'NONE',  ( -2.009843822508529990E-15, 1.000000000000000000, -1.926745932492350360E-15 ) ) ;
#2840 = DIRECTION ( 'NONE',  ( 1.000000000000000000, 1.887379142593809830E-15, -2.371361253508410078E-15 ) ) ;
#2841 = ORIENTED_EDGE ( 'NONE', *, *, #1676, .T. ) ;
#2842 = DIRECTION ( 'NONE',  ( 0.000000000000000000, -0.09040844800401290349, 0.9959047708137087618 ) ) ;
#2843 = CARTESIAN_POINT ( 'NONE',  ( 135.1768364872739880, -140.4624928209240124, 103.7997837525840055 ) ) ;
#2844 = EDGE_CURVE ( 'NONE', #5323, #2357, #3203, .T. ) ;
#2845 = ORIENTED_EDGE ( 'NONE', *, *, #3325, .F. ) ;
#2846 = EDGE_CURVE ( 'NONE', #283, #1872, #301, .T. ) ;
#2847 = ORIENTED_EDGE ( 'NONE', *, *, #3874, .F. ) ;
#2848 = LINE ( 'NONE', #3617, #2423 ) ;
#2849 = CARTESIAN_POINT ( 'NONE',  ( 128.2948783421489907, -130.8094256212499999, 103.1643259181420120 ) ) ;
#2850 = ORIENTED_EDGE ( 'NONE', *, *, #1937, .T. ) ;
#2851 = ORIENTED_EDGE ( 'NONE', *, *, #4873, .F. ) ;
#2852 = CYLINDRICAL_SURFACE ( 'NONE', #5488, 1.708500000000001684 ) ;
#2853 = CARTESIAN_POINT ( 'NONE',  ( 133.9671133453939831, -119.4624928209260020, 100.7500000000260059 ) ) ;
#2854 = EDGE_LOOP ( 'NONE', ( #5183, #2411, #4904, #6 ) ) ;
#2855 = DIRECTION ( 'NONE',  ( -1.000000000000000000, 0.000000000000000000, 2.013492964751100111E-14 ) ) ;
#2856 = PLANE ( 'NONE',  #4324 ) ;
#2857 = ORIENTED_EDGE ( 'NONE', *, *, #4667, .T. ) ;
#2858 = CIRCLE ( 'NONE', #5115, 14.00026375888591268 ) ;
#2859 = CARTESIAN_POINT ( 'NONE',  ( 158.1497566842990068, -135.5250000000000057, 90.88499999999999091 ) ) ;
#2860 = DIRECTION ( 'NONE',  ( -1.000000000000000000, -8.760971744054669845E-15, -5.560769522135830567E-16 ) ) ;
#2861 = VECTOR ( 'NONE', #3081, 1000.000000000000000 ) ;
#2862 = DIRECTION ( 'NONE',  ( -2.418031965417649952E-14, 0.000000000000000000, 1.000000000000000000 ) ) ;
#2863 = LINE ( 'NONE', #5503, #2080 ) ;
#2864 = EDGE_LOOP ( 'NONE', ( #3105, #3819, #4493, #1618 ) ) ;
#2865 = ADVANCED_FACE ( 'NONE', ( #4494 ), #2417, .T. ) ;
#2866 = LINE ( 'NONE', #5564, #1091 ) ;
#2867 = VECTOR ( 'NONE', #4959, 1000.000000000000000 ) ;
#2868 = DIRECTION ( 'NONE',  ( 2.009843822508500014E-15, -1.000000000000000000, 2.195890908159079980E-15 ) ) ;
#2869 = AXIS2_PLACEMENT_3D ( 'NONE', #1244, #3408, #770 ) ;
#2870 = VECTOR ( 'NONE', #5291, 1000.000000000000000 ) ;
#2871 = ORIENTED_EDGE ( 'NONE', *, *, #2297, .T. ) ;
#2872 = EDGE_CURVE ( 'NONE', #2473, #886, #2396, .T. ) ;
#2873 = LINE ( 'NONE', #742, #3687 ) ;
#2874 = EDGE_CURVE ( 'NONE', #613, #3444, #5446, .T. ) ;
#2875 = AXIS2_PLACEMENT_3D ( 'NONE', #3317, #5480, #333 ) ;
#2876 = VECTOR ( 'NONE', #1469, 1000.000000000000000 ) ;
#2877 = ORIENTED_EDGE ( 'NONE', *, *, #3985, .T. ) ;
#2878 = DIRECTION ( 'NONE',  ( 0.000000000000000000, 1.000000000000000000, -1.622896118156660156E-15 ) ) ;
#2879 = ADVANCED_FACE ( 'NONE', ( #5004 ), #4342, .F. ) ;
#2880 = CARTESIAN_POINT ( 'NONE',  ( 149.5834350148469980, -120.4624928209260020, 93.59749282092350597 ) ) ;
#2881 = EDGE_LOOP ( 'NONE', ( #3265, #979, #834 ) ) ;
#2882 = EDGE_CURVE ( 'NONE', #1167, #1805, #3709, .T. ) ;
#2883 = AXIS2_PLACEMENT_3D ( 'NONE', #4741, #2249, #898 ) ;
#2884 = VECTOR ( 'NONE', #1417, 1000.000000000000000 ) ;
#2885 = VERTEX_POINT ( 'NONE', #4574 ) ;
#2886 = FACE_OUTER_BOUND ( 'NONE', #4797, .T. ) ;
#2887 = VECTOR ( 'NONE', #3007, 1000.000000000000114 ) ;
#2888 = DIRECTION ( 'NONE',  ( -0.7071067811864880648, -0.7071067811866069697, 5.303483935358870998E-15 ) ) ;
#2889 = EDGE_LOOP ( 'NONE', ( #2467, #3452, #4270, #2550, #5385, #4585 ) ) ;
#2890 = CARTESIAN_POINT ( 'NONE',  ( 133.4219226638560087, -139.0969636816730031, 110.7643259181420063 ) ) ;
#2891 = CARTESIAN_POINT ( 'NONE',  ( 132.4171133454029814, -134.6744623790540061, 89.48499999999999943 ) ) ;
#2892 = ORIENTED_EDGE ( 'NONE', *, *, #1610, .F. ) ;
#2893 = CARTESIAN_POINT ( 'NONE',  ( 167.7363783421489813, -130.8094256212499999, 102.7643259181419921 ) ) ;
#2894 = VECTOR ( 'NONE', #3551, 1000.000000000000000 ) ;
#2895 = CARTESIAN_POINT ( 'NONE',  ( 163.0171133453989682, -127.3249999999999886, 92.80999999999698957 ) ) ;
#2896 = FACE_BOUND ( 'NONE', #1849, .T. ) ;
#2897 = VECTOR ( 'NONE', #2768, 1000.000000000000000 ) ;
#2898 = DIRECTION ( 'NONE',  ( 4.032935767706590036E-15, -1.926745932492370081E-15, -1.000000000000000000 ) ) ;
#2899 = ORIENTED_EDGE ( 'NONE', *, *, #5369, .T. ) ;
#2900 = AXIS2_PLACEMENT_3D ( 'NONE', #3375, #5099, #1262 ) ;
#2901 = CARTESIAN_POINT ( 'NONE',  ( 143.4400000000080126, -135.7500000000000000, 92.80999999999869488 ) ) ;
#2902 = PLANE ( 'NONE',  #1437 ) ;
#2903 = AXIS2_PLACEMENT_3D ( 'NONE', #3262, #1916, #2855 ) ;
#2904 = STYLED_ITEM ( 'NONE', ( #4716 ), #3588 ) ;
#2905 = ORIENTED_EDGE ( 'NONE', *, *, #2437, .F. ) ;
#2906 = DIRECTION ( 'NONE',  ( 1.000000000000000000, 0.000000000000000000, 0.000000000000000000 ) ) ;
#2907 = CARTESIAN_POINT ( 'NONE',  ( 129.7216946132469673, -119.8621712665460137, 105.0811190093599947 ) ) ;
#2908 = PLANE ( 'NONE',  #436 ) ;
#2909 = EDGE_CURVE ( 'NONE', #3554, #5297, #4103, .T. ) ;
#2910 = CARTESIAN_POINT ( 'NONE',  ( 133.1478739639769913, -127.8217542309569836, 108.7643247870279879 ) ) ;
#2911 = ORIENTED_EDGE ( 'NONE', *, *, #1137, .T. ) ;
#2912 = ADVANCED_FACE ( 'NONE', ( #4981 ), #937, .F. ) ;
#2913 = ORIENTED_EDGE ( 'NONE', *, *, #1542, .F. ) ;
#2914 = LINE ( 'NONE', #2493, #4590 ) ;
#2915 = DIRECTION ( 'NONE',  ( 2.371361224627580066E-15, -2.810542139866890095E-15, 1.000000000000000000 ) ) ;
#2916 = EDGE_CURVE ( 'NONE', #1376, #5468, #1069, .T. ) ;
#2917 = CARTESIAN_POINT ( 'NONE',  ( 167.7391803146830114, -119.4624928209249930, 107.6641190093600073 ) ) ;
#2918 = EDGE_LOOP ( 'NONE', ( #1854, #4102, #2387, #2284, #1819 ) ) ;
#2919 = CARTESIAN_POINT ( 'NONE',  ( 173.4366038615973196, -119.5970605405304070, 110.4988936377460078 ) ) ;
#2920 = DIRECTION ( 'NONE',  ( 0.000000000000000000, 1.000000000000000000, -1.926745932492380336E-15 ) ) ;
#2921 = EDGE_CURVE ( 'NONE', #2060, #4175, #2369, .T. ) ;
#2922 = ORIENTED_EDGE ( 'NONE', *, *, #2537, .T. ) ;
#2923 = DIRECTION ( 'NONE',  ( 1.441308282120502151E-15, 0.000000000000000000, 1.000000000000000000 ) ) ;
#2924 = LINE ( 'NONE', #353, #289 ) ;
#2925 = DIRECTION ( 'NONE',  ( 1.000000000000000000, 1.181088324069418118E-14, -2.371361224627780042E-15 ) ) ;
#2926 = CARTESIAN_POINT ( 'NONE',  ( 143.9500000000079751, -124.7500000000020037, 92.93500000000000227 ) ) ;
#2927 = VERTEX_POINT ( 'NONE', #3734 ) ;
#2928 = LINE ( 'NONE', #4217, #3863 ) ;
#2929 = DIRECTION ( 'NONE',  ( 1.000000000000000000, 1.181088324069312095E-14, 2.418031965417649952E-14 ) ) ;
#2930 = ORIENTED_EDGE ( 'NONE', *, *, #1542, .T. ) ;
#2931 = LINE ( 'NONE', #5514, #539 ) ;
#2932 = ORIENTED_EDGE ( 'NONE', *, *, #3462, .T. ) ;
#2933 = CARTESIAN_POINT ( 'NONE',  ( 122.7548175178110057, -119.8624928209259934, 104.2641190093600017 ) ) ;
#2934 = ORIENTED_EDGE ( 'NONE', *, *, #2203, .F. ) ;
#2935 = VERTEX_POINT ( 'NONE', #215 ) ;
#2936 = EDGE_LOOP ( 'NONE', ( #245, #3247, #1877, #1454 ) ) ;
#2937 = EDGE_CURVE ( 'NONE', #291, #3260, #5470, .T. ) ;
#2938 = DIRECTION ( 'NONE',  ( 1.000000000000000000, 0.000000000000000000, 1.539220716937389985E-14 ) ) ;
#2939 = DIRECTION ( 'NONE',  ( 3.965082230804120359E-15, 1.407292413469244005E-15, 1.000000000000000000 ) ) ;
#2940 = DIRECTION ( 'NONE',  ( 2.371361224627529973E-15, 1.926745932492350360E-15, 1.000000000000000000 ) ) ;
#2941 = EDGE_LOOP ( 'NONE', ( #744, #3528, #3130, #1746, #4169, #2692 ) ) ;
#2942 = LINE ( 'NONE', #807, #5328 ) ;
#2943 = DIRECTION ( 'NONE',  ( 0.6927882173194157556, 0.7211410998850267262, -2.918728201439970454E-15 ) ) ;
#2944 = EDGE_CURVE ( 'NONE', #2499, #2144, #726, .T. ) ;
#2945 = LINE ( 'NONE', #3342, #3795 ) ;
#2946 = ORIENTED_EDGE ( 'NONE', *, *, #49, .F. ) ;
#2947 = CARTESIAN_POINT ( 'NONE',  ( 132.4171133454029814, -131.1938512425049908, 92.80999999999698957 ) ) ;
#2948 = EDGE_CURVE ( 'NONE', #4433, #3933, #3082, .T. ) ;
#2949 = EDGE_CURVE ( 'NONE', #5145, #952, #4610, .T. ) ;
#2950 = FACE_OUTER_BOUND ( 'NONE', #5459, .T. ) ;
#2951 = CARTESIAN_POINT ( 'NONE',  ( 162.0768364872739937, -140.2624928209250186, 103.7997837525840055 ) ) ;
#2952 = ORIENTED_EDGE ( 'NONE', *, *, #3156, .F. ) ;
#2953 = CARTESIAN_POINT ( 'NONE',  ( 160.7751431929569890, -136.9249999999999829, 88.90736466018560691 ) ) ;
#2954 = DIRECTION ( 'NONE',  ( -1.581958964696300110E-14, 1.000000000000000000, 4.718447854659680254E-16 ) ) ;
#2955 = CARTESIAN_POINT ( 'NONE',  ( 158.2768364872740108, -140.2624928209250186, 103.7997837525840055 ) ) ;
#2956 = AXIS2_PLACEMENT_3D ( 'NONE', #4203, #2968, #3837 ) ;
#2957 = EDGE_LOOP ( 'NONE', ( #3882, #403, #4520, #3775, #1025, #5472 ) ) ;
#2958 = VECTOR ( 'NONE', #1118, 1000.000000000000000 ) ;
#2959 = DIRECTION ( 'NONE',  ( 0.7071067811865480168, 3.540082692113730350E-15, 0.7071067811865470176 ) ) ;
#2960 = DIRECTION ( 'NONE',  ( 1.569712496704830066E-14, -1.000000000000000000, -2.810542046950490278E-15 ) ) ;
#2961 = DIRECTION ( 'NONE',  ( -1.000000000000000000, -1.065814103640150121E-14, 3.552713678800519862E-15 ) ) ;
#2962 = CIRCLE ( 'NONE', #716, 2.099999999999990763 ) ;
#2963 = VECTOR ( 'NONE', #3252, 1000.000000000000000 ) ;
#2964 = ORIENTED_EDGE ( 'NONE', *, *, #4877, .T. ) ;
#2965 = EDGE_LOOP ( 'NONE', ( #1389, #1752 ) ) ;
#2966 = VECTOR ( 'NONE', #5396, 1000.000000000000000 ) ;
#2967 = DIRECTION ( 'NONE',  ( 2.371361224627780042E-15, -2.546555719551769795E-14, 1.000000000000000000 ) ) ;
#2968 = DIRECTION ( 'NONE',  ( -1.000000000000000000, -2.055968564121280363E-14, -2.418031965417605144E-14 ) ) ;
#2969 = AXIS2_PLACEMENT_3D ( 'NONE', #1896, #3243, #4537 ) ;
#2970 = DIRECTION ( 'NONE',  ( -1.181088324069445570E-14, 1.000000000000000000, -1.003925075459028774E-13 ) ) ;
#2971 = VECTOR ( 'NONE', #2557, 1000.000000000000000 ) ;
#2972 = ORIENTED_EDGE ( 'NONE', *, *, #5226, .T. ) ;
#2973 = CARTESIAN_POINT ( 'NONE',  ( 123.5948783421490020, -130.8094256212499999, 103.1643259181420120 ) ) ;
#2974 = CARTESIAN_POINT ( 'NONE',  ( 173.1377302020030129, -119.4624928209260020, 107.6641190093600073 ) ) ;
#2975 = ORIENTED_EDGE ( 'NONE', *, *, #885, .T. ) ;
#2976 = VECTOR ( 'NONE', #699, 1000.000000000000000 ) ;
#2977 = CARTESIAN_POINT ( 'NONE',  ( 152.2213633453909836, -120.4624928209249930, 100.9728259181419929 ) ) ;
#2978 = DIRECTION ( 'NONE',  ( 0.000000000000000000, -5.006432955109510304E-15, -1.000000000000000000 ) ) ;
#2979 = EDGE_CURVE ( 'NONE', #1475, #819, #243, .T. ) ;
#2980 = DIRECTION ( 'NONE',  ( 0.7071067811861759811, -0.7071067811869190534, 1.863277054495054783E-15 ) ) ;
#2981 = VECTOR ( 'NONE', #79, 999.9999999999998863 ) ;
#2982 = VERTEX_POINT ( 'NONE', #3675 ) ;
#2983 = CARTESIAN_POINT ( 'NONE',  ( 165.7547861250089909, -119.8621712665460137, 107.2644405637399956 ) ) ;
#2984 = DIRECTION ( 'NONE',  ( -1.887379142593809830E-15, 1.000000000000000000, 2.810542046950460301E-15 ) ) ;
#2985 = EDGE_CURVE ( 'NONE', #3382, #2719, #5418, .T. ) ;
#2986 = CARTESIAN_POINT ( 'NONE',  ( 137.4171133454100016, -134.1938512425049908, 92.80999999999698957 ) ) ;
#2987 = AXIS2_PLACEMENT_3D ( 'NONE', #5586, #2925, #1292 ) ;
#2988 = EDGE_CURVE ( 'NONE', #4174, #3359, #5194, .T. ) ;
#2989 = AXIS2_PLACEMENT_3D ( 'NONE', #5365, #2452, #4958 ) ;
#2990 = VERTEX_POINT ( 'NONE', #273 ) ;
#2991 = CARTESIAN_POINT ( 'NONE',  ( 174.2171132998470000, -140.4624928209230177, 102.7500000000189857 ) ) ;
#2992 = DIRECTION ( 'NONE',  ( 0.7071067811866790231, 4.874661281994570880E-15, 0.7071067811864160113 ) ) ;
#2993 = CARTESIAN_POINT ( 'NONE',  ( 169.4448783421489964, -130.8094256212499999, 105.2643259181419921 ) ) ;
#2994 = ORIENTED_EDGE ( 'NONE', *, *, #1540, .T. ) ;
#2995 = ORIENTED_EDGE ( 'NONE', *, *, #2063, .T. ) ;
#2996 = PLANE ( 'NONE',  #3961 ) ;
#2997 = DIRECTION ( 'NONE',  ( 6.416171825370366133E-10, 0.7071067813717906159, -0.7071067810013045296 ) ) ;
#2998 =( NAMED_UNIT ( * ) PLANE_ANGLE_UNIT ( ) SI_UNIT ( $, .RADIAN. ) );
#2999 = EDGE_LOOP ( 'NONE', ( #1295, #2120, #4456, #3756, #2673, #684 ) ) ;
#3000 = DIRECTION ( 'NONE',  ( 0.000000000000000000, -1.000000000000000000, -2.810542046950450046E-15 ) ) ;
#3001 = ORIENTED_EDGE ( 'NONE', *, *, #4288, .F. ) ;
#3002 = EDGE_LOOP ( 'NONE', ( #2414, #1485 ) ) ;
#3003 = FACE_OUTER_BOUND ( 'NONE', #1739, .T. ) ;
#3004 = FACE_OUTER_BOUND ( 'NONE', #2734, .T. ) ;
#3005 = FACE_OUTER_BOUND ( 'NONE', #1968, .T. ) ;
#3006 = ORIENTED_EDGE ( 'NONE', *, *, #4034, .T. ) ;
#3007 = DIRECTION ( 'NONE',  ( -0.7071067811843809725, -0.7071067811887139509, 1.551272216823340178E-14 ) ) ;
#3008 = CARTESIAN_POINT ( 'NONE',  ( 163.0171133453989682, -119.4624928209260020, 102.7643259181419921 ) ) ;
#3009 = ADVANCED_FACE ( 'NONE', ( #1708 ), #3450, .T. ) ;
#3010 = CARTESIAN_POINT ( 'NONE',  ( 163.0171133453979735, -127.3249999999999886, 92.80999999999720274 ) ) ;
#3011 = DIRECTION ( 'NONE',  ( 1.000000000000000000, 1.762258769246290055E-14, -2.887067357318670574E-14 ) ) ;
#3012 = EDGE_LOOP ( 'NONE', ( #4166, #3233, #3229, #3573, #3826 ) ) ;
#3013 = LINE ( 'NONE', #54, #5501 ) ;
#3014 = EDGE_CURVE ( 'NONE', #3621, #806, #3422, .T. ) ;
#3015 = DIRECTION ( 'NONE',  ( 1.000000000000000000, 1.065814103640150121E-14, -3.552713678800519862E-15 ) ) ;
#3016 = CARTESIAN_POINT ( 'NONE',  ( 155.3671133453989910, -131.4249999999999829, 89.48499999999999943 ) ) ;
#3017 = EDGE_CURVE ( 'NONE', #4091, #3395, #2497, .T. ) ;
#3018 = EDGE_CURVE ( 'NONE', #469, #3421, #1684, .T. ) ;
#3019 = ORIENTED_EDGE ( 'NONE', *, *, #2949, .F. ) ;
#3020 = ORIENTED_EDGE ( 'NONE', *, *, #3540, .F. ) ;
#3021 = CARTESIAN_POINT ( 'NONE',  ( 158.4776768572600076, -119.6624928209250101, 104.0641190093599988 ) ) ;
#3022 = CARTESIAN_POINT ( 'NONE',  ( 129.7216736896594682, -119.8623856366153291, 107.2642261936699413 ) ) ;
#3023 = CARTESIAN_POINT ( 'NONE',  ( 144.3762535071539901, -136.0431226656600074, 114.7836960734080094 ) ) ;
#3024 = CARTESIAN_POINT ( 'NONE',  ( 163.0171133453979735, -136.5250000000000057, 89.88500000000000512 ) ) ;
#3025 = ORIENTED_EDGE ( 'NONE', *, *, #3877, .T. ) ;
#3026 = CARTESIAN_POINT ( 'NONE',  ( 151.4497566842990182, -120.4624928209260020, 89.48499999999999943 ) ) ;
#3027 = FACE_OUTER_BOUND ( 'NONE', #1065, .T. ) ;
#3028 = LINE ( 'NONE', #871, #271 ) ;
#3029 = VERTEX_POINT ( 'NONE', #5495 ) ;
#3030 = CARTESIAN_POINT ( 'NONE',  ( 169.2382403691290165, -119.5222499092810153, 107.2641190093600017 ) ) ;
#3031 = LINE ( 'NONE', #963, #4140 ) ;
#3032 = DIRECTION ( 'NONE',  ( 1.000000000000000000, 0.000000000000000000, -2.371361224627529973E-15 ) ) ;
#3033 = CARTESIAN_POINT ( 'NONE',  ( 174.2171133453900040, -140.4624928209260020, 94.26432591814200634 ) ) ;
#3034 = DIRECTION ( 'NONE',  ( -0.7071067811865490160, 0.7071067811865461294, 1.968367378222149772E-14 ) ) ;
#3035 = EDGE_CURVE ( 'NONE', #928, #3667, #12, .T. ) ;
#3036 = ORIENTED_EDGE ( 'NONE', *, *, #4326, .F. ) ;
#3037 = CARTESIAN_POINT ( 'NONE',  ( 151.4497566842990182, -131.8249999999999886, 92.80999999999698957 ) ) ;
#3038 = DIRECTION ( 'NONE',  ( 1.165734175929510219E-14, -1.000000000000000000, -4.718447854658700095E-16 ) ) ;
#3039 =( GEOMETRIC_REPRESENTATION_CONTEXT ( 3 ) GLOBAL_UNCERTAINTY_ASSIGNED_CONTEXT ( ( #994 ) ) GLOBAL_UNIT_ASSIGNED_CONTEXT ( ( #327, #4271, #386 ) ) REPRESENTATION_CONTEXT ( 'NONE', 'WORKASPACE' ) );
#3040 = LINE ( 'NONE', #2655, #2894 ) ;
#3041 = LINE ( 'NONE', #1698, #3407 ) ;
#3042 = AXIS2_PLACEMENT_3D ( 'NONE', #5090, #4266, #406 ) ;
#3043 = EDGE_CURVE ( 'NONE', #1935, #2224, #3341, .T. ) ;
#3044 = ORIENTED_EDGE ( 'NONE', *, *, #5347, .F. ) ;
#3045 = ADVANCED_FACE ( 'NONE', ( #4293 ), #5067, .T. ) ;
#3046 = VERTEX_POINT ( 'NONE', #1661 ) ;
#3047 = ADVANCED_FACE ( 'NONE', ( #1744 ), #841, .F. ) ;
#3048 = AXIS2_PLACEMENT_3D ( 'NONE', #5306, #2751, #4420 ) ;
#3049 = CARTESIAN_POINT ( 'NONE',  ( 175.0171132998469830, -140.2624928209240238, 98.00716295908050313 ) ) ;
#3050 = DIRECTION ( 'NONE',  ( 1.000000000000000000, 2.009843822508449921E-15, -3.789849804151350260E-14 ) ) ;
#3051 = EDGE_CURVE ( 'NONE', #3835, #141, #3136, .T. ) ;
#3052 = DIRECTION ( 'NONE',  ( -1.000000000000000000, -8.742289393079860116E-15, 2.371361253508389962E-15 ) ) ;
#3053 = ORIENTED_EDGE ( 'NONE', *, *, #2304, .F. ) ;
#3054 = CARTESIAN_POINT ( 'NONE',  ( 129.7216736896594682, -119.8623856366153291, 104.2640118250503320 ) ) ;
#3055 = VERTEX_POINT ( 'NONE', #408 ) ;
#3056 = CIRCLE ( 'NONE', #5592, 2.500000000000002220 ) ;
#3057 = VECTOR ( 'NONE', #3052, 1000.000000000000000 ) ;
#3058 = ORIENTED_EDGE ( 'NONE', *, *, #5578, .F. ) ;
#3059 = FACE_BOUND ( 'NONE', #5018, .T. ) ;
#3060 = VECTOR ( 'NONE', #2505, 1000.000000000000000 ) ;
#3061 = FACE_OUTER_BOUND ( 'NONE', #2653, .T. ) ;
#3062 = CARTESIAN_POINT ( 'NONE',  ( 174.2171146169849862, -140.4624928209260020, 103.1643259181420120 ) ) ;
#3064 = ORIENTED_EDGE ( 'NONE', *, *, #2382, .T. ) ;
#3063 = MECHANICAL_DESIGN_GEOMETRIC_PRESENTATION_REPRESENTATION (  '', ( #1631 ), #4581 ) ;
#3065 = DIRECTION ( 'NONE',  ( 0.000000000000000000, 2.810542046950470162E-15, -1.000000000000000000 ) ) ;
#3066 = AXIS2_PLACEMENT_3D ( 'NONE', #2273, #2714, #1826 ) ;
#3067 = FACE_OUTER_BOUND ( 'NONE', #34, .T. ) ;
#3068 = PLANE ( 'NONE',  #4429 ) ;
#3069 = DIRECTION ( 'NONE',  ( 0.000000000000000000, 1.000000000000000000, -1.926745932492350360E-15 ) ) ;
#3070 = CIRCLE ( 'NONE', #5051, 1.975000000000004530 ) ;
#3071 = CARTESIAN_POINT ( 'NONE',  ( 157.2376503720309984, -140.4624928209260020, 92.48499999999999943 ) ) ;
#3072 = ORIENTED_EDGE ( 'NONE', *, *, #3980, .T. ) ;
#3073 = DIRECTION ( 'NONE',  ( -1.000000000000000000, 0.000000000000000000, 3.789849804151359726E-14 ) ) ;
#3074 = LINE ( 'NONE', #3944, #2981 ) ;
#3075 = LINE ( 'NONE', #456, #4400 ) ;
#3076 = VECTOR ( 'NONE', #940, 1000.000000000000114 ) ;
#3077 = VERTEX_POINT ( 'NONE', #2051 ) ;
#3078 = ORIENTED_EDGE ( 'NONE', *, *, #3875, .F. ) ;
#3079 = ADVANCED_FACE ( 'NONE', ( #4181 ), #2138, .T. ) ;
#3080 = DIRECTION ( 'NONE',  ( -1.000000000000000000, -1.654943585967730237E-14, 2.371361274187980218E-15 ) ) ;
#3081 = DIRECTION ( 'NONE',  ( 1.000000000000000000, 1.887379142593749877E-15, 1.700707699447170143E-14 ) ) ;
#3082 = CIRCLE ( 'NONE', #5074, 1.574999999999993072 ) ;
#3083 = CARTESIAN_POINT ( 'NONE',  ( 135.6171133453999857, -137.8744623790489925, 96.06432591814069610 ) ) ;
#3084 = ORIENTED_EDGE ( 'NONE', *, *, #5233, .T. ) ;
#3085 = EDGE_CURVE ( 'NONE', #2533, #584, #1230, .T. ) ;
#3086 = VERTEX_POINT ( 'NONE', #866 ) ;
#3087 = EDGE_LOOP ( 'NONE', ( #402, #2151, #4731, #5143, #495 ) ) ;
#3088 = VECTOR ( 'NONE', #3230, 1000.000000000000000 ) ;
#3089 = DIRECTION ( 'NONE',  ( 1.000000000000000000, 0.000000000000000000, 0.000000000000000000 ) ) ;
#3090 = ADVANCED_FACE ( 'NONE', ( #808 ), #2531, .F. ) ;
#3091 = DIRECTION ( 'NONE',  ( 0.7071067811865480168, -3.540082692113730350E-15, -0.7071067811865470176 ) ) ;
#3092 = CYLINDRICAL_SURFACE ( 'NONE', #1029, 1.708500000000001684 ) ;
#3093 = EDGE_CURVE ( 'NONE', #4095, #5145, #1658, .T. ) ;
#3094 = EDGE_LOOP ( 'NONE', ( #1651, #1700, #2556, #5372, #1905 ) ) ;
#3095 = CARTESIAN_POINT ( 'NONE',  ( 132.4171133454019866, -127.3438512425049964, 92.80999999999689010 ) ) ;
#3096 = DIRECTION ( 'NONE',  ( 6.510422698133861274E-15, -1.926745932492340105E-15, -1.000000000000000000 ) ) ;
#3097 = DIRECTION ( 'NONE',  ( 0.000000000000000000, -1.973846303234049855E-15, -1.000000000000000000 ) ) ;
#3098 = DIRECTION ( 'NONE',  ( -1.000000000000000000, -8.946782286856180428E-15, 2.371361253508400217E-15 ) ) ;
#3099 = DIRECTION ( 'NONE',  ( -2.371361224626879557E-15, -7.223637016929600039E-14, -1.000000000000000000 ) ) ;
#3100 = ORIENTED_EDGE ( 'NONE', *, *, #1499, .T. ) ;
#3101 = DIRECTION ( 'NONE',  ( -1.000000000000000000, 0.000000000000000000, 0.000000000000000000 ) ) ;
#3102 = FACE_OUTER_BOUND ( 'NONE', #4171, .T. ) ;
#3103 = DIRECTION ( 'NONE',  ( -9.378244137164250901E-15, 1.000000000000000000, 2.810542139866910211E-15 ) ) ;
#3104 = VERTEX_POINT ( 'NONE', #2973 ) ;
#3105 = ORIENTED_EDGE ( 'NONE', *, *, #2444, .T. ) ;
#3106 = EDGE_LOOP ( 'NONE', ( #468, #3373, #4885, #2366 ) ) ;
#3107 = CARTESIAN_POINT ( 'NONE',  ( 125.9448783421490106, -130.8094256212499999, 105.2643259181419921 ) ) ;
#3108 = LINE ( 'NONE', #4820, #71 ) ;
#3109 = CARTESIAN_POINT ( 'NONE',  ( 169.4448783421489964, -130.8094256212499999, 105.2643259181419921 ) ) ;
#3110 = ORIENTED_EDGE ( 'NONE', *, *, #328, .F. ) ;
#3111 = EDGE_LOOP ( 'NONE', ( #178, #360, #496, #4939 ) ) ;
#3112 = EDGE_CURVE ( 'NONE', #1229, #1036, #432, .T. ) ;
#3113 = ORIENTED_EDGE ( 'NONE', *, *, #1716, .T. ) ;
#3114 = DIRECTION ( 'NONE',  ( 0.000000000000000000, 1.000000000000000000, -1.622896118156660156E-15 ) ) ;
#3115 = CARTESIAN_POINT ( 'NONE',  ( 163.0171133453989682, -134.1749999999999829, 92.80999999999698957 ) ) ;
#3116 = EDGE_CURVE ( 'NONE', #3260, #35, #2165, .T. ) ;
#3117 = LINE ( 'NONE', #4776, #1747 ) ;
#3118 = EDGE_CURVE ( 'NONE', #2027, #4870, #1770, .T. ) ;
#3119 = ORIENTED_EDGE ( 'NONE', *, *, #3813, .T. ) ;
#3120 = CARTESIAN_POINT ( 'NONE',  ( 174.2171132998479948, -119.4624928214270057, 100.7500000000189999 ) ) ;
#3121 = CARTESIAN_POINT ( 'NONE',  ( 175.2171132998489895, -140.0624928209230120, 100.7500000000189999 ) ) ;
#3122 = EDGE_CURVE ( 'NONE', #1571, #1550, #993, .T. ) ;
#3123 = DIRECTION ( 'NONE',  ( 0.5130924759623317621, -0.8583333333331777393, 4.440892098500678424E-16 ) ) ;
#3124 = CARTESIAN_POINT ( 'NONE',  ( 120.2171133453919936, -140.0624928209240068, 103.7500000343869857 ) ) ;
#3125 = ORIENTED_EDGE ( 'NONE', *, *, #3843, .F. ) ;
#3126 = DIRECTION ( 'NONE',  ( -0.5488750411663001483, 0.5910736794955140372, 0.5910736794954810636 ) ) ;
#3127 = DIRECTION ( 'NONE',  ( 1.000000000000000000, 9.227827737143710103E-15, -2.371361224627550089E-15 ) ) ;
#3128 = ORIENTED_EDGE ( 'NONE', *, *, #5412, .F. ) ;
#3129 = ORIENTED_EDGE ( 'NONE', *, *, #4801, .T. ) ;
#3130 = ORIENTED_EDGE ( 'NONE', *, *, #4087, .F. ) ;
#3131 = CARTESIAN_POINT ( 'NONE',  ( 158.1497566842990068, -128.6529310438299945, 90.88499999999999091 ) ) ;
#3132 = DIRECTION ( 'NONE',  ( 0.5130924759622020881, -0.8583333333332552328, 8.551598539764371810E-15 ) ) ;
#3133 = EDGE_CURVE ( 'NONE', #2299, #3593, #2196, .T. ) ;
#3134 = AXIS2_PLACEMENT_3D ( 'NONE', #3390, #3867, #379 ) ;
#3135 = PLANE ( 'NONE',  #1347 ) ;
#3136 =( BOUNDED_CURVE ( )  B_SPLINE_CURVE ( 3, ( #3791, #892, #4712, #5529 ),
 .UNSPECIFIED., .F., .T. ) 
 B_SPLINE_CURVE_WITH_KNOTS ( ( 4, 4 ),
 ( 4.809662699128099739, 4.809755008601880100 ),
 .UNSPECIFIED. ) 
 CURVE ( )  GEOMETRIC_REPRESENTATION_ITEM ( )  RATIONAL_B_SPLINE_CURVE ( ( 1.000000000000000000, 0.9999999992899130108, 0.9999999992899130108, 1.000000000000000000 ) ) 
 REPRESENTATION_ITEM ( '' )  );
#3137 = ORIENTED_EDGE ( 'NONE', *, *, #5230, .F. ) ;
#3138 = AXIS2_PLACEMENT_3D ( 'NONE', #1081, #706, #2428 ) ;
#3139 = CARTESIAN_POINT ( 'NONE',  ( 160.1768364872739880, -140.4624928209240124, 103.7997837525840055 ) ) ;
#3140 = VECTOR ( 'NONE', #1644, 1000.000000000000000 ) ;
#3141 = CARTESIAN_POINT ( 'NONE',  ( 160.1768364872739880, -140.4624928209240124, 103.7997837525840055 ) ) ;
#3142 = AXIS2_PLACEMENT_3D ( 'NONE', #5235, #2661, #1372 ) ;
#3143 = ORIENTED_EDGE ( 'NONE', *, *, #2599, .T. ) ;
#3144 = CARTESIAN_POINT ( 'NONE',  ( 135.6171133453979962, -137.8744623790470030, 92.77466295906990013 ) ) ;
#3145 = ORIENTED_EDGE ( 'NONE', *, *, #2406, .F. ) ;
#3146 = ORIENTED_EDGE ( 'NONE', *, *, #1643, .F. ) ;
#3147 = CARTESIAN_POINT ( 'NONE',  ( 160.1768364872739880, -119.4624928209260020, 103.7997837525840055 ) ) ;
#3148 = PRODUCT_DEFINITION_FORMATION_WITH_SPECIFIED_SOURCE ( 'ANY', '', #1544, .NOT_KNOWN. ) ;
#3149 = DIRECTION ( 'NONE',  ( -1.539220716937389985E-14, 0.000000000000000000, 1.000000000000000000 ) ) ;
#3150 = DIRECTION ( 'NONE',  ( -4.032935767705780665E-15, 1.926745932492350360E-15, 1.000000000000000000 ) ) ;
#3151 = EDGE_CURVE ( 'NONE', #3653, #5106, #483, .T. ) ;
#3152 = DIRECTION ( 'NONE',  ( -0.5488750411663201323, -0.5910736794955042672, -0.5910736794954722928 ) ) ;
#3153 = AXIS2_PLACEMENT_3D ( 'NONE', #2118, #3427, #2174 ) ;
#3154 = AXIS2_PLACEMENT_3D ( 'NONE', #5034, #2478, #4662 ) ;
#3155 = VERTEX_POINT ( 'NONE', #2097 ) ;
#3156 = EDGE_CURVE ( 'NONE', #4967, #509, #4876, .T. ) ;
#3157 = LINE ( 'NONE', #1113, #909 ) ;
#3158 = DIRECTION ( 'NONE',  ( -1.000000000000000000, 0.000000000000000000, 0.000000000000000000 ) ) ;
#3159 = DIRECTION ( 'NONE',  ( 7.729780675112701231E-15, 0.7071067811865320296, -0.7071067811865631159 ) ) ;
#3160 = VECTOR ( 'NONE', #3204, 1000.000000000000000 ) ;
#3161 = EDGE_CURVE ( 'NONE', #2299, #2507, #4723, .T. ) ;
#3162 = ORIENTED_EDGE ( 'NONE', *, *, #3454, .T. ) ;
#3163 = ORIENTED_EDGE ( 'NONE', *, *, #13, .T. ) ;
#3164 = CARTESIAN_POINT ( 'NONE',  ( 145.5948783421530095, -130.7594256212520065, 96.38500000000000512 ) ) ;
#3165 = VECTOR ( 'NONE', #2960, 1000.000000000000000 ) ;
#3166 = ORIENTED_EDGE ( 'NONE', *, *, #5091, .T. ) ;
#3167 = EDGE_LOOP ( 'NONE', ( #2804, #1250, #5377, #5121 ) ) ;
#3168 = CARTESIAN_POINT ( 'NONE',  ( 137.8171133454100072, -132.5999999999999943, 92.80999999999889383 ) ) ;
#3169 = CIRCLE ( 'NONE', #2883, 2.750000000000002665 ) ;
#3170 = LINE ( 'NONE', #209, #266 ) ;
#3171 = EDGE_LOOP ( 'NONE', ( #3940, #4485, #1488, #2215 ) ) ;
#3172 = VECTOR ( 'NONE', #5425, 1000.000000000000000 ) ;
#3173 = ORIENTED_EDGE ( 'NONE', *, *, #5055, .F. ) ;
#3174 =( NAMED_UNIT ( * ) PLANE_ANGLE_UNIT ( ) SI_UNIT ( $, .RADIAN. ) );
#3175 = LINE ( 'NONE', #5358, #4233 ) ;
#3176 = ORIENTED_EDGE ( 'NONE', *, *, #2599, .F. ) ;
#3177 = DIRECTION ( 'NONE',  ( -3.673940376433440166E-16, -1.973846303234049855E-15, -1.000000000000000000 ) ) ;
#3178 = EDGE_LOOP ( 'NONE', ( #2285, #4975, #1115, #5110 ) ) ;
#3179 = ORIENTED_EDGE ( 'NONE', *, *, #3454, .F. ) ;
#3180 = AXIS2_PLACEMENT_3D ( 'NONE', #3595, #3177, #4891 ) ;
#3181 = DIRECTION ( 'NONE',  ( -1.000000000000000000, -2.009843822508519735E-15, 3.285583168621639665E-16 ) ) ;
#3182 = DIRECTION ( 'NONE',  ( 1.000000000000000000, 0.000000000000000000, 0.000000000000000000 ) ) ;
#3183 = FACE_OUTER_BOUND ( 'NONE', #2107, .T. ) ;
#3184 = CARTESIAN_POINT ( 'NONE',  ( 135.6171133453979962, -137.8744623790470030, 99.46432591814070179 ) ) ;
#3185 = CARTESIAN_POINT ( 'NONE',  ( 156.5497566843010304, -136.9249999999999829, 92.80999999999698957 ) ) ;
#3186 = EDGE_CURVE ( 'NONE', #1209, #5257, #2367, .T. ) ;
#3187 = PLANE ( 'NONE',  #3326 ) ;
#3188 = CARTESIAN_POINT ( 'NONE',  ( 157.1497566842990068, -131.8249999999999886, 89.88500000000000512 ) ) ;
#3189 = VERTEX_POINT ( 'NONE', #2510 ) ;
#3190 = FACE_OUTER_BOUND ( 'NONE', #3309, .T. ) ;
#3191 = ADVANCED_FACE ( 'NONE', ( #5594, #792 ), #851, .T. ) ;
#3192 = ORIENTED_EDGE ( 'NONE', *, *, #5270, .T. ) ;
#3193 = ADVANCED_FACE ( 'NONE', ( #3912 ), #2544, .F. ) ;
#3194 = ORIENTED_EDGE ( 'NONE', *, *, #4866, .T. ) ;
#3195 = FACE_OUTER_BOUND ( 'NONE', #1761, .T. ) ;
#3196 = EDGE_CURVE ( 'NONE', #3931, #728, #25, .T. ) ;
#3197 = DIRECTION ( 'NONE',  ( 1.000000000000000000, 2.009843822508529990E-15, -2.748129594203400391E-15 ) ) ;
#3198 = VERTEX_POINT ( 'NONE', #5540 ) ;
#3199 = ORIENTED_EDGE ( 'NONE', *, *, #5376, .F. ) ;
#3200 = CARTESIAN_POINT ( 'NONE',  ( 159.8171133454000028, -119.4624928209239982, 99.46432591814070179 ) ) ;
#3201 = CARTESIAN_POINT ( 'NONE',  ( 158.1497566842990068, -127.3249999999999886, 92.80999999999720274 ) ) ;
#3202 = ORIENTED_EDGE ( 'NONE', *, *, #3875, .T. ) ;
#3203 = LINE ( 'NONE', #757, #1290 ) ;
#3204 = DIRECTION ( 'NONE',  ( -1.000000000000000000, -8.742289393079860116E-15, 2.371361253508389962E-15 ) ) ;
#3205 = ORIENTED_EDGE ( 'NONE', *, *, #1300, .F. ) ;
#3206 = ORIENTED_EDGE ( 'NONE', *, *, #3043, .T. ) ;
#3207 = CARTESIAN_POINT ( 'NONE',  ( 147.7171133453930167, -119.4624928209260020, 110.3643259181420007 ) ) ;
#3208 = DIRECTION ( 'NONE',  ( 1.569712496704820284E-14, -1.000000000000000000, -4.718447854659639825E-16 ) ) ;
#3209 = CARTESIAN_POINT ( 'NONE',  ( 137.4171133454100016, -136.1500000000000057, 92.80999999999889383 ) ) ;
#3210 = CARTESIAN_POINT ( 'NONE',  ( 163.0171133453989682, -131.4249999999999829, 92.80999999999670536 ) ) ;
#3211 = LINE ( 'NONE', #992, #5416 ) ;
#3212 = LINE ( 'NONE', #2381, #2076 ) ;
#3213 = FACE_OUTER_BOUND ( 'NONE', #2177, .T. ) ;
#3214 = ORIENTED_EDGE ( 'NONE', *, *, #3361, .F. ) ;
#3215 = ORIENTED_EDGE ( 'NONE', *, *, #2131, .T. ) ;
#3216 = ORIENTED_EDGE ( 'NONE', *, *, #641, .F. ) ;
#3217 = CARTESIAN_POINT ( 'NONE',  ( 132.4171133454029814, -119.4624928209269967, 95.99966296426720191 ) ) ;
#3218 = EDGE_CURVE ( 'NONE', #3567, #4268, #4646, .T. ) ;
#3219 = EDGE_CURVE ( 'NONE', #2680, #1935, #364, .T. ) ;
#3220 = CARTESIAN_POINT ( 'NONE',  ( 158.1497566842990068, -133.6374999999999886, 90.88499999999999091 ) ) ;
#3221 = ORIENTED_EDGE ( 'NONE', *, *, #1059, .F. ) ;
#3222 = ADVANCED_FACE ( 'NONE', ( #3803, #1729 ), #824, .F. ) ;
#3223 = ORIENTED_EDGE ( 'NONE', *, *, #125, .F. ) ;
#3224 = CONICAL_SURFACE ( 'NONE', #5575, 1.774999999999998801, 0.7853981633974236320 ) ;
#3225 = CARTESIAN_POINT ( 'NONE',  ( 147.7171133453909988, -128.9624928209250072, 110.7643259181420063 ) ) ;
#3226 = EDGE_CURVE ( 'NONE', #4546, #2533, #2206, .T. ) ;
#3227 = EDGE_CURVE ( 'NONE', #2935, #608, #932, .T. ) ;
#3228 = LINE ( 'NONE', #3259, #5234 ) ;
#3229 = ORIENTED_EDGE ( 'NONE', *, *, #1466, .T. ) ;
#3230 = DIRECTION ( 'NONE',  ( 2.418031965417639854E-14, 8.883556882512551274E-15, -1.000000000000000000 ) ) ;
#3231 = VECTOR ( 'NONE', #2738, 1000.000000000000000 ) ;
#3232 = LINE ( 'NONE', #1127, #1451 ) ;
#3233 = ORIENTED_EDGE ( 'NONE', *, *, #3151, .T. ) ;
#3234 = EDGE_LOOP ( 'NONE', ( #4627, #4551 ) ) ;
#3235 = LINE ( 'NONE', #5007, #5428 ) ;
#3236 = LINE ( 'NONE', #3655, #1832 ) ;
#3237 = AXIS2_PLACEMENT_3D ( 'NONE', #340, #3751, #1616 ) ;
#3238 = LINE ( 'NONE', #1954, #2867 ) ;
#3239 = DIRECTION ( 'NONE',  ( 0.000000000000000000, 1.000000000000000000, 0.000000000000000000 ) ) ;
#3240 = PLANE ( 'NONE',  #3599 ) ;
#3241 = VECTOR ( 'NONE', #2263, 1000.000000000000114 ) ;
#3242 = VECTOR ( 'NONE', #3099, 1000.000000000000000 ) ;
#3243 = DIRECTION ( 'NONE',  ( 0.9999949793425630951, 5.726564492753836596E-15, -0.003168799404648470468 ) ) ;
#3244 = CARTESIAN_POINT ( 'NONE',  ( 163.0171133453979735, -132.8249999999999886, 89.88500000000000512 ) ) ;
#3245 = VECTOR ( 'NONE', #791, 1000.000000000000000 ) ;
#3246 = VECTOR ( 'NONE', #4613, 1000.000000000000000 ) ;
#3247 = ORIENTED_EDGE ( 'NONE', *, *, #1235, .F. ) ;
#3248 = ORIENTED_EDGE ( 'NONE', *, *, #2985, .T. ) ;
#3249 = AXIS2_PLACEMENT_3D ( 'NONE', #3630, #4987, #1490 ) ;
#3250 = ORIENTED_EDGE ( 'NONE', *, *, #2171, .T. ) ;
#3251 = CARTESIAN_POINT ( 'NONE',  ( 160.9671133453899756, -140.2624928209260133, 110.5643259181420035 ) ) ;
#3252 = DIRECTION ( 'NONE',  ( 1.569712496704830066E-14, -1.000000000000000000, -2.810542046950490278E-15 ) ) ;
#3253 = CIRCLE ( 'NONE', #9, 2.349999999999990763 ) ;
#3254 = EDGE_LOOP ( 'NONE', ( #4647, #3488, #1701, #2835 ) ) ;
#3255 = ORIENTED_EDGE ( 'NONE', *, *, #1548, .F. ) ;
#3256 = EDGE_CURVE ( 'NONE', #1436, #2093, #3852, .T. ) ;
#3257 = AXIS2_PLACEMENT_3D ( 'NONE', #1688, #762, #3798 ) ;
#3258 = CARTESIAN_POINT ( 'NONE',  ( 124.3687542002400050, -119.8613980543999986, 105.0811190093599947 ) ) ;
#3259 = CARTESIAN_POINT ( 'NONE',  ( 163.0171133453979735, -129.6529310438299945, 89.88500000000000512 ) ) ;
#3260 = VERTEX_POINT ( 'NONE', #4302 ) ;
#3261 = AXIS2_PLACEMENT_3D ( 'NONE', #5565, #393, #4255 ) ;
#3262 = CARTESIAN_POINT ( 'NONE',  ( 120.2171133453939973, -119.4624950404660098, 100.7500000000264038 ) ) ;
#3263 = CARTESIAN_POINT ( 'NONE',  ( 122.1508943902835114, -119.4624928209259593, 109.4955636849622351 ) ) ;
#3264 = EDGE_LOOP ( 'NONE', ( #4725, #2485, #4786, #1147 ) ) ;
#3265 = ORIENTED_EDGE ( 'NONE', *, *, #2874, .F. ) ;
#3266 = DIRECTION ( 'NONE',  ( 0.000000000000000000, -1.000000000000000000, 1.973846303234049855E-15 ) ) ;
#3267 = EDGE_CURVE ( 'NONE', #44, #667, #447, .T. ) ;
#3268 = CARTESIAN_POINT ( 'NONE',  ( 124.3688204052031665, -119.8617629959866946, 104.2633891844217118 ) ) ;
#3269 = EDGE_CURVE ( 'NONE', #304, #153, #1693, .T. ) ;
#3270 = LINE ( 'NONE', #2011, #1018 ) ;
#3271 = LINE ( 'NONE', #4086, #5223 ) ;
#3272 = CARTESIAN_POINT ( 'NONE',  ( 160.7751431929569890, -136.9249999999999829, 92.80999999999670536 ) ) ;
#3273 = FACE_OUTER_BOUND ( 'NONE', #4816, .T. ) ;
#3274 = ORIENTED_EDGE ( 'NONE', *, *, #1715, .F. ) ;
#3275 = VERTEX_POINT ( 'NONE', #1321 ) ;
#3276 = CARTESIAN_POINT ( 'NONE',  ( 172.7216946132480189, -119.8621712665460137, 104.2637974549800077 ) ) ;
#3277 = DIRECTION ( 'NONE',  ( -1.000000000000000000, 0.000000000000000000, 0.000000000000000000 ) ) ;
#3278 = VERTEX_POINT ( 'NONE', #906 ) ;
#3279 = ORIENTED_EDGE ( 'NONE', *, *, #2275, .F. ) ;
#3280 = DIRECTION ( 'NONE',  ( 3.965082230804120359E-15, 1.407292413469244005E-15, 1.000000000000000000 ) ) ;
#3281 = DIRECTION ( 'NONE',  ( -2.055968564121055696E-14, 1.000000000000000000, -9.251858538544751261E-14 ) ) ;
#3282 = ORIENTED_EDGE ( 'NONE', *, *, #471, .T. ) ;
#3283 = ADVANCED_FACE ( 'NONE', ( #1272, #2622 ), #481, .T. ) ;
#3284 = CARTESIAN_POINT ( 'NONE',  ( 147.6948783421489964, -130.7594256212510118, 110.5643259181420035 ) ) ;
#3285 = CARTESIAN_POINT ( 'NONE',  ( 156.5497566843010304, -127.3249999999999886, 92.80999999999698957 ) ) ;
#3286 = ORIENTED_EDGE ( 'NONE', *, *, #1375, .F. ) ;
#3287 = FACE_BOUND ( 'NONE', #3713, .T. ) ;
#3288 =( BOUNDED_CURVE ( )  B_SPLINE_CURVE ( 3, ( #5191, #4339, #3917, #5219 ),
 .UNSPECIFIED., .F., .T. ) 
 B_SPLINE_CURVE_WITH_KNOTS ( ( 4, 4 ),
 ( 4.891849744650549781, 4.892435373345469962 ),
 .UNSPECIFIED. ) 
 CURVE ( )  GEOMETRIC_REPRESENTATION_ITEM ( )  RATIONAL_B_SPLINE_CURVE ( ( 1.000000000000000000, 0.9999999714199190315, 0.9999999714199190315, 1.000000000000000000 ) ) 
 REPRESENTATION_ITEM ( '' )  );
#3289 = CARTESIAN_POINT ( 'NONE',  ( 143.9500000000089983, -130.1469256212519952, 95.03499999999820602 ) ) ;
#3290 = ADVANCED_FACE ( 'NONE', ( #3600 ), #4446, .F. ) ;
#3291 = EDGE_CURVE ( 'NONE', #1902, #4264, #5052, .T. ) ;
#3292 = CARTESIAN_POINT ( 'NONE',  ( 132.4171133454029814, -119.4624928209269967, 89.48499999999999943 ) ) ;
#3293 = VERTEX_POINT ( 'NONE', #3121 ) ;
#3294 = LINE ( 'NONE', #5104, #4050 ) ;
#3295 = ADVANCED_FACE ( 'NONE', ( #4867 ), #589, .T. ) ;
#3296 = LINE ( 'NONE', #657, #3957 ) ;
#3297 = ORIENTED_EDGE ( 'NONE', *, *, #3743, .T. ) ;
#3298 = DIRECTION ( 'NONE',  ( 0.000000000000000000, -1.000000000000000000, -2.810542046950450046E-15 ) ) ;
#3299 = EDGE_LOOP ( 'NONE', ( #424, #3176 ) ) ;
#3300 = LINE ( 'NONE', #1164, #162 ) ;
#3301 = DIRECTION ( 'NONE',  ( -1.762258769246287846E-14, 1.000000000000000000, 0.000000000000000000 ) ) ;
#3302 = ORIENTED_EDGE ( 'NONE', *, *, #3304, .T. ) ;
#3303 = VERTEX_POINT ( 'NONE', #70 ) ;
#3304 = EDGE_CURVE ( 'NONE', #3855, #4628, #1023, .T. ) ;
#3305 = LINE ( 'NONE', #3200, #5207 ) ;
#3306 = ORIENTED_EDGE ( 'NONE', *, *, #2708, .F. ) ;
#3307 = DIRECTION ( 'NONE',  ( -1.000000000000000000, -1.762258769246290055E-14, 2.892304216119329995E-14 ) ) ;
#3308 = LINE ( 'NONE', #5032, #1636 ) ;
#3309 = EDGE_LOOP ( 'NONE', ( #129, #4618, #4454, #5513 ) ) ;
#3310 = VECTOR ( 'NONE', #3704, 1000.000000000000000 ) ;
#3311 = CARTESIAN_POINT ( 'NONE',  ( 163.0171133454049937, -119.4624928209269967, 96.06432591814069610 ) ) ;
#3312 = DIRECTION ( 'NONE',  ( -1.569712496704820284E-14, 1.000000000000000000, -2.529453808884130036E-15 ) ) ;
#3313 = AXIS2_PLACEMENT_3D ( 'NONE', #3329, #2651, #3360 ) ;
#3314 = DIRECTION ( 'NONE',  ( -1.181088324069313042E-14, 1.000000000000000000, 0.000000000000000000 ) ) ;
#3315 = DIRECTION ( 'NONE',  ( -4.032935767705780665E-15, 1.926745932492370081E-15, 1.000000000000000000 ) ) ;
#3316 = ORIENTED_EDGE ( 'NONE', *, *, #3638, .F. ) ;
#3317 = CARTESIAN_POINT ( 'NONE',  ( 163.0171133453979735, -127.3249999999999886, 92.80999999999720274 ) ) ;
#3318 = AXIS2_PLACEMENT_3D ( 'NONE', #1788, #3810, #3892 ) ;
#3319 = EDGE_CURVE ( 'NONE', #4180, #3933, #2317, .T. ) ;
#3320 = CARTESIAN_POINT ( 'NONE',  ( 159.8171133453990080, -119.9624928209249930, 96.06432591814309774 ) ) ;
#3321 = EDGE_CURVE ( 'NONE', #369, #4030, #3937, .T. ) ;
#3322 = VECTOR ( 'NONE', #466, 1000.000000000000000 ) ;
#3323 = ORIENTED_EDGE ( 'NONE', *, *, #4601, .T. ) ;
#3324 = DIRECTION ( 'NONE',  ( 1.000000000000000000, -7.867353525348019859E-29, 1.700707699447170143E-14 ) ) ;
#3325 = EDGE_CURVE ( 'NONE', #509, #4967, #4781, .T. ) ;
#3326 = AXIS2_PLACEMENT_3D ( 'NONE', #199, #1931, #1185 ) ;
#3327 = VECTOR ( 'NONE', #2729, 1000.000000000000000 ) ;
#3328 = ORIENTED_EDGE ( 'NONE', *, *, #3947, .T. ) ;
#3329 = CARTESIAN_POINT ( 'NONE',  ( 161.2171130401620189, -140.0624928209230120, 103.6640618979689918 ) ) ;
#3330 = ADVANCED_FACE ( 'NONE', ( #2750 ), #2669, .F. ) ;
#3331 = DIRECTION ( 'NONE',  ( 1.000000000000000000, 0.000000000000000000, -2.748129594203400391E-15 ) ) ;
#3332 = ORIENTED_EDGE ( 'NONE', *, *, #966, .F. ) ;
#3333 = COLOUR_RGB ( '',1.000000000000000000, 1.000000000000000000, 1.000000000000000000 ) ;
#3334 = AXIS2_PLACEMENT_3D ( 'NONE', #4370, #516, #548 ) ;
#3335 = ORIENTED_EDGE ( 'NONE', *, *, #335, .F. ) ;
#3336 = CARTESIAN_POINT ( 'NONE',  ( 156.5497566843020252, -124.5750000000000028, 91.68993233009069854 ) ) ;
#3337 = CARTESIAN_POINT ( 'NONE',  ( 158.1497566842990068, -127.4470514048054213, 94.15447144059550055 ) ) ;
#3338 = AXIS2_PLACEMENT_3D ( 'NONE', #3285, #5005, #2030 ) ;
#3339 = LINE ( 'NONE', #1706, #1817 ) ;
#3340 = ORIENTED_EDGE ( 'NONE', *, *, #2035, .T. ) ;
#3341 = LINE ( 'NONE', #1207, #2111 ) ;
#3342 = CARTESIAN_POINT ( 'NONE',  ( 130.1377302020020181, -119.4624928209260020, 105.0811190093599947 ) ) ;
#3343 = ORIENTED_EDGE ( 'NONE', *, *, #511, .T. ) ;
#3344 = LINE ( 'NONE', #2893, #3246 ) ;
#3345 = AXIS2_PLACEMENT_3D ( 'NONE', #1787, #1387, #3158 ) ;
#3346 = DIRECTION ( 'NONE',  ( -2.418031965417649952E-14, 0.000000000000000000, 1.000000000000000000 ) ) ;
#3347 = CARTESIAN_POINT ( 'NONE',  ( 120.6171133453919850, -140.4624928209260020, 99.00716297626419760 ) ) ;
#3348 = VECTOR ( 'NONE', #4085, 1000.000000000000000 ) ;
#3349 = CARTESIAN_POINT ( 'NONE',  ( 151.4497566842990182, -133.5000000000000000, 92.11000236511068806 ) ) ;
#3350 = ORIENTED_EDGE ( 'NONE', *, *, #4801, .F. ) ;
#3351 = PLANE ( 'NONE',  #282 ) ;
#3352 = AXIS2_PLACEMENT_3D ( 'NONE', #2123, #3829, #1671 ) ;
#3353 = CARTESIAN_POINT ( 'NONE',  ( 163.0171133453989682, -130.0529310438300001, 92.46230441458909866 ) ) ;
#3354 = DIRECTION ( 'NONE',  ( -1.181088324069313042E-14, 1.000000000000000000, 0.000000000000000000 ) ) ;
#3355 = EDGE_CURVE ( 'NONE', #1087, #2210, #4515, .T. ) ;
#3356 = VERTEX_POINT ( 'NONE', #4472 ) ;
#3357 = LINE ( 'NONE', #420, #626 ) ;
#3358 = VECTOR ( 'NONE', #1126, 1000.000000000000000 ) ;
#3359 = VERTEX_POINT ( 'NONE', #5304 ) ;
#3360 = DIRECTION ( 'NONE',  ( 0.8618565397866660982, 1.982503728189842186E-15, 0.5071521515550880821 ) ) ;
#3361 = EDGE_CURVE ( 'NONE', #2130, #4772, #3546, .T. ) ;
#3362 = VERTEX_POINT ( 'NONE', #5249 ) ;
#3363 = EDGE_CURVE ( 'NONE', #2432, #4546, #5278, .T. ) ;
#3364 = ORIENTED_EDGE ( 'NONE', *, *, #2511, .F. ) ;
#3365 = ORIENTED_EDGE ( 'NONE', *, *, #3608, .F. ) ;
#3366 = ADVANCED_FACE ( 'NONE', ( #3183 ), #1780, .T. ) ;
#3367 = DIRECTION ( 'NONE',  ( 0.000000000000000000, -1.000000000000000000, 6.071242150050810561E-15 ) ) ;
#3368 = DIRECTION ( 'NONE',  ( -1.539220716937389985E-14, 0.000000000000000000, 1.000000000000000000 ) ) ;
#3369 = CARTESIAN_POINT ( 'NONE',  ( 129.3159429339690121, -119.4624928209260020, 109.7643247870279879 ) ) ;
#3370 = EDGE_LOOP ( 'NONE', ( #750, #3834, #2253, #5088, #5080 ) ) ;
#3371 = DIRECTION ( 'NONE',  ( 1.654943585967730237E-14, -1.000000000000000000, -2.810542139866970165E-15 ) ) ;
#3372 = CARTESIAN_POINT ( 'NONE',  ( 137.4171133454100016, -127.3438512425049964, 92.80999999999698957 ) ) ;
#3373 = ORIENTED_EDGE ( 'NONE', *, *, #478, .F. ) ;
#3374 = DIRECTION ( 'NONE',  ( -0.7327805653449773748, 0.6804650197127662947, 1.056162697808659673E-15 ) ) ;
#3375 = CARTESIAN_POINT ( 'NONE',  ( 162.0171133453979735, -127.3249999999999886, 92.80999999999720274 ) ) ;
#3376 = CARTESIAN_POINT ( 'NONE',  ( 125.9448783421490106, -130.8094256212499999, 105.2643259181419921 ) ) ;
#3377 = DIRECTION ( 'NONE',  ( -6.510422698133851019E-15, 0.000000000000000000, 1.000000000000000000 ) ) ;
#3378 = EDGE_LOOP ( 'NONE', ( #5571, #1745, #2662, #4453, #4713, #1848, #5566, #4375, #3956, #3214 ) ) ;
#3379 = DIRECTION ( 'NONE',  ( 0.000000000000000000, 1.407292413469239864E-15, 1.000000000000000000 ) ) ;
#3380 = DIRECTION ( 'NONE',  ( 0.000000000000000000, -7.223637016929600039E-14, -1.000000000000000000 ) ) ;
#3381 = DIRECTION ( 'NONE',  ( 0.000000000000000000, -1.000000000000000000, -4.625929269271481378E-15 ) ) ;
#3382 = VERTEX_POINT ( 'NONE', #2227 ) ;
#3383 = CARTESIAN_POINT ( 'NONE',  ( 171.7948783421490191, -130.8094256212499999, 105.2643259181419921 ) ) ;
#3384 = CARTESIAN_POINT ( 'NONE',  ( 127.8533783421490000, -130.8094256212499999, 110.5643259181420035 ) ) ;
#3385 = DIRECTION ( 'NONE',  ( -1.000000000000000000, 0.000000000000000000, -1.539220716937389985E-14 ) ) ;
#3386 = EDGE_LOOP ( 'NONE', ( #3747, #5021, #3507, #3206 ) ) ;
#3387 = ORIENTED_EDGE ( 'NONE', *, *, #4730, .F. ) ;
#3388 = ADVANCED_FACE ( 'NONE', ( #1889, #1353 ), #3068, .F. ) ;
#3389 = CARTESIAN_POINT ( 'NONE',  ( 161.8002086865389799, -135.8999345064160309, 89.88500000000000512 ) ) ;
#3390 = CARTESIAN_POINT ( 'NONE',  ( 161.2171130401620189, -119.4624950404660098, 103.6640618979689918 ) ) ;
#3391 = EDGE_CURVE ( 'NONE', #433, #2633, #1112, .T. ) ;
#3392 = VERTEX_POINT ( 'NONE', #564 ) ;
#3393 = DIRECTION ( 'NONE',  ( 2.371361253508419939E-15, -2.810542046950450046E-15, 1.000000000000000000 ) ) ;
#3394 = EDGE_CURVE ( 'NONE', #30, #5294, #3236, .T. ) ;
#3395 = VERTEX_POINT ( 'NONE', #305 ) ;
#3396 = CARTESIAN_POINT ( 'NONE',  ( 140.7551759362234236, -139.1695996021123847, 109.0572180058416052 ) ) ;
#3397 = EDGE_CURVE ( 'NONE', #1057, #3621, #279, .T. ) ;
#3398 = PLANE ( 'NONE',  #3868 ) ;
#3399 = DIRECTION ( 'NONE',  ( 0.000000000000000000, 1.000000000000000000, -1.027984282060527848E-13 ) ) ;
#3400 = VECTOR ( 'NONE', #812, 1000.000000000000000 ) ;
#3401 = ORIENTED_EDGE ( 'NONE', *, *, #2133, .T. ) ;
#3402 = CARTESIAN_POINT ( 'NONE',  ( 163.0171133453979735, -129.6529310438289997, 92.48869476322960281 ) ) ;
#3403 = DIRECTION ( 'NONE',  ( 1.000000000000000000, -7.120326166349700838E-29, 1.539220716937389985E-14 ) ) ;
#3404 = VECTOR ( 'NONE', #5175, 1000.000000000000000 ) ;
#3405 = DIRECTION ( 'NONE',  ( 0.000000000000000000, -1.000000000000000000, 5.006432955109510304E-15 ) ) ;
#3406 = ORIENTED_EDGE ( 'NONE', *, *, #1580, .T. ) ;
#3407 = VECTOR ( 'NONE', #2630, 1000.000000000000000 ) ;
#3408 = DIRECTION ( 'NONE',  ( -1.000000000000000000, -1.009293658750142123E-14, 2.371361224627544961E-15 ) ) ;
#3409 = DIRECTION ( 'NONE',  ( -6.416517355157920143E-10, 0.7071067813717820671, -0.7071067810013129673 ) ) ;
#3410 = LINE ( 'NONE', #3859, #75 ) ;
#3411 = VECTOR ( 'NONE', #3748, 1000.000000000000000 ) ;
#3412 = ORIENTED_EDGE ( 'NONE', *, *, #4278, .T. ) ;
#3413 = VERTEX_POINT ( 'NONE', #1923 ) ;
#3414 = VECTOR ( 'NONE', #4023, 1000.000000000000000 ) ;
#3415 = CIRCLE ( 'NONE', #177, 2.099999999999963229 ) ;
#3416 = CARTESIAN_POINT ( 'NONE',  ( 159.8171133454050334, -119.4624928209269967, 96.06432591814299826 ) ) ;
#3417 = PLANE ( 'NONE',  #4932 ) ;
#3418 = PRESENTATION_LAYER_ASSIGNMENT (  '', '', ( #2699 ) ) ;
#3419 = DIRECTION ( 'NONE',  ( 0.000000000000000000, 1.973846303234049855E-15, 1.000000000000000000 ) ) ;
#3420 = AXIS2_PLACEMENT_3D ( 'NONE', #2134, #4289, #3836 ) ;
#3421 = VERTEX_POINT ( 'NONE', #5035 ) ;
#3422 = LINE ( 'NONE', #4635, #4791 ) ;
#3423 = ORIENTED_EDGE ( 'NONE', *, *, #3805, .T. ) ;
#3424 = ORIENTED_EDGE ( 'NONE', *, *, #3256, .T. ) ;
#3425 = VECTOR ( 'NONE', #2482, 1000.000000000000000 ) ;
#3426 = DIRECTION ( 'NONE',  ( -0.9999811604344926996, -1.982503765188892233E-15, 0.006138304007261701466 ) ) ;
#3427 = DIRECTION ( 'NONE',  ( -0.7327805653449599443, 0.6804650197127849465, -1.001116356391870373E-15 ) ) ;
#3428 = EDGE_CURVE ( 'NONE', #4030, #4095, #4970, .T. ) ;
#3429 = FACE_OUTER_BOUND ( 'NONE', #5003, .T. ) ;
#3430 = VECTOR ( 'NONE', #455, 1000.000000000000000 ) ;
#3431 = EDGE_CURVE ( 'NONE', #1249, #867, #3715, .T. ) ;
#3432 = ORIENTED_EDGE ( 'NONE', *, *, #3093, .F. ) ;
#3433 = CARTESIAN_POINT ( 'NONE',  ( 131.9545827862120007, -134.2119318198620022, 99.46432591814078705 ) ) ;
#3434 = DIRECTION ( 'NONE',  ( 0.8618565397866657651, 0.000000000000000000, 0.5071521515550884152 ) ) ;
#3435 = CARTESIAN_POINT ( 'NONE',  ( 124.7391803146820024, -119.4624928209260020, 105.0811190093599947 ) ) ;
#3436 = EDGE_CURVE ( 'NONE', #4279, #44, #3620, .T. ) ;
#3437 = AXIS2_PLACEMENT_3D ( 'NONE', #1265, #2503, #2056 ) ;
#3438 = CYLINDRICAL_SURFACE ( 'NONE', #1895, 2.349999999999990763 ) ;
#3439 = VECTOR ( 'NONE', #3208, 1000.000000000000000 ) ;
#3440 = ORIENTED_EDGE ( 'NONE', *, *, #4186, .F. ) ;
#3441 = CARTESIAN_POINT ( 'NONE',  ( 136.9776768572590129, -119.4624928209260020, 103.8641190093600102 ) ) ;
#3442 = LINE ( 'NONE', #5170, #2009 ) ;
#3443 = LINE ( 'NONE', #3016, #5031 ) ;
#3444 = VERTEX_POINT ( 'NONE', #4532 ) ;
#3445 = VECTOR ( 'NONE', #2143, 1000.000000000000000 ) ;
#3446 = ORIENTED_EDGE ( 'NONE', *, *, #5059, .T. ) ;
#3447 = CARTESIAN_POINT ( 'NONE',  ( 122.7548175178110057, -119.8624928209259934, 107.2641190093600017 ) ) ;
#3448 = LINE ( 'NONE', #1794, #5311 ) ;
#3449 = CARTESIAN_POINT ( 'NONE',  ( 147.7171132674830005, -129.7624928209249902, 108.7643247870279879 ) ) ;
#3450 = PLANE ( 'NONE',  #208 ) ;
#3451 = ORIENTED_EDGE ( 'NONE', *, *, #2736, .T. ) ;
#3452 = ORIENTED_EDGE ( 'NONE', *, *, #2475, .T. ) ;
#3453 = FACE_OUTER_BOUND ( 'NONE', #3094, .T. ) ;
#3454 = EDGE_CURVE ( 'NONE', #509, #2990, #4615, .T. ) ;
#3455 = FACE_OUTER_BOUND ( 'NONE', #1004, .T. ) ;
#3456 = DIRECTION ( 'NONE',  ( 1.000000000000000000, 0.000000000000000000, 0.000000000000000000 ) ) ;
#3457 = EDGE_LOOP ( 'NONE', ( #515, #4859, #2877, #2286 ) ) ;
#3458 = CARTESIAN_POINT ( 'NONE',  ( 151.4497566842990182, -124.3500000000019980, 93.59749282092319334 ) ) ;
#3459 = CARTESIAN_POINT ( 'NONE',  ( 171.1533783421490114, -130.8094256212499999, 110.3643259181420007 ) ) ;
#3460 = CARTESIAN_POINT ( 'NONE',  ( 153.7671133453960124, -119.4624928209269967, 96.06432591814720467 ) ) ;
#3461 = PLANE ( 'NONE',  #439 ) ;
#3462 = EDGE_CURVE ( 'NONE', #341, #4497, #179, .T. ) ;
#3463 = ADVANCED_FACE ( 'NONE', ( #676 ), #1151, .F. ) ;
#3464 = CARTESIAN_POINT ( 'NONE',  ( 161.1751431929550051, -136.5250000000000057, 89.88500000000000512 ) ) ;
#3465 = LINE ( 'NONE', #5189, #2801 ) ;
#3466 = ORIENTED_EDGE ( 'NONE', *, *, #3503, .F. ) ;
#3467 = EDGE_CURVE ( 'NONE', #2140, #4949, #5435, .T. ) ;
#3468 = DIRECTION ( 'NONE',  ( 0.000000000000000000, 1.000000000000000000, -1.926745932492350360E-15 ) ) ;
#3469 = CYLINDRICAL_SURFACE ( 'NONE', #5431, 1.574999999999993072 ) ;
#3470 = FACE_OUTER_BOUND ( 'NONE', #4374, .T. ) ;
#3471 = FACE_OUTER_BOUND ( 'NONE', #4528, .T. ) ;
#3472 =( BOUNDED_CURVE ( )  B_SPLINE_CURVE ( 3, ( #934, #959, #4042, #4829 ),
 .UNSPECIFIED., .F., .T. ) 
 B_SPLINE_CURVE_WITH_KNOTS ( ( 4, 4 ),
 ( 4.944676316061860014E-15, 1.409899299534226103 ),
 .UNSPECIFIED. ) 
 CURVE ( )  GEOMETRIC_REPRESENTATION_ITEM ( )  RATIONAL_B_SPLINE_CURVE ( ( 1.000000000000000000, 0.8410961196339250545, 0.8410961196339250545, 1.000000000000000000 ) ) 
 REPRESENTATION_ITEM ( '' )  );
#3473 = ORIENTED_EDGE ( 'NONE', *, *, #749, .F. ) ;
#3474 = ORIENTED_EDGE ( 'NONE', *, *, #1548, .T. ) ;
#3475 = CARTESIAN_POINT ( 'NONE',  ( 134.1733788908179861, -126.8087303373210091, 110.7643259181420063 ) ) ;
#3476 = CARTESIAN_POINT ( 'NONE',  ( 140.0671133453979849, -119.4624928209269967, 96.06432591814069610 ) ) ;
#3477 = DIRECTION ( 'NONE',  ( 6.510422943492890760E-15, -6.071242150050820816E-15, -1.000000000000000000 ) ) ;
#3478 = DIRECTION ( 'NONE',  ( 0.7800149340513098384, -0.4424797750501979210, 0.4424797750501789362 ) ) ;
#3479 = ORIENTED_EDGE ( 'NONE', *, *, #827, .F. ) ;
#3480 = ORIENTED_EDGE ( 'NONE', *, *, #3493, .T. ) ;
#3481 = CARTESIAN_POINT ( 'NONE',  ( 151.4497566842990182, -133.5626048320400230, 89.48499999999999943 ) ) ;
#3482 = DIRECTION ( 'NONE',  ( 1.000000000000000000, 2.009843822508529990E-15, -2.748129594203410252E-15 ) ) ;
#3483 = ORIENTED_EDGE ( 'NONE', *, *, #86, .T. ) ;
#3484 = CARTESIAN_POINT ( 'NONE',  ( 162.0171133453979735, -128.6529310438299945, 90.88499999999999091 ) ) ;
#3485 = DIRECTION ( 'NONE',  ( 1.000000000000000000, 0.000000000000000000, 0.000000000000000000 ) ) ;
#3486 = CARTESIAN_POINT ( 'NONE',  ( 135.1768364872739880, -119.4624928209260020, 103.7997837525840055 ) ) ;
#3487 = FACE_OUTER_BOUND ( 'NONE', #927, .T. ) ;
#3488 = ORIENTED_EDGE ( 'NONE', *, *, #2471, .F. ) ;
#3489 = LINE ( 'NONE', #4751, #3860 ) ;
#3490 =( GEOMETRIC_REPRESENTATION_CONTEXT ( 3 ) GLOBAL_UNCERTAINTY_ASSIGNED_CONTEXT ( ( #4022 ) ) GLOBAL_UNIT_ASSIGNED_CONTEXT ( ( #1773, #3174, #582 ) ) REPRESENTATION_CONTEXT ( 'NONE', 'WORKASPACE' ) );
#3491 = DIRECTION ( 'NONE',  ( -9.227827737143710103E-15, 1.000000000000000000, 0.000000000000000000 ) ) ;
#3492 = DIRECTION ( 'NONE',  ( -1.000000000000000000, -2.009843822508529990E-15, 2.748129594203410252E-15 ) ) ;
#3493 = EDGE_CURVE ( 'NONE', #4592, #2982, #3739, .T. ) ;
#3494 = VECTOR ( 'NONE', #1505, 1000.000000000000000 ) ;
#3495 = ORIENTED_EDGE ( 'NONE', *, *, #1885, .T. ) ;
#3496 = ADVANCED_FACE ( 'NONE', ( #761 ), #1599, .F. ) ;
#3497 = ORIENTED_EDGE ( 'NONE', *, *, #5451, .T. ) ;
#3498 = EDGE_CURVE ( 'NONE', #2633, #1475, #248, .T. ) ;
#3499 = AXIS2_PLACEMENT_3D ( 'NONE', #1075, #3123, #1049 ) ;
#3500 = VECTOR ( 'NONE', #4884, 1000.000000000000000 ) ;
#3501 = LINE ( 'NONE', #3897, #5229 ) ;
#3502 = CARTESIAN_POINT ( 'NONE',  ( 174.8171132732730086, -140.4624928202200067, 103.7487723695530093 ) ) ;
#3503 = EDGE_CURVE ( 'NONE', #3303, #4549, #1491, .T. ) ;
#3504 = FACE_OUTER_BOUND ( 'NONE', #4890, .T. ) ;
#3505 = AXIS2_PLACEMENT_3D ( 'NONE', #5138, #5081, #3725 ) ;
#3506 = VECTOR ( 'NONE', #224, 999.9999999999998863 ) ;
#3507 = ORIENTED_EDGE ( 'NONE', *, *, #3219, .T. ) ;
#3508 = DIRECTION ( 'NONE',  ( -2.418031965417649952E-14, 0.000000000000000000, 1.000000000000000000 ) ) ;
#3509 = MECHANICAL_DESIGN_GEOMETRIC_PRESENTATION_REPRESENTATION (  '', ( #2699 ), #2433 ) ;
#3510 = CARTESIAN_POINT ( 'NONE',  ( 165.3387505362539969, -119.4624928209249930, 107.6641190093600073 ) ) ;
#3511 = DIRECTION ( 'NONE',  ( 0.7071067811865490160, -0.7071067811865461294, -1.968367378222148825E-14 ) ) ;
#3513 = ORIENTED_EDGE ( 'NONE', *, *, #3133, .F. ) ;
#3512 = VECTOR ( 'NONE', #3623, 1000.000000000000000 ) ;
#3514 = DIRECTION ( 'NONE',  ( -1.000000000000000000, 0.000000000000000000, 0.000000000000000000 ) ) ;
#3515 = AXIS2_PLACEMENT_3D ( 'NONE', #3095, #4745, #1777 ) ;
#3516 = DIRECTION ( 'NONE',  ( 1.000000000000000000, 1.567265136830130018E-14, -2.887067357318670574E-14 ) ) ;
#3517 = DIRECTION ( 'NONE',  ( -1.000000000000000000, 0.000000000000000000, 4.757973416711820729E-15 ) ) ;
#3518 = CONICAL_SURFACE ( 'NONE', #4594, 2.549999999999996714, 0.7853981633974490562 ) ;
#3519 = LINE ( 'NONE', #1409, #540 ) ;
#3520 = UNCERTAINTY_MEASURE_WITH_UNIT (LENGTH_MEASURE( 1.000000000000000082E-05 ), #3680, 'distance_accuracy_value', 'NONE');
#3521 = ORIENTED_EDGE ( 'NONE', *, *, #2237, .F. ) ;
#3522 = CARTESIAN_POINT ( 'NONE',  ( 132.4171133453999971, -134.6744623790489754, 95.77125192028840672 ) ) ;
#3523 = CYLINDRICAL_SURFACE ( 'NONE', #5148, 1.349999999999758282 ) ;
#3524 = AXIS2_PLACEMENT_3D ( 'NONE', #2295, #110, #945 ) ;
#3525 = FACE_OUTER_BOUND ( 'NONE', #2267, .T. ) ;
#3526 = AXIS2_PLACEMENT_3D ( 'NONE', #505, #1430, #5211 ) ;
#3527 = EDGE_CURVE ( 'NONE', #5157, #2680, #4923, .T. ) ;
#3528 = ORIENTED_EDGE ( 'NONE', *, *, #1750, .T. ) ;
#3529 = EDGE_LOOP ( 'NONE', ( #595, #4739, #4980, #5068, #1309 ) ) ;
#3530 = ORIENTED_EDGE ( 'NONE', *, *, #2921, .T. ) ;
#3531 = CARTESIAN_POINT ( 'NONE',  ( 127.6533783421490114, -130.8094256212499999, 107.7643259181420063 ) ) ;
#3532 = CARTESIAN_POINT ( 'NONE',  ( 169.2382403691290165, -119.5222499092810153, 105.0811190093599947 ) ) ;
#3533 = ADVANCED_FACE ( 'NONE', ( #4503 ), #2813, .T. ) ;
#3534 = EDGE_CURVE ( 'NONE', #3927, #4628, #1953, .T. ) ;
#3535 = DIRECTION ( 'NONE',  ( -2.013492943509530237E-14, 0.000000000000000000, -1.000000000000000000 ) ) ;
#3536 = VERTEX_POINT ( 'NONE', #1130 ) ;
#3537 = EDGE_CURVE ( 'NONE', #2008, #3581, #2837, .T. ) ;
#3538 = EDGE_LOOP ( 'NONE', ( #4715, #4657, #4573, #123 ) ) ;
#3539 = LINE ( 'NONE', #3959, #798 ) ;
#3540 = EDGE_CURVE ( 'NONE', #2144, #2473, #2924, .T. ) ;
#3541 = CARTESIAN_POINT ( 'NONE',  ( 156.5497566843010304, -130.7500000000000000, 92.80999999999708905 ) ) ;
#3542 = CARTESIAN_POINT ( 'NONE',  ( 124.3688867170232442, -119.8621279181725328, 107.2644839121126381 ) ) ;
#3543 = ORIENTED_EDGE ( 'NONE', *, *, #26, .T. ) ;
#3544 = FACE_OUTER_BOUND ( 'NONE', #1452, .T. ) ;
#3545 = PLANE ( 'NONE',  #5040 ) ;
#3546 = LINE ( 'NONE', #4019, #3076 ) ;
#3547 = LINE ( 'NONE', #3996, #2159 ) ;
#3548 = LINE ( 'NONE', #5280, #4407 ) ;
#3549 = ORIENTED_EDGE ( 'NONE', *, *, #4951, .F. ) ;
#3550 = DIRECTION ( 'NONE',  ( 1.000000000000000000, 0.000000000000000000, 0.000000000000000000 ) ) ;
#3551 = DIRECTION ( 'NONE',  ( 1.000000000000000000, -1.151051030536170054E-28, -2.330637149875950107E-14 ) ) ;
#3552 = DIRECTION ( 'NONE',  ( -4.032935767706580570E-15, 1.926745932492350360E-15, 1.000000000000000000 ) ) ;
#3553 = ORIENTED_EDGE ( 'NONE', *, *, #2410, .F. ) ;
#3554 = VERTEX_POINT ( 'NONE', #786 ) ;
#3555 = ORIENTED_EDGE ( 'NONE', *, *, #5519, .F. ) ;
#3556 = CARTESIAN_POINT ( 'NONE',  ( 156.7256133453900020, -119.4624928209249930, 100.9728259181419929 ) ) ;
#3557 = CARTESIAN_POINT ( 'NONE',  ( 151.4497566842990182, -133.8044053359220129, 95.13059466407710829 ) ) ;
#3558 = FACE_OUTER_BOUND ( 'NONE', #3012, .T. ) ;
#3559 = ORIENTED_EDGE ( 'NONE', *, *, #3363, .F. ) ;
#3560 = EDGE_CURVE ( 'NONE', #214, #4236, #4158, .T. ) ;
#3561 = CYLINDRICAL_SURFACE ( 'NONE', #1246, 1.700000000000007061 ) ;
#3562 = ADVANCED_FACE ( 'NONE', ( #2536, #4246, #3003 ), #2501, .T. ) ;
#3563 = DIRECTION ( 'NONE',  ( 1.000000000000000000, 1.181088324069320141E-14, 2.418031965417649952E-14 ) ) ;
#3564 = ORIENTED_EDGE ( 'NONE', *, *, #1155, .F. ) ;
#3565 = FACE_OUTER_BOUND ( 'NONE', #5275, .T. ) ;
#3566 = VERTEX_POINT ( 'NONE', #2141 ) ;
#3567 = VERTEX_POINT ( 'NONE', #2055 ) ;
#3568 = DIRECTION ( 'NONE',  ( 1.000000000000000000, 0.000000000000000000, 0.000000000000000000 ) ) ;
#3569 = EDGE_CURVE ( 'NONE', #5333, #3275, #3761, .T. ) ;
#3570 = DIRECTION ( 'NONE',  ( 1.000000000000000000, -7.382857716949699942E-16, 0.000000000000000000 ) ) ;
#3571 = DIRECTION ( 'NONE',  ( -0.7071067811865650032, 0.7071067811865300312, 1.987353405910494991E-15 ) ) ;
#3572 = CARTESIAN_POINT ( 'NONE',  ( 137.4171133454100016, -129.3000000000012051, 92.80999999999889383 ) ) ;
#3573 = ORIENTED_EDGE ( 'NONE', *, *, #2303, .T. ) ;
#3574 = DIRECTION ( 'NONE',  ( -0.7071067811865460184, -0.7071067811865489050, 1.614644868415540188E-14 ) ) ;
#3575 = PLANE ( 'NONE',  #3524 ) ;
#3576 = PLANE ( 'NONE',  #1257 ) ;
#3577 = ORIENTED_EDGE ( 'NONE', *, *, #81, .T. ) ;
#3578 = VERTEX_POINT ( 'NONE', #437 ) ;
#3579 = DIRECTION ( 'NONE',  ( 0.5488750411662580708, -0.5910736794954880580, 0.5910736794955461226 ) ) ;
#3580 = VECTOR ( 'NONE', #2332, 1000.000000000000000 ) ;
#3581 = VERTEX_POINT ( 'NONE', #3396 ) ;
#3582 = CYLINDRICAL_SURFACE ( 'NONE', #5236, 2.350000000000004974 ) ;
#3583 = CARTESIAN_POINT ( 'NONE',  ( 160.7609296305820124, -135.5250000000000057, 90.88499999999999091 ) ) ;
#3584 = VECTOR ( 'NONE', #1194, 1000.000000000000000 ) ;
#3585 = DIRECTION ( 'NONE',  ( 1.569712496704830066E-14, -1.000000000000000000, -2.810542046950490278E-15 ) ) ;
#3586 = VERTEX_POINT ( 'NONE', #1315 ) ;
#3587 = VECTOR ( 'NONE', #3571, 1000.000000000000000 ) ;
#3588 = MANIFOLD_SOLID_BREP ( 'NONE', #547 ) ;
#3589 = CARTESIAN_POINT ( 'NONE',  ( 120.2171133453939973, -119.4624950404660098, 103.7500000343869857 ) ) ;
#3590 = CIRCLE ( 'NONE', #3773, 2.349999999999990763 ) ;
#3591 = DIRECTION ( 'NONE',  ( -1.433659234970135943E-15, 1.000000000000000000, -1.587695013172155101E-15 ) ) ;
#3592 = VECTOR ( 'NONE', #5149, 1000.000000000000000 ) ;
#3593 = VERTEX_POINT ( 'NONE', #3026 ) ;
#3594 = EDGE_CURVE ( 'NONE', #3850, #2927, #2858, .T. ) ;
#3595 = CARTESIAN_POINT ( 'NONE',  ( 126.8421133453909988, -128.9624941560699938, 102.7643259181419921 ) ) ;
#3596 = ORIENTED_EDGE ( 'NONE', *, *, #3874, .T. ) ;
#3597 = ORIENTED_EDGE ( 'NONE', *, *, #3186, .T. ) ;
#3598 = VECTOR ( 'NONE', #1350, 1000.000000000000000 ) ;
#3599 = AXIS2_PLACEMENT_3D ( 'NONE', #734, #2840, #250 ) ;
#3600 = FACE_OUTER_BOUND ( 'NONE', #1039, .T. ) ;
#3601 = CARTESIAN_POINT ( 'NONE',  ( 166.6948783421489964, -130.8094256212499999, 102.7643259181419921 ) ) ;
#3602 = EDGE_CURVE ( 'NONE', #3293, #3536, #896, .T. ) ;
#3603 = EDGE_CURVE ( 'NONE', #5106, #4095, #5500, .T. ) ;
#3604 = CARTESIAN_POINT ( 'NONE',  ( 140.6737181300300108, -138.4624928209260020, 109.7643247870279879 ) ) ;
#3605 = CIRCLE ( 'NONE', #1555, 2.349999999999990763 ) ;
#3606 = VECTOR ( 'NONE', #5082, 1000.000000000000000 ) ;
#3607 = CARTESIAN_POINT ( 'NONE',  ( 134.2171133453919936, -140.2624928209250186, 103.6640621592530067 ) ) ;
#3608 = EDGE_CURVE ( 'NONE', #57, #2719, #1748, .T. ) ;
#3609 = FACE_OUTER_BOUND ( 'NONE', #4121, .T. ) ;
#3610 = VECTOR ( 'NONE', #3714, 1000.000000000000000 ) ;
#3611 = ORIENTED_EDGE ( 'NONE', *, *, #49, .T. ) ;
#3612 = ORIENTED_EDGE ( 'NONE', *, *, #604, .T. ) ;
#3613 = LINE ( 'NONE', #2353, #739 ) ;
#3614 = VECTOR ( 'NONE', #2052, 1000.000000000000000 ) ;
#3615 = ORIENTED_EDGE ( 'NONE', *, *, #5112, .T. ) ;
#3616 = ORIENTED_EDGE ( 'NONE', *, *, #3436, .F. ) ;
#3617 = CARTESIAN_POINT ( 'NONE',  ( 122.7547861250079961, -119.8621712665460137, 105.0811190093599947 ) ) ;
#3618 = AXIS2_PLACEMENT_3D ( 'NONE', #3649, #4039, #1545 ) ;
#3619 = LINE ( 'NONE', #4973, #2610 ) ;
#3620 = CIRCLE ( 'NONE', #3975, 1.700000000000007061 ) ;
#3621 = VERTEX_POINT ( 'NONE', #4740 ) ;
#3622 = FACE_BOUND ( 'NONE', #130, .T. ) ;
#3623 = DIRECTION ( 'NONE',  ( 0.5773502691894337735, 0.5773502691895368022, -0.5773502691899067285 ) ) ;
#3624 = VERTEX_POINT ( 'NONE', #2564 ) ;
#3625 = DIRECTION ( 'NONE',  ( 0.5130924759622020881, -0.8583333333332552328, 1.485209458425690434E-15 ) ) ;
#3626 = CARTESIAN_POINT ( 'NONE',  ( 163.0171133453979735, -131.8249999999999886, 92.80999999999689010 ) ) ;
#3627 = ORIENTED_EDGE ( 'NONE', *, *, #4561, .T. ) ;
#3628 = ORIENTED_EDGE ( 'NONE', *, *, #2330, .T. ) ;
#3629 = AXIS2_PLACEMENT_3D ( 'NONE', #3010, #5105, #5079 ) ;
#3630 = CARTESIAN_POINT ( 'NONE',  ( 163.0171133453989682, -127.3249999999999886, 92.80999999999698957 ) ) ;
#3631 = CARTESIAN_POINT ( 'NONE',  ( 124.3689531356949942, -119.8624928209259934, 104.2641190093600017 ) ) ;
#3632 = FACE_OUTER_BOUND ( 'NONE', #694, .T. ) ;
#3633 = DIRECTION ( 'NONE',  ( 4.037174634999905376E-15, -1.049328997390330010E-15, 1.000000000000000000 ) ) ;
#3634 = CARTESIAN_POINT ( 'NONE',  ( 128.4948783421490077, -130.8094256212499999, 102.9643259181420092 ) ) ;
#3635 = CARTESIAN_POINT ( 'NONE',  ( 120.2171133453939973, -119.4624950404660098, 100.7500000000262048 ) ) ;
#3636 = ADVANCED_FACE ( 'NONE', ( #3453 ), #5180, .T. ) ;
#3637 = EDGE_CURVE ( 'NONE', #2507, #973, #1211, .T. ) ;
#3638 = EDGE_CURVE ( 'NONE', #3198, #2019, #411, .T. ) ;
#3639 = ORIENTED_EDGE ( 'NONE', *, *, #1424, .F. ) ;
#3640 = CARTESIAN_POINT ( 'NONE',  ( 132.4171133454029814, -119.4624928209269967, 96.06432591814069610 ) ) ;
#3641 = EDGE_LOOP ( 'NONE', ( #4047, #1289, #4430, #543 ) ) ;
#3642 = EDGE_CURVE ( 'NONE', #1551, #3822, #2642, .T. ) ;
#3643 = ORIENTED_EDGE ( 'NONE', *, *, #4424, .F. ) ;
#3644 = PLANE ( 'NONE',  #3853 ) ;
#3645 = DIRECTION ( 'NONE',  ( 0.6069333205183840008, 0.3628111691286621254, 0.7071067811865631159 ) ) ;
#3646 = ORIENTED_EDGE ( 'NONE', *, *, #3325, .T. ) ;
#3647 = VERTEX_POINT ( 'NONE', #981 ) ;
#3648 = DIRECTION ( 'NONE',  ( -2.748129594203400391E-15, -1.407292413469239864E-15, -1.000000000000000000 ) ) ;
#3649 = CARTESIAN_POINT ( 'NONE',  ( 147.6897566842989988, -134.6438512425029899, 95.03499999999840497 ) ) ;
#3650 = EDGE_LOOP ( 'NONE', ( #1714, #783, #5159, #2322 ) ) ;
#3651 = CARTESIAN_POINT ( 'NONE',  ( 138.2051437872769952, -140.4624928209260020, 91.87466295907070446 ) ) ;
#3652 = CARTESIAN_POINT ( 'NONE',  ( 159.8171133453969901, -137.8830298475600102, 94.47466295907830158 ) ) ;
#3653 = VERTEX_POINT ( 'NONE', #1834 ) ;
#3654 = ORIENTED_EDGE ( 'NONE', *, *, #5376, .T. ) ;
#3655 = CARTESIAN_POINT ( 'NONE',  ( 133.4768364872739994, -140.4624928209240124, 103.7997837525840055 ) ) ;
#3656 = LINE ( 'NONE', #650, #3768 ) ;
#3657 = LINE ( 'NONE', #3289, #730 ) ;
#3658 = FACE_OUTER_BOUND ( 'NONE', #108, .T. ) ;
#3659 = CARTESIAN_POINT ( 'NONE',  ( 174.2171132998470000, -119.4624928209260020, 102.6321629642770006 ) ) ;
#3660 = DIRECTION ( 'NONE',  ( 1.000000000000000000, 0.000000000000000000, 0.000000000000000000 ) ) ;
#3661 = ORIENTED_EDGE ( 'NONE', *, *, #3977, .F. ) ;
#3662 = VERTEX_POINT ( 'NONE', #4888 ) ;
#3663 = ADVANCED_FACE ( 'NONE', ( #3987 ), #97, .F. ) ;
#3664 = ORIENTED_EDGE ( 'NONE', *, *, #1608, .F. ) ;
#3665 = DIRECTION ( 'NONE',  ( 2.013492943509530237E-14, 1.926745932492400058E-15, 1.000000000000000000 ) ) ;
#3666 = FACE_OUTER_BOUND ( 'NONE', #554, .T. ) ;
#3667 = VERTEX_POINT ( 'NONE', #3904 ) ;
#3668 = ADVANCED_FACE ( 'NONE', ( #556 ), #3224, .F. ) ;
#3669 = ORIENTED_EDGE ( 'NONE', *, *, #1825, .T. ) ;
#3670 = ADVANCED_FACE ( 'NONE', ( #5269 ), #3849, .F. ) ;
#3671 = AXIS2_PLACEMENT_3D ( 'NONE', #4238, #1170, #2135 ) ;
#3672 = CARTESIAN_POINT ( 'NONE',  ( 137.4171133454100016, -132.2000000000000171, 92.80999999999889383 ) ) ;
#3673 = DIRECTION ( 'NONE',  ( -2.013492964751100111E-14, 2.810542046950420069E-15, -1.000000000000000000 ) ) ;
#3674 = VERTEX_POINT ( 'NONE', #1421 ) ;
#3675 = CARTESIAN_POINT ( 'NONE',  ( 158.1497566842990068, -125.9750000000000085, 90.88499999999999091 ) ) ;
#3676 = VECTOR ( 'NONE', #1742, 1000.000000000000000 ) ;
#3677 = CARTESIAN_POINT ( 'NONE',  ( 147.6448783421540156, -124.3500000000019980, 93.59749282092359124 ) ) ;
#3678 = ORIENTED_EDGE ( 'NONE', *, *, #2304, .T. ) ;
#3679 = VERTEX_POINT ( 'NONE', #2221 ) ;
#3680 =( LENGTH_UNIT ( ) NAMED_UNIT ( * ) SI_UNIT ( .MILLI., .METRE. ) );
#3681 =( BOUNDED_CURVE ( )  B_SPLINE_CURVE ( 3, ( #107, #1893, #1435, #3604 ),
 .UNSPECIFIED., .F., .T. ) 
 B_SPLINE_CURVE_WITH_KNOTS ( ( 4, 4 ),
 ( 0.3113315170339704951, 1.096729680431145937 ),
 .UNSPECIFIED. ) 
 CURVE ( )  GEOMETRIC_REPRESENTATION_ITEM ( )  RATIONAL_B_SPLINE_CURVE ( ( 1.000000000000000000, 0.9492530216742259830, 0.9492530216742259830, 1.000000000000000000 ) ) 
 REPRESENTATION_ITEM ( '' )  );
#3682 = DIRECTION ( 'NONE',  ( 0.000000000000000000, 1.407292413469239864E-15, 1.000000000000000000 ) ) ;
#3683 = AXIS2_PLACEMENT_3D ( 'NONE', #163, #1897, #1870 ) ;
#3684 = VECTOR ( 'NONE', #665, 1000.000000000000000 ) ;
#3685 = FACE_BOUND ( 'NONE', #171, .T. ) ;
#3686 = DIRECTION ( 'NONE',  ( -2.366582715663040321E-30, 5.006432955109510304E-15, 1.000000000000000000 ) ) ;
#3687 = VECTOR ( 'NONE', #4703, 1000.000000000000000 ) ;
#3688 = AXIS2_PLACEMENT_3D ( 'NONE', #4021, #73, #967 ) ;
#3689 = CARTESIAN_POINT ( 'NONE',  ( 172.7216632204449809, -119.8624928209249987, 104.2641190093600017 ) ) ;
#3690 = PLANE ( 'NONE',  #4755 ) ;
#3691 = AXIS2_PLACEMENT_3D ( 'NONE', #2592, #4301, #2180 ) ;
#3692 = CIRCLE ( 'NONE', #4768, 1.700000000000007061 ) ;
#3693 = EDGE_LOOP ( 'NONE', ( #3119, #1533, #3282, #3964, #5085, #3350, #4470, #2798 ) ) ;
#3694 = VECTOR ( 'NONE', #443, 1000.000000000000000 ) ;
#3695 = EDGE_CURVE ( 'NONE', #4949, #2140, #1878, .T. ) ;
#3696 = ORIENTED_EDGE ( 'NONE', *, *, #4905, .F. ) ;
#3697 = DIRECTION ( 'NONE',  ( -8.742289393080240347E-15, 1.000000000000000000, -1.611608585131940061E-13 ) ) ;
#3698 = CARTESIAN_POINT ( 'NONE',  ( 163.0171133454029757, -127.3249999999999886, 92.80999999999698957 ) ) ;
#3699 = AXIS2_PLACEMENT_3D ( 'NONE', #4688, #2562, #5530 ) ;
#3700 = ORIENTED_EDGE ( 'NONE', *, *, #1001, .T. ) ;
#3701 = EDGE_LOOP ( 'NONE', ( #4004, #2399, #764, #3255 ) ) ;
#3702 = ADVANCED_FACE ( 'NONE', ( #3059, #3929 ), #2663, .T. ) ;
#3703 = AXIS2_PLACEMENT_3D ( 'NONE', #1077, #2815, #2347 ) ;
#3704 = DIRECTION ( 'NONE',  ( -2.748129594203400391E-15, -1.926745932492380336E-15, -1.000000000000000000 ) ) ;
#3705 = EDGE_CURVE ( 'NONE', #2185, #3382, #3539, .T. ) ;
#3706 = CARTESIAN_POINT ( 'NONE',  ( 167.3688867170243384, -119.8621279181725328, 104.2637541066065410 ) ) ;
#3707 = ORIENTED_EDGE ( 'NONE', *, *, #1273, .F. ) ;
#3708 = VECTOR ( 'NONE', #1241, 1000.000000000000000 ) ;
#3709 = LINE ( 'NONE', #640, #1929 ) ;
#3710 = ADVANCED_FACE ( 'NONE', ( #1399 ), #3561, .F. ) ;
#3711 = DIRECTION ( 'NONE',  ( 0.7071067811865460184, 0.7071067811865489050, -4.853685143406628881E-13 ) ) ;
#3712 = EDGE_LOOP ( 'NONE', ( #1385, #1687, #313, #4912 ) ) ;
#3713 = EDGE_LOOP ( 'NONE', ( #3335, #5351 ) ) ;
#3714 = DIRECTION ( 'NONE',  ( -3.163781835967840322E-14, 0.7071067811866890152, -0.7071067811864060193 ) ) ;
#3715 = LINE ( 'NONE', #5452, #104 ) ;
#3716 = FACE_OUTER_BOUND ( 'NONE', #4305, .T. ) ;
#3717 = LINE ( 'NONE', #5455, #2784 ) ;
#3718 = AXIS2_PLACEMENT_3D ( 'NONE', #5298, #3511, #1425 ) ;
#3719 = ORIENTED_EDGE ( 'NONE', *, *, #2606, .F. ) ;
#3720 =( BOUNDED_CURVE ( )  B_SPLINE_CURVE ( 3, ( #513, #2236, #3945, #80 ),
 .UNSPECIFIED., .F., .T. ) 
 B_SPLINE_CURVE_WITH_KNOTS ( ( 4, 4 ),
 ( 1.390749933834101837, 1.391335562529376180 ),
 .UNSPECIFIED. ) 
 CURVE ( )  GEOMETRIC_REPRESENTATION_ITEM ( )  RATIONAL_B_SPLINE_CURVE ( ( 1.000000000000000000, 0.9999999714199190315, 0.9999999714199190315, 1.000000000000000000 ) ) 
 REPRESENTATION_ITEM ( '' )  );
#3721 = LINE ( 'NONE', #5457, #1537 ) ;
#3722 = CARTESIAN_POINT ( 'NONE',  ( 122.4921292083191986, -119.4624928209260020, 109.0572180058411931 ) ) ;
#3723 = EDGE_LOOP ( 'NONE', ( #2198, #4145, #5024, #2774 ) ) ;
#3724 = BREP_WITH_VOIDS ( 'NONE', #2260, ( #1496 ) );
#3725 = DIRECTION ( 'NONE',  ( 0.000000000000000000, 1.000000000000000000, 0.000000000000000000 ) ) ;
#3726 = ORIENTED_EDGE ( 'NONE', *, *, #5407, .F. ) ;
#3727 = CARTESIAN_POINT ( 'NONE',  ( 132.6344203936730253, -140.2624928209260133, 94.26432591814200634 ) ) ;
#3728 = DIRECTION ( 'NONE',  ( -0.5130924759622020881, 0.8583333333332552328, -1.485209458425690434E-15 ) ) ;
#3729 = ORIENTED_EDGE ( 'NONE', *, *, #2269, .F. ) ;
#3730 = ORIENTED_EDGE ( 'NONE', *, *, #3397, .T. ) ;
#3731 = DIRECTION ( 'NONE',  ( 1.000000000000000000, 0.000000000000000000, 0.000000000000000000 ) ) ;
#3732 = CARTESIAN_POINT ( 'NONE',  ( 167.3689531356959890, -119.8624928209249987, 107.2641190093600017 ) ) ;
#3733 = ORIENTED_EDGE ( 'NONE', *, *, #3269, .F. ) ;
#3734 = CARTESIAN_POINT ( 'NONE',  ( 120.2171133453919936, -140.0624928209230120, 103.7500000343869857 ) ) ;
#3735 = EDGE_CURVE ( 'NONE', #2927, #1833, #148, .T. ) ;
#3736 = CARTESIAN_POINT ( 'NONE',  ( 143.9500000000079751, -120.4624928209260020, 93.02678795907030462 ) ) ;
#3737 = ORIENTED_EDGE ( 'NONE', *, *, #4117, .F. ) ;
#3738 = CARTESIAN_POINT ( 'NONE',  ( 169.4448783421489964, -130.8094256212499999, 107.7643259181420063 ) ) ;
#3739 = LINE ( 'NONE', #2422, #4609 ) ;
#3740 = EDGE_CURVE ( 'NONE', #4622, #4552, #1520, .T. ) ;
#3741 = CARTESIAN_POINT ( 'NONE',  ( 129.7216946132469673, -119.8621712665460137, 107.2644405637399956 ) ) ;
#3742 = LINE ( 'NONE', #1078, #1173 ) ;
#3743 = EDGE_CURVE ( 'NONE', #377, #1139, #1944, .T. ) ;
#3744 = EDGE_LOOP ( 'NONE', ( #4423, #2372, #703, #2828, #747, #3199, #843, #3989, #5240 ) ) ;
#3745 = DIRECTION ( 'NONE',  ( -1.889977769333399838E-13, -1.611608585131960003E-13, -1.000000000000000000 ) ) ;
#3746 = CYLINDRICAL_SURFACE ( 'NONE', #4223, 1.700000000000007061 ) ;
#3747 = ORIENTED_EDGE ( 'NONE', *, *, #4016, .T. ) ;
#3748 = DIRECTION ( 'NONE',  ( 1.000000000000000000, 2.009843822508529990E-15, -2.748129594203400391E-15 ) ) ;
#3749 = ORIENTED_EDGE ( 'NONE', *, *, #535, .F. ) ;
#3750 = DIRECTION ( 'NONE',  ( 1.000000000000000000, 0.000000000000000000, 0.000000000000000000 ) ) ;
#3751 = DIRECTION ( 'NONE',  ( -0.6069333205183560231, -0.3628111691287594920, 0.7071067811865371366 ) ) ;
#3752 = ORIENTED_EDGE ( 'NONE', *, *, #471, .F. ) ;
#3753 = EDGE_LOOP ( 'NONE', ( #4602, #1766, #4292, #1539, #3365 ) ) ;
#3754 = CARTESIAN_POINT ( 'NONE',  ( 151.4497566842990182, -136.5250000000000057, 92.80999999999698957 ) ) ;
#3755 = LINE ( 'NONE', #4178, #2772 ) ;
#3756 = ORIENTED_EDGE ( 'NONE', *, *, #823, .T. ) ;
#3757 = CARTESIAN_POINT ( 'NONE',  ( 122.5467683306309965, -119.6623320437360007, 105.0811190093599947 ) ) ;
#3758 = DIRECTION ( 'NONE',  ( 0.000000000000000000, -1.926745932492380336E-15, -1.000000000000000000 ) ) ;
#3759 = ORIENTED_EDGE ( 'NONE', *, *, #3772, .T. ) ;
#3760 = LINE ( 'NONE', #4639, #458 ) ;
#3761 = LINE ( 'NONE', #2586, #1287 ) ;
#3762 = ADVANCED_FACE ( 'NONE', ( #1510 ), #2852, .F. ) ;
#3763 = VECTOR ( 'NONE', #5263, 999.9999999999998863 ) ;
#3764 = CARTESIAN_POINT ( 'NONE',  ( 163.0171133453979735, -136.5250000000000057, 92.80999999999738748 ) ) ;
#3765 = CARTESIAN_POINT ( 'NONE',  ( 169.4448783421489964, -130.8094256212499999, 110.3643259181420007 ) ) ;
#3766 = ORIENTED_EDGE ( 'NONE', *, *, #228, .F. ) ;
#3767 = CARTESIAN_POINT ( 'NONE',  ( 140.1064472282390057, -139.4624928209260020, 108.7643247870279879 ) ) ;
#3768 = VECTOR ( 'NONE', #1519, 1000.000000000000000 ) ;
#3769 = AXIS2_PLACEMENT_3D ( 'NONE', #5489, #3011, #3301 ) ;
#3770 = DIRECTION ( 'NONE',  ( 2.418031965417649952E-14, 2.810542139867370117E-15, -1.000000000000000000 ) ) ;
#3771 = EDGE_CURVE ( 'NONE', #2638, #3653, #4072, .T. ) ;
#3772 = EDGE_CURVE ( 'NONE', #2432, #1919, #1912, .T. ) ;
#3773 = AXIS2_PLACEMENT_3D ( 'NONE', #4871, #251, #5344 ) ;
#3774 = CIRCLE ( 'NONE', #2689, 1.975000000000004530 ) ;
#3775 = ORIENTED_EDGE ( 'NONE', *, *, #2909, .T. ) ;
#3776 = ADVANCED_FACE ( 'NONE', ( #2415 ), #180, .F. ) ;
#3777 = AXIS2_PLACEMENT_3D ( 'NONE', #3883, #480, #1806 ) ;
#3778 = AXIS2_PLACEMENT_3D ( 'NONE', #3765, #1153, #1522 ) ;
#3779 = LINE ( 'NONE', #5053, #362 ) ;
#3780 = DIRECTION ( 'NONE',  ( 0.000000000000000000, 0.7071067811865320296, -0.7071067811865631159 ) ) ;
#3781 = CARTESIAN_POINT ( 'NONE',  ( 141.9989321052910043, -144.6005679725180073, 106.2262507665499953 ) ) ;
#3782 = ORIENTED_EDGE ( 'NONE', *, *, #1712, .F. ) ;
#3783 = VECTOR ( 'NONE', #3673, 1000.000000000000000 ) ;
#3784 = AXIS2_PLACEMENT_3D ( 'NONE', #3021, #5262, #4735 ) ;
#3785 = ORIENTED_EDGE ( 'NONE', *, *, #5469, .F. ) ;
#3786 = LINE ( 'NONE', #1201, #2971 ) ;
#3787 = FACE_OUTER_BOUND ( 'NONE', #2677, .T. ) ;
#3788 = AXIS2_PLACEMENT_3D ( 'NONE', #2748, #4531, #1921 ) ;
#3789 =( NAMED_UNIT ( * ) SI_UNIT ( $, .STERADIAN. ) SOLID_ANGLE_UNIT ( ) );
#3790 = ORIENTED_EDGE ( 'NONE', *, *, #1957, .T. ) ;
#3791 = CARTESIAN_POINT ( 'NONE',  ( 165.7547861250089909, -119.8621712665460137, 104.2637974549800077 ) ) ;
#3792 = LINE ( 'NONE', #1662, #3614 ) ;
#3793 = VERTEX_POINT ( 'NONE', #4100 ) ;
#3794 = CARTESIAN_POINT ( 'NONE',  ( 147.7171133064389892, -119.4624928209260020, 108.7643247870279879 ) ) ;
#3795 = VECTOR ( 'NONE', #4637, 1000.000000000000000 ) ;
#3796 = FILL_AREA_STYLE_COLOUR ( '', #5352 ) ;
#3797 = VECTOR ( 'NONE', #5134, 1000.000000000000000 ) ;
#3798 = DIRECTION ( 'NONE',  ( -2.009843822508529990E-15, 1.000000000000000000, 0.000000000000000000 ) ) ;
#3799 = CARTESIAN_POINT ( 'NONE',  ( 150.5296133453909988, -140.2624928209240238, 102.9643259181420092 ) ) ;
#3800 = ORIENTED_EDGE ( 'NONE', *, *, #5584, .F. ) ;
#3801 = DIRECTION ( 'NONE',  ( -5.075305255429310032E-15, 1.000000000000000000, -1.622896118156660156E-15 ) ) ;
#3802 = CARTESIAN_POINT ( 'NONE',  ( 171.7948783421490191, -130.8094256212499999, 103.1643259181420120 ) ) ;
#3803 = FACE_BOUND ( 'NONE', #2408, .T. ) ;
#3804 = ORIENTED_EDGE ( 'NONE', *, *, #4147, .F. ) ;
#3805 = EDGE_CURVE ( 'NONE', #3812, #1571, #2802, .T. ) ;
#3806 = CARTESIAN_POINT ( 'NONE',  ( 163.0171133453979735, -134.6830298475569805, 95.10442926976980971 ) ) ;
#3807 = ADVANCED_FACE ( 'NONE', ( #1094 ), #1972, .F. ) ;
#3808 = DIRECTION ( 'NONE',  ( -6.501287796062090751E-15, 1.000000000000000000, 0.000000000000000000 ) ) ;
#3809 = VECTOR ( 'NONE', #4269, 1000.000000000000000 ) ;
#3810 = DIRECTION ( 'NONE',  ( -6.867912022876659601E-13, 3.764665582180180014E-16, -1.000000000000000000 ) ) ;
#3811 = EDGE_CURVE ( 'NONE', #4772, #5285, #3305, .T. ) ;
#3812 = VERTEX_POINT ( 'NONE', #4914 ) ;
#3813 = EDGE_CURVE ( 'NONE', #3916, #4497, #4547, .T. ) ;
#3814 = ORIENTED_EDGE ( 'NONE', *, *, #4056, .F. ) ;
#3815 = ADVANCED_FACE ( 'NONE', ( #3622, #4488 ), #2829, .T. ) ;
#3816 = CARTESIAN_POINT ( 'NONE',  ( 147.6948783421489964, -130.7594256212510118, 110.3643259181420007 ) ) ;
#3817 = CARTESIAN_POINT ( 'NONE',  ( 163.0171133454049937, -119.4624928209269967, 89.48499999999999943 ) ) ;
#3818 = CARTESIAN_POINT ( 'NONE',  ( 132.4171133454029814, -127.3438512425049964, 92.80999999999689010 ) ) ;
#3819 = ORIENTED_EDGE ( 'NONE', *, *, #3043, .F. ) ;
#3820 = DIRECTION ( 'NONE',  ( -1.000000000000000000, -1.181088324069652094E-14, -2.418031965417684977E-14 ) ) ;
#3821 = CARTESIAN_POINT ( 'NONE',  ( 133.6693289641676472, -138.7312539229907316, 109.4955636849632441 ) ) ;
#3822 = VERTEX_POINT ( 'NONE', #2393 ) ;
#3823 = CARTESIAN_POINT ( 'NONE',  ( 163.0171133453979735, -136.5250000000000057, 92.80999999999738748 ) ) ;
#3824 = LINE ( 'NONE', #5127, #1446 ) ;
#3825 = CARTESIAN_POINT ( 'NONE',  ( 143.9500000000079751, -124.7500000000020037, 96.38500000000000512 ) ) ;
#3826 = ORIENTED_EDGE ( 'NONE', *, *, #2708, .T. ) ;
#3827 = DIRECTION ( 'NONE',  ( -1.000000000000000000, -9.227827737143970427E-15, 6.867912022876649504E-13 ) ) ;
#3828 = LINE ( 'NONE', #2426, #4584 ) ;
#3829 = DIRECTION ( 'NONE',  ( 2.330637149875950107E-14, -4.718447854655850335E-16, 1.000000000000000000 ) ) ;
#3830 = VERTEX_POINT ( 'NONE', #3672 ) ;
#3831 = CARTESIAN_POINT ( 'NONE',  ( 132.4171133454019866, -127.3438512425049964, 92.80999999999689010 ) ) ;
#3832 = DIRECTION ( 'NONE',  ( -0.6927882173194479520, 0.7211410998849957510, 8.890154036219756031E-16 ) ) ;
#3833 = ADVANCED_FACE ( 'NONE', ( #5357 ), #5411, .T. ) ;
#3834 = ORIENTED_EDGE ( 'NONE', *, *, #677, .T. ) ;
#3835 = VERTEX_POINT ( 'NONE', #1145 ) ;
#3836 = DIRECTION ( 'NONE',  ( 0.000000000000000000, -0.7071067811865500152, 0.7071067811865450192 ) ) ;
#3837 = DIRECTION ( 'NONE',  ( -2.055968564121055696E-14, 1.000000000000000000, -9.251858538544751261E-14 ) ) ;
#3838 = EDGE_CURVE ( 'NONE', #886, #2499, #268, .T. ) ;
#3839 = SURFACE_STYLE_USAGE ( .BOTH. , #2528 ) ;
#3840 = ORIENTED_EDGE ( 'NONE', *, *, #4134, .F. ) ;
#3841 = DIRECTION ( 'NONE',  ( -0.7071067811887460364, -0.7071067811843489981, -3.241148923770880573E-15 ) ) ;
#3842 = LINE ( 'NONE', #512, #2711 ) ;
#3843 = EDGE_CURVE ( 'NONE', #140, #1478, #4298, .T. ) ;
#3844 = ORIENTED_EDGE ( 'NONE', *, *, #4182, .T. ) ;
#3845 = SURFACE_STYLE_FILL_AREA ( #5583 ) ;
#3846 = LINE ( 'NONE', #4717, #4317 ) ;
#3847 = ORIENTED_EDGE ( 'NONE', *, *, #538, .F. ) ;
#3848 = CARTESIAN_POINT ( 'NONE',  ( 163.0171133453979735, -129.6529310438289997, 92.48869476322960281 ) ) ;
#3849 = CONICAL_SURFACE ( 'NONE', #980, 1.908500000000007413, 0.7853981633976342414 ) ;
#3850 = VERTEX_POINT ( 'NONE', #5001 ) ;
#3851 = CARTESIAN_POINT ( 'NONE',  ( 162.6382339180070176, -135.0619092749449806, 94.46374237216109293 ) ) ;
#3852 = LINE ( 'NONE', #3435, #3708 ) ;
#3853 = AXIS2_PLACEMENT_3D ( 'NONE', #3251, #1906, #1534 ) ;
#3854 = FACE_OUTER_BOUND ( 'NONE', #4893, .T. ) ;
#3855 = VERTEX_POINT ( 'NONE', #721 ) ;
#3856 = CONICAL_SURFACE ( 'NONE', #897, 1.774999999999998801, 0.7853981633974236320 ) ;
#3857 = DIRECTION ( 'NONE',  ( -2.418031965417649952E-14, -2.810542139867140164E-15, 1.000000000000000000 ) ) ;
#3858 = PLANE ( 'NONE',  #1552 ) ;
#3859 = CARTESIAN_POINT ( 'NONE',  ( 163.0171133453989682, -131.8249999999999886, 92.80999999999698957 ) ) ;
#3860 = VECTOR ( 'NONE', #4727, 1000.000000000000000 ) ;
#3861 = VERTEX_POINT ( 'NONE', #2445 ) ;
#3862 = ORIENTED_EDGE ( 'NONE', *, *, #4278, .F. ) ;
#3863 = VECTOR ( 'NONE', #2062, 1000.000000000000000 ) ;
#3864 = CIRCLE ( 'NONE', #5506, 3.500000000000003109 ) ;
#3865 = ADVANCED_FACE ( 'NONE', ( #4154 ), #5307, .F. ) ;
#3866 = LINE ( 'NONE', #4708, #5511 ) ;
#3867 = DIRECTION ( 'NONE',  ( 6.864132151623180889E-15, -1.000000000000000000, 2.016881641321370266E-15 ) ) ;
#3868 = AXIS2_PLACEMENT_3D ( 'NONE', #2142, #870, #2480 ) ;
#3869 = DIRECTION ( 'NONE',  ( 0.000000000000000000, -9.036110708595551378E-15, -1.000000000000000000 ) ) ;
#3870 = CIRCLE ( 'NONE', #1447, 1.708500000000001684 ) ;
#3871 = EDGE_LOOP ( 'NONE', ( #2789, #1653, #3248, #3483 ) ) ;
#3872 = CARTESIAN_POINT ( 'NONE',  ( 173.5099505764860339, -119.4624928209260020, 110.3643259181420007 ) ) ;
#3873 = ORIENTED_EDGE ( 'NONE', *, *, #2504, .F. ) ;
#3874 = EDGE_CURVE ( 'NONE', #5294, #2530, #159, .T. ) ;
#3875 = EDGE_CURVE ( 'NONE', #3624, #1738, #2494, .T. ) ;
#3876 = VECTOR ( 'NONE', #4495, 1000.000000000000000 ) ;
#3877 = EDGE_CURVE ( 'NONE', #1584, #2712, #2079, .T. ) ;
#3878 = LINE ( 'NONE', #18, #4153 ) ;
#3879 = DIRECTION ( 'NONE',  ( -1.000000000000000000, -5.732307797903130265E-15, -6.510422698133851019E-15 ) ) ;
#3880 = AXIS2_PLACEMENT_3D ( 'NONE', #2532, #2920, #2115 ) ;
#3881 = EDGE_CURVE ( 'NONE', #2313, #3908, #1795, .T. ) ;
#3882 = ORIENTED_EDGE ( 'NONE', *, *, #2099, .T. ) ;
#3883 = CARTESIAN_POINT ( 'NONE',  ( 169.4448783421489964, -130.8094256212499999, 110.3643259181420007 ) ) ;
#3884 = CARTESIAN_POINT ( 'NONE',  ( 160.7609296305830071, -135.5250000000000057, 92.66624999999790191 ) ) ;
#3885 = AXIS2_PLACEMENT_3D ( 'NONE', #2283, #3905, #4775 ) ;
#3886 = DIRECTION ( 'NONE',  ( -1.000000000000000000, 4.500579123205270064E-15, 0.000000000000000000 ) ) ;
#3887 = DIRECTION ( 'NONE',  ( 1.000000000000000000, 2.009843820286610165E-15, -6.867631562389000059E-13 ) ) ;
#3888 = AXIS2_PLACEMENT_3D ( 'NONE', #4162, #1180, #4131 ) ;
#3889 = CARTESIAN_POINT ( 'NONE',  ( 160.5500129316530149, -137.1501302613039854, 89.17263744037690287 ) ) ;
#3890 = VERTEX_POINT ( 'NONE', #2558 ) ;
#3891 = CARTESIAN_POINT ( 'NONE',  ( 89.51918084712899315, -116.1143804626720026, 134.7124383649519643 ) ) ;
#3892 = DIRECTION ( 'NONE',  ( -1.000000000000000000, 0.000000000000000000, 6.867912022876659601E-13 ) ) ;
#3893 = EDGE_LOOP ( 'NONE', ( #2038, #4634, #442, #2520 ) ) ;
#3894 = CIRCLE ( 'NONE', #844, 1.574999999999993072 ) ;
#3895 = ORIENTED_EDGE ( 'NONE', *, *, #404, .T. ) ;
#3896 =( BOUNDED_CURVE ( )  B_SPLINE_CURVE ( 3, ( #2645, #3990, #3542, #2223 ),
 .UNSPECIFIED., .F., .T. ) 
 B_SPLINE_CURVE_WITH_KNOTS ( ( 4, 4 ),
 ( 4.891849744650209608, 4.892435373345480620 ),
 .UNSPECIFIED. ) 
 CURVE ( )  GEOMETRIC_REPRESENTATION_ITEM ( )  RATIONAL_B_SPLINE_CURVE ( ( 1.000000000000000000, 0.9999999714199190315, 0.9999999714199190315, 1.000000000000000000 ) ) 
 REPRESENTATION_ITEM ( '' )  );
#3897 = CARTESIAN_POINT ( 'NONE',  ( 147.6448783421540156, -124.7500000000020037, 93.99749282092339797 ) ) ;
#3898 = DIRECTION ( 'NONE',  ( 3.965082230804110893E-15, 4.430635266668075387E-15, 1.000000000000000000 ) ) ;
#3899 = DIRECTION ( 'NONE',  ( -2.748129594203390530E-15, -4.430635266668075387E-15, -1.000000000000000000 ) ) ;
#3900 = CARTESIAN_POINT ( 'NONE',  ( 147.7171133453969958, -120.4624928209260020, 89.48499999999999943 ) ) ;
#3901 = ADVANCED_FACE ( 'NONE', ( #5063, #3787 ), #3417, .T. ) ;
#3902 = ORIENTED_EDGE ( 'NONE', *, *, #785, .F. ) ;
#3903 = VERTEX_POINT ( 'NONE', #4685 ) ;
#3904 = CARTESIAN_POINT ( 'NONE',  ( 132.4344203936770157, -119.4624928209260020, 99.46432591814070179 ) ) ;
#3905 = DIRECTION ( 'NONE',  ( 0.000000000000000000, -1.973846303234049855E-15, -1.000000000000000000 ) ) ;
#3906 = ADVANCED_FACE ( 'NONE', ( #2886 ), #1680, .F. ) ;
#3907 = PLANE ( 'NONE',  #1357 ) ;
#3908 = VERTEX_POINT ( 'NONE', #3337 ) ;
#3909 = DIRECTION ( 'NONE',  ( 0.000000000000000000, 1.926745932492380336E-15, 1.000000000000000000 ) ) ;
#3910 = FACE_OUTER_BOUND ( 'NONE', #2864, .T. ) ;
#3911 = ADVANCED_FACE ( 'NONE', ( #838 ), #1202, .T. ) ;
#3912 = FACE_OUTER_BOUND ( 'NONE', #5227, .T. ) ;
#3913 = DIRECTION ( 'NONE',  ( 1.000000000000000000, -7.120326166349700838E-29, 1.539220716937389985E-14 ) ) ;
#3914 = EDGE_CURVE ( 'NONE', #1732, #1163, #710, .T. ) ;
#3915 = DIRECTION ( 'NONE',  ( -1.181088324069313042E-14, 1.000000000000000000, 0.000000000000000000 ) ) ;
#3916 = VERTEX_POINT ( 'NONE', #4606 ) ;
#3917 = CARTESIAN_POINT ( 'NONE',  ( 171.1075940212339219, -119.8621279181727317, 104.2637541066067399 ) ) ;
#3918 = ADVANCED_FACE ( 'NONE', ( #1284 ), #2110, .T. ) ;
#3919 = CARTESIAN_POINT ( 'NONE',  ( 136.1187580148680070, -142.8288127459070154, 105.3980048620459939 ) ) ;
#3920 = FACE_OUTER_BOUND ( 'NONE', #2385, .T. ) ;
#3921 = ORIENTED_EDGE ( 'NONE', *, *, #3493, .F. ) ;
#3922 = ORIENTED_EDGE ( 'NONE', *, *, #3772, .F. ) ;
#3923 = CARTESIAN_POINT ( 'NONE',  ( 163.0171133453979735, -128.6529310438289997, 92.48869476322960281 ) ) ;
#3924 = DIRECTION ( 'NONE',  ( -1.000000000000000000, 0.000000000000000000, 4.757973416711740266E-15 ) ) ;
#3925 = CARTESIAN_POINT ( 'NONE',  ( 121.2170679492020042, -140.4624928209230177, 103.7542814400920008 ) ) ;
#3926 = ORIENTED_EDGE ( 'NONE', *, *, #4976, .F. ) ;
#3927 = VERTEX_POINT ( 'NONE', #3817 ) ;
#3928 = ORIENTED_EDGE ( 'NONE', *, *, #4538, .T. ) ;
#3929 = FACE_OUTER_BOUND ( 'NONE', #1044, .T. ) ;
#3930 = DIRECTION ( 'NONE',  ( -1.000000000000000000, -1.009293658750142123E-14, 2.371361253508395090E-15 ) ) ;
#3931 = VERTEX_POINT ( 'NONE', #1226 ) ;
#3932 = DIRECTION ( 'NONE',  ( 0.000000000000000000, 1.000000000000000000, -9.251858538544751261E-14 ) ) ;
#3933 = VERTEX_POINT ( 'NONE', #5574 ) ;
#3934 = CARTESIAN_POINT ( 'NONE',  ( 156.5497566843010304, -124.9750000000000085, 92.80999999999698957 ) ) ;
#3935 = DIRECTION ( 'NONE',  ( -2.018587317500282668E-14, 1.000000000000000000, 5.046468293750706671E-15 ) ) ;
#3936 = ADVANCED_FACE ( 'NONE', ( #5027 ), #4290, .F. ) ;
#3937 = LINE ( 'NONE', #1864, #4785 ) ;
#3938 = CYLINDRICAL_SURFACE ( 'NONE', #622, 2.349999999999741185 ) ;
#3939 = CARTESIAN_POINT ( 'NONE',  ( 151.4497566842990182, -127.3249999999999886, 92.80999999999698957 ) ) ;
#3940 = ORIENTED_EDGE ( 'NONE', *, *, #4561, .F. ) ;
#3941 = LINE ( 'NONE', #534, #4406 ) ;
#3942 = EDGE_CURVE ( 'NONE', #5173, #4299, #3755, .T. ) ;
#3943 = PRESENTATION_LAYER_ASSIGNMENT (  '', '', ( #617 ) ) ;
#3944 = CARTESIAN_POINT ( 'NONE',  ( 138.9582154668740088, -141.2155645005259998, 100.6173975977414017 ) ) ;
#3945 = CARTESIAN_POINT ( 'NONE',  ( 128.1076603330529338, -119.8617629959866946, 107.2648488342982773 ) ) ;
#3946 = EDGE_CURVE ( 'NONE', #1193, #5439, #426, .T. ) ;
#3947 = EDGE_CURVE ( 'NONE', #94, #3850, #1524, .T. ) ;
#3948 = AXIS2_PLACEMENT_3D ( 'NONE', #5114, #2939, #1253 ) ;
#3949 = ORIENTED_EDGE ( 'NONE', *, *, #4120, .F. ) ;
#3950 = ORIENTED_EDGE ( 'NONE', *, *, #2346, .T. ) ;
#3951 = AXIS2_PLACEMENT_3D ( 'NONE', #111, #4814, #1816 ) ;
#3952 = VECTOR ( 'NONE', #3899, 1000.000000000000000 ) ;
#3953 = DIRECTION ( 'NONE',  ( 1.000000000000000000, 0.000000000000000000, 0.000000000000000000 ) ) ;
#3954 = DIRECTION ( 'NONE',  ( 0.6069333205183417013, 0.3628111691287594365, -0.7071067811865493491 ) ) ;
#3955 = DIRECTION ( 'NONE',  ( 1.000000000000000000, 2.009843820287940185E-15, -3.285583168621639665E-16 ) ) ;
#3956 = ORIENTED_EDGE ( 'NONE', *, *, #711, .F. ) ;
#3957 = VECTOR ( 'NONE', #3770, 1000.000000000000000 ) ;
#3958 = ORIENTED_EDGE ( 'NONE', *, *, #1993, .T. ) ;
#3959 = CARTESIAN_POINT ( 'NONE',  ( 163.0171133453979735, -136.5250000000000057, 89.88500000000000512 ) ) ;
#3960 = CONICAL_SURFACE ( 'NONE', #1811, 13.80026402016989628, 0.7853981633944530083 ) ;
#3961 = AXIS2_PLACEMENT_3D ( 'NONE', #1741, #4684, #3367 ) ;
#3962 = CYLINDRICAL_SURFACE ( 'NONE', #4968, 1.700000000000007061 ) ;
#3963 = DIRECTION ( 'NONE',  ( 1.000000000000000000, -7.120326166349700838E-29, 1.539220716937389985E-14 ) ) ;
#3964 = ORIENTED_EDGE ( 'NONE', *, *, #4734, .F. ) ;
#3965 = DIRECTION ( 'NONE',  ( 0.000000000000000000, -1.000000000000000000, 4.430635266668070654E-15 ) ) ;
#3966 = CIRCLE ( 'NONE', #1274, 1.700000000000007061 ) ;
#3967 = CARTESIAN_POINT ( 'NONE',  ( 169.4448783421489964, -130.8094256212499999, 110.7643259181420063 ) ) ;
#3968 = DIRECTION ( 'NONE',  ( 1.000000000000000000, 0.000000000000000000, -2.748129594203400391E-15 ) ) ;
#3969 = CARTESIAN_POINT ( 'NONE',  ( 129.3159429339685005, -119.4624928209260872, 109.4955636849636562 ) ) ;
#3970 = AXIS2_PLACEMENT_3D ( 'NONE', #3891, #3409, #4227 ) ;
#3971 = FACE_OUTER_BOUND ( 'NONE', #210, .T. ) ;
#3972 = ORIENTED_EDGE ( 'NONE', *, *, #3321, .F. ) ;
#3973 = CYLINDRICAL_SURFACE ( 'NONE', #904, 1.708500000000001684 ) ;
#3974 = CARTESIAN_POINT ( 'NONE',  ( 149.4248783421530220, -133.7000000000000171, 95.23499999999840782 ) ) ;
#3975 = AXIS2_PLACEMENT_3D ( 'NONE', #5391, #2010, #1576 ) ;
#3976 = ORIENTED_EDGE ( 'NONE', *, *, #715, .F. ) ;
#3977 = EDGE_CURVE ( 'NONE', #5317, #1977, #4482, .T. ) ;
#3978 = ORIENTED_EDGE ( 'NONE', *, *, #4356, .T. ) ;
#3979 = ORIENTED_EDGE ( 'NONE', *, *, #3498, .F. ) ;
#3980 = EDGE_CURVE ( 'NONE', #4264, #1293, #2162, .T. ) ;
#3981 = LINE ( 'NONE', #116, #1812 ) ;
#3982 = LINE ( 'NONE', #117, #1699 ) ;
#3983 = VECTOR ( 'NONE', #3482, 1000.000000000000000 ) ;
#3984 = DIRECTION ( 'NONE',  ( -9.227827737143710103E-15, 1.000000000000000000, 0.000000000000000000 ) ) ;
#3985 = EDGE_CURVE ( 'NONE', #1163, #1732, #1343, .T. ) ;
#3986 = ORIENTED_EDGE ( 'NONE', *, *, #2703, .F. ) ;
#3987 = FACE_OUTER_BOUND ( 'NONE', #1238, .T. ) ;
#3988 = CARTESIAN_POINT ( 'NONE',  ( 129.7216946132469673, -119.8621712665460137, 104.2637974549800077 ) ) ;
#3989 = ORIENTED_EDGE ( 'NONE', *, *, #4692, .F. ) ;
#3990 = CARTESIAN_POINT ( 'NONE',  ( 124.3688204052031665, -119.8617629959866946, 107.2648488342982773 ) ) ;
#3991 = EDGE_LOOP ( 'NONE', ( #479, #3729, #4718, #262, #1032 ) ) ;
#3992 = ORIENTED_EDGE ( 'NONE', *, *, #3914, .F. ) ;
#3993 = CARTESIAN_POINT ( 'NONE',  ( 121.2171133453939973, -119.4624928209260020, 102.7643259181419921 ) ) ;
#3994 =( NAMED_UNIT ( * ) PLANE_ANGLE_UNIT ( ) SI_UNIT ( $, .RADIAN. ) );
#3995 = CARTESIAN_POINT ( 'NONE',  ( 172.7216632204449809, -119.8624928209249987, 107.2641190093600017 ) ) ;
#3996 = CARTESIAN_POINT ( 'NONE',  ( 141.8692734138259937, -140.4624928209260020, 102.5143253525850042 ) ) ;
#3997 = CARTESIAN_POINT ( 'NONE',  ( 171.1077265380160100, -119.8613980543999986, 107.2652137758860107 ) ) ;
#3998 = VERTEX_POINT ( 'NONE', #144 ) ;
#3999 = DIRECTION ( 'NONE',  ( 1.000000000000000000, 8.946782286856180428E-15, -2.371361253508400217E-15 ) ) ;
#4000 = CARTESIAN_POINT ( 'NONE',  ( 132.4344203936770157, -119.4624928209260020, 102.7643259181419921 ) ) ;
#4001 = CARTESIAN_POINT ( 'NONE',  ( 169.4448783421489964, -130.8094256212499999, 102.7643259181419921 ) ) ;
#4002 = ORIENTED_EDGE ( 'NONE', *, *, #2368, .F. ) ;
#4003 = EDGE_LOOP ( 'NONE', ( #1423, #986, #5258, #4343, #4075, #4388 ) ) ;
#4004 = ORIENTED_EDGE ( 'NONE', *, *, #4989, .T. ) ;
#4005 = LINE ( 'NONE', #2216, #1904 ) ;
#4006 = CARTESIAN_POINT ( 'NONE',  ( 158.1497566842990068, -135.5250000000000057, 92.80999999999748695 ) ) ;
#4007 = CARTESIAN_POINT ( 'NONE',  ( 122.7547861250079961, -119.8621712665460137, 107.2644405637399956 ) ) ;
#4008 = ORIENTED_EDGE ( 'NONE', *, *, #1133, .F. ) ;
#4009 = EDGE_LOOP ( 'NONE', ( #4886, #612, #1402, #1500 ) ) ;
#4010 = EDGE_LOOP ( 'NONE', ( #4769, #3025, #1568, #5130 ) ) ;
#4011 = EDGE_CURVE ( 'NONE', #542, #3536, #549, .T. ) ;
#4012 = ADVANCED_FACE ( 'NONE', ( #1768 ), #4763, .T. ) ;
#4013 = CYLINDRICAL_SURFACE ( 'NONE', #4589, 2.750000000000002665 ) ;
#4014 = ORIENTED_EDGE ( 'NONE', *, *, #1325, .F. ) ;
#4015 = CARTESIAN_POINT ( 'NONE',  ( 132.4344203936730082, -124.0874928209250072, 102.7643259181419921 ) ) ;
#4016 = EDGE_CURVE ( 'NONE', #2224, #3793, #37, .T. ) ;
#4017 = VERTEX_POINT ( 'NONE', #3557 ) ;
#4018 = ORIENTED_EDGE ( 'NONE', *, *, #3226, .T. ) ;
#4019 = CARTESIAN_POINT ( 'NONE',  ( 159.6186942114619853, -138.0814489814920023, 99.46432591814070179 ) ) ;
#4020 = CARTESIAN_POINT ( 'NONE',  ( 162.0171133453979735, -134.2688162851839877, 94.15673624166939248 ) ) ;
#4021 = CARTESIAN_POINT ( 'NONE',  ( 147.6948783421530038, -130.7594256212520065, 96.38500000000000512 ) ) ;
#4022 = UNCERTAINTY_MEASURE_WITH_UNIT (LENGTH_MEASURE( 1.000000000000000082E-05 ), #1773, 'distance_accuracy_value', 'NONE');
#4023 = DIRECTION ( 'NONE',  ( -0.5773502691896410521, 0.5773502691896260641, -0.5773502691896100769 ) ) ;
#4024 = CARTESIAN_POINT ( 'NONE',  ( 175.2171132998470000, -119.4624928209260020, 102.1321629642770006 ) ) ;
#4025 = ORIENTED_EDGE ( 'NONE', *, *, #4636, .T. ) ;
#4026 = ORIENTED_EDGE ( 'NONE', *, *, #5343, .T. ) ;
#4027 = AXIS2_PLACEMENT_3D ( 'NONE', #4325, #4800, #3508 ) ;
#4028 =( BOUNDED_CURVE ( )  B_SPLINE_CURVE ( 3, ( #4527, #4918, #3263, #4077 ),
 .UNSPECIFIED., .F., .T. ) 
 B_SPLINE_CURVE_WITH_KNOTS ( ( 4, 4 ),
 ( 5.497787143782379538, 6.283185307179590673 ),
 .UNSPECIFIED. ) 
 CURVE ( )  GEOMETRIC_REPRESENTATION_ITEM ( )  RATIONAL_B_SPLINE_CURVE ( ( 1.000000000000000000, 0.9492530216742219862, 0.9492530216742219862, 1.000000000000000000 ) ) 
 REPRESENTATION_ITEM ( '' )  );
#4029 = ORIENTED_EDGE ( 'NONE', *, *, #1224, .F. ) ;
#4030 = VERTEX_POINT ( 'NONE', #2274 ) ;
#4031 = LINE ( 'NONE', #1479, #1883 ) ;
#4032 = CIRCLE ( 'NONE', #1611, 3.000000000000002665 ) ;
#4033 = LINE ( 'NONE', #4483, #446 ) ;
#4034 = EDGE_CURVE ( 'NONE', #1233, #1478, #768, .T. ) ;
#4035 = ORIENTED_EDGE ( 'NONE', *, *, #3985, .F. ) ;
#4036 = VECTOR ( 'NONE', #4383, 1000.000000000000000 ) ;
#4037 = CARTESIAN_POINT ( 'NONE',  ( 125.9448783421490106, -130.8094256212499999, 102.7643259181419921 ) ) ;
#4038 = VECTOR ( 'NONE', #2460, 1000.000000000000000 ) ;
#4039 = DIRECTION ( 'NONE',  ( 2.081254558480789989E-14, -2.529453808883810153E-15, -1.000000000000000000 ) ) ;
#4040 = AXIS2_PLACEMENT_3D ( 'NONE', #4460, #3645, #1994 ) ;
#4041 = ORIENTED_EDGE ( 'NONE', *, *, #825, .T. ) ;
#4042 = CARTESIAN_POINT ( 'NONE',  ( 133.9380476110822826, -136.1953966447322557, 90.09559568528642615 ) ) ;
#4043 = EDGE_CURVE ( 'NONE', #581, #5317, #1336, .T. ) ;
#4044 = LINE ( 'NONE', #1976, #3160 ) ;
#4045 = EDGE_CURVE ( 'NONE', #3104, #4622, #3448, .T. ) ;
#4046 = EDGE_LOOP ( 'NONE', ( #4008, #2084, #414, #1206 ) ) ;
#4047 = ORIENTED_EDGE ( 'NONE', *, *, #112, .T. ) ;
#4048 = LINE ( 'NONE', #4894, #1908 ) ;
#4049 = PRESENTATION_STYLE_ASSIGNMENT (( #4499 ) ) ;
#4050 = VECTOR ( 'NONE', #5014, 1000.000000000000000 ) ;
#4051 = VECTOR ( 'NONE', #1050, 1000.000000000000114 ) ;
#4052 = DIRECTION ( 'NONE',  ( -1.000000000000000000, -1.887379142593740016E-15, -1.539220716937389985E-14 ) ) ;
#4053 = ADVANCED_FACE ( 'NONE', ( #976 ), #4347, .F. ) ;
#4054 = LINE ( 'NONE', #1892, #4036 ) ;
#4055 = LINE ( 'NONE', #2377, #3348 ) ;
#4056 = EDGE_CURVE ( 'NONE', #3647, #2019, #492, .T. ) ;
#4057 = CARTESIAN_POINT ( 'NONE',  ( 162.0171133453979735, -132.8249999999999886, 92.80999999999689010 ) ) ;
#4058 = VECTOR ( 'NONE', #1914, 1000.000000000000114 ) ;
#4059 = LINE ( 'NONE', #3635, #1351 ) ;
#4060 = DIRECTION ( 'NONE',  ( 1.000000000000000000, 9.378244137164250901E-15, 0.000000000000000000 ) ) ;
#4061 = AXIS2_PLACEMENT_3D ( 'NONE', #3030, #5209, #3965 ) ;
#4062 = ORIENTED_EDGE ( 'NONE', *, *, #53, .T. ) ;
#4063 = LINE ( 'NONE', #659, #1110 ) ;
#4064 = AXIS2_PLACEMENT_3D ( 'NONE', #1783, #3405, #5215 ) ;
#4065 = ORIENTED_EDGE ( 'NONE', *, *, #3151, .F. ) ;
#4066 = ORIENTED_EDGE ( 'NONE', *, *, #4714, .F. ) ;
#4067 = FACE_OUTER_BOUND ( 'NONE', #3650, .T. ) ;
#4068 = CARTESIAN_POINT ( 'NONE',  ( 122.7548070485966036, -119.8623856366151443, 107.2642261936699413 ) ) ;
#4069 = EDGE_LOOP ( 'NONE', ( #1324, #2251, #4157, #1663 ) ) ;
#4070 = AXIS2_PLACEMENT_3D ( 'NONE', #2986, #4052, #3149 ) ;
#4071 = ORIENTED_EDGE ( 'NONE', *, *, #4087, .T. ) ;
#4072 = LINE ( 'NONE', #1066, #2598 ) ;
#4073 = AXIS2_PLACEMENT_3D ( 'NONE', #1148, #186, #4917 ) ;
#4074 = CARTESIAN_POINT ( 'NONE',  ( 171.1533783421490114, -130.8094256212499999, 107.7643259181420063 ) ) ;
#4075 = ORIENTED_EDGE ( 'NONE', *, *, #2033, .T. ) ;
#4076 = DIRECTION ( 'NONE',  ( 1.000000000000000000, 2.009843822508529990E-15, -2.748129594203400391E-15 ) ) ;
#4077 = CARTESIAN_POINT ( 'NONE',  ( 122.1508943902840088, -119.4624928209260020, 109.7643247870269931 ) ) ;
#4078 = EDGE_LOOP ( 'NONE', ( #4476, #5117, #4496, #3790, #884 ) ) ;
#4079 = ORIENTED_EDGE ( 'NONE', *, *, #2948, .T. ) ;
#4080 = AXIS2_PLACEMENT_3D ( 'NONE', #1256, #2583, #4242 ) ;
#4081 = CARTESIAN_POINT ( 'NONE',  ( 137.4171133454100016, -131.1938512425049908, 92.80999999999698957 ) ) ;
#4082 =( BOUNDED_CURVE ( )  B_SPLINE_CURVE ( 3, ( #2085, #5077, #2508, #2983 ),
 .UNSPECIFIED., .F., .F. ) 
 B_SPLINE_CURVE_WITH_KNOTS ( ( 4, 4 ),
 ( 1.473430298577852016, 1.473522608051633931 ),
 .UNSPECIFIED. ) 
 CURVE ( )  GEOMETRIC_REPRESENTATION_ITEM ( )  RATIONAL_B_SPLINE_CURVE ( ( 1.000000000000000000, 0.9999999992899130108, 0.9999999992899130108, 1.000000000000000000 ) ) 
 REPRESENTATION_ITEM ( '' )  );
#4083 = DIRECTION ( 'NONE',  ( 1.000000000000000000, 1.762258769246290055E-14, -2.887067357318670574E-14 ) ) ;
#4084 = CYLINDRICAL_SURFACE ( 'NONE', #2071, 2.349999999999990763 ) ;
#4085 = DIRECTION ( 'NONE',  ( -1.887379142593809830E-15, 1.000000000000000000, 3.764665582242999966E-16 ) ) ;
#4086 = CARTESIAN_POINT ( 'NONE',  ( 156.7256133453909968, -119.4624928209260020, 98.38932592333840432 ) ) ;
#4087 = EDGE_CURVE ( 'NONE', #1551, #5173, #464, .T. ) ;
#4088 = CARTESIAN_POINT ( 'NONE',  ( 140.7631031199010181, -143.0204521535509912, 95.04295933262399387 ) ) ;
#4089 = CARTESIAN_POINT ( 'NONE',  ( 123.3159429339730053, -119.4624928209260020, 108.7643247870269931 ) ) ;
#4090 = EDGE_CURVE ( 'NONE', #494, #3421, #2683, .T. ) ;
#4091 = VERTEX_POINT ( 'NONE', #3502 ) ;
#4092 = LINE ( 'NONE', #167, #5057 ) ;
#4093 = EDGE_CURVE ( 'NONE', #431, #867, #1827, .T. ) ;
#4094 = ORIENTED_EDGE ( 'NONE', *, *, #4699, .T. ) ;
#4095 = VERTEX_POINT ( 'NONE', #5290 ) ;
#4096 = PLANE ( 'NONE',  #528 ) ;
#4097 = PLANE ( 'NONE',  #4040 ) ;
#4098 = ORIENTED_EDGE ( 'NONE', *, *, #1106, .T. ) ;
#4099 = ORIENTED_EDGE ( 'NONE', *, *, #2846, .F. ) ;
#4100 = CARTESIAN_POINT ( 'NONE',  ( 132.4171133454049993, -119.4624928209269967, 96.06432591814069610 ) ) ;
#4101 = CARTESIAN_POINT ( 'NONE',  ( 143.9500000000079751, -120.4624928209260020, 89.48499999999999943 ) ) ;
#4102 = ORIENTED_EDGE ( 'NONE', *, *, #3602, .F. ) ;
#4103 = LINE ( 'NONE', #1486, #5070 ) ;
#4104 = FACE_OUTER_BOUND ( 'NONE', #4003, .T. ) ;
#4105 = EDGE_LOOP ( 'NONE', ( #113, #686, #4969, #1694, #2164, #5172, #3814, #5420, #3513, #2911, #2050, #1458, #1415, #1797, #5449, #2420, #4094, #5398, #1174, #1725, #1341 ) ) ;
#4106 = VERTEX_POINT ( 'NONE', #4794 ) ;
#4107 = FACE_OUTER_BOUND ( 'NONE', #5479, .T. ) ;
#4108 = DIRECTION ( 'NONE',  ( -1.762258769246287846E-14, 1.000000000000000000, 0.000000000000000000 ) ) ;
#4109 = DIRECTION ( 'NONE',  ( 5.220468756189000771E-16, 0.7071067811865670016, 0.7071067811865280328 ) ) ;
#4110 = CARTESIAN_POINT ( 'NONE',  ( 121.2183808715160040, -140.4624928209260020, 103.1643259181420120 ) ) ;
#4111 = EDGE_CURVE ( 'NONE', #3567, #3356, #3108, .T. ) ;
#4112 = CARTESIAN_POINT ( 'NONE',  ( 134.6960253424329892, -119.4624928209260020, 99.59642185088220856 ) ) ;
#4113 = EDGE_LOOP ( 'NONE', ( #2023, #3678, #1489, #4225 ) ) ;
#4114 = ADVANCED_FACE ( 'NONE', ( #1418 ), #2682, .F. ) ;
#4115 = ORIENTED_EDGE ( 'NONE', *, *, #2944, .F. ) ;
#4116 = DIRECTION ( 'NONE',  ( 5.958684672490291066E-15, -1.000000000000000000, 1.801982743164880021E-15 ) ) ;
#4117 = EDGE_CURVE ( 'NONE', #1813, #3679, #3982, .T. ) ;
#4118 = CARTESIAN_POINT ( 'NONE',  ( 147.6448783421540156, -124.5500000000019867, 93.79749282092350882 ) ) ;
#4119 = VERTEX_POINT ( 'NONE', #1009 ) ;
#4120 = EDGE_CURVE ( 'NONE', #101, #3413, #4839, .T. ) ;
#4121 = EDGE_LOOP ( 'NONE', ( #666, #381, #811, #5547 ) ) ;
#4122 = DIRECTION ( 'NONE',  ( -1.181088324069320141E-14, 1.000000000000000000, 0.000000000000000000 ) ) ;
#4123 = CARTESIAN_POINT ( 'NONE',  ( 167.3689531356959890, -119.8624928209249987, 104.2641190093600017 ) ) ;
#4124 = ORIENTED_EDGE ( 'NONE', *, *, #2948, .F. ) ;
#4125 = DIRECTION ( 'NONE',  ( 4.032935767706580570E-15, -1.926745932492350360E-15, -1.000000000000000000 ) ) ;
#4126 = VECTOR ( 'NONE', #5250, 1000.000000000000000 ) ;
#4127 = DIRECTION ( 'NONE',  ( -1.000000000000000000, 0.000000000000000000, 0.000000000000000000 ) ) ;
#4128 = ORIENTED_EDGE ( 'NONE', *, *, #2545, .T. ) ;
#4129 = ORIENTED_EDGE ( 'NONE', *, *, #5048, .T. ) ;
#4130 = CARTESIAN_POINT ( 'NONE',  ( 132.4344203936730082, -140.0624928209259963, 99.46432591814070179 ) ) ;
#4131 = DIRECTION ( 'NONE',  ( -1.181088324069438628E-14, 1.000000000000000000, -8.858162430520789633E-14 ) ) ;
#4132 = VECTOR ( 'NONE', #794, 1000.000000000000000 ) ;
#4133 = AXIS2_PLACEMENT_3D ( 'NONE', #4118, #1535, #1142 ) ;
#4134 = EDGE_CURVE ( 'NONE', #644, #3356, #2302, .T. ) ;
#4135 = DIRECTION ( 'NONE',  ( 1.581958964696309892E-14, -1.000000000000000000, 2.529453808884130036E-15 ) ) ;
#4136 = DIRECTION ( 'NONE',  ( 1.581958964696290013E-14, -1.000000000000000000, -2.810542139866929933E-15 ) ) ;
#4137 = CIRCLE ( 'NONE', #3688, 2.099999999999990763 ) ;
#4138 = DIRECTION ( 'NONE',  ( 2.371361346275850080E-15, 1.926745932492350360E-15, 1.000000000000000000 ) ) ;
#4139 = LINE ( 'NONE', #4112, #5132 ) ;
#4140 = VECTOR ( 'NONE', #1778, 1000.000000000000000 ) ;
#4141 = VECTOR ( 'NONE', #4412, 1000.000000000000000 ) ;
#4142 = CIRCLE ( 'NONE', #1727, 1.700000000000007061 ) ;
#4143 = EDGE_CURVE ( 'NONE', #3861, #3566, #258, .T. ) ;
#4144 = ORIENTED_EDGE ( 'NONE', *, *, #21, .F. ) ;
#4145 = ORIENTED_EDGE ( 'NONE', *, *, #77, .T. ) ;
#4146 = DIRECTION ( 'NONE',  ( -1.887379142593809830E-15, 1.000000000000000000, 2.810542046950460301E-15 ) ) ;
#4147 = EDGE_CURVE ( 'NONE', #3793, #1144, #2760, .T. ) ;
#4148 = PLANE ( 'NONE',  #1987 ) ;
#4149 = VECTOR ( 'NONE', #5312, 1000.000000000000000 ) ;
#4150 = ORIENTED_EDGE ( 'NONE', *, *, #598, .F. ) ;
#4151 = ADVANCED_FACE ( 'NONE', ( #3195 ), #3644, .T. ) ;
#4152 = ORIENTED_EDGE ( 'NONE', *, *, #2606, .T. ) ;
#4153 = VECTOR ( 'NONE', #5502, 1000.000000000000000 ) ;
#4154 = FACE_OUTER_BOUND ( 'NONE', #3712, .T. ) ;
#4155 = EDGE_CURVE ( 'NONE', #188, #140, #4031, .T. ) ;
#4156 = CARTESIAN_POINT ( 'NONE',  ( 163.0171133453979735, -125.9750000000000085, 92.80999999999689010 ) ) ;
#4157 = ORIENTED_EDGE ( 'NONE', *, *, #5119, .T. ) ;
#4158 = CIRCLE ( 'NONE', #2900, 1.349999999999740297 ) ;
#4159 = DIRECTION ( 'NONE',  ( 3.178990140719190044E-06, 1.926752321756329363E-15, 0.9999999999949469309 ) ) ;
#4160 = CARTESIAN_POINT ( 'NONE',  ( 121.2170679492020042, -140.4624928209230177, 102.7500000000259917 ) ) ;
#4161 = ORIENTED_EDGE ( 'NONE', *, *, #2437, .T. ) ;
#4162 = CARTESIAN_POINT ( 'NONE',  ( 157.1497566842990068, -127.3249999999999886, 92.80999999999720274 ) ) ;
#4163 = CARTESIAN_POINT ( 'NONE',  ( 127.6533783421490114, -130.8094256212499999, 102.7643259181419921 ) ) ;
#4164 = CARTESIAN_POINT ( 'NONE',  ( 170.7373004235740268, -119.4624928209260020, 107.6641190093600073 ) ) ;
#4165 = CIRCLE ( 'NONE', #2199, 1.349999999999740297 ) ;
#4166 = ORIENTED_EDGE ( 'NONE', *, *, #3771, .T. ) ;
#4167 = CARTESIAN_POINT ( 'NONE',  ( 158.1497566842990068, -132.8249999999999886, 90.88499999999999091 ) ) ;
#4168 = LINE ( 'NONE', #3320, #4575 ) ;
#4169 = ORIENTED_EDGE ( 'NONE', *, *, #1227, .F. ) ;
#4170 = DIRECTION ( 'NONE',  ( 2.976366435263779522E-14, 1.926745932492390197E-15, 1.000000000000000000 ) ) ;
#4171 = EDGE_LOOP ( 'NONE', ( #2946, #3730, #1881, #2496 ) ) ;
#4172 = DIRECTION ( 'NONE',  ( -3.182390017284969952E-15, -0.7071067811865291430, 0.7071067811865660024 ) ) ;
#4173 = CARTESIAN_POINT ( 'NONE',  ( 163.0171133453989682, -134.1749999999999829, 92.80999999999698957 ) ) ;
#4174 = VERTEX_POINT ( 'NONE', #4517 ) ;
#4175 = VERTEX_POINT ( 'NONE', #629 ) ;
#4176 = EDGE_CURVE ( 'NONE', #3586, #342, #2848, .T. ) ;
#4177 = LINE ( 'NONE', #5492, #2179 ) ;
#4178 = CARTESIAN_POINT ( 'NONE',  ( 167.3687542002409998, -119.8613980543999986, 105.0811190093599947 ) ) ;
#4179 = PRESENTATION_STYLE_ASSIGNMENT (( #3839 ) ) ;
#4180 = VERTEX_POINT ( 'NONE', #3168 ) ;
#4181 = FACE_OUTER_BOUND ( 'NONE', #628, .T. ) ;
#4182 = EDGE_CURVE ( 'NONE', #3293, #1167, #4907, .T. ) ;
#4183 = CARTESIAN_POINT ( 'NONE',  ( 143.9500000000089983, -133.8999999999999773, 95.03499999999830550 ) ) ;
#4184 = ORIENTED_EDGE ( 'NONE', *, *, #1573, .F. ) ;
#4185 = DIRECTION ( 'NONE',  ( -1.000000000000000000, -2.009843822508539851E-15, -6.510422943492871039E-15 ) ) ;
#4186 = EDGE_CURVE ( 'NONE', #4986, #2443, #4566, .T. ) ;
#4187 = DIRECTION ( 'NONE',  ( -1.000000000000000000, -8.742289393079860116E-15, 2.371361253508389962E-15 ) ) ;
#4188 = ADVANCED_FACE ( 'NONE', ( #4972 ), #2389, .T. ) ;
#4189 = CARTESIAN_POINT ( 'NONE',  ( 124.7391803146820024, -119.4624928209260020, 107.6641190093600073 ) ) ;
#4190 = DIRECTION ( 'NONE',  ( -2.371361224627540228E-15, -1.926745932492330244E-15, -1.000000000000000000 ) ) ;
#4191 = EDGE_LOOP ( 'NONE', ( #3928, #1034, #4195, #3978 ) ) ;
#4192 = DIRECTION ( 'NONE',  ( 0.000000000000000000, 1.973846303234049855E-15, 1.000000000000000000 ) ) ;
#4193 = DIRECTION ( 'NONE',  ( 9.227827737143710103E-15, -1.000000000000000000, -3.764665582243560057E-16 ) ) ;
#4194 = CARTESIAN_POINT ( 'NONE',  ( 120.2171133453939973, -140.0624928209240068, 100.7500000000264038 ) ) ;
#4195 = ORIENTED_EDGE ( 'NONE', *, *, #2333, .T. ) ;
#4196 = CARTESIAN_POINT ( 'NONE',  ( 137.8171133454100072, -128.8999999999999773, 92.80999999999889383 ) ) ;
#4197 = ORIENTED_EDGE ( 'NONE', *, *, #2921, .F. ) ;
#4198 = CARTESIAN_POINT ( 'NONE',  ( 121.2168275964640003, -119.4624928209260020, 102.6741506007529949 ) ) ;
#4199 = LINE ( 'NONE', #2044, #4761 ) ;
#4200 = ORIENTED_EDGE ( 'NONE', *, *, #3771, .F. ) ;
#4201 = ORIENTED_EDGE ( 'NONE', *, *, #2909, .F. ) ;
#4202 = CARTESIAN_POINT ( 'NONE',  ( 137.6171133454100186, -135.9499999999999886, 92.80999999999889383 ) ) ;
#4203 = CARTESIAN_POINT ( 'NONE',  ( 158.1497566842990068, -127.3249999999999886, 92.80999999999720274 ) ) ;
#4204 = ORIENTED_EDGE ( 'NONE', *, *, #4254, .F. ) ;
#4205 = CARTESIAN_POINT ( 'NONE',  ( 132.4344203936730082, -119.4624928209260020, 98.38932592333830485 ) ) ;
#4206 = CARTESIAN_POINT ( 'NONE',  ( 122.1508943902850035, -120.2420793842459972, 110.7643259181420063 ) ) ;
#4207 = EDGE_LOOP ( 'NONE', ( #3279, #972, #5491, #1068, #1939 ) ) ;
#4208 = VECTOR ( 'NONE', #3648, 1000.000000000000000 ) ;
#4209 = CARTESIAN_POINT ( 'NONE',  ( 147.7171133453909988, -128.9624928209250072, 110.7643259181420063 ) ) ;
#4210 = AXIS2_PLACEMENT_3D ( 'NONE', #3532, #3898, #1393 ) ;
#4211 = DIRECTION ( 'NONE',  ( 0.000000000000000000, -1.611608585131940061E-13, -1.000000000000000000 ) ) ;
#4212 = EDGE_CURVE ( 'NONE', #1229, #2108, #688, .T. ) ;
#4213 = ADVANCED_FACE ( 'NONE', ( #2436 ), #5354, .F. ) ;
#4214 = CARTESIAN_POINT ( 'NONE',  ( 143.9500000000079751, -127.3249999999999886, 92.80999999999869488 ) ) ;
#4215 = ORIENTED_EDGE ( 'NONE', *, *, #5048, .F. ) ;
#4216 = CARTESIAN_POINT ( 'NONE',  ( 121.2170679492050027, -119.4624950404660098, 100.7500000000262048 ) ) ;
#4217 = CARTESIAN_POINT ( 'NONE',  ( 152.2213633453919783, -119.4624928209260020, 100.9728259181419929 ) ) ;
#4218 = EDGE_CURVE ( 'NONE', #2027, #239, #2358, .T. ) ;
#4219 = VECTOR ( 'NONE', #1675, 1000.000000000000000 ) ;
#4220 = VECTOR ( 'NONE', #1875, 1000.000000000000114 ) ;
#4221 = DIRECTION ( 'NONE',  ( -0.7071067811865480168, 3.453487086490200225E-15, 0.7071067811865470176 ) ) ;
#4222 = ADVANCED_FACE ( 'NONE', ( #4067 ), #4096, .T. ) ;
#4223 = AXIS2_PLACEMENT_3D ( 'NONE', #2843, #4511, #3660 ) ;
#4224 = CONICAL_SURFACE ( 'NONE', #814, 2.549999999999996714, 0.7853981633974490562 ) ;
#4225 = ORIENTED_EDGE ( 'NONE', *, *, #26, .F. ) ;
#4226 = CARTESIAN_POINT ( 'NONE',  ( 161.8947739943184558, -135.8053691986358160, 94.85592220226152449 ) ) ;
#4227 = DIRECTION ( 'NONE',  ( 0.9245322725427136401, -0.2694810536000148971, -0.2694810545801529234 ) ) ;
#4228 = CARTESIAN_POINT ( 'NONE',  ( 132.4171133453999971, -134.6744623790489754, 95.77125192028840672 ) ) ;
#4229 = VECTOR ( 'NONE', #3096, 1000.000000000000000 ) ;
#4230 = VECTOR ( 'NONE', #4630, 1000.000000000000000 ) ;
#4231 = DIRECTION ( 'NONE',  ( -0.5130924759623248788, 0.8583333333331818471, -8.551598539764720486E-15 ) ) ;
#4232 = EDGE_LOOP ( 'NONE', ( #759, #300, #2031, #2435 ) ) ;
#4233 = VECTOR ( 'NONE', #4548, 1000.000000000000000 ) ;
#4234 = AXIS2_PLACEMENT_3D ( 'NONE', #2061, #848, #2568 ) ;
#4235 = EDGE_LOOP ( 'NONE', ( #4919, #4469, #4845, #3072, #2759, #1721 ) ) ;
#4236 = VERTEX_POINT ( 'NONE', #207 ) ;
#4237 = LINE ( 'NONE', #3336, #4230 ) ;
#4238 = CARTESIAN_POINT ( 'NONE',  ( 163.0171133453979735, -134.1749999999999829, 92.80999999999720274 ) ) ;
#4239 = CIRCLE ( 'NONE', #3880, 1.700000000000007061 ) ;
#4240 = LINE ( 'NONE', #2136, #3592 ) ;
#4241 = ORIENTED_EDGE ( 'NONE', *, *, #4989, .F. ) ;
#4242 = DIRECTION ( 'NONE',  ( -0.6069333205183952140, -0.3628111691286748930, -0.7071067811865469066 ) ) ;
#4243 = DIRECTION ( 'NONE',  ( -1.000000000000000000, -1.762258769246290055E-14, 2.892304216119329995E-14 ) ) ;
#4244 = ORIENTED_EDGE ( 'NONE', *, *, #1750, .F. ) ;
#4245 = VECTOR ( 'NONE', #681, 1000.000000000000000 ) ;
#4246 = FACE_BOUND ( 'NONE', #3234, .T. ) ;
#4247 = VECTOR ( 'NONE', #4673, 1000.000000000000000 ) ;
#4248 = CARTESIAN_POINT ( 'NONE',  ( 138.7086133453950083, -120.4624928209260020, 89.48499999999999943 ) ) ;
#4249 = CARTESIAN_POINT ( 'NONE',  ( 147.6948783421489964, -130.7594256212510118, 100.7643259181420063 ) ) ;
#4250 = ORIENTED_EDGE ( 'NONE', *, *, #298, .F. ) ;
#4251 = DIRECTION ( 'NONE',  ( 0.7071067811865489050, -0.7071067811865460184, -1.943007658787319649E-15 ) ) ;
#4252 = MECHANICAL_DESIGN_GEOMETRIC_PRESENTATION_REPRESENTATION (  '', ( #2904 ), #3039 ) ;
#4253 = DIRECTION ( 'NONE',  ( 1.000000000000000000, 1.567265136830130018E-14, -2.887067357318670574E-14 ) ) ;
#4254 = EDGE_CURVE ( 'NONE', #3927, #304, #1940, .T. ) ;
#4255 = DIRECTION ( 'NONE',  ( 0.000000000000000000, -1.000000000000000000, 1.973846303234049855E-15 ) ) ;
#4256 = VERTEX_POINT ( 'NONE', #4457 ) ;
#4257 = DIRECTION ( 'NONE',  ( 1.000000000000000000, 0.000000000000000000, 0.000000000000000000 ) ) ;
#4258 = CARTESIAN_POINT ( 'NONE',  ( 157.1497566842990068, -130.2014655219149972, 89.88500000000000512 ) ) ;
#4259 = DIRECTION ( 'NONE',  ( -3.285583168621639665E-16, -1.926745932492380336E-15, -1.000000000000000000 ) ) ;
#4260 = ADVANCED_FACE ( 'NONE', ( #1088 ), #1992, .F. ) ;
#4261 =( BOUNDED_CURVE ( )  B_SPLINE_CURVE ( 3, ( #388, #846, #1751, #1689 ),
 .UNSPECIFIED., .F., .T. ) 
 B_SPLINE_CURVE_WITH_KNOTS ( ( 4, 4 ),
 ( 3.141592653589690087, 4.526583584712949637 ),
 .UNSPECIFIED. ) 
 CURVE ( )  GEOMETRIC_REPRESENTATION_ITEM ( )  RATIONAL_B_SPLINE_CURVE ( ( 1.000000000000000000, 0.8464367724141720339, 0.8464367724141720339, 1.000000000000000000 ) ) 
 REPRESENTATION_ITEM ( '' )  );
#4262 = EDGE_CURVE ( 'NONE', #395, #2499, #1563, .T. ) ;
#4263 = ORIENTED_EDGE ( 'NONE', *, *, #4143, .T. ) ;
#4264 = VERTEX_POINT ( 'NONE', #1141 ) ;
#4265 = PLANE ( 'NONE',  #3420 ) ;
#4266 = DIRECTION ( 'NONE',  ( 0.000000000000000000, 1.926745932492380336E-15, 1.000000000000000000 ) ) ;
#4267 = CARTESIAN_POINT ( 'NONE',  ( 133.2768364872739824, -140.2624928209250186, 103.7997837525840055 ) ) ;
#4268 = VERTEX_POINT ( 'NONE', #3583 ) ;
#4269 = DIRECTION ( 'NONE',  ( -9.227827737143710103E-15, 1.000000000000000000, 2.810542046950470162E-15 ) ) ;
#4270 = ORIENTED_EDGE ( 'NONE', *, *, #1231, .T. ) ;
#4271 =( NAMED_UNIT ( * ) PLANE_ANGLE_UNIT ( ) SI_UNIT ( $, .RADIAN. ) );
#4272 = PLANE ( 'NONE',  #5061 ) ;
#4273 = LINE ( 'NONE', #413, #3445 ) ;
#4274 = EDGE_LOOP ( 'NONE', ( #3926, #4357, #3902, #3343 ) ) ;
#4275 = DIRECTION ( 'NONE',  ( 1.000000000000000000, 2.009843822508529990E-15, -2.748129594203410252E-15 ) ) ;
#4276 = DIRECTION ( 'NONE',  ( -2.418031965417769858E-14, 7.223637016929579844E-14, 1.000000000000000000 ) ) ;
#4277 = DIRECTION ( 'NONE',  ( 0.7071067811865489050, -0.7071067811865460184, -1.943007658787359880E-15 ) ) ;
#4278 = EDGE_CURVE ( 'NONE', #3362, #377, #5320, .T. ) ;
#4279 = VERTEX_POINT ( 'NONE', #5462 ) ;
#4280 = CARTESIAN_POINT ( 'NONE',  ( 158.4776768572600076, -119.8624928209249987, 104.2641190093600017 ) ) ;
#4281 = CARTESIAN_POINT ( 'NONE',  ( 162.2768364872740108, -140.4624928209250072, 103.7997837525840055 ) ) ;
#4282 = CARTESIAN_POINT ( 'NONE',  ( 167.7363783421489813, -130.8094256212499999, 107.7643259181420063 ) ) ;
#4283 = EDGE_CURVE ( 'NONE', #3822, #1481, #4625, .T. ) ;
#4284 = ORIENTED_EDGE ( 'NONE', *, *, #5374, .T. ) ;
#4285 = EDGE_CURVE ( 'NONE', #1167, #5494, #5582, .T. ) ;
#4286 = ORIENTED_EDGE ( 'NONE', *, *, #3269, .T. ) ;
#4287 =( BOUNDED_CURVE ( )  B_SPLINE_CURVE ( 3, ( #4089, #2405, #1639, #3722 ),
 .UNSPECIFIED., .F., .T. ) 
 B_SPLINE_CURVE_WITH_KNOTS ( ( 4, 4 ),
 ( 4.712388980384700332, 5.497787143782379538 ),
 .UNSPECIFIED. ) 
 CURVE ( )  GEOMETRIC_REPRESENTATION_ITEM ( )  RATIONAL_B_SPLINE_CURVE ( ( 1.000000000000000000, 0.9492530216741619231, 0.9492530216741619231, 1.000000000000000000 ) ) 
 REPRESENTATION_ITEM ( '' )  );
#4288 = EDGE_CURVE ( 'NONE', #2335, #544, #2020, .T. ) ;
#4289 = DIRECTION ( 'NONE',  ( -1.505891913717430016E-14, -0.7071067811865450192, -0.7071067811865500152 ) ) ;
#4290 = CYLINDRICAL_SURFACE ( 'NONE', #3948, 3.500000000000003109 ) ;
#4291 = CARTESIAN_POINT ( 'NONE',  ( 134.4016063749450041, -140.2908261542589798, 102.5143253525850042 ) ) ;
#4292 = ORIENTED_EDGE ( 'NONE', *, *, #21, .T. ) ;
#4293 = FACE_OUTER_BOUND ( 'NONE', #3264, .T. ) ;
#4294 = EDGE_LOOP ( 'NONE', ( #4415, #2847 ) ) ;
#4295 = DIRECTION ( 'NONE',  ( -1.000000000000000000, -8.742289393079860116E-15, 2.371361253508385229E-15 ) ) ;
#4296 = CYLINDRICAL_SURFACE ( 'NONE', #5433, 2.350000000000004974 ) ;
#4297 = CARTESIAN_POINT ( 'NONE',  ( 160.1768364872739880, -140.4624928209250072, 103.7997837525840055 ) ) ;
#4298 = CIRCLE ( 'NONE', #2765, 3.500000000000003109 ) ;
#4299 = VERTEX_POINT ( 'NONE', #292 ) ;
#4300 = CARTESIAN_POINT ( 'NONE',  ( 126.2382403691280075, -119.5222499092810153, 104.2641190093600017 ) ) ;
#4301 = DIRECTION ( 'NONE',  ( -1.000000000000000000, -1.581958964696300110E-14, 2.892304216119329995E-14 ) ) ;
#4302 = CARTESIAN_POINT ( 'NONE',  ( 134.3042248701370056, -140.4624928209260020, 107.7643247870279879 ) ) ;
#4303 = VECTOR ( 'NONE', #4316, 1000.000000000000000 ) ;
#4304 = CARTESIAN_POINT ( 'NONE',  ( 137.6171133454100186, -129.0999999999999943, 92.80999999999889383 ) ) ;
#4305 = EDGE_LOOP ( 'NONE', ( #847, #1318, #4002, #4014, #3804, #2279, #1331, #407, #5025, #3873, #3001, #3044, #625, #3785, #4330, #5058, #4128, #3976, #1084, #4569, #2571, #4405, #2922, #4652, #1915, #4689, #166, #5399, #1269, #3364, #2046, #4399, #3221, #3733, #4204, #3137 ) ) ;
#4306 = CARTESIAN_POINT ( 'NONE',  ( 172.1948783421489964, -130.8094256212499999, 102.7643259181419921 ) ) ;
#4307 = CARTESIAN_POINT ( 'NONE',  ( 157.1497566842990068, -131.8249999999999886, 91.34749999999820602 ) ) ;
#4308 = DIRECTION ( 'NONE',  ( -1.000000000000000000, -9.378244137164310855E-15, 2.330637149875950107E-14 ) ) ;
#4309 = VECTOR ( 'NONE', #682, 1000.000000000000000 ) ;
#4310 = AXIS2_PLACEMENT_3D ( 'NONE', #3698, #5438, #4518 ) ;
#4311 = ORIENTED_EDGE ( 'NONE', *, *, #3942, .F. ) ;
#4312 = ORIENTED_EDGE ( 'NONE', *, *, #5578, .T. ) ;
#4313 = VECTOR ( 'NONE', #3315, 1000.000000000000000 ) ;
#4314 = ADVANCED_FACE ( 'NONE', ( #1614 ), #339, .T. ) ;
#4315 = CARTESIAN_POINT ( 'NONE',  ( 135.1768364872739880, -140.0624928209250015, 103.7997837525840055 ) ) ;
#4316 = DIRECTION ( 'NONE',  ( -1.000000000000000000, -1.165734175929510219E-14, 2.330637149875950107E-14 ) ) ;
#4317 = VECTOR ( 'NONE', #412, 1000.000000000000227 ) ;
#4318 = CARTESIAN_POINT ( 'NONE',  ( 172.7216946132480189, -119.8621712665460137, 107.2644405637399956 ) ) ;
#4319 = CIRCLE ( 'NONE', #2529, 1.708500000000001684 ) ;
#4320 = DIRECTION ( 'NONE',  ( 1.000000000000000000, 2.009843820287950045E-15, 6.510422943492871039E-15 ) ) ;
#4321 = ADVANCED_FACE ( 'NONE', ( #5213 ), #2908, .T. ) ;
#4322 = ORIENTED_EDGE ( 'NONE', *, *, #641, .T. ) ;
#4323 = VERTEX_POINT ( 'NONE', #2933 ) ;
#4324 = AXIS2_PLACEMENT_3D ( 'NONE', #4952, #5361, #2808 ) ;
#4325 = CARTESIAN_POINT ( 'NONE',  ( 151.5497566843010020, -134.1749999999999829, 92.80999999999698957 ) ) ;
#4326 = EDGE_CURVE ( 'NONE', #1293, #2329, #4865, .T. ) ;
#4327 = CARTESIAN_POINT ( 'NONE',  ( 138.7086133453950083, -125.9624928209250072, 89.48499999999999943 ) ) ;
#4328 = LINE ( 'NONE', #2202, #724 ) ;
#4329 = CIRCLE ( 'NONE', #286, 2.750000000000002665 ) ;
#4330 = ORIENTED_EDGE ( 'NONE', *, *, #323, .F. ) ;
#4331 = DIRECTION ( 'NONE',  ( 0.000000000000000000, 1.000000000000000000, -1.926745932492350360E-15 ) ) ;
#4332 = CARTESIAN_POINT ( 'NONE',  ( 169.2382403691290165, -119.5222499092810153, 107.2641190093600017 ) ) ;
#4333 = CARTESIAN_POINT ( 'NONE',  ( 137.4171133454100016, -134.1938512425049908, 92.80999999999698957 ) ) ;
#4334 = AXIS2_PLACEMENT_3D ( 'NONE', #1132, #2839, #195 ) ;
#4335 = DIRECTION ( 'NONE',  ( -2.556314081254190995E-16, -0.7071067811865631159, -0.7071067811865320296 ) ) ;
#4336 = PLANE ( 'NONE',  #5037 ) ;
#4337 = AXIS2_PLACEMENT_3D ( 'NONE', #988, #2696, #4419 ) ;
#4338 = ORIENTED_EDGE ( 'NONE', *, *, #4629, .F. ) ;
#4339 = CARTESIAN_POINT ( 'NONE',  ( 171.1076603330538148, -119.8617629959870925, 104.2633891844211149 ) ) ;
#4340 = FACE_OUTER_BOUND ( 'NONE', #5047, .T. ) ;
#4341 = CARTESIAN_POINT ( 'NONE',  ( 137.6171133454100186, -134.1749999999999829, 92.80999999999889383 ) ) ;
#4342 = CONICAL_SURFACE ( 'NONE', #753, 2.299999999999996270, 0.7853981633974490562 ) ;
#4343 = ORIENTED_EDGE ( 'NONE', *, *, #4155, .T. ) ;
#4344 = AXIS2_PLACEMENT_3D ( 'NONE', #2114, #3371, #5094 ) ;
#4345 = EDGE_LOOP ( 'NONE', ( #3497, #4250, #1960, #1978 ) ) ;
#4346 = DIRECTION ( 'NONE',  ( -0.5130924759623248788, 0.8583333333331818471, -1.485209458425509588E-15 ) ) ;
#4347 = CYLINDRICAL_SURFACE ( 'NONE', #4210, 3.500000000000003109 ) ;
#4348 = DIRECTION ( 'NONE',  ( 1.653500008319947494E-15, -0.7071067811865475727, 0.7071067811865475727 ) ) ;
#4349 = ORIENTED_EDGE ( 'NONE', *, *, #5379, .F. ) ;
#4350 = EDGE_CURVE ( 'NONE', #2982, #202, #745, .T. ) ;
#4351 = ORIENTED_EDGE ( 'NONE', *, *, #855, .F. ) ;
#4352 = DIRECTION ( 'NONE',  ( 1.000000000000000000, 0.000000000000000000, 0.000000000000000000 ) ) ;
#4353 = LINE ( 'NONE', #1774, #15 ) ;
#4354 = ADVANCED_FACE ( 'NONE', ( #797 ), #2488, .T. ) ;
#4355 = FACE_OUTER_BOUND ( 'NONE', #2555, .T. ) ;
#4356 = EDGE_CURVE ( 'NONE', #2823, #1837, #3300, .T. ) ;
#4357 = ORIENTED_EDGE ( 'NONE', *, *, #4525, .T. ) ;
#4358 = CARTESIAN_POINT ( 'NONE',  ( 149.7948783421489907, -130.7594256212510118, 110.3643259181420007 ) ) ;
#4359 = DIRECTION ( 'NONE',  ( 0.000000000000000000, 1.000000000000000000, 0.000000000000000000 ) ) ;
#4360 = CARTESIAN_POINT ( 'NONE',  ( 156.5497566843010304, -127.3249999999999886, 92.80999999999698957 ) ) ;
#4361 = EDGE_CURVE ( 'NONE', #581, #4660, #4032, .T. ) ;
#4362 = LINE ( 'NONE', #2697, #3587 ) ;
#4363 = LINE ( 'NONE', #4898, #2256 ) ;
#4364 = EDGE_LOOP ( 'NONE', ( #376, #3058, #961, #3423, #2075, #3286 ) ) ;
#4365 = DIRECTION ( 'NONE',  ( 1.000000000000000000, 9.378244137164250901E-15, 0.000000000000000000 ) ) ;
#4366 = CARTESIAN_POINT ( 'NONE',  ( 120.6171133742229955, -140.4624928216300077, 103.7487723496210066 ) ) ;
#4367 = CARTESIAN_POINT ( 'NONE',  ( 128.1075940212328135, -119.8621279181723480, 104.2637541066075357 ) ) ;
#4368 = VERTEX_POINT ( 'NONE', #1354 ) ;
#4369 = ORIENTED_EDGE ( 'NONE', *, *, #77, .F. ) ;
#4370 = CARTESIAN_POINT ( 'NONE',  ( 160.1768364872739880, -140.4624928209250072, 103.7997837525840055 ) ) ;
#4371 = DIRECTION ( 'NONE',  ( -1.000000000000000000, -1.762258769246290055E-14, 2.892304216119329995E-14 ) ) ;
#4372 = CARTESIAN_POINT ( 'NONE',  ( 137.4171133454100016, -124.3438512425049964, 92.80999999999698957 ) ) ;
#4373 = ORIENTED_EDGE ( 'NONE', *, *, #3431, .F. ) ;
#4374 = EDGE_LOOP ( 'NONE', ( #5445, #332, #597, #1821 ) ) ;
#4375 = ORIENTED_EDGE ( 'NONE', *, *, #685, .F. ) ;
#4376 = CARTESIAN_POINT ( 'NONE',  ( 125.9448783421490106, -130.8094256212499999, 110.5643259181420035 ) ) ;
#4377 = CARTESIAN_POINT ( 'NONE',  ( 161.2171130401620189, -140.4624928209260020, 103.6640618979689918 ) ) ;
#4378 = CARTESIAN_POINT ( 'NONE',  ( 136.9776768572590129, -119.4624928209260020, 107.6641190093600073 ) ) ;
#4379 = ORIENTED_EDGE ( 'NONE', *, *, #5379, .T. ) ;
#4380 = FACE_OUTER_BOUND ( 'NONE', #3171, .T. ) ;
#4381 = DIRECTION ( 'NONE',  ( 0.000000000000000000, 1.000000000000000000, 0.000000000000000000 ) ) ;
#4382 = CARTESIAN_POINT ( 'NONE',  ( 147.6948783421489964, -130.7594256212510118, 100.7643259181420063 ) ) ;
#4383 = DIRECTION ( 'NONE',  ( 1.569712496704820284E-14, -1.000000000000000000, -4.718447854659639825E-16 ) ) ;
#4384 = ADVANCED_FACE ( 'NONE', ( #1648 ), #4650, .F. ) ;
#4385 = ADVANCED_FACE ( 'NONE', ( #27, #482, #1758 ), #3461, .F. ) ;
#4386 = AXIS2_PLACEMENT_3D ( 'NONE', #240, #2766, #1122 ) ;
#4387 = CARTESIAN_POINT ( 'NONE',  ( 174.2170972914310028, -135.0124745502040184, 97.71430764747009334 ) ) ;
#4388 = ORIENTED_EDGE ( 'NONE', *, *, #2506, .T. ) ;
#4389 = EDGE_CURVE ( 'NONE', #1902, #886, #5187, .T. ) ;
#4390 = PLANE ( 'NONE',  #1989 ) ;
#4391 = CARTESIAN_POINT ( 'NONE',  ( 171.1075276025620155, -119.8624928209249987, 104.2641190093600017 ) ) ;
#4392 = CARTESIAN_POINT ( 'NONE',  ( 122.7548175178110057, -119.8624928209259934, 104.2641190093600017 ) ) ;
#4393 = EDGE_CURVE ( 'NONE', #1036, #2371, #1781, .T. ) ;
#4394 = EDGE_CURVE ( 'NONE', #2530, #5294, #989, .T. ) ;
#4395 = VECTOR ( 'NONE', #4998, 1000.000000000000114 ) ;
#4396 = ORIENTED_EDGE ( 'NONE', *, *, #1158, .F. ) ;
#4397 = VERTEX_POINT ( 'NONE', #1865 ) ;
#4398 = LINE ( 'NONE', #5287, #375 ) ;
#4399 = ORIENTED_EDGE ( 'NONE', *, *, #2002, .F. ) ;
#4400 = VECTOR ( 'NONE', #4259, 1000.000000000000000 ) ;
#4401 = VECTOR ( 'NONE', #746, 1000.000000000000000 ) ;
#4402 = LINE ( 'NONE', #1367, #4509 ) ;
#4403 = CARTESIAN_POINT ( 'NONE',  ( 133.1478739639769913, -127.8217542309569836, 109.7643247870279879 ) ) ;
#4404 = LINE ( 'NONE', #550, #3952 ) ;
#4405 = ORIENTED_EDGE ( 'NONE', *, *, #4538, .F. ) ;
#4406 = VECTOR ( 'NONE', #454, 999.9999999999998863 ) ;
#4407 = VECTOR ( 'NONE', #1810, 1000.000000000000000 ) ;
#4408 = ORIENTED_EDGE ( 'NONE', *, *, #1137, .F. ) ;
#4409 = SURFACE_STYLE_USAGE ( .BOTH. , #956 ) ;
#4410 = AXIS2_PLACEMENT_3D ( 'NONE', #503, #4746, #3935 ) ;
#4411 = AXIS2_PLACEMENT_3D ( 'NONE', #2469, #344, #862 ) ;
#4412 = DIRECTION ( 'NONE',  ( -1.000000000000000000, -8.742289393079860116E-15, 2.371361253508389962E-15 ) ) ;
#4413 = EDGE_LOOP ( 'NONE', ( #127, #2810, #2590, #2022 ) ) ;
#4414 = CARTESIAN_POINT ( 'NONE',  ( 174.2171133453890093, -140.0624928209230120, 102.7643259181419921 ) ) ;
#4415 = ORIENTED_EDGE ( 'NONE', *, *, #4394, .F. ) ;
#4416 = ORIENTED_EDGE ( 'NONE', *, *, #2237, .T. ) ;
#4417 = CARTESIAN_POINT ( 'NONE',  ( 163.0171133453979735, -128.6529310438289997, 92.56689684733650836 ) ) ;
#4418 = CIRCLE ( 'NONE', #4682, 2.349999999999990763 ) ;
#4419 = DIRECTION ( 'NONE',  ( -1.181088324069320141E-14, 1.000000000000000000, 0.000000000000000000 ) ) ;
#4420 = DIRECTION ( 'NONE',  ( 1.000000000000000000, 0.000000000000000000, 0.000000000000000000 ) ) ;
#4421 = AXIS2_PLACEMENT_3D ( 'NONE', #2597, #1734, #32 ) ;
#4422 = PLANE ( 'NONE',  #83 ) ;
#4423 = ORIENTED_EDGE ( 'NONE', *, *, #954, .T. ) ;
#4424 = EDGE_CURVE ( 'NONE', #4180, #3830, #4362, .T. ) ;
#4425 = CARTESIAN_POINT ( 'NONE',  ( 151.1600000000079831, -133.5000000000000000, 94.83499999999838792 ) ) ;
#4426 = DIRECTION ( 'NONE',  ( -4.841937106511629807E-13, -0.7071067811865320296, -0.7071067811865631159 ) ) ;
#4427 = VECTOR ( 'NONE', #498, 1000.000000000000000 ) ;
#4428 = PLANE ( 'NONE',  #3683 ) ;
#4429 = AXIS2_PLACEMENT_3D ( 'NONE', #4782, #1808, #1407 ) ;
#4430 = ORIENTED_EDGE ( 'NONE', *, *, #500, .T. ) ;
#4431 = VERTEX_POINT ( 'NONE', #3209 ) ;
#4432 = ADVANCED_FACE ( 'NONE', ( #590 ), #1408, .F. ) ;
#4433 = VERTEX_POINT ( 'NONE', #2228 ) ;
#4434 = ADVANCED_FACE ( 'NONE', ( #3632 ), #1891, .F. ) ;
#4435 = DIRECTION ( 'NONE',  ( 1.000000000000000000, 1.887379142593749877E-15, 1.700707699447160361E-14 ) ) ;
#4436 = DIRECTION ( 'NONE',  ( -1.762258769246287846E-14, 1.000000000000000000, 0.000000000000000000 ) ) ;
#4437 = EDGE_CURVE ( 'NONE', #1805, #3359, #5217, .T. ) ;
#4438 = CYLINDRICAL_SURFACE ( 'NONE', #1527, 2.349999999999990763 ) ;
#4439 = ORIENTED_EDGE ( 'NONE', *, *, #149, .F. ) ;
#4440 = ORIENTED_EDGE ( 'NONE', *, *, #1273, .T. ) ;
#4441 = DIRECTION ( 'NONE',  ( 1.000000000000000000, 1.762258769246290055E-14, -2.887067357318670574E-14 ) ) ;
#4442 = ORIENTED_EDGE ( 'NONE', *, *, #1330, .T. ) ;
#4443 = CARTESIAN_POINT ( 'NONE',  ( 163.0171133453979735, -125.9750000000000085, 89.88500000000000512 ) ) ;
#4444 = VERTEX_POINT ( 'NONE', #2670 ) ;
#4445 = ORIENTED_EDGE ( 'NONE', *, *, #4393, .F. ) ;
#4446 = PLANE ( 'NONE',  #2548 ) ;
#4447 = LINE ( 'NONE', #2318, #4126 ) ;
#4448 = DIRECTION ( 'NONE',  ( -0.9999811604344926996, -2.040811568635530403E-15, 0.006138304007261355388 ) ) ;
#4449 = ORIENTED_EDGE ( 'NONE', *, *, #1930, .F. ) ;
#4450 = FACE_OUTER_BOUND ( 'NONE', #1867, .T. ) ;
#4451 = CARTESIAN_POINT ( 'NONE',  ( 122.7547861250079961, -119.8621712665460137, 104.2637974549800077 ) ) ;
#4452 = EDGE_CURVE ( 'NONE', #4935, #1887, #4447, .T. ) ;
#4453 = ORIENTED_EDGE ( 'NONE', *, *, #5299, .F. ) ;
#4454 = ORIENTED_EDGE ( 'NONE', *, *, #2639, .T. ) ;
#4455 = ORIENTED_EDGE ( 'NONE', *, *, #4533, .T. ) ;
#4456 = ORIENTED_EDGE ( 'NONE', *, *, #4817, .T. ) ;
#4457 = CARTESIAN_POINT ( 'NONE',  ( 142.0961817745429983, -140.0624928209259963, 110.7643259181420063 ) ) ;
#4458 = EDGE_CURVE ( 'NONE', #5587, #3903, #2962, .T. ) ;
#4459 = EDGE_CURVE ( 'NONE', #35, #239, #3547, .T. ) ;
#4460 = CARTESIAN_POINT ( 'NONE',  ( 133.5935893305230024, -138.9943451864809845, 110.5643259181420035 ) ) ;
#4461 = ORIENTED_EDGE ( 'NONE', *, *, #1330, .F. ) ;
#4462 = EDGE_CURVE ( 'NONE', #3890, #697, #4054, .T. ) ;
#4463 = ORIENTED_EDGE ( 'NONE', *, *, #3705, .F. ) ;
#4464 = DIRECTION ( 'NONE',  ( -1.000000000000000000, -1.181088324069320141E-14, 3.552713678800519862E-15 ) ) ;
#4465 = DIRECTION ( 'NONE',  ( -1.000000000000000000, -2.055968564121280363E-14, -2.418031965417605144E-14 ) ) ;
#4466 = ORIENTED_EDGE ( 'NONE', *, *, #4757, .T. ) ;
#4467 = CARTESIAN_POINT ( 'NONE',  ( 140.6737181300300108, -138.4624928209260020, 109.7643247870279879 ) ) ;
#4468 = CARTESIAN_POINT ( 'NONE',  ( 137.8051437872739768, -140.0624928209259963, 99.46432591814070179 ) ) ;
#4469 = ORIENTED_EDGE ( 'NONE', *, *, #4389, .F. ) ;
#4470 = ORIENTED_EDGE ( 'NONE', *, *, #960, .T. ) ;
#4471 =( BOUNDED_CURVE ( )  B_SPLINE_CURVE ( 3, ( #5395, #4964, #4510, #2753 ),
 .UNSPECIFIED., .F., .T. ) 
 B_SPLINE_CURVE_WITH_KNOTS ( ( 4, 4 ),
 ( 0.7853981633968599718, 1.570796326794909881 ),
 .UNSPECIFIED. ) 
 CURVE ( )  GEOMETRIC_REPRESENTATION_ITEM ( )  RATIONAL_B_SPLINE_CURVE ( ( 1.000000000000000000, 0.9492530216741139615, 0.9492530216741139615, 1.000000000000000000 ) ) 
 REPRESENTATION_ITEM ( '' )  );
#4472 = CARTESIAN_POINT ( 'NONE',  ( 158.1497566842990068, -135.5250000000000057, 92.80999999999730221 ) ) ;
#4473 = CARTESIAN_POINT ( 'NONE',  ( 163.0171133453979735, -134.1749999999999829, 92.80999999999720274 ) ) ;
#4474 = CARTESIAN_POINT ( 'NONE',  ( 124.7391803146820024, -119.4624928209260020, 107.6641190093600073 ) ) ;
#4475 = CARTESIAN_POINT ( 'NONE',  ( 163.0171133453979735, -127.3249999999999886, 92.80999999999720274 ) ) ;
#4476 = ORIENTED_EDGE ( 'NONE', *, *, #323, .T. ) ;
#4477 = CARTESIAN_POINT ( 'NONE',  ( 125.9448783421490106, -130.8094256212499999, 107.7643259181420063 ) ) ;
#4478 = VECTOR ( 'NONE', #2364, 1000.000000000000000 ) ;
#4479 = ORIENTED_EDGE ( 'NONE', *, *, #2330, .F. ) ;
#4480 = VERTEX_POINT ( 'NONE', #616 ) ;
#4481 = DIRECTION ( 'NONE',  ( 1.000000000000000000, -7.867353525347980623E-29, 1.700707699447160361E-14 ) ) ;
#4482 = CIRCLE ( 'NONE', #2514, 3.000000000000002665 ) ;
#4483 = CARTESIAN_POINT ( 'NONE',  ( 147.7171133340060010, -119.4624928209260020, 99.46432591815138835 ) ) ;
#4484 = ORIENTED_EDGE ( 'NONE', *, *, #787, .F. ) ;
#4485 = ORIENTED_EDGE ( 'NONE', *, *, #4361, .F. ) ;
#4486 = VERTEX_POINT ( 'NONE', #3601 ) ;
#4487 = AXIS2_PLACEMENT_3D ( 'NONE', #3486, #3069, #941 ) ;
#4488 = FACE_OUTER_BOUND ( 'NONE', #2881, .T. ) ;
#4489 = ADVANCED_FACE ( 'NONE', ( #193 ), #3938, .T. ) ;
#4490 = AXIS2_PLACEMENT_3D ( 'NONE', #312, #1695, #2906 ) ;
#4491 = PLANE ( 'NONE',  #3618 ) ;
#4492 = VECTOR ( 'NONE', #5427, 1000.000000000000000 ) ;
#4493 = ORIENTED_EDGE ( 'NONE', *, *, #2814, .T. ) ;
#4494 = FACE_OUTER_BOUND ( 'NONE', #1859, .T. ) ;
#4495 = DIRECTION ( 'NONE',  ( -6.867912022876589929E-13, -6.589542838675170036E-13, -1.000000000000000000 ) ) ;
#4496 = ORIENTED_EDGE ( 'NONE', *, *, #3594, .F. ) ;
#4497 = VERTEX_POINT ( 'NONE', #1924 ) ;
#4498 = CARTESIAN_POINT ( 'NONE',  ( 121.2170679492020042, -119.4624950404660098, 101.7500000000259917 ) ) ;
#4499 = SURFACE_STYLE_USAGE ( .BOTH. , #5336 ) ;
#4500 = ADVANCED_FACE ( 'NONE', ( #4832 ), #4842, .F. ) ;
#4501 = VECTOR ( 'NONE', #2954, 1000.000000000000000 ) ;
#4502 = VECTOR ( 'NONE', #4724, 1000.000000000000114 ) ;
#4503 = FACE_OUTER_BOUND ( 'NONE', #3693, .T. ) ;
#4504 = CARTESIAN_POINT ( 'NONE',  ( 128.2948783421489907, -130.8094256212499999, 107.7643259181420063 ) ) ;
#4505 = ADVANCED_FACE ( 'NONE', ( #72 ), #5338, .T. ) ;
#4506 = DIRECTION ( 'NONE',  ( 2.819761150805890204E-14, -0.7071067811865631159, -0.7071067811865320296 ) ) ;
#4507 = CARTESIAN_POINT ( 'NONE',  ( 163.0171133453979735, -140.0624928209259963, 99.46432591814070179 ) ) ;
#4508 = CIRCLE ( 'NONE', #915, 1.349999999999740297 ) ;
#4509 = VECTOR ( 'NONE', #949, 1000.000000000000114 ) ;
#4510 = CARTESIAN_POINT ( 'NONE',  ( 128.4640141208401758, -119.4624928209260446, 108.7643247870279311 ) ) ;
#4511 = DIRECTION ( 'NONE',  ( 0.000000000000000000, 1.000000000000000000, -1.622896118156660156E-15 ) ) ;
#4512 = ORIENTED_EDGE ( 'NONE', *, *, #5274, .T. ) ;
#4513 = AXIS2_PLACEMENT_3D ( 'NONE', #2212, #4426, #913 ) ;
#4514 = ORIENTED_EDGE ( 'NONE', *, *, #827, .T. ) ;
#4515 = CIRCLE ( 'NONE', #1641, 2.750000000000002665 ) ;
#4516 = ORIENTED_EDGE ( 'NONE', *, *, #885, .F. ) ;
#4517 = CARTESIAN_POINT ( 'NONE',  ( 173.2833321446829871, -119.8624928209259934, 110.7643259181420063 ) ) ;
#4518 = DIRECTION ( 'NONE',  ( -1.181088324069313042E-14, 1.000000000000000000, 0.000000000000000000 ) ) ;
#4519 = ORIENTED_EDGE ( 'NONE', *, *, #3394, .T. ) ;
#4520 = ORIENTED_EDGE ( 'NONE', *, *, #1681, .T. ) ;
#4521 = CARTESIAN_POINT ( 'NONE',  ( 163.0171133453989682, -134.1749999999999829, 92.80999999999698957 ) ) ;
#4522 = AXIS2_PLACEMENT_3D ( 'NONE', #1348, #523, #2691 ) ;
#4523 = LINE ( 'NONE', #1973, #3783 ) ;
#4524 = ORIENTED_EDGE ( 'NONE', *, *, #2764, .F. ) ;
#4525 = EDGE_CURVE ( 'NONE', #5490, #1603, #2345, .T. ) ;
#4526 = DIRECTION ( 'NONE',  ( -2.892304216119340092E-14, 2.810542046950520254E-15, -1.000000000000000000 ) ) ;
#4527 = CARTESIAN_POINT ( 'NONE',  ( 122.4921292083191986, -119.4624928209260020, 109.0572180058411931 ) ) ;
#4528 = EDGE_LOOP ( 'NONE', ( #4778, #174, #3163, #1863 ) ) ;
#4529 = VERTEX_POINT ( 'NONE', #3184 ) ;
#4530 = VECTOR ( 'NONE', #3478, 1000.000000000000227 ) ;
#4531 = DIRECTION ( 'NONE',  ( -0.6927882173194008786, 0.7211410998850409371, -1.291241386863600073E-15 ) ) ;
#4532 = CARTESIAN_POINT ( 'NONE',  ( 133.9990943959020058, -140.0624928209259963, 110.7643259181420063 ) ) ;
#4533 = EDGE_CURVE ( 'NONE', #2108, #3567, #1338, .T. ) ;
#4534 = DIRECTION ( 'NONE',  ( 1.000000000000000000, 1.165734175929510219E-14, 2.081254558480789989E-14 ) ) ;
#4535 = EDGE_CURVE ( 'NONE', #4323, #341, #1024, .T. ) ;
#4536 = DIRECTION ( 'NONE',  ( -1.000000000000000000, -9.880984919894861191E-15, 2.330637149875950107E-14 ) ) ;
#4537 = DIRECTION ( 'NONE',  ( 0.000000000000000000, -1.000000000000000000, -1.807171663928379978E-12 ) ) ;
#4538 = EDGE_CURVE ( 'NONE', #1837, #2008, #1592, .T. ) ;
#4539 = CARTESIAN_POINT ( 'NONE',  ( 160.9671133112350105, -140.4624928209230177, 100.7500000000192131 ) ) ;
#4540 = ORIENTED_EDGE ( 'NONE', *, *, #3980, .F. ) ;
#4541 = EDGE_LOOP ( 'NONE', ( #1660, #1391, #1102, #2314 ) ) ;
#4542 = EDGE_LOOP ( 'NONE', ( #1453, #519, #4930, #3696 ) ) ;
#4543 = DIRECTION ( 'NONE',  ( 2.371361224627529973E-15, -3.764665582242960030E-16, 1.000000000000000000 ) ) ;
#4544 = CARTESIAN_POINT ( 'NONE',  ( 156.5497566843010304, -127.3249999999999886, 92.80999999999698957 ) ) ;
#4545 = ORIENTED_EDGE ( 'NONE', *, *, #4212, .F. ) ;
#4546 = VERTEX_POINT ( 'NONE', #1468 ) ;
#4547 = LINE ( 'NONE', #3258, #4208 ) ;
#4548 = DIRECTION ( 'NONE',  ( 9.227827737143710103E-15, -1.000000000000000000, -3.764665582243170064E-16 ) ) ;
#4549 = VERTEX_POINT ( 'NONE', #2780 ) ;
#4550 = CARTESIAN_POINT ( 'NONE',  ( 169.4448783421489964, -130.8094256212499999, 107.7643259181420063 ) ) ;
#4551 = ORIENTED_EDGE ( 'NONE', *, *, #500, .F. ) ;
#4552 = VERTEX_POINT ( 'NONE', #4504 ) ;
#4553 = CARTESIAN_POINT ( 'NONE',  ( 163.0171133453999914, -134.6830298475569805, 92.77466295906930327 ) ) ;
#4554 = CARTESIAN_POINT ( 'NONE',  ( 133.7548072844953992, -127.4589430618281938, 109.0572180058413920 ) ) ;
#4555 = LINE ( 'NONE', #280, #2716 ) ;
#4556 = LINE ( 'NONE', #702, #4313 ) ;
#4557 = EDGE_LOOP ( 'NONE', ( #872, #3412, #3297, #4312 ) ) ;
#4558 = CARTESIAN_POINT ( 'NONE',  ( 163.0171133453989682, -119.9624928209249930, 96.06432591814079558 ) ) ;
#4559 = EDGE_CURVE ( 'NONE', #3104, #1087, #3238, .T. ) ;
#4560 = DIRECTION ( 'NONE',  ( 2.418031965417649952E-14, 2.810542046950679999E-15, -1.000000000000000000 ) ) ;
#4561 = EDGE_CURVE ( 'NONE', #4660, #1977, #3656, .T. ) ;
#4562 = ORIENTED_EDGE ( 'NONE', *, *, #2537, .F. ) ;
#4563 = ADVANCED_FACE ( 'NONE', ( #2375 ), #4084, .F. ) ;
#4564 = EDGE_CURVE ( 'NONE', #4870, #4174, #2104, .T. ) ;
#4565 = VERTEX_POINT ( 'NONE', #5195 ) ;
#4566 = LINE ( 'NONE', #714, #5212 ) ;
#4567 = CARTESIAN_POINT ( 'NONE',  ( 122.7547965843290001, -119.8622784518218509, 107.2643333784632205 ) ) ;
#4568 = ORIENTED_EDGE ( 'NONE', *, *, #5129, .F. ) ;
#4569 = ORIENTED_EDGE ( 'NONE', *, *, #331, .F. ) ;
#4570 = VECTOR ( 'NONE', #3050, 1000.000000000000000 ) ;
#4571 = DIRECTION ( 'NONE',  ( -1.000000000000000000, -3.965082230804126670E-15, 3.965082230804126670E-15 ) ) ;
#4572 = LINE ( 'NONE', #2853, #181 ) ;
#4573 = ORIENTED_EDGE ( 'NONE', *, *, #1934, .T. ) ;
#4574 = CARTESIAN_POINT ( 'NONE',  ( 128.1075276025609924, -119.8624928209259934, 107.2641190093600017 ) ) ;
#4575 = VECTOR ( 'NONE', #5044, 1000.000000000000000 ) ;
#4576 = LINE ( 'NONE', #274, #4773 ) ;
#4577 = ORIENTED_EDGE ( 'NONE', *, *, #2640, .F. ) ;
#4578 = PLANE ( 'NONE',  #2360 ) ;
#4579 = CARTESIAN_POINT ( 'NONE',  ( 163.0171133453979735, -133.6374999999999886, 89.88500000000000512 ) ) ;
#4580 = CIRCLE ( 'NONE', #1894, 2.349999999999990763 ) ;
#4581 =( GEOMETRIC_REPRESENTATION_CONTEXT ( 3 ) GLOBAL_UNCERTAINTY_ASSIGNED_CONTEXT ( ( #1495 ) ) GLOBAL_UNIT_ASSIGNED_CONTEXT ( ( #1682, #2998, #3789 ) ) REPRESENTATION_CONTEXT ( 'NONE', 'WORKASPACE' ) );
#4582 = LINE ( 'NONE', #4163, #1829 ) ;
#4583 = CARTESIAN_POINT ( 'NONE',  ( 135.6171133454029984, -119.4624928209269967, 99.28932592333771368 ) ) ;
#4584 = VECTOR ( 'NONE', #4138, 1000.000000000000000 ) ;
#4585 = ORIENTED_EDGE ( 'NONE', *, *, #2771, .T. ) ;
#4586 = VECTOR ( 'NONE', #2438, 1000.000000000000000 ) ;
#4587 = CARTESIAN_POINT ( 'NONE',  ( 140.4195669587998907, -139.4624928209259451, 108.7643247870279453 ) ) ;
#4588 = FACE_OUTER_BOUND ( 'NONE', #2757, .T. ) ;
#4589 = AXIS2_PLACEMENT_3D ( 'NONE', #3115, #3930, #1401 ) ;
#4590 = VECTOR ( 'NONE', #2967, 1000.000000000000000 ) ;
#4591 = EDGE_CURVE ( 'NONE', #2762, #2306, #1165, .T. ) ;
#4592 = VERTEX_POINT ( 'NONE', #33 ) ;
#4593 = CARTESIAN_POINT ( 'NONE',  ( 162.8171133453980133, -140.2624928209260133, 97.78932591814199782 ) ) ;
#4594 = AXIS2_PLACEMENT_3D ( 'NONE', #642, #727, #303 ) ;
#4595 = ORIENTED_EDGE ( 'NONE', *, *, #2572, .T. ) ;
#4596 = CARTESIAN_POINT ( 'NONE',  ( 171.1077265380160100, -119.8613980543999986, 107.2652137758860107 ) ) ;
#4597 = ADVANCED_FACE ( 'NONE', ( #4754 ), #2128, .T. ) ;
#4598 = CARTESIAN_POINT ( 'NONE',  ( 155.3671133453989910, -130.0529310438300001, 89.48499999999999943 ) ) ;
#4599 = CIRCLE ( 'NONE', #3970, 90.35185232128681321 ) ;
#4600 = ORIENTED_EDGE ( 'NONE', *, *, #1676, .F. ) ;
#4601 = EDGE_CURVE ( 'NONE', #1478, #2885, #2213, .T. ) ;
#4602 = ORIENTED_EDGE ( 'NONE', *, *, #5043, .F. ) ;
#4603 = ADVANCED_FACE ( 'NONE', ( #5171 ), #2602, .F. ) ;
#4604 = AXIS2_PLACEMENT_3D ( 'NONE', #4858, #4441, #583 ) ;
#4605 = CARTESIAN_POINT ( 'NONE',  ( 161.1751431929559999, -136.5250000000000057, 92.80999999999738748 ) ) ;
#4606 = CARTESIAN_POINT ( 'NONE',  ( 124.3687542002400050, -119.8613980543999986, 107.2652137758860107 ) ) ;
#4607 = SURFACE_STYLE_FILL_AREA ( #346 ) ;
#4608 = ORIENTED_EDGE ( 'NONE', *, *, #3291, .F. ) ;
#4609 = VECTOR ( 'NONE', #1107, 1000.000000000000000 ) ;
#4610 = LINE ( 'NONE', #2474, #3088 ) ;
#4611 = CARTESIAN_POINT ( 'NONE',  ( 134.2725970286043946, -139.1695996021125836, 109.0572180058413920 ) ) ;
#4612 = ORIENTED_EDGE ( 'NONE', *, *, #4254, .T. ) ;
#4613 = DIRECTION ( 'NONE',  ( -1.183291357831515956E-30, -1.049328997390330010E-15, 1.000000000000000000 ) ) ;
#4614 =( BOUNDED_CURVE ( )  B_SPLINE_CURVE ( 3, ( #1208, #1685, #842, #4206 ),
 .UNSPECIFIED., .F., .T. ) 
 B_SPLINE_CURVE_WITH_KNOTS ( ( 4, 4 ),
 ( 1.371290263815559962, 1.393361420140240003 ),
 .UNSPECIFIED. ) 
 CURVE ( )  GEOMETRIC_REPRESENTATION_ITEM ( )  RATIONAL_B_SPLINE_CURVE ( ( 1.000000000000000000, 0.9999594057501870470, 0.9999594057501870470, 1.000000000000000000 ) ) 
 REPRESENTATION_ITEM ( '' )  );
#4615 = LINE ( 'NONE', #5474, #17 ) ;
#4616 = LINE ( 'NONE', #1955, #1737 ) ;
#4617 = CARTESIAN_POINT ( 'NONE',  ( 137.2796133453929883, -119.4624928209260020, 102.7643259181419921 ) ) ;
#4618 = ORIENTED_EDGE ( 'NONE', *, *, #19, .T. ) ;
#4619 = LINE ( 'NONE', #3433, #2001 ) ;
#4620 = CARTESIAN_POINT ( 'NONE',  ( 171.3533783421490000, -130.8094256212499999, 110.5643259181420035 ) ) ;
#4621 = DIRECTION ( 'NONE',  ( 0.000000000000000000, 4.819802424353359970E-15, -1.000000000000000000 ) ) ;
#4622 = VERTEX_POINT ( 'NONE', #882 ) ;
#4623 = FACE_OUTER_BOUND ( 'NONE', #410, .T. ) ;
#4624 = CARTESIAN_POINT ( 'NONE',  ( 160.1768364872739880, -140.0624928209250015, 103.7997837525840055 ) ) ;
#4625 = LINE ( 'NONE', #2518, #5126 ) ;
#4626 = LINE ( 'NONE', #773, #2430 ) ;
#4627 = ORIENTED_EDGE ( 'NONE', *, *, #5192, .F. ) ;
#4628 = VERTEX_POINT ( 'NONE', #1247 ) ;
#4629 = EDGE_CURVE ( 'NONE', #3931, #1209, #3075, .T. ) ;
#4630 = DIRECTION ( 'NONE',  ( 2.418031965417649952E-14, 2.810542139867140164E-15, -1.000000000000000000 ) ) ;
#4631 = DIRECTION ( 'NONE',  ( 0.000000000000000000, 1.000000000000000000, -1.926745932492350360E-15 ) ) ;
#4632 = EDGE_CURVE ( 'NONE', #4949, #5086, #3410, .T. ) ;
#4633 = LINE ( 'NONE', #4267, #2534 ) ;
#4634 = ORIENTED_EDGE ( 'NONE', *, *, #4143, .F. ) ;
#4635 = CARTESIAN_POINT ( 'NONE',  ( 163.0171133453979735, -131.8249999999999886, 91.20374999999900467 ) ) ;
#4636 = EDGE_CURVE ( 'NONE', #5157, #4695, #1566, .T. ) ;
#4637 = DIRECTION ( 'NONE',  ( -2.748129594203400391E-15, -1.926745932492380336E-15, -1.000000000000000000 ) ) ;
#4638 = ORIENTED_EDGE ( 'NONE', *, *, #5550, .F. ) ;
#4639 = CARTESIAN_POINT ( 'NONE',  ( 137.6171133454100186, -125.5499999999999972, 92.80999999999889383 ) ) ;
#4640 = SURFACE_SIDE_STYLE ('',( #3845 ) ) ;
#4641 = ADVANCED_FACE ( 'NONE', ( #3920 ), #1306, .F. ) ;
#4642 = FACE_OUTER_BOUND ( 'NONE', #3701, .T. ) ;
#4643 = DIRECTION ( 'NONE',  ( 2.892304216119340092E-14, -2.810542139866490143E-15, 1.000000000000000000 ) ) ;
#4644 = ORIENTED_EDGE ( 'NONE', *, *, #5261, .F. ) ;
#4645 = CARTESIAN_POINT ( 'NONE',  ( 163.0171133453999914, -131.4249999999999829, 94.43716295906880021 ) ) ;
#4646 = LINE ( 'NONE', #3884, #836 ) ;
#4647 = ORIENTED_EDGE ( 'NONE', *, *, #704, .F. ) ;
#4648 = CARTESIAN_POINT ( 'NONE',  ( 155.3671133453989910, -124.5750000000000028, 89.48499999999999943 ) ) ;
#4649 = CARTESIAN_POINT ( 'NONE',  ( 174.2171133453890093, -119.4624950404660098, 102.7643259181419921 ) ) ;
#4650 = CYLINDRICAL_SURFACE ( 'NONE', #2248, 1.700000000000007061 ) ;
#4651 = ORIENTED_EDGE ( 'NONE', *, *, #1064, .T. ) ;
#4652 = ORIENTED_EDGE ( 'NONE', *, *, #573, .F. ) ;
#4653 = ORIENTED_EDGE ( 'NONE', *, *, #91, .F. ) ;
#4654 = DIRECTION ( 'NONE',  ( 0.000000000000000000, 1.000000000000000000, 0.000000000000000000 ) ) ;
#4655 = CARTESIAN_POINT ( 'NONE',  ( 137.4171133454100016, -127.3438512425049964, 92.80999999999698957 ) ) ;
#4656 = CARTESIAN_POINT ( 'NONE',  ( 125.9448783421490106, -130.8094256212499999, 103.1643259181420120 ) ) ;
#4657 = ORIENTED_EDGE ( 'NONE', *, *, #228, .T. ) ;
#4658 = DIRECTION ( 'NONE',  ( -2.371361253508410078E-15, -1.926745932492360221E-15, -1.000000000000000000 ) ) ;
#4659 = CARTESIAN_POINT ( 'NONE',  ( 169.2382403691290165, -119.5222499092810153, 105.0811190093599947 ) ) ;
#4660 = VERTEX_POINT ( 'NONE', #4705 ) ;
#4661 = AXIS2_PLACEMENT_3D ( 'NONE', #3225, #635, #668 ) ;
#4662 = DIRECTION ( 'NONE',  ( -0.9999811604344926996, -1.982503765188892233E-15, 0.006138304007261701466 ) ) ;
#4663 = ADVANCED_FACE ( 'NONE', ( #3471 ), #5140, .T. ) ;
#4664 = AXIS2_PLACEMENT_3D ( 'NONE', #1622, #778, #889 ) ;
#4665 = DIRECTION ( 'NONE',  ( -8.676110324266210260E-30, 1.000000000000000000, -5.006432955109510304E-15 ) ) ;
#4666 = DIRECTION ( 'NONE',  ( -1.762258769246287846E-14, 1.000000000000000000, 0.000000000000000000 ) ) ;
#4667 = EDGE_CURVE ( 'NONE', #490, #5198, #3041, .T. ) ;
#4668 = ORIENTED_EDGE ( 'NONE', *, *, #4714, .T. ) ;
#4669 = CARTESIAN_POINT ( 'NONE',  ( 151.4497566842990182, -134.1749999999999829, 92.80999999999698957 ) ) ;
#4670 = CARTESIAN_POINT ( 'NONE',  ( 140.7551759362234236, -139.1695996021123847, 109.0572180058416052 ) ) ;
#4671 = AXIS2_PLACEMENT_3D ( 'NONE', #4001, #4841, #1388 ) ;
#4672 = AXIS2_PLACEMENT_3D ( 'NONE', #2495, #1659, #5116 ) ;
#4673 = DIRECTION ( 'NONE',  ( -0.7071067811861759811, -0.7071067811869190534, 5.303483935359651181E-15 ) ) ;
#4674 = ADVANCED_FACE ( 'NONE', ( #2574 ), #3856, .F. ) ;
#4675 = VECTOR ( 'NONE', #3126, 1000.000000000000000 ) ;
#4676 = CIRCLE ( 'NONE', #2524, 13.60026375888591232 ) ;
#4677 = ORIENTED_EDGE ( 'NONE', *, *, #296, .F. ) ;
#4678 = CARTESIAN_POINT ( 'NONE',  ( 161.1751431929552894, -136.5249999999987551, 93.95952224057488422 ) ) ;
#4679 = FACE_OUTER_BOUND ( 'NONE', #5065, .T. ) ;
#4680 = CARTESIAN_POINT ( 'NONE',  ( 134.9365022088549892, -137.1938512425049908, 92.80999999999698957 ) ) ;
#4681 = VERTEX_POINT ( 'NONE', #4282 ) ;
#4682 = AXIS2_PLACEMENT_3D ( 'NONE', #4669, #820, #2542 ) ;
#4683 = ORIENTED_EDGE ( 'NONE', *, *, #704, .T. ) ;
#4684 = DIRECTION ( 'NONE',  ( 2.371361274187880032E-15, 6.071242150050810561E-15, 1.000000000000000000 ) ) ;
#4685 = CARTESIAN_POINT ( 'NONE',  ( 137.2768364872739824, -140.4624928209250072, 103.7997837525840055 ) ) ;
#4686 = PLANE ( 'NONE',  #4962 ) ;
#4687 = ORIENTED_EDGE ( 'NONE', *, *, #4535, .F. ) ;
#4688 = CARTESIAN_POINT ( 'NONE',  ( 169.4448783421489964, -130.8094256212499999, 102.7643259181419921 ) ) ;
#4689 = ORIENTED_EDGE ( 'NONE', *, *, #4702, .F. ) ;
#4690 = AXIS2_PLACEMENT_3D ( 'NONE', #2424, #1601, #3314 ) ;
#4691 = DIRECTION ( 'NONE',  ( -1.000000000000000000, -8.676110324266229878E-30, -2.366582715662990224E-30 ) ) ;
#4692 = EDGE_CURVE ( 'NONE', #4397, #3861, #1753, .T. ) ;
#4693 = CARTESIAN_POINT ( 'NONE',  ( 137.4980370060869745, -139.7553860397389940, 89.48499999999880572 ) ) ;
#4694 = DIRECTION ( 'NONE',  ( -1.000000000000000000, -1.762258769246290055E-14, 2.892304216119329995E-14 ) ) ;
#4695 = VERTEX_POINT ( 'NONE', #2155 ) ;
#4696 = LINE ( 'NONE', #1296, #3425 ) ;
#4697 = CARTESIAN_POINT ( 'NONE',  ( 163.0171133453999914, -127.4991976312541908, 95.55447721529050398 ) ) ;
#4698 = DIRECTION ( 'NONE',  ( -1.889977769333399838E-13, -1.611608585131960003E-13, -1.000000000000000000 ) ) ;
#4699 = EDGE_CURVE ( 'NONE', #2074, #3303, #3443, .T. ) ;
#4700 = ADVANCED_FACE ( 'NONE', ( #2321 ), #621, .T. ) ;
#4701 = ORIENTED_EDGE ( 'NONE', *, *, #1433, .T. ) ;
#4702 = EDGE_CURVE ( 'NONE', #3536, #1805, #2265, .T. ) ;
#4703 = DIRECTION ( 'NONE',  ( -0.7071067811865480168, -3.626678297737295579E-15, -0.7071067811865470176 ) ) ;
#4704 = CARTESIAN_POINT ( 'NONE',  ( 134.4016063749450041, -140.2908261542589798, 110.5359925848089944 ) ) ;
#4705 = CARTESIAN_POINT ( 'NONE',  ( 132.4171133454029814, -124.3438512425049964, 92.80999999999698957 ) ) ;
#4706 = EDGE_LOOP ( 'NONE', ( #4445, #217, #4879, #3719 ) ) ;
#4707 = VERTEX_POINT ( 'NONE', #3188 ) ;
#4708 = CARTESIAN_POINT ( 'NONE',  ( 158.4776768572600076, -119.8624928209249987, 104.2641190093600017 ) ) ;
#4709 = DIRECTION ( 'NONE',  ( -0.9270883662000237724, -0.2650539197380530898, -0.2650539207181519807 ) ) ;
#4710 = FACE_OUTER_BOUND ( 'NONE', #1314, .T. ) ;
#4711 = ORIENTED_EDGE ( 'NONE', *, *, #5477, .F. ) ;
#4712 = CARTESIAN_POINT ( 'NONE',  ( 165.7548070485978542, -119.8623856366153291, 104.2640118250495362 ) ) ;
#4713 = ORIENTED_EDGE ( 'NONE', *, *, #472, .T. ) ;
#4714 = EDGE_CURVE ( 'NONE', #5302, #395, #1927, .T. ) ;
#4715 = ORIENTED_EDGE ( 'NONE', *, *, #1825, .F. ) ;
#4716 = PRESENTATION_STYLE_ASSIGNMENT (( #2117 ) ) ;
#4717 = CARTESIAN_POINT ( 'NONE',  ( 130.1377302020020181, -119.4624928209260020, 103.8641190093600102 ) ) ;
#4718 = ORIENTED_EDGE ( 'NONE', *, *, #2378, .T. ) ;
#4719 = DIRECTION ( 'NONE',  ( 0.5927832416538231231, 0.5694769654755361676, 0.5694769654754791022 ) ) ;
#4720 = ORIENTED_EDGE ( 'NONE', *, *, #4459, .T. ) ;
#4721 = CARTESIAN_POINT ( 'NONE',  ( 172.7216946132480189, -119.8621712665460137, 104.2637974549800077 ) ) ;
#4722 = DIRECTION ( 'NONE',  ( -1.000000000000000000, 0.000000000000000000, -1.539220716937389985E-14 ) ) ;
#4723 = LINE ( 'NONE', #1298, #2805 ) ;
#4724 = DIRECTION ( 'NONE',  ( 0.7800149340512773088, -0.4424797750502161842, -0.4424797750502181826 ) ) ;
#4725 = ORIENTED_EDGE ( 'NONE', *, *, #2404, .F. ) ;
#4726 = ADVANCED_FACE ( 'NONE', ( #3525 ), #5255, .F. ) ;
#4727 = DIRECTION ( 'NONE',  ( -1.000000000000000000, -1.065814103640150121E-14, 3.552713678800519862E-15 ) ) ;
#4728 = CARTESIAN_POINT ( 'NONE',  ( 123.1948783421490106, -130.8094256212499999, 102.7643259181419921 ) ) ;
#4729 = CARTESIAN_POINT ( 'NONE',  ( 161.5042891039019821, -136.1958540890530003, 92.52249999999820318 ) ) ;
#4730 = EDGE_CURVE ( 'NONE', #3674, #1581, #2705, .T. ) ;
#4731 = ORIENTED_EDGE ( 'NONE', *, *, #2767, .T. ) ;
#4732 = ADVANCED_FACE ( 'NONE', ( #2351 ), #4874, .T. ) ;
#4733 = ORIENTED_EDGE ( 'NONE', *, *, #2703, .T. ) ;
#4734 = EDGE_CURVE ( 'NONE', #1139, #3812, #2145, .T. ) ;
#4735 = DIRECTION ( 'NONE',  ( 1.000000000000000000, 0.000000000000000000, -7.382857716946760450E-16 ) ) ;
#4736 = CARTESIAN_POINT ( 'NONE',  ( 149.5799945189830282, -136.9500000000019782, 89.48499999999999943 ) ) ;
#4737 = CARTESIAN_POINT ( 'NONE',  ( 127.7373004235730036, -119.4624928209260020, 105.0811190093599947 ) ) ;
#4738 = CARTESIAN_POINT ( 'NONE',  ( 120.4171133453919964, -140.2624928209240238, 99.00716297626419760 ) ) ;
#4739 = ORIENTED_EDGE ( 'NONE', *, *, #3811, .T. ) ;
#4740 = CARTESIAN_POINT ( 'NONE',  ( 163.0171133453979735, -131.8249999999999886, 89.88500000000000512 ) ) ;
#4741 = CARTESIAN_POINT ( 'NONE',  ( 163.0171133453999914, -134.1749999999999829, 92.80999999999698957 ) ) ;
#4742 = DIRECTION ( 'NONE',  ( 1.000000000000000000, -2.437722066003950056E-28, -2.371361224626600301E-15 ) ) ;
#4743 = VECTOR ( 'NONE', #345, 1000.000000000000000 ) ;
#4744 = ORIENTED_EDGE ( 'NONE', *, *, #429, .F. ) ;
#4745 = DIRECTION ( 'NONE',  ( 1.000000000000000000, -7.867353525348019859E-29, 1.700707699447170143E-14 ) ) ;
#4746 = DIRECTION ( 'NONE',  ( 1.000000000000000000, 2.018587317500270047E-14, 2.418031965417649952E-14 ) ) ;
#4747 = CARTESIAN_POINT ( 'NONE',  ( 150.5296133453909988, -140.0624928209230120, 102.7643259181419921 ) ) ;
#4748 = DIRECTION ( 'NONE',  ( -2.009843820287940185E-15, 1.000000000000000000, -1.926745932492360221E-15 ) ) ;
#4749 = PLANE ( 'NONE',  #1352 ) ;
#4750 = ORIENTED_EDGE ( 'NONE', *, *, #4117, .T. ) ;
#4751 = CARTESIAN_POINT ( 'NONE',  ( 163.0171133453989682, -136.5250000000000057, 92.80999999999698957 ) ) ;
#4752 = DIRECTION ( 'NONE',  ( 1.000000000000000000, 1.762258769246290055E-14, -2.887067357318670574E-14 ) ) ;
#4753 = CARTESIAN_POINT ( 'NONE',  ( 138.7086133453910008, -120.4624928209249930, 100.9728259181419929 ) ) ;
#4754 = FACE_OUTER_BOUND ( 'NONE', #2395, .T. ) ;
#4755 = AXIS2_PLACEMENT_3D ( 'NONE', #3244, #227, #2820 ) ;
#4756 = AXIS2_PLACEMENT_3D ( 'NONE', #1650, #1323, #3915 ) ;
#4757 = EDGE_CURVE ( 'NONE', #3586, #4323, #2490, .T. ) ;
#4758 = ORIENTED_EDGE ( 'NONE', *, *, #5142, .F. ) ;
#4759 = ORIENTED_EDGE ( 'NONE', *, *, #234, .T. ) ;
#4760 = AXIS2_PLACEMENT_3D ( 'NONE', #5185, #24, #4806 ) ;
#4761 = VECTOR ( 'NONE', #1355, 1000.000000000000000 ) ;
#4762 = DIRECTION ( 'NONE',  ( 0.000000000000000000, -1.973846303234049855E-15, -1.000000000000000000 ) ) ;
#4763 = PLANE ( 'NONE',  #1080 ) ;
#4764 = ADVANCED_FACE ( 'NONE', ( #139 ), #4428, .T. ) ;
#4765 = ADVANCED_FACE ( 'NONE', ( #3609 ), #3576, .F. ) ;
#4766 = VECTOR ( 'NONE', #864, 1000.000000000000114 ) ;
#4767 = DIRECTION ( 'NONE',  ( 0.3722874977002461061, 0.6562781495128763298, 0.6562781495128752196 ) ) ;
#4768 = AXIS2_PLACEMENT_3D ( 'NONE', #4624, #5485, #1613 ) ;
#4769 = ORIENTED_EDGE ( 'NONE', *, *, #2511, .T. ) ;
#4770 = CARTESIAN_POINT ( 'NONE',  ( 129.7216841539273275, -119.8622784518218509, 104.2639046402568681 ) ) ;
#4771 = EDGE_CURVE ( 'NONE', #2712, #3155, #2656, .T. ) ;
#4772 = VERTEX_POINT ( 'NONE', #1932 ) ;
#4773 = VECTOR ( 'NONE', #3711, 1000.000000000000114 ) ;
#4774 = DIRECTION ( 'NONE',  ( -1.000000000000000000, -8.742289393079860116E-15, 2.371361253508389962E-15 ) ) ;
#4775 = DIRECTION ( 'NONE',  ( 1.000000000000000000, 0.000000000000000000, 0.000000000000000000 ) ) ;
#4776 = CARTESIAN_POINT ( 'NONE',  ( 149.4248783421530220, -133.5000000000000000, 95.43499999999839645 ) ) ;
#4777 = AXIS2_PLACEMENT_3D ( 'NONE', #2549, #418, #2150 ) ;
#4778 = ORIENTED_EDGE ( 'NONE', *, *, #858, .T. ) ;
#4779 = FACE_OUTER_BOUND ( 'NONE', #4232, .T. ) ;
#4780 = DIRECTION ( 'NONE',  ( 0.000000000000000000, -4.430635266668070654E-15, -1.000000000000000000 ) ) ;
#4781 = CIRCLE ( 'NONE', #1374, 2.350000000000004974 ) ;
#4782 = CARTESIAN_POINT ( 'NONE',  ( 156.5497566843010304, -130.7500000000000000, 92.80999999999708905 ) ) ;
#4783 = DIRECTION ( 'NONE',  ( 0.5488750411663199102, -0.5910736794955309126, -0.5910736794954459805 ) ) ;
#4784 = LINE ( 'NONE', #2910, #4586 ) ;
#4785 = VECTOR ( 'NONE', #1467, 1000.000000000000000 ) ;
#4786 = ORIENTED_EDGE ( 'NONE', *, *, #850, .F. ) ;
#4787 = DIRECTION ( 'NONE',  ( 0.000000000000000000, -1.049328997390330010E-15, 1.000000000000000000 ) ) ;
#4788 = FACE_OUTER_BOUND ( 'NONE', #325, .T. ) ;
#4789 = CARTESIAN_POINT ( 'NONE',  ( 147.7171133453930167, -119.8624928209259934, 110.7643259181420063 ) ) ;
#4790 = ORIENTED_EDGE ( 'NONE', *, *, #2979, .F. ) ;
#4791 = VECTOR ( 'NONE', #5577, 1000.000000000000000 ) ;
#4792 = ORIENTED_EDGE ( 'NONE', *, *, #685, .T. ) ;
#4793 = DIRECTION ( 'NONE',  ( 0.7071067811887140619, -0.7071067811843810835, -1.287513002782730729E-14 ) ) ;
#4794 = CARTESIAN_POINT ( 'NONE',  ( 151.4497566842990182, -129.6750000000000114, 92.80999999999698957 ) ) ;
#4795 = PLANE ( 'NONE',  #349 ) ;
#4796 = VERTEX_POINT ( 'NONE', #2732 ) ;
#4797 = EDGE_LOOP ( 'NONE', ( #4150, #4152, #4455, #1342, #4701 ) ) ;
#4798 = EDGE_CURVE ( 'NONE', #235, #3647, #1053, .T. ) ;
#4799 = EDGE_CURVE ( 'NONE', #697, #2709, #5371, .T. ) ;
#4800 = DIRECTION ( 'NONE',  ( -1.000000000000000000, -1.569712496704820284E-14, -2.418031965417649952E-14 ) ) ;
#4801 = EDGE_CURVE ( 'NONE', #2885, #377, #3720, .T. ) ;
#4802 = DIRECTION ( 'NONE',  ( -1.181088324069320141E-14, 1.000000000000000000, 0.000000000000000000 ) ) ;
#4803 = EDGE_LOOP ( 'NONE', ( #4461, #2930, #5576, #3479 ) ) ;
#4804 = CARTESIAN_POINT ( 'NONE',  ( 156.5497566843020252, -130.0529310438300001, 92.46230441458909866 ) ) ;
#4805 = EDGE_LOOP ( 'NONE', ( #1358, #899, #2362, #1117 ) ) ;
#4806 = DIRECTION ( 'NONE',  ( -1.000000000000000000, 0.000000000000000000, 0.000000000000000000 ) ) ;
#4807 = ADVANCED_FACE ( 'NONE', ( #3213 ), #2427, .F. ) ;
#4808 = CARTESIAN_POINT ( 'NONE',  ( 172.7216736896604345, -119.8623856366149454, 107.2642261936701402 ) ) ;
#4809 = CARTESIAN_POINT ( 'NONE',  ( 163.0171133453989682, -127.4991976312541908, 95.55447721529050398 ) ) ;
#4810 = DIRECTION ( 'NONE',  ( -2.052675578551315387E-15, 1.000000000000000000, -1.926483013185690075E-15 ) ) ;
#4811 = VERTEX_POINT ( 'NONE', #738 ) ;
#4812 = LINE ( 'NONE', #3441, #445 ) ;
#4813 = DIRECTION ( 'NONE',  ( -1.000000000000000000, -8.457319541869121525E-15, -7.677572760593020201E-16 ) ) ;
#4814 = DIRECTION ( 'NONE',  ( 2.748129594203390530E-15, 4.430635266668070654E-15, 1.000000000000000000 ) ) ;
#4815 = ORIENTED_EDGE ( 'NONE', *, *, #3018, .F. ) ;
#4816 = EDGE_LOOP ( 'NONE', ( #3840, #2487, #5505, #2585 ) ) ;
#4817 = EDGE_CURVE ( 'NONE', #5464, #4119, #4139, .T. ) ;
#4818 = ORIENTED_EDGE ( 'NONE', *, *, #5162, .F. ) ;
#4819 = FACE_OUTER_BOUND ( 'NONE', #4207, .T. ) ;
#4820 = CARTESIAN_POINT ( 'NONE',  ( 163.0171133453979735, -135.5250000000000057, 92.80999999999720274 ) ) ;
#4821 = LINE ( 'NONE', #4737, #3684 ) ;
#4822 = ORIENTED_EDGE ( 'NONE', *, *, #3608, .T. ) ;
#4823 = ORIENTED_EDGE ( 'NONE', *, *, #4176, .T. ) ;
#4824 = ORIENTED_EDGE ( 'NONE', *, *, #2106, .T. ) ;
#4825 = SURFACE_STYLE_FILL_AREA ( #1377 ) ;
#4826 = CARTESIAN_POINT ( 'NONE',  ( 156.5497566843010304, -127.4991976312541908, 95.55447721529050398 ) ) ;
#4827 = ORIENTED_EDGE ( 'NONE', *, *, #1473, .F. ) ;
#4828 = EDGE_CURVE ( 'NONE', #153, #4444, #4168, .T. ) ;
#4829 = CARTESIAN_POINT ( 'NONE',  ( 132.4171133454029814, -134.6744623790540061, 89.84874807970639665 ) ) ;
#4830 = ORIENTED_EDGE ( 'NONE', *, *, #1890, .T. ) ;
#4831 = DIRECTION ( 'NONE',  ( 2.748129594203400391E-15, 1.407292413469239864E-15, 1.000000000000000000 ) ) ;
#4832 = FACE_OUTER_BOUND ( 'NONE', #4805, .T. ) ;
#4833 = VECTOR ( 'NONE', #1591, 1000.000000000000000 ) ;
#4834 = EDGE_CURVE ( 'NONE', #2210, #1087, #5414, .T. ) ;
#4835 = LINE ( 'NONE', #3124, #1264 ) ;
#4836 = VERTEX_POINT ( 'NONE', #310 ) ;
#4837 = CARTESIAN_POINT ( 'NONE',  ( 174.2171132998489895, -119.4624950404660098, 100.7500000000189999 ) ) ;
#4838 = ADVANCED_FACE ( 'NONE', ( #4588 ), #3690, .T. ) ;
#4839 = CIRCLE ( 'NONE', #895, 1.708500000000001684 ) ;
#4840 = FACE_OUTER_BOUND ( 'NONE', #520, .T. ) ;
#4841 = DIRECTION ( 'NONE',  ( 0.000000000000000000, -1.049328997390330010E-15, 1.000000000000000000 ) ) ;
#4842 = CONICAL_SURFACE ( 'NONE', #5585, 1.774999999999998801, 0.7853981633977785703 ) ;
#4843 = ORIENTED_EDGE ( 'NONE', *, *, #1131, .T. ) ;
#4844 = EDGE_LOOP ( 'NONE', ( #3646, #1281, #3250, #3179 ) ) ;
#4845 = ORIENTED_EDGE ( 'NONE', *, *, #3291, .T. ) ;
#4846 = AXIS2_PLACEMENT_3D ( 'NONE', #3831, #3324, #5543 ) ;
#4847 = VECTOR ( 'NONE', #3728, 1000.000000000000000 ) ;
#4848 = DIRECTION ( 'NONE',  ( 0.000000000000000000, 1.000000000000000000, -1.926745932492380336E-15 ) ) ;
#4849 = CARTESIAN_POINT ( 'NONE',  ( 125.9448783421490106, -130.8094256212499999, 110.3643259181420007 ) ) ;
#4850 = CARTESIAN_POINT ( 'NONE',  ( 160.9671133453899756, -140.2624928209260133, 110.5643259181420035 ) ) ;
#4851 = ORIENTED_EDGE ( 'NONE', *, *, #2406, .T. ) ;
#4852 = CIRCLE ( 'NONE', #4410, 2.750000000000002665 ) ;
#4853 = CIRCLE ( 'NONE', #451, 2.750000000000002665 ) ;
#4854 = ORIENTED_EDGE ( 'NONE', *, *, #1532, .T. ) ;
#4855 = PRESENTATION_STYLE_ASSIGNMENT (( #4409 ) ) ;
#4856 = VECTOR ( 'NONE', #3091, 1000.000000000000000 ) ;
#4857 = CIRCLE ( 'NONE', #3154, 14.00026375888591268 ) ;
#4858 = CARTESIAN_POINT ( 'NONE',  ( 143.4400000000080126, -134.1749999999999829, 92.80999999999869488 ) ) ;
#4859 = ORIENTED_EDGE ( 'NONE', *, *, #4951, .T. ) ;
#4860 = FACE_OUTER_BOUND ( 'NONE', #5383, .T. ) ;
#4861 = ORIENTED_EDGE ( 'NONE', *, *, #4692, .T. ) ;
#4862 = ORIENTED_EDGE ( 'NONE', *, *, #5413, .F. ) ;
#4863 = FACE_OUTER_BOUND ( 'NONE', #4557, .T. ) ;
#4864 = AXIS2_PLACEMENT_3D ( 'NONE', #938, #2647, #1429 ) ;
#4865 =( BOUNDED_CURVE ( )  B_SPLINE_CURVE ( 3, ( #2070, #5054, #5022, #4596 ),
 .UNSPECIFIED., .F., .T. ) 
 B_SPLINE_CURVE_WITH_KNOTS ( ( 4, 4 ),
 ( 1.390749933834365848, 1.391335562529282033 ),
 .UNSPECIFIED. ) 
 CURVE ( )  GEOMETRIC_REPRESENTATION_ITEM ( )  RATIONAL_B_SPLINE_CURVE ( ( 1.000000000000000000, 0.9999999714199190315, 0.9999999714199190315, 1.000000000000000000 ) ) 
 REPRESENTATION_ITEM ( '' )  );
#4866 = EDGE_CURVE ( 'NONE', #584, #790, #2383, .T. ) ;
#4867 = FACE_OUTER_BOUND ( 'NONE', #2941, .T. ) ;
#4868 = AXIS2_PLACEMENT_3D ( 'NONE', #4477, #2386, #4931 ) ;
#4869 = LINE ( 'NONE', #4474, #4948 ) ;
#4870 = VERTEX_POINT ( 'NONE', #1559 ) ;
#4871 = CARTESIAN_POINT ( 'NONE',  ( 169.4448783421489964, -130.8094256212499999, 107.7643259181420063 ) ) ;
#4872 = VECTOR ( 'NONE', #1749, 1000.000000000000000 ) ;
#4873 = EDGE_CURVE ( 'NONE', #2439, #3155, #285, .T. ) ;
#4874 = PLANE ( 'NONE',  #532 ) ;
#4875 = ADVANCED_FACE ( 'NONE', ( #5509 ), #5430, .F. ) ;
#4876 = CIRCLE ( 'NONE', #474, 2.350000000000004974 ) ;
#4877 = EDGE_CURVE ( 'NONE', #3566, #3189, #4287, .T. ) ;
#4878 = EDGE_LOOP ( 'NONE', ( #5199, #1609, #1416, #1642, #2220 ) ) ;
#4879 = ORIENTED_EDGE ( 'NONE', *, *, #4212, .T. ) ;
#4880 = ORIENTED_EDGE ( 'NONE', *, *, #5477, .T. ) ;
#4881 = ORIENTED_EDGE ( 'NONE', *, *, #4976, .T. ) ;
#4882 = CARTESIAN_POINT ( 'NONE',  ( 134.2171133453919936, -119.4624950404660098, 103.6640621592530067 ) ) ;
#4883 = VECTOR ( 'NONE', #4076, 1000.000000000000000 ) ;
#4884 = DIRECTION ( 'NONE',  ( 1.000000000000000000, 9.378244137164310855E-15, -2.330637149875950107E-14 ) ) ;
#4885 = ORIENTED_EDGE ( 'NONE', *, *, #4452, .T. ) ;
#4886 = ORIENTED_EDGE ( 'NONE', *, *, #2166, .F. ) ;
#4887 = ORIENTED_EDGE ( 'NONE', *, *, #3467, .F. ) ;
#4888 = CARTESIAN_POINT ( 'NONE',  ( 158.4768364872739710, -119.4624928209260020, 103.7997837525840055 ) ) ;
#4889 = DIRECTION ( 'NONE',  ( -3.789849804151359726E-14, 2.810542046950380232E-15, -1.000000000000000000 ) ) ;
#4890 = EDGE_LOOP ( 'NONE', ( #62, #4161, #1255, #4880 ) ) ;
#4891 = DIRECTION ( 'NONE',  ( 0.000000000000000000, -1.000000000000000000, 1.973846303234049855E-15 ) ) ;
#4892 = ORIENTED_EDGE ( 'NONE', *, *, #13, .F. ) ;
#4893 = EDGE_LOOP ( 'NONE', ( #3387, #1784, #3737, #4940, #2934 ) ) ;
#4894 = CARTESIAN_POINT ( 'NONE',  ( 135.4804746703200067, -138.3889688723710094, 108.6341353029209955 ) ) ;
#4895 = APPLICATION_PROTOCOL_DEFINITION ( 'draft international standard', 'automotive_design', 1998, #5012 ) ;
#4896 = CARTESIAN_POINT ( 'NONE',  ( 126.2382403691280075, -119.5222499092810153, 107.2641190093600017 ) ) ;
#4897 = CARTESIAN_POINT ( 'NONE',  ( 160.7609296305830071, -135.5250000000000057, 92.80999999999720274 ) ) ;
#4898 = CARTESIAN_POINT ( 'NONE',  ( 163.0171133453989682, -130.0529310438300001, 92.46230441459120186 ) ) ;
#4899 = CARTESIAN_POINT ( 'NONE',  ( 165.7548175178120005, -119.8624928209249987, 107.2641190093600017 ) ) ;
#4900 = CARTESIAN_POINT ( 'NONE',  ( 172.7216841539284360, -119.8622784518222488, 104.2639046402562570 ) ) ;
#4901 = EDGE_CURVE ( 'NONE', #725, #973, #1156, .T. ) ;
#4902 = ORIENTED_EDGE ( 'NONE', *, *, #5055, .T. ) ;
#4903 = DIRECTION ( 'NONE',  ( 3.673940376433450027E-16, 1.973846303234049855E-15, 1.000000000000000000 ) ) ;
#4904 = ORIENTED_EDGE ( 'NONE', *, *, #711, .T. ) ;
#4905 = EDGE_CURVE ( 'NONE', #2701, #4030, #4965, .T. ) ;
#4906 = VERTEX_POINT ( 'NONE', #2484 ) ;
#4907 = LINE ( 'NONE', #2825, #801 ) ;
#4908 = ADVANCED_FACE ( 'NONE', ( #5015 ), #3746, .F. ) ;
#4909 = DIRECTION ( 'NONE',  ( 1.000000000000000000, 2.018587317500270047E-14, 2.418031965417649952E-14 ) ) ;
#4910 = ORIENTED_EDGE ( 'NONE', *, *, #2262, .T. ) ;
#4911 = ADVANCED_FACE ( 'NONE', ( #3273 ), #2902, .F. ) ;
#4912 = ORIENTED_EDGE ( 'NONE', *, *, #2346, .F. ) ;
#4913 = EDGE_CURVE ( 'NONE', #3395, #5375, #1605, .T. ) ;
#4914 = CARTESIAN_POINT ( 'NONE',  ( 128.1075276025609924, -119.8624928209259934, 104.2641190093600017 ) ) ;
#4915 = FACE_OUTER_BOUND ( 'NONE', #2191, .T. ) ;
#4916 = ORIENTED_EDGE ( 'NONE', *, *, #1158, .T. ) ;
#4917 = DIRECTION ( 'NONE',  ( 1.000000000000000000, 0.000000000000000000, 0.000000000000000000 ) ) ;
#4918 = CARTESIAN_POINT ( 'NONE',  ( 122.2707201235157441, -119.4624928209259593, 109.2472608036296151 ) ) ;
#4919 = ORIENTED_EDGE ( 'NONE', *, *, #2872, .T. ) ;
#4920 = VERTEX_POINT ( 'NONE', #4194 ) ;
#4921 = CARTESIAN_POINT ( 'NONE',  ( 128.1508943902790065, -119.4624928209260020, 108.7643247870279879 ) ) ;
#4922 =( LENGTH_UNIT ( ) NAMED_UNIT ( * ) SI_UNIT ( .MILLI., .METRE. ) );
#4923 = LINE ( 'NONE', #4988, #5155 ) ;
#4924 = DIRECTION ( 'NONE',  ( -1.000000000000000000, 0.000000000000000000, 5.916456789157589942E-30 ) ) ;
#4925 = FACE_OUTER_BOUND ( 'NONE', #775, .T. ) ;
#4926 = CARTESIAN_POINT ( 'NONE',  ( 143.9500000000079751, -125.3000000000019867, 93.59749282092340650 ) ) ;
#4927 = CARTESIAN_POINT ( 'NONE',  ( 124.2363783421490098, -130.8094256212499999, 107.7643259181420063 ) ) ;
#4928 = CARTESIAN_POINT ( 'NONE',  ( 138.7086133453910008, -119.4624928209249930, 100.9728259181419929 ) ) ;
#4929 = PRODUCT_RELATED_PRODUCT_CATEGORY ( 'part', '', ( #1544 ) ) ;
#4930 = ORIENTED_EDGE ( 'NONE', *, *, #3428, .F. ) ;
#4931 = DIRECTION ( 'NONE',  ( -1.000000000000000000, 0.000000000000000000, 0.000000000000000000 ) ) ;
#4932 = AXIS2_PLACEMENT_3D ( 'NONE', #1657, #319, #3368 ) ;
#4933 = ORIENTED_EDGE ( 'NONE', *, *, #1337, .F. ) ;
#4934 = EDGE_CURVE ( 'NONE', #5436, #5432, #334, .T. ) ;
#4935 = VERTEX_POINT ( 'NONE', #1583 ) ;
#4936 = CARTESIAN_POINT ( 'NONE',  ( 163.0171133453989682, -119.4624928209269967, 99.28932592333771368 ) ) ;
#4937 = VECTOR ( 'NONE', #2915, 1000.000000000000000 ) ;
#4938 = CARTESIAN_POINT ( 'NONE',  ( 162.0171133453979735, -134.2688162851839877, 94.15673624166939248 ) ) ;
#4939 = ORIENTED_EDGE ( 'NONE', *, *, #2035, .F. ) ;
#4940 = ORIENTED_EDGE ( 'NONE', *, *, #2545, .F. ) ;
#4941 = AXIS2_PLACEMENT_3D ( 'NONE', #4729, #1329, #56 ) ;
#4942 = AXIS2_PLACEMENT_3D ( 'NONE', #2327, #1564, #3277 ) ;
#4943 = EDGE_CURVE ( 'NONE', #3077, #5198, #3296, .T. ) ;
#4944 = CARTESIAN_POINT ( 'NONE',  ( 136.9776768572590129, -119.8624928209259934, 104.2641190093600017 ) ) ;
#4945 = EDGE_CURVE ( 'NONE', #5400, #2612, #371, .T. ) ;
#4946 = VECTOR ( 'NONE', #2868, 1000.000000000000000 ) ;
#4947 = CARTESIAN_POINT ( 'NONE',  ( 167.3688204052039339, -119.8617629959864956, 107.2648488342984763 ) ) ;
#4948 = VECTOR ( 'NONE', #3152, 1000.000000000000227 ) ;
#4949 = VERTEX_POINT ( 'NONE', #1612 ) ;
#4950 = CARTESIAN_POINT ( 'NONE',  ( 149.4248783421530220, -133.8999999999999773, 95.03499999999840497 ) ) ;
#4951 = EDGE_CURVE ( 'NONE', #3413, #1163, #5049, .T. ) ;
#4952 = CARTESIAN_POINT ( 'NONE',  ( 163.0171133453979735, -129.6529310438299945, 90.88499999999999091 ) ) ;
#4953 = ORIENTED_EDGE ( 'NONE', *, *, #1133, .T. ) ;
#4954 = ORIENTED_EDGE ( 'NONE', *, *, #1507, .F. ) ;
#4955 = CARTESIAN_POINT ( 'NONE',  ( 122.1508943902850035, -120.2420793842459972, 110.7643259181420063 ) ) ;
#4956 = VECTOR ( 'NONE', #4193, 1000.000000000000000 ) ;
#4957 = CLOSED_SHELL ( 'NONE', ( #2758, #683, #200, #991, #935, #5339, #5293 ) ) ;
#4958 = DIRECTION ( 'NONE',  ( -1.181088324069320141E-14, 1.000000000000000000, 0.000000000000000000 ) ) ;
#4959 = DIRECTION ( 'NONE',  ( -0.7071067811865480168, -3.626678297737295579E-15, -0.7071067811865470176 ) ) ;
#4960 = FACE_OUTER_BOUND ( 'NONE', #1575, .T. ) ;
#4961 = DIRECTION ( 'NONE',  ( -1.009293658750141334E-14, 1.000000000000000000, 5.046468293750706671E-15 ) ) ;
#4962 = AXIS2_PLACEMENT_3D ( 'NONE', #4291, #1254, #3869 ) ;
#4963 = VECTOR ( 'NONE', #1838, 999.9999999999998863 ) ;
#4964 = CARTESIAN_POINT ( 'NONE',  ( 128.7532990311311210, -119.4624928209260446, 108.8671752080524726 ) ) ;
#4965 = LINE ( 'NONE', #1959, #5135 ) ;
#4966 = AXIS2_PLACEMENT_3D ( 'NONE', #4659, #758, #1260 ) ;
#4967 = VERTEX_POINT ( 'NONE', #5107 ) ;
#4968 = AXIS2_PLACEMENT_3D ( 'NONE', #3141, #957, #933 ) ;
#4969 = ORIENTED_EDGE ( 'NONE', *, *, #1325, .T. ) ;
#4970 = CIRCLE ( 'NONE', #3888, 2.349999999999754952 ) ;
#4971 = EDGE_LOOP ( 'NONE', ( #4595, #168, #3194, #1017 ) ) ;
#4972 = FACE_OUTER_BOUND ( 'NONE', #4078, .T. ) ;
#4973 = CARTESIAN_POINT ( 'NONE',  ( 168.7171133453939831, -140.4624928209260020, 99.86432591813688475 ) ) ;
#4974 = ORIENTED_EDGE ( 'NONE', *, *, #3560, .F. ) ;
#4975 = ORIENTED_EDGE ( 'NONE', *, *, #5412, .T. ) ;
#4976 = EDGE_CURVE ( 'NONE', #5490, #3855, #1530, .T. ) ;
#4977 = EDGE_LOOP ( 'NONE', ( #3424, #5562, #1302, #575 ) ) ;
#4978 = DIRECTION ( 'NONE',  ( 0.6927882173194008786, 0.7211410998850409371, -5.098984991925321305E-15 ) ) ;
#4979 = CARTESIAN_POINT ( 'NONE',  ( 128.0533783421489886, -130.8094256212499999, 110.7643259181420063 ) ) ;
#4980 = ORIENTED_EDGE ( 'NONE', *, *, #2002, .T. ) ;
#4981 = FACE_OUTER_BOUND ( 'NONE', #562, .T. ) ;
#4982 = EDGE_CURVE ( 'NONE', #2244, #461, #2931, .T. ) ;
#4983 = DIRECTION ( 'NONE',  ( -2.892304216119329995E-14, -5.006432955109490583E-15, -1.000000000000000000 ) ) ;
#4984 = ADVANCED_FACE ( 'NONE', ( #337 ), #1619, .F. ) ;
#4985 = ORIENTED_EDGE ( 'NONE', *, *, #2440, .F. ) ;
#4986 = VERTEX_POINT ( 'NONE', #2991 ) ;
#4987 = DIRECTION ( 'NONE',  ( -1.000000000000000000, -8.760971744054669845E-15, -5.560769522135830567E-16 ) ) ;
#4988 = CARTESIAN_POINT ( 'NONE',  ( 132.4171133453999971, -134.6744623790489754, 91.87466295906980918 ) ) ;
#4989 = EDGE_CURVE ( 'NONE', #5400, #4935, #4580, .T. ) ;
#4990 = PLANE ( 'NONE',  #4334 ) ;
#4991 = EDGE_CURVE ( 'NONE', #552, #3029, #3357, .T. ) ;
#4992 = DIRECTION ( 'NONE',  ( -2.616290610029150035E-15, -1.926745932492350360E-15, -1.000000000000000000 ) ) ;
#4993 = EDGE_CURVE ( 'NONE', #4628, #3890, #5460, .T. ) ;
#4994 = FACE_OUTER_BOUND ( 'NONE', #5260, .T. ) ;
#4995 = CARTESIAN_POINT ( 'NONE',  ( 158.1497566842990068, -130.7500000000000000, 92.80999999999708905 ) ) ;
#4996 = ORIENTED_EDGE ( 'NONE', *, *, #2844, .T. ) ;
#4997 = ORIENTED_EDGE ( 'NONE', *, *, #1857, .T. ) ;
#4998 = DIRECTION ( 'NONE',  ( 0.5927832416538389992, 0.5694769654754709975, -0.5694769654755279520 ) ) ;
#4999 = CARTESIAN_POINT ( 'NONE',  ( 122.7548175178110057, -119.8624928209259934, 107.2641190093600017 ) ) ;
#5000 = VERTEX_POINT ( 'NONE', #1585 ) ;
#5001 = CARTESIAN_POINT ( 'NONE',  ( 122.1508943902850035, -140.0624928209259963, 110.7643259181420063 ) ) ;
#5002 = CARTESIAN_POINT ( 'NONE',  ( 167.3688867170243384, -119.8621279181721349, 107.2644839121128513 ) ) ;
#5003 = EDGE_LOOP ( 'NONE', ( #3639, #853, #5549, #1477 ) ) ;
#5004 = FACE_OUTER_BOUND ( 'NONE', #5382, .T. ) ;
#5005 = DIRECTION ( 'NONE',  ( 1.000000000000000000, 2.018587317500270047E-14, 2.418031965417649952E-14 ) ) ;
#5006 = VERTEX_POINT ( 'NONE', #4196 ) ;
#5007 = CARTESIAN_POINT ( 'NONE',  ( 163.0171133453979735, -132.8249999999999886, 92.80999999999689010 ) ) ;
#5008 = CARTESIAN_POINT ( 'NONE',  ( 124.3687542002400050, -119.8613980543999986, 104.2630242428339926 ) ) ;
#5009 = ADVANCED_FACE ( 'NONE', ( #2102 ), #2515, .T. ) ;
#5010 = DIRECTION ( 'NONE',  ( 1.000000000000000000, 1.569712496704820284E-14, 2.418031965417649952E-14 ) ) ;
#5011 = CARTESIAN_POINT ( 'NONE',  ( 135.1768364872739880, -140.4624928209250072, 103.7997837525840055 ) ) ;
#5012 = APPLICATION_CONTEXT ( 'automotive_design' ) ;
#5013 = EDGE_LOOP ( 'NONE', ( #2763, #4197, #2722, #453 ) ) ;
#5014 = DIRECTION ( 'NONE',  ( 1.000000000000000000, 2.009843820287940185E-15, -3.285583168621639665E-16 ) ) ;
#5015 = FACE_OUTER_BOUND ( 'NONE', #154, .T. ) ;
#5016 = EDGE_CURVE ( 'NONE', #4935, #4486, #2873, .T. ) ;
#5017 = EDGE_CURVE ( 'NONE', #4681, #1617, #2167, .T. ) ;
#5018 = EDGE_LOOP ( 'NONE', ( #485, #1772 ) ) ;
#5019 = ADVANCED_FACE ( 'NONE', ( #4623 ), #829, .F. ) ;
#5020 = CARTESIAN_POINT ( 'NONE',  ( 161.1751431929559999, -136.5250000000000057, 92.80999999999738748 ) ) ;
#5021 = ORIENTED_EDGE ( 'NONE', *, *, #1125, .F. ) ;
#5022 = CARTESIAN_POINT ( 'NONE',  ( 171.1076603330542980, -119.8617629959866946, 107.2648488342984763 ) ) ;
#5023 = CARTESIAN_POINT ( 'NONE',  ( 136.9776768572590129, -119.6624928209260048, 104.0641190093599988 ) ) ;
#5024 = ORIENTED_EDGE ( 'NONE', *, *, #4350, .T. ) ;
#5025 = ORIENTED_EDGE ( 'NONE', *, *, #3035, .F. ) ;
#5026 = AXIS2_PLACEMENT_3D ( 'NONE', #4882, #4116, #5378 ) ;
#5027 = FACE_OUTER_BOUND ( 'NONE', #5450, .T. ) ;
#5028 = DIRECTION ( 'NONE',  ( -1.000000000000000000, -2.009843822508529990E-15, 2.748129594203410252E-15 ) ) ;
#5029 = ORIENTED_EDGE ( 'NONE', *, *, #2431, .T. ) ;
#5030 = DIRECTION ( 'NONE',  ( -1.762258769246287846E-14, 1.000000000000000000, 0.000000000000000000 ) ) ;
#5031 = VECTOR ( 'NONE', #4308, 1000.000000000000000 ) ;
#5032 = CARTESIAN_POINT ( 'NONE',  ( 134.1669525523149957, -141.7950249795680122, 104.4968580767699962 ) ) ;
#5033 = VERTEX_POINT ( 'NONE', #2486 ) ;
#5034 = CARTESIAN_POINT ( 'NONE',  ( 134.2171133453919936, -119.4624928209260020, 103.6640621592530067 ) ) ;
#5035 = CARTESIAN_POINT ( 'NONE',  ( 143.9500000000079751, -125.7500000000000000, 92.80999999999869488 ) ) ;
#5036 = VECTOR ( 'NONE', #5253, 1000.000000000000000 ) ;
#5037 = AXIS2_PLACEMENT_3D ( 'NONE', #5463, #3034, #1196 ) ;
#5038 = DIRECTION ( 'NONE',  ( 4.037174634999905376E-15, -1.049328997390330010E-15, 1.000000000000000000 ) ) ;
#5039 = CARTESIAN_POINT ( 'NONE',  ( 156.7256133453920199, -119.4624928209249930, 100.9728259181419929 ) ) ;
#5040 = AXIS2_PLACEMENT_3D ( 'NONE', #903, #2147, #5247 ) ;
#5041 = ORIENTED_EDGE ( 'NONE', *, *, #3363, .T. ) ;
#5042 = AXIS2_PLACEMENT_3D ( 'NONE', #4249, #1213, #2090 ) ;
#5043 = EDGE_CURVE ( 'NONE', #645, #57, #2713, .T. ) ;
#5044 = DIRECTION ( 'NONE',  ( 9.227827737143710103E-15, -1.000000000000000000, -3.764665582243560057E-16 ) ) ;
#5045 = CIRCLE ( 'NONE', #2987, 2.349999999999754952 ) ;
#5046 = VECTOR ( 'NONE', #837, 1000.000000000000000 ) ;
#5047 = EDGE_LOOP ( 'NONE', ( #3782, #4824, #502, #5266 ) ) ;
#5048 = EDGE_CURVE ( 'NONE', #4180, #2278, #82, .T. ) ;
#5049 = LINE ( 'NONE', #1218, #4038 ) ;
#5050 = ADVANCED_FACE ( 'NONE', ( #1276 ), #397, .T. ) ;
#5051 = AXIS2_PLACEMENT_3D ( 'NONE', #2449, #672, #2397 ) ;
#5052 =( BOUNDED_CURVE ( )  B_SPLINE_CURVE ( 3, ( #1048, #133, #4808, #3995 ),
 .UNSPECIFIED., .F., .T. ) 
 B_SPLINE_CURVE_WITH_KNOTS ( ( 4, 4 ),
 ( 4.809662699127989605, 4.809755008601769966 ),
 .UNSPECIFIED. ) 
 CURVE ( )  GEOMETRIC_REPRESENTATION_ITEM ( )  RATIONAL_B_SPLINE_CURVE ( ( 1.000000000000000000, 0.9999999992899130108, 0.9999999992899130108, 1.000000000000000000 ) ) 
 REPRESENTATION_ITEM ( '' )  );
#5053 = CARTESIAN_POINT ( 'NONE',  ( 163.0171133453979735, -131.8249999999999886, 92.80999999999689010 ) ) ;
#5054 = CARTESIAN_POINT ( 'NONE',  ( 171.1075940212339219, -119.8621279181723480, 107.2644839121128513 ) ) ;
#5055 = EDGE_CURVE ( 'NONE', #893, #5302, #2573, .T. ) ;
#5056 = CARTESIAN_POINT ( 'NONE',  ( 133.7652559971899962, -138.8917266912889943, 110.3643259181420007 ) ) ;
#5057 = VECTOR ( 'NONE', #1476, 1000.000000000000114 ) ;
#5058 = ORIENTED_EDGE ( 'NONE', *, *, #4817, .F. ) ;
#5059 = EDGE_CURVE ( 'NONE', #5494, #4256, #5484, .T. ) ;
#5060 = ORIENTED_EDGE ( 'NONE', *, *, #4045, .F. ) ;
#5061 = AXIS2_PLACEMENT_3D ( 'NONE', #4693, #5534, #1666 ) ;
#5062 = FACE_OUTER_BOUND ( 'NONE', #3254, .T. ) ;
#5063 = FACE_BOUND ( 'NONE', #1943, .T. ) ;
#5064 = CARTESIAN_POINT ( 'NONE',  ( 136.9776768572590129, -119.4624928209260020, 103.8641190093600102 ) ) ;
#5065 = EDGE_LOOP ( 'NONE', ( #52, #4215, #2398, #4124 ) ) ;
#5066 = VECTOR ( 'NONE', #192, 1000.000000000000000 ) ;
#5067 = PLANE ( 'NONE',  #1203 ) ;
#5068 = ORIENTED_EDGE ( 'NONE', *, *, #1715, .T. ) ;
#5069 = DIRECTION ( 'NONE',  ( 0.000000000000000000, -1.973846303234049855E-15, -1.000000000000000000 ) ) ;
#5070 = VECTOR ( 'NONE', #1100, 1000.000000000000000 ) ;
#5071 = CARTESIAN_POINT ( 'NONE',  ( 163.0171133453979735, -127.4860311258736232, 95.15447626912400381 ) ) ;
#5072 = PLANE ( 'NONE',  #3257 ) ;
#5073 = CARTESIAN_POINT ( 'NONE',  ( 163.0171133453979735, -129.9624928209250072, 101.3143259181420035 ) ) ;
#5074 = AXIS2_PLACEMENT_3D ( 'NONE', #5386, #3307, #5030 ) ;
#5075 = LINE ( 'NONE', #2092, #4245 ) ;
#5076 = EDGE_LOOP ( 'NONE', ( #4540, #84, #4201, #3800 ) ) ;
#5077 = CARTESIAN_POINT ( 'NONE',  ( 165.7548070485978542, -119.8623856366147322, 107.2642261936701402 ) ) ;
#5078 = LINE ( 'NONE', #1240, #3245 ) ;
#5079 = DIRECTION ( 'NONE',  ( -1.181088324069438628E-14, 1.000000000000000000, -8.858162430520789633E-14 ) ) ;
#5080 = ORIENTED_EDGE ( 'NONE', *, *, #4437, .T. ) ;
#5081 = DIRECTION ( 'NONE',  ( 1.000000000000000000, 0.000000000000000000, 1.539220716937389985E-14 ) ) ;
#5082 = DIRECTION ( 'NONE',  ( -0.5773502691913521279, -0.5773502691914550455, 0.5773502691860701308 ) ) ;
#5083 = DIRECTION ( 'NONE',  ( -0.7071067811865475727, -0.7071067811865475727, 3.039220737487767899E-15 ) ) ;
#5084 = EDGE_CURVE ( 'NONE', #4549, #2357, #1733, .T. ) ;
#5085 = ORIENTED_EDGE ( 'NONE', *, *, #3743, .F. ) ;
#5086 = VERTEX_POINT ( 'NONE', #3037 ) ;
#5087 = EDGE_CURVE ( 'NONE', #1617, #5528, #3013, .T. ) ;
#5088 = ORIENTED_EDGE ( 'NONE', *, *, #2882, .T. ) ;
#5089 = LINE ( 'NONE', #4202, #5046 ) ;
#5090 = CARTESIAN_POINT ( 'NONE',  ( 125.9448783421490106, -130.8094256212499999, 110.7643259181420063 ) ) ;
#5091 = EDGE_CURVE ( 'NONE', #1167, #4091, #3941, .T. ) ;
#5092 = DIRECTION ( 'NONE',  ( 1.000000000000000000, 1.181088324069422062E-14, -2.371361224627810019E-15 ) ) ;
#5093 = ORIENTED_EDGE ( 'NONE', *, *, #1473, .T. ) ;
#5094 = DIRECTION ( 'NONE',  ( 0.000000000000000000, 2.810542139866970165E-15, -1.000000000000000000 ) ) ;
#5095 = DIRECTION ( 'NONE',  ( -1.181088324069320141E-14, 1.000000000000000000, 0.000000000000000000 ) ) ;
#5096 = EDGE_CURVE ( 'NONE', #4299, #1792, #2186, .T. ) ;
#5097 = ORIENTED_EDGE ( 'NONE', *, *, #749, .T. ) ;
#5098 = DIRECTION ( 'NONE',  ( -0.7071067811863140928, 0.7071067811867810526, 1.987353405911204966E-15 ) ) ;
#5099 = DIRECTION ( 'NONE',  ( 1.000000000000000000, -2.193949859403644913E-28, -2.371361224626694964E-15 ) ) ;
#5100 = DIRECTION ( 'NONE',  ( -8.742289393080240347E-15, 1.000000000000000000, -1.611608585131940061E-13 ) ) ;
#5101 = DIRECTION ( 'NONE',  ( 1.000000000000000000, 0.000000000000000000, 0.000000000000000000 ) ) ;
#5102 = ORIENTED_EDGE ( 'NONE', *, *, #475, .F. ) ;
#5103 = CARTESIAN_POINT ( 'NONE',  ( 159.8171133454000028, -119.4624928209249930, 99.46432591814199498 ) ) ;
#5104 = CARTESIAN_POINT ( 'NONE',  ( 160.9671133453899756, -140.4624928209260020, 110.3643259181420007 ) ) ;
#5105 = DIRECTION ( 'NONE',  ( 1.000000000000000000, 1.181088324069418118E-14, -2.371361224627780042E-15 ) ) ;
#5106 = VERTEX_POINT ( 'NONE', #2234 ) ;
#5107 = CARTESIAN_POINT ( 'NONE',  ( 156.5497566843010304, -129.6750000000000114, 92.80999999999698957 ) ) ;
#5108 = CARTESIAN_POINT ( 'NONE',  ( 143.4400000000080126, -134.1749999999999829, 92.80999999999869488 ) ) ;
#5109 = CARTESIAN_POINT ( 'NONE',  ( 147.6948783421489964, -130.7594256212510118, 110.5643259181420035 ) ) ;
#5110 = ORIENTED_EDGE ( 'NONE', *, *, #3085, .T. ) ;
#5111 = ORIENTED_EDGE ( 'NONE', *, *, #2675, .F. ) ;
#5112 = EDGE_CURVE ( 'NONE', #2140, #68, #3489, .T. ) ;
#5113 = DIRECTION ( 'NONE',  ( 1.000000000000000000, 2.009843822508529990E-15, -2.616290610029150035E-15 ) ) ;
#5114 = CARTESIAN_POINT ( 'NONE',  ( 126.2382403691280075, -119.5222499092810153, 105.0811190093599947 ) ) ;
#5115 = AXIS2_PLACEMENT_3D ( 'NONE', #5124, #869, #3426 ) ;
#5116 = DIRECTION ( 'NONE',  ( 1.000000000000000000, 0.000000000000000000, 0.000000000000000000 ) ) ;
#5117 = ORIENTED_EDGE ( 'NONE', *, *, #3735, .F. ) ;
#5118 = DIRECTION ( 'NONE',  ( -4.213016515686880724E-15, 0.000000000000000000, -1.000000000000000000 ) ) ;
#5119 = EDGE_CURVE ( 'NONE', #3662, #1159, #5318, .T. ) ;
#5120 = DIRECTION ( 'NONE',  ( 0.000000000000000000, -1.000000000000000000, -4.625929269271481378E-15 ) ) ;
#5121 = ORIENTED_EDGE ( 'NONE', *, *, #4564, .T. ) ;
#5122 = VECTOR ( 'NONE', #1368, 1000.000000000000000 ) ;
#5123 = ADVANCED_FACE ( 'NONE', ( #944 ), #3973, .F. ) ;
#5124 = CARTESIAN_POINT ( 'NONE',  ( 134.2171133453919936, -140.0624928209230120, 103.6640621592530067 ) ) ;
#5125 = ADVANCED_FACE ( 'NONE', ( #1411 ), #109, .F. ) ;
#5126 = VECTOR ( 'NONE', #2464, 1000.000000000000000 ) ;
#5127 = CARTESIAN_POINT ( 'NONE',  ( 149.7948783421489907, -130.7594256212510118, 100.7643259181420063 ) ) ;
#5128 = FACE_OUTER_BOUND ( 'NONE', #1189, .T. ) ;
#5129 = EDGE_CURVE ( 'NONE', #2329, #2473, #5169, .T. ) ;
#5130 = ORIENTED_EDGE ( 'NONE', *, *, #5541, .T. ) ;
#5131 = FACE_OUTER_BOUND ( 'NONE', #4009, .T. ) ;
#5132 = VECTOR ( 'NONE', #2458, 1000.000000000000114 ) ;
#5133 = CIRCLE ( 'NONE', #2250, 2.349999999999741185 ) ;
#5134 = DIRECTION ( 'NONE',  ( -1.000000000000000000, -2.009843822507189716E-15, 6.867912022876659601E-13 ) ) ;
#5135 = VECTOR ( 'NONE', #767, 1000.000000000000000 ) ;
#5136 = AXIS2_PLACEMENT_3D ( 'NONE', #653, #3686, #281 ) ;
#5137 = ORIENTED_EDGE ( 'NONE', *, *, #1267, .F. ) ;
#5138 = CARTESIAN_POINT ( 'NONE',  ( 137.8171133454100072, -134.1749999999999829, 92.80999999999889383 ) ) ;
#5139 = FACE_OUTER_BOUND ( 'NONE', #2388, .T. ) ;
#5140 = PLANE ( 'NONE',  #2344 ) ;
#5141 = AXIS2_PLACEMENT_3D ( 'NONE', #425, #1656, #5551 ) ;
#5142 = EDGE_CURVE ( 'NONE', #978, #3055, #4812, .T. ) ;
#5143 = ORIENTED_EDGE ( 'NONE', *, *, #263, .F. ) ;
#5144 = AXIS2_PLACEMENT_3D ( 'NONE', #4300, #3379, #1239 ) ;
#5145 = VERTEX_POINT ( 'NONE', #1814 ) ;
#5146 = DIRECTION ( 'NONE',  ( -2.616290610029150035E-15, 0.000000000000000000, -1.000000000000000000 ) ) ;
#5147 = CARTESIAN_POINT ( 'NONE',  ( 163.0171133453999914, -130.0529310438300001, 92.19702761925680079 ) ) ;
#5148 = AXIS2_PLACEMENT_3D ( 'NONE', #5283, #4813, #1412 ) ;
#5149 = DIRECTION ( 'NONE',  ( -1.000000000000000000, -2.009843820287940185E-15, 3.673940376433480102E-16 ) ) ;
#5150 = VERTEX_POINT ( 'NONE', #4306 ) ;
#5151 = CARTESIAN_POINT ( 'NONE',  ( 174.8171132998469943, -140.4624928209260020, 98.00716295908050313 ) ) ;
#5152 = EDGE_LOOP ( 'NONE', ( #2419, #4677, #2892, #5523 ) ) ;
#5153 = VECTOR ( 'NONE', #1457, 1000.000000000000000 ) ;
#5154 = DIRECTION ( 'NONE',  ( -2.371361224627529973E-15, -1.926745932492360221E-15, -1.000000000000000000 ) ) ;
#5155 = VECTOR ( 'NONE', #2777, 1000.000000000000000 ) ;
#5156 = FACE_OUTER_BOUND ( 'NONE', #2678, .T. ) ;
#5157 = VERTEX_POINT ( 'NONE', #3522 ) ;
#5158 = EDGE_CURVE ( 'NONE', #3077, #1971, #1785, .T. ) ;
#5159 = ORIENTED_EDGE ( 'NONE', *, *, #3218, .T. ) ;
#5160 = DIRECTION ( 'NONE',  ( 2.418031965417649952E-14, 2.810542139867140164E-15, -1.000000000000000000 ) ) ;
#5161 = CARTESIAN_POINT ( 'NONE',  ( 173.2833321446829871, -140.0624928209259963, 110.7643259181420063 ) ) ;
#5162 = EDGE_CURVE ( 'NONE', #4480, #893, #3288, .T. ) ;
#5163 = CARTESIAN_POINT ( 'NONE',  ( 156.5497566843010304, -127.3249999999999886, 92.80999999999698957 ) ) ;
#5164 = VECTOR ( 'NONE', #2005, 1000.000000000000000 ) ;
#5165 = ADVANCED_FACE ( 'NONE', ( #5282 ), #31, .T. ) ;
#5166 = DIRECTION ( 'NONE',  ( -1.000000000000000000, 1.025519170975269938E-29, 2.371361274187880032E-15 ) ) ;
#5167 = DIRECTION ( 'NONE',  ( -0.8583333333332552328, -0.5130924759622020881, -2.473004359561900728E-15 ) ) ;
#5168 = ORIENTED_EDGE ( 'NONE', *, *, #434, .T. ) ;
#5169 = LINE ( 'NONE', #2702, #4675 ) ;
#5170 = CARTESIAN_POINT ( 'NONE',  ( 163.0171133453989682, -134.9312241731069832, 95.03499999999870340 ) ) ;
#5171 = FACE_OUTER_BOUND ( 'NONE', #3641, .T. ) ;
#5172 = ORIENTED_EDGE ( 'NONE', *, *, #5369, .F. ) ;
#5173 = VERTEX_POINT ( 'NONE', #2654 ) ;
#5174 = FACE_OUTER_BOUND ( 'NONE', #1862, .T. ) ;
#5175 = DIRECTION ( 'NONE',  ( -2.418031965417909960E-14, 1.611608585131940061E-13, 1.000000000000000000 ) ) ;
#5176 = LINE ( 'NONE', #1796, #3322 ) ;
#5177 = DIRECTION ( 'NONE',  ( -2.371361253508410078E-15, -1.926745932492350360E-15, -1.000000000000000000 ) ) ;
#5178 = VERTEX_POINT ( 'NONE', #998 ) ;
#5179 = EDGE_LOOP ( 'NONE', ( #3173, #2725, #4653, #2081 ) ) ;
#5180 = PLANE ( 'NONE',  #2679 ) ;
#5181 = DIRECTION ( 'NONE',  ( 1.000000000000000000, 0.000000000000000000, 0.000000000000000000 ) ) ;
#5182 = PLANE ( 'NONE',  #355 ) ;
#5183 = ORIENTED_EDGE ( 'NONE', *, *, #1059, .T. ) ;
#5184 = LINE ( 'NONE', #361, #1183 ) ;
#5185 = CARTESIAN_POINT ( 'NONE',  ( 169.2382403691290165, -119.5222499092810153, 104.2641190093600017 ) ) ;
#5186 = CARTESIAN_POINT ( 'NONE',  ( 131.2795827862140072, -133.5369318198630140, 96.06432591814069610 ) ) ;
#5187 = LINE ( 'NONE', #5486, #5314 ) ;
#5188 = FACE_OUTER_BOUND ( 'NONE', #603, .T. ) ;
#5189 = CARTESIAN_POINT ( 'NONE',  ( 170.7373004235740268, -119.4624928209260020, 103.8641190093600102 ) ) ;
#5190 = VERTEX_POINT ( 'NONE', #510 ) ;
#5191 = CARTESIAN_POINT ( 'NONE',  ( 171.1077265380160100, -119.8613980543999986, 104.2630242428339926 ) ) ;
#5192 = EDGE_CURVE ( 'NONE', #728, #3029, #3056, .T. ) ;
#5193 = DIRECTION ( 'NONE',  ( -1.762258769246287846E-14, 1.000000000000000000, 0.000000000000000000 ) ) ;
#5194 =( BOUNDED_CURVE ( )  B_SPLINE_CURVE ( 3, ( #695, #322, #2919, #3872 ),
 .UNSPECIFIED., .F., .T. ) 
 B_SPLINE_CURVE_WITH_KNOTS ( ( 4, 4 ),
 ( 1.038919079701046133, 1.071758122566565996 ),
 .UNSPECIFIED. ) 
 CURVE ( )  GEOMETRIC_REPRESENTATION_ITEM ( )  RATIONAL_B_SPLINE_CURVE ( ( 1.000000000000000000, 0.9999101351243030456, 0.9999101351243030456, 1.000000000000000000 ) ) 
 REPRESENTATION_ITEM ( '' )  );
#5195 = CARTESIAN_POINT ( 'NONE',  ( 156.5497566843020252, -124.5750000000000028, 92.80999999999680483 ) ) ;
#5196 = ADVANCED_FACE ( 'NONE', ( #2674 ), #4390, .T. ) ;
#5197 = EDGE_CURVE ( 'NONE', #2612, #1887, #3590, .T. ) ;
#5198 = VERTEX_POINT ( 'NONE', #1958 ) ;
#5199 = ORIENTED_EDGE ( 'NONE', *, *, #147, .F. ) ;
#5200 = LINE ( 'NONE', #3556, #3 ) ;
#5201 = CARTESIAN_POINT ( 'NONE',  ( 129.7216841539271002, -119.8622784518218509, 107.2643333784632205 ) ) ;
#5202 = CARTESIAN_POINT ( 'NONE',  ( 143.9500000000079751, -124.3500000000019980, 93.59749282092340650 ) ) ;
#5203 = ORIENTED_EDGE ( 'NONE', *, *, #1369, .T. ) ;
#5204 = ORIENTED_EDGE ( 'NONE', *, *, #2882, .F. ) ;
#5205 = LINE ( 'NONE', #476, #4856 ) ;
#5206 = PLANE ( 'NONE',  #1561 ) ;
#5207 = VECTOR ( 'NONE', #1483, 1000.000000000000000 ) ;
#5208 = ORIENTED_EDGE ( 'NONE', *, *, #233, .T. ) ;
#5209 = DIRECTION ( 'NONE',  ( 2.748129594203390530E-15, 4.430635266668070654E-15, 1.000000000000000000 ) ) ;
#5210 = CARTESIAN_POINT ( 'NONE',  ( 137.4171133454100016, -134.1749999999999829, 92.80999999999889383 ) ) ;
#5211 = DIRECTION ( 'NONE',  ( 0.000000000000000000, -0.06852388335049711121, 0.9976494762242735792 ) ) ;
#5212 = VECTOR ( 'NONE', #4146, 1000.000000000000000 ) ;
#5213 = FACE_OUTER_BOUND ( 'NONE', #3178, .T. ) ;
#5214 = DIRECTION ( 'NONE',  ( 1.000000000000000000, 0.000000000000000000, -7.382857716948579760E-16 ) ) ;
#5215 = DIRECTION ( 'NONE',  ( 1.000000000000000000, 0.000000000000000000, 0.000000000000000000 ) ) ;
#5216 = ORIENTED_EDGE ( 'NONE', *, *, #118, .T. ) ;
#5217 = CIRCLE ( 'NONE', #5409, 14.00026402016988847 ) ;
#5218 = AXIS2_PLACEMENT_3D ( 'NONE', #430, #518, #3535 ) ;
#5219 = CARTESIAN_POINT ( 'NONE',  ( 171.1075276025620155, -119.8624928209249987, 104.2641190093600017 ) ) ;
#5220 = LINE ( 'NONE', #3919, #4149 ) ;
#5221 = CARTESIAN_POINT ( 'NONE',  ( 134.2725970286043946, -139.1695996021125836, 109.0572180058413920 ) ) ;
#5222 = VECTOR ( 'NONE', #5429, 1000.000000000000000 ) ;
#5223 = VECTOR ( 'NONE', #4992, 1000.000000000000000 ) ;
#5224 = EDGE_CURVE ( 'NONE', #2443, #542, #2320, .T. ) ;
#5225 = ORIENTED_EDGE ( 'NONE', *, *, #3695, .T. ) ;
#5226 = EDGE_CURVE ( 'NONE', #4920, #1920, #4059, .T. ) ;
#5227 = EDGE_LOOP ( 'NONE', ( #2132, #1443, #1899, #5417, #3192 ) ) ;
#5228 = AXIS2_PLACEMENT_3D ( 'NONE', #4475, #1438, #2842 ) ;
#5229 = VECTOR ( 'NONE', #3080, 1000.000000000000000 ) ;
#5230 = EDGE_CURVE ( 'NONE', #499, #3927, #3212, .T. ) ;
#5231 = DIRECTION ( 'NONE',  ( 0.000000000000000000, 1.973846303234049855E-15, 1.000000000000000000 ) ) ;
#5232 = CARTESIAN_POINT ( 'NONE',  ( 132.4171133454029814, -134.6744623790540061, 89.48499999999999943 ) ) ;
#5233 = EDGE_CURVE ( 'NONE', #5006, #494, #2403, .T. ) ;
#5234 = VECTOR ( 'NONE', #1484, 1000.000000000000000 ) ;
#5235 = CARTESIAN_POINT ( 'NONE',  ( 169.4448783421489964, -130.8094256212499999, 110.5643259181420035 ) ) ;
#5236 = AXIS2_PLACEMENT_3D ( 'NONE', #3107, #5231, #975 ) ;
#5237 = ORIENTED_EDGE ( 'NONE', *, *, #2838, .T. ) ;
#5238 = EDGE_CURVE ( 'NONE', #1872, #1249, #1136, .T. ) ;
#5239 = ORIENTED_EDGE ( 'NONE', *, *, #4934, .T. ) ;
#5240 = ORIENTED_EDGE ( 'NONE', *, *, #883, .F. ) ;
#5241 = AXIS2_PLACEMENT_3D ( 'NONE', #5276, #1405, #3065 ) ;
#5242 = FILL_AREA_STYLE_COLOUR ( '', #2154 ) ;
#5243 = LINE ( 'NONE', #3481, #741 ) ;
#5244 = DIRECTION ( 'NONE',  ( 1.000000000000000000, 0.000000000000000000, 0.000000000000000000 ) ) ;
#5245 = VECTOR ( 'NONE', #29, 1000.000000000000114 ) ;
#5246 = ORIENTED_EDGE ( 'NONE', *, *, #5197, .F. ) ;
#5247 = DIRECTION ( 'NONE',  ( -1.887379142593809830E-15, 1.000000000000000000, 0.000000000000000000 ) ) ;
#5248 = VECTOR ( 'NONE', #3516, 1000.000000000000000 ) ;
#5249 = CARTESIAN_POINT ( 'NONE',  ( 127.7373004235730036, -119.4624928209260020, 107.6641190093600073 ) ) ;
#5250 = DIRECTION ( 'NONE',  ( 3.673940376433450027E-16, 1.973846303234049855E-15, 1.000000000000000000 ) ) ;
#5251 = DIRECTION ( 'NONE',  ( 2.418031965417660049E-14, -5.006432955109490583E-15, -1.000000000000000000 ) ) ;
#5252 = EDGE_LOOP ( 'NONE', ( #2323, #4733, #1286, #2841 ) ) ;
#5253 = DIRECTION ( 'NONE',  ( -1.000000000000000000, -2.009843820287940185E-15, 3.285583168621639665E-16 ) ) ;
#5254 = DIRECTION ( 'NONE',  ( 1.000000000000000000, -7.120326166349700838E-29, 1.539220716937389985E-14 ) ) ;
#5255 = CYLINDRICAL_SURFACE ( 'NONE', #4671, 1.708500000000001684 ) ;
#5256 = CIRCLE ( 'NONE', #5443, 3.000000000000002665 ) ;
#5257 = VERTEX_POINT ( 'NONE', #1558 ) ;
#5258 = ORIENTED_EDGE ( 'NONE', *, *, #2740, .T. ) ;
#5259 = VECTOR ( 'NONE', #47, 1000.000000000000000 ) ;
#5260 = EDGE_LOOP ( 'NONE', ( #4974, #3986, #3078, #2658, #2747 ) ) ;
#5261 = EDGE_CURVE ( 'NONE', #756, #2335, #1497, .T. ) ;
#5262 = DIRECTION ( 'NONE',  ( 5.220468756188232617E-16, 0.7071067811865819897, 0.7071067811865130448 ) ) ;
#5263 = DIRECTION ( 'NONE',  ( -0.5488750411663482209, -0.5910736794954981610, 0.5910736794954523088 ) ) ;
#5264 = CARTESIAN_POINT ( 'NONE',  ( 163.0171133453979735, -131.8249999999999886, 89.88500000000000512 ) ) ;
#5265 = ORIENTED_EDGE ( 'NONE', *, *, #1573, .T. ) ;
#5266 = ORIENTED_EDGE ( 'NONE', *, *, #2149, .T. ) ;
#5267 = VERTEX_POINT ( 'NONE', #4927 ) ;
#5268 = EDGE_CURVE ( 'NONE', #3046, #1261, #593, .T. ) ;
#5269 = FACE_OUTER_BOUND ( 'NONE', #3457, .T. ) ;
#5270 = EDGE_CURVE ( 'NONE', #947, #4529, #2294, .T. ) ;
#5271 = DIRECTION ( 'NONE',  ( -1.000000000000000000, -1.569712496704820284E-14, -2.418031965417649952E-14 ) ) ;
#5272 = EDGE_LOOP ( 'NONE', ( #2834, #5570 ) ) ;
#5273 = CARTESIAN_POINT ( 'NONE',  ( 130.1377302020020181, -119.4624928209260020, 107.6641190093600073 ) ) ;
#5274 = EDGE_CURVE ( 'NONE', #2008, #602, #4471, .T. ) ;
#5275 = EDGE_LOOP ( 'NONE', ( #2416, #189, #4545, #3145 ) ) ;
#5276 = CARTESIAN_POINT ( 'NONE',  ( 163.0171133453979735, -131.8249999999999886, 89.88500000000000512 ) ) ;
#5277 = CARTESIAN_POINT ( 'NONE',  ( 161.2171130401620189, -140.2624928209240238, 103.6640618979689918 ) ) ;
#5278 = LINE ( 'NONE', #2343, #655 ) ;
#5279 = CARTESIAN_POINT ( 'NONE',  ( 129.3159429339690121, -119.4624928209260020, 109.7643247870279879 ) ) ;
#5280 = CARTESIAN_POINT ( 'NONE',  ( 160.9671133453899756, -140.0624928209259963, 110.7643259181420063 ) ) ;
#5281 = EDGE_LOOP ( 'NONE', ( #2045, #2718 ) ) ;
#5282 = FACE_OUTER_BOUND ( 'NONE', #2918, .T. ) ;
#5283 = CARTESIAN_POINT ( 'NONE',  ( 163.0171133453979735, -127.3249999999999886, 92.80999999999720274 ) ) ;
#5284 = DIRECTION ( 'NONE',  ( -1.000000000000000000, 0.000000000000000000, -1.093156066491360037E-14 ) ) ;
#5285 = VERTEX_POINT ( 'NONE', #656 ) ;
#5286 = ORIENTED_EDGE ( 'NONE', *, *, #1227, .T. ) ;
#5287 = CARTESIAN_POINT ( 'NONE',  ( 151.4497566842990182, -135.2563512425030012, 95.03499999999849024 ) ) ;
#5288 = ORIENTED_EDGE ( 'NONE', *, *, #1654, .T. ) ;
#5289 = FACE_OUTER_BOUND ( 'NONE', #5152, .T. ) ;
#5290 = CARTESIAN_POINT ( 'NONE',  ( 157.1497566842990068, -127.4860311258736232, 95.15447626912400381 ) ) ;
#5291 = DIRECTION ( 'NONE',  ( 0.7071067811864880648, -0.7071067811866069697, 1.863277054492750126E-15 ) ) ;
#5292 = ORIENTED_EDGE ( 'NONE', *, *, #2916, .T. ) ;
#5293 = ADVANCED_FACE ( 'NONE', ( #1523 ), #2819, .F. ) ;
#5294 = VERTEX_POINT ( 'NONE', #2731 ) ;
#5295 = CARTESIAN_POINT ( 'NONE',  ( 158.4776768572600076, -119.4624928209249930, 103.8641190093600102 ) ) ;
#5296 = CYLINDRICAL_SURFACE ( 'NONE', #4604, 1.574999999999993072 ) ;
#5297 = VERTEX_POINT ( 'NONE', #4899 ) ;
#5298 = CARTESIAN_POINT ( 'NONE',  ( 160.7971823227150026, -135.4887473078659923, 92.52249999999820318 ) ) ;
#5299 = EDGE_CURVE ( 'NONE', #5190, #835, #3157, .T. ) ;
#5300 = ADVANCED_FACE ( 'NONE', ( #4450 ), #137, .T. ) ;
#5301 = ORIENTED_EDGE ( 'NONE', *, *, #1198, .T. ) ;
#5302 = VERTEX_POINT ( 'NONE', #3689 ) ;
#5303 = PLANE ( 'NONE',  #4864 ) ;
#5304 = CARTESIAN_POINT ( 'NONE',  ( 173.5099505764860339, -119.4624928209260020, 110.3643259181420007 ) ) ;
#5305 = ADVANCED_FACE ( 'NONE', ( #2350 ), #2613, .T. ) ;
#5306 = CARTESIAN_POINT ( 'NONE',  ( 125.9448783421490106, -130.8094256212499999, 110.5643259181420035 ) ) ;
#5307 = CONICAL_SURFACE ( 'NONE', #428, 2.549999999999996714, 0.7853981633974490562 ) ;
#5308 = CARTESIAN_POINT ( 'NONE',  ( 163.0171133453979735, -129.6529310438289997, 92.50559738161399537 ) ) ;
#5309 = ORIENTED_EDGE ( 'NONE', *, *, #4262, .T. ) ;
#5310 = DIRECTION ( 'NONE',  ( -0.9999811604344926996, 0.000000000000000000, 0.006138304007262039737 ) ) ;
#5311 = VECTOR ( 'NONE', #950, 1000.000000000000000 ) ;
#5312 = DIRECTION ( 'NONE',  ( 0.3893397349944759944, -0.6513119723889919666, -0.6513119723889559953 ) ) ;
#5313 = CARTESIAN_POINT ( 'NONE',  ( 163.0171133453989682, -131.4249999999999829, 92.80999999999670536 ) ) ;
#5314 = VECTOR ( 'NONE', #1322, 1000.000000000000114 ) ;
#5315 = ORIENTED_EDGE ( 'NONE', *, *, #5096, .T. ) ;
#5316 = ORIENTED_EDGE ( 'NONE', *, *, #4798, .F. ) ;
#5317 = VERTEX_POINT ( 'NONE', #1470 ) ;
#5318 = CIRCLE ( 'NONE', #2429, 1.700000000000007061 ) ;
#5319 = PLANE ( 'NONE',  #88 ) ;
#5320 = LINE ( 'NONE', #600, #1984 ) ;
#5321 = CARTESIAN_POINT ( 'NONE',  ( 124.7391803146820024, -119.4624928209260020, 103.8641190093600102 ) ) ;
#5322 = ORIENTED_EDGE ( 'NONE', *, *, #5453, .T. ) ;
#5323 = VERTEX_POINT ( 'NONE', #3272 ) ;
#5324 = AXIS2_PLACEMENT_3D ( 'NONE', #3607, #619, #5310 ) ;
#5325 = VECTOR ( 'NONE', #2980, 1000.000000000000000 ) ;
#5326 = ORIENTED_EDGE ( 'NONE', *, *, #781, .F. ) ;
#5327 = CARTESIAN_POINT ( 'NONE',  ( 125.9448783421490106, -130.8094256212499999, 107.7643259181420063 ) ) ;
#5328 = VECTOR ( 'NONE', #4506, 999.9999999999998863 ) ;
#5329 = AXIS2_PLACEMENT_3D ( 'NONE', #2054, #3374, #2923 ) ;
#5330 = CARTESIAN_POINT ( 'NONE',  ( 146.7600000000069826, -124.7500000000020037, 96.38500000000000512 ) ) ;
#5331 = ORIENTED_EDGE ( 'NONE', *, *, #4043, .F. ) ;
#5332 = FACE_OUTER_BOUND ( 'NONE', #2666, .T. ) ;
#5333 = VERTEX_POINT ( 'NONE', #1868 ) ;
#5334 = ORIENTED_EDGE ( 'NONE', *, *, #3695, .F. ) ;
#5335 = CARTESIAN_POINT ( 'NONE',  ( 132.4171133454029814, -130.3438512425049964, 92.80999999999689010 ) ) ;
#5336 = SURFACE_SIDE_STYLE ('',( #220 ) ) ;
#5337 = DIRECTION ( 'NONE',  ( 1.000000000000000000, 1.181088324069312095E-14, 2.418031965417649952E-14 ) ) ;
#5338 = PLANE ( 'NONE',  #2778 ) ;
#5339 = ADVANCED_FACE ( 'NONE', ( #4994 ), #3187, .F. ) ;
#5340 = CIRCLE ( 'NONE', #4868, 2.350000000000004974 ) ;
#5341 = DIRECTION ( 'NONE',  ( -1.000000000000000000, -8.946782286856180428E-15, 2.371361253508400217E-15 ) ) ;
#5342 = UNCERTAINTY_MEASURE_WITH_UNIT (LENGTH_MEASURE( 1.000000000000000082E-05 ), #4922, 'distance_accuracy_value', 'NONE');
#5343 = EDGE_CURVE ( 'NONE', #304, #5000, #766, .T. ) ;
#5344 = DIRECTION ( 'NONE',  ( -1.000000000000000000, 0.000000000000000000, 0.000000000000000000 ) ) ;
#5345 = CIRCLE ( 'NONE', #3437, 1.349999999999740297 ) ;
#5346 = CARTESIAN_POINT ( 'NONE',  ( 151.4497566842990182, -136.9500000000019782, 91.16000399051189618 ) ) ;
#5347 = EDGE_CURVE ( 'NONE', #1586, #2335, #3828, .T. ) ;
#5348 = EDGE_LOOP ( 'NONE', ( #1504, #1950, #3466, #2724 ) ) ;
#5349 = ORIENTED_EDGE ( 'NONE', *, *, #3942, .T. ) ;
#5350 = CARTESIAN_POINT ( 'NONE',  ( 128.2948783421489907, -130.8094256212499999, 105.2643259181419921 ) ) ;
#5351 = ORIENTED_EDGE ( 'NONE', *, *, #5017, .F. ) ;
#5352 = COLOUR_RGB ( '',0.1882352941176470562, 0.2313725490196078538, 0.5882352941176470784 ) ;
#5353 = ORIENTED_EDGE ( 'NONE', *, *, #3118, .F. ) ;
#5354 = CYLINDRICAL_SURFACE ( 'NONE', #5402, 3.000000000000002665 ) ;
#5355 = CARTESIAN_POINT ( 'NONE',  ( 162.0171133453979735, -130.2014655219149972, 90.88499999999999091 ) ) ;
#5356 = EDGE_LOOP ( 'NONE', ( #1515, #868, #5093, #2325 ) ) ;
#5357 = FACE_OUTER_BOUND ( 'NONE', #2300, .T. ) ;
#5358 = CARTESIAN_POINT ( 'NONE',  ( 163.0171133453979735, -124.7124928209250072, 99.46432591814090074 ) ) ;
#5359 = EDGE_LOOP ( 'NONE', ( #4416, #1765, #948, #1214 ) ) ;
#5360 = CARTESIAN_POINT ( 'NONE',  ( 158.4776768572600076, -119.4624928209249930, 107.6641190093600073 ) ) ;
#5361 = DIRECTION ( 'NONE',  ( 2.371361253508419939E-15, -2.810542046950450046E-15, 1.000000000000000000 ) ) ;
#5362 = ORIENTED_EDGE ( 'NONE', *, *, #3603, .F. ) ;
#5363 = ORIENTED_EDGE ( 'NONE', *, *, #3156, .T. ) ;
#5364 = LINE ( 'NONE', #3207, #460 ) ;
#5365 = CARTESIAN_POINT ( 'NONE',  ( 156.5497566843010304, -134.1749999999999829, 92.80999999999698957 ) ) ;
#5366 = CARTESIAN_POINT ( 'NONE',  ( 161.2171130401620189, -119.4624928209260020, 103.6640618979689918 ) ) ;
#5367 = FACE_OUTER_BOUND ( 'NONE', #5537, .T. ) ;
#5368 = DIRECTION ( 'NONE',  ( 0.7071051648534991685, -0.7071050670378560277, -0.002170255029934170000 ) ) ;
#5369 = EDGE_CURVE ( 'NONE', #2019, #1637, #822, .T. ) ;
#5370 = CARTESIAN_POINT ( 'NONE',  ( 143.4400000000080126, -128.8999999999999773, 92.80999999999879435 ) ) ;
#5371 = LINE ( 'NONE', #2754, #265 ) ;
#5372 = ORIENTED_EDGE ( 'NONE', *, *, #3428, .T. ) ;
#5373 = DIRECTION ( 'NONE',  ( -1.887379142593799970E-15, 1.000000000000000000, 2.810542046950480022E-15 ) ) ;
#5374 = EDGE_CURVE ( 'NONE', #1261, #2074, #2095, .T. ) ;
#5375 = VERTEX_POINT ( 'NONE', #2543 ) ;
#5376 = EDGE_CURVE ( 'NONE', #4796, #3581, #41, .T. ) ;
#5377 = ORIENTED_EDGE ( 'NONE', *, *, #3118, .T. ) ;
#5378 = DIRECTION ( 'NONE',  ( -0.9999811604344926996, -5.947511295566676698E-15, 0.006138304007261701466 ) ) ;
#5379 = EDGE_CURVE ( 'NONE', #57, #2185, #2039, .T. ) ;
#5380 = LINE ( 'NONE', #2359, #2963 ) ;
#5381 = ORIENTED_EDGE ( 'NONE', *, *, #2944, .T. ) ;
#5382 = EDGE_LOOP ( 'NONE', ( #860, #3215, #1222, #1847 ) ) ;
#5383 = EDGE_LOOP ( 'NONE', ( #2491, #4396 ) ) ;
#5384 = DIRECTION ( 'NONE',  ( 1.000000000000000000, 0.000000000000000000, 0.000000000000000000 ) ) ;
#5385 = ORIENTED_EDGE ( 'NONE', *, *, #504, .T. ) ;
#5386 = CARTESIAN_POINT ( 'NONE',  ( 143.9500000000079751, -134.1749999999999829, 92.80999999999869488 ) ) ;
#5387 = CARTESIAN_POINT ( 'NONE',  ( 156.5497566843020252, -130.0529310438300001, 89.48499999999999943 ) ) ;
#5388 = ORIENTED_EDGE ( 'NONE', *, *, #226, .F. ) ;
#5389 = EDGE_LOOP ( 'NONE', ( #3110, #574, #2646, #2905 ) ) ;
#5390 = CYLINDRICAL_SURFACE ( 'NONE', #826, 0.9999999999999973355 ) ;
#5391 = CARTESIAN_POINT ( 'NONE',  ( 160.1768364872739880, -140.0624928209250015, 103.7997837525840055 ) ) ;
#5392 = CARTESIAN_POINT ( 'NONE',  ( 128.9747081159343907, -119.4624928209260020, 109.0572180058413920 ) ) ;
#5393 = DIRECTION ( 'NONE',  ( 1.000000000000000000, 0.000000000000000000, 1.539220716937389985E-14 ) ) ;
#5394 = CARTESIAN_POINT ( 'NONE',  ( 122.7547861250079961, -119.8621712665460137, 107.2644405637399956 ) ) ;
#5395 = CARTESIAN_POINT ( 'NONE',  ( 128.9747081159343907, -119.4624928209260020, 109.0572180058413920 ) ) ;
#5396 = DIRECTION ( 'NONE',  ( 2.371361224627529973E-15, 1.926745932492360221E-15, 1.000000000000000000 ) ) ;
#5397 = EDGE_CURVE ( 'NONE', #2278, #4433, #2015, .T. ) ;
#5398 = ORIENTED_EDGE ( 'NONE', *, *, #3503, .T. ) ;
#5399 = ORIENTED_EDGE ( 'NONE', *, *, #5224, .F. ) ;
#5400 = VERTEX_POINT ( 'NONE', #3802 ) ;
#5401 = DIRECTION ( 'NONE',  ( 2.371361224627780042E-15, -2.546555719551769795E-14, 1.000000000000000000 ) ) ;
#5402 = AXIS2_PLACEMENT_3D ( 'NONE', #5437, #4481, #1965 ) ;
#5403 = EDGE_CURVE ( 'NONE', #44, #3662, #3721, .T. ) ;
#5404 = ADVANCED_FACE ( 'NONE', ( #2122 ), #1215, .F. ) ;
#5405 = LINE ( 'NONE', #1941, #3500 ) ;
#5406 = ORIENTED_EDGE ( 'NONE', *, *, #2706, .F. ) ;
#5407 = EDGE_CURVE ( 'NONE', #5528, #4368, #1638, .T. ) ;
#5408 = ORIENTED_EDGE ( 'NONE', *, *, #4943, .F. ) ;
#5409 = AXIS2_PLACEMENT_3D ( 'NONE', #5366, #1492, #565 ) ;
#5410 = VECTOR ( 'NONE', #601, 1000.000000000000000 ) ;
#5411 = PLANE ( 'NONE',  #2242 ) ;
#5412 = EDGE_CURVE ( 'NONE', #1092, #1919, #2866, .T. ) ;
#5413 = EDGE_CURVE ( 'NONE', #94, #291, #3294, .T. ) ;
#5414 = CIRCLE ( 'NONE', #997, 2.750000000000002665 ) ;
#5415 = LINE ( 'NONE', #1041, #2897 ) ;
#5416 = VECTOR ( 'NONE', #942, 1000.000000000000114 ) ;
#5417 = ORIENTED_EDGE ( 'NONE', *, *, #887, .T. ) ;
#5418 = LINE ( 'NONE', #1547, #389 ) ;
#5419 = CARTESIAN_POINT ( 'NONE',  ( 158.0768364872739937, -140.4624928209250072, 103.7997837525840055 ) ) ;
#5420 = ORIENTED_EDGE ( 'NONE', *, *, #1540, .F. ) ;
#5421 = ORIENTED_EDGE ( 'NONE', *, *, #5238, .F. ) ;
#5422 = CARTESIAN_POINT ( 'NONE',  ( 169.4448783421489964, -130.9094256212499943, 107.7643259181420063 ) ) ;
#5423 = AXIS2_PLACEMENT_3D ( 'NONE', #1728, #2205, #1839 ) ;
#5424 = AXIS2_PLACEMENT_3D ( 'NONE', #3816, #405, #7 ) ;
#5425 = DIRECTION ( 'NONE',  ( -9.901268498146809173E-30, -1.000000000000000000, -3.825975390321910619E-29 ) ) ;
#5426 = FACE_BOUND ( 'NONE', #719, .T. ) ;
#5427 = DIRECTION ( 'NONE',  ( 1.000000000000000000, 1.065814103640150121E-14, -3.552713678800519862E-15 ) ) ;
#5428 = VECTOR ( 'NONE', #2836, 1000.000000000000000 ) ;
#5429 = DIRECTION ( 'NONE',  ( -1.887379142593809830E-15, 1.000000000000000000, 2.810542046950460301E-15 ) ) ;
#5430 = PLANE ( 'NONE',  #2523 ) ;
#5431 = AXIS2_PLACEMENT_3D ( 'NONE', #5108, #4752, #5193 ) ;
#5432 = VERTEX_POINT ( 'NONE', #4167 ) ;
#5433 = AXIS2_PLACEMENT_3D ( 'NONE', #3376, #845, #1212 ) ;
#5434 = PRODUCT_DEFINITION ( 'UNKNOWN', '', #3148, #2455 ) ;
#5435 = CIRCLE ( 'NONE', #2989, 2.349999999999990763 ) ;
#5436 = VERTEX_POINT ( 'NONE', #1692 ) ;
#5437 = CARTESIAN_POINT ( 'NONE',  ( 132.4171133454019866, -134.1938512425049908, 92.80999999999698957 ) ) ;
#5438 = DIRECTION ( 'NONE',  ( -1.000000000000000000, -1.181088324069312095E-14, 2.371361253508400217E-15 ) ) ;
#5439 = VERTEX_POINT ( 'NONE', #3353 ) ;
#5440 = EDGE_LOOP ( 'NONE', ( #2995, #5542, #4851, #2521, #1771 ) ) ;
#5441 = ADVANCED_FACE ( 'NONE', ( #5131 ), #5539, .F. ) ;
#5442 = DIRECTION ( 'NONE',  ( 0.000000000000000000, -1.049328997390330010E-15, 1.000000000000000000 ) ) ;
#5443 = AXIS2_PLACEMENT_3D ( 'NONE', #2252, #3963, #1403 ) ;
#5444 = CARTESIAN_POINT ( 'NONE',  ( 167.3688204052044171, -119.8617629959868935, 104.2633891844211149 ) ) ;
#5445 = ORIENTED_EDGE ( 'NONE', *, *, #3881, .T. ) ;
#5446 = LINE ( 'NONE', #2890, #2461 ) ;
#5447 = ADVANCED_FACE ( 'NONE', ( #1271 ), #1154, .T. ) ;
#5448 = DIRECTION ( 'NONE',  ( -3.364395267662348033E-15, 0.7071067811865280328, -0.7071067811865670016 ) ) ;
#5449 = ORIENTED_EDGE ( 'NONE', *, *, #2166, .T. ) ;
#5450 = EDGE_LOOP ( 'NONE', ( #4823, #1083, #347, #2053, #4892, #1013, #5531, #1562 ) ) ;
#5451 = EDGE_CURVE ( 'NONE', #725, #2513, #2928, .T. ) ;
#5452 = CARTESIAN_POINT ( 'NONE',  ( 137.6795827862140129, -139.9369318198639860, 89.48499999999999943 ) ) ;
#5453 = EDGE_CURVE ( 'NONE', #1249, #835, #5078, .T. ) ;
#5454 = FACE_BOUND ( 'NONE', #2965, .T. ) ;
#5455 = CARTESIAN_POINT ( 'NONE',  ( 122.1508943902840088, -119.4624928209260020, 106.6393253577810043 ) ) ;
#5456 = EDGE_LOOP ( 'NONE', ( #1063, #2339, #1462, #983 ) ) ;
#5457 = CARTESIAN_POINT ( 'NONE',  ( 158.4768364872739710, -140.4624928209240124, 103.7997837525840055 ) ) ;
#5458 = DIRECTION ( 'NONE',  ( -1.000000000000000000, -1.569712496704820284E-14, -2.418031965417649952E-14 ) ) ;
#5459 = EDGE_LOOP ( 'NONE', ( #596, #4568, #1824, #390 ) ) ;
#5460 = LINE ( 'NONE', #4648, #4132 ) ;
#5461 = CARTESIAN_POINT ( 'NONE',  ( 158.4768364872739710, -140.0624928209250015, 103.7997837525840055 ) ) ;
#5462 = CARTESIAN_POINT ( 'NONE',  ( 161.8768364872740051, -140.0624928209250015, 103.7997837525840055 ) ) ;
#5463 = CARTESIAN_POINT ( 'NONE',  ( 162.3100065642109939, -135.3901366287419989, 89.48499999999820886 ) ) ;
#5464 = VERTEX_POINT ( 'NONE', #2509 ) ;
#5465 = ORIENTED_EDGE ( 'NONE', *, *, #475, .T. ) ;
#5466 = CARTESIAN_POINT ( 'NONE',  ( 135.1768364872739880, -119.4624928209260020, 103.7997837525840055 ) ) ;
#5467 = DIRECTION ( 'NONE',  ( -1.000000000000000000, -8.742289393079860116E-15, 2.371361253508389962E-15 ) ) ;
#5468 = VERTEX_POINT ( 'NONE', #1670 ) ;
#5469 = EDGE_CURVE ( 'NONE', #1833, #1920, #1297, .T. ) ;
#5470 = LINE ( 'NONE', #1947, #1652 ) ;
#5471 = CARTESIAN_POINT ( 'NONE',  ( 145.1948783421489964, -130.7594256212510118, 110.7643259181420063 ) ) ;
#5472 = ORIENTED_EDGE ( 'NONE', *, *, #1161, .F. ) ;
#5473 = FACE_OUTER_BOUND ( 'NONE', #4977, .T. ) ;
#5474 = CARTESIAN_POINT ( 'NONE',  ( 163.0171133454029757, -124.9750000000000085, 92.80999999999698957 ) ) ;
#5475 = DIRECTION ( 'NONE',  ( 1.000000000000000000, 2.009843822508470037E-15, -2.330637149875950107E-14 ) ) ;
#5476 = EDGE_CURVE ( 'NONE', #202, #2313, #46, .T. ) ;
#5477 = EDGE_CURVE ( 'NONE', #4368, #5468, #87, .T. ) ;
#5478 = DIRECTION ( 'NONE',  ( 1.000000000000000000, 2.009843822508519735E-15, -3.673940376433480102E-16 ) ) ;
#5479 = EDGE_LOOP ( 'NONE', ( #2245, #4644, #2800, #1396 ) ) ;
#5480 = DIRECTION ( 'NONE',  ( -1.000000000000000000, -8.539126841917380224E-15, -5.865127437796660393E-16 ) ) ;
#5481 = ADVANCED_FACE ( 'NONE', ( #1320 ), #3960, .T. ) ;
#5482 = CARTESIAN_POINT ( 'NONE',  ( 125.9448783421490106, -130.8094256212499999, 102.7643259181419921 ) ) ;
#5483 = ORIENTED_EDGE ( 'NONE', *, *, #365, .F. ) ;
#5484 = LINE ( 'NONE', #880, #5036 ) ;
#5485 = DIRECTION ( 'NONE',  ( 0.000000000000000000, 1.000000000000000000, -1.926745932492380336E-15 ) ) ;
#5486 = CARTESIAN_POINT ( 'NONE',  ( 172.7216946132480189, -119.8621712665460137, 107.2644405637399956 ) ) ;
#5487 = ADVANCED_BREP_SHAPE_REPRESENTATION ( 'Bambu_Mount', ( #3724, #3588, #1828, #722 ), #1723 ) ;
#5488 = AXIS2_PLACEMENT_3D ( 'NONE', #4037, #5442, #5384 ) ;
#5489 = CARTESIAN_POINT ( 'NONE',  ( 143.4400000000080126, -127.3249999999999886, 92.80999999999879435 ) ) ;
#5490 = VERTEX_POINT ( 'NONE', #4697 ) ;
#5491 = ORIENTED_EDGE ( 'NONE', *, *, #2736, .F. ) ;
#5492 = CARTESIAN_POINT ( 'NONE',  ( 163.0171133453979735, -125.9750000000000085, 90.88499999999999091 ) ) ;
#5493 = CARTESIAN_POINT ( 'NONE',  ( 205.9150429325189862, -116.1143809536179958, 134.7124378740059853 ) ) ;
#5494 = VERTEX_POINT ( 'NONE', #5161 ) ;
#5495 = CARTESIAN_POINT ( 'NONE',  ( 150.1948783421489964, -130.7594256212510118, 110.7643259181420063 ) ) ;
#5496 = VECTOR ( 'NONE', #2623, 1000.000000000000000 ) ;
#5497 = LINE ( 'NONE', #5580, #1370 ) ;
#5498 = ORIENTED_EDGE ( 'NONE', *, *, #4218, .F. ) ;
#5499 = DIRECTION ( 'NONE',  ( -1.887379142593809830E-15, 1.000000000000000000, 2.810542046950460301E-15 ) ) ;
#5500 = LINE ( 'NONE', #5071, #1248 ) ;
#5501 = VECTOR ( 'NONE', #486, 1000.000000000000000 ) ;
#5502 = DIRECTION ( 'NONE',  ( 2.748129594203390530E-15, 4.430635266668075387E-15, 1.000000000000000000 ) ) ;
#5503 = CARTESIAN_POINT ( 'NONE',  ( 149.4300000000079933, -133.5000000000000000, 96.38500000000000512 ) ) ;
#5504 = VECTOR ( 'NONE', #3745, 1000.000000000000000 ) ;
#5505 = ORIENTED_EDGE ( 'NONE', *, *, #4934, .F. ) ;
#5506 = AXIS2_PLACEMENT_3D ( 'NONE', #5535, #900, #789 ) ;
#5507 = DIRECTION ( 'NONE',  ( -8.742289393080030510E-15, 1.000000000000000000, -7.223637016929600039E-14 ) ) ;
#5508 = EDGE_CURVE ( 'NONE', #840, #893, #1356, .T. ) ;
#5509 = FACE_OUTER_BOUND ( 'NONE', #1199, .T. ) ;
#5510 = PRESENTATION_LAYER_ASSIGNMENT (  '', '', ( #1631 ) ) ;
#5511 = VECTOR ( 'NONE', #2078, 1000.000000000000000 ) ;
#5512 = EDGE_CURVE ( 'NONE', #5528, #1376, #632, .T. ) ;
#5513 = ORIENTED_EDGE ( 'NONE', *, *, #229, .T. ) ;
#5514 = CARTESIAN_POINT ( 'NONE',  ( 157.2376503720309984, -140.4624928209260020, 91.87466295907040603 ) ) ;
#5515 = VECTOR ( 'NONE', #5563, 1000.000000000000000 ) ;
#5516 = ADVANCED_FACE ( 'NONE', ( #103 ), #849, .T. ) ;
#5517 = DIRECTION ( 'NONE',  ( -1.000000000000000000, -8.742289393079860116E-15, 2.371361253508389962E-15 ) ) ;
#5518 = DIRECTION ( 'NONE',  ( 0.000000000000000000, -1.000000000000000000, -4.625929269271481378E-15 ) ) ;
#5519 = EDGE_CURVE ( 'NONE', #3046, #2357, #4852, .T. ) ;
#5520 = DIRECTION ( 'NONE',  ( -0.5130924759622020881, 0.8583333333332552328, -8.826273045770002385E-15 ) ) ;
#5521 = AXIS2_PLACEMENT_3D ( 'NONE', #1731, #5167, #452 ) ;
#5522 = ORIENTED_EDGE ( 'NONE', *, *, #4093, .F. ) ;
#5523 = ORIENTED_EDGE ( 'NONE', *, *, #4186, .T. ) ;
#5524 = AXIS2_PLACEMENT_3D ( 'NONE', #157, #1381, #3570 ) ;
#5525 = LINE ( 'NONE', #318, #1997 ) ;
#5526 = DIRECTION ( 'NONE',  ( 1.000000000000000000, 0.000000000000000000, 0.000000000000000000 ) ) ;
#5527 = CARTESIAN_POINT ( 'NONE',  ( 147.7171133453989853, -130.2624928209260133, 89.48499999999999943 ) ) ;
#5528 = VERTEX_POINT ( 'NONE', #3459 ) ;
#5529 = CARTESIAN_POINT ( 'NONE',  ( 165.7548175178120005, -119.8624928209249987, 104.2641190093600017 ) ) ;
#5530 = DIRECTION ( 'NONE',  ( 1.000000000000000000, 0.000000000000000000, 0.000000000000000000 ) ) ;
#5531 = ORIENTED_EDGE ( 'NONE', *, *, #1532, .F. ) ;
#5532 = CARTESIAN_POINT ( 'NONE',  ( 174.2171132998470000, -119.4624950404660098, 102.7500000000189857 ) ) ;
#5533 = VECTOR ( 'NONE', #1595, 1000.000000000000000 ) ;
#5534 = DIRECTION ( 'NONE',  ( 0.7071067811865461294, 0.7071067811865490160, -1.570896710180429516E-14 ) ) ;
#5535 = CARTESIAN_POINT ( 'NONE',  ( 169.2382403691290165, -119.5222499092810153, 107.2641190093600017 ) ) ;
#5536 = VECTOR ( 'NONE', #5177, 1000.000000000000000 ) ;
#5537 = EDGE_LOOP ( 'NONE', ( #1014, #2584, #5203, #3064, #2994, #5316, #2791, #5465, #121, #5265, #3553, #1655, #2456 ) ) ;
#5538 = LINE ( 'NONE', #2178, #2887 ) ;
#5539 = PLANE ( 'NONE',  #176 ) ;
#5540 = CARTESIAN_POINT ( 'NONE',  ( 143.9500000000089983, -136.9500000000019782, 95.03499999999830550 ) ) ;
#5541 = EDGE_CURVE ( 'NONE', #3155, #1677, #2668, .T. ) ;
#5542 = ORIENTED_EDGE ( 'NONE', *, *, #654, .F. ) ;
#5543 = DIRECTION ( 'NONE',  ( 0.000000000000000000, -1.000000000000000000, -4.625929269271481378E-15 ) ) ;
#5544 = LINE ( 'NONE', #3384, #555 ) ;
#5545 = DIRECTION ( 'NONE',  ( -1.000000000000000000, 0.000000000000000000, 5.916456789157589942E-30 ) ) ;
#5546 = EDGE_CURVE ( 'NONE', #1056, #291, #3031, .T. ) ;
#5547 = ORIENTED_EDGE ( 'NONE', *, *, #462, .T. ) ;
#5548 = ADVANCED_FACE ( 'NONE', ( #3910 ), #3545, .T. ) ;
#5549 = ORIENTED_EDGE ( 'NONE', *, *, #4629, .T. ) ;
#5550 = EDGE_CURVE ( 'NONE', #3830, #4431, #2787, .T. ) ;
#5551 = DIRECTION ( 'NONE',  ( 0.000000000000000000, 1.000000000000000000, 0.000000000000000000 ) ) ;
#5552 = DIRECTION ( 'NONE',  ( 0.000000000000000000, -1.000000000000000000, -4.625929269271481378E-15 ) ) ;
#5553 = EDGE_CURVE ( 'NONE', #461, #2130, #874, .T. ) ;
#5554 = CARTESIAN_POINT ( 'NONE',  ( 122.1508943902840088, -119.4624928209260020, 109.7643247870269931 ) ) ;
#5555 = VERTEX_POINT ( 'NONE', #3484 ) ;
#5556 = DIRECTION ( 'NONE',  ( -1.181088324069438628E-14, 1.000000000000000000, -8.858162430520789633E-14 ) ) ;
#5557 = DIRECTION ( 'NONE',  ( 1.000000000000000000, -7.120326166349700838E-29, 1.539220716937389985E-14 ) ) ;
#5558 = ORIENTED_EDGE ( 'NONE', *, *, #3881, .F. ) ;
#5559 = DIRECTION ( 'NONE',  ( -1.000000000000000000, -1.569712496704820284E-14, -2.418031965417649952E-14 ) ) ;
#5560 = CARTESIAN_POINT ( 'NONE',  ( 167.7363783421489813, -130.8094256212499999, 110.3643259181420007 ) ) ;
#5561 = DIRECTION ( 'NONE',  ( 1.000000000000000000, 9.227827737143710103E-15, -2.371361224627550089E-15 ) ) ;
#5562 = ORIENTED_EDGE ( 'NONE', *, *, #878, .F. ) ;
#5563 = DIRECTION ( 'NONE',  ( -1.887379142593809830E-15, 1.000000000000000000, 2.810542046950460301E-15 ) ) ;
#5564 = CARTESIAN_POINT ( 'NONE',  ( 132.8344203936730139, -140.4624928209260020, 94.26432591814200634 ) ) ;
#5565 = CARTESIAN_POINT ( 'NONE',  ( 126.8421133453909988, -128.9624941560699938, 102.7643259181419921 ) ) ;
#5566 = ORIENTED_EDGE ( 'NONE', *, *, #604, .F. ) ;
#5567 = CARTESIAN_POINT ( 'NONE',  ( 169.4448783421489964, -130.8094256212499999, 103.1643259181420120 ) ) ;
#5568 = CARTESIAN_POINT ( 'NONE',  ( 169.4448783421489964, -130.8094256212499999, 102.7643259181419921 ) ) ;
#5569 = DIRECTION ( 'NONE',  ( 1.283242672720062052E-15, 0.000000000000000000, 1.000000000000000000 ) ) ;
#5570 = ORIENTED_EDGE ( 'NONE', *, *, #1038, .F. ) ;
#5571 = ORIENTED_EDGE ( 'NONE', *, *, #5553, .F. ) ;
#5572 = ADVANCED_FACE ( 'NONE', ( #939, #5591, #3067 ), #525, .F. ) ;
#5573 = CARTESIAN_POINT ( 'NONE',  ( 124.3689531356949942, -119.8624928209259934, 107.2641190093600017 ) ) ;
#5574 = CARTESIAN_POINT ( 'NONE',  ( 143.9500000000079751, -132.5999999999999943, 92.80999999999869488 ) ) ;
#5575 = AXIS2_PLACEMENT_3D ( 'NONE', #1879, #2687, #64 ) ;
#5576 = ORIENTED_EDGE ( 'NONE', *, *, #1337, .T. ) ;
#5577 = DIRECTION ( 'NONE',  ( 2.371361224627570205E-15, -2.810542046950450046E-15, 1.000000000000000000 ) ) ;
#5578 = EDGE_CURVE ( 'NONE', #1139, #3055, #444, .T. ) ;
#5579 = ORIENTED_EDGE ( 'NONE', *, *, #2272, .T. ) ;
#5580 = CARTESIAN_POINT ( 'NONE',  ( 115.1671139002800004, -135.0124933757780070, 100.7500000000264038 ) ) ;
#5581 = ORIENTED_EDGE ( 'NONE', *, *, #5091, .F. ) ;
#5582 = CIRCLE ( 'NONE', #3313, 14.00026402016988847 ) ;
#5583 = FILL_AREA_STYLE ('',( #3796 ) ) ;
#5584 = EDGE_CURVE ( 'NONE', #1293, #3554, #1996, .T. ) ;
#5585 = AXIS2_PLACEMENT_3D ( 'NONE', #2728, #4924, #506 ) ;
#5586 = CARTESIAN_POINT ( 'NONE',  ( 163.0171133453979735, -127.3249999999999886, 92.80999999999720274 ) ) ;
#5587 = VERTEX_POINT ( 'NONE', #69 ) ;
#5588 = CARTESIAN_POINT ( 'NONE',  ( 162.0171133453979735, -127.3249999999999886, 92.80999999999720274 ) ) ;
#5589 = ORIENTED_EDGE ( 'NONE', *, *, #1035, .F. ) ;
#5590 = CARTESIAN_POINT ( 'NONE',  ( 157.2376503720269909, -140.4624928209260020, 99.86432591814480020 ) ) ;
#5591 = FACE_BOUND ( 'NONE', #708, .T. ) ;
#5592 = AXIS2_PLACEMENT_3D ( 'NONE', #78, #1386, #3101 ) ;
#5593 = CIRCLE ( 'NONE', #533, 2.349999999999990763 ) ;
#5594 = FACE_BOUND ( 'NONE', #5272, .T. ) ;
#5595 = VECTOR ( 'NONE', #2379, 1000.000000000000000 ) ;
#5596 = PLANE ( 'NONE',  #5521 ) ;
#5597 = ORIENTED_EDGE ( 'NONE', *, *, #1716, .F. ) ;
#5598 = DIRECTION ( 'NONE',  ( 1.000000000000000000, 0.000000000000000000, 0.000000000000000000 ) ) ;
#5599 = DIRECTION ( 'NONE',  ( -1.000000000000000000, -2.009843820287880231E-15, 2.330637149875950107E-14 ) ) ;
ENDSEC;
END-ISO-10303-21;
