ISO-10303-21;
HEADER;
FILE_DESCRIPTION (( 'STEP AP214' ),
    '1' );
FILE_NAME ('Bambu_Mount_M3x4insert.STEP',
    '2026-08-22T21:55:28',
    ( '' ),
    ( '' ),
    'SwSTEP 2.0',
    'SolidWorks 2020',
    '' );
FILE_SCHEMA (( 'AUTOMOTIVE_DESIGN' ));
ENDSEC;

DATA;
#1 = CARTESIAN_POINT ( 'NONE',  ( 128.1077265380160100, -119.8613980543999986, 104.2630242428339926 ) ) ;
#2 = FACE_OUTER_BOUND ( 'NONE', #2516, .T. ) ;
#3 = DIRECTION ( 'NONE',  ( 0.9999949793425630951, 5.726564492753836596E-15, -0.003168799404648470468 ) ) ;
#4 = DIRECTION ( 'NONE',  ( -1.000000000000000000, -3.965082230804126670E-15, 3.965082230804126670E-15 ) ) ;
#5 = VECTOR ( 'NONE', #2705, 999.9999999999998863 ) ;
#6 = EDGE_CURVE ( 'NONE', #3205, #4317, #1944, .T. ) ;
#7 = VERTEX_POINT ( 'NONE', #87 ) ;
#8 = EDGE_LOOP ( 'NONE', ( #5224, #3499, #3451, #4505 ) ) ;
#9 = CIRCLE ( 'NONE', #1257, 1.975000000000004530 ) ;
#10 = CARTESIAN_POINT ( 'NONE',  ( 160.1768364872739880, -119.4624928209260020, 103.7997837525840055 ) ) ;
#11 = ORIENTED_EDGE ( 'NONE', *, *, #324, .F. ) ;
#12 = EDGE_CURVE ( 'NONE', #4847, #216, #2232, .T. ) ;
#13 = ORIENTED_EDGE ( 'NONE', *, *, #424, .F. ) ;
#14 = CARTESIAN_POINT ( 'NONE',  ( 133.9414177370150014, -139.1864211185770159, 109.7643247870279879 ) ) ;
#15 = EDGE_CURVE ( 'NONE', #2264, #4772, #986, .T. ) ;
#16 = VERTEX_POINT ( 'NONE', #5270 ) ;
#17 = EDGE_CURVE ( 'NONE', #1412, #2418, #63, .T. ) ;
#18 = ORIENTED_EDGE ( 'NONE', *, *, #5055, .F. ) ;
#19 = ADVANCED_FACE ( 'NONE', ( #3924 ), #32, .F. ) ;
#20 = DIRECTION ( 'NONE',  ( -1.887379142593809830E-15, 1.000000000000000000, 2.810542046950460301E-15 ) ) ;
#21 = LINE ( 'NONE', #2702, #852 ) ;
#22 = CARTESIAN_POINT ( 'NONE',  ( 143.4400000000080126, -134.1749999999999829, 92.80999999999869488 ) ) ;
#23 = LINE ( 'NONE', #5145, #4927 ) ;
#24 = DIRECTION ( 'NONE',  ( 1.000000000000000000, 0.000000000000000000, 0.000000000000000000 ) ) ;
#25 = AXIS2_PLACEMENT_3D ( 'NONE', #3598, #4016, #1462 ) ;
#26 = DIRECTION ( 'NONE',  ( 0.7071051648534991685, -0.7071050670378560277, -0.002170255029934170000 ) ) ;
#27 = FACE_OUTER_BOUND ( 'NONE', #2729, .T. ) ;
#28 = FACE_BOUND ( 'NONE', #4255, .T. ) ;
#29 = CARTESIAN_POINT ( 'NONE',  ( 137.4171133454100016, -131.1938512425049908, 92.80999999999698957 ) ) ;
#30 = AXIS2_PLACEMENT_3D ( 'NONE', #782, #5067, #5509 ) ;
#31 = ORIENTED_EDGE ( 'NONE', *, *, #5356, .T. ) ;
#32 = CYLINDRICAL_SURFACE ( 'NONE', #4634, 1.708500000000001684 ) ;
#33 = VECTOR ( 'NONE', #4739, 1000.000000000000000 ) ;
#34 = LINE ( 'NONE', #4733, #768 ) ;
#35 = EDGE_LOOP ( 'NONE', ( #1224, #1247, #218, #812 ) ) ;
#36 = DIRECTION ( 'NONE',  ( 0.000000000000000000, -1.000000000000000000, 1.926745932492380336E-15 ) ) ;
#37 = ORIENTED_EDGE ( 'NONE', *, *, #3153, .F. ) ;
#38 = VERTEX_POINT ( 'NONE', #2720 ) ;
#39 = SURFACE_STYLE_USAGE ( .BOTH. , #4238 ) ;
#40 = ORIENTED_EDGE ( 'NONE', *, *, #571, .F. ) ;
#41 = LINE ( 'NONE', #4240, #707 ) ;
#42 = CARTESIAN_POINT ( 'NONE',  ( 159.9436942114649867, -137.7564489814920137, 89.48499999999999943 ) ) ;
#43 =( BOUNDED_CURVE ( )  B_SPLINE_CURVE ( 3, ( #483, #3902, #1763, #4767 ),
 .UNSPECIFIED., .F., .F. ) 
 B_SPLINE_CURVE_WITH_KNOTS ( ( 4, 4 ),
 ( 5.809118660815860480, 6.594516824213560113 ),
 .UNSPECIFIED. ) 
 CURVE ( )  GEOMETRIC_REPRESENTATION_ITEM ( )  RATIONAL_B_SPLINE_CURVE ( ( 1.000000000000000000, 0.9492530216741599247, 0.9492530216741599247, 1.000000000000000000 ) ) 
 REPRESENTATION_ITEM ( '' )  );
#44 = CYLINDRICAL_SURFACE ( 'NONE', #2558, 1.708500000000001684 ) ;
#45 = LINE ( 'NONE', #1745, #2321 ) ;
#46 = LINE ( 'NONE', #3035, #292 ) ;
#47 = AXIS2_PLACEMENT_3D ( 'NONE', #4895, #1058, #2760 ) ;
#48 = FACE_OUTER_BOUND ( 'NONE', #2693, .T. ) ;
#49 = DIRECTION ( 'NONE',  ( 0.000000000000000000, -1.926745932492380336E-15, -1.000000000000000000 ) ) ;
#50 = ORIENTED_EDGE ( 'NONE', *, *, #335, .F. ) ;
#51 = LINE ( 'NONE', #1236, #5124 ) ;
#52 = CARTESIAN_POINT ( 'NONE',  ( 121.2219677387169980, -140.4624928209230177, 104.2962527883669850 ) ) ;
#53 = PLANE ( 'NONE',  #2830 ) ;
#54 = EDGE_CURVE ( 'NONE', #398, #3112, #5157, .T. ) ;
#55 = CIRCLE ( 'NONE', #4889, 2.099999999999990763 ) ;
#56 = AXIS2_PLACEMENT_3D ( 'NONE', #3113, #3204, #3656 ) ;
#57 = ORIENTED_EDGE ( 'NONE', *, *, #3500, .F. ) ;
#58 = VERTEX_POINT ( 'NONE', #1315 ) ;
#59 = CARTESIAN_POINT ( 'NONE',  ( 171.1076603330538148, -119.8617629959870925, 104.2633891844211149 ) ) ;
#60 = EDGE_LOOP ( 'NONE', ( #4154, #40, #5395, #767, #4971, #2722, #869, #2638 ) ) ;
#61 = LINE ( 'NONE', #870, #4802 ) ;
#62 = VECTOR ( 'NONE', #662, 1000.000000000000000 ) ;
#63 = CIRCLE ( 'NONE', #1755, 1.700000000000007061 ) ;
#64 = EDGE_CURVE ( 'NONE', #3962, #5279, #5210, .T. ) ;
#65 = ORIENTED_EDGE ( 'NONE', *, *, #4094, .T. ) ;
#66 = CARTESIAN_POINT ( 'NONE',  ( 137.8171133454100072, -132.5999999999999943, 92.80999999999889383 ) ) ;
#67 = ORIENTED_EDGE ( 'NONE', *, *, #1961, .F. ) ;
#68 = VERTEX_POINT ( 'NONE', #4762 ) ;
#69 = ADVANCED_FACE ( 'NONE', ( #4405 ), #956, .F. ) ;
#70 = ORIENTED_EDGE ( 'NONE', *, *, #740, .F. ) ;
#71 = DIRECTION ( 'NONE',  ( 1.000000000000000000, 2.009843822508529990E-15, -2.748129594203400391E-15 ) ) ;
#72 = VERTEX_POINT ( 'NONE', #4340 ) ;
#73 = CARTESIAN_POINT ( 'NONE',  ( 174.2171133453890093, -119.4624950404660098, 102.7643259181419921 ) ) ;
#74 = DIRECTION ( 'NONE',  ( -2.013492943509530237E-14, 0.000000000000000000, -1.000000000000000000 ) ) ;
#75 = CARTESIAN_POINT ( 'NONE',  ( 137.4171133454100016, -134.1938512425049908, 92.80999999999698957 ) ) ;
#76 = DIRECTION ( 'NONE',  ( 0.5488750411663120277, 0.5910736794954890572, -0.5910736794954950524 ) ) ;
#77 = FACE_OUTER_BOUND ( 'NONE', #3108, .T. ) ;
#78 = CARTESIAN_POINT ( 'NONE',  ( 180.0171127449650044, -135.2624933757780070, 100.7500000000189999 ) ) ;
#79 = LINE ( 'NONE', #589, #370 ) ;
#80 = ORIENTED_EDGE ( 'NONE', *, *, #4030, .T. ) ;
#81 = CYLINDRICAL_SURFACE ( 'NONE', #1354, 2.349999999999990763 ) ;
#82 = LINE ( 'NONE', #4876, #2281 ) ;
#83 = CARTESIAN_POINT ( 'NONE',  ( 136.1187580148680070, -142.8288127459070154, 105.3980048620459939 ) ) ;
#84 = EDGE_CURVE ( 'NONE', #1216, #2122, #2201, .T. ) ;
#85 = EDGE_CURVE ( 'NONE', #156, #3768, #514, .T. ) ;
#86 = ORIENTED_EDGE ( 'NONE', *, *, #1186, .T. ) ;
#87 = CARTESIAN_POINT ( 'NONE',  ( 143.9500000000079751, -124.3500000000019980, 93.59749282092340650 ) ) ;
#88 = CYLINDRICAL_SURFACE ( 'NONE', #2436, 0.9999999999999973355 ) ;
#89 = ORIENTED_EDGE ( 'NONE', *, *, #5329, .F. ) ;
#90 = FACE_OUTER_BOUND ( 'NONE', #2179, .T. ) ;
#91 = VECTOR ( 'NONE', #4648, 1000.000000000000000 ) ;
#92 = ORIENTED_EDGE ( 'NONE', *, *, #3396, .T. ) ;
#93 = PLANE ( 'NONE',  #753 ) ;
#94 = ORIENTED_EDGE ( 'NONE', *, *, #4525, .T. ) ;
#95 = ORIENTED_EDGE ( 'NONE', *, *, #4438, .F. ) ;
#96 = ADVANCED_FACE ( 'NONE', ( #3530 ), #3472, .T. ) ;
#97 = ORIENTED_EDGE ( 'NONE', *, *, #5237, .T. ) ;
#98 = DIRECTION ( 'NONE',  ( 0.8618565397866660982, 2.973755592284763279E-15, 0.5071521515550880821 ) ) ;
#99 = VERTEX_POINT ( 'NONE', #2689 ) ;
#100 = EDGE_CURVE ( 'NONE', #2609, #3994, #566, .T. ) ;
#101 = LINE ( 'NONE', #42, #2178 ) ;
#102 = DIRECTION ( 'NONE',  ( -1.181088324069445570E-14, 1.000000000000000000, -1.003925075459028774E-13 ) ) ;
#103 = CARTESIAN_POINT ( 'NONE',  ( 156.5497566843010304, -134.1749999999999829, 92.80999999999698957 ) ) ;
#104 = DIRECTION ( 'NONE',  ( 2.371361224627529973E-15, -3.764665582242960030E-16, 1.000000000000000000 ) ) ;
#105 = CARTESIAN_POINT ( 'NONE',  ( 122.7547861250079961, -119.8621712665460137, 107.2644405637399956 ) ) ;
#106 = CARTESIAN_POINT ( 'NONE',  ( 163.0171133453979735, -125.9750000000000085, 92.80999999999689010 ) ) ;
#107 = DIRECTION ( 'NONE',  ( 8.742289393079841183E-15, -1.000000000000000000, -8.883556882512341437E-15 ) ) ;
#108 = ORIENTED_EDGE ( 'NONE', *, *, #5522, .F. ) ;
#109 = DIRECTION ( 'NONE',  ( -0.7071067811863140928, 0.7071067811867810526, 1.987353405911204966E-15 ) ) ;
#110 = DIRECTION ( 'NONE',  ( -2.371361253508410078E-15, -1.926745932492360221E-15, -1.000000000000000000 ) ) ;
#111 = CARTESIAN_POINT ( 'NONE',  ( 158.1497566842990068, -125.9750000000000085, 90.88499999999999091 ) ) ;
#112 = AXIS2_PLACEMENT_3D ( 'NONE', #3756, #3647, #1209 ) ;
#113 = ORIENTED_EDGE ( 'NONE', *, *, #3626, .F. ) ;
#114 = AXIS2_PLACEMENT_3D ( 'NONE', #4040, #3144, #3176 ) ;
#115 = EDGE_CURVE ( 'NONE', #1291, #138, #1729, .T. ) ;
#116 = DIRECTION ( 'NONE',  ( 1.000000000000000000, 0.000000000000000000, 0.000000000000000000 ) ) ;
#117 = CARTESIAN_POINT ( 'NONE',  ( 132.4171133454029814, -134.6744623790540061, 89.84874807970639665 ) ) ;
#118 = ORIENTED_EDGE ( 'NONE', *, *, #723, .F. ) ;
#119 = CARTESIAN_POINT ( 'NONE',  ( 125.9448783421490106, -130.8094256212499999, 110.7643259181420063 ) ) ;
#120 = ORIENTED_EDGE ( 'NONE', *, *, #3375, .T. ) ;
#121 = VECTOR ( 'NONE', #3887, 1000.000000000000000 ) ;
#122 = CARTESIAN_POINT ( 'NONE',  ( 157.1497566842990068, -131.8249999999999886, 89.88500000000000512 ) ) ;
#123 = ORIENTED_EDGE ( 'NONE', *, *, #4697, .T. ) ;
#124 = VECTOR ( 'NONE', #3667, 1000.000000000000000 ) ;
#125 = ORIENTED_EDGE ( 'NONE', *, *, #1594, .F. ) ;
#126 = CIRCLE ( 'NONE', #1814, 1.574999999999993072 ) ;
#127 = VERTEX_POINT ( 'NONE', #1342 ) ;
#128 = CARTESIAN_POINT ( 'NONE',  ( 174.2171133453929883, -119.4624928209260020, 102.7643259181419921 ) ) ;
#129 = ORIENTED_EDGE ( 'NONE', *, *, #1313, .F. ) ;
#130 = FACE_OUTER_BOUND ( 'NONE', #542, .T. ) ;
#131 = DIRECTION ( 'NONE',  ( -0.7071067811843489981, 0.7071067811887460364, 1.296293878342500232E-14 ) ) ;
#132 = CARTESIAN_POINT ( 'NONE',  ( 167.7391803146830114, -119.4624928209249930, 103.8641190093600102 ) ) ;
#133 = ORIENTED_EDGE ( 'NONE', *, *, #4874, .T. ) ;
#134 = FACE_OUTER_BOUND ( 'NONE', #5501, .T. ) ;
#135 = DIRECTION ( 'NONE',  ( 6.864132151623180889E-15, -1.000000000000000000, 2.016881641321370266E-15 ) ) ;
#136 = LINE ( 'NONE', #3101, #2977 ) ;
#137 = DIRECTION ( 'NONE',  ( 1.002541268356550146E-14, -0.7071067811864060193, -0.7071067811866890152 ) ) ;
#138 = VERTEX_POINT ( 'NONE', #704 ) ;
#139 = DIRECTION ( 'NONE',  ( -9.227827737143710103E-15, 1.000000000000000000, 2.810542046950470162E-15 ) ) ;
#140 = DIRECTION ( 'NONE',  ( 9.227827737143710103E-15, -1.000000000000000000, -3.764665582243560057E-16 ) ) ;
#141 = FACE_OUTER_BOUND ( 'NONE', #4584, .T. ) ;
#142 = EDGE_CURVE ( 'NONE', #221, #1994, #2410, .T. ) ;
#143 = VECTOR ( 'NONE', #3791, 1000.000000000000000 ) ;
#144 = ORIENTED_EDGE ( 'NONE', *, *, #3626, .T. ) ;
#145 = ORIENTED_EDGE ( 'NONE', *, *, #3872, .T. ) ;
#146 = LINE ( 'NONE', #1848, #3509 ) ;
#147 = ORIENTED_EDGE ( 'NONE', *, *, #2820, .T. ) ;
#148 = CARTESIAN_POINT ( 'NONE',  ( 158.1497566842990068, -132.8249999999999886, 91.34749999999830550 ) ) ;
#149 = AXIS2_PLACEMENT_3D ( 'NONE', #183, #2692, #5360 ) ;
#150 = EDGE_CURVE ( 'NONE', #3971, #1416, #4071, .T. ) ;
#151 = EDGE_CURVE ( 'NONE', #994, #1766, #4180, .T. ) ;
#152 = EDGE_LOOP ( 'NONE', ( #3161, #4389, #3873, #3844, #5372, #1531, #4713, #3103 ) ) ;
#153 = CIRCLE ( 'NONE', #4989, 1.950000000000007283 ) ;
#154 = LINE ( 'NONE', #903, #2262 ) ;
#155 = PRODUCT_DEFINITION_CONTEXT ( 'detailed design', #3352, 'design' ) ;
#156 = VERTEX_POINT ( 'NONE', #4097 ) ;
#157 = ORIENTED_EDGE ( 'NONE', *, *, #4260, .F. ) ;
#158 = CONICAL_SURFACE ( 'NONE', #1585, 2.549999999999996714, 0.7853981633974490562 ) ;
#159 = ORIENTED_EDGE ( 'NONE', *, *, #1296, .F. ) ;
#160 = ADVANCED_FACE ( 'NONE', ( #2319 ), #4912, .F. ) ;
#161 = EDGE_CURVE ( 'NONE', #4921, #5035, #3625, .T. ) ;
#162 = ORIENTED_EDGE ( 'NONE', *, *, #1575, .T. ) ;
#163 = DIRECTION ( 'NONE',  ( -1.000000000000000000, -8.742289393079860116E-15, 2.371361253508389962E-15 ) ) ;
#164 = EDGE_CURVE ( 'NONE', #1603, #351, #4519, .T. ) ;
#165 = ORIENTED_EDGE ( 'NONE', *, *, #1157, .F. ) ;
#166 = LINE ( 'NONE', #4609, #5065 ) ;
#167 = FACE_OUTER_BOUND ( 'NONE', #3713, .T. ) ;
#168 = FACE_OUTER_BOUND ( 'NONE', #5362, .T. ) ;
#169 = ORIENTED_EDGE ( 'NONE', *, *, #182, .T. ) ;
#170 = CARTESIAN_POINT ( 'NONE',  ( 135.6171133453939888, -119.4624928209239982, 99.46432591814078705 ) ) ;
#171 = VECTOR ( 'NONE', #754, 1000.000000000000000 ) ;
#172 = DIRECTION ( 'NONE',  ( -1.000000000000000000, -1.569712496704820284E-14, -2.418031965417649952E-14 ) ) ;
#173 = DIRECTION ( 'NONE',  ( 1.000000000000000000, 1.681285505646350000E-15, 0.000000000000000000 ) ) ;
#174 = CARTESIAN_POINT ( 'NONE',  ( 147.6448783421540156, -124.5500000000019867, 93.79749282092350882 ) ) ;
#175 = ORIENTED_EDGE ( 'NONE', *, *, #5275, .T. ) ;
#176 = CARTESIAN_POINT ( 'NONE',  ( 134.0062072973099987, -127.3086617549950006, 109.7643247870279879 ) ) ;
#177 = CARTESIAN_POINT ( 'NONE',  ( 163.0171133453979735, -134.6830298475569805, 95.10442926976980971 ) ) ;
#178 = ORIENTED_CLOSED_SHELL ( 'NONE', *, #343, .F. );
#179 = DIRECTION ( 'NONE',  ( 1.000000000000000000, 2.009843820287930324E-15, -2.493825931201380018E-15 ) ) ;
#180 = CARTESIAN_POINT ( 'NONE',  ( 134.1733788908179861, -126.8087303373210091, 110.7643259181420063 ) ) ;
#181 = LINE ( 'NONE', #5304, #1802 ) ;
#182 = EDGE_CURVE ( 'NONE', #3315, #3237, #649, .T. ) ;
#183 = CARTESIAN_POINT ( 'NONE',  ( 160.9671133064359765, -139.9624928209260020, 108.2643247870279879 ) ) ;
#184 = ORIENTED_EDGE ( 'NONE', *, *, #3916, .F. ) ;
#185 = CIRCLE ( 'NONE', #1606, 3.000000000000002665 ) ;
#186 = ADVANCED_FACE ( 'NONE', ( #263 ), #2772, .F. ) ;
#187 = EDGE_LOOP ( 'NONE', ( #1410, #3838, #1930, #1438 ) ) ;
#188 = ORIENTED_EDGE ( 'NONE', *, *, #3657, .T. ) ;
#189 = AXIS2_PLACEMENT_3D ( 'NONE', #2509, #2087, #3332 ) ;
#190 = EDGE_LOOP ( 'NONE', ( #4640, #2452, #4977, #5421 ) ) ;
#191 = EDGE_CURVE ( 'NONE', #4805, #908, #4122, .T. ) ;
#192 = DIRECTION ( 'NONE',  ( -2.418031965417649952E-14, -2.810542139867140164E-15, 1.000000000000000000 ) ) ;
#193 = EDGE_CURVE ( 'NONE', #553, #2543, #1519, .T. ) ;
#194 = ORIENTED_EDGE ( 'NONE', *, *, #3745, .T. ) ;
#195 = VECTOR ( 'NONE', #978, 1000.000000000000000 ) ;
#196 = CARTESIAN_POINT ( 'NONE',  ( 157.2376503720269909, -140.4624928209260020, 99.86432591814480020 ) ) ;
#197 = FACE_OUTER_BOUND ( 'NONE', #1134, .T. ) ;
#198 = DIRECTION ( 'NONE',  ( 0.000000000000000000, 1.973846303234049855E-15, 1.000000000000000000 ) ) ;
#199 = ORIENTED_EDGE ( 'NONE', *, *, #382, .T. ) ;
#200 = CARTESIAN_POINT ( 'NONE',  ( 143.9500000000079751, -127.3249999999999886, 92.80999999999869488 ) ) ;
#201 = LINE ( 'NONE', #3941, #1411 ) ;
#202 = LINE ( 'NONE', #2401, #1621 ) ;
#203 = ORIENTED_EDGE ( 'NONE', *, *, #595, .F. ) ;
#204 = CARTESIAN_POINT ( 'NONE',  ( 162.0171133453979735, -133.6374999999999886, 90.88499999999999091 ) ) ;
#205 = DIRECTION ( 'NONE',  ( 1.000000000000000000, 2.018587317500270047E-14, 2.418031965417649952E-14 ) ) ;
#206 = VECTOR ( 'NONE', #4059, 1000.000000000000000 ) ;
#207 = LINE ( 'NONE', #3140, #1136 ) ;
#208 = AXIS2_PLACEMENT_3D ( 'NONE', #4247, #2488, #3758 ) ;
#209 = FACE_OUTER_BOUND ( 'NONE', #3996, .T. ) ;
#210 = AXIS2_PLACEMENT_3D ( 'NONE', #1387, #3130, #4480 ) ;
#211 = CARTESIAN_POINT ( 'NONE',  ( 122.7548070485966036, -119.8623856366151443, 104.2640118250501331 ) ) ;
#212 = DIRECTION ( 'NONE',  ( -0.7071067811865490160, 0.7071067811865461294, 1.968367378222149772E-14 ) ) ;
#213 = AXIS2_PLACEMENT_3D ( 'NONE', #4728, #4198, #2568 ) ;
#214 = ORIENTED_EDGE ( 'NONE', *, *, #4396, .T. ) ;
#215 = ORIENTED_EDGE ( 'NONE', *, *, #382, .F. ) ;
#216 = VERTEX_POINT ( 'NONE', #1488 ) ;
#217 = VECTOR ( 'NONE', #3590, 1000.000000000000114 ) ;
#218 = ORIENTED_EDGE ( 'NONE', *, *, #3848, .T. ) ;
#219 = FACE_OUTER_BOUND ( 'NONE', #2593, .T. ) ;
#220 = VECTOR ( 'NONE', #2394, 1000.000000000000000 ) ;
#221 = VERTEX_POINT ( 'NONE', #1874 ) ;
#222 = LINE ( 'NONE', #4083, #4632 ) ;
#223 = AXIS2_PLACEMENT_3D ( 'NONE', #5187, #3507, #1377 ) ;
#224 = CARTESIAN_POINT ( 'NONE',  ( 137.4171133454100016, -134.1749999999999829, 92.80999999999889383 ) ) ;
#225 = VERTEX_POINT ( 'NONE', #3226 ) ;
#226 = DIRECTION ( 'NONE',  ( 0.000000000000000000, -9.036110708595551378E-15, -1.000000000000000000 ) ) ;
#227 = CARTESIAN_POINT ( 'NONE',  ( 125.9448783421490106, -130.8094256212499999, 103.1643259181420120 ) ) ;
#228 = DIRECTION ( 'NONE',  ( 1.000000000000000000, 1.887379142593749877E-15, 1.700707699447170143E-14 ) ) ;
#229 = DIRECTION ( 'NONE',  ( 0.6069333205183417013, 0.3628111691287594365, -0.7071067811865493491 ) ) ;
#230 = VERTEX_POINT ( 'NONE', #4936 ) ;
#231 = CARTESIAN_POINT ( 'NONE',  ( 137.8171133454100072, -125.7500000000000000, 92.80999999999889383 ) ) ;
#232 = CARTESIAN_POINT ( 'NONE',  ( 171.7948783421490191, -130.8094256212499999, 107.7643259181420063 ) ) ;
#233 = DIRECTION ( 'NONE',  ( 0.000000000000000000, 4.446152921355859753E-16, -1.000000000000000000 ) ) ;
#234 = LINE ( 'NONE', #1159, #5301 ) ;
#235 = EDGE_CURVE ( 'NONE', #3944, #3961, #1888, .T. ) ;
#236 = CARTESIAN_POINT ( 'NONE',  ( 135.6171133454010089, -119.4624928209260020, 99.46432591814070179 ) ) ;
#237 = DIRECTION ( 'NONE',  ( -0.7071067811865650032, -0.7071067811865300312, -2.073949011534035371E-15 ) ) ;
#238 =( BOUNDED_CURVE ( )  B_SPLINE_CURVE ( 3, ( #1772, #5320, #3551, #2311 ),
 .UNSPECIFIED., .F., .F. ) 
 B_SPLINE_CURVE_WITH_KNOTS ( ( 4, 4 ),
 ( 4.873286007644019868, 6.283185307179590673 ),
 .UNSPECIFIED. ) 
 CURVE ( )  GEOMETRIC_REPRESENTATION_ITEM ( )  RATIONAL_B_SPLINE_CURVE ( ( 1.000000000000000000, 0.8410961196336330659, 0.8410961196336330659, 1.000000000000000000 ) ) 
 REPRESENTATION_ITEM ( '' )  );
#239 = VECTOR ( 'NONE', #1654, 1000.000000000000000 ) ;
#240 = EDGE_LOOP ( 'NONE', ( #5504, #1825, #3606, #1322, #194 ) ) ;
#241 = EDGE_LOOP ( 'NONE', ( #1884, #672, #4635, #5083 ) ) ;
#242 = ORIENTED_EDGE ( 'NONE', *, *, #2924, .T. ) ;
#243 = ADVANCED_FACE ( 'NONE', ( #1962 ), #4965, .T. ) ;
#244 = CIRCLE ( 'NONE', #3367, 13.60026375888591232 ) ;
#245 = ORIENTED_EDGE ( 'NONE', *, *, #1593, .F. ) ;
#246 = DIRECTION ( 'NONE',  ( 0.5927832416538389992, 0.5694769654754709975, -0.5694769654755279520 ) ) ;
#247 = VECTOR ( 'NONE', #1418, 1000.000000000000000 ) ;
#248 = ORIENTED_EDGE ( 'NONE', *, *, #4207, .F. ) ;
#249 = CARTESIAN_POINT ( 'NONE',  ( 149.5799945189830282, -136.9500000000019782, 89.48499999999999943 ) ) ;
#250 = DIRECTION ( 'NONE',  ( 0.000000000000000000, -5.006432955109510304E-15, -1.000000000000000000 ) ) ;
#251 = DIRECTION ( 'NONE',  ( 1.000000000000000000, 1.569712496704820600E-14, 2.418031965417650583E-14 ) ) ;
#252 = ORIENTED_EDGE ( 'NONE', *, *, #3301, .F. ) ;
#253 = ADVANCED_FACE ( 'NONE', ( #209 ), #2294, .F. ) ;
#254 = AXIS2_PLACEMENT_3D ( 'NONE', #717, #3898, #4374 ) ;
#255 = AXIS2_PLACEMENT_3D ( 'NONE', #537, #3984, #116 ) ;
#256 = FACE_OUTER_BOUND ( 'NONE', #4090, .T. ) ;
#257 = CARTESIAN_POINT ( 'NONE',  ( 172.7216946132480189, -119.8621712665460137, 104.2637974549800077 ) ) ;
#258 = DIRECTION ( 'NONE',  ( 0.000000000000000000, -5.006432955109510304E-15, -1.000000000000000000 ) ) ;
#259 = ORIENTED_EDGE ( 'NONE', *, *, #4580, .T. ) ;
#260 = CARTESIAN_POINT ( 'NONE',  ( 140.8629816855040247, -138.9795568043232663, 109.2472608036306383 ) ) ;
#261 = CARTESIAN_POINT ( 'NONE',  ( 163.0171133453979735, -132.8249999999999886, 89.88500000000000512 ) ) ;
#262 = CARTESIAN_POINT ( 'NONE',  ( 128.1077265380160100, -119.8613980543999986, 104.2630242428339926 ) ) ;
#263 = FACE_OUTER_BOUND ( 'NONE', #3090, .T. ) ;
#264 = LINE ( 'NONE', #3735, #1459 ) ;
#265 = EDGE_CURVE ( 'NONE', #1048, #38, #234, .T. ) ;
#266 = DIRECTION ( 'NONE',  ( -0.5130924759623228804, 0.8583333333331829573, 0.000000000000000000 ) ) ;
#267 = EDGE_CURVE ( 'NONE', #2577, #2236, #4015, .T. ) ;
#268 =( GEOMETRIC_REPRESENTATION_CONTEXT ( 3 ) GLOBAL_UNCERTAINTY_ASSIGNED_CONTEXT ( ( #3674 ) ) GLOBAL_UNIT_ASSIGNED_CONTEXT ( ( #3752, #2058, #5142 ) ) REPRESENTATION_CONTEXT ( 'NONE', 'WORKASPACE' ) );
#269 = ADVANCED_FACE ( 'NONE', ( #1936 ), #1073, .T. ) ;
#270 = ORIENTED_EDGE ( 'NONE', *, *, #4578, .T. ) ;
#271 = ORIENTED_EDGE ( 'NONE', *, *, #1248, .F. ) ;
#272 = ORIENTED_EDGE ( 'NONE', *, *, #3579, .F. ) ;
#273 = ORIENTED_EDGE ( 'NONE', *, *, #5321, .F. ) ;
#274 = LINE ( 'NONE', #2840, #928 ) ;
#275 = ORIENTED_EDGE ( 'NONE', *, *, #3453, .F. ) ;
#276 = EDGE_LOOP ( 'NONE', ( #3764, #1482, #2945, #3719, #2292 ) ) ;
#277 = DIRECTION ( 'NONE',  ( -1.000000000000000000, -1.762258769246290055E-14, 2.892304216119329995E-14 ) ) ;
#278 = PLANE ( 'NONE',  #2979 ) ;
#279 = CYLINDRICAL_SURFACE ( 'NONE', #5021, 1.950000000000007283 ) ;
#280 = ORIENTED_EDGE ( 'NONE', *, *, #734, .T. ) ;
#281 = EDGE_CURVE ( 'NONE', #548, #3231, #4627, .T. ) ;
#282 = CARTESIAN_POINT ( 'NONE',  ( 163.0171133453979735, -132.8249999999999886, 90.88499999999999091 ) ) ;
#283 = LINE ( 'NONE', #1037, #924 ) ;
#284 = FACE_OUTER_BOUND ( 'NONE', #5425, .T. ) ;
#285 = CARTESIAN_POINT ( 'NONE',  ( 166.8948783421490134, -130.8094256212499999, 102.9643259181420092 ) ) ;
#286 = DIRECTION ( 'NONE',  ( -1.000000000000000000, -3.965082230804126670E-15, 3.965082230804126670E-15 ) ) ;
#287 = FILL_AREA_STYLE_COLOUR ( '', #860 ) ;
#288 = CARTESIAN_POINT ( 'NONE',  ( 135.1768364872739880, -140.0624928209250015, 103.7997837525840055 ) ) ;
#289 = FACE_OUTER_BOUND ( 'NONE', #4280, .T. ) ;
#290 = LINE ( 'NONE', #2462, #2920 ) ;
#291 = ORIENTED_EDGE ( 'NONE', *, *, #1651, .F. ) ;
#292 = VECTOR ( 'NONE', #4330, 1000.000000000000000 ) ;
#293 = ORIENTED_EDGE ( 'NONE', *, *, #1996, .T. ) ;
#294 = LINE ( 'NONE', #5470, #2373 ) ;
#295 = ORIENTED_EDGE ( 'NONE', *, *, #2459, .F. ) ;
#296 = VECTOR ( 'NONE', #139, 1000.000000000000000 ) ;
#297 = VERTEX_POINT ( 'NONE', #5022 ) ;
#298 = LINE ( 'NONE', #4502, #1640 ) ;
#299 = ORIENTED_EDGE ( 'NONE', *, *, #819, .F. ) ;
#300 = ORIENTED_EDGE ( 'NONE', *, *, #4368, .T. ) ;
#301 = ADVANCED_FACE ( 'NONE', ( #2884, #4674 ), #5436, .F. ) ;
#302 = LINE ( 'NONE', #2005, #3908 ) ;
#303 = CARTESIAN_POINT ( 'NONE',  ( 163.0171133453989682, -130.0529310438300001, 92.46230441459120186 ) ) ;
#304 = ORIENTED_EDGE ( 'NONE', *, *, #4497, .F. ) ;
#305 = DIRECTION ( 'NONE',  ( -0.5927832416538488802, 0.5694769654754788801, -0.5694769654755097443 ) ) ;
#306 = VECTOR ( 'NONE', #1838, 1000.000000000000000 ) ;
#307 = DIRECTION ( 'NONE',  ( -2.418031965417649952E-14, 0.000000000000000000, 1.000000000000000000 ) ) ;
#308 = DIRECTION ( 'NONE',  ( 2.371361253508419939E-15, -2.810542046950450046E-15, 1.000000000000000000 ) ) ;
#309 = LINE ( 'NONE', #1540, #3245 ) ;
#310 = DIRECTION ( 'NONE',  ( 0.5927832416538231231, 0.5694769654755361676, 0.5694769654754791022 ) ) ;
#311 = CARTESIAN_POINT ( 'NONE',  ( 133.9990943959020058, -140.0624928209259963, 110.7643259181420063 ) ) ;
#312 = EDGE_CURVE ( 'NONE', #4679, #2695, #1756, .T. ) ;
#313 = CARTESIAN_POINT ( 'NONE',  ( 129.7216736896594682, -119.8623856366153291, 104.2640118250503320 ) ) ;
#314 = CARTESIAN_POINT ( 'NONE',  ( 136.9776768572590129, -119.6624928209260048, 104.0641190093599988 ) ) ;
#315 = ADVANCED_FACE ( 'NONE', ( #419 ), #3147, .F. ) ;
#316 = EDGE_CURVE ( 'NONE', #4772, #3419, #4148, .T. ) ;
#317 = ADVANCED_FACE ( 'NONE', ( #393 ), #2538, .T. ) ;
#318 = EDGE_LOOP ( 'NONE', ( #118, #2730, #1526, #4783 ) ) ;
#319 = EDGE_LOOP ( 'NONE', ( #4443, #2634, #3816, #2581, #3397 ) ) ;
#320 = DIRECTION ( 'NONE',  ( 1.000000000000000000, 1.569712496704820600E-14, 2.418031965417650583E-14 ) ) ;
#321 = EDGE_LOOP ( 'NONE', ( #2096, #5477, #1249, #4006 ) ) ;
#322 = ADVANCED_FACE ( 'NONE', ( #3335 ), #1258, .F. ) ;
#323 = AXIS2_PLACEMENT_3D ( 'NONE', #1860, #1196, #1447 ) ;
#324 = EDGE_CURVE ( 'NONE', #3298, #1406, #2913, .T. ) ;
#325 = ORIENTED_EDGE ( 'NONE', *, *, #2200, .T. ) ;
#326 = DIRECTION ( 'NONE',  ( 0.000000000000000000, -1.000000000000000000, 1.973846303234049855E-15 ) ) ;
#327 = ORIENTED_EDGE ( 'NONE', *, *, #1590, .T. ) ;
#328 = DIRECTION ( 'NONE',  ( -1.000000000000000000, -8.742289393079860116E-15, 2.371361253508389962E-15 ) ) ;
#329 = CARTESIAN_POINT ( 'NONE',  ( 172.7216841539284360, -119.8622784518216520, 107.2643333784634194 ) ) ;
#330 = DIRECTION ( 'NONE',  ( -0.5488750411662949302, 0.5910736794954709605, -0.5910736794955289142 ) ) ;
#331 = ADVANCED_FACE ( 'NONE', ( #4197 ), #2089, .T. ) ;
#332 = VERTEX_POINT ( 'NONE', #3784 ) ;
#333 = CIRCLE ( 'NONE', #3278, 2.750000000000002665 ) ;
#334 = AXIS2_PLACEMENT_3D ( 'NONE', #5213, #3081, #4794 ) ;
#335 = EDGE_CURVE ( 'NONE', #5365, #3097, #1524, .T. ) ;
#336 = EDGE_CURVE ( 'NONE', #1084, #1416, #3807, .T. ) ;
#337 = VECTOR ( 'NONE', #952, 1000.000000000000000 ) ;
#338 = LINE ( 'NONE', #1641, #872 ) ;
#339 = DIRECTION ( 'NONE',  ( 0.7071067811865480168, -3.540082692113730350E-15, -0.7071067811865470176 ) ) ;
#340 = PLANE ( 'NONE',  #112 ) ;
#341 = DIRECTION ( 'NONE',  ( 1.000000000000000000, 1.887379142593809830E-15, -2.371361253508410078E-15 ) ) ;
#342 = VECTOR ( 'NONE', #2878, 1000.000000000000000 ) ;
#343 = CLOSED_SHELL ( 'NONE', ( #1262, #871, #3989, #1733, #5482, #2632, #3330 ) ) ;
#344 = CARTESIAN_POINT ( 'NONE',  ( 130.1377302020020181, -119.4624928209260020, 103.8641190093600102 ) ) ;
#345 = DIRECTION ( 'NONE',  ( 1.000000000000000000, -7.120326166349700838E-29, 1.539220716937389985E-14 ) ) ;
#346 = FACE_OUTER_BOUND ( 'NONE', #2422, .T. ) ;
#347 = EDGE_LOOP ( 'NONE', ( #2044, #5445, #4559, #4888 ) ) ;
#348 = ADVANCED_FACE ( 'NONE', ( #5075 ), #2460, .T. ) ;
#349 = ORIENTED_EDGE ( 'NONE', *, *, #4955, .F. ) ;
#350 = DIRECTION ( 'NONE',  ( -3.364395267662362233E-15, 0.7071067811865130448, -0.7071067811865819897 ) ) ;
#351 = VERTEX_POINT ( 'NONE', #3412 ) ;
#352 = ORIENTED_EDGE ( 'NONE', *, *, #3122, .T. ) ;
#353 = EDGE_CURVE ( 'NONE', #3053, #3080, #2082, .T. ) ;
#354 = CARTESIAN_POINT ( 'NONE',  ( 126.8421133453909988, -128.9624941560699938, 102.7643259181419921 ) ) ;
#355 = ORIENTED_EDGE ( 'NONE', *, *, #730, .F. ) ;
#356 = FACE_OUTER_BOUND ( 'NONE', #2663, .T. ) ;
#357 = DIRECTION ( 'NONE',  ( -1.581958964696300110E-14, 1.000000000000000000, 0.000000000000000000 ) ) ;
#358 = ORIENTED_EDGE ( 'NONE', *, *, #5231, .T. ) ;
#359 = CARTESIAN_POINT ( 'NONE',  ( 133.7548072844953992, -127.4589430618281938, 109.0572180058413920 ) ) ;
#360 = ADVANCED_FACE ( 'NONE', ( #4650, #2960 ), #1279, .T. ) ;
#361 = FACE_OUTER_BOUND ( 'NONE', #2184, .T. ) ;
#362 = VECTOR ( 'NONE', #3091, 1000.000000000000000 ) ;
#363 = FACE_OUTER_BOUND ( 'NONE', #824, .T. ) ;
#364 = LINE ( 'NONE', #4243, #4545 ) ;
#365 = FACE_OUTER_BOUND ( 'NONE', #3024, .T. ) ;
#366 = DIRECTION ( 'NONE',  ( 2.846725704167057308E-14, 0.000000000000000000, -1.000000000000000000 ) ) ;
#367 = VECTOR ( 'NONE', #3297, 1000.000000000000000 ) ;
#368 = CARTESIAN_POINT ( 'NONE',  ( 170.9225134807950042, -119.6619454376629932, 105.0811190093599947 ) ) ;
#369 = CARTESIAN_POINT ( 'NONE',  ( 147.7171133453940115, -119.4624928209260020, 102.5143259285349870 ) ) ;
#370 = VECTOR ( 'NONE', #4782, 1000.000000000000000 ) ;
#371 = PLANE ( 'NONE',  #4087 ) ;
#372 = ORIENTED_EDGE ( 'NONE', *, *, #1961, .T. ) ;
#373 = EDGE_LOOP ( 'NONE', ( #4135, #992, #5178, #2813, #777 ) ) ;
#374 = PLANE ( 'NONE',  #4080 ) ;
#375 = ORIENTED_EDGE ( 'NONE', *, *, #1313, .T. ) ;
#376 =( BOUNDED_CURVE ( )  B_SPLINE_CURVE ( 3, ( #4425, #3136, #4815, #1806 ),
 .UNSPECIFIED., .F., .F. ) 
 B_SPLINE_CURVE_WITH_KNOTS ( ( 4, 4 ),
 ( 1.390749933834101837, 1.391335562529376180 ),
 .UNSPECIFIED. ) 
 CURVE ( )  GEOMETRIC_REPRESENTATION_ITEM ( )  RATIONAL_B_SPLINE_CURVE ( ( 1.000000000000000000, 0.9999999714199190315, 0.9999999714199190315, 1.000000000000000000 ) ) 
 REPRESENTATION_ITEM ( '' )  );
#377 = EDGE_LOOP ( 'NONE', ( #4351, #1268, #4254, #4689 ) ) ;
#378 = DIRECTION ( 'NONE',  ( 2.846725704167057308E-14, 0.000000000000000000, -1.000000000000000000 ) ) ;
#379 = ORIENTED_EDGE ( 'NONE', *, *, #4774, .F. ) ;
#380 = VECTOR ( 'NONE', #4817, 1000.000000000000000 ) ;
#381 = DIRECTION ( 'NONE',  ( 0.000000000000000000, 0.000000000000000000, 1.000000000000000000 ) ) ;
#382 = EDGE_CURVE ( 'NONE', #964, #1776, #4957, .T. ) ;
#383 = ORIENTED_EDGE ( 'NONE', *, *, #4147, .T. ) ;
#384 = DIRECTION ( 'NONE',  ( 7.729780675112701231E-15, 0.7071067811865320296, -0.7071067811865631159 ) ) ;
#385 = AXIS2_PLACEMENT_3D ( 'NONE', #471, #3, #4277 ) ;
#386 = CARTESIAN_POINT ( 'NONE',  ( 167.7363783421489813, -130.8094256212499999, 102.7643259181419921 ) ) ;
#387 = LINE ( 'NONE', #2507, #5161 ) ;
#388 = DIRECTION ( 'NONE',  ( -0.9270883662000237724, -0.2650539197380530898, -0.2650539207181519807 ) ) ;
#389 = PLANE ( 'NONE',  #991 ) ;
#390 = CARTESIAN_POINT ( 'NONE',  ( 127.7373004235730036, -119.4624928209260020, 103.8641190093600102 ) ) ;
#391 = EDGE_CURVE ( 'NONE', #1169, #351, #1724, .T. ) ;
#392 = VECTOR ( 'NONE', #558, 1000.000000000000114 ) ;
#393 = FACE_OUTER_BOUND ( 'NONE', #3026, .T. ) ;
#394 = CARTESIAN_POINT ( 'NONE',  ( 133.5086695863410000, -138.4624928209260020, 109.7643247870279879 ) ) ;
#395 = PLANE ( 'NONE',  #385 ) ;
#396 = DIRECTION ( 'NONE',  ( 1.283242672720062052E-15, 0.000000000000000000, 1.000000000000000000 ) ) ;
#397 = VECTOR ( 'NONE', #1407, 1000.000000000000000 ) ;
#398 = VERTEX_POINT ( 'NONE', #1333 ) ;
#399 = VERTEX_POINT ( 'NONE', #3554 ) ;
#400 = CARTESIAN_POINT ( 'NONE',  ( 163.0171133453979735, -129.6529310438299945, 89.88500000000000512 ) ) ;
#401 = EDGE_LOOP ( 'NONE', ( #3545, #2443, #2940, #2524 ) ) ;
#402 = ORIENTED_EDGE ( 'NONE', *, *, #5382, .F. ) ;
#403 = CARTESIAN_POINT ( 'NONE',  ( 161.6580483413425782, -136.0420948516147064, 95.25719810228983420 ) ) ;
#404 = VERTEX_POINT ( 'NONE', #947 ) ;
#405 = EDGE_CURVE ( 'NONE', #3261, #3568, #5264, .T. ) ;
#406 = ORIENTED_EDGE ( 'NONE', *, *, #3277, .T. ) ;
#407 = AXIS2_PLACEMENT_3D ( 'NONE', #1417, #2216, #971 ) ;
#408 = FACE_OUTER_BOUND ( 'NONE', #3686, .T. ) ;
#409 = CARTESIAN_POINT ( 'NONE',  ( 165.7548175178120005, -119.8624928209249987, 104.2641190093600017 ) ) ;
#410 = EDGE_CURVE ( 'NONE', #2901, #3744, #4393, .T. ) ;
#411 = DIRECTION ( 'NONE',  ( 0.000000000000000000, 1.407292413469239864E-15, 1.000000000000000000 ) ) ;
#412 = AXIS2_PLACEMENT_3D ( 'NONE', #2347, #3622, #646 ) ;
#414 = DIRECTION ( 'NONE',  ( -2.748129594203400391E-15, -1.926745932492380336E-15, -1.000000000000000000 ) ) ;
#413 = VECTOR ( 'NONE', #472, 1000.000000000000000 ) ;
#415 = DIRECTION ( 'NONE',  ( -9.227827737143710103E-15, 1.000000000000000000, 0.000000000000000000 ) ) ;
#416 = DIRECTION ( 'NONE',  ( -1.000000000000000000, -2.009843820287899953E-15, 2.013492974027690046E-14 ) ) ;
#417 = CIRCLE ( 'NONE', #5429, 1.950000000000007283 ) ;
#418 = EDGE_CURVE ( 'NONE', #2950, #4287, #3038, .T. ) ;
#419 = FACE_OUTER_BOUND ( 'NONE', #4234, .T. ) ;
#420 = DIRECTION ( 'NONE',  ( 1.000000000000000000, 0.000000000000000000, 0.000000000000000000 ) ) ;
#421 = CIRCLE ( 'NONE', #3552, 2.108500000000013141 ) ;
#422 = CARTESIAN_POINT ( 'NONE',  ( 160.1768364872739880, -140.4624928209240124, 103.7997837525840055 ) ) ;
#423 = DIRECTION ( 'NONE',  ( -0.7071067811865650032, 0.7071067811865300312, 1.987353405910494991E-15 ) ) ;
#424 = EDGE_CURVE ( 'NONE', #2392, #1050, #3463, .T. ) ;
#425 = AXIS2_PLACEMENT_3D ( 'NONE', #1059, #2449, #2815 ) ;
#426 = ORIENTED_EDGE ( 'NONE', *, *, #5463, .F. ) ;
#427 = EDGE_CURVE ( 'NONE', #3928, #2526, #1554, .T. ) ;
#428 = ORIENTED_EDGE ( 'NONE', *, *, #3583, .F. ) ;
#429 = EDGE_CURVE ( 'NONE', #3573, #1776, #5150, .T. ) ;
#430 = DIRECTION ( 'NONE',  ( 0.7071067811865480168, 3.540082692113730350E-15, 0.7071067811865470176 ) ) ;
#431 = ORIENTED_EDGE ( 'NONE', *, *, #2894, .T. ) ;
#432 = ORIENTED_EDGE ( 'NONE', *, *, #1575, .F. ) ;
#433 = LINE ( 'NONE', #2474, #5052 ) ;
#434 = ORIENTED_EDGE ( 'NONE', *, *, #4858, .T. ) ;
#435 = ORIENTED_EDGE ( 'NONE', *, *, #312, .T. ) ;
#436 = DIRECTION ( 'NONE',  ( -9.227827737143710103E-15, 1.000000000000000000, 2.810542046950470162E-15 ) ) ;
#437 = CARTESIAN_POINT ( 'NONE',  ( 174.2171132998489895, -140.4624928209230177, 100.7500000000189999 ) ) ;
#438 = FACE_OUTER_BOUND ( 'NONE', #1440, .T. ) ;
#439 = DIRECTION ( 'NONE',  ( 9.227827737143710103E-15, -1.000000000000000000, -3.764665582243560057E-16 ) ) ;
#440 = CARTESIAN_POINT ( 'NONE',  ( 151.4497566843000129, -121.1624928209239869, 93.59749282092350597 ) ) ;
#441 = AXIS2_PLACEMENT_3D ( 'NONE', #4051, #3292, #4081 ) ;
#442 = DIRECTION ( 'NONE',  ( -1.539220716937389985E-14, 0.000000000000000000, 1.000000000000000000 ) ) ;
#443 = CARTESIAN_POINT ( 'NONE',  ( 129.7216632204440145, -119.8624928209259934, 104.2641190093600017 ) ) ;
#444 = CARTESIAN_POINT ( 'NONE',  ( 131.2795827862140072, -133.5369318198630140, 96.06432591814069610 ) ) ;
#445 = LINE ( 'NONE', #1699, #3279 ) ;
#446 = VECTOR ( 'NONE', #2846, 1000.000000000000000 ) ;
#447 = ORIENTED_EDGE ( 'NONE', *, *, #4915, .T. ) ;
#448 = ORIENTED_EDGE ( 'NONE', *, *, #5292, .T. ) ;
#449 = VECTOR ( 'NONE', #643, 1000.000000000000000 ) ;
#450 = CARTESIAN_POINT ( 'NONE',  ( 136.9776768572590129, -119.8624928209259934, 104.2641190093600017 ) ) ;
#451 = ORIENTED_EDGE ( 'NONE', *, *, #3325, .T. ) ;
#452 = FACE_OUTER_BOUND ( 'NONE', #3184, .T. ) ;
#453 = ORIENTED_EDGE ( 'NONE', *, *, #1653, .T. ) ;
#454 = DIRECTION ( 'NONE',  ( 1.000000000000000000, 2.009843822508529990E-15, -2.616290610029150035E-15 ) ) ;
#455 = VECTOR ( 'NONE', #721, 1000.000000000000000 ) ;
#456 = ORIENTED_EDGE ( 'NONE', *, *, #2704, .F. ) ;
#457 = VECTOR ( 'NONE', #3175, 1000.000000000000000 ) ;
#458 = EDGE_LOOP ( 'NONE', ( #3580, #1446, #1660, #5242 ) ) ;
#459 = DIRECTION ( 'NONE',  ( -2.616290610029150035E-15, -5.006432955109500838E-15, -1.000000000000000000 ) ) ;
#460 = EDGE_CURVE ( 'NONE', #2149, #1055, #136, .T. ) ;
#461 = VECTOR ( 'NONE', #3275, 1000.000000000000000 ) ;
#462 = CARTESIAN_POINT ( 'NONE',  ( 163.0171133453999914, -131.4249999999999829, 94.43716295906880021 ) ) ;
#463 = LINE ( 'NONE', #1744, #608 ) ;
#464 = DIRECTION ( 'NONE',  ( 2.418031965417649952E-14, 2.810542046950679999E-15, -1.000000000000000000 ) ) ;
#465 = CARTESIAN_POINT ( 'NONE',  ( 169.4448783421489964, -130.8094256212499999, 110.5643259181420035 ) ) ;
#466 = AXIS2_PLACEMENT_3D ( 'NONE', #5465, #4491, #705 ) ;
#467 = DIRECTION ( 'NONE',  ( -1.569712496704820284E-14, 1.000000000000000000, -2.529453808884130036E-15 ) ) ;
#468 = CARTESIAN_POINT ( 'NONE',  ( 160.9671133453959726, -138.9624928209260020, 90.98499999999999943 ) ) ;
#469 = ORIENTED_EDGE ( 'NONE', *, *, #281, .F. ) ;
#470 = DIRECTION ( 'NONE',  ( 0.000000000000000000, 1.926745932492380336E-15, 1.000000000000000000 ) ) ;
#471 = CARTESIAN_POINT ( 'NONE',  ( 121.2170679492020042, -119.4624950404660098, 102.7500000000259917 ) ) ;
#472 = DIRECTION ( 'NONE',  ( -1.000000000000000000, -2.009843820287899953E-15, 2.013573617522080373E-14 ) ) ;
#473 = EDGE_CURVE ( 'NONE', #1164, #1700, #1805, .T. ) ;
#474 = AXIS2_PLACEMENT_3D ( 'NONE', #1511, #4088, #618 ) ;
#475 = ORIENTED_EDGE ( 'NONE', *, *, #5393, .T. ) ;
#476 = ORIENTED_EDGE ( 'NONE', *, *, #2398, .F. ) ;
#477 = AXIS2_PLACEMENT_3D ( 'NONE', #941, #5256, #5168 ) ;
#478 = CARTESIAN_POINT ( 'NONE',  ( 163.0171133453979735, -136.5250000000000057, 89.88500000000000512 ) ) ;
#479 = ORIENTED_EDGE ( 'NONE', *, *, #4147, .F. ) ;
#480 = EDGE_CURVE ( 'NONE', #3971, #1701, #1749, .T. ) ;
#481 = LINE ( 'NONE', #2477, #2111 ) ;
#482 = ORIENTED_EDGE ( 'NONE', *, *, #2241, .T. ) ;
#483 = CARTESIAN_POINT ( 'NONE',  ( 140.1064472282390057, -139.4624928209260020, 108.7643247870279879 ) ) ;
#484 = ORIENTED_EDGE ( 'NONE', *, *, #265, .F. ) ;
#485 = ORIENTED_EDGE ( 'NONE', *, *, #6, .F. ) ;
#486 = EDGE_CURVE ( 'NONE', #3321, #699, #918, .T. ) ;
#487 = ORIENTED_EDGE ( 'NONE', *, *, #5055, .T. ) ;
#488 = CARTESIAN_POINT ( 'NONE',  ( 165.7548175178120005, -119.8624928209249987, 107.2641190093600017 ) ) ;
#489 = EDGE_CURVE ( 'NONE', #4265, #297, #5203, .T. ) ;
#490 = ORIENTED_EDGE ( 'NONE', *, *, #493, .F. ) ;
#491 = PLANE ( 'NONE',  #3806 ) ;
#492 = DIRECTION ( 'NONE',  ( 1.000000000000000000, -2.437722066003950056E-28, -2.371361224626600301E-15 ) ) ;
#493 = EDGE_CURVE ( 'NONE', #3568, #2901, #4301, .T. ) ;
#494 = CARTESIAN_POINT ( 'NONE',  ( 135.1768364872739880, -119.4624928209260020, 103.7997837525840055 ) ) ;
#495 = CARTESIAN_POINT ( 'NONE',  ( 151.1600000000079831, -133.5000000000000000, 94.83499999999838792 ) ) ;
#496 = CIRCLE ( 'NONE', #3634, 1.574999999999993072 ) ;
#497 = DIRECTION ( 'NONE',  ( -1.000000000000000000, -1.654943585967730237E-14, 2.371361274187980218E-15 ) ) ;
#498 = DIRECTION ( 'NONE',  ( 5.220468756188232617E-16, 0.7071067811865819897, 0.7071067811865130448 ) ) ;
#499 = CARTESIAN_POINT ( 'NONE',  ( 143.9500000000089983, -136.9500000000019782, 95.03499999999830550 ) ) ;
#500 = ORIENTED_EDGE ( 'NONE', *, *, #2942, .T. ) ;
#501 = CARTESIAN_POINT ( 'NONE',  ( 122.7547861250079961, -119.8621712665460137, 104.2637974549800077 ) ) ;
#502 = DIRECTION ( 'NONE',  ( -1.887379142593809830E-15, 1.000000000000000000, 2.810542046950460301E-15 ) ) ;
#503 = DIRECTION ( 'NONE',  ( 3.965082230804110893E-15, 4.430635266668075387E-15, 1.000000000000000000 ) ) ;
#504 = CIRCLE ( 'NONE', #2376, 2.750000000000002665 ) ;
#505 = AXIS2_PLACEMENT_3D ( 'NONE', #3810, #4226, #5177 ) ;
#506 = ORIENTED_EDGE ( 'NONE', *, *, #5495, .F. ) ;
#507 = AXIS2_PLACEMENT_3D ( 'NONE', #2276, #3159, #1448 ) ;
#508 = DIRECTION ( 'NONE',  ( 4.032935767706590036E-15, -1.926745932492370081E-15, -1.000000000000000000 ) ) ;
#509 = CARTESIAN_POINT ( 'NONE',  ( 137.2796133453929883, -119.4624928209260020, 102.7643259181419921 ) ) ;
#510 = ORIENTED_EDGE ( 'NONE', *, *, #4368, .F. ) ;
#511 = CARTESIAN_POINT ( 'NONE',  ( 174.2171132998470000, -119.4624950404660098, 102.7500000000189857 ) ) ;
#512 = EDGE_CURVE ( 'NONE', #2763, #2609, #2661, .T. ) ;
#513 = AXIS2_PLACEMENT_3D ( 'NONE', #1173, #4590, #1974 ) ;
#514 = CIRCLE ( 'NONE', #255, 1.700000000000007061 ) ;
#515 = EDGE_CURVE ( 'NONE', #4847, #4282, #4362, .T. ) ;
#516 = ORIENTED_EDGE ( 'NONE', *, *, #5071, .F. ) ;
#517 = EDGE_LOOP ( 'NONE', ( #1368, #2427, #2701, #4181 ) ) ;
#518 = ORIENTED_EDGE ( 'NONE', *, *, #1251, .F. ) ;
#519 = EDGE_CURVE ( 'NONE', #2696, #970, #2989, .T. ) ;
#520 = ORIENTED_EDGE ( 'NONE', *, *, #4904, .F. ) ;
#521 = CARTESIAN_POINT ( 'NONE',  ( 122.0986563195288426, -119.9816754860430450, 110.6755523146616440 ) ) ;
#522 = ORIENTED_EDGE ( 'NONE', *, *, #5530, .T. ) ;
#523 = CARTESIAN_POINT ( 'NONE',  ( 143.4400000000080126, -132.5999999999999943, 92.80999999999869488 ) ) ;
#524 = CARTESIAN_POINT ( 'NONE',  ( 125.9448783421490106, -130.8094256212499999, 107.7643259181420063 ) ) ;
#525 = AXIS2_PLACEMENT_3D ( 'NONE', #1715, #384, #2530 ) ;
#526 = CARTESIAN_POINT ( 'NONE',  ( 151.4497566842990182, -120.4624928209260020, 89.48499999999999943 ) ) ;
#527 = LINE ( 'NONE', #4839, #2336 ) ;
#528 = ADVANCED_FACE ( 'NONE', ( #48 ), #4332, .T. ) ;
#529 = DIRECTION ( 'NONE',  ( 1.000000000000000000, 0.000000000000000000, 0.000000000000000000 ) ) ;
#530 = CARTESIAN_POINT ( 'NONE',  ( 137.4171133454100016, -127.3249999999999886, 92.80999999999889383 ) ) ;
#531 = DIRECTION ( 'NONE',  ( -1.366188465875306156E-15, 0.000000000000000000, 1.000000000000000000 ) ) ;
#532 = ORIENTED_EDGE ( 'NONE', *, *, #4452, .F. ) ;
#533 = CARTESIAN_POINT ( 'NONE',  ( 132.4171133454029814, -134.6744623790540061, 89.84874807970639665 ) ) ;
#534 = DIRECTION ( 'NONE',  ( 0.000000000000000000, -1.000000000000000000, -4.625929269271481378E-15 ) ) ;
#535 = LINE ( 'NONE', #647, #2103 ) ;
#536 = ORIENTED_EDGE ( 'NONE', *, *, #4401, .T. ) ;
#537 = CARTESIAN_POINT ( 'NONE',  ( 135.1768364872739880, -119.4624928209260020, 103.7997837525840055 ) ) ;
#538 = CARTESIAN_POINT ( 'NONE',  ( 169.4448783421489964, -130.9094256212499943, 107.7643259181420063 ) ) ;
#539 = VERTEX_POINT ( 'NONE', #4275 ) ;
#540 = PLANE ( 'NONE',  #5512 ) ;
#541 = AXIS2_PLACEMENT_3D ( 'NONE', #4170, #341, #914 ) ;
#542 = EDGE_LOOP ( 'NONE', ( #2476, #4189, #3059, #270, #133 ) ) ;
#543 = CARTESIAN_POINT ( 'NONE',  ( 167.3689531356959890, -119.8624928209249987, 104.2641190093600017 ) ) ;
#544 = ORIENTED_EDGE ( 'NONE', *, *, #1375, .F. ) ;
#545 = VERTEX_POINT ( 'NONE', #3135 ) ;
#546 = EDGE_LOOP ( 'NONE', ( #4421, #844 ) ) ;
#547 = EDGE_CURVE ( 'NONE', #1119, #820, #202, .T. ) ;
#548 = VERTEX_POINT ( 'NONE', #5350 ) ;
#549 = LINE ( 'NONE', #1326, #1388 ) ;
#550 = LINE ( 'NONE', #2247, #2475 ) ;
#551 = ADVANCED_FACE ( 'NONE', ( #4511 ), #2709, .T. ) ;
#552 = LINE ( 'NONE', #3128, #807 ) ;
#553 = VERTEX_POINT ( 'NONE', #1092 ) ;
#554 = CARTESIAN_POINT ( 'NONE',  ( 122.1508943902840088, -119.4624928209260020, 109.7643247870269931 ) ) ;
#555 =( BOUNDED_CURVE ( )  B_SPLINE_CURVE ( 3, ( #4144, #260, #1124, #3331 ),
 .UNSPECIFIED., .F., .F. ) 
 B_SPLINE_CURVE_WITH_KNOTS ( ( 4, 4 ),
 ( 0.3113315170339704951, 1.096729680431145937 ),
 .UNSPECIFIED. ) 
 CURVE ( )  GEOMETRIC_REPRESENTATION_ITEM ( )  RATIONAL_B_SPLINE_CURVE ( ( 1.000000000000000000, 0.9492530216742259830, 0.9492530216742259830, 1.000000000000000000 ) ) 
 REPRESENTATION_ITEM ( '' )  );
#556 = AXIS2_PLACEMENT_3D ( 'NONE', #5493, #2961, #420 ) ;
#557 = DIRECTION ( 'NONE',  ( 0.000000000000000000, -7.223637016929600039E-14, -1.000000000000000000 ) ) ;
#558 = DIRECTION ( 'NONE',  ( -0.7071067811843809725, -0.7071067811887139509, 1.551272216823340178E-14 ) ) ;
#559 = FACE_OUTER_BOUND ( 'NONE', #5085, .T. ) ;
#560 = EDGE_CURVE ( 'NONE', #4291, #3092, #5294, .T. ) ;
#561 = CARTESIAN_POINT ( 'NONE',  ( 135.2695481926000127, -138.7607955905299946, 112.0660231485369849 ) ) ;
#562 = LINE ( 'NONE', #922, #4252 ) ;
#563 = DIRECTION ( 'NONE',  ( -1.000000000000000000, -3.965082230804126670E-15, 3.965082230804126670E-15 ) ) ;
#564 = VECTOR ( 'NONE', #1931, 1000.000000000000000 ) ;
#565 = ORIENTED_EDGE ( 'NONE', *, *, #2212, .F. ) ;
#566 = LINE ( 'NONE', #5179, #3456 ) ;
#567 = DIRECTION ( 'NONE',  ( 1.000000000000000000, 9.227827737143710103E-15, -2.371361224627550089E-15 ) ) ;
#568 = ORIENTED_EDGE ( 'NONE', *, *, #3709, .T. ) ;
#569 = DIRECTION ( 'NONE',  ( -0.3893397349945829644, 0.6513119723889599921, 0.6513119723889239099 ) ) ;
#570 = EDGE_CURVE ( 'NONE', #2547, #1244, #2369, .T. ) ;
#571 = EDGE_CURVE ( 'NONE', #5471, #4860, #4453, .T. ) ;
#572 = ORIENTED_EDGE ( 'NONE', *, *, #5136, .F. ) ;
#573 = VECTOR ( 'NONE', #5230, 1000.000000000000000 ) ;
#574 = DIRECTION ( 'NONE',  ( -9.227827737143710103E-15, 1.000000000000000000, 2.810542046950470162E-15 ) ) ;
#575 = ORIENTED_EDGE ( 'NONE', *, *, #5390, .F. ) ;
#576 = ORIENTED_EDGE ( 'NONE', *, *, #4578, .F. ) ;
#577 = ORIENTED_EDGE ( 'NONE', *, *, #5136, .T. ) ;
#578 = ORIENTED_EDGE ( 'NONE', *, *, #655, .F. ) ;
#579 = DIRECTION ( 'NONE',  ( 1.000000000000000000, 9.227827737143710103E-15, -2.371361224627550089E-15 ) ) ;
#580 = ORIENTED_EDGE ( 'NONE', *, *, #5487, .T. ) ;
#581 = DIRECTION ( 'NONE',  ( -9.227827737143970427E-15, 1.000000000000000000, 0.000000000000000000 ) ) ;
#582 = DIRECTION ( 'NONE',  ( 1.000000000000000000, 6.501293528964940867E-15, -2.013492943509530237E-14 ) ) ;
#583 = CARTESIAN_POINT ( 'NONE',  ( 151.4497566842988476, -133.8999999999999773, 95.03499999999846182 ) ) ;
#584 = ORIENTED_EDGE ( 'NONE', *, *, #4705, .T. ) ;
#585 = DIRECTION ( 'NONE',  ( -1.000000000000000000, -1.762258769246290055E-14, 2.892304216119329995E-14 ) ) ;
#586 = CARTESIAN_POINT ( 'NONE',  ( 165.7547861250089909, -119.8621712665460137, 104.2637974549800077 ) ) ;
#587 = EDGE_CURVE ( 'NONE', #644, #4801, #3618, .T. ) ;
#588 = CARTESIAN_POINT ( 'NONE',  ( 159.8171133454009976, -119.4624928209269967, 100.9893259233345901 ) ) ;
#589 = CARTESIAN_POINT ( 'NONE',  ( 143.9500000000079751, -120.4624928209260020, 93.02678795907030462 ) ) ;
#590 = VERTEX_POINT ( 'NONE', #3644 ) ;
#591 = CARTESIAN_POINT ( 'NONE',  ( 133.9380476110822826, -136.1953966447322557, 90.09559568528642615 ) ) ;
#592 = CARTESIAN_POINT ( 'NONE',  ( 137.4171133454100016, -129.3000000000012051, 92.80999999999889383 ) ) ;
#593 = LINE ( 'NONE', #2288, #1748 ) ;
#594 =( BOUNDED_CURVE ( )  B_SPLINE_CURVE ( 3, ( #1572, #313, #1127, #3203 ),
 .UNSPECIFIED., .F., .F. ) 
 B_SPLINE_CURVE_WITH_KNOTS ( ( 4, 4 ),
 ( 1.473430298577673936, 1.473522608051599958 ),
 .UNSPECIFIED. ) 
 CURVE ( )  GEOMETRIC_REPRESENTATION_ITEM ( )  RATIONAL_B_SPLINE_CURVE ( ( 1.000000000000000000, 0.9999999992899130108, 0.9999999992899130108, 1.000000000000000000 ) ) 
 REPRESENTATION_ITEM ( '' )  );
#595 = EDGE_CURVE ( 'NONE', #2577, #2360, #2283, .T. ) ;
#596 = ORIENTED_EDGE ( 'NONE', *, *, #4706, .T. ) ;
#597 = CARTESIAN_POINT ( 'NONE',  ( 156.5497566843020252, -131.4249999999999829, 91.68993233009069854 ) ) ;
#598 = CARTESIAN_POINT ( 'NONE',  ( 122.7547965843290001, -119.8622784518216520, 104.2639046402566549 ) ) ;
#599 = CARTESIAN_POINT ( 'NONE',  ( 127.8533783421490000, -130.8094256212499999, 110.5643259181420035 ) ) ;
#600 = VECTOR ( 'NONE', #4399, 1000.000000000000114 ) ;
#601 = VECTOR ( 'NONE', #3599, 1000.000000000000000 ) ;
#602 = EDGE_CURVE ( 'NONE', #1431, #4709, #1928, .T. ) ;
#603 = EDGE_CURVE ( 'NONE', #5441, #2171, #283, .T. ) ;
#604 = VERTEX_POINT ( 'NONE', #2822 ) ;
#605 = AXIS2_PLACEMENT_3D ( 'NONE', #4400, #2746, #563 ) ;
#606 = VERTEX_POINT ( 'NONE', #4841 ) ;
#607 = EDGE_LOOP ( 'NONE', ( #2817, #3232, #792, #2403 ) ) ;
#608 = VECTOR ( 'NONE', #2562, 1000.000000000000000 ) ;
#609 = ORIENTED_EDGE ( 'NONE', *, *, #4041, .T. ) ;
#610 = DIRECTION ( 'NONE',  ( 0.000000000000000000, -1.000000000000000000, -4.625929269271481378E-15 ) ) ;
#611 = ORIENTED_EDGE ( 'NONE', *, *, #2113, .F. ) ;
#612 = CARTESIAN_POINT ( 'NONE',  ( 163.0171133453999914, -127.3249999999999886, 92.80999999999698957 ) ) ;
#613 = CARTESIAN_POINT ( 'NONE',  ( 162.6382339180070176, -135.0619092749449806, 94.46374237216109293 ) ) ;
#614 = CARTESIAN_POINT ( 'NONE',  ( 137.2768364872739824, -140.4624928209250072, 103.7997837525840055 ) ) ;
#615 = ORIENTED_EDGE ( 'NONE', *, *, #5374, .F. ) ;
#616 = CARTESIAN_POINT ( 'NONE',  ( 122.3818423357109992, -140.4624928209260020, 110.3643259181420007 ) ) ;
#617 = CARTESIAN_POINT ( 'NONE',  ( 161.2171130401620189, -119.4624950404660098, 103.6640618979689918 ) ) ;
#618 = DIRECTION ( 'NONE',  ( 0.000000000000000000, -4.366703844392875920E-15, -1.000000000000000000 ) ) ;
#619 = DIRECTION ( 'NONE',  ( 0.5773502691896271743, -0.5773502691896120753, 0.5773502691896381656 ) ) ;
#620 = ORIENTED_EDGE ( 'NONE', *, *, #4706, .F. ) ;
#621 = LINE ( 'NONE', #561, #4945 ) ;
#622 = CARTESIAN_POINT ( 'NONE',  ( 137.4171133454100016, -134.1938512425049908, 92.80999999999698957 ) ) ;
#623 = DIRECTION ( 'NONE',  ( 0.000000000000000000, -1.000000000000000000, 6.071242150050820816E-15 ) ) ;
#624 = DIRECTION ( 'NONE',  ( 1.000000000000000000, -7.867353525348019859E-29, 1.700707699447170143E-14 ) ) ;
#625 = DIRECTION ( 'NONE',  ( 0.000000000000000000, -1.000000000000000000, -4.625929269271481378E-15 ) ) ;
#626 = CARTESIAN_POINT ( 'NONE',  ( 162.3100065642109939, -135.3901366287419989, 89.48499999999820886 ) ) ;
#627 =( BOUNDED_CURVE ( )  B_SPLINE_CURVE ( 3, ( #3645, #3619, #1512, #2794 ),
 .UNSPECIFIED., .F., .F. ) 
 B_SPLINE_CURVE_WITH_KNOTS ( ( 4, 4 ),
 ( 1.640345928091314853, 3.141592653589900141 ),
 .UNSPECIFIED. ) 
 CURVE ( )  GEOMETRIC_REPRESENTATION_ITEM ( )  RATIONAL_B_SPLINE_CURVE ( ( 1.000000000000000000, 0.8208425456864220093, 0.8208425456864220093, 1.000000000000000000 ) ) 
 REPRESENTATION_ITEM ( '' )  );
#628 = ORIENTED_EDGE ( 'NONE', *, *, #4375, .F. ) ;
#629 = ORIENTED_EDGE ( 'NONE', *, *, #2724, .T. ) ;
#630 = ORIENTED_EDGE ( 'NONE', *, *, #4974, .F. ) ;
#631 = AXIS2_PLACEMENT_3D ( 'NONE', #4810, #3970, #2647 ) ;
#632 = ORIENTED_EDGE ( 'NONE', *, *, #4697, .F. ) ;
#633 = LINE ( 'NONE', #714, #4070 ) ;
#634 = ORIENTED_EDGE ( 'NONE', *, *, #4575, .F. ) ;
#635 = CIRCLE ( 'NONE', #4934, 2.099999999999990763 ) ;
#636 = DIRECTION ( 'NONE',  ( 2.371361224627570205E-15, -2.810542046950450046E-15, 1.000000000000000000 ) ) ;
#637 = CARTESIAN_POINT ( 'NONE',  ( 135.2714957719289828, -139.4624928209260020, 108.7643247870279879 ) ) ;
#638 = ORIENTED_EDGE ( 'NONE', *, *, #1986, .T. ) ;
#639 = FACE_OUTER_BOUND ( 'NONE', #3142, .T. ) ;
#640 = ADVANCED_FACE ( 'NONE', ( #1008 ), #2765, .T. ) ;
#641 = DIRECTION ( 'NONE',  ( 1.581958964696290013E-14, -1.000000000000000000, -2.810542139866929933E-15 ) ) ;
#642 = CARTESIAN_POINT ( 'NONE',  ( 160.9671133226209747, -119.4624928209260020, 100.7500000000195968 ) ) ;
#643 = DIRECTION ( 'NONE',  ( -1.000000000000000000, -2.009843820287880231E-15, 2.330637149875950107E-14 ) ) ;
#644 = VERTEX_POINT ( 'NONE', #697 ) ;
#645 = CARTESIAN_POINT ( 'NONE',  ( 138.2051437872769952, -140.4624928209260020, 92.48499999999999943 ) ) ;
#646 = DIRECTION ( 'NONE',  ( 0.000000000000000000, -1.000000000000000000, 2.529453808883810153E-15 ) ) ;
#647 = CARTESIAN_POINT ( 'NONE',  ( 173.2833321446829871, -119.4624950404660098, 110.7643259181420063 ) ) ;
#648 = AXIS2_PLACEMENT_3D ( 'NONE', #4360, #2279, #3162 ) ;
#649 = LINE ( 'NONE', #5302, #1445 ) ;
#650 = CIRCLE ( 'NONE', #1101, 2.500000000000002220 ) ;
#651 = FACE_BOUND ( 'NONE', #5252, .T. ) ;
#652 = EDGE_CURVE ( 'NONE', #548, #4764, #4483, .T. ) ;
#653 = PLANE ( 'NONE',  #2282 ) ;
#654 = ORIENTED_EDGE ( 'NONE', *, *, #2491, .F. ) ;
#655 = EDGE_CURVE ( 'NONE', #1738, #3119, #1867, .T. ) ;
#656 = ORIENTED_EDGE ( 'NONE', *, *, #1669, .F. ) ;
#657 = ORIENTED_EDGE ( 'NONE', *, *, #1739, .T. ) ;
#658 = EDGE_LOOP ( 'NONE', ( #772, #3206, #2865, #2205 ) ) ;
#659 = CARTESIAN_POINT ( 'NONE',  ( 172.7216946132480189, -119.8621712665460137, 104.2637974549800077 ) ) ;
#660 = AXIS2_PLACEMENT_3D ( 'NONE', #2031, #4110, #5370 ) ;
#661 = ORIENTED_EDGE ( 'NONE', *, *, #2493, .T. ) ;
#662 = DIRECTION ( 'NONE',  ( -1.183291357831515956E-30, -1.049328997390330010E-15, 1.000000000000000000 ) ) ;
#663 =( LENGTH_UNIT ( ) NAMED_UNIT ( * ) SI_UNIT ( .MILLI., .METRE. ) );
#664 = CARTESIAN_POINT ( 'NONE',  ( 162.0171133453979735, -132.8249999999999886, 90.88499999999999091 ) ) ;
#665 = ORIENTED_EDGE ( 'NONE', *, *, #1723, .T. ) ;
#666 = DIRECTION ( 'NONE',  ( 0.7800149340512773088, -0.4424797750502161842, -0.4424797750502181826 ) ) ;
#667 = CARTESIAN_POINT ( 'NONE',  ( 140.6737181300300108, -138.4624928209260020, 109.7643247870279879 ) ) ;
#668 = EDGE_CURVE ( 'NONE', #5279, #2210, #1637, .T. ) ;
#669 = EDGE_CURVE ( 'NONE', #404, #2736, #4146, .T. ) ;
#670 = DIRECTION ( 'NONE',  ( -1.000000000000000000, -2.009843822508529990E-15, 2.748129594203410252E-15 ) ) ;
#671 = CARTESIAN_POINT ( 'NONE',  ( 143.9500000000089983, -120.4624928209260020, 93.59749282092350597 ) ) ;
#672 = ORIENTED_EDGE ( 'NONE', *, *, #3070, .F. ) ;
#673 = DIRECTION ( 'NONE',  ( -1.889977769333399838E-13, -1.611608585131960003E-13, -1.000000000000000000 ) ) ;
#674 = CARTESIAN_POINT ( 'NONE',  ( 129.7216946132469673, -119.8621712665460137, 107.2644405637399956 ) ) ;
#675 = DIRECTION ( 'NONE',  ( 2.748129594203400391E-15, 1.926745932492380336E-15, 1.000000000000000000 ) ) ;
#676 = LINE ( 'NONE', #1099, #5317 ) ;
#677 = DIRECTION ( 'NONE',  ( -0.5130924759623248788, 0.8583333333331818471, -1.485209458425509588E-15 ) ) ;
#678 = LINE ( 'NONE', #5413, #743 ) ;
#679 = CARTESIAN_POINT ( 'NONE',  ( 136.9776768572590129, -119.6624928209260048, 104.0641190093599988 ) ) ;
#680 = AXIS2_PLACEMENT_3D ( 'NONE', #1717, #1829, #5143 ) ;
#681 = EDGE_LOOP ( 'NONE', ( #1791, #2863, #1550, #3151 ) ) ;
#682 = ORIENTED_EDGE ( 'NONE', *, *, #3714, .T. ) ;
#683 = AXIS2_PLACEMENT_3D ( 'NONE', #3684, #706, #4999 ) ;
#684 = EDGE_LOOP ( 'NONE', ( #4159, #3244 ) ) ;
#685 = EDGE_CURVE ( 'NONE', #606, #5335, #4454, .T. ) ;
#686 = EDGE_CURVE ( 'NONE', #1904, #3513, #4928, .T. ) ;
#687 = VERTEX_POINT ( 'NONE', #5376 ) ;
#688 = DIRECTION ( 'NONE',  ( 1.000000000000000000, 2.009843822508519735E-15, -3.673940376433480102E-16 ) ) ;
#689 = ORIENTED_EDGE ( 'NONE', *, *, #3086, .T. ) ;
#690 = ORIENTED_EDGE ( 'NONE', *, *, #2821, .T. ) ;
#691 = DIRECTION ( 'NONE',  ( -2.418031965417909960E-14, 1.611608585131940061E-13, 1.000000000000000000 ) ) ;
#692 = CARTESIAN_POINT ( 'NONE',  ( 138.2051437872769952, -140.4624928209260020, 91.87466295907070446 ) ) ;
#693 = EDGE_LOOP ( 'NONE', ( #2993, #1241, #4231, #5352, #476, #3565, #3966, #3751, #962, #3999, #1711 ) ) ;
#694 = CIRCLE ( 'NONE', #1499, 1.574999999999993072 ) ;
#695 = DIRECTION ( 'NONE',  ( -1.000000000000000000, -1.181088324069422062E-14, 2.371361253508699984E-15 ) ) ;
#696 = UNCERTAINTY_MEASURE_WITH_UNIT (LENGTH_MEASURE( 1.000000000000000082E-05 ), #4624, 'distance_accuracy_value', 'NONE');
#697 = CARTESIAN_POINT ( 'NONE',  ( 163.0171133453979735, -127.4860311258736232, 95.15447626912400381 ) ) ;
#698 = LINE ( 'NONE', #3167, #4489 ) ;
#699 = VERTEX_POINT ( 'NONE', #2793 ) ;
#700 = DIRECTION ( 'NONE',  ( -1.000000000000000000, 1.025519170975269938E-29, 2.371361274187880032E-15 ) ) ;
#701 = FACE_OUTER_BOUND ( 'NONE', #2397, .T. ) ;
#702 = EDGE_CURVE ( 'NONE', #2260, #221, #1537, .T. ) ;
#703 = AXIS2_PLACEMENT_3D ( 'NONE', #2084, #1228, #2906 ) ;
#704 = CARTESIAN_POINT ( 'NONE',  ( 174.2171133453890093, -140.0624928209230120, 102.7643259181419921 ) ) ;
#705 = DIRECTION ( 'NONE',  ( 1.000000000000000000, 0.000000000000000000, 0.000000000000000000 ) ) ;
#706 = DIRECTION ( 'NONE',  ( 1.653500008319947494E-15, -0.7071067811865475727, 0.7071067811865475727 ) ) ;
#707 = VECTOR ( 'NONE', #459, 1000.000000000000000 ) ;
#708 = VERTEX_POINT ( 'NONE', #2483 ) ;
#709 = EDGE_CURVE ( 'NONE', #795, #4345, #2440, .T. ) ;
#710 = VERTEX_POINT ( 'NONE', #5406 ) ;
#711 = FACE_OUTER_BOUND ( 'NONE', #1409, .T. ) ;
#712 = VERTEX_POINT ( 'NONE', #1665 ) ;
#713 = VERTEX_POINT ( 'NONE', #3754 ) ;
#714 = CARTESIAN_POINT ( 'NONE',  ( 137.2796133453929883, -119.4624928209260020, 102.7643259181419921 ) ) ;
#715 = ORIENTED_EDGE ( 'NONE', *, *, #686, .T. ) ;
#716 = ORIENTED_EDGE ( 'NONE', *, *, #3169, .F. ) ;
#717 = CARTESIAN_POINT ( 'NONE',  ( 169.4448783421489964, -130.8094256212499999, 110.3643259181420007 ) ) ;
#718 = CARTESIAN_POINT ( 'NONE',  ( 147.7171133453969958, -120.4624928209260020, 89.48499999999999943 ) ) ;
#719 = EDGE_LOOP ( 'NONE', ( #304, #1019 ) ) ;
#720 = AXIS2_PLACEMENT_3D ( 'NONE', #3612, #3696, #2735 ) ;
#721 = DIRECTION ( 'NONE',  ( 2.748129594203390530E-15, 4.430635266668075387E-15, 1.000000000000000000 ) ) ;
#722 = AXIS2_PLACEMENT_3D ( 'NONE', #4540, #308, #1929 ) ;
#723 = EDGE_CURVE ( 'NONE', #2841, #4107, #2849, .T. ) ;
#724 = EDGE_CURVE ( 'NONE', #908, #2497, #5166, .T. ) ;
#725 = DIRECTION ( 'NONE',  ( -1.000000000000000000, -2.009843820287940185E-15, 3.285583168621639665E-16 ) ) ;
#726 = DIRECTION ( 'NONE',  ( -2.748129594203400391E-15, -1.926745932492380336E-15, -1.000000000000000000 ) ) ;
#727 = LINE ( 'NONE', #5045, #3066 ) ;
#728 = CARTESIAN_POINT ( 'NONE',  ( 135.6171133453939888, -119.4624928209239982, 99.46432591814078705 ) ) ;
#729 = DIRECTION ( 'NONE',  ( 1.653500008319947494E-15, -0.7071067811865475727, 0.7071067811865475727 ) ) ;
#730 = EDGE_CURVE ( 'NONE', #1977, #2718, #5042, .T. ) ;
#731 = DIRECTION ( 'NONE',  ( 2.330637149875950107E-14, -4.718447854655850335E-16, 1.000000000000000000 ) ) ;
#732 = VECTOR ( 'NONE', #5330, 1000.000000000000000 ) ;
#733 = CARTESIAN_POINT ( 'NONE',  ( 124.3688204052031665, -119.8617629959866946, 107.2648488342982773 ) ) ;
#734 = EDGE_CURVE ( 'NONE', #4023, #4847, #828, .T. ) ;
#735 = DIRECTION ( 'NONE',  ( 1.000000000000000000, 0.000000000000000000, -7.382857716948579760E-16 ) ) ;
#736 = VERTEX_POINT ( 'NONE', #4241 ) ;
#737 = AXIS2_PLACEMENT_3D ( 'NONE', #1004, #2707, #226 ) ;
#738 = ORIENTED_EDGE ( 'NONE', *, *, #5284, .F. ) ;
#739 = EDGE_CURVE ( 'NONE', #5441, #4074, #3380, .T. ) ;
#740 = EDGE_CURVE ( 'NONE', #4801, #2242, #2159, .T. ) ;
#741 = EDGE_LOOP ( 'NONE', ( #3393, #4208, #1450, #4324 ) ) ;
#742 = EDGE_CURVE ( 'NONE', #3112, #710, #4567, .T. ) ;
#743 = VECTOR ( 'NONE', #2886, 1000.000000000000000 ) ;
#744 = VERTEX_POINT ( 'NONE', #2429 ) ;
#745 = LINE ( 'NONE', #2446, #4606 ) ;
#746 = ORIENTED_EDGE ( 'NONE', *, *, #1986, .F. ) ;
#747 = LINE ( 'NONE', #2337, #1943 ) ;
#748 = CARTESIAN_POINT ( 'NONE',  ( 169.4448783421489964, -130.8094256212499999, 102.9643259181420092 ) ) ;
#749 = DIRECTION ( 'NONE',  ( 0.000000000000000000, 1.973846303234049855E-15, 1.000000000000000000 ) ) ;
#750 = ORIENTED_EDGE ( 'NONE', *, *, #4381, .T. ) ;
#751 = VECTOR ( 'NONE', #670, 1000.000000000000000 ) ;
#752 = CARTESIAN_POINT ( 'NONE',  ( 120.2171133453919936, -119.4624950404660098, 103.7500000343869857 ) ) ;
#753 = AXIS2_PLACEMENT_3D ( 'NONE', #1789, #2800, #4518 ) ;
#754 = DIRECTION ( 'NONE',  ( -1.000000000000000000, -9.880984919894861191E-15, 2.330637149875950107E-14 ) ) ;
#755 = CARTESIAN_POINT ( 'NONE',  ( 164.1129466787309923, -138.9666594875929775, 98.36849258480719982 ) ) ;
#756 = CARTESIAN_POINT ( 'NONE',  ( 133.8300455574849934, -127.0139673277060126, 110.3643259181420007 ) ) ;
#757 = CARTESIAN_POINT ( 'NONE',  ( 132.4344203936770157, -119.4624928209260020, 99.46432591814070179 ) ) ;
#758 = SURFACE_STYLE_USAGE ( .BOTH. , #4600 ) ;
#759 = ADVANCED_FACE ( 'NONE', ( #361 ), #4142, .T. ) ;
#760 = CARTESIAN_POINT ( 'NONE',  ( 163.0171133453979735, -127.3249999999999886, 92.80999999999720274 ) ) ;
#761 = DIRECTION ( 'NONE',  ( -2.371361346275850080E-15, -1.926745932492390197E-15, -1.000000000000000000 ) ) ;
#762 = FACE_BOUND ( 'NONE', #4852, .T. ) ;
#763 = EDGE_CURVE ( 'NONE', #2809, #2355, #3727, .T. ) ;
#764 = ORIENTED_EDGE ( 'NONE', *, *, #571, .T. ) ;
#765 = VERTEX_POINT ( 'NONE', #2059 ) ;
#766 = CARTESIAN_POINT ( 'NONE',  ( 163.0171133453979735, -132.8249999999999886, 92.80999999999689010 ) ) ;
#767 = ORIENTED_EDGE ( 'NONE', *, *, #724, .F. ) ;
#768 = VECTOR ( 'NONE', #1243, 1000.000000000000000 ) ;
#769 = EDGE_CURVE ( 'NONE', #851, #2249, #1595, .T. ) ;
#770 =( BOUNDED_CURVE ( )  B_SPLINE_CURVE ( 3, ( #5446, #797, #403, #4185 ),
 .UNSPECIFIED., .F., .F. ) 
 B_SPLINE_CURVE_WITH_KNOTS ( ( 4, 4 ),
 ( 3.141592653589690087, 4.526583584712949637 ),
 .UNSPECIFIED. ) 
 CURVE ( )  GEOMETRIC_REPRESENTATION_ITEM ( )  RATIONAL_B_SPLINE_CURVE ( ( 1.000000000000000000, 0.8464367724141720339, 0.8464367724141720339, 1.000000000000000000 ) ) 
 REPRESENTATION_ITEM ( '' )  );
#771 = PRODUCT ( 'Bambu_Mount_M3x4insert', 'Bambu_Mount_M3x4insert', '', ( #1294 ) ) ;
#772 = ORIENTED_EDGE ( 'NONE', *, *, #4858, .F. ) ;
#773 = DIRECTION ( 'NONE',  ( 0.7071067811865460184, 0.7071067811865489050, 3.105477172097589473E-16 ) ) ;
#774 = EDGE_LOOP ( 'NONE', ( #3689, #2002, #4867, #3905 ) ) ;
#775 = CARTESIAN_POINT ( 'NONE',  ( 134.2171133453919936, -119.4624928209260020, 103.6640621592530067 ) ) ;
#776 = PLANE ( 'NONE',  #660 ) ;
#777 = ORIENTED_EDGE ( 'NONE', *, *, #4883, .F. ) ;
#778 = CONICAL_SURFACE ( 'NONE', #5426, 2.299999999999996270, 0.7853981633974490562 ) ;
#779 = AXIS2_PLACEMENT_3D ( 'NONE', #3444, #5135, #899 ) ;
#780 = VECTOR ( 'NONE', #1181, 1000.000000000000000 ) ;
#781 = LINE ( 'NONE', #2584, #1680 ) ;
#782 = CARTESIAN_POINT ( 'NONE',  ( 161.2171130401620189, -140.4624928209260020, 103.6640618979689918 ) ) ;
#783 = LINE ( 'NONE', #1229, #2293 ) ;
#784 = CARTESIAN_POINT ( 'NONE',  ( 135.6171133454029984, -119.4624928209269967, 99.28932592333771368 ) ) ;
#785 = LINE ( 'NONE', #831, #91 ) ;
#786 = LINE ( 'NONE', #3333, #2290 ) ;
#787 = AXIS2_PLACEMENT_3D ( 'NONE', #2030, #3212, #2761 ) ;
#788 = VECTOR ( 'NONE', #4848, 1000.000000000000000 ) ;
#789 = DIRECTION ( 'NONE',  ( -1.000000000000000000, 0.000000000000000000, 5.916456789157589942E-30 ) ) ;
#790 = FACE_OUTER_BOUND ( 'NONE', #1946, .T. ) ;
#791 = DIRECTION ( 'NONE',  ( 0.000000000000000000, -1.000000000000000000, 1.973846303234049855E-15 ) ) ;
#792 = ORIENTED_EDGE ( 'NONE', *, *, #1182, .F. ) ;
#793 = EDGE_LOOP ( 'NONE', ( #4940, #1966 ) ) ;
#794 = DIRECTION ( 'NONE',  ( 1.000000000000000000, 0.000000000000000000, 1.539220716937389985E-14 ) ) ;
#795 = VERTEX_POINT ( 'NONE', #1180 ) ;
#796 = ORIENTED_EDGE ( 'NONE', *, *, #1178, .F. ) ;
#797 = CARTESIAN_POINT ( 'NONE',  ( 160.7751431929571879, -136.9250000000003524, 94.19286721588963474 ) ) ;
#798 = ADVANCED_FACE ( 'NONE', ( #4191, #2876 ), #4596, .T. ) ;
#799 = ORIENTED_EDGE ( 'NONE', *, *, #3358, .T. ) ;
#800 = VERTEX_POINT ( 'NONE', #4167 ) ;
#801 = DIRECTION ( 'NONE',  ( 0.000000000000000000, 2.810542139866970165E-15, -1.000000000000000000 ) ) ;
#802 = CARTESIAN_POINT ( 'NONE',  ( 135.6604669682039912, -138.0716737364580240, 110.1551438714949995 ) ) ;
#803 = PLANE ( 'NONE',  #4628 ) ;
#804 = FACE_OUTER_BOUND ( 'NONE', #3932, .T. ) ;
#805 = CARTESIAN_POINT ( 'NONE',  ( 173.2833321446829871, -119.8624928209259934, 110.7643259181420063 ) ) ;
#806 = EDGE_CURVE ( 'NONE', #5296, #1766, #338, .T. ) ;
#807 = VECTOR ( 'NONE', #3034, 1000.000000000000000 ) ;
#808 = CARTESIAN_POINT ( 'NONE',  ( 137.6171133454100186, -127.3249999999999886, 92.80999999999889383 ) ) ;
#809 = FACE_BOUND ( 'NONE', #4395, .T. ) ;
#810 = DIRECTION ( 'NONE',  ( -2.371361224626879557E-15, -7.223637016929600039E-14, -1.000000000000000000 ) ) ;
#811 = DIRECTION ( 'NONE',  ( 0.7071067811865480168, -3.540082692113730350E-15, -0.7071067811865470176 ) ) ;
#812 = ORIENTED_EDGE ( 'NONE', *, *, #2479, .F. ) ;
#813 = ADVANCED_FACE ( 'NONE', ( #1207 ), #3826, .F. ) ;
#814 = ORIENTED_EDGE ( 'NONE', *, *, #825, .T. ) ;
#815 = EDGE_LOOP ( 'NONE', ( #974, #1973, #4075, #2269, #4339, #18 ) ) ;
#816 = CARTESIAN_POINT ( 'NONE',  ( 122.4921292083191986, -119.4624928209260020, 109.0572180058411931 ) ) ;
#817 = ORIENTED_EDGE ( 'NONE', *, *, #4279, .T. ) ;
#818 = CIRCLE ( 'NONE', #4307, 1.574999999999993072 ) ;
#819 = EDGE_CURVE ( 'NONE', #4456, #4317, #2932, .T. ) ;
#820 = VERTEX_POINT ( 'NONE', #5118 ) ;
#821 = DIRECTION ( 'NONE',  ( 0.5130924759622020881, -0.8583333333332552328, 8.551598539764371810E-15 ) ) ;
#822 = ORIENTED_EDGE ( 'NONE', *, *, #1306, .F. ) ;
#823 = VECTOR ( 'NONE', #2567, 1000.000000000000000 ) ;
#824 = EDGE_LOOP ( 'NONE', ( #4047, #2667, #4557, #1940 ) ) ;
#825 = EDGE_CURVE ( 'NONE', #3795, #3019, #1273, .T. ) ;
#826 = PLANE ( 'NONE',  #525 ) ;
#827 = VECTOR ( 'NONE', #3985, 1000.000000000000000 ) ;
#828 = LINE ( 'NONE', #2506, #4316 ) ;
#829 = DIRECTION ( 'NONE',  ( 1.569712496704830066E-14, -1.000000000000000000, -2.810542046950490278E-15 ) ) ;
#830 = CARTESIAN_POINT ( 'NONE',  ( 125.9448783421490106, -130.8094256212499999, 102.7643259181419921 ) ) ;
#831 = CARTESIAN_POINT ( 'NONE',  ( 133.2768364872739824, -140.2624928209250186, 103.7997837525840055 ) ) ;
#832 = CARTESIAN_POINT ( 'NONE',  ( 151.4497566842987339, -127.3250000000000171, 94.75999999999689294 ) ) ;
#833 = ADVANCED_FACE ( 'NONE', ( #1690 ), #3407, .F. ) ;
#834 = EDGE_CURVE ( 'NONE', #4437, #2950, #917, .T. ) ;
#835 = AXIS2_PLACEMENT_3D ( 'NONE', #530, #2682, #1307 ) ;
#836 = EDGE_CURVE ( 'NONE', #1788, #1853, #201, .T. ) ;
#837 = ADVANCED_FACE ( 'NONE', ( #4331 ), #1007, .F. ) ;
#838 = CARTESIAN_POINT ( 'NONE',  ( 124.7391803146820024, -119.4624928209260020, 105.0811190093599947 ) ) ;
#839 = VECTOR ( 'NONE', #3678, 1000.000000000000000 ) ;
#840 = DIRECTION ( 'NONE',  ( -1.000000000000000000, -2.009843820287950045E-15, -6.510422943492871039E-15 ) ) ;
#841 = FACE_OUTER_BOUND ( 'NONE', #5361, .T. ) ;
#842 = CARTESIAN_POINT ( 'NONE',  ( 137.6171133454100186, -132.3999999999999773, 92.80999999999889383 ) ) ;
#843 = CIRCLE ( 'NONE', #5411, 2.108500000000013141 ) ;
#844 = ORIENTED_EDGE ( 'NONE', *, *, #3818, .F. ) ;
#845 = VERTEX_POINT ( 'NONE', #976 ) ;
#846 = LINE ( 'NONE', #450, #4338 ) ;
#847 = ORIENTED_EDGE ( 'NONE', *, *, #2112, .F. ) ;
#848 = ORIENTED_EDGE ( 'NONE', *, *, #3234, .T. ) ;
#849 = FACE_OUTER_BOUND ( 'NONE', #319, .T. ) ;
#850 = EDGE_LOOP ( 'NONE', ( #5309, #1828 ) ) ;
#851 = VERTEX_POINT ( 'NONE', #2708 ) ;
#852 = VECTOR ( 'NONE', #5225, 1000.000000000000000 ) ;
#853 = DIRECTION ( 'NONE',  ( 0.000000000000000000, 1.973846303234049855E-15, 1.000000000000000000 ) ) ;
#854 = DIRECTION ( 'NONE',  ( -1.000000000000000000, -8.760971744054669845E-15, -5.560769522135830567E-16 ) ) ;
#855 = VECTOR ( 'NONE', #1569, 1000.000000000000000 ) ;
#857 = FACE_OUTER_BOUND ( 'NONE', #4775, .T. ) ;
#856 = CIRCLE ( 'NONE', #3998, 1.700000000000007061 ) ;
#858 = DIRECTION ( 'NONE',  ( 1.000000000000000000, 9.227827737143710103E-15, -2.371361224627550089E-15 ) ) ;
#859 = DIRECTION ( 'NONE',  ( -9.880984919894801237E-15, 1.000000000000000000, 2.810542046950810161E-15 ) ) ;
#860 = COLOUR_RGB ( '',0.1882352941176470562, 0.2313725490196078538, 0.5882352941176470784 ) ;
#861 = CARTESIAN_POINT ( 'NONE',  ( 158.4776768572600076, -119.6624928209250101, 104.0641190093599988 ) ) ;
#862 = LINE ( 'NONE', #1308, #823 ) ;
#863 = CIRCLE ( 'NONE', #955, 1.708500000000001684 ) ;
#864 = CARTESIAN_POINT ( 'NONE',  ( 121.2183808715160040, -140.4624928209260020, 103.1643259181420120 ) ) ;
#865 = DIRECTION ( 'NONE',  ( 1.000000000000000000, 0.000000000000000000, 0.000000000000000000 ) ) ;
#866 = ORIENTED_EDGE ( 'NONE', *, *, #2890, .T. ) ;
#867 = ORIENTED_EDGE ( 'NONE', *, *, #4273, .T. ) ;
#868 = CARTESIAN_POINT ( 'NONE',  ( 130.0210734082039892, -119.8624928209259934, 110.7643259181420063 ) ) ;
#869 = ORIENTED_EDGE ( 'NONE', *, *, #4549, .T. ) ;
#870 = CARTESIAN_POINT ( 'NONE',  ( 149.7948783421489907, -130.7594256212510118, 100.7643259181420063 ) ) ;
#871 = ADVANCED_FACE ( 'NONE', ( #4423 ), #3068, .F. ) ;
#872 = VECTOR ( 'NONE', #3328, 1000.000000000000000 ) ;
#873 = VERTEX_POINT ( 'NONE', #3491 ) ;
#874 = PLANE ( 'NONE',  #4964 ) ;
#875 = ORIENTED_EDGE ( 'NONE', *, *, #193, .T. ) ;
#876 = ORIENTED_EDGE ( 'NONE', *, *, #2571, .T. ) ;
#877 = CARTESIAN_POINT ( 'NONE',  ( 163.0171133453999914, -131.4249999999999829, 89.48499999999999943 ) ) ;
#878 = EDGE_CURVE ( 'NONE', #3842, #2696, #5263, .T. ) ;
#879 = CARTESIAN_POINT ( 'NONE',  ( 126.2382403691280075, -119.5222499092810153, 107.2641190093600017 ) ) ;
#880 = DIRECTION ( 'NONE',  ( 0.000000000000000000, -1.000000000000000000, 1.926745932492370081E-15 ) ) ;
#881 = PLANE ( 'NONE',  #3763 ) ;
#882 = PLANE ( 'NONE',  #3951 ) ;
#883 = AXIS2_PLACEMENT_3D ( 'NONE', #5283, #5192, #1323 ) ;
#884 = EDGE_CURVE ( 'NONE', #3080, #2264, #3520, .T. ) ;
#885 = CARTESIAN_POINT ( 'NONE',  ( 135.6171133454029984, -119.4624928209269967, 96.06432591814069610 ) ) ;
#886 = LINE ( 'NONE', #1750, #1085 ) ;
#887 = LINE ( 'NONE', #2168, #5208 ) ;
#888 = CARTESIAN_POINT ( 'NONE',  ( 131.9545827862120007, -134.2119318198620022, 99.46432591814078705 ) ) ;
#889 = CARTESIAN_POINT ( 'NONE',  ( 150.5296133453909988, -140.0624928209230120, 102.7643259181419921 ) ) ;
#890 = CIRCLE ( 'NONE', #720, 2.349999999999741185 ) ;
#891 = EDGE_CURVE ( 'NONE', #4495, #1513, #1866, .T. ) ;
#892 = EDGE_LOOP ( 'NONE', ( #3178, #938, #2998, #5368, #629 ) ) ;
#893 = EDGE_CURVE ( 'NONE', #4916, #4709, #4813, .T. ) ;
#894 = CARTESIAN_POINT ( 'NONE',  ( 133.5935893305230024, -138.9943451864809845, 110.5643259181420035 ) ) ;
#895 = AXIS2_PLACEMENT_3D ( 'NONE', #3701, #1567, #3194 ) ;
#896 = ADVANCED_FACE ( 'NONE', ( #1361 ), #5229, .F. ) ;
#897 = FACE_OUTER_BOUND ( 'NONE', #5006, .T. ) ;
#898 = ORIENTED_EDGE ( 'NONE', *, *, #2113, .T. ) ;
#899 = DIRECTION ( 'NONE',  ( 1.000000000000000000, 0.000000000000000000, 0.000000000000000000 ) ) ;
#900 = ADVANCED_FACE ( 'NONE', ( #3100 ), #3164, .F. ) ;
#901 = ORIENTED_EDGE ( 'NONE', *, *, #1689, .F. ) ;
#902 = ADVANCED_FACE ( 'NONE', ( #77 ), #4870, .T. ) ;
#903 = CARTESIAN_POINT ( 'NONE',  ( 157.1497566842990068, -133.6374999999999886, 89.88500000000000512 ) ) ;
#904 = EDGE_CURVE ( 'NONE', #3097, #3711, #4780, .T. ) ;
#905 = CONICAL_SURFACE ( 'NONE', #1349, 13.80026375888589918, 0.7853981633946404139 ) ;
#906 = ORIENTED_EDGE ( 'NONE', *, *, #5250, .F. ) ;
#907 = ORIENTED_EDGE ( 'NONE', *, *, #3469, .F. ) ;
#908 = VERTEX_POINT ( 'NONE', #586 ) ;
#909 = DIRECTION ( 'NONE',  ( 0.000000000000000000, -0.7071067811865631159, 0.7071067811865320296 ) ) ;
#910 = AXIS2_PLACEMENT_3D ( 'NONE', #465, #2536, #3460 ) ;
#911 = ORIENTED_EDGE ( 'NONE', *, *, #4974, .T. ) ;
#912 = DIRECTION ( 'NONE',  ( -6.501287796062090751E-15, 1.000000000000000000, 0.000000000000000000 ) ) ;
#913 = DIRECTION ( 'NONE',  ( 0.000000000000000000, 1.000000000000000000, -1.027984282060527848E-13 ) ) ;
#914 = DIRECTION ( 'NONE',  ( -2.371361253508410078E-15, 0.000000000000000000, -1.000000000000000000 ) ) ;
#915 = DIRECTION ( 'NONE',  ( 0.000000000000000000, -1.926745932492380336E-15, -1.000000000000000000 ) ) ;
#916 = AXIS2_PLACEMENT_3D ( 'NONE', #3111, #4462, #625 ) ;
#917 = LINE ( 'NONE', #1479, #4101 ) ;
#918 = LINE ( 'NONE', #885, #573 ) ;
#919 = CARTESIAN_POINT ( 'NONE',  ( 121.2170679492020042, -119.4624928209260020, 102.1321629642809938 ) ) ;
#920 = VERTEX_POINT ( 'NONE', #3131 ) ;
#921 = CARTESIAN_POINT ( 'NONE',  ( 137.7282533558519901, -124.2345517400979986, 115.1363848373139973 ) ) ;
#922 = CARTESIAN_POINT ( 'NONE',  ( 157.1497566842990068, -124.9750000000000085, 91.34749999999830550 ) ) ;
#923 = LINE ( 'NONE', #2626, #413 ) ;
#924 = VECTOR ( 'NONE', #1980, 1000.000000000000000 ) ;
#925 = ADVANCED_FACE ( 'NONE', ( #4031 ), #2280, .F. ) ;
#926 = VERTEX_POINT ( 'NONE', #946 ) ;
#927 = DIRECTION ( 'NONE',  ( 0.6069333205183840008, 0.3628111691286621254, 0.7071067811865631159 ) ) ;
#928 = VECTOR ( 'NONE', #1971, 1000.000000000000000 ) ;
#929 = CARTESIAN_POINT ( 'NONE',  ( 147.7171133453989853, -130.2624928209260133, 89.48499999999999943 ) ) ;
#930 = ORIENTED_EDGE ( 'NONE', *, *, #115, .T. ) ;
#931 = CARTESIAN_POINT ( 'NONE',  ( 156.7256133453900020, -120.4624928209249930, 100.9728259181419929 ) ) ;
#932 = EDGE_CURVE ( 'NONE', #3374, #1562, #1620, .T. ) ;
#933 = ORIENTED_EDGE ( 'NONE', *, *, #3745, .F. ) ;
#934 = DIRECTION ( 'NONE',  ( 1.000000000000000000, 2.009843822508519735E-15, -3.285583168621639665E-16 ) ) ;
#935 = ORIENTED_EDGE ( 'NONE', *, *, #2712, .T. ) ;
#936 = EDGE_CURVE ( 'NONE', #5064, #712, #2220, .T. ) ;
#937 = ORIENTED_EDGE ( 'NONE', *, *, #2560, .F. ) ;
#938 = ORIENTED_EDGE ( 'NONE', *, *, #3965, .F. ) ;
#939 = PLANE ( 'NONE',  #883 ) ;
#940 = EDGE_LOOP ( 'NONE', ( #2671, #1240, #5109, #5336 ) ) ;
#941 = CARTESIAN_POINT ( 'NONE',  ( 157.1497566842990068, -127.3249999999999886, 92.80999999999720274 ) ) ;
#942 = DIRECTION ( 'NONE',  ( -6.867912022876589929E-13, -6.589542838675170036E-13, -1.000000000000000000 ) ) ;
#943 = DIRECTION ( 'NONE',  ( 1.000000000000000000, 1.181088324069418118E-14, -2.371361224627780042E-15 ) ) ;
#944 = CARTESIAN_POINT ( 'NONE',  ( 124.2363783421490098, -130.8094256212499999, 110.3643259181420007 ) ) ;
#945 = VECTOR ( 'NONE', #2615, 1000.000000000000000 ) ;
#946 = CARTESIAN_POINT ( 'NONE',  ( 137.4171133454100016, -136.1500000000000057, 92.80999999999889383 ) ) ;
#947 = CARTESIAN_POINT ( 'NONE',  ( 162.0171133453979735, -127.4470514048054213, 94.15447144059550055 ) ) ;
#948 = CARTESIAN_POINT ( 'NONE',  ( 156.7256133453900020, -119.4624928209249930, 100.9728259181419929 ) ) ;
#949 = ORIENTED_EDGE ( 'NONE', *, *, #4504, .T. ) ;
#950 = CARTESIAN_POINT ( 'NONE',  ( 169.4448783421489964, -130.8094256212499999, 105.2643259181419921 ) ) ;
#951 = DIRECTION ( 'NONE',  ( -1.000000000000000000, 0.000000000000000000, 0.000000000000000000 ) ) ;
#952 = DIRECTION ( 'NONE',  ( 2.748129594203390530E-15, 4.430635266668075387E-15, 1.000000000000000000 ) ) ;
#953 = VECTOR ( 'NONE', #1491, 1000.000000000000000 ) ;
#954 = ORIENTED_EDGE ( 'NONE', *, *, #5184, .F. ) ;
#955 = AXIS2_PLACEMENT_3D ( 'NONE', #524, #4836, #5316 ) ;
#956 = PLANE ( 'NONE',  #2929 ) ;
#957 = PLANE ( 'NONE',  #1549 ) ;
#958 = ORIENTED_EDGE ( 'NONE', *, *, #1306, .T. ) ;
#959 = DIRECTION ( 'NONE',  ( 1.161387379058520347E-15, -0.7071067811832499883, -0.7071067811898451572 ) ) ;
#960 = CIRCLE ( 'NONE', #254, 1.708500000000001684 ) ;
#961 = ADVANCED_FACE ( 'NONE', ( #4956 ), #3600, .F. ) ;
#962 = ORIENTED_EDGE ( 'NONE', *, *, #5121, .T. ) ;
#963 = DIRECTION ( 'NONE',  ( -1.000000000000000000, 0.000000000000000000, 0.000000000000000000 ) ) ;
#964 = VERTEX_POINT ( 'NONE', #4141 ) ;
#965 = ORIENTED_EDGE ( 'NONE', *, *, #4705, .F. ) ;
#966 = VECTOR ( 'NONE', #3801, 1000.000000000000000 ) ;
#967 = ORIENTED_EDGE ( 'NONE', *, *, #1713, .F. ) ;
#968 = ADVANCED_FACE ( 'NONE', ( #256 ), #4594, .T. ) ;
#969 = LINE ( 'NONE', #3963, #2771 ) ;
#970 = VERTEX_POINT ( 'NONE', #1179 ) ;
#971 = DIRECTION ( 'NONE',  ( 1.000000000000000000, 0.000000000000000000, 0.000000000000000000 ) ) ;
#972 = FACE_OUTER_BOUND ( 'NONE', #2195, .T. ) ;
#973 = CARTESIAN_POINT ( 'NONE',  ( 158.4776768572600076, -119.4624928209249930, 107.6641190093600073 ) ) ;
#974 = ORIENTED_EDGE ( 'NONE', *, *, #2972, .T. ) ;
#975 = CARTESIAN_POINT ( 'NONE',  ( 122.4921292083191986, -119.4624928209260020, 109.0572180058411931 ) ) ;
#976 = CARTESIAN_POINT ( 'NONE',  ( 122.7548175178110057, -119.8624928209259934, 104.2641190093600017 ) ) ;
#977 = DIRECTION ( 'NONE',  ( -2.055968564121055696E-14, 1.000000000000000000, -9.251858538544751261E-14 ) ) ;
#978 = DIRECTION ( 'NONE',  ( 1.539220716937389985E-14, -1.926745932492290012E-15, -1.000000000000000000 ) ) ;
#979 = EDGE_LOOP ( 'NONE', ( #4789, #1351, #1010, #814, #2711, #5278, #2335, #5319, #2582, #3537 ) ) ;
#980 = DIRECTION ( 'NONE',  ( -1.000000000000000000, 0.000000000000000000, 0.000000000000000000 ) ) ;
#981 = LINE ( 'NONE', #2625, #1046 ) ;
#982 = CARTESIAN_POINT ( 'NONE',  ( 161.5042891039019821, -136.1958540890530003, 92.52249999999820318 ) ) ;
#983 = EDGE_CURVE ( 'NONE', #1412, #1652, #2764, .T. ) ;
#984 =( BOUNDED_CURVE ( )  B_SPLINE_CURVE ( 3, ( #543, #1348, #3118, #4828 ),
 .UNSPECIFIED., .F., .F. ) 
 B_SPLINE_CURVE_WITH_KNOTS ( ( 4, 4 ),
 ( 1.390749933834111829, 1.391335562529126157 ),
 .UNSPECIFIED. ) 
 CURVE ( )  GEOMETRIC_REPRESENTATION_ITEM ( )  RATIONAL_B_SPLINE_CURVE ( ( 1.000000000000000000, 0.9999999714199190315, 0.9999999714199190315, 1.000000000000000000 ) ) 
 REPRESENTATION_ITEM ( '' )  );
#985 = EDGE_LOOP ( 'NONE', ( #2174, #482, #949, #4856 ) ) ;
#986 = LINE ( 'NONE', #1400, #2658 ) ;
#987 = CARTESIAN_POINT ( 'NONE',  ( 156.7256133453990117, -119.4624928209269967, 89.48499999999999943 ) ) ;
#988 = ORIENTED_EDGE ( 'NONE', *, *, #4724, .T. ) ;
#989 = DIRECTION ( 'NONE',  ( -2.052675578551315387E-15, 1.000000000000000000, -1.926483013185690075E-15 ) ) ;
#990 = EDGE_CURVE ( 'NONE', #3317, #7, #2818, .T. ) ;
#991 = AXIS2_PLACEMENT_3D ( 'NONE', #2486, #4722, #5514 ) ;
#992 = ORIENTED_EDGE ( 'NONE', *, *, #5216, .T. ) ;
#993 = DIRECTION ( 'NONE',  ( 2.371361224627570205E-15, -2.810542046950450046E-15, 1.000000000000000000 ) ) ;
#994 = VERTEX_POINT ( 'NONE', #4481 ) ;
#995 = ORIENTED_EDGE ( 'NONE', *, *, #5454, .T. ) ;
#996 = EDGE_CURVE ( 'NONE', #2384, #2577, #3326, .T. ) ;
#997 = ORIENTED_EDGE ( 'NONE', *, *, #1719, .F. ) ;
#998 = PLANE ( 'NONE',  #4735 ) ;
#999 = ORIENTED_EDGE ( 'NONE', *, *, #4625, .T. ) ;
#1000 = FACE_OUTER_BOUND ( 'NONE', #1288, .T. ) ;
#1001 = CARTESIAN_POINT ( 'NONE',  ( 169.2382403691290165, -119.5222499092810153, 105.0811190093599947 ) ) ;
#1002 = CARTESIAN_POINT ( 'NONE',  ( 132.8344203936730139, -140.4624928209260020, 103.1643259181420120 ) ) ;
#1003 = ORIENTED_EDGE ( 'NONE', *, *, #1415, .T. ) ;
#1004 = CARTESIAN_POINT ( 'NONE',  ( 134.4016063749450041, -140.2908261542589798, 102.5143253525850042 ) ) ;
#1005 = ADVANCED_FACE ( 'NONE', ( #1120 ), #905, .T. ) ;
#1006 = CIRCLE ( 'NONE', #3698, 2.099999999999990763 ) ;
#1007 = CYLINDRICAL_SURFACE ( 'NONE', #4268, 2.750000000000000000 ) ;
#1008 = FACE_OUTER_BOUND ( 'NONE', #4011, .T. ) ;
#1009 = CARTESIAN_POINT ( 'NONE',  ( 143.9500000000079751, -135.7500000000000000, 92.80999999999879435 ) ) ;
#1010 = ORIENTED_EDGE ( 'NONE', *, *, #5148, .T. ) ;
#1011 = EDGE_CURVE ( 'NONE', #1370, #399, #1149, .T. ) ;
#1012 = ADVANCED_FACE ( 'NONE', ( #3642 ), #5348, .T. ) ;
#1013 = CARTESIAN_POINT ( 'NONE',  ( 147.7171133453979905, -119.4624928209269967, 89.48499999999999943 ) ) ;
#1014 = LINE ( 'NONE', #1753, #1742 ) ;
#1015 = DIRECTION ( 'NONE',  ( -1.000000000000000000, 0.000000000000000000, 0.000000000000000000 ) ) ;
#1016 = VECTOR ( 'NONE', #840, 1000.000000000000000 ) ;
#1017 = ADVANCED_FACE ( 'NONE', ( #2399 ), #4926, .T. ) ;
#1018 = EDGE_CURVE ( 'NONE', #4018, #4130, #5428, .T. ) ;
#1019 = ORIENTED_EDGE ( 'NONE', *, *, #2076, .F. ) ;
#1020 = ORIENTED_EDGE ( 'NONE', *, *, #603, .T. ) ;
#1021 = DIRECTION ( 'NONE',  ( 1.000000000000000000, 1.569712496704820600E-14, 2.418031965417650583E-14 ) ) ;
#1022 = ORIENTED_EDGE ( 'NONE', *, *, #1290, .F. ) ;
#1023 = CARTESIAN_POINT ( 'NONE',  ( 158.1497566842990068, -132.8249999999999886, 92.80999999999689010 ) ) ;
#1024 = VERTEX_POINT ( 'NONE', #3270 ) ;
#1025 = VERTEX_POINT ( 'NONE', #4987 ) ;
#1026 = VERTEX_POINT ( 'NONE', #5014 ) ;
#1027 = AXIS2_PLACEMENT_3D ( 'NONE', #4211, #381, #2607 ) ;
#1028 = ORIENTED_EDGE ( 'NONE', *, *, #4128, .F. ) ;
#1029 = LINE ( 'NONE', #1740, #362 ) ;
#1030 = ORIENTED_EDGE ( 'NONE', *, *, #5216, .F. ) ;
#1031 = CARTESIAN_POINT ( 'NONE',  ( 136.9776768572590129, -119.6624928209260048, 107.4641190093599903 ) ) ;
#1032 = CARTESIAN_POINT ( 'NONE',  ( 153.7671133453960124, -119.4624928209269967, 96.06432591814720467 ) ) ;
#1033 = CARTESIAN_POINT ( 'NONE',  ( 160.7751431929569890, -136.9249999999999829, 88.90736466018560691 ) ) ;
#1034 = ORIENTED_EDGE ( 'NONE', *, *, #2227, .T. ) ;
#1035 = CARTESIAN_POINT ( 'NONE',  ( 136.9776768572590129, -119.4624928209260020, 103.8641190093600102 ) ) ;
#1036 = CARTESIAN_POINT ( 'NONE',  ( 163.0171133453979735, -136.5250000000000057, 92.80999999999738748 ) ) ;
#1037 = CARTESIAN_POINT ( 'NONE',  ( 156.7256133453959990, -119.9624928209260020, 89.48499999999999943 ) ) ;
#1038 = LINE ( 'NONE', #1152, #449 ) ;
#1039 = ORIENTED_EDGE ( 'NONE', *, *, #3116, .T. ) ;
#1040 = CARTESIAN_POINT ( 'NONE',  ( 143.4400000000080126, -127.3249999999999886, 92.80999999999879435 ) ) ;
#1041 = DIRECTION ( 'NONE',  ( -9.227827737143710103E-15, 1.000000000000000000, 3.764665582243180418E-16 ) ) ;
#1042 = LINE ( 'NONE', #1843, #1580 ) ;
#1043 = CARTESIAN_POINT ( 'NONE',  ( 121.2170679492020042, -119.4624950404660098, 101.7500000000259917 ) ) ;
#1044 = FACE_OUTER_BOUND ( 'NONE', #4313, .T. ) ;
#1045 = CARTESIAN_POINT ( 'NONE',  ( 128.1508943902790065, -119.4624928209260020, 108.7643247870279879 ) ) ;
#1046 = VECTOR ( 'NONE', #1842, 1000.000000000000000 ) ;
#1047 = CIRCLE ( 'NONE', #1661, 1.349999999999740297 ) ;
#1048 = VERTEX_POINT ( 'NONE', #4113 ) ;
#1049 = AXIS2_PLACEMENT_3D ( 'NONE', #982, #2686, #3981 ) ;
#1050 = VERTEX_POINT ( 'NONE', #5453 ) ;
#1051 = ORIENTED_EDGE ( 'NONE', *, *, #3134, .T. ) ;
#1052 = AXIS2_PLACEMENT_3D ( 'NONE', #1327, #3430, #2983 ) ;
#1053 = EDGE_CURVE ( 'NONE', #3154, #736, #2428, .T. ) ;
#1054 = VECTOR ( 'NONE', #3705, 1000.000000000000000 ) ;
#1055 = VERTEX_POINT ( 'NONE', #2009 ) ;
#1056 = DIRECTION ( 'NONE',  ( 2.013492943509530237E-14, 1.926745932492400058E-15, 1.000000000000000000 ) ) ;
#1057 = ORIENTED_EDGE ( 'NONE', *, *, #1081, .T. ) ;
#1058 = DIRECTION ( 'NONE',  ( 0.000000000000000000, -1.973846303234049855E-15, -1.000000000000000000 ) ) ;
#1059 = CARTESIAN_POINT ( 'NONE',  ( 169.2382403691290165, -119.5222499092810153, 104.2641190093600017 ) ) ;
#1060 = DIRECTION ( 'NONE',  ( -3.789849804151359726E-14, 2.810542046950380232E-15, -1.000000000000000000 ) ) ;
#1061 = VERTEX_POINT ( 'NONE', #667 ) ;
#1062 = DIRECTION ( 'NONE',  ( -1.000000000000000000, -2.009843822508529990E-15, 2.748129594203410252E-15 ) ) ;
#1063 = BREP_WITH_VOIDS ( 'NONE', #1233, ( #178 ) );
#1064 = DIRECTION ( 'NONE',  ( 0.000000000000000000, -1.000000000000000000, 5.006432955109510304E-15 ) ) ;
#1065 = EDGE_CURVE ( 'NONE', #1513, #2371, #4213, .T. ) ;
#1066 = CARTESIAN_POINT ( 'NONE',  ( 123.3948783421489992, -130.8094256212499999, 102.9643259181420092 ) ) ;
#1067 = FACE_OUTER_BOUND ( 'NONE', #4800, .T. ) ;
#1068 = ORIENTED_EDGE ( 'NONE', *, *, #3289, .T. ) ;
#1069 = LINE ( 'NONE', #2768, #5391 ) ;
#1070 = CARTESIAN_POINT ( 'NONE',  ( 143.9500000000079751, -124.7500000000020037, 93.99749282092329850 ) ) ;
#1071 = CARTESIAN_POINT ( 'NONE',  ( 169.4448783421489964, -130.8094256212499999, 110.5643259181420035 ) ) ;
#1072 = EDGE_CURVE ( 'NONE', #4265, #3119, #2367, .T. ) ;
#1073 = PLANE ( 'NONE',  #1189 ) ;
#1074 = CARTESIAN_POINT ( 'NONE',  ( 147.6999890379570104, -136.9500000000019782, 92.83500798102501506 ) ) ;
#1075 = LINE ( 'NONE', #5273, #2187 ) ;
#1076 = ORIENTED_EDGE ( 'NONE', *, *, #336, .F. ) ;
#1077 = ORIENTED_EDGE ( 'NONE', *, *, #2748, .T. ) ;
#1078 = ORIENTED_EDGE ( 'NONE', *, *, #2498, .F. ) ;
#1079 = EDGE_CURVE ( 'NONE', #4886, #1215, #41, .T. ) ;
#1080 = VECTOR ( 'NONE', #439, 1000.000000000000000 ) ;
#1081 = EDGE_CURVE ( 'NONE', #1498, #1506, #3847, .T. ) ;
#1082 = ORIENTED_EDGE ( 'NONE', *, *, #936, .F. ) ;
#1083 = LINE ( 'NONE', #659, #2981 ) ;
#1084 = VERTEX_POINT ( 'NONE', #877 ) ;
#1085 = VECTOR ( 'NONE', #2683, 1000.000000000000000 ) ;
#1086 = CARTESIAN_POINT ( 'NONE',  ( 162.0171133453979735, -132.8249999999999886, 91.20374999999900467 ) ) ;
#1087 = CARTESIAN_POINT ( 'NONE',  ( 163.0171133453989682, -119.4624928209269967, 99.28932592333771368 ) ) ;
#1088 = ORIENTED_EDGE ( 'NONE', *, *, #1403, .F. ) ;
#1089 = LINE ( 'NONE', #1507, #3859 ) ;
#1090 = DIRECTION ( 'NONE',  ( 0.000000000000000000, -7.223637016929600039E-14, -1.000000000000000000 ) ) ;
#1091 = UNCERTAINTY_MEASURE_WITH_UNIT (LENGTH_MEASURE( 1.000000000000000082E-05 ), #4649, 'distance_accuracy_value', 'NONE');
#1092 = CARTESIAN_POINT ( 'NONE',  ( 174.2171132998470000, -140.4624928209230177, 102.7500000000189857 ) ) ;
#1093 = CARTESIAN_POINT ( 'NONE',  ( 163.0171133453979735, -119.4624928209260020, 101.9143259233379979 ) ) ;
#1094 = ORIENTED_EDGE ( 'NONE', *, *, #893, .F. ) ;
#1095 = LINE ( 'NONE', #2796, #5492 ) ;
#1096 = PLANE ( 'NONE',  #2740 ) ;
#1097 = AXIS2_PLACEMENT_3D ( 'NONE', #4298, #3614, #5260 ) ;
#1098 = EDGE_CURVE ( 'NONE', #4045, #4373, #5041, .T. ) ;
#1099 = CARTESIAN_POINT ( 'NONE',  ( 163.0171133453979735, -134.6830298475569805, 92.52249999999820318 ) ) ;
#1100 = CARTESIAN_POINT ( 'NONE',  ( 132.4171133454019866, -127.3438512425049964, 92.80999999999689010 ) ) ;
#1101 = AXIS2_PLACEMENT_3D ( 'NONE', #3013, #470, #4727 ) ;
#1102 = CARTESIAN_POINT ( 'NONE',  ( 143.9500000000089983, -133.5000000000000000, 95.43499999999829697 ) ) ;
#1103 = EDGE_CURVE ( 'NONE', #2718, #2339, #3800, .T. ) ;
#1104 = LINE ( 'NONE', #3567, #3089 ) ;
#1105 = AXIS2_PLACEMENT_3D ( 'NONE', #1074, #4966, #2832 ) ;
#1106 = EDGE_LOOP ( 'NONE', ( #5003, #3230, #5103, #1525 ) ) ;
#1107 = ORIENTED_EDGE ( 'NONE', *, *, #4055, .T. ) ;
#1108 = ORIENTED_EDGE ( 'NONE', *, *, #2987, .F. ) ;
#1109 = AXIS2_PLACEMENT_3D ( 'NONE', #760, #5049, #1212 ) ;
#1110 = ORIENTED_EDGE ( 'NONE', *, *, #3469, .T. ) ;
#1111 = DIRECTION ( 'NONE',  ( -1.000000000000000000, 0.000000000000000000, 2.643388153869432085E-14 ) ) ;
#1112 = EDGE_LOOP ( 'NONE', ( #4740, #3181 ) ) ;
#1113 = EDGE_CURVE ( 'NONE', #2736, #1904, #3379, .T. ) ;
#1114 = ORIENTED_EDGE ( 'NONE', *, *, #2326, .F. ) ;
#1115 = CARTESIAN_POINT ( 'NONE',  ( 171.1533783421490114, -130.8094256212499999, 102.7643259181419921 ) ) ;
#1116 = AXIS2_PLACEMENT_3D ( 'NONE', #2900, #4235, #3372 ) ;
#1117 = DIRECTION ( 'NONE',  ( 3.673940376433450027E-16, 1.973846303234049855E-15, 1.000000000000000000 ) ) ;
#1118 = CYLINDRICAL_SURFACE ( 'NONE', #1780, 1.708500000000001684 ) ;
#1119 = VERTEX_POINT ( 'NONE', #5483 ) ;
#1120 = FACE_OUTER_BOUND ( 'NONE', #5189, .T. ) ;
#1121 = DIRECTION ( 'NONE',  ( 0.5927832416538731941, 0.5694769654755100774, 0.5694769654754531230 ) ) ;
#1122 = CARTESIAN_POINT ( 'NONE',  ( 160.5500129316530149, -137.1501302613039854, 89.17263744037690287 ) ) ;
#1123 = ORIENTED_EDGE ( 'NONE', *, *, #4881, .F. ) ;
#1124 = CARTESIAN_POINT ( 'NONE',  ( 140.8343775078564875, -138.7312539229904473, 109.4955636849632441 ) ) ;
#1125 = DIRECTION ( 'NONE',  ( 0.000000000000000000, -1.000000000000000000, -4.625929269271481378E-15 ) ) ;
#1126 = DIRECTION ( 'NONE',  ( 2.748129594203390530E-15, 4.430635266668075387E-15, 1.000000000000000000 ) ) ;
#1127 = CARTESIAN_POINT ( 'NONE',  ( 129.7216841539273275, -119.8622784518218509, 104.2639046402568681 ) ) ;
#1128 = PLANE ( 'NONE',  #5245 ) ;
#1129 = VECTOR ( 'NONE', #4129, 1000.000000000000000 ) ;
#1130 = ORIENTED_EDGE ( 'NONE', *, *, #4128, .T. ) ;
#1131 = AXIS2_PLACEMENT_3D ( 'NONE', #369, #3786, #1648 ) ;
#1132 = ORIENTED_EDGE ( 'NONE', *, *, #5105, .T. ) ;
#1133 = VECTOR ( 'NONE', #1311, 1000.000000000000000 ) ;
#1134 = EDGE_LOOP ( 'NONE', ( #1523, #4414, #2788, #506, #484, #291, #3044, #746 ) ) ;
#1135 = EDGE_CURVE ( 'NONE', #3092, #2604, #781, .T. ) ;
#1136 = VECTOR ( 'NONE', #1907, 1000.000000000000000 ) ;
#1137 = ADVANCED_FACE ( 'NONE', ( #3775 ), #3569, .F. ) ;
#1138 = ORIENTED_EDGE ( 'NONE', *, *, #4569, .F. ) ;
#1139 = LINE ( 'NONE', #4587, #1466 ) ;
#1140 = ORIENTED_EDGE ( 'NONE', *, *, #587, .T. ) ;
#1141 = CONICAL_SURFACE ( 'NONE', #1052, 1.900000000000012790, 0.7853981633973642351 ) ;
#1142 = ORIENTED_EDGE ( 'NONE', *, *, #405, .T. ) ;
#1143 = DIRECTION ( 'NONE',  ( 0.5773502691896191807, -0.5773502691896160721, 0.5773502691896421624 ) ) ;
#1144 = DIRECTION ( 'NONE',  ( -1.000000000000000000, -2.009843820287940185E-15, 3.673940376433480102E-16 ) ) ;
#1145 = FACE_OUTER_BOUND ( 'NONE', #4153, .T. ) ;
#1146 = ORIENTED_EDGE ( 'NONE', *, *, #5284, .T. ) ;
#1147 = EDGE_CURVE ( 'NONE', #1633, #4593, #2123, .T. ) ;
#1148 = VECTOR ( 'NONE', #5010, 1000.000000000000000 ) ;
#1149 = LINE ( 'NONE', #2792, #1188 ) ;
#1150 = ADVANCED_FACE ( 'NONE', ( #408 ), #5066, .T. ) ;
#1151 = DIRECTION ( 'NONE',  ( -1.000000000000000000, -1.569712496704820284E-14, -2.418031965417649952E-14 ) ) ;
#1152 = CARTESIAN_POINT ( 'NONE',  ( 160.9671133453959726, -140.4624928209260020, 92.48499999999999943 ) ) ;
#1153 = DIRECTION ( 'NONE',  ( 2.418031965417649952E-14, 2.810542139867140164E-15, -1.000000000000000000 ) ) ;
#1154 = FACE_OUTER_BOUND ( 'NONE', #2518, .T. ) ;
#1155 = PLANE ( 'NONE',  #4751 ) ;
#1156 = VECTOR ( 'NONE', #5537, 1000.000000000000000 ) ;
#1157 = EDGE_CURVE ( 'NONE', #5418, #3710, #1252, .T. ) ;
#1158 = EDGE_CURVE ( 'NONE', #4161, #2345, #5535, .T. ) ;
#1159 = CARTESIAN_POINT ( 'NONE',  ( 167.3687542002409998, -119.8613980543999986, 105.0811190093599947 ) ) ;
#1160 = ADVANCED_FACE ( 'NONE', ( #4294 ), #826, .T. ) ;
#1161 = DIRECTION ( 'NONE',  ( -1.000000000000000000, 0.000000000000000000, 0.000000000000000000 ) ) ;
#1162 = CARTESIAN_POINT ( 'NONE',  ( 174.8171132732730086, -140.4624928202200067, 103.7487723695530093 ) ) ;
#1163 = ORIENTED_EDGE ( 'NONE', *, *, #1469, .T. ) ;
#1164 = VERTEX_POINT ( 'NONE', #5508 ) ;
#1165 = DIRECTION ( 'NONE',  ( 1.000000000000000000, 0.000000000000000000, 0.000000000000000000 ) ) ;
#1166 = ORIENTED_EDGE ( 'NONE', *, *, #2119, .T. ) ;
#1167 =( BOUNDED_CURVE ( )  B_SPLINE_CURVE ( 3, ( #4520, #733, #2042, #3682 ),
 .UNSPECIFIED., .F., .F. ) 
 B_SPLINE_CURVE_WITH_KNOTS ( ( 4, 4 ),
 ( 4.891849744650209608, 4.892435373345480620 ),
 .UNSPECIFIED. ) 
 CURVE ( )  GEOMETRIC_REPRESENTATION_ITEM ( )  RATIONAL_B_SPLINE_CURVE ( ( 1.000000000000000000, 0.9999999714199190315, 0.9999999714199190315, 1.000000000000000000 ) ) 
 REPRESENTATION_ITEM ( '' )  );
#1168 = AXIS2_PLACEMENT_3D ( 'NONE', #5007, #4892, #4106 ) ;
#1169 = VERTEX_POINT ( 'NONE', #2105 ) ;
#1170 = DIRECTION ( 'NONE',  ( 0.5488750411663199102, -0.5910736794955309126, -0.5910736794954459805 ) ) ;
#1171 = ORIENTED_EDGE ( 'NONE', *, *, #3405, .T. ) ;
#1172 = ORIENTED_EDGE ( 'NONE', *, *, #5463, .T. ) ;
#1173 = CARTESIAN_POINT ( 'NONE',  ( 158.1497566842990068, -127.3249999999999886, 92.80999999999720274 ) ) ;
#1174 = FACE_OUTER_BOUND ( 'NONE', #3630, .T. ) ;
#1175 = FACE_OUTER_BOUND ( 'NONE', #241, .T. ) ;
#1176 = ORIENTED_EDGE ( 'NONE', *, *, #3385, .T. ) ;
#1177 = AXIS2_PLACEMENT_3D ( 'NONE', #5198, #943, #4359 ) ;
#1178 = EDGE_CURVE ( 'NONE', #16, #1607, #1688, .T. ) ;
#1179 = CARTESIAN_POINT ( 'NONE',  ( 143.9500000000079751, -124.7500000000020037, 96.38500000000000512 ) ) ;
#1180 = CARTESIAN_POINT ( 'NONE',  ( 173.0523842021719929, -140.4624928209260020, 110.3643259181420007 ) ) ;
#1181 = DIRECTION ( 'NONE',  ( -5.732307797903120798E-15, 1.000000000000000000, -1.803372339420699923E-15 ) ) ;
#1182 = EDGE_CURVE ( 'NONE', #1269, #1788, #4691, .T. ) ;
#1183 = LINE ( 'NONE', #5408, #2080 ) ;
#1184 = CARTESIAN_POINT ( 'NONE',  ( 156.5497566843009736, -127.3249999999999886, 92.80999999999698957 ) ) ;
#1185 = DIRECTION ( 'NONE',  ( 2.846725704167057308E-14, 0.000000000000000000, -1.000000000000000000 ) ) ;
#1186 = EDGE_CURVE ( 'NONE', #4282, #58, #5000, .T. ) ;
#1187 = CARTESIAN_POINT ( 'NONE',  ( 122.7547861250079961, -119.8621712665460137, 107.2644405637399956 ) ) ;
#1188 = VECTOR ( 'NONE', #3671, 1000.000000000000000 ) ;
#1189 = AXIS2_PLACEMENT_3D ( 'NONE', #3652, #2831, #4548 ) ;
#1190 = CARTESIAN_POINT ( 'NONE',  ( 124.7391803146820024, -119.4624928209260020, 107.6641190093600073 ) ) ;
#1191 = ADVANCED_FACE ( 'NONE', ( #3455 ), #4442, .F. ) ;
#1192 = DIRECTION ( 'NONE',  ( -4.032935767706580570E-15, 1.926745932492350360E-15, 1.000000000000000000 ) ) ;
#1193 = EDGE_LOOP ( 'NONE', ( #4441, #1402, #3168, #4838 ) ) ;
#1194 = VECTOR ( 'NONE', #5515, 1000.000000000000000 ) ;
#1195 = ORIENTED_EDGE ( 'NONE', *, *, #1672, .F. ) ;
#1196 = DIRECTION ( 'NONE',  ( -3.364395267662348033E-15, 0.7071067811865280328, -0.7071067811865670016 ) ) ;
#1197 = ORIENTED_EDGE ( 'NONE', *, *, #1723, .F. ) ;
#1198 = AXIS2_PLACEMENT_3D ( 'NONE', #3473, #5180, #4710 ) ;
#1199 = ORIENTED_EDGE ( 'NONE', *, *, #3798, .F. ) ;
#1200 = CARTESIAN_POINT ( 'NONE',  ( 163.0171133453979735, -136.5250000000000057, 92.80999999999738748 ) ) ;
#1201 = ORIENTED_EDGE ( 'NONE', *, *, #1642, .T. ) ;
#1202 = CARTESIAN_POINT ( 'NONE',  ( 144.8029529411451506, -127.3250000000001876, 92.80999999999671957 ) ) ;
#1203 = ORIENTED_EDGE ( 'NONE', *, *, #3709, .F. ) ;
#1204 = AXIS2_PLACEMENT_3D ( 'NONE', #3218, #2741, #4871 ) ;
#1205 = CARTESIAN_POINT ( 'NONE',  ( 162.0171133453979735, -134.2688162851839877, 92.52249999999820318 ) ) ;
#1206 = CIRCLE ( 'NONE', #477, 2.349999999999754952 ) ;
#1207 = FACE_OUTER_BOUND ( 'NONE', #4334, .T. ) ;
#1208 = LINE ( 'NONE', #3408, #780 ) ;
#1209 = DIRECTION ( 'NONE',  ( -1.000000000000000000, 0.000000000000000000, 2.013492964751100111E-14 ) ) ;
#1210 = DIRECTION ( 'NONE',  ( -0.7071067811865475727, 0.7071067811865475727, 0.000000000000000000 ) ) ;
#1211 = CARTESIAN_POINT ( 'NONE',  ( 163.0171133454009862, -119.4624928209249930, 99.46432591814070179 ) ) ;
#1212 = DIRECTION ( 'NONE',  ( 0.000000000000000000, -0.09040844800401290349, 0.9959047708137087618 ) ) ;
#1213 = FACE_BOUND ( 'NONE', #719, .T. ) ;
#1214 = FACE_OUTER_BOUND ( 'NONE', #2176, .T. ) ;
#1215 = VERTEX_POINT ( 'NONE', #3060 ) ;
#1216 = VERTEX_POINT ( 'NONE', #4773 ) ;
#1217 = CARTESIAN_POINT ( 'NONE',  ( 144.8029529411453211, -134.1750000000001819, 90.85999999999670251 ) ) ;
#1218 = VERTEX_POINT ( 'NONE', #4744 ) ;
#1219 = AXIS2_PLACEMENT_3D ( 'NONE', #612, #2307, #4182 ) ;
#1220 = ORIENTED_EDGE ( 'NONE', *, *, #685, .T. ) ;
#1221 = DIRECTION ( 'NONE',  ( -1.000000000000000000, 0.000000000000000000, 4.757973416712080265E-15 ) ) ;
#1222 = EDGE_LOOP ( 'NONE', ( #1991, #3258, #3179, #2327 ) ) ;
#1223 = ADVANCED_FACE ( 'NONE', ( #3578 ), #939, .T. ) ;
#1224 = ORIENTED_EDGE ( 'NONE', *, *, #570, .T. ) ;
#1225 = VECTOR ( 'NONE', #423, 1000.000000000000000 ) ;
#1226 = CIRCLE ( 'NONE', #4259, 1.349999999999740297 ) ;
#1227 = DIRECTION ( 'NONE',  ( 1.654943585967730237E-14, -1.000000000000000000, -2.810542139866970165E-15 ) ) ;
#1228 = DIRECTION ( 'NONE',  ( 0.000000000000000000, -1.000000000000000000, 5.006432955109510304E-15 ) ) ;
#1229 = CARTESIAN_POINT ( 'NONE',  ( 174.2171132998489895, -119.4624950404660098, 100.7500000000189999 ) ) ;
#1230 = LINE ( 'NONE', #2934, #1495 ) ;
#1231 = FACE_OUTER_BOUND ( 'NONE', #979, .T. ) ;
#1232 = VECTOR ( 'NONE', #2424, 1000.000000000000000 ) ;
#1233 = CLOSED_SHELL ( 'NONE', ( #2875, #4643, #759, #968, #925, #5086, #2064 ) ) ;
#1234 = EDGE_CURVE ( 'NONE', #4950, #5471, #4832, .T. ) ;
#1235 = CARTESIAN_POINT ( 'NONE',  ( 128.1076603330529338, -119.8617629959866946, 104.2633891844217118 ) ) ;
#1236 = CARTESIAN_POINT ( 'NONE',  ( 132.4171133454029814, -134.6744623790540061, 89.48499999999999943 ) ) ;
#1237 = CARTESIAN_POINT ( 'NONE',  ( 163.0171133453979735, -129.6529310438289997, 92.50559738161399537 ) ) ;
#1238 = FACE_OUTER_BOUND ( 'NONE', #4919, .T. ) ;
#1239 = ADVANCED_FACE ( 'NONE', ( #5254 ), #1443, .F. ) ;
#1240 = ORIENTED_EDGE ( 'NONE', *, *, #2972, .F. ) ;
#1241 = ORIENTED_EDGE ( 'NONE', *, *, #3385, .F. ) ;
#1242 = MECHANICAL_DESIGN_GEOMETRIC_PRESENTATION_REPRESENTATION (  '', ( #5031 ), #268 ) ;
#1243 = DIRECTION ( 'NONE',  ( -1.887379142593809830E-15, 1.000000000000000000, 3.764665582242999966E-16 ) ) ;
#1244 = VERTEX_POINT ( 'NONE', #4415 ) ;
#1245 = ORIENTED_EDGE ( 'NONE', *, *, #1625, .T. ) ;
#1246 = CARTESIAN_POINT ( 'NONE',  ( 158.1497566842990068, -135.5250000000000057, 92.80999999999730221 ) ) ;
#1247 = ORIENTED_EDGE ( 'NONE', *, *, #2542, .F. ) ;
#1248 = EDGE_CURVE ( 'NONE', #3710, #2609, #2049, .T. ) ;
#1249 = ORIENTED_EDGE ( 'NONE', *, *, #4504, .F. ) ;
#1250 = ADVANCED_FACE ( 'NONE', ( #3028 ), #998, .T. ) ;
#1251 = EDGE_CURVE ( 'NONE', #7, #604, #1029, .T. ) ;
#1252 = LINE ( 'NONE', #3428, #4369 ) ;
#1253 = DIRECTION ( 'NONE',  ( -1.000000000000000000, -1.181088324069652094E-14, -2.418031965417684977E-14 ) ) ;
#1254 = DIRECTION ( 'NONE',  ( -0.7071067811887460364, -0.7071067811843489981, -3.241148923770880573E-15 ) ) ;
#1255 = LINE ( 'NONE', #2136, #3454 ) ;
#1256 = PLANE ( 'NONE',  #2134 ) ;
#1257 = AXIS2_PLACEMENT_3D ( 'NONE', #224, #2787, #4866 ) ;
#1258 = CYLINDRICAL_SURFACE ( 'NONE', #1109, 1.349999999999758282 ) ;
#1259 = CYLINDRICAL_SURFACE ( 'NONE', #5117, 1.700000000000007061 ) ;
#1260 = CYLINDRICAL_SURFACE ( 'NONE', #213, 14.00026375888591268 ) ;
#1261 = DIRECTION ( 'NONE',  ( -1.000000000000000000, -2.009843822508509874E-15, 2.371361224627550089E-15 ) ) ;
#1262 = ADVANCED_FACE ( 'NONE', ( #4354 ), #3933, .F. ) ;
#1263 = ORIENTED_EDGE ( 'NONE', *, *, #1461, .T. ) ;
#1264 = VERTEX_POINT ( 'NONE', #2731 ) ;
#1265 = CARTESIAN_POINT ( 'NONE',  ( 122.7547861250079961, -119.8621712665460137, 104.2637974549800077 ) ) ;
#1266 = ORIENTED_EDGE ( 'NONE', *, *, #3276, .T. ) ;
#1267 = AXIS2_PLACEMENT_3D ( 'NONE', #170, #104, #4900 ) ;
#1268 = ORIENTED_EDGE ( 'NONE', *, *, #84, .F. ) ;
#1269 = VERTEX_POINT ( 'NONE', #4325 ) ;
#1270 = VECTOR ( 'NONE', #2456, 1000.000000000000000 ) ;
#1271 = VERTEX_POINT ( 'NONE', #3512 ) ;
#1272 = CARTESIAN_POINT ( 'NONE',  ( 162.0171133453979735, -128.6529310438289997, 92.50559738161389589 ) ) ;
#1273 = LINE ( 'NONE', #3827, #1156 ) ;
#1274 = CARTESIAN_POINT ( 'NONE',  ( 137.4171133454100016, -127.3249999999999886, 92.80999999999889383 ) ) ;
#1275 = CARTESIAN_POINT ( 'NONE',  ( 147.7171133453909988, -128.9624928209250072, 110.7643259181420063 ) ) ;
#1276 = CARTESIAN_POINT ( 'NONE',  ( 122.7135382931213314, -119.4624928209261299, 108.8671752080514210 ) ) ;
#1277 = DIRECTION ( 'NONE',  ( -1.000000000000000000, 0.000000000000000000, 0.000000000000000000 ) ) ;
#1278 = AXIS2_PLACEMENT_3D ( 'NONE', #4602, #3855, #442 ) ;
#1279 = PLANE ( 'NONE',  #1278 ) ;
#1280 = CONICAL_SURFACE ( 'NONE', #4962, 2.549999999999996714, 0.7853981633974490562 ) ;
#1281 = LINE ( 'NONE', #2990, #1016 ) ;
#1282 = FACE_OUTER_BOUND ( 'NONE', #4555, .T. ) ;
#1283 = CARTESIAN_POINT ( 'NONE',  ( 160.1768364872739880, -119.4624928209260020, 103.7997837525840055 ) ) ;
#1284 = EDGE_CURVE ( 'NONE', #820, #4805, #2874, .T. ) ;
#1285 = VERTEX_POINT ( 'NONE', #4803 ) ;
#1286 = ORIENTED_EDGE ( 'NONE', *, *, #4157, .T. ) ;
#1287 = DIRECTION ( 'NONE',  ( 1.000000000000000000, 0.000000000000000000, -2.748129594203400391E-15 ) ) ;
#1288 = EDGE_LOOP ( 'NONE', ( #162, #4499, #875, #615, #5259 ) ) ;
#1289 = CARTESIAN_POINT ( 'NONE',  ( 163.0171133453979735, -124.7124928209250072, 99.46432591814090074 ) ) ;
#1290 = EDGE_CURVE ( 'NONE', #908, #4287, #969, .T. ) ;
#1291 = VERTEX_POINT ( 'NONE', #128 ) ;
#1292 = CARTESIAN_POINT ( 'NONE',  ( 173.1377302020030129, -119.4624928209249930, 103.8641190093600102 ) ) ;
#1293 = VERTEX_POINT ( 'NONE', #1827 ) ;
#1294 = PRODUCT_CONTEXT ( 'NONE', #3615, 'mechanical' ) ;
#1295 = ORIENTED_EDGE ( 'NONE', *, *, #4569, .T. ) ;
#1296 = EDGE_CURVE ( 'NONE', #1271, #4608, #1414, .T. ) ;
#1297 = EDGE_CURVE ( 'NONE', #1586, #2358, #2699, .T. ) ;
#1298 = EDGE_CURVE ( 'NONE', #2841, #2210, #1858, .T. ) ;
#1299 = LINE ( 'NONE', #3126, #3438 ) ;
#1300 = VECTOR ( 'NONE', #310, 1000.000000000000000 ) ;
#1302 = DIRECTION ( 'NONE',  ( -2.371361224627540228E-15, -1.926745932492330244E-15, -1.000000000000000000 ) ) ;
#1301 = AXIS2_PLACEMENT_3D ( 'NONE', #626, #212, #4199 ) ;
#1303 = CARTESIAN_POINT ( 'NONE',  ( 145.5948783421490020, -130.7594256212510118, 100.7643259181420063 ) ) ;
#1304 = CARTESIAN_POINT ( 'NONE',  ( 158.1497566842990068, -134.1749999999999829, 92.80999999999720274 ) ) ;
#1305 = ADVANCED_FACE ( 'NONE', ( #219 ), #3607, .F. ) ;
#1306 = EDGE_CURVE ( 'NONE', #687, #3994, #2359, .T. ) ;
#1307 = DIRECTION ( 'NONE',  ( 0.000000000000000000, 1.000000000000000000, 0.000000000000000000 ) ) ;
#1308 = CARTESIAN_POINT ( 'NONE',  ( 151.4497566842990182, -126.2515896053969868, 95.49908242631779842 ) ) ;
#1309 = VECTOR ( 'NONE', #339, 1000.000000000000000 ) ;
#1310 = DIRECTION ( 'NONE',  ( 0.7071067811865489050, -0.7071067811865460184, -1.943007658787359880E-15 ) ) ;
#1311 = DIRECTION ( 'NONE',  ( 1.569712496704820284E-14, -1.000000000000000000, -2.810883309827640526E-16 ) ) ;
#1312 = EDGE_CURVE ( 'NONE', #606, #3298, #185, .T. ) ;
#1313 = EDGE_CURVE ( 'NONE', #4265, #5418, #2421, .T. ) ;
#1314 = EDGE_LOOP ( 'NONE', ( #5532, #2213, #656, #3556 ) ) ;
#1315 = CARTESIAN_POINT ( 'NONE',  ( 122.1508943902850035, -120.2420793842459972, 110.7643259181420063 ) ) ;
#1316 = DIRECTION ( 'NONE',  ( 9.378244137164250901E-15, -1.000000000000000000, -2.810542139866910211E-15 ) ) ;
#1317 = ORIENTED_EDGE ( 'NONE', *, *, #1186, .F. ) ;
#1318 = CARTESIAN_POINT ( 'NONE',  ( 129.7216946132469673, -119.8621712665460137, 107.2644405637399956 ) ) ;
#1319 = ORIENTED_EDGE ( 'NONE', *, *, #4046, .T. ) ;
#1320 = LINE ( 'NONE', #5248, #397 ) ;
#1321 = ORIENTED_EDGE ( 'NONE', *, *, #4273, .F. ) ;
#1322 = ORIENTED_EDGE ( 'NONE', *, *, #1103, .T. ) ;
#1323 = DIRECTION ( 'NONE',  ( -2.009843822508529990E-15, 1.000000000000000000, 0.000000000000000000 ) ) ;
#1324 = EDGE_LOOP ( 'NONE', ( #4132, #999, #120, #108 ) ) ;
#1325 = EDGE_CURVE ( 'NONE', #398, #970, #3635, .T. ) ;
#1326 = CARTESIAN_POINT ( 'NONE',  ( 124.3687542002400050, -119.8613980543999986, 105.0811190093599947 ) ) ;
#1327 = CARTESIAN_POINT ( 'NONE',  ( 135.1768364872739880, -140.2624928209250186, 103.7997837525840055 ) ) ;
#1328 = CARTESIAN_POINT ( 'NONE',  ( 140.1064472282390057, -139.4624928209260020, 108.7643247870279879 ) ) ;
#1329 = FACE_OUTER_BOUND ( 'NONE', #4001, .T. ) ;
#1330 =( BOUNDED_CURVE ( )  B_SPLINE_CURVE ( 3, ( #1464, #3177, #4882, #1045 ),
 .UNSPECIFIED., .F., .F. ) 
 B_SPLINE_CURVE_WITH_KNOTS ( ( 4, 4 ),
 ( 0.7853981633968599718, 1.570796326794909881 ),
 .UNSPECIFIED. ) 
 CURVE ( )  GEOMETRIC_REPRESENTATION_ITEM ( )  RATIONAL_B_SPLINE_CURVE ( ( 1.000000000000000000, 0.9492530216741139615, 0.9492530216741139615, 1.000000000000000000 ) ) 
 REPRESENTATION_ITEM ( '' )  );
#1331 = AXIS2_PLACEMENT_3D ( 'NONE', #4383, #2183, #98 ) ;
#1332 = EDGE_CURVE ( 'NONE', #590, #5164, #3027, .T. ) ;
#1333 = CARTESIAN_POINT ( 'NONE',  ( 151.4497566842990182, -124.7500000000020037, 96.38500000000000512 ) ) ;
#1334 = DIRECTION ( 'NONE',  ( 1.000000000000000000, 1.569712496704820284E-14, 2.418031965417649952E-14 ) ) ;
#1335 = ORIENTED_EDGE ( 'NONE', *, *, #4690, .T. ) ;
#1336 = DIRECTION ( 'NONE',  ( 9.265540129767512690E-15, 0.7071067811865631159, 0.7071067811865320296 ) ) ;
#1337 = FACE_OUTER_BOUND ( 'NONE', #4642, .T. ) ;
#1338 = CYLINDRICAL_SURFACE ( 'NONE', #2467, 3.000000000000002665 ) ;
#1339 = AXIS2_PLACEMENT_3D ( 'NONE', #1561, #1060, #1588 ) ;
#1340 = ORIENTED_EDGE ( 'NONE', *, *, #5516, .F. ) ;
#1341 = EDGE_CURVE ( 'NONE', #2604, #1701, #3312, .T. ) ;
#1342 = CARTESIAN_POINT ( 'NONE',  ( 145.5948783421530095, -130.7594256212520065, 96.38500000000000512 ) ) ;
#1343 = VECTOR ( 'NONE', #330, 1000.000000000000227 ) ;
#1344 = LINE ( 'NONE', #4682, #239 ) ;
#1345 = ORIENTED_EDGE ( 'NONE', *, *, #4497, .T. ) ;
#1346 = CARTESIAN_POINT ( 'NONE',  ( 169.4448783421489964, -130.8094256212499999, 103.1643259181420120 ) ) ;
#1347 = VERTEX_POINT ( 'NONE', #1583 ) ;
#1348 = CARTESIAN_POINT ( 'NONE',  ( 167.3688867170243384, -119.8621279181725328, 104.2637541066065410 ) ) ;
#1349 = AXIS2_PLACEMENT_3D ( 'NONE', #1952, #1509, #3216 ) ;
#1350 = ORIENTED_EDGE ( 'NONE', *, *, #2076, .T. ) ;
#1351 = ORIENTED_EDGE ( 'NONE', *, *, #5125, .F. ) ;
#1352 = ORIENTED_EDGE ( 'NONE', *, *, #3982, .F. ) ;
#1353 = CARTESIAN_POINT ( 'NONE',  ( 132.4171133454019866, -134.1938512425049908, 92.80999999999698957 ) ) ;
#1354 = AXIS2_PLACEMENT_3D ( 'NONE', #950, #5234, #980 ) ;
#1355 = EDGE_LOOP ( 'NONE', ( #4184, #123, #5222, #1068 ) ) ;
#1356 = DIRECTION ( 'NONE',  ( -0.7327805653449773748, 0.6804650197127662947, 1.056162697808659673E-15 ) ) ;
#1357 = FACE_BOUND ( 'NONE', #3286, .T. ) ;
#1358 = CARTESIAN_POINT ( 'NONE',  ( 157.1497566842990068, -131.8249999999999886, 91.34749999999820602 ) ) ;
#1359 = DIRECTION ( 'NONE',  ( -1.762258769246287846E-14, 1.000000000000000000, 0.000000000000000000 ) ) ;
#1360 = VECTOR ( 'NONE', #1310, 1000.000000000000114 ) ;
#1361 = FACE_OUTER_BOUND ( 'NONE', #693, .T. ) ;
#1362 = CARTESIAN_POINT ( 'NONE',  ( 173.3610575953740067, -119.7304058569240652, 110.6322389541396802 ) ) ;
#1363 = DIRECTION ( 'NONE',  ( 0.000000000000000000, -0.7071067811865500152, 0.7071067811865450192 ) ) ;
#1364 = CARTESIAN_POINT ( 'NONE',  ( 151.4497566842990182, -133.5000000000000000, 92.11000236511068806 ) ) ;
#1365 = CARTESIAN_POINT ( 'NONE',  ( 172.9297124076259990, -119.6623320437360007, 105.0811190093599947 ) ) ;
#1366 = FACE_OUTER_BOUND ( 'NONE', #4833, .T. ) ;
#1367 = EDGE_CURVE ( 'NONE', #2145, #3711, #274, .T. ) ;
#1368 = ORIENTED_EDGE ( 'NONE', *, *, #4452, .T. ) ;
#1369 = AXIS2_PLACEMENT_3D ( 'NONE', #1533, #3749, #1975 ) ;
#1370 = VERTEX_POINT ( 'NONE', #2812 ) ;
#1371 = VECTOR ( 'NONE', #934, 1000.000000000000000 ) ;
#1372 = DIRECTION ( 'NONE',  ( -2.418031965417649952E-14, -2.810542139867140164E-15, 1.000000000000000000 ) ) ;
#1373 = VERTEX_POINT ( 'NONE', #2758 ) ;
#1374 = CARTESIAN_POINT ( 'NONE',  ( 150.5296133453909988, -140.2624928209240238, 102.9643259181420092 ) ) ;
#1375 = EDGE_CURVE ( 'NONE', #138, #1849, #1139, .T. ) ;
#1376 = ORIENTED_EDGE ( 'NONE', *, *, #3883, .F. ) ;
#1377 = DIRECTION ( 'NONE',  ( 0.000000000000000000, -1.000000000000000000, -4.625929269271481378E-15 ) ) ;
#1378 = ORIENTED_EDGE ( 'NONE', *, *, #3253, .T. ) ;
#1379 = EDGE_LOOP ( 'NONE', ( #3814, #715, #4416, #2975 ) ) ;
#1380 = ORIENTED_EDGE ( 'NONE', *, *, #2967, .F. ) ;
#1381 = DIRECTION ( 'NONE',  ( 0.000000000000000000, -1.926745932492380336E-15, -1.000000000000000000 ) ) ;
#1382 = EDGE_CURVE ( 'NONE', #1470, #1977, #633, .T. ) ;
#1383 = ORIENTED_EDGE ( 'NONE', *, *, #2627, .F. ) ;
#1384 = PLANE ( 'NONE',  #4885 ) ;
#1385 = LINE ( 'NONE', #4358, #3650 ) ;
#1386 = DIRECTION ( 'NONE',  ( -2.018587317500282668E-14, 1.000000000000000000, 5.046468293750706671E-15 ) ) ;
#1387 = CARTESIAN_POINT ( 'NONE',  ( 147.7171133453909988, -128.9624928209250072, 110.7643259181420063 ) ) ;
#1388 = VECTOR ( 'NONE', #3032, 1000.000000000000000 ) ;
#1389 = CARTESIAN_POINT ( 'NONE',  ( 137.4980370060869745, -139.7553860397389940, 89.48499999999880572 ) ) ;
#1390 = AXIS2_PLACEMENT_3D ( 'NONE', #5414, #4150, #266 ) ;
#1391 = DIRECTION ( 'NONE',  ( -1.000000000000000000, -8.742289393079860116E-15, 2.371361253508389962E-15 ) ) ;
#1392 = DIRECTION ( 'NONE',  ( 0.000000000000000000, -0.7071067811866890152, 0.7071067811864060193 ) ) ;
#1393 = CARTESIAN_POINT ( 'NONE',  ( 134.9365022088549892, -137.1938512425049908, 92.80999999999698957 ) ) ;
#1394 = DIRECTION ( 'NONE',  ( -1.000000000000000000, -2.009843820287940185E-15, 3.285583168621639665E-16 ) ) ;
#1395 = DIRECTION ( 'NONE',  ( 1.000000000000000000, 0.000000000000000000, 0.000000000000000000 ) ) ;
#1396 = EDGE_CURVE ( 'NONE', #72, #4057, #843, .T. ) ;
#1397 =( GEOMETRIC_REPRESENTATION_CONTEXT ( 3 ) GLOBAL_UNCERTAINTY_ASSIGNED_CONTEXT ( ( #696 ) ) GLOBAL_UNIT_ASSIGNED_CONTEXT ( ( #4624, #5020, #4544 ) ) REPRESENTATION_CONTEXT ( 'NONE', 'WORKASPACE' ) );
#1398 = ORIENTED_EDGE ( 'NONE', *, *, #3485, .T. ) ;
#1399 = AXIS2_PLACEMENT_3D ( 'NONE', #2616, #582, #74 ) ;
#1400 = CARTESIAN_POINT ( 'NONE',  ( 136.9776768572590129, -119.4624928209260020, 107.6641190093600073 ) ) ;
#1401 = FACE_BOUND ( 'NONE', #4021, .T. ) ;
#1402 = ORIENTED_EDGE ( 'NONE', *, *, #2528, .T. ) ;
#1403 = EDGE_CURVE ( 'NONE', #5441, #3019, #3690, .T. ) ;
#1404 = LINE ( 'NONE', #3987, #3813 ) ;
#1405 = AXIS2_PLACEMENT_3D ( 'NONE', #1346, #2054, #3051 ) ;
#1406 = VERTEX_POINT ( 'NONE', #4133 ) ;
#1407 = DIRECTION ( 'NONE',  ( 0.5130924759622020881, -0.8583333333332552328, 1.485209458425690434E-15 ) ) ;
#1408 = EDGE_CURVE ( 'NONE', #4348, #1293, #298, .T. ) ;
#1409 = EDGE_LOOP ( 'NONE', ( #2941, #4050, #1612, #4478 ) ) ;
#1410 = ORIENTED_EDGE ( 'NONE', *, *, #1625, .F. ) ;
#1411 = VECTOR ( 'NONE', #4840, 1000.000000000000000 ) ;
#1412 = VERTEX_POINT ( 'NONE', #2331 ) ;
#1413 = EDGE_CURVE ( 'NONE', #2839, #1942, #745, .T. ) ;
#1414 = LINE ( 'NONE', #2273, #2583 ) ;
#1415 = EDGE_CURVE ( 'NONE', #3949, #1468, #1920, .T. ) ;
#1416 = VERTEX_POINT ( 'NONE', #3210 ) ;
#1417 = CARTESIAN_POINT ( 'NONE',  ( 169.4448783421489964, -130.8094256212499999, 107.7643259181420063 ) ) ;
#1418 = DIRECTION ( 'NONE',  ( 0.5773502691894900618, 0.5773502691895090466, -0.5773502691898780848 ) ) ;
#1419 = EDGE_CURVE ( 'NONE', #4860, #1551, #1083, .T. ) ;
#1420 = AXIS2_PLACEMENT_3D ( 'NONE', #2559, #853, #2503 ) ;
#1421 = DIRECTION ( 'NONE',  ( 1.000000000000000000, 2.009843822508529990E-15, -2.748129594203400391E-15 ) ) ;
#1422 = ORIENTED_EDGE ( 'NONE', *, *, #1653, .F. ) ;
#1423 = FACE_BOUND ( 'NONE', #1455, .T. ) ;
#1424 = DIRECTION ( 'NONE',  ( 0.7071067811865461294, 0.7071067811865490160, -1.570896710180429516E-14 ) ) ;
#1425 = DIRECTION ( 'NONE',  ( 6.867912022876649504E-13, 1.926745932493700495E-15, 1.000000000000000000 ) ) ;
#1426 = CARTESIAN_POINT ( 'NONE',  ( 137.4171133454100016, -134.1938512425049908, 92.80999999999698957 ) ) ;
#1427 = ORIENTED_EDGE ( 'NONE', *, *, #1796, .F. ) ;
#1428 = LINE ( 'NONE', #1778, #5478 ) ;
#1429 = CARTESIAN_POINT ( 'NONE',  ( 161.1751431929552894, -136.5249999999987551, 93.95952224057488422 ) ) ;
#1430 = DIRECTION ( 'NONE',  ( -1.000000000000000000, 0.000000000000000000, 0.000000000000000000 ) ) ;
#1431 = VERTEX_POINT ( 'NONE', #4528 ) ;
#1432 = DIRECTION ( 'NONE',  ( 0.000000000000000000, 1.000000000000000000, -1.926745932492380336E-15 ) ) ;
#1433 = CARTESIAN_POINT ( 'NONE',  ( 122.7548175178110057, -119.8624928209259934, 104.2641190093600017 ) ) ;
#1434 = ORIENTED_EDGE ( 'NONE', *, *, #1995, .T. ) ;
#1435 = AXIS2_PLACEMENT_3D ( 'NONE', #1933, #1515, #286 ) ;
#1436 = DIRECTION ( 'NONE',  ( 1.000000000000000000, -2.193949859403644913E-28, -2.371361224626694964E-15 ) ) ;
#1437 = AXIS2_PLACEMENT_3D ( 'NONE', #2710, #4726, #531 ) ;
#1438 = ORIENTED_EDGE ( 'NONE', *, *, #4546, .F. ) ;
#1439 = ORIENTED_EDGE ( 'NONE', *, *, #1053, .F. ) ;
#1440 = EDGE_LOOP ( 'NONE', ( #5524, #3762, #144, #3157 ) ) ;
#1441 = VERTEX_POINT ( 'NONE', #1947 ) ;
#1442 = ORIENTED_EDGE ( 'NONE', *, *, #3875, .T. ) ;
#1443 = CYLINDRICAL_SURFACE ( 'NONE', #4479, 3.000000000000002665 ) ;
#1444 = VECTOR ( 'NONE', #1835, 1000.000000000000000 ) ;
#1445 = VECTOR ( 'NONE', #4461, 1000.000000000000000 ) ;
#1446 = ORIENTED_EDGE ( 'NONE', *, *, #904, .F. ) ;
#1447 = DIRECTION ( 'NONE',  ( -1.000000000000000000, 0.000000000000000000, 4.757973416711820729E-15 ) ) ;
#1448 = DIRECTION ( 'NONE',  ( -1.000000000000000000, -3.965082230804126670E-15, 3.965082230804126670E-15 ) ) ;
#1449 = LINE ( 'NONE', #4748, #5 ) ;
#1450 = ORIENTED_EDGE ( 'NONE', *, *, #2571, .F. ) ;
#1451 = CARTESIAN_POINT ( 'NONE',  ( 122.1508943902835114, -119.4624928209259593, 109.4955636849622351 ) ) ;
#1452 = CARTESIAN_POINT ( 'NONE',  ( 158.4776768572600076, -119.4624928209249930, 107.6641190093600073 ) ) ;
#1453 = CARTESIAN_POINT ( 'NONE',  ( 156.5497566843010304, -127.3249999999999886, 92.80999999999698957 ) ) ;
#1454 = CARTESIAN_POINT ( 'NONE',  ( 133.1478739639769913, -127.8217542309569836, 109.7643247870279879 ) ) ;
#1455 = EDGE_LOOP ( 'NONE', ( #572, #2949 ) ) ;
#1456 = DIRECTION ( 'NONE',  ( 2.616290610029159896E-15, 1.926745932492330244E-15, 1.000000000000000000 ) ) ;
#1457 = PLANE ( 'NONE',  #2186 ) ;
#1458 = CARTESIAN_POINT ( 'NONE',  ( 137.8171133454100072, -135.7500000000000000, 92.80999999999879435 ) ) ;
#1459 = VECTOR ( 'NONE', #761, 1000.000000000000000 ) ;
#1460 = DIRECTION ( 'NONE',  ( 1.000000000000000000, 9.378244137164250901E-15, 0.000000000000000000 ) ) ;
#1461 = EDGE_CURVE ( 'NONE', #127, #4319, #4684, .T. ) ;
#1462 = DIRECTION ( 'NONE',  ( 1.000000000000000000, 0.000000000000000000, 0.000000000000000000 ) ) ;
#1463 = VECTOR ( 'NONE', #3353, 1000.000000000000000 ) ;
#1464 = CARTESIAN_POINT ( 'NONE',  ( 128.9747081159343907, -119.4624928209260020, 109.0572180058413920 ) ) ;
#1465 = ORIENTED_EDGE ( 'NONE', *, *, #3723, .T. ) ;
#1466 = VECTOR ( 'NONE', #5396, 1000.000000000000000 ) ;
#1467 = ORIENTED_EDGE ( 'NONE', *, *, #1804, .T. ) ;
#1468 = VERTEX_POINT ( 'NONE', #2390 ) ;
#1469 = EDGE_CURVE ( 'NONE', #216, #1024, #5531, .T. ) ;
#1470 = VERTEX_POINT ( 'NONE', #5111 ) ;
#1471 = DIRECTION ( 'NONE',  ( 1.000000000000000000, -7.120326166349700838E-29, 1.539220716937389985E-14 ) ) ;
#1472 = VERTEX_POINT ( 'NONE', #2926 ) ;
#1473 = FACE_OUTER_BOUND ( 'NONE', #4830, .T. ) ;
#1474 = DIRECTION ( 'NONE',  ( -2.009843820287940185E-15, 1.000000000000000000, -1.926745932492360221E-15 ) ) ;
#1475 = DIRECTION ( 'NONE',  ( 0.000000000000000000, -1.000000000000000000, -4.625929269271481378E-15 ) ) ;
#1476 = VERTEX_POINT ( 'NONE', #1246 ) ;
#1477 = EDGE_CURVE ( 'NONE', #5296, #99, #126, .T. ) ;
#1478 = DIRECTION ( 'NONE',  ( -2.892304216119340092E-14, 4.718447854655340533E-16, -1.000000000000000000 ) ) ;
#1479 = CARTESIAN_POINT ( 'NONE',  ( 167.7391803146830114, -119.4624928209249930, 105.0811190093599947 ) ) ;
#1480 = CARTESIAN_POINT ( 'NONE',  ( 172.7216841539284360, -119.8622784518222488, 104.2639046402562570 ) ) ;
#1481 = CARTESIAN_POINT ( 'NONE',  ( 130.1377302020020181, -119.4624928209260020, 105.0811190093599947 ) ) ;
#1482 = ORIENTED_EDGE ( 'NONE', *, *, #668, .T. ) ;
#1483 = LINE ( 'NONE', #176, #4219 ) ;
#1484 = AXIS2_PLACEMENT_3D ( 'NONE', #3158, #2022, #2417 ) ;
#1485 = DIRECTION ( 'NONE',  ( 1.000000000000000000, 0.000000000000000000, 1.539220716937389985E-14 ) ) ;
#1486 = CARTESIAN_POINT ( 'NONE',  ( 163.0171133453979735, -135.5250000000000057, 92.80999999999720274 ) ) ;
#1487 = EDGE_CURVE ( 'NONE', #1551, #4924, #4714, .T. ) ;
#1488 = CARTESIAN_POINT ( 'NONE',  ( 122.1508943902840088, -119.4624928209260020, 109.7643247870269931 ) ) ;
#1489 = CARTESIAN_POINT ( 'NONE',  ( 156.5497566843020252, -130.0529310438300001, 92.46230441458909866 ) ) ;
#1490 = EDGE_CURVE ( 'NONE', #1785, #2126, #433, .T. ) ;
#1491 = DIRECTION ( 'NONE',  ( 0.7071067811866790231, 4.874661281994570880E-15, 0.7071067811864160113 ) ) ;
#1492 = AXIS2_PLACEMENT_3D ( 'NONE', #422, #3835, #5206 ) ;
#1493 = VECTOR ( 'NONE', #4017, 1000.000000000000000 ) ;
#1494 = ADVANCED_FACE ( 'NONE', ( #3769 ), #4263, .F. ) ;
#1495 = VECTOR ( 'NONE', #4647, 1000.000000000000000 ) ;
#1496 = ORIENTED_EDGE ( 'NONE', *, *, #3070, .T. ) ;
#1497 = ORIENTED_EDGE ( 'NONE', *, *, #193, .F. ) ;
#1498 = VERTEX_POINT ( 'NONE', #1709 ) ;
#1499 = AXIS2_PLACEMENT_3D ( 'NONE', #4951, #277, #2866 ) ;
#1500 = VECTOR ( 'NONE', #3501, 1000.000000000000000 ) ;
#1501 = ORIENTED_EDGE ( 'NONE', *, *, #5148, .F. ) ;
#1502 = DIRECTION ( 'NONE',  ( 1.000000000000000000, 1.887379142593749877E-15, 1.700707699447160361E-14 ) ) ;
#1503 = ORIENTED_EDGE ( 'NONE', *, *, #4260, .T. ) ;
#1504 = CARTESIAN_POINT ( 'NONE',  ( 171.3533783421490000, -130.8094256212499999, 110.5643259181420035 ) ) ;
#1505 = DIRECTION ( 'NONE',  ( 1.000000000000000000, -7.120326166349700838E-29, 1.539220716937389985E-14 ) ) ;
#1506 = VERTEX_POINT ( 'NONE', #4686 ) ;
#1507 = CARTESIAN_POINT ( 'NONE',  ( 141.9989321052910043, -144.6005679725180073, 106.2262507665499953 ) ) ;
#1508 = ADVANCED_FACE ( 'NONE', ( #849 ), #2075, .T. ) ;
#1509 = DIRECTION ( 'NONE',  ( 0.000000000000000000, 1.000000000000000000, 0.000000000000000000 ) ) ;
#1510 = EDGE_CURVE ( 'NONE', #4717, #1119, #2164, .T. ) ;
#1511 = CARTESIAN_POINT ( 'NONE',  ( 127.9225134807950042, -119.6619454376629932, 105.0811190093599947 ) ) ;
#1512 = CARTESIAN_POINT ( 'NONE',  ( 160.7609296305824103, -135.5249999999988404, 93.55787212828096244 ) ) ;
#1513 = VERTEX_POINT ( 'NONE', #2026 ) ;
#1514 = CARTESIAN_POINT ( 'NONE',  ( 174.2170972914310028, -135.0124745502040184, 97.71430764747009334 ) ) ;
#1515 = DIRECTION ( 'NONE',  ( 3.965082230804120359E-15, 1.407292413469244005E-15, 1.000000000000000000 ) ) ;
#1516 = CARTESIAN_POINT ( 'NONE',  ( 172.7216946132480189, -119.8621712665460137, 105.0811190093599947 ) ) ;
#1517 = EDGE_CURVE ( 'NONE', #3845, #4045, #3796, .T. ) ;
#1518 = CYLINDRICAL_SURFACE ( 'NONE', #1560, 2.349999999999990763 ) ;
#1519 = LINE ( 'NONE', #4879, #2146 ) ;
#1520 = LINE ( 'NONE', #1190, #4676 ) ;
#1521 = FACE_OUTER_BOUND ( 'NONE', #4262, .T. ) ;
#1522 = EDGE_CURVE ( 'NONE', #2364, #1025, #4663, .T. ) ;
#1523 = ORIENTED_EDGE ( 'NONE', *, *, #1018, .T. ) ;
#1524 =( BOUNDED_CURVE ( )  B_SPLINE_CURVE ( 3, ( #1673, #5491, #2114, #4222 ),
 .UNSPECIFIED., .F., .F. ) 
 B_SPLINE_CURVE_WITH_KNOTS ( ( 4, 4 ),
 ( 5.023720497418549868, 5.809118660816079860 ),
 .UNSPECIFIED. ) 
 CURVE ( )  GEOMETRIC_REPRESENTATION_ITEM ( )  RATIONAL_B_SPLINE_CURVE ( ( 1.000000000000000000, 0.9492530216741810190, 0.9492530216741810190, 1.000000000000000000 ) ) 
 REPRESENTATION_ITEM ( '' )  );
#1525 = ORIENTED_EDGE ( 'NONE', *, *, #2910, .T. ) ;
#1526 = ORIENTED_EDGE ( 'NONE', *, *, #3029, .F. ) ;
#1527 = CIRCLE ( 'NONE', #3841, 2.750000000000002665 ) ;
#1528 = ORIENTED_EDGE ( 'NONE', *, *, #983, .F. ) ;
#1529 = DIRECTION ( 'NONE',  ( 0.000000000000000000, 1.926745932492380336E-15, 1.000000000000000000 ) ) ;
#1530 = ORIENTED_EDGE ( 'NONE', *, *, #4196, .T. ) ;
#1531 = ORIENTED_EDGE ( 'NONE', *, *, #3253, .F. ) ;
#1532 = LINE ( 'NONE', #1115, #62 ) ;
#1533 = CARTESIAN_POINT ( 'NONE',  ( 151.4497566842987908, -127.3250000000000739, 92.80999999999687589 ) ) ;
#1534 = DIRECTION ( 'NONE',  ( 0.000000000000000000, -1.973846303234049855E-15, -1.000000000000000000 ) ) ;
#1535 = ORIENTED_EDGE ( 'NONE', *, *, #235, .F. ) ;
#1536 = CARTESIAN_POINT ( 'NONE',  ( 163.0171133453979735, -128.6529310438289997, 92.48869476322960281 ) ) ;
#1537 = LINE ( 'NONE', #3777, #4859 ) ;
#1538 = CYLINDRICAL_SURFACE ( 'NONE', #3596, 0.9999999999999938938 ) ;
#1539 = ORIENTED_EDGE ( 'NONE', *, *, #2200, .F. ) ;
#1540 = CARTESIAN_POINT ( 'NONE',  ( 162.0171133453979735, -125.9750000000000085, 91.20374999999900467 ) ) ;
#1541 = CARTESIAN_POINT ( 'NONE',  ( 137.4171133454100016, -127.3438512425049964, 92.80999999999698957 ) ) ;
#1542 = CARTESIAN_POINT ( 'NONE',  ( 173.1377302020030129, -119.4624928209260020, 107.6641190093600073 ) ) ;
#1543 = DIRECTION ( 'NONE',  ( -9.378244137164250901E-15, 1.000000000000000000, 2.810542139866910211E-15 ) ) ;
#1544 = VECTOR ( 'NONE', #3073, 1000.000000000000000 ) ;
#1545 = CARTESIAN_POINT ( 'NONE',  ( 151.4497566848500014, -136.9500000000019782, 89.48500000020609946 ) ) ;
#1546 = EDGE_CURVE ( 'NONE', #38, #4437, #2974, .T. ) ;
#1547 = CARTESIAN_POINT ( 'NONE',  ( 121.9971349070250000, -119.4624928212090111, 110.4963028085129935 ) ) ;
#1548 = EDGE_CURVE ( 'NONE', #3961, #3944, #2354, .T. ) ;
#1549 = AXIS2_PLACEMENT_3D ( 'NONE', #538, #2662, #2233 ) ;
#1550 = ORIENTED_EDGE ( 'NONE', *, *, #742, .T. ) ;
#1551 = VERTEX_POINT ( 'NONE', #1292 ) ;
#1552 = ORIENTED_EDGE ( 'NONE', *, *, #191, .T. ) ;
#1553 = EDGE_CURVE ( 'NONE', #1370, #2604, #770, .T. ) ;
#1554 = CIRCLE ( 'NONE', #835, 1.975000000000004530 ) ;
#1555 = VERTEX_POINT ( 'NONE', #3746 ) ;
#1556 = DIRECTION ( 'NONE',  ( -1.009293658750141334E-14, 1.000000000000000000, 5.046468293750706671E-15 ) ) ;
#1557 = ORIENTED_EDGE ( 'NONE', *, *, #2725, .F. ) ;
#1558 = ORIENTED_EDGE ( 'NONE', *, *, #4396, .F. ) ;
#1559 = PLANE ( 'NONE',  #2927 ) ;
#1560 = AXIS2_PLACEMENT_3D ( 'NONE', #2605, #2177, #963 ) ;
#1561 = CARTESIAN_POINT ( 'NONE',  ( 174.2171132998489895, -119.4624950404660098, 100.7500000000189999 ) ) ;
#1562 = VERTEX_POINT ( 'NONE', #5476 ) ;
#1563 = ADVANCED_FACE ( 'NONE', ( #2552, #3001 ), #874, .T. ) ;
#1564 = ADVANCED_FACE ( 'NONE', ( #1632 ), #5061, .T. ) ;
#1565 = DIRECTION ( 'NONE',  ( -8.742289393080030510E-15, 1.000000000000000000, -7.223637016929600039E-14 ) ) ;
#1566 = DIRECTION ( 'NONE',  ( -0.5130924759622020881, 0.8583333333332552328, -1.485209458425690434E-15 ) ) ;
#1567 = DIRECTION ( 'NONE',  ( 1.000000000000000000, 1.181088324069418118E-14, -2.371361224627780042E-15 ) ) ;
#1568 = LINE ( 'NONE', #3273, #4140 ) ;
#1569 = DIRECTION ( 'NONE',  ( 3.673940376433450027E-16, 1.973846303234049855E-15, 1.000000000000000000 ) ) ;
#1570 = DIRECTION ( 'NONE',  ( -1.000000000000000000, -1.569712496704820284E-14, -2.418031965417649952E-14 ) ) ;
#1571 = CARTESIAN_POINT ( 'NONE',  ( 120.6171133453919850, -140.4624928209260020, 99.00716297626419760 ) ) ;
#1572 = CARTESIAN_POINT ( 'NONE',  ( 129.7216632204440145, -119.8624928209259934, 104.2641190093600017 ) ) ;
#1573 = CARTESIAN_POINT ( 'NONE',  ( 121.2170679492020042, -119.4624928214270057, 102.7500000000259917 ) ) ;
#1574 = ORIENTED_EDGE ( 'NONE', *, *, #1635, .T. ) ;
#1575 = EDGE_CURVE ( 'NONE', #1291, #2120, #5088, .T. ) ;
#1576 = ORIENTED_EDGE ( 'NONE', *, *, #5444, .T. ) ;
#1577 = VECTOR ( 'NONE', #3229, 1000.000000000000000 ) ;
#1578 = DIRECTION ( 'NONE',  ( -1.000000000000000000, -8.742289393079860116E-15, 2.371361253508389962E-15 ) ) ;
#1579 = ORIENTED_EDGE ( 'NONE', *, *, #990, .T. ) ;
#1580 = VECTOR ( 'NONE', #5300, 1000.000000000000000 ) ;
#1581 = ORIENTED_EDGE ( 'NONE', *, *, #602, .T. ) ;
#1582 = EDGE_CURVE ( 'NONE', #1904, #1271, #2669, .T. ) ;
#1583 = CARTESIAN_POINT ( 'NONE',  ( 121.2170679492040080, -140.4624928209240124, 100.7500000000264038 ) ) ;
#1584 = ORIENTED_EDGE ( 'NONE', *, *, #5282, .T. ) ;
#1585 = AXIS2_PLACEMENT_3D ( 'NONE', #2370, #258, #1956 ) ;
#1586 = VERTEX_POINT ( 'NONE', #3023 ) ;
#1587 = CARTESIAN_POINT ( 'NONE',  ( 136.8768364872740051, -140.0624928209250015, 103.7997837525840055 ) ) ;
#1588 = DIRECTION ( 'NONE',  ( -1.000000000000000000, 0.000000000000000000, 3.789849804151359726E-14 ) ) ;
#1589 = EDGE_LOOP ( 'NONE', ( #4972, #3061, #1442, #199 ) ) ;
#1590 = EDGE_CURVE ( 'NONE', #1607, #1050, #154, .T. ) ;
#1591 = ADVANCED_FACE ( 'NONE', ( #1735 ), #1518, .F. ) ;
#1592 = FILL_AREA_STYLE_COLOUR ( '', #1887 ) ;
#1593 = EDGE_CURVE ( 'NONE', #1406, #5335, #5497, .T. ) ;
#1594 = EDGE_CURVE ( 'NONE', #4948, #3636, #4318, .T. ) ;
#1595 = LINE ( 'NONE', #3302, #1677 ) ;
#1596 = CARTESIAN_POINT ( 'NONE',  ( 158.1497566842990068, -133.6374999999999886, 90.88499999999999091 ) ) ;
#1597 = CARTESIAN_POINT ( 'NONE',  ( 134.2725970286043946, -139.1695996021125836, 109.0572180058413920 ) ) ;
#1598 = FACE_OUTER_BOUND ( 'NONE', #3792, .T. ) ;
#1599 = CARTESIAN_POINT ( 'NONE',  ( 125.9448783421490106, -130.8094256212499999, 110.5643259181420035 ) ) ;
#1600 = CARTESIAN_POINT ( 'NONE',  ( 132.4171133454029814, -119.4624928209269967, 89.48499999999999943 ) ) ;
#1601 = LINE ( 'NONE', #5025, #4536 ) ;
#1602 = ORIENTED_EDGE ( 'NONE', *, *, #2404, .T. ) ;
#1603 = VERTEX_POINT ( 'NONE', #3929 ) ;
#1604 = LINE ( 'NONE', #4475, #1129 ) ;
#1605 = ORIENTED_EDGE ( 'NONE', *, *, #2716, .T. ) ;
#1606 = AXIS2_PLACEMENT_3D ( 'NONE', #3183, #1471, #2001 ) ;
#1607 = VERTEX_POINT ( 'NONE', #122 ) ;
#1608 = CARTESIAN_POINT ( 'NONE',  ( 174.2171129478809917, -119.4624928209260020, 102.6392838017199978 ) ) ;
#1609 = ORIENTED_EDGE ( 'NONE', *, *, #5231, .F. ) ;
#1610 = CARTESIAN_POINT ( 'NONE',  ( 124.3688867170232442, -119.8621279181725328, 104.2637541066075357 ) ) ;
#1611 = CARTESIAN_POINT ( 'NONE',  ( 172.7216736896604345, -119.8623856366149454, 107.2642261936701402 ) ) ;
#1612 = ORIENTED_EDGE ( 'NONE', *, *, #85, .T. ) ;
#1613 = AXIS2_PLACEMENT_3D ( 'NONE', #2432, #1485, #4119 ) ;
#1614 = VECTOR ( 'NONE', #3522, 1000.000000000000000 ) ;
#1615 = DIRECTION ( 'NONE',  ( -1.539220716937389985E-14, 0.000000000000000000, 1.000000000000000000 ) ) ;
#1616 = CARTESIAN_POINT ( 'NONE',  ( 151.4497566842990182, -136.9499999999999886, 95.03499999999849024 ) ) ;
#1617 = CARTESIAN_POINT ( 'NONE',  ( 134.3042248701370056, -140.4624928209260020, 107.7643247870279879 ) ) ;
#1618 = CARTESIAN_POINT ( 'NONE',  ( 122.3387505362530021, -119.4624928209260020, 105.0811190093599947 ) ) ;
#1619 = DIRECTION ( 'NONE',  ( 0.000000000000000000, 1.000000000000000000, 0.000000000000000000 ) ) ;
#1620 = CIRCLE ( 'NONE', #2144, 1.708500000000001684 ) ;
#1621 = VECTOR ( 'NONE', #4424, 1000.000000000000000 ) ;
#1622 = CARTESIAN_POINT ( 'NONE',  ( 161.1751431929550051, -136.5250000000000057, 89.88500000000000512 ) ) ;
#1623 = CARTESIAN_POINT ( 'NONE',  ( 165.3387505362539969, -119.4624928209249930, 103.8641190093600102 ) ) ;
#1624 = ORIENTED_EDGE ( 'NONE', *, *, #3233, .F. ) ;
#1625 = EDGE_CURVE ( 'NONE', #1994, #2763, #3083, .T. ) ;
#1626 = CIRCLE ( 'NONE', #2603, 1.349999999999740297 ) ;
#1627 = ORIENTED_EDGE ( 'NONE', *, *, #5364, .T. ) ;
#1628 = DIRECTION ( 'NONE',  ( 1.224646799147019913E-16, -1.000000000000000000, 5.251076096089410635E-15 ) ) ;
#1629 = ORIENTED_EDGE ( 'NONE', *, *, #5141, .T. ) ;
#1630 = AXIS2_PLACEMENT_3D ( 'NONE', #3627, #567, #5331 ) ;
#1631 = ORIENTED_EDGE ( 'NONE', *, *, #85, .F. ) ;
#1632 = FACE_OUTER_BOUND ( 'NONE', #815, .T. ) ;
#1633 = VERTEX_POINT ( 'NONE', #66 ) ;
#1634 = DIRECTION ( 'NONE',  ( -1.000000000000000000, -1.581958964696300110E-14, 2.892304216119329995E-14 ) ) ;
#1635 = EDGE_CURVE ( 'NONE', #58, #4741, #1320, .T. ) ;
#1636 = VERTEX_POINT ( 'NONE', #3993 ) ;
#1637 = CIRCLE ( 'NONE', #3165, 2.750000000000002665 ) ;
#1638 = MECHANICAL_DESIGN_GEOMETRIC_PRESENTATION_REPRESENTATION (  '', ( #1913 ), #4152 ) ;
#1639 = DIRECTION ( 'NONE',  ( -1.000000000000000000, 0.000000000000000000, 5.916456789157589942E-30 ) ) ;
#1640 = VECTOR ( 'NONE', #1170, 1000.000000000000000 ) ;
#1641 = CARTESIAN_POINT ( 'NONE',  ( 143.4400000000080126, -125.7500000000000000, 92.80999999999879435 ) ) ;
#1642 = EDGE_CURVE ( 'NONE', #1264, #795, #2209, .T. ) ;
#1643 = CARTESIAN_POINT ( 'NONE',  ( 126.2382403691280075, -119.5222499092810153, 104.2641190093600017 ) ) ;
#1644 = PLANE ( 'NONE',  #3099 ) ;
#1645 = DIRECTION ( 'NONE',  ( -1.000000000000000000, -8.676110324266229878E-30, -2.366582715662990224E-30 ) ) ;
#1646 = DIRECTION ( 'NONE',  ( 0.7327805653450101264, 0.6804650197127309896, -5.028668271754922886E-15 ) ) ;
#1647 = CARTESIAN_POINT ( 'NONE',  ( 147.6948783421489964, -130.7594256212510118, 110.5643259181420035 ) ) ;
#1648 = DIRECTION ( 'NONE',  ( 1.000000000000000000, 2.009843822508529990E-15, 0.000000000000000000 ) ) ;
#1649 = CARTESIAN_POINT ( 'NONE',  ( 159.8171133454000028, -137.8830298475569975, 96.06432591814299826 ) ) ;
#1650 = ORIENTED_EDGE ( 'NONE', *, *, #2302, .T. ) ;
#1651 = EDGE_CURVE ( 'NONE', #332, #1048, #984, .T. ) ;
#1652 = VERTEX_POINT ( 'NONE', #1852 ) ;
#1653 = EDGE_CURVE ( 'NONE', #3342, #1513, #2237, .T. ) ;
#1654 = DIRECTION ( 'NONE',  ( -1.000000000000000000, -8.742289393079860116E-15, 2.371361253508389962E-15 ) ) ;
#1655 = ORIENTED_EDGE ( 'NONE', *, *, #1234, .F. ) ;
#1656 = VECTOR ( 'NONE', #430, 1000.000000000000000 ) ;
#1657 = ORIENTED_EDGE ( 'NONE', *, *, #2326, .T. ) ;
#1658 = DIRECTION ( 'NONE',  ( -3.364395267662308590E-15, 0.7071067811865749952, -0.7071067811865201502 ) ) ;
#1659 = VERTEX_POINT ( 'NONE', #3570 ) ;
#1660 = ORIENTED_EDGE ( 'NONE', *, *, #5112, .F. ) ;
#1661 = AXIS2_PLACEMENT_3D ( 'NONE', #5243, #1436, #2323 ) ;
#1662 = PRODUCT_RELATED_PRODUCT_CATEGORY ( 'part', '', ( #771 ) ) ;
#1663 = CIRCLE ( 'NONE', #2649, 2.349999999999741185 ) ;
#1664 = DIRECTION ( 'NONE',  ( 0.5130924759623248788, -0.8583333333331818471, 8.659739592076219438E-15 ) ) ;
#1665 = CARTESIAN_POINT ( 'NONE',  ( 122.3387505362530021, -119.4624928209260020, 103.8641190093600102 ) ) ;
#1666 = CARTESIAN_POINT ( 'NONE',  ( 125.9448783421490106, -130.8094256212499999, 107.7643259181420063 ) ) ;
#1667 = CYLINDRICAL_SURFACE ( 'NONE', #4178, 1.574999999999993072 ) ;
#1668 = CARTESIAN_POINT ( 'NONE',  ( 163.0171133453989682, -119.9624928209249930, 96.06432591814079558 ) ) ;
#1669 = EDGE_CURVE ( 'NONE', #16, #3264, #3958, .T. ) ;
#1670 = LINE ( 'NONE', #5171, #1194 ) ;
#1671 = CIRCLE ( 'NONE', #1405, 2.349999999999990763 ) ;
#1672 = EDGE_CURVE ( 'NONE', #1849, #4948, #5357, .T. ) ;
#1673 = CARTESIAN_POINT ( 'NONE',  ( 134.2725970286043946, -139.1695996021125836, 109.0572180058413920 ) ) ;
#1674 = CARTESIAN_POINT ( 'NONE',  ( 125.9448783421490106, -130.9094256212499943, 107.7643259181420063 ) ) ;
#1675 = FACE_BOUND ( 'NONE', #401, .T. ) ;
#1676 = CYLINDRICAL_SURFACE ( 'NONE', #3540, 3.500000000000003109 ) ;
#1677 = VECTOR ( 'NONE', #5015, 1000.000000000000114 ) ;
#1678 = VERTEX_POINT ( 'NONE', #2580 ) ;
#1679 = ORIENTED_EDGE ( 'NONE', *, *, #5329, .T. ) ;
#1680 = VECTOR ( 'NONE', #2931, 1000.000000000000000 ) ;
#1681 = CARTESIAN_POINT ( 'NONE',  ( 171.1075276025620155, -119.8624928209249987, 104.2641190093600017 ) ) ;
#1682 = EDGE_LOOP ( 'NONE', ( #4468, #3324 ) ) ;
#1683 = ADVANCED_FACE ( 'NONE', ( #3055 ), #3871, .T. ) ;
#1684 = ORIENTED_EDGE ( 'NONE', *, *, #4470, .F. ) ;
#1685 = DIRECTION ( 'NONE',  ( 0.000000000000000000, 1.000000000000000000, 0.000000000000000000 ) ) ;
#1686 = ORIENTED_EDGE ( 'NONE', *, *, #1157, .T. ) ;
#1687 = ORIENTED_EDGE ( 'NONE', *, *, #1341, .F. ) ;
#1688 = LINE ( 'NONE', #3406, #3661 ) ;
#1689 = EDGE_CURVE ( 'NONE', #2965, #1506, #43, .T. ) ;
#1690 = FACE_OUTER_BOUND ( 'NONE', #1768, .T. ) ;
#1691 = CARTESIAN_POINT ( 'NONE',  ( 145.5948783421490020, -130.7594256212510118, 110.3643259181420007 ) ) ;
#1692 = LINE ( 'NONE', #2061, #2470 ) ;
#1693 = CARTESIAN_POINT ( 'NONE',  ( 125.9448783421490106, -130.8094256212499999, 102.9643259181420092 ) ) ;
#1694 = CARTESIAN_POINT ( 'NONE',  ( 158.4776768572600076, -119.6624928209250101, 104.0641190093599988 ) ) ;
#1695 = CIRCLE ( 'NONE', #1877, 2.349999999999990763 ) ;
#1696 = CARTESIAN_POINT ( 'NONE',  ( 132.4171133454019866, -124.3438512425049964, 92.80999999999689010 ) ) ;
#1697 = DIRECTION ( 'NONE',  ( 1.000000000000000000, 0.000000000000000000, 0.000000000000000000 ) ) ;
#1698 = DIRECTION ( 'NONE',  ( 2.748129594203390530E-15, 4.430635266668070654E-15, 1.000000000000000000 ) ) ;
#1699 = CARTESIAN_POINT ( 'NONE',  ( 156.7256133453909968, -119.4624928209260020, 98.38932592333840432 ) ) ;
#1700 = VERTEX_POINT ( 'NONE', #2635 ) ;
#1701 = VERTEX_POINT ( 'NONE', #5163 ) ;
#1702 = ADVANCED_FACE ( 'NONE', ( #4347 ), #93, .F. ) ;
#1703 = EDGE_CURVE ( 'NONE', #5439, #3180, #676, .T. ) ;
#1704 = DIRECTION ( 'NONE',  ( 0.000000000000000000, 1.000000000000000000, -1.926745932492350360E-15 ) ) ;
#1705 = ORIENTED_EDGE ( 'NONE', *, *, #3906, .T. ) ;
#1706 = DIRECTION ( 'NONE',  ( -9.227827737143710103E-15, 1.000000000000000000, 0.000000000000000000 ) ) ;
#1707 = CONICAL_SURFACE ( 'NONE', #910, 1.908500000000007413, 0.7853981633974469467 ) ;
#1708 = EDGE_LOOP ( 'NONE', ( #5451, #609, #5308, #3697 ) ) ;
#1709 = CARTESIAN_POINT ( 'NONE',  ( 128.9747081159343907, -119.4624928209260020, 109.0572180058413920 ) ) ;
#1710 = ADVANCED_FACE ( 'NONE', ( #4095 ), #3912, .F. ) ;
#1711 = ORIENTED_EDGE ( 'NONE', *, *, #3802, .F. ) ;
#1712 = VECTOR ( 'NONE', #1841, 1000.000000000000000 ) ;
#1713 = EDGE_CURVE ( 'NONE', #2358, #4801, #1206, .T. ) ;
#1714 = ORIENTED_EDGE ( 'NONE', *, *, #2948, .F. ) ;
#1715 = CARTESIAN_POINT ( 'NONE',  ( 149.4248783421530220, -133.7000000000000171, 95.23499999999840782 ) ) ;
#1716 = AXIS2_PLACEMENT_3D ( 'NONE', #4539, #4009, #173 ) ;
#1717 = CARTESIAN_POINT ( 'NONE',  ( 163.0171133453979735, -134.1749999999999829, 92.80999999999720274 ) ) ;
#1718 = LINE ( 'NONE', #3779, #1746 ) ;
#1719 = EDGE_CURVE ( 'NONE', #4456, #2211, #3624, .T. ) ;
#1720 = CARTESIAN_POINT ( 'NONE',  ( 157.6376503720269966, -140.0624928209259963, 99.46432591814459556 ) ) ;
#1721 = ADVANCED_FACE ( 'NONE', ( #2185 ), #3967, .F. ) ;
#1722 = FACE_OUTER_BOUND ( 'NONE', #3959, .T. ) ;
#1723 = EDGE_CURVE ( 'NONE', #3374, #2836, #2586, .T. ) ;
#1724 = LINE ( 'NONE', #3942, #4681 ) ;
#1725 = DIRECTION ( 'NONE',  ( 8.742289393079850650E-15, -1.000000000000000000, -2.810542046950470162E-15 ) ) ;
#1726 = CARTESIAN_POINT ( 'NONE',  ( 169.2382403691290165, -119.5222499092810153, 107.2641190093600017 ) ) ;
#1727 = CYLINDRICAL_SURFACE ( 'NONE', #3005, 1.899999999999999023 ) ;
#1728 = ORIENTED_EDGE ( 'NONE', *, *, #3899, .T. ) ;
#1729 = LINE ( 'NONE', #2599, #4902 ) ;
#1730 = CARTESIAN_POINT ( 'NONE',  ( 167.0948783421490020, -130.8094256212499999, 107.7643259181420063 ) ) ;
#1731 = ORIENTED_EDGE ( 'NONE', *, *, #5121, .F. ) ;
#1732 = CARTESIAN_POINT ( 'NONE',  ( 134.4989878797520078, -140.1191594875919861, 110.3643259181420007 ) ) ;
#1733 = ADVANCED_FACE ( 'NONE', ( #130 ), #2246, .F. ) ;
#1734 = ORIENTED_EDGE ( 'NONE', *, *, #489, .F. ) ;
#1735 = FACE_OUTER_BOUND ( 'NONE', #1324, .T. ) ;
#1736 = VECTOR ( 'NONE', #1759, 999.9999999999998863 ) ;
#1737 = ORIENTED_EDGE ( 'NONE', *, *, #410, .F. ) ;
#1738 = VERTEX_POINT ( 'NONE', #3546 ) ;
#1739 = EDGE_CURVE ( 'NONE', #4608, #3513, #1299, .T. ) ;
#1740 = CARTESIAN_POINT ( 'NONE',  ( 147.6448783421540156, -124.3500000000019980, 93.59749282092359124 ) ) ;
#1741 = LINE ( 'NONE', #3093, #5333 ) ;
#1742 = VECTOR ( 'NONE', #110, 1000.000000000000000 ) ;
#1744 = CARTESIAN_POINT ( 'NONE',  ( 156.5497566843020252, -130.5062464104629782, 89.48499999999999943 ) ) ;
#1743 = VECTOR ( 'NONE', #811, 1000.000000000000000 ) ;
#1745 = CARTESIAN_POINT ( 'NONE',  ( 175.2171132998470000, -119.4624928209260020, 102.1321629642770006 ) ) ;
#1746 = VECTOR ( 'NONE', #2534, 1000.000000000000000 ) ;
#1747 = EDGE_CURVE ( 'NONE', #2976, #4717, #1741, .T. ) ;
#1748 = VECTOR ( 'NONE', #179, 1000.000000000000000 ) ;
#1749 = LINE ( 'NONE', #5172, #3427 ) ;
#1750 = CARTESIAN_POINT ( 'NONE',  ( 136.9776768572590129, -119.8624928209259934, 104.2641190093600017 ) ) ;
#1751 = ORIENTED_EDGE ( 'NONE', *, *, #427, .T. ) ;
#1752 = CARTESIAN_POINT ( 'NONE',  ( 123.8363783421490041, -130.8094256212499999, 110.7643259181420063 ) ) ;
#1753 = CARTESIAN_POINT ( 'NONE',  ( 132.4344203936730082, -140.0624928209259963, 94.26432591814200634 ) ) ;
#1754 = DIRECTION ( 'NONE',  ( 2.748129594203400391E-15, 1.926745932492380336E-15, 1.000000000000000000 ) ) ;
#1755 = AXIS2_PLACEMENT_3D ( 'NONE', #3109, #1432, #1813 ) ;
#1756 =( BOUNDED_CURVE ( )  B_SPLINE_CURVE ( 3, ( #1, #1235, #2435, #2511 ),
 .UNSPECIFIED., .F., .F. ) 
 B_SPLINE_CURVE_WITH_KNOTS ( ( 4, 4 ),
 ( 4.891849744650199838, 4.892435373345480620 ),
 .UNSPECIFIED. ) 
 CURVE ( )  GEOMETRIC_REPRESENTATION_ITEM ( )  RATIONAL_B_SPLINE_CURVE ( ( 1.000000000000000000, 0.9999999714199190315, 0.9999999714199190315, 1.000000000000000000 ) ) 
 REPRESENTATION_ITEM ( '' )  );
#1757 = ORIENTED_EDGE ( 'NONE', *, *, #3945, .T. ) ;
#1758 = DIRECTION ( 'NONE',  ( 1.000000000000000000, 0.000000000000000000, 0.000000000000000000 ) ) ;
#1759 = DIRECTION ( 'NONE',  ( -0.7071051159977566059, -0.7071051160022168158, -0.002170219641128539722 ) ) ;
#1760 = ORIENTED_EDGE ( 'NONE', *, *, #3867, .F. ) ;
#1761 = DIRECTION ( 'NONE',  ( 1.994368873598444939E-15, -1.000000000000000000, 1.926840924222859792E-15 ) ) ;
#1762 = ORIENTED_EDGE ( 'NONE', *, *, #1553, .F. ) ;
#1763 = CARTESIAN_POINT ( 'NONE',  ( 140.6473701869423678, -139.3596423999016451, 108.8671752080524868 ) ) ;
#1764 = ORIENTED_EDGE ( 'NONE', *, *, #3802, .T. ) ;
#1765 = ORIENTED_EDGE ( 'NONE', *, *, #4988, .T. ) ;
#1766 = VERTEX_POINT ( 'NONE', #3007 ) ;
#1767 = CARTESIAN_POINT ( 'NONE',  ( 165.7547965843298527, -119.8622784518216520, 107.2643333784634194 ) ) ;
#1768 = EDGE_LOOP ( 'NONE', ( #379, #2048, #4200, #5008 ) ) ;
#1769 = LINE ( 'NONE', #523, #945 ) ;
#1770 = CARTESIAN_POINT ( 'NONE',  ( 136.8768364872740051, -119.4624928209260020, 103.7997837525840055 ) ) ;
#1771 = DIRECTION ( 'NONE',  ( -1.000000000000000000, -1.887379142593740016E-15, -1.539220716937389985E-14 ) ) ;
#1772 = CARTESIAN_POINT ( 'NONE',  ( 132.4171133453999971, -134.6744623790489754, 95.77125192028840672 ) ) ;
#1773 = DIRECTION ( 'NONE',  ( 0.8618565397866660982, 6.938763048664448439E-15, 0.5071521515550880821 ) ) ;
#1774 = CARTESIAN_POINT ( 'NONE',  ( 173.4366038615973196, -119.5970605405304070, 110.4988936377460078 ) ) ;
#1775 = CARTESIAN_POINT ( 'NONE',  ( 132.4171133454029814, -119.4624928209269967, 95.99966296426720191 ) ) ;
#1776 = VERTEX_POINT ( 'NONE', #4720 ) ;
#1777 = ADVANCED_FACE ( 'NONE', ( #1000 ), #1384, .T. ) ;
#1778 = CARTESIAN_POINT ( 'NONE',  ( 132.4171133454019866, -131.1938512425049908, 92.80999999999698957 ) ) ;
#1779 = LINE ( 'NONE', #3498, #1133 ) ;
#1780 = AXIS2_PLACEMENT_3D ( 'NONE', #5424, #4563, #4447 ) ;
#1781 = ORIENTED_EDGE ( 'NONE', *, *, #4793, .T. ) ;
#1782 = DIRECTION ( 'NONE',  ( 0.000000000000000000, -1.049328997390330010E-15, 1.000000000000000000 ) ) ;
#1783 = AXIS2_PLACEMENT_3D ( 'NONE', #1426, #3494, #2284 ) ;
#1784 = DIRECTION ( 'NONE',  ( -0.5130924759622020881, 0.8583333333332552328, -9.214851104388851350E-15 ) ) ;
#1785 = VERTEX_POINT ( 'NONE', #4295 ) ;
#1786 = DIRECTION ( 'NONE',  ( -6.767073673905740924E-15, 1.000000000000000000, -1.622896118156660156E-15 ) ) ;
#1787 = EDGE_CURVE ( 'NONE', #398, #3842, #21, .T. ) ;
#1788 = VERTEX_POINT ( 'NONE', #3429 ) ;
#1789 = CARTESIAN_POINT ( 'NONE',  ( 129.3159429339690121, -119.4624928209260020, 110.7643247870280021 ) ) ;
#1790 = ORIENTED_EDGE ( 'NONE', *, *, #3956, .T. ) ;
#1791 = ORIENTED_EDGE ( 'NONE', *, *, #1325, .F. ) ;
#1792 = VECTOR ( 'NONE', #5076, 1000.000000000000000 ) ;
#1793 = ORIENTED_EDGE ( 'NONE', *, *, #3789, .T. ) ;
#1794 = CARTESIAN_POINT ( 'NONE',  ( 122.0474010777759730, -119.7218027490674359, 110.5862076511162542 ) ) ;
#1795 = VECTOR ( 'NONE', #2654, 1000.000000000000000 ) ;
#1796 = EDGE_CURVE ( 'NONE', #1701, #1084, #4386, .T. ) ;
#1797 = ORIENTED_EDGE ( 'NONE', *, *, #1297, .F. ) ;
#1798 = DIRECTION ( 'NONE',  ( 2.748129594203400391E-15, 1.407292413469239864E-15, 1.000000000000000000 ) ) ;
#1799 = CARTESIAN_POINT ( 'NONE',  ( 174.2171133453900040, -140.4624928209260020, 94.26432591814200634 ) ) ;
#1800 = DIRECTION ( 'NONE',  ( -1.887379142593809830E-15, 1.000000000000000000, 2.810542046950460301E-15 ) ) ;
#1801 = FACE_OUTER_BOUND ( 'NONE', #2285, .T. ) ;
#1802 = VECTOR ( 'NONE', #1875, 1000.000000000000000 ) ;
#1803 = CARTESIAN_POINT ( 'NONE',  ( 160.7971823227150026, -135.4887473078659923, 92.52249999999820318 ) ) ;
#1804 = EDGE_CURVE ( 'NONE', #1633, #3285, #1769, .T. ) ;
#1805 = LINE ( 'NONE', #4725, #306 ) ;
#1806 = CARTESIAN_POINT ( 'NONE',  ( 128.1077265380160100, -119.8613980543999986, 107.2652137758860107 ) ) ;
#1807 = ORIENTED_EDGE ( 'NONE', *, *, #2537, .T. ) ;
#1808 = DIRECTION ( 'NONE',  ( 1.000000000000000000, 1.762258769246290055E-14, -2.887067357318670574E-14 ) ) ;
#1809 = DIRECTION ( 'NONE',  ( -1.000000000000000000, -2.009843822508529990E-15, 2.748129594203410252E-15 ) ) ;
#1810 = FACE_OUTER_BOUND ( 'NONE', #1948, .T. ) ;
#1811 = VECTOR ( 'NONE', #3387, 1000.000000000000000 ) ;
#1812 = VERTEX_POINT ( 'NONE', #3850 ) ;
#1813 = DIRECTION ( 'NONE',  ( 1.000000000000000000, 0.000000000000000000, 0.000000000000000000 ) ) ;
#1814 = AXIS2_PLACEMENT_3D ( 'NONE', #2523, #2052, #1685 ) ;
#1815 = FACE_OUTER_BOUND ( 'NONE', #1589, .T. ) ;
#1816 = ORIENTED_EDGE ( 'NONE', *, *, #3782, .F. ) ;
#1817 = CARTESIAN_POINT ( 'NONE',  ( 175.2171132998489895, -140.0624928209230120, 100.7500000000189999 ) ) ;
#1818 = EDGE_CURVE ( 'NONE', #332, #4950, #3995, .T. ) ;
#1819 = EDGE_CURVE ( 'NONE', #1472, #3508, #101, .T. ) ;
#1820 = EDGE_LOOP ( 'NONE', ( #654, #4165, #5447, #2970 ) ) ;
#1821 = EDGE_CURVE ( 'NONE', #4582, #800, #549, .T. ) ;
#1822 = ADVANCED_FACE ( 'NONE', ( #4327 ), #491, .T. ) ;
#1823 = CARTESIAN_POINT ( 'NONE',  ( 160.9671133453899756, -140.4624928209260020, 110.3643259181420007 ) ) ;
#1824 = ORIENTED_EDGE ( 'NONE', *, *, #2544, .T. ) ;
#1825 = ORIENTED_EDGE ( 'NONE', *, *, #5385, .F. ) ;
#1826 = ORIENTED_EDGE ( 'NONE', *, *, #4201, .F. ) ;
#1827 = CARTESIAN_POINT ( 'NONE',  ( 128.1077265380160100, -119.8613980543999986, 107.2652137758860107 ) ) ;
#1828 = ORIENTED_EDGE ( 'NONE', *, *, #3375, .F. ) ;
#1829 = DIRECTION ( 'NONE',  ( -1.000000000000000000, 2.437722095693049864E-28, 2.371361253507490266E-15 ) ) ;
#1830 = CARTESIAN_POINT ( 'NONE',  ( 163.0171133454049937, -119.4624928209269967, 96.06432591814069610 ) ) ;
#1831 = CARTESIAN_POINT ( 'NONE',  ( 163.0171133453979735, -135.5250000000000057, 90.88499999999999091 ) ) ;
#1832 = ORIENTED_EDGE ( 'NONE', *, *, #1375, .T. ) ;
#1833 = PLANE ( 'NONE',  #737 ) ;
#1834 = AXIS2_PLACEMENT_3D ( 'NONE', #5158, #1316, #4230 ) ;
#1835 = DIRECTION ( 'NONE',  ( -0.5130924759622020881, 0.8583333333332552328, -8.551598539764371810E-15 ) ) ;
#1836 = VECTOR ( 'NONE', #4845, 1000.000000000000000 ) ;
#1837 = VECTOR ( 'NONE', #2142, 1000.000000000000114 ) ;
#1838 = DIRECTION ( 'NONE',  ( -1.581958964696300110E-14, 1.000000000000000000, 4.718447854659680254E-16 ) ) ;
#1839 = CARTESIAN_POINT ( 'NONE',  ( 129.7216946132469673, -119.8621712665460137, 104.2637974549800077 ) ) ;
#1840 = VERTEX_POINT ( 'NONE', #4776 ) ;
#1841 = DIRECTION ( 'NONE',  ( 2.418031965417639854E-14, 8.883556882512551274E-15, -1.000000000000000000 ) ) ;
#1842 = DIRECTION ( 'NONE',  ( -0.5130924759622020881, 0.8583333333332552328, -8.826273045770002385E-15 ) ) ;
#1843 = CARTESIAN_POINT ( 'NONE',  ( 163.0171133453999914, -140.5624928209250015, 89.48499999999999943 ) ) ;
#1844 = VECTOR ( 'NONE', #2657, 1000.000000000000000 ) ;
#1845 = ORIENTED_EDGE ( 'NONE', *, *, #3116, .F. ) ;
#1846 = AXIS2_PLACEMENT_3D ( 'NONE', #3778, #854, #2107 ) ;
#1847 = ORIENTED_EDGE ( 'NONE', *, *, #1899, .F. ) ;
#1848 = CARTESIAN_POINT ( 'NONE',  ( 156.5497566843030199, -136.9249999999999829, 89.44979699027869913 ) ) ;
#1849 = VERTEX_POINT ( 'NONE', #2895 ) ;
#1850 = DIRECTION ( 'NONE',  ( -2.371361224627550089E-15, 3.764665582243340162E-16, -1.000000000000000000 ) ) ;
#1851 = ORIENTED_EDGE ( 'NONE', *, *, #893, .T. ) ;
#1852 = CARTESIAN_POINT ( 'NONE',  ( 162.2768364872740108, -140.4624928209250072, 103.7997837525840055 ) ) ;
#1853 = VERTEX_POINT ( 'NONE', #5029 ) ;
#1854 = ORIENTED_EDGE ( 'NONE', *, *, #1517, .T. ) ;
#1855 = ORIENTED_EDGE ( 'NONE', *, *, #3885, .F. ) ;
#1856 = VECTOR ( 'NONE', #5291, 1000.000000000000114 ) ;
#1857 = ORIENTED_EDGE ( 'NONE', *, *, #5027, .F. ) ;
#1858 = LINE ( 'NONE', #5366, #4028 ) ;
#1859 = ORIENTED_EDGE ( 'NONE', *, *, #100, .T. ) ;
#1860 = CARTESIAN_POINT ( 'NONE',  ( 158.4776768572600076, -119.6624928209260048, 107.4641190093599903 ) ) ;
#1861 = DIRECTION ( 'NONE',  ( 1.000000000000000000, 2.009843820287940185E-15, 0.000000000000000000 ) ) ;
#1862 = LINE ( 'NONE', #2617, #2687 ) ;
#1863 = EDGE_LOOP ( 'NONE', ( #2639, #3137, #2759, #954 ) ) ;
#1864 = CYLINDRICAL_SURFACE ( 'NONE', #3152, 1.574999999999993072 ) ;
#1865 = ADVANCED_FACE ( 'NONE', ( #3343 ), #5417, .T. ) ;
#1866 = LINE ( 'NONE', #4392, #4553 ) ;
#1867 = LINE ( 'NONE', #642, #4061 ) ;
#1868 = CARTESIAN_POINT ( 'NONE',  ( 156.5497566843010588, -134.1749999999999829, 92.80999999999698957 ) ) ;
#1869 = ORIENTED_EDGE ( 'NONE', *, *, #5276, .F. ) ;
#1870 = LINE ( 'NONE', #1013, #1795 ) ;
#1871 = DIRECTION ( 'NONE',  ( -1.863832776861864824E-15, 0.000000000000000000, 1.000000000000000000 ) ) ;
#1872 = CARTESIAN_POINT ( 'NONE',  ( 132.4171133454029814, -131.1938512425049908, 92.80999999999698957 ) ) ;
#1873 = VECTOR ( 'NONE', #5420, 1000.000000000000000 ) ;
#1874 = CARTESIAN_POINT ( 'NONE',  ( 142.0961817745429983, -140.0624928209259963, 110.7643259181420063 ) ) ;
#1875 = DIRECTION ( 'NONE',  ( 2.418031965417649952E-14, 4.718447854661530133E-16, -1.000000000000000000 ) ) ;
#1876 = EDGE_CURVE ( 'NONE', #2418, #2239, #4444, .T. ) ;
#1877 = AXIS2_PLACEMENT_3D ( 'NONE', #4953, #198, #3668 ) ;
#1878 = CARTESIAN_POINT ( 'NONE',  ( 143.9500000000089983, -130.1469256212519952, 95.03499999999820602 ) ) ;
#1879 = AXIS2_PLACEMENT_3D ( 'NONE', #1868, #1334, #2622 ) ;
#1880 = EDGE_LOOP ( 'NONE', ( #4738, #300, #4183, #3691 ) ) ;
#1881 = ADVANCED_FACE ( 'NONE', ( #711 ), #5315, .F. ) ;
#1882 = ORIENTED_EDGE ( 'NONE', *, *, #3500, .T. ) ;
#1883 = ORIENTED_EDGE ( 'NONE', *, *, #5293, .F. ) ;
#1884 = ORIENTED_EDGE ( 'NONE', *, *, #2716, .F. ) ;
#1885 = EDGE_CURVE ( 'NONE', #1977, #3983, #294, .T. ) ;
#1886 = CARTESIAN_POINT ( 'NONE',  ( 169.4448783421489964, -130.8094256212499999, 110.7643259181420063 ) ) ;
#1887 = COLOUR_RGB ( '',1.000000000000000000, 1.000000000000000000, 1.000000000000000000 ) ;
#1888 = CIRCLE ( 'NONE', #4044, 1.700000000000007061 ) ;
#1889 = EDGE_CURVE ( 'NONE', #99, #2526, #3287, .T. ) ;
#1890 = ORIENTED_EDGE ( 'NONE', *, *, #267, .F. ) ;
#1891 = LINE ( 'NONE', #3610, #3536 ) ;
#1892 = CARTESIAN_POINT ( 'NONE',  ( 143.9500000000089983, -133.8999999999999773, 95.03499999999830550 ) ) ;
#1893 = EDGE_CURVE ( 'NONE', #708, #1812, #5058, .T. ) ;
#1894 = DIRECTION ( 'NONE',  ( -2.028908839375210291E-14, -1.926745932492370081E-15, -1.000000000000000000 ) ) ;
#1895 = ORIENTED_EDGE ( 'NONE', *, *, #1403, .T. ) ;
#1896 = PLANE ( 'NONE',  #210 ) ;
#1897 = VECTOR ( 'NONE', #2589, 1000.000000000000000 ) ;
#1898 = DIRECTION ( 'NONE',  ( 0.000000000000000000, -1.611608585131940061E-13, -1.000000000000000000 ) ) ;
#1899 = EDGE_CURVE ( 'NONE', #4942, #1840, #166, .T. ) ;
#1900 = EDGE_CURVE ( 'NONE', #3285, #3195, #496, .T. ) ;
#1901 = ADVANCED_FACE ( 'NONE', ( #1473 ), #2275, .T. ) ;
#1902 = CARTESIAN_POINT ( 'NONE',  ( 172.7216736896604345, -119.8623856366153291, 104.2640118250495362 ) ) ;
#1903 = DIRECTION ( 'NONE',  ( 0.000000000000000000, 1.000000000000000000, -1.622896118156660156E-15 ) ) ;
#1904 = VERTEX_POINT ( 'NONE', #4155 ) ;
#1905 = DIRECTION ( 'NONE',  ( 1.000000000000000000, 2.009843820286610165E-15, -6.867631562389000059E-13 ) ) ;
#1906 = DIRECTION ( 'NONE',  ( -4.213016515686880724E-15, 0.000000000000000000, -1.000000000000000000 ) ) ;
#1907 = DIRECTION ( 'NONE',  ( 3.673940376433450027E-16, 1.973846303234049855E-15, 1.000000000000000000 ) ) ;
#1908 = CIRCLE ( 'NONE', #4224, 1.574999999999993072 ) ;
#1909 = DIRECTION ( 'NONE',  ( -1.762258769246287846E-14, 1.000000000000000000, 0.000000000000000000 ) ) ;
#1910 = CARTESIAN_POINT ( 'NONE',  ( 143.9500000000089983, -133.5000000000000000, 92.15999999999860393 ) ) ;
#1911 = AXIS2_PLACEMENT_3D ( 'NONE', #2035, #1253, #4668 ) ;
#1912 = CARTESIAN_POINT ( 'NONE',  ( 171.1077265380160100, -119.8613980543999986, 107.2652137758860107 ) ) ;
#1913 = STYLED_ITEM ( 'NONE', ( #3003 ), #2029 ) ;
#1914 = ORIENTED_EDGE ( 'NONE', *, *, #3817, .F. ) ;
#1915 = VECTOR ( 'NONE', #821, 1000.000000000000000 ) ;
#1916 = ORIENTED_EDGE ( 'NONE', *, *, #5275, .F. ) ;
#1917 = ORIENTED_EDGE ( 'NONE', *, *, #1594, .T. ) ;
#1918 = ADVANCED_FACE ( 'NONE', ( #4583 ), #5507, .T. ) ;
#1919 = VERTEX_POINT ( 'NONE', #2468 ) ;
#1920 = LINE ( 'NONE', #5339, #2531 ) ;
#1921 = ORIENTED_EDGE ( 'NONE', *, *, #3485, .F. ) ;
#1922 = DIRECTION ( 'NONE',  ( -1.887379142593809830E-15, 1.000000000000000000, 2.810542046950460301E-15 ) ) ;
#1923 = LINE ( 'NONE', #303, #446 ) ;
#1924 = EDGE_LOOP ( 'NONE', ( #295, #2943, #5131, #3046 ) ) ;
#1925 = CARTESIAN_POINT ( 'NONE',  ( 171.1075276025620155, -119.8624928209249987, 107.2641190093600017 ) ) ;
#1926 = EDGE_CURVE ( 'NONE', #1264, #221, #4862, .T. ) ;
#1927 = DIRECTION ( 'NONE',  ( -1.000000000000000000, -5.732307797903130265E-15, -6.510422698133851019E-15 ) ) ;
#1928 = LINE ( 'NONE', #4063, #3341 ) ;
#1929 = DIRECTION ( 'NONE',  ( 0.000000000000000000, -1.000000000000000000, -2.810542046950450046E-15 ) ) ;
#1930 = ORIENTED_EDGE ( 'NONE', *, *, #702, .F. ) ;
#1931 = DIRECTION ( 'NONE',  ( 1.000000000000000000, 2.009843820287950045E-15, 6.510422943492871039E-15 ) ) ;
#1932 = AXIS2_PLACEMENT_3D ( 'NONE', #3442, #2148, #1287 ) ;
#1933 = CARTESIAN_POINT ( 'NONE',  ( 126.2382403691280075, -119.5222499092810153, 107.2641190093600017 ) ) ;
#1934 = CARTESIAN_POINT ( 'NONE',  ( 156.5497566843010588, -134.1749999999999829, 92.80999999999698957 ) ) ;
#1935 = EDGE_CURVE ( 'NONE', #873, #3962, #5238, .T. ) ;
#1936 = FACE_OUTER_BOUND ( 'NONE', #985, .T. ) ;
#1937 = CARTESIAN_POINT ( 'NONE',  ( 167.0948783421490020, -130.8094256212499999, 103.1643259181420120 ) ) ;
#1938 = DIRECTION ( 'NONE',  ( -0.9999811604344926996, -2.040811568635530403E-15, 0.006138304007261355388 ) ) ;
#1939 = AXIS2_PLACEMENT_3D ( 'NONE', #3354, #4269, #3755 ) ;
#1940 = ORIENTED_EDGE ( 'NONE', *, *, #668, .F. ) ;
#1941 = ORIENTED_EDGE ( 'NONE', *, *, #3670, .F. ) ;
#1942 = VERTEX_POINT ( 'NONE', #196 ) ;
#1943 = VECTOR ( 'NONE', #691, 1000.000000000000000 ) ;
#1944 = CIRCLE ( 'NONE', #3653, 1.708500000000001684 ) ;
#1945 =( BOUNDED_CURVE ( )  B_SPLINE_CURVE ( 3, ( #1265, #598, #211, #1433 ),
 .UNSPECIFIED., .F., .F. ) 
 B_SPLINE_CURVE_WITH_KNOTS ( ( 4, 4 ),
 ( 4.809662699127949637, 4.809755008601880100 ),
 .UNSPECIFIED. ) 
 CURVE ( )  GEOMETRIC_REPRESENTATION_ITEM ( )  RATIONAL_B_SPLINE_CURVE ( ( 1.000000000000000000, 0.9999999992899130108, 0.9999999992899130108, 1.000000000000000000 ) ) 
 REPRESENTATION_ITEM ( '' )  );
#1946 = EDGE_LOOP ( 'NONE', ( #2074, #630, #1869, #4687, #2554, #532, #1941, #4465, #355, #3665, #5314, #1624, #4665, #3687, #4633, #4284, #3344, #3121, #3739, #2181, #1321, #628, #958, #5159, #271, #1714, #578, #4811, #432, #565, #4126, #4053, #2023, #3004, #1845, #4436 ) ) ;
#1947 = CARTESIAN_POINT ( 'NONE',  ( 137.4171133454100016, -132.2000000000000171, 92.80999999999889383 ) ) ;
#1948 = EDGE_LOOP ( 'NONE', ( #2572, #568, #4855, #4266 ) ) ;
#1949 = CARTESIAN_POINT ( 'NONE',  ( 132.4344203936730082, -140.0624928209259963, 102.7643259181419921 ) ) ;
#1950 = LINE ( 'NONE', #718, #4834 ) ;
#1951 = ORIENTED_EDGE ( 'NONE', *, *, #3021, .T. ) ;
#1952 = CARTESIAN_POINT ( 'NONE',  ( 134.2171133453919936, -140.2624928209250186, 103.6640621592530067 ) ) ;
#1953 = EDGE_CURVE ( 'NONE', #3483, #1849, #1891, .T. ) ;
#1954 = VECTOR ( 'NONE', #436, 1000.000000000000000 ) ;
#1955 = DIRECTION ( 'NONE',  ( -1.000000000000000000, -8.742289393079860116E-15, 2.371361253508389962E-15 ) ) ;
#1956 = DIRECTION ( 'NONE',  ( 1.000000000000000000, 0.000000000000000000, 0.000000000000000000 ) ) ;
#1957 = ORIENTED_EDGE ( 'NONE', *, *, #1672, .T. ) ;
#1958 = CYLINDRICAL_SURFACE ( 'NONE', #2719, 2.349999999999745182 ) ;
#1959 = DIRECTION ( 'NONE',  ( 2.371361224627529973E-15, -3.764665582242960030E-16, 1.000000000000000000 ) ) ;
#1960 = DIRECTION ( 'NONE',  ( 1.000000000000000000, 1.569712496704820284E-14, 2.418031965417649952E-14 ) ) ;
#1961 = EDGE_CURVE ( 'NONE', #2211, #4456, #3359, .T. ) ;
#1962 = FACE_OUTER_BOUND ( 'NONE', #2102, .T. ) ;
#1963 = CARTESIAN_POINT ( 'NONE',  ( 137.6171133454100186, -134.1749999999999829, 92.80999999999889383 ) ) ;
#1964 = CARTESIAN_POINT ( 'NONE',  ( 163.0171133453999914, -127.3249999999999886, 92.80999999999698957 ) ) ;
#1965 = ORIENTED_EDGE ( 'NONE', *, *, #1065, .T. ) ;
#1966 = ORIENTED_EDGE ( 'NONE', *, *, #3124, .F. ) ;
#1967 = ORIENTED_EDGE ( 'NONE', *, *, #2065, .F. ) ;
#1968 = EDGE_CURVE ( 'NONE', #2736, #545, #1604, .T. ) ;
#1969 = VECTOR ( 'NONE', #464, 1000.000000000000000 ) ;
#1970 = EDGE_LOOP ( 'NONE', ( #428, #280, #2928, #86, #1574, #1765 ) ) ;
#1971 = DIRECTION ( 'NONE',  ( -1.000000000000000000, -2.009843822508539851E-15, -6.510422943492871039E-15 ) ) ;
#1972 = ORIENTED_EDGE ( 'NONE', *, *, #3114, .F. ) ;
#1973 = ORIENTED_EDGE ( 'NONE', *, *, #1546, .F. ) ;
#1974 = DIRECTION ( 'NONE',  ( -2.055968564121055696E-14, 1.000000000000000000, -9.251858538544751261E-14 ) ) ;
#1975 = DIRECTION ( 'NONE',  ( 2.846725704167057308E-14, 0.000000000000000000, -1.000000000000000000 ) ) ;
#1976 = DIRECTION ( 'NONE',  ( -1.000000000000000000, -8.742289393079860116E-15, 2.371361253508389962E-15 ) ) ;
#1977 = VERTEX_POINT ( 'NONE', #1993 ) ;
#1978 = FILL_AREA_STYLE ('',( #1592 ) ) ;
#1979 = EDGE_CURVE ( 'NONE', #1678, #4156, #3712, .T. ) ;
#1980 = DIRECTION ( 'NONE',  ( -1.887379142593799970E-15, 1.000000000000000000, 2.810542046950480022E-15 ) ) ;
#1981 = DIRECTION ( 'NONE',  ( -8.676110324266210260E-30, 1.000000000000000000, -5.006432955109510304E-15 ) ) ;
#1982 = DIRECTION ( 'NONE',  ( -0.7071067811865480168, -3.626678297737295579E-15, -0.7071067811865470176 ) ) ;
#1983 = LINE ( 'NONE', #674, #1300 ) ;
#1984 = LINE ( 'NONE', #5410, #461 ) ;
#1985 = VECTOR ( 'NONE', #1336, 999.9999999999998863 ) ;
#1986 = EDGE_CURVE ( 'NONE', #4018, #4950, #4770, .T. ) ;
#1987 = DIRECTION ( 'NONE',  ( 0.000000000000000000, 2.810542139866910211E-15, -1.000000000000000000 ) ) ;
#1988 = CARTESIAN_POINT ( 'NONE',  ( 134.4989878797520078, -140.1191594875919861, 108.1076581203610090 ) ) ;
#1989 = FACE_OUTER_BOUND ( 'NONE', #4899, .T. ) ;
#1990 = ADVANCED_FACE ( 'NONE', ( #2442 ), #4312, .F. ) ;
#1991 = ORIENTED_EDGE ( 'NONE', *, *, #3276, .F. ) ;
#1992 = ORIENTED_EDGE ( 'NONE', *, *, #3848, .F. ) ;
#1993 = CARTESIAN_POINT ( 'NONE',  ( 132.4344203936770157, -119.4624928209260020, 102.7643259181419921 ) ) ;
#1994 = VERTEX_POINT ( 'NONE', #868 ) ;
#1995 = EDGE_CURVE ( 'NONE', #2695, #5134, #846, .T. ) ;
#1996 = EDGE_CURVE ( 'NONE', #5418, #4345, #5084, .T. ) ;
#1997 = EDGE_CURVE ( 'NONE', #1269, #1055, #4283, .T. ) ;
#1998 = VECTOR ( 'NONE', #2139, 1000.000000000000000 ) ;
#1999 = ADVANCED_FACE ( 'NONE', ( #5500 ), #4204, .T. ) ;
#2000 = ORIENTED_EDGE ( 'NONE', *, *, #2040, .T. ) ;
#2001 = DIRECTION ( 'NONE',  ( 0.000000000000000000, -1.000000000000000000, -4.625929269271481378E-15 ) ) ;
#2002 = ORIENTED_EDGE ( 'NONE', *, *, #4549, .F. ) ;
#2003 = VECTOR ( 'NONE', #673, 1000.000000000000000 ) ;
#2004 = VERTEX_POINT ( 'NONE', #4660 ) ;
#2005 = CARTESIAN_POINT ( 'NONE',  ( 135.4482025522929973, -143.0762749795460138, 102.4781080767610035 ) ) ;
#2006 = CARTESIAN_POINT ( 'NONE',  ( 167.3689531356959890, -119.8624928209249987, 107.2641190093600017 ) ) ;
#2007 = CARTESIAN_POINT ( 'NONE',  ( 125.9448783421490106, -130.8094256212499999, 102.7643259181419921 ) ) ;
#2008 = ORIENTED_EDGE ( 'NONE', *, *, #1413, .T. ) ;
#2009 = CARTESIAN_POINT ( 'NONE',  ( 157.1497566842990068, -129.6529310438299945, 89.88500000000000512 ) ) ;
#2010 = CARTESIAN_POINT ( 'NONE',  ( 132.4344203936730082, -119.4624928209260020, 98.38932592333830485 ) ) ;
#2011 = DIRECTION ( 'NONE',  ( -9.227827737143710103E-15, 1.000000000000000000, 2.810542046950470162E-15 ) ) ;
#2012 = CARTESIAN_POINT ( 'NONE',  ( 135.6171133453979962, -137.8744623790470030, 92.77466295906990013 ) ) ;
#2013 = FACE_OUTER_BOUND ( 'NONE', #4082, .T. ) ;
#2014 = CARTESIAN_POINT ( 'NONE',  ( 149.7948783421489907, -130.7594256212510118, 110.3643259181420007 ) ) ;
#2015 = DIRECTION ( 'NONE',  ( 0.000000000000000000, 0.7071067811865320296, -0.7071067811865631159 ) ) ;
#2016 = CARTESIAN_POINT ( 'NONE',  ( 156.5497566843010304, -130.7500000000000000, 92.80999999999708905 ) ) ;
#2017 = LINE ( 'NONE', #4605, #3448 ) ;
#2018 = ORIENTED_EDGE ( 'NONE', *, *, #2302, .F. ) ;
#2019 = AXIS2_PLACEMENT_3D ( 'NONE', #3251, #4145, #4067 ) ;
#2020 = ORIENTED_EDGE ( 'NONE', *, *, #1926, .T. ) ;
#2021 = VECTOR ( 'NONE', #1261, 1000.000000000000000 ) ;
#2022 = DIRECTION ( 'NONE',  ( 0.000000000000000000, 1.000000000000000000, 0.000000000000000000 ) ) ;
#2023 = ORIENTED_EDGE ( 'NONE', *, *, #570, .F. ) ;
#2024 = CONICAL_SURFACE ( 'NONE', #4177, 1.908500000000007413, 0.7853981633974469467 ) ;
#2025 = EDGE_LOOP ( 'NONE', ( #4522, #2642 ) ) ;
#2026 = CARTESIAN_POINT ( 'NONE',  ( 120.2171133453929883, -119.4624928214270057, 100.7500000000264038 ) ) ;
#2027 = AXIS2_PLACEMENT_3D ( 'NONE', #1643, #411, #2060 ) ;
#2028 = ORIENTED_EDGE ( 'NONE', *, *, #1635, .F. ) ;
#2029 = ADVANCED_BREP_SHAPE_REPRESENTATION ( 'Bambu_Mount_M3x4insert', ( #4753, #1063, #4699, #1027 ), #4232 ) ;
#2030 = CARTESIAN_POINT ( 'NONE',  ( 160.1768364872739880, -140.4624928209250072, 103.7997837525840055 ) ) ;
#2031 = CARTESIAN_POINT ( 'NONE',  ( 163.0171133453979735, -135.5250000000000057, 92.80999999999720274 ) ) ;
#2032 = DIRECTION ( 'NONE',  ( -1.000000000000000000, 0.000000000000000000, 0.000000000000000000 ) ) ;
#2033 = ORIENTED_EDGE ( 'NONE', *, *, #3583, .T. ) ;
#2034 = DIRECTION ( 'NONE',  ( -1.181088324069445570E-14, 1.000000000000000000, -1.003925075459028774E-13 ) ) ;
#2035 = CARTESIAN_POINT ( 'NONE',  ( 157.1497566842990068, -127.3249999999999886, 92.80999999999720274 ) ) ;
#2036 = PLANE ( 'NONE',  #1939 ) ;
#2037 = CARTESIAN_POINT ( 'NONE',  ( 137.4171133454100016, -130.3438512425049964, 92.80999999999698957 ) ) ;
#2038 = DIRECTION ( 'NONE',  ( -1.000000000000000000, 0.000000000000000000, 2.643388153869432085E-14 ) ) ;
#2039 = DIRECTION ( 'NONE',  ( 1.000000000000000000, 0.000000000000000000, 0.000000000000000000 ) ) ;
#2040 = EDGE_CURVE ( 'NONE', #1853, #2242, #1344, .T. ) ;
#2041 = CARTESIAN_POINT ( 'NONE',  ( 147.7000000000080036, -130.2500000000019895, 96.38500000000000512 ) ) ;
#2042 = CARTESIAN_POINT ( 'NONE',  ( 124.3688867170232442, -119.8621279181725328, 107.2644839121126381 ) ) ;
#2043 = CARTESIAN_POINT ( 'NONE',  ( 129.1961172007365235, -119.4624928209260872, 109.2472608036308515 ) ) ;
#2044 = ORIENTED_EDGE ( 'NONE', *, *, #4046, .F. ) ;
#2045 = ADVANCED_FACE ( 'NONE', ( #2095 ), #3865, .F. ) ;
#2046 = ORIENTED_EDGE ( 'NONE', *, *, #2227, .F. ) ;
#2047 = CARTESIAN_POINT ( 'NONE',  ( 135.1768364872739880, -140.4624928209240124, 103.7997837525840055 ) ) ;
#2048 = ORIENTED_EDGE ( 'NONE', *, *, #1997, .F. ) ;
#2049 = CIRCLE ( 'NONE', #1331, 14.00026402016988847 ) ;
#2050 = EDGE_CURVE ( 'NONE', #539, #2718, #34, .T. ) ;
#2051 = ORIENTED_EDGE ( 'NONE', *, *, #2739, .T. ) ;
#2052 = DIRECTION ( 'NONE',  ( 1.000000000000000000, 0.000000000000000000, 1.539220716937389985E-14 ) ) ;
#2053 = VERTEX_POINT ( 'NONE', #2600 ) ;
#2054 = DIRECTION ( 'NONE',  ( 0.000000000000000000, 1.973846303234049855E-15, 1.000000000000000000 ) ) ;
#2055 = LINE ( 'NONE', #4188, #124 ) ;
#2056 = ORIENTED_EDGE ( 'NONE', *, *, #4708, .T. ) ;
#2057 = AXIS2_PLACEMENT_3D ( 'NONE', #1693, #5122, #4271 ) ;
#2058 =( NAMED_UNIT ( * ) PLANE_ANGLE_UNIT ( ) SI_UNIT ( $, .RADIAN. ) );
#2059 = CARTESIAN_POINT ( 'NONE',  ( 137.8051437872739768, -140.0624928209259963, 99.46432591814070179 ) ) ;
#2060 = DIRECTION ( 'NONE',  ( -1.000000000000000000, 0.000000000000000000, 0.000000000000000000 ) ) ;
#2061 = CARTESIAN_POINT ( 'NONE',  ( 173.1377302020030129, -119.4624928209260020, 105.0811190093599947 ) ) ;
#2062 = CARTESIAN_POINT ( 'NONE',  ( 160.9671133453899756, -140.4624928209260020, 110.3643259181420007 ) ) ;
#2063 = DIRECTION ( 'NONE',  ( 0.000000000000000000, 5.006432955109510304E-15, 1.000000000000000000 ) ) ;
#2064 = ADVANCED_FACE ( 'NONE', ( #897 ), #374, .F. ) ;
#2065 = EDGE_CURVE ( 'NONE', #4743, #4552, #4257, .T. ) ;
#2066 = DIRECTION ( 'NONE',  ( -1.000000000000000000, 0.000000000000000000, 4.757973416711820729E-15 ) ) ;
#2067 = DIRECTION ( 'NONE',  ( -4.032935767705780665E-15, 1.926745932492350360E-15, 1.000000000000000000 ) ) ;
#2068 = CIRCLE ( 'NONE', #5200, 1.950000000000007283 ) ;
#2069 = ORIENTED_EDGE ( 'NONE', *, *, #4658, .T. ) ;
#2070 = VECTOR ( 'NONE', #1905, 1000.000000000000000 ) ;
#2071 = ORIENTED_EDGE ( 'NONE', *, *, #4826, .F. ) ;
#2072 = DIRECTION ( 'NONE',  ( 2.371361253508419939E-15, -2.810542046950450046E-15, 1.000000000000000000 ) ) ;
#2073 = ORIENTED_EDGE ( 'NONE', *, *, #1312, .F. ) ;
#2074 = ORIENTED_EDGE ( 'NONE', *, *, #4492, .F. ) ;
#2075 = PLANE ( 'NONE',  #3877 ) ;
#2076 = EDGE_CURVE ( 'NONE', #3935, #2860, #4788, .T. ) ;
#2077 = ORIENTED_EDGE ( 'NONE', *, *, #1996, .F. ) ;
#2078 = ORIENTED_EDGE ( 'NONE', *, *, #2924, .F. ) ;
#2079 = EDGE_CURVE ( 'NONE', #4356, #1470, #3819, .T. ) ;
#2080 = VECTOR ( 'NONE', #4993, 1000.000000000000000 ) ;
#2081 = CARTESIAN_POINT ( 'NONE',  ( 175.2171132998499843, -119.4624950404660098, 100.7500000000189999 ) ) ;
#2082 =( BOUNDED_CURVE ( )  B_SPLINE_CURVE ( 3, ( #4174, #5099, #5126, #1187 ),
 .UNSPECIFIED., .F., .F. ) 
 B_SPLINE_CURVE_WITH_KNOTS ( ( 4, 4 ),
 ( 1.473430298577702136, 1.473522608051625937 ),
 .UNSPECIFIED. ) 
 CURVE ( )  GEOMETRIC_REPRESENTATION_ITEM ( )  RATIONAL_B_SPLINE_CURVE ( ( 1.000000000000000000, 0.9999999992899130108, 0.9999999992899130108, 1.000000000000000000 ) ) 
 REPRESENTATION_ITEM ( '' )  );
#2083 = VECTOR ( 'NONE', #2694, 1000.000000000000000 ) ;
#2084 = CARTESIAN_POINT ( 'NONE',  ( 135.1768364872739880, -140.2624928209250186, 103.7997837525840055 ) ) ;
#2085 = DIRECTION ( 'NONE',  ( 0.000000000000000000, 1.000000000000000000, 0.000000000000000000 ) ) ;
#2086 = FACE_OUTER_BOUND ( 'NONE', #5281, .T. ) ;
#2087 = DIRECTION ( 'NONE',  ( 3.965082230804120359E-15, 1.407292413469244005E-15, 1.000000000000000000 ) ) ;
#2088 = CARTESIAN_POINT ( 'NONE',  ( 125.9448783421490106, -130.8094256212499999, 110.3643259181420007 ) ) ;
#2089 = PLANE ( 'NONE',  #4229 ) ;
#2090 = DIRECTION ( 'NONE',  ( 0.000000000000000000, 1.000000000000000000, -1.622896118156660156E-15 ) ) ;
#2091 = PLANE ( 'NONE',  #1131 ) ;
#2092 = PLANE ( 'NONE',  #4253 ) ;
#2093 = VERTEX_POINT ( 'NONE', #1730 ) ;
#2094 = ORIENTED_EDGE ( 'NONE', *, *, #2459, .T. ) ;
#2095 = FACE_OUTER_BOUND ( 'NONE', #3692, .T. ) ;
#2096 = ORIENTED_EDGE ( 'NONE', *, *, #1382, .T. ) ;
#2097 = ORIENTED_EDGE ( 'NONE', *, *, #2739, .F. ) ;
#2098 = CIRCLE ( 'NONE', #2999, 3.000000000000002665 ) ;
#2099 = CIRCLE ( 'NONE', #505, 1.975000000000004530 ) ;
#2100 = CARTESIAN_POINT ( 'NONE',  ( 157.1497566842990068, -130.7500000000000000, 92.80999999999708905 ) ) ;
#2101 = VERTEX_POINT ( 'NONE', #816 ) ;
#2102 = EDGE_LOOP ( 'NONE', ( #2325, #5265, #3669, #1295 ) ) ;
#2103 = VECTOR ( 'NONE', #3172, 1000.000000000000000 ) ;
#2104 = VECTOR ( 'NONE', #4296, 1000.000000000000000 ) ;
#2105 = CARTESIAN_POINT ( 'NONE',  ( 120.2171133453919936, -140.0624928209230120, 103.7500000343869857 ) ) ;
#2106 = DIRECTION ( 'NONE',  ( 1.000000000000000000, 9.378244137164310855E-15, -2.330637149875950107E-14 ) ) ;
#2107 = DIRECTION ( 'NONE',  ( 0.000000000000000000, -0.06334459318337669342, 0.9979917146521970484 ) ) ;
#2108 = CARTESIAN_POINT ( 'NONE',  ( 163.0171133453979735, -129.9624928209250072, 101.3143259181420035 ) ) ;
#2109 = CARTESIAN_POINT ( 'NONE',  ( 147.6948783421530038, -130.7594256212520065, 96.38500000000000512 ) ) ;
#2110 = CARTESIAN_POINT ( 'NONE',  ( 122.1508943902840088, -119.4624928209260020, 110.3643259181420007 ) ) ;
#2111 = VECTOR ( 'NONE', #1786, 1000.000000000000000 ) ;
#2112 = EDGE_CURVE ( 'NONE', #2223, #1169, #2521, .T. ) ;
#2113 = EDGE_CURVE ( 'NONE', #4921, #2836, #4310, .T. ) ;
#2114 = CARTESIAN_POINT ( 'NONE',  ( 134.9583760413682683, -139.4624928209262293, 108.7643247870280305 ) ) ;
#2115 = LINE ( 'NONE', #4700, #3693 ) ;
#2116 = FACE_BOUND ( 'NONE', #3907, .T. ) ;
#2117 = CARTESIAN_POINT ( 'NONE',  ( 159.6186942114619853, -138.0814489814920023, 99.46432591814070179 ) ) ;
#2118 = AXIS2_PLACEMENT_3D ( 'NONE', #1389, #1424, #2192 ) ;
#2119 = EDGE_CURVE ( 'NONE', #4593, #1633, #1908, .T. ) ;
#2120 = VERTEX_POINT ( 'NONE', #3394 ) ;
#2121 = EDGE_CURVE ( 'NONE', #5064, #845, #1945, .T. ) ;
#2122 = VERTEX_POINT ( 'NONE', #5108 ) ;
#2123 = CIRCLE ( 'NONE', #3117, 1.574999999999993072 ) ;
#2124 = CARTESIAN_POINT ( 'NONE',  ( 121.2168275964640003, -119.4624928209260020, 102.6741506007529949 ) ) ;
#2125 = EDGE_LOOP ( 'NONE', ( #1030, #2018, #906, #1003, #4607 ) ) ;
#2126 = VERTEX_POINT ( 'NONE', #4372 ) ;
#2127 = EDGE_CURVE ( 'NONE', #4821, #3120, #2320, .T. ) ;
#2128 = DIRECTION ( 'NONE',  ( -1.000000000000000000, -1.569712496704820284E-14, -2.418031965417649952E-14 ) ) ;
#2129 = ADVANCED_FACE ( 'NONE', ( #2721 ), #2295, .F. ) ;
#2130 = VERTEX_POINT ( 'NONE', #117 ) ;
#2131 = EDGE_CURVE ( 'NONE', #3568, #2272, #181, .T. ) ;
#2132 = EDGE_LOOP ( 'NONE', ( #4969, #2755, #248, #3770 ) ) ;
#2133 = CARTESIAN_POINT ( 'NONE',  ( 137.6171133454100186, -134.1749999999999829, 92.80999999999889383 ) ) ;
#2134 = AXIS2_PLACEMENT_3D ( 'NONE', #2935, #2563, #1210 ) ;
#2135 = DIRECTION ( 'NONE',  ( -1.000000000000000000, 0.000000000000000000, -1.539220716937389985E-14 ) ) ;
#2136 = CARTESIAN_POINT ( 'NONE',  ( 135.4804746703200067, -138.3889688723710094, 108.6341353029209955 ) ) ;
#2137 = FACE_OUTER_BOUND ( 'NONE', #741, .T. ) ;
#2138 = DIRECTION ( 'NONE',  ( 2.371361274187880032E-15, 6.071242150050810561E-15, 1.000000000000000000 ) ) ;
#2139 = DIRECTION ( 'NONE',  ( 1.000000000000000000, 1.165734175929510219E-14, 2.081254558480789989E-14 ) ) ;
#2140 = LINE ( 'NONE', #2512, #1985 ) ;
#2141 = FACE_OUTER_BOUND ( 'NONE', #1820, .T. ) ;
#2142 = DIRECTION ( 'NONE',  ( 0.7071067811865460184, 0.7071067811865489050, -1.410603546366599792E-15 ) ) ;
#2143 = ADVANCED_FACE ( 'NONE', ( #1401, #3079 ), #957, .F. ) ;
#2144 = AXIS2_PLACEMENT_3D ( 'NONE', #2650, #4361, #529 ) ;
#2145 = VERTEX_POINT ( 'NONE', #3952 ) ;
#2146 = VECTOR ( 'NONE', #3254, 1000.000000000000114 ) ;
#2147 = CARTESIAN_POINT ( 'NONE',  ( 125.9448783421490106, -130.8094256212499999, 102.7643259181419921 ) ) ;
#2148 = DIRECTION ( 'NONE',  ( 2.748129594203400391E-15, 1.407292413469239864E-15, 1.000000000000000000 ) ) ;
#2149 = VERTEX_POINT ( 'NONE', #4791 ) ;
#2150 = CARTESIAN_POINT ( 'NONE',  ( 163.0171133453989682, -119.9624928209249930, 96.06432591814079558 ) ) ;
#2151 = ADVANCED_FACE ( 'NONE', ( #1815 ), #3531, .F. ) ;
#2152 = CIRCLE ( 'NONE', #4136, 14.00026402016988847 ) ;
#2153 = ORIENTED_EDGE ( 'NONE', *, *, #4492, .T. ) ;
#2154 = DIRECTION ( 'NONE',  ( -2.616290610029150035E-15, 0.000000000000000000, -1.000000000000000000 ) ) ;
#2155 = ADVANCED_FACE ( 'NONE', ( #1044 ), #2751, .F. ) ;
#2156 = ORIENTED_EDGE ( 'NONE', *, *, #1522, .F. ) ;
#2157 = ADVANCED_FACE ( 'NONE', ( #5241 ), #4823, .F. ) ;
#2158 = ORIENTED_EDGE ( 'NONE', *, *, #1234, .T. ) ;
#2159 = CIRCLE ( 'NONE', #1911, 2.349999999999754952 ) ;
#2160 = CARTESIAN_POINT ( 'NONE',  ( 169.2382403691290165, -119.5222499092810153, 104.2641190093600017 ) ) ;
#2161 = DIRECTION ( 'NONE',  ( -0.8583333333332552328, -0.5130924759622020881, -2.473004359561900728E-15 ) ) ;
#2162 = PLANE ( 'NONE',  #2951 ) ;
#2163 =( NAMED_UNIT ( * ) PLANE_ANGLE_UNIT ( ) SI_UNIT ( $, .RADIAN. ) );
#2164 = CIRCLE ( 'NONE', #3973, 1.900000000000012790 ) ;
#2165 = CARTESIAN_POINT ( 'NONE',  ( 173.2833321446829871, -119.8624928209259934, 110.7643259181420063 ) ) ;
#2166 = DIRECTION ( 'NONE',  ( -1.505891913717430016E-14, -0.7071067811865450192, -0.7071067811865500152 ) ) ;
#2167 = EDGE_LOOP ( 'NONE', ( #5218, #4586, #2182, #1895, #3238, #5194, #406, #4662 ) ) ;
#2168 = CARTESIAN_POINT ( 'NONE',  ( 134.3042248701370056, -140.4624928209260020, 102.5143253525850042 ) ) ;
#2169 = DIRECTION ( 'NONE',  ( -0.6069333205183952140, -0.3628111691286748930, -0.7071067811865469066 ) ) ;
#2170 = CARTESIAN_POINT ( 'NONE',  ( 167.7391803146830114, -119.4624928209249930, 107.6641190093600073 ) ) ;
#2171 = VERTEX_POINT ( 'NONE', #987 ) ;
#2172 = CARTESIAN_POINT ( 'NONE',  ( 163.0171133453989682, -127.4991976312541908, 95.55447721529050398 ) ) ;
#2173 = CARTESIAN_POINT ( 'NONE',  ( 149.9948783421490077, -130.7594256212510118, 110.5643259181420035 ) ) ;
#2174 = ORIENTED_EDGE ( 'NONE', *, *, #4658, .F. ) ;
#2175 = DIRECTION ( 'NONE',  ( -0.9999811604344926996, -1.982503765188892233E-15, 0.006138304007261701466 ) ) ;
#2176 = EDGE_LOOP ( 'NONE', ( #2268, #930, #1832, #4655 ) ) ;
#2177 = DIRECTION ( 'NONE',  ( 0.000000000000000000, 1.973846303234049855E-15, 1.000000000000000000 ) ) ;
#2178 = VECTOR ( 'NONE', #3457, 1000.000000000000114 ) ;
#2179 = EDGE_LOOP ( 'NONE', ( #544, #2847, #522, #1195 ) ) ;
#2180 = SURFACE_STYLE_FILL_AREA ( #3025 ) ;
#2181 = ORIENTED_EDGE ( 'NONE', *, *, #1367, .F. ) ;
#2182 = ORIENTED_EDGE ( 'NONE', *, *, #739, .F. ) ;
#2183 = DIRECTION ( 'NONE',  ( 2.237723177369440190E-15, -1.000000000000000000, 2.060839600959844780E-15 ) ) ;
#2184 = EDGE_LOOP ( 'NONE', ( #4524, #327, #1503, #1051 ) ) ;
#2185 = FACE_OUTER_BOUND ( 'NONE', #377, .T. ) ;
#2186 = AXIS2_PLACEMENT_3D ( 'NONE', #1365, #4785, #1871 ) ;
#2188 = DIRECTION ( 'NONE',  ( -1.000000000000000000, 0.000000000000000000, 0.000000000000000000 ) ) ;
#2187 = VECTOR ( 'NONE', #569, 1000.000000000000114 ) ;
#2189 = PLANE ( 'NONE',  #631 ) ;
#2190 = CARTESIAN_POINT ( 'NONE',  ( 172.7216946132480189, -119.8621712665460137, 104.2637974549800077 ) ) ;
#2191 = AXIS2_PLACEMENT_3D ( 'NONE', #2108, #3409, #2308 ) ;
#2192 = DIRECTION ( 'NONE',  ( -2.221583432624445050E-14, 0.000000000000000000, -1.000000000000000000 ) ) ;
#2193 = DIRECTION ( 'NONE',  ( -1.000000000000000000, -2.055968564121280363E-14, -2.418031965417605144E-14 ) ) ;
#2194 = DIRECTION ( 'NONE',  ( 2.371361346275850080E-15, 1.926745932492350360E-15, 1.000000000000000000 ) ) ;
#2195 = EDGE_LOOP ( 'NONE', ( #5110, #165, #129, #3313 ) ) ;
#2196 = DIRECTION ( 'NONE',  ( 0.000000000000000000, 5.006432955109510304E-15, 1.000000000000000000 ) ) ;
#2197 = VECTOR ( 'NONE', #2361, 1000.000000000000000 ) ;
#2198 = CARTESIAN_POINT ( 'NONE',  ( 161.1751431929559999, -136.5250000000000057, 92.80999999999738748 ) ) ;
#2199 = CARTESIAN_POINT ( 'NONE',  ( 167.7363783421489813, -130.8094256212499999, 107.7643259181420063 ) ) ;
#2200 = EDGE_CURVE ( 'NONE', #710, #2245, #4341, .T. ) ;
#2201 = CIRCLE ( 'NONE', #5347, 1.899999999999999023 ) ;
#2202 = VERTEX_POINT ( 'NONE', #4851 ) ;
#2203 = DIRECTION ( 'NONE',  ( 0.000000000000000000, -1.926745932492380336E-15, -1.000000000000000000 ) ) ;
#2204 = CARTESIAN_POINT ( 'NONE',  ( 122.1508943902850035, -140.0624928209259963, 110.7643259181420063 ) ) ;
#2205 = ORIENTED_EDGE ( 'NONE', *, *, #1517, .F. ) ;
#2206 = DIRECTION ( 'NONE',  ( -1.000000000000000000, -9.227827737143710103E-15, 2.371361224627550089E-15 ) ) ;
#2207 = ADVANCED_FACE ( 'NONE', ( #4406 ), #2690, .F. ) ;
#2208 = ORIENTED_EDGE ( 'NONE', *, *, #686, .F. ) ;
#2209 = LINE ( 'NONE', #1823, #4517 ) ;
#2210 = VERTEX_POINT ( 'NONE', #1489 ) ;
#2211 = VERTEX_POINT ( 'NONE', #2263 ) ;
#2212 = EDGE_CURVE ( 'NONE', #3207, #1291, #2630, .T. ) ;
#2213 = ORIENTED_EDGE ( 'NONE', *, *, #2942, .F. ) ;
#2214 = DIRECTION ( 'NONE',  ( -1.000000000000000000, 0.000000000000000000, 0.000000000000000000 ) ) ;
#2215 = ORIENTED_EDGE ( 'NONE', *, *, #3934, .F. ) ;
#2216 = DIRECTION ( 'NONE',  ( 0.000000000000000000, -1.973846303234049855E-15, -1.000000000000000000 ) ) ;
#2217 = DIRECTION ( 'NONE',  ( 0.000000000000000000, 1.000000000000000000, 0.000000000000000000 ) ) ;
#2218 = LINE ( 'NONE', #3064, #3936 ) ;
#2219 = DIRECTION ( 'NONE',  ( -5.075305255429310032E-15, 1.000000000000000000, -1.622896118156660156E-15 ) ) ;
#2220 = LINE ( 'NONE', #5404, #4043 ) ;
#2221 = DIRECTION ( 'NONE',  ( -1.000000000000000000, -2.009843822508529990E-15, 2.748129594203400391E-15 ) ) ;
#2222 = PLANE ( 'NONE',  #2324 ) ;
#2223 = VERTEX_POINT ( 'NONE', #2204 ) ;
#2224 = CARTESIAN_POINT ( 'NONE',  ( 168.7171133453939831, -140.0624928209259963, 99.46432591813689328 ) ) ;
#2225 = CARTESIAN_POINT ( 'NONE',  ( 163.0171133453989682, -124.5750000000000028, 92.80999999999698957 ) ) ;
#2226 = CARTESIAN_POINT ( 'NONE',  ( 132.4171133454049993, -119.4624928209269967, 89.48499999999999943 ) ) ;
#2227 = EDGE_CURVE ( 'NONE', #920, #399, #146, .T. ) ;
#2228 = CIRCLE ( 'NONE', #3403, 2.750000000000002665 ) ;
#2229 = ADVANCED_FACE ( 'NONE', ( #3925 ), #88, .F. ) ;
#2230 = EDGE_CURVE ( 'NONE', #4552, #3443, #2971, .T. ) ;
#2231 = ORIENTED_EDGE ( 'NONE', *, *, #1408, .F. ) ;
#2232 = LINE ( 'NONE', #4732, #5082 ) ;
#2233 = DIRECTION ( 'NONE',  ( 0.000000000000000000, -1.000000000000000000, 1.973846303234049855E-15 ) ) ;
#2234 = ORIENTED_EDGE ( 'NONE', *, *, #424, .T. ) ;
#2235 = CARTESIAN_POINT ( 'NONE',  ( 163.0171133453999914, -130.0529310438300001, 89.48499999999999943 ) ) ;
#2236 = VERTEX_POINT ( 'NONE', #4937 ) ;
#2237 = LINE ( 'NONE', #3449, #2083 ) ;
#2238 = ORIENTED_EDGE ( 'NONE', *, *, #3885, .T. ) ;
#2239 = VERTEX_POINT ( 'NONE', #5437 ) ;
#2240 = VECTOR ( 'NONE', #76, 1000.000000000000000 ) ;
#2241 = EDGE_CURVE ( 'NONE', #2439, #4611, #4604, .T. ) ;
#2242 = VERTEX_POINT ( 'NONE', #4998 ) ;
#2243 = CARTESIAN_POINT ( 'NONE',  ( 158.4776768572600076, -119.8624928209249987, 104.2641190093600017 ) ) ;
#2244 = AXIS2_PLACEMENT_3D ( 'NONE', #1647, #2196, #5175 ) ;
#2245 = VERTEX_POINT ( 'NONE', #1102 ) ;
#2246 = CYLINDRICAL_SURFACE ( 'NONE', #680, 1.349999999999740297 ) ;
#2247 = CARTESIAN_POINT ( 'NONE',  ( 115.1671139002800004, -135.0124933757780070, 100.7500000000264038 ) ) ;
#2248 = FACE_BOUND ( 'NONE', #3978, .T. ) ;
#2249 = VERTEX_POINT ( 'NONE', #2802 ) ;
#2250 = DIRECTION ( 'NONE',  ( 1.000000000000000000, 2.009843822508529990E-15, -7.695565631966919588E-30 ) ) ;
#2251 = VECTOR ( 'NONE', #2944, 1000.000000000000114 ) ;
#2252 = DIRECTION ( 'NONE',  ( 1.000000000000000000, 2.009843822508529990E-15, -2.748129594203400391E-15 ) ) ;
#2253 = CARTESIAN_POINT ( 'NONE',  ( 134.6960253424329892, -119.4624928209260020, 99.59642185088220856 ) ) ;
#2254 = CARTESIAN_POINT ( 'NONE',  ( 163.0171133453979735, -131.8249999999999886, 92.80999999999689010 ) ) ;
#2255 = ORIENTED_EDGE ( 'NONE', *, *, #2985, .F. ) ;
#2256 = DIRECTION ( 'NONE',  ( -0.3722874977003683417, -0.6562781495128416909, -0.6562781495128406917 ) ) ;
#2257 = DIRECTION ( 'NONE',  ( 1.000000000000000000, 0.000000000000000000, 0.000000000000000000 ) ) ;
#2258 = PLANE ( 'NONE',  #3452 ) ;
#2259 = VECTOR ( 'NONE', #1391, 1000.000000000000000 ) ;
#2260 = VERTEX_POINT ( 'NONE', #3310 ) ;
#2261 = DIRECTION ( 'NONE',  ( 1.000000000000000000, 9.378244137164250901E-15, 0.000000000000000000 ) ) ;
#2262 = VECTOR ( 'NONE', #4377, 1000.000000000000000 ) ;
#2263 = CARTESIAN_POINT ( 'NONE',  ( 171.1533783421490114, -130.8094256212499999, 107.7643259181420063 ) ) ;
#2264 = VERTEX_POINT ( 'NONE', #5023 ) ;
#2265 = DIRECTION ( 'NONE',  ( 1.000000000000000000, 0.000000000000000000, -7.382857716947690319E-16 ) ) ;
#2266 = ORIENTED_EDGE ( 'NONE', *, *, #3715, .F. ) ;
#2267 = CARTESIAN_POINT ( 'NONE',  ( 147.7171133453930167, -119.8624928209259934, 110.7643259181420063 ) ) ;
#2268 = ORIENTED_EDGE ( 'NONE', *, *, #2212, .T. ) ;
#2269 = ORIENTED_EDGE ( 'NONE', *, *, #547, .T. ) ;
#2270 = ORIENTED_EDGE ( 'NONE', *, *, #3875, .F. ) ;
#2271 = EDGE_CURVE ( 'NONE', #4772, #4582, #1520, .T. ) ;
#2272 = VERTEX_POINT ( 'NONE', #1545 ) ;
#2273 = CARTESIAN_POINT ( 'NONE',  ( 163.0171133453979735, -125.9750000000000085, 90.88499999999999091 ) ) ;
#2274 = ORIENTED_EDGE ( 'NONE', *, *, #4471, .T. ) ;
#2275 = PLANE ( 'NONE',  #323 ) ;
#2276 = CARTESIAN_POINT ( 'NONE',  ( 126.2382403691280075, -119.5222499092810153, 104.2641190093600017 ) ) ;
#2277 = DIRECTION ( 'NONE',  ( -1.000000000000000000, -8.742289393079860116E-15, 2.371361253508389962E-15 ) ) ;
#2278 = ORIENTED_EDGE ( 'NONE', *, *, #5394, .F. ) ;
#2279 = DIRECTION ( 'NONE',  ( 0.000000000000000000, 1.973846303234049855E-15, 1.000000000000000000 ) ) ;
#2280 = PLANE ( 'NONE',  #4585 ) ;
#2281 = VECTOR ( 'NONE', #4818, 1000.000000000000000 ) ;
#2282 = AXIS2_PLACEMENT_3D ( 'NONE', #4073, #1850, #2804 ) ;
#2283 = LINE ( 'NONE', #1066, #2614 ) ;
#2284 = DIRECTION ( 'NONE',  ( 0.000000000000000000, -1.000000000000000000, -4.625929269271481378E-15 ) ) ;
#2285 = EDGE_LOOP ( 'NONE', ( #3629, #5233, #5526, #3495 ) ) ;
#2286 = CARTESIAN_POINT ( 'NONE',  ( 158.4768364872739710, -140.4624928209240124, 103.7997837525840055 ) ) ;
#2287 = LINE ( 'NONE', #2656, #4703 ) ;
#2288 = CARTESIAN_POINT ( 'NONE',  ( 153.2257668695319808, -140.4624928209260020, 103.1643259181400083 ) ) ;
#2289 = EDGE_CURVE ( 'NONE', #4582, #2122, #1167, .T. ) ;
#2290 = VECTOR ( 'NONE', #3781, 1000.000000000000114 ) ;
#2291 = ADVANCED_FACE ( 'NONE', ( #4098 ), #5484, .F. ) ;
#2292 = ORIENTED_EDGE ( 'NONE', *, *, #5393, .F. ) ;
#2293 = VECTOR ( 'NONE', #2933, 1000.000000000000000 ) ;
#2294 = PLANE ( 'NONE',  #5473 ) ;
#2295 = CYLINDRICAL_SURFACE ( 'NONE', #25, 1.708500000000001684 ) ;
#2296 = CARTESIAN_POINT ( 'NONE',  ( 157.1497566842990068, -136.5250000000000057, 92.80999999999758643 ) ) ;
#2297 = EDGE_CURVE ( 'NONE', #553, #3532, #678, .T. ) ;
#2298 = EDGE_CURVE ( 'NONE', #1919, #1347, #264, .T. ) ;
#2299 = ORIENTED_EDGE ( 'NONE', *, *, #5522, .T. ) ;
#2300 = ORIENTED_EDGE ( 'NONE', *, *, #990, .F. ) ;
#2301 = ORIENTED_EDGE ( 'NONE', *, *, #2869, .F. ) ;
#2302 = EDGE_CURVE ( 'NONE', #2130, #4661, #4949, .T. ) ;
#2303 = ADVANCED_FACE ( 'NONE', ( #289 ), #2885, .F. ) ;
#2304 = ORIENTED_EDGE ( 'NONE', *, *, #1147, .F. ) ;
#2305 = DIRECTION ( 'NONE',  ( -4.841937106511629807E-13, -0.7071067811865320296, -0.7071067811865631159 ) ) ;
#2306 = ORIENTED_EDGE ( 'NONE', *, *, #1135, .T. ) ;
#2307 = DIRECTION ( 'NONE',  ( -1.000000000000000000, -1.009293658750142123E-14, 2.371361224627544961E-15 ) ) ;
#2308 = DIRECTION ( 'NONE',  ( -9.227827737143710103E-15, 1.000000000000000000, 0.000000000000000000 ) ) ;
#2309 = LINE ( 'NONE', #4056, #5106 ) ;
#2310 = ORIENTED_EDGE ( 'NONE', *, *, #3818, .T. ) ;
#2311 = CARTESIAN_POINT ( 'NONE',  ( 134.9365022088549892, -137.1938512425049908, 92.80999999999698957 ) ) ;
#2312 = CARTESIAN_POINT ( 'NONE',  ( 134.7997510703480089, -138.6733286426149903, 108.7643247870279879 ) ) ;
#2313 = CARTESIAN_POINT ( 'NONE',  ( 132.4171133454019866, -130.3438512425049964, 92.80999999999689010 ) ) ;
#2314 = LINE ( 'NONE', #1093, #4293 ) ;
#2315 = ORIENTED_EDGE ( 'NONE', *, *, #2627, .T. ) ;
#2316 = CARTESIAN_POINT ( 'NONE',  ( 160.9671133453899756, -140.0624928209259963, 110.7643259181420063 ) ) ;
#2317 = DIRECTION ( 'NONE',  ( -1.887379142593809830E-15, 1.000000000000000000, 2.810542046950460301E-15 ) ) ;
#2318 = VECTOR ( 'NONE', #71, 1000.000000000000000 ) ;
#2319 = FACE_OUTER_BOUND ( 'NONE', #3150, .T. ) ;
#2320 = LINE ( 'NONE', #4432, #5398 ) ;
#2321 = VECTOR ( 'NONE', #4837, 1000.000000000000000 ) ;
#2322 = EDGE_CURVE ( 'NONE', #5134, #3231, #594, .T. ) ;
#2323 = DIRECTION ( 'NONE',  ( 0.000000000000000000, 1.000000000000000000, -9.251858538544751261E-14 ) ) ;
#2324 = AXIS2_PLACEMENT_3D ( 'NONE', #3943, #107, #3918 ) ;
#2325 = ORIENTED_EDGE ( 'NONE', *, *, #3233, .T. ) ;
#2326 = EDGE_CURVE ( 'NONE', #2249, #4564, #4913, .T. ) ;
#2327 = ORIENTED_EDGE ( 'NONE', *, *, #3470, .F. ) ;
#2328 = EDGE_LOOP ( 'NONE', ( #4529, #1539, #4829, #2756 ) ) ;
#2329 =( BOUNDED_CURVE ( )  B_SPLINE_CURVE ( 3, ( #3695, #329, #1611, #4591 ),
 .UNSPECIFIED., .F., .F. ) 
 B_SPLINE_CURVE_WITH_KNOTS ( ( 4, 4 ),
 ( 4.809662699127989605, 4.809755008601769966 ),
 .UNSPECIFIED. ) 
 CURVE ( )  GEOMETRIC_REPRESENTATION_ITEM ( )  RATIONAL_B_SPLINE_CURVE ( ( 1.000000000000000000, 0.9999999992899130108, 0.9999999992899130108, 1.000000000000000000 ) ) 
 REPRESENTATION_ITEM ( '' )  );
#2330 = EDGE_LOOP ( 'NONE', ( #372, #4954, #485, #184 ) ) ;
#2331 = CARTESIAN_POINT ( 'NONE',  ( 161.8768364872740051, -140.0624928209250015, 103.7997837525840055 ) ) ;
#2332 = AXIS2_PLACEMENT_3D ( 'NONE', #2873, #1064, #2848 ) ;
#2333 = AXIS2_PLACEMENT_3D ( 'NONE', #1100, #624, #2350 ) ;
#2334 = ADVANCED_FACE ( 'NONE', ( #2437 ), #4072, .F. ) ;
#2335 = ORIENTED_EDGE ( 'NONE', *, *, #493, .T. ) ;
#2337 = CARTESIAN_POINT ( 'NONE',  ( 158.1497566842990068, -135.5250000000000057, 92.80999999999748695 ) ) ;
#2336 = VECTOR ( 'NONE', #2219, 1000.000000000000000 ) ;
#2338 = LINE ( 'NONE', #4981, #2419 ) ;
#2339 = VERTEX_POINT ( 'NONE', #236 ) ;
#2340 = LINE ( 'NONE', #1035, #3334 ) ;
#2341 = CIRCLE ( 'NONE', #1097, 1.700000000000007061 ) ;
#2342 = CARTESIAN_POINT ( 'NONE',  ( 162.0768364872739937, -140.2624928209250186, 103.7997837525840055 ) ) ;
#2343 = DIRECTION ( 'NONE',  ( 1.000000000000000000, 2.009843822508449921E-15, -3.789849804151350260E-14 ) ) ;
#2344 = CARTESIAN_POINT ( 'NONE',  ( 163.0171133453989682, -124.5750000000000028, 92.80999999999680483 ) ) ;
#2345 = VERTEX_POINT ( 'NONE', #1937 ) ;
#2346 = LINE ( 'NONE', #756, #3878 ) ;
#2347 = CARTESIAN_POINT ( 'NONE',  ( 147.6897566842989988, -134.6438512425029899, 95.03499999999840497 ) ) ;
#2348 = DIRECTION ( 'NONE',  ( 1.000000000000000000, 0.000000000000000000, 0.000000000000000000 ) ) ;
#2349 = AXIS2_PLACEMENT_3D ( 'NONE', #5271, #2351, #1161 ) ;
#2350 = DIRECTION ( 'NONE',  ( 0.000000000000000000, -1.000000000000000000, -4.625929269271481378E-15 ) ) ;
#2351 = DIRECTION ( 'NONE',  ( 0.000000000000000000, 1.926745932492380336E-15, 1.000000000000000000 ) ) ;
#2352 = DIRECTION ( 'NONE',  ( 0.000000000000000000, 1.926745932492380336E-15, 1.000000000000000000 ) ) ;
#2353 = EDGE_LOOP ( 'NONE', ( #11, #2073, #1220, #2814 ) ) ;
#2354 = CIRCLE ( 'NONE', #1116, 1.700000000000007061 ) ;
#2355 = VERTEX_POINT ( 'NONE', #1988 ) ;
#2356 = ORIENTED_EDGE ( 'NONE', *, *, #1553, .T. ) ;
#2357 = ADVANCED_FACE ( 'NONE', ( #2773, #651 ), #4550, .F. ) ;
#2358 = VERTEX_POINT ( 'NONE', #2411 ) ;
#2359 = LINE ( 'NONE', #2782, #1873 ) ;
#2360 = VERTEX_POINT ( 'NONE', #3227 ) ;
#2361 = DIRECTION ( 'NONE',  ( -1.887379142593799970E-15, 1.000000000000000000, 2.810542046950480022E-15 ) ) ;
#2362 = DIRECTION ( 'NONE',  ( 1.000000000000000000, 0.000000000000000000, 0.000000000000000000 ) ) ;
#2363 = CARTESIAN_POINT ( 'NONE',  ( 156.5497566843009167, -127.3250000000000171, 94.75999999999699241 ) ) ;
#2364 = VERTEX_POINT ( 'NONE', #4123 ) ;
#2365 = CARTESIAN_POINT ( 'NONE',  ( 171.1077265380160100, -119.8613980543999986, 107.2652137758860107 ) ) ;
#2366 = ADVANCED_FACE ( 'NONE', ( #3706 ), #1260, .T. ) ;
#2367 = LINE ( 'NONE', #2081, #4556 ) ;
#2368 = UNCERTAINTY_MEASURE_WITH_UNIT (LENGTH_MEASURE( 1.000000000000000082E-05 ), #5114, 'distance_accuracy_value', 'NONE');
#2369 = LINE ( 'NONE', #588, #5310 ) ;
#2370 = CARTESIAN_POINT ( 'NONE',  ( 125.9448783421490106, -130.8094256212499999, 102.9643259181420092 ) ) ;
#2371 = VERTEX_POINT ( 'NONE', #2914 ) ;
#2372 = CARTESIAN_POINT ( 'NONE',  ( 175.2171132998470000, -140.0624928209230120, 103.7500000343799940 ) ) ;
#2373 = VECTOR ( 'NONE', #1628, 1000.000000000000000 ) ;
#2374 = DIRECTION ( 'NONE',  ( 1.000000000000000000, 1.569712496704820600E-14, 2.418031965417650583E-14 ) ) ;
#2375 = PRESENTATION_STYLE_ASSIGNMENT (( #5490 ) ) ;
#2376 = AXIS2_PLACEMENT_3D ( 'NONE', #4543, #205, #5354 ) ;
#2377 = DIRECTION ( 'NONE',  ( 2.371361224627780042E-15, -2.546555719551769795E-14, 1.000000000000000000 ) ) ;
#2378 = DIRECTION ( 'NONE',  ( 3.673940376433450027E-16, 1.973846303234049855E-15, 1.000000000000000000 ) ) ;
#2379 = ADVANCED_FACE ( 'NONE', ( #3337 ), #3435, .F. ) ;
#2380 = DIRECTION ( 'NONE',  ( -0.002240685172089649027, 0.7071050061127166497, -0.7071050061060907277 ) ) ;
#2381 = CARTESIAN_POINT ( 'NONE',  ( 129.7216632204440145, -119.8624928209259934, 107.2641190093600017 ) ) ;
#2382 = AXIS2_PLACEMENT_3D ( 'NONE', #1374, #959, #4286 ) ;
#2383 = VECTOR ( 'NONE', #3913, 1000.000000000000000 ) ;
#2384 = VERTEX_POINT ( 'NONE', #3389 ) ;
#2385 = ORIENTED_EDGE ( 'NONE', *, *, #2127, .T. ) ;
#2386 = ORIENTED_EDGE ( 'NONE', *, *, #3277, .F. ) ;
#2387 = VECTOR ( 'NONE', #3505, 1000.000000000000000 ) ;
#2388 = EDGE_CURVE ( 'NONE', #3931, #765, #2991, .T. ) ;
#2389 = ORIENTED_EDGE ( 'NONE', *, *, #5435, .T. ) ;
#2390 = CARTESIAN_POINT ( 'NONE',  ( 137.4171133454100016, -137.1938512425049908, 92.80999999999698957 ) ) ;
#2391 = ORIENTED_EDGE ( 'NONE', *, *, #3124, .T. ) ;
#2392 = VERTEX_POINT ( 'NONE', #1622 ) ;
#2393 = CARTESIAN_POINT ( 'NONE',  ( 133.4768364872739994, -140.0624928209250015, 103.7997837525840055 ) ) ;
#2395 = AXIS2_PLACEMENT_3D ( 'NONE', #1803, #3974, #5201 ) ;
#2394 = DIRECTION ( 'NONE',  ( 2.371361253508410078E-15, 1.926745932492360221E-15, 1.000000000000000000 ) ) ;
#2396 = DIRECTION ( 'NONE',  ( 1.000000000000000000, -1.151051030536170054E-28, -2.330637149875950107E-14 ) ) ;
#2397 = EDGE_LOOP ( 'NONE', ( #1335, #4205, #2215, #4745 ) ) ;
#2398 = EDGE_CURVE ( 'NONE', #4076, #3321, #5078, .T. ) ;
#2399 = FACE_OUTER_BOUND ( 'NONE', #1379, .T. ) ;
#2400 = VECTOR ( 'NONE', #2482, 1000.000000000000000 ) ;
#2401 = CARTESIAN_POINT ( 'NONE',  ( 158.4776768572600076, -119.8624928209249987, 107.2641190093600017 ) ) ;
#2402 = LINE ( 'NONE', #3248, #4742 ) ;
#2403 = ORIENTED_EDGE ( 'NONE', *, *, #1997, .T. ) ;
#2404 = EDGE_CURVE ( 'NONE', #1586, #1269, #2595, .T. ) ;
#2405 = LINE ( 'NONE', #4514, #2003 ) ;
#2406 = CARTESIAN_POINT ( 'NONE',  ( 162.0171133453979735, -128.6529310438289997, 92.56689684733660783 ) ) ;
#2407 = DIRECTION ( 'NONE',  ( 0.000000000000000000, -1.000000000000000000, -4.625929269271481378E-15 ) ) ;
#2408 = ADVANCED_FACE ( 'NONE', ( #1282 ), #3014, .T. ) ;
#2409 = EDGE_CURVE ( 'NONE', #2950, #1048, #2938, .T. ) ;
#2410 = LINE ( 'NONE', #180, #3377 ) ;
#2411 = CARTESIAN_POINT ( 'NONE',  ( 157.1497566842990068, -129.6529310438289997, 92.48869476322960281 ) ) ;
#2412 = ADVANCED_FACE ( 'NONE', ( #2962 ), #395, .T. ) ;
#2413 = PLANE ( 'NONE',  #683 ) ;
#2414 = ADVANCED_FACE ( 'NONE', ( #2141 ), #3414, .F. ) ;
#2415 = EDGE_LOOP ( 'NONE', ( #5285, #3658, #5026, #1439 ) ) ;
#2416 = EDGE_LOOP ( 'NONE', ( #2500, #1422, #510, #1882 ) ) ;
#2417 = DIRECTION ( 'NONE',  ( 0.8618565397866657651, 0.000000000000000000, 0.5071521515550884152 ) ) ;
#2418 = VERTEX_POINT ( 'NONE', #3891 ) ;
#2419 = VECTOR ( 'NONE', #4923, 1000.000000000000000 ) ;
#2420 = ORIENTED_EDGE ( 'NONE', *, *, #4030, .F. ) ;
#2421 = LINE ( 'NONE', #4920, #4285 ) ;
#2422 = EDGE_LOOP ( 'NONE', ( #1266, #65, #1781, #5113, #1082, #4526 ) ) ;
#2423 = ORIENTED_EDGE ( 'NONE', *, *, #1408, .T. ) ;
#2424 = DIRECTION ( 'NONE',  ( -5.075305255429310032E-15, 1.000000000000000000, -1.622896118156660156E-15 ) ) ;
#2425 =( NAMED_UNIT ( * ) SI_UNIT ( $, .STERADIAN. ) SOLID_ANGLE_UNIT ( ) );
#2426 = CARTESIAN_POINT ( 'NONE',  ( 151.4497566842990182, -133.5000000000000000, 96.38500000000000512 ) ) ;
#2427 = ORIENTED_EDGE ( 'NONE', *, *, #3975, .F. ) ;
#2428 = LINE ( 'NONE', #282, #4299 ) ;
#2429 = CARTESIAN_POINT ( 'NONE',  ( 128.2948783421489907, -130.8094256212499999, 107.7643259181420063 ) ) ;
#2430 = CARTESIAN_POINT ( 'NONE',  ( 145.1948783421489964, -130.7594256212510118, 110.7643259181420063 ) ) ;
#2431 = DIRECTION ( 'NONE',  ( -1.000000000000000000, -8.539126841917380224E-15, -5.865127437796660393E-16 ) ) ;
#2432 = CARTESIAN_POINT ( 'NONE',  ( 137.8171133454100072, -127.3249999999999886, 92.80999999999889383 ) ) ;
#2433 = DIRECTION ( 'NONE',  ( -1.000000000000000000, -2.338402137150095129E-15, 0.000000000000000000 ) ) ;
#2434 = AXIS2_PLACEMENT_3D ( 'NONE', #5123, #5146, #1277 ) ;
#2435 = CARTESIAN_POINT ( 'NONE',  ( 128.1075940212328135, -119.8621279181723480, 104.2637541066075357 ) ) ;
#2436 = AXIS2_PLACEMENT_3D ( 'NONE', #3564, #1784, #5211 ) ;
#2437 = FACE_OUTER_BOUND ( 'NONE', #2556, .T. ) ;
#2438 = CARTESIAN_POINT ( 'NONE',  ( 149.7948783421529981, -130.7594256212510118, 96.38500000000000512 ) ) ;
#2439 = VERTEX_POINT ( 'NONE', #864 ) ;
#2440 = CIRCLE ( 'NONE', #30, 13.60026402016989522 ) ;
#2441 = ORIENTED_EDGE ( 'NONE', *, *, #3867, .T. ) ;
#2442 = FACE_OUTER_BOUND ( 'NONE', #318, .T. ) ;
#2443 = ORIENTED_EDGE ( 'NONE', *, *, #316, .F. ) ;
#2444 = VECTOR ( 'NONE', #4976, 1000.000000000000000 ) ;
#2445 = ORIENTED_EDGE ( 'NONE', *, *, #5385, .T. ) ;
#2446 = CARTESIAN_POINT ( 'NONE',  ( 157.2376503720309984, -140.4624928209260020, 91.87466295907040603 ) ) ;
#2447 = ORIENTED_EDGE ( 'NONE', *, *, #5039, .T. ) ;
#2448 = ADVANCED_FACE ( 'NONE', ( #5128, #2116, #1675, #28, #1213, #4629, #790 ), #2091, .T. ) ;
#2449 = DIRECTION ( 'NONE',  ( 3.965082230804110893E-15, 4.430635266668075387E-15, 1.000000000000000000 ) ) ;
#2450 = FACE_BOUND ( 'NONE', #3529, .T. ) ;
#2451 = LINE ( 'NONE', #5012, #1343 ) ;
#2452 = ORIENTED_EDGE ( 'NONE', *, *, #4793, .F. ) ;
#2453 = SURFACE_STYLE_USAGE ( .BOTH. , #4086 ) ;
#2454 = CARTESIAN_POINT ( 'NONE',  ( 165.7548070485978542, -119.8623856366153291, 104.2640118250495362 ) ) ;
#2455 = CARTESIAN_POINT ( 'NONE',  ( 160.2376503720300036, -137.4624928209260020, 89.48499999999999943 ) ) ;
#2456 = DIRECTION ( 'NONE',  ( 2.371361224627359974E-15, 1.984447310161710157E-14, 1.000000000000000000 ) ) ;
#2457 = PLANE ( 'NONE',  #541 ) ;
#2458 = FILL_AREA_STYLE ('',( #5433 ) ) ;
#2459 = EDGE_CURVE ( 'NONE', #99, #994, #4652, .T. ) ;
#2460 = PLANE ( 'NONE',  #4418 ) ;
#2461 = CARTESIAN_POINT ( 'NONE',  ( 132.4171133454029814, -134.1938512425049908, 92.80999999999698957 ) ) ;
#2462 = CARTESIAN_POINT ( 'NONE',  ( 127.7373004235730036, -119.4624928209260020, 105.0811190093599947 ) ) ;
#2463 = ADVANCED_FACE ( 'NONE', ( #4225 ), #3447, .F. ) ;
#2464 = ORIENTED_EDGE ( 'NONE', *, *, #4470, .T. ) ;
#2465 = CIRCLE ( 'NONE', #5337, 1.950000000000007283 ) ;
#2466 = EDGE_LOOP ( 'NONE', ( #2278, #3235, #157, #13 ) ) ;
#2467 = AXIS2_PLACEMENT_3D ( 'NONE', #5102, #3043, #4758 ) ;
#2468 = CARTESIAN_POINT ( 'NONE',  ( 121.2170679492020042, -140.4624928209230177, 102.7500000000259917 ) ) ;
#2469 = VERTEX_POINT ( 'NONE', #4677 ) ;
#2470 = VECTOR ( 'NONE', #414, 1000.000000000000000 ) ;
#2471 = MECHANICAL_DESIGN_GEOMETRIC_PRESENTATION_REPRESENTATION (  '', ( #4896 ), #1397 ) ;
#2472 = ADVANCED_FACE ( 'NONE', ( #841 ), #2540, .F. ) ;
#2473 = ORIENTED_EDGE ( 'NONE', *, *, #2504, .F. ) ;
#2474 = CARTESIAN_POINT ( 'NONE',  ( 144.8029529411452074, -134.1750000000001819, 94.75999999999672241 ) ) ;
#2475 = VECTOR ( 'NONE', #131, 1000.000000000000000 ) ;
#2476 = ORIENTED_EDGE ( 'NONE', *, *, #1979, .F. ) ;
#2477 = CARTESIAN_POINT ( 'NONE',  ( 161.8768364872740051, -140.4624928209240124, 103.7997837525840055 ) ) ;
#2478 = CARTESIAN_POINT ( 'NONE',  ( 172.7216632204449809, -119.8624928209249987, 104.2641190093600017 ) ) ;
#2479 = EDGE_CURVE ( 'NONE', #2547, #4291, #3171, .T. ) ;
#2480 = ORIENTED_EDGE ( 'NONE', *, *, #806, .F. ) ;
#2481 = ADVANCED_FACE ( 'NONE', ( #4428 ), #1457, .T. ) ;
#2482 = DIRECTION ( 'NONE',  ( 1.000000000000000000, 2.009843822508489758E-15, -2.013492964751100111E-14 ) ) ;
#2483 = CARTESIAN_POINT ( 'NONE',  ( 151.4497566842989613, -134.1750000000000682, 90.85999999999687304 ) ) ;
#2484 = CARTESIAN_POINT ( 'NONE',  ( 162.0171133453979735, -125.9750000000000085, 92.80999999999689010 ) ) ;
#2485 = CARTESIAN_POINT ( 'NONE',  ( 175.2171132998479948, -119.4624928214270057, 103.7500000343799940 ) ) ;
#2486 = CARTESIAN_POINT ( 'NONE',  ( 151.4497566842990182, -135.8688512425030126, 89.48499999999860677 ) ) ;
#2487 = CARTESIAN_POINT ( 'NONE',  ( 151.4497566842989045, -134.1750000000000682, 92.80999999999687589 ) ) ;
#2488 = DIRECTION ( 'NONE',  ( 1.000000000000000000, 9.227827737143710103E-15, -2.371361224627550089E-15 ) ) ;
#2489 = DIRECTION ( 'NONE',  ( 0.000000000000000000, -1.000000000000000000, 4.430635266668070654E-15 ) ) ;
#2490 = DIRECTION ( 'NONE',  ( 2.371361224627580066E-15, -2.810542139866890095E-15, 1.000000000000000000 ) ) ;
#2491 = EDGE_CURVE ( 'NONE', #5365, #2101, #981, .T. ) ;
#2492 = ORIENTED_EDGE ( 'NONE', *, *, #1135, .F. ) ;
#2493 = EDGE_CURVE ( 'NONE', #2171, #4079, #82, .T. ) ;
#2494 = ORIENTED_EDGE ( 'NONE', *, *, #5444, .F. ) ;
#2495 = DIRECTION ( 'NONE',  ( 0.000000000000000000, 1.000000000000000000, 0.000000000000000000 ) ) ;
#2496 = ORIENTED_EDGE ( 'NONE', *, *, #2988, .F. ) ;
#2497 = VERTEX_POINT ( 'NONE', #3947 ) ;
#2498 = EDGE_CURVE ( 'NONE', #1849, #3207, #5267, .T. ) ;
#2499 = CARTESIAN_POINT ( 'NONE',  ( 158.4776768572600076, -119.4624928209249930, 103.8641190093600102 ) ) ;
#2500 = ORIENTED_EDGE ( 'NONE', *, *, #891, .T. ) ;
#2501 = ORIENTED_EDGE ( 'NONE', *, *, #1332, .F. ) ;
#2502 = CONICAL_SURFACE ( 'NONE', #2057, 2.549999999999996714, 0.7853981633974490562 ) ;
#2503 = DIRECTION ( 'NONE',  ( 1.000000000000000000, 0.000000000000000000, 0.000000000000000000 ) ) ;
#2504 = EDGE_CURVE ( 'NONE', #2242, #2149, #562, .T. ) ;
#2505 = AXIS2_PLACEMENT_3D ( 'NONE', #4992, #4929, #5377 ) ;
#2506 = CARTESIAN_POINT ( 'NONE',  ( 133.7652559971899962, -138.8917266912889943, 110.3643259181420007 ) ) ;
#2507 = CARTESIAN_POINT ( 'NONE',  ( 171.1077265380160100, -119.8613980543999986, 107.2652137758860107 ) ) ;
#2508 = PLANE ( 'NONE',  #2191 ) ;
#2509 = CARTESIAN_POINT ( 'NONE',  ( 126.2382403691280075, -119.5222499092810153, 105.0811190093599947 ) ) ;
#2510 =( NAMED_UNIT ( * ) SI_UNIT ( $, .STERADIAN. ) SOLID_ANGLE_UNIT ( ) );
#2511 = CARTESIAN_POINT ( 'NONE',  ( 128.1075276025609924, -119.8624928209259934, 104.2641190093600017 ) ) ;
#2512 = CARTESIAN_POINT ( 'NONE',  ( 143.9500000000089983, -133.1250000000000000, 95.80999999999829697 ) ) ;
#2513 = DIRECTION ( 'NONE',  ( 1.000000000000000000, 1.567265136830130018E-14, -2.887067357318670574E-14 ) ) ;
#2514 = FACE_OUTER_BOUND ( 'NONE', #5341, .T. ) ;
#2515 = PRESENTATION_LAYER_ASSIGNMENT (  '', '', ( #4759 ) ) ;
#2516 = EDGE_LOOP ( 'NONE', ( #1916, #3371, #80, #1345 ) ) ;
#2517 = VECTOR ( 'NONE', #4570, 1000.000000000000000 ) ;
#2518 = EDGE_LOOP ( 'NONE', ( #1737, #490, #3799, #4179 ) ) ;
#2519 = CARTESIAN_POINT ( 'NONE',  ( 134.2171133453919936, -140.0624928209230120, 103.6640621592530067 ) ) ;
#2520 = ORIENTED_EDGE ( 'NONE', *, *, #836, .F. ) ;
#2521 = CIRCLE ( 'NONE', #4052, 14.00026375888591268 ) ;
#2522 = ORIENTED_EDGE ( 'NONE', *, *, #4158, .T. ) ;
#2523 = CARTESIAN_POINT ( 'NONE',  ( 137.8171133454100072, -127.3249999999999886, 92.80999999999889383 ) ) ;
#2524 = ORIENTED_EDGE ( 'NONE', *, *, #4690, .F. ) ;
#2525 = ADVANCED_FACE ( 'NONE', ( #3594 ), #778, .F. ) ;
#2526 = VERTEX_POINT ( 'NONE', #592 ) ;
#2527 = VECTOR ( 'NONE', #467, 1000.000000000000000 ) ;
#2528 = EDGE_CURVE ( 'NONE', #3180, #2364, #2911, .T. ) ;
#2529 = VECTOR ( 'NONE', #1982, 1000.000000000000000 ) ;
#2530 = DIRECTION ( 'NONE',  ( -1.000000000000000000, 0.000000000000000000, -1.093156066491360037E-14 ) ) ;
#2531 = VECTOR ( 'NONE', #1502, 1000.000000000000000 ) ;
#2532 = CARTESIAN_POINT ( 'NONE',  ( 149.4300000000079933, -133.5000000000000000, 96.38500000000000512 ) ) ;
#2533 = DIRECTION ( 'NONE',  ( -1.000000000000000000, -1.009293658750142123E-14, 2.371361253508395090E-15 ) ) ;
#2534 = DIRECTION ( 'NONE',  ( -0.7071067811865465735, 2.292099707856078761E-15, 0.7071067811865485719 ) ) ;
#2535 = CARTESIAN_POINT ( 'NONE',  ( 127.6533783421490114, -130.8094256212499999, 110.3643259181420007 ) ) ;
#2536 = DIRECTION ( 'NONE',  ( 0.000000000000000000, 5.006432955109510304E-15, 1.000000000000000000 ) ) ;
#2537 = EDGE_CURVE ( 'NONE', #2004, #1216, #3980, .T. ) ;
#2538 = PLANE ( 'NONE',  #208 ) ;
#2539 = LINE ( 'NONE', #2624, #1792 ) ;
#2540 = CYLINDRICAL_SURFACE ( 'NONE', #1492, 1.700000000000007061 ) ;
#2541 = CARTESIAN_POINT ( 'NONE',  ( 129.9297124076250327, -119.6623320437360007, 105.0811190093599947 ) ) ;
#2542 = EDGE_CURVE ( 'NONE', #3346, #1244, #2287, .T. ) ;
#2543 = VERTEX_POINT ( 'NONE', #3106 ) ;
#2544 = EDGE_CURVE ( 'NONE', #2469, #3030, #55, .T. ) ;
#2545 = VERTEX_POINT ( 'NONE', #2745 ) ;
#2546 = CARTESIAN_POINT ( 'NONE',  ( 133.1478739639769913, -127.8217542309569836, 109.7643247870279879 ) ) ;
#2547 = VERTEX_POINT ( 'NONE', #4458 ) ;
#2548 = VECTOR ( 'NONE', #320, 1000.000000000000000 ) ;
#2549 = ORIENTED_EDGE ( 'NONE', *, *, #489, .T. ) ;
#2550 = VECTOR ( 'NONE', #3305, 1000.000000000000000 ) ;
#2551 = VECTOR ( 'NONE', #4493, 1000.000000000000000 ) ;
#2552 = FACE_BOUND ( 'NONE', #1112, .T. ) ;
#2553 = PRODUCT_DEFINITION ( 'UNKNOWN', '', #2805, #155 ) ;
#2554 = ORIENTED_EDGE ( 'NONE', *, *, #3234, .F. ) ;
#2555 =( NAMED_UNIT ( * ) SI_UNIT ( $, .STERADIAN. ) SOLID_ANGLE_UNIT ( ) );
#2556 = EDGE_LOOP ( 'NONE', ( #1142, #3262, #3766, #1123 ) ) ;
#2557 = CONICAL_SURFACE ( 'NONE', #2834, 1.908500000000007413, 0.7853981633976342414 ) ;
#2558 = AXIS2_PLACEMENT_3D ( 'NONE', #830, #5169, #4721 ) ;
#2559 = CARTESIAN_POINT ( 'NONE',  ( 169.4448783421489964, -130.8094256212499999, 103.1643259181420120 ) ) ;
#2560 = EDGE_CURVE ( 'NONE', #4530, #1468, #2098, .T. ) ;
#2561 = DIRECTION ( 'NONE',  ( 0.5773502691894337735, 0.5773502691895368022, -0.5773502691899067285 ) ) ;
#2562 = DIRECTION ( 'NONE',  ( 1.569712496704820284E-14, -1.000000000000000000, -4.718447854659639825E-16 ) ) ;
#2563 = DIRECTION ( 'NONE',  ( -0.7071067811865475727, -0.7071067811865475727, 3.039220737487767899E-15 ) ) ;
#2564 = DIRECTION ( 'NONE',  ( 1.000000000000000000, 9.880984919894801237E-15, 0.000000000000000000 ) ) ;
#2565 = EDGE_CURVE ( 'NONE', #1285, #3315, #3139, .T. ) ;
#2566 = DIRECTION ( 'NONE',  ( 1.000000000000000000, 0.000000000000000000, -7.382857716946760450E-16 ) ) ;
#2567 = DIRECTION ( 'NONE',  ( -5.998524489388490287E-15, -0.7071067811866890152, 0.7071067811864060193 ) ) ;
#2568 = DIRECTION ( 'NONE',  ( -0.9999811604344926996, -5.947511295566676698E-15, 0.006138304007261701466 ) ) ;
#2569 = LINE ( 'NONE', #889, #5427 ) ;
#2570 = AXIS2_PLACEMENT_3D ( 'NONE', #4215, #5485, #1615 ) ;
#2571 = EDGE_CURVE ( 'NONE', #3983, #539, #1014, .T. ) ;
#2572 = ORIENTED_EDGE ( 'NONE', *, *, #6, .T. ) ;
#2573 = EDGE_CURVE ( 'NONE', #4741, #2223, #3525, .T. ) ;
#2574 = ORIENTED_EDGE ( 'NONE', *, *, #3714, .F. ) ;
#2575 = EDGE_CURVE ( 'NONE', #2439, #1919, #2685, .T. ) ;
#2576 = DIRECTION ( 'NONE',  ( 1.000000000000000000, 2.009843822508529990E-15, -2.748129594203410252E-15 ) ) ;
#2577 = VERTEX_POINT ( 'NONE', #4013 ) ;
#2578 = FACE_OUTER_BOUND ( 'NONE', #1106, .T. ) ;
#2579 = EDGE_LOOP ( 'NONE', ( #94, #3450, #3002, #3481 ) ) ;
#2580 = CARTESIAN_POINT ( 'NONE',  ( 162.0171133453979735, -132.8249999999999886, 92.80999999999689010 ) ) ;
#2581 = ORIENTED_EDGE ( 'NONE', *, *, #1713, .T. ) ;
#2582 = ORIENTED_EDGE ( 'NONE', *, *, #5214, .T. ) ;
#2583 = VECTOR ( 'NONE', #3123, 1000.000000000000000 ) ;
#2584 = CARTESIAN_POINT ( 'NONE',  ( 163.0171133453999914, -134.6830298475569805, 92.77466295906930327 ) ) ;
#2585 = AXIS2_PLACEMENT_3D ( 'NONE', #2984, #858, #415 ) ;
#2586 = LINE ( 'NONE', #4746, #4975 ) ;
#2587 = DIRECTION ( 'NONE',  ( 6.416171825370366133E-10, 0.7071067813717906159, -0.7071067810013045296 ) ) ;
#2588 = DIRECTION ( 'NONE',  ( -3.163781835967840322E-14, 0.7071067811866890152, -0.7071067811864060193 ) ) ;
#2589 = DIRECTION ( 'NONE',  ( -2.418031965417769858E-14, 7.223637016929579844E-14, 1.000000000000000000 ) ) ;
#2590 = VECTOR ( 'NONE', #5351, 1000.000000000000114 ) ;
#2591 = CARTESIAN_POINT ( 'NONE',  ( 163.0171133453979735, -136.5250000000000057, 89.88500000000000512 ) ) ;
#2592 = CARTESIAN_POINT ( 'NONE',  ( 143.9500000000079751, -132.5999999999999943, 92.80999999999869488 ) ) ;
#2593 = EDGE_LOOP ( 'NONE', ( #2473, #3538, #2520, #4370 ) ) ;
#2594 = CARTESIAN_POINT ( 'NONE',  ( 163.0171133453979735, -131.8249999999999886, 89.88500000000000512 ) ) ;
#2595 = LINE ( 'NONE', #1237, #4503 ) ;
#2596 = FACE_OUTER_BOUND ( 'NONE', #152, .T. ) ;
#2597 = EDGE_LOOP ( 'NONE', ( #2930, #3348, #738, #215, #1760 ) ) ;
#2598 = AXIS2_PLACEMENT_3D ( 'NONE', #808, #789, #1619 ) ;
#2599 = CARTESIAN_POINT ( 'NONE',  ( 174.2171133453890093, -119.4624950404660098, 102.7643259181419921 ) ) ;
#2600 = CARTESIAN_POINT ( 'NONE',  ( 129.7216946132469673, -119.8621712665460137, 107.2644405637399956 ) ) ;
#2601 = ORIENTED_EDGE ( 'NONE', *, *, #769, .T. ) ;
#2602 = CARTESIAN_POINT ( 'NONE',  ( 129.7216736896594682, -119.8623856366153291, 107.2642261936699413 ) ) ;
#2603 = AXIS2_PLACEMENT_3D ( 'NONE', #1304, #3010, #4723 ) ;
#2604 = VERTEX_POINT ( 'NONE', #3467 ) ;
#2605 = CARTESIAN_POINT ( 'NONE',  ( 169.4448783421489964, -130.8094256212499999, 105.2643259181419921 ) ) ;
#2606 = ORIENTED_EDGE ( 'NONE', *, *, #4460, .T. ) ;
#2607 = DIRECTION ( 'NONE',  ( 1.000000000000000000, 0.000000000000000000, 0.000000000000000000 ) ) ;
#2608 = VECTOR ( 'NONE', #5152, 1000.000000000000114 ) ;
#2609 = VERTEX_POINT ( 'NONE', #5176 ) ;
#2610 = ORIENTED_EDGE ( 'NONE', *, *, #4381, .F. ) ;
#2611 = CARTESIAN_POINT ( 'NONE',  ( 162.0171133453979735, -130.7500000000000000, 92.52249999999840213 ) ) ;
#2612 = ADVANCED_FACE ( 'NONE', ( #1337 ), #3042, .F. ) ;
#2613 = ORIENTED_EDGE ( 'NONE', *, *, #5282, .F. ) ;
#2614 = VECTOR ( 'NONE', #4032, 1000.000000000000000 ) ;
#2615 = DIRECTION ( 'NONE',  ( 1.000000000000000000, 1.567265136830130018E-14, -2.887067357318670574E-14 ) ) ;
#2616 = CARTESIAN_POINT ( 'NONE',  ( 175.2171132998470000, -119.4624950404660098, 101.7500000000189857 ) ) ;
#2617 = CARTESIAN_POINT ( 'NONE',  ( 174.2171132998489895, -119.4624950404660098, 102.7500000000189857 ) ) ;
#2618 = DIRECTION ( 'NONE',  ( 5.220468756190472982E-16, 0.7071067811865350272, 0.7071067811865600072 ) ) ;
#2619 = AXIS2_PLACEMENT_3D ( 'NONE', #5503, #1658, #1221 ) ;
#2620 = CARTESIAN_POINT ( 'NONE',  ( 163.0171133453979735, -129.6529310438289997, 92.48869476322960281 ) ) ;
#2621 = DIRECTION ( 'NONE',  ( -0.7588100649192802694, -2.701770278513001009E-16, 0.6513119723889602142 ) ) ;
#2622 = DIRECTION ( 'NONE',  ( 2.846725704167057308E-14, 0.000000000000000000, -1.000000000000000000 ) ) ;
#2623 = ORIENTED_EDGE ( 'NONE', *, *, #4878, .F. ) ;
#2624 = CARTESIAN_POINT ( 'NONE',  ( 124.2363783421490098, -130.8094256212499999, 102.7643259181419921 ) ) ;
#2625 = CARTESIAN_POINT ( 'NONE',  ( 134.1928177498296009, -139.0361398117436238, 109.0572180058413920 ) ) ;
#2626 = CARTESIAN_POINT ( 'NONE',  ( 133.9671133340079905, -140.4624928209230177, 100.7500000000260059 ) ) ;
#2627 = EDGE_CURVE ( 'NONE', #2053, #3997, #1983, .T. ) ;
#2628 = ORIENTED_EDGE ( 'NONE', *, *, #3134, .F. ) ;
#2629 = DIRECTION ( 'NONE',  ( 1.000000000000000000, 0.000000000000000000, 0.000000000000000000 ) ) ;
#2630 = LINE ( 'NONE', #509, #827 ) ;
#2631 = ORIENTED_EDGE ( 'NONE', *, *, #142, .T. ) ;
#2632 = ADVANCED_FACE ( 'NONE', ( #4092 ), #2797, .T. ) ;
#2633 = CARTESIAN_POINT ( 'NONE',  ( 132.4171133453999971, -134.6744623790489754, 96.06432591814069610 ) ) ;
#2634 = ORIENTED_EDGE ( 'NONE', *, *, #460, .T. ) ;
#2635 = CARTESIAN_POINT ( 'NONE',  ( 143.9500000000079751, -120.4624928209260020, 89.48499999999999943 ) ) ;
#2636 = AXIS2_PLACEMENT_3D ( 'NONE', #2546, #3368, #3018 ) ;
#2637 = ORIENTED_EDGE ( 'NONE', *, *, #480, .F. ) ;
#2638 = ORIENTED_EDGE ( 'NONE', *, *, #5454, .F. ) ;
#2639 = ORIENTED_EDGE ( 'NONE', *, *, #1477, .T. ) ;
#2640 = CARTESIAN_POINT ( 'NONE',  ( 122.1508943902850035, -120.2420793842459972, 110.7643259181420063 ) ) ;
#2641 = EDGE_CURVE ( 'NONE', #708, #1785, #4439, .T. ) ;
#2642 = ORIENTED_EDGE ( 'NONE', *, *, #2544, .F. ) ;
#2643 = DIRECTION ( 'NONE',  ( -0.9999999999949470419, -6.501287796029240216E-15, 3.178990140719190468E-06 ) ) ;
#2645 = DIRECTION ( 'NONE',  ( -1.000000000000000000, 0.000000000000000000, 5.916456789157589942E-30 ) ) ;
#2644 = CONICAL_SURFACE ( 'NONE', #779, 2.549999999999996714, 0.7853981633974490562 ) ;
#2646 = ADVANCED_FACE ( 'NONE', ( #1154 ), #2880, .T. ) ;
#2647 = DIRECTION ( 'NONE',  ( -1.000000000000000000, 0.000000000000000000, 6.867912022876659601E-13 ) ) ;
#2648 = DIRECTION ( 'NONE',  ( 0.5488750411662580708, -0.5910736794954880580, 0.5910736794955461226 ) ) ;
#2649 = AXIS2_PLACEMENT_3D ( 'NONE', #4004, #3063, #102 ) ;
#2650 = CARTESIAN_POINT ( 'NONE',  ( 125.9448783421490106, -130.8094256212499999, 107.7643259181420063 ) ) ;
#2651 = DIRECTION ( 'NONE',  ( -1.000000000000000000, -9.880984919894741284E-15, -2.081254558480789989E-14 ) ) ;
#2652 = CARTESIAN_POINT ( 'NONE',  ( 160.7609296305830071, -135.5250000000000057, 92.80999999999720274 ) ) ;
#2653 = ORIENTED_EDGE ( 'NONE', *, *, #2409, .T. ) ;
#2654 = DIRECTION ( 'NONE',  ( 1.000000000000000000, 2.009843822508470037E-15, -2.330637149875950107E-14 ) ) ;
#2655 = CIRCLE ( 'NONE', #425, 3.500000000000003109 ) ;
#2656 = CARTESIAN_POINT ( 'NONE',  ( 159.8171133454000028, -119.4624928209239982, 99.46432591814070179 ) ) ;
#2657 = DIRECTION ( 'NONE',  ( -1.000000000000000000, -8.742289393079860116E-15, 2.371361253508389962E-15 ) ) ;
#2658 = VECTOR ( 'NONE', #3562, 1000.000000000000000 ) ;
#2659 = ORIENTED_EDGE ( 'NONE', *, *, #2821, .F. ) ;
#2660 = CARTESIAN_POINT ( 'NONE',  ( 163.0171133453989682, -124.5750000000000028, 92.80999999999680483 ) ) ;
#2661 =( BOUNDED_CURVE ( )  B_SPLINE_CURVE ( 3, ( #2165, #1362, #1774, #3976 ),
 .UNSPECIFIED., .F., .F. ) 
 B_SPLINE_CURVE_WITH_KNOTS ( ( 4, 4 ),
 ( 1.038919079701046133, 1.071758122566565996 ),
 .UNSPECIFIED. ) 
 CURVE ( )  GEOMETRIC_REPRESENTATION_ITEM ( )  RATIONAL_B_SPLINE_CURVE ( ( 1.000000000000000000, 0.9999101351243030456, 0.9999101351243030456, 1.000000000000000000 ) ) 
 REPRESENTATION_ITEM ( '' )  );
#2662 = DIRECTION ( 'NONE',  ( 3.673940376433440166E-16, 1.973846303234049855E-15, 1.000000000000000000 ) ) ;
#2663 = EDGE_LOOP ( 'NONE', ( #3402, #5215, #3077, #4065 ) ) ;
#2664 = CARTESIAN_POINT ( 'NONE',  ( 163.0171133454049937, -119.4624928209269967, 89.48499999999999943 ) ) ;
#2665 = ADVANCED_FACE ( 'NONE', ( #2013 ), #3703, .F. ) ;
#2666 = ADVANCED_FACE ( 'NONE', ( #701 ), #1096, .T. ) ;
#2667 = ORIENTED_EDGE ( 'NONE', *, *, #1935, .F. ) ;
#2668 = AXIS2_PLACEMENT_3D ( 'NONE', #5092, #1227, #801 ) ;
#2669 = LINE ( 'NONE', #3478, #3067 ) ;
#2670 = ORIENTED_EDGE ( 'NONE', *, *, #3579, .T. ) ;
#2671 = ORIENTED_EDGE ( 'NONE', *, *, #834, .F. ) ;
#2672 = ORIENTED_EDGE ( 'NONE', *, *, #4279, .F. ) ;
#2673 = DIRECTION ( 'NONE',  ( -0.5927832416538730831, 0.5694769654755040822, -0.5694769654754591182 ) ) ;
#2674 = ORIENTED_EDGE ( 'NONE', *, *, #5435, .F. ) ;
#2675 = DIRECTION ( 'NONE',  ( -1.000000000000000000, -2.009843822508529990E-15, 2.748129594203400391E-15 ) ) ;
#2676 = DIRECTION ( 'NONE',  ( 0.000000000000000000, 1.926745932492380336E-15, 1.000000000000000000 ) ) ;
#2677 = CARTESIAN_POINT ( 'NONE',  ( 163.0171133453999914, -140.5624928209250015, 89.48499999999999943 ) ) ;
#2678 = ORIENTED_EDGE ( 'NONE', *, *, #2894, .F. ) ;
#2679 = CARTESIAN_POINT ( 'NONE',  ( 122.2707201235157441, -119.4624928209259593, 109.2472608036296151 ) ) ;
#2680 = ADVANCED_FACE ( 'NONE', ( #1598 ), #3679, .T. ) ;
#2681 = DIRECTION ( 'NONE',  ( -1.000000000000000000, -8.760971744054669845E-15, -5.560769522135830567E-16 ) ) ;
#2682 = DIRECTION ( 'NONE',  ( -1.000000000000000000, 0.000000000000000000, -1.539220716937389985E-14 ) ) ;
#2683 = DIRECTION ( 'NONE',  ( 1.000000000000000000, 2.009843822508529990E-15, -2.748129594203410252E-15 ) ) ;
#2684 = CARTESIAN_POINT ( 'NONE',  ( 151.4497566842990182, -133.5000000000000000, 95.43499999999849592 ) ) ;
#2685 = LINE ( 'NONE', #52, #600 ) ;
#2686 = DIRECTION ( 'NONE',  ( 0.7071067811865490160, -0.7071067811865461294, -1.968367378222148825E-14 ) ) ;
#2687 = VECTOR ( 'NONE', #1800, 1000.000000000000000 ) ;
#2688 = ORIENTED_EDGE ( 'NONE', *, *, #2808, .T. ) ;
#2689 = CARTESIAN_POINT ( 'NONE',  ( 137.8171133454100072, -128.8999999999999773, 92.80999999999889383 ) ) ;
#2690 = PLANE ( 'NONE',  #1630 ) ;
#2691 = ORIENTED_EDGE ( 'NONE', *, *, #4625, .F. ) ;
#2692 = DIRECTION ( 'NONE',  ( -3.182390017284969952E-15, -0.7071067811865291430, 0.7071067811865660024 ) ) ;
#2693 = EDGE_LOOP ( 'NONE', ( #2158, #764, #3291, #4378, #447, #638 ) ) ;
#2694 = DIRECTION ( 'NONE',  ( -5.732307797903110543E-15, 1.000000000000000000, -1.803372339420680202E-15 ) ) ;
#2695 = VERTEX_POINT ( 'NONE', #5380 ) ;
#2696 = VERTEX_POINT ( 'NONE', #1070 ) ;
#2697 = AXIS2_PLACEMENT_3D ( 'NONE', #3413, #3466, #3041 ) ;
#2698 = EDGE_LOOP ( 'NONE', ( #3479, #3439, #5056, #1197 ) ) ;
#2699 = LINE ( 'NONE', #4000, #2856 ) ;
#2700 = VECTOR ( 'NONE', #1456, 1000.000000000000000 ) ;
#2701 = ORIENTED_EDGE ( 'NONE', *, *, #2398, .T. ) ;
#2702 = CARTESIAN_POINT ( 'NONE',  ( 151.4497566842990182, -124.7500000000020037, 92.93500000000000227 ) ) ;
#2703 = LINE ( 'NONE', #5197, #2383 ) ;
#2704 = EDGE_CURVE ( 'NONE', #5335, #1406, #3539, .T. ) ;
#2705 = DIRECTION ( 'NONE',  ( -0.5773502691914300655, 0.5773502691914281781, -0.5773502691860191716 ) ) ;
#2706 = EDGE_LOOP ( 'NONE', ( #2896, #3592, #1077, #3926, #1028, #5363, #1199, #4364 ) ) ;
#2707 = DIRECTION ( 'NONE',  ( 0.8697966647332247003, -0.4934103383786747621, 4.458510442355297927E-15 ) ) ;
#2708 = CARTESIAN_POINT ( 'NONE',  ( 135.2051437872769952, -137.4624928209260020, 89.48499999999999943 ) ) ;
#2709 = PLANE ( 'NONE',  #474 ) ;
#2710 = CARTESIAN_POINT ( 'NONE',  ( 167.5539672574620056, -119.6619454376629932, 105.0811190093599947 ) ) ;
#2711 = ORIENTED_EDGE ( 'NONE', *, *, #4466, .T. ) ;
#2712 = EDGE_CURVE ( 'NONE', #2360, #2202, #333, .T. ) ;
#2713 = PLANE ( 'NONE',  #2791 ) ;
#2714 = CARTESIAN_POINT ( 'NONE',  ( 163.0171133453989682, -119.4624928209260020, 102.7643259181419921 ) ) ;
#2715 = CARTESIAN_POINT ( 'NONE',  ( 121.2170679492050027, -119.4624950404660098, 100.7500000000262048 ) ) ;
#2716 = EDGE_CURVE ( 'NONE', #2384, #744, #2852, .T. ) ;
#2717 = VECTOR ( 'NONE', #2221, 1000.000000000000000 ) ;
#2718 = VERTEX_POINT ( 'NONE', #757 ) ;
#2719 = AXIS2_PLACEMENT_3D ( 'NONE', #4931, #2431, #4066 ) ;
#2720 = CARTESIAN_POINT ( 'NONE',  ( 167.3687542002409998, -119.8613980543999986, 107.2652137758860107 ) ) ;
#2721 = FACE_OUTER_BOUND ( 'NONE', #2330, .T. ) ;
#2722 = ORIENTED_EDGE ( 'NONE', *, *, #1284, .F. ) ;
#2723 = CARTESIAN_POINT ( 'NONE',  ( 171.7948783421490191, -130.8094256212499999, 103.1643259181420120 ) ) ;
#2724 = EDGE_CURVE ( 'NONE', #1919, #4356, #3730, .T. ) ;
#2725 = EDGE_CURVE ( 'NONE', #5344, #3120, #2465, .T. ) ;
#2726 = EDGE_CURVE ( 'NONE', #1285, #5279, #504, .T. ) ;
#2727 = ORIENTED_EDGE ( 'NONE', *, *, #1296, .T. ) ;
#2728 = ORIENTED_EDGE ( 'NONE', *, *, #1703, .F. ) ;
#2729 = EDGE_LOOP ( 'NONE', ( #2806, #2046, #3022, #4412 ) ) ;
#2730 = ORIENTED_EDGE ( 'NONE', *, *, #1298, .T. ) ;
#2731 = CARTESIAN_POINT ( 'NONE',  ( 141.8692734138259937, -140.4624928209260020, 110.3643259181420007 ) ) ;
#2732 = VERTEX_POINT ( 'NONE', #2769 ) ;
#2733 = DIRECTION ( 'NONE',  ( 0.3722874977002461061, 0.6562781495128763298, 0.6562781495128752196 ) ) ;
#2734 = PLANE ( 'NONE',  #4093 ) ;
#2735 = DIRECTION ( 'NONE',  ( -1.181088324069445570E-14, 1.000000000000000000, -1.003925075459028774E-13 ) ) ;
#2736 = VERTEX_POINT ( 'NONE', #2406 ) ;
#2737 = CARTESIAN_POINT ( 'NONE',  ( 138.7086133453910008, -120.4624928209249930, 100.9728259181419929 ) ) ;
#2738 = DIRECTION ( 'NONE',  ( 6.510422698133861274E-15, -1.926745932492340105E-15, -1.000000000000000000 ) ) ;
#2739 = EDGE_CURVE ( 'NONE', #99, #5296, #3088, .T. ) ;
#2740 = AXIS2_PLACEMENT_3D ( 'NONE', #3197, #3648, #1906 ) ;
#2741 = DIRECTION ( 'NONE',  ( 1.000000000000000000, -2.193949859403644913E-28, -2.371361224626694964E-15 ) ) ;
#2742 = LINE ( 'NONE', #1481, #4038 ) ;
#2743 = VERTEX_POINT ( 'NONE', #232 ) ;
#2744 = DIRECTION ( 'NONE',  ( 0.6927882173194008786, 0.7211410998850409371, -5.098984991925321305E-15 ) ) ;
#2745 = CARTESIAN_POINT ( 'NONE',  ( 158.1497566842990068, -135.5250000000000057, 90.88499999999999091 ) ) ;
#2746 = DIRECTION ( 'NONE',  ( 3.965082230804110893E-15, 4.430635266668075387E-15, 1.000000000000000000 ) ) ;
#2747 = AXIS2_PLACEMENT_3D ( 'NONE', #4068, #3526, #233 ) ;
#2748 = EDGE_CURVE ( 'NONE', #3053, #2004, #4573, .T. ) ;
#2749 = VECTOR ( 'NONE', #2561, 1000.000000000000000 ) ;
#2750 = DIRECTION ( 'NONE',  ( -0.7071067811866790231, 2.292099707855170388E-15, 0.7071067811864160113 ) ) ;
#2751 = PLANE ( 'NONE',  #3960 ) ;
#2752 = PLANE ( 'NONE',  #1301 ) ;
#2753 = EDGE_CURVE ( 'NONE', #3510, #127, #2909, .T. ) ;
#2754 = ORIENTED_EDGE ( 'NONE', *, *, #427, .F. ) ;
#2755 = ORIENTED_EDGE ( 'NONE', *, *, #3544, .F. ) ;
#2756 = ORIENTED_EDGE ( 'NONE', *, *, #5214, .F. ) ;
#2757 = EDGE_LOOP ( 'NONE', ( #4112, #3506, #1146, #159 ) ) ;
#2758 = CARTESIAN_POINT ( 'NONE',  ( 156.5497566843020252, -124.5750000000000028, 89.48499999999999943 ) ) ;
#2759 = ORIENTED_EDGE ( 'NONE', *, *, #3533, .T. ) ;
#2760 = DIRECTION ( 'NONE',  ( 1.000000000000000000, 0.000000000000000000, 0.000000000000000000 ) ) ;
#2761 = DIRECTION ( 'NONE',  ( 1.000000000000000000, 0.000000000000000000, 0.000000000000000000 ) ) ;
#2762 = CARTESIAN_POINT ( 'NONE',  ( 122.7547861250079961, -119.8621712665460137, 107.2644405637399956 ) ) ;
#2763 = VERTEX_POINT ( 'NONE', #805 ) ;
#2764 = LINE ( 'NONE', #2342, #206 ) ;
#2765 = PLANE ( 'NONE',  #1716 ) ;
#2766 = CARTESIAN_POINT ( 'NONE',  ( 147.7171133453909988, -120.4624928209249930, 96.56857591814200248 ) ) ;
#2767 = EDGE_LOOP ( 'NONE', ( #2917, #2385, #584, #4769 ) ) ;
#2768 = CARTESIAN_POINT ( 'NONE',  ( 137.6171133454100186, -125.5499999999999972, 92.80999999999889383 ) ) ;
#2769 = CARTESIAN_POINT ( 'NONE',  ( 134.3042248701370056, -140.4624928209260020, 110.3643259181420007 ) ) ;
#2770 = DIRECTION ( 'NONE',  ( 2.846725704167057308E-14, 0.000000000000000000, -1.000000000000000000 ) ) ;
#2771 = VECTOR ( 'NONE', #2673, 1000.000000000000000 ) ;
#2772 = CYLINDRICAL_SURFACE ( 'NONE', #2333, 3.000000000000002665 ) ;
#2773 = FACE_OUTER_BOUND ( 'NONE', #276, .T. ) ;
#2774 = VECTOR ( 'NONE', #4026, 1000.000000000000000 ) ;
#2775 = LINE ( 'NONE', #1878, #601 ) ;
#2776 = VECTOR ( 'NONE', #2011, 1000.000000000000000 ) ;
#2777 = ORIENTED_EDGE ( 'NONE', *, *, #595, .T. ) ;
#2778 = EDGE_LOOP ( 'NONE', ( #4448, #4523, #147, #4508 ) ) ;
#2779 = ORIENTED_EDGE ( 'NONE', *, *, #4464, .T. ) ;
#2780 = ADVANCED_FACE ( 'NONE', ( #3410 ), #3780, .F. ) ;
#2781 = ORIENTED_EDGE ( 'NONE', *, *, #4221, .F. ) ;
#2782 = CARTESIAN_POINT ( 'NONE',  ( 129.3159429339690121, -119.4624928209260020, 106.6393253577810043 ) ) ;
#2783 = EDGE_LOOP ( 'NONE', ( #242, #3115, #2904, #4715 ) ) ;
#2785 = LINE ( 'NONE', #4054, #4264 ) ;
#2784 = AXIS2_PLACEMENT_3D ( 'NONE', #3306, #2828, #2407 ) ;
#2786 = DIRECTION ( 'NONE',  ( 2.846725704167057308E-14, 0.000000000000000000, -1.000000000000000000 ) ) ;
#2787 = DIRECTION ( 'NONE',  ( -1.000000000000000000, 0.000000000000000000, -1.539220716937389985E-14 ) ) ;
#2788 = ORIENTED_EDGE ( 'NONE', *, *, #1510, .T. ) ;
#2789 = FACE_BOUND ( 'NONE', #546, .T. ) ;
#2790 = EDGE_CURVE ( 'NONE', #3711, #2101, #5196, .T. ) ;
#2791 = AXIS2_PLACEMENT_3D ( 'NONE', #3524, #2744, #3593 ) ;
#2792 = CARTESIAN_POINT ( 'NONE',  ( 163.0171133453989682, -136.9249999999999829, 92.80999999999680483 ) ) ;
#2793 = CARTESIAN_POINT ( 'NONE',  ( 135.6171133454050164, -119.4624928209269967, 96.06432591814059663 ) ) ;
#2794 = CARTESIAN_POINT ( 'NONE',  ( 160.7609296305830071, -135.5250000000000057, 92.80999999999720274 ) ) ;
#2795 = EDGE_LOOP ( 'NONE', ( #1807, #1378, #2231, #2968, #1383, #3148 ) ) ;
#2796 = CARTESIAN_POINT ( 'NONE',  ( 156.5497566843020252, -124.5750000000000028, 91.68993233009069854 ) ) ;
#2797 = PLANE ( 'NONE',  #2829 ) ;
#2798 = CARTESIAN_POINT ( 'NONE',  ( 156.5497566843009736, -127.3249999999999886, 92.80999999999698957 ) ) ;
#2799 = AXIS2_PLACEMENT_3D ( 'NONE', #4305, #4701, #2066 ) ;
#2800 = DIRECTION ( 'NONE',  ( 0.8583333333331818471, 0.5130924759623248788, 2.473004359560681544E-15 ) ) ;
#2801 = DIRECTION ( 'NONE',  ( 9.378244137164250901E-15, -1.000000000000000000, -2.810542139866910211E-15 ) ) ;
#2802 = CARTESIAN_POINT ( 'NONE',  ( 132.4171133454029814, -134.6744623790540061, 89.48499999999999943 ) ) ;
#2803 = ADVANCED_FACE ( 'NONE', ( #365 ), #1256, .T. ) ;
#2804 = DIRECTION ( 'NONE',  ( -1.000000000000000000, 0.000000000000000000, 2.371361224627550089E-15 ) ) ;
#2805 = PRODUCT_DEFINITION_FORMATION_WITH_SPECIFIED_SOURCE ( 'ANY', '', #771, .NOT_KNOWN. ) ;
#2806 = ORIENTED_EDGE ( 'NONE', *, *, #2988, .T. ) ;
#2807 = AXIS2_PLACEMENT_3D ( 'NONE', #3663, #4947, #1111 ) ;
#2808 = EDGE_CURVE ( 'NONE', #3961, #2469, #785, .T. ) ;
#2809 = VERTEX_POINT ( 'NONE', #1617 ) ;
#2810 = ORIENTED_EDGE ( 'NONE', *, *, #418, .T. ) ;
#2811 = VERTEX_POINT ( 'NONE', #1720 ) ;
#2812 = CARTESIAN_POINT ( 'NONE',  ( 160.7751431929569890, -136.9249999999999829, 92.80999999999670536 ) ) ;
#2813 = ORIENTED_EDGE ( 'NONE', *, *, #1415, .F. ) ;
#2814 = ORIENTED_EDGE ( 'NONE', *, *, #2704, .T. ) ;
#2815 = DIRECTION ( 'NONE',  ( -1.000000000000000000, -3.965082230804126670E-15, 3.965082230804126670E-15 ) ) ;
#2816 = CARTESIAN_POINT ( 'NONE',  ( 175.2171132998479948, -119.4624928214270057, 100.7500000000189999 ) ) ;
#2817 = ORIENTED_EDGE ( 'NONE', *, *, #460, .F. ) ;
#2818 = LINE ( 'NONE', #3246, #5472 ) ;
#2819 = EDGE_CURVE ( 'NONE', #4074, #4886, #23, .T. ) ;
#2820 = EDGE_CURVE ( 'NONE', #1555, #5344, #5070, .T. ) ;
#2821 = EDGE_CURVE ( 'NONE', #3866, #3092, #2957, .T. ) ;
#2822 = CARTESIAN_POINT ( 'NONE',  ( 151.4497566842990182, -124.3500000000019980, 93.59749282092319334 ) ) ;
#2823 = CARTESIAN_POINT ( 'NONE',  ( 135.1768364872739880, -140.4624928209240124, 103.7997837525840055 ) ) ;
#2824 = ORIENTED_EDGE ( 'NONE', *, *, #1968, .T. ) ;
#2825 = CARTESIAN_POINT ( 'NONE',  ( 156.5497566843010304, -127.3249999999999886, 90.85999999999698673 ) ) ;
#2826 = AXIS2_PLACEMENT_3D ( 'NONE', #879, #1798, #4357 ) ;
#2827 = DIRECTION ( 'NONE',  ( 1.000000000000000000, 1.569712496704820284E-14, 2.418031965417649952E-14 ) ) ;
#2828 = DIRECTION ( 'NONE',  ( 1.000000000000000000, -7.120326166349700838E-29, 1.539220716937389985E-14 ) ) ;
#2829 = AXIS2_PLACEMENT_3D ( 'NONE', #261, #4994, #4961 ) ;
#2830 = AXIS2_PLACEMENT_3D ( 'NONE', #4278, #5153, #4337 ) ;
#2831 = DIRECTION ( 'NONE',  ( 1.161387379058480313E-15, -0.7071067811832350003, -0.7071067811898601452 ) ) ;
#2832 = DIRECTION ( 'NONE',  ( 0.000000000000000000, 4.718447854658700095E-16, -1.000000000000000000 ) ) ;
#2833 = DIRECTION ( 'NONE',  ( 1.000000000000000000, 9.880984919894741284E-15, 2.081254558480789989E-14 ) ) ;
#2834 = AXIS2_PLACEMENT_3D ( 'NONE', #1599, #2063, #2039 ) ;
#2835 = ORIENTED_EDGE ( 'NONE', *, *, #3725, .T. ) ;
#2836 = VERTEX_POINT ( 'NONE', #2535 ) ;
#2837 = VERTEX_POINT ( 'NONE', #3757 ) ;
#2838 = VECTOR ( 'NONE', #4109, 1000.000000000000000 ) ;
#2839 = VERTEX_POINT ( 'NONE', #5489 ) ;
#2840 = CARTESIAN_POINT ( 'NONE',  ( 147.7171133064389892, -119.4624928209260020, 108.7643247870279879 ) ) ;
#2841 = VERTEX_POINT ( 'NONE', #5458 ) ;
#2842 = ORIENTED_EDGE ( 'NONE', *, *, #1926, .F. ) ;
#2843 = DIRECTION ( 'NONE',  ( -1.000000000000000000, -1.569712496704820284E-14, -2.418031965417649952E-14 ) ) ;
#2845 = VECTOR ( 'NONE', #2252, 1000.000000000000000 ) ;
#2844 = DIRECTION ( 'NONE',  ( 1.000000000000000000, 1.569712496704820600E-14, 2.418031965417650583E-14 ) ) ;
#2846 = DIRECTION ( 'NONE',  ( -1.000000000000000000, -8.946782286856180428E-15, 2.371361253508400217E-15 ) ) ;
#2847 = ORIENTED_EDGE ( 'NONE', *, *, #5374, .T. ) ;
#2848 = DIRECTION ( 'NONE',  ( 1.000000000000000000, 0.000000000000000000, 0.000000000000000000 ) ) ;
#2849 = LINE ( 'NONE', #3271, #3869 ) ;
#2850 = CARTESIAN_POINT ( 'NONE',  ( 127.6533783421490114, -130.8094256212499999, 107.7643259181420063 ) ) ;
#2851 = FACE_OUTER_BOUND ( 'NONE', #1708, .T. ) ;
#2852 = LINE ( 'NONE', #4515, #855 ) ;
#2853 = DIRECTION ( 'NONE',  ( 0.5130924759623248788, -0.8583333333331818471, 8.551598539764720486E-15 ) ) ;
#2854 = DIRECTION ( 'NONE',  ( 1.000000000000000000, 0.000000000000000000, 0.000000000000000000 ) ) ;
#2855 = DIRECTION ( 'NONE',  ( -2.013492964751100111E-14, 2.810542046950420069E-15, -1.000000000000000000 ) ) ;
#2856 = VECTOR ( 'NONE', #163, 1000.000000000000000 ) ;
#2857 = ORIENTED_EDGE ( 'NONE', *, *, #996, .T. ) ;
#2858 = ADVANCED_FACE ( 'NONE', ( #1231, #3009, #4623 ), #389, .F. ) ;
#2859 = VECTOR ( 'NONE', #5343, 1000.000000000000000 ) ;
#2860 = VERTEX_POINT ( 'NONE', #4244 ) ;
#2861 = DIRECTION ( 'NONE',  ( -1.762258769246287846E-14, 1.000000000000000000, 0.000000000000000000 ) ) ;
#2862 = ORIENTED_EDGE ( 'NONE', *, *, #5027, .T. ) ;
#2863 = ORIENTED_EDGE ( 'NONE', *, *, #54, .T. ) ;
#2864 = DIRECTION ( 'NONE',  ( 1.000000000000000000, 0.000000000000000000, 0.000000000000000000 ) ) ;
#2865 = ORIENTED_EDGE ( 'NONE', *, *, #1098, .F. ) ;
#2866 = DIRECTION ( 'NONE',  ( -1.762258769246287846E-14, 1.000000000000000000, 0.000000000000000000 ) ) ;
#2867 = CARTESIAN_POINT ( 'NONE',  ( 167.3688867170243384, -119.8621279181721349, 107.2644839121128513 ) ) ;
#2868 = CYLINDRICAL_SURFACE ( 'NONE', #3490, 2.350000000000004974 ) ;
#2869 = EDGE_CURVE ( 'NONE', #4943, #2732, #4194, .T. ) ;
#2870 = EDGE_LOOP ( 'NONE', ( #456, #245 ) ) ;
#2871 = AXIS2_PLACEMENT_3D ( 'NONE', #617, #135, #1773 ) ;
#2872 = AXIS2_PLACEMENT_3D ( 'NONE', #3597, #5412, #1909 ) ;
#2873 = CARTESIAN_POINT ( 'NONE',  ( 160.1768364872739880, -140.2624928209250186, 103.7997837525840055 ) ) ;
#2874 =( BOUNDED_CURVE ( )  B_SPLINE_CURVE ( 3, ( #488, #3909, #1767, #3482 ),
 .UNSPECIFIED., .F., .F. ) 
 B_SPLINE_CURVE_WITH_KNOTS ( ( 4, 4 ),
 ( 1.473430298577852016, 1.473522608051633931 ),
 .UNSPECIFIED. ) 
 CURVE ( )  GEOMETRIC_REPRESENTATION_ITEM ( )  RATIONAL_B_SPLINE_CURVE ( ( 1.000000000000000000, 0.9999999992899130108, 0.9999999992899130108, 1.000000000000000000 ) ) 
 REPRESENTATION_ITEM ( '' )  );
#2875 = ADVANCED_FACE ( 'NONE', ( #3383 ), #5097, .T. ) ;
#2876 = FACE_OUTER_BOUND ( 'NONE', #4827, .T. ) ;
#2877 = EDGE_CURVE ( 'NONE', #4319, #127, #3228, .T. ) ;
#2878 = DIRECTION ( 'NONE',  ( -2.418031965417769858E-14, 7.223637016929579844E-14, 1.000000000000000000 ) ) ;
#2879 = DIRECTION ( 'NONE',  ( 2.371361224627630158E-15, -8.883556882512311460E-15, 1.000000000000000000 ) ) ;
#2880 = PLANE ( 'NONE',  #412 ) ;
#2881 = SURFACE_STYLE_FILL_AREA ( #2458 ) ;
#2882 = AXIS2_PLACEMENT_3D ( 'NONE', #2088, #915, #24 ) ;
#2883 = ADVANCED_FACE ( 'NONE', ( #5540 ), #2502, .F. ) ;
#2884 = FACE_BOUND ( 'NONE', #4404, .T. ) ;
#2885 = CONICAL_SURFACE ( 'NONE', #466, 1.900000000000012790, 0.7853981633969229215 ) ;
#2886 = DIRECTION ( 'NONE',  ( -3.789849804151359726E-14, 2.810542046950380232E-15, -1.000000000000000000 ) ) ;
#2887 = ADVANCED_FACE ( 'NONE', ( #2137 ), #2457, .F. ) ;
#2888 = PLANE ( 'NONE',  #3643 ) ;
#2889 = VERTEX_POINT ( 'NONE', #1002 ) ;
#2890 = EDGE_CURVE ( 'NONE', #2889, #3983, #1449, .T. ) ;
#2891 = VECTOR ( 'NONE', #1955, 1000.000000000000000 ) ;
#2892 = ORIENTED_EDGE ( 'NONE', *, *, #1593, .T. ) ;
#2893 = ADVANCED_FACE ( 'NONE', ( #3517 ), #2162, .T. ) ;
#2894 = EDGE_CURVE ( 'NONE', #3768, #156, #5280, .T. ) ;
#2895 = CARTESIAN_POINT ( 'NONE',  ( 163.0171133453979735, -140.0624928209259963, 102.7643259181419921 ) ) ;
#2896 = ORIENTED_EDGE ( 'NONE', *, *, #3934, .T. ) ;
#2897 = COLOUR_RGB ( '',1.000000000000000000, 1.000000000000000000, 1.000000000000000000 ) ;
#2898 = AXIS2_PLACEMENT_3D ( 'NONE', #4806, #3937, #581 ) ;
#2899 = ORIENTED_EDGE ( 'NONE', *, *, #3571, .T. ) ;
#2900 = CARTESIAN_POINT ( 'NONE',  ( 135.1768364872739880, -140.0624928209250015, 103.7997837525840055 ) ) ;
#2901 = VERTEX_POINT ( 'NONE', #583 ) ;
#2902 = CARTESIAN_POINT ( 'NONE',  ( 130.1377302020020181, -119.4624928209260020, 107.6641190093600073 ) ) ;
#2903 = LINE ( 'NONE', #4616, #5219 ) ;
#2904 = ORIENTED_EDGE ( 'NONE', *, *, #5125, .T. ) ;
#2905 = CARTESIAN_POINT ( 'NONE',  ( 147.7171133340079905, -119.4624928209260020, 99.46432591814070179 ) ) ;
#2906 = DIRECTION ( 'NONE',  ( 1.000000000000000000, 0.000000000000000000, 0.000000000000000000 ) ) ;
#2907 = LINE ( 'NONE', #4242, #1309 ) ;
#2908 = LINE ( 'NONE', #3250, #564 ) ;
#2909 = LINE ( 'NONE', #1303, #5461 ) ;
#2910 = EDGE_CURVE ( 'NONE', #553, #2120, #1862, .T. ) ;
#2911 =( BOUNDED_CURVE ( )  B_SPLINE_CURVE ( 3, ( #177, #5298, #1429, #2198 ),
 .UNSPECIFIED., .F., .F. ) 
 B_SPLINE_CURVE_WITH_KNOTS ( ( 4, 4 ),
 ( 1.788699558316865001, 3.141592653589815320 ),
 .UNSPECIFIED. ) 
 CURVE ( )  GEOMETRIC_REPRESENTATION_ITEM ( )  RATIONAL_B_SPLINE_CURVE ( ( 1.000000000000000000, 0.8532014605977429333, 0.8532014605977429333, 1.000000000000000000 ) ) 
 REPRESENTATION_ITEM ( '' )  );
#2912 = AXIS2_PLACEMENT_3D ( 'NONE', #2047, #3765, #1165 ) ;
#2913 = LINE ( 'NONE', #1696, #5405 ) ;
#2914 = CARTESIAN_POINT ( 'NONE',  ( 121.2170679492029990, -119.4624928214270057, 100.7500000000262048 ) ) ;
#2915 = CARTESIAN_POINT ( 'NONE',  ( 120.2171133453939973, -140.0624928209240068, 101.7500000000259917 ) ) ;
#2916 = ADVANCED_FACE ( 'NONE', ( #168 ), #2189, .F. ) ;
#2917 = ORIENTED_EDGE ( 'NONE', *, *, #3860, .T. ) ;
#2918 = AXIS2_PLACEMENT_3D ( 'NONE', #5494, #5050, #2169 ) ;
#2919 = ORIENTED_EDGE ( 'NONE', *, *, #5356, .F. ) ;
#2920 = VECTOR ( 'NONE', #5384, 1000.000000000000000 ) ;
#2921 = CARTESIAN_POINT ( 'NONE',  ( 143.9500000000079751, -134.1749999999999829, 92.80999999999869488 ) ) ;
#2922 = ORIENTED_EDGE ( 'NONE', *, *, #4261, .T. ) ;
#2923 = AXIS2_PLACEMENT_3D ( 'NONE', #1001, #4807, #2188 ) ;
#2924 = EDGE_CURVE ( 'NONE', #2696, #7, #3584, .T. ) ;
#2925 = ORIENTED_EDGE ( 'NONE', *, *, #1490, .T. ) ;
#2926 = CARTESIAN_POINT ( 'NONE',  ( 160.7751431929569890, -136.9249999999999829, 89.48499999999999943 ) ) ;
#2927 = AXIS2_PLACEMENT_3D ( 'NONE', #3266, #2843, #4561 ) ;
#2928 = ORIENTED_EDGE ( 'NONE', *, *, #515, .T. ) ;
#2929 = AXIS2_PLACEMENT_3D ( 'NONE', #2660, #4822, #2261 ) ;
#2930 = ORIENTED_EDGE ( 'NONE', *, *, #3541, .F. ) ;
#2931 = DIRECTION ( 'NONE',  ( -2.371361224627790297E-15, 2.546555719551769795E-14, -1.000000000000000000 ) ) ;
#2932 = LINE ( 'NONE', #386, #966 ) ;
#2933 = DIRECTION ( 'NONE',  ( -6.501293528964970844E-15, 1.000000000000000000, -1.803372339420680202E-15 ) ) ;
#2934 = CARTESIAN_POINT ( 'NONE',  ( 132.4171133453999971, -134.6744623790489754, 91.87466295906980918 ) ) ;
#2935 = CARTESIAN_POINT ( 'NONE',  ( 132.6344203936730253, -140.2624928209260133, 94.26432591814200634 ) ) ;
#2936 = CARTESIAN_POINT ( 'NONE',  ( 124.3687542002400050, -119.8613980543999986, 104.2630242428339926 ) ) ;
#2937 = CARTESIAN_POINT ( 'NONE',  ( 154.9171133453919822, -140.2624928209260133, 99.66432591814070463 ) ) ;
#2938 = LINE ( 'NONE', #3857, #3057 ) ;
#2939 = LINE ( 'NONE', #2915, #4346 ) ;
#2940 = ORIENTED_EDGE ( 'NONE', *, *, #15, .F. ) ;
#2941 = ORIENTED_EDGE ( 'NONE', *, *, #1548, .F. ) ;
#2942 = EDGE_CURVE ( 'NONE', #3264, #1636, #3160, .T. ) ;
#2943 = ORIENTED_EDGE ( 'NONE', *, *, #1477, .F. ) ;
#2944 = DIRECTION ( 'NONE',  ( 0.003168799404648470902, 1.933105050869250242E-15, 0.9999949793425630951 ) ) ;
#2945 = ORIENTED_EDGE ( 'NONE', *, *, #1298, .F. ) ;
#2946 = EDGE_LOOP ( 'NONE', ( #5156, #1687, #1762, #5081, #2496 ) ) ;
#2947 = CARTESIAN_POINT ( 'NONE',  ( 144.8029529411452643, -134.1750000000001819, 92.80999999999671957 ) ) ;
#2948 = EDGE_CURVE ( 'NONE', #3119, #3710, #45, .T. ) ;
#2949 = ORIENTED_EDGE ( 'NONE', *, *, #2230, .F. ) ;
#2950 = VERTEX_POINT ( 'NONE', #132 ) ;
#2951 = AXIS2_PLACEMENT_3D ( 'NONE', #3096, #4420, #3884 ) ;
#2952 = CARTESIAN_POINT ( 'NONE',  ( 137.8171133454100072, -134.1749999999999829, 92.80999999999889383 ) ) ;
#2953 = PRODUCT_DEFINITION_SHAPE ( 'NONE', 'NONE',  #2553 ) ;
#2954 = CARTESIAN_POINT ( 'NONE',  ( 156.7256133453920199, -120.4624928209260020, 95.41645091814200441 ) ) ;
#2955 = CARTESIAN_POINT ( 'NONE',  ( 163.0171133453979735, -140.0624928209259963, 99.46432591814070179 ) ) ;
#2956 = FACE_BOUND ( 'NONE', #5338, .T. ) ;
#2957 = LINE ( 'NONE', #1668, #1080 ) ;
#2958 = CARTESIAN_POINT ( 'NONE',  ( 157.1497566842990068, -127.4860311258736232, 95.15447626912400381 ) ) ;
#2959 = EDGE_CURVE ( 'NONE', #1636, #1607, #3459, .T. ) ;
#2960 = FACE_OUTER_BOUND ( 'NONE', #3677, .T. ) ;
#2961 = DIRECTION ( 'NONE',  ( 0.000000000000000000, -1.973846303234049855E-15, -1.000000000000000000 ) ) ;
#2962 = FACE_OUTER_BOUND ( 'NONE', #892, .T. ) ;
#2963 = DIRECTION ( 'NONE',  ( -1.009293658750141334E-14, 1.000000000000000000, 5.046468293750706671E-15 ) ) ;
#2964 = CIRCLE ( 'NONE', #556, 2.750000000000002665 ) ;
#2965 = VERTEX_POINT ( 'NONE', #1328 ) ;
#2966 = AXIS2_PLACEMENT_3D ( 'NONE', #5266, #4844, #3170 ) ;
#2967 = EDGE_CURVE ( 'NONE', #3845, #2545, #4388, .T. ) ;
#2968 = ORIENTED_EDGE ( 'NONE', *, *, #5293, .T. ) ;
#2969 = DIRECTION ( 'NONE',  ( 0.000000000000000000, -1.000000000000000000, -2.810542046950450046E-15 ) ) ;
#2970 = ORIENTED_EDGE ( 'NONE', *, *, #2790, .T. ) ;
#2971 = CIRCLE ( 'NONE', #2349, 2.500000000000002220 ) ;
#2972 = EDGE_CURVE ( 'NONE', #68, #4437, #4005, .T. ) ;
#2973 = ORIENTED_EDGE ( 'NONE', *, *, #3301, .T. ) ;
#2974 = LINE ( 'NONE', #4639, #4771 ) ;
#2975 = ORIENTED_EDGE ( 'NONE', *, *, #1968, .F. ) ;
#2976 = VERTEX_POINT ( 'NONE', #4778 ) ;
#2977 = VECTOR ( 'NONE', #4781, 1000.000000000000000 ) ;
#2978 = EDGE_CURVE ( 'NONE', #225, #4886, #552, .T. ) ;
#2979 = AXIS2_PLACEMENT_3D ( 'NONE', #5401, #1634, #357 ) ;
#2980 = DIRECTION ( 'NONE',  ( 0.000000000000000000, 1.000000000000000000, 0.000000000000000000 ) ) ;
#2981 = VECTOR ( 'NONE', #246, 1000.000000000000114 ) ;
#2982 = CYLINDRICAL_SURFACE ( 'NONE', #1846, 2.750000000000000000 ) ;
#2983 = DIRECTION ( 'NONE',  ( 1.000000000000000000, 0.000000000000000000, 0.000000000000000000 ) ) ;
#2984 = CARTESIAN_POINT ( 'NONE',  ( 163.0171133453979735, -130.7500000000000000, 92.52249999999840213 ) ) ;
#2985 = EDGE_CURVE ( 'NONE', #4593, #3195, #2218, .T. ) ;
#2986 = ADVANCED_FACE ( 'NONE', ( #2248, #5289 ), #881, .T. ) ;
#2987 = EDGE_CURVE ( 'NONE', #1853, #644, #4657, .T. ) ;
#2988 = EDGE_CURVE ( 'NONE', #3971, #399, #1527, .T. ) ;
#2989 = LINE ( 'NONE', #4698, #121 ) ;
#2990 = CARTESIAN_POINT ( 'NONE',  ( 160.9671133064359765, -139.4624928209260020, 108.7643247870279879 ) ) ;
#2991 = LINE ( 'NONE', #888, #2608 ) ;
#2992 = DIRECTION ( 'NONE',  ( 0.000000000000000000, 1.000000000000000000, -1.926745932492350360E-15 ) ) ;
#2993 = ORIENTED_EDGE ( 'NONE', *, *, #3122, .F. ) ;
#2994 = ORIENTED_EDGE ( 'NONE', *, *, #4575, .T. ) ;
#2995 = DIRECTION ( 'NONE',  ( -0.9999811604344926996, -1.982503765188892233E-15, 0.006138304007261701466 ) ) ;
#2996 = ORIENTED_EDGE ( 'NONE', *, *, #4641, .T. ) ;
#2997 = FACE_OUTER_BOUND ( 'NONE', #3465, .T. ) ;
#2998 = ORIENTED_EDGE ( 'NONE', *, *, #2241, .F. ) ;
#2999 = AXIS2_PLACEMENT_3D ( 'NONE', #622, #4366, #534 ) ;
#3000 = CIRCLE ( 'NONE', #3094, 2.108500000000013141 ) ;
#3001 = FACE_OUTER_BOUND ( 'NONE', #321, .T. ) ;
#3002 = ORIENTED_EDGE ( 'NONE', *, *, #1018, .F. ) ;
#3003 = PRESENTATION_STYLE_ASSIGNMENT (( #39 ) ) ;
#3004 = ORIENTED_EDGE ( 'NONE', *, *, #3815, .F. ) ;
#3005 = AXIS2_PLACEMENT_3D ( 'NONE', #3436, #3649, #1430 ) ;
#3006 = CIRCLE ( 'NONE', #3199, 90.35184950660881498 ) ;
#3007 = CARTESIAN_POINT ( 'NONE',  ( 143.9500000000079751, -125.7500000000000000, 92.80999999999869488 ) ) ;
#3008 = FACE_OUTER_BOUND ( 'NONE', #4588, .T. ) ;
#3009 = FACE_BOUND ( 'NONE', #3613, .T. ) ;
#3010 = DIRECTION ( 'NONE',  ( -1.000000000000000000, -2.055968564121305291E-14, -2.418031965417600096E-14 ) ) ;
#3011 = CARTESIAN_POINT ( 'NONE',  ( 147.6948728611279762, -136.9500000000019782, 95.03499999999840497 ) ) ;
#3012 = FACE_OUTER_BOUND ( 'NONE', #2783, .T. ) ;
#3013 = CARTESIAN_POINT ( 'NONE',  ( 147.6948783421489964, -130.7594256212510118, 110.7643259181420063 ) ) ;
#3014 = PLANE ( 'NONE',  #2799 ) ;
#3015 = CARTESIAN_POINT ( 'NONE',  ( 120.2171133453929883, -119.4624928214270057, 103.7500000343869857 ) ) ;
#3016 = EDGE_LOOP ( 'NONE', ( #3894, #1855, #2445, #1176 ) ) ;
#3017 = ORIENTED_EDGE ( 'NONE', *, *, #4826, .T. ) ;
#3018 = DIRECTION ( 'NONE',  ( 0.6069333205183417013, 0.3628111691287594365, -0.7071067811865493491 ) ) ;
#3019 = VERTEX_POINT ( 'NONE', #526 ) ;
#3020 = CARTESIAN_POINT ( 'NONE',  ( 129.7216841539271002, -119.8622784518218509, 107.2643333784632205 ) ) ;
#3021 = EDGE_CURVE ( 'NONE', #4107, #1084, #3939, .T. ) ;
#3022 = ORIENTED_EDGE ( 'NONE', *, *, #3632, .F. ) ;
#3023 = CARTESIAN_POINT ( 'NONE',  ( 163.0171133453979735, -129.6529310438289997, 92.48869476322960281 ) ) ;
#3024 = EDGE_LOOP ( 'NONE', ( #2238, #1172, #866, #876 ) ) ;
#3025 = FILL_AREA_STYLE ('',( #4688 ) ) ;
#3026 = EDGE_LOOP ( 'NONE', ( #5416, #4311, #4379, #1602, #3474 ) ) ;
#3027 = CIRCLE ( 'NONE', #441, 2.750000000000002665 ) ;
#3028 = FACE_OUTER_BOUND ( 'NONE', #3957, .T. ) ;
#3029 = EDGE_CURVE ( 'NONE', #873, #2210, #1923, .T. ) ;
#3030 = VERTEX_POINT ( 'NONE', #614 ) ;
#3031 = AXIS2_PLACEMENT_3D ( 'NONE', #494, #4297, #3549 ) ;
#3032 = DIRECTION ( 'NONE',  ( -2.748129594203400391E-15, -1.407292413469239864E-15, -1.000000000000000000 ) ) ;
#3033 = LINE ( 'NONE', #784, #3738 ) ;
#3034 = DIRECTION ( 'NONE',  ( 2.009843822508500014E-15, -1.000000000000000000, 2.195890908159079980E-15 ) ) ;
#3035 = CARTESIAN_POINT ( 'NONE',  ( 160.7609296305830071, -135.5250000000000057, 92.66624999999790191 ) ) ;
#3036 = CIRCLE ( 'NONE', #1783, 3.000000000000002665 ) ;
#3037 = EDGE_CURVE ( 'NONE', #2202, #2360, #2228, .T. ) ;
#3038 = LINE ( 'NONE', #4752, #2717 ) ;
#3039 = DIRECTION ( 'NONE',  ( -2.366582715663040321E-30, 5.006432955109510304E-15, 1.000000000000000000 ) ) ;
#3040 = ORIENTED_EDGE ( 'NONE', *, *, #512, .T. ) ;
#3041 = DIRECTION ( 'NONE',  ( -2.418031965417649952E-14, 0.000000000000000000, 1.000000000000000000 ) ) ;
#3042 = CYLINDRICAL_SURFACE ( 'NONE', #5244, 1.950000000000007283 ) ;
#3043 = DIRECTION ( 'NONE',  ( 1.000000000000000000, -7.867353525347980623E-29, 1.700707699447160361E-14 ) ) ;
#3044 = ORIENTED_EDGE ( 'NONE', *, *, #1818, .T. ) ;
#3045 = VECTOR ( 'NONE', #2378, 1000.000000000000000 ) ;
#3046 = ORIENTED_EDGE ( 'NONE', *, *, #151, .F. ) ;
#3047 = VECTOR ( 'NONE', #1478, 1000.000000000000000 ) ;
#3048 = EDGE_CURVE ( 'NONE', #1788, #2149, #2309, .T. ) ;
#3049 = CARTESIAN_POINT ( 'NONE',  ( 137.8171133454100072, -134.1749999999999829, 92.80999999999889383 ) ) ;
#3050 = EDGE_LOOP ( 'NONE', ( #5334, #487, #1552, #5137 ) ) ;
#3051 = DIRECTION ( 'NONE',  ( 1.000000000000000000, 0.000000000000000000, 0.000000000000000000 ) ) ;
#3052 = ADVANCED_FACE ( 'NONE', ( #1145 ), #1118, .F. ) ;
#3053 = VERTEX_POINT ( 'NONE', #4477 ) ;
#3054 = ADVANCED_FACE ( 'NONE', ( #3243 ), #5402, .T. ) ;
#3055 = FACE_OUTER_BOUND ( 'NONE', #4541, .T. ) ;
#3056 = ORIENTED_EDGE ( 'NONE', *, *, #3021, .F. ) ;
#3057 = VECTOR ( 'NONE', #4249, 999.9999999999998863 ) ;
#3058 = ORIENTED_EDGE ( 'NONE', *, *, #4696, .F. ) ;
#3059 = ORIENTED_EDGE ( 'NONE', *, *, #3437, .T. ) ;
#3060 = CARTESIAN_POINT ( 'NONE',  ( 138.7086133453950083, -120.4624928209260020, 89.48499999999999943 ) ) ;
#3061 = ORIENTED_EDGE ( 'NONE', *, *, #4250, .T. ) ;
#3062 = DIRECTION ( 'NONE',  ( 1.441308282120502151E-15, 0.000000000000000000, 1.000000000000000000 ) ) ;
#3063 = DIRECTION ( 'NONE',  ( 1.000000000000000000, 1.181088324069422062E-14, -2.371361224627810019E-15 ) ) ;
#3064 = CARTESIAN_POINT ( 'NONE',  ( 143.4400000000080126, -135.7500000000000000, 92.80999999999869488 ) ) ;
#3065 = CARTESIAN_POINT ( 'NONE',  ( 171.1075276025620155, -119.8624928209249987, 104.2641190093600017 ) ) ;
#3066 = VECTOR ( 'NONE', #3221, 1000.000000000000000 ) ;
#3067 = VECTOR ( 'NONE', #574, 1000.000000000000000 ) ;
#3068 = PLANE ( 'NONE',  #2395 ) ;
#3069 = CARTESIAN_POINT ( 'NONE',  ( 149.4248783421530220, -133.8999999999999773, 95.03499999999840497 ) ) ;
#3070 = EDGE_CURVE ( 'NONE', #2577, #2384, #1695, .T. ) ;
#3071 = PLANE ( 'NONE',  #1437 ) ;
#3072 = ORIENTED_EDGE ( 'NONE', *, *, #3992, .T. ) ;
#3073 = DIRECTION ( 'NONE',  ( -1.569712496704830066E-14, 1.000000000000000000, 2.810542139866920072E-15 ) ) ;
#3074 = DIRECTION ( 'NONE',  ( 0.000000000000000000, 5.006432955109510304E-15, 1.000000000000000000 ) ) ;
#3075 = LINE ( 'NONE', #4251, #4984 ) ;
#3076 = EDGE_CURVE ( 'NONE', #1215, #1700, #1950, .T. ) ;
#3077 = ORIENTED_EDGE ( 'NONE', *, *, #5053, .T. ) ;
#3078 = ORIENTED_EDGE ( 'NONE', *, *, #2528, .F. ) ;
#3079 = FACE_OUTER_BOUND ( 'NONE', #850, .T. ) ;
#3080 = VERTEX_POINT ( 'NONE', #2762 ) ;
#3081 = DIRECTION ( 'NONE',  ( 1.000000000000000000, 1.762258769246290055E-14, -2.887067357318670574E-14 ) ) ;
#3082 = ORIENTED_EDGE ( 'NONE', *, *, #2112, .T. ) ;
#3083 = LINE ( 'NONE', #2267, #1371 ) ;
#3084 = AXIS2_PLACEMENT_3D ( 'NONE', #2160, #3486, #3881 ) ;
#3085 = ORIENTED_EDGE ( 'NONE', *, *, #5184, .T. ) ;
#3086 = EDGE_CURVE ( 'NONE', #1472, #1370, #4111, .T. ) ;
#3087 = ORIENTED_EDGE ( 'NONE', *, *, #3453, .T. ) ;
#3088 = CIRCLE ( 'NONE', #1613, 1.574999999999993072 ) ;
#3089 = VECTOR ( 'NONE', #4853, 1000.000000000000000 ) ;
#3090 = EDGE_LOOP ( 'NONE', ( #3633, #4303, #2892, #4617 ) ) ;
#3091 = DIRECTION ( 'NONE',  ( 1.000000000000000000, 1.654943585967730237E-14, -2.371361274187980218E-15 ) ) ;
#3092 = VERTEX_POINT ( 'NONE', #4533 ) ;
#3093 = CARTESIAN_POINT ( 'NONE',  ( 158.4776768572600076, -119.8624928209259934, 107.2641190093600017 ) ) ;
#3095 = DIRECTION ( 'NONE',  ( 2.846725704167057308E-14, 0.000000000000000000, -1.000000000000000000 ) ) ;
#3094 = AXIS2_PLACEMENT_3D ( 'NONE', #119, #2352, #3628 ) ;
#3096 = CARTESIAN_POINT ( 'NONE',  ( 163.0171133453979735, -129.6529310438299945, 90.88499999999999091 ) ) ;
#3097 = VERTEX_POINT ( 'NONE', #637 ) ;
#3098 = CARTESIAN_POINT ( 'NONE',  ( 152.2213633453919783, -119.4624928209260020, 100.9728259181419929 ) ) ;
#3099 = AXIS2_PLACEMENT_3D ( 'NONE', #1275, #5539, #880 ) ;
#3100 = FACE_OUTER_BOUND ( 'NONE', #2597, .T. ) ;
#3101 = CARTESIAN_POINT ( 'NONE',  ( 157.1497566842990068, -130.2014655219149972, 89.88500000000000512 ) ) ;
#3102 = CARTESIAN_POINT ( 'NONE',  ( 163.0171133453999914, -124.5750000000000028, 89.48499999999999943 ) ) ;
#3103 = ORIENTED_EDGE ( 'NONE', *, *, #2289, .F. ) ;
#3104 = LINE ( 'NONE', #2286, #380 ) ;
#3105 = AXIS2_PLACEMENT_3D ( 'NONE', #511, #3475, #5037 ) ;
#3106 = CARTESIAN_POINT ( 'NONE',  ( 174.2171146169849862, -140.4624928209260020, 103.1643259181420120 ) ) ;
#3107 = FACE_OUTER_BOUND ( 'NONE', #1193, .T. ) ;
#3108 = EDGE_LOOP ( 'NONE', ( #5307, #4498, #620, #1686, #5529 ) ) ;
#3109 = CARTESIAN_POINT ( 'NONE',  ( 160.1768364872739880, -140.0624928209250015, 103.7997837525840055 ) ) ;
#3110 = VECTOR ( 'NONE', #5455, 999.9999999999998863 ) ;
#3111 = CARTESIAN_POINT ( 'NONE',  ( 132.4171133454019866, -127.3438512425049964, 92.80999999999689010 ) ) ;
#3112 = VERTEX_POINT ( 'NONE', #2426 ) ;
#3113 = CARTESIAN_POINT ( 'NONE',  ( 160.1768364872739880, -140.4624928209250072, 103.7997837525840055 ) ) ;
#3114 = EDGE_CURVE ( 'NONE', #3510, #3443, #2338, .T. ) ;
#3115 = ORIENTED_EDGE ( 'NONE', *, *, #1251, .T. ) ;
#3116 = EDGE_CURVE ( 'NONE', #4079, #3866, #4138, .T. ) ;
#3117 = AXIS2_PLACEMENT_3D ( 'NONE', #2952, #3351, #5536 ) ;
#3118 = CARTESIAN_POINT ( 'NONE',  ( 167.3688204052044171, -119.8617629959868935, 104.2633891844211149 ) ) ;
#3119 = VERTEX_POINT ( 'NONE', #2816 ) ;
#3120 = VERTEX_POINT ( 'NONE', #2363 ) ;
#3121 = ORIENTED_EDGE ( 'NONE', *, *, #4970, .F. ) ;
#3122 = EDGE_CURVE ( 'NONE', #4942, #5186, #3213, .T. ) ;
#3123 = DIRECTION ( 'NONE',  ( -1.000000000000000000, -8.742289393079860116E-15, 2.371361253508389962E-15 ) ) ;
#3124 = EDGE_CURVE ( 'NONE', #926, #1441, #9, .T. ) ;
#3125 = ORIENTED_EDGE ( 'NONE', *, *, #3988, .F. ) ;
#3126 = CARTESIAN_POINT ( 'NONE',  ( 158.1497566842990068, -130.2014655219149972, 90.88499999999999091 ) ) ;
#3127 = DIRECTION ( 'NONE',  ( 1.000000000000000000, 0.000000000000000000, 0.000000000000000000 ) ) ;
#3128 = CARTESIAN_POINT ( 'NONE',  ( 138.7086133453910008, -119.4624928209249930, 100.9728259181419929 ) ) ;
#3129 = ORIENTED_EDGE ( 'NONE', *, *, #3880, .F. ) ;
#3130 = DIRECTION ( 'NONE',  ( 3.285583168621599729E-16, 1.926745932492370081E-15, 1.000000000000000000 ) ) ;
#3131 = CARTESIAN_POINT ( 'NONE',  ( 156.5497566843030199, -136.9249999999999829, 89.48499999999999943 ) ) ;
#3132 = VECTOR ( 'NONE', #2277, 1000.000000000000000 ) ;
#3133 = ADVANCED_FACE ( 'NONE', ( #3638 ), #279, .F. ) ;
#3134 = EDGE_CURVE ( 'NONE', #1025, #1636, #890, .T. ) ;
#3135 = CARTESIAN_POINT ( 'NONE',  ( 158.1497566842990068, -128.6529310438289997, 92.56689684733660783 ) ) ;
#3136 = CARTESIAN_POINT ( 'NONE',  ( 128.1075940212328135, -119.8621279181725328, 107.2644839121126381 ) ) ;
#3137 = ORIENTED_EDGE ( 'NONE', *, *, #1889, .T. ) ;
#3138 = LINE ( 'NONE', #1364, #4500 ) ;
#3139 = LINE ( 'NONE', #2225, #1836 ) ;
#3140 = CARTESIAN_POINT ( 'NONE',  ( 171.7948783421490191, -130.8094256212499999, 105.2643259181419921 ) ) ;
#3141 = EDGE_CURVE ( 'NONE', #3298, #606, #4385, .T. ) ;
#3142 = EDGE_LOOP ( 'NONE', ( #3646, #1605, #4857, #1890 ) ) ;
#3143 = CARTESIAN_POINT ( 'NONE',  ( 151.4497566842990182, -133.0594256212519895, 96.38500000000000512 ) ) ;
#3144 = DIRECTION ( 'NONE',  ( -1.000000000000000000, -8.457319541869121525E-15, -7.677572760593020201E-16 ) ) ;
#3145 = ORIENTED_EDGE ( 'NONE', *, *, #17, .T. ) ;
#3146 = CARTESIAN_POINT ( 'NONE',  ( 129.7216946132469673, -119.8621712665460137, 105.0811190093599947 ) ) ;
#3147 = CONICAL_SURFACE ( 'NONE', #2598, 1.774999999999998801, 0.7853981633977785703 ) ;
#3148 = ORIENTED_EDGE ( 'NONE', *, *, #4121, .T. ) ;
#3149 = ORIENTED_EDGE ( 'NONE', *, *, #4471, .F. ) ;
#3150 = EDGE_LOOP ( 'NONE', ( #1076, #1427, #2637, #3425 ) ) ;
#3151 = ORIENTED_EDGE ( 'NONE', *, *, #3308, .T. ) ;
#3152 = AXIS2_PLACEMENT_3D ( 'NONE', #3518, #5228, #4812 ) ;
#3153 = EDGE_CURVE ( 'NONE', #2497, #332, #3187, .T. ) ;
#3154 = VERTEX_POINT ( 'NONE', #664 ) ;
#3155 = CARTESIAN_POINT ( 'NONE',  ( 168.7171133453939831, -140.2624928209260133, 99.66432591813689612 ) ) ;
#3156 = VECTOR ( 'NONE', #3503, 1000.000000000000000 ) ;
#3157 = ORIENTED_EDGE ( 'NONE', *, *, #4114, .T. ) ;
#3158 = CARTESIAN_POINT ( 'NONE',  ( 161.2171130401620189, -140.2624928209240238, 103.6640618979689918 ) ) ;
#3159 = DIRECTION ( 'NONE',  ( 3.965082230804120359E-15, 1.407292413469244005E-15, 1.000000000000000000 ) ) ;
#3160 = LINE ( 'NONE', #4329, #3132 ) ;
#3161 = ORIENTED_EDGE ( 'NONE', *, *, #1821, .T. ) ;
#3162 = DIRECTION ( 'NONE',  ( -1.000000000000000000, 0.000000000000000000, 0.000000000000000000 ) ) ;
#3163 = EDGE_CURVE ( 'NONE', #4074, #1659, #4164, .T. ) ;
#3164 = PLANE ( 'NONE',  #5262 ) ;
#3165 = AXIS2_PLACEMENT_3D ( 'NONE', #1453, #3700, #3166 ) ;
#3166 = DIRECTION ( 'NONE',  ( -2.018587317500282668E-14, 1.000000000000000000, 5.046468293750706671E-15 ) ) ;
#3167 = CARTESIAN_POINT ( 'NONE',  ( 138.9582154668740088, -141.2155645005259998, 100.6173975977414017 ) ) ;
#3168 = ORIENTED_EDGE ( 'NONE', *, *, #5394, .T. ) ;
#3169 = EDGE_CURVE ( 'NONE', #4679, #4764, #2451, .T. ) ;
#3170 = DIRECTION ( 'NONE',  ( 0.9245322725427136401, -0.2694810536000148971, -0.2694810545801529234 ) ) ;
#3171 = LINE ( 'NONE', #3921, #4626 ) ;
#3172 = DIRECTION ( 'NONE',  ( 6.501293528964980310E-15, -1.000000000000000000, 1.803372339420690063E-15 ) ) ;
#3173 = ADVANCED_FACE ( 'NONE', ( #1175 ), #2868, .F. ) ;
#3174 = AXIS2_PLACEMENT_3D ( 'NONE', #4289, #454, #2154 ) ;
#3175 = DIRECTION ( 'NONE',  ( -2.748129594203390530E-15, -4.430635266668075387E-15, -1.000000000000000000 ) ) ;
#3176 = DIRECTION ( 'NONE',  ( 0.000000000000000000, -0.09040844800401290349, 0.9959047708137087618 ) ) ;
#3177 = CARTESIAN_POINT ( 'NONE',  ( 128.7532990311311210, -119.4624928209260446, 108.8671752080524726 ) ) ;
#3178 = ORIENTED_EDGE ( 'NONE', *, *, #2079, .T. ) ;
#3179 = ORIENTED_EDGE ( 'NONE', *, *, #1995, .F. ) ;
#3180 = VERTEX_POINT ( 'NONE', #3750 ) ;
#3181 = ORIENTED_EDGE ( 'NONE', *, *, #2712, .F. ) ;
#3182 = VECTOR ( 'NONE', #1578, 1000.000000000000000 ) ;
#3183 = CARTESIAN_POINT ( 'NONE',  ( 132.4171133454029814, -127.3438512425049964, 92.80999999999689010 ) ) ;
#3184 = EDGE_LOOP ( 'NONE', ( #3861, #4433, #214, #169, #4685, #1039, #690, #2306, #3260, #5115, #3056 ) ) ;
#3185 = DIRECTION ( 'NONE',  ( 2.371361224627529973E-15, 1.926745932492360221E-15, 1.000000000000000000 ) ) ;
#3186 = CARTESIAN_POINT ( 'NONE',  ( 136.8768364872740051, -140.4624928209240124, 103.7997837525840055 ) ) ;
#3187 = LINE ( 'NONE', #4898, #5185 ) ;
#3188 = ORIENTED_EDGE ( 'NONE', *, *, #4375, .T. ) ;
#3189 = LINE ( 'NONE', #3940, #4667 ) ;
#3190 = CARTESIAN_POINT ( 'NONE',  ( 147.6448783421540156, -124.7500000000020037, 93.99749282092339797 ) ) ;
#3191 = VECTOR ( 'NONE', #2513, 1000.000000000000000 ) ;
#3192 = AXIS2_PLACEMENT_3D ( 'NONE', #3422, #36, #4187 ) ;
#3193 = CARTESIAN_POINT ( 'NONE',  ( 163.0171133453979735, -127.4860311258736232, 95.15447626912400381 ) ) ;
#3194 = DIRECTION ( 'NONE',  ( -1.181088324069438628E-14, 1.000000000000000000, -8.858162430520789633E-14 ) ) ;
#3195 = VERTEX_POINT ( 'NONE', #1009 ) ;
#3196 = LINE ( 'NONE', #5326, #1544 ) ;
#3197 = CARTESIAN_POINT ( 'NONE',  ( 122.5467683306309965, -119.6623320437360007, 105.0811190093599947 ) ) ;
#3198 = DIRECTION ( 'NONE',  ( 1.000000000000000000, 1.569712496704820284E-14, 2.418031965417649952E-14 ) ) ;
#3199 = AXIS2_PLACEMENT_3D ( 'NONE', #5513, #2587, #388 ) ;
#3200 = CONICAL_SURFACE ( 'NONE', #5253, 1.774999999999998801, 0.7853981633977785703 ) ;
#3201 = DIRECTION ( 'NONE',  ( -5.732307797903110543E-15, 1.000000000000000000, 0.000000000000000000 ) ) ;
#3202 = AXIS2_PLACEMENT_3D ( 'NONE', #894, #927, #5240 ) ;
#3203 = CARTESIAN_POINT ( 'NONE',  ( 129.7216946132469673, -119.8621712665460137, 104.2637974549800077 ) ) ;
#3204 = DIRECTION ( 'NONE',  ( 0.000000000000000000, -1.000000000000000000, 1.926745932492380336E-15 ) ) ;
#3205 = VERTEX_POINT ( 'NONE', #4842 ) ;
#3206 = ORIENTED_EDGE ( 'NONE', *, *, #3437, .F. ) ;
#3207 = VERTEX_POINT ( 'NONE', #5295 ) ;
#3208 = ADVANCED_FACE ( 'NONE', ( #3012 ), #5232, .T. ) ;
#3209 = ORIENTED_EDGE ( 'NONE', *, *, #5276, .T. ) ;
#3210 = CARTESIAN_POINT ( 'NONE',  ( 156.5497566843020252, -131.4249999999999829, 89.48499999999999943 ) ) ;
#3211 = ORIENTED_EDGE ( 'NONE', *, *, #2753, .F. ) ;
#3212 = DIRECTION ( 'NONE',  ( 0.000000000000000000, -1.000000000000000000, 1.926745932492380336E-15 ) ) ;
#3213 = LINE ( 'NONE', #692, #3683 ) ;
#3214 = ORIENTED_EDGE ( 'NONE', *, *, #709, .F. ) ;
#3215 = CARTESIAN_POINT ( 'NONE',  ( 171.1075940212339219, -119.8621279181723480, 107.2644839121128513 ) ) ;
#3216 = DIRECTION ( 'NONE',  ( -0.9999811604344926996, 0.000000000000000000, 0.006138304007262039737 ) ) ;
#3217 = ADVANCED_FACE ( 'NONE', ( #4394 ), #2222, .T. ) ;
#3218 = CARTESIAN_POINT ( 'NONE',  ( 162.0171133453979735, -127.3249999999999886, 92.80999999999720274 ) ) ;
#3219 = CARTESIAN_POINT ( 'NONE',  ( 159.8171133454000028, -137.8830298475569975, 99.46432591814199498 ) ) ;
#3220 = ORIENTED_EDGE ( 'NONE', *, *, #2978, .F. ) ;
#3221 = DIRECTION ( 'NONE',  ( 1.000000000000000000, 2.009843820287930324E-15, -2.371361224627529973E-15 ) ) ;
#3222 = DIRECTION ( 'NONE',  ( 1.000000000000000000, 0.000000000000000000, 0.000000000000000000 ) ) ;
#3223 = FACE_OUTER_BOUND ( 'NONE', #5030, .T. ) ;
#3224 = ADVANCED_FACE ( 'NONE', ( #4302 ), #3071, .T. ) ;
#3225 = CARTESIAN_POINT ( 'NONE',  ( 161.6316966787160254, -141.4479094876080012, 104.1497425848140068 ) ) ;
#3226 = CARTESIAN_POINT ( 'NONE',  ( 138.7086133453919956, -119.4624928209249930, 100.9728259181419929 ) ) ;
#3227 = CARTESIAN_POINT ( 'NONE',  ( 123.1948783421490106, -130.8094256212499999, 102.7643259181419921 ) ) ;
#3228 = CIRCLE ( 'NONE', #3589, 2.099999999999990763 ) ;
#3229 = DIRECTION ( 'NONE',  ( 2.418031965417649952E-14, 2.810542046950679999E-15, -1.000000000000000000 ) ) ;
#3230 = ORIENTED_EDGE ( 'NONE', *, *, #3571, .F. ) ;
#3231 = VERTEX_POINT ( 'NONE', #1839 ) ;
#3232 = ORIENTED_EDGE ( 'NONE', *, *, #3048, .F. ) ;
#3233 = EDGE_CURVE ( 'NONE', #2371, #4356, #4010, .T. ) ;
#3234 = EDGE_CURVE ( 'NONE', #2837, #4564, #3555, .T. ) ;
#3235 = ORIENTED_EDGE ( 'NONE', *, *, #1522, .T. ) ;
#3236 = CARTESIAN_POINT ( 'NONE',  ( 163.0171133453999914, -134.1749999999999829, 92.80999999999698957 ) ) ;
#3237 = VERTEX_POINT ( 'NONE', #3102 ) ;
#3238 = ORIENTED_EDGE ( 'NONE', *, *, #825, .F. ) ;
#3239 =( BOUNDED_CURVE ( )  B_SPLINE_CURVE ( 3, ( #3954, #1610, #3322, #3868 ),
 .UNSPECIFIED., .F., .F. ) 
 B_SPLINE_CURVE_WITH_KNOTS ( ( 4, 4 ),
 ( 1.390749933834111829, 1.391335562529390169 ),
 .UNSPECIFIED. ) 
 CURVE ( )  GEOMETRIC_REPRESENTATION_ITEM ( )  RATIONAL_B_SPLINE_CURVE ( ( 1.000000000000000000, 0.9999999714199190315, 0.9999999714199190315, 1.000000000000000000 ) ) 
 REPRESENTATION_ITEM ( '' )  );
#3241 = DIRECTION ( 'NONE',  ( 0.000000000000000000, 1.973846303234049855E-15, 1.000000000000000000 ) ) ;
#3240 = CIRCLE ( 'NONE', #2882, 1.708500000000001684 ) ;
#3242 = CARTESIAN_POINT ( 'NONE',  ( 150.5296133453909988, -140.4624928209260020, 103.1643259181420120 ) ) ;
#3243 = FACE_OUTER_BOUND ( 'NONE', #3986, .T. ) ;
#3244 = ORIENTED_EDGE ( 'NONE', *, *, #151, .T. ) ;
#3245 = VECTOR ( 'NONE', #2879, 1000.000000000000000 ) ;
#3246 = CARTESIAN_POINT ( 'NONE',  ( 143.9500000000079751, -125.3000000000019867, 93.59749282092340650 ) ) ;
#3247 = CARTESIAN_POINT ( 'NONE',  ( 165.5436942114660042, -132.1564489814909962, 96.06432591813910449 ) ) ;
#3248 = CARTESIAN_POINT ( 'NONE',  ( 156.5497566843020252, -130.5062464104629782, 89.48499999999999943 ) ) ;
#3249 = VERTEX_POINT ( 'NONE', #2652 ) ;
#3250 = CARTESIAN_POINT ( 'NONE',  ( 160.9671133064359765, -140.4624928209260020, 107.7643247870279879 ) ) ;
#3251 = CARTESIAN_POINT ( 'NONE',  ( 151.4497566842989045, -134.1750000000000682, 92.80999999999687589 ) ) ;
#3252 = CARTESIAN_POINT ( 'NONE',  ( 171.1075276025620155, -119.8624928209249987, 107.2641190093600017 ) ) ;
#3253 = EDGE_CURVE ( 'NONE', #1216, #1293, #376, .T. ) ;
#3254 = DIRECTION ( 'NONE',  ( 3.178990140719190044E-06, 1.926752321756329363E-15, 0.9999999999949469309 ) ) ;
#3255 = DIRECTION ( 'NONE',  ( -1.000000000000000000, 0.000000000000000000, 5.916456789157589942E-30 ) ) ;
#3256 = LINE ( 'NONE', #4968, #4704 ) ;
#3257 = AXIS2_PLACEMENT_3D ( 'NONE', #861, #498, #2566 ) ;
#3258 = ORIENTED_EDGE ( 'NONE', *, *, #3798, .T. ) ;
#3259 = AXIS2_PLACEMENT_3D ( 'NONE', #2947, #4612, #378 ) ;
#3260 = ORIENTED_EDGE ( 'NONE', *, *, #1341, .T. ) ;
#3261 = VERTEX_POINT ( 'NONE', #499 ) ;
#3262 = ORIENTED_EDGE ( 'NONE', *, *, #2131, .T. ) ;
#3263 = CARTESIAN_POINT ( 'NONE',  ( 147.7171133453969958, -120.4624928209260020, 89.48499999999999943 ) ) ;
#3264 = VERTEX_POINT ( 'NONE', #2254 ) ;
#3265 = ORIENTED_EDGE ( 'NONE', *, *, #1893, .F. ) ;
#3266 = CARTESIAN_POINT ( 'NONE',  ( 158.1497566842990068, -130.7500000000000000, 92.80999999999708905 ) ) ;
#3267 = LINE ( 'NONE', #4980, #3793 ) ;
#3268 = CARTESIAN_POINT ( 'NONE',  ( 132.4171133454029814, -127.3438512425049964, 92.80999999999689010 ) ) ;
#3269 = ORIENTED_EDGE ( 'NONE', *, *, #3404, .F. ) ;
#3270 = CARTESIAN_POINT ( 'NONE',  ( 133.5086695863410000, -138.4624928209260020, 109.7643247870279879 ) ) ;
#3271 = CARTESIAN_POINT ( 'NONE',  ( 155.3671133453989910, -130.0529310438300001, 89.48499999999999943 ) ) ;
#3272 = CYLINDRICAL_SURFACE ( 'NONE', #5190, 1.700000000000007061 ) ;
#3273 = CARTESIAN_POINT ( 'NONE',  ( 138.7086133453950083, -125.9624928209250072, 89.48499999999999943 ) ) ;
#3274 = DIRECTION ( 'NONE',  ( 0.000000000000000000, -1.973846303234049855E-15, -1.000000000000000000 ) ) ;
#3275 = DIRECTION ( 'NONE',  ( 1.000000000000000000, 2.009843822507199971E-15, -6.867631562389000059E-13 ) ) ;
#3276 = EDGE_CURVE ( 'NONE', #845, #230, #886, .T. ) ;
#3277 = EDGE_CURVE ( 'NONE', #3317, #1700, #79, .T. ) ;
#3278 = AXIS2_PLACEMENT_3D ( 'NONE', #5019, #3274, #3222 ) ;
#3279 = VECTOR ( 'NONE', #3415, 1000.000000000000000 ) ;
#3280 = CARTESIAN_POINT ( 'NONE',  ( 123.5948783421490020, -130.8094256212499999, 105.2643259181419921 ) ) ;
#3281 = DIRECTION ( 'NONE',  ( -1.000000000000000000, -1.569712496704820284E-14, -2.418031965417649952E-14 ) ) ;
#3282 = FACE_OUTER_BOUND ( 'NONE', #4843, .T. ) ;
#3283 = AXIS2_PLACEMENT_3D ( 'NONE', #4429, #5236, #1395 ) ;
#3284 = VECTOR ( 'NONE', #3548, 1000.000000000000000 ) ;
#3285 = VERTEX_POINT ( 'NONE', #2592 ) ;
#3286 = EDGE_LOOP ( 'NONE', ( #1376, #4467 ) ) ;
#3287 = LINE ( 'NONE', #4024, #4618 ) ;
#3288 = ORIENTED_EDGE ( 'NONE', *, *, #12, .F. ) ;
#3289 = EDGE_CURVE ( 'NONE', #1812, #2126, #5466, .T. ) ;
#3290 = EDGE_CURVE ( 'NONE', #1468, #4530, #3036, .T. ) ;
#3291 = ORIENTED_EDGE ( 'NONE', *, *, #1419, .T. ) ;
#3292 = DIRECTION ( 'NONE',  ( 0.000000000000000000, -1.973846303234049855E-15, -1.000000000000000000 ) ) ;
#3293 = EDGE_LOOP ( 'NONE', ( #2441, #2270, #3340, #2824 ) ) ;
#3294 = ORIENTED_EDGE ( 'NONE', *, *, #3864, .T. ) ;
#3295 = CARTESIAN_POINT ( 'NONE',  ( 135.6171133453979962, -137.8744623790470030, 99.46432591814070179 ) ) ;
#3296 = AXIS2_PLACEMENT_3D ( 'NONE', #4645, #1151, #307 ) ;
#3297 = DIRECTION ( 'NONE',  ( -2.009843822508500014E-15, 1.000000000000000000, -2.195890908159079980E-15 ) ) ;
#3298 = VERTEX_POINT ( 'NONE', #3591 ) ;
#3299 = ADVANCED_FACE ( 'NONE', ( #559 ), #3977, .T. ) ;
#3300 = SURFACE_STYLE_FILL_AREA ( #1978 ) ;
#3301 = EDGE_CURVE ( 'NONE', #4743, #3510, #635, .T. ) ;
#3302 = CARTESIAN_POINT ( 'NONE',  ( 137.6795827862140129, -139.9369318198639860, 89.48499999999999943 ) ) ;
#3303 = PLANE ( 'NONE',  #5077 ) ;
#3304 = FACE_OUTER_BOUND ( 'NONE', #3923, .T. ) ;
#3305 = DIRECTION ( 'NONE',  ( -1.887379142593809830E-15, 1.000000000000000000, 2.810542046950460301E-15 ) ) ;
#3306 = CARTESIAN_POINT ( 'NONE',  ( 132.4171133454029814, -134.1938512425049908, 92.80999999999698957 ) ) ;
#3307 = ADVANCED_FACE ( 'NONE', ( #5173 ), #4333, .F. ) ;
#3308 = EDGE_CURVE ( 'NONE', #710, #970, #5204, .T. ) ;
#3309 = DIRECTION ( 'NONE',  ( 1.000000000000000000, 1.887379142593749877E-15, 1.700707699447170143E-14 ) ) ;
#3310 = CARTESIAN_POINT ( 'NONE',  ( 173.2833321446829871, -140.0624928209259963, 110.7643259181420063 ) ) ;
#3311 = CARTESIAN_POINT ( 'NONE',  ( 128.9747081159343907, -119.4624928209260020, 109.0572180058413920 ) ) ;
#3312 = CIRCLE ( 'NONE', #5016, 2.750000000000002665 ) ;
#3313 = ORIENTED_EDGE ( 'NONE', *, *, #1072, .T. ) ;
#3314 = VECTOR ( 'NONE', #4694, 1000.000000000000000 ) ;
#3315 = VERTEX_POINT ( 'NONE', #2344 ) ;
#3316 = CARTESIAN_POINT ( 'NONE',  ( 171.1077265380160100, -119.8613980543999986, 104.2630242428339926 ) ) ;
#3317 = VERTEX_POINT ( 'NONE', #671 ) ;
#3318 = AXIS2_PLACEMENT_3D ( 'NONE', #948, #3039, #4754 ) ;
#3319 = ORIENTED_EDGE ( 'NONE', *, *, #734, .F. ) ;
#3320 = DIRECTION ( 'NONE',  ( -1.000000000000000000, -2.009843822508529990E-15, 2.748129594203400391E-15 ) ) ;
#3321 = VERTEX_POINT ( 'NONE', #4872 ) ;
#3322 = CARTESIAN_POINT ( 'NONE',  ( 124.3688204052031665, -119.8617629959866946, 104.2633891844217118 ) ) ;
#3323 = FACE_OUTER_BOUND ( 'NONE', #3421, .T. ) ;
#3324 = ORIENTED_EDGE ( 'NONE', *, *, #1396, .F. ) ;
#3325 = EDGE_CURVE ( 'NONE', #5439, #16, #4064, .T. ) ;
#3326 = CIRCLE ( 'NONE', #3774, 2.349999999999990763 ) ;
#3327 = AXIS2_PLACEMENT_3D ( 'NONE', #2041, #731, #4576 ) ;
#3328 = DIRECTION ( 'NONE',  ( 1.000000000000000000, 1.567265136830130018E-14, -2.887067357318670574E-14 ) ) ;
#3329 = DIRECTION ( 'NONE',  ( 0.000000000000000000, 1.973846303234049855E-15, 1.000000000000000000 ) ) ;
#3330 = ADVANCED_FACE ( 'NONE', ( #4455 ), #4906, .T. ) ;
#3331 = CARTESIAN_POINT ( 'NONE',  ( 140.6737181300300108, -138.4624928209260020, 109.7643247870279879 ) ) ;
#3332 = DIRECTION ( 'NONE',  ( -1.000000000000000000, -3.965082230804126670E-15, 3.965082230804126670E-15 ) ) ;
#3333 = CARTESIAN_POINT ( 'NONE',  ( 161.8002086865389799, -135.8999345064160309, 89.88500000000000512 ) ) ;
#3334 = VECTOR ( 'NONE', #1062, 1000.000000000000000 ) ;
#3335 = FACE_OUTER_BOUND ( 'NONE', #3293, .T. ) ;
#3336 = AXIS2_PLACEMENT_3D ( 'NONE', #1726, #1698, #2489 ) ;
#3337 = FACE_OUTER_BOUND ( 'NONE', #774, .T. ) ;
#3338 = ADVANCED_FACE ( 'NONE', ( #4568 ), #3728, .T. ) ;
#3339 = CARTESIAN_POINT ( 'NONE',  ( 126.8421133453909988, -128.9624941560699938, 102.7643259181419921 ) ) ;
#3340 = ORIENTED_EDGE ( 'NONE', *, *, #669, .T. ) ;
#3341 = VECTOR ( 'NONE', #1121, 1000.000000000000114 ) ;
#3342 = VERTEX_POINT ( 'NONE', #4484 ) ;
#3343 = FACE_OUTER_BOUND ( 'NONE', #2795, .T. ) ;
#3344 = ORIENTED_EDGE ( 'NONE', *, *, #12, .T. ) ;
#3345 = VECTOR ( 'NONE', #3320, 1000.000000000000000 ) ;
#3346 = VERTEX_POINT ( 'NONE', #3219 ) ;
#3347 = CARTESIAN_POINT ( 'NONE',  ( 161.0931019053529951, -135.1928277252289945, 90.88499999999999091 ) ) ;
#3348 = ORIENTED_EDGE ( 'NONE', *, *, #1739, .F. ) ;
#3349 = CARTESIAN_POINT ( 'NONE',  ( 167.3687542002409998, -119.8613980543999986, 107.2652137758860107 ) ) ;
#3350 = ORIENTED_EDGE ( 'NONE', *, *, #3527, .T. ) ;
#3351 = DIRECTION ( 'NONE',  ( 1.000000000000000000, 0.000000000000000000, 1.539220716937389985E-14 ) ) ;
#3352 = APPLICATION_CONTEXT ( 'automotive_design' ) ;
#3353 = DIRECTION ( 'NONE',  ( 2.616290610029150035E-15, 5.006432955109500838E-15, 1.000000000000000000 ) ) ;
#3354 = CARTESIAN_POINT ( 'NONE',  ( 169.2382403691290165, -119.5222499092810153, 104.2641190093600017 ) ) ;
#3355 = LINE ( 'NONE', #3851, #2104 ) ;
#3356 = CARTESIAN_POINT ( 'NONE',  ( 123.3159429339730053, -119.4624928209260020, 108.7643247870269931 ) ) ;
#3357 = DIRECTION ( 'NONE',  ( 1.000000000000000000, -7.382857716949699942E-16, 0.000000000000000000 ) ) ;
#3358 = EDGE_CURVE ( 'NONE', #1373, #2841, #2402, .T. ) ;
#3359 = CIRCLE ( 'NONE', #47, 1.708500000000001684 ) ;
#3360 = CARTESIAN_POINT ( 'NONE',  ( 155.3671133453989910, -131.4249999999999829, 89.48499999999999943 ) ) ;
#3361 = PLANE ( 'NONE',  #3416 ) ;
#3362 = CARTESIAN_POINT ( 'NONE',  ( 143.4400000000080126, -128.8999999999999773, 92.80999999999879435 ) ) ;
#3363 = LINE ( 'NONE', #5079, #4173 ) ;
#3364 = EDGE_CURVE ( 'NONE', #3508, #2839, #4143, .T. ) ;
#3365 = ORIENTED_EDGE ( 'NONE', *, *, #2869, .T. ) ;
#3366 = ORIENTED_EDGE ( 'NONE', *, *, #5149, .F. ) ;
#3367 = AXIS2_PLACEMENT_3D ( 'NONE', #4825, #989, #1938 ) ;
#3368 = DIRECTION ( 'NONE',  ( 0.5130924759623317621, -0.8583333333331777393, 4.440892098500678424E-16 ) ) ;
#3369 = ORIENTED_EDGE ( 'NONE', *, *, #1787, .F. ) ;
#3370 = CIRCLE ( 'NONE', #4712, 1.975000000000004530 ) ;
#3371 = ORIENTED_EDGE ( 'NONE', *, *, #17, .F. ) ;
#3372 = DIRECTION ( 'NONE',  ( 1.000000000000000000, 0.000000000000000000, 0.000000000000000000 ) ) ;
#3373 = VECTOR ( 'NONE', #1922, 1000.000000000000000 ) ;
#3374 = VERTEX_POINT ( 'NONE', #2850 ) ;
#3375 = EDGE_CURVE ( 'NONE', #2743, #2093, #5286, .T. ) ;
#3376 =( NAMED_UNIT ( * ) PLANE_ANGLE_UNIT ( ) SI_UNIT ( $, .RADIAN. ) );
#3377 = VECTOR ( 'NONE', #677, 1000.000000000000000 ) ;
#3378 = EDGE_LOOP ( 'NONE', ( #3659, #1286, #2391, #4711 ) ) ;
#3379 = LINE ( 'NONE', #1272, #3386 ) ;
#3380 = LINE ( 'NONE', #2954, #1463 ) ;
#3381 = DIRECTION ( 'NONE',  ( 2.371361253508419939E-15, -2.810542046950450046E-15, 1.000000000000000000 ) ) ;
#3382 = CARTESIAN_POINT ( 'NONE',  ( 134.4651138133779966, -140.0624928209250015, 110.7643247870280021 ) ) ;
#3383 = FACE_OUTER_BOUND ( 'NONE', #5162, .T. ) ;
#3384 = CARTESIAN_POINT ( 'NONE',  ( 151.4497566842990182, -135.6797128106260004, 93.25528718937299288 ) ) ;
#3385 = EDGE_CURVE ( 'NONE', #765, #4942, #698, .T. ) ;
#3386 = VECTOR ( 'NONE', #4190, 1000.000000000000000 ) ;
#3387 = DIRECTION ( 'NONE',  ( -1.000000000000000000, -9.378244137164310855E-15, 2.330637149875950107E-14 ) ) ;
#3388 = PLANE ( 'NONE',  #2697 ) ;
#3389 = CARTESIAN_POINT ( 'NONE',  ( 128.2948783421489907, -130.8094256212499999, 103.1643259181420120 ) ) ;
#3390 = CARTESIAN_POINT ( 'NONE',  ( 169.2382403691290165, -119.5222499092810153, 105.0811190093599947 ) ) ;
#3391 = ADVANCED_FACE ( 'NONE', ( #1067 ), #3272, .F. ) ;
#3392 = ORIENTED_EDGE ( 'NONE', *, *, #3789, .F. ) ;
#3393 = ORIENTED_EDGE ( 'NONE', *, *, #730, .T. ) ;
#3394 = CARTESIAN_POINT ( 'NONE',  ( 174.2171132998479948, -119.4624928214270057, 102.7500000000189857 ) ) ;
#3395 = ORIENTED_EDGE ( 'NONE', *, *, #3975, .T. ) ;
#3396 = EDGE_CURVE ( 'NONE', #2839, #5186, #1038, .T. ) ;
#3397 = ORIENTED_EDGE ( 'NONE', *, *, #740, .T. ) ;
#3398 = CARTESIAN_POINT ( 'NONE',  ( 169.2382403691290165, -119.5222499092810153, 107.2641190093600017 ) ) ;
#3399 = EDGE_CURVE ( 'NONE', #4680, #3207, #2314, .T. ) ;
#3400 = EDGE_LOOP ( 'NONE', ( #3129, #4755, #5060, #1816 ) ) ;
#3401 = ADVANCED_FACE ( 'NONE', ( #284 ), #1538, .F. ) ;
#3402 = ORIENTED_EDGE ( 'NONE', *, *, #1158, .T. ) ;
#3403 = AXIS2_PLACEMENT_3D ( 'NONE', #2007, #1534, #3721 ) ;
#3404 = EDGE_CURVE ( 'NONE', #644, #1586, #5024, .T. ) ;
#3405 = EDGE_CURVE ( 'NONE', #3997, #548, #2742, .T. ) ;
#3406 = CARTESIAN_POINT ( 'NONE',  ( 163.0171133453979735, -131.8249999999999886, 89.88500000000000512 ) ) ;
#3407 = PLANE ( 'NONE',  #5002 ) ;
#3408 = CARTESIAN_POINT ( 'NONE',  ( 122.1508943902850035, -119.4624950404660098, 110.7643259181420063 ) ) ;
#3409 = DIRECTION ( 'NONE',  ( 1.000000000000000000, 9.227827737143710103E-15, -2.371361224627550089E-15 ) ) ;
#3410 = FACE_OUTER_BOUND ( 'NONE', #2706, .T. ) ;
#3411 = CARTESIAN_POINT ( 'NONE',  ( 157.1497566842990068, -129.6529310438289997, 92.64934738161321093 ) ) ;
#3412 = CARTESIAN_POINT ( 'NONE',  ( 120.6171133742229955, -140.4624928216300077, 103.7487723496210066 ) ) ;
#3413 = CARTESIAN_POINT ( 'NONE',  ( 156.5497566843010304, -130.7500000000000000, 92.80999999999708905 ) ) ;
#3414 = CYLINDRICAL_SURFACE ( 'NONE', #2918, 0.9999999999999973355 ) ;
#3415 = DIRECTION ( 'NONE',  ( -2.616290610029150035E-15, -1.926745932492350360E-15, -1.000000000000000000 ) ) ;
#3416 = AXIS2_PLACEMENT_3D ( 'NONE', #2594, #1725, #4276 ) ;
#3417 = ORIENTED_EDGE ( 'NONE', *, *, #1072, .F. ) ;
#3418 = VECTOR ( 'NONE', #700, 1000.000000000000000 ) ;
#3419 = VERTEX_POINT ( 'NONE', #4033 ) ;
#3420 = CARTESIAN_POINT ( 'NONE',  ( 171.1075940212339219, -119.8621279181727317, 104.2637541066067399 ) ) ;
#3421 = EDGE_LOOP ( 'NONE', ( #1757, #576, #434, #4407 ) ) ;
#3422 = CARTESIAN_POINT ( 'NONE',  ( 135.1768364872739880, -140.4624928209250072, 103.7997837525840055 ) ) ;
#3423 = EDGE_LOOP ( 'NONE', ( #1558, #4973, #3876, #3840 ) ) ;
#3424 = DIRECTION ( 'NONE',  ( 0.000000000000000000, -4.430635266668070654E-15, -1.000000000000000000 ) ) ;
#3425 = ORIENTED_EDGE ( 'NONE', *, *, #150, .T. ) ;
#3426 = EDGE_LOOP ( 'NONE', ( #2691, #5130, #2299, #4613 ) ) ;
#3427 = VECTOR ( 'NONE', #3521, 1000.000000000000000 ) ;
#3428 = CARTESIAN_POINT ( 'NONE',  ( 175.2171132998489895, -119.4624950404660098, 103.7500000343799940 ) ) ;
#3429 = CARTESIAN_POINT ( 'NONE',  ( 163.0171133453979735, -124.9750000000000085, 89.88500000000000512 ) ) ;
#3430 = DIRECTION ( 'NONE',  ( 0.000000000000000000, -1.000000000000000000, 5.006432955109510304E-15 ) ) ;
#3431 = DIRECTION ( 'NONE',  ( -3.285583168621639665E-16, -1.926745932492380336E-15, -1.000000000000000000 ) ) ;
#3432 = LINE ( 'NONE', #4245, #5036 ) ;
#3433 = DIRECTION ( 'NONE',  ( -1.000000000000000000, -8.742289393079860116E-15, 2.371361253508389962E-15 ) ) ;
#3434 = FACE_OUTER_BOUND ( 'NONE', #4100, .T. ) ;
#3435 = PLANE ( 'NONE',  #3336 ) ;
#3436 = CARTESIAN_POINT ( 'NONE',  ( 126.2382403691280075, -119.5222499092810153, 105.0811190093599947 ) ) ;
#3437 = EDGE_CURVE ( 'NONE', #4373, #3249, #627, .T. ) ;
#3438 = VECTOR ( 'NONE', #4835, 1000.000000000000000 ) ;
#3439 = ORIENTED_EDGE ( 'NONE', *, *, #5043, .T. ) ;
#3440 = CARTESIAN_POINT ( 'NONE',  ( 126.2382403691280075, -119.5222499092810153, 107.2641190093600017 ) ) ;
#3441 =( BOUNDED_CURVE ( )  B_SPLINE_CURVE ( 3, ( #1318, #3020, #2602, #2381 ),
 .UNSPECIFIED., .F., .F. ) 
 B_SPLINE_CURVE_WITH_KNOTS ( ( 4, 4 ),
 ( 4.809662699127989605, 4.809755008601910298 ),
 .UNSPECIFIED. ) 
 CURVE ( )  GEOMETRIC_REPRESENTATION_ITEM ( )  RATIONAL_B_SPLINE_CURVE ( ( 1.000000000000000000, 0.9999999992899130108, 0.9999999992899130108, 1.000000000000000000 ) ) 
 REPRESENTATION_ITEM ( '' )  );
#3442 = CARTESIAN_POINT ( 'NONE',  ( 126.2382403691280075, -119.5222499092810153, 104.2641190093600017 ) ) ;
#3443 = VERTEX_POINT ( 'NONE', #2430 ) ;
#3444 = CARTESIAN_POINT ( 'NONE',  ( 169.4448783421489964, -130.8094256212499999, 102.9643259181420092 ) ) ;
#3445 = ADVANCED_FACE ( 'NONE', ( #4512 ), #158, .F. ) ;
#3446 = EDGE_LOOP ( 'NONE', ( #5188, #5269, #383, #2781 ) ) ;
#3447 = CONICAL_SURFACE ( 'NONE', #3732, 1.908500000000007413, 0.7853981633976342414 ) ;
#3448 = VECTOR ( 'NONE', #2067, 1000.000000000000000 ) ;
#3449 = CARTESIAN_POINT ( 'NONE',  ( 120.2171133453939973, -119.4624950404660098, 100.7500000000262048 ) ) ;
#3450 = ORIENTED_EDGE ( 'NONE', *, *, #3527, .F. ) ;
#3451 = ORIENTED_EDGE ( 'NONE', *, *, #983, .T. ) ;
#3452 = AXIS2_PLACEMENT_3D ( 'NONE', #4367, #5328, #623 ) ;
#3453 = EDGE_CURVE ( 'NONE', #3636, #3483, #5044, .T. ) ;
#3454 = VECTOR ( 'NONE', #4693, 1000.000000000000227 ) ;
#3455 = FACE_OUTER_BOUND ( 'NONE', #347, .T. ) ;
#3456 = VECTOR ( 'NONE', #3863, 1000.000000000000000 ) ;
#3457 = DIRECTION ( 'NONE',  ( -0.7071067811865460184, -0.7071067811865489050, 1.614644868415540188E-14 ) ) ;
#3458 = LINE ( 'NONE', #4217, #4893 ) ;
#3459 = LINE ( 'NONE', #1358, #1969 ) ;
#3460 = DIRECTION ( 'NONE',  ( 1.000000000000000000, 0.000000000000000000, 0.000000000000000000 ) ) ;
#3461 = EDGE_CURVE ( 'NONE', #2236, #744, #4349, .T. ) ;
#3462 = ADVANCED_FACE ( 'NONE', ( #4168 ), #803, .F. ) ;
#3463 = LINE ( 'NONE', #2591, #3515 ) ;
#3464 = DIRECTION ( 'NONE',  ( -1.000000000000000000, 0.000000000000000000, 0.000000000000000000 ) ) ;
#3465 = EDGE_LOOP ( 'NONE', ( #2097, #2094, #520, #2480 ) ) ;
#3466 = DIRECTION ( 'NONE',  ( -1.000000000000000000, -1.569712496704820284E-14, -2.418031965417649952E-14 ) ) ;
#3467 = CARTESIAN_POINT ( 'NONE',  ( 163.0171133453989682, -134.6830298475580037, 95.51266640079269621 ) ) ;
#3468 = CARTESIAN_POINT ( 'NONE',  ( 170.7373004235740268, -119.4624928209260020, 105.0811190093599947 ) ) ;
#3469 = EDGE_CURVE ( 'NONE', #2384, #2202, #2907, .T. ) ;
#3470 = EDGE_CURVE ( 'NONE', #230, #2695, #4450, .T. ) ;
#3471 = ORIENTED_EDGE ( 'NONE', *, *, #1747, .T. ) ;
#3472 = PLANE ( 'NONE',  #3202 ) ;
#3473 = CARTESIAN_POINT ( 'NONE',  ( 125.9448783421490106, -130.8094256212499999, 110.3643259181420007 ) ) ;
#3474 = ORIENTED_EDGE ( 'NONE', *, *, #1182, .T. ) ;
#3475 = DIRECTION ( 'NONE',  ( -1.000000000000000000, -6.501293528964970844E-15, 2.371361346275859941E-15 ) ) ;
#3476 = ORIENTED_EDGE ( 'NONE', *, *, #1889, .F. ) ;
#3477 =( BOUNDED_CURVE ( )  B_SPLINE_CURVE ( 3, ( #3349, #4562, #2867, #2006 ),
 .UNSPECIFIED., .F., .F. ) 
 B_SPLINE_CURVE_WITH_KNOTS ( ( 4, 4 ),
 ( 4.891849744650189180, 4.892435373345199956 ),
 .UNSPECIFIED. ) 
 CURVE ( )  GEOMETRIC_REPRESENTATION_ITEM ( )  RATIONAL_B_SPLINE_CURVE ( ( 1.000000000000000000, 0.9999999714199190315, 0.9999999714199190315, 1.000000000000000000 ) ) 
 REPRESENTATION_ITEM ( '' )  );
#3478 = CARTESIAN_POINT ( 'NONE',  ( 162.0171133453979735, -130.2014655219149972, 90.88499999999999091 ) ) ;
#3479 = ORIENTED_EDGE ( 'NONE', *, *, #932, .T. ) ;
#3480 = EDGE_LOOP ( 'NONE', ( #1914, #4020, #3572, #5481, #689, #2356, #2492, #3741, #1992, #1684 ) ) ;
#3481 = ORIENTED_EDGE ( 'NONE', *, *, #4915, .F. ) ;
#3482 = CARTESIAN_POINT ( 'NONE',  ( 165.7547861250089909, -119.8621712665460137, 107.2644405637399956 ) ) ;
#3483 = VERTEX_POINT ( 'NONE', #2955 ) ;
#3484 = VECTOR ( 'NONE', #3914, 1000.000000000000000 ) ;
#3485 = EDGE_CURVE ( 'NONE', #2223, #58, #1208, .T. ) ;
#3486 = DIRECTION ( 'NONE',  ( 0.000000000000000000, 4.430635266668070654E-15, 1.000000000000000000 ) ) ;
#3487 = DIRECTION ( 'NONE',  ( -0.5773502691896410521, 0.5773502691896260641, -0.5773502691896100769 ) ) ;
#3488 = DIRECTION ( 'NONE',  ( -1.539220716937389985E-14, 0.000000000000000000, 1.000000000000000000 ) ) ;
#3489 = FACE_OUTER_BOUND ( 'NONE', #187, .T. ) ;
#3490 = AXIS2_PLACEMENT_3D ( 'NONE', #4592, #749, #2032 ) ;
#3491 = CARTESIAN_POINT ( 'NONE',  ( 163.0171133453989682, -130.0529310438300001, 92.46230441458909866 ) ) ;
#3492 = ADVANCED_FACE ( 'NONE', ( #363 ), #2982, .F. ) ;
#3493 = CARTESIAN_POINT ( 'NONE',  ( 158.1497566842990068, -127.3249999999999886, 92.80999999999720274 ) ) ;
#3494 = DIRECTION ( 'NONE',  ( 1.000000000000000000, -7.120326166349700838E-29, 1.539220716937389985E-14 ) ) ;
#3495 = ORIENTED_EDGE ( 'NONE', *, *, #1804, .F. ) ;
#3496 = DIRECTION ( 'NONE',  ( 1.000000000000000000, 1.887379142593749877E-15, 1.700707699447160361E-14 ) ) ;
#3497 = CARTESIAN_POINT ( 'NONE',  ( 135.1768364872739880, -140.4624928209250072, 103.7997837525840055 ) ) ;
#3498 = CARTESIAN_POINT ( 'NONE',  ( 151.4497566842990182, -133.5626048320400230, 89.48499999999999943 ) ) ;
#3499 = ORIENTED_EDGE ( 'NONE', *, *, #4878, .T. ) ;
#3500 = EDGE_CURVE ( 'NONE', #1169, #4495, #5017, .T. ) ;
#3501 = DIRECTION ( 'NONE',  ( 1.569712496704820284E-14, -1.000000000000000000, -4.718447854659520510E-16 ) ) ;
#3502 = AXIS2_PLACEMENT_3D ( 'NONE', #495, #859, #2564 ) ;
#3503 = DIRECTION ( 'NONE',  ( -2.892304216119340092E-14, 2.810542046950520254E-15, -1.000000000000000000 ) ) ;
#3504 = ORIENTED_EDGE ( 'NONE', *, *, #336, .T. ) ;
#3505 = DIRECTION ( 'NONE',  ( 9.227827737143710103E-15, -1.000000000000000000, -3.764665582243170064E-16 ) ) ;
#3506 = ORIENTED_EDGE ( 'NONE', *, *, #429, .T. ) ;
#3507 = DIRECTION ( 'NONE',  ( 1.000000000000000000, -7.120326166349700838E-29, 1.539220716937389985E-14 ) ) ;
#3508 = VERTEX_POINT ( 'NONE', #2455 ) ;
#3509 = VECTOR ( 'NONE', #1372, 1000.000000000000000 ) ;
#3510 = VERTEX_POINT ( 'NONE', #1691 ) ;
#3511 = ORIENTED_EDGE ( 'NONE', *, *, #4719, .T. ) ;
#3512 = CARTESIAN_POINT ( 'NONE',  ( 162.0171133453979735, -125.9750000000000085, 90.88499999999999091 ) ) ;
#3513 = VERTEX_POINT ( 'NONE', #5510 ) ;
#3514 = DIRECTION ( 'NONE',  ( 4.037174634999905376E-15, -1.049328997390330010E-15, 1.000000000000000000 ) ) ;
#3515 = VECTOR ( 'NONE', #3433, 1000.000000000000000 ) ;
#3516 = DIRECTION ( 'NONE',  ( -1.000000000000000000, -1.569712496704820284E-14, -2.418031965417649952E-14 ) ) ;
#3517 = FACE_OUTER_BOUND ( 'NONE', #3662, .T. ) ;
#3518 = CARTESIAN_POINT ( 'NONE',  ( 143.4400000000080126, -134.1749999999999829, 92.80999999999869488 ) ) ;
#3519 = VECTOR ( 'NONE', #993, 1000.000000000000000 ) ;
#3520 = LINE ( 'NONE', #105, #1856 ) ;
#3521 = DIRECTION ( 'NONE',  ( 1.000000000000000000, 8.946782286856180428E-15, -2.371361253508400217E-15 ) ) ;
#3522 = DIRECTION ( 'NONE',  ( -1.581958964696300110E-14, 1.000000000000000000, 4.718447854659550092E-16 ) ) ;
#3523 = ORIENTED_EDGE ( 'NONE', *, *, #1461, .F. ) ;
#3524 = CARTESIAN_POINT ( 'NONE',  ( 165.5467683306320055, -119.6623320437360007, 105.0811190093599947 ) ) ;
#3525 = LINE ( 'NONE', #2316, #3812 ) ;
#3526 = DIRECTION ( 'NONE',  ( 0.7071067811866100783, -0.7071067811864850672, -3.143904880882829402E-16 ) ) ;
#3527 = EDGE_CURVE ( 'NONE', #4130, #4916, #387, .T. ) ;
#3528 = ADVANCED_FACE ( 'NONE', ( #4692 ), #2036, .T. ) ;
#3529 = EDGE_LOOP ( 'NONE', ( #5499, #1705 ) ) ;
#3530 = FACE_OUTER_BOUND ( 'NONE', #1970, .T. ) ;
#3531 = CYLINDRICAL_SURFACE ( 'NONE', #114, 1.349999999999758282 ) ;
#3532 = VERTEX_POINT ( 'NONE', #437 ) ;
#3533 = EDGE_CURVE ( 'NONE', #2526, #3928, #3370, .T. ) ;
#3534 = EDGE_LOOP ( 'NONE', ( #2447, #3718, #5290, #1163 ) ) ;
#3535 = CARTESIAN_POINT ( 'NONE',  ( 163.0171133453979735, -131.8249999999999886, 91.20374999999900467 ) ) ;
#3536 = VECTOR ( 'NONE', #3185, 1000.000000000000000 ) ;
#3537 = ORIENTED_EDGE ( 'NONE', *, *, #54, .F. ) ;
#3538 = ORIENTED_EDGE ( 'NONE', *, *, #2040, .F. ) ;
#3539 = CIRCLE ( 'NONE', #4983, 3.000000000000002665 ) ;
#3540 = AXIS2_PLACEMENT_3D ( 'NONE', #3390, #503, #4 ) ;
#3541 = EDGE_CURVE ( 'NONE', #3513, #545, #3803, .T. ) ;
#3542 = ORIENTED_EDGE ( 'NONE', *, *, #1689, .T. ) ;
#3543 = CARTESIAN_POINT ( 'NONE',  ( 121.9971349070250000, -119.4624928212090111, 110.4963028085129935 ) ) ;
#3544 = EDGE_CURVE ( 'NONE', #736, #2545, #5094, .T. ) ;
#3545 = ORIENTED_EDGE ( 'NONE', *, *, #4944, .F. ) ;
#3546 = CARTESIAN_POINT ( 'NONE',  ( 174.2171132998479948, -119.4624928214270057, 100.7500000000189999 ) ) ;
#3548 = DIRECTION ( 'NONE',  ( -1.000000000000000000, -2.009843822507189716E-15, 6.867912022876659601E-13 ) ) ;
#3547 = VECTOR ( 'NONE', #675, 1000.000000000000000 ) ;
#3549 = DIRECTION ( 'NONE',  ( 1.000000000000000000, 0.000000000000000000, 0.000000000000000000 ) ) ;
#3550 = EDGE_LOOP ( 'NONE', ( #5419, #1340 ) ) ;
#3551 = CARTESIAN_POINT ( 'NONE',  ( 134.9365022088548756, -137.1938512425049339, 94.35083574104872639 ) ) ;
#3552 = AXIS2_PLACEMENT_3D ( 'NONE', #5226, #2676, #3127 ) ;
#3553 = DIRECTION ( 'NONE',  ( 0.000000000000000000, -0.06334459318337669342, 0.9979917146521970484 ) ) ;
#3554 = CARTESIAN_POINT ( 'NONE',  ( 156.5497566843010304, -136.9249999999999829, 92.80999999999698957 ) ) ;
#3555 = LINE ( 'NONE', #1775, #195 ) ;
#3556 = ORIENTED_EDGE ( 'NONE', *, *, #1178, .T. ) ;
#3557 = CARTESIAN_POINT ( 'NONE',  ( 158.1497566842990068, -125.9750000000000085, 91.34749999999830550 ) ) ;
#3558 = AXIS2_PLACEMENT_3D ( 'NONE', #3938, #3516, #3095 ) ;
#3559 = DIRECTION ( 'NONE',  ( 0.000000000000000000, -1.000000000000000000, 1.926745932492380336E-15 ) ) ;
#3560 = CYLINDRICAL_SURFACE ( 'NONE', #5247, 2.099999999999990763 ) ;
#3561 = ORIENTED_EDGE ( 'NONE', *, *, #5071, .T. ) ;
#3562 = DIRECTION ( 'NONE',  ( 1.000000000000000000, 2.009843822508529990E-15, -2.748129594203410252E-15 ) ) ;
#3563 = PRESENTATION_LAYER_ASSIGNMENT (  '', '', ( #5031 ) ) ;
#3564 = CARTESIAN_POINT ( 'NONE',  ( 134.7997510703480089, -138.6733286426149903, 109.7643247870279879 ) ) ;
#3565 = ORIENTED_EDGE ( 'NONE', *, *, #3723, .F. ) ;
#3566 = ADVANCED_FACE ( 'NONE', ( #5068 ), #3303, .T. ) ;
#3567 = CARTESIAN_POINT ( 'NONE',  ( 165.3387505362539969, -119.4624928209249930, 105.0811190093599947 ) ) ;
#3568 = VERTEX_POINT ( 'NONE', #1616 ) ;
#3569 = CONICAL_SURFACE ( 'NONE', #4820, 1.774999999999998801, 0.7853981633974236320 ) ;
#3570 = CARTESIAN_POINT ( 'NONE',  ( 156.7256133453920199, -119.4624928209249930, 100.9728259181419929 ) ) ;
#3571 = EDGE_CURVE ( 'NONE', #3532, #1738, #783, .T. ) ;
#3572 = ORIENTED_EDGE ( 'NONE', *, *, #3364, .F. ) ;
#3573 = VERTEX_POINT ( 'NONE', #2484 ) ;
#3574 = ORIENTED_EDGE ( 'NONE', *, *, #3405, .F. ) ;
#3575 = ORIENTED_EDGE ( 'NONE', *, *, #3990, .F. ) ;
#3576 = ADVANCED_FACE ( 'NONE', ( #4646 ), #4216, .F. ) ;
#3577 = ADVANCED_FACE ( 'NONE', ( #2956, #2086 ), #1644, .T. ) ;
#3578 = FACE_OUTER_BOUND ( 'NONE', #4918, .T. ) ;
#3579 = EDGE_CURVE ( 'NONE', #4943, #2223, #3006, .T. ) ;
#3580 = ORIENTED_EDGE ( 'NONE', *, *, #1367, .T. ) ;
#3581 = DIRECTION ( 'NONE',  ( -0.7071067811863140928, -0.7071067811867810526, -2.073949011534770195E-15 ) ) ;
#3582 = LINE ( 'NONE', #4747, #4799 ) ;
#3583 = EDGE_CURVE ( 'NONE', #4023, #3870, #1255, .T. ) ;
#3584 = LINE ( 'NONE', #5258, #4737 ) ;
#3585 = EDGE_LOOP ( 'NONE', ( #203, #1496, #1110, #5239 ) ) ;
#3586 = VECTOR ( 'NONE', #3717, 1000.000000000000000 ) ;
#3587 = LINE ( 'NONE', #4422, #3047 ) ;
#3588 = DIRECTION ( 'NONE',  ( -8.742289393080240347E-15, 1.000000000000000000, -1.611608585131940061E-13 ) ) ;
#3589 = AXIS2_PLACEMENT_3D ( 'NONE', #2109, #3830, #2038 ) ;
#3590 = DIRECTION ( 'NONE',  ( 0.7071067811865460184, 0.7071067811865489050, -4.853685143406628881E-13 ) ) ;
#3591 = CARTESIAN_POINT ( 'NONE',  ( 132.4171133454029814, -124.3438512425049964, 92.80999999999698957 ) ) ;
#3592 = ORIENTED_EDGE ( 'NONE', *, *, #353, .F. ) ;
#3593 = DIRECTION ( 'NONE',  ( -7.360091965268660478E-15, 0.000000000000000000, -1.000000000000000000 ) ) ;
#3594 = FACE_OUTER_BOUND ( 'NONE', #4816, .T. ) ;
#3595 = FACE_OUTER_BOUND ( 'NONE', #3446, .T. ) ;
#3596 = AXIS2_PLACEMENT_3D ( 'NONE', #1454, #5324, #229 ) ;
#3597 = CARTESIAN_POINT ( 'NONE',  ( 143.9500000000079751, -127.3249999999999886, 92.80999999999869488 ) ) ;
#3598 = CARTESIAN_POINT ( 'NONE',  ( 169.4448783421489964, -130.8094256212499999, 102.7643259181419921 ) ) ;
#3599 = DIRECTION ( 'NONE',  ( 1.581958964696309892E-14, -1.000000000000000000, 2.529453808884130036E-15 ) ) ;
#3600 = CONICAL_SURFACE ( 'NONE', #2332, 1.900000000000012790, 0.7853981633969229215 ) ;
#3601 = AXIS2_PLACEMENT_3D ( 'NONE', #1043, #3681, #3201 ) ;
#3602 = ORIENTED_EDGE ( 'NONE', *, *, #1953, .T. ) ;
#3603 = ORIENTED_EDGE ( 'NONE', *, *, #15, .T. ) ;
#3604 = ORIENTED_EDGE ( 'NONE', *, *, #1819, .T. ) ;
#3605 = CIRCLE ( 'NONE', #2434, 2.349999999999990763 ) ;
#3606 = ORIENTED_EDGE ( 'NONE', *, *, #2050, .T. ) ;
#3607 = PLANE ( 'NONE',  #1168 ) ;
#3608 = AXIS2_PLACEMENT_3D ( 'NONE', #2016, #3281, #3654 ) ;
#3609 = ORIENTED_EDGE ( 'NONE', *, *, #519, .T. ) ;
#3610 = CARTESIAN_POINT ( 'NONE',  ( 163.0171133453979735, -140.0624928209259963, 97.78932591814199782 ) ) ;
#3611 = CARTESIAN_POINT ( 'NONE',  ( 162.0171133453979735, -134.1749999999999829, 92.80999999999720274 ) ) ;
#3612 = CARTESIAN_POINT ( 'NONE',  ( 157.1497566842990068, -134.1749999999999829, 92.80999999999720274 ) ) ;
#3613 = EDGE_LOOP ( 'NONE', ( #5104, #632 ) ) ;
#3614 = DIRECTION ( 'NONE',  ( 0.000000000000000000, 1.000000000000000000, -1.926745932492380336E-15 ) ) ;
#3615 = APPLICATION_CONTEXT ( 'automotive_design' ) ;
#3616 = DIRECTION ( 'NONE',  ( -8.742289393080030510E-15, 1.000000000000000000, -7.223637016929600039E-14 ) ) ;
#3617 = VECTOR ( 'NONE', #4620, 1000.000000000000000 ) ;
#3618 = LINE ( 'NONE', #3193, #5048 ) ;
#3619 = CARTESIAN_POINT ( 'NONE',  ( 161.2710492718444755, -135.0148803587365478, 94.10476395658160698 ) ) ;
#3620 = ORIENTED_EDGE ( 'NONE', *, *, #3308, .F. ) ;
#3621 = DIRECTION ( 'NONE',  ( -1.762258769246287846E-14, 1.000000000000000000, 0.000000000000000000 ) ) ;
#3622 = DIRECTION ( 'NONE',  ( 2.081254558480789989E-14, -2.529453808883810153E-15, -1.000000000000000000 ) ) ;
#3623 = CARTESIAN_POINT ( 'NONE',  ( 150.1948783421489964, -130.7594256212510118, 110.7643259181420063 ) ) ;
#3624 = CIRCLE ( 'NONE', #407, 1.708500000000001684 ) ;
#3625 = LINE ( 'NONE', #5358, #4300 ) ;
#3626 = EDGE_CURVE ( 'NONE', #3944, #3030, #3355, .T. ) ;
#3627 = CARTESIAN_POINT ( 'NONE',  ( 162.0171133453979735, -130.7500000000000000, 92.52249999999840213 ) ) ;
#3628 = DIRECTION ( 'NONE',  ( 1.000000000000000000, 0.000000000000000000, 0.000000000000000000 ) ) ;
#3629 = ORIENTED_EDGE ( 'NONE', *, *, #2119, .F. ) ;
#3630 = EDGE_LOOP ( 'NONE', ( #3609, #3620, #325, #516, #2922, #5397, #4485, #2386, #1579, #2078 ) ) ;
#3631 = ORIENTED_EDGE ( 'NONE', *, *, #3399, .T. ) ;
#3632 = EDGE_CURVE ( 'NONE', #1416, #920, #463, .T. ) ;
#3633 = ORIENTED_EDGE ( 'NONE', *, *, #3141, .F. ) ;
#3634 = AXIS2_PLACEMENT_3D ( 'NONE', #2921, #4636, #2861 ) ;
#3635 = LINE ( 'NONE', #4558, #3586 ) ;
#3636 = VERTEX_POINT ( 'NONE', #4670 ) ;
#3637 = CARTESIAN_POINT ( 'NONE',  ( 132.4171133454029814, -119.4624928209269967, 96.06432591814069610 ) ) ;
#3638 = FACE_OUTER_BOUND ( 'NONE', #2778, .T. ) ;
#3639 = ORIENTED_EDGE ( 'NONE', *, *, #4157, .F. ) ;
#3640 = ADVANCED_FACE ( 'NONE', ( #857 ), #1667, .F. ) ;
#3641 = CARTESIAN_POINT ( 'NONE',  ( 171.1076603330542980, -119.8617629959866946, 107.2648488342984763 ) ) ;
#3642 = FACE_OUTER_BOUND ( 'NONE', #2416, .T. ) ;
#3643 = AXIS2_PLACEMENT_3D ( 'NONE', #5051, #4099, #4551 ) ;
#3644 = CARTESIAN_POINT ( 'NONE',  ( 172.1948783421489964, -130.8094256212499999, 102.7643259181419921 ) ) ;
#3645 = CARTESIAN_POINT ( 'NONE',  ( 162.0171133453979735, -134.2688162851839877, 94.15673624166939248 ) ) ;
#3646 = ORIENTED_EDGE ( 'NONE', *, *, #996, .F. ) ;
#3647 = DIRECTION ( 'NONE',  ( -2.013492964751100111E-14, 2.810542046950420069E-15, -1.000000000000000000 ) ) ;
#3648 = DIRECTION ( 'NONE',  ( 0.6927882173194157556, 0.7211410998850267262, -2.918728201439970454E-15 ) ) ;
#3649 = DIRECTION ( 'NONE',  ( 0.000000000000000000, 1.407292413469239864E-15, 1.000000000000000000 ) ) ;
#3650 = VECTOR ( 'NONE', #3487, 1000.000000000000000 ) ;
#3651 = CIRCLE ( 'NONE', #513, 1.349999999999740297 ) ;
#3652 = CARTESIAN_POINT ( 'NONE',  ( 150.5296133453909988, -140.2624928209240238, 102.9643259181420092 ) ) ;
#3653 = AXIS2_PLACEMENT_3D ( 'NONE', #4790, #2203, #1758 ) ;
#3654 = DIRECTION ( 'NONE',  ( -2.418031965417649952E-14, 0.000000000000000000, 1.000000000000000000 ) ) ;
#3655 = ADVANCED_FACE ( 'NONE', ( #3008 ), #3829, .F. ) ;
#3656 = DIRECTION ( 'NONE',  ( 1.000000000000000000, 0.000000000000000000, 0.000000000000000000 ) ) ;
#3657 = EDGE_CURVE ( 'NONE', #2122, #3053, #3458, .T. ) ;
#3658 = ORIENTED_EDGE ( 'NONE', *, *, #1979, .T. ) ;
#3659 = ORIENTED_EDGE ( 'NONE', *, *, #1147, .T. ) ;
#3660 = ORIENTED_EDGE ( 'NONE', *, *, #2978, .T. ) ;
#3661 = VECTOR ( 'NONE', #5116, 1000.000000000000000 ) ;
#3662 = EDGE_LOOP ( 'NONE', ( #4887, #2727, #657, #2208 ) ) ;
#3663 = CARTESIAN_POINT ( 'NONE',  ( 147.6948783421530038, -130.7594256212520065, 96.38500000000000512 ) ) ;
#3664 = ORIENTED_EDGE ( 'NONE', *, *, #2479, .T. ) ;
#3665 = ORIENTED_EDGE ( 'NONE', *, *, #1382, .F. ) ;
#3666 = CARTESIAN_POINT ( 'NONE',  ( 137.4171133454100016, -125.3499999999999943, 92.80999999999889383 ) ) ;
#3667 = DIRECTION ( 'NONE',  ( -2.371361346275850080E-15, -1.926745932492350360E-15, -1.000000000000000000 ) ) ;
#3668 = DIRECTION ( 'NONE',  ( 1.000000000000000000, 0.000000000000000000, 0.000000000000000000 ) ) ;
#3669 = ORIENTED_EDGE ( 'NONE', *, *, #2298, .T. ) ;
#3670 = EDGE_CURVE ( 'NONE', #2339, #699, #3033, .T. ) ;
#3671 = DIRECTION ( 'NONE',  ( -1.000000000000000000, -8.946782286856180428E-15, 2.371361253508400217E-15 ) ) ;
#3672 = ADVANCED_FACE ( 'NONE', ( #5069 ), #44, .F. ) ;
#3673 =( BOUNDED_CURVE ( )  B_SPLINE_CURVE ( 3, ( #394, #5127, #4304, #4651 ),
 .UNSPECIFIED., .F., .F. ) 
 B_SPLINE_CURVE_WITH_KNOTS ( ( 4, 4 ),
 ( 4.238322334021034976, 5.023720497418549868 ),
 .UNSPECIFIED. ) 
 CURVE ( )  GEOMETRIC_REPRESENTATION_ITEM ( )  RATIONAL_B_SPLINE_CURVE ( ( 1.000000000000000000, 0.9492530216741820182, 0.9492530216741820182, 1.000000000000000000 ) ) 
 REPRESENTATION_ITEM ( '' )  );
#3674 = UNCERTAINTY_MEASURE_WITH_UNIT (LENGTH_MEASURE( 1.000000000000000082E-05 ), #3752, 'distance_accuracy_value', 'NONE');
#3675 = CARTESIAN_POINT ( 'NONE',  ( 163.0171133453979735, -128.6529310438299945, 90.88499999999999091 ) ) ;
#3676 = DIRECTION ( 'NONE',  ( 2.371361224627529973E-15, 1.926745932492350360E-15, 1.000000000000000000 ) ) ;
#3677 = EDGE_LOOP ( 'NONE', ( #4707, #937 ) ) ;
#3678 = DIRECTION ( 'NONE',  ( -2.013492943509530237E-14, -1.926745932492400058E-15, -1.000000000000000000 ) ) ;
#3679 = CYLINDRICAL_SURFACE ( 'NONE', #4172, 2.349999999999745182 ) ;
#3680 = CARTESIAN_POINT ( 'NONE',  ( 161.2171130401620189, -140.0624928209230120, 103.6640618979689918 ) ) ;
#3681 = DIRECTION ( 'NONE',  ( 1.000000000000000000, 5.732307797903110543E-15, -2.371361346275859941E-15 ) ) ;
#3682 = CARTESIAN_POINT ( 'NONE',  ( 124.3689531356949942, -119.8624928209259934, 107.2641190093600017 ) ) ;
#3683 = VECTOR ( 'NONE', #1894, 1000.000000000000000 ) ;
#3684 = CARTESIAN_POINT ( 'NONE',  ( 160.9671133453899756, -140.2624928209260133, 110.5643259181420035 ) ) ;
#3685 = ADVANCED_FACE ( 'NONE', ( #438 ), #1141, .F. ) ;
#3686 = EDGE_LOOP ( 'NONE', ( #4027, #3369, #3897, #4831 ) ) ;
#3687 = ORIENTED_EDGE ( 'NONE', *, *, #891, .F. ) ;
#3688 = ORIENTED_EDGE ( 'NONE', *, *, #2409, .F. ) ;
#3689 = ORIENTED_EDGE ( 'NONE', *, *, #1747, .F. ) ;
#3690 = LINE ( 'NONE', #3263, #2444 ) ;
#3691 = ORIENTED_EDGE ( 'NONE', *, *, #164, .T. ) ;
#3692 = EDGE_LOOP ( 'NONE', ( #4554, #867, #2056, #3542 ) ) ;
#3694 = DIRECTION ( 'NONE',  ( -1.000000000000000000, 0.000000000000000000, 0.000000000000000000 ) ) ;
#3693 = VECTOR ( 'NONE', #5100, 1000.000000000000114 ) ;
#3695 = CARTESIAN_POINT ( 'NONE',  ( 172.7216946132480189, -119.8621712665460137, 107.2644405637399956 ) ) ;
#3696 = DIRECTION ( 'NONE',  ( -1.000000000000000000, -1.181088324069688066E-14, -2.418031965417690026E-14 ) ) ;
#3697 = ORIENTED_EDGE ( 'NONE', *, *, #1332, .T. ) ;
#3698 = AXIS2_PLACEMENT_3D ( 'NONE', #5518, #5151, #4335 ) ;
#3699 = PRESENTATION_STYLE_ASSIGNMENT (( #2453 ) ) ;
#3700 = DIRECTION ( 'NONE',  ( 1.000000000000000000, 2.018587317500270047E-14, 2.418031965417649952E-14 ) ) ;
#3701 = CARTESIAN_POINT ( 'NONE',  ( 163.0171133453979735, -127.3249999999999886, 92.80999999999720274 ) ) ;
#3702 = CARTESIAN_POINT ( 'NONE',  ( 136.9776768572590129, -119.4624928209260020, 107.6641190093600073 ) ) ;
#3703 = PLANE ( 'NONE',  #5511 ) ;
#3704 = LINE ( 'NONE', #1618, #3547 ) ;
#3705 = DIRECTION ( 'NONE',  ( 2.418031965417649952E-14, 2.810542139867140164E-15, -1.000000000000000000 ) ) ;
#3706 = FACE_OUTER_BOUND ( 'NONE', #5422, .T. ) ;
#3707 = PLANE ( 'NONE',  #1390 ) ;
#3708 = VECTOR ( 'NONE', #2621, 1000.000000000000114 ) ;
#3709 = EDGE_CURVE ( 'NONE', #4317, #72, #1718, .T. ) ;
#3710 = VERTEX_POINT ( 'NONE', #2485 ) ;
#3711 = VERTEX_POINT ( 'NONE', #4193 ) ;
#3712 = LINE ( 'NONE', #766, #3182 ) ;
#3713 = EDGE_LOOP ( 'NONE', ( #2008, #2494, #125, #5312, #1497, #4019, #2071, #2674, #3214, #3797, #4203, #89, #5502, #2301, #4664, #4907, #4824, #5525, #3991, #2069, #426, #1847, #352, #5028 ) ) ;
#3714 = EDGE_CURVE ( 'NONE', #920, #1472, #364, .T. ) ;
#3715 = EDGE_CURVE ( 'NONE', #4709, #1551, #1692, .T. ) ;
#3716 = ORIENTED_EDGE ( 'NONE', *, *, #410, .T. ) ;
#3717 = DIRECTION ( 'NONE',  ( -1.000000000000000000, -2.811267926180650255E-15, 2.330637149875950107E-14 ) ) ;
#3718 = ORIENTED_EDGE ( 'NONE', *, *, #2491, .T. ) ;
#3719 = ORIENTED_EDGE ( 'NONE', *, *, #3358, .F. ) ;
#3720 = DIRECTION ( 'NONE',  ( 2.748129594203400391E-15, 1.407292413469239864E-15, 1.000000000000000000 ) ) ;
#3721 = DIRECTION ( 'NONE',  ( 1.000000000000000000, 0.000000000000000000, 0.000000000000000000 ) ) ;
#3722 = VERTEX_POINT ( 'NONE', #5488 ) ;
#3723 = EDGE_CURVE ( 'NONE', #1218, #4076, #1230, .T. ) ;
#3724 = ADVANCED_FACE ( 'NONE', ( #804 ), #2508, .T. ) ;
#3725 = EDGE_CURVE ( 'NONE', #3264, #3180, #1663, .T. ) ;
#3726 = DIRECTION ( 'NONE',  ( 0.000000000000000000, 1.973846303234049855E-15, 1.000000000000000000 ) ) ;
#3727 = LINE ( 'NONE', #802, #3110 ) ;
#3728 = PLANE ( 'NONE',  #4579 ) ;
#3729 = DIRECTION ( 'NONE',  ( 0.5130924759623248788, -0.8583333333331818471, 1.485209458425509588E-15 ) ) ;
#3730 = LINE ( 'NONE', #5432, #2550 ) ;
#3731 = CARTESIAN_POINT ( 'NONE',  ( 124.7391803146820024, -119.4624928209260020, 107.6641190093600073 ) ) ;
#3732 = AXIS2_PLACEMENT_3D ( 'NONE', #3809, #5520, #5101 ) ;
#3733 = VECTOR ( 'NONE', #5129, 1000.000000000000000 ) ;
#3734 = DIRECTION ( 'NONE',  ( -0.5927832416538070248, -0.5694769654754879840, 0.5694769654755440502 ) ) ;
#3735 = CARTESIAN_POINT ( 'NONE',  ( 121.2170679492020042, -140.4624928209230177, 103.7542814400920008 ) ) ;
#3736 = CARTESIAN_POINT ( 'NONE',  ( 129.3159429339690121, -119.4624928209260020, 109.7643247870279879 ) ) ;
#3737 = VECTOR ( 'NONE', #2317, 1000.000000000000000 ) ;
#3738 = VECTOR ( 'NONE', #1302, 1000.000000000000000 ) ;
#3739 = ORIENTED_EDGE ( 'NONE', *, *, #2790, .F. ) ;
#3740 = ADVANCED_FACE ( 'NONE', ( #197 ), #4446, .T. ) ;
#3741 = ORIENTED_EDGE ( 'NONE', *, *, #560, .F. ) ;
#3742 = CARTESIAN_POINT ( 'NONE',  ( 158.2768364872740108, -140.2624928209250186, 103.7997837525840055 ) ) ;
#3743 = ORIENTED_EDGE ( 'NONE', *, *, #1818, .F. ) ;
#3744 = VERTEX_POINT ( 'NONE', #1892 ) ;
#3745 = EDGE_CURVE ( 'NONE', #2339, #3931, #2703, .T. ) ;
#3746 = CARTESIAN_POINT ( 'NONE',  ( 151.4497566842988476, -127.3250000000000739, 90.85999999999687304 ) ) ;
#3747 = ORIENTED_EDGE ( 'NONE', *, *, #723, .T. ) ;
#3748 = LINE ( 'NONE', #3186, #1232 ) ;
#3749 = DIRECTION ( 'NONE',  ( -1.000000000000000000, -1.569712496704820284E-14, -2.418031965417649952E-14 ) ) ;
#3750 = CARTESIAN_POINT ( 'NONE',  ( 163.0171133453979735, -134.6830298475569805, 95.10442926976980971 ) ) ;
#3751 = ORIENTED_EDGE ( 'NONE', *, *, #5250, .T. ) ;
#3752 =( LENGTH_UNIT ( ) NAMED_UNIT ( * ) SI_UNIT ( .MILLI., .METRE. ) );
#3753 = ADVANCED_FACE ( 'NONE', ( #972 ), #4419, .T. ) ;
#3754 = CARTESIAN_POINT ( 'NONE',  ( 141.8692734138259937, -140.4624928209260020, 107.7643247870279879 ) ) ;
#3755 = DIRECTION ( 'NONE',  ( 0.000000000000000000, -1.000000000000000000, 4.430635266668070654E-15 ) ) ;
#3756 = CARTESIAN_POINT ( 'NONE',  ( 120.2171133453939973, -119.4624950404660098, 100.7500000000264038 ) ) ;
#3757 = CARTESIAN_POINT ( 'NONE',  ( 132.4171133454049993, -119.4624928209269967, 96.06432591814069610 ) ) ;
#3758 = DIRECTION ( 'NONE',  ( -9.227827737143710103E-15, 1.000000000000000000, 0.000000000000000000 ) ) ;
#3759 = DIRECTION ( 'NONE',  ( 0.000000000000000000, -1.000000000000000000, -4.625929269271481378E-15 ) ) ;
#3760 = LINE ( 'NONE', #4176, #1743 ) ;
#3761 = AXIS2_PLACEMENT_3D ( 'NONE', #5167, #1381, #2214 ) ;
#3762 = ORIENTED_EDGE ( 'NONE', *, *, #1548, .T. ) ;
#3763 = AXIS2_PLACEMENT_3D ( 'NONE', #75, #1771, #3488 ) ;
#3764 = ORIENTED_EDGE ( 'NONE', *, *, #2726, .T. ) ;
#3765 = DIRECTION ( 'NONE',  ( 0.000000000000000000, 1.000000000000000000, -1.622896118156660156E-15 ) ) ;
#3766 = ORIENTED_EDGE ( 'NONE', *, *, #3982, .T. ) ;
#3767 = AXIS2_PLACEMENT_3D ( 'NONE', #468, #2166, #1363 ) ;
#3768 = VERTEX_POINT ( 'NONE', #1770 ) ;
#3769 = FACE_OUTER_BOUND ( 'NONE', #1355, .T. ) ;
#3770 = ORIENTED_EDGE ( 'NONE', *, *, #4874, .F. ) ;
#3771 = CARTESIAN_POINT ( 'NONE',  ( 171.5533783421490170, -130.8094256212499999, 110.7643259181420063 ) ) ;
#3772 = LINE ( 'NONE', #5449, #220 ) ;
#3773 = EDGE_LOOP ( 'NONE', ( #911, #3820, #3900, #3220 ) ) ;
#3774 = AXIS2_PLACEMENT_3D ( 'NONE', #227, #3726, #4538 ) ;
#3775 = FACE_OUTER_BOUND ( 'NONE', #4768, .T. ) ;
#3776 = COLOUR_RGB ( '',1.000000000000000000, 1.000000000000000000, 1.000000000000000000 ) ;
#3777 = CARTESIAN_POINT ( 'NONE',  ( 160.9671133453899756, -140.0624928209259963, 110.7643259181420063 ) ) ;
#3778 = CARTESIAN_POINT ( 'NONE',  ( 163.0171133453989682, -127.3249999999999886, 92.80999999999698957 ) ) ;
#3779 = CARTESIAN_POINT ( 'NONE',  ( 167.5363783421490211, -130.8094256212499999, 110.5643259181420035 ) ) ;
#3780 = CYLINDRICAL_SURFACE ( 'NONE', #189, 3.500000000000003109 ) ;
#3781 = DIRECTION ( 'NONE',  ( 0.7071067811865460184, 0.7071067811865489050, 3.105477172097589473E-16 ) ) ;
#3782 = EDGE_CURVE ( 'NONE', #1678, #4373, #1226, .T. ) ;
#3783 = AXIS2_PLACEMENT_3D ( 'NONE', #1040, #1808, #3621 ) ;
#3784 = CARTESIAN_POINT ( 'NONE',  ( 167.3689531356959890, -119.8624928209249987, 104.2641190093600017 ) ) ;
#3785 = VECTOR ( 'NONE', #2380, 1000.000000000000000 ) ;
#3786 = DIRECTION ( 'NONE',  ( -2.009843822508529990E-15, 1.000000000000000000, -1.926745932492350360E-15 ) ) ;
#3787 = CARTESIAN_POINT ( 'NONE',  ( 167.7363783421489813, -130.8094256212499999, 110.3643259181420007 ) ) ;
#3788 = EDGE_LOOP ( 'NONE', ( #2678, #1631 ) ) ;
#3789 = EDGE_CURVE ( 'NONE', #1026, #5035, #421, .T. ) ;
#3790 = ORIENTED_EDGE ( 'NONE', *, *, #473, .F. ) ;
#3791 = DIRECTION ( 'NONE',  ( -1.000000000000000000, -8.742289393079860116E-15, 2.371361253508389962E-15 ) ) ;
#3792 = EDGE_LOOP ( 'NONE', ( #3269, #1140, #967, #1797 ) ) ;
#3793 = VECTOR ( 'NONE', #1117, 1000.000000000000000 ) ;
#3794 = VECTOR ( 'NONE', #5217, 1000.000000000000114 ) ;
#3795 = VERTEX_POINT ( 'NONE', #5257 ) ;
#3796 = LINE ( 'NONE', #3347, #4233 ) ;
#3797 = ORIENTED_EDGE ( 'NONE', *, *, #1642, .F. ) ;
#3798 = EDGE_CURVE ( 'NONE', #845, #5134, #5340, .T. ) ;
#3799 = ORIENTED_EDGE ( 'NONE', *, *, #405, .F. ) ;
#3800 = LINE ( 'NONE', #2905, #4104 ) ;
#3801 = DIRECTION ( 'NONE',  ( -1.183291357831515956E-30, -1.049328997390330010E-15, 1.000000000000000000 ) ) ;
#3802 = EDGE_CURVE ( 'NONE', #5186, #851, #1385, .T. ) ;
#3803 = LINE ( 'NONE', #4621, #342 ) ;
#3804 = DIRECTION ( 'NONE',  ( -1.009293658750141334E-14, 1.000000000000000000, 5.046468293750706671E-15 ) ) ;
#3805 = CARTESIAN_POINT ( 'NONE',  ( 165.7547861250089909, -119.8621712665460137, 107.2644405637399956 ) ) ;
#3806 = AXIS2_PLACEMENT_3D ( 'NONE', #5195, #1356, #3062 ) ;
#3807 = LINE ( 'NONE', #3360, #1811 ) ;
#3808 = DIRECTION ( 'NONE',  ( 3.673940376433440166E-16, 1.973846303234049855E-15, 1.000000000000000000 ) ) ;
#3809 = CARTESIAN_POINT ( 'NONE',  ( 125.9448783421490106, -130.8094256212499999, 110.5643259181420035 ) ) ;
#3810 = CARTESIAN_POINT ( 'NONE',  ( 137.4171133454100016, -134.1749999999999829, 92.80999999999889383 ) ) ;
#3811 =( BOUNDED_CURVE ( )  B_SPLINE_CURVE ( 3, ( #3736, #5438, #2043, #3311 ),
 .UNSPECIFIED., .F., .F. ) 
 B_SPLINE_CURVE_WITH_KNOTS ( ( 4, 4 ),
 ( 1.637578961322095169E-14, 0.7853981633968599718 ),
 .UNSPECIFIED. ) 
 CURVE ( )  GEOMETRIC_REPRESENTATION_ITEM ( )  RATIONAL_B_SPLINE_CURVE ( ( 1.000000000000000000, 0.9492530216742679494, 0.9492530216742679494, 1.000000000000000000 ) ) 
 REPRESENTATION_ITEM ( '' )  );
#3812 = VECTOR ( 'NONE', #1394, 1000.000000000000000 ) ;
#3813 = VECTOR ( 'NONE', #237, 1000.000000000000000 ) ;
#3814 = ORIENTED_EDGE ( 'NONE', *, *, #1113, .T. ) ;
#3815 = EDGE_CURVE ( 'NONE', #3866, #2547, #4025, .T. ) ;
#3816 = ORIENTED_EDGE ( 'NONE', *, *, #4774, .T. ) ;
#3817 = EDGE_CURVE ( 'NONE', #1942, #2811, #4328, .T. ) ;
#3818 = EDGE_CURVE ( 'NONE', #1562, #3374, #863, .T. ) ;
#3819 = LINE ( 'NONE', #2124, #2251 ) ;
#3820 = ORIENTED_EDGE ( 'NONE', *, *, #3163, .F. ) ;
#3821 = EDGE_LOOP ( 'NONE', ( #5498, #898, #4376, #1793 ) ) ;
#3822 = DIRECTION ( 'NONE',  ( 0.5488750411663140261, 0.5910736794954409845, 0.5910736794955410156 ) ) ;
#3823 = AXIS2_PLACEMENT_3D ( 'NONE', #5369, #3241, #3694 ) ;
#3824 = ORIENTED_EDGE ( 'NONE', *, *, #1582, .F. ) ;
#3825 = ORIENTED_EDGE ( 'NONE', *, *, #4438, .T. ) ;
#3826 = CONICAL_SURFACE ( 'NONE', #703, 1.900000000000012790, 0.7853981633973642351 ) ;
#3827 = CARTESIAN_POINT ( 'NONE',  ( 151.4497566842990182, -120.4624928209260020, 93.02678795907030462 ) ) ;
#3828 = CARTESIAN_POINT ( 'NONE',  ( 120.2171133453939973, -119.4624950404660098, 103.7500000343869857 ) ) ;
#3829 = PLANE ( 'NONE',  #3904 ) ;
#3830 = DIRECTION ( 'NONE',  ( 2.643388153869429876E-14, -4.718447854655860195E-16, 1.000000000000000000 ) ) ;
#3831 = ADVANCED_FACE ( 'NONE', ( #3969, #1357, #167 ), #2734, .F. ) ;
#3832 = VECTOR ( 'NONE', #1664, 1000.000000000000000 ) ;
#3833 = DIRECTION ( 'NONE',  ( -2.556314081254190995E-16, -0.7071067811865631159, -0.7071067811865320296 ) ) ;
#3834 = CARTESIAN_POINT ( 'NONE',  ( 160.1768364872739880, -140.4624928209240124, 103.7997837525840055 ) ) ;
#3835 = DIRECTION ( 'NONE',  ( 0.000000000000000000, 1.000000000000000000, -1.622896118156660156E-15 ) ) ;
#3836 = LINE ( 'NONE', #2117, #1837 ) ;
#3837 = ORIENTED_EDGE ( 'NONE', *, *, #1953, .F. ) ;
#3838 = ORIENTED_EDGE ( 'NONE', *, *, #142, .F. ) ;
#3839 = DIRECTION ( 'NONE',  ( 1.994368873598360136E-15, -1.000000000000000000, 1.926840924209239714E-15 ) ) ;
#3840 = ORIENTED_EDGE ( 'NONE', *, *, #2565, .T. ) ;
#3841 = AXIS2_PLACEMENT_3D ( 'NONE', #103, #5227, #1386 ) ;
#3842 = VERTEX_POINT ( 'NONE', #4387 ) ;
#3843 = DIRECTION ( 'NONE',  ( -2.418031965417649952E-14, 0.000000000000000000, 1.000000000000000000 ) ) ;
#3844 = ORIENTED_EDGE ( 'NONE', *, *, #312, .F. ) ;
#3845 = VERTEX_POINT ( 'NONE', #4864 ) ;
#3846 = VECTOR ( 'NONE', #2194, 1000.000000000000000 ) ;
#3847 = LINE ( 'NONE', #359, #3832 ) ;
#3848 = EDGE_CURVE ( 'NONE', #3346, #4291, #3582, .T. ) ;
#3849 = ADVANCED_FACE ( 'NONE', ( #4777 ), #3200, .F. ) ;
#3850 = CARTESIAN_POINT ( 'NONE',  ( 156.5497566843011157, -134.1749999999999829, 90.85999999999698673 ) ) ;
#3851 = CARTESIAN_POINT ( 'NONE',  ( 137.0768364872739937, -140.2624928209250186, 103.7997837525840055 ) ) ;
#3852 = CARTESIAN_POINT ( 'NONE',  ( 123.0028232034120634, -119.4624928209261299, 108.7643247870268652 ) ) ;
#3853 = DIRECTION ( 'NONE',  ( 0.000000000000000000, -1.000000000000000000, 6.071242150050810561E-15 ) ) ;
#3854 = AXIS2_PLACEMENT_3D ( 'NONE', #4490, #1543, #1460 ) ;
#3855 = DIRECTION ( 'NONE',  ( -1.000000000000000000, -1.887379142593740016E-15, -1.539220716937389985E-14 ) ) ;
#3856 = LINE ( 'NONE', #921, #4214 ) ;
#3857 = CARTESIAN_POINT ( 'NONE',  ( 167.7391803146830114, -119.4624928209249930, 103.8641190093600102 ) ) ;
#3858 = DIRECTION ( 'NONE',  ( 1.000000000000000000, 2.009843820287940185E-15, -3.673940376433480102E-16 ) ) ;
#3859 = VECTOR ( 'NONE', #666, 1000.000000000000114 ) ;
#3860 = EDGE_CURVE ( 'NONE', #1555, #4821, #4353, .T. ) ;
#3861 = ORIENTED_EDGE ( 'NONE', *, *, #4288, .T. ) ;
#3862 = AXIS2_PLACEMENT_3D ( 'NONE', #1963, #3255, #4149 ) ;
#3863 = DIRECTION ( 'NONE',  ( -1.000000000000000000, -2.009843822508519735E-15, 3.285583168621639665E-16 ) ) ;
#3864 = EDGE_CURVE ( 'NONE', #1603, #3342, #550, .T. ) ;
#3865 = CYLINDRICAL_SURFACE ( 'NONE', #2636, 0.9999999999999938938 ) ;
#3866 = VERTEX_POINT ( 'NONE', #1830 ) ;
#3867 = EDGE_CURVE ( 'NONE', #545, #964, #3651, .T. ) ;
#3868 = CARTESIAN_POINT ( 'NONE',  ( 124.3687542002400050, -119.8613980543999986, 104.2630242428339926 ) ) ;
#3869 = VECTOR ( 'NONE', #2106, 1000.000000000000000 ) ;
#3870 = VERTEX_POINT ( 'NONE', #4897 ) ;
#3871 = PLANE ( 'NONE',  #3174 ) ;
#3872 = EDGE_CURVE ( 'NONE', #3205, #4057, #4162, .T. ) ;
#3873 = ORIENTED_EDGE ( 'NONE', *, *, #3470, .T. ) ;
#3874 = PRESENTATION_LAYER_ASSIGNMENT (  '', '', ( #1913 ) ) ;
#3875 = EDGE_CURVE ( 'NONE', #404, #964, #2785, .T. ) ;
#3876 = ORIENTED_EDGE ( 'NONE', *, *, #2726, .F. ) ;
#3877 = AXIS2_PLACEMENT_3D ( 'NONE', #2100, #2128, #3843 ) ;
#3878 = VECTOR ( 'NONE', #3729, 1000.000000000000000 ) ;
#3879 = DIRECTION ( 'NONE',  ( -1.887379142593809830E-15, 1.000000000000000000, 2.810542046950460301E-15 ) ) ;
#3880 = EDGE_CURVE ( 'NONE', #3154, #1678, #4979, .T. ) ;
#3881 = DIRECTION ( 'NONE',  ( -1.000000000000000000, 0.000000000000000000, 0.000000000000000000 ) ) ;
#3882 = DIRECTION ( 'NONE',  ( -0.5130924759622020881, 0.8583333333332552328, 0.000000000000000000 ) ) ;
#3883 = EDGE_CURVE ( 'NONE', #1652, #2239, #5080, .T. ) ;
#3884 = DIRECTION ( 'NONE',  ( 0.000000000000000000, -1.000000000000000000, -2.810542046950450046E-15 ) ) ;
#3885 = EDGE_CURVE ( 'NONE', #539, #1840, #302, .T. ) ;
#3886 = LINE ( 'NONE', #3411, #1897 ) ;
#3887 = DIRECTION ( 'NONE',  ( 2.892304216119340092E-14, -2.810542139866490143E-15, 1.000000000000000000 ) ) ;
#3888 = CARTESIAN_POINT ( 'NONE',  ( 147.6948783421489964, -130.7594256212510118, 110.3643259181420007 ) ) ;
#3889 = ORIENTED_EDGE ( 'NONE', *, *, #486, .F. ) ;
#3890 = DIRECTION ( 'NONE',  ( 4.032935767706580570E-15, -1.926745932492350360E-15, -1.000000000000000000 ) ) ;
#3891 = CARTESIAN_POINT ( 'NONE',  ( 158.4768364872739710, -140.0624928209250015, 103.7997837525840055 ) ) ;
#3892 = LINE ( 'NONE', #3468, #5155 ) ;
#3893 = VECTOR ( 'NONE', #4417, 1000.000000000000000 ) ;
#3894 = ORIENTED_EDGE ( 'NONE', *, *, #1899, .T. ) ;
#3895 = DIRECTION ( 'NONE',  ( 6.501293528964980310E-15, -1.000000000000000000, 1.803372339420690063E-15 ) ) ;
#3896 = DIRECTION ( 'NONE',  ( 1.000000000000000000, 0.000000000000000000, 0.000000000000000000 ) ) ;
#3897 = ORIENTED_EDGE ( 'NONE', *, *, #1325, .T. ) ;
#3898 = DIRECTION ( 'NONE',  ( 0.000000000000000000, -1.926745932492380336E-15, -1.000000000000000000 ) ) ;
#3899 = EDGE_CURVE ( 'NONE', #3944, #3768, #3748, .T. ) ;
#3900 = ORIENTED_EDGE ( 'NONE', *, *, #2819, .T. ) ;
#3901 = CIRCLE ( 'NONE', #56, 2.099999999999963229 ) ;
#3902 = CARTESIAN_POINT ( 'NONE',  ( 140.4195669587998907, -139.4624928209259451, 108.7643247870279453 ) ) ;
#3903 = ORIENTED_EDGE ( 'NONE', *, *, #2230, .T. ) ;
#3904 = AXIS2_PLACEMENT_3D ( 'NONE', #3382, #2161, #3882 ) ;
#3905 = ORIENTED_EDGE ( 'NONE', *, *, #1510, .F. ) ;
#3906 = EDGE_CURVE ( 'NONE', #3195, #3285, #694, .T. ) ;
#3907 = EDGE_LOOP ( 'NONE', ( #2672, #5089, #3574, #1883 ) ) ;
#3908 = VECTOR ( 'NONE', #1143, 1000.000000000000114 ) ;
#3909 = CARTESIAN_POINT ( 'NONE',  ( 165.7548070485978542, -119.8623856366147322, 107.2642261936701402 ) ) ;
#3910 = CLOSED_SHELL ( 'NONE', ( #2680, #1305, #3462, #833, #5392, #1508, #317 ) ) ;
#3911 = ORIENTED_EDGE ( 'NONE', *, *, #652, .T. ) ;
#3912 = PLANE ( 'NONE',  #2898 ) ;
#3913 = DIRECTION ( 'NONE',  ( 1.887379142593809830E-15, -1.000000000000000000, -3.764665582242999966E-16 ) ) ;
#3914 = DIRECTION ( 'NONE',  ( -1.000000000000000000, -8.742289393079860116E-15, 2.371361253508389962E-15 ) ) ;
#3915 = LINE ( 'NONE', #2936, #2240 ) ;
#3916 = EDGE_CURVE ( 'NONE', #2211, #3205, #1532, .T. ) ;
#3917 = CARTESIAN_POINT ( 'NONE',  ( 158.1497566842990068, -130.7500000000000000, 92.80999999999708905 ) ) ;
#3918 = DIRECTION ( 'NONE',  ( 0.000000000000000000, 8.883556882512341437E-15, -1.000000000000000000 ) ) ;
#3919 = ORIENTED_EDGE ( 'NONE', *, *, #2065, .T. ) ;
#3920 = LINE ( 'NONE', #204, #296 ) ;
#3921 = CARTESIAN_POINT ( 'NONE',  ( 159.8171133453990080, -119.9624928209249930, 96.06432591814309774 ) ) ;
#3922 = LINE ( 'NONE', #842, #1225 ) ;
#3923 = EDGE_LOOP ( 'NONE', ( #5469, #1108, #2000, #70 ) ) ;
#3924 = FACE_OUTER_BOUND ( 'NONE', #2698, .T. ) ;
#3925 = FACE_OUTER_BOUND ( 'NONE', #3534, .T. ) ;
#3926 = ORIENTED_EDGE ( 'NONE', *, *, #4121, .F. ) ;
#3927 = CARTESIAN_POINT ( 'NONE',  ( 129.3159429339690121, -119.4624928209260020, 110.3643259181420007 ) ) ;
#3928 = VERTEX_POINT ( 'NONE', #3666 ) ;
#3929 = CARTESIAN_POINT ( 'NONE',  ( 120.6171133453939888, -140.4624928209240124, 100.7500000000264038 ) ) ;
#3930 = ORIENTED_EDGE ( 'NONE', *, *, #2271, .T. ) ;
#3931 = VERTEX_POINT ( 'NONE', #3295 ) ;
#3932 = EDGE_LOOP ( 'NONE', ( #3631, #1078, #3837, #4734 ) ) ;
#3933 = PLANE ( 'NONE',  #5182 ) ;
#3934 = EDGE_CURVE ( 'NONE', #5064, #3080, #222, .T. ) ;
#3935 = VERTEX_POINT ( 'NONE', #5423 ) ;
#3936 = VECTOR ( 'NONE', #5170, 1000.000000000000000 ) ;
#3937 = DIRECTION ( 'NONE',  ( -1.000000000000000000, -9.227827737143970427E-15, 6.867912022876649504E-13 ) ) ;
#3938 = CARTESIAN_POINT ( 'NONE',  ( 151.4497566842987908, -127.3250000000000739, 92.80999999999687589 ) ) ;
#3939 = LINE ( 'NONE', #2677, #2859 ) ;
#3940 = CARTESIAN_POINT ( 'NONE',  ( 170.7373004235740268, -119.4624928209260020, 103.8641190093600102 ) ) ;
#3941 = CARTESIAN_POINT ( 'NONE',  ( 163.0171133453979735, -124.9750000000000085, 91.20374999999900467 ) ) ;
#3942 = CARTESIAN_POINT ( 'NONE',  ( 120.2171133453919936, -140.0624928209240068, 103.7500000343869857 ) ) ;
#3943 = CARTESIAN_POINT ( 'NONE',  ( 163.0171133453979735, -125.9750000000000085, 89.88500000000000512 ) ) ;
#3944 = VERTEX_POINT ( 'NONE', #1587 ) ;
#3945 = EDGE_CURVE ( 'NONE', #2545, #1476, #747, .T. ) ;
#3946 = FACE_OUTER_BOUND ( 'NONE', #3050, .T. ) ;
#3947 = CARTESIAN_POINT ( 'NONE',  ( 165.7548175178120005, -119.8624928209249987, 104.2641190093600017 ) ) ;
#3948 = FACE_OUTER_BOUND ( 'NONE', #458, .T. ) ;
#3949 = VERTEX_POINT ( 'NONE', #4506 ) ;
#3950 = ORIENTED_EDGE ( 'NONE', *, *, #4308, .T. ) ;
#3951 = AXIS2_PLACEMENT_3D ( 'NONE', #440, #2138, #3853 ) ;
#3952 = CARTESIAN_POINT ( 'NONE',  ( 128.1508943902790065, -119.4624928209260020, 108.7643247870279879 ) ) ;
#3953 = ORIENTED_EDGE ( 'NONE', *, *, #3289, .F. ) ;
#3954 = CARTESIAN_POINT ( 'NONE',  ( 124.3689531356949942, -119.8624928209259934, 104.2641190093600017 ) ) ;
#3955 = CIRCLE ( 'NONE', #2966, 90.35185232128681321 ) ;
#3956 = EDGE_CURVE ( 'NONE', #2497, #5471, #2655, .T. ) ;
#3957 = EDGE_LOOP ( 'NONE', ( #275, #1576, #5040, #358 ) ) ;
#3958 = LINE ( 'NONE', #3535, #3519 ) ;
#3959 = EDGE_LOOP ( 'NONE', ( #1203, #4384, #145, #2996 ) ) ;
#3960 = AXIS2_PLACEMENT_3D ( 'NONE', #929, #4880, #4763 ) ;
#3961 = VERTEX_POINT ( 'NONE', #2393 ) ;
#3962 = VERTEX_POINT ( 'NONE', #4137 ) ;
#3963 = CARTESIAN_POINT ( 'NONE',  ( 165.7547861250089909, -119.8621712665460137, 104.2637974549800077 ) ) ;
#3964 = ORIENTED_CLOSED_SHELL ( 'NONE', *, #5095, .F. );
#3965 = EDGE_CURVE ( 'NONE', #4611, #1470, #5448, .T. ) ;
#3966 = ORIENTED_EDGE ( 'NONE', *, *, #4883, .T. ) ;
#3967 = PLANE ( 'NONE',  #2826 ) ;
#3968 = AXIS2_PLACEMENT_3D ( 'NONE', #3493, #2193, #977 ) ;
#3969 = FACE_BOUND ( 'NONE', #2025, .T. ) ;
#3970 = DIRECTION ( 'NONE',  ( -6.867912022876659601E-13, 3.764665582180180014E-16, -1.000000000000000000 ) ) ;
#3971 = VERTEX_POINT ( 'NONE', #4922 ) ;
#3972 = LINE ( 'NONE', #3098, #5387 ) ;
#3973 = AXIS2_PLACEMENT_3D ( 'NONE', #3398, #3424, #5034 ) ;
#3974 = DIRECTION ( 'NONE',  ( 0.7071067811865490160, -0.7071067811865461294, -1.968367378222148825E-14 ) ) ;
#3975 = EDGE_CURVE ( 'NONE', #4076, #2837, #4531, .T. ) ;
#3976 = CARTESIAN_POINT ( 'NONE',  ( 173.5099505764860339, -119.4624928209260020, 110.3643259181420007 ) ) ;
#3977 = PLANE ( 'NONE',  #3767 ) ;
#3978 = EDGE_LOOP ( 'NONE', ( #2754, #5468 ) ) ;
#3979 = LINE ( 'NONE', #3557, #1712 ) ;
#3980 = LINE ( 'NONE', #5235, #4535 ) ;
#3981 = DIRECTION ( 'NONE',  ( 0.000000000000000000, 2.783691842014540029E-14, -1.000000000000000000 ) ) ;
#3982 = EDGE_CURVE ( 'NONE', #2272, #1164, #5342, .T. ) ;
#3983 = VERTEX_POINT ( 'NONE', #1949 ) ;
#3984 = DIRECTION ( 'NONE',  ( 0.000000000000000000, 1.000000000000000000, -1.926745932492350360E-15 ) ) ;
#3985 = DIRECTION ( 'NONE',  ( 1.000000000000000000, 2.009843822508519735E-15, -3.673940376433480102E-16 ) ) ;
#3986 = EDGE_LOOP ( 'NONE', ( #4102, #3417, #2549, #3017, #2899 ) ) ;
#3987 = CARTESIAN_POINT ( 'NONE',  ( 137.6171133454100186, -135.9499999999999886, 92.80999999999889383 ) ) ;
#3988 = EDGE_CURVE ( 'NONE', #744, #2236, #5346, .T. ) ;
#3989 = ADVANCED_FACE ( 'NONE', ( #5400 ), #1559, .F. ) ;
#3990 = EDGE_CURVE ( 'NONE', #4317, #3205, #960, .T. ) ;
#3991 = ORIENTED_EDGE ( 'NONE', *, *, #2575, .F. ) ;
#3992 = EDGE_CURVE ( 'NONE', #4282, #4495, #4096, .T. ) ;
#3993 = CARTESIAN_POINT ( 'NONE',  ( 157.1497566842990068, -131.8249999999999886, 92.80999999999689010 ) ) ;
#3994 = VERTEX_POINT ( 'NONE', #3927 ) ;
#3995 = CIRCLE ( 'NONE', #3084, 1.900000000000012790 ) ;
#3996 = EDGE_LOOP ( 'NONE', ( #2574, #1034, #4894, #5013 ) ) ;
#3997 = VERTEX_POINT ( 'NONE', #2902 ) ;
#3998 = AXIS2_PLACEMENT_3D ( 'NONE', #1283, #2992, #865 ) ;
#3999 = ORIENTED_EDGE ( 'NONE', *, *, #769, .F. ) ;
#4000 = CARTESIAN_POINT ( 'NONE',  ( 163.0171133453979735, -129.6529310438289997, 92.48869476322960281 ) ) ;
#4001 = EDGE_LOOP ( 'NONE', ( #4978, #5009, #3688, #2810, #1022, #4292 ) ) ;
#4002 = DIRECTION ( 'NONE',  ( -1.000000000000000000, 0.000000000000000000, 4.757973416711740266E-15 ) ) ;
#4004 = CARTESIAN_POINT ( 'NONE',  ( 163.0171133453979735, -134.1749999999999829, 92.80999999999720274 ) ) ;
#4003 = PRESENTATION_LAYER_ASSIGNMENT (  '', '', ( #4896 ) ) ;
#4005 = LINE ( 'NONE', #973, #4124 ) ;
#4006 = ORIENTED_EDGE ( 'NONE', *, *, #3965, .T. ) ;
#4007 = CARTESIAN_POINT ( 'NONE',  ( 138.2051437872740109, -140.4624928209260020, 99.86432591814069326 ) ) ;
#4008 = CARTESIAN_POINT ( 'NONE',  ( 163.0171133453989682, -127.3249999999999886, 92.80999999999698957 ) ) ;
#4009 = DIRECTION ( 'NONE',  ( -1.188848382153161404E-15, 0.7071067811865320296, 0.7071067811865631159 ) ) ;
#4010 = LINE ( 'NONE', #919, #3846 ) ;
#4011 = EDGE_LOOP ( 'NONE', ( #3040, #1859, #2862, #1245 ) ) ;
#4012 = FACE_OUTER_BOUND ( 'NONE', #1924, .T. ) ;
#4013 = CARTESIAN_POINT ( 'NONE',  ( 123.5948783421490020, -130.8094256212499999, 103.1643259181420120 ) ) ;
#4014 = DIRECTION ( 'NONE',  ( 0.000000000000000000, 5.006432955109510304E-15, 1.000000000000000000 ) ) ;
#4015 = LINE ( 'NONE', #3280, #3045 ) ;
#4016 = DIRECTION ( 'NONE',  ( 0.000000000000000000, -1.049328997390330010E-15, 1.000000000000000000 ) ) ;
#4017 = DIRECTION ( 'NONE',  ( -2.418031965417909960E-14, 1.611608585131940061E-13, 1.000000000000000000 ) ) ;
#4018 = VERTEX_POINT ( 'NONE', #4615 ) ;
#4019 = ORIENTED_EDGE ( 'NONE', *, *, #2297, .T. ) ;
#4020 = ORIENTED_EDGE ( 'NONE', *, *, #1413, .F. ) ;
#4021 = EDGE_LOOP ( 'NONE', ( #67, #997 ) ) ;
#4022 = DIRECTION ( 'NONE',  ( 1.000000000000000000, -7.867353525347980623E-29, 1.700707699447160361E-14 ) ) ;
#4023 = VERTEX_POINT ( 'NONE', #1732 ) ;
#4024 = CARTESIAN_POINT ( 'NONE',  ( 137.6171133454100186, -129.0999999999999943, 92.80999999999889383 ) ) ;
#4025 = LINE ( 'NONE', #1032, #3284 ) ;
#4026 = DIRECTION ( 'NONE',  ( 2.502637628027870229E-14, -2.810542139866680258E-15, 1.000000000000000000 ) ) ;
#4027 = ORIENTED_EDGE ( 'NONE', *, *, #878, .F. ) ;
#4028 = VECTOR ( 'NONE', #192, 1000.000000000000000 ) ;
#4029 = PLANE ( 'NONE',  #1267 ) ;
#4030 = EDGE_CURVE ( 'NONE', #1412, #2860, #481, .T. ) ;
#4031 = FACE_OUTER_BOUND ( 'NONE', #2466, .T. ) ;
#4032 = DIRECTION ( 'NONE',  ( -0.7071067811865480168, -3.626678297737295579E-15, -0.7071067811865470176 ) ) ;
#4033 = CARTESIAN_POINT ( 'NONE',  ( 124.7391803146820024, -119.4624928209260020, 103.8641190093600102 ) ) ;
#4034 = ORIENTED_EDGE ( 'NONE', *, *, #265, .T. ) ;
#4035 = CYLINDRICAL_SURFACE ( 'NONE', #3783, 1.574999999999993072 ) ;
#4036 = DIRECTION ( 'NONE',  ( 2.846725704167057308E-14, 0.000000000000000000, -1.000000000000000000 ) ) ;
#4037 = CARTESIAN_POINT ( 'NONE',  ( 121.2171133453909988, -140.0624928209230120, 102.7643259181419921 ) ) ;
#4038 = VECTOR ( 'NONE', #726, 1000.000000000000000 ) ;
#4039 = DIRECTION ( 'NONE',  ( 0.000000000000000000, 1.000000000000000000, -1.926745932492380336E-15 ) ) ;
#4040 = CARTESIAN_POINT ( 'NONE',  ( 163.0171133453979735, -127.3249999999999886, 92.80999999999720274 ) ) ;
#4041 = EDGE_CURVE ( 'NONE', #2345, #4161, #1671, .T. ) ;
#4042 = FACE_OUTER_BOUND ( 'NONE', #517, .T. ) ;
#4043 = VECTOR ( 'NONE', #305, 1000.000000000000114 ) ;
#4044 = AXIS2_PLACEMENT_3D ( 'NONE', #288, #4039, #2854 ) ;
#4045 = VERTEX_POINT ( 'NONE', #4314 ) ;
#4046 = EDGE_CURVE ( 'NONE', #4743, #4319, #61, .T. ) ;
#4047 = ORIENTED_EDGE ( 'NONE', *, *, #64, .F. ) ;
#4048 = ORIENTED_EDGE ( 'NONE', *, *, #1590, .F. ) ;
#4049 = AXIS2_PLACEMENT_3D ( 'NONE', #1694, #2618, #3357 ) ;
#4050 = ORIENTED_EDGE ( 'NONE', *, *, #4955, .T. ) ;
#4051 = CARTESIAN_POINT ( 'NONE',  ( 169.4448783421489964, -130.8094256212499999, 102.7643259181419921 ) ) ;
#4052 = AXIS2_PLACEMENT_3D ( 'NONE', #2519, #3839, #2995 ) ;
#4053 = ORIENTED_EDGE ( 'NONE', *, *, #4724, .F. ) ;
#4054 = CARTESIAN_POINT ( 'NONE',  ( 163.0171133453979735, -127.4470514048054213, 94.15447144059550055 ) ) ;
#4055 = EDGE_CURVE ( 'NONE', #4680, #3483, #4343, .T. ) ;
#4056 = CARTESIAN_POINT ( 'NONE',  ( 163.0171133453979735, -124.9750000000000085, 89.88500000000000512 ) ) ;
#4057 = VERTEX_POINT ( 'NONE', #3771 ) ;
#4058 = CARTESIAN_POINT ( 'NONE',  ( 162.6171133453979962, -140.4624928209260020, 103.1643259181420120 ) ) ;
#4059 = DIRECTION ( 'NONE',  ( 0.7071067811861759811, -0.7071067811869190534, 1.863277054495054783E-15 ) ) ;
#4060 = ADVANCED_FACE ( 'NONE', ( #2578 ), #4765, .T. ) ;
#4061 = VECTOR ( 'NONE', #2343, 1000.000000000000000 ) ;
#4062 = ADVANCED_FACE ( 'NONE', ( #90 ), #4736, .T. ) ;
#4063 = CARTESIAN_POINT ( 'NONE',  ( 172.7216946132480189, -119.8621712665460137, 107.2644405637399956 ) ) ;
#4064 = LINE ( 'NONE', #5407, #2776 ) ;
#4065 = ORIENTED_EDGE ( 'NONE', *, *, #4391, .F. ) ;
#4066 = DIRECTION ( 'NONE',  ( 0.000000000000000000, -0.06852388335049711121, 0.9976494762242735792 ) ) ;
#4067 = DIRECTION ( 'NONE',  ( 2.846725704167057308E-14, 0.000000000000000000, -1.000000000000000000 ) ) ;
#4068 = CARTESIAN_POINT ( 'NONE',  ( 162.8171133453980133, -140.2624928209260133, 97.78932591814199782 ) ) ;
#4069 = VECTOR ( 'NONE', #1144, 1000.000000000000000 ) ;
#4070 = VECTOR ( 'NONE', #688, 1000.000000000000000 ) ;
#4071 = LINE ( 'NONE', #597, #1054 ) ;
#4072 = PLANE ( 'NONE',  #1105 ) ;
#4073 = CARTESIAN_POINT ( 'NONE',  ( 132.4171133453999971, -119.9624928209249930, 96.06432591814069610 ) ) ;
#4074 = VERTEX_POINT ( 'NONE', #931 ) ;
#4075 = ORIENTED_EDGE ( 'NONE', *, *, #5495, .T. ) ;
#4076 = VERTEX_POINT ( 'NONE', #2633 ) ;
#4077 = ADVANCED_FACE ( 'NONE', ( #452 ), #540, .F. ) ;
#4078 = ADVANCED_FACE ( 'NONE', ( #2997 ), #5183, .F. ) ;
#4079 = VERTEX_POINT ( 'NONE', #2664 ) ;
#4080 = AXIS2_PLACEMENT_3D ( 'NONE', #478, #2072, #2969 ) ;
#4081 = DIRECTION ( 'NONE',  ( 1.000000000000000000, 0.000000000000000000, 0.000000000000000000 ) ) ;
#4082 = EDGE_LOOP ( 'NONE', ( #2464, #4638, #988, #1107, #1609 ) ) ;
#4083 = CARTESIAN_POINT ( 'NONE',  ( 122.7547861250079961, -119.8621712665460137, 105.0811190093599947 ) ) ;
#4084 = CARTESIAN_POINT ( 'NONE',  ( 144.8029529411451506, -127.3250000000001876, 92.80999999999671957 ) ) ;
#4085 = EDGE_LOOP ( 'NONE', ( #5272, #4873 ) ) ;
#4086 = SURFACE_SIDE_STYLE ('',( #3300 ) ) ;
#4087 = AXIS2_PLACEMENT_3D ( 'NONE', #314, #4630, #735 ) ;
#4088 = DIRECTION ( 'NONE',  ( 0.7327805653449773748, 0.6804650197127662947, -2.971389217554610566E-15 ) ) ;
#4089 = DIRECTION ( 'NONE',  ( 0.000000000000000000, -5.006432955109510304E-15, -1.000000000000000000 ) ) ;
#4090 = EDGE_LOOP ( 'NONE', ( #3078, #5033, #500, #2628, #2156 ) ) ;
#4091 = CARTESIAN_POINT ( 'NONE',  ( 174.8171132998469943, -140.4624928209260020, 98.00716295908050313 ) ) ;
#4092 = FACE_OUTER_BOUND ( 'NONE', #2415, .T. ) ;
#4093 = AXIS2_PLACEMENT_3D ( 'NONE', #1799, #1474, #1861 ) ;
#4094 = EDGE_CURVE ( 'NONE', #230, #800, #3239, .T. ) ;
#4095 = FACE_OUTER_BOUND ( 'NONE', #35, .T. ) ;
#4096 = CIRCLE ( 'NONE', #4547, 14.00026375888591268 ) ;
#4097 = CARTESIAN_POINT ( 'NONE',  ( 133.4768364872739994, -119.4624928209260020, 103.7997837525840055 ) ) ;
#4098 = FACE_OUTER_BOUND ( 'NONE', #3378, .T. ) ;
#4099 = DIRECTION ( 'NONE',  ( 0.7071067811887140619, -0.7071067811843810835, -1.287513002782730729E-14 ) ) ;
#4100 = EDGE_LOOP ( 'NONE', ( #1967, #2973, #5062, #577 ) ) ;
#4101 = VECTOR ( 'NONE', #5322, 1000.000000000000000 ) ;
#4102 = ORIENTED_EDGE ( 'NONE', *, *, #655, .T. ) ;
#4103 = ORIENTED_EDGE ( 'NONE', *, *, #4986, .T. ) ;
#4104 = VECTOR ( 'NONE', #4644, 1000.000000000000000 ) ;
#4105 = ORIENTED_EDGE ( 'NONE', *, *, #4988, .F. ) ;
#4106 = DIRECTION ( 'NONE',  ( 0.000000000000000000, 8.883556882512341437E-15, -1.000000000000000000 ) ) ;
#4107 = VERTEX_POINT ( 'NONE', #2235 ) ;
#4108 = EDGE_LOOP ( 'NONE', ( #3825, #5386, #1679, #4982, #2919, #901, #4127, #50, #4930 ) ) ;
#4109 = DIRECTION ( 'NONE',  ( -1.000000000000000000, -1.165734175929510219E-14, 2.330637149875950107E-14 ) ) ;
#4110 = DIRECTION ( 'NONE',  ( -8.742289393080240347E-15, 1.000000000000000000, -1.611608585131940061E-13 ) ) ;
#4111 = LINE ( 'NONE', #1033, #2774 ) ;
#4112 = ORIENTED_EDGE ( 'NONE', *, *, #5321, .T. ) ;
#4113 = CARTESIAN_POINT ( 'NONE',  ( 167.3687542002409998, -119.8613980543999986, 104.2630242428339926 ) ) ;
#4114 = EDGE_CURVE ( 'NONE', #3030, #2469, #4796, .T. ) ;
#4115 = ADVANCED_FACE ( 'NONE', ( #356 ), #2644, .F. ) ;
#4116 = CARTESIAN_POINT ( 'NONE',  ( 136.9776768572590129, -119.4624928209260020, 103.8641190093600102 ) ) ;
#4117 = DIRECTION ( 'NONE',  ( 1.000000000000000000, 0.000000000000000000, 0.000000000000000000 ) ) ;
#4118 = LINE ( 'NONE', #285, #2529 ) ;
#4119 = DIRECTION ( 'NONE',  ( 0.000000000000000000, 1.000000000000000000, 0.000000000000000000 ) ) ;
#4120 = CARTESIAN_POINT ( 'NONE',  ( 133.1478739639769913, -127.8217542309569836, 108.7643247870279879 ) ) ;
#4121 = EDGE_CURVE ( 'NONE', #2053, #2004, #3441, .T. ) ;
#4122 = LINE ( 'NONE', #5383, #457 ) ;
#4123 = CARTESIAN_POINT ( 'NONE',  ( 161.1751431929559999, -136.5250000000000057, 92.80999999999738748 ) ) ;
#4124 = VECTOR ( 'NONE', #1421, 1000.000000000000000 ) ;
#4125 = CARTESIAN_POINT ( 'NONE',  ( 127.7373004235730036, -119.4624928209260020, 107.6641190093600073 ) ) ;
#4126 = ORIENTED_EDGE ( 'NONE', *, *, #3399, .F. ) ;
#4127 = ORIENTED_EDGE ( 'NONE', *, *, #5112, .T. ) ;
#4128 = EDGE_CURVE ( 'NONE', #3231, #2053, #5160, .T. ) ;
#4129 = DIRECTION ( 'NONE',  ( -1.000000000000000000, -8.742289393079860116E-15, 2.371361253508389962E-15 ) ) ;
#4130 = VERTEX_POINT ( 'NONE', #1912 ) ;
#4131 = EDGE_CURVE ( 'NONE', #4287, #68, #1104, .T. ) ;
#4132 = ORIENTED_EDGE ( 'NONE', *, *, #1158, .F. ) ;
#4133 = CARTESIAN_POINT ( 'NONE',  ( 137.4171133454100016, -124.3438512425049964, 92.80999999999698957 ) ) ;
#4134 = ORIENTED_EDGE ( 'NONE', *, *, #3815, .T. ) ;
#4135 = ORIENTED_EDGE ( 'NONE', *, *, #4719, .F. ) ;
#4137 = CARTESIAN_POINT ( 'NONE',  ( 163.0171133453999914, -127.4991976312541908, 95.55447721529050398 ) ) ;
#4136 = AXIS2_PLACEMENT_3D ( 'NONE', #3680, #5459, #5047 ) ;
#4138 = LINE ( 'NONE', #1087, #5375 ) ;
#4139 = ORIENTED_EDGE ( 'NONE', *, *, #560, .T. ) ;
#4140 = VECTOR ( 'NONE', #4542, 1000.000000000000000 ) ;
#4141 = CARTESIAN_POINT ( 'NONE',  ( 158.1497566842990068, -127.4470514048054213, 94.15447144059550055 ) ) ;
#4142 = PLANE ( 'NONE',  #3296 ) ;
#4143 = LINE ( 'NONE', #1122, #2590 ) ;
#4144 = CARTESIAN_POINT ( 'NONE',  ( 140.7551759362234236, -139.1695996021123847, 109.0572180058416052 ) ) ;
#4145 = DIRECTION ( 'NONE',  ( -1.000000000000000000, -1.569712496704820284E-14, -2.418031965417649952E-14 ) ) ;
#4146 = CIRCLE ( 'NONE', #1204, 1.349999999999740297 ) ;
#4147 = EDGE_CURVE ( 'NONE', #5035, #1026, #3000, .T. ) ;
#4148 = LINE ( 'NONE', #838, #5032 ) ;
#4149 = DIRECTION ( 'NONE',  ( 0.000000000000000000, 1.000000000000000000, 0.000000000000000000 ) ) ;
#4150 = DIRECTION ( 'NONE',  ( -0.6069333205183560231, -0.3628111691287594920, 0.7071067811865371366 ) ) ;
#4151 = ADVANCED_FACE ( 'NONE', ( #4042 ), #653, .F. ) ;
#4152 =( GEOMETRIC_REPRESENTATION_CONTEXT ( 3 ) GLOBAL_UNCERTAINTY_ASSIGNED_CONTEXT ( ( #2368 ) ) GLOBAL_UNIT_ASSIGNED_CONTEXT ( ( #5114, #3376, #2555 ) ) REPRESENTATION_CONTEXT ( 'NONE', 'WORKASPACE' ) );
#4153 = EDGE_LOOP ( 'NONE', ( #299, #5181, #5246, #3575 ) ) ;
#4154 = ORIENTED_EDGE ( 'NONE', *, *, #4565, .F. ) ;
#4155 = CARTESIAN_POINT ( 'NONE',  ( 162.0171133453979735, -128.6529310438299945, 90.88499999999999091 ) ) ;
#4156 = VERTEX_POINT ( 'NONE', #1023 ) ;
#4157 = EDGE_CURVE ( 'NONE', #4593, #926, #1404, .T. ) ;
#4158 = EDGE_CURVE ( 'NONE', #2239, #1652, #3901, .T. ) ;
#4159 = ORIENTED_EDGE ( 'NONE', *, *, #4904, .T. ) ;
#4160 = DIRECTION ( 'NONE',  ( -3.673940376433440166E-16, -1.973846303234049855E-15, -1.000000000000000000 ) ) ;
#4161 = VERTEX_POINT ( 'NONE', #2723 ) ;
#4162 = LINE ( 'NONE', #1504, #1148 ) ;
#4163 = FACE_BOUND ( 'NONE', #684, .T. ) ;
#4164 = LINE ( 'NONE', #5450, #367 ) ;
#4165 = ORIENTED_EDGE ( 'NONE', *, *, #335, .T. ) ;
#4166 = VECTOR ( 'NONE', #2733, 1000.000000000000227 ) ;
#4167 = CARTESIAN_POINT ( 'NONE',  ( 124.3687542002400050, -119.8613980543999986, 104.2630242428339926 ) ) ;
#4168 = FACE_OUTER_BOUND ( 'NONE', #607, .T. ) ;
#4169 = LINE ( 'NONE', #4091, #839 ) ;
#4170 = CARTESIAN_POINT ( 'NONE',  ( 132.4344203936730082, -119.4624928209260020, 94.26432591814200634 ) ) ;
#4171 = PRESENTATION_STYLE_ASSIGNMENT (( #758 ) ) ;
#4172 = AXIS2_PLACEMENT_3D ( 'NONE', #4599, #4932, #5327 ) ;
#4173 = VECTOR ( 'NONE', #2833, 1000.000000000000000 ) ;
#4174 = CARTESIAN_POINT ( 'NONE',  ( 122.7548175178110057, -119.8624928209259934, 107.2641190093600017 ) ) ;
#4175 = CARTESIAN_POINT ( 'NONE',  ( 121.2011731452469974, -135.0321585907690007, 97.73399168803459247 ) ) ;
#4176 = CARTESIAN_POINT ( 'NONE',  ( 171.9948783421489793, -130.8094256212499999, 102.9643259181420092 ) ) ;
#4177 = AXIS2_PLACEMENT_3D ( 'NONE', #1071, #4014, #2348 ) ;
#4178 = AXIS2_PLACEMENT_3D ( 'NONE', #22, #5144, #4270 ) ;
#4179 = ORIENTED_EDGE ( 'NONE', *, *, #4261, .F. ) ;
#4180 = CIRCLE ( 'NONE', #2872, 1.574999999999993072 ) ;
#4181 = ORIENTED_EDGE ( 'NONE', *, *, #486, .T. ) ;
#4182 = DIRECTION ( 'NONE',  ( -1.009293658750141334E-14, 1.000000000000000000, 5.046468293750706671E-15 ) ) ;
#4183 = ORIENTED_EDGE ( 'NONE', *, *, #3864, .F. ) ;
#4184 = ORIENTED_EDGE ( 'NONE', *, *, #1490, .F. ) ;
#4185 = CARTESIAN_POINT ( 'NONE',  ( 163.0171133453989682, -134.6830298475580037, 95.51266640079269621 ) ) ;
#4186 = ORIENTED_EDGE ( 'NONE', *, *, #2877, .T. ) ;
#4187 = DIRECTION ( 'NONE',  ( 1.000000000000000000, 0.000000000000000000, 0.000000000000000000 ) ) ;
#4188 = CARTESIAN_POINT ( 'NONE',  ( 174.2171132998470000, -119.4624928209260020, 102.6321629642770006 ) ) ;
#4189 = ORIENTED_EDGE ( 'NONE', *, *, #3782, .T. ) ;
#4190 = DIRECTION ( 'NONE',  ( -2.371361224626879557E-15, -7.223637016929610136E-14, -1.000000000000000000 ) ) ;
#4191 = FACE_BOUND ( 'NONE', #4085, .T. ) ;
#4192 = DIRECTION ( 'NONE',  ( -1.000000000000000000, 0.000000000000000000, 0.000000000000000000 ) ) ;
#4193 = CARTESIAN_POINT ( 'NONE',  ( 123.3159429339730053, -119.4624928209260020, 108.7643247870269931 ) ) ;
#4194 = LINE ( 'NONE', #2062, #3314 ) ;
#4195 = FILL_AREA_STYLE ('',( #287 ) ) ;
#4196 = EDGE_CURVE ( 'NONE', #351, #4943, #244, .T. ) ;
#4197 = FACE_OUTER_BOUND ( 'NONE', #2579, .T. ) ;
#4198 = DIRECTION ( 'NONE',  ( 5.958684672490291066E-15, -1.000000000000000000, 1.801982743164880021E-15 ) ) ;
#4199 = DIRECTION ( 'NONE',  ( 2.783691842014529932E-14, 0.000000000000000000, 1.000000000000000000 ) ) ;
#4200 = ORIENTED_EDGE ( 'NONE', *, *, #2404, .F. ) ;
#4201 = EDGE_CURVE ( 'NONE', #713, #1061, #1075, .T. ) ;
#4202 = VECTOR ( 'NONE', #4218, 1000.000000000000000 ) ;
#4203 = ORIENTED_EDGE ( 'NONE', *, *, #4308, .F. ) ;
#4204 = PLANE ( 'NONE',  #1932 ) ;
#4205 = ORIENTED_EDGE ( 'NONE', *, *, #884, .F. ) ;
#4206 = AXIS2_PLACEMENT_3D ( 'NONE', #174, #137, #1392 ) ;
#4207 = EDGE_CURVE ( 'NONE', #4156, #736, #4434, .T. ) ;
#4208 = ORIENTED_EDGE ( 'NONE', *, *, #2050, .F. ) ;
#4209 = DIRECTION ( 'NONE',  ( 1.000000000000000000, 1.569712496704820600E-14, 2.418031965417650583E-14 ) ) ;
#4210 = ORIENTED_EDGE ( 'NONE', *, *, #2573, .F. ) ;
#4211 = CARTESIAN_POINT ( 'NONE',  ( 0.000000000000000000, 0.000000000000000000, 0.000000000000000000 ) ) ;
#4212 = ORIENTED_EDGE ( 'NONE', *, *, #3076, .T. ) ;
#4213 = LINE ( 'NONE', #4718, #2400 ) ;
#4214 = VECTOR ( 'NONE', #4675, 1000.000000000000227 ) ;
#4215 = CARTESIAN_POINT ( 'NONE',  ( 132.4171133454029814, -119.4624928209269967, 89.48499999999999943 ) ) ;
#4216 = CYLINDRICAL_SURFACE ( 'NONE', #4996, 2.750000000000002665 ) ;
#4217 = CARTESIAN_POINT ( 'NONE',  ( 136.9776768572590129, -119.8624928209259934, 107.2641190093600017 ) ) ;
#4218 = DIRECTION ( 'NONE',  ( 1.000000000000000000, 1.569712496704820600E-14, 2.418031965417650583E-14 ) ) ;
#4219 = VECTOR ( 'NONE', #4908, 1000.000000000000000 ) ;
#4220 = ADVANCED_FACE ( 'NONE', ( #4521 ), #5332, .T. ) ;
#4221 = EDGE_CURVE ( 'NONE', #2836, #1026, #4408, .T. ) ;
#4222 = CARTESIAN_POINT ( 'NONE',  ( 135.2714957719289828, -139.4624928209260020, 108.7643247870279879 ) ) ;
#4223 = FACE_OUTER_BOUND ( 'NONE', #1314, .T. ) ;
#4224 = AXIS2_PLACEMENT_3D ( 'NONE', #3049, #794, #2495 ) ;
#4225 = FACE_OUTER_BOUND ( 'NONE', #3821, .T. ) ;
#4226 = DIRECTION ( 'NONE',  ( -1.000000000000000000, 0.000000000000000000, -1.539220716937389985E-14 ) ) ;
#4227 = ORIENTED_EDGE ( 'NONE', *, *, #5202, .T. ) ;
#4228 = ORIENTED_EDGE ( 'NONE', *, *, #353, .T. ) ;
#4229 = AXIS2_PLACEMENT_3D ( 'NONE', #368, #1646, #5517 ) ;
#4230 = DIRECTION ( 'NONE',  ( 0.000000000000000000, 2.810542139866910211E-15, -1.000000000000000000 ) ) ;
#4231 = ORIENTED_EDGE ( 'NONE', *, *, #2388, .F. ) ;
#4232 =( GEOMETRIC_REPRESENTATION_CONTEXT ( 3 ) GLOBAL_UNCERTAINTY_ASSIGNED_CONTEXT ( ( #4510 ) ) GLOBAL_UNIT_ASSIGNED_CONTEXT ( ( #663, #4532, #2425 ) ) REPRESENTATION_CONTEXT ( 'NONE', 'WORKASPACE' ) );
#4233 = VECTOR ( 'NONE', #773, 1000.000000000000114 ) ;
#4234 = EDGE_LOOP ( 'NONE', ( #3476, #2051, #3085, #1751 ) ) ;
#4235 = DIRECTION ( 'NONE',  ( 0.000000000000000000, 1.000000000000000000, -1.926745932492380336E-15 ) ) ;
#4236 = ADVANCED_FACE ( 'NONE', ( #1521 ), #4939, .T. ) ;
#4237 = ORIENTED_EDGE ( 'NONE', *, *, #4466, .F. ) ;
#4238 = SURFACE_SIDE_STYLE ('',( #2180 ) ) ;
#4239 = ORIENTED_EDGE ( 'NONE', *, *, #182, .F. ) ;
#4240 = CARTESIAN_POINT ( 'NONE',  ( 138.7086133453929904, -120.4624928209260020, 97.72070091814210002 ) ) ;
#4241 = CARTESIAN_POINT ( 'NONE',  ( 158.1497566842990068, -132.8249999999999886, 90.88499999999999091 ) ) ;
#4242 = CARTESIAN_POINT ( 'NONE',  ( 128.4948783421490077, -130.8094256212499999, 102.9643259181420092 ) ) ;
#4243 = CARTESIAN_POINT ( 'NONE',  ( 155.3671133453989910, -136.9249999999999829, 89.48499999999999943 ) ) ;
#4244 = CARTESIAN_POINT ( 'NONE',  ( 161.8768364872740051, -119.4624928209260020, 103.7997837525840055 ) ) ;
#4245 = CARTESIAN_POINT ( 'NONE',  ( 160.9671133112350105, -140.4624928209230177, 100.7500000000192131 ) ) ;
#4246 = AXIS2_PLACEMENT_3D ( 'NONE', #1031, #350, #4002 ) ;
#4247 = CARTESIAN_POINT ( 'NONE',  ( 163.0171133453979735, -130.7500000000000000, 92.52249999999840213 ) ) ;
#4248 = DIRECTION ( 'NONE',  ( 0.000000000000000000, -1.000000000000000000, 1.973846303234049855E-15 ) ) ;
#4249 = DIRECTION ( 'NONE',  ( -0.5488750411663482209, -0.5910736794954981610, 0.5910736794954523088 ) ) ;
#4250 = EDGE_CURVE ( 'NONE', #3573, #404, #1047, .T. ) ;
#4251 = CARTESIAN_POINT ( 'NONE',  ( 155.3671133453989910, -124.5750000000000028, 89.48499999999999943 ) ) ;
#4252 = VECTOR ( 'NONE', #4757, 1000.000000000000000 ) ;
#4253 = AXIS2_PLACEMENT_3D ( 'NONE', #2541, #4702, #396 ) ;
#4254 = ORIENTED_EDGE ( 'NONE', *, *, #2537, .F. ) ;
#4255 = EDGE_LOOP ( 'NONE', ( #4382, #2266, #1094, #5005 ) ) ;
#4256 = CIRCLE ( 'NONE', #3283, 2.108500000000013141 ) ;
#4257 = LINE ( 'NONE', #2173, #1656 ) ;
#4258 = ORIENTED_EDGE ( 'NONE', *, *, #739, .T. ) ;
#4259 = AXIS2_PLACEMENT_3D ( 'NONE', #3611, #492, #913 ) ;
#4260 = EDGE_CURVE ( 'NONE', #1050, #1025, #4914, .T. ) ;
#4261 = EDGE_CURVE ( 'NONE', #3744, #3261, #2775, .T. ) ;
#4262 = EDGE_LOOP ( 'NONE', ( #3911, #716, #435, #1434, #4581, #469 ) ) ;
#4263 = CYLINDRICAL_SURFACE ( 'NONE', #3259, 1.950000000000007283 ) ;
#4264 = VECTOR ( 'NONE', #328, 1000.000000000000000 ) ;
#4265 = VERTEX_POINT ( 'NONE', #1817 ) ;
#4266 = ORIENTED_EDGE ( 'NONE', *, *, #3872, .F. ) ;
#4267 = CARTESIAN_POINT ( 'NONE',  ( 163.0171133453979735, -130.2014655219149972, 89.88500000000000512 ) ) ;
#4268 = AXIS2_PLACEMENT_3D ( 'NONE', #4008, #2681, #3553 ) ;
#4269 = DIRECTION ( 'NONE',  ( 2.748129594203390530E-15, 4.430635266668070654E-15, 1.000000000000000000 ) ) ;
#4270 = DIRECTION ( 'NONE',  ( -1.762258769246287846E-14, 1.000000000000000000, 0.000000000000000000 ) ) ;
#4271 = DIRECTION ( 'NONE',  ( 1.000000000000000000, 0.000000000000000000, 0.000000000000000000 ) ) ;
#4272 = FACE_OUTER_BOUND ( 'NONE', #5140, .T. ) ;
#4273 = EDGE_CURVE ( 'NONE', #1498, #2145, #1330, .T. ) ;
#4274 = ADVANCED_FACE ( 'NONE', ( #5305 ), #2752, .F. ) ;
#4275 = CARTESIAN_POINT ( 'NONE',  ( 132.4344203936730082, -140.0624928209259963, 99.46432591814070179 ) ) ;
#4276 = DIRECTION ( 'NONE',  ( 0.000000000000000000, 2.810542046950470162E-15, -1.000000000000000000 ) ) ;
#4277 = DIRECTION ( 'NONE',  ( 0.000000000000000000, -1.000000000000000000, -1.807171663928379978E-12 ) ) ;
#4278 = CARTESIAN_POINT ( 'NONE',  ( 135.6171133454029984, -119.4624928209269967, 96.06432591814069610 ) ) ;
#4279 = EDGE_CURVE ( 'NONE', #4764, #4348, #290, .T. ) ;
#4280 = EDGE_LOOP ( 'NONE', ( #3145, #5388, #2522, #1528 ) ) ;
#4281 = ADVANCED_FACE ( 'NONE', ( #346 ), #371, .T. ) ;
#4282 = VERTEX_POINT ( 'NONE', #1547 ) ;
#4283 = LINE ( 'NONE', #400, #143 ) ;
#4284 = ORIENTED_EDGE ( 'NONE', *, *, #515, .F. ) ;
#4285 = VECTOR ( 'NONE', #1056, 1000.000000000000000 ) ;
#4286 = DIRECTION ( 'NONE',  ( 0.000000000000000000, -0.7071067811898451572, 0.7071067811832499883 ) ) ;
#4287 = VERTEX_POINT ( 'NONE', #1623 ) ;
#4288 = EDGE_CURVE ( 'NONE', #4107, #873, #3256, .T. ) ;
#4289 = CARTESIAN_POINT ( 'NONE',  ( 138.7086133453910008, -119.4624928209260020, 98.87282591814199861 ) ) ;
#4290 = ADVANCED_FACE ( 'NONE', ( #1989 ), #2888, .T. ) ;
#4291 = VERTEX_POINT ( 'NONE', #1649 ) ;
#4292 = ORIENTED_EDGE ( 'NONE', *, *, #724, .T. ) ;
#4293 = VECTOR ( 'NONE', #3676, 1000.000000000000000 ) ;
#4294 = FACE_OUTER_BOUND ( 'NONE', #4560, .T. ) ;
#4295 = CARTESIAN_POINT ( 'NONE',  ( 151.4497566842988476, -134.1750000000000398, 94.75999999999689294 ) ) ;
#4296 = DIRECTION ( 'NONE',  ( 0.7071067811864880648, -0.7071067811866069697, 1.863277054492750126E-15 ) ) ;
#4297 = DIRECTION ( 'NONE',  ( 0.000000000000000000, 1.000000000000000000, -1.926745932492350360E-15 ) ) ;
#4298 = CARTESIAN_POINT ( 'NONE',  ( 160.1768364872739880, -140.0624928209250015, 103.7997837525840055 ) ) ;
#4299 = VECTOR ( 'NONE', #4509, 1000.000000000000000 ) ;
#4300 = VECTOR ( 'NONE', #2750, 1000.000000000000000 ) ;
#4301 = LINE ( 'NONE', #4814, #2527 ) ;
#4302 = FACE_OUTER_BOUND ( 'NONE', #4435, .T. ) ;
#4303 = ORIENTED_EDGE ( 'NONE', *, *, #324, .T. ) ;
#4304 = CARTESIAN_POINT ( 'NONE',  ( 133.9375846082795647, -138.9795568043235789, 109.2472608036304109 ) ) ;
#4305 = CARTESIAN_POINT ( 'NONE',  ( 136.9776768572590129, -119.6624928209260048, 107.4641190093599903 ) ) ;
#4306 = LINE ( 'NONE', #4678, #2021 ) ;
#4307 = AXIS2_PLACEMENT_3D ( 'NONE', #200, #585, #1359 ) ;
#4308 = EDGE_CURVE ( 'NONE', #713, #1264, #2017, .T. ) ;
#4309 = EDGE_LOOP ( 'NONE', ( #2613, #4105, #4513, #272, #3365 ) ) ;
#4310 = CIRCLE ( 'NONE', #1198, 1.708500000000001684 ) ;
#4311 = ORIENTED_EDGE ( 'NONE', *, *, #2987, .T. ) ;
#4312 = PLANE ( 'NONE',  #1834 ) ;
#4313 = EDGE_LOOP ( 'NONE', ( #2601, #1657, #97, #5403, #4212, #3790, #1352, #4237, #1088, #1020, #661, #259, #2274, #799, #3747, #1951, #3504, #5251, #682, #3604, #4861 ) ) ;
#4314 = CARTESIAN_POINT ( 'NONE',  ( 162.0171133453979735, -134.2688162851839877, 90.88499999999999091 ) ) ;
#4315 = ADVANCED_FACE ( 'NONE', ( #3282 ), #2413, .T. ) ;
#4316 = VECTOR ( 'NONE', #1566, 1000.000000000000000 ) ;
#4317 = VERTEX_POINT ( 'NONE', #3787 ) ;
#4318 = LINE ( 'NONE', #4411, #33 ) ;
#4319 = VERTEX_POINT ( 'NONE', #2438 ) ;
#4320 = AXIS2_PLACEMENT_3D ( 'NONE', #1202, #2844, #2786 ) ;
#4321 = ADVANCED_FACE ( 'NONE', ( #762, #1214 ), #1128, .T. ) ;
#4322 = ORIENTED_EDGE ( 'NONE', *, *, #4808, .T. ) ;
#4323 = VECTOR ( 'NONE', #5138, 1000.000000000000000 ) ;
#4324 = ORIENTED_EDGE ( 'NONE', *, *, #1885, .F. ) ;
#4325 = CARTESIAN_POINT ( 'NONE',  ( 163.0171133453979735, -129.6529310438299945, 89.88500000000000512 ) ) ;
#4326 = ORIENTED_EDGE ( 'NONE', *, *, #603, .F. ) ;
#4327 = FACE_OUTER_BOUND ( 'NONE', #190, .T. ) ;
#4328 = LINE ( 'NONE', #613, #247 ) ;
#4329 = CARTESIAN_POINT ( 'NONE',  ( 163.0171133453979735, -131.8249999999999886, 92.80999999999689010 ) ) ;
#4330 = DIRECTION ( 'NONE',  ( -1.889977769333399838E-13, -1.611608585131960003E-13, -1.000000000000000000 ) ) ;
#4331 = FACE_OUTER_BOUND ( 'NONE', #3423, .T. ) ;
#4332 = PLANE ( 'NONE',  #3257 ) ;
#4333 = PLANE ( 'NONE',  #3318 ) ;
#4334 = EDGE_LOOP ( 'NONE', ( #5415, #2688, #1824, #113 ) ) ;
#4335 = DIRECTION ( 'NONE',  ( -1.000000000000000000, 0.000000000000000000, 0.000000000000000000 ) ) ;
#4336 = CARTESIAN_POINT ( 'NONE',  ( 147.6948783421489964, -130.7594256212510118, 110.5643259181420035 ) ) ;
#4337 = DIRECTION ( 'NONE',  ( -1.887379142593809830E-15, 1.000000000000000000, 0.000000000000000000 ) ) ;
#4338 = VECTOR ( 'NONE', #2576, 1000.000000000000000 ) ;
#4339 = ORIENTED_EDGE ( 'NONE', *, *, #1284, .T. ) ;
#4340 = CARTESIAN_POINT ( 'NONE',  ( 167.3363783421490041, -130.8094256212499999, 110.7643259181420063 ) ) ;
#4341 = LINE ( 'NONE', #1910, #3156 ) ;
#4342 = ORIENTED_EDGE ( 'NONE', *, *, #1546, .T. ) ;
#4343 = LINE ( 'NONE', #1289, #2387 ) ;
#4344 = EDGE_CURVE ( 'NONE', #2245, #5277, #3363, .T. ) ;
#4345 = VERTEX_POINT ( 'NONE', #1162 ) ;
#4346 = VECTOR ( 'NONE', #2855, 1000.000000000000000 ) ;
#4347 = FACE_OUTER_BOUND ( 'NONE', #4946, .T. ) ;
#4348 = VERTEX_POINT ( 'NONE', #4125 ) ;
#4349 = CIRCLE ( 'NONE', #5519, 2.350000000000004974 ) ;
#4350 = ORIENTED_EDGE ( 'NONE', *, *, #3461, .F. ) ;
#4351 = ORIENTED_EDGE ( 'NONE', *, *, #3657, .F. ) ;
#4352 = ADVANCED_FACE ( 'NONE', ( #1238 ), #3707, .T. ) ;
#4353 = CIRCLE ( 'NONE', #3558, 1.950000000000007283 ) ;
#4354 = FACE_OUTER_BOUND ( 'NONE', #3400, .T. ) ;
#4355 = CLOSED_SHELL ( 'NONE', ( #5533, #2612, #2646, #1160, #1137, #360, #3640, #315, #2986, #5147, #2155, #798, #4402, #3208, #4868, #1150, #2858, #2157, #1990, #69, #160, #253, #3492, #4077, #5073, #3576, #2357, #301, #4865, #4397, #4151, #2334, #5462, #3299, #1710, #2916, #4884, #2665, #640, #902, #4274, #2143, #3672, #4990, #5193, #3052, #2463, #3173, #5452, #5107, #4804, #3577, #3445, #2379, #3740, #4403, #3528, #1721, #2780, #1999, #4537, #2803, #269, #3566, #1005, #4731, #4985, #4220, #4315, #1918, #4290, #4062, #348, #961, #3685, #4631, #3307, #3724, #4321, #1777, #4060, #3054, #3753, #4911, #4352, #1702, #2045, #4574, #2414, #3655, #96, #2366, #1012, #5311, #243, #2412, #1563, #2887, #4849, #5261, #1564, #3224, #5057, #331, #1901, #2481, #528, #2666, #2408, #1822, #4281, #1865, #4469, #4236, #551, #3391, #896, #3831, #1250, #1191, #2448, #1683, #3338, #1223, #4654, #1881, #2472, #2229, #3401, #813, #2303, #2883, #4614, #2525, #4115, #4938, #4666, #2129, #1591, #19, #837, #186, #1239, #4078, #3849, #4967, #2291, #1494, #3133 ) ) ;
#4356 = VERTEX_POINT ( 'NONE', #1573 ) ;
#4357 = DIRECTION ( 'NONE',  ( 1.000000000000000000, 0.000000000000000000, -2.748129594203400391E-15 ) ) ;
#4358 = CARTESIAN_POINT ( 'NONE',  ( 140.7631031199010181, -143.0204521535509912, 95.04295933262399387 ) ) ;
#4359 = DIRECTION ( 'NONE',  ( -1.181088324069438628E-14, 1.000000000000000000, -8.858162430520789633E-14 ) ) ;
#4360 = CARTESIAN_POINT ( 'NONE',  ( 125.9448783421490106, -130.8094256212499999, 105.2643259181419921 ) ) ;
#4361 = DIRECTION ( 'NONE',  ( 0.000000000000000000, -1.973846303234049855E-15, -1.000000000000000000 ) ) ;
#4362 = LINE ( 'NONE', #2253, #3708 ) ;
#4363 = CARTESIAN_POINT ( 'NONE',  ( 143.9500000000089983, -127.9500000000000028, 96.38500000000000512 ) ) ;
#4364 = ORIENTED_EDGE ( 'NONE', *, *, #2121, .F. ) ;
#4365 = CARTESIAN_POINT ( 'NONE',  ( 134.9365022088549040, -137.1938512425048771, 91.26916425894705753 ) ) ;
#4366 = DIRECTION ( 'NONE',  ( 1.000000000000000000, -7.120326166349700838E-29, 1.539220716937389985E-14 ) ) ;
#4367 = CARTESIAN_POINT ( 'NONE',  ( 147.7171132674830005, -129.7624928209249902, 108.7643247870279879 ) ) ;
#4368 = EDGE_CURVE ( 'NONE', #1169, #3342, #2939, .T. ) ;
#4369 = VECTOR ( 'NONE', #20, 1000.000000000000000 ) ;
#4370 = ORIENTED_EDGE ( 'NONE', *, *, #3048, .T. ) ;
#4371 = DIRECTION ( 'NONE',  ( 0.000000000000000000, -1.407292413469239864E-15, -1.000000000000000000 ) ) ;
#4372 = CARTESIAN_POINT ( 'NONE',  ( 156.5497566843010304, -134.1750000000000398, 94.75999999999699241 ) ) ;
#4373 = VERTEX_POINT ( 'NONE', #4653 ) ;
#4374 = DIRECTION ( 'NONE',  ( 1.000000000000000000, 0.000000000000000000, 0.000000000000000000 ) ) ;
#4375 = EDGE_CURVE ( 'NONE', #687, #1498, #3811, .T. ) ;
#4376 = ORIENTED_EDGE ( 'NONE', *, *, #4221, .T. ) ;
#4377 = DIRECTION ( 'NONE',  ( 1.569712496704830066E-14, -1.000000000000000000, -2.810542046950490278E-15 ) ) ;
#4378 = ORIENTED_EDGE ( 'NONE', *, *, #1487, .T. ) ;
#4379 = ORIENTED_EDGE ( 'NONE', *, *, #3404, .T. ) ;
#4380 =( BOUNDED_CURVE ( )  B_SPLINE_CURVE ( 3, ( #975, #2679, #1451, #554 ),
 .UNSPECIFIED., .F., .F. ) 
 B_SPLINE_CURVE_WITH_KNOTS ( ( 4, 4 ),
 ( 5.497787143782379538, 6.283185307179590673 ),
 .UNSPECIFIED. ) 
 CURVE ( )  GEOMETRIC_REPRESENTATION_ITEM ( )  RATIONAL_B_SPLINE_CURVE ( ( 1.000000000000000000, 0.9492530216742219862, 0.9492530216742219862, 1.000000000000000000 ) ) 
 REPRESENTATION_ITEM ( '' )  );
#4381 = EDGE_CURVE ( 'NONE', #2355, #4023, #1601, .T. ) ;
#4382 = ORIENTED_EDGE ( 'NONE', *, *, #1487, .F. ) ;
#4383 = CARTESIAN_POINT ( 'NONE',  ( 161.2171130401620189, -119.4624928209260020, 103.6640618979689918 ) ) ;
#4384 = ORIENTED_EDGE ( 'NONE', *, *, #3990, .T. ) ;
#4385 = CIRCLE ( 'NONE', #4482, 3.000000000000002665 ) ;
#4386 = LINE ( 'NONE', #462, #3893 ) ;
#4387 = CARTESIAN_POINT ( 'NONE',  ( 151.4497566842990182, -124.7500000000020037, 93.99749282092329850 ) ) ;
#4388 = LINE ( 'NONE', #1831, #3484 ) ;
#4389 = ORIENTED_EDGE ( 'NONE', *, *, #4094, .F. ) ;
#4390 = FACE_OUTER_BOUND ( 'NONE', #240, .T. ) ;
#4391 = EDGE_CURVE ( 'NONE', #4161, #590, #3760, .T. ) ;
#4392 = CARTESIAN_POINT ( 'NONE',  ( 120.2171133453919936, -119.4624928209260020, 103.1321629814610077 ) ) ;
#4393 = LINE ( 'NONE', #3069, #5132 ) ;
#4394 = FACE_OUTER_BOUND ( 'NONE', #2757, .T. ) ;
#4395 = EDGE_LOOP ( 'NONE', ( #3953, #634 ) ) ;
#4396 = EDGE_CURVE ( 'NONE', #3962, #3315, #4440, .T. ) ;
#4397 = ADVANCED_FACE ( 'NONE', ( #2514 ), #53, .T. ) ;
#4398 = CARTESIAN_POINT ( 'NONE',  ( 156.5497566843010304, -127.4991976312541908, 95.55447721529050398 ) ) ;
#4399 = DIRECTION ( 'NONE',  ( -0.003168799404648470902, -1.933105050862249891E-15, -0.9999949793425630951 ) ) ;
#4400 = CARTESIAN_POINT ( 'NONE',  ( 169.2382403691290165, -119.5222499092810153, 107.2641190093600017 ) ) ;
#4401 = EDGE_CURVE ( 'NONE', #1441, #926, #2099, .T. ) ;
#4402 = ADVANCED_FACE ( 'NONE', ( #5521 ), #1338, .F. ) ;
#4403 = ADVANCED_FACE ( 'NONE', ( #5207 ), #1676, .F. ) ;
#4404 = EDGE_LOOP ( 'NONE', ( #1263, #4186 ) ) ;
#4405 = FACE_OUTER_BOUND ( 'NONE', #5191, .T. ) ;
#4406 = FACE_OUTER_BOUND ( 'NONE', #5249, .T. ) ;
#4407 = ORIENTED_EDGE ( 'NONE', *, *, #2967, .T. ) ;
#4408 = LINE ( 'NONE', #599, #953 ) ;
#4409 = VECTOR ( 'NONE', #4960, 1000.000000000000114 ) ;
#4410 = ORIENTED_EDGE ( 'NONE', *, *, #2289, .T. ) ;
#4411 = CARTESIAN_POINT ( 'NONE',  ( 162.6171133453979962, -140.4624928209260020, 97.78932591814199782 ) ) ;
#4412 = ORIENTED_EDGE ( 'NONE', *, *, #150, .F. ) ;
#4413 = ORIENTED_EDGE ( 'NONE', *, *, #4565, .T. ) ;
#4414 = ORIENTED_EDGE ( 'NONE', *, *, #4986, .F. ) ;
#4415 = CARTESIAN_POINT ( 'NONE',  ( 159.8171133454039818, -119.4624928209249930, 99.46432591814199498 ) ) ;
#4416 = ORIENTED_EDGE ( 'NONE', *, *, #3541, .T. ) ;
#4417 = DIRECTION ( 'NONE',  ( -2.371361224627580066E-15, 2.810542139866890095E-15, -1.000000000000000000 ) ) ;
#4418 = AXIS2_PLACEMENT_3D ( 'NONE', #2937, #3833, #2015 ) ;
#4419 = PLANE ( 'NONE',  #1399 ) ;
#4420 = DIRECTION ( 'NONE',  ( 2.371361253508419939E-15, -2.810542046950450046E-15, 1.000000000000000000 ) ) ;
#4421 = ORIENTED_EDGE ( 'NONE', *, *, #932, .F. ) ;
#4422 = CARTESIAN_POINT ( 'NONE',  ( 143.9500000000089983, -136.9500000000019782, 91.16000399051179670 ) ) ;
#4423 = FACE_OUTER_BOUND ( 'NONE', #658, .T. ) ;
#4424 = DIRECTION ( 'NONE',  ( -1.000000000000000000, -2.009843822508529990E-15, 2.748129594203400391E-15 ) ) ;
#4425 = CARTESIAN_POINT ( 'NONE',  ( 128.1075276025609924, -119.8624928209259934, 107.2641190093600017 ) ) ;
#4426 = ORIENTED_EDGE ( 'NONE', *, *, #5292, .F. ) ;
#4427 = LINE ( 'NONE', #3702, #2517 ) ;
#4428 = FACE_OUTER_BOUND ( 'NONE', #4656, .T. ) ;
#4429 = CARTESIAN_POINT ( 'NONE',  ( 169.4448783421489964, -130.8094256212499999, 110.7643259181420063 ) ) ;
#4430 = ORIENTED_EDGE ( 'NONE', *, *, #1113, .F. ) ;
#4431 = DIRECTION ( 'NONE',  ( -1.000000000000000000, 0.000000000000000000, 0.000000000000000000 ) ) ;
#4432 = CARTESIAN_POINT ( 'NONE',  ( 144.8029529411450937, -127.3250000000001876, 94.75999999999672241 ) ) ;
#4433 = ORIENTED_EDGE ( 'NONE', *, *, #1935, .T. ) ;
#4434 = LINE ( 'NONE', #148, #1577 ) ;
#4435 = EDGE_LOOP ( 'NONE', ( #5054, #2653, #4034, #4342 ) ) ;
#4436 = ORIENTED_EDGE ( 'NONE', *, *, #2493, .F. ) ;
#4437 = VERTEX_POINT ( 'NONE', #2170 ) ;
#4438 = EDGE_CURVE ( 'NONE', #1024, #2355, #4729, .T. ) ;
#4439 = CIRCLE ( 'NONE', #2019, 1.950000000000007283 ) ;
#4440 = CIRCLE ( 'NONE', #4890, 2.750000000000002665 ) ;
#4441 = ORIENTED_EDGE ( 'NONE', *, *, #1703, .T. ) ;
#4442 = CYLINDRICAL_SURFACE ( 'NONE', #3761, 2.099999999999990763 ) ;
#4443 = ORIENTED_EDGE ( 'NONE', *, *, #2504, .T. ) ;
#4444 = LINE ( 'NONE', #3742, #4527 ) ;
#4446 = CYLINDRICAL_SURFACE ( 'NONE', #2923, 1.900000000000012790 ) ;
#4445 = CIRCLE ( 'NONE', #605, 3.500000000000003109 ) ;
#4447 = DIRECTION ( 'NONE',  ( 1.000000000000000000, 0.000000000000000000, 0.000000000000000000 ) ) ;
#4448 = ORIENTED_EDGE ( 'NONE', *, *, #2127, .F. ) ;
#4449 = CARTESIAN_POINT ( 'NONE',  ( 170.7373004235740268, -119.4624928209260020, 107.6641190093600073 ) ) ;
#4450 = CIRCLE ( 'NONE', #2027, 1.899999999999999023 ) ;
#4451 = DIRECTION ( 'NONE',  ( -2.418031965417649952E-14, 0.000000000000000000, 1.000000000000000000 ) ) ;
#4452 = EDGE_CURVE ( 'NONE', #699, #2837, #4306, .T. ) ;
#4453 =( BOUNDED_CURVE ( )  B_SPLINE_CURVE ( 3, ( #5323, #1902, #1480, #257 ),
 .UNSPECIFIED., .F., .F. ) 
 B_SPLINE_CURVE_WITH_KNOTS ( ( 4, 4 ),
 ( 1.473430298577675934, 1.473522608051459848 ),
 .UNSPECIFIED. ) 
 CURVE ( )  GEOMETRIC_REPRESENTATION_ITEM ( )  RATIONAL_B_SPLINE_CURVE ( ( 1.000000000000000000, 0.9999999992899130108, 0.9999999992899130108, 1.000000000000000000 ) ) 
 REPRESENTATION_ITEM ( '' )  );
#4454 = LINE ( 'NONE', #2313, #4601 ) ;
#4455 = FACE_OUTER_BOUND ( 'NONE', #5367, .T. ) ;
#4456 = VERTEX_POINT ( 'NONE', #2199 ) ;
#4457 = LINE ( 'NONE', #5297, #2700 ) ;
#4458 = CARTESIAN_POINT ( 'NONE',  ( 159.8171133454050334, -119.4624928209269967, 96.06432591814299826 ) ) ;
#4459 = LINE ( 'NONE', #2715, #3737 ) ;
#4460 = EDGE_CURVE ( 'NONE', #1347, #1603, #923, .T. ) ;
#4461 = DIRECTION ( 'NONE',  ( -2.371361224627580066E-15, 2.810542139866890095E-15, -1.000000000000000000 ) ) ;
#4462 = DIRECTION ( 'NONE',  ( 1.000000000000000000, -7.867353525348019859E-29, 1.700707699447170143E-14 ) ) ;
#4463 = DIRECTION ( 'NONE',  ( 5.220468756189000771E-16, 0.7071067811865670016, 0.7071067811865280328 ) ) ;
#4464 = EDGE_CURVE ( 'NONE', #1633, #1441, #3922, .T. ) ;
#4465 = ORIENTED_EDGE ( 'NONE', *, *, #1103, .F. ) ;
#4466 = EDGE_CURVE ( 'NONE', #3019, #2272, #1779, .T. ) ;
#4467 = ORIENTED_EDGE ( 'NONE', *, *, #4158, .F. ) ;
#4468 = ORIENTED_EDGE ( 'NONE', *, *, #4641, .F. ) ;
#4469 = ADVANCED_FACE ( 'NONE', ( #1366 ), #2092, .T. ) ;
#4470 = EDGE_CURVE ( 'NONE', #2811, #3346, #3836, .T. ) ;
#4471 = EDGE_CURVE ( 'NONE', #3237, #1373, #3075, .T. ) ;
#4472 = ORIENTED_EDGE ( 'NONE', *, *, #5390, .T. ) ;
#4473 = DIRECTION ( 'NONE',  ( -1.000000000000000000, -1.009293658750142123E-14, 2.371361224627544961E-15 ) ) ;
#4474 = EDGE_LOOP ( 'NONE', ( #2857, #2777, #935, #907 ) ) ;
#4475 = CARTESIAN_POINT ( 'NONE',  ( 163.0171133453979735, -128.6529310438289997, 92.56689684733650836 ) ) ;
#4476 = CARTESIAN_POINT ( 'NONE',  ( 121.2171133453929883, -119.4624928209260020, 102.7643259181419921 ) ) ;
#4477 = CARTESIAN_POINT ( 'NONE',  ( 122.7548175178110057, -119.8624928209259934, 107.2641190093600017 ) ) ;
#4478 = ORIENTED_EDGE ( 'NONE', *, *, #3899, .F. ) ;
#4479 = AXIS2_PLACEMENT_3D ( 'NONE', #1353, #4022, #610 ) ;
#4480 = DIRECTION ( 'NONE',  ( 0.000000000000000000, -1.000000000000000000, 1.926745932492370081E-15 ) ) ;
#4481 = CARTESIAN_POINT ( 'NONE',  ( 143.9500000000079751, -128.8999999999999773, 92.80999999999889383 ) ) ;
#4482 = AXIS2_PLACEMENT_3D ( 'NONE', #3268, #1505, #1475 ) ;
#4483 = LINE ( 'NONE', #4116, #751 ) ;
#4484 = CARTESIAN_POINT ( 'NONE',  ( 120.2171133453939973, -140.0624928209240068, 100.7500000000264038 ) ) ;
#4485 = ORIENTED_EDGE ( 'NONE', *, *, #473, .T. ) ;
#4486 = CARTESIAN_POINT ( 'NONE',  ( 166.6948783421489964, -130.8094256212499999, 102.7643259181419921 ) ) ;
#4487 = DIRECTION ( 'NONE',  ( 1.000000000000000000, -7.120326166349700838E-29, 1.539220716937389985E-14 ) ) ;
#4488 = PLANE ( 'NONE',  #2747 ) ;
#4489 = VECTOR ( 'NONE', #619, 999.9999999999998863 ) ;
#4490 = CARTESIAN_POINT ( 'NONE',  ( 163.0171133453989682, -131.4249999999999829, 92.80999999999670536 ) ) ;
#4491 = DIRECTION ( 'NONE',  ( 0.000000000000000000, -1.000000000000000000, 5.006432955109510304E-15 ) ) ;
#4492 = EDGE_CURVE ( 'NONE', #1659, #2171, #445, .T. ) ;
#4493 = DIRECTION ( 'NONE',  ( 2.748129594203400391E-15, 1.407292413469239864E-15, 1.000000000000000000 ) ) ;
#4494 = AXIS2_PLACEMENT_3D ( 'NONE', #752, #1927, #4566 ) ;
#4495 = VERTEX_POINT ( 'NONE', #3015 ) ;
#4496 = VECTOR ( 'NONE', #2853, 1000.000000000000000 ) ;
#4497 = EDGE_CURVE ( 'NONE', #2860, #3935, #856, .T. ) ;
#4498 = ORIENTED_EDGE ( 'NONE', *, *, #4546, .T. ) ;
#4499 = ORIENTED_EDGE ( 'NONE', *, *, #2910, .F. ) ;
#4500 = VECTOR ( 'NONE', #4784, 1000.000000000000000 ) ;
#4501 = ORIENTED_EDGE ( 'NONE', *, *, #709, .T. ) ;
#4502 = CARTESIAN_POINT ( 'NONE',  ( 127.7373004235730036, -119.4624928209260020, 107.6641190093600073 ) ) ;
#4503 = VECTOR ( 'NONE', #810, 1000.000000000000000 ) ;
#4504 = EDGE_CURVE ( 'NONE', #4611, #3983, #2569, .T. ) ;
#4505 = ORIENTED_EDGE ( 'NONE', *, *, #3883, .T. ) ;
#4506 = CARTESIAN_POINT ( 'NONE',  ( 134.9365022088549892, -137.1938512425049908, 92.80999999999698957 ) ) ;
#4507 = DIRECTION ( 'NONE',  ( 1.000000000000000000, 2.009843822508529990E-15, -2.748129594203400391E-15 ) ) ;
#4508 = ORIENTED_EDGE ( 'NONE', *, *, #2725, .T. ) ;
#4509 = DIRECTION ( 'NONE',  ( -1.000000000000000000, -8.742289393079860116E-15, 2.371361253508389962E-15 ) ) ;
#4510 = UNCERTAINTY_MEASURE_WITH_UNIT (LENGTH_MEASURE( 1.000000000000000082E-05 ), #663, 'distance_accuracy_value', 'NONE');
#4511 = FACE_OUTER_BOUND ( 'NONE', #5174, .T. ) ;
#4512 = FACE_OUTER_BOUND ( 'NONE', #3585, .T. ) ;
#4513 = ORIENTED_EDGE ( 'NONE', *, *, #2573, .T. ) ;
#4514 = CARTESIAN_POINT ( 'NONE',  ( 161.1751431929559999, -136.5250000000000057, 92.66624999999798717 ) ) ;
#4515 = CARTESIAN_POINT ( 'NONE',  ( 128.2948783421489907, -130.8094256212499999, 105.2643259181419921 ) ) ;
#4516 = SURFACE_SIDE_STYLE ('',( #4933 ) ) ;
#4517 = VECTOR ( 'NONE', #4797, 1000.000000000000000 ) ;
#4518 = DIRECTION ( 'NONE',  ( 0.000000000000000000, 4.819802424353359970E-15, -1.000000000000000000 ) ) ;
#4519 = LINE ( 'NONE', #1571, #732 ) ;
#4520 = CARTESIAN_POINT ( 'NONE',  ( 124.3687542002400050, -119.8613980543999986, 107.2652137758860107 ) ) ;
#4521 = FACE_OUTER_BOUND ( 'NONE', #4108, .T. ) ;
#4522 = ORIENTED_EDGE ( 'NONE', *, *, #4114, .F. ) ;
#4523 = ORIENTED_EDGE ( 'NONE', *, *, #5516, .T. ) ;
#4524 = ORIENTED_EDGE ( 'NONE', *, *, #2959, .T. ) ;
#4525 = EDGE_CURVE ( 'NONE', #4924, #4916, #3892, .T. ) ;
#4526 = ORIENTED_EDGE ( 'NONE', *, *, #2121, .T. ) ;
#4527 = VECTOR ( 'NONE', #5004, 1000.000000000000000 ) ;
#4528 = CARTESIAN_POINT ( 'NONE',  ( 172.7216946132480189, -119.8621712665460137, 107.2644405637399956 ) ) ;
#4529 = ORIENTED_EDGE ( 'NONE', *, *, #4344, .F. ) ;
#4530 = VERTEX_POINT ( 'NONE', #29 ) ;
#4531 = LINE ( 'NONE', #3637, #2197 ) ;
#4532 =( NAMED_UNIT ( * ) PLANE_ANGLE_UNIT ( ) SI_UNIT ( $, .RADIAN. ) );
#4533 = CARTESIAN_POINT ( 'NONE',  ( 163.0171133453999914, -134.6830298475569805, 96.06432591814079558 ) ) ;
#4534 = ORIENTED_EDGE ( 'NONE', *, *, #884, .T. ) ;
#4535 = VECTOR ( 'NONE', #1809, 1000.000000000000000 ) ;
#4536 = VECTOR ( 'NONE', #1192, 1000.000000000000000 ) ;
#4537 = ADVANCED_FACE ( 'NONE', ( #2596 ), #1727, .T. ) ;
#4538 = DIRECTION ( 'NONE',  ( 1.000000000000000000, 0.000000000000000000, 0.000000000000000000 ) ) ;
#4539 = CARTESIAN_POINT ( 'NONE',  ( 147.7171133453930167, -119.6624928209260048, 110.5643259181420035 ) ) ;
#4540 = CARTESIAN_POINT ( 'NONE',  ( 163.0171133453979735, -136.5250000000000057, 90.88499999999999091 ) ) ;
#4541 = EDGE_LOOP ( 'NONE', ( #3209, #3660, #5001, #402 ) ) ;
#4542 = DIRECTION ( 'NONE',  ( 3.346880526425050373E-15, -1.000000000000000000, -4.718447854656760483E-16 ) ) ;
#4543 = CARTESIAN_POINT ( 'NONE',  ( 156.5497566843010304, -127.3249999999999886, 92.80999999999698957 ) ) ;
#4544 =( NAMED_UNIT ( * ) SI_UNIT ( $, .STERADIAN. ) SOLID_ANGLE_UNIT ( ) );
#4545 = VECTOR ( 'NONE', #5120, 1000.000000000000000 ) ;
#4546 = EDGE_CURVE ( 'NONE', #2763, #2260, #535, .T. ) ;
#4547 = AXIS2_PLACEMENT_3D ( 'NONE', #775, #1761, #2175 ) ;
#4548 = DIRECTION ( 'NONE',  ( 0.000000000000000000, -0.7071067811898600342, 0.7071067811832348893 ) ) ;
#4549 = EDGE_CURVE ( 'NONE', #820, #2976, #4445, .T. ) ;
#4550 = PLANE ( 'NONE',  #3608 ) ;
#4551 = DIRECTION ( 'NONE',  ( 0.000000000000000000, 1.820818350272625057E-14, -1.000000000000000000 ) ) ;
#4552 = VERTEX_POINT ( 'NONE', #3623 ) ;
#4553 = VECTOR ( 'NONE', #2738, 1000.000000000000000 ) ;
#4554 = ORIENTED_EDGE ( 'NONE', *, *, #1081, .F. ) ;
#4555 = EDGE_LOOP ( 'NONE', ( #3603, #3930, #4410, #188, #4228, #4534 ) ) ;
#4556 = VECTOR ( 'NONE', #3879, 1000.000000000000000 ) ;
#4557 = ORIENTED_EDGE ( 'NONE', *, *, #3029, .T. ) ;
#4558 = CARTESIAN_POINT ( 'NONE',  ( 146.7600000000069826, -124.7500000000020037, 96.38500000000000512 ) ) ;
#4559 = ORIENTED_EDGE ( 'NONE', *, *, #2753, .T. ) ;
#4560 = EDGE_LOOP ( 'NONE', ( #5325, #3716, #3561, #4610 ) ) ;
#4561 = DIRECTION ( 'NONE',  ( -2.418031965417649952E-14, 0.000000000000000000, 1.000000000000000000 ) ) ;
#4562 = CARTESIAN_POINT ( 'NONE',  ( 167.3688204052039339, -119.8617629959864956, 107.2648488342984763 ) ) ;
#4563 = DIRECTION ( 'NONE',  ( 0.000000000000000000, -1.049328997390330010E-15, 1.000000000000000000 ) ) ;
#4564 = VERTEX_POINT ( 'NONE', #2226 ) ;
#4565 = EDGE_CURVE ( 'NONE', #4860, #1431, #4877, .T. ) ;
#4566 = DIRECTION ( 'NONE',  ( -6.510422698133851019E-15, 0.000000000000000000, 1.000000000000000000 ) ) ;
#4567 = LINE ( 'NONE', #2532, #171 ) ;
#4568 = FACE_OUTER_BOUND ( 'NONE', #2167, .T. ) ;
#4569 = EDGE_CURVE ( 'NONE', #1347, #2371, #4459, .T. ) ;
#4570 = DIRECTION ( 'NONE',  ( 1.000000000000000000, 2.009843822508529990E-15, -2.748129594203410252E-15 ) ) ;
#4571 = CARTESIAN_POINT ( 'NONE',  ( 144.8029529411452643, -134.1750000000001819, 92.80999999999671957 ) ) ;
#4572 = CARTESIAN_POINT ( 'NONE',  ( 160.9671133453899756, -140.2624928209260133, 110.5643259181420035 ) ) ;
#4573 = CIRCLE ( 'NONE', #1435, 3.500000000000003109 ) ;
#4574 = ADVANCED_FACE ( 'NONE', ( #3948 ), #2258, .F. ) ;
#4575 = EDGE_CURVE ( 'NONE', #2126, #1812, #153, .T. ) ;
#4576 = DIRECTION ( 'NONE',  ( 1.000000000000000000, 0.000000000000000000, -2.330637149875950107E-14 ) ) ;
#4577 = DIRECTION ( 'NONE',  ( -1.887379142593799970E-15, 1.000000000000000000, 2.810542046950480022E-15 ) ) ;
#4578 = EDGE_CURVE ( 'NONE', #3249, #1476, #5355, .T. ) ;
#4579 = AXIS2_PLACEMENT_3D ( 'NONE', #2766, #1981, #4089 ) ;
#4580 = EDGE_CURVE ( 'NONE', #4079, #3237, #1042, .T. ) ;
#4581 = ORIENTED_EDGE ( 'NONE', *, *, #2322, .T. ) ;
#4582 = VERTEX_POINT ( 'NONE', #4910 ) ;
#4583 = FACE_OUTER_BOUND ( 'NONE', #4798, .T. ) ;
#4584 = EDGE_LOOP ( 'NONE', ( #252, #1319, #3523, #3211 ) ) ;
#4585 = AXIS2_PLACEMENT_3D ( 'NONE', #1036, #3588, #1898 ) ;
#4586 = ORIENTED_EDGE ( 'NONE', *, *, #2819, .F. ) ;
#4587 = CARTESIAN_POINT ( 'NONE',  ( 163.2171133453929883, -140.0624928209259963, 102.7643259181419921 ) ) ;
#4588 = EDGE_LOOP ( 'NONE', ( #2610, #95, #4854, #3288, #3319 ) ) ;
#4590 = DIRECTION ( 'NONE',  ( -1.000000000000000000, -2.055968564121280363E-14, -2.418031965417605144E-14 ) ) ;
#4589 =( GEOMETRIC_REPRESENTATION_CONTEXT ( 3 ) GLOBAL_UNCERTAINTY_ASSIGNED_CONTEXT ( ( #1091 ) ) GLOBAL_UNIT_ASSIGNED_CONTEXT ( ( #4649, #2163, #2510 ) ) REPRESENTATION_CONTEXT ( 'NONE', 'WORKASPACE' ) );
#4591 = CARTESIAN_POINT ( 'NONE',  ( 172.7216632204449809, -119.8624928209249987, 107.2641190093600017 ) ) ;
#4592 = CARTESIAN_POINT ( 'NONE',  ( 125.9448783421490106, -130.8094256212499999, 105.2643259181419921 ) ) ;
#4593 = VERTEX_POINT ( 'NONE', #1458 ) ;
#4594 = CYLINDRICAL_SURFACE ( 'NONE', #5299, 2.349999999999741185 ) ;
#4595 = AXIS2_PLACEMENT_3D ( 'NONE', #2461, #345, #3759 ) ;
#4596 = PLANE ( 'NONE',  #2570 ) ;
#4597 = CARTESIAN_POINT ( 'NONE',  ( 120.4171133453919964, -140.2624928209240238, 99.00716297626419760 ) ) ;
#4598 = LINE ( 'NONE', #1514, #4409 ) ;
#4599 = CARTESIAN_POINT ( 'NONE',  ( 163.0171133453979735, -127.3249999999999886, 92.80999999999720274 ) ) ;
#4600 = SURFACE_SIDE_STYLE ('',( #2881 ) ) ;
#4601 = VECTOR ( 'NONE', #228, 1000.000000000000000 ) ;
#4602 = CARTESIAN_POINT ( 'NONE',  ( 137.4171133454100016, -134.1938512425049908, 92.80999999999698957 ) ) ;
#4603 = CIRCLE ( 'NONE', #1369, 1.950000000000007283 ) ;
#4604 = LINE ( 'NONE', #4175, #3785 ) ;
#4605 = CARTESIAN_POINT ( 'NONE',  ( 141.8692734138259937, -140.4624928209260020, 102.5143253525850042 ) ) ;
#4606 = VECTOR ( 'NONE', #5313, 1000.000000000000000 ) ;
#4607 = ORIENTED_EDGE ( 'NONE', *, *, #3290, .T. ) ;
#4608 = VERTEX_POINT ( 'NONE', #111 ) ;
#4609 = CARTESIAN_POINT ( 'NONE',  ( 154.9171133453919822, -140.4624928209260020, 99.86432591814069326 ) ) ;
#4610 = ORIENTED_EDGE ( 'NONE', *, *, #4344, .T. ) ;
#4611 = VERTEX_POINT ( 'NONE', #4037 ) ;
#4612 = DIRECTION ( 'NONE',  ( 1.000000000000000000, 1.569712496704820600E-14, 2.418031965417650583E-14 ) ) ;
#4613 = ORIENTED_EDGE ( 'NONE', *, *, #4863, .T. ) ;
#4614 = ADVANCED_FACE ( 'NONE', ( #1810 ), #2024, .F. ) ;
#4615 = CARTESIAN_POINT ( 'NONE',  ( 171.1077265380160100, -119.8613980543999986, 104.2630242428339926 ) ) ;
#4616 = CARTESIAN_POINT ( 'NONE',  ( 160.9671133453959726, -137.4624928209260020, 89.48499999999999943 ) ) ;
#4617 = ORIENTED_EDGE ( 'NONE', *, *, #685, .F. ) ;
#4618 = VECTOR ( 'NONE', #3581, 1000.000000000000000 ) ;
#4619 = DIRECTION ( 'NONE',  ( 2.371361224627780042E-15, -2.546555719551769795E-14, 1.000000000000000000 ) ) ;
#4620 = DIRECTION ( 'NONE',  ( -2.371361253508410078E-15, -1.926745932492350360E-15, -1.000000000000000000 ) ) ;
#4621 = CARTESIAN_POINT ( 'NONE',  ( 158.1497566842990068, -128.6529310438289997, 92.64934738161321093 ) ) ;
#4622 = LINE ( 'NONE', #2012, #1270 ) ;
#4623 = FACE_BOUND ( 'NONE', #3550, .T. ) ;
#4624 =( LENGTH_UNIT ( ) NAMED_UNIT ( * ) SI_UNIT ( .MILLI., .METRE. ) );
#4625 = EDGE_CURVE ( 'NONE', #4161, #2743, #207, .T. ) ;
#4626 = VECTOR ( 'NONE', #140, 1000.000000000000000 ) ;
#4627 = LINE ( 'NONE', #344, #4750 ) ;
#4628 = AXIS2_PLACEMENT_3D ( 'NONE', #5119, #3381, #5486 ) ;
#4629 = FACE_BOUND ( 'NONE', #940, .T. ) ;
#4630 = DIRECTION ( 'NONE',  ( 5.220468756189748216E-16, 0.7071067811865510144, 0.7071067811865441310 ) ) ;
#4631 = ADVANCED_FACE ( 'NONE', ( #3223 ), #4488, .T. ) ;
#4632 = VECTOR ( 'NONE', #3720, 1000.000000000000000 ) ;
#4633 = ORIENTED_EDGE ( 'NONE', *, *, #3992, .F. ) ;
#4634 = AXIS2_PLACEMENT_3D ( 'NONE', #2147, #1782, #2629 ) ;
#4635 = ORIENTED_EDGE ( 'NONE', *, *, #267, .T. ) ;
#4636 = DIRECTION ( 'NONE',  ( -1.000000000000000000, -1.762258769246290055E-14, 2.892304216119329995E-14 ) ) ;
#4637 = ORIENTED_EDGE ( 'NONE', *, *, #763, .T. ) ;
#4638 = ORIENTED_EDGE ( 'NONE', *, *, #2542, .T. ) ;
#4639 = CARTESIAN_POINT ( 'NONE',  ( 167.3687542002409998, -119.8613980543999986, 107.2652137758860107 ) ) ;
#4640 = ORIENTED_EDGE ( 'NONE', *, *, #316, .T. ) ;
#4641 = EDGE_CURVE ( 'NONE', #4057, #72, #4256, .T. ) ;
#4642 = EDGE_LOOP ( 'NONE', ( #5165, #2925, #2994, #3265 ) ) ;
#4643 = ADVANCED_FACE ( 'NONE', ( #3107 ), #4819, .T. ) ;
#4644 = DIRECTION ( 'NONE',  ( 1.000000000000000000, 2.009843822508519735E-15, -2.371361224627529973E-15 ) ) ;
#4645 = CARTESIAN_POINT ( 'NONE',  ( 157.1497566842990068, -130.7500000000000000, 92.80999999999708905 ) ) ;
#4646 = FACE_OUTER_BOUND ( 'NONE', #2946, .T. ) ;
#4647 = DIRECTION ( 'NONE',  ( -1.539220716937430059E-14, 3.760804149561860279E-14, 1.000000000000000000 ) ) ;
#4648 = DIRECTION ( 'NONE',  ( -0.7071067811864880648, -0.7071067811866069697, 5.303483935358870998E-15 ) ) ;
#4649 =( LENGTH_UNIT ( ) NAMED_UNIT ( * ) SI_UNIT ( .MILLI., .METRE. ) );
#4650 = FACE_BOUND ( 'NONE', #793, .T. ) ;
#4651 = CARTESIAN_POINT ( 'NONE',  ( 134.2725970286043946, -139.1695996021125836, 109.0572180058413920 ) ) ;
#4652 = LINE ( 'NONE', #3362, #3191 ) ;
#4653 = CARTESIAN_POINT ( 'NONE',  ( 162.0171133453979735, -134.2688162851839877, 94.15673624166939248 ) ) ;
#4654 = ADVANCED_FACE ( 'NONE', ( #141 ), #3560, .F. ) ;
#4655 = ORIENTED_EDGE ( 'NONE', *, *, #2498, .T. ) ;
#4656 = EDGE_LOOP ( 'NONE', ( #4959, #4766, #4413, #1581 ) ) ;
#4657 = CIRCLE ( 'NONE', #1177, 2.349999999999754952 ) ;
#4658 = EDGE_CURVE ( 'NONE', #2439, #2889, #593, .T. ) ;
#4659 = ORIENTED_EDGE ( 'NONE', *, *, #1053, .T. ) ;
#4660 = CARTESIAN_POINT ( 'NONE',  ( 129.7216632204440145, -119.8624928209259934, 107.2641190093600017 ) ) ;
#4661 = VERTEX_POINT ( 'NONE', #1872 ) ;
#4662 = ORIENTED_EDGE ( 'NONE', *, *, #3076, .F. ) ;
#4663 = LINE ( 'NONE', #1200, #4323 ) ;
#4664 = ORIENTED_EDGE ( 'NONE', *, *, #4196, .F. ) ;
#4665 = ORIENTED_EDGE ( 'NONE', *, *, #1065, .F. ) ;
#4666 = ADVANCED_FACE ( 'NONE', ( #3595 ), #2557, .F. ) ;
#4667 = VECTOR ( 'NONE', #2648, 1000.000000000000000 ) ;
#4668 = DIRECTION ( 'NONE',  ( -1.181088324069438628E-14, 1.000000000000000000, -8.858162430520789633E-14 ) ) ;
#4669 = CARTESIAN_POINT ( 'NONE',  ( 163.0171133453989682, -134.1749999999999829, 92.80999999999698957 ) ) ;
#4670 = CARTESIAN_POINT ( 'NONE',  ( 162.6171133453979962, -140.4624928209260020, 99.86432591814200066 ) ) ;
#4671 = CARTESIAN_POINT ( 'NONE',  ( 122.4921292083191986, -119.4624928209260020, 109.0572180058411931 ) ) ;
#4672 = DIRECTION ( 'NONE',  ( 2.819761150805890204E-14, -0.7071067811865631159, -0.7071067811865320296 ) ) ;
#4673 = CONICAL_SURFACE ( 'NONE', #2244, 2.299999999999996270, 0.7853981633974490562 ) ;
#4674 = FACE_OUTER_BOUND ( 'NONE', #681, .T. ) ;
#4675 = DIRECTION ( 'NONE',  ( 0.7800149340513098384, -0.4424797750501979210, 0.4424797750501789362 ) ) ;
#4676 = VECTOR ( 'NONE', #5359, 1000.000000000000227 ) ;
#4677 = CARTESIAN_POINT ( 'NONE',  ( 133.0768364872739937, -140.4624928209250072, 103.7997837525840055 ) ) ;
#4678 = CARTESIAN_POINT ( 'NONE',  ( 140.0671133453979849, -119.4624928209269967, 96.06432591814069610 ) ) ;
#4679 = VERTEX_POINT ( 'NONE', #262 ) ;
#4680 = VERTEX_POINT ( 'NONE', #1211 ) ;
#4681 = VECTOR ( 'NONE', #26, 1000.000000000000114 ) ;
#4682 = CARTESIAN_POINT ( 'NONE',  ( 163.0171133453979735, -124.9750000000000085, 92.80999999999689010 ) ) ;
#4683 = ORIENTED_EDGE ( 'NONE', *, *, #3325, .F. ) ;
#4684 = CIRCLE ( 'NONE', #2807, 2.099999999999990763 ) ;
#4685 = ORIENTED_EDGE ( 'NONE', *, *, #4580, .F. ) ;
#4686 = CARTESIAN_POINT ( 'NONE',  ( 140.7551759362234236, -139.1695996021123847, 109.0572180058416052 ) ) ;
#4687 = ORIENTED_EDGE ( 'NONE', *, *, #5237, .F. ) ;
#4688 = FILL_AREA_STYLE_COLOUR ( '', #2897 ) ;
#4689 = ORIENTED_EDGE ( 'NONE', *, *, #2748, .F. ) ;
#4690 = EDGE_CURVE ( 'NONE', #712, #2264, #3704, .T. ) ;
#4691 = LINE ( 'NONE', #4267, #1954 ) ;
#4692 = FACE_OUTER_BOUND ( 'NONE', #5212, .T. ) ;
#4693 = DIRECTION ( 'NONE',  ( -0.3722874977003681196, -0.6562781495128281462, 0.6562781495128542364 ) ) ;
#4694 = DIRECTION ( 'NONE',  ( 1.000000000000000000, 2.009843820287940185E-15, -3.285583168621639665E-16 ) ) ;
#4695 = FACE_OUTER_BOUND ( 'NONE', #2328, .T. ) ;
#4696 = EDGE_CURVE ( 'NONE', #2392, #5439, #786, .T. ) ;
#4697 = EDGE_CURVE ( 'NONE', #1785, #708, #417, .T. ) ;
#4698 = CARTESIAN_POINT ( 'NONE',  ( 143.9500000000079751, -124.7500000000020037, 92.93500000000000227 ) ) ;
#4699 = MANIFOLD_SOLID_BREP ( 'Saliente-Extruir1', #4355 ) ;
#4700 = CARTESIAN_POINT ( 'NONE',  ( 165.3387505362539969, -119.4624928209249930, 107.6641190093600073 ) ) ;
#4701 = DIRECTION ( 'NONE',  ( -3.364395267662348033E-15, 0.7071067811865280328, -0.7071067811865670016 ) ) ;
#4702 = DIRECTION ( 'NONE',  ( -0.6927882173194479520, 0.7211410998849957510, 8.890154036219756031E-16 ) ) ;
#4703 = VECTOR ( 'NONE', #1041, 1000.000000000000000 ) ;
#4704 = VECTOR ( 'NONE', #2490, 1000.000000000000000 ) ;
#4705 = EDGE_CURVE ( 'NONE', #3120, #5344, #2068, .T. ) ;
#4706 = EDGE_CURVE ( 'NONE', #5418, #2260, #2152, .T. ) ;
#4707 = ORIENTED_EDGE ( 'NONE', *, *, #3290, .F. ) ;
#4708 = EDGE_CURVE ( 'NONE', #2145, #2965, #5381, .T. ) ;
#4709 = VERTEX_POINT ( 'NONE', #1542 ) ;
#4710 = DIRECTION ( 'NONE',  ( 1.000000000000000000, 0.000000000000000000, 0.000000000000000000 ) ) ;
#4711 = ORIENTED_EDGE ( 'NONE', *, *, #4464, .F. ) ;
#4712 = AXIS2_PLACEMENT_3D ( 'NONE', #1274, #2135, #2085 ) ;
#4713 = ORIENTED_EDGE ( 'NONE', *, *, #84, .T. ) ;
#4714 = LINE ( 'NONE', #2499, #3345 ) ;
#4715 = ORIENTED_EDGE ( 'NONE', *, *, #878, .T. ) ;
#4716 = APPLICATION_PROTOCOL_DEFINITION ( 'draft international standard', 'automotive_design', 1998, #3352 ) ;
#4717 = VERTEX_POINT ( 'NONE', #3252 ) ;
#4718 = CARTESIAN_POINT ( 'NONE',  ( 133.9671133453939831, -119.4624928209260020, 100.7500000000260059 ) ) ;
#4719 = EDGE_CURVE ( 'NONE', #4661, #1218, #4941, .T. ) ;
#4720 = CARTESIAN_POINT ( 'NONE',  ( 158.1497566842990068, -125.9750000000000085, 92.80999999999689010 ) ) ;
#4721 = DIRECTION ( 'NONE',  ( 1.000000000000000000, 0.000000000000000000, 0.000000000000000000 ) ) ;
#4722 = DIRECTION ( 'NONE',  ( 1.000000000000000000, 1.569712496704820284E-14, 2.418031965417649952E-14 ) ) ;
#4723 = DIRECTION ( 'NONE',  ( -2.055968564121055696E-14, 1.000000000000000000, -1.027984282060527848E-13 ) ) ;
#4724 = EDGE_CURVE ( 'NONE', #1244, #4680, #1984, .T. ) ;
#4725 = CARTESIAN_POINT ( 'NONE',  ( 143.9500000000079751, -127.9562464104629953, 89.48499999999999943 ) ) ;
#4726 = DIRECTION ( 'NONE',  ( -0.7327805653449599443, 0.6804650197127849465, -1.001116356391870373E-15 ) ) ;
#4727 = DIRECTION ( 'NONE',  ( -1.000000000000000000, 0.000000000000000000, 0.000000000000000000 ) ) ;
#4728 = CARTESIAN_POINT ( 'NONE',  ( 134.2171133453919936, -119.4624950404660098, 103.6640621592530067 ) ) ;
#4729 = LINE ( 'NONE', #83, #3733 ) ;
#4730 = ORIENTED_EDGE ( 'NONE', *, *, #5149, .T. ) ;
#4731 = ADVANCED_FACE ( 'NONE', ( #4995 ), #1155, .T. ) ;
#4732 = CARTESIAN_POINT ( 'NONE',  ( 122.1508943902840088, -119.4624928209260020, 106.6393253577810043 ) ) ;
#4733 = CARTESIAN_POINT ( 'NONE',  ( 132.4344203936730082, -119.4624928209249930, 99.46432591814078705 ) ) ;
#4734 = ORIENTED_EDGE ( 'NONE', *, *, #4055, .F. ) ;
#4735 = AXIS2_PLACEMENT_3D ( 'NONE', #3155, #2305, #909 ) ;
#4736 = PLANE ( 'NONE',  #2382 ) ;
#4737 = VECTOR ( 'NONE', #2588, 1000.000000000000000 ) ;
#4738 = ORIENTED_EDGE ( 'NONE', *, *, #391, .F. ) ;
#4739 = DIRECTION ( 'NONE',  ( -2.371361224627529973E-15, -1.926745932492360221E-15, -1.000000000000000000 ) ) ;
#4740 = ORIENTED_EDGE ( 'NONE', *, *, #3037, .F. ) ;
#4741 = VERTEX_POINT ( 'NONE', #311 ) ;
#4742 = VECTOR ( 'NONE', #4958, 1000.000000000000000 ) ;
#4743 = VERTEX_POINT ( 'NONE', #2014 ) ;
#4744 = CARTESIAN_POINT ( 'NONE',  ( 132.4171133453999971, -134.6744623790489754, 95.77125192028840672 ) ) ;
#4745 = ORIENTED_EDGE ( 'NONE', *, *, #936, .T. ) ;
#4746 = CARTESIAN_POINT ( 'NONE',  ( 127.6533783421490114, -130.8094256212499999, 102.7643259181419921 ) ) ;
#4747 = CARTESIAN_POINT ( 'NONE',  ( 159.8171133453969901, -137.8830298475600102, 94.47466295907830158 ) ) ;
#4748 = CARTESIAN_POINT ( 'NONE',  ( 134.1669525523149957, -141.7950249795680122, 104.4968580767699962 ) ) ;
#4749 = AXIS2_PLACEMENT_3D ( 'NONE', #1536, #1565, #1090 ) ;
#4750 = VECTOR ( 'NONE', #3734, 1000.000000000000227 ) ;
#4751 = AXIS2_PLACEMENT_3D ( 'NONE', #4572, #729, #2433 ) ;
#4752 = CARTESIAN_POINT ( 'NONE',  ( 158.4776768572600076, -119.4624928209249930, 103.8641190093600102 ) ) ;
#4753 = BREP_WITH_VOIDS ( 'NONE', #3910, ( #3964 ) );
#4754 = DIRECTION ( 'NONE',  ( 0.000000000000000000, -1.000000000000000000, 5.006432955109510304E-15 ) ) ;
#4755 = ORIENTED_EDGE ( 'NONE', *, *, #5202, .F. ) ;
#4756 = DIRECTION ( 'NONE',  ( 1.539220716937400082E-14, -3.760804149561840084E-14, -1.000000000000000000 ) ) ;
#4757 = DIRECTION ( 'NONE',  ( 2.418031965417639854E-14, 8.883556882512551274E-15, -1.000000000000000000 ) ) ;
#4758 = DIRECTION ( 'NONE',  ( 0.000000000000000000, -1.000000000000000000, -4.625929269271481378E-15 ) ) ;
#4759 = STYLED_ITEM ( 'NONE', ( #4171 ), #4753 ) ;
#4760 = ORIENTED_EDGE ( 'NONE', *, *, #3670, .T. ) ;
#4761 = AXIS2_PLACEMENT_3D ( 'NONE', #10, #1704, #3896 ) ;
#4762 = CARTESIAN_POINT ( 'NONE',  ( 165.3387505362539969, -119.4624928209249930, 107.6641190093600073 ) ) ;
#4763 = DIRECTION ( 'NONE',  ( 1.000000000000000000, 0.000000000000000000, -2.330637149875950107E-14 ) ) ;
#4764 = VERTEX_POINT ( 'NONE', #390 ) ;
#4765 = PLANE ( 'NONE',  #3105 ) ;
#4766 = ORIENTED_EDGE ( 'NONE', *, *, #1419, .F. ) ;
#4767 = CARTESIAN_POINT ( 'NONE',  ( 140.7551759362234236, -139.1695996021123847, 109.0572180058416052 ) ) ;
#4768 = EDGE_LOOP ( 'NONE', ( #3639, #1166, #2779, #536 ) ) ;
#4769 = ORIENTED_EDGE ( 'NONE', *, *, #2820, .F. ) ;
#4770 =( BOUNDED_CURVE ( )  B_SPLINE_CURVE ( 3, ( #3316, #59, #3420, #1681 ),
 .UNSPECIFIED., .F., .F. ) 
 B_SPLINE_CURVE_WITH_KNOTS ( ( 4, 4 ),
 ( 4.891849744650549781, 4.892435373345469962 ),
 .UNSPECIFIED. ) 
 CURVE ( )  GEOMETRIC_REPRESENTATION_ITEM ( )  RATIONAL_B_SPLINE_CURVE ( ( 1.000000000000000000, 0.9999999714199190315, 0.9999999714199190315, 1.000000000000000000 ) ) 
 REPRESENTATION_ITEM ( '' )  );
#4771 = VECTOR ( 'NONE', #3822, 1000.000000000000114 ) ;
#4772 = VERTEX_POINT ( 'NONE', #3731 ) ;
#4773 = CARTESIAN_POINT ( 'NONE',  ( 128.1075276025609924, -119.8624928209259934, 107.2641190093600017 ) ) ;
#4774 = EDGE_CURVE ( 'NONE', #1055, #2358, #3886, .T. ) ;
#4775 = EDGE_LOOP ( 'NONE', ( #2255, #2304, #1467, #5475 ) ) ;
#4776 = CARTESIAN_POINT ( 'NONE',  ( 132.8344203936730139, -140.4624928209260020, 99.86432591814079274 ) ) ;
#4777 = FACE_OUTER_BOUND ( 'NONE', #1863, .T. ) ;
#4778 = CARTESIAN_POINT ( 'NONE',  ( 172.7216632204449809, -119.8624928209249987, 107.2641190093600017 ) ) ;
#4779 = CYLINDRICAL_SURFACE ( 'NONE', #648, 2.350000000000004974 ) ;
#4780 = LINE ( 'NONE', #2312, #1444 ) ;
#4781 = DIRECTION ( 'NONE',  ( 1.569712496704830066E-14, -1.000000000000000000, -2.810542046950490278E-15 ) ) ;
#4782 = DIRECTION ( 'NONE',  ( -2.892304216119329995E-14, -5.006432955109490583E-15, -1.000000000000000000 ) ) ;
#4783 = ORIENTED_EDGE ( 'NONE', *, *, #4288, .F. ) ;
#4784 = DIRECTION ( 'NONE',  ( -2.418031965417649952E-14, -2.810542046950530115E-15, 1.000000000000000000 ) ) ;
#4785 = DIRECTION ( 'NONE',  ( -0.6927882173194008786, 0.7211410998850409371, -1.291241386863600073E-15 ) ) ;
#4786 = DIRECTION ( 'NONE',  ( -1.000000000000000000, -9.378244137164310855E-15, 2.330637149875950107E-14 ) ) ;
#4787 = EDGE_CURVE ( 'NONE', #2836, #4921, #3240, .T. ) ;
#4788 = CIRCLE ( 'NONE', #4761, 1.700000000000007061 ) ;
#4789 = ORIENTED_EDGE ( 'NONE', *, *, #1787, .T. ) ;
#4790 = CARTESIAN_POINT ( 'NONE',  ( 169.4448783421489964, -130.8094256212499999, 110.3643259181420007 ) ) ;
#4791 = CARTESIAN_POINT ( 'NONE',  ( 157.1497566842990068, -124.9750000000000085, 89.88500000000000512 ) ) ;
#4792 = EDGE_LOOP ( 'NONE', ( #5139, #2310, #665, #611 ) ) ;
#4793 = EDGE_CURVE ( 'NONE', #800, #3419, #3915, .T. ) ;
#4794 = DIRECTION ( 'NONE',  ( -1.762258769246287846E-14, 1.000000000000000000, 0.000000000000000000 ) ) ;
#4795 = ORIENTED_EDGE ( 'NONE', *, *, #669, .F. ) ;
#4796 = CIRCLE ( 'NONE', #3192, 2.099999999999990763 ) ;
#4797 = DIRECTION ( 'NONE',  ( 1.000000000000000000, 2.009843820287940185E-15, -3.285583168621639665E-16 ) ) ;
#4798 = EDGE_LOOP ( 'NONE', ( #2077, #596, #448, #4501 ) ) ;
#4799 = VECTOR ( 'NONE', #942, 1000.000000000000000 ) ;
#4800 = EDGE_LOOP ( 'NONE', ( #349, #1535, #1728, #431 ) ) ;
#4801 = VERTEX_POINT ( 'NONE', #2958 ) ;
#4802 = VECTOR ( 'NONE', #5479, 1000.000000000000000 ) ;
#4803 = CARTESIAN_POINT ( 'NONE',  ( 156.5497566843020252, -124.5750000000000028, 92.80999999999680483 ) ) ;
#4804 = ADVANCED_FACE ( 'NONE', ( #1722 ), #1707, .F. ) ;
#4805 = VERTEX_POINT ( 'NONE', #3805 ) ;
#4806 = CARTESIAN_POINT ( 'NONE',  ( 159.8171133454000028, -119.4624928209249930, 99.46432591814199498 ) ) ;
#4807 = DIRECTION ( 'NONE',  ( 0.000000000000000000, 4.430635266668070654E-15, 1.000000000000000000 ) ) ;
#4808 = EDGE_CURVE ( 'NONE', #1293, #4679, #1670, .T. ) ;
#4809 = EDGE_CURVE ( 'NONE', #5277, #2901, #5098, .T. ) ;
#4810 = CARTESIAN_POINT ( 'NONE',  ( 159.8171133453990080, -119.9624928209249930, 96.06432591814299826 ) ) ;
#4811 = ORIENTED_EDGE ( 'NONE', *, *, #5460, .F. ) ;
#4812 = DIRECTION ( 'NONE',  ( -1.762258769246287846E-14, 1.000000000000000000, 0.000000000000000000 ) ) ;
#4813 = LINE ( 'NONE', #1452, #2845 ) ;
#4814 = CARTESIAN_POINT ( 'NONE',  ( 151.4497566842990182, -135.2563512425030012, 95.03499999999849024 ) ) ;
#4815 = CARTESIAN_POINT ( 'NONE',  ( 128.1076603330529338, -119.8617629959866946, 107.2648488342982773 ) ) ;
#4816 = EDGE_LOOP ( 'NONE', ( #1132, #3919, #3903, #1972 ) ) ;
#4817 = DIRECTION ( 'NONE',  ( -6.767073673905740924E-15, 1.000000000000000000, -1.622896118156660156E-15 ) ) ;
#4818 = DIRECTION ( 'NONE',  ( 1.000000000000000000, 2.009843822508470037E-15, -2.330637149875950107E-14 ) ) ;
#4819 = PLANE ( 'NONE',  #1049 ) ;
#4820 = AXIS2_PLACEMENT_3D ( 'NONE', #2133, #1639, #2980 ) ;
#4821 = VERTEX_POINT ( 'NONE', #832 ) ;
#4822 = DIRECTION ( 'NONE',  ( -9.378244137164250901E-15, 1.000000000000000000, 2.810542139866910211E-15 ) ) ;
#4823 = CYLINDRICAL_SURFACE ( 'NONE', #916, 3.000000000000002665 ) ;
#4824 = ORIENTED_EDGE ( 'NONE', *, *, #4460, .F. ) ;
#4825 = CARTESIAN_POINT ( 'NONE',  ( 134.2171133453919936, -140.4624928209260020, 103.6640621592530067 ) ) ;
#4826 = EDGE_CURVE ( 'NONE', #297, #3532, #3432, .T. ) ;
#4827 = EDGE_LOOP ( 'NONE', ( #1731, #1650, #3511, #1465, #3395, #848, #1114 ) ) ;
#4828 = CARTESIAN_POINT ( 'NONE',  ( 167.3687542002409998, -119.8613980543999986, 104.2630242428339926 ) ) ;
#4829 = ORIENTED_EDGE ( 'NONE', *, *, #742, .F. ) ;
#4830 = EDGE_LOOP ( 'NONE', ( #1851, #5378, #995, #3471, #4103, #3350 ) ) ;
#4831 = ORIENTED_EDGE ( 'NONE', *, *, #519, .F. ) ;
#4832 = LINE ( 'NONE', #2243, #2318 ) ;
#4833 = EDGE_LOOP ( 'NONE', ( #1171, #5399, #1130, #2315 ) ) ;
#4834 = VECTOR ( 'NONE', #2396, 1000.000000000000000 ) ;
#4835 = DIRECTION ( 'NONE',  ( 1.569712496704830066E-14, -1.000000000000000000, -2.810542046950490278E-15 ) ) ;
#4836 = DIRECTION ( 'NONE',  ( 0.000000000000000000, -1.973846303234049855E-15, -1.000000000000000000 ) ) ;
#4837 = DIRECTION ( 'NONE',  ( 2.013492943509530237E-14, 1.926745932492390197E-15, 1.000000000000000000 ) ) ;
#4838 = ORIENTED_EDGE ( 'NONE', *, *, #4696, .T. ) ;
#4839 = CARTESIAN_POINT ( 'NONE',  ( 133.4768364872739994, -140.4624928209240124, 103.7997837525840055 ) ) ;
#4840 = DIRECTION ( 'NONE',  ( 2.371361224627630158E-15, -8.883556882512311460E-15, 1.000000000000000000 ) ) ;
#4841 = CARTESIAN_POINT ( 'NONE',  ( 132.4171133454029814, -130.3438512425049964, 92.80999999999689010 ) ) ;
#4842 = CARTESIAN_POINT ( 'NONE',  ( 171.1533783421490114, -130.8094256212499999, 110.3643259181420007 ) ) ;
#4843 = EDGE_LOOP ( 'NONE', ( #2842, #1201, #4426, #5209 ) ) ;
#4844 = DIRECTION ( 'NONE',  ( -6.416517355157920143E-10, 0.7071067813717820671, -0.7071067810013129673 ) ) ;
#4845 = DIRECTION ( 'NONE',  ( 1.000000000000000000, 8.946782286856180428E-15, -2.371361253508400217E-15 ) ) ;
#4846 = DIRECTION ( 'NONE',  ( 0.000000000000000000, -1.926745932492380336E-15, -1.000000000000000000 ) ) ;
#4847 = VERTEX_POINT ( 'NONE', #2110 ) ;
#4848 = DIRECTION ( 'NONE',  ( -1.000000000000000000, -8.946782286856180428E-15, 2.371361253508400217E-15 ) ) ;
#4849 = ADVANCED_FACE ( 'NONE', ( #1329 ), #5541, .T. ) ;
#4850 = VECTOR ( 'NONE', #4672, 999.9999999999998863 ) ;
#4851 = CARTESIAN_POINT ( 'NONE',  ( 128.6948783421490248, -130.8094256212499999, 102.7643259181419921 ) ) ;
#4852 = EDGE_LOOP ( 'NONE', ( #2501, #5255 ) ) ;
#4853 = DIRECTION ( 'NONE',  ( 2.748129594203400391E-15, 1.926745932492380336E-15, 1.000000000000000000 ) ) ;
#4854 = ORIENTED_EDGE ( 'NONE', *, *, #1469, .F. ) ;
#4855 = ORIENTED_EDGE ( 'NONE', *, *, #1396, .T. ) ;
#4856 = ORIENTED_EDGE ( 'NONE', *, *, #2890, .F. ) ;
#4857 = ORIENTED_EDGE ( 'NONE', *, *, #3988, .T. ) ;
#4858 = EDGE_CURVE ( 'NONE', #3249, #3845, #46, .T. ) ;
#4859 = VECTOR ( 'NONE', #725, 1000.000000000000000 ) ;
#4860 = VERTEX_POINT ( 'NONE', #2190 ) ;
#4861 = ORIENTED_EDGE ( 'NONE', *, *, #5487, .F. ) ;
#4862 = LINE ( 'NONE', #5442, #4166 ) ;
#4863 = EDGE_CURVE ( 'NONE', #2093, #2743, #3605, .T. ) ;
#4864 = CARTESIAN_POINT ( 'NONE',  ( 160.7609296305820124, -135.5250000000000057, 90.88499999999999091 ) ) ;
#4865 = ADVANCED_FACE ( 'NONE', ( #4695 ), #5072, .T. ) ;
#4866 = DIRECTION ( 'NONE',  ( 0.000000000000000000, 1.000000000000000000, 0.000000000000000000 ) ) ;
#4867 = ORIENTED_EDGE ( 'NONE', *, *, #547, .F. ) ;
#4868 = ADVANCED_FACE ( 'NONE', ( #4272 ), #882, .F. ) ;
#4869 = CARTESIAN_POINT ( 'NONE',  ( 170.7373004235740268, -119.4624928209260020, 103.8641190093600102 ) ) ;
#4870 = CYLINDRICAL_SURFACE ( 'NONE', #2871, 14.00026402016988847 ) ;
#4871 = DIRECTION ( 'NONE',  ( 0.000000000000000000, 1.000000000000000000, -9.251858538544751261E-14 ) ) ;
#4872 = CARTESIAN_POINT ( 'NONE',  ( 135.6171133453999857, -137.8744623790489925, 96.06432591814069610 ) ) ;
#4873 = ORIENTED_EDGE ( 'NONE', *, *, #3141, .T. ) ;
#4874 = EDGE_CURVE ( 'NONE', #1476, #4156, #1626, .T. ) ;
#4875 = FACE_OUTER_BOUND ( 'NONE', #3426, .T. ) ;
#4876 = CARTESIAN_POINT ( 'NONE',  ( 147.7171133453979905, -119.4624928209269967, 89.48499999999999943 ) ) ;
#4877 = LINE ( 'NONE', #1516, #337 ) ;
#4878 = EDGE_CURVE ( 'NONE', #2418, #1412, #2341, .T. ) ;
#4879 = CARTESIAN_POINT ( 'NONE',  ( 174.2171181045800097, -140.4624928209230177, 104.2614022775150033 ) ) ;
#4880 = DIRECTION ( 'NONE',  ( 2.330637149875950107E-14, -4.718447854655980497E-16, 1.000000000000000000 ) ) ;
#4881 = EDGE_CURVE ( 'NONE', #3261, #1164, #3587, .T. ) ;
#4882 = CARTESIAN_POINT ( 'NONE',  ( 128.4640141208401758, -119.4624928209260446, 108.7643247870279311 ) ) ;
#4883 = EDGE_CURVE ( 'NONE', #1218, #3949, #238, .T. ) ;
#4884 = ADVANCED_FACE ( 'NONE', ( #4390 ), #4029, .F. ) ;
#4885 = AXIS2_PLACEMENT_3D ( 'NONE', #73, #2643, #912 ) ;
#4886 = VERTEX_POINT ( 'NONE', #2737 ) ;
#4887 = ORIENTED_EDGE ( 'NONE', *, *, #1582, .T. ) ;
#4888 = ORIENTED_EDGE ( 'NONE', *, *, #2877, .F. ) ;
#4889 = AXIS2_PLACEMENT_3D ( 'NONE', #3497, #3559, #2257 ) ;
#4890 = AXIS2_PLACEMENT_3D ( 'NONE', #1964, #5467, #2963 ) ;
#4891 = ORIENTED_EDGE ( 'NONE', *, *, #3169, .T. ) ;
#4892 = DIRECTION ( 'NONE',  ( 8.742289393079841183E-15, -1.000000000000000000, -8.883556882512341437E-15 ) ) ;
#4893 = VECTOR ( 'NONE', #5096, 1000.000000000000000 ) ;
#4894 = ORIENTED_EDGE ( 'NONE', *, *, #1011, .F. ) ;
#4895 = CARTESIAN_POINT ( 'NONE',  ( 169.4448783421489964, -130.8094256212499999, 107.7643259181420063 ) ) ;
#4897 = CARTESIAN_POINT ( 'NONE',  ( 134.4016063749450041, -140.2908261542589798, 110.5359925848089944 ) ) ;
#4896 = STYLED_ITEM ( 'NONE', ( #2375 ), #4699 ) ;
#4898 = CARTESIAN_POINT ( 'NONE',  ( 158.4776768572600076, -119.8624928209249987, 104.2641190093600017 ) ) ;
#4899 = EDGE_LOOP ( 'NONE', ( #293, #2389, #1734, #375 ) ) ;
#4900 = DIRECTION ( 'NONE',  ( 1.000000000000000000, 0.000000000000000000, -2.371361224627529973E-15 ) ) ;
#4901 = VECTOR ( 'NONE', #5430, 1000.000000000000000 ) ;
#4902 = VECTOR ( 'NONE', #3895, 1000.000000000000000 ) ;
#4903 = CARTESIAN_POINT ( 'NONE',  ( 163.0171133453979735, -134.1749999999999829, 92.80999999999720274 ) ) ;
#4904 = EDGE_CURVE ( 'NONE', #1766, #994, #818, .T. ) ;
#4905 = DIRECTION ( 'NONE',  ( -1.000000000000000000, -8.742289393079860116E-15, 2.371361253508385229E-15 ) ) ;
#4906 = PLANE ( 'NONE',  #722 ) ;
#4907 = ORIENTED_EDGE ( 'NONE', *, *, #164, .F. ) ;
#4908 = DIRECTION ( 'NONE',  ( -0.5130924759623248788, 0.8583333333331818471, -8.551598539764720486E-15 ) ) ;
#4909 = DIRECTION ( 'NONE',  ( 2.846725704167057308E-14, 0.000000000000000000, -1.000000000000000000 ) ) ;
#4910 = CARTESIAN_POINT ( 'NONE',  ( 124.3687542002400050, -119.8613980543999986, 107.2652137758860107 ) ) ;
#4911 = ADVANCED_FACE ( 'NONE', ( #5199, #1423, #3489 ), #1896, .T. ) ;
#4912 = PLANE ( 'NONE',  #3854 ) ;
#4913 = LINE ( 'NONE', #1600, #5306 ) ;
#4914 = LINE ( 'NONE', #2296, #1493 ) ;
#4915 = EDGE_CURVE ( 'NONE', #4924, #4018, #3189, .T. ) ;
#4916 = VERTEX_POINT ( 'NONE', #4449 ) ;
#4917 = EDGE_LOOP ( 'NONE', ( #4350, #3125 ) ) ;
#4918 = EDGE_LOOP ( 'NONE', ( #4258, #5059, #2153, #4326 ) ) ;
#4919 = EDGE_LOOP ( 'NONE', ( #1857, #4472, #2020, #2631 ) ) ;
#4920 = CARTESIAN_POINT ( 'NONE',  ( 175.2171132998470000, -140.0624928209230120, 98.00716295908050313 ) ) ;
#4921 = VERTEX_POINT ( 'NONE', #944 ) ;
#4922 = CARTESIAN_POINT ( 'NONE',  ( 156.5497566843020252, -131.4249999999999829, 92.80999999999670536 ) ) ;
#4923 = DIRECTION ( 'NONE',  ( -0.7071067811865480168, 3.453487086490200225E-15, 0.7071067811865470176 ) ) ;
#4924 = VERTEX_POINT ( 'NONE', #4869 ) ;
#4925 = FACE_OUTER_BOUND ( 'NONE', #4917, .T. ) ;
#4926 = PLANE ( 'NONE',  #4749 ) ;
#4927 = VECTOR ( 'NONE', #1645, 1000.000000000000000 ) ;
#4928 = LINE ( 'NONE', #3675, #2891 ) ;
#4929 = DIRECTION ( 'NONE',  ( 0.000000000000000000, 1.973846303234049855E-15, 1.000000000000000000 ) ) ;
#4930 = ORIENTED_EDGE ( 'NONE', *, *, #5039, .F. ) ;
#4931 = CARTESIAN_POINT ( 'NONE',  ( 163.0171133453979735, -127.3249999999999886, 92.80999999999720274 ) ) ;
#4932 = DIRECTION ( 'NONE',  ( -1.000000000000000000, -8.539126841917380224E-15, -5.865127437796660393E-16 ) ) ;
#4933 = SURFACE_STYLE_FILL_AREA ( #4195 ) ;
#4934 = AXIS2_PLACEMENT_3D ( 'NONE', #3888, #49, #3464 ) ;
#4935 = DIRECTION ( 'NONE',  ( -0.5773502691913521279, -0.5773502691914550455, 0.5773502691860701308 ) ) ;
#4936 = CARTESIAN_POINT ( 'NONE',  ( 124.3689531356949942, -119.8624928209259934, 104.2641190093600017 ) ) ;
#4937 = CARTESIAN_POINT ( 'NONE',  ( 123.5948783421490020, -130.8094256212499999, 107.7643259181420063 ) ) ;
#4938 = ADVANCED_FACE ( 'NONE', ( #639 ), #4779, .F. ) ;
#4939 = PLANE ( 'NONE',  #5074 ) ;
#4940 = ORIENTED_EDGE ( 'NONE', *, *, #4401, .F. ) ;
#4941 = CIRCLE ( 'NONE', #2784, 3.000000000000002665 ) ;
#4942 = VERTEX_POINT ( 'NONE', #4007 ) ;
#4943 = VERTEX_POINT ( 'NONE', #616 ) ;
#4944 = EDGE_CURVE ( 'NONE', #3419, #712, #2340, .T. ) ;
#4945 = VECTOR ( 'NONE', #2256, 1000.000000000000000 ) ;
#4946 = EDGE_LOOP ( 'NONE', ( #575, #822, #3366, #1826, #3950 ) ) ;
#4947 = DIRECTION ( 'NONE',  ( 2.643388153869429876E-14, -4.718447854655860195E-16, 1.000000000000000000 ) ) ;
#4948 = VERTEX_POINT ( 'NONE', #4058 ) ;
#4949 = CIRCLE ( 'NONE', #4595, 3.000000000000002665 ) ;
#4950 = VERTEX_POINT ( 'NONE', #3065 ) ;
#4951 = CARTESIAN_POINT ( 'NONE',  ( 143.9500000000079751, -134.1749999999999829, 92.80999999999869488 ) ) ;
#4952 = CYLINDRICAL_SURFACE ( 'NONE', #4320, 1.950000000000007283 ) ;
#4953 = CARTESIAN_POINT ( 'NONE',  ( 125.9448783421490106, -130.8094256212499999, 103.1643259181420120 ) ) ;
#4954 = ORIENTED_EDGE ( 'NONE', *, *, #819, .T. ) ;
#4955 = EDGE_CURVE ( 'NONE', #3961, #156, #527, .T. ) ;
#4956 = FACE_OUTER_BOUND ( 'NONE', #8, .T. ) ;
#4957 = CIRCLE ( 'NONE', #3968, 1.349999999999740297 ) ;
#4958 = DIRECTION ( 'NONE',  ( 1.569712496704820284E-14, -1.000000000000000000, -4.718447854659639825E-16 ) ) ;
#4959 = ORIENTED_EDGE ( 'NONE', *, *, #3715, .T. ) ;
#4960 = DIRECTION ( 'NONE',  ( 2.247885490420020125E-06, -0.7071067811880580312, 0.7071067811814639725 ) ) ;
#4961 = DIRECTION ( 'NONE',  ( 0.000000000000000000, 2.810542046950470162E-15, -1.000000000000000000 ) ) ;
#4962 = AXIS2_PLACEMENT_3D ( 'NONE', #748, #250, #2362 ) ;
#4963 =( BOUNDED_CURVE ( )  B_SPLINE_CURVE ( 3, ( #1925, #3215, #3641, #2365 ),
 .UNSPECIFIED., .F., .F. ) 
 B_SPLINE_CURVE_WITH_KNOTS ( ( 4, 4 ),
 ( 1.390749933834365848, 1.391335562529282033 ),
 .UNSPECIFIED. ) 
 CURVE ( )  GEOMETRIC_REPRESENTATION_ITEM ( )  RATIONAL_B_SPLINE_CURVE ( ( 1.000000000000000000, 0.9999999714199190315, 0.9999999714199190315, 1.000000000000000000 ) ) 
 REPRESENTATION_ITEM ( '' )  );
#4964 = AXIS2_PLACEMENT_3D ( 'NONE', #354, #4160, #326 ) ;
#4965 = PLANE ( 'NONE',  #3601 ) ;
#4966 = DIRECTION ( 'NONE',  ( 1.165734175929510219E-14, -1.000000000000000000, -4.718447854658700095E-16 ) ) ;
#4967 = ADVANCED_FACE ( 'NONE', ( #1801 ), #1864, .F. ) ;
#4968 = CARTESIAN_POINT ( 'NONE',  ( 163.0171133453999914, -130.0529310438300001, 92.19702761925680079 ) ) ;
#4969 = ORIENTED_EDGE ( 'NONE', *, *, #3945, .F. ) ;
#4970 = EDGE_CURVE ( 'NONE', #2101, #216, #4380, .T. ) ;
#4971 = ORIENTED_EDGE ( 'NONE', *, *, #191, .F. ) ;
#4972 = ORIENTED_EDGE ( 'NONE', *, *, #429, .F. ) ;
#4973 = ORIENTED_EDGE ( 'NONE', *, *, #64, .T. ) ;
#4974 = EDGE_CURVE ( 'NONE', #225, #1659, #3972, .T. ) ;
#4975 = VECTOR ( 'NONE', #3514, 1000.000000000000000 ) ;
#4976 = DIRECTION ( 'NONE',  ( -1.000000000000000000, 1.151051030536170054E-28, 2.330637149875950107E-14 ) ) ;
#4977 = ORIENTED_EDGE ( 'NONE', *, *, #1821, .F. ) ;
#4978 = ORIENTED_EDGE ( 'NONE', *, *, #3153, .T. ) ;
#4979 = LINE ( 'NONE', #1086, #5523 ) ;
#4980 = CARTESIAN_POINT ( 'NONE',  ( 167.0948783421490020, -130.8094256212499999, 105.2643259181419921 ) ) ;
#4981 = CARTESIAN_POINT ( 'NONE',  ( 145.3948783421490134, -130.7594256212510118, 110.5643259181420035 ) ) ;
#4982 = ORIENTED_EDGE ( 'NONE', *, *, #4201, .T. ) ;
#4983 = AXIS2_PLACEMENT_3D ( 'NONE', #1541, #4487, #1125 ) ;
#4984 = VECTOR ( 'NONE', #4786, 1000.000000000000000 ) ;
#4985 = ADVANCED_FACE ( 'NONE', ( #134 ), #1833, .T. ) ;
#4986 = EDGE_CURVE ( 'NONE', #4717, #4130, #4963, .T. ) ;
#4987 = CARTESIAN_POINT ( 'NONE',  ( 157.1497566842990068, -136.5250000000000057, 92.80999999999738748 ) ) ;
#4988 = EDGE_CURVE ( 'NONE', #4741, #3870, #1089, .T. ) ;
#4989 = AXIS2_PLACEMENT_3D ( 'NONE', #1934, #3198, #2770 ) ;
#4990 = ADVANCED_FACE ( 'NONE', ( #2789, #4925 ), #5345, .F. ) ;
#4991 = CARTESIAN_POINT ( 'NONE',  ( 165.7547861250089909, -119.8621712665460137, 104.2637974549800077 ) ) ;
#4992 = CARTESIAN_POINT ( 'NONE',  ( 169.4448783421489964, -130.8094256212499999, 107.7643259181420063 ) ) ;
#4993 = DIRECTION ( 'NONE',  ( -1.000000000000000000, -2.009843820286610165E-15, 6.867631562389000059E-13 ) ) ;
#4994 = DIRECTION ( 'NONE',  ( 8.742289393079850650E-15, -1.000000000000000000, -2.810542046950470162E-15 ) ) ;
#4995 = FACE_OUTER_BOUND ( 'NONE', #4309, .T. ) ;
#4996 = AXIS2_PLACEMENT_3D ( 'NONE', #4669, #2533, #3804 ) ;
#4997 = CARTESIAN_POINT ( 'NONE',  ( 163.0171133453989682, -136.9249999999999829, 88.32972932037290548 ) ) ;
#4998 = CARTESIAN_POINT ( 'NONE',  ( 157.1497566842990068, -124.9750000000000085, 92.80999999999689010 ) ) ;
#4999 = DIRECTION ( 'NONE',  ( -1.000000000000000000, -2.338402137150095129E-15, 0.000000000000000000 ) ) ;
#5000 =( BOUNDED_CURVE ( )  B_SPLINE_CURVE ( 3, ( #3543, #1794, #521, #2640 ),
 .UNSPECIFIED., .F., .F. ) 
 B_SPLINE_CURVE_WITH_KNOTS ( ( 4, 4 ),
 ( 1.371290263815559962, 1.393361420140240003 ),
 .UNSPECIFIED. ) 
 CURVE ( )  GEOMETRIC_REPRESENTATION_ITEM ( )  RATIONAL_B_SPLINE_CURVE ( ( 1.000000000000000000, 0.9999594057501870470, 0.9999594057501870470, 1.000000000000000000 ) ) 
 REPRESENTATION_ITEM ( '' )  );
#5001 = ORIENTED_EDGE ( 'NONE', *, *, #1079, .T. ) ;
#5002 = AXIS2_PLACEMENT_3D ( 'NONE', #2620, #3616, #557 ) ;
#5003 = ORIENTED_EDGE ( 'NONE', *, *, #5460, .T. ) ;
#5004 = DIRECTION ( 'NONE',  ( -0.7071067811861759811, -0.7071067811869190534, 5.303483935359651181E-15 ) ) ;
#5005 = ORIENTED_EDGE ( 'NONE', *, *, #4525, .F. ) ;
#5006 = EDGE_LOOP ( 'NONE', ( #3058, #2234, #4048, #796, #4683 ) ) ;
#5007 = CARTESIAN_POINT ( 'NONE',  ( 163.0171133453979735, -124.9750000000000085, 89.88500000000000512 ) ) ;
#5008 = ORIENTED_EDGE ( 'NONE', *, *, #1297, .T. ) ;
#5009 = ORIENTED_EDGE ( 'NONE', *, *, #1651, .T. ) ;
#5010 = DIRECTION ( 'NONE',  ( 0.7071067811865465735, 4.874661281994957422E-15, 0.7071067811865485719 ) ) ;
#5011 = APPLICATION_PROTOCOL_DEFINITION ( 'draft international standard', 'automotive_design', 1998, #3615 ) ;
#5012 = CARTESIAN_POINT ( 'NONE',  ( 128.1077265380160100, -119.8613980543999986, 104.2630242428339926 ) ) ;
#5013 = ORIENTED_EDGE ( 'NONE', *, *, #3086, .F. ) ;
#5014 = CARTESIAN_POINT ( 'NONE',  ( 128.0533783421489886, -130.8094256212499999, 110.7643259181420063 ) ) ;
#5015 = DIRECTION ( 'NONE',  ( -0.7071067811865489050, 0.7071067811865460184, 1.681373797909599904E-14 ) ) ;
#5016 = AXIS2_PLACEMENT_3D ( 'NONE', #3236, #4473, #1556 ) ;
#5017 = LINE ( 'NONE', #3828, #4901 ) ;
#5018 = CARTESIAN_POINT ( 'NONE',  ( 156.7256133453959990, -120.4624928209260020, 89.48499999999999943 ) ) ;
#5019 = CARTESIAN_POINT ( 'NONE',  ( 125.9448783421490106, -130.8094256212499999, 102.7643259181419921 ) ) ;
#5020 =( NAMED_UNIT ( * ) PLANE_ANGLE_UNIT ( ) SI_UNIT ( $, .RADIAN. ) );
#5021 = AXIS2_PLACEMENT_3D ( 'NONE', #4084, #251, #5371 ) ;
#5022 = CARTESIAN_POINT ( 'NONE',  ( 174.8171132998490123, -140.4624928209230177, 100.7500000000189999 ) ) ;
#5023 = CARTESIAN_POINT ( 'NONE',  ( 122.3387505362530021, -119.4624928209260020, 107.6641190093600073 ) ) ;
#5024 = CIRCLE ( 'NONE', #895, 2.349999999999754952 ) ;
#5025 = CARTESIAN_POINT ( 'NONE',  ( 134.4989878797520078, -140.1191594875919861, 102.5143253525850042 ) ) ;
#5026 = ORIENTED_EDGE ( 'NONE', *, *, #4207, .T. ) ;
#5027 = EDGE_CURVE ( 'NONE', #3994, #1994, #3856, .T. ) ;
#5028 = ORIENTED_EDGE ( 'NONE', *, *, #3396, .F. ) ;
#5029 = CARTESIAN_POINT ( 'NONE',  ( 163.0171133453979735, -124.9750000000000085, 92.80999999999689010 ) ) ;
#5030 = EDGE_LOOP ( 'NONE', ( #3087, #3602, #1957, #1917 ) ) ;
#5031 = STYLED_ITEM ( 'NONE', ( #3699 ), #1063 ) ;
#5032 = VECTOR ( 'NONE', #5464, 1000.000000000000000 ) ;
#5033 = ORIENTED_EDGE ( 'NONE', *, *, #3725, .F. ) ;
#5034 = DIRECTION ( 'NONE',  ( -1.000000000000000000, 0.000000000000000000, 0.000000000000000000 ) ) ;
#5035 = VERTEX_POINT ( 'NONE', #1752 ) ;
#5037 = DIRECTION ( 'NONE',  ( -6.501293528964970844E-15, 1.000000000000000000, 0.000000000000000000 ) ) ;
#5036 = VECTOR ( 'NONE', #416, 1000.000000000000000 ) ;
#5038 = FACE_OUTER_BOUND ( 'NONE', #2767, .T. ) ;
#5039 = EDGE_CURVE ( 'NONE', #1024, #5365, #3673, .T. ) ;
#5040 = ORIENTED_EDGE ( 'NONE', *, *, #3817, .T. ) ;
#5041 = LINE ( 'NONE', #1205, #5091 ) ;
#5042 = LINE ( 'NONE', #2010, #3617 ) ;
#5043 = EDGE_CURVE ( 'NONE', #1562, #4921, #2539, .T. ) ;
#5044 = LINE ( 'NONE', #755, #2749 ) ;
#5045 = CARTESIAN_POINT ( 'NONE',  ( 154.9171133453919822, -140.0624928209259963, 99.46432591814070179 ) ) ;
#5046 = CARTESIAN_POINT ( 'NONE',  ( 144.8029529411452074, -127.3250000000001876, 90.85999999999670251 ) ) ;
#5047 = DIRECTION ( 'NONE',  ( 0.8618565397866660982, 1.982503728189842186E-15, 0.5071521515550880821 ) ) ;
#5048 = VECTOR ( 'NONE', #4905, 1000.000000000000000 ) ;
#5049 = DIRECTION ( 'NONE',  ( -1.000000000000000000, -8.457319541869121525E-15, -7.677572760593020201E-16 ) ) ;
#5050 = DIRECTION ( 'NONE',  ( -0.5130924759622020881, 0.8583333333332552328, -9.214851104388851350E-15 ) ) ;
#5051 = CARTESIAN_POINT ( 'NONE',  ( 175.0171132998469830, -140.2624928209240238, 98.00716295908050313 ) ) ;
#5052 = VECTOR ( 'NONE', #4209, 1000.000000000000000 ) ;
#5053 = EDGE_CURVE ( 'NONE', #5164, #590, #2964, .T. ) ;
#5054 = ORIENTED_EDGE ( 'NONE', *, *, #834, .T. ) ;
#5055 = EDGE_CURVE ( 'NONE', #68, #4805, #2115, .T. ) ;
#5056 = ORIENTED_EDGE ( 'NONE', *, *, #4787, .F. ) ;
#5057 = ADVANCED_FACE ( 'NONE', ( #2 ), #1259, .F. ) ;
#5058 = LINE ( 'NONE', #1217, #2548 ) ;
#5059 = ORIENTED_EDGE ( 'NONE', *, *, #3163, .T. ) ;
#5060 = ORIENTED_EDGE ( 'NONE', *, *, #1098, .T. ) ;
#5061 = PLANE ( 'NONE',  #2619 ) ;
#5062 = ORIENTED_EDGE ( 'NONE', *, *, #3114, .T. ) ;
#5063 = LINE ( 'NONE', #3242, #4069 ) ;
#5064 = VERTEX_POINT ( 'NONE', #501 ) ;
#5065 = VECTOR ( 'NONE', #5287, 1000.000000000000000 ) ;
#5066 = PLANE ( 'NONE',  #2668 ) ;
#5067 = DIRECTION ( 'NONE',  ( -1.433659234970135943E-15, 1.000000000000000000, -1.587695013172155101E-15 ) ) ;
#5068 = FACE_OUTER_BOUND ( 'NONE', #1880, .T. ) ;
#5069 = FACE_OUTER_BOUND ( 'NONE', #4792, .T. ) ;
#5070 = LINE ( 'NONE', #5046, #4202 ) ;
#5071 = EDGE_CURVE ( 'NONE', #3744, #2245, #2140, .T. ) ;
#5072 = PLANE ( 'NONE',  #3502 ) ;
#5073 = ADVANCED_FACE ( 'NONE', ( #27, #809 ), #3388, .F. ) ;
#5074 = AXIS2_PLACEMENT_3D ( 'NONE', #679, #4463, #2265 ) ;
#5075 = FACE_OUTER_BOUND ( 'NONE', #3016, .T. ) ;
#5076 = DIRECTION ( 'NONE',  ( 4.037174634999905376E-15, -1.049328997390330010E-15, 1.000000000000000000 ) ) ;
#5077 = AXIS2_PLACEMENT_3D ( 'NONE', #4597, #1254, #5456 ) ;
#5078 = LINE ( 'NONE', #444, #1360 ) ;
#5079 = CARTESIAN_POINT ( 'NONE',  ( 149.4248783421530220, -133.5000000000000000, 95.43499999999839645 ) ) ;
#5080 = CIRCLE ( 'NONE', #787, 2.099999999999963229 ) ;
#5081 = ORIENTED_EDGE ( 'NONE', *, *, #1011, .T. ) ;
#5082 = VECTOR ( 'NONE', #508, 1000.000000000000000 ) ;
#5083 = ORIENTED_EDGE ( 'NONE', *, *, #3461, .T. ) ;
#5084 = LINE ( 'NONE', #5133, #1736 ) ;
#5085 = EDGE_LOOP ( 'NONE', ( #92, #1764, #580, #5274 ) ) ;
#5086 = ADVANCED_FACE ( 'NONE', ( #4223 ), #3361, .F. ) ;
#5087 = ORIENTED_EDGE ( 'NONE', *, *, #5349, .F. ) ;
#5088 = LINE ( 'NONE', #1608, #3794 ) ;
#5089 = ORIENTED_EDGE ( 'NONE', *, *, #652, .F. ) ;
#5090 = ORIENTED_EDGE ( 'NONE', *, *, #1669, .T. ) ;
#5091 = VECTOR ( 'NONE', #4619, 1000.000000000000000 ) ;
#5092 = CARTESIAN_POINT ( 'NONE',  ( 143.8400000000079899, -124.7500000000020037, 96.38500000000000512 ) ) ;
#5093 = CARTESIAN_POINT ( 'NONE',  ( 165.7547965843303359, -119.8622784518220499, 104.2639046402560581 ) ) ;
#5094 = LINE ( 'NONE', #1596, #5434 ) ;
#5095 = CLOSED_SHELL ( 'NONE', ( #3217, #2893, #1017, #322, #900, #2207, #2151 ) ) ;
#5096 = DIRECTION ( 'NONE',  ( -1.000000000000000000, -2.009843822508529990E-15, 2.748129594203410252E-15 ) ) ;
#5097 = PLANE ( 'NONE',  #2585 ) ;
#5098 = LINE ( 'NONE', #3384, #4850 ) ;
#5099 = CARTESIAN_POINT ( 'NONE',  ( 122.7548070485966036, -119.8623856366151443, 107.2642261936699413 ) ) ;
#5100 = DIRECTION ( 'NONE',  ( 0.5927832416538477700, -0.5694769654754598953, -0.5694769654755297283 ) ) ;
#5101 = DIRECTION ( 'NONE',  ( 1.000000000000000000, 0.000000000000000000, 0.000000000000000000 ) ) ;
#5102 = CARTESIAN_POINT ( 'NONE',  ( 132.4171133454019866, -134.1938512425049908, 92.80999999999698957 ) ) ;
#5103 = ORIENTED_EDGE ( 'NONE', *, *, #2297, .F. ) ;
#5104 = ORIENTED_EDGE ( 'NONE', *, *, #2641, .F. ) ;
#5105 = EDGE_CURVE ( 'NONE', #3510, #4743, #1006, .T. ) ;
#5106 = VECTOR ( 'NONE', #1976, 1000.000000000000000 ) ;
#5107 = ADVANCED_FACE ( 'NONE', ( #3434 ), #4673, .F. ) ;
#5108 = CARTESIAN_POINT ( 'NONE',  ( 124.3689531356949942, -119.8624928209259934, 107.2641190093600017 ) ) ;
#5109 = ORIENTED_EDGE ( 'NONE', *, *, #4131, .F. ) ;
#5110 = ORIENTED_EDGE ( 'NONE', *, *, #2948, .T. ) ;
#5111 = CARTESIAN_POINT ( 'NONE',  ( 121.2171133453939973, -119.4624928209260020, 102.7643259181419921 ) ) ;
#5112 = EDGE_CURVE ( 'NONE', #2965, #3097, #1281, .T. ) ;
#5113 = ORIENTED_EDGE ( 'NONE', *, *, #4944, .T. ) ;
#5114 =( LENGTH_UNIT ( ) NAMED_UNIT ( * ) SI_UNIT ( .MILLI., .METRE. ) );
#5115 = ORIENTED_EDGE ( 'NONE', *, *, #1796, .T. ) ;
#5116 = DIRECTION ( 'NONE',  ( -1.000000000000000000, -8.742289393079860116E-15, 2.371361253508389962E-15 ) ) ;
#5117 = AXIS2_PLACEMENT_3D ( 'NONE', #3834, #2090, #1697 ) ;
#5118 = CARTESIAN_POINT ( 'NONE',  ( 165.7548175178120005, -119.8624928209249987, 107.2641190093600017 ) ) ;
#5119 = CARTESIAN_POINT ( 'NONE',  ( 163.0171133453979735, -129.6529310438299945, 89.88500000000000512 ) ) ;
#5120 = DIRECTION ( 'NONE',  ( 1.000000000000000000, 9.378244137164310855E-15, -2.330637149875950107E-14 ) ) ;
#5121 = EDGE_CURVE ( 'NONE', #2130, #2249, #51, .T. ) ;
#5122 = DIRECTION ( 'NONE',  ( 0.000000000000000000, -5.006432955109510304E-15, -1.000000000000000000 ) ) ;
#5123 = CARTESIAN_POINT ( 'NONE',  ( 169.4448783421489964, -130.8094256212499999, 107.7643259181420063 ) ) ;
#5124 = VECTOR ( 'NONE', #4756, 1000.000000000000000 ) ;
#5125 = EDGE_CURVE ( 'NONE', #604, #3842, #862, .T. ) ;
#5126 = CARTESIAN_POINT ( 'NONE',  ( 122.7547965843290001, -119.8622784518218509, 107.2643333784632205 ) ) ;
#5127 = CARTESIAN_POINT ( 'NONE',  ( 133.6693289641676472, -138.7312539229907316, 109.4955636849632441 ) ) ;
#5128 = FACE_BOUND ( 'NONE', #3788, .T. ) ;
#5129 = DIRECTION ( 'NONE',  ( 0.3893397349944759944, -0.6513119723889919666, -0.6513119723889559953 ) ) ;
#5130 = ORIENTED_EDGE ( 'NONE', *, *, #4041, .F. ) ;
#5131 = ORIENTED_EDGE ( 'NONE', *, *, #806, .T. ) ;
#5132 = VECTOR ( 'NONE', #2651, 1000.000000000000000 ) ;
#5133 = CARTESIAN_POINT ( 'NONE',  ( 175.2171132998470000, -140.0624928209230120, 103.7500000343799940 ) ) ;
#5134 = VERTEX_POINT ( 'NONE', #443 ) ;
#5135 = DIRECTION ( 'NONE',  ( 0.000000000000000000, -5.006432955109510304E-15, -1.000000000000000000 ) ) ;
#5136 = EDGE_CURVE ( 'NONE', #3443, #4552, #650, .T. ) ;
#5137 = ORIENTED_EDGE ( 'NONE', *, *, #1290, .T. ) ;
#5138 = DIRECTION ( 'NONE',  ( -1.000000000000000000, -8.742289393079860116E-15, 2.371361253508389962E-15 ) ) ;
#5139 = ORIENTED_EDGE ( 'NONE', *, *, #5043, .F. ) ;
#5140 = EDGE_LOOP ( 'NONE', ( #518, #2300, #5087, #1501 ) ) ;
#5141 = EDGE_CURVE ( 'NONE', #2732, #2809, #887, .T. ) ;
#5142 =( NAMED_UNIT ( * ) SI_UNIT ( $, .STERADIAN. ) SOLID_ANGLE_UNIT ( ) );
#5143 = DIRECTION ( 'NONE',  ( 0.000000000000000000, 1.000000000000000000, -1.027984282060527848E-13 ) ) ;
#5144 = DIRECTION ( 'NONE',  ( 1.000000000000000000, 1.762258769246290055E-14, -2.887067357318670574E-14 ) ) ;
#5145 = CARTESIAN_POINT ( 'NONE',  ( 152.2213633453909836, -120.4624928209249930, 100.9728259181419929 ) ) ;
#5146 = DIRECTION ( 'NONE',  ( 0.000000000000000000, 1.973846303234049855E-15, 1.000000000000000000 ) ) ;
#5147 = ADVANCED_FACE ( 'NONE', ( #4012 ), #4035, .F. ) ;
#5148 = EDGE_CURVE ( 'NONE', #604, #3795, #3196, .T. ) ;
#5149 = EDGE_CURVE ( 'NONE', #1061, #687, #1483, .T. ) ;
#5150 = LINE ( 'NONE', #106, #2259 ) ;
#5151 = DIRECTION ( 'NONE',  ( 0.000000000000000000, -1.926745932492380336E-15, -1.000000000000000000 ) ) ;
#5152 = DIRECTION ( 'NONE',  ( 0.7071067811865489050, -0.7071067811865460184, -1.943007658787319649E-15 ) ) ;
#5153 = DIRECTION ( 'NONE',  ( -1.000000000000000000, -1.887379142593809830E-15, 2.371361224627550089E-15 ) ) ;
#5154 = VECTOR ( 'NONE', #502, 1000.000000000000000 ) ;
#5155 = VECTOR ( 'NONE', #1754, 1000.000000000000000 ) ;
#5156 = ORIENTED_EDGE ( 'NONE', *, *, #480, .T. ) ;
#5157 = LINE ( 'NONE', #3143, #1500 ) ;
#5158 = CARTESIAN_POINT ( 'NONE',  ( 163.0171133453989682, -130.0529310438300001, 88.32972932037290548 ) ) ;
#5159 = ORIENTED_EDGE ( 'NONE', *, *, #100, .F. ) ;
#5160 = LINE ( 'NONE', #3146, #2551 ) ;
#5161 = VECTOR ( 'NONE', #5538, 1000.000000000000000 ) ;
#5162 = EDGE_LOOP ( 'NONE', ( #2728, #451, #5090, #2835 ) ) ;
#5163 = CARTESIAN_POINT ( 'NONE',  ( 163.0171133453989682, -131.4249999999999829, 92.80999999999670536 ) ) ;
#5164 = VERTEX_POINT ( 'NONE', #4486 ) ;
#5165 = ORIENTED_EDGE ( 'NONE', *, *, #2641, .T. ) ;
#5166 =( BOUNDED_CURVE ( )  B_SPLINE_CURVE ( 3, ( #4991, #5093, #2454, #409 ),
 .UNSPECIFIED., .F., .F. ) 
 B_SPLINE_CURVE_WITH_KNOTS ( ( 4, 4 ),
 ( 4.809662699128099739, 4.809755008601880100 ),
 .UNSPECIFIED. ) 
 CURVE ( )  GEOMETRIC_REPRESENTATION_ITEM ( )  RATIONAL_B_SPLINE_CURVE ( ( 1.000000000000000000, 0.9999999992899130108, 0.9999999992899130108, 1.000000000000000000 ) ) 
 REPRESENTATION_ITEM ( '' )  );
#5167 = CARTESIAN_POINT ( 'NONE',  ( 147.6948783421489964, -130.7594256212510118, 100.7643259181420063 ) ) ;
#5168 = DIRECTION ( 'NONE',  ( -1.181088324069438628E-14, 1.000000000000000000, -8.858162430520789633E-14 ) ) ;
#5169 = DIRECTION ( 'NONE',  ( 0.000000000000000000, -1.049328997390330010E-15, 1.000000000000000000 ) ) ;
#5170 = DIRECTION ( 'NONE',  ( 1.000000000000000000, 1.567265136830130018E-14, -2.887067357318670574E-14 ) ) ;
#5171 = CARTESIAN_POINT ( 'NONE',  ( 128.1077265380160100, -119.8613980543999986, 105.0811190093599947 ) ) ;
#5172 = CARTESIAN_POINT ( 'NONE',  ( 163.0171133453989682, -131.4249999999999829, 92.80999999999698957 ) ) ;
#5173 = FACE_OUTER_BOUND ( 'NONE', #3773, .T. ) ;
#5174 = EDGE_LOOP ( 'NONE', ( #817, #2423, #4322, #4891 ) ) ;
#5175 = DIRECTION ( 'NONE',  ( -1.000000000000000000, 0.000000000000000000, 0.000000000000000000 ) ) ;
#5176 = CARTESIAN_POINT ( 'NONE',  ( 173.5099505764860339, -119.4624928209260020, 110.3643259181420007 ) ) ;
#5177 = DIRECTION ( 'NONE',  ( 0.000000000000000000, 1.000000000000000000, 0.000000000000000000 ) ) ;
#5178 = ORIENTED_EDGE ( 'NONE', *, *, #2560, .T. ) ;
#5179 = CARTESIAN_POINT ( 'NONE',  ( 147.7171133453930167, -119.4624928209260020, 110.3643259181420007 ) ) ;
#5180 = DIRECTION ( 'NONE',  ( 0.000000000000000000, -1.926745932492380336E-15, -1.000000000000000000 ) ) ;
#5181 = ORIENTED_EDGE ( 'NONE', *, *, #1719, .T. ) ;
#5182 = AXIS2_PLACEMENT_3D ( 'NONE', #2611, #579, #5223 ) ;
#5183 = CYLINDRICAL_SURFACE ( 'NONE', #334, 1.574999999999993072 ) ;
#5184 = EDGE_CURVE ( 'NONE', #5296, #3928, #1069, .T. ) ;
#5185 = VECTOR ( 'NONE', #4507, 1000.000000000000000 ) ;
#5186 = VERTEX_POINT ( 'NONE', #645 ) ;
#5187 = CARTESIAN_POINT ( 'NONE',  ( 137.4171133454100016, -127.3438512425049964, 92.80999999999698957 ) ) ;
#5188 = ORIENTED_EDGE ( 'NONE', *, *, #4787, .T. ) ;
#5189 = EDGE_LOOP ( 'NONE', ( #5220, #1530, #2670, #3082 ) ) ;
#5190 = AXIS2_PLACEMENT_3D ( 'NONE', #2823, #1903, #4117 ) ;
#5191 = EDGE_LOOP ( 'NONE', ( #3149, #4239, #5443, #475 ) ) ;
#5192 = DIRECTION ( 'NONE',  ( -1.000000000000000000, -2.009843822508529990E-15, 2.616290610029150035E-15 ) ) ;
#5193 = ADVANCED_FACE ( 'NONE', ( #4875 ), #81, .F. ) ;
#5194 = ORIENTED_EDGE ( 'NONE', *, *, #5349, .T. ) ;
#5195 = CARTESIAN_POINT ( 'NONE',  ( 124.5539672574609966, -119.6619454376629932, 105.0811190093599947 ) ) ;
#5196 =( BOUNDED_CURVE ( )  B_SPLINE_CURVE ( 3, ( #3356, #3852, #1276, #4671 ),
 .UNSPECIFIED., .F., .F. ) 
 B_SPLINE_CURVE_WITH_KNOTS ( ( 4, 4 ),
 ( 4.712388980384700332, 5.497787143782379538 ),
 .UNSPECIFIED. ) 
 CURVE ( )  GEOMETRIC_REPRESENTATION_ITEM ( )  RATIONAL_B_SPLINE_CURVE ( ( 1.000000000000000000, 0.9492530216741619231, 0.9492530216741619231, 1.000000000000000000 ) ) 
 REPRESENTATION_ITEM ( '' )  );
#5197 = CARTESIAN_POINT ( 'NONE',  ( 135.6171133454029984, -119.4624928209260020, 99.46432591814078705 ) ) ;
#5198 = CARTESIAN_POINT ( 'NONE',  ( 163.0171133453979735, -127.3249999999999886, 92.80999999999720274 ) ) ;
#5199 = FACE_BOUND ( 'NONE', #1682, .T. ) ;
#5200 = AXIS2_PLACEMENT_3D ( 'NONE', #2798, #1960, #1185 ) ;
#5201 = DIRECTION ( 'NONE',  ( 0.000000000000000000, 2.783691842014540029E-14, -1.000000000000000000 ) ) ;
#5202 = EDGE_CURVE ( 'NONE', #4045, #3154, #3920, .T. ) ;
#5203 = LINE ( 'NONE', #78, #392 ) ;
#5204 = LINE ( 'NONE', #4363, #1614 ) ;
#5205 = LINE ( 'NONE', #2224, #2070 ) ;
#5206 = DIRECTION ( 'NONE',  ( 1.000000000000000000, 0.000000000000000000, 0.000000000000000000 ) ) ;
#5207 = FACE_OUTER_BOUND ( 'NONE', #60, .T. ) ;
#5208 = VECTOR ( 'NONE', #3890, 1000.000000000000000 ) ;
#5209 = ORIENTED_EDGE ( 'NONE', *, *, #702, .T. ) ;
#5210 = LINE ( 'NONE', #2172, #788 ) ;
#5211 = DIRECTION ( 'NONE',  ( -0.6069333205183952140, -0.3628111691286748930, -0.7071067811865469066 ) ) ;
#5212 = EDGE_LOOP ( 'NONE', ( #1655, #3743, #37, #1790 ) ) ;
#5213 = CARTESIAN_POINT ( 'NONE',  ( 143.4400000000080126, -127.3249999999999886, 92.80999999999879435 ) ) ;
#5214 = EDGE_CURVE ( 'NONE', #5277, #3112, #3138, .T. ) ;
#5215 = ORIENTED_EDGE ( 'NONE', *, *, #5440, .T. ) ;
#5216 = EDGE_CURVE ( 'NONE', #4661, #4530, #1428, .T. ) ;
#5217 = DIRECTION ( 'NONE',  ( -3.178990140719190044E-06, -1.926752321756309641E-15, -0.9999999999949469309 ) ) ;
#5218 = ORIENTED_EDGE ( 'NONE', *, *, #1079, .F. ) ;
#5219 = VECTOR ( 'NONE', #5480, 1000.000000000000000 ) ;
#5220 = ORIENTED_EDGE ( 'NONE', *, *, #391, .T. ) ;
#5221 = VECTOR ( 'NONE', #4935, 1000.000000000000000 ) ;
#5222 = ORIENTED_EDGE ( 'NONE', *, *, #1893, .T. ) ;
#5223 = DIRECTION ( 'NONE',  ( -9.227827737143710103E-15, 1.000000000000000000, 0.000000000000000000 ) ) ;
#5224 = ORIENTED_EDGE ( 'NONE', *, *, #1876, .F. ) ;
#5225 = DIRECTION ( 'NONE',  ( 2.418031965417649952E-14, 2.810542139867370117E-15, -1.000000000000000000 ) ) ;
#5226 = CARTESIAN_POINT ( 'NONE',  ( 125.9448783421490106, -130.8094256212499999, 110.7643259181420063 ) ) ;
#5227 = DIRECTION ( 'NONE',  ( 1.000000000000000000, 2.018587317500270047E-14, 2.418031965417649952E-14 ) ) ;
#5228 = DIRECTION ( 'NONE',  ( 1.000000000000000000, 1.762258769246290055E-14, -2.887067357318670574E-14 ) ) ;
#5229 = PLANE ( 'NONE',  #2118 ) ;
#5230 = DIRECTION ( 'NONE',  ( -1.887379142593799970E-15, 1.000000000000000000, 2.810542046950480022E-15 ) ) ;
#5231 = EDGE_CURVE ( 'NONE', #2811, #3483, #5205, .T. ) ;
#5232 = PLANE ( 'NONE',  #4206 ) ;
#5233 = ORIENTED_EDGE ( 'NONE', *, *, #2985, .T. ) ;
#5234 = DIRECTION ( 'NONE',  ( 0.000000000000000000, 1.973846303234049855E-15, 1.000000000000000000 ) ) ;
#5235 = CARTESIAN_POINT ( 'NONE',  ( 136.9776768572590129, -119.8624928209259934, 107.2641190093600017 ) ) ;
#5236 = DIRECTION ( 'NONE',  ( 0.000000000000000000, 1.926745932492380336E-15, 1.000000000000000000 ) ) ;
#5237 = EDGE_CURVE ( 'NONE', #4564, #3722, #1870, .T. ) ;
#5238 = CIRCLE ( 'NONE', #1219, 2.750000000000002665 ) ;
#5239 = ORIENTED_EDGE ( 'NONE', *, *, #3037, .T. ) ;
#5240 = DIRECTION ( 'NONE',  ( 0.5130924759622039755, -0.8583333333332541226, 0.000000000000000000 ) ) ;
#5241 = FACE_OUTER_BOUND ( 'NONE', #2353, .T. ) ;
#5242 = ORIENTED_EDGE ( 'NONE', *, *, #4708, .F. ) ;
#5243 = CARTESIAN_POINT ( 'NONE',  ( 162.0171133453979735, -127.3249999999999886, 92.80999999999720274 ) ) ;
#5244 = AXIS2_PLACEMENT_3D ( 'NONE', #4571, #2374, #4909 ) ;
#5245 = AXIS2_PLACEMENT_3D ( 'NONE', #3339, #5496, #791 ) ;
#5246 = ORIENTED_EDGE ( 'NONE', *, *, #3916, .T. ) ;
#5247 = AXIS2_PLACEMENT_3D ( 'NONE', #5268, #4846, #1015 ) ;
#5248 = CARTESIAN_POINT ( 'NONE',  ( 133.4219226638560087, -139.0969636816730031, 110.7643259181420063 ) ) ;
#5249 = EDGE_LOOP ( 'NONE', ( #4795, #5389, #273, #3824, #4430 ) ) ;
#5250 = EDGE_CURVE ( 'NONE', #3949, #2130, #5527, .T. ) ;
#5251 = ORIENTED_EDGE ( 'NONE', *, *, #3632, .T. ) ;
#5252 = EDGE_LOOP ( 'NONE', ( #1557, #965 ) ) ;
#5253 = AXIS2_PLACEMENT_3D ( 'NONE', #5288, #2645, #2217 ) ;
#5254 = FACE_OUTER_BOUND ( 'NONE', #373, .T. ) ;
#5255 = ORIENTED_EDGE ( 'NONE', *, *, #5053, .F. ) ;
#5256 = DIRECTION ( 'NONE',  ( -1.000000000000000000, -1.181088324069652094E-14, -2.418031965417684977E-14 ) ) ;
#5257 = CARTESIAN_POINT ( 'NONE',  ( 151.4497566843000129, -120.4624928209260020, 93.59749282092350597 ) ) ;
#5258 = CARTESIAN_POINT ( 'NONE',  ( 143.9500000000079751, -123.6968767947710006, 92.94436961569240907 ) ) ;
#5259 = ORIENTED_EDGE ( 'NONE', *, *, #115, .F. ) ;
#5260 = DIRECTION ( 'NONE',  ( 1.000000000000000000, 0.000000000000000000, 0.000000000000000000 ) ) ;
#5261 = ADVANCED_FACE ( 'NONE', ( #3946 ), #2713, .T. ) ;
#5262 = AXIS2_PLACEMENT_3D ( 'NONE', #3917, #172, #4451 ) ;
#5263 = LINE ( 'NONE', #3190, #5528 ) ;
#5264 = LINE ( 'NONE', #3011, #1998 ) ;
#5265 = ORIENTED_EDGE ( 'NONE', *, *, #2724, .F. ) ;
#5266 = CARTESIAN_POINT ( 'NONE',  ( 89.51918084712899315, -116.1143804626720026, 134.7124383649519643 ) ) ;
#5267 = LINE ( 'NONE', #2714, #5154 ) ;
#5268 = CARTESIAN_POINT ( 'NONE',  ( 147.6948783421489964, -130.7594256212510118, 100.7643259181420063 ) ) ;
#5269 = ORIENTED_EDGE ( 'NONE', *, *, #161, .T. ) ;
#5270 = CARTESIAN_POINT ( 'NONE',  ( 163.0171133453979735, -131.8249999999999886, 89.88500000000000512 ) ) ;
#5271 = CARTESIAN_POINT ( 'NONE',  ( 147.6948783421489964, -130.7594256212510118, 110.7643259181420063 ) ) ;
#5272 = ORIENTED_EDGE ( 'NONE', *, *, #1312, .T. ) ;
#5273 = CARTESIAN_POINT ( 'NONE',  ( 139.1955291639850145, -135.9896854383129892, 112.2371321696400059 ) ) ;
#5274 = ORIENTED_EDGE ( 'NONE', *, *, #3364, .T. ) ;
#5275 = EDGE_CURVE ( 'NONE', #2418, #3935, #3104, .T. ) ;
#5276 = EDGE_CURVE ( 'NONE', #3722, #225, #4457, .T. ) ;
#5277 = VERTEX_POINT ( 'NONE', #2684 ) ;
#5278 = ORIENTED_EDGE ( 'NONE', *, *, #2131, .F. ) ;
#5279 = VERTEX_POINT ( 'NONE', #4398 ) ;
#5280 = CIRCLE ( 'NONE', #3031, 1.700000000000007061 ) ;
#5281 = EDGE_LOOP ( 'NONE', ( #2028, #1921, #4210 ) ) ;
#5282 = EDGE_CURVE ( 'NONE', #3870, #2732, #621, .T. ) ;
#5283 = CARTESIAN_POINT ( 'NONE',  ( 156.7256133453909968, -119.4624928209260020, 94.26432591814200634 ) ) ;
#5284 = EDGE_CURVE ( 'NONE', #1776, #4608, #3979, .T. ) ;
#5285 = ORIENTED_EDGE ( 'NONE', *, *, #3880, .T. ) ;
#5286 = CIRCLE ( 'NONE', #2505, 2.349999999999990763 ) ;
#5287 = DIRECTION ( 'NONE',  ( -1.000000000000000000, -2.009843820287930324E-15, 2.371361224627529973E-15 ) ) ;
#5288 = CARTESIAN_POINT ( 'NONE',  ( 137.6171133454100186, -127.3249999999999886, 92.80999999999889383 ) ) ;
#5289 = FACE_OUTER_BOUND ( 'NONE', #2870, .T. ) ;
#5290 = ORIENTED_EDGE ( 'NONE', *, *, #4970, .T. ) ;
#5291 = DIRECTION ( 'NONE',  ( -0.5927832416538576510, 0.5694769654755177379, 0.5694769654754617827 ) ) ;
#5292 = EDGE_CURVE ( 'NONE', #2260, #795, #3955, .T. ) ;
#5293 = EDGE_CURVE ( 'NONE', #4348, #3997, #4427, .T. ) ;
#5294 = LINE ( 'NONE', #3247, #217 ) ;
#5295 = CARTESIAN_POINT ( 'NONE',  ( 163.0171133454009862, -119.4624928209260020, 102.7643259181419921 ) ) ;
#5296 = VERTEX_POINT ( 'NONE', #231 ) ;
#5297 = CARTESIAN_POINT ( 'NONE',  ( 138.7086133453940135, -119.4624928209269967, 100.6935759233384005 ) ) ;
#5298 = CARTESIAN_POINT ( 'NONE',  ( 161.8947739943184558, -135.8053691986358160, 94.85592220226152449 ) ) ;
#5299 = AXIS2_PLACEMENT_3D ( 'NONE', #4903, #695, #2034 ) ;
#5300 = DIRECTION ( 'NONE',  ( -9.901268498146809173E-30, -1.000000000000000000, -3.825975390321910619E-29 ) ) ;
#5301 = VECTOR ( 'NONE', #1126, 1000.000000000000000 ) ;
#5302 = CARTESIAN_POINT ( 'NONE',  ( 163.0171133453999914, -124.5750000000000028, 94.43716295906880021 ) ) ;
#5303 = MECHANICAL_DESIGN_GEOMETRIC_PRESENTATION_REPRESENTATION (  '', ( #4759 ), #4589 ) ;
#5304 = CARTESIAN_POINT ( 'NONE',  ( 151.4497566842990182, -136.9500000000019782, 91.16000399051189618 ) ) ;
#5305 = FACE_OUTER_BOUND ( 'NONE', #3480, .T. ) ;
#5306 = VECTOR ( 'NONE', #4577, 1000.000000000000000 ) ;
#5307 = ORIENTED_EDGE ( 'NONE', *, *, #512, .F. ) ;
#5308 = ORIENTED_EDGE ( 'NONE', *, *, #4391, .T. ) ;
#5309 = ORIENTED_EDGE ( 'NONE', *, *, #4863, .F. ) ;
#5310 = VECTOR ( 'NONE', #1425, 1000.000000000000000 ) ;
#5311 = ADVANCED_FACE ( 'NONE', ( #5431 ), #340, .T. ) ;
#5312 = ORIENTED_EDGE ( 'NONE', *, *, #5530, .F. ) ;
#5313 = DIRECTION ( 'NONE',  ( 2.976366435263779522E-14, 1.926745932492390197E-15, 1.000000000000000000 ) ) ;
#5314 = ORIENTED_EDGE ( 'NONE', *, *, #2079, .F. ) ;
#5315 = CYLINDRICAL_SURFACE ( 'NONE', #2912, 1.700000000000007061 ) ;
#5316 = DIRECTION ( 'NONE',  ( 1.000000000000000000, 0.000000000000000000, 0.000000000000000000 ) ) ;
#5317 = VECTOR ( 'NONE', #2377, 1000.000000000000000 ) ;
#5318 = DIRECTION ( 'NONE',  ( 2.371361224627529973E-15, 1.926745932492330244E-15, 1.000000000000000000 ) ) ;
#5319 = ORIENTED_EDGE ( 'NONE', *, *, #4809, .F. ) ;
#5320 = CARTESIAN_POINT ( 'NONE',  ( 133.9380476110804636, -136.1953966447302946, 95.52440431470992621 ) ) ;
#5321 = EDGE_CURVE ( 'NONE', #1271, #3573, #309, .T. ) ;
#5322 = DIRECTION ( 'NONE',  ( -2.748129594203400391E-15, -1.926745932492380336E-15, -1.000000000000000000 ) ) ;
#5323 = CARTESIAN_POINT ( 'NONE',  ( 172.7216632204449809, -119.8624928209249987, 104.2641190093600017 ) ) ;
#5324 = DIRECTION ( 'NONE',  ( 0.5130924759623317621, -0.8583333333331777393, 4.440892098500678424E-16 ) ) ;
#5325 = ORIENTED_EDGE ( 'NONE', *, *, #4809, .T. ) ;
#5326 = CARTESIAN_POINT ( 'NONE',  ( 151.4497566842990182, -130.4094256212519838, 93.59749282092319334 ) ) ;
#5327 = DIRECTION ( 'NONE',  ( 0.000000000000000000, -0.06852388335049711121, 0.9976494762242735792 ) ) ;
#5328 = DIRECTION ( 'NONE',  ( 6.510422943492890760E-15, -6.071242150050820816E-15, -1.000000000000000000 ) ) ;
#5329 = EDGE_CURVE ( 'NONE', #2809, #713, #2908, .T. ) ;
#5330 = DIRECTION ( 'NONE',  ( -6.510422698133861274E-15, 1.926745932492350360E-15, 1.000000000000000000 ) ) ;
#5331 = DIRECTION ( 'NONE',  ( -9.227827737143710103E-15, 1.000000000000000000, 0.000000000000000000 ) ) ;
#5332 = PLANE ( 'NONE',  #149 ) ;
#5333 = VECTOR ( 'NONE', #2675, 1000.000000000000000 ) ;
#5334 = ORIENTED_EDGE ( 'NONE', *, *, #4131, .T. ) ;
#5335 = VERTEX_POINT ( 'NONE', #2037 ) ;
#5336 = ORIENTED_EDGE ( 'NONE', *, *, #418, .F. ) ;
#5337 = AXIS2_PLACEMENT_3D ( 'NONE', #1184, #2827, #4036 ) ;
#5338 = EDGE_LOOP ( 'NONE', ( #3392, #479 ) ) ;
#5339 = CARTESIAN_POINT ( 'NONE',  ( 132.4171133454019866, -137.1938512425049908, 92.80999999999698957 ) ) ;
#5340 = CIRCLE ( 'NONE', #507, 3.500000000000003109 ) ;
#5341 = EDGE_LOOP ( 'NONE', ( #4760, #3889, #1627, #933 ) ) ;
#5342 = LINE ( 'NONE', #249, #2838 ) ;
#5343 = DIRECTION ( 'NONE',  ( -9.901268498146809173E-30, -1.000000000000000000, -3.825975390321910619E-29 ) ) ;
#5344 = VERTEX_POINT ( 'NONE', #2825 ) ;
#5345 = PLANE ( 'NONE',  #5474 ) ;
#5346 = CIRCLE ( 'NONE', #3823, 2.350000000000004974 ) ;
#5347 = AXIS2_PLACEMENT_3D ( 'NONE', #3440, #4371, #4431 ) ;
#5348 = PLANE ( 'NONE',  #4494 ) ;
#5349 = EDGE_CURVE ( 'NONE', #3795, #3317, #5457, .T. ) ;
#5350 = CARTESIAN_POINT ( 'NONE',  ( 130.1377302020020181, -119.4624928209260020, 103.8641190093600102 ) ) ;
#5351 = DIRECTION ( 'NONE',  ( -0.5773502691896107430, -0.5773502691896288397, 0.5773502691896378325 ) ) ;
#5352 = ORIENTED_EDGE ( 'NONE', *, *, #5364, .F. ) ;
#5353 = CARTESIAN_POINT ( 'NONE',  ( 149.5834350148469980, -120.4624928209260020, 93.59749282092350597 ) ) ;
#5354 = DIRECTION ( 'NONE',  ( -2.018587317500282668E-14, 1.000000000000000000, 5.046468293750706671E-15 ) ) ;
#5355 = LINE ( 'NONE', #1486, #1844 ) ;
#5356 = EDGE_CURVE ( 'NONE', #1506, #1061, #555, .T. ) ;
#5357 = LINE ( 'NONE', #3225, #5221 ) ;
#5358 = CARTESIAN_POINT ( 'NONE',  ( 124.0363783421490069, -130.8094256212499999, 110.5643259181420035 ) ) ;
#5359 = DIRECTION ( 'NONE',  ( -0.5488750411663201323, -0.5910736794955042672, -0.5910736794954722928 ) ) ;
#5360 = DIRECTION ( 'NONE',  ( -1.000000000000000000, 4.500579123205270064E-15, 0.000000000000000000 ) ) ;
#5361 = EDGE_LOOP ( 'NONE', ( #2623, #175, #1350, #2420 ) ) ;
#5362 = EDGE_LOOP ( 'NONE', ( #4134, #3664, #4139, #2659 ) ) ;
#5363 = ORIENTED_EDGE ( 'NONE', *, *, #2322, .F. ) ;
#5364 = EDGE_CURVE ( 'NONE', #3321, #3931, #4622, .T. ) ;
#5365 = VERTEX_POINT ( 'NONE', #1597 ) ;
#5366 = CARTESIAN_POINT ( 'NONE',  ( 156.5497566843020252, -130.0529310438300001, 89.44979699027879860 ) ) ;
#5367 = EDGE_LOOP ( 'NONE', ( #5506, #1380, #1854, #4227, #4659 ) ) ;
#5368 = ORIENTED_EDGE ( 'NONE', *, *, #2575, .T. ) ;
#5369 = CARTESIAN_POINT ( 'NONE',  ( 125.9448783421490106, -130.8094256212499999, 107.7643259181420063 ) ) ;
#5370 = DIRECTION ( 'NONE',  ( 0.000000000000000000, -1.611608585131940061E-13, -1.000000000000000000 ) ) ;
#5371 = DIRECTION ( 'NONE',  ( 2.846725704167057308E-14, 0.000000000000000000, -1.000000000000000000 ) ) ;
#5372 = ORIENTED_EDGE ( 'NONE', *, *, #4808, .F. ) ;
#5373 = CARTESIAN_POINT ( 'NONE',  ( 171.1077265380160100, -119.8613980543999986, 105.0811190093599947 ) ) ;
#5374 = EDGE_CURVE ( 'NONE', #138, #2543, #4598, .T. ) ;
#5375 = VECTOR ( 'NONE', #5318, 1000.000000000000000 ) ;
#5376 = CARTESIAN_POINT ( 'NONE',  ( 129.3159429339690121, -119.4624928209260020, 109.7643247870279879 ) ) ;
#5377 = DIRECTION ( 'NONE',  ( -1.000000000000000000, 0.000000000000000000, 0.000000000000000000 ) ) ;
#5378 = ORIENTED_EDGE ( 'NONE', *, *, #602, .F. ) ;
#5379 = CARTESIAN_POINT ( 'NONE',  ( 163.0171133453979735, -134.6830298475569805, 89.88500000000000512 ) ) ;
#5380 = CARTESIAN_POINT ( 'NONE',  ( 128.1075276025609924, -119.8624928209259934, 104.2641190093600017 ) ) ;
#5381 = LINE ( 'NONE', #4120, #4496 ) ;
#5382 = EDGE_CURVE ( 'NONE', #3722, #1215, #1568, .T. ) ;
#5383 = CARTESIAN_POINT ( 'NONE',  ( 165.7547861250089909, -119.8621712665460137, 105.0811190093599947 ) ) ;
#5384 = DIRECTION ( 'NONE',  ( 2.748129594203400391E-15, 1.926745932492380336E-15, 1.000000000000000000 ) ) ;
#5385 = EDGE_CURVE ( 'NONE', #539, #765, #727, .T. ) ;
#5386 = ORIENTED_EDGE ( 'NONE', *, *, #763, .F. ) ;
#5387 = VECTOR ( 'NONE', #2250, 1000.000000000000000 ) ;
#5388 = ORIENTED_EDGE ( 'NONE', *, *, #1876, .T. ) ;
#5389 = ORIENTED_EDGE ( 'NONE', *, *, #4250, .F. ) ;
#5390 = EDGE_CURVE ( 'NONE', #3994, #1264, #2346, .T. ) ;
#5391 = VECTOR ( 'NONE', #109, 1000.000000000000000 ) ;
#5392 = ADVANCED_FACE ( 'NONE', ( #3304 ), #1958, .T. ) ;
#5393 = EDGE_CURVE ( 'NONE', #1285, #1373, #1095, .T. ) ;
#5394 = EDGE_CURVE ( 'NONE', #2364, #2392, #2405, .T. ) ;
#5395 = ORIENTED_EDGE ( 'NONE', *, *, #3956, .F. ) ;
#5396 = DIRECTION ( 'NONE',  ( -1.000000000000000000, -1.887379142593809830E-15, 2.371361253508410078E-15 ) ) ;
#5397 = ORIENTED_EDGE ( 'NONE', *, *, #4881, .T. ) ;
#5398 = VECTOR ( 'NONE', #1021, 1000.000000000000000 ) ;
#5399 = ORIENTED_EDGE ( 'NONE', *, *, #281, .T. ) ;
#5400 = FACE_OUTER_BOUND ( 'NONE', #2132, .T. ) ;
#5401 = CARTESIAN_POINT ( 'NONE',  ( 143.9500000000079751, -125.6500000000000057, 89.48499999999860677 ) ) ;
#5402 = PLANE ( 'NONE',  #1339 ) ;
#5403 = ORIENTED_EDGE ( 'NONE', *, *, #5382, .T. ) ;
#5404 = CARTESIAN_POINT ( 'NONE',  ( 122.7547861250079961, -119.8621712665460137, 104.2637974549800077 ) ) ;
#5405 = VECTOR ( 'NONE', #3309, 1000.000000000000000 ) ;
#5406 = CARTESIAN_POINT ( 'NONE',  ( 143.9500000000089983, -133.5000000000000000, 96.38500000000000512 ) ) ;
#5407 = CARTESIAN_POINT ( 'NONE',  ( 163.0171133453979735, -133.6374999999999886, 89.88500000000000512 ) ) ;
#5408 = CARTESIAN_POINT ( 'NONE',  ( 168.7171133453939831, -140.4624928209260020, 99.86432591813688475 ) ) ;
#5409 = DIRECTION ( 'NONE',  ( 1.000000000000000000, 0.000000000000000000, -2.371361224627529973E-15 ) ) ;
#5410 = CARTESIAN_POINT ( 'NONE',  ( 147.7171133340060010, -119.4624928209260020, 99.46432591815138835 ) ) ;
#5411 = AXIS2_PLACEMENT_3D ( 'NONE', #1886, #1529, #2864 ) ;
#5412 = DIRECTION ( 'NONE',  ( -1.000000000000000000, -1.762258769246290055E-14, 2.892304216119329995E-14 ) ) ;
#5413 = CARTESIAN_POINT ( 'NONE',  ( 174.2171132998489895, -140.4624928209230177, 101.7500000000189857 ) ) ;
#5414 = CARTESIAN_POINT ( 'NONE',  ( 134.0017122241520156, -126.9113488325139798, 110.5643259181420035 ) ) ;
#5415 = ORIENTED_EDGE ( 'NONE', *, *, #235, .T. ) ;
#5416 = ORIENTED_EDGE ( 'NONE', *, *, #836, .T. ) ;
#5417 = PLANE ( 'NONE',  #4246 ) ;
#5418 = VERTEX_POINT ( 'NONE', #2372 ) ;
#5419 = ORIENTED_EDGE ( 'NONE', *, *, #3860, .F. ) ;
#5420 = DIRECTION ( 'NONE',  ( -4.032935767705780665E-15, 1.926745932492370081E-15, 1.000000000000000000 ) ) ;
#5421 = ORIENTED_EDGE ( 'NONE', *, *, #2271, .F. ) ;
#5422 = EDGE_LOOP ( 'NONE', ( #3072, #57, #847, #1398, #1317 ) ) ;
#5423 = CARTESIAN_POINT ( 'NONE',  ( 158.4768364872739710, -119.4624928209260020, 103.7997837525840055 ) ) ;
#5424 = CARTESIAN_POINT ( 'NONE',  ( 169.4448783421489964, -130.8094256212499999, 102.7643259181419921 ) ) ;
#5425 = EDGE_LOOP ( 'NONE', ( #3188, #1057, #31, #4730 ) ) ;
#5426 = AXIS2_PLACEMENT_3D ( 'NONE', #4336, #3074, #951 ) ;
#5427 = VECTOR ( 'NONE', #3858, 1000.000000000000000 ) ;
#5428 = LINE ( 'NONE', #5373, #455 ) ;
#5429 = AXIS2_PLACEMENT_3D ( 'NONE', #2487, #1570, #366 ) ;
#5430 = DIRECTION ( 'NONE',  ( -1.887379142593809830E-15, 1.000000000000000000, 2.810542046950460301E-15 ) ) ;
#5431 = FACE_OUTER_BOUND ( 'NONE', #5534, .T. ) ;
#5432 = CARTESIAN_POINT ( 'NONE',  ( 121.2170679492029990, -119.4624950404660098, 102.7500000000259917 ) ) ;
#5433 = FILL_AREA_STYLE_COLOUR ( '', #3776 ) ;
#5434 = VECTOR ( 'NONE', #829, 1000.000000000000000 ) ;
#5435 = EDGE_CURVE ( 'NONE', #4345, #297, #4169, .T. ) ;
#5436 = PLANE ( 'NONE',  #3327 ) ;
#5437 = CARTESIAN_POINT ( 'NONE',  ( 158.0768364872739937, -140.4624928209250072, 103.7997837525840055 ) ) ;
#5438 = CARTESIAN_POINT ( 'NONE',  ( 129.3159429339685005, -119.4624928209260872, 109.4955636849636562 ) ) ;
#5439 = VERTEX_POINT ( 'NONE', #5379 ) ;
#5440 = EDGE_CURVE ( 'NONE', #2345, #5164, #4118, .T. ) ;
#5441 = VERTEX_POINT ( 'NONE', #5018 ) ;
#5442 = CARTESIAN_POINT ( 'NONE',  ( 144.3762535071539901, -136.0431226656600074, 114.7836960734080094 ) ) ;
#5443 = ORIENTED_EDGE ( 'NONE', *, *, #2565, .F. ) ;
#5444 = EDGE_CURVE ( 'NONE', #3636, #1942, #1183, .T. ) ;
#5445 = ORIENTED_EDGE ( 'NONE', *, *, #5105, .F. ) ;
#5446 = CARTESIAN_POINT ( 'NONE',  ( 160.7751431929569890, -136.9249999999999829, 92.80999999999670536 ) ) ;
#5447 = ORIENTED_EDGE ( 'NONE', *, *, #904, .T. ) ;
#5448 = LINE ( 'NONE', #4476, #3373 ) ;
#5449 = CARTESIAN_POINT ( 'NONE',  ( 132.8344203936730139, -140.4624928209260020, 94.26432591814200634 ) ) ;
#5450 = CARTESIAN_POINT ( 'NONE',  ( 156.7256133453900020, -119.4624928209249930, 100.9728259181419929 ) ) ;
#5451 = ORIENTED_EDGE ( 'NONE', *, *, #5440, .F. ) ;
#5452 = ADVANCED_FACE ( 'NONE', ( #2851 ), #1280, .F. ) ;
#5453 = CARTESIAN_POINT ( 'NONE',  ( 157.1497566842990068, -136.5250000000000057, 89.88500000000000512 ) ) ;
#5454 = EDGE_CURVE ( 'NONE', #1431, #2976, #2329, .T. ) ;
#5455 = DIRECTION ( 'NONE',  ( 0.3722874977003760022, 0.6562781495128560127, 0.6562781495128220399 ) ) ;
#5456 = DIRECTION ( 'NONE',  ( -0.7071067811843489981, 0.7071067811887460364, 0.000000000000000000 ) ) ;
#5457 = LINE ( 'NONE', #5353, #3418 ) ;
#5458 = CARTESIAN_POINT ( 'NONE',  ( 156.5497566843020252, -130.0529310438300001, 89.48499999999999943 ) ) ;
#5459 = DIRECTION ( 'NONE',  ( 1.383406275152360014E-15, -1.000000000000000000, 1.558124086321725026E-15 ) ) ;
#5460 = EDGE_CURVE ( 'NONE', #2120, #1738, #2055, .T. ) ;
#5461 = VECTOR ( 'NONE', #3431, 1000.000000000000000 ) ;
#5462 = ADVANCED_FACE ( 'NONE', ( #2450, #4163, #1174 ), #278, .F. ) ;
#5463 = EDGE_CURVE ( 'NONE', #1840, #2889, #3772, .T. ) ;
#5464 = DIRECTION ( 'NONE',  ( -2.748129594203400391E-15, -1.926745932492380336E-15, -1.000000000000000000 ) ) ;
#5465 = CARTESIAN_POINT ( 'NONE',  ( 160.1768364872739880, -140.2624928209250186, 103.7997837525840055 ) ) ;
#5466 = CIRCLE ( 'NONE', #1879, 1.950000000000007283 ) ;
#5467 = DIRECTION ( 'NONE',  ( -1.000000000000000000, -1.009293658750142123E-14, 2.371361224627544961E-15 ) ) ;
#5468 = ORIENTED_EDGE ( 'NONE', *, *, #3533, .F. ) ;
#5469 = ORIENTED_EDGE ( 'NONE', *, *, #587, .F. ) ;
#5470 = CARTESIAN_POINT ( 'NONE',  ( 132.4344203936730082, -124.0874928209250072, 102.7643259181419921 ) ) ;
#5471 = VERTEX_POINT ( 'NONE', #2478 ) ;
#5472 = VECTOR ( 'NONE', #641, 1000.000000000000000 ) ;
#5473 = AXIS2_PLACEMENT_3D ( 'NONE', #4997, #2801, #1987 ) ;
#5474 = AXIS2_PLACEMENT_3D ( 'NONE', #1674, #3808, #4248 ) ;
#5475 = ORIENTED_EDGE ( 'NONE', *, *, #3906, .F. ) ;
#5476 = CARTESIAN_POINT ( 'NONE',  ( 124.2363783421490098, -130.8094256212499999, 107.7643259181420063 ) ) ;
#5477 = ORIENTED_EDGE ( 'NONE', *, *, #1885, .T. ) ;
#5479 = DIRECTION ( 'NONE',  ( -3.285583168621639665E-16, -1.926745932492380336E-15, -1.000000000000000000 ) ) ;
#5478 = VECTOR ( 'NONE', #3496, 1000.000000000000000 ) ;
#5480 = DIRECTION ( 'NONE',  ( 1.000000000000000000, 2.009843820287880231E-15, -2.330637149875950107E-14 ) ) ;
#5481 = ORIENTED_EDGE ( 'NONE', *, *, #1819, .F. ) ;
#5482 = ADVANCED_FACE ( 'NONE', ( #3323 ), #776, .T. ) ;
#5483 = CARTESIAN_POINT ( 'NONE',  ( 167.3689531356959890, -119.8624928209249987, 107.2641190093600017 ) ) ;
#5484 = CONICAL_SURFACE ( 'NONE', #3862, 1.774999999999998801, 0.7853981633974236320 ) ;
#5485 = DIRECTION ( 'NONE',  ( -1.000000000000000000, -1.887379142593759738E-15, -1.539220716937389985E-14 ) ) ;
#5486 = DIRECTION ( 'NONE',  ( 0.000000000000000000, -1.000000000000000000, -2.810542046950450046E-15 ) ) ;
#5487 = EDGE_CURVE ( 'NONE', #851, #3508, #2903, .T. ) ;
#5488 = CARTESIAN_POINT ( 'NONE',  ( 138.7086133453989873, -119.4624928209269967, 89.48499999999999943 ) ) ;
#5489 = CARTESIAN_POINT ( 'NONE',  ( 157.2376503720309984, -140.4624928209260020, 92.48499999999999943 ) ) ;
#5490 = SURFACE_STYLE_USAGE ( .BOTH. , #4516 ) ;
#5491 = CARTESIAN_POINT ( 'NONE',  ( 134.6076094489293382, -139.3596423999016736, 108.8671752080523589 ) ) ;
#5492 = VECTOR ( 'NONE', #1153, 1000.000000000000000 ) ;
#5493 = CARTESIAN_POINT ( 'NONE',  ( 169.4448783421489964, -130.8094256212499999, 102.7643259181419921 ) ) ;
#5494 = CARTESIAN_POINT ( 'NONE',  ( 134.7997510703480089, -138.6733286426149903, 109.7643247870279879 ) ) ;
#5495 = EDGE_CURVE ( 'NONE', #38, #1119, #3477, .T. ) ;
#5496 = DIRECTION ( 'NONE',  ( -3.673940376433440166E-16, -1.973846303234049855E-15, -1.000000000000000000 ) ) ;
#5497 = CIRCLE ( 'NONE', #223, 3.000000000000002665 ) ;
#5498 = ORIENTED_EDGE ( 'NONE', *, *, #161, .F. ) ;
#5499 = ORIENTED_EDGE ( 'NONE', *, *, #1900, .T. ) ;
#5500 = FACE_OUTER_BOUND ( 'NONE', #1222, .T. ) ;
#5501 = EDGE_LOOP ( 'NONE', ( #1584, #1629, #4637, #750, #2033 ) ) ;
#5502 = ORIENTED_EDGE ( 'NONE', *, *, #5141, .F. ) ;
#5503 = CARTESIAN_POINT ( 'NONE',  ( 158.4776768572600076, -119.6624928209250101, 107.4641190093599903 ) ) ;
#5504 = ORIENTED_EDGE ( 'NONE', *, *, #2388, .T. ) ;
#5505 = SHAPE_DEFINITION_REPRESENTATION ( #2953, #2029 ) ;
#5506 = ORIENTED_EDGE ( 'NONE', *, *, #3544, .T. ) ;
#5507 = CONICAL_SURFACE ( 'NONE', #1484, 13.80026402016989628, 0.7853981633944530083 ) ;
#5508 = CARTESIAN_POINT ( 'NONE',  ( 143.9500000000089983, -136.9500000000019782, 89.48499999999999943 ) ) ;
#5509 = DIRECTION ( 'NONE',  ( 0.8618565397866659872, 2.040811529428102117E-15, 0.5071521515550880821 ) ) ;
#5510 = CARTESIAN_POINT ( 'NONE',  ( 158.1497566842990068, -128.6529310438299945, 90.88499999999999091 ) ) ;
#5511 = AXIS2_PLACEMENT_3D ( 'NONE', #728, #1959, #5409 ) ;
#5513 = CARTESIAN_POINT ( 'NONE',  ( 205.9150429325189862, -116.1143809536179958, 134.7124378740059853 ) ) ;
#5512 = AXIS2_PLACEMENT_3D ( 'NONE', #2150, #2206, #1706 ) ;
#5514 = DIRECTION ( 'NONE',  ( -2.418031965417649952E-14, 0.000000000000000000, 1.000000000000000000 ) ) ;
#5515 = DIRECTION ( 'NONE',  ( -2.748129594203400391E-15, -1.407292413469239864E-15, -1.000000000000000000 ) ) ;
#5516 = EDGE_CURVE ( 'NONE', #4821, #1555, #4603, .T. ) ;
#5517 = DIRECTION ( 'NONE',  ( 0.000000000000000000, -7.390046697591970583E-15, -1.000000000000000000 ) ) ;
#5518 = CARTESIAN_POINT ( 'NONE',  ( 147.6948783421489964, -130.7594256212510118, 110.3643259181420007 ) ) ;
#5519 = AXIS2_PLACEMENT_3D ( 'NONE', #1666, #3329, #4192 ) ;
#5520 = DIRECTION ( 'NONE',  ( 0.000000000000000000, 5.006432955109510304E-15, 1.000000000000000000 ) ) ;
#5521 = FACE_OUTER_BOUND ( 'NONE', #2125, .T. ) ;
#5522 = EDGE_CURVE ( 'NONE', #2345, #2093, #3267, .T. ) ;
#5523 = VECTOR ( 'NONE', #636, 1000.000000000000000 ) ;
#5524 = ORIENTED_EDGE ( 'NONE', *, *, #2808, .F. ) ;
#5525 = ORIENTED_EDGE ( 'NONE', *, *, #2298, .F. ) ;
#5526 = ORIENTED_EDGE ( 'NONE', *, *, #1900, .F. ) ;
#5527 =( BOUNDED_CURVE ( )  B_SPLINE_CURVE ( 3, ( #1393, #4365, #591, #533 ),
 .UNSPECIFIED., .F., .F. ) 
 B_SPLINE_CURVE_WITH_KNOTS ( ( 4, 4 ),
 ( 4.944676316061860014E-15, 1.409899299534226103 ),
 .UNSPECIFIED. ) 
 CURVE ( )  GEOMETRIC_REPRESENTATION_ITEM ( )  RATIONAL_B_SPLINE_CURVE ( ( 1.000000000000000000, 0.8410961196339250545, 0.8410961196339250545, 1.000000000000000000 ) ) 
 REPRESENTATION_ITEM ( '' )  );
#5528 = VECTOR ( 'NONE', #497, 1000.000000000000000 ) ;
#5529 = ORIENTED_EDGE ( 'NONE', *, *, #1248, .T. ) ;
#5530 = EDGE_CURVE ( 'NONE', #2543, #4948, #5063, .T. ) ;
#5531 = LINE ( 'NONE', #14, #1915 ) ;
#5532 = ORIENTED_EDGE ( 'NONE', *, *, #2959, .F. ) ;
#5533 = ADVANCED_FACE ( 'NONE', ( #5038 ), #4952, .F. ) ;
#5534 = EDGE_LOOP ( 'NONE', ( #1965, #1138, #2606, #3294, #453 ) ) ;
#5535 = CIRCLE ( 'NONE', #1420, 2.349999999999990763 ) ;
#5536 = DIRECTION ( 'NONE',  ( 0.000000000000000000, 1.000000000000000000, 0.000000000000000000 ) ) ;
#5537 = DIRECTION ( 'NONE',  ( 2.418031965417660049E-14, -5.006432955109490583E-15, -1.000000000000000000 ) ) ;
#5538 = DIRECTION ( 'NONE',  ( -0.5488750411663001483, 0.5910736794955140372, 0.5910736794954810636 ) ) ;
#5539 = DIRECTION ( 'NONE',  ( 3.285583168621599729E-16, 1.926745932492370081E-15, 1.000000000000000000 ) ) ;
#5540 = FACE_OUTER_BOUND ( 'NONE', #4474, .T. ) ;
#5541 = PLANE ( 'NONE',  #4049 ) ;
ENDSEC;
END-ISO-10303-21;
