ISO-10303-21;
HEADER;
FILE_DESCRIPTION (( 'STEP AP214' ),
    '1' );
FILE_NAME ('Cowl_M3x4insert.STEP',
    '2026-08-22T21:58:17',
    ( '' ),
    ( '' ),
    'SwSTEP 2.0',
    'SolidWorks 2020',
    '' );
FILE_SCHEMA (( 'AUTOMOTIVE_DESIGN' ));
ENDSEC;

DATA;
#1 = ORIENTED_EDGE ( 'NONE', *, *, #6874, .F. ) ;
#2 = CARTESIAN_POINT ( 'NONE',  ( 160.2171131927750025, -140.4297640215119998, 103.7997837512839965 ) ) ;
#3 = CARTESIAN_POINT ( 'NONE',  ( 163.2171133453904872, -148.1717277621499989, 62.10199259233939983 ) ) ;
#4 = DIRECTION ( 'NONE',  ( -7.166576360129239776E-17, 1.074295325692399920E-17, 1.000000000000000000 ) ) ;
#5 = CARTESIAN_POINT ( 'NONE',  ( 139.9671133340039830, -152.9297640746490003, 59.54999999999999716 ) ) ;
#6 = ORIENTED_EDGE ( 'NONE', *, *, #6750, .F. ) ;
#7 = CARTESIAN_POINT ( 'NONE',  ( 132.5102147262684014, -139.0155507849648018, 66.70690371732840163 ) ) ;
#8 = EDGE_CURVE ( 'NONE', #5665, #9632, #6959, .T. ) ;
#9 = VERTEX_POINT ( 'NONE', #4224 ) ;
#10 = DIRECTION ( 'NONE',  ( -0.008142047127309334428, 6.938893903907228378E-15, -0.9999668529849260468 ) ) ;
#11 = EDGE_LOOP ( 'NONE', ( #3219, #2952, #3059, #2986 ) ) ;
#12 = DIRECTION ( 'NONE',  ( -5.947210316807140508E-15, -1.000000000000000000, 1.526556658859829860E-16 ) ) ;
#13 = CARTESIAN_POINT ( 'NONE',  ( 132.4668069991690231, -141.0614515520129828, 67.50232549644249502 ) ) ;
#14 = CARTESIAN_POINT ( 'NONE',  ( 163.2171133453900040, -153.4297640746490003, 98.70216526821880620 ) ) ;
#15 = LINE ( 'NONE', #1114, #956 ) ;
#16 = VECTOR ( 'NONE', #7171, 1000.000000000000000 ) ;
#17 = LINE ( 'NONE', #2656, #9615 ) ;
#18 = CARTESIAN_POINT ( 'NONE',  ( 162.0209365267924966, -114.4297640215112040, 54.47436513418860216 ) ) ;
#19 = ORIENTED_EDGE ( 'NONE', *, *, #10521, .T. ) ;
#20 = CARTESIAN_POINT ( 'NONE',  ( 131.2171133574399846, -119.4297640746489861, 70.99999984436949774 ) ) ;
#21 = VERTEX_POINT ( 'NONE', #7860 ) ;
#22 = VERTEX_POINT ( 'NONE', #1376 ) ;
#23 = VERTEX_POINT ( 'NONE', #7921 ) ;
#24 = VECTOR ( 'NONE', #7157, 1000.000000000000000 ) ;
#25 = DIRECTION ( 'NONE',  ( 0.000000000000000000, -1.000000000000000000, 1.074295325692379890E-17 ) ) ;
#26 = CARTESIAN_POINT ( 'NONE',  ( 165.3236018428179932, -117.4297640215112040, 60.17765112427590424 ) ) ;
#27 = FACE_OUTER_BOUND ( 'NONE', #8622, .T. ) ;
#28 = EDGE_LOOP ( 'NONE', ( #5676, #11644, #11017, #7984 ) ) ;
#29 = PLANE ( 'NONE',  #6108 ) ;
#30 = ORIENTED_EDGE ( 'NONE', *, *, #9899, .F. ) ;
#31 = DIRECTION ( 'NONE',  ( 6.331740687314189720E-17, -1.000000000000000000, 6.331740687314610035E-17 ) ) ;
#32 = EDGE_CURVE ( 'NONE', #11815, #7613, #5187, .T. ) ;
#33 = EDGE_LOOP ( 'NONE', ( #3556, #11130, #6830, #2712 ) ) ;
#34 = LINE ( 'NONE', #2850, #8445 ) ;
#35 = CARTESIAN_POINT ( 'NONE',  ( 164.2171133453900040, -140.4297640215119998, 102.7500000000329976 ) ) ;
#36 = FACE_OUTER_BOUND ( 'NONE', #3080, .T. ) ;
#37 = VECTOR ( 'NONE', #8038, 1000.000000000000000 ) ;
#38 = EDGE_CURVE ( 'NONE', #6774, #3814, #3260, .T. ) ;
#39 = ORIENTED_EDGE ( 'NONE', *, *, #11796, .F. ) ;
#40 = EDGE_CURVE ( 'NONE', #8750, #5570, #3203, .T. ) ;
#41 = CARTESIAN_POINT ( 'NONE',  ( 132.3785352116514105, -133.3111086570584121, 51.49588092830069996 ) ) ;
#42 = B_SPLINE_CURVE_WITH_KNOTS ( 'NONE', 3,
 ( #8433, #4667, #8257, #11157 ),
 .UNSPECIFIED., .F., .F.,
 ( 4, 4 ),
 ( 0.000000000000000000, 1.000000000000000000 ),
 .UNSPECIFIED. ) ;
#43 = VERTEX_POINT ( 'NONE', #3321 ) ;
#44 = CARTESIAN_POINT ( 'NONE',  ( 132.2171133453900040, -114.6297640215114058, 62.24960223581919649 ) ) ;
#45 = CARTESIAN_POINT ( 'NONE',  ( 163.2171133453900040, -119.4297640746489861, 98.70216526821819514 ) ) ;
#46 = VECTOR ( 'NONE', #2011, 1000.000000000000000 ) ;
#47 = CARTESIAN_POINT ( 'NONE',  ( 133.1332509496454293, -122.5132565907885294, 62.72242900597614579 ) ) ;
#48 = DIRECTION ( 'NONE',  ( 1.778958924614190116E-14, 1.000000000000000000, 0.000000000000000000 ) ) ;
#49 = EDGE_CURVE ( 'NONE', #11988, #1148, #171, .T. ) ;
#50 = FACE_OUTER_BOUND ( 'NONE', #659, .T. ) ;
#51 = DIRECTION ( 'NONE',  ( 0.000000000000000000, 1.000000000000000000, -2.336840784686309836E-30 ) ) ;
#52 = AXIS2_PLACEMENT_3D ( 'NONE', #4176, #8609, #10481 ) ;
#53 = ORIENTED_EDGE ( 'NONE', *, *, #4131, .F. ) ;
#54 = LINE ( 'NONE', #8625, #5523 ) ;
#55 = ORIENTED_EDGE ( 'NONE', *, *, #9045, .F. ) ;
#56 = FACE_OUTER_BOUND ( 'NONE', #9151, .T. ) ;
#57 = EDGE_CURVE ( 'NONE', #4968, #2393, #9801, .T. ) ;
#58 = AXIS2_PLACEMENT_3D ( 'NONE', #10828, #10764, #10886 ) ;
#59 = EDGE_CURVE ( 'NONE', #10036, #23, #8897, .T. ) ;
#60 = FACE_OUTER_BOUND ( 'NONE', #1231, .T. ) ;
#61 = ORIENTED_EDGE ( 'NONE', *, *, #6534, .F. ) ;
#62 = LINE ( 'NONE', #3777, #10633 ) ;
#63 = CARTESIAN_POINT ( 'NONE',  ( 167.9954836606060269, -136.0375236264610237, 51.91664625081959628 ) ) ;
#64 = DIRECTION ( 'NONE',  ( 0.3281699088141229459, -6.170010459091448547E-15, 0.9446187119409238386 ) ) ;
#65 = EDGE_LOOP ( 'NONE', ( #10289, #10677, #7501 ) ) ;
#66 = CARTESIAN_POINT ( 'NONE',  ( 138.7879731111385695, -140.7226572403253897, 110.6572191369543958 ) ) ;
#67 = ORIENTED_EDGE ( 'NONE', *, *, #7108, .T. ) ;
#68 = VECTOR ( 'NONE', #6748, 1000.000000000000000 ) ;
#69 = CIRCLE ( 'NONE', #8424, 1.700000000000007061 ) ;
#70 = DIRECTION ( 'NONE',  ( -0.7071067811865580088, 0.7071067811865370256, 0.000000000000000000 ) ) ;
#71 = CARTESIAN_POINT ( 'NONE',  ( 162.2171133453900040, -126.9297640746490146, 81.50005035146720900 ) ) ;
#72 = ORIENTED_EDGE ( 'NONE', *, *, #6002, .T. ) ;
#73 = CARTESIAN_POINT ( 'NONE',  ( 139.0844959082510002, -140.4297640215119998, 110.3643259181410059 ) ) ;
#74 = CARTESIAN_POINT ( 'NONE',  ( 139.0343538704894399, -144.9563911279512070, 111.0624291536347528 ) ) ;
#75 = EDGE_CURVE ( 'NONE', #11577, #321, #1615, .T. ) ;
#76 = CARTESIAN_POINT ( 'NONE',  ( 173.2171134944019855, -139.6937481978255846, 62.74999999999930367 ) ) ;
#77 = DIRECTION ( 'NONE',  ( 7.166576360129239776E-17, -1.074295325692399920E-17, -1.000000000000000000 ) ) ;
#78 = VECTOR ( 'NONE', #7826, 1000.000000000000000 ) ;
#79 = CARTESIAN_POINT ( 'NONE',  ( 169.2171132998459768, -153.4297640746490003, 102.7500000000329976 ) ) ;
#80 = CARTESIAN_POINT ( 'NONE',  ( 171.2171133453900040, -153.1834562892630345, 64.74999999999928946 ) ) ;
#81 = DIRECTION ( 'NONE',  ( -4.422034925190680788E-15, -1.000000000000000000, -6.573933234426810631E-15 ) ) ;
#82 = EDGE_LOOP ( 'NONE', ( #1, #7919, #2583, #10019 ) ) ;
#83 = CARTESIAN_POINT ( 'NONE',  ( 161.5100065642035077, -126.9297640746490146, 81.20715713265379065 ) ) ;
#84 = ORIENTED_EDGE ( 'NONE', *, *, #10166, .F. ) ;
#85 = ORIENTED_EDGE ( 'NONE', *, *, #11282, .T. ) ;
#86 = CIRCLE ( 'NONE', #10366, 24.75044811293481217 ) ;
#87 = ORIENTED_EDGE ( 'NONE', *, *, #3243, .F. ) ;
#88 = AXIS2_PLACEMENT_3D ( 'NONE', #73, #3791, #10272 ) ;
#89 = CARTESIAN_POINT ( 'NONE',  ( 139.9671133340039830, -153.4297640746490003, 60.04999999999999716 ) ) ;
#90 = CARTESIAN_POINT ( 'NONE',  ( 132.3363500233429875, -152.9723504732990307, 67.03422700578789772 ) ) ;
#91 = CARTESIAN_POINT ( 'NONE',  ( 175.2171133453902314, -149.4710642623182650, 63.49177647660724233 ) ) ;
#92 = ORIENTED_EDGE ( 'NONE', *, *, #6463, .T. ) ;
#93 = VERTEX_POINT ( 'NONE', #4574 ) ;
#94 = EDGE_CURVE ( 'NONE', #11269, #5546, #5304, .T. ) ;
#95 = CARTESIAN_POINT ( 'NONE',  ( 120.2171133453899898, -149.4193518720470024, 62.24960223581899754 ) ) ;
#96 = CARTESIAN_POINT ( 'NONE',  ( 130.2171133453900609, -121.0197522289687413, 56.00640280175956320 ) ) ;
#97 = DIRECTION ( 'NONE',  ( 0.4001450253381057531, 5.551115123125785069E-15, -0.9164518310839727677 ) ) ;
#98 = VECTOR ( 'NONE', #4689, 1000.000000000000000 ) ;
#99 = CARTESIAN_POINT ( 'NONE',  ( 132.3248874922289531, -139.0155505122760076, 70.47801084380756720 ) ) ;
#100 = ORIENTED_EDGE ( 'NONE', *, *, #10857, .F. ) ;
#101 = CARTESIAN_POINT ( 'NONE',  ( 162.8236018428179932, -114.4297640215112040, 60.17765112427590424 ) ) ;
#102 = ORIENTED_EDGE ( 'NONE', *, *, #7248, .F. ) ;
#103 = EDGE_CURVE ( 'NONE', #8107, #6601, #2653, .T. ) ;
#104 = DIRECTION ( 'NONE',  ( 0.7071067811865431318, -4.648472763155659646E-15, 0.7071067811865520136 ) ) ;
#105 = CYLINDRICAL_SURFACE ( 'NONE', #2377, 0.9999999999999964473 ) ;
#107 = B_SPLINE_CURVE_WITH_KNOTS ( 'NONE', 3,
 ( #7443, #5502, #5442, #8237, #1002, #2665, #4699, #9199, #6422, #829, #11024, #892, #4586, #9140, #6538, #10109, #1928, #10052, #10286, #5558, #11984, #10226, #8410, #2842, #3632, #9367, #2727, #6479, #9257, #3690, #4528, #7390, #11079, #2781 ),
 .UNSPECIFIED., .F., .F.,
 ( 4, 2, 2, 1, 1, 1, 2, 2, 2, 2, 1, 1, 2, 2, 2, 1, 1, 1, 2, 2, 4 ),
 ( 0.000000000000000000, 0.1250000000001322553, 0.1562500000001667000, 0.1875000000002011724, 0.2187500000002356171, 0.2343750000002480516, 0.2421875000002559064, 0.2500000000002637335, 0.3750000000003330114, 0.4375000000003609890, 0.4687500000003735345, 0.4843750000003823608, 0.4921875000003883005, 0.5000000000003942402, 0.6250000000005067058, 0.6875000000005569989, 0.7187500000005775380, 0.7343750000005793144, 0.7421875000005749845, 0.7500000000005706546, 1.000000000000000000 ),
 .UNSPECIFIED. ) ;
#106 = VECTOR ( 'NONE', #10351, 1000.000000000000000 ) ;
#108 = EDGE_CURVE ( 'NONE', #3049, #2868, #7143, .T. ) ;
#109 = DIRECTION ( 'NONE',  ( 2.602085213964869829E-17, 1.000000000000000000, -1.526556658859589750E-16 ) ) ;
#110 = CARTESIAN_POINT ( 'NONE',  ( 161.2171133453899756, -138.0155505122760076, 67.99999991151629786 ) ) ;
#111 = CARTESIAN_POINT ( 'NONE',  ( 162.5900442394630829, -153.3742693877487397, 66.91823323866590556 ) ) ;
#112 = CIRCLE ( 'NONE', #6915, 1.000000000000003553 ) ;
#113 = CARTESIAN_POINT ( 'NONE',  ( 132.2171133453900040, -119.4297640746489861, 102.7500000000329976 ) ) ;
#114 = VERTEX_POINT ( 'NONE', #8101 ) ;
#115 = EDGE_CURVE ( 'NONE', #10615, #4591, #1739, .T. ) ;
#116 = DIRECTION ( 'NONE',  ( -0.5735764363510459374, 0.8191520442889920206, 6.082239591783694259E-15 ) ) ;
#117 = DIRECTION ( 'NONE',  ( -1.000000000000000000, 0.000000000000000000, 0.000000000000000000 ) ) ;
#118 = EDGE_CURVE ( 'NONE', #1501, #5264, #9664, .T. ) ;
#119 = ORIENTED_EDGE ( 'NONE', *, *, #2008, .T. ) ;
#120 = EDGE_CURVE ( 'NONE', #2868, #10085, #10038, .T. ) ;
#121 = AXIS2_PLACEMENT_3D ( 'NONE', #6259, #1013, #3416 ) ;
#122 = DIRECTION ( 'NONE',  ( -4.795077207320080361E-24, 1.000000000000000000, 0.000000000000000000 ) ) ;
#123 = FACE_OUTER_BOUND ( 'NONE', #7930, .T. ) ;
#124 = CARTESIAN_POINT ( 'NONE',  ( 135.6669467343540134, -152.8297640746490060, 71.34999974667979927 ) ) ;
#125 = CARTESIAN_POINT ( 'NONE',  ( 163.0571133453900075, -152.9723504732990307, 67.14091634279270693 ) ) ;
#126 = CARTESIAN_POINT ( 'NONE',  ( 132.2171133453900040, -144.5297640215119941, 67.14091634279270693 ) ) ;
#127 = CARTESIAN_POINT ( 'NONE',  ( 132.2171133453900040, -139.4397640202369928, 80.50005035146739374 ) ) ;
#128 = VERTEX_POINT ( 'NONE', #1678 ) ;
#129 = LINE ( 'NONE', #5837, #1113 ) ;
#130 = ORIENTED_EDGE ( 'NONE', *, *, #6002, .F. ) ;
#131 = EDGE_CURVE ( 'NONE', #8039, #7507, #10952, .T. ) ;
#132 = CONICAL_SURFACE ( 'NONE', #7886, 3.299999999999997158, 0.7853981633973456944 ) ;
#133 = ADVANCED_FACE ( 'NONE', ( #815 ), #11855, .T. ) ;
#134 = CARTESIAN_POINT ( 'NONE',  ( 163.2171133453904872, -123.4296722848583983, 62.74648661845989750 ) ) ;
#135 = DIRECTION ( 'NONE',  ( 1.214306509787349814E-16, -1.000000000000000000, -6.573024952610290603E-15 ) ) ;
#136 = EDGE_LOOP ( 'NONE', ( #6219, #5741, #6510, #1923 ) ) ;
#137 = CARTESIAN_POINT ( 'NONE',  ( 136.5096806236768145, -143.3972909629136154, 110.3643259181410201 ) ) ;
#138 = DIRECTION ( 'NONE',  ( 7.116814260417668513E-15, 0.000000000000000000, -1.000000000000000000 ) ) ;
#139 = LINE ( 'NONE', #3854, #4180 ) ;
#140 = CONICAL_SURFACE ( 'NONE', #3065, 1.949999999999993516, 0.7853981633974418397 ) ;
#141 = FACE_OUTER_BOUND ( 'NONE', #5439, .T. ) ;
#142 = CARTESIAN_POINT ( 'NONE',  ( 141.2106690963749998, -140.7226572403253897, 106.0714326993276018 ) ) ;
#143 = DIRECTION ( 'NONE',  ( 0.7071067811865822117, 0.000000000000000000, 0.7071067811865128228 ) ) ;
#144 =( BOUNDED_SURFACE ( )  B_SPLINE_SURFACE ( 2, 2, ( 
 ( #11310, #2957, #90 ),
 ( #3804, #3018, #7505 ),
 ( #5734, #9432, #6712 ) ),
 .UNSPECIFIED., .F., .F., .T. ) 
 B_SPLINE_SURFACE_WITH_KNOTS ( ( 3, 3 ),
 ( 3, 3 ),
 ( -2.568079549164029807, -1.570796326792190056 ),
 ( 1.570796326795840026, 2.300714095754349930 ),
 .UNSPECIFIED. ) 
 GEOMETRIC_REPRESENTATION_ITEM ( )  RATIONAL_B_SPLINE_SURFACE ( (
 ( 1.000000000000000000, 0.9341384365312289662, 1.000000000000000000),
 ( 0.8782329983125549688, 0.8203911999538240352, 0.8782329983125549688),
 ( 1.000000000000000000, 0.9341384365312289662, 1.000000000000000000) ) ) 
 REPRESENTATION_ITEM ( '' )  SURFACE ( )  );
#145 = VERTEX_POINT ( 'NONE', #7201 ) ;
#146 = PLANE ( 'NONE',  #914 ) ;
#147 = ORIENTED_EDGE ( 'NONE', *, *, #7906, .T. ) ;
#148 = EDGE_CURVE ( 'NONE', #11546, #6805, #6975, .T. ) ;
#149 = ORIENTED_EDGE ( 'NONE', *, *, #75, .F. ) ;
#150 = EDGE_CURVE ( 'NONE', #7273, #776, #2592, .T. ) ;
#151 = VECTOR ( 'NONE', #11350, 1000.000000000000000 ) ;
#152 = ORIENTED_EDGE ( 'NONE', *, *, #2436, .F. ) ;
#153 = CARTESIAN_POINT ( 'NONE',  ( 133.1673343744681119, -122.8526379507595578, 57.82336830163036723 ) ) ;
#154 = CARTESIAN_POINT ( 'NONE',  ( 135.4469831423034520, -140.4389616320859488, 105.4996427513884782 ) ) ;
#155 = VERTEX_POINT ( 'NONE', #3618 ) ;
#156 = DIRECTION ( 'NONE',  ( 0.000000000000000000, -1.000000000000000000, 1.526556658859589750E-16 ) ) ;
#157 = ORIENTED_EDGE ( 'NONE', *, *, #11162, .F. ) ;
#158 = CYLINDRICAL_SURFACE ( 'NONE', #3004, 14.00026402016930049 ) ;
#159 = CARTESIAN_POINT ( 'NONE',  ( 132.4147945540659919, -139.5180862481649910, 70.26256449493351397 ) ) ;
#160 = CIRCLE ( 'NONE', #6760, 0.9999999999999964473 ) ;
#161 = CARTESIAN_POINT ( 'NONE',  ( 147.7171133226179904, -154.4297640746490003, 102.7500000000329976 ) ) ;
#162 = AXIS2_PLACEMENT_3D ( 'NONE', #8001, #11696, #3407 ) ;
#163 = CARTESIAN_POINT ( 'NONE',  ( 162.6742201265759888, -140.4726572934619639, 69.70710669270289372 ) ) ;
#164 = ORIENTED_EDGE ( 'NONE', *, *, #2840, .F. ) ;
#165 = FACE_OUTER_BOUND ( 'NONE', #6110, .T. ) ;
#166 = VERTEX_POINT ( 'NONE', #6282 ) ;
#167 = EDGE_CURVE ( 'NONE', #2374, #8920, #8951, .T. ) ;
#168 = VERTEX_POINT ( 'NONE', #7378 ) ;
#169 = LINE ( 'NONE', #5938, #7422 ) ;
#170 = CARTESIAN_POINT ( 'NONE',  ( 138.4671133453900040, -135.1797640746490288, 68.99999991151649681 ) ) ;
#171 = CIRCLE ( 'NONE', #3477, 1.000000000000000888 ) ;
#172 = FACE_OUTER_BOUND ( 'NONE', #568, .T. ) ;
#173 = CARTESIAN_POINT ( 'NONE',  ( 147.6669467408599985, -153.4297640746490003, 83.34999974667989875 ) ) ;
#174 = PLANE ( 'NONE',  #9397 ) ;
#175 = VECTOR ( 'NONE', #11442, 1000.000000000000000 ) ;
#176 = CARTESIAN_POINT ( 'NONE',  ( 140.9671133340039830, -140.4297640215119998, 117.6643259181420120 ) ) ;
#177 = EDGE_LOOP ( 'NONE', ( #4640, #8350, #875, #8796 ) ) ;
#178 = CARTESIAN_POINT ( 'NONE',  ( 163.2171132645240164, -119.4297640746489861, 70.99999985651450629 ) ) ;
#179 = CARTESIAN_POINT ( 'NONE',  ( 132.3771133453899722, -153.4297640746490003, 66.54898615365620174 ) ) ;
#180 = CIRCLE ( 'NONE', #9105, 1.700000000000007061 ) ;
#181 = EDGE_LOOP ( 'NONE', ( #5900, #11921, #8277, #9872 ) ) ;
#182 = CYLINDRICAL_SURFACE ( 'NONE', #5894, 1.000000000000006217 ) ;
#183 = CARTESIAN_POINT ( 'NONE',  ( 132.3771133453899722, -152.9723504732990307, 67.14091634279270693 ) ) ;
#184 = EDGE_CURVE ( 'NONE', #3110, #6457, #5366, .T. ) ;
#185 = DIRECTION ( 'NONE',  ( -8.933825901278888835E-17, -1.000000000000000000, 8.933825901279489109E-17 ) ) ;
#186 = DIRECTION ( 'NONE',  ( 6.331740687314189720E-17, -1.000000000000000000, 6.331740687314610035E-17 ) ) ;
#187 = CARTESIAN_POINT ( 'NONE',  ( 161.4671132039350141, -149.8297648895429859, 100.7500000000400036 ) ) ;
#188 = DIRECTION ( 'NONE',  ( 6.331740687314189720E-17, -1.000000000000000000, 6.331740687314610035E-17 ) ) ;
#189 = EDGE_CURVE ( 'NONE', #895, #8249, #9070, .T. ) ;
#190 = EDGE_LOOP ( 'NONE', ( #2378, #9707, #5556, #8381, #2925, #9455 ) ) ;
#191 = EDGE_CURVE ( 'NONE', #9373, #7479, #1743, .T. ) ;
#192 = CARTESIAN_POINT ( 'NONE',  ( 162.8203089162679760, -153.2310066308825753, 67.09275738724404903 ) ) ;
#193 = FACE_OUTER_BOUND ( 'NONE', #2441, .T. ) ;
#194 = ORIENTED_EDGE ( 'NONE', *, *, #1054, .F. ) ;
#195 = LINE ( 'NONE', #11421, #7662 ) ;
#196 = CARTESIAN_POINT ( 'NONE',  ( 132.2171104403589936, -141.6950118284609914, 67.73427934022529939 ) ) ;
#197 = DIRECTION ( 'NONE',  ( -1.000000000000000000, 0.000000000000000000, 0.000000000000000000 ) ) ;
#198 = EDGE_CURVE ( 'NONE', #5768, #5382, #2714, .T. ) ;
#199 = CARTESIAN_POINT ( 'NONE',  ( 164.2171133453900040, -154.4297640746490003, 102.7500000000329976 ) ) ;
#200 = CARTESIAN_POINT ( 'NONE',  ( 174.2171133453904872, -124.4297640215111898, 62.75000000000000000 ) ) ;
#201 = DIRECTION ( 'NONE',  ( 1.666402750891234799E-24, -1.000000000000000000, 1.356837948211252164E-26 ) ) ;
#202 = ORIENTED_EDGE ( 'NONE', *, *, #7970, .T. ) ;
#203 = CARTESIAN_POINT ( 'NONE',  ( 135.6669467343540134, -153.4297640746490003, 69.84999974667979927 ) ) ;
#204 = ORIENTED_EDGE ( 'NONE', *, *, #9363, .F. ) ;
#205 = VERTEX_POINT ( 'NONE', #1798 ) ;
#206 = ORIENTED_EDGE ( 'NONE', *, *, #1343, .F. ) ;
#207 = CARTESIAN_POINT ( 'NONE',  ( 134.9951354102913683, -120.7954219240870231, 59.52014131862847535 ) ) ;
#208 = DIRECTION ( 'NONE',  ( 7.166576360129139935E-17, -2.327875578288750051E-16, -1.000000000000000000 ) ) ;
#209 = CARTESIAN_POINT ( 'NONE',  ( 162.2171133453900040, -152.4297640746490003, 67.14091634279270693 ) ) ;
#210 = ORIENTED_EDGE ( 'NONE', *, *, #11945, .F. ) ;
#211 = CARTESIAN_POINT ( 'NONE',  ( 163.2171133453900040, -153.4297640746490003, 62.74999974667980496 ) ) ;
#212 = ORIENTED_EDGE ( 'NONE', *, *, #2070, .F. ) ;
#213 = VECTOR ( 'NONE', #5575, 1000.000000000000000 ) ;
#214 = CARTESIAN_POINT ( 'NONE',  ( 123.6324701739430481, -149.0753321905876589, 53.86501494382986976 ) ) ;
#215 = EDGE_CURVE ( 'NONE', #7898, #3675, #10605, .T. ) ;
#216 = ORIENTED_EDGE ( 'NONE', *, *, #5759, .T. ) ;
#217 = EDGE_CURVE ( 'NONE', #342, #4625, #2137, .T. ) ;
#218 = DIRECTION ( 'NONE',  ( -8.933825901280388903E-17, -1.000000000000000000, 8.933825901280388903E-17 ) ) ;
#219 = CARTESIAN_POINT ( 'NONE',  ( 132.5102147262684014, -139.0155507849648018, 66.70690371732840163 ) ) ;
#220 = VERTEX_POINT ( 'NONE', #10157 ) ;
#221 = EDGE_LOOP ( 'NONE', ( #10223, #6969, #6655, #11278 ) ) ;
#222 = CARTESIAN_POINT ( 'NONE',  ( 147.7171133226179904, -119.4297640746489861, 87.95716295907050153 ) ) ;
#223 = VECTOR ( 'NONE', #4634, 1000.000000000000000 ) ;
#224 = ORIENTED_EDGE ( 'NONE', *, *, #10359, .F. ) ;
#225 = ORIENTED_EDGE ( 'NONE', *, *, #8349, .F. ) ;
#226 = DIRECTION ( 'NONE',  ( 2.602085213964869829E-17, 1.000000000000000000, -1.526556658859589750E-16 ) ) ;
#227 = CYLINDRICAL_SURFACE ( 'NONE', #3531, 0.9999999999999986677 ) ;
#228 = PLANE ( 'NONE',  #8619 ) ;
#229 = ORIENTED_EDGE ( 'NONE', *, *, #10520, .T. ) ;
#230 = VECTOR ( 'NONE', #7620, 1000.000000000000000 ) ;
#231 = ADVANCED_FACE ( 'NONE', ( #2941 ), #11713, .T. ) ;
#232 = DIRECTION ( 'NONE',  ( 1.917940887807219907E-15, 1.000000000000000000, -1.917940887807179675E-15 ) ) ;
#233 = CARTESIAN_POINT ( 'NONE',  ( 143.4008046154339695, -140.4297640215119998, 111.3643259181410059 ) ) ;
#234 = ORIENTED_EDGE ( 'NONE', *, *, #4126, .T. ) ;
#235 = VECTOR ( 'NONE', #11371, 1000.000000000000000 ) ;
#236 = DIRECTION ( 'NONE',  ( 0.000000000000000000, 1.000000000000000000, -1.074295325692379890E-17 ) ) ;
#237 = ORIENTED_EDGE ( 'NONE', *, *, #1474, .F. ) ;
#238 = DIRECTION ( 'NONE',  ( -0.7071067811865475727, 0.000000000000000000, 0.7071067811865475727 ) ) ;
#239 = EDGE_CURVE ( 'NONE', #6389, #3165, #4067, .T. ) ;
#240 = PLANE ( 'NONE',  #11336 ) ;
#241 = CARTESIAN_POINT ( 'NONE',  ( 132.1397638976803819, -151.9297640215114882, 53.24991713246220115 ) ) ;
#242 = VECTOR ( 'NONE', #5574, 1000.000000000000000 ) ;
#243 = CARTESIAN_POINT ( 'NONE',  ( 130.2171133453899756, -134.8245525410659980, 58.25000000000000000 ) ) ;
#244 = DIRECTION ( 'NONE',  ( -1.000000000000000000, 0.000000000000000000, 0.000000000000000000 ) ) ;
#245 = DIRECTION ( 'NONE',  ( -7.166576360129189239E-17, 1.526556658859309704E-16, 1.000000000000000000 ) ) ;
#246 = ORIENTED_EDGE ( 'NONE', *, *, #7624, .T. ) ;
#247 = EDGE_CURVE ( 'NONE', #9632, #11369, #4868, .T. ) ;
#248 = AXIS2_PLACEMENT_3D ( 'NONE', #10773, #5249, #11740 ) ;
#249 = CARTESIAN_POINT ( 'NONE',  ( 162.2945193050416890, -122.5067167208784724, 62.72058959771567288 ) ) ;
#250 = VERTEX_POINT ( 'NONE', #2829 ) ;
#251 = LINE ( 'NONE', #10512, #291 ) ;
#252 = CARTESIAN_POINT ( 'NONE',  ( 130.1106248479624128, -114.8297640215114086, 59.71382556213799830 ) ) ;
#253 = EDGE_CURVE ( 'NONE', #6483, #1961, #7430, .T. ) ;
#254 = CARTESIAN_POINT ( 'NONE',  ( 138.8083963417199982, -144.5575354907408041, 106.0726899307379938 ) ) ;
#255 = CYLINDRICAL_SURFACE ( 'NONE', #4197, 0.9999999999999986677 ) ;
#256 = CARTESIAN_POINT ( 'NONE',  ( 139.0828876577280084, -140.4297640215119998, 110.8082242828500057 ) ) ;
#257 = VERTEX_POINT ( 'NONE', #5548 ) ;
#258 = VECTOR ( 'NONE', #5769, 1000.000000000000114 ) ;
#259 = CARTESIAN_POINT ( 'NONE',  ( 147.7171133453900040, -152.4297640746490003, 78.47427112650861147 ) ) ;
#260 = VECTOR ( 'NONE', #7972, 1000.000000000000000 ) ;
#261 = VERTEX_POINT ( 'NONE', #1048 ) ;
#262 = ORIENTED_EDGE ( 'NONE', *, *, #9714, .F. ) ;
#263 = VERTEX_POINT ( 'NONE', #9243 ) ;
#264 = EDGE_CURVE ( 'NONE', #6709, #8404, #1780, .T. ) ;
#265 = CARTESIAN_POINT ( 'NONE',  ( 134.2543590708909278, -121.6849381770191201, 58.39399275592583649 ) ) ;
#266 = CARTESIAN_POINT ( 'NONE',  ( 163.1142629243658178, -152.9468280580462931, 98.70179263958007709 ) ) ;
#267 = CARTESIAN_POINT ( 'NONE',  ( 160.1768364872659731, -153.2079386145640854, 114.2144502228039897 ) ) ;
#268 = ORIENTED_EDGE ( 'NONE', *, *, #2611, .F. ) ;
#269 = AXIS2_PLACEMENT_3D ( 'NONE', #5205, #1389, #5079 ) ;
#270 = DIRECTION ( 'NONE',  ( 0.7058246979869428062, 0.000000000000000000, 0.7083865439939137643 ) ) ;
#271 = EDGE_LOOP ( 'NONE', ( #474, #9551, #5763, #8200, #6006 ) ) ;
#272 = EDGE_CURVE ( 'NONE', #166, #1501, #1150, .T. ) ;
#273 = CARTESIAN_POINT ( 'NONE',  ( 139.1025978581049856, -145.2633924667839835, 105.3679489095639923 ) ) ;
#274 = VERTEX_POINT ( 'NONE', #7785 ) ;
#275 = LINE ( 'NONE', #11441, #106 ) ;
#276 = LINE ( 'NONE', #11381, #8300 ) ;
#277 = SPHERICAL_SURFACE ( 'NONE', #5571, 1.000000000000000000 ) ;
#278 = EDGE_LOOP ( 'NONE', ( #359, #2995, #2371, #7036 ) ) ;
#279 = CIRCLE ( 'NONE', #7078, 1.000000000000000888 ) ;
#280 = DIRECTION ( 'NONE',  ( 1.000000000000000000, 0.000000000000000000, -4.697843999457050607E-15 ) ) ;
#281 = AXIS2_PLACEMENT_3D ( 'NONE', #4825, #11375, #9436 ) ;
#282 = ORIENTED_EDGE ( 'NONE', *, *, #5431, .T. ) ;
#283 = EDGE_CURVE ( 'NONE', #2010, #397, #7843, .T. ) ;
#284 = DIRECTION ( 'NONE',  ( -0.5951893636155779488, 8.416332170449763954E-15, -0.8035854786137459627 ) ) ;
#285 = EDGE_CURVE ( 'NONE', #2981, #10085, #6822, .T. ) ;
#286 = CARTESIAN_POINT ( 'NONE',  ( 134.2171133453900040, -138.0155505122760076, 67.99999991151649681 ) ) ;
#287 = CARTESIAN_POINT ( 'NONE',  ( 124.2171133453900040, -153.4297640746490003, 100.7500000000290044 ) ) ;
#288 = PLANE ( 'NONE',  #1241 ) ;
#289 = CIRCLE ( 'NONE', #5521, 1.950000000000000400 ) ;
#290 = DIRECTION ( 'NONE',  ( -2.449293581093230021E-16, 0.000000000000000000, -1.000000000000000000 ) ) ;
#291 = VECTOR ( 'NONE', #2092, 1000.000000000000000 ) ;
#292 = ORIENTED_EDGE ( 'NONE', *, *, #2810, .T. ) ;
#293 = CARTESIAN_POINT ( 'NONE',  ( 130.2171130507902035, -148.4297640215245906, 57.18420255986910661 ) ) ;
#294 = CARTESIAN_POINT ( 'NONE',  ( 158.5834021859320160, -143.4297640215119714, 104.5909950527140069 ) ) ;
#295 = VECTOR ( 'NONE', #6258, 1000.000000000000000 ) ;
#296 = ORIENTED_EDGE ( 'NONE', *, *, #7183, .F. ) ;
#297 = EDGE_CURVE ( 'NONE', #11627, #4084, #498, .T. ) ;
#298 = EDGE_CURVE ( 'NONE', #8607, #10646, #556, .T. ) ;
#299 = EDGE_LOOP ( 'NONE', ( #7097, #9288, #4452, #6250, #4815, #4356, #7512, #4556, #4788 ) ) ;
#300 = CARTESIAN_POINT ( 'NONE',  ( 162.8236018428179932, -114.4297640215112040, 60.27765112427590566 ) ) ;
#301 = EDGE_LOOP ( 'NONE', ( #8168, #2875, #8588, #5736, #873 ) ) ;
#302 = CARTESIAN_POINT ( 'NONE',  ( 130.1106248479624128, -117.4297640215114029, 60.17765112427590424 ) ) ;
#303 = DIRECTION ( 'NONE',  ( 0.000000000000000000, -1.000000000000000000, -6.573933234426810631E-15 ) ) ;
#304 = DIRECTION ( 'NONE',  ( -3.160768215787150073E-15, -1.000000000000000000, 1.526556646962079803E-16 ) ) ;
#305 = VECTOR ( 'NONE', #11501, 1000.000000000000000 ) ;
#306 = CARTESIAN_POINT ( 'NONE',  ( 169.9786284033270078, -137.4261365246752007, 53.38549640900540538 ) ) ;
#307 = CARTESIAN_POINT ( 'NONE',  ( 120.2171133453899898, -127.6838383413246021, 66.00407431981281547 ) ) ;
#308 = ORIENTED_EDGE ( 'NONE', *, *, #5983, .T. ) ;
#309 = EDGE_CURVE ( 'NONE', #918, #1502, #314, .T. ) ;
#310 = CIRCLE ( 'NONE', #7116, 2.500000000000002220 ) ;
#311 = CARTESIAN_POINT ( 'NONE',  ( 160.8412303646386761, -121.0472532697078805, 61.80410312689372887 ) ) ;
#312 = ORIENTED_EDGE ( 'NONE', *, *, #5096, .F. ) ;
#313 = DIRECTION ( 'NONE',  ( -1.504056274950594933E-15, -1.000000000000000000, -1.504056274950594933E-15 ) ) ;
#314 = LINE ( 'NONE', #376, #1350 ) ;
#315 = FACE_OUTER_BOUND ( 'NONE', #3240, .T. ) ;
#316 = LINE ( 'NONE', #9422, #10978 ) ;
#317 = CARTESIAN_POINT ( 'NONE',  ( 161.5100065642035077, -134.7226572934624187, 81.20715713265379065 ) ) ;
#318 = ORIENTED_EDGE ( 'NONE', *, *, #8828, .F. ) ;
#319 = VECTOR ( 'NONE', #9595, 1000.000000000000000 ) ;
#320 = CARTESIAN_POINT ( 'NONE',  ( 164.9581797555491107, -148.9312122422498419, 50.28580741592644188 ) ) ;
#321 = VERTEX_POINT ( 'NONE', #4025 ) ;
#322 = ORIENTED_EDGE ( 'NONE', *, *, #6283, .T. ) ;
#323 = EDGE_LOOP ( 'NONE', ( #3231, #11105, #2103, #3577 ) ) ;
#324 = FACE_OUTER_BOUND ( 'NONE', #8262, .T. ) ;
#325 = LINE ( 'NONE', #4039, #9536 ) ;
#326 = DIRECTION ( 'NONE',  ( 1.000000000000000000, -3.854941057726238689E-15, 0.000000000000000000 ) ) ;
#327 = VERTEX_POINT ( 'NONE', #1299 ) ;
#328 = VECTOR ( 'NONE', #9867, 1000.000000000000114 ) ;
#329 = DIRECTION ( 'NONE',  ( 0.000000000000000000, -1.526556658859589750E-16, -1.000000000000000000 ) ) ;
#330 = VERTEX_POINT ( 'NONE', #3128 ) ;
#331 = DIRECTION ( 'NONE',  ( -1.000000000000000000, 0.000000000000000000, 0.000000000000000000 ) ) ;
#332 = ORIENTED_EDGE ( 'NONE', *, *, #1792, .F. ) ;
#333 = CYLINDRICAL_SURFACE ( 'NONE', #4757, 0.9999999999999957812 ) ;
#334 = CARTESIAN_POINT ( 'NONE',  ( 133.2171133453900040, -136.4297640746490288, 65.99999991151649681 ) ) ;
#335 = EDGE_CURVE ( 'NONE', #205, #10122, #4088, .T. ) ;
#336 = FACE_OUTER_BOUND ( 'NONE', #4218, .T. ) ;
#337 = VERTEX_POINT ( 'NONE', #6942 ) ;
#338 = AXIS2_PLACEMENT_3D ( 'NONE', #9660, #8869, #1472 ) ;
#339 = CARTESIAN_POINT ( 'NONE',  ( 147.7171133226179904, -153.4297640215119714, 108.1270888575590021 ) ) ;
#340 = EDGE_CURVE ( 'NONE', #9708, #4467, #9606, .T. ) ;
#341 = EDGE_CURVE ( 'NONE', #3289, #114, #4990, .T. ) ;
#342 = VERTEX_POINT ( 'NONE', #6883 ) ;
#343 = CARTESIAN_POINT ( 'NONE',  ( 133.2171133453900040, -152.4297640746490003, 67.14091634279270693 ) ) ;
#344 = FACE_OUTER_BOUND ( 'NONE', #7269, .T. ) ;
#345 = CARTESIAN_POINT ( 'NONE',  ( 132.9671133453900040, -153.4287711522630104, 66.54898615365620174 ) ) ;
#346 = VECTOR ( 'NONE', #2527, 1000.000000000000000 ) ;
#347 = VECTOR ( 'NONE', #1951, 1000.000000000000000 ) ;
#348 = DIRECTION ( 'NONE',  ( 1.000000000000000000, 0.000000000000000000, 0.000000000000000000 ) ) ;
#349 = DIRECTION ( 'NONE',  ( 3.683226110846949869E-15, 0.9999999999999998890, -1.560792991609859804E-08 ) ) ;
#350 = ORIENTED_EDGE ( 'NONE', *, *, #239, .T. ) ;
#351 = CARTESIAN_POINT ( 'NONE',  ( 132.9035179717976689, -153.4002522450948334, 66.81755909148519379 ) ) ;
#352 = AXIS2_PLACEMENT_3D ( 'NONE', #11594, #5898, #7721 ) ;
#353 = EDGE_CURVE ( 'NONE', #7310, #5810, #7176, .T. ) ;
#354 = ORIENTED_EDGE ( 'NONE', *, *, #118, .T. ) ;
#355 = CARTESIAN_POINT ( 'NONE',  ( 132.2171133453900040, -134.4297640215112040, 51.03123712248049770 ) ) ;
#356 = AXIS2_PLACEMENT_3D ( 'NONE', #5239, #622, #4336 ) ;
#357 = ORIENTED_EDGE ( 'NONE', *, *, #1017, .F. ) ;
#358 = DIRECTION ( 'NONE',  ( 0.9238795325112774126, 0.3826834323651122638, 0.000000000000000000 ) ) ;
#359 = ORIENTED_EDGE ( 'NONE', *, *, #10667, .F. ) ;
#360 = LINE ( 'NONE', #2014, #3582 ) ;
#361 = CARTESIAN_POINT ( 'NONE',  ( 163.0571133453899790, -152.9723504732989454, 67.07978435237527037 ) ) ;
#362 = VECTOR ( 'NONE', #9977, 1000.000000000000000 ) ;
#363 = CARTESIAN_POINT ( 'NONE',  ( 163.2162550798749976, -141.5088369389110028, 67.19880229951461104 ) ) ;
#364 = AXIS2_PLACEMENT_3D ( 'NONE', #377, #6092, #11425 ) ;
#365 = EDGE_CURVE ( 'NONE', #7150, #6541, #9095, .T. ) ;
#366 = FACE_OUTER_BOUND ( 'NONE', #8251, .T. ) ;
#367 = EDGE_CURVE ( 'NONE', #8404, #842, #4791, .T. ) ;
#368 = CARTESIAN_POINT ( 'NONE',  ( 130.1106248479624128, -117.4297640215114029, 62.75000000000000000 ) ) ;
#369 = CARTESIAN_POINT ( 'NONE',  ( 133.9425134960249864, -140.4297640215119998, 105.3643259181410059 ) ) ;
#370 = EDGE_LOOP ( 'NONE', ( #8694, #3514, #11208, #8835, #8466, #3013, #10229, #11630, #8354, #1967 ) ) ;
#371 = VECTOR ( 'NONE', #1557, 1000.000000000000000 ) ;
#372 = CARTESIAN_POINT ( 'NONE',  ( 162.4175166716918852, -122.6303039647071671, 62.74460178474326710 ) ) ;
#374 = ORIENTED_EDGE ( 'NONE', *, *, #11900, .F. ) ;
#373 = B_SPLINE_CURVE_WITH_KNOTS ( 'NONE', 3,
 ( #8896, #573, #10768, #4341 ),
 .UNSPECIFIED., .F., .F.,
 ( 4, 4 ),
 ( 0.000000000000000000, 1.000000000000000000 ),
 .UNSPECIFIED. ) ;
#375 = LINE ( 'NONE', #3001, #7286 ) ;
#376 = CARTESIAN_POINT ( 'NONE',  ( 131.9466248479623971, -154.4297640215114882, 50.25265112427569392 ) ) ;
#377 = CARTESIAN_POINT ( 'NONE',  ( 132.2171133534549767, -136.4297640746490288, 81.50005035146759269 ) ) ;
#378 = CARTESIAN_POINT ( 'NONE',  ( 132.2171133453900040, -153.4297640746490003, 58.25000000000000000 ) ) ;
#379 = EDGE_CURVE ( 'NONE', #4151, #3093, #5170, .T. ) ;
#380 = VECTOR ( 'NONE', #543, 1000.000000000000000 ) ;
#381 = CARTESIAN_POINT ( 'NONE',  ( 173.2171134944019855, -148.4297640215245906, 57.08879711976310034 ) ) ;
#382 = ORIENTED_EDGE ( 'NONE', *, *, #5261, .T. ) ;
#383 = CARTESIAN_POINT ( 'NONE',  ( 135.6669467343540134, -153.4297640746490003, 70.44999974667979359 ) ) ;
#384 = VERTEX_POINT ( 'NONE', #3064 ) ;
#385 = ORIENTED_EDGE ( 'NONE', *, *, #3210, .T. ) ;
#386 = ORIENTED_EDGE ( 'NONE', *, *, #6447, .F. ) ;
#387 = CARTESIAN_POINT ( 'NONE',  ( 134.0288547007320972, -121.9375732638891776, 58.21308023617184091 ) ) ;
#388 = CARTESIAN_POINT ( 'NONE',  ( 133.7171133453900040, -139.9297640746490288, 76.37499989243640641 ) ) ;
#389 = CARTESIAN_POINT ( 'NONE',  ( 130.2171133453899756, -143.3164134470123940, 62.25000000000000000 ) ) ;
#390 = VERTEX_POINT ( 'NONE', #2343 ) ;
#391 = CARTESIAN_POINT ( 'NONE',  ( 139.0769737309310017, -140.4297640215119998, 112.4405461112039859 ) ) ;
#392 = DIRECTION ( 'NONE',  ( 5.075800897900750411E-15, -1.000000000000000000, -6.432020515982920536E-15 ) ) ;
#393 = VERTEX_POINT ( 'NONE', #11603 ) ;
#394 = CARTESIAN_POINT ( 'NONE',  ( 138.5660591573050056, -144.3504862742459807, 105.3654730696599984 ) ) ;
#395 = CARTESIAN_POINT ( 'NONE',  ( 133.0664558081502094, -141.3212823756466037, 53.47602185630480420 ) ) ;
#396 = CARTESIAN_POINT ( 'NONE',  ( 134.8866450717220005, -141.1010276121810136, 110.4199042041929886 ) ) ;
#397 = VERTEX_POINT ( 'NONE', #2158 ) ;
#398 = CARTESIAN_POINT ( 'NONE',  ( 141.2106690963749998, -141.4297640215119998, 105.3643259181410059 ) ) ;
#399 = ORIENTED_EDGE ( 'NONE', *, *, #9564, .T. ) ;
#400 = CARTESIAN_POINT ( 'NONE',  ( 174.2171132998449821, -140.4297640215119998, 100.7500000000290044 ) ) ;
#401 = CARTESIAN_POINT ( 'NONE',  ( 124.2171133453900040, -149.8297640215160129, 64.75000000000000000 ) ) ;
#402 = CARTESIAN_POINT ( 'NONE',  ( 132.3255008394325785, -120.4297680637884156, 62.66078637172639532 ) ) ;
#403 = ADVANCED_FACE ( 'NONE', ( #3306 ), #9675, .F. ) ;
#404 = ORIENTED_EDGE ( 'NONE', *, *, #11723, .F. ) ;
#405 = CARTESIAN_POINT ( 'NONE',  ( 160.1768364872659731, -153.2079386145640854, 116.1644502228040068 ) ) ;
#406 = PLANE ( 'NONE',  #8334 ) ;
#407 = ORIENTED_EDGE ( 'NONE', *, *, #11005, .F. ) ;
#408 = CARTESIAN_POINT ( 'NONE',  ( 161.3736018428179761, -117.8297640215111954, 60.27765112427590566 ) ) ;
#409 = EDGE_CURVE ( 'NONE', #4910, #1005, #8128, .T. ) ;
#410 = ADVANCED_FACE ( 'NONE', ( #7961 ), #7126, .F. ) ;
#411 = CIRCLE ( 'NONE', #5256, 1.000000000000003553 ) ;
#412 = VERTEX_POINT ( 'NONE', #7061 ) ;
#413 = CARTESIAN_POINT ( 'NONE',  ( 166.7171133155879943, -114.4297640215112040, 59.25000000000000000 ) ) ;
#414 = VERTEX_POINT ( 'NONE', #10021 ) ;
#415 = PRODUCT_RELATED_PRODUCT_CATEGORY ( 'part', '', ( #11147 ) ) ;
#416 = ORIENTED_EDGE ( 'NONE', *, *, #11294, .F. ) ;
#417 = ADVANCED_FACE ( 'NONE', ( #3425 ), #3540, .T. ) ;
#418 = LINE ( 'NONE', #11526, #5127 ) ;
#419 = VECTOR ( 'NONE', #2252, 1000.000000000000000 ) ;
#420 = ORIENTED_EDGE ( 'NONE', *, *, #7464, .F. ) ;
#421 = CARTESIAN_POINT ( 'NONE',  ( 174.8171133453904815, -114.4297640215112040, 62.24960223581919649 ) ) ;
#422 = CARTESIAN_POINT ( 'NONE',  ( 138.7879731111385695, -140.7226572403253897, 110.6572191369543958 ) ) ;
#423 = DIRECTION ( 'NONE',  ( 4.751910101198859687E-14, -4.052677489049489696E-14, 1.000000000000000000 ) ) ;
#424 = DIRECTION ( 'NONE',  ( 1.000000000000000000, 0.000000000000000000, 0.000000000000000000 ) ) ;
#425 = DIRECTION ( 'NONE',  ( 0.000000000000000000, 1.000000000000000000, 0.000000000000000000 ) ) ;
#426 = APPLICATION_PROTOCOL_DEFINITION ( 'draft international standard', 'automotive_design', 1998, #5361 ) ;
#427 = CARTESIAN_POINT ( 'NONE',  ( 126.8043469377704042, -114.4297640215113745, 55.30000000000001137 ) ) ;
#428 = VECTOR ( 'NONE', #3439, 1000.000000000000000 ) ;
#429 = VERTEX_POINT ( 'NONE', #9054 ) ;
#430 = ADVANCED_FACE ( 'NONE', ( #735 ), #5413, .F. ) ;
#431 = CARTESIAN_POINT ( 'NONE',  ( 132.2171133453900040, -141.8439776370219931, 68.99999991151659628 ) ) ;
#432 = CARTESIAN_POINT ( 'NONE',  ( 135.1768364872669963, -145.4297640215119714, 114.2143259181419950 ) ) ;
#433 = ADVANCED_FACE ( 'NONE', ( #7241 ), #3364, .T. ) ;
#434 = ORIENTED_EDGE ( 'NONE', *, *, #4007, .T. ) ;
#435 = DIRECTION ( 'NONE',  ( -0.4397326120322761489, -0.1821432117215195934, 0.8794652240646252395 ) ) ;
#436 = CARTESIAN_POINT ( 'NONE',  ( 162.3217170650740115, -114.8297640215111954, 53.60858519209980244 ) ) ;
#437 = VECTOR ( 'NONE', #643, 1000.000000000000000 ) ;
#438 = CARTESIAN_POINT ( 'NONE',  ( 132.2171133453900325, -141.7130779327933681, 68.99999991151651102 ) ) ;
#439 = CARTESIAN_POINT ( 'NONE',  ( 134.8495688774236783, -138.6480060443096818, 69.44721350701647111 ) ) ;
#440 = ORIENTED_EDGE ( 'NONE', *, *, #737, .F. ) ;
#441 = CARTESIAN_POINT ( 'NONE',  ( 132.6106248479624128, -117.6297640215114058, 60.27765112427590566 ) ) ;
#442 = VERTEX_POINT ( 'NONE', #2574 ) ;
#443 = VECTOR ( 'NONE', #464, 1000.000000000000000 ) ;
#444 = EDGE_LOOP ( 'NONE', ( #10050, #19, #3132, #10992, #4068, #6452, #5410, #11486, #1512, #3456, #10900, #1933, #1963, #7360, #521, #9273, #5375, #8742, #10913, #11239, #3714, #2479, #1059, #1631, #11452, #5918, #2041 ) ) ;
#445 = CARTESIAN_POINT ( 'NONE',  ( 138.7892202435220099, -144.5523119641324001, 110.6585198368747882 ) ) ;
#446 = DIRECTION ( 'NONE',  ( 0.000000000000000000, 0.000000000000000000, 1.000000000000000000 ) ) ;
#447 = EDGE_CURVE ( 'NONE', #3265, #5126, #3034, .T. ) ;
#448 = VERTEX_POINT ( 'NONE', #2461 ) ;
#449 = CARTESIAN_POINT ( 'NONE',  ( 163.0571133453900075, -144.9297640746490003, 66.55091634279270352 ) ) ;
#450 = CARTESIAN_POINT ( 'NONE',  ( 132.6214506226232004, -142.3653431143520152, 52.19509934065289514 ) ) ;
#451 = ORIENTED_EDGE ( 'NONE', *, *, #5655, .F. ) ;
#452 = AXIS2_PLACEMENT_3D ( 'NONE', #7740, #10526, #5921 ) ;
#453 = CARTESIAN_POINT ( 'NONE',  ( 132.5106908409849780, -141.1365159324930119, 69.14840396294189873 ) ) ;
#454 = DIRECTION ( 'NONE',  ( -0.7071044607858147923, 0.7071044607837668750, -0.002561850210362559468 ) ) ;
#455 = ORIENTED_EDGE ( 'NONE', *, *, #7938, .T. ) ;
#456 = CARTESIAN_POINT ( 'NONE',  ( 132.6248169134119905, -148.2297640746490117, 102.0997837512840078 ) ) ;
#457 = ORIENTED_EDGE ( 'NONE', *, *, #9263, .F. ) ;
#458 = VERTEX_POINT ( 'NONE', #5472 ) ;
#459 =( BOUNDED_CURVE ( )  B_SPLINE_CURVE ( 2, ( #2109, #91, #10228 ),
 .UNSPECIFIED., .F., .F. ) 
 B_SPLINE_CURVE_WITH_KNOTS ( ( 3, 3 ),
 ( 11.35862437446940021, 12.74041508487450081 ),
 .UNSPECIFIED. ) 
 CURVE ( )  GEOMETRIC_REPRESENTATION_ITEM ( )  RATIONAL_B_SPLINE_CURVE ( ( 4.185684084654189618, 4.194718453426870219, 4.158805892647730040 ) ) 
 REPRESENTATION_ITEM ( '' )  );
#460 = AXIS2_PLACEMENT_3D ( 'NONE', #4445, #8201, #11892 ) ;
#461 = ORIENTED_EDGE ( 'NONE', *, *, #3829, .T. ) ;
#462 = VECTOR ( 'NONE', #3183, 1000.000000000000000 ) ;
#463 = DIRECTION ( 'NONE',  ( -2.602085213964869829E-17, -1.000000000000000000, 1.526556658859589750E-16 ) ) ;
#464 = DIRECTION ( 'NONE',  ( 1.654360732067990138E-24, 2.366582714832560085E-30, 1.000000000000000000 ) ) ;
#465 = CARTESIAN_POINT ( 'NONE',  ( 162.4692427256910037, -153.4297640746490003, 66.49475237883689260 ) ) ;
#466 = CARTESIAN_POINT ( 'NONE',  ( 172.4131734971038554, -139.8632881047061858, 55.63033466282671213 ) ) ;
#467 = LINE ( 'NONE', #6671, #6009 ) ;
#468 = VERTEX_POINT ( 'NONE', #5285 ) ;
#469 = CARTESIAN_POINT ( 'NONE',  ( 132.9620950571425908, -132.1700309009922307, 53.17562527652629711 ) ) ;
#470 = LINE ( 'NONE', #5086, #1145 ) ;
#471 = AXIS2_PLACEMENT_3D ( 'NONE', #5263, #9755, #6188 ) ;
#472 = VECTOR ( 'NONE', #10619, 1000.000000000000000 ) ;
#473 = B_SPLINE_CURVE_WITH_KNOTS ( 'NONE', 3,
 ( #4846, #2259, #1213, #1149, #8677, #2194, #351, #6921, #8618, #5885, #9582, #4969 ),
 .UNSPECIFIED., .F., .F.,
 ( 4, 2, 2, 2, 2, 4 ),
 ( 0.000000000000000000, 0.2499999999999300004, 0.3749999999999046318, 0.4374999999999146238, 0.4999999999999246159, 1.000000000000000000 ),
 .UNSPECIFIED. ) ;
#474 = ORIENTED_EDGE ( 'NONE', *, *, #7249, .F. ) ;
#475 = FACE_OUTER_BOUND ( 'NONE', #444, .T. ) ;
#476 = ADVANCED_FACE ( 'NONE', ( #6212 ), #9898, .F. ) ;
#477 = ORIENTED_EDGE ( 'NONE', *, *, #8136, .F. ) ;
#478 = AXIS2_PLACEMENT_3D ( 'NONE', #8936, #2524, #8149 ) ;
#479 = AXIS2_PLACEMENT_3D ( 'NONE', #10993, #3599, #10020 ) ;
#480 = DIRECTION ( 'NONE',  ( 1.000000000000000000, -2.602085213964869829E-17, 7.166576360129189239E-17 ) ) ;
#481 = EDGE_LOOP ( 'NONE', ( #9894, #3095, #10344, #1726 ) ) ;
#482 = DIRECTION ( 'NONE',  ( 0.000000000000000000, 1.000000000000000000, 6.573933234426810631E-15 ) ) ;
#483 = CARTESIAN_POINT ( 'NONE',  ( 164.2171132435119887, -153.4297640746490003, 62.74999974667980496 ) ) ;
#484 = LINE ( 'NONE', #2447, #10963 ) ;
#485 = LINE ( 'NONE', #8011, #10169 ) ;
#486 = CARTESIAN_POINT ( 'NONE',  ( 162.4671133453900040, -153.4287711522630104, 66.54898615365620174 ) ) ;
#487 = PRESENTATION_STYLE_ASSIGNMENT (( #8808 ) ) ;
#488 = AXIS2_PLACEMENT_3D ( 'NONE', #11243, #5787, #2332 ) ;
#489 = LINE ( 'NONE', #2391, #4605 ) ;
#490 = EDGE_CURVE ( 'NONE', #4818, #2307, #4559, .T. ) ;
#491 = ORIENTED_EDGE ( 'NONE', *, *, #3906, .F. ) ;
#492 = EDGE_CURVE ( 'NONE', #3042, #9090, #11418, .T. ) ;
#493 = EDGE_CURVE ( 'NONE', #10193, #8967, #6391, .T. ) ;
#494 = DIRECTION ( 'NONE',  ( 3.683226109728400325E-15, 1.000000000000000000, -1.526556644979159836E-16 ) ) ;
#495 = ORIENTED_EDGE ( 'NONE', *, *, #4054, .F. ) ;
#496 = AXIS2_PLACEMENT_3D ( 'NONE', #10911, #6546, #837 ) ;
#497 = DIRECTION ( 'NONE',  ( -7.166576360129189239E-17, 0.000000000000000000, 1.000000000000000000 ) ) ;
#498 = LINE ( 'NONE', #11541, #5804 ) ;
#499 = CARTESIAN_POINT ( 'NONE',  ( 137.6872469723192012, -122.4063861458673870, 62.75000000000000000 ) ) ;
#500 = DIRECTION ( 'NONE',  ( 0.7071067811865470176, 0.7071067811865480168, -1.731912100307729847E-16 ) ) ;
#501 = CARTESIAN_POINT ( 'NONE',  ( 132.9529035520108380, -139.8082010603689866, 69.92757152764757222 ) ) ;
#502 = ORIENTED_EDGE ( 'NONE', *, *, #11082, .T. ) ;
#503 = CARTESIAN_POINT ( 'NONE',  ( 160.2171133453899756, -140.4297640215119998, 96.26432591814179318 ) ) ;
#504 = EDGE_CURVE ( 'NONE', #975, #5255, #10749, .T. ) ;
#505 = ORIENTED_EDGE ( 'NONE', *, *, #520, .T. ) ;
#506 = VECTOR ( 'NONE', #4993, 1000.000000000000000 ) ;
#507 = ORIENTED_EDGE ( 'NONE', *, *, #4889, .T. ) ;
#508 = ORIENTED_EDGE ( 'NONE', *, *, #8308, .F. ) ;
#509 = DIRECTION ( 'NONE',  ( 2.602085213964869829E-17, 1.000000000000000000, -1.526556658859589750E-16 ) ) ;
#510 = CARTESIAN_POINT ( 'NONE',  ( 162.2171133453900040, -119.4297640746489861, 81.50005035146720900 ) ) ;
#511 = VERTEX_POINT ( 'NONE', #6151 ) ;
#512 = CARTESIAN_POINT ( 'NONE',  ( 120.4171133453900069, -114.6297640215114058, 51.25000000000000000 ) ) ;
#513 = ORIENTED_EDGE ( 'NONE', *, *, #9376, .F. ) ;
#514 = ORIENTED_EDGE ( 'NONE', *, *, #10857, .T. ) ;
#515 = CARTESIAN_POINT ( 'NONE',  ( 132.8583091431789853, -139.4891249362130168, 70.03550555044358816 ) ) ;
#516 = CARTESIAN_POINT ( 'NONE',  ( 135.2171133453900040, -140.4297640215119998, 96.26432591814179318 ) ) ;
#517 = EDGE_LOOP ( 'NONE', ( #5481, #1346, #10421, #629, #3270, #6010, #11462 ) ) ;
#518 = CYLINDRICAL_SURFACE ( 'NONE', #9435, 0.9999999999999964473 ) ;
#519 = EDGE_CURVE ( 'NONE', #10437, #5358, #613, .T. ) ;
#520 = EDGE_CURVE ( 'NONE', #835, #7751, #2718, .T. ) ;
#521 = ORIENTED_EDGE ( 'NONE', *, *, #198, .F. ) ;
#522 = ORIENTED_EDGE ( 'NONE', *, *, #785, .F. ) ;
#523 = VECTOR ( 'NONE', #3685, 1000.000000000000000 ) ;
#524 = VERTEX_POINT ( 'NONE', #8148 ) ;
#525 = FACE_OUTER_BOUND ( 'NONE', #1796, .T. ) ;
#526 = CARTESIAN_POINT ( 'NONE',  ( 163.2171133453900040, -119.4297640746489861, 98.70216526821819514 ) ) ;
#527 = LINE ( 'NONE', #7934, #2763 ) ;
#528 = ORIENTED_EDGE ( 'NONE', *, *, #736, .T. ) ;
#529 = CARTESIAN_POINT ( 'NONE',  ( 143.4008046154339695, -141.4297640215119998, 110.3643259181410059 ) ) ;
#530 = VERTEX_POINT ( 'NONE', #8202 ) ;
#531 = DIRECTION ( 'NONE',  ( 0.7071067811865475727, 0.000000000000000000, -0.7071067811865475727 ) ) ;
#532 = CARTESIAN_POINT ( 'NONE',  ( 135.6669467343540134, -153.4297640746490003, 71.34999974667979927 ) ) ;
#533 = PRESENTATION_LAYER_ASSIGNMENT (  '', '', ( #5963 ) ) ;
#534 = B_SPLINE_CURVE_WITH_KNOTS ( 'NONE', 3,
 ( #4622, #8386, #11169, #923, #11058, #11110, #2816, #2758, #8267, #6515 ),
 .UNSPECIFIED., .F., .F.,
 ( 4, 2, 2, 2, 4 ),
 ( 0.000000000000000000, 0.2500000000000000000, 0.5000000000000000000, 0.7500000000000000000, 1.000000000000000000 ),
 .UNSPECIFIED. ) ;
#535 = EDGE_CURVE ( 'NONE', #10775, #10883, #566, .T. ) ;
#536 = ORIENTED_EDGE ( 'NONE', *, *, #5525, .F. ) ;
#537 = FACE_OUTER_BOUND ( 'NONE', #5015, .T. ) ;
#538 = VERTEX_POINT ( 'NONE', #9958 ) ;
#539 = VECTOR ( 'NONE', #10535, 1000.000000000000000 ) ;
#540 = AXIS2_PLACEMENT_3D ( 'NONE', #4726, #9336, #3769 ) ;
#541 = CARTESIAN_POINT ( 'NONE',  ( 125.2801567501100095, -154.4297640215114882, 63.68695659527989505 ) ) ;
#542 = CARTESIAN_POINT ( 'NONE',  ( 130.2171133453898619, -148.4297638197814422, 56.00640280175947083 ) ) ;
#543 = DIRECTION ( 'NONE',  ( 3.683226109728400325E-15, 1.000000000000000000, -1.526556644979159836E-16 ) ) ;
#544 = CARTESIAN_POINT ( 'NONE',  ( 135.2171131927750309, -154.4297640746490003, 103.7997837512839965 ) ) ;
#545 = DIRECTION ( 'NONE',  ( -0.5951893636155779488, 8.416332170449763954E-15, -0.8035854786137459627 ) ) ;
#546 = DIRECTION ( 'NONE',  ( 3.683226109728400325E-15, 1.000000000000000000, -1.526556644979159836E-16 ) ) ;
#547 = AXIS2_PLACEMENT_3D ( 'NONE', #4875, #8585, #9360 ) ;
#548 = AXIS2_PLACEMENT_3D ( 'NONE', #7288, #8185, #5269 ) ;
#549 = FACE_OUTER_BOUND ( 'NONE', #10663, .T. ) ;
#550 = EDGE_LOOP ( 'NONE', ( #7251, #6899, #11262, #9510, #11625, #5967, #3643 ) ) ;
#551 = CARTESIAN_POINT ( 'NONE',  ( 162.9242201265764720, -153.1368708558354967, 98.70110411163470587 ) ) ;
#552 = B_SPLINE_CURVE_WITH_KNOTS ( 'NONE', 3,
 ( #10014, #10133, #668, #8259 ),
 .UNSPECIFIED., .F., .F.,
 ( 4, 4 ),
 ( 0.000000000000000000, 0.05812481868912310057 ),
 .UNSPECIFIED. ) ;
#553 = VERTEX_POINT ( 'NONE', #1661 ) ;
#554 = AXIS2_PLACEMENT_3D ( 'NONE', #10692, #3129, #8642 ) ;
#555 = CARTESIAN_POINT ( 'NONE',  ( 132.3771133453899722, -140.4797640480800283, 66.55091634279260404 ) ) ;
#556 = LINE ( 'NONE', #3242, #8323 ) ;
#557 = EDGE_CURVE ( 'NONE', #3866, #3375, #6792, .T. ) ;
#558 = DIRECTION ( 'NONE',  ( 2.602085213964869829E-17, 1.000000000000000000, -1.526556658859589750E-16 ) ) ;
#559 = CARTESIAN_POINT ( 'NONE',  ( 135.1768364872669963, -140.9297640215120282, 112.2643259181420063 ) ) ;
#560 = PLANE ( 'NONE',  #10389 ) ;
#561 = EDGE_CURVE ( 'NONE', #11566, #5508, #8919, .T. ) ;
#562 = CARTESIAN_POINT ( 'NONE',  ( 132.9483157182782804, -139.8219451290341340, 69.92493054483097126 ) ) ;
#563 = ORIENTED_EDGE ( 'NONE', *, *, #6664, .T. ) ;
#564 = CARTESIAN_POINT ( 'NONE',  ( 134.2171133453900040, -138.0155505122760076, 68.99999991151649681 ) ) ;
#565 = ORIENTED_EDGE ( 'NONE', *, *, #10153, .T. ) ;
#566 = CIRCLE ( 'NONE', #4260, 1.000000000000000888 ) ;
#567 = CIRCLE ( 'NONE', #11040, 1.500000000000001332 ) ;
#568 = EDGE_LOOP ( 'NONE', ( #7257, #9590, #10842, #7631 ) ) ;
#569 = LINE ( 'NONE', #3254, #3574 ) ;
#570 = CARTESIAN_POINT ( 'NONE',  ( 168.6298797530100160, -119.4297640215114313, 59.70000000000000284 ) ) ;
#571 = CARTESIAN_POINT ( 'NONE',  ( 132.9483522433253313, -153.4297640746489151, 98.59250108661967715 ) ) ;
#572 = ORIENTED_EDGE ( 'NONE', *, *, #1307, .T. ) ;
#573 = CARTESIAN_POINT ( 'NONE',  ( 163.0167801804629164, -141.2294309097217422, 67.99999991151629786 ) ) ;
#574 = EDGE_LOOP ( 'NONE', ( #6508, #3370, #8958, #1870 ) ) ;
#575 = ADVANCED_FACE ( 'NONE', ( #123 ), #10199, .T. ) ;
#576 = CIRCLE ( 'NONE', #771, 2.500000000000002220 ) ;
#577 = CARTESIAN_POINT ( 'NONE',  ( 132.7968125158670034, -140.2809473668339990, 69.86841549703709120 ) ) ;
#578 = CARTESIAN_POINT ( 'NONE',  ( 162.8236018428179932, -117.8297640215111954, 60.27765112427590566 ) ) ;
#579 = ORIENTED_EDGE ( 'NONE', *, *, #1934, .F. ) ;
#580 = CARTESIAN_POINT ( 'NONE',  ( 175.2171133453905156, -134.4379126611370054, 62.75000000000000000 ) ) ;
#581 = ORIENTED_EDGE ( 'NONE', *, *, #7113, .F. ) ;
#582 = ORIENTED_EDGE ( 'NONE', *, *, #1656, .F. ) ;
#583 = ORIENTED_EDGE ( 'NONE', *, *, #4203, .F. ) ;
#584 = LINE ( 'NONE', #6299, #1633 ) ;
#585 = CARTESIAN_POINT ( 'NONE',  ( 134.9641834587088738, -141.3117479757981982, 106.3643171583372435 ) ) ;
#586 = DIRECTION ( 'NONE',  ( -4.692345787041510278E-15, -1.000000000000000000, -6.998008323019100649E-15 ) ) ;
#587 = ORIENTED_EDGE ( 'NONE', *, *, #10750, .T. ) ;
#588 = ADVANCED_FACE ( 'NONE', ( #2988 ), #1162, .F. ) ;
#589 = ADVANCED_FACE ( 'NONE', ( #10140 ), #6019, .F. ) ;
#590 = DIRECTION ( 'NONE',  ( -1.000000000000000000, 0.000000000000000000, 0.000000000000000000 ) ) ;
#591 = CARTESIAN_POINT ( 'NONE',  ( 132.5100065642033940, -153.1368708558354967, 67.14091634279270693 ) ) ;
#592 = VERTEX_POINT ( 'NONE', #9711 ) ;
#593 = LINE ( 'NONE', #7878, #1477 ) ;
#594 = DIRECTION ( 'NONE',  ( -1.000000000000000000, 2.602085213965009729E-17, 8.810118433399840573E-15 ) ) ;
#595 = ORIENTED_EDGE ( 'NONE', *, *, #4670, .T. ) ;
#596 = CARTESIAN_POINT ( 'NONE',  ( 172.6435370580510096, -149.2489160658134324, 58.25000000000000000 ) ) ;
#597 = ORIENTED_EDGE ( 'NONE', *, *, #1978, .T. ) ;
#598 = DIRECTION ( 'NONE',  ( 1.000000000000000000, 0.000000000000000000, 0.000000000000000000 ) ) ;
#599 = EDGE_CURVE ( 'NONE', #7030, #1058, #4576, .T. ) ;
#600 = CARTESIAN_POINT ( 'NONE',  ( 134.1000900540589384, -140.4297640215119714, 105.5245849497669894 ) ) ;
#601 = CARTESIAN_POINT ( 'NONE',  ( 165.2171133453904872, -134.8245525410657990, 57.98985306244379956 ) ) ;
#602 = AXIS2_PLACEMENT_3D ( 'NONE', #1080, #9388, #2001 ) ;
#603 = CARTESIAN_POINT ( 'NONE',  ( 126.8043469377704042, -119.4297640215114313, 59.70000000000000284 ) ) ;
#604 = DIRECTION ( 'NONE',  ( 0.000000000000000000, -1.000000000000000000, 1.074295325692379890E-17 ) ) ;
#605 = LINE ( 'NONE', #728, #11949 ) ;
#606 = CARTESIAN_POINT ( 'NONE',  ( 122.4465437709187938, -148.7574248392402012, 58.25000000000000000 ) ) ;
#607 = EDGE_LOOP ( 'NONE', ( #8940, #6925, #5325, #11674 ) ) ;
#608 = CIRCLE ( 'NONE', #10108, 1.000000000000000888 ) ;
#609 = LINE ( 'NONE', #2519, #9374 ) ;
#610 = EDGE_CURVE ( 'NONE', #10077, #3903, #2202, .T. ) ;
#611 = ORIENTED_EDGE ( 'NONE', *, *, #11913, .F. ) ;
#612 = LINE ( 'NONE', #8083, #4172 ) ;
#613 = LINE ( 'NONE', #8993, #7935 ) ;
#614 = DIRECTION ( 'NONE',  ( 2.602085213964869829E-17, 1.000000000000000000, -1.526556658859589750E-16 ) ) ;
#615 = FACE_OUTER_BOUND ( 'NONE', #3249, .T. ) ;
#616 = VECTOR ( 'NONE', #1372, 1000.000000000000000 ) ;
#617 = CARTESIAN_POINT ( 'NONE',  ( 174.2350391999289911, -150.4118381109059897, 108.8158570098819951 ) ) ;
#618 = FACE_OUTER_BOUND ( 'NONE', #9311, .T. ) ;
#619 = ORIENTED_EDGE ( 'NONE', *, *, #999, .F. ) ;
#620 = DIRECTION ( 'NONE',  ( -4.664896225277170639E-15, 1.000000000000000000, 6.633052400461320667E-15 ) ) ;
#621 = EDGE_LOOP ( 'NONE', ( #8532, #9212, #2232, #8735 ) ) ;
#622 = DIRECTION ( 'NONE',  ( -1.000000000000000000, 2.602085252845509650E-17, 2.546952314209129982E-09 ) ) ;
#623 = EDGE_CURVE ( 'NONE', #5952, #6477, #2730, .T. ) ;
#624 = ORIENTED_EDGE ( 'NONE', *, *, #3068, .T. ) ;
#625 = ORIENTED_EDGE ( 'NONE', *, *, #341, .T. ) ;
#626 = AXIS2_PLACEMENT_3D ( 'NONE', #12000, #2857, #1707 ) ;
#627 = CARTESIAN_POINT ( 'NONE',  ( 139.1231655244480123, -153.4297640215119714, 99.69100161576849928 ) ) ;
#628 = FACE_OUTER_BOUND ( 'NONE', #4265, .T. ) ;
#629 = ORIENTED_EDGE ( 'NONE', *, *, #7347, .F. ) ;
#630 = EDGE_CURVE ( 'NONE', #10879, #3049, #576, .T. ) ;
#631 = CARTESIAN_POINT ( 'NONE',  ( 163.2171133453900040, -119.4297640746489861, 80.50005035713229518 ) ) ;
#632 = CARTESIAN_POINT ( 'NONE',  ( 139.0566595688557925, -145.0369438688379660, 111.1430889315275437 ) ) ;
#633 = DIRECTION ( 'NONE',  ( -1.644402159549924989E-16, 1.000000000000000000, -1.650370645943659984E-16 ) ) ;
#634 = LINE ( 'NONE', #11738, #305 ) ;
#635 = FACE_OUTER_BOUND ( 'NONE', #1119, .T. ) ;
#636 = VERTEX_POINT ( 'NONE', #7715 ) ;
#637 = FACE_OUTER_BOUND ( 'NONE', #9077, .T. ) ;
#638 = VECTOR ( 'NONE', #11812, 1000.000000000000000 ) ;
#639 = ORIENTED_EDGE ( 'NONE', *, *, #6352, .T. ) ;
#640 = EDGE_CURVE ( 'NONE', #11076, #168, #3052, .T. ) ;
#641 = VERTEX_POINT ( 'NONE', #4133 ) ;
#642 = ORIENTED_EDGE ( 'NONE', *, *, #10301, .F. ) ;
#643 = DIRECTION ( 'NONE',  ( 8.821935677471621045E-15, 5.048319222053880719E-16, 1.000000000000000000 ) ) ;
#644 = CARTESIAN_POINT ( 'NONE',  ( 124.4200899100262774, -148.1079977088891440, 54.22421091142751948 ) ) ;
#645 = ADVANCED_FACE ( 'NONE', ( #3116 ), #1327, .T. ) ;
#646 = ADVANCED_FACE ( 'NONE', ( #9530 ), #1406, .T. ) ;
#647 = ORIENTED_EDGE ( 'NONE', *, *, #11578, .T. ) ;
#648 = VECTOR ( 'NONE', #4299, 1000.000000000000000 ) ;
#649 = LINE ( 'NONE', #2733, #2806 ) ;
#650 = VERTEX_POINT ( 'NONE', #6811 ) ;
#651 = DIRECTION ( 'NONE',  ( 4.347672017730144212E-17, 1.049620874995413908E-16, 1.000000000000000000 ) ) ;
#652 = DIRECTION ( 'NONE',  ( 0.000000000000000000, 1.000000000000000000, 0.000000000000000000 ) ) ;
#653 = ORIENTED_EDGE ( 'NONE', *, *, #973, .F. ) ;
#654 = AXIS2_PLACEMENT_3D ( 'NONE', #9113, #7417, #1895 ) ;
#655 = CARTESIAN_POINT ( 'NONE',  ( 120.2171133453899756, -149.4710642623187482, 63.49177647660724233 ) ) ;
#656 = EDGE_CURVE ( 'NONE', #10976, #6893, #1328, .T. ) ;
#657 = CIRCLE ( 'NONE', #7449, 3.500000000000003109 ) ;
#658 = EDGE_CURVE ( 'NONE', #1749, #9119, #1586, .T. ) ;
#659 = EDGE_LOOP ( 'NONE', ( #11139, #308, #5657, #9468 ) ) ;
#660 = DIRECTION ( 'NONE',  ( -0.4397326120323102883, -0.1821432117215494584, -0.8794652240646020358 ) ) ;
#661 = DIRECTION ( 'NONE',  ( 4.670887341908827383E-14, -0.08715574274765774954, -0.9961946980917455452 ) ) ;
#662 = CARTESIAN_POINT ( 'NONE',  ( 134.4078804521604411, -140.5448116748966072, 105.8302447691645227 ) ) ;
#663 = AXIS2_PLACEMENT_3D ( 'NONE', #2494, #2254, #8732 ) ;
#664 = CARTESIAN_POINT ( 'NONE',  ( 132.5100065642030529, -141.1368708558350704, 69.12545468177334840 ) ) ;
#665 = AXIS2_PLACEMENT_3D ( 'NONE', #10591, #2297, #5987 ) ;
#666 = DIRECTION ( 'NONE',  ( -1.000000000000000000, 0.000000000000000000, 1.654362013966960203E-24 ) ) ;
#667 = B_SPLINE_CURVE_WITH_KNOTS ( 'NONE', 2,
 ( #11793, #3376, #7075 ),
 .UNSPECIFIED., .F., .F.,
 ( 3, 3 ),
 ( -0.2160479540393179798, -0.1523858476231780001 ),
 .UNSPECIFIED. ) ;
#668 = CARTESIAN_POINT ( 'NONE',  ( 133.1321153823363943, -114.5631256603330002, 54.47752021049729620 ) ) ;
#669 = ADVANCED_FACE ( 'NONE', ( #2564 ), #11766, .T. ) ;
#670 = EDGE_CURVE ( 'NONE', #10474, #11236, #5275, .T. ) ;
#671 = EDGE_LOOP ( 'NONE', ( #5310, #3799, #3865, #10196 ) ) ;
#672 = CIRCLE ( 'NONE', #10558, 2.500000000000002220 ) ;
#673 = AXIS2_PLACEMENT_3D ( 'NONE', #10156, #3676, #2652 ) ;
#674 = DIRECTION ( 'NONE',  ( 0.7071067804202438856, 0.000000000000000000, -0.7071067819528512599 ) ) ;
#675 = CARTESIAN_POINT ( 'NONE',  ( 132.5100065642033940, -153.1368708558354967, 98.59091295356078888 ) ) ;
#676 = VERTEX_POINT ( 'NONE', #9827 ) ;
#677 = CARTESIAN_POINT ( 'NONE',  ( 161.2171133453899756, -119.4297640746489861, 80.50005035146730847 ) ) ;
#678 = DIRECTION ( 'NONE',  ( -3.386353399394419756E-16, 1.000000000000000000, 6.503570184326940775E-15 ) ) ;
#679 = CARTESIAN_POINT ( 'NONE',  ( 168.6298797530100160, -119.4297640215114029, 55.80000000000000426 ) ) ;
#680 = AXIS2_PLACEMENT_3D ( 'NONE', #9891, #5218, #666 ) ;
#681 = CARTESIAN_POINT ( 'NONE',  ( 158.5171131927750139, -148.2297640746490117, 105.4997837512840135 ) ) ;
#682 = CARTESIAN_POINT ( 'NONE',  ( 132.2171133453897482, -141.8439776370221921, 66.82842703626269554 ) ) ;
#683 = DIRECTION ( 'NONE',  ( -1.000000000000000000, -1.214306505109929978E-16, 1.654360732067990138E-24 ) ) ;
#684 = ORIENTED_EDGE ( 'NONE', *, *, #1490, .F. ) ;
#685 = DIRECTION ( 'NONE',  ( 2.602085213964869829E-17, 1.000000000000000000, -1.526556658859589750E-16 ) ) ;
#686 = EDGE_CURVE ( 'NONE', #7723, #3741, #6285, .T. ) ;
#687 = ORIENTED_EDGE ( 'NONE', *, *, #1988, .T. ) ;
#688 = ORIENTED_EDGE ( 'NONE', *, *, #3861, .T. ) ;
#689 = VECTOR ( 'NONE', #7038, 1000.000000000000000 ) ;
#690 = CARTESIAN_POINT ( 'NONE',  ( 165.2171133453904872, -148.4297640215245906, 62.25000000000000000 ) ) ;
#691 = CARTESIAN_POINT ( 'NONE',  ( 133.0664558081502094, -138.4595744938966106, 53.47602185630480420 ) ) ;
#692 = CARTESIAN_POINT ( 'NONE',  ( 131.5100065759849883, -119.4297640746489861, 71.70710662566709459 ) ) ;
#693 = VERTEX_POINT ( 'NONE', #8863 ) ;
#694 = CARTESIAN_POINT ( 'NONE',  ( 138.1533009852339831, -144.2396081582930094, 106.3643255456750012 ) ) ;
#695 = CARTESIAN_POINT ( 'NONE',  ( 132.9140515546889958, -154.4297642689120096, 112.6643264129419890 ) ) ;
#696 = CARTESIAN_POINT ( 'NONE',  ( 175.2171132998439873, -140.4297640215119998, 103.7500000343809887 ) ) ;
#697 = CARTESIAN_POINT ( 'NONE',  ( 163.2171133453899188, -141.8439776370219931, 66.82842703626245395 ) ) ;
#698 = FACE_OUTER_BOUND ( 'NONE', #5875, .T. ) ;
#699 = VERTEX_POINT ( 'NONE', #789 ) ;
#700 = CIRCLE ( 'NONE', #7488, 2.450000000000195133 ) ;
#701 = DIRECTION ( 'NONE',  ( -0.7071067811865336949, -0.7071067811865614505, 1.387778780781423430E-14 ) ) ;
#702 = ORIENTED_EDGE ( 'NONE', *, *, #8899, .F. ) ;
#703 = ORIENTED_EDGE ( 'NONE', *, *, #2006, .F. ) ;
#704 = CARTESIAN_POINT ( 'NONE',  ( 163.2171133453904872, -123.4297640215111898, 61.45398638250009782 ) ) ;
#705 = ORIENTED_EDGE ( 'NONE', *, *, #11161, .T. ) ;
#706 = LINE ( 'NONE', #4413, #648 ) ;
#707 = CARTESIAN_POINT ( 'NONE',  ( 135.2171133453900040, -146.9297640480800169, 98.60072084258079883 ) ) ;
#708 = CARTESIAN_POINT ( 'NONE',  ( 130.2171133453899756, -134.8245525410659980, 62.25000000000000000 ) ) ;
#709 = VERTEX_POINT ( 'NONE', #601 ) ;
#710 = DIRECTION ( 'NONE',  ( -0.7071067811865405783, 0.000000000000000000, -0.7071067811865544561 ) ) ;
#711 = ADVANCED_FACE ( 'NONE', ( #8980 ), #10800, .F. ) ;
#712 = ORIENTED_EDGE ( 'NONE', *, *, #32, .T. ) ;
#713 = DIRECTION ( 'NONE',  ( -1.000000000000000000, 0.000000000000000000, 0.000000000000000000 ) ) ;
#714 = CARTESIAN_POINT ( 'NONE',  ( 162.9242201265759888, -141.1368708558350136, 68.81249981955798489 ) ) ;
#715 = ADVANCED_FACE ( 'NONE', ( #7295 ), #7111, .F. ) ;
#716 = VERTEX_POINT ( 'NONE', #11828 ) ;
#717 = EDGE_CURVE ( 'NONE', #839, #384, #180, .T. ) ;
#718 = VECTOR ( 'NONE', #8346, 1000.000000000000000 ) ;
#719 = CARTESIAN_POINT ( 'NONE',  ( 162.9240113076430134, -139.0155507307715936, 66.70690307604189684 ) ) ;
#720 = ORIENTED_EDGE ( 'NONE', *, *, #7545, .T. ) ;
#721 = DIRECTION ( 'NONE',  ( 0.000000000000000000, 6.709576272139210460E-15, -1.000000000000000000 ) ) ;
#722 = CARTESIAN_POINT ( 'NONE',  ( 132.8993799479906670, -139.9687577092312267, 67.10373673179715581 ) ) ;
#723 = VECTOR ( 'NONE', #620, 1000.000000000000000 ) ;
#724 = CARTESIAN_POINT ( 'NONE',  ( 134.7906810807259319, -120.8562257708930048, 61.50132708354541933 ) ) ;
#725 = CARTESIAN_POINT ( 'NONE',  ( 160.2171131927750025, -148.0297640746490231, 103.7997837512839965 ) ) ;
#726 = EDGE_CURVE ( 'NONE', #2835, #7211, #1466, .T. ) ;
#727 = CARTESIAN_POINT ( 'NONE',  ( 163.2171133453900040, -152.7297640746490117, 59.35000000000000142 ) ) ;
#728 = CARTESIAN_POINT ( 'NONE',  ( 122.2171131963781932, -148.4297640215245906, 62.75000000000000000 ) ) ;
#729 = CYLINDRICAL_SURFACE ( 'NONE', #7903, 0.9999999999999964473 ) ;
#730 = VECTOR ( 'NONE', #8794, 1000.000000000000114 ) ;
#731 = ORIENTED_EDGE ( 'NONE', *, *, #11312, .F. ) ;
#732 = CARTESIAN_POINT ( 'NONE',  ( 161.6669467408600269, -154.0297640746490231, 83.34999974667989875 ) ) ;
#733 = ORIENTED_EDGE ( 'NONE', *, *, #9759, .F. ) ;
#734 = DIRECTION ( 'NONE',  ( 0.7071067811865520136, 3.390633300880749659E-24, 0.7071067811865431318 ) ) ;
#735 = FACE_OUTER_BOUND ( 'NONE', #11538, .T. ) ;
#736 = EDGE_CURVE ( 'NONE', #5530, #776, #1159, .T. ) ;
#737 = EDGE_CURVE ( 'NONE', #8887, #6421, #1790, .T. ) ;
#738 = VECTOR ( 'NONE', #1180, 1000.000000000000000 ) ;
#739 = LINE ( 'NONE', #6839, #2043 ) ;
#740 = CIRCLE ( 'NONE', #9460, 1.949999999999993516 ) ;
#741 = EDGE_LOOP ( 'NONE', ( #6417, #11295, #10205, #2406 ) ) ;
#742 = CARTESIAN_POINT ( 'NONE',  ( 162.5759154134989899, -139.4891223747929985, 70.03550506716560164 ) ) ;
#743 = DIRECTION ( 'NONE',  ( -3.973480495251319981E-15, -1.000000000000000000, 0.000000000000000000 ) ) ;
#744 = CARTESIAN_POINT ( 'NONE',  ( 132.6072817688421992, -114.8297640215114086, 57.67765335951249739 ) ) ;
#745 = ORIENTED_EDGE ( 'NONE', *, *, #4217, .F. ) ;
#746 = VECTOR ( 'NONE', #9963, 1000.000000000000000 ) ;
#747 = CARTESIAN_POINT ( 'NONE',  ( 160.1768364872659731, -153.2079386145640854, 112.2644502228039869 ) ) ;
#748 = VERTEX_POINT ( 'NONE', #10862 ) ;
#749 = ORIENTED_EDGE ( 'NONE', *, *, #11507, .T. ) ;
#750 = AXIS2_PLACEMENT_3D ( 'NONE', #10833, #9131, #11737 ) ;
#751 = PLANE ( 'NONE',  #3385 ) ;
#752 = LINE ( 'NONE', #812, #4127 ) ;
#753 = ORIENTED_EDGE ( 'NONE', *, *, #10262, .F. ) ;
#754 = CARTESIAN_POINT ( 'NONE',  ( 138.3469708054020089, -144.2945121572570031, 107.6775885006679943 ) ) ;
#755 = CARTESIAN_POINT ( 'NONE',  ( 135.2171133453900040, -119.4459165395000042, 99.26432591814190687 ) ) ;
#756 = B_SPLINE_CURVE_WITH_KNOTS ( 'NONE', 3,
 ( #2282, #2344, #3308, #7004, #11605, #5111 ),
 .UNSPECIFIED., .F., .F.,
 ( 4, 2, 4 ),
 ( 0.000000000000000000, 0.5000000000000000000, 1.000000000000000000 ),
 .UNSPECIFIED. ) ;
#757 = EDGE_CURVE ( 'NONE', #5061, #6459, #6382, .T. ) ;
#758 = LINE ( 'NONE', #4465, #4806 ) ;
#759 = CARTESIAN_POINT ( 'NONE',  ( 160.5100065642035077, -138.9297640746490288, 69.70710669270289372 ) ) ;
#760 = AXIS2_PLACEMENT_3D ( 'NONE', #859, #10994, #10934 ) ;
#761 = CARTESIAN_POINT ( 'NONE',  ( 123.0210531936764085, -139.8632881047062710, 55.63033466282664818 ) ) ;
#762 = VECTOR ( 'NONE', #9116, 1000.000000000000000 ) ;
#763 = ORIENTED_EDGE ( 'NONE', *, *, #6653, .T. ) ;
#764 = DIRECTION ( 'NONE',  ( -2.602085213964869829E-17, -1.000000000000000000, 1.526556658859589750E-16 ) ) ;
#765 = ORIENTED_EDGE ( 'NONE', *, *, #2530, .T. ) ;
#766 = ORIENTED_EDGE ( 'NONE', *, *, #10508, .T. ) ;
#767 = ORIENTED_EDGE ( 'NONE', *, *, #5942, .T. ) ;
#768 = DIRECTION ( 'NONE',  ( 3.480590576041360211E-15, 1.000000000000000000, 0.000000000000000000 ) ) ;
#769 = CARTESIAN_POINT ( 'NONE',  ( 164.2171132435119887, -119.4297640746489861, 62.74999974667980496 ) ) ;
#770 = LINE ( 'NONE', #6424, #1982 ) ;
#771 = AXIS2_PLACEMENT_3D ( 'NONE', #9592, #5957, #5038 ) ;
#772 = ORIENTED_EDGE ( 'NONE', *, *, #4862, .T. ) ;
#773 = ORIENTED_EDGE ( 'NONE', *, *, #10370, .F. ) ;
#774 = EDGE_CURVE ( 'NONE', #11928, #4818, #9946, .T. ) ;
#775 = DIRECTION ( 'NONE',  ( -1.504056274950594933E-15, -1.000000000000000000, -1.504056274950594933E-15 ) ) ;
#776 = VERTEX_POINT ( 'NONE', #11649 ) ;
#777 = DIRECTION ( 'NONE',  ( -4.693170399087417723E-14, -0.08715574274765774954, -0.9961946980917455452 ) ) ;
#778 = DIRECTION ( 'NONE',  ( -1.214306495755059738E-16, 1.000000000000000000, 6.573933234426810631E-15 ) ) ;
#779 = EDGE_LOOP ( 'NONE', ( #5623, #6957, #6544, #10769 ) ) ;
#780 = LINE ( 'NONE', #6374, #4620 ) ;
#781 = ORIENTED_EDGE ( 'NONE', *, *, #7396, .F. ) ;
#782 = EDGE_CURVE ( 'NONE', #3503, #10809, #8009, .T. ) ;
#783 = LINE ( 'NONE', #2796, #11680 ) ;
#784 = DIRECTION ( 'NONE',  ( -0.8944271909999103043, 0.000000000000000000, 0.4472135954999690299 ) ) ;
#785 = EDGE_CURVE ( 'NONE', #9729, #1174, #11882, .T. ) ;
#786 = EDGE_CURVE ( 'NONE', #6331, #10260, #7182, .T. ) ;
#787 =( BOUNDED_CURVE ( )  B_SPLINE_CURVE ( 3, ( #7423, #8571, #2021, #6574 ),
 .UNSPECIFIED., .F., .F. ) 
 B_SPLINE_CURVE_WITH_KNOTS ( ( 4, 4 ),
 ( 2.409864256128290101E-15, 1.126157883263465997 ),
 .UNSPECIFIED. ) 
 CURVE ( )  GEOMETRIC_REPRESENTATION_ITEM ( )  RATIONAL_B_SPLINE_CURVE ( ( 1.000000000000000000, 0.8970770709083960570, 0.8970770709083960570, 1.000000000000000000 ) ) 
 REPRESENTATION_ITEM ( '' )  );
#788 = CARTESIAN_POINT ( 'NONE',  ( 134.7854785863160600, -120.8611740663524046, 61.51054984196284181 ) ) ;
#789 = CARTESIAN_POINT ( 'NONE',  ( 138.8084291191469788, -140.7239393235249736, 106.0727124621350157 ) ) ;
#790 = CARTESIAN_POINT ( 'NONE',  ( 175.2171133453905156, -154.4297640215109766, 62.24960223581889807 ) ) ;
#791 = DIRECTION ( 'NONE',  ( -2.428612984199854922E-16, 1.000000000000000000, 6.217248937900871104E-15 ) ) ;
#792 = CARTESIAN_POINT ( 'NONE',  ( 138.7174988776480120, -137.4493784418119731, 98.61340279257460395 ) ) ;
#793 = ADVANCED_FACE ( 'NONE', ( #10920 ), #5461, .T. ) ;
#794 = CARTESIAN_POINT ( 'NONE',  ( 158.5171131927750139, -148.4297640746490003, 105.4997837512840135 ) ) ;
#795 = ORIENTED_EDGE ( 'NONE', *, *, #5870, .F. ) ;
#796 = ADVANCED_FACE ( 'NONE', ( #8372 ), #3764, .F. ) ;
#797 = CYLINDRICAL_SURFACE ( 'NONE', #654, 1.450000000000006839 ) ;
#798 = DIRECTION ( 'NONE',  ( 9.037533742196988780E-17, -1.000000000000000000, 2.351201561838890030E-16 ) ) ;
#799 = PLANE ( 'NONE',  #3977 ) ;
#800 = ORIENTED_EDGE ( 'NONE', *, *, #38, .T. ) ;
#801 = CARTESIAN_POINT ( 'NONE',  ( 154.6834021859320103, -153.4297640215119714, 99.69100161576849928 ) ) ;
#802 = CARTESIAN_POINT ( 'NONE',  ( 131.6656350885872087, -114.4297640215114029, 50.66271862838299711 ) ) ;
#803 = DIRECTION ( 'NONE',  ( 0.000000000000000000, -1.000000000000000000, -6.573933234426810631E-15 ) ) ;
#804 = ORIENTED_EDGE ( 'NONE', *, *, #7419, .F. ) ;
#805 = CARTESIAN_POINT ( 'NONE',  ( 163.0167801804618648, -141.2294309097206906, 68.99999991151628365 ) ) ;
#806 = CIRCLE ( 'NONE', #3331, 0.9999999999999964473 ) ;
#807 = ORIENTED_EDGE ( 'NONE', *, *, #6507, .T. ) ;
#808 = EDGE_CURVE ( 'NONE', #1347, #7611, #847, .T. ) ;
#809 = ORIENTED_EDGE ( 'NONE', *, *, #3404, .T. ) ;
#810 = ADVANCED_FACE ( 'NONE', ( #11156 ), #1886, .T. ) ;
#811 = DIRECTION ( 'NONE',  ( -0.7071067811863189778, 0.000000000000000000, 0.7071067811867760566 ) ) ;
#812 = CARTESIAN_POINT ( 'NONE',  ( 164.2171133453900040, -153.4297640746490003, 102.7500000000329976 ) ) ;
#813 = ORIENTED_EDGE ( 'NONE', *, *, #2094, .T. ) ;
#814 = CARTESIAN_POINT ( 'NONE',  ( 137.6654927396820085, -144.1166558226969983, 109.0481090310950094 ) ) ;
#815 = FACE_OUTER_BOUND ( 'NONE', #5821, .T. ) ;
#816 = AXIS2_PLACEMENT_3D ( 'NONE', #10703, #6043, #7797 ) ;
#817 = DIRECTION ( 'NONE',  ( 0.9999934369450365068, 9.728657135985863113E-17, 0.003622991423292247926 ) ) ;
#818 = DIRECTION ( 'NONE',  ( 0.3281699088141229459, 6.249710229795319290E-15, -0.9446187119409238386 ) ) ;
#819 = LINE ( 'NONE', #3623, #1088 ) ;
#820 = DIRECTION ( 'NONE',  ( -7.166576360131349978E-17, 1.074295325692399920E-17, 1.000000000000000000 ) ) ;
#821 = VERTEX_POINT ( 'NONE', #10071 ) ;
#822 = CARTESIAN_POINT ( 'NONE',  ( 134.5521261191209987, -140.4297640215119998, 105.3643259181410059 ) ) ;
#823 = ORIENTED_EDGE ( 'NONE', *, *, #8194, .F. ) ;
#824 = VECTOR ( 'NONE', #10034, 1000.000000000000000 ) ;
#825 = VERTEX_POINT ( 'NONE', #2800 ) ;
#826 = EDGE_CURVE ( 'NONE', #871, #11522, #4267, .T. ) ;
#827 = CARTESIAN_POINT ( 'NONE',  ( 163.0571133453900075, -152.9723504732990307, 67.14091634279270693 ) ) ;
#828 = EDGE_LOOP ( 'NONE', ( #5381, #2935, #9586, #4120, #4469, #5364, #5197, #4307 ) ) ;
#829 = CARTESIAN_POINT ( 'NONE',  ( 160.5655371539734801, -120.9587752255456650, 59.20558156445598286 ) ) ;
#830 = DIRECTION ( 'NONE',  ( 0.000000000000000000, 1.000000000000000000, -1.526556658859589750E-16 ) ) ;
#831 = CARTESIAN_POINT ( 'NONE',  ( 173.2171134944015023, -140.4262129510822206, 57.08879711976310034 ) ) ;
#832 = ORIENTED_EDGE ( 'NONE', *, *, #447, .F. ) ;
#833 = ORIENTED_EDGE ( 'NONE', *, *, #4289, .T. ) ;
#834 = DIRECTION ( 'NONE',  ( 3.921649879656600324E-15, 1.000000000000000000, 4.344894404274005274E-15 ) ) ;
#835 = VERTEX_POINT ( 'NONE', #7467 ) ;
#836 = CIRCLE ( 'NONE', #6261, 1.000000000000003553 ) ;
#837 = DIRECTION ( 'NONE',  ( 0.8125199200687445167, -0.3365567705907691609, 0.4759631494779753558 ) ) ;
#838 = CARTESIAN_POINT ( 'NONE',  ( 132.7171321604621994, -140.5154940670578014, 67.29299979819460020 ) ) ;
#839 = VERTEX_POINT ( 'NONE', #2860 ) ;
#840 = CARTESIAN_POINT ( 'NONE',  ( 120.2171133453899898, -149.4193518720470024, 62.24960223581899044 ) ) ;
#841 = EDGE_CURVE ( 'NONE', #9816, #7273, #10249, .T. ) ;
#842 = VERTEX_POINT ( 'NONE', #6499 ) ;
#843 = CIRCLE ( 'NONE', #5097, 0.9999999063524251941 ) ;
#844 = DIRECTION ( 'NONE',  ( 4.422034925190670533E-15, 1.000000000000000000, 6.633052400461320667E-15 ) ) ;
#845 = DIRECTION ( 'NONE',  ( 0.9513277913954432119, 2.242830061171862923E-15, -0.3081808451521089176 ) ) ;
#846 = FACE_OUTER_BOUND ( 'NONE', #1987, .T. ) ;
#847 = LINE ( 'NONE', #4721, #2144 ) ;
#848 = CARTESIAN_POINT ( 'NONE',  ( 126.8043469377704042, -127.2079386145634459, 55.79999999999995453 ) ) ;
#849 = CIRCLE ( 'NONE', #1855, 14.00000000000001243 ) ;
#850 = ADVANCED_FACE ( 'NONE', ( #11947 ), #5637, .F. ) ;
#851 = VECTOR ( 'NONE', #9971, 1000.000000000000000 ) ;
#852 = CARTESIAN_POINT ( 'NONE',  ( 134.2171133453900040, -127.9297640746490146, 67.99999991151649681 ) ) ;
#853 =( BOUNDED_CURVE ( )  B_SPLINE_CURVE ( 3, ( #1450, #466, #6977, #2316 ),
 .UNSPECIFIED., .F., .T. ) 
 B_SPLINE_CURVE_WITH_KNOTS ( ( 4, 4 ),
 ( 0.5037827130766070471, 0.9332950502743110333 ),
 .UNSPECIFIED. ) 
 CURVE ( )  GEOMETRIC_REPRESENTATION_ITEM ( )  RATIONAL_B_SPLINE_CURVE ( ( 1.000000000000000000, 0.9846855906441760453, 0.9846855906441760453, 1.000000000000000000 ) ) 
 REPRESENTATION_ITEM ( '' )  );
#854 = CIRCLE ( 'NONE', #2416, 1.950000000000000400 ) ;
#855 = AXIS2_PLACEMENT_3D ( 'NONE', #2808, #12010, #5345 ) ;
#856 = CARTESIAN_POINT ( 'NONE',  ( 132.2171133453900040, -153.4297640746490003, 67.14091634279270693 ) ) ;
#857 = ORIENTED_EDGE ( 'NONE', *, *, #7975, .F. ) ;
#858 = CARTESIAN_POINT ( 'NONE',  ( 162.7170963449785006, -140.5154995110418099, 67.29300432955899680 ) ) ;
#859 = CARTESIAN_POINT ( 'NONE',  ( 133.2171133453900040, -136.4297640746490288, 65.99999991151649681 ) ) ;
#860 = FACE_OUTER_BOUND ( 'NONE', #8004, .T. ) ;
#861 = VERTEX_POINT ( 'NONE', #3650 ) ;
#862 = EDGE_CURVE ( 'NONE', #10699, #1533, #9333, .T. ) ;
#863 = FACE_OUTER_BOUND ( 'NONE', #3607, .T. ) ;
#864 = DIRECTION ( 'NONE',  ( -7.166576360129189239E-17, 1.526556658859589750E-16, 1.000000000000000000 ) ) ;
#865 = CARTESIAN_POINT ( 'NONE',  ( 174.2171133453904872, -124.4297640215111898, 62.75000000000000000 ) ) ;
#866 = ORIENTED_EDGE ( 'NONE', *, *, #10508, .F. ) ;
#867 = AXIS2_PLACEMENT_3D ( 'NONE', #10473, #8539, #8476 ) ;
#868 = LINE ( 'NONE', #7309, #9255 ) ;
#869 = VECTOR ( 'NONE', #7531, 1000.000000000000000 ) ;
#870 = EDGE_CURVE ( 'NONE', #6343, #4369, #1023, .T. ) ;
#871 = VERTEX_POINT ( 'NONE', #8431 ) ;
#872 = EDGE_CURVE ( 'NONE', #429, #3866, #5031, .T. ) ;
#873 = ORIENTED_EDGE ( 'NONE', *, *, #1153, .F. ) ;
#874 = CARTESIAN_POINT ( 'NONE',  ( 165.0921136425070017, -149.8297622312099975, 106.8749996573749996 ) ) ;
#875 = ORIENTED_EDGE ( 'NONE', *, *, #3101, .T. ) ;
#876 = VECTOR ( 'NONE', #2149, 1000.000000000000000 ) ;
#877 = CARTESIAN_POINT ( 'NONE',  ( 136.1709414424169893, -143.3651222717169844, 110.4189211691209920 ) ) ;
#878 = CARTESIAN_POINT ( 'NONE',  ( 160.2171133453899756, -141.1797640215119998, 100.6909950527140012 ) ) ;
#879 = AXIS2_PLACEMENT_3D ( 'NONE', #4024, #313, #11240 ) ;
#880 = CARTESIAN_POINT ( 'NONE',  ( 134.9242201265769836, -138.7226572934619639, 68.99999991151649681 ) ) ;
#881 = EDGE_CURVE ( 'NONE', #1789, #7328, #10131, .T. ) ;
#882 = EDGE_CURVE ( 'NONE', #10412, #7440, #9684, .T. ) ;
#883 = DIRECTION ( 'NONE',  ( -2.449293564549630096E-16, 1.110221023373339908E-16, -1.000000000000000000 ) ) ;
#884 = DIRECTION ( 'NONE',  ( 2.602085213964869829E-17, 1.000000000000000000, -1.526556658859589750E-16 ) ) ;
#885 = DIRECTION ( 'NONE',  ( 0.9513277913954432119, 2.242830061171862923E-15, -0.3081808451521089176 ) ) ;
#886 = ORIENTED_EDGE ( 'NONE', *, *, #3033, .F. ) ;
#887 = CARTESIAN_POINT ( 'NONE',  ( 162.3677708826299977, -142.0537471289034102, 53.47602185630480420 ) ) ;
#888 = VERTEX_POINT ( 'NONE', #2745 ) ;
#889 = CONICAL_SURFACE ( 'NONE', #1074, 1.950000000000007283, 0.7853981633974514986 ) ;
#890 = ORIENTED_EDGE ( 'NONE', *, *, #5470, .T. ) ;
#891 = EDGE_LOOP ( 'NONE', ( #4997, #10284, #6495, #4116 ) ) ;
#892 = CARTESIAN_POINT ( 'NONE',  ( 160.5815754332673748, -120.9790145214417549, 59.17238786025087904 ) ) ;
#893 = DIRECTION ( 'NONE',  ( -1.000000000000000000, -1.217253423415671858E-15, 0.000000000000000000 ) ) ;
#894 = CARTESIAN_POINT ( 'NONE',  ( 124.9196829844141376, -147.7581788721654448, 53.78243126740768076 ) ) ;
#895 = VERTEX_POINT ( 'NONE', #2921 ) ;
#896 = ORIENTED_EDGE ( 'NONE', *, *, #8375, .T. ) ;
#897 = CARTESIAN_POINT ( 'NONE',  ( 130.2171133453899756, -141.4297640215180252, 58.25000000000000000 ) ) ;
#898 = AXIS2_PLACEMENT_3D ( 'NONE', #1578, #651, #8063 ) ;
#899 = EDGE_CURVE ( 'NONE', #9866, #5654, #2916, .T. ) ;
#900 = ORIENTED_EDGE ( 'NONE', *, *, #11094, .F. ) ;
#901 = EDGE_CURVE ( 'NONE', #3362, #6966, #8260, .T. ) ;
#902 = DIRECTION ( 'NONE',  ( -0.7071067811865475727, -0.7071067811865475727, 2.517874784805353577E-14 ) ) ;
#903 = LINE ( 'NONE', #9268, #9451 ) ;
#904 = ORIENTED_EDGE ( 'NONE', *, *, #10608, .T. ) ;
#905 = FACE_OUTER_BOUND ( 'NONE', #8662, .T. ) ;
#906 = CIRCLE ( 'NONE', #6522, 1.000000000000000888 ) ;
#907 = ORIENTED_EDGE ( 'NONE', *, *, #3878, .F. ) ;
#908 = LINE ( 'NONE', #4601, #9546 ) ;
#909 = CARTESIAN_POINT ( 'NONE',  ( 135.2171133453900040, -140.9497639741020123, 98.60072084258079883 ) ) ;
#910 = CARTESIAN_POINT ( 'NONE',  ( 133.0050971308472469, -122.6421281858388994, 62.74664412491337373 ) ) ;
#911 = CARTESIAN_POINT ( 'NONE',  ( 162.4671133453900040, -153.4287171616819876, 66.55091634279270352 ) ) ;
#912 = AXIS2_PLACEMENT_3D ( 'NONE', #3176, #8807, #7891 ) ;
#913 = DIRECTION ( 'NONE',  ( -2.428612984199849992E-16, 1.000000000000000000, 7.105427357601000281E-15 ) ) ;
#914 = AXIS2_PLACEMENT_3D ( 'NONE', #259, #2894, #2039 ) ;
#915 = ORIENTED_EDGE ( 'NONE', *, *, #3621, .T. ) ;
#916 = PLANE ( 'NONE',  #8032 ) ;
#917 = ORIENTED_EDGE ( 'NONE', *, *, #11246, .F. ) ;
#918 = VERTEX_POINT ( 'NONE', #5695 ) ;
#919 = CARTESIAN_POINT ( 'NONE',  ( 132.5962603303372589, -140.8779152948707747, 67.50355603236565116 ) ) ;
#920 = EDGE_CURVE ( 'NONE', #5584, #3110, #7582, .T. ) ;
#921 = CARTESIAN_POINT ( 'NONE',  ( 162.2171133453900040, -152.4297640746490003, 67.14091634279270693 ) ) ;
#922 = ORIENTED_EDGE ( 'NONE', *, *, #5838, .F. ) ;
#923 = CARTESIAN_POINT ( 'NONE',  ( 135.7511730798276801, -142.6550185513584665, 106.3643259181409917 ) ) ;
#924 = FACE_OUTER_BOUND ( 'NONE', #11509, .T. ) ;
#925 = CARTESIAN_POINT ( 'NONE',  ( 160.2171131927750025, -148.2297640746490117, 103.7997837512839965 ) ) ;
#926 = ORIENTED_EDGE ( 'NONE', *, *, #1672, .F. ) ;
#927 = CIRCLE ( 'NONE', #2684, 1.500000000000001332 ) ;
#928 = CARTESIAN_POINT ( 'NONE',  ( 134.8866450682550067, -141.1010276133550292, 110.4199042040989980 ) ) ;
#929 = EDGE_LOOP ( 'NONE', ( #702, #4285, #4754, #10480, #8973 ) ) ;
#930 = EDGE_CURVE ( 'NONE', #1174, #6985, #4455, .T. ) ;
#931 = DIRECTION ( 'NONE',  ( 0.000000000000000000, -1.000000000000000000, 2.148562215093330474E-15 ) ) ;
#932 = VECTOR ( 'NONE', #11820, 1000.000000000000114 ) ;
#933 = ORIENTED_EDGE ( 'NONE', *, *, #285, .T. ) ;
#934 = AXIS2_PLACEMENT_3D ( 'NONE', #294, #8493, #4908 ) ;
#935 = FACE_OUTER_BOUND ( 'NONE', #2249, .T. ) ;
#936 = CARTESIAN_POINT ( 'NONE',  ( 139.0291652895566870, -144.9404959384009999, 111.0465059662130329 ) ) ;
#937 = DIRECTION ( 'NONE',  ( 0.000000000000000000, 6.573933234426810631E-15, -1.000000000000000000 ) ) ;
#938 = ADVANCED_FACE ( 'NONE', ( #2191 ), #406, .T. ) ;
#939 = AXIS2_PLACEMENT_3D ( 'NONE', #2390, #4082, #1470 ) ;
#940 = CARTESIAN_POINT ( 'NONE',  ( 165.2171133453903451, -134.8245525410658274, 56.00640280175954899 ) ) ;
#941 = DIRECTION ( 'NONE',  ( 5.075800897900750411E-15, -1.000000000000000000, -6.432020515982920536E-15 ) ) ;
#942 = CARTESIAN_POINT ( 'NONE',  ( 162.2171133453900040, -119.4297640746489861, 71.99999985651460577 ) ) ;
#943 = ORIENTED_EDGE ( 'NONE', *, *, #8225, .T. ) ;
#944 = CARTESIAN_POINT ( 'NONE',  ( 126.2171133453899898, -134.4297640215112040, 58.25000000000000000 ) ) ;
#945 = ORIENTED_EDGE ( 'NONE', *, *, #2275, .F. ) ;
#946 = VECTOR ( 'NONE', #5174, 1000.000000000000227 ) ;
#947 = VECTOR ( 'NONE', #8483, 1000.000000000000114 ) ;
#948 = ORIENTED_EDGE ( 'NONE', *, *, #8719, .F. ) ;
#949 = EDGE_LOOP ( 'NONE', ( #2192, #5757, #11888, #4335 ) ) ;
#950 = EDGE_CURVE ( 'NONE', #3726, #6623, #3103, .T. ) ;
#951 = CARTESIAN_POINT ( 'NONE',  ( 133.2171133453900040, -119.4297640746489861, 65.99999991151649681 ) ) ;
#952 = DIRECTION ( 'NONE',  ( -1.000000000000000000, 3.160768215787150073E-15, 8.821935677471621045E-15 ) ) ;
#953 = ORIENTED_EDGE ( 'NONE', *, *, #8172, .T. ) ;
#954 = DIRECTION ( 'NONE',  ( -2.145924504042549292E-07, -4.340136074836909266E-07, -0.9999999999998827604 ) ) ;
#955 = ORIENTED_EDGE ( 'NONE', *, *, #7028, .F. ) ;
#956 = VECTOR ( 'NONE', #4810, 1000.000000000000000 ) ;
#957 = CARTESIAN_POINT ( 'NONE',  ( 129.0373065367358834, -148.9439222131804286, 50.57637576545867120 ) ) ;
#958 = VERTEX_POINT ( 'NONE', #4904 ) ;
#959 = DIRECTION ( 'NONE',  ( 0.8191520442889946851, 0.5735764363510417185, 3.063276079361639030E-15 ) ) ;
#960 = LINE ( 'NONE', #8125, #932 ) ;
#961 = ORIENTED_EDGE ( 'NONE', *, *, #2376, .F. ) ;
#962 = CARTESIAN_POINT ( 'NONE',  ( 147.7171133226179904, -154.4297640746490003, 87.95716295907050153 ) ) ;
#963 = ORIENTED_EDGE ( 'NONE', *, *, #264, .F. ) ;
#964 = EDGE_CURVE ( 'NONE', #3951, #2307, #1147, .T. ) ;
#965 = ADVANCED_FACE ( 'NONE', ( #6799 ), #8616, .T. ) ;
#966 = DIRECTION ( 'NONE',  ( -0.7071067811865475727, -0.7071067811865475727, 1.387778780781450566E-14 ) ) ;
#967 = FACE_OUTER_BOUND ( 'NONE', #11458, .T. ) ;
#968 = LINE ( 'NONE', #7231, #5114 ) ;
#969 = DIRECTION ( 'NONE',  ( -7.166576360129189239E-17, 1.526556658859589750E-16, 1.000000000000000000 ) ) ;
#970 = LINE ( 'NONE', #790, #11922 ) ;
#971 = VECTOR ( 'NONE', #3161, 1000.000000000000000 ) ;
#972 = CARTESIAN_POINT ( 'NONE',  ( 130.2171132717400042, -148.4297639542180036, 57.98985306244370719 ) ) ;
#973 = EDGE_CURVE ( 'NONE', #2598, #4948, #11237, .T. ) ;
#974 = DIRECTION ( 'NONE',  ( -0.9238795325112872936, -0.3826834323650886160, 1.387778780781466186E-14 ) ) ;
#975 = VERTEX_POINT ( 'NONE', #5883 ) ;
#976 = CYLINDRICAL_SURFACE ( 'NONE', #460, 1.000000000000015987 ) ;
#977 = CARTESIAN_POINT ( 'NONE',  ( 134.2171133453900040, -119.4297640746489861, 66.99999991151649681 ) ) ;
#978 = DIRECTION ( 'NONE',  ( -0.7071067811865475727, -0.7071067811865475727, 1.667952063060038704E-14 ) ) ;
#979 = DIRECTION ( 'NONE',  ( 3.921649879656600324E-15, 1.000000000000000000, 4.344894404274005274E-15 ) ) ;
#980 = DIRECTION ( 'NONE',  ( 0.8125199200687445167, -0.3365567705907691609, 0.4759631494779753558 ) ) ;
#981 = ORIENTED_EDGE ( 'NONE', *, *, #9469, .F. ) ;
#982 = DIRECTION ( 'NONE',  ( -0.7071067811865709984, 0.000000000000000000, 0.7071067811865240360 ) ) ;
#983 = EDGE_LOOP ( 'NONE', ( #4985, #5561, #2404, #7086, #5445 ) ) ;
#984 = EDGE_CURVE ( 'NONE', #693, #10898, #5620, .T. ) ;
#985 = DIRECTION ( 'NONE',  ( -7.166576360129179378E-17, 2.148562215093330474E-15, 1.000000000000000000 ) ) ;
#986 = VERTEX_POINT ( 'NONE', #11454 ) ;
#987 = DIRECTION ( 'NONE',  ( 4.422034925190670533E-15, 1.000000000000000000, 6.633052400461320667E-15 ) ) ;
#988 = CARTESIAN_POINT ( 'NONE',  ( 134.0177602630949991, -140.4297640215119998, 111.2874547916322996 ) ) ;
#989 = CARTESIAN_POINT ( 'NONE',  ( 171.4736666987809883, -148.4297640215243916, 54.70752731740250852 ) ) ;
#990 = DIRECTION ( 'NONE',  ( -1.000000000000000000, 0.000000000000000000, 0.000000000000000000 ) ) ;
#991 = AXIS2_PLACEMENT_3D ( 'NONE', #4119, #7817, #11515 ) ;
#992 = CARTESIAN_POINT ( 'NONE',  ( 132.2171133453900040, -151.9297640215114882, 53.24960223581900465 ) ) ;
#993 = CARTESIAN_POINT ( 'NONE',  ( 135.1919857832270111, -145.4046399309108040, 52.05484601354490337 ) ) ;
#994 = EDGE_LOOP ( 'NONE', ( #565, #9677, #229, #6599, #6038, #5371, #11924, #6178 ) ) ;
#995 = EDGE_CURVE ( 'NONE', #4064, #7779, #10259, .T. ) ;
#996 = LINE ( 'NONE', #4694, #9825 ) ;
#997 = ORIENTED_EDGE ( 'NONE', *, *, #5092, .T. ) ;
#998 = ORIENTED_EDGE ( 'NONE', *, *, #365, .T. ) ;
#999 = EDGE_CURVE ( 'NONE', #4501, #205, #10610, .T. ) ;
#1000 = ORIENTED_EDGE ( 'NONE', *, *, #11769, .F. ) ;
#1001 = AXIS2_PLACEMENT_3D ( 'NONE', #8294, #11986, #7392 ) ;
#1002 = CARTESIAN_POINT ( 'NONE',  ( 160.4177527708246771, -120.7644174337259813, 59.59686188389612482 ) ) ;
#1003 = LINE ( 'NONE', #4944, #3358 ) ;
#1004 = DIRECTION ( 'NONE',  ( 3.795397004524730393E-10, -1.016886897623617344E-32, -1.000000000000000000 ) ) ;
#1005 = VERTEX_POINT ( 'NONE', #1336 ) ;
#1006 = CARTESIAN_POINT ( 'NONE',  ( 162.3677708826299977, -146.4785198376040114, 53.47602185630469762 ) ) ;
#1007 = VERTEX_POINT ( 'NONE', #5027 ) ;
#1008 = CARTESIAN_POINT ( 'NONE',  ( 120.7900476301858674, -149.2649045206491394, 58.48002888027760093 ) ) ;
#1009 = VERTEX_POINT ( 'NONE', #3222 ) ;
#1010 = CARTESIAN_POINT ( 'NONE',  ( 132.2171133453900040, -153.4297640746490003, 102.4571970973120045 ) ) ;
#1011 = FACE_OUTER_BOUND ( 'NONE', #11999, .T. ) ;
#1012 = EDGE_CURVE ( 'NONE', #10858, #2936, #6005, .T. ) ;
#1013 = DIRECTION ( 'NONE',  ( -2.449293572821440166E-16, 6.573933234426810631E-15, -1.000000000000000000 ) ) ;
#1014 = AXIS2_PLACEMENT_3D ( 'NONE', #8713, #3199, #10588 ) ;
#1015 = EDGE_LOOP ( 'NONE', ( #5801, #9329, #9761, #8091 ) ) ;
#1016 = EDGE_CURVE ( 'NONE', #3168, #8597, #467, .T. ) ;
#1017 = EDGE_CURVE ( 'NONE', #1749, #3143, #6747, .T. ) ;
#1018 = ORIENTED_EDGE ( 'NONE', *, *, #3820, .F. ) ;
#1019 = CARTESIAN_POINT ( 'NONE',  ( 129.9106248479624242, -114.6297640215114058, 59.71382556213799830 ) ) ;
#1020 = CARTESIAN_POINT ( 'NONE',  ( 125.2171133453899898, -154.4297640746490003, 95.85358149672940442 ) ) ;
#1021 = CIRCLE ( 'NONE', #3742, 1.700000000000007061 ) ;
#1022 = DIRECTION ( 'NONE',  ( 0.4397326120323201137, -0.1821432117215256719, 0.8794652240646018138 ) ) ;
#1023 = LINE ( 'NONE', #7354, #10458 ) ;
#1024 = DIRECTION ( 'NONE',  ( -4.795077199544540083E-24, 1.000000000000000000, 6.573933234426810631E-15 ) ) ;
#1025 = EDGE_CURVE ( 'NONE', #1687, #4392, #7404, .T. ) ;
#1026 = DIRECTION ( 'NONE',  ( 1.000000000000000000, 0.000000000000000000, 3.280705218723690196E-15 ) ) ;
#1027 = AXIS2_PLACEMENT_3D ( 'NONE', #8176, #9258, #1868 ) ;
#1028 = FACE_OUTER_BOUND ( 'NONE', #3012, .T. ) ;
#1029 = PLANE ( 'NONE',  #9385 ) ;
#1030 = ORIENTED_EDGE ( 'NONE', *, *, #8291, .T. ) ;
#1031 = CARTESIAN_POINT ( 'NONE',  ( 136.9171131927749911, -148.2297640746490117, 102.0997837512840078 ) ) ;
#1032 = VECTOR ( 'NONE', #3803, 1000.000000000000000 ) ;
#1033 = DIRECTION ( 'NONE',  ( -1.000000000000000000, -1.214306495755069846E-16, 2.449293572821440166E-16 ) ) ;
#1034 = ADVANCED_FACE ( 'NONE', ( #8733 ), #5080, .T. ) ;
#1035 = DIRECTION ( 'NONE',  ( -0.3201841039085919216, 0.2192636771836919962, 0.9216320195566870543 ) ) ;
#1036 = CARTESIAN_POINT ( 'NONE',  ( 134.2171133453900040, -138.0155505122760076, 67.99999991151649681 ) ) ;
#1037 = ADVANCED_FACE ( 'NONE', ( #8789, #11337 ), #7876, .T. ) ;
#1038 = CARTESIAN_POINT ( 'NONE',  ( 157.6248169134119905, -148.2297640746490117, 102.0997837512840078 ) ) ;
#1039 = VERTEX_POINT ( 'NONE', #591 ) ;
#1040 = CARTESIAN_POINT ( 'NONE',  ( 138.3496274320166322, -141.1610029194473839, 110.3643259181409917 ) ) ;
#1041 = ORIENTED_EDGE ( 'NONE', *, *, #10201, .F. ) ;
#1042 = VECTOR ( 'NONE', #3529, 1000.000000000000114 ) ;
#1043 = AXIS2_PLACEMENT_3D ( 'NONE', #10629, #4143, #4205 ) ;
#1044 = CARTESIAN_POINT ( 'NONE',  ( 161.4897813083393885, -121.6957625855250598, 62.39253851982253707 ) ) ;
#1045 = DIRECTION ( 'NONE',  ( -2.590556452045940420E-16, 0.7071067811865520136, -0.7071067811865431318 ) ) ;
#1046 = ORIENTED_EDGE ( 'NONE', *, *, #6025, .T. ) ;
#1047 = DIRECTION ( 'NONE',  ( 0.7071067811865829889, -0.7071067811865120456, 0.000000000000000000 ) ) ;
#1048 = CARTESIAN_POINT ( 'NONE',  ( 132.9671133453900040, -144.5297640215119941, 66.55091634279270352 ) ) ;
#1049 = CARTESIAN_POINT ( 'NONE',  ( 169.9786284033270078, -147.3829269371353803, 53.38549640900530591 ) ) ;
#1050 = AXIS2_PLACEMENT_3D ( 'NONE', #8297, #11993, #3695 ) ;
#1051 = CARTESIAN_POINT ( 'NONE',  ( 163.2171133453899756, -141.7130779431224425, 67.99999991151636891 ) ) ;
#1052 = CIRCLE ( 'NONE', #6878, 3.099999999999991651 ) ;
#1053 = FACE_BOUND ( 'NONE', #3758, .T. ) ;
#1054 = EDGE_CURVE ( 'NONE', #2010, #274, #10669, .T. ) ;
#1055 = CYLINDRICAL_SURFACE ( 'NONE', #4049, 0.9999999999999866773 ) ;
#1056 = ORIENTED_EDGE ( 'NONE', *, *, #9727, .T. ) ;
#1057 = CARTESIAN_POINT ( 'NONE',  ( 162.5774155216729753, -140.0968979904990590, 69.86274751403735195 ) ) ;
#1058 = VERTEX_POINT ( 'NONE', #11068 ) ;
#1059 = ORIENTED_EDGE ( 'NONE', *, *, #3576, .T. ) ;
#1060 = AXIS2_PLACEMENT_3D ( 'NONE', #2386, #7953, #545 ) ;
#1061 = VERTEX_POINT ( 'NONE', #9815 ) ;
#1062 = AXIS2_PLACEMENT_3D ( 'NONE', #1955, #5587, #9053 ) ;
#1063 = DIRECTION ( 'NONE',  ( 3.921649879656600324E-15, 1.000000000000000000, 4.344894404274005274E-15 ) ) ;
#1064 = CARTESIAN_POINT ( 'NONE',  ( 162.6399203444899797, -144.5297640215119941, 66.96810934369278812 ) ) ;
#1065 = DIRECTION ( 'NONE',  ( 3.640861314418780125E-16, -1.000000000000000000, -6.495325448384240705E-15 ) ) ;
#1066 = ORIENTED_EDGE ( 'NONE', *, *, #2431, .F. ) ;
#1067 = CARTESIAN_POINT ( 'NONE',  ( 132.3199637664142188, -152.9468280580464921, 98.59022442561544608 ) ) ;
#1068 = EDGE_LOOP ( 'NONE', ( #7757, #1278, #5194, #5834, #753, #11317, #6863 ) ) ;
#1069 = CARTESIAN_POINT ( 'NONE',  ( 123.6329413591913209, -149.0753130939282869, 53.86453275788485229 ) ) ;
#1070 = ORIENTED_EDGE ( 'NONE', *, *, #4155, .F. ) ;
#1071 = CARTESIAN_POINT ( 'NONE',  ( 132.2872397328700060, -141.2594913791250235, 69.63440075758030900 ) ) ;
#1072 = EDGE_CURVE ( 'NONE', #10932, #5793, #7981, .T. ) ;
#1073 = DIRECTION ( 'NONE',  ( -1.000000000000000000, -9.644381717139278980E-17, -1.028189605211130024E-14 ) ) ;
#1074 = AXIS2_PLACEMENT_3D ( 'NONE', #7644, #8492, #9521 ) ;
#1075 = LINE ( 'NONE', #163, #10017 ) ;
#1076 = ORIENTED_EDGE ( 'NONE', *, *, #8349, .T. ) ;
#1077 = LINE ( 'NONE', #9445, #9666 ) ;
#1078 = ORIENTED_EDGE ( 'NONE', *, *, #9106, .T. ) ;
#1079 = CARTESIAN_POINT ( 'NONE',  ( 129.7106248479624071, -114.4297640215114029, 60.17765112427590424 ) ) ;
#1080 = CARTESIAN_POINT ( 'NONE',  ( 161.2171133453899756, -138.0155505122760076, 68.99999991151629786 ) ) ;
#1081 = VECTOR ( 'NONE', #959, 1000.000000000000114 ) ;
#1082 = ADVANCED_FACE ( 'NONE', ( #7035 ), #6413, .F. ) ;
#1083 = LINE ( 'NONE', #9453, #2802 ) ;
#1084 = CARTESIAN_POINT ( 'NONE',  ( 132.4174465102942975, -141.2294309097446217, 67.99999991151645418 ) ) ;
#1085 = DIRECTION ( 'NONE',  ( -1.197050093430770098E-14, -6.709576272139159973E-15, 1.000000000000000000 ) ) ;
#1086 = EDGE_CURVE ( 'NONE', #7278, #511, #6346, .T. ) ;
#1087 = EDGE_CURVE ( 'NONE', #10592, #8518, #7319, .T. ) ;
#1088 = VECTOR ( 'NONE', #10894, 1000.000000000000114 ) ;
#1089 = CARTESIAN_POINT ( 'NONE',  ( 132.7943122313689912, -153.3473727988535131, 66.96811484820980809 ) ) ;
#1090 = ORIENTED_EDGE ( 'NONE', *, *, #3926, .F. ) ;
#1091 = ORIENTED_EDGE ( 'NONE', *, *, #8335, .T. ) ;
#1092 = EDGE_CURVE ( 'NONE', #1148, #11710, #5462, .T. ) ;
#1093 = DIRECTION ( 'NONE',  ( 2.602085213964869829E-17, 1.000000000000000000, -1.526556658859589750E-16 ) ) ;
#1094 = SPHERICAL_SURFACE ( 'NONE', #10943, 1.000000000000000000 ) ;
#1095 = EDGE_LOOP ( 'NONE', ( #8098, #4097, #5243, #1957, #10747, #8857, #3750 ) ) ;
#1096 = VECTOR ( 'NONE', #4263, 1000.000000000000000 ) ;
#1097 = DIRECTION ( 'NONE',  ( -0.7071067811865683339, 0.000000000000000000, -0.7071067811865267005 ) ) ;
#1098 = DIRECTION ( 'NONE',  ( 7.823253522621811981E-15, -6.351909800629000000E-14, 1.000000000000000000 ) ) ;
#1099 = EDGE_LOOP ( 'NONE', ( #6478, #9439, #10407, #8903 ) ) ;
#1100 = CARTESIAN_POINT ( 'NONE',  ( 133.3471133518700071, -142.8197640137569806, 80.50005035146709531 ) ) ;
#1101 = DIRECTION ( 'NONE',  ( 1.000000000000000000, 0.000000000000000000, 0.000000000000000000 ) ) ;
#1102 = FACE_OUTER_BOUND ( 'NONE', #2663, .T. ) ;
#1103 = LINE ( 'NONE', #11416, #9061 ) ;
#1104 = ORIENTED_EDGE ( 'NONE', *, *, #3549, .F. ) ;
#1105 = AXIS2_PLACEMENT_3D ( 'NONE', #4408, #11679, #5252 ) ;
#1106 = EDGE_CURVE ( 'NONE', #21, #8322, #10158, .T. ) ;
#1107 = CARTESIAN_POINT ( 'NONE',  ( 163.2171133453904872, -123.4296722848583983, 62.74648661845989750 ) ) ;
#1108 = EDGE_CURVE ( 'NONE', #7959, #676, #8913, .T. ) ;
#1109 = ORIENTED_EDGE ( 'NONE', *, *, #3112, .F. ) ;
#1110 = CARTESIAN_POINT ( 'NONE',  ( 160.2171133453899756, -140.9397639861740004, 93.86432591835850303 ) ) ;
#1111 = CARTESIAN_POINT ( 'NONE',  ( 139.0125845563682390, -144.8946959252205886, 111.0006845747995925 ) ) ;
#1112 = DIRECTION ( 'NONE',  ( 1.000000000000000000, 0.000000000000000000, 0.000000000000000000 ) ) ;
#1113 = VECTOR ( 'NONE', #9535, 1000.000000000000000 ) ;
#1114 = CARTESIAN_POINT ( 'NONE',  ( 122.2171131963781932, -140.4262129510826185, 62.75000000000000000 ) ) ;
#1115 = LINE ( 'NONE', #3795, #10584 ) ;
#1116 = CARTESIAN_POINT ( 'NONE',  ( 163.2171133453900040, -144.4297640746490003, 81.50005036323310037 ) ) ;
#1117 = ORIENTED_EDGE ( 'NONE', *, *, #7583, .F. ) ;
#1118 = CARTESIAN_POINT ( 'NONE',  ( 133.2171133453900040, -136.4297640746490288, 69.99999991151649681 ) ) ;
#1119 = EDGE_LOOP ( 'NONE', ( #1117, #3520, #10106, #7376 ) ) ;
#1120 = ORIENTED_EDGE ( 'NONE', *, *, #1398, .T. ) ;
#1121 = VECTOR ( 'NONE', #3698, 1000.000000000000000 ) ;
#1122 = CIRCLE ( 'NONE', #5777, 3.099999999999991651 ) ;
#1123 = EDGE_LOOP ( 'NONE', ( #4240, #10163, #11642, #2658, #39 ) ) ;
#1124 = CARTESIAN_POINT ( 'NONE',  ( 133.4612557603895198, -122.5452108610566739, 57.92680887462500294 ) ) ;
#1125 = FACE_OUTER_BOUND ( 'NONE', #6296, .T. ) ;
#1126 = FACE_OUTER_BOUND ( 'NONE', #10143, .T. ) ;
#1127 = ADVANCED_FACE ( 'NONE', ( #6061 ), #5145, .T. ) ;
#1128 = EDGE_LOOP ( 'NONE', ( #11837, #1157, #6970, #1329 ) ) ;
#1129 = AXIS2_PLACEMENT_3D ( 'NONE', #5960, #8013, #9951 ) ;
#1130 = CARTESIAN_POINT ( 'NONE',  ( 122.2171131963785911, -120.9250549939359871, 57.08879711976319271 ) ) ;
#1131 = ORIENTED_EDGE ( 'NONE', *, *, #7347, .T. ) ;
#1132 = CARTESIAN_POINT ( 'NONE',  ( 139.0293228659928388, -144.8923345267222089, 105.7400792413890116 ) ) ;
#1133 = ORIENTED_EDGE ( 'NONE', *, *, #9100, .F. ) ;
#1134 = DIRECTION ( 'NONE',  ( -0.9334193986512242525, 0.000000000000000000, 0.3587871600567484331 ) ) ;
#1135 = CIRCLE ( 'NONE', #10826, 1.000000000000000888 ) ;
#1136 = LINE ( 'NONE', #161, #5387 ) ;
#1137 = AXIS2_PLACEMENT_3D ( 'NONE', #6159, #4896, #9852 ) ;
#1138 = DIRECTION ( 'NONE',  ( -0.8191520442889919096, 0.5735764363510458264, 2.861211755468670037E-15 ) ) ;
#1139 = ORIENTED_EDGE ( 'NONE', *, *, #9016, .T. ) ;
#1140 = CARTESIAN_POINT ( 'NONE',  ( 132.2171133453900040, -135.4297640746490288, 70.99999991151649681 ) ) ;
#1141 = ORIENTED_EDGE ( 'NONE', *, *, #2798, .T. ) ;
#1142 = FACE_OUTER_BOUND ( 'NONE', #8590, .T. ) ;
#1143 = DIRECTION ( 'NONE',  ( 0.000000000000000000, 1.000000000000000000, -2.366582715663040321E-30 ) ) ;
#1144 = LINE ( 'NONE', #170, #7212 ) ;
#1145 = VECTOR ( 'NONE', #10790, 1000.000000000000114 ) ;
#1146 = CARTESIAN_POINT ( 'NONE',  ( 163.2171133453900040, -153.4297640746490003, 67.14091634279270693 ) ) ;
#1147 = LINE ( 'NONE', #10550, #3496 ) ;
#1148 = VERTEX_POINT ( 'NONE', #880 ) ;
#1149 = CARTESIAN_POINT ( 'NONE',  ( 132.8746178622214416, -153.3873894043229029, 66.86863839954351363 ) ) ;
#1150 = CIRCLE ( 'NONE', #6578, 24.75049366970480236 ) ;
#1151 = VECTOR ( 'NONE', #1877, 1000.000000000000114 ) ;
#1152 = DIRECTION ( 'NONE',  ( 7.166576360129239776E-17, -1.074295325692399920E-17, -1.000000000000000000 ) ) ;
#1153 = EDGE_CURVE ( 'NONE', #10478, #9050, #4244, .T. ) ;
#1154 = VERTEX_POINT ( 'NONE', #7940 ) ;
#1155 = EDGE_CURVE ( 'NONE', #5251, #6550, #2644, .T. ) ;
#1156 = ADVANCED_FACE ( 'NONE', ( #3678, #6196 ), #7771, .F. ) ;
#1157 = ORIENTED_EDGE ( 'NONE', *, *, #3398, .T. ) ;
#1158 = DIRECTION ( 'NONE',  ( 1.734923811392159935E-15, 1.000000000000000000, 1.734923811392220086E-15 ) ) ;
#1159 = CIRCLE ( 'NONE', #7944, 1.700000000000007061 ) ;
#1160 = ORIENTED_EDGE ( 'NONE', *, *, #1772, .T. ) ;
#1161 = CARTESIAN_POINT ( 'NONE',  ( 175.2171133453905156, -154.4460613007630059, 43.25000000000059686 ) ) ;
#1162 = PLANE ( 'NONE',  #6588 ) ;
#1163 = DIRECTION ( 'NONE',  ( -4.849173379634530258E-15, 1.000000000000000000, 6.881851277481381070E-15 ) ) ;
#1164 = FACE_OUTER_BOUND ( 'NONE', #6486, .T. ) ;
#1165 = LINE ( 'NONE', #2873, #2270 ) ;
#1166 = PRODUCT_DEFINITION ( 'UNKNOWN', '', #10628, #7883 ) ;
#1167 = DIRECTION ( 'NONE',  ( 0.7071067811865475727, 0.000000000000000000, 0.7071067811865475727 ) ) ;
#1168 = CARTESIAN_POINT ( 'NONE',  ( 139.1026109842580070, -140.4297640215119998, 105.3643259181410059 ) ) ;
#1169 = ADVANCED_FACE ( 'NONE', ( #3230 ), #5397, .T. ) ;
#1170 = ORIENTED_EDGE ( 'NONE', *, *, #3820, .T. ) ;
#1171 = EDGE_CURVE ( 'NONE', #2725, #7959, #1825, .T. ) ;
#1172 = PLANE ( 'NONE',  #7646 ) ;
#1173 = DIRECTION ( 'NONE',  ( 8.810118433399939970E-15, 1.526556658859309704E-16, 1.000000000000000000 ) ) ;
#1174 = VERTEX_POINT ( 'NONE', #8311 ) ;
#1175 = CARTESIAN_POINT ( 'NONE',  ( 171.7734159773514762, -126.4297640215112040, 64.75000000000000000 ) ) ;
#1176 = CARTESIAN_POINT ( 'NONE',  ( 132.5108566607849809, -141.1360201066190143, 68.00152635475339480 ) ) ;
#1177 = CARTESIAN_POINT ( 'NONE',  ( 164.1583628191302182, -142.5750683474413165, 54.32916630688090720 ) ) ;
#1178 = FACE_OUTER_BOUND ( 'NONE', #6848, .T. ) ;
#1179 = DIRECTION ( 'NONE',  ( -3.752643576907700278E-15, -1.000000000000000000, 1.526556658859589750E-16 ) ) ;
#1180 = DIRECTION ( 'NONE',  ( 0.003006263965839149448, -0.0004197990262394879013, -0.9999953930622607068 ) ) ;
#1181 = ORIENTED_EDGE ( 'NONE', *, *, #1919, .F. ) ;
#1182 = CARTESIAN_POINT ( 'NONE',  ( 166.4636218892495947, -148.9439769065069186, 50.59377347001434089 ) ) ;
#1183 = ADVANCED_FACE ( 'NONE', ( #11824 ), #6378, .T. ) ;
#1184 = EDGE_CURVE ( 'NONE', #11694, #3808, #6253, .T. ) ;
#1185 = ORIENTED_EDGE ( 'NONE', *, *, #7782, .T. ) ;
#1186 = ORIENTED_EDGE ( 'NONE', *, *, #3140, .F. ) ;
#1187 = ORIENTED_EDGE ( 'NONE', *, *, #9716, .T. ) ;
#1188 = CARTESIAN_POINT ( 'NONE',  ( 133.6450896556712848, -122.3515242695432050, 58.00132596168636923 ) ) ;
#1189 = LINE ( 'NONE', #9500, #7988 ) ;
#1190 = DIRECTION ( 'NONE',  ( 1.000000000000000000, 1.214306495755069846E-16, -2.449293572821430305E-16 ) ) ;
#1191 = ORIENTED_EDGE ( 'NONE', *, *, #920, .F. ) ;
#1192 = LINE ( 'NONE', #3986, #10171 ) ;
#1193 = EDGE_LOOP ( 'NONE', ( #4321, #2125, #7616 ) ) ;
#1194 = DIRECTION ( 'NONE',  ( -4.664896225277170639E-15, 1.000000000000000000, 6.633052400461320667E-15 ) ) ;
#1195 = ORIENTED_EDGE ( 'NONE', *, *, #10652, .T. ) ;
#1196 = CARTESIAN_POINT ( 'NONE',  ( 133.5171131927750139, -148.2297640746490117, 105.4997837512840135 ) ) ;
#1197 = DIRECTION ( 'NONE',  ( -8.821935685527880394E-15, -2.548831402726949997E-09, -1.000000000000000000 ) ) ;
#1198 = DIRECTION ( 'NONE',  ( 0.000000000000000000, 1.000000000000000000, 6.573933234426810631E-15 ) ) ;
#1199 = EDGE_CURVE ( 'NONE', #2458, #4101, #9942, .T. ) ;
#1200 = EDGE_CURVE ( 'NONE', #6435, #11655, #1645, .T. ) ;
#1201 = ORIENTED_EDGE ( 'NONE', *, *, #7248, .T. ) ;
#1202 = DIRECTION ( 'NONE',  ( -2.449293581093249742E-16, 6.573933234426810631E-15, -1.000000000000000000 ) ) ;
#1203 = AXIS2_PLACEMENT_3D ( 'NONE', #9621, #1431, #7742 ) ;
#1204 = ORIENTED_EDGE ( 'NONE', *, *, #4436, .T. ) ;
#1205 = ORIENTED_EDGE ( 'NONE', *, *, #6069, .T. ) ;
#1206 = CARTESIAN_POINT ( 'NONE',  ( 175.2171133453905156, -149.4193518720470024, 62.24960223581899754 ) ) ;
#1207 = DIRECTION ( 'NONE',  ( -1.745666764649140125E-15, -1.000000000000000000, 1.745666764649140125E-15 ) ) ;
#1208 = CARTESIAN_POINT ( 'NONE',  ( 170.9672946366355006, -120.4297639528465993, 62.75000000000000000 ) ) ;
#1209 = CARTESIAN_POINT ( 'NONE',  ( 161.2171133453899756, -138.0155505122760076, 68.99999991151629786 ) ) ;
#1210 = DIRECTION ( 'NONE',  ( 3.160768215787140212E-15, 1.000000000000000000, -1.150608946447910180E-15 ) ) ;
#1211 = VERTEX_POINT ( 'NONE', #1767 ) ;
#1212 = CIRCLE ( 'NONE', #5660, 1.949999999999993516 ) ;
#1213 = CARTESIAN_POINT ( 'NONE',  ( 132.8425461856797369, -153.3723608984268196, 66.91547699568198482 ) ) ;
#1214 = LINE ( 'NONE', #1890, #2505 ) ;
#1215 = ORIENTED_EDGE ( 'NONE', *, *, #9279, .T. ) ;
#1216 = VECTOR ( 'NONE', #11794, 1000.000000000000000 ) ;
#1217 = ORIENTED_EDGE ( 'NONE', *, *, #9163, .T. ) ;
#1218 = DIRECTION ( 'NONE',  ( 0.000000000000000000, -1.000000000000000000, 1.526556658859589750E-16 ) ) ;
#1219 = ORIENTED_EDGE ( 'NONE', *, *, #9104, .T. ) ;
#1220 = DIRECTION ( 'NONE',  ( -8.821935677471621045E-15, -1.408384218142881801E-16, -1.000000000000000000 ) ) ;
#1221 = DIRECTION ( 'NONE',  ( 0.000000000000000000, -0.9999999999999998890, 1.021647526641979862E-08 ) ) ;
#1222 = EDGE_CURVE ( 'NONE', #4563, #10646, #5519, .T. ) ;
#1223 = CARTESIAN_POINT ( 'NONE',  ( 163.2171133304109958, -141.6943747366149751, 68.00273609931259955 ) ) ;
#1224 = VECTOR ( 'NONE', #10053, 1000.000000000000000 ) ;
#1225 = FACE_OUTER_BOUND ( 'NONE', #11194, .T. ) ;
#1226 = EDGE_CURVE ( 'NONE', #4525, #10698, #2174, .T. ) ;
#1227 = CARTESIAN_POINT ( 'NONE',  ( 163.2171133453900040, -143.9397639738429859, 98.70216526821880620 ) ) ;
#1228 = ORIENTED_EDGE ( 'NONE', *, *, #519, .F. ) ;
#1229 = CIRCLE ( 'NONE', #10721, 1.000000000000000888 ) ;
#1230 = CARTESIAN_POINT ( 'NONE',  ( 160.6471855079209945, -120.8593230241266809, 61.50728757090639931 ) ) ;
#1231 = EDGE_LOOP ( 'NONE', ( #1751, #10805, #7308, #1195 ) ) ;
#1232 = CARTESIAN_POINT ( 'NONE',  ( 163.2171133453904872, -151.9297640215109766, 62.74960223581900465 ) ) ;
#1233 = CARTESIAN_POINT ( 'NONE',  ( 134.3085541820774722, -140.4997574232812667, 110.9967960746291027 ) ) ;
#1234 = EDGE_CURVE ( 'NONE', #145, #10867, #3466, .T. ) ;
#1235 = DIRECTION ( 'NONE',  ( 0.7071067811865580088, -0.7071067811865370256, -6.121750630779310575E-15 ) ) ;
#1236 = DIRECTION ( 'NONE',  ( -2.602085213964869829E-17, -1.000000000000000000, 1.526556658859589750E-16 ) ) ;
#1237 = ADVANCED_FACE ( 'NONE', ( #10187 ), #3706, .F. ) ;
#1238 = EDGE_CURVE ( 'NONE', #10615, #321, #4486, .T. ) ;
#1239 = DIRECTION ( 'NONE',  ( -1.745666764649140125E-15, -1.000000000000000000, 1.745666764649140125E-15 ) ) ;
#1240 = ORIENTED_EDGE ( 'NONE', *, *, #298, .F. ) ;
#1241 = AXIS2_PLACEMENT_3D ( 'NONE', #2976, #4003, #10486 ) ;
#1242 = CARTESIAN_POINT ( 'NONE',  ( 175.0944109522625922, -149.3400037959812892, 60.32390591561480164 ) ) ;
#1243 = VECTOR ( 'NONE', #8055, 1000.000000000000114 ) ;
#1244 = ORIENTED_EDGE ( 'NONE', *, *, #4803, .F. ) ;
#1245 = VERTEX_POINT ( 'NONE', #5334 ) ;
#1246 = ORIENTED_EDGE ( 'NONE', *, *, #7649, .T. ) ;
#1247 = CARTESIAN_POINT ( 'NONE',  ( 133.5861457004557451, -122.4139844161329620, 57.97509875303570936 ) ) ;
#1248 = CARTESIAN_POINT ( 'NONE',  ( 132.1171131927750082, -148.2297640746490117, 103.7997837512839965 ) ) ;
#1249 = CARTESIAN_POINT ( 'NONE',  ( 155.4671133340039830, -153.4297640746490003, 65.95898615365631201 ) ) ;
#1250 = EDGE_LOOP ( 'NONE', ( #7790, #10660, #10167 ) ) ;
#1251 = VECTOR ( 'NONE', #1873, 1000.000000000000000 ) ;
#1252 = CARTESIAN_POINT ( 'NONE',  ( 160.9736018428179989, -117.4297640215112040, 60.27765112427590566 ) ) ;
#1253 = ORIENTED_EDGE ( 'NONE', *, *, #4538, .F. ) ;
#1254 = EDGE_CURVE ( 'NONE', #6805, #1657, #411, .T. ) ;
#1255 = VECTOR ( 'NONE', #6509, 1000.000000000000114 ) ;
#1256 = DIRECTION ( 'NONE',  ( 2.602085213964869829E-17, 1.000000000000000000, -1.526556658859589750E-16 ) ) ;
#1257 = ORIENTED_EDGE ( 'NONE', *, *, #9651, .T. ) ;
#1258 = CARTESIAN_POINT ( 'NONE',  ( 136.9171131927749911, -148.0297640746490231, 103.7997837512839965 ) ) ;
#1259 = LINE ( 'NONE', #11204, #11967 ) ;
#1260 = CARTESIAN_POINT ( 'NONE',  ( 134.9217847406376336, -141.2019685370803472, 110.3847684630111559 ) ) ;
#1261 = ORIENTED_EDGE ( 'NONE', *, *, #8725, .F. ) ;
#1262 = CIRCLE ( 'NONE', #4171, 3.500000000000003109 ) ;
#1263 = CYLINDRICAL_SURFACE ( 'NONE', #10049, 3.900000000000011458 ) ;
#1264 = AXIS2_PLACEMENT_3D ( 'NONE', #2077, #6135, #11463 ) ;
#1265 = VERTEX_POINT ( 'NONE', #909 ) ;
#1266 = CARTESIAN_POINT ( 'NONE',  ( 162.8236018428179932, -117.4297640215112040, 60.27765112427590566 ) ) ;
#1267 = CARTESIAN_POINT ( 'NONE',  ( 132.2171133453900040, -152.4297640746490003, 58.25000000000000000 ) ) ;
#1268 = LINE ( 'NONE', #10547, #419 ) ;
#1269 = ORIENTED_EDGE ( 'NONE', *, *, #6876, .T. ) ;
#1270 = EDGE_CURVE ( 'NONE', #7254, #2741, #11762, .T. ) ;
#1271 = EDGE_CURVE ( 'NONE', #6890, #4526, #4545, .T. ) ;
#1272 = DIRECTION ( 'NONE',  ( -0.9238795325112912904, 0.3826834323650787906, 0.000000000000000000 ) ) ;
#1273 = CIRCLE ( 'NONE', #11344, 6.999999999999997335 ) ;
#1274 = CARTESIAN_POINT ( 'NONE',  ( 169.9786284033264963, -121.2490518569453997, 53.38549640900549775 ) ) ;
#1275 = VECTOR ( 'NONE', #11602, 1000.000000000000000 ) ;
#1276 = EDGE_LOOP ( 'NONE', ( #933, #11746, #1702, #451 ) ) ;
#1277 = CARTESIAN_POINT ( 'NONE',  ( 120.2171133453899898, -149.4297640746490003, 103.7500000343879947 ) ) ;
#1278 = ORIENTED_EDGE ( 'NONE', *, *, #4141, .F. ) ;
#1279 = DIRECTION ( 'NONE',  ( -1.177071316573370074E-14, -2.327875578288760404E-16, -1.000000000000000000 ) ) ;
#1281 = B_SPLINE_CURVE_WITH_KNOTS ( 'NONE', 3,
 ( #8411, #8470, #154, #5860, #9558, #5674 ),
 .UNSPECIFIED., .F., .F.,
 ( 4, 2, 4 ),
 ( 0.000000000000000000, 0.5000000000000000000, 1.000000000000000000 ),
 .UNSPECIFIED. ) ;
#1280 = CIRCLE ( 'NONE', #1673, 0.9999999999999964473 ) ;
#1282 = EDGE_LOOP ( 'NONE', ( #11818, #7166, #9437, #6911 ) ) ;
#1283 = LINE ( 'NONE', #3048, #7071 ) ;
#1284 = EDGE_CURVE ( 'NONE', #6607, #2374, #7291, .T. ) ;
#1285 = ORIENTED_EDGE ( 'NONE', *, *, #881, .F. ) ;
#1286 = CARTESIAN_POINT ( 'NONE',  ( 161.2171133453899756, -127.9297640746490146, 67.99999991151629786 ) ) ;
#1287 = CARTESIAN_POINT ( 'NONE',  ( 138.7888266734840101, -140.7218036779798354, 110.6580734727642010 ) ) ;
#1288 = CARTESIAN_POINT ( 'NONE',  ( 163.2171133453900040, -141.6512989659949824, 67.10419425488748857 ) ) ;
#1289 = VECTOR ( 'NONE', #864, 1000.000000000000000 ) ;
#1290 = FACE_OUTER_BOUND ( 'NONE', #1099, .T. ) ;
#1291 = SURFACE_SIDE_STYLE ('',( #10566 ) ) ;
#1292 = DIRECTION ( 'NONE',  ( 0.5773502691885941118, -0.5773502691885801230, 0.5773502691917030694 ) ) ;
#1293 = ORIENTED_EDGE ( 'NONE', *, *, #2455, .T. ) ;
#1294 = VECTOR ( 'NONE', #5809, 1000.000000000000000 ) ;
#1295 = LINE ( 'NONE', #5046, #6494 ) ;
#1296 = EDGE_CURVE ( 'NONE', #11475, #5508, #3647, .T. ) ;
#1297 = EDGE_LOOP ( 'NONE', ( #8298, #11307, #8406, #4168 ) ) ;
#1298 = LINE ( 'NONE', #10392, #7090 ) ;
#1299 = CARTESIAN_POINT ( 'NONE',  ( 171.2171133453900040, -149.8297640215157855, 64.75000000000000000 ) ) ;
#1300 = CARTESIAN_POINT ( 'NONE',  ( 169.9786284033264963, -121.2490518569453997, 53.38549640900549775 ) ) ;
#1301 = DIRECTION ( 'NONE',  ( -0.4397326120323201692, 0.1821432117215256996, -0.8794652240646019248 ) ) ;
#1302 = CARTESIAN_POINT ( 'NONE',  ( 162.9240113076430134, -139.0155507307715936, 66.70690307604189684 ) ) ;
#1303 = ORIENTED_EDGE ( 'NONE', *, *, #2472, .F. ) ;
#1304 = AXIS2_PLACEMENT_3D ( 'NONE', #564, #8886, #8031 ) ;
#1305 = CARTESIAN_POINT ( 'NONE',  ( 162.7152672577151691, -140.5101927313667431, 69.70958354296242021 ) ) ;
#1306 = ORIENTED_EDGE ( 'NONE', *, *, #10989, .F. ) ;
#1307 = EDGE_CURVE ( 'NONE', #3789, #342, #2033, .T. ) ;
#1308 = ORIENTED_EDGE ( 'NONE', *, *, #1054, .T. ) ;
#1309 = EDGE_LOOP ( 'NONE', ( #767, #4849, #2038, #2360, #1659, #9237, #10175, #5889, #2983, #237, #8347, #8513, #5089, #10854, #6239, #642, #7673, #6372, #745, #6245, #9749, #7532, #9182, #4919, #10165, #10094, #10441, #7678, #5880 ) ) ;
#1310 = CARTESIAN_POINT ( 'NONE',  ( 139.1231655244480123, -143.4297640215119714, 99.69100161576849928 ) ) ;
#1311 = CARTESIAN_POINT ( 'NONE',  ( 155.4842976558709893, -143.4297640215119714, 98.67414915942629250 ) ) ;
#1312 = LINE ( 'NONE', #8770, #7597 ) ;
#1313 = ADVANCED_FACE ( 'NONE', ( #10126 ), #2066, .T. ) ;
#1314 = VERTEX_POINT ( 'NONE', #10859 ) ;
#1315 = EDGE_CURVE ( 'NONE', #390, #4959, #11152, .T. ) ;
#1316 = CIRCLE ( 'NONE', #1304, 1.000000000000000888 ) ;
#1317 = CARTESIAN_POINT ( 'NONE',  ( 125.4555982874535971, -121.2490518248649920, 53.38549640900549775 ) ) ;
#1318 = DIRECTION ( 'NONE',  ( 1.000000000000000000, 0.000000000000000000, 0.000000000000000000 ) ) ;
#1319 = EDGE_LOOP ( 'NONE', ( #3743, #7679, #5803, #10291 ) ) ;
#1320 = CARTESIAN_POINT ( 'NONE',  ( 163.4876018428244890, -148.9298859776444033, 50.25265112427409520 ) ) ;
#1321 = DIRECTION ( 'NONE',  ( 7.166576360129189239E-17, -1.526556658859589750E-16, -1.000000000000000000 ) ) ;
#1322 = DIRECTION ( 'NONE',  ( 1.000000000000000000, 0.000000000000000000, 0.000000000000000000 ) ) ;
#1323 = VERTEX_POINT ( 'NONE', #4664 ) ;
#1324 = AXIS2_PLACEMENT_3D ( 'NONE', #4320, #10804, #2514 ) ;
#1325 = DIRECTION ( 'NONE',  ( -1.000000000000000000, -4.444361552645199728E-15, 1.654332826113469965E-24 ) ) ;
#1326 = EDGE_CURVE ( 'NONE', #6893, #1148, #1144, .T. ) ;
#1327 =( BOUNDED_SURFACE ( )  B_SPLINE_SURFACE ( 2, 2, ( 
 ( #7829, #361, #4078 ),
 ( #6867, #2148, #10562 ),
 ( #11528, #3233, #5832 ) ),
 .UNSPECIFIED., .F., .F., .T. ) 
 B_SPLINE_SURFACE_WITH_KNOTS ( ( 3, 3 ),
 ( 3, 3 ),
 ( -2.568079549168989839, -1.570796326796709996 ),
 ( -2.300714095754889943, -1.570796326784209995 ),
 .UNSPECIFIED. ) 
 GEOMETRIC_REPRESENTATION_ITEM ( )  RATIONAL_B_SPLINE_SURFACE ( (
 ( 1.000000000000000000, 0.9341384365290580361, 1.000000000000000000),
 ( 0.8782329983124259609, 0.8203911999517969900, 0.8782329983124259609),
 ( 1.000000000000000000, 0.9341384365290580361, 1.000000000000000000) ) ) 
 REPRESENTATION_ITEM ( '' )  SURFACE ( )  );
#1328 = B_SPLINE_CURVE_WITH_KNOTS ( 'NONE', 3,
 ( #7888, #3292, #6990, #10680, #664, #2509 ),
 .UNSPECIFIED., .F., .F.,
 ( 4, 2, 4 ),
 ( 0.000000000000000000, 0.5000000000000000000, 1.000000000000000000 ),
 .UNSPECIFIED. ) ;
#1329 = ORIENTED_EDGE ( 'NONE', *, *, #6162, .F. ) ;
#1330 = DIRECTION ( 'NONE',  ( -4.692345787041510278E-15, -1.000000000000000000, -6.998008323019100649E-15 ) ) ;
#1331 = CARTESIAN_POINT ( 'NONE',  ( 174.7169522016930046, -135.1967472432701811, 64.75000000000000000 ) ) ;
#1332 = DIRECTION ( 'NONE',  ( -9.412800631152650587E-17, -0.7071067811865510144, 0.7071067811865441310 ) ) ;
#1333 = VECTOR ( 'NONE', #8209, 1000.000000000000000 ) ;
#1334 = AXIS2_PLACEMENT_3D ( 'NONE', #4609, #8318, #9952 ) ;
#1335 = DIRECTION ( 'NONE',  ( 0.000000000000000000, -1.000000000000000000, -6.217248937900871104E-15 ) ) ;
#1336 = CARTESIAN_POINT ( 'NONE',  ( 131.5100065725368097, -142.4297640746490003, 80.79294357001271010 ) ) ;
#1337 = ORIENTED_EDGE ( 'NONE', *, *, #3631, .F. ) ;
#1338 = CARTESIAN_POINT ( 'NONE',  ( 160.2171133453899756, -143.4297640215119714, 98.69129622261429802 ) ) ;
#1339 = STYLED_ITEM ( 'NONE', ( #487 ), #3555 ) ;
#1340 = ORIENTED_EDGE ( 'NONE', *, *, #2209, .F. ) ;
#1341 = LINE ( 'NONE', #11643, #10814 ) ;
#1342 = EDGE_CURVE ( 'NONE', #6781, #2968, #8612, .T. ) ;
#1343 = EDGE_CURVE ( 'NONE', #6985, #1174, #10100, .T. ) ;
#1344 = CLOSED_SHELL ( 'NONE', ( #9228, #6831, #2338, #1464, #5344, #5030, #2072, #9034, #11847, #5579, #9538, #4227, #5067, #10433, #8455, #7136, #3087, #5760, #6986, #476, #8067, #9380, #3159, #1407, #1684, #5498, #5302, #8385, #6075, #5192, #3911, #9812, #3054, #5698, #11521, #8888, #5616, #3107, #10312, #6677, #8649, #5343, #11536, #796, #7327, #6221, #7674, #3346, #10385, #11048, #4524, #6765, #8365, #5818, #5165, #7994, #8186, #4508, #10123, #12007, #10452, #5800, #3655, #1418, #3950, #9974, #3181, #6244, #5689, #2366, #4522, #10807, #11965, #9247, #9771, #7208, #6931, #5357, #4076, #4962, #3317, #4706, #10751, #9994, #2061, #1773, #1551, #7358, #9777, #1449, #7312, #9143, #4734, #2982, #1547, #4713, #4787, #4494, #7949, #8801, #1643, #11776, #1082, #2211, #3688, #4975, #3712, #11981, #645, #3044, #9004, #5966, #8102, #9405, #11467, #4198, #10593, #1183, #5907, #1831, #5683, #3276, #8558, #6651, #8681, #6443, #5841, #6506, #5535, #10063, #2361, #7570, #10676, #1368, #1534, #6324, #4801, #9467, #5084, #5077, #11861, #2083, #4063, #10336, #417, #3543, #5607, #3805, #8579, #715, #11396, #4566, #7772, #9567, #3180, #2449, #11423, #9315, #3771, #2770, #7719, #4560, #850, #10578, #5193, #5754, #6904, #3247, #4683, #10058, #10083, #7837, #9626, #8487, #588, #8655, #3209, #3471, #793, #1459, #3702, #3862, #10135, #2942, #5927, #6371, #6920, #1127, #2998, #10727, #4475, #4349, #2389, #2476, #1847, #8132, #646, #5458, #3645, #433, #9337, #1689, #6214, #4247, #4950, #2680, #3737, #8545, #11987, #2350, #6357, #3178, #4836, #10575, #7987, #3975, #9059, #8515, #1313, #2300, #8953, #3826, #11384, #8739, #4603, #5985, #11272, #8156, #231, #7607, #1575, #7334, #669, #10129, #2971, #3788, #5465, #2909, #7867, #11378, #4550, #6160, #7410, #1037, #7592, #11899, #8086, #10697, #10892, #8061, #8744, #8245, #2517, #9601, #8978, #8345, #3319, #6401, #4669, #8812, #6202, #3721, #965, #2593, #2580, #3711, #10565, #8003, #2420, #3170, #3357, #3443, #430, #1503, #8223, #9798, #5828, #6134, #589, #3703, #6938, #10168, #5543, #1156, #10607, #4915, #11424, #2838, #6375, #10450, #711, #8206, #10382, #133, #9758, #5713, #11833, #1237, #5550, #3525, #11792, #810, #11461, #2880, #2689, #1169, #4848, #9317, #11342, #6224, #11835, #6136, #4906, #7450, #2515, #2805, #5282, #6444, #11739, #1901, #1947, #1488, #4775, #9932, #2581, #7880, #11035, #10128, #6297, #1463, #575, #7431, #11931, #4575, #6602, #4929, #10397, #4460, #8528, #9395, #4019, #1609, #7115, #5164, #4089, #1701, #11998, #410, #7474, #1998, #1034, #1812, #4922, #3303, #5106, #403, #8946 ) ) ;
#1345 = AXIS2_PLACEMENT_3D ( 'NONE', #7577, #8423, #2124 ) ;
#1346 = ORIENTED_EDGE ( 'NONE', *, *, #10302, .F. ) ;
#1347 = VERTEX_POINT ( 'NONE', #287 ) ;
#1348 = CARTESIAN_POINT ( 'NONE',  ( 132.8568148891216083, -140.0968875324134899, 67.13724949312496904 ) ) ;
#1349 = CARTESIAN_POINT ( 'NONE',  ( 132.6106248479624128, -117.4297640215114029, 60.27765112427590566 ) ) ;
#1350 = VECTOR ( 'NONE', #9782, 1000.000000000000000 ) ;
#1351 = CARTESIAN_POINT ( 'NONE',  ( 163.1572032761579862, -141.4323592585799929, 68.00216929342579419 ) ) ;
#1352 = AXIS2_PLACEMENT_3D ( 'NONE', #6688, #7480, #3897 ) ;
#1353 = DIRECTION ( 'NONE',  ( 2.602085213964869829E-17, 1.000000000000000000, -1.526556658859589750E-16 ) ) ;
#1354 = FACE_OUTER_BOUND ( 'NONE', #2364, .T. ) ;
#1355 = FACE_OUTER_BOUND ( 'NONE', #6206, .T. ) ;
#1356 = EDGE_CURVE ( 'NONE', #10335, #10830, #5693, .T. ) ;
#1357 = ORIENTED_EDGE ( 'NONE', *, *, #11273, .T. ) ;
#1358 = AXIS2_PLACEMENT_3D ( 'NONE', #2256, #4967, #5945 ) ;
#1359 = DIRECTION ( 'NONE',  ( 8.821935677471621045E-15, 1.526556658859309704E-16, 1.000000000000000000 ) ) ;
#1360 = ORIENTED_EDGE ( 'NONE', *, *, #7766, .F. ) ;
#1361 = CARTESIAN_POINT ( 'NONE',  ( 173.2171134944019855, -120.4297680637882024, 62.75000000000000000 ) ) ;
#1362 = CARTESIAN_POINT ( 'NONE',  ( 138.3505596011430043, -144.2949728171110166, 106.3643259181410059 ) ) ;
#1363 = DIRECTION ( 'NONE',  ( 1.292798159385650076E-15, 6.348315136366700600E-15, -1.000000000000000000 ) ) ;
#1364 = CARTESIAN_POINT ( 'NONE',  ( 161.2171130401599726, -140.4297640215119998, 117.6643259181400083 ) ) ;
#1365 = DIRECTION ( 'NONE',  ( -2.602085213964869829E-17, -1.000000000000000000, 1.526556658859589750E-16 ) ) ;
#1366 = VERTEX_POINT ( 'NONE', #2130 ) ;
#1367 = CARTESIAN_POINT ( 'NONE',  ( 162.4747131181956661, -139.7884261850966254, 69.93129152145232297 ) ) ;
#1368 = ADVANCED_FACE ( 'NONE', ( #11333 ), #3819, .F. ) ;
#1369 = ORIENTED_EDGE ( 'NONE', *, *, #10966, .T. ) ;
#1370 = ORIENTED_EDGE ( 'NONE', *, *, #8366, .T. ) ;
#1371 = FACE_OUTER_BOUND ( 'NONE', #6832, .T. ) ;
#1372 = DIRECTION ( 'NONE',  ( 4.832939597814259772E-15, 1.000000000000000000, 6.573933234426810631E-15 ) ) ;
#1373 = CARTESIAN_POINT ( 'NONE',  ( 133.2171133453900040, -153.4297640746490003, 98.59347481217798759 ) ) ;
#1374 = EDGE_LOOP ( 'NONE', ( #5034, #5008, #1787, #5687 ) ) ;
#1375 = CARTESIAN_POINT ( 'NONE',  ( 124.1173371655501256, -121.1623325320954478, 54.37670245577370309 ) ) ;
#1376 = CARTESIAN_POINT ( 'NONE',  ( 157.1171131927750082, -148.2297640746490117, 103.7997837512839965 ) ) ;
#1377 = EDGE_CURVE ( 'NONE', #10478, #7764, #3038, .T. ) ;
#1378 = ORIENTED_EDGE ( 'NONE', *, *, #964, .T. ) ;
#1379 = CARTESIAN_POINT ( 'NONE',  ( 162.7869851446800169, -140.7217757534706664, 67.38932145707991594 ) ) ;
#1380 = DIRECTION ( 'NONE',  ( 3.795479038480990023E-15, 1.000000000000000000, 6.166077388880450850E-15 ) ) ;
#1381 = DIRECTION ( 'NONE',  ( 1.000000000000000000, 2.428612952914190033E-16, -2.449293589365049951E-16 ) ) ;
#1382 = EDGE_LOOP ( 'NONE', ( #67, #1337, #8526, #8497 ) ) ;
#1383 = ORIENTED_EDGE ( 'NONE', *, *, #5600, .T. ) ;
#1384 = ORIENTED_EDGE ( 'NONE', *, *, #630, .T. ) ;
#1385 = DIRECTION ( 'NONE',  ( 0.9238795325112872936, -0.3826834323650886160, 0.000000000000000000 ) ) ;
#1386 = LINE ( 'NONE', #3333, #10326 ) ;
#1387 = DIRECTION ( 'NONE',  ( -8.586443759002710520E-17, 0.7071067811865520136, -0.7071067811865431318 ) ) ;
#1388 = ORIENTED_EDGE ( 'NONE', *, *, #7851, .F. ) ;
#1389 = DIRECTION ( 'NONE',  ( -0.7071067811865475727, -0.7071067811865475727, 5.726850911312385581E-17 ) ) ;
#1390 = DIRECTION ( 'NONE',  ( 4.049495114233359677E-17, 4.049495114233359677E-17, 1.000000000000000000 ) ) ;
#1391 = EDGE_CURVE ( 'NONE', #4071, #1211, #4672, .T. ) ;
#1392 = ORIENTED_EDGE ( 'NONE', *, *, #191, .F. ) ;
#1393 = CARTESIAN_POINT ( 'NONE',  ( 161.9171131927750196, -148.0297640746490231, 102.0997837512840078 ) ) ;
#1394 = LINE ( 'NONE', #10613, #8506 ) ;
#1395 = VECTOR ( 'NONE', #3586, 1000.000000000000000 ) ;
#1396 = EDGE_CURVE ( 'NONE', #10377, #7676, #11848, .T. ) ;
#1397 = ORIENTED_EDGE ( 'NONE', *, *, #4670, .F. ) ;
#1398 = EDGE_CURVE ( 'NONE', #9512, #10569, #5753, .T. ) ;
#1399 =( BOUNDED_CURVE ( )  B_SPLINE_CURVE ( 3, ( #989, #10275, #9357, #1049 ),
 .UNSPECIFIED., .F., .T. ) 
 B_SPLINE_CURVE_WITH_KNOTS ( ( 4, 4 ),
 ( 0.7601751309728290718, 0.9332950502743160293 ),
 .UNSPECIFIED. ) 
 CURVE ( )  GEOMETRIC_REPRESENTATION_ITEM ( )  RATIONAL_B_SPLINE_CURVE ( ( 1.000000000000000000, 0.9975040168349320613, 0.9975040168349320613, 1.000000000000000000 ) ) 
 REPRESENTATION_ITEM ( '' )  );
#1400 = LINE ( 'NONE', #355, #1910 ) ;
#1401 = ORIENTED_EDGE ( 'NONE', *, *, #9209, .T. ) ;
#1402 = ORIENTED_EDGE ( 'NONE', *, *, #1016, .F. ) ;
#1403 = CARTESIAN_POINT ( 'NONE',  ( 132.7171321604621994, -140.5154940670578014, 67.29299979819460020 ) ) ;
#1404 = VECTOR ( 'NONE', #8353, 1000.000000000000114 ) ;
#1405 = CARTESIAN_POINT ( 'NONE',  ( 134.3449920245865883, -140.5147644264603457, 105.7677713565763042 ) ) ;
#1406 = PLANE ( 'NONE',  #6406 ) ;
#1407 = ADVANCED_FACE ( 'NONE', ( #6733 ), #227, .T. ) ;
#1408 = DIRECTION ( 'NONE',  ( 1.000000000000000000, -5.947210316807140508E-15, 7.166576360129279219E-17 ) ) ;
#1409 = CARTESIAN_POINT ( 'NONE',  ( 163.0032086651650047, -141.2160725321140262, 67.83489431560801108 ) ) ;
#1410 = CARTESIAN_POINT ( 'NONE',  ( 160.5100065642035077, -127.9297640746490146, 67.29289313032980147 ) ) ;
#1411 = FACE_OUTER_BOUND ( 'NONE', #7566, .T. ) ;
#1412 = VECTOR ( 'NONE', #8534, 1000.000000000000000 ) ;
#1413 = ORIENTED_EDGE ( 'NONE', *, *, #599, .F. ) ;
#1414 = FACE_OUTER_BOUND ( 'NONE', #891, .T. ) ;
#1415 = ORIENTED_EDGE ( 'NONE', *, *, #10504, .F. ) ;
#1416 = CARTESIAN_POINT ( 'NONE',  ( 163.0571133453900075, -153.4297640746490003, 65.95898615365621254 ) ) ;
#1417 = CARTESIAN_POINT ( 'NONE',  ( 134.7596747763882945, -140.8337979749774718, 110.5461665525495647 ) ) ;
#1418 = ADVANCED_FACE ( 'NONE', ( #8427 ), #10299, .T. ) ;
#1419 = VECTOR ( 'NONE', #8730, 1000.000000000000000 ) ;
#1420 = EDGE_CURVE ( 'NONE', #1979, #8666, #806, .T. ) ;
#1421 = DIRECTION ( 'NONE',  ( 3.124491233548320204E-15, 1.000000000000000000, 6.351909800628989903E-14 ) ) ;
#1422 = DIRECTION ( 'NONE',  ( -1.000000000000000000, 2.602085213964869829E-17, -7.166576360129189239E-17 ) ) ;
#1423 = LINE ( 'NONE', #5053, #10812 ) ;
#1424 = ORIENTED_EDGE ( 'NONE', *, *, #7293, .F. ) ;
#1425 = CYLINDRICAL_SURFACE ( 'NONE', #8092, 0.9999999999999964473 ) ;
#1426 = VERTEX_POINT ( 'NONE', #11391 ) ;
#1427 = AXIS2_PLACEMENT_3D ( 'NONE', #7391, #2782, #8352 ) ;
#1428 = ORIENTED_EDGE ( 'NONE', *, *, #9903, .F. ) ;
#1429 = FACE_OUTER_BOUND ( 'NONE', #6536, .T. ) ;
#1430 = LINE ( 'NONE', #5120, #10119 ) ;
#1431 = DIRECTION ( 'NONE',  ( -4.849173379634530258E-15, 1.000000000000000000, 6.881851277481381070E-15 ) ) ;
#1432 = ORIENTED_EDGE ( 'NONE', *, *, #7181, .T. ) ;
#1433 = DIRECTION ( 'NONE',  ( 2.602085213964869829E-17, 1.000000000000000000, -1.526556658859589750E-16 ) ) ;
#1434 = ORIENTED_EDGE ( 'NONE', *, *, #11756, .T. ) ;
#1435 = ORIENTED_EDGE ( 'NONE', *, *, #2746, .F. ) ;
#1436 = CARTESIAN_POINT ( 'NONE',  ( 138.3415388542509845, -144.2937073219879949, 109.3646811029040009 ) ) ;
#1437 = CARTESIAN_POINT ( 'NONE',  ( 138.1874718761889937, -144.2510405795240160, 110.3700245264530082 ) ) ;
#1438 = ORIENTED_EDGE ( 'NONE', *, *, #10980, .T. ) ;
#1439 = CARTESIAN_POINT ( 'NONE',  ( 163.3171131927749968, -154.0297640746490231, 103.7997837512839965 ) ) ;
#1440 = ORIENTED_EDGE ( 'NONE', *, *, #1729, .T. ) ;
#1441 = ORIENTED_EDGE ( 'NONE', *, *, #8866, .T. ) ;
#1442 = AXIS2_PLACEMENT_3D ( 'NONE', #9343, #4852, #8565 ) ;
#1443 = ORIENTED_EDGE ( 'NONE', *, *, #9192, .T. ) ;
#1444 = AXIS2_PLACEMENT_3D ( 'NONE', #9778, #5167, #1475 ) ;
#1445 = CARTESIAN_POINT ( 'NONE',  ( 160.2171133453899756, -119.4297640746489861, 68.99999991151629786 ) ) ;
#1446 = CARTESIAN_POINT ( 'NONE',  ( 132.2171133453900040, -151.9297640215114882, 62.74960223581900465 ) ) ;
#1447 = CARTESIAN_POINT ( 'NONE',  ( 132.2171133453900040, -138.8513369720210164, 93.86432591814079274 ) ) ;
#1448 = ORIENTED_EDGE ( 'NONE', *, *, #9694, .T. ) ;
#1449 = ADVANCED_FACE ( 'NONE', ( #967 ), #105, .T. ) ;
#1450 = CARTESIAN_POINT ( 'NONE',  ( 173.2171134944015023, -140.4262129510822206, 57.08879711976310034 ) ) ;
#1451 = ORIENTED_EDGE ( 'NONE', *, *, #736, .F. ) ;
#1452 = CARTESIAN_POINT ( 'NONE',  ( 132.5100065642029961, -141.1368708558350136, 67.99999991151649681 ) ) ;
#1453 = DIRECTION ( 'NONE',  ( 1.000000000000000000, -3.480590576041360211E-15, -1.177071316573370074E-14 ) ) ;
#1454 = VECTOR ( 'NONE', #954, 1000.000000000000000 ) ;
#1455 = EDGE_LOOP ( 'NONE', ( #6716, #11725, #3070, #6901 ) ) ;
#1456 = LINE ( 'NONE', #2322, #6755 ) ;
#1457 = UNCERTAINTY_MEASURE_WITH_UNIT (LENGTH_MEASURE( 1.000000000000000082E-05 ), #7661, 'distance_accuracy_value', 'NONE');
#1458 = ORIENTED_EDGE ( 'NONE', *, *, #4268, .T. ) ;
#1459 = ADVANCED_FACE ( 'NONE', ( #10304 ), #11271, .T. ) ;
#1460 = AXIS2_PLACEMENT_3D ( 'NONE', #4792, #5709, #2084 ) ;
#1461 = AXIS2_PLACEMENT_3D ( 'NONE', #512, #1556, #7142 ) ;
#1462 = CARTESIAN_POINT ( 'NONE',  ( 125.4555982874533981, -138.1586012779320072, 53.38549640900540538 ) ) ;
#1463 = ADVANCED_FACE ( 'NONE', ( #5634 ), #2974, .T. ) ;
#1464 = ADVANCED_FACE ( 'NONE', ( #11634 ), #3909, .F. ) ;
#1465 = DIRECTION ( 'NONE',  ( 1.000000000000000000, 0.000000000000000000, 0.000000000000000000 ) ) ;
#1466 = LINE ( 'NONE', #8074, #3301 ) ;
#1467 = FACE_OUTER_BOUND ( 'NONE', #6772, .T. ) ;
#1468 = CARTESIAN_POINT ( 'NONE',  ( 162.4389765343310046, -139.0123066669160039, 67.00080478523059924 ) ) ;
#1469 = DIRECTION ( 'NONE',  ( 4.347672017730144212E-17, 1.049620874995413908E-16, 1.000000000000000000 ) ) ;
#1470 = DIRECTION ( 'NONE',  ( 0.000000000000000000, 6.573933234426810631E-15, -1.000000000000000000 ) ) ;
#1471 = AXIS2_PLACEMENT_3D ( 'NONE', #1589, #6200, #4434 ) ;
#1472 = DIRECTION ( 'NONE',  ( 0.9238795325112676426, 0.3826834323651360226, 0.000000000000000000 ) ) ;
#1473 = ORIENTED_EDGE ( 'NONE', *, *, #2557, .T. ) ;
#1474 = EDGE_CURVE ( 'NONE', #2135, #7383, #1508, .T. ) ;
#1475 = DIRECTION ( 'NONE',  ( 0.7071067811865475727, 0.000000000000000000, -0.7071067811865475727 ) ) ;
#1476 = ORIENTED_EDGE ( 'NONE', *, *, #5710, .F. ) ;
#1477 = VECTOR ( 'NONE', #6980, 1000.000000000000000 ) ;
#1478 = DIRECTION ( 'NONE',  ( -0.7071067811866240671, -0.7071067811864709673, 5.726850911310699391E-17 ) ) ;
#1479 = CARTESIAN_POINT ( 'NONE',  ( 132.2171133534549767, -142.4297640746490003, 81.50005035146759269 ) ) ;
#1480 = DIRECTION ( 'NONE',  ( -1.000000000000000000, 0.000000000000000000, 0.000000000000000000 ) ) ;
#1481 = CARTESIAN_POINT ( 'NONE',  ( 123.9378425054314050, -138.4888805644083902, 58.25000000000000000 ) ) ;
#1482 = CARTESIAN_POINT ( 'NONE',  ( 125.2171134314530008, -154.4297640918499894, 108.8158571660590042 ) ) ;
#1483 = CARTESIAN_POINT ( 'NONE',  ( 132.2171133453900040, -141.8439776370219931, 67.99999991151649681 ) ) ;
#1484 = ORIENTED_EDGE ( 'NONE', *, *, #6384, .T. ) ;
#1485 = DIRECTION ( 'NONE',  ( 2.602085213964869829E-17, 1.000000000000000000, -1.526556658859589750E-16 ) ) ;
#1486 = VERTEX_POINT ( 'NONE', #6914 ) ;
#1487 = CIRCLE ( 'NONE', #3435, 1.450000000000006839 ) ;
#1488 = ADVANCED_FACE ( 'NONE', ( #4963 ), #8910, .T. ) ;
#1489 = VERTEX_POINT ( 'NONE', #5140 ) ;
#1490 = EDGE_CURVE ( 'NONE', #8344, #11745, #3396, .T. ) ;
#1491 = PLANE ( 'NONE',  #7253 ) ;
#1492 = PLANE ( 'NONE',  #7413 ) ;
#1493 = CARTESIAN_POINT ( 'NONE',  ( 161.5403828798859820, -154.4297640746490003, 113.1542220326149959 ) ) ;
#1494 = ORIENTED_EDGE ( 'NONE', *, *, #7040, .F. ) ;
#1495 = CARTESIAN_POINT ( 'NONE',  ( 160.1768364872659731, -145.4297640215119714, 112.2644502228039869 ) ) ;
#1496 = CARTESIAN_POINT ( 'NONE',  ( 165.2171133453904872, -143.3164134470121951, 62.25000000000000000 ) ) ;
#1497 = LINE ( 'NONE', #7924, #6132 ) ;
#1498 = CARTESIAN_POINT ( 'NONE',  ( 138.0920337882469937, -144.2216771345159998, 110.3643260063079907 ) ) ;
#1499 = ORIENTED_EDGE ( 'NONE', *, *, #9126, .F. ) ;
#1500 = CARTESIAN_POINT ( 'NONE',  ( 162.4721316336380141, -132.1700309009920318, 53.17562527652629711 ) ) ;
#1501 = VERTEX_POINT ( 'NONE', #7760 ) ;
#1502 = VERTEX_POINT ( 'NONE', #11451 ) ;
#1503 = ADVANCED_FACE ( 'NONE', ( #5076 ), #3274, .F. ) ;
#1504 = AXIS2_PLACEMENT_3D ( 'NONE', #10659, #7087, #9690 ) ;
#1505 = VERTEX_POINT ( 'NONE', #2312 ) ;
#1506 = FACE_OUTER_BOUND ( 'NONE', #136, .T. ) ;
#1507 = CARTESIAN_POINT ( 'NONE',  ( 169.2171133453904872, -154.6398243570239970, 62.75000000000000000 ) ) ;
#1508 = LINE ( 'NONE', #11513, #2750 ) ;
#1509 = ORIENTED_EDGE ( 'NONE', *, *, #8361, .F. ) ;
#1510 = FACE_OUTER_BOUND ( 'NONE', #10821, .T. ) ;
#1511 = CARTESIAN_POINT ( 'NONE',  ( 121.7171133453899898, -148.4297640215245906, 62.75000000000000000 ) ) ;
#1512 = ORIENTED_EDGE ( 'NONE', *, *, #2755, .F. ) ;
#1513 = CARTESIAN_POINT ( 'NONE',  ( 134.2171133453900040, -119.4297640746489861, 67.99999991151649681 ) ) ;
#1514 = CARTESIAN_POINT ( 'NONE',  ( 130.2171133453899756, -148.4297640215247895, 62.25000000000000000 ) ) ;
#1515 = MECHANICAL_DESIGN_GEOMETRIC_PRESENTATION_REPRESENTATION (  '', ( #5963 ), #6743 ) ;
#1516 = ORIENTED_EDGE ( 'NONE', *, *, #10262, .T. ) ;
#1517 = LINE ( 'NONE', #4186, #6177 ) ;
#1518 = EDGE_CURVE ( 'NONE', #128, #5645, #4115, .T. ) ;
#1519 = ORIENTED_EDGE ( 'NONE', *, *, #5913, .F. ) ;
#1520 = AXIS2_PLACEMENT_3D ( 'NONE', #9881, #5266, #5773 ) ;
#1521 = VECTOR ( 'NONE', #3479, 1000.000000000000000 ) ;
#1522 = DIRECTION ( 'NONE',  ( 1.778958924614190116E-14, 1.000000000000000000, 0.000000000000000000 ) ) ;
#1523 = COLOUR_RGB ( '',0.1882352941176470562, 0.2313725490196078538, 0.5882352941176470784 ) ;
#1524 = CARTESIAN_POINT ( 'NONE',  ( 134.4809309310777223, -140.5866363182663861, 105.9029131769356411 ) ) ;
#1525 = CARTESIAN_POINT ( 'NONE',  ( 132.3255008394325785, -120.4297680637884156, 62.66078637172639532 ) ) ;
#1526 = CARTESIAN_POINT ( 'NONE',  ( 135.6669467343540134, -152.8297640746490060, 72.24999974667979075 ) ) ;
#1527 = CARTESIAN_POINT ( 'NONE',  ( 160.2171131927750025, -154.4297640746490003, 103.7997837512839965 ) ) ;
#1528 = EDGE_CURVE ( 'NONE', #4887, #8107, #5636, .T. ) ;
#1529 = FACE_OUTER_BOUND ( 'NONE', #9002, .T. ) ;
#1530 = AXIS2_PLACEMENT_3D ( 'NONE', #4277, #3369, #5914 ) ;
#1531 = AXIS2_PLACEMENT_3D ( 'NONE', #3995, #4958, #10822 ) ;
#1532 = DIRECTION ( 'NONE',  ( -0.8944271909999325088, 0.000000000000000000, -0.4472135954999246210 ) ) ;
#1533 = VERTEX_POINT ( 'NONE', #345 ) ;
#1534 = ADVANCED_FACE ( 'NONE', ( #10666 ), #2370, .T. ) ;
#1535 = FACE_OUTER_BOUND ( 'NONE', #6472, .T. ) ;
#1536 = ORIENTED_EDGE ( 'NONE', *, *, #3684, .F. ) ;
#1537 = VECTOR ( 'NONE', #6767, 1000.000000000000114 ) ;
#1538 = DIRECTION ( 'NONE',  ( -9.644381700046828834E-17, 1.000000000000000000, -2.327875578288750051E-16 ) ) ;
#1539 = DIRECTION ( 'NONE',  ( 0.3826834323651126524, -0.9238795325112774126, 1.323940956865500752E-14 ) ) ;
#1540 = DIRECTION ( 'NONE',  ( -2.449293589365059812E-16, 6.573933234426810631E-15, -1.000000000000000000 ) ) ;
#1541 = EDGE_CURVE ( 'NONE', #8035, #2725, #527, .T. ) ;
#1542 = DIRECTION ( 'NONE',  ( 0.000000000000000000, -1.000000000000000000, -6.573933234426810631E-15 ) ) ;
#1543 = DIRECTION ( 'NONE',  ( 1.000000000000000000, 9.644381700046818973E-17, -4.666241877321180938E-16 ) ) ;
#1544 = DIRECTION ( 'NONE',  ( -0.5735764363510459374, -0.8191520442889920206, -5.941753882927150484E-15 ) ) ;
#1545 = ORIENTED_EDGE ( 'NONE', *, *, #519, .T. ) ;
#1546 = CARTESIAN_POINT ( 'NONE',  ( 162.3316214668390387, -139.3606292424780975, 69.98878817454480838 ) ) ;
#1547 = ADVANCED_FACE ( 'NONE', ( #3334, #4239, #10720, #2430 ), #9811, .T. ) ;
#1548 = ORIENTED_EDGE ( 'NONE', *, *, #367, .F. ) ;
#1549 = VECTOR ( 'NONE', #7730, 1000.000000000000000 ) ;
#1550 = FACE_OUTER_BOUND ( 'NONE', #3149, .T. ) ;
#1551 = ADVANCED_FACE ( 'NONE', ( #5879 ), #10783, .T. ) ;
#1552 = ORIENTED_EDGE ( 'NONE', *, *, #492, .T. ) ;
#1553 = CARTESIAN_POINT ( 'NONE',  ( 127.4387430301741659, -136.7699883797179723, 51.91664625081959628 ) ) ;
#1554 = DIRECTION ( 'NONE',  ( -0.9999934369450365068, -9.728657135986383268E-17, -0.003622991423313477906 ) ) ;
#1555 = ORIENTED_EDGE ( 'NONE', *, *, #1200, .F. ) ;
#1556 = DIRECTION ( 'NONE',  ( 0.7071067811865480168, -0.7071067811865470176, -4.821663979746488122E-15 ) ) ;
#1557 = DIRECTION ( 'NONE',  ( -2.602085213964869829E-17, -1.000000000000000000, 1.526556658859589750E-16 ) ) ;
#1558 = AXIS2_PLACEMENT_3D ( 'NONE', #7763, #10367, #9519 ) ;
#1559 = EDGE_CURVE ( 'NONE', #2953, #839, #1268, .T. ) ;
#1560 = CARTESIAN_POINT ( 'NONE',  ( 134.9242201265769836, -138.7226572934619639, 79.56249988289630437 ) ) ;
#1561 = EDGE_CURVE ( 'NONE', #4897, #8704, #5102, .T. ) ;
#1562 = CARTESIAN_POINT ( 'NONE',  ( 165.2171133453900040, -120.4297640215243916, 57.98985306244389903 ) ) ;
#1563 = SPHERICAL_SURFACE ( 'NONE', #248, 1.000000000000000000 ) ;
#1564 = CYLINDRICAL_SURFACE ( 'NONE', #7341, 0.9999999999999964473 ) ;
#1565 = EDGE_LOOP ( 'NONE', ( #6210, #7305, #1720, #4236 ) ) ;
#1566 = DIRECTION ( 'NONE',  ( -8.810118433399939970E-15, -1.526556658859629933E-16, -1.000000000000000000 ) ) ;
#1567 = ORIENTED_EDGE ( 'NONE', *, *, #8529, .T. ) ;
#1568 = ORIENTED_EDGE ( 'NONE', *, *, #7798, .T. ) ;
#1569 = ORIENTED_EDGE ( 'NONE', *, *, #2094, .F. ) ;
#1570 = PLANE ( 'NONE',  #11500 ) ;
#1571 = LINE ( 'NONE', #5139, #6853 ) ;
#1572 = CARTESIAN_POINT ( 'NONE',  ( 121.2171129162049965, -146.9297640480800169, 100.7500000000290044 ) ) ;
#1573 = ORIENTED_EDGE ( 'NONE', *, *, #131, .F. ) ;
#1574 = CYLINDRICAL_SURFACE ( 'NONE', #471, 0.9999999999999866773 ) ;
#1575 = ADVANCED_FACE ( 'NONE', ( #5939 ), #2668, .T. ) ;
#1576 = VERTEX_POINT ( 'NONE', #9929 ) ;
#1577 = EDGE_CURVE ( 'NONE', #3327, #7077, #6301, .T. ) ;
#1578 = CARTESIAN_POINT ( 'NONE',  ( 133.2171133453900040, -141.8439776370219931, 89.41609849487390704 ) ) ;
#1579 =( BOUNDED_CURVE ( )  B_SPLINE_CURVE ( 3, ( #9550, #11485, #10517, #4213 ),
 .UNSPECIFIED., .F., .T. ) 
 B_SPLINE_CURVE_WITH_KNOTS ( ( 4, 4 ),
 ( 4.719147851734359911, 5.349890256905269759 ),
 .UNSPECIFIED. ) 
 CURVE ( )  GEOMETRIC_REPRESENTATION_ITEM ( )  RATIONAL_B_SPLINE_CURVE ( ( 1.000000000000000000, 0.9671208724905309140, 0.9671208724905309140, 1.000000000000000000 ) ) 
 REPRESENTATION_ITEM ( '' )  );
#1580 = CARTESIAN_POINT ( 'NONE',  ( 173.2171134944019855, -120.4297639520752057, 62.75000000000000000 ) ) ;
#1581 = VERTEX_POINT ( 'NONE', #1630 ) ;
#1582 = LINE ( 'NONE', #11822, #2306 ) ;
#1583 = ORIENTED_EDGE ( 'NONE', *, *, #409, .T. ) ;
#1584 = DIRECTION ( 'NONE',  ( 0.3826834323651126524, -0.9238795325112774126, 1.323940956865500752E-14 ) ) ;
#1585 = CARTESIAN_POINT ( 'NONE',  ( 165.2171133453904872, -144.0488782002692005, 58.25000000000000000 ) ) ;
#1586 = LINE ( 'NONE', #8925, #11047 ) ;
#1587 = AXIS2_PLACEMENT_3D ( 'NONE', #11576, #3041, #937 ) ;
#1588 = EDGE_CURVE ( 'NONE', #5586, #4369, #8057, .T. ) ;
#1589 = CARTESIAN_POINT ( 'NONE',  ( 147.6669467408599985, -153.4297640746490003, 83.34999974667989875 ) ) ;
#1590 = CARTESIAN_POINT ( 'NONE',  ( 132.5100065642033940, -136.4297640746490288, 70.29289313032991515 ) ) ;
#1591 = CARTESIAN_POINT ( 'NONE',  ( 132.4372480082891173, -153.0578471383972783, 67.13885186925035953 ) ) ;
#1592 = EDGE_LOOP ( 'NONE', ( #6535, #10640, #647, #926 ) ) ;
#1593 = AXIS2_PLACEMENT_3D ( 'NONE', #1869, #8535, #1004 ) ;
#1594 = CARTESIAN_POINT ( 'NONE',  ( 163.2171132912669975, -136.4297640746490288, 81.50005036323310037 ) ) ;
#1595 = LINE ( 'NONE', #6939, #10738 ) ;
#1596 = ORIENTED_EDGE ( 'NONE', *, *, #5040, .T. ) ;
#1597 = DIRECTION ( 'NONE',  ( 3.160768215787150073E-15, 1.000000000000000000, -1.526556658859589750E-16 ) ) ;
#1598 = DIRECTION ( 'NONE',  ( 1.000000000000000000, -3.973480495251319981E-15, 7.166576360129249636E-17 ) ) ;
#1599 = B_SPLINE_CURVE_WITH_KNOTS ( 'NONE', 3,
 ( #4894, #8544, #1260, #396 ),
 .UNSPECIFIED., .F., .F.,
 ( 4, 4 ),
 ( 0.000000000000000000, 1.000000000000000000 ),
 .UNSPECIFIED. ) ;
#1600 = SPHERICAL_SURFACE ( 'NONE', #10950, 1.000000000000000000 ) ;
#1601 = CARTESIAN_POINT ( 'NONE',  ( 163.0032086462690017, -141.2160725253330327, 69.16510543892299268 ) ) ;
#1602 = AXIS2_PLACEMENT_3D ( 'NONE', #3377, #5242, #3255 ) ;
#1603 = CARTESIAN_POINT ( 'NONE',  ( 163.2171133453900040, -144.5297640215119941, 65.95898615365621254 ) ) ;
#1604 = CARTESIAN_POINT ( 'NONE',  ( 132.7171301269663957, -140.5155001675441895, 69.70699703576039497 ) ) ;
#1605 = ORIENTED_EDGE ( 'NONE', *, *, #11534, .T. ) ;
#1606 = LINE ( 'NONE', #9000, #3648 ) ;
#1607 = CARTESIAN_POINT ( 'NONE',  ( 165.2171133453904872, -148.4297640215243916, 62.75000000000000000 ) ) ;
#1608 = ORIENTED_EDGE ( 'NONE', *, *, #1919, .T. ) ;
#1609 = ADVANCED_FACE ( 'NONE', ( #6362 ), #9991, .F. ) ;
#1610 = AXIS2_PLACEMENT_3D ( 'NONE', #7462, #11151, #8188 ) ;
#1611 = DIRECTION ( 'NONE',  ( 8.933825901280388903E-17, 1.000000000000000000, -8.933825901280388903E-17 ) ) ;
#1612 = DIRECTION ( 'NONE',  ( 1.060406112649506061E-14, 0.000000000000000000, 1.000000000000000000 ) ) ;
#1613 = VERTEX_POINT ( 'NONE', #7277 ) ;
#1614 = CARTESIAN_POINT ( 'NONE',  ( 120.2171133453899898, -114.8297640215114086, 62.24960223581919649 ) ) ;
#1615 = LINE ( 'NONE', #3558, #5598 ) ;
#1616 = EDGE_CURVE ( 'NONE', #2725, #5586, #5444, .T. ) ;
#1617 = EDGE_CURVE ( 'NONE', #592, #3379, #9026, .T. ) ;
#1618 = CARTESIAN_POINT ( 'NONE',  ( 139.0808597668969924, -145.2598994943089963, 111.3679489095640065 ) ) ;
#1619 = CARTESIAN_POINT ( 'NONE',  ( 168.6298797530100160, -127.2079386145634459, 59.69999999999995310 ) ) ;
#1620 = CARTESIAN_POINT ( 'NONE',  ( 161.2171133453899756, -134.4297640746490288, 80.76881145353203806 ) ) ;
#1621 = ORIENTED_EDGE ( 'NONE', *, *, #1528, .F. ) ;
#1622 = DIRECTION ( 'NONE',  ( -0.7071067811865474617, 0.7071067811865474617, 6.121750631620415371E-15 ) ) ;
#1623 = AXIS2_PLACEMENT_3D ( 'NONE', #8550, #226, #3937 ) ;
#1624 = EDGE_LOOP ( 'NONE', ( #5428, #9780, #11133, #8945, #2062 ) ) ;
#1625 = VERTEX_POINT ( 'NONE', #831 ) ;
#1626 = ORIENTED_EDGE ( 'NONE', *, *, #3027, .T. ) ;
#1627 = EDGE_CURVE ( 'NONE', #8244, #8029, #11868, .T. ) ;
#1628 = CARTESIAN_POINT ( 'NONE',  ( 175.2171132998439873, -149.4297640746490003, 103.7500000343809887 ) ) ;
#1629 = DIRECTION ( 'NONE',  ( -1.214306495755059738E-16, 1.000000000000000000, 6.573933234426810631E-15 ) ) ;
#1630 = CARTESIAN_POINT ( 'NONE',  ( 161.2171133453899756, -119.4297640746489861, 69.99999991151629786 ) ) ;
#1631 = ORIENTED_EDGE ( 'NONE', *, *, #1420, .F. ) ;
#1632 = VERTEX_POINT ( 'NONE', #6184 ) ;
#1633 = VECTOR ( 'NONE', #5138, 1000.000000000000000 ) ;
#1634 = PLANE ( 'NONE',  #10941 ) ;
#1635 = ORIENTED_EDGE ( 'NONE', *, *, #8135, .F. ) ;
#1636 = LINE ( 'NONE', #11755, #7297 ) ;
#1637 = LINE ( 'NONE', #11034, #1151 ) ;
#1638 = ORIENTED_EDGE ( 'NONE', *, *, #9404, .T. ) ;
#1639 = CIRCLE ( 'NONE', #3191, 3.099999999999991651 ) ;
#1640 = DIRECTION ( 'NONE',  ( 0.000000000000000000, 7.425043536408380004E-15, -1.000000000000000000 ) ) ;
#1641 = CIRCLE ( 'NONE', #3962, 3.099999999999991651 ) ;
#1642 = ORIENTED_EDGE ( 'NONE', *, *, #3578, .F. ) ;
#1643 = ADVANCED_FACE ( 'NONE', ( #10969 ), #8239, .T. ) ;
#1644 = EDGE_CURVE ( 'NONE', #7059, #8750, #2111, .T. ) ;
#1645 = LINE ( 'NONE', #10069, #4488 ) ;
#1646 = LINE ( 'NONE', #7509, #7081 ) ;
#1647 = CARTESIAN_POINT ( 'NONE',  ( 134.5525628008136607, -121.0879891165397595, 61.85477070373491415 ) ) ;
#1648 = CIRCLE ( 'NONE', #9196, 0.9999999999999866773 ) ;
#1649 = CARTESIAN_POINT ( 'NONE',  ( 135.1768364872669963, -140.9297640215120282, 116.1643259181419978 ) ) ;
#1650 = AXIS2_PLACEMENT_3D ( 'NONE', #2355, #9800, #10706 ) ;
#1651 = CARTESIAN_POINT ( 'NONE',  ( 158.4671133112319694, -140.4297640215119998, 102.7500000000329976 ) ) ;
#1652 = LINE ( 'NONE', #5684, #9238 ) ;
#1653 = DIRECTION ( 'NONE',  ( 7.166576360127679310E-17, -2.692261676065480290E-15, -1.000000000000000000 ) ) ;
#1654 = CIRCLE ( 'NONE', #3014, 1.700000000000007061 ) ;
#1655 = CIRCLE ( 'NONE', #9786, 14.00026375888599439 ) ;
#1656 = EDGE_CURVE ( 'NONE', #458, #7799, #9085, .T. ) ;
#1657 = VERTEX_POINT ( 'NONE', #2729 ) ;
#1658 = DIRECTION ( 'NONE',  ( 1.000000000000000000, 9.644381700047268870E-17, 2.231155674348849972E-14 ) ) ;
#1659 = ORIENTED_EDGE ( 'NONE', *, *, #9850, .F. ) ;
#1660 = DIRECTION ( 'NONE',  ( -0.3198345585774040045, 0.2239505688958640384, 0.9206258728880131192 ) ) ;
#1661 = CARTESIAN_POINT ( 'NONE',  ( 125.4555982874533981, -137.4261365246752007, 53.38549640900540538 ) ) ;
#1662 = DIRECTION ( 'NONE',  ( 0.8125199200687275303, -0.3365567705908014129, -0.4759631494779816840 ) ) ;
#1663 = CIRCLE ( 'NONE', #3991, 1.000000000000003997 ) ;
#1664 = ORIENTED_EDGE ( 'NONE', *, *, #5500, .F. ) ;
#1665 = CARTESIAN_POINT ( 'NONE',  ( 163.2171133304049988, -141.6943747362589932, 68.99726357554391143 ) ) ;
#1666 = DIRECTION ( 'NONE',  ( 8.659560562354961208E-17, 0.7071067811865452413, -0.7071067811865497932 ) ) ;
#1667 = DIRECTION ( 'NONE',  ( -1.214306505109929978E-16, 1.000000000000000000, 0.000000000000000000 ) ) ;
#1668 = ORIENTED_EDGE ( 'NONE', *, *, #11612, .F. ) ;
#1669 = LINE ( 'NONE', #1788, #8482 ) ;
#1670 = VERTEX_POINT ( 'NONE', #5380 ) ;
#1671 = VERTEX_POINT ( 'NONE', #8117 ) ;
#1672 = EDGE_CURVE ( 'NONE', #9851, #9729, #770, .T. ) ;
#1673 = AXIS2_PLACEMENT_3D ( 'NONE', #5625, #902, #3638 ) ;
#1674 = FACE_OUTER_BOUND ( 'NONE', #3035, .T. ) ;
#1675 = FACE_OUTER_BOUND ( 'NONE', #7783, .T. ) ;
#1676 = VERTEX_POINT ( 'NONE', #3517 ) ;
#1677 = CARTESIAN_POINT ( 'NONE',  ( 132.7943063462900000, -144.5297640215119941, 66.96810934369278812 ) ) ;
#1678 = CARTESIAN_POINT ( 'NONE',  ( 160.7171133453894925, -138.5155505122764055, 67.29289313032980147 ) ) ;
#1679 = DIRECTION ( 'NONE',  ( 0.7083865439939137643, 0.000000000000000000, -0.7058246979869428062 ) ) ;
#1680 = CARTESIAN_POINT ( 'NONE',  ( 132.2171133453900040, -143.9497639741290129, 98.58985179697648960 ) ) ;
#1681 = FACE_OUTER_BOUND ( 'NONE', #7849, .T. ) ;
#1682 = ORIENTED_EDGE ( 'NONE', *, *, #10956, .T. ) ;
#1683 = VECTOR ( 'NONE', #3680, 1000.000000000000000 ) ;
#1684 = ADVANCED_FACE ( 'NONE', ( #4474 ), #4588, .T. ) ;
#1685 = CARTESIAN_POINT ( 'NONE',  ( 138.1026044211599810, -140.4297640215119998, 106.3643259181410059 ) ) ;
#1686 = ORIENTED_EDGE ( 'NONE', *, *, #9693, .F. ) ;
#1687 = VERTEX_POINT ( 'NONE', #9875 ) ;
#1688 = EDGE_CURVE ( 'NONE', #10155, #4589, #5319, .T. ) ;
#1689 = ADVANCED_FACE ( 'NONE', ( #8966 ), #2955, .T. ) ;
#1690 = EDGE_LOOP ( 'NONE', ( #6861, #262, #11357, #3717, #10350 ) ) ;
#1691 = CARTESIAN_POINT ( 'NONE',  ( 163.2171133453904872, -114.4297640215112040, 62.24960223581919649 ) ) ;
#1692 = DIRECTION ( 'NONE',  ( 8.607281501197631109E-16, -0.7071067811865490160, 0.7071067811865461294 ) ) ;
#1693 = CARTESIAN_POINT ( 'NONE',  ( 132.2171133453900040, -144.4297640746490003, 81.50005035146759269 ) ) ;
#1694 = ORIENTED_EDGE ( 'NONE', *, *, #11246, .T. ) ;
#1695 = VECTOR ( 'NONE', #9476, 1000.000000000000000 ) ;
#1696 = ORIENTED_EDGE ( 'NONE', *, *, #2166, .T. ) ;
#1697 = LINE ( 'NONE', #5324, #8422 ) ;
#1698 = ORIENTED_EDGE ( 'NONE', *, *, #4379, .F. ) ;
#1699 = DIRECTION ( 'NONE',  ( -4.664896225277170639E-15, 1.000000000000000000, 6.633052400461320667E-15 ) ) ;
#1700 = CARTESIAN_POINT ( 'NONE',  ( 163.2171133453900040, -153.4297640746490003, 67.14091634279270693 ) ) ;
#1701 = ADVANCED_FACE ( 'NONE', ( #1126 ), #11311, .F. ) ;
#1702 = ORIENTED_EDGE ( 'NONE', *, *, #6358, .T. ) ;
#1703 = VECTOR ( 'NONE', #7325, 1000.000000000000000 ) ;
#1704 = CARTESIAN_POINT ( 'NONE',  ( 133.9421679410749846, -140.4297640215119998, 111.3643259181410059 ) ) ;
#1705 = EDGE_CURVE ( 'NONE', #9851, #10901, #8563, .T. ) ;
#1706 = ORIENTED_EDGE ( 'NONE', *, *, #670, .F. ) ;
#1707 = DIRECTION ( 'NONE',  ( 0.000000000000000000, -1.000000000000000000, -6.816794526063130539E-15 ) ) ;
#1708 = DIRECTION ( 'NONE',  ( 1.000000000000000000, -3.480590576041360211E-15, -4.697843999457050607E-15 ) ) ;
#1709 = AXIS2_PLACEMENT_3D ( 'NONE', #9120, #9236, #6404 ) ;
#1710 = DIRECTION ( 'NONE',  ( 0.000000000000000000, -0.9999999999999998890, 1.560792991609859804E-08 ) ) ;
#1711 = DIRECTION ( 'NONE',  ( 0.000000000000000000, -1.000000000000000000, 1.526556658859589750E-16 ) ) ;
#1712 = DIRECTION ( 'NONE',  ( -1.000000000000000000, 0.000000000000000000, 0.000000000000000000 ) ) ;
#1713 = EDGE_CURVE ( 'NONE', #11982, #9, #11256, .T. ) ;
#1714 = LINE ( 'NONE', #1590, #2079 ) ;
#1715 = EDGE_CURVE ( 'NONE', #10611, #11875, #608, .T. ) ;
#1716 = CARTESIAN_POINT ( 'NONE',  ( 158.7171133453899756, -138.8513369720210164, 93.86432591814070747 ) ) ;
#1717 = AXIS2_PLACEMENT_3D ( 'NONE', #11995, #3522, #10000 ) ;
#1718 = VECTOR ( 'NONE', #1152, 1000.000000000000000 ) ;
#1719 = DIRECTION ( 'NONE',  ( 0.5951893636155756173, 8.416332170449763954E-15, -0.8035854786137478500 ) ) ;
#1720 = ORIENTED_EDGE ( 'NONE', *, *, #11989, .F. ) ;
#1721 = FACE_OUTER_BOUND ( 'NONE', #4325, .T. ) ;
#1722 = DIRECTION ( 'NONE',  ( 4.666241877321180938E-16, 1.526556658859569782E-16, 1.000000000000000000 ) ) ;
#1723 = VECTOR ( 'NONE', #8777, 1000.000000000000000 ) ;
#1724 = FACE_OUTER_BOUND ( 'NONE', #11744, .T. ) ;
#1725 = VECTOR ( 'NONE', #9384, 1000.000000000000000 ) ;
#1726 = ORIENTED_EDGE ( 'NONE', *, *, #4322, .T. ) ;
#1727 = CARTESIAN_POINT ( 'NONE',  ( 138.8083963417199982, -144.5575354907408041, 106.0726899307379938 ) ) ;
#1728 = DIRECTION ( 'NONE',  ( 1.035913176755866132E-14, 0.000000000000000000, -1.000000000000000000 ) ) ;
#1729 = EDGE_CURVE ( 'NONE', #693, #5611, #6054, .T. ) ;
#1730 = FACE_OUTER_BOUND ( 'NONE', #2701, .T. ) ;
#1731 = ORIENTED_EDGE ( 'NONE', *, *, #6829, .F. ) ;
#1732 = CARTESIAN_POINT ( 'NONE',  ( 132.3248864417801656, -139.0155506940685086, 66.52198657027977902 ) ) ;
#1733 = ORIENTED_EDGE ( 'NONE', *, *, #1356, .T. ) ;
#1734 = ORIENTED_EDGE ( 'NONE', *, *, #2962, .T. ) ;
#1735 = CARTESIAN_POINT ( 'NONE',  ( 167.9954836606060269, -145.2618492856642263, 51.91664625081948969 ) ) ;
#1736 = CARTESIAN_POINT ( 'NONE',  ( 134.2171133769510050, -145.7328256174150169, 117.6643259181420120 ) ) ;
#1737 = ORIENTED_EDGE ( 'NONE', *, *, #2143, .F. ) ;
#1738 = CARTESIAN_POINT ( 'NONE',  ( 134.8860815986990076, -141.0994079359610112, 110.4199048807069943 ) ) ;
#1739 = LINE ( 'NONE', #695, #11029 ) ;
#1740 = DIRECTION ( 'NONE',  ( -0.7071067811865475727, -0.7071067811865475727, 2.517874784805353577E-14 ) ) ;
#1741 = LINE ( 'NONE', #1560, #9277 ) ;
#1742 = LINE ( 'NONE', #759, #4385 ) ;
#1743 = CIRCLE ( 'NONE', #11802, 1.849999999999990541 ) ;
#1744 = LINE ( 'NONE', #11803, #8203 ) ;
#1745 = CARTESIAN_POINT ( 'NONE',  ( 138.0100065642029961, -134.2226572934619924, 67.99999991151649681 ) ) ;
#1746 = VECTOR ( 'NONE', #10352, 1000.000000000000000 ) ;
#1747 = ORIENTED_EDGE ( 'NONE', *, *, #5151, .F. ) ;
#1748 = CARTESIAN_POINT ( 'NONE',  ( 160.2171133453899756, -131.6797640242459977, 91.62502517858249007 ) ) ;
#1749 = VERTEX_POINT ( 'NONE', #6650 ) ;
#1750 = ORIENTED_EDGE ( 'NONE', *, *, #5392, .F. ) ;
#1751 = ORIENTED_EDGE ( 'NONE', *, *, #10954, .T. ) ;
#1752 = DIRECTION ( 'NONE',  ( 0.000000000000000000, 0.000000000000000000, -1.000000000000000000 ) ) ;
#1753 = CARTESIAN_POINT ( 'NONE',  ( 163.2171133453900040, -119.4297640746489861, 65.99999991151629786 ) ) ;
#1754 = DIRECTION ( 'NONE',  ( -0.4397326120323142296, 0.1821432117215233126, 0.8794652240646053665 ) ) ;
#1755 = VECTOR ( 'NONE', #3885, 1000.000000000000000 ) ;
#1756 = ORIENTED_EDGE ( 'NONE', *, *, #3225, .F. ) ;
#1757 = EDGE_CURVE ( 'NONE', #3976, #8425, #2569, .T. ) ;
#1758 = ORIENTED_EDGE ( 'NONE', *, *, #6520, .T. ) ;
#1759 = DIRECTION ( 'NONE',  ( 0.5000000000000011102, -0.5000000000000011102, 0.7071067811865459074 ) ) ;
#1760 = EDGE_LOOP ( 'NONE', ( #11324, #9528, #416 ) ) ;
#1761 = CARTESIAN_POINT ( 'NONE',  ( 131.2171133605709770, -154.4297640746490003, 62.74999974667999680 ) ) ;
#1762 = DIRECTION ( 'NONE',  ( -7.166576360129189239E-17, 1.526556658859589750E-16, 1.000000000000000000 ) ) ;
#1763 = VERTEX_POINT ( 'NONE', #1930 ) ;
#1764 = CARTESIAN_POINT ( 'NONE',  ( 136.9671133340049778, -140.4297640215119998, 102.7500000000349871 ) ) ;
#1765 = ORIENTED_EDGE ( 'NONE', *, *, #4322, .F. ) ;
#1766 = DIRECTION ( 'NONE',  ( -6.573933225976710897E-15, -1.000000000000000000, 0.000000000000000000 ) ) ;
#1767 = CARTESIAN_POINT ( 'NONE',  ( 160.1768364872659731, -140.4297640215119998, 111.7644502228039869 ) ) ;
#1768 = EDGE_CURVE ( 'NONE', #4598, #3096, #4873, .T. ) ;
#1769 = CARTESIAN_POINT ( 'NONE',  ( 133.1522250784615835, -122.4941872295622858, 62.71828048869105032 ) ) ;
#1770 = CARTESIAN_POINT ( 'NONE',  ( 132.9671133453900040, -144.9297640480799885, 66.54898615365620174 ) ) ;
#1771 = CARTESIAN_POINT ( 'NONE',  ( 163.2171133453900040, -143.9397640415990054, 72.11913622275260138 ) ) ;
#1772 = EDGE_CURVE ( 'NONE', #220, #9632, #9219, .T. ) ;
#1773 = ADVANCED_FACE ( 'NONE', ( #8471 ), #3869, .T. ) ;
#1774 = FACE_OUTER_BOUND ( 'NONE', #4509, .T. ) ;
#1775 = EDGE_CURVE ( 'NONE', #5586, #9461, #6481, .T. ) ;
#1776 = DIRECTION ( 'NONE',  ( -7.166576360129189239E-17, 1.526556658859589750E-16, 1.000000000000000000 ) ) ;
#1777 = VECTOR ( 'NONE', #6467, 1000.000000000000000 ) ;
#1778 = ORIENTED_EDGE ( 'NONE', *, *, #2053, .F. ) ;
#1779 = DIRECTION ( 'NONE',  ( -4.738022480002830405E-13, 1.074295325857329935E-17, 1.000000000000000000 ) ) ;
#1780 = B_SPLINE_CURVE_WITH_KNOTS ( 'NONE', 3,
 ( #8339, #988, #11122, #4748, #9301, #4688, #7492, #8458, #10513, #1233, #5109, #10691, #8700, #9545 ),
 .UNSPECIFIED., .F., .F.,
 ( 4, 2, 2, 1, 1, 2, 2, 4 ),
 ( 0.000000000000000000, 0.2499999999999578115, 0.3749999999998958611, 0.4374999999998856470, 0.4687499999998647193, 0.4843749999998380185, 0.4999999999998112621, 1.000000000000000000 ),
 .UNSPECIFIED. ) ;
#1781 = CARTESIAN_POINT ( 'NONE',  ( 121.1991873743999975, -150.4118380298749855, 108.8158570650340096 ) ) ;
#1782 = DIRECTION ( 'NONE',  ( 1.000000000000000000, 0.000000000000000000, 0.000000000000000000 ) ) ;
#1783 = EDGE_LOOP ( 'NONE', ( #8484, #11305, #507, #9614, #3390, #10113 ) ) ;
#1784 = DIRECTION ( 'NONE',  ( -0.7071067811865709984, 0.000000000000000000, -0.7071067811865240360 ) ) ;
#1785 = CARTESIAN_POINT ( 'NONE',  ( 132.3771133453899722, -144.5297640215119941, 67.14091634279270693 ) ) ;
#1786 = FACE_BOUND ( 'NONE', #11891, .T. ) ;
#1787 = ORIENTED_EDGE ( 'NONE', *, *, #1296, .F. ) ;
#1788 = CARTESIAN_POINT ( 'NONE',  ( 157.6248169134119905, -148.2297640746490117, 105.4997837512840135 ) ) ;
#1789 = VERTEX_POINT ( 'NONE', #8412 ) ;
#1790 =( BOUNDED_CURVE ( )  B_SPLINE_CURVE ( 2, ( #7047, #7951, #4316 ),
 .UNSPECIFIED., .F., .T. ) 
 B_SPLINE_CURVE_WITH_KNOTS ( ( 3, 3 ),
 ( -2.076419184219270075, -2.003208984424249994 ),
 .UNSPECIFIED. ) 
 CURVE ( )  GEOMETRIC_REPRESENTATION_ITEM ( )  RATIONAL_B_SPLINE_CURVE ( ( 1.301111611164800008, 1.298632583217339986, 1.295954048034060113 ) ) 
 REPRESENTATION_ITEM ( '' )  );
#1791 = ORIENTED_EDGE ( 'NONE', *, *, #11229, .F. ) ;
#1792 = EDGE_CURVE ( 'NONE', #3214, #7019, #459, .T. ) ;
#1793 = CARTESIAN_POINT ( 'NONE',  ( 174.2171132998449821, -149.8297648895429859, 100.7500000000290044 ) ) ;
#1794 = DIRECTION ( 'NONE',  ( -1.000000000000000000, 0.000000000000000000, 0.000000000000000000 ) ) ;
#1795 = EDGE_CURVE ( 'NONE', #2248, #3257, #5799, .T. ) ;
#1796 = EDGE_LOOP ( 'NONE', ( #8230, #5065, #10728, #3928 ) ) ;
#1797 = CARTESIAN_POINT ( 'NONE',  ( 135.7474204125896620, -142.6514474391506155, 110.3643259181410201 ) ) ;
#1798 = CARTESIAN_POINT ( 'NONE',  ( 133.2171133453900040, -119.4297640746489861, 69.99999991151649681 ) ) ;
#1799 = AXIS2_PLACEMENT_3D ( 'NONE', #11687, #5201, #7033 ) ;
#1800 = DIRECTION ( 'NONE',  ( -0.4082482904638640719, -0.4082482904638640719, 0.8164965809277250353 ) ) ;
#1801 = LINE ( 'NONE', #8044, #5012 ) ;
#1802 = PLANE ( 'NONE',  #5931 ) ;
#1803 = DIRECTION ( 'NONE',  ( 5.079270344852710336E-15, -1.000000000000000000, -6.573933234426810631E-15 ) ) ;
#1804 = ORIENTED_EDGE ( 'NONE', *, *, #5838, .T. ) ;
#1805 = CARTESIAN_POINT ( 'NONE',  ( 134.2171133453900040, -138.0155505122760076, 79.56249988289630437 ) ) ;
#1806 = VERTEX_POINT ( 'NONE', #4884 ) ;
#1807 = VECTOR ( 'NONE', #135, 1000.000000000000000 ) ;
#1808 = ORIENTED_EDGE ( 'NONE', *, *, #10216, .F. ) ;
#1809 = ORIENTED_EDGE ( 'NONE', *, *, #5103, .T. ) ;
#1810 = DIRECTION ( 'NONE',  ( 0.000000000000000000, 1.000000000000000000, 0.000000000000000000 ) ) ;
#1811 = DIRECTION ( 'NONE',  ( -9.644381700046828834E-17, 1.000000000000000000, -2.327875578288750051E-16 ) ) ;
#1812 = ADVANCED_FACE ( 'NONE', ( #27 ), #9501, .F. ) ;
#1813 = ORIENTED_EDGE ( 'NONE', *, *, #8914, .T. ) ;
#1814 = EDGE_LOOP ( 'NONE', ( #8048, #8870, #11176, #8017 ) ) ;
#1815 = CARTESIAN_POINT ( 'NONE',  ( 132.2474879634529827, -121.4473735486275956, 51.11866876023850637 ) ) ;
#1816 = ORIENTED_EDGE ( 'NONE', *, *, #1012, .T. ) ;
#1817 = AXIS2_PLACEMENT_3D ( 'NONE', #9098, #6436, #966 ) ;
#1818 = CARTESIAN_POINT ( 'NONE',  ( 170.4744726127269985, -154.4297640746490003, 101.4926406871509954 ) ) ;
#1819 = CARTESIAN_POINT ( 'NONE',  ( 135.2171133453900040, -138.0155505122760076, 67.99999991151649681 ) ) ;
#1820 = VERTEX_POINT ( 'NONE', #6598 ) ;
#1821 = CARTESIAN_POINT ( 'NONE',  ( 163.1093391955747336, -139.0155505122760076, 66.52198898605048782 ) ) ;
#1822 = ORIENTED_EDGE ( 'NONE', *, *, #10910, .T. ) ;
#1823 = AXIS2_PLACEMENT_3D ( 'NONE', #2186, #3097, #5751 ) ;
#1824 = CARTESIAN_POINT ( 'NONE',  ( 138.7171131927750309, -154.4297640746490003, 103.7997837512839965 ) ) ;
#1825 = LINE ( 'NONE', #6316, #6817 ) ;
#1826 = DIRECTION ( 'NONE',  ( -8.819642570807949962E-15, 5.631065177880979691E-09, -1.000000000000000000 ) ) ;
#1827 = DIRECTION ( 'NONE',  ( 1.000000000000000000, 0.000000000000000000, 0.000000000000000000 ) ) ;
#1828 = LINE ( 'NONE', #7411, #2255 ) ;
#1829 = VECTOR ( 'NONE', #3786, 1000.000000000000000 ) ;
#1830 = DIRECTION ( 'NONE',  ( 0.000000000000000000, -1.000000000000000000, 2.692261676065480290E-15 ) ) ;
#1831 = ADVANCED_FACE ( 'NONE', ( #5675 ), #9150, .T. ) ;
#1832 = EDGE_CURVE ( 'NONE', #5113, #8518, #3982, .T. ) ;
#1834 = ORIENTED_EDGE ( 'NONE', *, *, #6737, .F. ) ;
#1833 = VECTOR ( 'NONE', #3337, 1000.000000000000000 ) ;
#1835 = VECTOR ( 'NONE', #7588, 1000.000000000000000 ) ;
#1836 = FACE_OUTER_BOUND ( 'NONE', #11397, .T. ) ;
#1837 = ORIENTED_EDGE ( 'NONE', *, *, #2823, .F. ) ;
#1838 = DIRECTION ( 'NONE',  ( 0.000000000000000000, 1.000000000000000000, 0.000000000000000000 ) ) ;
#1839 = DIRECTION ( 'NONE',  ( -9.644381700046828834E-17, 1.000000000000000000, -2.327875578288750051E-16 ) ) ;
#1840 = ORIENTED_EDGE ( 'NONE', *, *, #493, .T. ) ;
#1841 = DIRECTION ( 'NONE',  ( -0.7071067811865475727, 0.7071067811865475727, 0.000000000000000000 ) ) ;
#1842 = CARTESIAN_POINT ( 'NONE',  ( 160.1768364872659731, -140.9297640215119998, 112.2644502228039869 ) ) ;
#1843 = CYLINDRICAL_SURFACE ( 'NONE', #2692, 0.9999999999999964473 ) ;
#1844 = ORIENTED_EDGE ( 'NONE', *, *, #6816, .T. ) ;
#1845 = AXIS2_PLACEMENT_3D ( 'NONE', #9712, #1408, #5724 ) ;
#1846 = DIRECTION ( 'NONE',  ( -1.000000000000000000, 0.000000000000000000, 0.000000000000000000 ) ) ;
#1847 = ADVANCED_FACE ( 'NONE', ( #4100 ), #11555, .F. ) ;
#1848 = AXIS2_PLACEMENT_3D ( 'NONE', #9709, #7773, #6016 ) ;
#1849 = ORIENTED_EDGE ( 'NONE', *, *, #8214, .F. ) ;
#1850 = LINE ( 'NONE', #10154, #1829 ) ;
#1851 = ORIENTED_EDGE ( 'NONE', *, *, #11411, .F. ) ;
#1852 = VECTOR ( 'NONE', #4195, 1000.000000000000000 ) ;
#1853 = CARTESIAN_POINT ( 'NONE',  ( 135.9835722777344245, -142.9179290077515532, 110.3643259181410059 ) ) ;
#1854 = CARTESIAN_POINT ( 'NONE',  ( 132.2171133453900040, -141.8439742693130086, 68.00305646295669249 ) ) ;
#1855 = AXIS2_PLACEMENT_3D ( 'NONE', #10573, #3127, #9544 ) ;
#1856 = DIRECTION ( 'NONE',  ( 4.666241877321180938E-16, 1.526556658859569782E-16, 1.000000000000000000 ) ) ;
#1857 = CARTESIAN_POINT ( 'NONE',  ( 124.2171133453899898, -153.1834562892635176, 64.74999999999928946 ) ) ;
#1858 = CARTESIAN_POINT ( 'NONE',  ( 132.2171133453900040, -143.9397640202369928, 80.50005035146709531 ) ) ;
#1859 = EDGE_LOOP ( 'NONE', ( #3253, #2520, #7160, #943 ) ) ;
#1860 = DIRECTION ( 'NONE',  ( 5.947210316807140508E-15, 1.000000000000000000, 0.000000000000000000 ) ) ;
#1861 = EDGE_CURVE ( 'NONE', #4952, #3726, #3139, .T. ) ;
#1862 = EDGE_CURVE ( 'NONE', #10898, #11519, #1312, .T. ) ;
#1863 = VERTEX_POINT ( 'NONE', #7857 ) ;
#1864 = VECTOR ( 'NONE', #7525, 1000.000000000000000 ) ;
#1865 = EDGE_LOOP ( 'NONE', ( #9411, #8232, #6262, #583, #11492, #11524, #10079, #1778, #5542, #6593, #7544, #6879, #9879, #3511, #9007, #4745, #8274, #9672, #7088, #11106, #8050, #461, #4362, #1808, #8219, #4793, #6104, #1734, #11003 ) ) ;
#1866 = ORIENTED_EDGE ( 'NONE', *, *, #8494, .T. ) ;
#1867 = CARTESIAN_POINT ( 'NONE',  ( 135.2171131927750309, -154.4297640746490003, 103.7997837512839965 ) ) ;
#1868 = DIRECTION ( 'NONE',  ( 6.530684869152344267E-15, 0.000000000000000000, 1.000000000000000000 ) ) ;
#1869 = CARTESIAN_POINT ( 'NONE',  ( 132.2171133554479923, -142.4297640746490003, 76.25002519175579607 ) ) ;
#1870 = ORIENTED_EDGE ( 'NONE', *, *, #131, .T. ) ;
#1871 = LINE ( 'NONE', #10346, #1454 ) ;
#1872 = VERTEX_POINT ( 'NONE', #11435 ) ;
#1873 = DIRECTION ( 'NONE',  ( 0.7071067811864749642, -0.7071067811866200703, 1.586192039559004836E-16 ) ) ;
#1874 = AXIS2_PLACEMENT_3D ( 'NONE', #5208, #2555, #8791 ) ;
#1875 = ORIENTED_EDGE ( 'NONE', *, *, #9625, .T. ) ;
#1876 = DIRECTION ( 'NONE',  ( -1.000000000000000000, 0.000000000000000000, 0.000000000000000000 ) ) ;
#1877 = DIRECTION ( 'NONE',  ( -7.166575230788227164E-17, 4.340136074837018322E-07, 0.9999999999999057421 ) ) ;
#1878 = EDGE_CURVE ( 'NONE', #10627, #6742, #3919, .T. ) ;
#1879 = VERTEX_POINT ( 'NONE', #5861 ) ;
#1880 = CARTESIAN_POINT ( 'NONE',  ( 165.6545526666308774, -144.3551765105111429, 51.13534865116196926 ) ) ;
#1881 = VECTOR ( 'NONE', #4389, 1000.000000000000000 ) ;
#1882 = ORIENTED_EDGE ( 'NONE', *, *, #7084, .T. ) ;
#1883 = CARTESIAN_POINT ( 'NONE',  ( 138.3384323457480036, -144.2932744292899940, 110.3980652144450119 ) ) ;
#1884 = DIRECTION ( 'NONE',  ( 8.810118433399840573E-15, 1.526556658859309704E-16, 1.000000000000000000 ) ) ;
#1885 = CARTESIAN_POINT ( 'NONE',  ( 133.7504351258774022, -121.8923281946690054, 62.50428302271338055 ) ) ;
#1886 = PLANE ( 'NONE',  #8727 ) ;
#1887 = LINE ( 'NONE', #2861, #7470 ) ;
#1888 = VECTOR ( 'NONE', #10446, 1000.000000000000000 ) ;
#1889 = EDGE_CURVE ( 'NONE', #3168, #3870, #10075, .T. ) ;
#1890 = CARTESIAN_POINT ( 'NONE',  ( 163.0571133453900075, -140.4797640480800283, 65.95898615365621254 ) ) ;
#1891 = VECTOR ( 'NONE', #5916, 1000.000000000000000 ) ;
#1892 = ORIENTED_EDGE ( 'NONE', *, *, #8435, .F. ) ;
#1893 = FACE_OUTER_BOUND ( 'NONE', #323, .T. ) ;
#1894 = EDGE_LOOP ( 'NONE', ( #961, #11859, #11962, #3989 ) ) ;
#1895 = DIRECTION ( 'NONE',  ( -1.000000000000000000, 0.000000000000000000, 0.000000000000000000 ) ) ;
#1896 = EDGE_CURVE ( 'NONE', #1501, #11853, #5003, .T. ) ;
#1897 = CARTESIAN_POINT ( 'NONE',  ( 157.6248169134119905, -148.2297640746490117, 102.0997837512840078 ) ) ;
#1898 = LINE ( 'NONE', #6626, #6579 ) ;
#1899 = B_SPLINE_CURVE_WITH_KNOTS ( 'NONE', 3,
 ( #11785, #10087, #9171, #3492 ),
 .UNSPECIFIED., .F., .F.,
 ( 4, 4 ),
 ( 0.000000000000000000, 1.000000000000000000 ),
 .UNSPECIFIED. ) ;
#1900 = LINE ( 'NONE', #8447, #1888 ) ;
#1901 = ADVANCED_FACE ( 'NONE', ( #2412 ), #6956, .F. ) ;
#1902 = DIRECTION ( 'NONE',  ( 1.214306500432499789E-16, -1.000000000000000000, -6.573933234426810631E-15 ) ) ;
#1903 = ORIENTED_EDGE ( 'NONE', *, *, #7053, .F. ) ;
#1904 = VECTOR ( 'NONE', #11788, 1000.000000000000000 ) ;
#1905 = CARTESIAN_POINT ( 'NONE',  ( 161.2171133453899756, -134.4297640746490288, 81.00005035735010495 ) ) ;
#1906 = ORIENTED_EDGE ( 'NONE', *, *, #8075, .F. ) ;
#1907 = DIRECTION ( 'NONE',  ( -0.7071067811865475727, 0.000000000000000000, 0.7071067811865475727 ) ) ;
#1908 = VECTOR ( 'NONE', #10757, 1000.000000000000000 ) ;
#1909 = EDGE_LOOP ( 'NONE', ( #3462, #10170 ) ) ;
#1910 = VECTOR ( 'NONE', #4070, 1000.000000000000000 ) ;
#1911 = DIRECTION ( 'NONE',  ( -0.5735764363510417185, -0.8191520442889947962, -5.941753882927170206E-15 ) ) ;
#1912 = CARTESIAN_POINT ( 'NONE',  ( 132.4147943853299978, -139.5180864107449850, 66.73743546226290846 ) ) ;
#1913 = EDGE_CURVE ( 'NONE', #5270, #321, #10649, .T. ) ;
#1914 = CARTESIAN_POINT ( 'NONE',  ( 162.3677708826299977, -141.3212823756466037, 53.47602185630480420 ) ) ;
#1915 = VECTOR ( 'NONE', #2582, 1000.000000000000227 ) ;
#1916 = CARTESIAN_POINT ( 'NONE',  ( 164.1583628191304172, -134.0832074414950625, 54.32916630688102089 ) ) ;
#1917 = CARTESIAN_POINT ( 'NONE',  ( 163.1087258513479981, -148.4297640215245906, 62.66078637172618926 ) ) ;
#1918 = EDGE_CURVE ( 'NONE', #7150, #8843, #4306, .T. ) ;
#1919 = EDGE_CURVE ( 'NONE', #2616, #2321, #7918, .T. ) ;
#1920 = CARTESIAN_POINT ( 'NONE',  ( 163.9242200464769894, -119.4297640746489861, 71.70710663693481024 ) ) ;
#1921 = ORIENTED_EDGE ( 'NONE', *, *, #5162, .T. ) ;
#1922 = LINE ( 'NONE', #83, #6551 ) ;
#1923 = ORIENTED_EDGE ( 'NONE', *, *, #365, .F. ) ;
#1924 = VECTOR ( 'NONE', #5245, 999.9999999999998863 ) ;
#1925 = AXIS2_PLACEMENT_3D ( 'NONE', #9012, #8103, #6232 ) ;
#1926 = ORIENTED_EDGE ( 'NONE', *, *, #1356, .F. ) ;
#1927 = VERTEX_POINT ( 'NONE', #6898 ) ;
#1928 = CARTESIAN_POINT ( 'NONE',  ( 161.0401287937982886, -121.5259736981101639, 58.52538077368098612 ) ) ;
#1929 = FACE_OUTER_BOUND ( 'NONE', #9807, .T. ) ;
#1930 = CARTESIAN_POINT ( 'NONE',  ( 122.2171131963785911, -140.4262129510823911, 57.08879711976310034 ) ) ;
#1931 = VERTEX_POINT ( 'NONE', #11615 ) ;
#1932 = CARTESIAN_POINT ( 'NONE',  ( 133.2171133453900040, -139.0155505122760076, 66.99999991151649681 ) ) ;
#1933 = ORIENTED_EDGE ( 'NONE', *, *, #335, .T. ) ;
#1934 = EDGE_CURVE ( 'NONE', #8651, #11745, #5060, .T. ) ;
#1935 = VECTOR ( 'NONE', #3186, 1000.000000000000000 ) ;
#1936 = AXIS2_PLACEMENT_3D ( 'NONE', #11184, #2890, #990 ) ;
#1937 = FACE_OUTER_BOUND ( 'NONE', #4214, .T. ) ;
#1938 = CARTESIAN_POINT ( 'NONE',  ( 133.2171133453900040, -136.4297640746490288, 69.99999991151649681 ) ) ;
#1939 = CARTESIAN_POINT ( 'NONE',  ( 132.6248169134119905, -148.0297640746490231, 102.0997837512840078 ) ) ;
#1940 = ORIENTED_EDGE ( 'NONE', *, *, #8668, .T. ) ;
#1941 = CARTESIAN_POINT ( 'NONE',  ( 167.9954836606061690, -145.9943140389212886, 51.91664625081953943 ) ) ;
#1942 = AXIS2_PLACEMENT_3D ( 'NONE', #1479, #8876, #4273 ) ;
#1943 = EDGE_LOOP ( 'NONE', ( #12009, #9520, #10001, #1392 ) ) ;
#1944 = LINE ( 'NONE', #4485, #2197 ) ;
#1945 = DIRECTION ( 'NONE',  ( -1.734923810071225168E-15, -1.000000000000000000, -1.734923811388140097E-15 ) ) ;
#1946 = EDGE_CURVE ( 'NONE', #7472, #10627, #8832, .T. ) ;
#1947 = ADVANCED_FACE ( 'NONE', ( #9680 ), #8894, .F. ) ;
#1948 = CARTESIAN_POINT ( 'NONE',  ( 134.2171133453900040, -138.0155505122760076, 68.99999991151649681 ) ) ;
#1949 = DIRECTION ( 'NONE',  ( 1.654362013966960203E-24, -6.573933234426810631E-15, 1.000000000000000000 ) ) ;
#1950 = CARTESIAN_POINT ( 'NONE',  ( 162.4671133453900040, -153.4275055010904794, 66.59371018661846620 ) ) ;
#1951 = DIRECTION ( 'NONE',  ( -4.664896225277170639E-15, 1.000000000000000000, 6.633052400461320667E-15 ) ) ;
#1952 = CARTESIAN_POINT ( 'NONE',  ( 122.7906896327294106, -149.2489160658136029, 62.75000000000000000 ) ) ;
#1953 = DIRECTION ( 'NONE',  ( 1.000000000000000000, 0.000000000000000000, 0.000000000000000000 ) ) ;
#1954 = EDGE_LOOP ( 'NONE', ( #4154, #10632, #9747, #514, #3694, #3196, #1975 ) ) ;
#1955 = CARTESIAN_POINT ( 'NONE',  ( 147.7171133453900040, -140.4297640215119998, 96.27798405616150035 ) ) ;
#1956 = CARTESIAN_POINT ( 'NONE',  ( 132.2171133453900040, -139.0155505122760076, 70.99999991151649681 ) ) ;
#1957 = ORIENTED_EDGE ( 'NONE', *, *, #3277, .T. ) ;
#1958 = CARTESIAN_POINT ( 'NONE',  ( 163.1867387273269969, -120.4297680637882024, 51.11866876023850637 ) ) ;
#1959 = CYLINDRICAL_SURFACE ( 'NONE', #3239, 1.000000000000006217 ) ;
#1960 = DIRECTION ( 'NONE',  ( 0.000000000000000000, -1.000000000000000000, -7.105427357601000281E-15 ) ) ;
#1961 = VERTEX_POINT ( 'NONE', #11372 ) ;
#1962 = CARTESIAN_POINT ( 'NONE',  ( 161.2171130129309802, -145.7328258789600000, 117.6643259181400083 ) ) ;
#1963 = ORIENTED_EDGE ( 'NONE', *, *, #5640, .F. ) ;
#1964 = DIRECTION ( 'NONE',  ( -1.000000000000000000, 2.602085213964869829E-17, 0.000000000000000000 ) ) ;
#1965 = LINE ( 'NONE', #4744, #1807 ) ;
#1966 = EDGE_CURVE ( 'NONE', #10898, #10775, #3932, .T. ) ;
#1967 = ORIENTED_EDGE ( 'NONE', *, *, #7907, .T. ) ;
#1968 = DIRECTION ( 'NONE',  ( 1.000000000000000000, -3.683226109728400325E-15, 7.166576360129239776E-17 ) ) ;
#1969 = DIRECTION ( 'NONE',  ( -1.839127707451779632E-16, 1.000000000000000000, 6.594174199523000714E-15 ) ) ;
#1970 = CARTESIAN_POINT ( 'NONE',  ( 160.5100065642035077, -119.4297640746489861, 67.29289313032980147 ) ) ;
#1971 = CARTESIAN_POINT ( 'NONE',  ( 163.2171133453900040, -136.4297640746490288, 70.99999991151629786 ) ) ;
#1972 = VECTOR ( 'NONE', #6555, 1000.000000000000000 ) ;
#1973 = DIRECTION ( 'NONE',  ( 1.000000000000000000, 0.000000000000000000, 0.000000000000000000 ) ) ;
#1974 = DIRECTION ( 'NONE',  ( 0.7071067811846112328, 3.068939624242000717E-07, 0.7071067811884171883 ) ) ;
#1975 = ORIENTED_EDGE ( 'NONE', *, *, #5332, .T. ) ;
#1976 = CARTESIAN_POINT ( 'NONE',  ( 162.7040288122394429, -140.4764410850318370, 69.72510911429475300 ) ) ;
#1977 = VERTEX_POINT ( 'NONE', #2170 ) ;
#1978 = EDGE_CURVE ( 'NONE', #6280, #6407, #2392, .T. ) ;
#1979 = VERTEX_POINT ( 'NONE', #692 ) ;
#1980 = ORIENTED_EDGE ( 'NONE', *, *, #3383, .F. ) ;
#1982 = VECTOR ( 'NONE', #1811, 1000.000000000000000 ) ;
#1981 = B_SPLINE_CURVE_WITH_KNOTS ( 'NONE', 3,
 ( #7082, #10771, #1051, #3679 ),
 .UNSPECIFIED., .F., .F.,
 ( 4, 4 ),
 ( 0.000000000000000000, 1.000000000000000000 ),
 .UNSPECIFIED. ) ;
#1983 = CYLINDRICAL_SURFACE ( 'NONE', #10924, 4.999999999999998224 ) ;
#1984 = PLANE ( 'NONE',  #7230 ) ;
#1985 = DIRECTION ( 'NONE',  ( 1.000000000000000000, 0.000000000000000000, -1.387778780781444413E-14 ) ) ;
#1986 = EDGE_CURVE ( 'NONE', #3049, #330, #11795, .T. ) ;
#1987 = EDGE_LOOP ( 'NONE', ( #4271, #10183, #2180, #9740, #10532, #10944 ) ) ;
#1988 = EDGE_CURVE ( 'NONE', #155, #530, #6279, .T. ) ;
#1989 = DIRECTION ( 'NONE',  ( 1.110222950178881936E-16, 0.000000000000000000, -1.000000000000000000 ) ) ;
#1990 = ORIENTED_EDGE ( 'NONE', *, *, #2871, .F. ) ;
#1991 = CARTESIAN_POINT ( 'NONE',  ( 126.8908107416238664, -148.9802559640886557, 51.47035830995924499 ) ) ;
#1992 = LINE ( 'NONE', #8602, #8638 ) ;
#1993 = CARTESIAN_POINT ( 'NONE',  ( 173.2171134944019855, -148.4297640215245906, 62.75000000000000000 ) ) ;
#1994 = LINE ( 'NONE', #1939, #11364 ) ;
#1995 = AXIS2_PLACEMENT_3D ( 'NONE', #4924, #1173, #8815 ) ;
#1996 = ORIENTED_EDGE ( 'NONE', *, *, #8512, .F. ) ;
#1997 = FACE_OUTER_BOUND ( 'NONE', #10581, .T. ) ;
#1998 = ADVANCED_FACE ( 'NONE', ( #11733 ), #2650, .F. ) ;
#1999 = ORIENTED_EDGE ( 'NONE', *, *, #297, .T. ) ;
#2000 = DIRECTION ( 'NONE',  ( -2.602085213964869829E-17, -1.000000000000000000, 1.526556658859589750E-16 ) ) ;
#2001 = DIRECTION ( 'NONE',  ( -0.8125199200687275303, -0.3365567705908014129, 0.4759631494779816840 ) ) ;
#2002 = AXIS2_PLACEMENT_3D ( 'NONE', #8485, #10482, #8611 ) ;
#2003 = DIRECTION ( 'NONE',  ( -1.490884257281830064E-31, 1.000000000000000000, -1.074295325687549966E-17 ) ) ;
#2004 = DIRECTION ( 'NONE',  ( -2.602084387755749958E-17, -1.000000000000000000, -1.408310542716836016E-24 ) ) ;
#2005 = CARTESIAN_POINT ( 'NONE',  ( 133.4132901639879947, -114.4297640215114029, 54.47436513418860216 ) ) ;
#2006 = EDGE_CURVE ( 'NONE', #6477, #7613, #8378, .T. ) ;
#2007 = AXIS2_PLACEMENT_3D ( 'NONE', #8293, #9990, #11136 ) ;
#2008 = EDGE_CURVE ( 'NONE', #8171, #11574, #9181, .T. ) ;
#2009 = ORIENTED_EDGE ( 'NONE', *, *, #10579, .F. ) ;
#2010 = VERTEX_POINT ( 'NONE', #2475 ) ;
#2011 = DIRECTION ( 'NONE',  ( -4.832939597814259772E-15, -1.000000000000000000, -6.432020515982920536E-15 ) ) ;
#2012 = DIRECTION ( 'NONE',  ( 0.000000000000000000, -1.000000000000000000, 1.074295325692379890E-17 ) ) ;
#2013 = ORIENTED_EDGE ( 'NONE', *, *, #298, .T. ) ;
#2014 = CARTESIAN_POINT ( 'NONE',  ( 120.2171133453899898, -134.4379126611372044, 62.75000000000000000 ) ) ;
#2015 = CARTESIAN_POINT ( 'NONE',  ( 163.2171132645240164, -119.4297640746489861, 70.99999985651450629 ) ) ;
#2016 = VECTOR ( 'NONE', #3314, 1000.000000000000000 ) ;
#2017 = CARTESIAN_POINT ( 'NONE',  ( 160.2171133453899756, -140.4297640215119998, 93.86432591835850303 ) ) ;
#2018 = ORIENTED_EDGE ( 'NONE', *, *, #10631, .F. ) ;
#2019 = CARTESIAN_POINT ( 'NONE',  ( 132.9671133453900040, -144.5297640215119941, 66.54898615365620174 ) ) ;
#2020 = CARTESIAN_POINT ( 'NONE',  ( 139.0808597668969924, -140.4297640215119998, 111.3679489095640065 ) ) ;
#2021 = CARTESIAN_POINT ( 'NONE',  ( 131.2758638716498751, -142.5750683474414870, 54.32916630688096404 ) ) ;
#2022 = ORIENTED_EDGE ( 'NONE', *, *, #3619, .T. ) ;
#2023 = CARTESIAN_POINT ( 'NONE',  ( 134.2171133769510050, -145.7328256174150169, 117.6643259181420120 ) ) ;
#2024 = EDGE_CURVE ( 'NONE', #4563, #6181, #6165, .T. ) ;
#2025 = ORIENTED_EDGE ( 'NONE', *, *, #10274, .F. ) ;
#2026 = AXIS2_PLACEMENT_3D ( 'NONE', #11890, #11952, #1719 ) ;
#2027 = CARTESIAN_POINT ( 'NONE',  ( 162.3220493634017885, -122.5343885402446773, 62.72638565070641192 ) ) ;
#2028 = ORIENTED_EDGE ( 'NONE', *, *, #4440, .T. ) ;
#2029 = DIRECTION ( 'NONE',  ( 0.008142047127308361248, 5.843279076974509312E-15, -0.9999668529849261578 ) ) ;
#2030 = CARTESIAN_POINT ( 'NONE',  ( 132.5591593420090248, -140.9916192006610061, 67.55263121616749800 ) ) ;
#2031 = FACE_OUTER_BOUND ( 'NONE', #6014, .T. ) ;
#2032 =( BOUNDED_CURVE ( )  B_SPLINE_CURVE ( 3, ( #6350, #761, #11858, #7204 ),
 .UNSPECIFIED., .F., .F. ) 
 B_SPLINE_CURVE_WITH_KNOTS ( ( 4, 4 ),
 ( 0.5037827130766110439, 0.9332950502743140309 ),
 .UNSPECIFIED. ) 
 CURVE ( )  GEOMETRIC_REPRESENTATION_ITEM ( )  RATIONAL_B_SPLINE_CURVE ( ( 1.000000000000000000, 0.9846855906441770445, 0.9846855906441770445, 1.000000000000000000 ) ) 
 REPRESENTATION_ITEM ( '' )  );
#2033 = B_SPLINE_CURVE_WITH_KNOTS ( 'NONE', 3,
 ( #11093, #9214, #4602, #7407 ),
 .UNSPECIFIED., .F., .F.,
 ( 4, 4 ),
 ( 0.000000000000000000, 0.06441016893578579983 ),
 .UNSPECIFIED. ) ;
#2034 = CARTESIAN_POINT ( 'NONE',  ( 132.2171133453900040, -148.6847640474429966, 80.50005035146709531 ) ) ;
#2035 = VECTOR ( 'NONE', #3891, 1000.000000000000000 ) ;
#2036 = CARTESIAN_POINT ( 'NONE',  ( 131.5100065953800197, -142.4297640746490003, 71.70710660627209165 ) ) ;
#2037 = LINE ( 'NONE', #3913, #4241 ) ;
#2038 = ORIENTED_EDGE ( 'NONE', *, *, #5913, .T. ) ;
#2039 = DIRECTION ( 'NONE',  ( 0.000000000000000000, -1.526556658859589750E-16, -1.000000000000000000 ) ) ;
#2040 = EDGE_CURVE ( 'NONE', #3304, #10627, #9240, .T. ) ;
#2041 = ORIENTED_EDGE ( 'NONE', *, *, #5541, .F. ) ;
#2042 = ORIENTED_EDGE ( 'NONE', *, *, #2690, .T. ) ;
#2043 = VECTOR ( 'NONE', #3490, 1000.000000000000000 ) ;
#2044 = ORIENTED_EDGE ( 'NONE', *, *, #9110, .T. ) ;
#2045 = AXIS2_PLACEMENT_3D ( 'NONE', #5905, #11479, #4807 ) ;
#2046 = CARTESIAN_POINT ( 'NONE',  ( 134.9448649821993058, -120.8617738727817112, 59.38112955309345864 ) ) ;
#2047 = LINE ( 'NONE', #10287, #1412 ) ;
#2048 = DIRECTION ( 'NONE',  ( -1.387778780781444098E-14, -1.526556658859589750E-16, -1.000000000000000000 ) ) ;
#2049 = ORIENTED_EDGE ( 'NONE', *, *, #11465, .F. ) ;
#2050 = CARTESIAN_POINT ( 'NONE',  ( 160.2171133453899756, -119.4297640746489861, 67.99999991151629786 ) ) ;
#2051 = ORIENTED_EDGE ( 'NONE', *, *, #2546, .T. ) ;
#2052 = CARTESIAN_POINT ( 'NONE',  ( 139.0439142051103545, -144.9303624277299321, 105.7023115176760939 ) ) ;
#2053 = EDGE_CURVE ( 'NONE', #8054, #6781, #1965, .T. ) ;
#2054 = VERTEX_POINT ( 'NONE', #3124 ) ;
#2055 = DIRECTION ( 'NONE',  ( 0.7071067811865475727, 0.000000000000000000, 0.7071067811865475727 ) ) ;
#2056 = DIRECTION ( 'NONE',  ( 0.000000000000000000, -1.000000000000000000, 1.526556658859589750E-16 ) ) ;
#2057 = AXIS2_PLACEMENT_3D ( 'NONE', #7048, #8926, #1712 ) ;
#2058 = CARTESIAN_POINT ( 'NONE',  ( 161.7000493619927681, -134.9127000912514802, 81.39719993044303692 ) ) ;
#2059 = EDGE_CURVE ( 'NONE', #10901, #9851, #1212, .T. ) ;
#2060 = ORIENTED_EDGE ( 'NONE', *, *, #10954, .F. ) ;
#2061 = ADVANCED_FACE ( 'NONE', ( #10630 ), #6999, .T. ) ;
#2062 = ORIENTED_EDGE ( 'NONE', *, *, #4405, .F. ) ;
#2063 = ORIENTED_EDGE ( 'NONE', *, *, #9944, .T. ) ;
#2064 = CYLINDRICAL_SURFACE ( 'NONE', #1823, 0.9999999999999964473 ) ;
#2065 = DIRECTION ( 'NONE',  ( -0.7071067811865520136, -1.717288687883130153E-16, 0.7071067811865431318 ) ) ;
#2066 = SPHERICAL_SURFACE ( 'NONE', #602, 1.000000000000000000 ) ;
#2067 = AXIS2_PLACEMENT_3D ( 'NONE', #1010, #9999, #6367 ) ;
#2068 = CARTESIAN_POINT ( 'NONE',  ( 134.2171133453900040, -138.0155505122760076, 67.99999991151649681 ) ) ;
#2069 = CARTESIAN_POINT ( 'NONE',  ( 173.2171134944015023, -120.9250550260163948, 57.08879711976319271 ) ) ;
#2070 = EDGE_CURVE ( 'NONE', #10848, #7529, #5082, .T. ) ;
#2071 = FACE_OUTER_BOUND ( 'NONE', #2761, .T. ) ;
#2072 = ADVANCED_FACE ( 'NONE', ( #4865 ), #2395, .F. ) ;
#2073 = VECTOR ( 'NONE', #9787, 1000.000000000000000 ) ;
#2074 = DIRECTION ( 'NONE',  ( 1.000000000000000000, -2.602085213964869829E-17, 7.166576360129189239E-17 ) ) ;
#2075 = VERTEX_POINT ( 'NONE', #10510 ) ;
#2076 = CARTESIAN_POINT ( 'NONE',  ( 163.2171133453900040, -136.4297640746490288, 65.99999991151629786 ) ) ;
#2077 = CARTESIAN_POINT ( 'NONE',  ( 161.2171133453899756, -138.0155505122760076, 68.99999991151629786 ) ) ;
#2078 = ORIENTED_EDGE ( 'NONE', *, *, #4949, .F. ) ;
#2079 = VECTOR ( 'NONE', #10013, 1000.000000000000000 ) ;
#2080 = PLANE ( 'NONE',  #5507 ) ;
#2081 = DIRECTION ( 'NONE',  ( 2.602088489840219991E-17, 1.000000000000000000, 0.000000000000000000 ) ) ;
#2082 = EDGE_CURVE ( 'NONE', #8286, #3933, #2184, .T. ) ;
#2083 = ADVANCED_FACE ( 'NONE', ( #1125 ), #1984, .T. ) ;
#2084 = DIRECTION ( 'NONE',  ( 0.000000000000000000, -1.000000000000000000, 1.526556658859589750E-16 ) ) ;
#2085 = LINE ( 'NONE', #7879, #2132 ) ;
#2086 = CARTESIAN_POINT ( 'NONE',  ( 135.2171133453900040, -119.4297640746489861, 96.26432591814179318 ) ) ;
#2087 = DIRECTION ( 'NONE',  ( 0.000000000000000000, 1.000000000000000000, -1.526556658859589750E-16 ) ) ;
#2088 = VERTEX_POINT ( 'NONE', #1064 ) ;
#2089 = AXIS2_PLACEMENT_3D ( 'NONE', #944, #11129, #2836 ) ;
#2090 = PLANE ( 'NONE',  #9574 ) ;
#2091 = ORIENTED_EDGE ( 'NONE', *, *, #103, .T. ) ;
#2092 = DIRECTION ( 'NONE',  ( 7.166576360129189239E-17, -1.526556658859589750E-16, -1.000000000000000000 ) ) ;
#2093 = CARTESIAN_POINT ( 'NONE',  ( 139.0487075593123336, -145.0044356276470978, 111.1105466040344965 ) ) ;
#2094 = EDGE_CURVE ( 'NONE', #7931, #1323, #7681, .T. ) ;
#2095 = EDGE_CURVE ( 'NONE', #257, #7956, #11864, .T. ) ;
#2096 = CARTESIAN_POINT ( 'NONE',  ( 165.2171133453904872, -143.3164134470121951, 57.98985306244370719 ) ) ;
#2097 = DIRECTION ( 'NONE',  ( -0.3281699088141229459, 0.000000000000000000, 0.9446187119409238386 ) ) ;
#2098 = LINE ( 'NONE', #7555, #10005 ) ;
#2099 = DIRECTION ( 'NONE',  ( 1.656711940836400129E-15, 1.000000000000000000, -1.656711940836565001E-15 ) ) ;
#2100 = ORIENTED_EDGE ( 'NONE', *, *, #2327, .T. ) ;
#2101 = CARTESIAN_POINT ( 'NONE',  ( 172.7822751489702569, -149.1217100315074617, 54.99574613886262853 ) ) ;
#2102 = ORIENTED_EDGE ( 'NONE', *, *, #150, .F. ) ;
#2103 = ORIENTED_EDGE ( 'NONE', *, *, #826, .T. ) ;
#2104 = VECTOR ( 'NONE', #10975, 1000.000000000000000 ) ;
#2105 = CIRCLE ( 'NONE', #5583, 0.9999999999999964473 ) ;
#2106 = ORIENTED_EDGE ( 'NONE', *, *, #11768, .T. ) ;
#2107 = CARTESIAN_POINT ( 'NONE',  ( 133.8302812796108867, -122.1534984122963152, 58.09398553505165097 ) ) ;
#2108 = CARTESIAN_POINT ( 'NONE',  ( 126.2171133453899898, -153.4297640746490003, 102.7500000000329976 ) ) ;
#2109 = CARTESIAN_POINT ( 'NONE',  ( 175.2171133453905156, -149.4193518720470024, 62.24960223581899044 ) ) ;
#2110 = ORIENTED_EDGE ( 'NONE', *, *, #11954, .T. ) ;
#2111 =( BOUNDED_CURVE ( )  B_SPLINE_CURVE ( 3, ( #3634, #10845, #11026, #9201 ),
 .UNSPECIFIED., .F., .T. ) 
 B_SPLINE_CURVE_WITH_KNOTS ( ( 4, 4 ),
 ( 3.552713677973315189E-15, 1.126157883263465997 ),
 .UNSPECIFIED. ) 
 CURVE ( )  GEOMETRIC_REPRESENTATION_ITEM ( )  RATIONAL_B_SPLINE_CURVE ( ( 1.000000000000000000, 0.8970770709083970562, 0.8970770709083970562, 1.000000000000000000 ) ) 
 REPRESENTATION_ITEM ( '' )  );
#2112 = CIRCLE ( 'NONE', #4802, 1.950000000000000400 ) ;
#2113 = FACE_OUTER_BOUND ( 'NONE', #6133, .T. ) ;
#2114 = ORIENTED_EDGE ( 'NONE', *, *, #2240, .T. ) ;
#2115 = EDGE_CURVE ( 'NONE', #5557, #7479, #1189, .T. ) ;
#2116 = CARTESIAN_POINT ( 'NONE',  ( 163.2171133453904872, -117.4297640215112040, 62.74648661845999698 ) ) ;
#2117 = ORIENTED_EDGE ( 'NONE', *, *, #1832, .F. ) ;
#2118 = DIRECTION ( 'NONE',  ( 0.7058246979869428062, 0.000000000000000000, 0.7083865439939137643 ) ) ;
#2119 = CIRCLE ( 'NONE', #5398, 1.000000000000000888 ) ;
#2120 = LINE ( 'NONE', #2851, #1746 ) ;
#2121 = VECTOR ( 'NONE', #1325, 1000.000000000000000 ) ;
#2122 = DIRECTION ( 'NONE',  ( 1.214306491077630042E-16, -1.000000000000000000, -6.573024952610290603E-15 ) ) ;
#2123 = ORIENTED_EDGE ( 'NONE', *, *, #10030, .F. ) ;
#2124 = DIRECTION ( 'NONE',  ( 0.5951893636155756173, 8.416332170449763954E-15, -0.8035854786137478500 ) ) ;
#2125 = ORIENTED_EDGE ( 'NONE', *, *, #6037, .F. ) ;
#2126 = ORIENTED_EDGE ( 'NONE', *, *, #57, .F. ) ;
#2127 = EDGE_CURVE ( 'NONE', #2135, #6099, #4883, .T. ) ;
#2128 = CYLINDRICAL_SURFACE ( 'NONE', #2205, 0.9999999999999852340 ) ;
#2129 = CARTESIAN_POINT ( 'NONE',  ( 131.5658543892301395, -147.5061392012231920, 51.12327590402934874 ) ) ;
#2130 = CARTESIAN_POINT ( 'NONE',  ( 163.7171131927750025, -154.4297640746490003, 103.7997837512839965 ) ) ;
#2131 = VECTOR ( 'NONE', #6107, 1000.000000000000114 ) ;
#2132 = VECTOR ( 'NONE', #11580, 1000.000000000000000 ) ;
#2133 = DIRECTION ( 'NONE',  ( -0.7071067811865631159, 0.7071067811865320296, 1.731912100307730094E-16 ) ) ;
#2134 = CARTESIAN_POINT ( 'NONE',  ( 134.2171133453900040, -138.0155505122760076, 67.99999991151649681 ) ) ;
#2135 = VERTEX_POINT ( 'NONE', #10527 ) ;
#2136 = DIRECTION ( 'NONE',  ( -8.821935685527880394E-15, -2.548831402726949997E-09, -1.000000000000000000 ) ) ;
#2137 = CIRCLE ( 'NONE', #9287, 25.15049366970479738 ) ;
#2138 = VECTOR ( 'NONE', #1197, 1000.000000000000000 ) ;
#2139 = CARTESIAN_POINT ( 'NONE',  ( 135.1768364872669963, -153.2079386145641138, 112.2643259181420063 ) ) ;
#2140 = ORIENTED_EDGE ( 'NONE', *, *, #8668, .F. ) ;
#2141 = EDGE_CURVE ( 'NONE', #7764, #3265, #4822, .T. ) ;
#2142 = DIRECTION ( 'NONE',  ( 0.7071067811865121566, 0.000000000000000000, 0.7071067811865827668 ) ) ;
#2143 = EDGE_CURVE ( 'NONE', #337, #6425, #2901, .T. ) ;
#2144 = VECTOR ( 'NONE', #11097, 1000.000000000000000 ) ;
#2145 = ORIENTED_EDGE ( 'NONE', *, *, #12008, .T. ) ;
#2146 = EDGE_CURVE ( 'NONE', #10412, #7440, #2047, .T. ) ;
#2147 = DIRECTION ( 'NONE',  ( 1.000000000000000000, 0.000000000000000000, 0.000000000000000000 ) ) ;
#2148 = CARTESIAN_POINT ( 'NONE',  ( 162.7616533469949331, -153.4297640746490003, 66.96689649118616217 ) ) ;
#2149 = DIRECTION ( 'NONE',  ( -2.602085213964869829E-17, -1.000000000000000000, 1.526556658859589750E-16 ) ) ;
#2150 = FACE_OUTER_BOUND ( 'NONE', #5924, .T. ) ;
#2151 = PLANE ( 'NONE',  #939 ) ;
#2152 = FACE_OUTER_BOUND ( 'NONE', #11504, .T. ) ;
#2153 = ORIENTED_EDGE ( 'NONE', *, *, #5447, .F. ) ;
#2154 = EDGE_CURVE ( 'NONE', #8379, #7824, #10505, .T. ) ;
#2155 = CARTESIAN_POINT ( 'NONE',  ( 162.1149764890457732, -122.3262089488382429, 62.68097370577180527 ) ) ;
#2156 = VERTEX_POINT ( 'NONE', #10467 ) ;
#2157 = CARTESIAN_POINT ( 'NONE',  ( 132.2171133453900040, -138.8513368967660142, 80.50005035436720391 ) ) ;
#2158 = CARTESIAN_POINT ( 'NONE',  ( 164.2736018428180103, -120.9297640215111898, 60.27765112427590566 ) ) ;
#2159 = DIRECTION ( 'NONE',  ( 1.666513209668970211E-24, -1.000000000000000000, -6.573933234426810631E-15 ) ) ;
#2160 = DIRECTION ( 'NONE',  ( -0.7071067811865490160, -0.7071067811865460184, 1.665334536937740135E-15 ) ) ;
#2161 = EDGE_LOOP ( 'NONE', ( #10530, #5826, #9982, #6155 ) ) ;
#2162 = DIRECTION ( 'NONE',  ( 0.000000000000000000, 1.000000000000000000, 0.000000000000000000 ) ) ;
#2163 = ORIENTED_EDGE ( 'NONE', *, *, #8614, .F. ) ;
#2164 = EDGE_CURVE ( 'NONE', #641, #895, #9368, .T. ) ;
#2165 = VERTEX_POINT ( 'NONE', #11434 ) ;
#2166 = EDGE_CURVE ( 'NONE', #5530, #8728, #1281, .T. ) ;
#2167 = EDGE_LOOP ( 'NONE', ( #11120, #8233 ) ) ;
#2168 = CARTESIAN_POINT ( 'NONE',  ( 134.8460502105142780, -120.9877505744258457, 59.15832283222040644 ) ) ;
#2169 = CARTESIAN_POINT ( 'NONE',  ( 135.2171133453900040, -140.4297640215119998, 99.62127529437108819 ) ) ;
#2170 = CARTESIAN_POINT ( 'NONE',  ( 165.2171136399900035, -148.4297640215245906, 51.31260299732910113 ) ) ;
#2171 = VERTEX_POINT ( 'NONE', #3921 ) ;
#2172 = CARTESIAN_POINT ( 'NONE',  ( 138.1026044211599810, -140.4297640215119998, 105.3643259181410059 ) ) ;
#2173 = ORIENTED_EDGE ( 'NONE', *, *, #10645, .T. ) ;
#2174 = CIRCLE ( 'NONE', #3716, 3.099999999999991651 ) ;
#2175 = CARTESIAN_POINT ( 'NONE',  ( 161.2171130401599726, -153.4297640746490003, 103.6640618979710098 ) ) ;
#2176 = VERTEX_POINT ( 'NONE', #1248 ) ;
#2177 = CARTESIAN_POINT ( 'NONE',  ( 132.2171133453900040, -139.0112276086000236, 70.99999747635639835 ) ) ;
#2178 = LINE ( 'NONE', #10295, #10066 ) ;
#2179 = CARTESIAN_POINT ( 'NONE',  ( 138.8084291191469788, -140.7239393235249736, 106.0727124621350157 ) ) ;
#2180 = ORIENTED_EDGE ( 'NONE', *, *, #11476, .F. ) ;
#2181 = FACE_OUTER_BOUND ( 'NONE', #5855, .T. ) ;
#2182 = AXIS2_PLACEMENT_3D ( 'NONE', #402, #586, #7873 ) ;
#2183 = ORIENTED_EDGE ( 'NONE', *, *, #4069, .F. ) ;
#2184 =( BOUNDED_CURVE ( )  B_SPLINE_CURVE ( 3, ( #9542, #2214, #266, #10406 ),
 .UNSPECIFIED., .F., .T. ) 
 B_SPLINE_CURVE_WITH_KNOTS ( ( 4, 4 ),
 ( 0.000000000000000000, 0.7853981633973129428 ),
 .UNSPECIFIED. ) 
 CURVE ( )  GEOMETRIC_REPRESENTATION_ITEM ( )  RATIONAL_B_SPLINE_CURVE ( ( 1.000000000000000000, 0.9492530216742079974, 0.9492530216742079974, 1.000000000000000000 ) ) 
 REPRESENTATION_ITEM ( '' )  );
#2185 = ORIENTED_EDGE ( 'NONE', *, *, #7084, .F. ) ;
#2186 = CARTESIAN_POINT ( 'NONE',  ( 162.2171133453900040, -126.9297640746490146, 80.50005035146730847 ) ) ;
#2187 = CARTESIAN_POINT ( 'NONE',  ( 132.2171133453900040, -119.4297640746489861, 80.50005035146759269 ) ) ;
#2188 = DIRECTION ( 'NONE',  ( -0.5951893636155756173, 7.213999003242654818E-15, -0.8035854786137478500 ) ) ;
#2189 = ORIENTED_EDGE ( 'NONE', *, *, #9969, .T. ) ;
#2190 = CARTESIAN_POINT ( 'NONE',  ( 163.2171133453900040, -119.4297640746489861, 71.99999985651460577 ) ) ;
#2191 = FACE_OUTER_BOUND ( 'NONE', #3226, .T. ) ;
#2192 = ORIENTED_EDGE ( 'NONE', *, *, #8914, .F. ) ;
#2193 = VECTOR ( 'NONE', #5982, 1000.000000000000000 ) ;
#2194 = CARTESIAN_POINT ( 'NONE',  ( 132.8989579403683763, -153.3982631286654907, 66.82637011410807304 ) ) ;
#2195 = CARTESIAN_POINT ( 'NONE',  ( 168.6298797530100160, -114.4297640215112040, 60.20000000000023732 ) ) ;
#2196 = VERTEX_POINT ( 'NONE', #11255 ) ;
#2197 = VECTOR ( 'NONE', #3585, 1000.000000000000000 ) ;
#2198 = ORIENTED_EDGE ( 'NONE', *, *, #11057, .T. ) ;
#2199 = LINE ( 'NONE', #3832, #869 ) ;
#2200 = ORIENTED_EDGE ( 'NONE', *, *, #7922, .F. ) ;
#2201 = DIRECTION ( 'NONE',  ( 0.000000000000000000, 1.000000000000000000, -1.526556658859589750E-16 ) ) ;
#2202 = LINE ( 'NONE', #7656, #9883 ) ;
#2203 = CYLINDRICAL_SURFACE ( 'NONE', #6498, 11.54238125198780729 ) ;
#2204 = EDGE_CURVE ( 'NONE', #9866, #10195, #1003, .T. ) ;
#2205 = AXIS2_PLACEMENT_3D ( 'NONE', #4057, #5815, #1385 ) ;
#2206 = CARTESIAN_POINT ( 'NONE',  ( 157.6248169134119905, -148.0297640746490231, 102.0997837512840078 ) ) ;
#2207 =( NAMED_UNIT ( * ) SI_UNIT ( $, .STERADIAN. ) SOLID_ANGLE_UNIT ( ) );
#2208 = LINE ( 'NONE', #6995, #7141 ) ;
#2209 = EDGE_CURVE ( 'NONE', #10551, #10208, #325, .T. ) ;
#2210 = ORIENTED_EDGE ( 'NONE', *, *, #2127, .T. ) ;
#2211 = ADVANCED_FACE ( 'NONE', ( #3138 ), #144, .T. ) ;
#2212 = AXIS2_PLACEMENT_3D ( 'NONE', #6523, #10210, #9065 ) ;
#2213 = CARTESIAN_POINT ( 'NONE',  ( 134.2171133453900040, -127.9297640746490146, 68.99999991151649681 ) ) ;
#2214 = CARTESIAN_POINT ( 'NONE',  ( 163.2171133453903451, -152.6985251767136731, 98.70216526821883463 ) ) ;
#2215 = ORIENTED_EDGE ( 'NONE', *, *, #9263, .T. ) ;
#2216 = DIRECTION ( 'NONE',  ( 1.000000000000000000, 0.000000000000000000, 0.000000000000000000 ) ) ;
#2217 = CARTESIAN_POINT ( 'NONE',  ( 164.2736018428180103, -114.4297640215112040, 60.27765112427590566 ) ) ;
#2218 = EDGE_CURVE ( 'NONE', #6633, #7254, #9620, .T. ) ;
#2219 = DIRECTION ( 'NONE',  ( 1.000000000000000000, 0.000000000000000000, 0.000000000000000000 ) ) ;
#2220 = CARTESIAN_POINT ( 'NONE',  ( 140.0086933871159829, -140.4297640215119998, 102.7500000000329976 ) ) ;
#2221 = LINE ( 'NONE', #9728, #9854 ) ;
#2222 = ORIENTED_EDGE ( 'NONE', *, *, #10072, .F. ) ;
#2223 = VECTOR ( 'NONE', #7591, 1000.000000000000000 ) ;
#2224 = CARTESIAN_POINT ( 'NONE',  ( 163.4876018428244890, -148.9298859776444033, 50.25265112427409520 ) ) ;
#2225 = VECTOR ( 'NONE', #5656, 1000.000000000000000 ) ;
#2226 = VERTEX_POINT ( 'NONE', #6102 ) ;
#2227 = VERTEX_POINT ( 'NONE', #7076 ) ;
#2228 = ORIENTED_EDGE ( 'NONE', *, *, #4416, .F. ) ;
#2229 = CARTESIAN_POINT ( 'NONE',  ( 122.2171131963785911, -120.9250549939359871, 57.08879711976319271 ) ) ;
#2230 = DIRECTION ( 'NONE',  ( -6.554525582486420045E-17, -1.000000000000000000, 1.705222977452164889E-16 ) ) ;
#2231 = DIRECTION ( 'NONE',  ( 1.000000000000000000, -3.480590576041360211E-15, -8.810118433399829529E-15 ) ) ;
#2232 = ORIENTED_EDGE ( 'NONE', *, *, #1644, .F. ) ;
#2233 = AXIS2_PLACEMENT_3D ( 'NONE', #1146, #2003, #5635 ) ;
#2234 = FACE_OUTER_BOUND ( 'NONE', #671, .T. ) ;
#2235 = ORIENTED_EDGE ( 'NONE', *, *, #6398, .T. ) ;
#2236 = AXIS2_PLACEMENT_3D ( 'NONE', #8072, #156, #3871 ) ;
#2237 = LINE ( 'NONE', #9900, #5716 ) ;
#2238 = EDGE_CURVE ( 'NONE', #43, #3285, #5858, .T. ) ;
#2239 = VERTEX_POINT ( 'NONE', #6955 ) ;
#2240 = EDGE_CURVE ( 'NONE', #511, #10485, #10829, .T. ) ;
#2241 = CARTESIAN_POINT ( 'NONE',  ( 132.2171048332870384, -139.0115525824829774, 70.70058800746559768 ) ) ;
#2242 = LINE ( 'NONE', #5930, #6186 ) ;
#2243 = CARTESIAN_POINT ( 'NONE',  ( 138.1026044211599810, -141.4297640215119998, 106.3643259181410059 ) ) ;
#2244 = ORIENTED_EDGE ( 'NONE', *, *, #4495, .T. ) ;
#2245 = VECTOR ( 'NONE', #11055, 1000.000000000000000 ) ;
#2246 = CARTESIAN_POINT ( 'NONE',  ( 173.7171133453904872, -148.4297640215243916, 62.75000000000000000 ) ) ;
#2247 = CONICAL_SURFACE ( 'NONE', #6693, 9.499999999999998224, 0.7853981633974476129 ) ;
#2248 = VERTEX_POINT ( 'NONE', #7013 ) ;
#2249 = EDGE_LOOP ( 'NONE', ( #7807, #5351, #11313, #1018, #8463, #10323, #7245 ) ) ;
#2250 = CARTESIAN_POINT ( 'NONE',  ( 137.8094094721379861, -148.4297640746490003, 102.0997837512840078 ) ) ;
#2251 = LINE ( 'NONE', #401, #10134 ) ;
#2252 = DIRECTION ( 'NONE',  ( -7.166576360129189239E-17, 1.526556658859589750E-16, 1.000000000000000000 ) ) ;
#2253 = VERTEX_POINT ( 'NONE', #8893 ) ;
#2254 = DIRECTION ( 'NONE',  ( 1.000000000000000000, -2.602085213964869829E-17, 7.166576360129189239E-17 ) ) ;
#2255 = VECTOR ( 'NONE', #10251, 1000.000000000000000 ) ;
#2256 = CARTESIAN_POINT ( 'NONE',  ( 147.6669467408599985, -154.0297640746490231, 83.34999974667989875 ) ) ;
#2257 = EDGE_LOOP ( 'NONE', ( #11334, #2367, #3901, #4616, #8358, #4175, #9309, #7287, #9479, #1605 ) ) ;
#2258 = EDGE_CURVE ( 'NONE', #8637, #6028, #8370, .T. ) ;
#2259 = CARTESIAN_POINT ( 'NONE',  ( 132.8189989741819659, -153.3606918639254104, 66.94341671580077957 ) ) ;
#2260 = ORIENTED_EDGE ( 'NONE', *, *, #8499, .F. ) ;
#2261 = CARTESIAN_POINT ( 'NONE',  ( 135.1768364872669963, -140.9297640215120282, 116.1643259181419978 ) ) ;
#2262 = VECTOR ( 'NONE', #777, 1000.000000000000114 ) ;
#2263 = EDGE_LOOP ( 'NONE', ( #4419, #4182, #2893, #10962, #7693, #11141, #10137, #2738, #8670 ) ) ;
#2264 = ORIENTED_EDGE ( 'NONE', *, *, #11619, .F. ) ;
#2265 = CARTESIAN_POINT ( 'NONE',  ( 160.5100065642029961, -138.7226572934619639, 78.81249988289620489 ) ) ;
#2266 = CARTESIAN_POINT ( 'NONE',  ( 134.3849136435467244, -140.5330264121182040, 105.8074267042253354 ) ) ;
#2267 = CARTESIAN_POINT ( 'NONE',  ( 162.8236018428179932, -117.4297640215112040, 60.27765112427590566 ) ) ;
#2268 = EDGE_CURVE ( 'NONE', #4084, #9923, #9796, .T. ) ;
#2269 = CARTESIAN_POINT ( 'NONE',  ( 163.2171133453900040, -139.6473733615439698, 65.99928481612660391 ) ) ;
#2270 = VECTOR ( 'NONE', #5593, 1000.000000000000114 ) ;
#2271 = CARTESIAN_POINT ( 'NONE',  ( 133.2171133453900040, -141.8439776370219931, 89.41609849487390704 ) ) ;
#2272 = DIRECTION ( 'NONE',  ( -2.602085213964869829E-17, -1.000000000000000000, 1.526556658859589750E-16 ) ) ;
#2273 = ORIENTED_EDGE ( 'NONE', *, *, #11119, .T. ) ;
#2274 = AXIS2_PLACEMENT_3D ( 'NONE', #11532, #2450, #6143 ) ;
#2275 = EDGE_CURVE ( 'NONE', #8704, #5665, #9152, .T. ) ;
#2276 = DIRECTION ( 'NONE',  ( -1.000000000000000000, -4.795080313459889526E-24, -7.888609052210119806E-31 ) ) ;
#2277 = ORIENTED_EDGE ( 'NONE', *, *, #5954, .F. ) ;
#2278 = CARTESIAN_POINT ( 'NONE',  ( 123.9605599919992045, -148.4297640215245906, 54.70752731740250852 ) ) ;
#2279 = CARTESIAN_POINT ( 'NONE',  ( 135.6669467343540134, -153.4297640746490003, 72.24999974667979075 ) ) ;
#2280 = EDGE_CURVE ( 'NONE', #9464, #263, #2474, .T. ) ;
#2281 = DIRECTION ( 'NONE',  ( -2.602085213964869829E-17, -1.000000000000000000, 1.526556658859589750E-16 ) ) ;
#2282 = CARTESIAN_POINT ( 'NONE',  ( 162.9242201265759888, -141.1368708558350136, 68.99999991151629786 ) ) ;
#2283 = LINE ( 'NONE', #9610, #3661 ) ;
#2284 = ORIENTED_EDGE ( 'NONE', *, *, #2910, .F. ) ;
#2285 = CONICAL_SURFACE ( 'NONE', #6929, 9.499999999999998224, 0.7853981633974476129 ) ;
#2286 = CARTESIAN_POINT ( 'NONE',  ( 162.4607834631735841, -139.7468433710109537, 69.93881432962950839 ) ) ;
#2287 = VERTEX_POINT ( 'NONE', #11554 ) ;
#2288 = VERTEX_POINT ( 'NONE', #8948 ) ;
#2289 = B_SPLINE_CURVE_WITH_KNOTS ( 'NONE', 3,
 ( #7712, #4730, #11406, #3772 ),
 .UNSPECIFIED., .F., .F.,
 ( 4, 4 ),
 ( 0.000000000000000000, 0.05812481868912310057 ),
 .UNSPECIFIED. ) ;
#2290 = ORIENTED_EDGE ( 'NONE', *, *, #9497, .F. ) ;
#2291 = EDGE_CURVE ( 'NONE', #4813, #6343, #4159, .T. ) ;
#2292 = CARTESIAN_POINT ( 'NONE',  ( 134.3523569186378381, -121.5740538549382990, 58.48328751625481914 ) ) ;
#2293 = FACE_OUTER_BOUND ( 'NONE', #10105, .T. ) ;
#2294 = CARTESIAN_POINT ( 'NONE',  ( 174.2171133453904872, -119.4297640215111898, 62.75000000000000000 ) ) ;
#2295 = ORIENTED_EDGE ( 'NONE', *, *, #8, .F. ) ;
#2296 = COLOUR_RGB ( '',0.1882352941176470562, 0.2313725490196078538, 0.5882352941176470784 ) ;
#2297 = DIRECTION ( 'NONE',  ( -1.214306505109919625E-16, 1.000000000000000000, 6.573933234426810631E-15 ) ) ;
#2298 = ORIENTED_EDGE ( 'NONE', *, *, #11723, .T. ) ;
#2299 = EDGE_CURVE ( 'NONE', #7440, #6665, #1430, .T. ) ;
#2300 = ADVANCED_FACE ( 'NONE', ( #4220 ), #1492, .T. ) ;
#2301 = ORIENTED_EDGE ( 'NONE', *, *, #10946, .T. ) ;
#2302 = CARTESIAN_POINT ( 'NONE',  ( 138.9315654901530195, -144.6042188329599867, 111.3670266538040039 ) ) ;
#2303 = DIRECTION ( 'NONE',  ( 0.000000000000000000, -1.000000000000000000, -6.573933234426810631E-15 ) ) ;
#2304 = CARTESIAN_POINT ( 'NONE',  ( 132.9915805301509977, -114.4297640215114029, 54.47937835699730158 ) ) ;
#2305 = ORIENTED_EDGE ( 'NONE', *, *, #11874, .F. ) ;
#2306 = VECTOR ( 'NONE', #3524, 1000.000000000000114 ) ;
#2307 = VERTEX_POINT ( 'NONE', #6164 ) ;
#2308 = ORIENTED_EDGE ( 'NONE', *, *, #6809, .T. ) ;
#2309 = EDGE_CURVE ( 'NONE', #10543, #6985, #2536, .T. ) ;
#2310 = DIRECTION ( 'NONE',  ( -0.7071067814549162334, 0.000000000000000000, 0.7071067809181789121 ) ) ;
#2311 = LINE ( 'NONE', #1507, #7237 ) ;
#2312 = CARTESIAN_POINT ( 'NONE',  ( 162.9242201265759888, -141.1368708558350136, 67.99999991151629786 ) ) ;
#2313 = VERTEX_POINT ( 'NONE', #570 ) ;
#2314 = CIRCLE ( 'NONE', #4618, 1.000000000000015987 ) ;
#2315 = CIRCLE ( 'NONE', #3663, 3.900000000000011458 ) ;
#2316 = CARTESIAN_POINT ( 'NONE',  ( 169.9786284033270078, -138.1586012779320072, 53.38549640900540538 ) ) ;
#2317 = DIRECTION ( 'NONE',  ( 0.9999934369450365068, -3.480528811106593562E-15, 0.003622991423313477906 ) ) ;
#2318 = ORIENTED_EDGE ( 'NONE', *, *, #11598, .T. ) ;
#2319 = DIRECTION ( 'NONE',  ( 0.7071067811865474617, -0.7071067811865474617, -6.121750630779205656E-15 ) ) ;
#2320 = FACE_OUTER_BOUND ( 'NONE', #9910, .T. ) ;
#2321 = VERTEX_POINT ( 'NONE', #4339 ) ;
#2322 = CARTESIAN_POINT ( 'NONE',  ( 161.9171131927750196, -148.4297640746490003, 102.0997837512840078 ) ) ;
#2323 = B_SPLINE_CURVE_WITH_KNOTS ( 'NONE', 3,
 ( #7425, #2762, #805, #9174 ),
 .UNSPECIFIED., .F., .F.,
 ( 4, 4 ),
 ( 0.000000000000000000, 1.000000000000000000 ),
 .UNSPECIFIED. ) ;
#2324 = AXIS2_PLACEMENT_3D ( 'NONE', #9129, #7259, #11799 ) ;
#2325 = VECTOR ( 'NONE', #10456, 1000.000000000000114 ) ;
#2326 = ORIENTED_EDGE ( 'NONE', *, *, #9022, .T. ) ;
#2327 = EDGE_CURVE ( 'NONE', #7077, #9674, #9339, .T. ) ;
#2328 = EDGE_CURVE ( 'NONE', #6903, #250, #7973, .T. ) ;
#2329 = ORIENTED_EDGE ( 'NONE', *, *, #11294, .T. ) ;
#2330 = PLANE ( 'NONE',  #5316 ) ;
#2331 = DIRECTION ( 'NONE',  ( 1.214306500432499789E-16, -1.000000000000000000, -6.573933234426810631E-15 ) ) ;
#2332 = DIRECTION ( 'NONE',  ( 0.4001450253381057531, 5.551115123125785069E-15, -0.9164518310839727677 ) ) ;
#2333 = LINE ( 'NONE', #11705, #9207 ) ;
#2334 = AXIS2_PLACEMENT_3D ( 'NONE', #6453, #185, #1784 ) ;
#2335 = DIRECTION ( 'NONE',  ( -7.166576360129229915E-17, 1.526556658859589750E-16, 1.000000000000000000 ) ) ;
#2336 = CARTESIAN_POINT ( 'NONE',  ( 133.2171133453900040, -152.4297640746490003, 67.14091634279270693 ) ) ;
#2337 = ORIENTED_EDGE ( 'NONE', *, *, #6829, .T. ) ;
#2338 = ADVANCED_FACE ( 'NONE', ( #628 ), #11474, .F. ) ;
#2339 = AXIS2_PLACEMENT_3D ( 'NONE', #1525, #10010, #4375 ) ;
#2340 = CARTESIAN_POINT ( 'NONE',  ( 132.2171133453900040, -154.4297640215114882, 62.74960223581890517 ) ) ;
#2341 = ORIENTED_EDGE ( 'NONE', *, *, #11693, .F. ) ;
#2342 = CARTESIAN_POINT ( 'NONE',  ( 163.2171133453900040, -153.4297640746490003, 102.7500000000329976 ) ) ;
#2343 = CARTESIAN_POINT ( 'NONE',  ( 134.9242201265765857, -119.4297640746489861, 69.70710669270299320 ) ) ;
#2344 = CARTESIAN_POINT ( 'NONE',  ( 162.9242201265759320, -141.1368708558349852, 69.12548070705307168 ) ) ;
#2345 = CARTESIAN_POINT ( 'NONE',  ( 132.2932516600345707, -141.4613015636570026, 67.99999991151649681 ) ) ;
#2346 = ORIENTED_EDGE ( 'NONE', *, *, #9350, .T. ) ;
#2347 = CARTESIAN_POINT ( 'NONE',  ( 162.4813287556950172, -139.8082161175102556, 69.92756882563040222 ) ) ;
#2348 = ORIENTED_EDGE ( 'NONE', *, *, #57, .T. ) ;
#2349 = ORIENTED_EDGE ( 'NONE', *, *, #10537, .T. ) ;
#2350 = ADVANCED_FACE ( 'NONE', ( #7138 ), #5002, .F. ) ;
#2351 = CARTESIAN_POINT ( 'NONE',  ( 132.2474879634529827, -133.4028689281084041, 51.11866876023839978 ) ) ;
#2352 = CARTESIAN_POINT ( 'NONE',  ( 162.2171133453900040, -147.4297640746490003, 69.99999991151639733 ) ) ;
#2353 = DIRECTION ( 'NONE',  ( -1.214306505109919625E-16, 1.000000000000000000, 6.573933234426810631E-15 ) ) ;
#2354 = ORIENTED_EDGE ( 'NONE', *, *, #1315, .F. ) ;
#2355 = CARTESIAN_POINT ( 'NONE',  ( 164.2171132778959759, -142.4297640746490003, 76.25002511025350316 ) ) ;
#2356 = ORIENTED_EDGE ( 'NONE', *, *, #1171, .T. ) ;
#2357 = ORIENTED_EDGE ( 'NONE', *, *, #10667, .T. ) ;
#2358 = LINE ( 'NONE', #8045, #2459 ) ;
#2359 = DIRECTION ( 'NONE',  ( -4.426875795218227847E-16, 0.08715574274765784668, 0.9961946980917455452 ) ) ;
#2360 = ORIENTED_EDGE ( 'NONE', *, *, #4155, .T. ) ;
#2361 = ADVANCED_FACE ( 'NONE', ( #2293 ), #3890, .T. ) ;
#2362 = CARTESIAN_POINT ( 'NONE',  ( 120.2171133453899898, -149.4297640746490003, 100.7500000000290044 ) ) ;
#2363 = VERTEX_POINT ( 'NONE', #1736 ) ;
#2364 = EDGE_LOOP ( 'NONE', ( #312, #1750 ) ) ;
#2365 = EDGE_CURVE ( 'NONE', #3201, #5330, #10257, .T. ) ;
#2366 = ADVANCED_FACE ( 'NONE', ( #8160 ), #3733, .T. ) ;
#2367 = ORIENTED_EDGE ( 'NONE', *, *, #6340, .F. ) ;
#2368 = DIRECTION ( 'NONE',  ( -0.5650179594528369487, 0.8250786056466088425, -1.227620176434639389E-15 ) ) ;
#2369 = DIRECTION ( 'NONE',  ( -0.008142047127308361248, 5.843279076974509312E-15, -0.9999668529849261578 ) ) ;
#2370 = PLANE ( 'NONE',  #5071 ) ;
#2371 = ORIENTED_EDGE ( 'NONE', *, *, #8986, .T. ) ;
#2372 = DIRECTION ( 'NONE',  ( 1.000000000000000000, 0.000000000000000000, 0.000000000000000000 ) ) ;
#2373 = DIRECTION ( 'NONE',  ( 1.000000000000000000, -4.201500252558700412E-15, -2.449293572821720211E-16 ) ) ;
#2374 = VERTEX_POINT ( 'NONE', #5642 ) ;
#2375 = CARTESIAN_POINT ( 'NONE',  ( 162.4671133453900040, -144.5297640215119941, 66.54898615365620174 ) ) ;
#2376 = EDGE_CURVE ( 'NONE', #4294, #8651, #11280, .T. ) ;
#2377 = AXIS2_PLACEMENT_3D ( 'NONE', #7521, #3099, #8369 ) ;
#2378 = ORIENTED_EDGE ( 'NONE', *, *, #5230, .T. ) ;
#2379 = CARTESIAN_POINT ( 'NONE',  ( 132.6106248479624128, -114.8297640215114086, 60.17765112427590424 ) ) ;
#2380 = ORIENTED_EDGE ( 'NONE', *, *, #4889, .F. ) ;
#2381 = DIRECTION ( 'NONE',  ( -0.008142047127310449856, 5.981805089575196986E-15, -0.9999668529849259357 ) ) ;
#2382 = AXIS2_PLACEMENT_3D ( 'NONE', #11495, #5183, #3256 ) ;
#2383 = CARTESIAN_POINT ( 'NONE',  ( 134.6080256774564816, -140.6814631447160480, 106.0301603255366700 ) ) ;
#2384 = DIRECTION ( 'NONE',  ( -4.692345787041510278E-15, -1.000000000000000000, -6.998008323019100649E-15 ) ) ;
#2385 = CARTESIAN_POINT ( 'NONE',  ( 154.6834021859320103, -143.4297640215119714, 103.9116669097309966 ) ) ;
#2386 = CARTESIAN_POINT ( 'NONE',  ( 132.3255008394325785, -120.4297680637884156, 62.66078637172639532 ) ) ;
#2387 = EDGE_CURVE ( 'NONE', #2425, #10569, #2866, .T. ) ;
#2388 = DIRECTION ( 'NONE',  ( 0.7071067811865592301, 0.000000000000000000, -0.7071067811865356934 ) ) ;
#2389 = ADVANCED_FACE ( 'NONE', ( #1028 ), #7530, .F. ) ;
#2390 = CARTESIAN_POINT ( 'NONE',  ( 147.7171133453900040, -119.4297640215114029, 55.55305139829859939 ) ) ;
#2391 = CARTESIAN_POINT ( 'NONE',  ( 138.2600065642029961, -134.9726572934619924, 69.70710669270299320 ) ) ;
#2392 = CIRCLE ( 'NONE', #3349, 14.39999999999999680 ) ;
#2393 = VERTEX_POINT ( 'NONE', #8439 ) ;
#2394 = CARTESIAN_POINT ( 'NONE',  ( 132.6072817688421992, -114.8297640215114086, 57.67765335951249739 ) ) ;
#2395 = CYLINDRICAL_SURFACE ( 'NONE', #2769, 1.950000000000000400 ) ;
#2396 = ORIENTED_EDGE ( 'NONE', *, *, #4157, .F. ) ;
#2397 = DIRECTION ( 'NONE',  ( -3.683226109728400325E-15, -1.000000000000000000, 1.150608946447910180E-15 ) ) ;
#2398 = DIRECTION ( 'NONE',  ( 0.000000000000000000, 1.000000000000000000, 0.000000000000000000 ) ) ;
#2399 = VECTOR ( 'NONE', #10314, 1000.000000000000000 ) ;
#2400 = DIRECTION ( 'NONE',  ( -3.795364715681070248E-10, 4.548321616152170030E-16, 1.000000000000000000 ) ) ;
#2401 = CARTESIAN_POINT ( 'NONE',  ( 135.2171131927750309, -148.2297640746490117, 103.7997837512839965 ) ) ;
#2402 = EDGE_CURVE ( 'NONE', #3288, #11566, #10899, .T. ) ;
#2403 = LINE ( 'NONE', #9671, #11781 ) ;
#2404 = ORIENTED_EDGE ( 'NONE', *, *, #9933, .T. ) ;
#2405 = CARTESIAN_POINT ( 'NONE',  ( 147.6669467408599985, -154.4297640746490003, 83.34999974667989875 ) ) ;
#2406 = ORIENTED_EDGE ( 'NONE', *, *, #10234, .T. ) ;
#2407 = AXIS2_PLACEMENT_3D ( 'NONE', #6539, #5618, #9314 ) ;
#2408 = ORIENTED_EDGE ( 'NONE', *, *, #3619, .F. ) ;
#2409 = ORIENTED_EDGE ( 'NONE', *, *, #10097, .F. ) ;
#2410 = CARTESIAN_POINT ( 'NONE',  ( 160.2171131927750025, -148.4297640746490003, 103.7997837512839965 ) ) ;
#2411 = CARTESIAN_POINT ( 'NONE',  ( 163.2171133453899756, -141.7130779327618484, 68.99999991151629786 ) ) ;
#2412 = FACE_OUTER_BOUND ( 'NONE', #10525, .T. ) ;
#2413 = EDGE_LOOP ( 'NONE', ( #807, #3483, #9254, #4128 ) ) ;
#2414 = CARTESIAN_POINT ( 'NONE',  ( 132.9671133453900040, -153.4287171616819876, 66.55091634279270352 ) ) ;
#2415 = ORIENTED_EDGE ( 'NONE', *, *, #11894, .F. ) ;
#2416 = AXIS2_PLACEMENT_3D ( 'NONE', #7465, #4778, #7523 ) ;
#2417 = ORIENTED_EDGE ( 'NONE', *, *, #2291, .T. ) ;
#2418 = AXIS2_PLACEMENT_3D ( 'NONE', #10902, #8908, #8847 ) ;
#2419 = CARTESIAN_POINT ( 'NONE',  ( 131.2758638716497899, -133.3507426882381708, 54.32916630688094983 ) ) ;
#2420 = ADVANCED_FACE ( 'NONE', ( #1675 ), #11852, .F. ) ;
#2421 = DIRECTION ( 'NONE',  ( 2.602085213964869829E-17, 1.000000000000000000, -1.661572766674529829E-16 ) ) ;
#2422 = ORIENTED_EDGE ( 'NONE', *, *, #7835, .F. ) ;
#2423 = LINE ( 'NONE', #1500, #328 ) ;
#2424 = ORIENTED_EDGE ( 'NONE', *, *, #335, .F. ) ;
#2425 = VERTEX_POINT ( 'NONE', #11224 ) ;
#2426 = VECTOR ( 'NONE', #9710, 1000.000000000000000 ) ;
#2427 = ORIENTED_EDGE ( 'NONE', *, *, #10708, .T. ) ;
#2428 = PLANE ( 'NONE',  #8608 ) ;
#2429 = DIRECTION ( 'NONE',  ( -3.159141067834900288E-38, 6.573933234426810631E-15, -1.000000000000000000 ) ) ;
#2430 = FACE_BOUND ( 'NONE', #2167, .T. ) ;
#2431 = EDGE_CURVE ( 'NONE', #6397, #7931, #5300, .T. ) ;
#2432 = VERTEX_POINT ( 'NONE', #2926 ) ;
#2433 = CYLINDRICAL_SURFACE ( 'NONE', #4920, 2.500000000000002220 ) ;
#2434 = ORIENTED_EDGE ( 'NONE', *, *, #11273, .F. ) ;
#2435 = DIRECTION ( 'NONE',  ( -0.7071067811865474617, 0.7071067811865474617, -1.586192039558948629E-16 ) ) ;
#2436 = EDGE_CURVE ( 'NONE', #4497, #6410, #6844, .T. ) ;
#2437 = LINE ( 'NONE', #10726, #10445 ) ;
#2438 = AXIS2_PLACEMENT_3D ( 'NONE', #391, #10471, #6837 ) ;
#2439 = EDGE_LOOP ( 'NONE', ( #9381, #9147, #9060, #4230, #10062, #7335, #5904 ) ) ;
#2440 = CARTESIAN_POINT ( 'NONE',  ( 132.2171133453900040, -119.4297640746489861, 102.7500000000329976 ) ) ;
#2441 = EDGE_LOOP ( 'NONE', ( #2354, #3223, #3936, #9035 ) ) ;
#2442 = EDGE_CURVE ( 'NONE', #825, #2196, #7315, .T. ) ;
#2443 = AXIS2_PLACEMENT_3D ( 'NONE', #4146, #11779, #6087 ) ;
#2444 = CARTESIAN_POINT ( 'NONE',  ( 132.7994557802945792, -140.2689437751486992, 67.19263099388237492 ) ) ;
#2445 = DIRECTION ( 'NONE',  ( 0.000000000000000000, 0.000000000000000000, 1.000000000000000000 ) ) ;
#2446 = DIRECTION ( 'NONE',  ( 0.9999999999997509770, 0.000000000000000000, -7.056356859287570437E-07 ) ) ;
#2447 = CARTESIAN_POINT ( 'NONE',  ( 163.2944627930995125, -151.9297640215109766, 53.24991713246220115 ) ) ;
#2448 = CARTESIAN_POINT ( 'NONE',  ( 162.9674195183530117, -141.0614479310189893, 67.50232843037180430 ) ) ;
#2449 = ADVANCED_FACE ( 'NONE', ( #2589 ), #5363, .F. ) ;
#2450 = DIRECTION ( 'NONE',  ( 0.000000000000000000, 1.000000000000000000, -2.336840784686309836E-30 ) ) ;
#2451 = SHAPE_DEFINITION_REPRESENTATION ( #9302, #3555 ) ;
#2452 = AXIS2_PLACEMENT_3D ( 'NONE', #544, #3353, #11948 ) ;
#2453 = DIRECTION ( 'NONE',  ( 1.000000000000000000, -3.683226109728400325E-15, 7.166576360129239776E-17 ) ) ;
#2454 = ORIENTED_EDGE ( 'NONE', *, *, #640, .T. ) ;
#2455 = EDGE_CURVE ( 'NONE', #5857, #10830, #4785, .T. ) ;
#2456 = DIRECTION ( 'NONE',  ( 1.000000000000000000, 9.644381700027818519E-17, -8.125761577746330715E-13 ) ) ;
#2457 = EDGE_CURVE ( 'NONE', #3889, #9705, #3552, .T. ) ;
#2458 = VERTEX_POINT ( 'NONE', #9125 ) ;
#2459 = VECTOR ( 'NONE', #4166, 1000.000000000000000 ) ;
#2460 = FACE_OUTER_BOUND ( 'NONE', #1592, .T. ) ;
#2461 = CARTESIAN_POINT ( 'NONE',  ( 169.9786284033270078, -147.3829269371353803, 53.38549640900530591 ) ) ;
#2462 = DIRECTION ( 'NONE',  ( 3.160768215787150073E-15, 1.000000000000000000, -1.526556658859589750E-16 ) ) ;
#2463 = CARTESIAN_POINT ( 'NONE',  ( 163.0918748463270163, -140.4202075253750195, 70.18415247456020722 ) ) ;
#2464 = CARTESIAN_POINT ( 'NONE',  ( 133.6669467408600269, -154.0297640746490231, 83.34999974667989875 ) ) ;
#2465 = VERTEX_POINT ( 'NONE', #10887 ) ;
#2466 = DIRECTION ( 'NONE',  ( 0.000000000000000000, 1.000000000000000000, 0.000000000000000000 ) ) ;
#2467 = ORIENTED_EDGE ( 'NONE', *, *, #5322, .F. ) ;
#2468 = DIRECTION ( 'NONE',  ( 0.000000000000000000, 0.7071067811865475727, 0.7071067811865475727 ) ) ;
#2469 = AXIS2_PLACEMENT_3D ( 'NONE', #2703, #8996, #5537 ) ;
#2470 = EDGE_LOOP ( 'NONE', ( #9112, #10760, #3498, #11388 ) ) ;
#2471 = VERTEX_POINT ( 'NONE', #9066 ) ;
#2472 = EDGE_CURVE ( 'NONE', #10420, #11027, #752, .T. ) ;
#2473 = CARTESIAN_POINT ( 'NONE',  ( 125.4555982874533981, -138.1586012779320072, 53.38549640900540538 ) ) ;
#2474 = LINE ( 'NONE', #2352, #9924 ) ;
#2475 = CARTESIAN_POINT ( 'NONE',  ( 164.2736018428180103, -117.8297640215111954, 60.27765112427590566 ) ) ;
#2476 = ADVANCED_FACE ( 'NONE', ( #10948 ), #6072, .F. ) ;
#2477 = ORIENTED_EDGE ( 'NONE', *, *, #7650, .F. ) ;
#2478 = CARTESIAN_POINT ( 'NONE',  ( 138.3188148104420065, -144.2867134908119908, 106.3412257261460070 ) ) ;
#2479 = ORIENTED_EDGE ( 'NONE', *, *, #4069, .T. ) ;
#2480 = VECTOR ( 'NONE', #791, 1000.000000000000000 ) ;
#2481 = DIRECTION ( 'NONE',  ( -2.602085213964869829E-17, -1.000000000000000000, 1.526556658859589750E-16 ) ) ;
#2482 = CARTESIAN_POINT ( 'NONE',  ( 139.0953482565489878, -145.0429196176179687, 107.3678211846060009 ) ) ;
#2483 = CARTESIAN_POINT ( 'NONE',  ( 138.0808703739280077, -144.2180896904359884, 110.3643259274530095 ) ) ;
#2484 = VERTEX_POINT ( 'NONE', #9465 ) ;
#2485 = FACE_OUTER_BOUND ( 'NONE', #4012, .T. ) ;
#2486 = ORIENTED_EDGE ( 'NONE', *, *, #7605, .F. ) ;
#2487 = ORIENTED_EDGE ( 'NONE', *, *, #2442, .T. ) ;
#2488 = AXIS2_PLACEMENT_3D ( 'NONE', #9379, #1198, #1322 ) ;
#2489 = EDGE_LOOP ( 'NONE', ( #7387, #1686, #7768, #9695, #7710 ) ) ;
#2490 = DIRECTION ( 'NONE',  ( 0.008142047127310449856, 5.981805089575196986E-15, -0.9999668529849259357 ) ) ;
#2491 = DIRECTION ( 'NONE',  ( -2.428612916363149773E-16, 1.000000000000000000, 6.573933234426810631E-15 ) ) ;
#2492 = CARTESIAN_POINT ( 'NONE',  ( 168.6298797530100160, -114.9297640215113887, 55.80000000000003979 ) ) ;
#2493 = EDGE_CURVE ( 'NONE', #2968, #9136, #10375, .T. ) ;
#2494 = CARTESIAN_POINT ( 'NONE',  ( 136.9171131927749911, -148.4297640746490003, 105.4997837512840135 ) ) ;
#2495 = ORIENTED_EDGE ( 'NONE', *, *, #150, .T. ) ;
#2496 = PLANE ( 'NONE',  #9792 ) ;
#2497 = CARTESIAN_POINT ( 'NONE',  ( 162.2171133453900040, -136.4297640746490288, 82.74999987335620233 ) ) ;
#2498 = VECTOR ( 'NONE', #5422, 1000.000000000000000 ) ;
#2499 = ORIENTED_EDGE ( 'NONE', *, *, #11218, .T. ) ;
#2500 = LINE ( 'NONE', #2679, #3090 ) ;
#2501 = EDGE_CURVE ( 'NONE', #3675, #7100, #6355, .T. ) ;
#2502 = ORIENTED_EDGE ( 'NONE', *, *, #7907, .F. ) ;
#2503 = CARTESIAN_POINT ( 'NONE',  ( 162.3677708826299977, -121.2411319091553850, 53.47602185630500315 ) ) ;
#2504 = CIRCLE ( 'NONE', #1520, 1.000000000000006217 ) ;
#2505 = VECTOR ( 'NONE', #5581, 1000.000000000000000 ) ;
#2506 = CARTESIAN_POINT ( 'NONE',  ( 163.2171133453900040, -140.4297640215119998, 93.86432591814070747 ) ) ;
#2507 = AXIS2_PLACEMENT_3D ( 'NONE', #925, #2087, #2874 ) ;
#2508 = CARTESIAN_POINT ( 'NONE',  ( 133.9425134960249864, -140.4297640215119998, 105.3643259181410059 ) ) ;
#2509 = CARTESIAN_POINT ( 'NONE',  ( 132.5100065642029961, -141.1368708558350136, 68.99999991151649681 ) ) ;
#2510 = LINE ( 'NONE', #2385, #5533 ) ;
#2511 = DIRECTION ( 'NONE',  ( 0.7071067811865475727, -0.7071067811865475727, 0.000000000000000000 ) ) ;
#2512 = AXIS2_PLACEMENT_3D ( 'NONE', #11844, #1544, #8028 ) ;
#2513 = AXIS2_PLACEMENT_3D ( 'NONE', #9862, #633, #1679 ) ;
#2514 = DIRECTION ( 'NONE',  ( -5.079270344852710336E-15, 1.000000000000000000, 0.000000000000000000 ) ) ;
#2515 = ADVANCED_FACE ( 'NONE', ( #2984 ), #7406, .F. ) ;
#2516 = ORIENTED_EDGE ( 'NONE', *, *, #504, .T. ) ;
#2517 = ADVANCED_FACE ( 'NONE', ( #8368 ), #3941, .T. ) ;
#2518 = EDGE_CURVE ( 'NONE', #4731, #8645, #11879, .T. ) ;
#2519 = CARTESIAN_POINT ( 'NONE',  ( 144.7398171248910046, -156.2555293443139988, 117.6643259181420120 ) ) ;
#2520 = ORIENTED_EDGE ( 'NONE', *, *, #7418, .F. ) ;
#2521 = VECTOR ( 'NONE', #1421, 1000.000000000000000 ) ;
#2522 = LINE ( 'NONE', #6211, #1275 ) ;
#2523 = CARTESIAN_POINT ( 'NONE',  ( 131.2171133453900040, -153.4297640746490003, 102.7500000000329976 ) ) ;
#2524 = DIRECTION ( 'NONE',  ( -1.405764415695050220E-14, -2.326251989482290231E-15, -1.000000000000000000 ) ) ;
#2525 = FACE_OUTER_BOUND ( 'NONE', #4384, .T. ) ;
#2526 = CARTESIAN_POINT ( 'NONE',  ( 136.7171133453900040, -136.4297640746490288, 82.74999987335620233 ) ) ;
#2527 = DIRECTION ( 'NONE',  ( 2.602085213964869829E-17, 1.000000000000000000, -1.526556658859589750E-16 ) ) ;
#2528 = ORIENTED_EDGE ( 'NONE', *, *, #3359, .T. ) ;
#2529 = CARTESIAN_POINT ( 'NONE',  ( 162.4198792555772002, -139.6249342119541268, 69.95816347125121126 ) ) ;
#2530 = EDGE_CURVE ( 'NONE', #10325, #1763, #11042, .T. ) ;
#2531 = ORIENTED_EDGE ( 'NONE', *, *, #6207, .T. ) ;
#2532 = VECTOR ( 'NONE', #4463, 1000.000000000000000 ) ;
#2533 = DIRECTION ( 'NONE',  ( 0.9999934369450366178, 0.000000000000000000, 0.003622991423289741685 ) ) ;
#2534 = ORIENTED_EDGE ( 'NONE', *, *, #7040, .T. ) ;
#2535 = CYLINDRICAL_SURFACE ( 'NONE', #7057, 0.9999999999999964473 ) ;
#2536 = LINE ( 'NONE', #7796, #3163 ) ;
#2537 = ORIENTED_EDGE ( 'NONE', *, *, #6534, .T. ) ;
#2538 = PLANE ( 'NONE',  #11525 ) ;
#2539 = CARTESIAN_POINT ( 'NONE',  ( 124.9671133602909947, -114.4297640215114029, 62.75000000000000000 ) ) ;
#2540 = AXIS2_PLACEMENT_3D ( 'NONE', #6199, #10736, #8138 ) ;
#2541 = DIRECTION ( 'NONE',  ( -0.7071044607880542232, 0.7071044607815272220, -0.002561850210385671189 ) ) ;
#2542 = CARTESIAN_POINT ( 'NONE',  ( 130.2171133453898619, -134.0920877878089073, 56.00640280175948504 ) ) ;
#2543 = CARTESIAN_POINT ( 'NONE',  ( 135.2171133453900040, -119.4297640746489861, 98.51432591814179318 ) ) ;
#2544 = EDGE_LOOP ( 'NONE', ( #10717, #1360, #2200, #10107, #404, #9988, #11823 ) ) ;
#2545 = DIRECTION ( 'NONE',  ( 7.166576360129189239E-17, -1.526556658859589750E-16, -1.000000000000000000 ) ) ;
#2546 = EDGE_CURVE ( 'NONE', #11023, #10488, #8426, .T. ) ;
#2547 = EDGE_CURVE ( 'NONE', #4526, #274, #5871, .T. ) ;
#2548 = ORIENTED_EDGE ( 'NONE', *, *, #2878, .T. ) ;
#2549 = ORIENTED_EDGE ( 'NONE', *, *, #1326, .T. ) ;
#2550 = ORIENTED_EDGE ( 'NONE', *, *, #10770, .F. ) ;
#2551 = DIRECTION ( 'NONE',  ( 1.000000000000000000, 0.000000000000000000, -8.810118433399840573E-15 ) ) ;
#2552 = VERTEX_POINT ( 'NONE', #2619 ) ;
#2553 = DIRECTION ( 'NONE',  ( 0.7071067811865121566, 0.000000000000000000, 0.7071067811865827668 ) ) ;
#2554 = ORIENTED_EDGE ( 'NONE', *, *, #10151, .T. ) ;
#2555 = DIRECTION ( 'NONE',  ( 0.3826834323651358560, -0.9238795325112677537, -5.107025913275719297E-15 ) ) ;
#2556 = CYLINDRICAL_SURFACE ( 'NONE', #9096, 4.999999999999998224 ) ;
#2557 = EDGE_CURVE ( 'NONE', #10341, #5791, #783, .T. ) ;
#2558 = ORIENTED_EDGE ( 'NONE', *, *, #1861, .T. ) ;
#2559 = CARTESIAN_POINT ( 'NONE',  ( 134.5594083207459732, -140.5614092696509942, 111.3643622578470058 ) ) ;
#2560 = ORIENTED_EDGE ( 'NONE', *, *, #9868, .T. ) ;
#2561 = DIRECTION ( 'NONE',  ( -2.181134504332795135E-16, 1.000000000000000000, 6.604345163285380259E-15 ) ) ;
#2562 = CARTESIAN_POINT ( 'NONE',  ( 132.9528979380899329, -139.8082161093585398, 67.07243099593040370 ) ) ;
#2563 = CARTESIAN_POINT ( 'NONE',  ( 134.7589016241614388, -120.8865512784481808, 61.55659731960582093 ) ) ;
#2564 = FACE_OUTER_BOUND ( 'NONE', #3693, .T. ) ;
#2565 = AXIS2_PLACEMENT_3D ( 'NONE', #4777, #3939, #7640 ) ;
#2566 = CARTESIAN_POINT ( 'NONE',  ( 133.6793669926550194, -140.4297640215119998, 93.86432591814070747 ) ) ;
#2567 = CARTESIAN_POINT ( 'NONE',  ( 133.5171131927750139, -148.2297640746490117, 102.0997837512840078 ) ) ;
#2568 = CARTESIAN_POINT ( 'NONE',  ( 132.6513570401425568, -153.2626413082892327, 67.07889004633364038 ) ) ;
#2569 = CIRCLE ( 'NONE', #9334, 25.15049366970479738 ) ;
#2570 = ORIENTED_EDGE ( 'NONE', *, *, #3057, .T. ) ;
#2571 = CARTESIAN_POINT ( 'NONE',  ( 135.9671133340039830, -140.4297640215119998, 100.7500000000290044 ) ) ;
#2572 = EDGE_LOOP ( 'NONE', ( #1642, #5806, #1357, #9342 ) ) ;
#2573 = FACE_OUTER_BOUND ( 'NONE', #11498, .T. ) ;
#2574 = CARTESIAN_POINT ( 'NONE',  ( 158.5171131927750139, -148.0297640746490231, 105.4997837512840135 ) ) ;
#2575 = EDGE_CURVE ( 'NONE', #2811, #128, #9936, .T. ) ;
#2576 = CYLINDRICAL_SURFACE ( 'NONE', #478, 0.9999999999999852340 ) ;
#2577 = DIRECTION ( 'NONE',  ( 1.000000000000000000, 2.428612952914219616E-16, -2.449293589365040091E-16 ) ) ;
#2578 = AXIS2_PLACEMENT_3D ( 'NONE', #3831, #2649, #4459 ) ;
#2579 = CARTESIAN_POINT ( 'NONE',  ( 163.2171133453900040, -153.4297640746490003, 58.25000000000000000 ) ) ;
#2580 = ADVANCED_FACE ( 'NONE', ( #6554 ), #3760, .T. ) ;
#2581 = ADVANCED_FACE ( 'NONE', ( #2742 ), #5455, .T. ) ;
#2582 = DIRECTION ( 'NONE',  ( -0.3201841039085919216, -0.2192636771836919962, -0.9216320195566870543 ) ) ;
#2583 = ORIENTED_EDGE ( 'NONE', *, *, #32, .F. ) ;
#2584 = CARTESIAN_POINT ( 'NONE',  ( 132.2171133453900040, -139.0155506031722439, 66.26179929931564061 ) ) ;
#2585 = EDGE_LOOP ( 'NONE', ( #6175, #5706, #7326 ) ) ;
#2586 = ORIENTED_EDGE ( 'NONE', *, *, #7029, .T. ) ;
#2587 = CIRCLE ( 'NONE', #11287, 1.000000000000000888 ) ;
#2588 = CARTESIAN_POINT ( 'NONE',  ( 163.2171133453900040, -143.9297639738429950, 98.70216526821819514 ) ) ;
#2589 = FACE_OUTER_BOUND ( 'NONE', #7159, .T. ) ;
#2590 = ORIENTED_EDGE ( 'NONE', *, *, #10209, .T. ) ;
#2591 = FACE_OUTER_BOUND ( 'NONE', #2257, .T. ) ;
#2592 = LINE ( 'NONE', #6345, #8514 ) ;
#2593 = ADVANCED_FACE ( 'NONE', ( #10244 ), #3646, .F. ) ;
#2594 = FACE_OUTER_BOUND ( 'NONE', #3154, .T. ) ;
#2595 = CARTESIAN_POINT ( 'NONE',  ( 138.4751040480451820, -114.6297640215111926, 62.10199319125020168 ) ) ;
#2596 = DIRECTION ( 'NONE',  ( 8.821935677471621045E-15, 2.327875578288760404E-16, 1.000000000000000000 ) ) ;
#2597 = CARTESIAN_POINT ( 'NONE',  ( 161.2171133453899756, -138.0155505122760076, 68.99999991151629786 ) ) ;
#2598 = VERTEX_POINT ( 'NONE', #9213 ) ;
#2599 = CARTESIAN_POINT ( 'NONE',  ( 164.5469330843241949, -147.9708210221112097, 51.18808963222615915 ) ) ;
#2600 = CIRCLE ( 'NONE', #2007, 14.00000000000001243 ) ;
#2601 = ORIENTED_EDGE ( 'NONE', *, *, #9593, .F. ) ;
#2602 = B_SPLINE_CURVE_WITH_KNOTS ( 'NONE', 3,
 ( #3395, #10844, #3454, #9751 ),
 .UNSPECIFIED., .F., .F.,
 ( 4, 4 ),
 ( 0.000000000000000000, 1.000000000000000000 ),
 .UNSPECIFIED. ) ;
#2603 = VERTEX_POINT ( 'NONE', #1824 ) ;
#2604 = ORIENTED_EDGE ( 'NONE', *, *, #995, .F. ) ;
#2605 = DIRECTION ( 'NONE',  ( -2.172710010179970092E-15, 0.000000000000000000, 1.000000000000000000 ) ) ;
#2606 = DIRECTION ( 'NONE',  ( 1.000000000000000000, 0.000000000000000000, 0.000000000000000000 ) ) ;
#2607 = CARTESIAN_POINT ( 'NONE',  ( 163.1087258513475149, -120.4297680637882024, 62.66078637172639532 ) ) ;
#2608 = ORIENTED_EDGE ( 'NONE', *, *, #1913, .F. ) ;
#2609 = EDGE_CURVE ( 'NONE', #2165, #6181, #1944, .T. ) ;
#2610 = AXIS2_PLACEMENT_3D ( 'NONE', #5199, #8115, #11811 ) ;
#2611 = EDGE_CURVE ( 'NONE', #10775, #5611, #836, .T. ) ;
#2612 = FACE_OUTER_BOUND ( 'NONE', #7313, .T. ) ;
#2613 = ORIENTED_EDGE ( 'NONE', *, *, #4288, .T. ) ;
#2614 = CARTESIAN_POINT ( 'NONE',  ( 133.0664558081502094, -121.2411318770749915, 53.47602185630490368 ) ) ;
#2615 = LINE ( 'NONE', #9033, #2691 ) ;
#2616 = VERTEX_POINT ( 'NONE', #10982 ) ;
#2617 = LINE ( 'NONE', #1764, #5399 ) ;
#2618 = ORIENTED_EDGE ( 'NONE', *, *, #4733, .T. ) ;
#2619 = CARTESIAN_POINT ( 'NONE',  ( 132.2474879634529827, -141.8947298340550276, 51.11866876023830031 ) ) ;
#2620 = CARTESIAN_POINT ( 'NONE',  ( 138.4751040480451820, -114.4297640215112040, 62.10199319125020168 ) ) ;
#2621 = EDGE_CURVE ( 'NONE', #10387, #9312, #5396, .T. ) ;
#2622 = DIRECTION ( 'NONE',  ( 3.683226109728400325E-15, 1.000000000000000000, -1.526556658859589750E-16 ) ) ;
#2623 = AXIS2_PLACEMENT_3D ( 'NONE', #5026, #7034, #7762 ) ;
#2624 = CARTESIAN_POINT ( 'NONE',  ( 125.4555982874533981, -146.6504621838786022, 53.38549640900530591 ) ) ;
#2625 = VECTOR ( 'NONE', #3348, 1000.000000000000000 ) ;
#2626 = DIRECTION ( 'NONE',  ( 1.000000000000000000, 9.644381700046818973E-17, -4.666241877321180938E-16 ) ) ;
#2627 = LINE ( 'NONE', #9046, #11759 ) ;
#2628 = DIRECTION ( 'NONE',  ( 2.897277325460589953E-15, 1.000000000000000000, 2.897277325460589953E-15 ) ) ;
#2629 = VECTOR ( 'NONE', #10531, 1000.000000000000114 ) ;
#2630 = VECTOR ( 'NONE', #2397, 1000.000000000000000 ) ;
#2631 = ORIENTED_EDGE ( 'NONE', *, *, #10082, .T. ) ;
#2632 = DIRECTION ( 'NONE',  ( 0.000000000000000000, -1.000000000000000000, 1.526556658859589750E-16 ) ) ;
#2633 = VERTEX_POINT ( 'NONE', #5518 ) ;
#2634 = DIRECTION ( 'NONE',  ( 3.611935920203930620E-30, -7.253542152952170271E-15, 1.000000000000000000 ) ) ;
#2635 = CARTESIAN_POINT ( 'NONE',  ( 134.2171133453900040, -138.0155505122760076, 67.99999991151649681 ) ) ;
#2636 = DIRECTION ( 'NONE',  ( -1.000000000000000000, 0.000000000000000000, 0.000000000000000000 ) ) ;
#2637 = AXIS2_PLACEMENT_3D ( 'NONE', #4780, #9646, #4005 ) ;
#2638 = ORIENTED_EDGE ( 'NONE', *, *, #726, .T. ) ;
#2639 = DIRECTION ( 'NONE',  ( -2.449293589365040091E-16, 0.000000000000000000, -1.000000000000000000 ) ) ;
#2640 = FACE_OUTER_BOUND ( 'NONE', #5078, .T. ) ;
#2641 = CARTESIAN_POINT ( 'NONE',  ( 164.1583628191301329, -133.3507426882382561, 54.32916630688096404 ) ) ;
#2642 = EDGE_LOOP ( 'NONE', ( #9791, #11941, #5045, #582 ) ) ;
#2643 = FACE_OUTER_BOUND ( 'NONE', #1565, .T. ) ;
#2644 =( BOUNDED_CURVE ( )  B_SPLINE_CURVE ( 3, ( #7379, #11638, #3338, #2503 ),
 .UNSPECIFIED., .F., .F. ) 
 B_SPLINE_CURVE_WITH_KNOTS ( ( 4, 4 ),
 ( 4.712388976466110435, 5.838546859729560445 ),
 .UNSPECIFIED. ) 
 CURVE ( )  GEOMETRIC_REPRESENTATION_ITEM ( )  RATIONAL_B_SPLINE_CURVE ( ( 1.000000000000000000, 0.8970770709084000538, 0.8970770709084000538, 1.000000000000000000 ) ) 
 REPRESENTATION_ITEM ( '' )  );
#2645 = EDGE_CURVE ( 'NONE', #1927, #5665, #908, .T. ) ;
#2646 = ORIENTED_EDGE ( 'NONE', *, *, #872, .T. ) ;
#2647 = CIRCLE ( 'NONE', #10380, 3.500000000000003109 ) ;
#2648 = DIRECTION ( 'NONE',  ( -0.7071067811865370256, -0.7071067811865580088, 6.337638343848130229E-15 ) ) ;
#2649 = DIRECTION ( 'NONE',  ( 8.933825901280388903E-17, 1.000000000000000000, -8.933825901280388903E-17 ) ) ;
#2650 = CYLINDRICAL_SURFACE ( 'NONE', #4314, 1.949999999999993516 ) ;
#2651 = ORIENTED_EDGE ( 'NONE', *, *, #9916, .T. ) ;
#2652 = DIRECTION ( 'NONE',  ( 0.000000000000000000, -1.000000000000000000, 1.526556658859589750E-16 ) ) ;
#2653 = LINE ( 'NONE', #8042, #6386 ) ;
#2654 = CARTESIAN_POINT ( 'NONE',  ( 133.2171133453900040, -152.4297640746490003, 95.20718002819110382 ) ) ;
#2655 = DIRECTION ( 'NONE',  ( 0.9999934369450366178, 0.000000000000000000, 0.003622991423289741685 ) ) ;
#2656 = CARTESIAN_POINT ( 'NONE',  ( 162.8094094721379861, -148.4297640746490003, 102.0997837512840078 ) ) ;
#2657 = DIRECTION ( 'NONE',  ( -2.428612952914209755E-16, 1.000000000000000000, 6.573933234426810631E-15 ) ) ;
#2658 = ORIENTED_EDGE ( 'NONE', *, *, #1184, .T. ) ;
#2659 = VECTOR ( 'NONE', #10333, 1000.000000000000000 ) ;
#2660 = CARTESIAN_POINT ( 'NONE',  ( 175.2171133453904872, -149.3781082989492290, 61.25889761298407876 ) ) ;
#2661 = ORIENTED_EDGE ( 'NONE', *, *, #11189, .T. ) ;
#2662 = EDGE_CURVE ( 'NONE', #4501, #10777, #3705, .T. ) ;
#2663 = EDGE_LOOP ( 'NONE', ( #10871, #2018, #1384, #10945 ) ) ;
#2664 = ORIENTED_EDGE ( 'NONE', *, *, #264, .T. ) ;
#2665 = CARTESIAN_POINT ( 'NONE',  ( 160.4445636097503041, -120.8012448425873373, 59.50846352191415178 ) ) ;
#2666 = B_SPLINE_CURVE_WITH_KNOTS ( 'NONE', 3,
 ( #5147, #7164, #10851, #3521 ),
 .UNSPECIFIED., .F., .F.,
 ( 4, 4 ),
 ( 0.000000000000000000, 1.000000000000000000 ),
 .UNSPECIFIED. ) ;
#2667 = CYLINDRICAL_SURFACE ( 'NONE', #9941, 1.700000000000007061 ) ;
#2668 = SPHERICAL_SURFACE ( 'NONE', #10891, 1.000000000000000000 ) ;
#2669 = EDGE_CURVE ( 'NONE', #4072, #839, #1021, .T. ) ;
#2670 = VERTEX_POINT ( 'NONE', #6668 ) ;
#2671 = EDGE_CURVE ( 'NONE', #10260, #6537, #10909, .T. ) ;
#2672 = AXIS2_PLACEMENT_3D ( 'NONE', #2271, #1469, #5160 ) ;
#2673 = VERTEX_POINT ( 'NONE', #11270 ) ;
#2674 = CARTESIAN_POINT ( 'NONE',  ( 164.2171132435119887, -119.4297640746489861, 62.74999974667980496 ) ) ;
#2675 = PLANE ( 'NONE',  #2067 ) ;
#2676 = LINE ( 'NONE', #3580, #9267 ) ;
#2677 = VERTEX_POINT ( 'NONE', #1079 ) ;
#2678 = CIRCLE ( 'NONE', #5176, 11.54238125198780729 ) ;
#2679 = CARTESIAN_POINT ( 'NONE',  ( 120.6171133453899955, -114.4297640215114029, 51.25000000000000000 ) ) ;
#2680 = ADVANCED_FACE ( 'NONE', ( #4776 ), #11390, .T. ) ;
#2681 = ORIENTED_EDGE ( 'NONE', *, *, #4817, .F. ) ;
#2682 = DIRECTION ( 'NONE',  ( -0.4397326120323201692, 0.1821432117215256996, -0.8794652240646019248 ) ) ;
#2683 = DIRECTION ( 'NONE',  ( 0.000000000000000000, 1.000000000000000000, -1.074295325692379890E-17 ) ) ;
#2684 = AXIS2_PLACEMENT_3D ( 'NONE', #7596, #8633, #11290 ) ;
#2685 = CARTESIAN_POINT ( 'NONE',  ( 135.1106269972374037, -120.5702725032489440, 60.69203362404157076 ) ) ;
#2686 = DIRECTION ( 'NONE',  ( 1.000000000000000000, 0.000000000000000000, 0.000000000000000000 ) ) ;
#2687 = CARTESIAN_POINT ( 'NONE',  ( 162.5001399845841377, -153.4131934294040036, 66.74575736857623554 ) ) ;
#2688 = DIRECTION ( 'NONE',  ( -1.000000000000000000, 0.000000000000000000, 0.000000000000000000 ) ) ;
#2689 = ADVANCED_FACE ( 'NONE', ( #344 ), #7044, .F. ) ;
#2690 = EDGE_CURVE ( 'NONE', #4232, #6459, #2251, .T. ) ;
#2691 = VECTOR ( 'NONE', #8301, 1000.000000000000000 ) ;
#2692 = AXIS2_PLACEMENT_3D ( 'NONE', #10685, #6023, #9717 ) ;
#2693 = ORIENTED_EDGE ( 'NONE', *, *, #4079, .T. ) ;
#2694 = CARTESIAN_POINT ( 'NONE',  ( 131.2171133453900040, -140.4297640215119998, 102.7500000000329976 ) ) ;
#2695 = ORIENTED_EDGE ( 'NONE', *, *, #3010, .T. ) ;
#2696 = CARTESIAN_POINT ( 'NONE',  ( 162.4476321890733459, -139.7076689186147291, 67.05466945666300660 ) ) ;
#2697 = CARTESIAN_POINT ( 'NONE',  ( 168.6298797530100160, -127.2079386145634459, 57.74999999999995737 ) ) ;
#2698 = VECTOR ( 'NONE', #8462, 1000.000000000000000 ) ;
#2699 = DIRECTION ( 'NONE',  ( -1.214306495755069846E-16, 1.000000000000000000, 0.000000000000000000 ) ) ;
#2700 = CIRCLE ( 'NONE', #162, 1.450000000000006839 ) ;
#2701 = EDGE_LOOP ( 'NONE', ( #9052, #9080, #4554, #8586 ) ) ;
#2702 = DIRECTION ( 'NONE',  ( -8.810118433399840573E-15, -1.150608946447880006E-15, -1.000000000000000000 ) ) ;
#2703 = CARTESIAN_POINT ( 'NONE',  ( 154.6834021859320103, -140.4297640215119998, 99.69100161576849928 ) ) ;
#2704 = CARTESIAN_POINT ( 'NONE',  ( 138.4751040480451820, -122.4297640215111898, 62.10199319125020168 ) ) ;
#2705 = ORIENTED_EDGE ( 'NONE', *, *, #5482, .F. ) ;
#2706 = CARTESIAN_POINT ( 'NONE',  ( 160.4045934253212238, -138.3521072828668252, 67.52403676203836369 ) ) ;
#2707 = EDGE_CURVE ( 'NONE', #7059, #5377, #5752, .T. ) ;
#2708 = ORIENTED_EDGE ( 'NONE', *, *, #11621, .F. ) ;
#2709 = ORIENTED_EDGE ( 'NONE', *, *, #8826, .T. ) ;
#2710 = PLANE ( 'NONE',  #2212 ) ;
#2711 = DIRECTION ( 'NONE',  ( -9.644381700046828834E-17, 1.000000000000000000, -2.327875578288750051E-16 ) ) ;
#2712 = ORIENTED_EDGE ( 'NONE', *, *, #774, .T. ) ;
#2713 = CARTESIAN_POINT ( 'NONE',  ( 137.7411471990661767, -144.1088955894966261, 110.3643259181410201 ) ) ;
#2714 = LINE ( 'NONE', #6412, #11038 ) ;
#2715 = CARTESIAN_POINT ( 'NONE',  ( 158.7171133453899756, -139.3513368729310002, 80.50005035146709531 ) ) ;
#2716 = DIRECTION ( 'NONE',  ( 8.421158622884340236E-19, 1.000000000000000000, -2.324350894187579990E-16 ) ) ;
#2717 = DIRECTION ( 'NONE',  ( -1.205027857103396617E-08, 0.000000000000000000, 0.9999999999999998890 ) ) ;
#2718 = CIRCLE ( 'NONE', #9481, 24.75049366970480236 ) ;
#2719 = DIRECTION ( 'NONE',  ( -4.422034925190670533E-15, -1.000000000000000000, -6.633052400461320667E-15 ) ) ;
#2720 = VECTOR ( 'NONE', #4422, 1000.000000000000000 ) ;
#2721 = VERTEX_POINT ( 'NONE', #4841 ) ;
#2722 = PLANE ( 'NONE',  #5761 ) ;
#2723 = ORIENTED_EDGE ( 'NONE', *, *, #7010, .T. ) ;
#2724 = B_SPLINE_CURVE_WITH_KNOTS ( 'NONE', 3,
 ( #8147, #7302, #3719, #9166, #10139, #2696, #8382, #11054, #4498, #7240, #2813, #7477, #6394, #3539, #858 ),
 .UNSPECIFIED., .F., .F.,
 ( 4, 2, 2, 1, 1, 1, 2, 2, 4 ),
 ( 0.000000000000000000, 0.2499999999995483613, 0.3749999999993225419, 0.4374999999992301714, 0.4687499999991839861, 0.4843749999991608379, 0.4921874999991525113, 0.4999999999991442401, 1.000000000000000000 ),
 .UNSPECIFIED. ) ;
#2725 = VERTEX_POINT ( 'NONE', #4114 ) ;
#2726 = ORIENTED_EDGE ( 'NONE', *, *, #5782, .T. ) ;
#2727 = CARTESIAN_POINT ( 'NONE',  ( 161.8636246354708419, -122.4301260750929572, 57.96915320185910758 ) ) ;
#2728 = CARTESIAN_POINT ( 'NONE',  ( 160.2932338128784977, -138.3982339446410208, 67.99999991151629786 ) ) ;
#2729 = CARTESIAN_POINT ( 'NONE',  ( 160.3226861543900839, -138.0155505122760076, 69.44721350701627216 ) ) ;
#2730 = CIRCLE ( 'NONE', #10074, 2.500000000000002220 ) ;
#2731 = ORIENTED_EDGE ( 'NONE', *, *, #3550, .F. ) ;
#2732 = ORIENTED_EDGE ( 'NONE', *, *, #7265, .F. ) ;
#2733 = CARTESIAN_POINT ( 'NONE',  ( 174.2852309984259875, -153.4297640746490003, 108.6871770333523983 ) ) ;
#2734 = EDGE_CURVE ( 'NONE', #2156, #538, #9576, .T. ) ;
#2735 = ORIENTED_EDGE ( 'NONE', *, *, #120, .T. ) ;
#2736 = FACE_OUTER_BOUND ( 'NONE', #6738, .T. ) ;
#2737 = FACE_OUTER_BOUND ( 'NONE', #4520, .T. ) ;
#2738 = ORIENTED_EDGE ( 'NONE', *, *, #11945, .T. ) ;
#2739 = EDGE_CURVE ( 'NONE', #1927, #10377, #5506, .T. ) ;
#2740 = DIRECTION ( 'NONE',  ( -2.602085213964869829E-17, -1.000000000000000000, 1.526556658859589750E-16 ) ) ;
#2741 = VERTEX_POINT ( 'NONE', #11212 ) ;
#2742 = FACE_OUTER_BOUND ( 'NONE', #9931, .T. ) ;
#2743 = CARTESIAN_POINT ( 'NONE',  ( 133.5171131927750139, -148.4297640746490003, 105.4997837512840135 ) ) ;
#2744 = CARTESIAN_POINT ( 'NONE',  ( 133.0874150314851363, -122.5593564156064161, 62.73181646336375650 ) ) ;
#2745 = CARTESIAN_POINT ( 'NONE',  ( 134.0606248479624014, -120.9297640215114029, 60.27765112427590566 ) ) ;
#2746 = EDGE_CURVE ( 'NONE', #1058, #8404, #169, .T. ) ;
#2747 = CARTESIAN_POINT ( 'NONE',  ( 165.2171133453904872, -151.4297640215179968, 62.75000000000000000 ) ) ;
#2748 = DIRECTION ( 'NONE',  ( 0.000000000000000000, -1.000000000000000000, 1.074295325692379890E-17 ) ) ;
#2749 = CARTESIAN_POINT ( 'NONE',  ( 132.1601190154987933, -154.4297640215114882, 55.74983426492450178 ) ) ;
#2750 = VECTOR ( 'NONE', #1332, 999.9999999999998863 ) ;
#2751 = ORIENTED_EDGE ( 'NONE', *, *, #8866, .F. ) ;
#2752 = LINE ( 'NONE', #10261, #10928 ) ;
#2753 = CARTESIAN_POINT ( 'NONE',  ( 162.5106408074620106, -114.6297640215111926, 53.67421917386259622 ) ) ;
#2754 = EDGE_CURVE ( 'NONE', #8161, #7386, #7526, .T. ) ;
#2755 = EDGE_CURVE ( 'NONE', #1486, #7799, #5485, .T. ) ;
#2756 = FACE_OUTER_BOUND ( 'NONE', #9365, .T. ) ;
#2757 = ORIENTED_EDGE ( 'NONE', *, *, #4628, .F. ) ;
#2758 = CARTESIAN_POINT ( 'NONE',  ( 137.4322607913653087, -143.9713729753453322, 106.3643259181410059 ) ) ;
#2759 = CARTESIAN_POINT ( 'NONE',  ( 132.2171133453900040, -141.8439776370219931, 67.99999991151649681 ) ) ;
#2760 = CARTESIAN_POINT ( 'NONE',  ( 159.6669467343539850, -153.4297640746490003, 72.84999974667979927 ) ) ;
#2761 = EDGE_LOOP ( 'NONE', ( #8998, #2723, #6419, #8417 ) ) ;
#2762 = CARTESIAN_POINT ( 'NONE',  ( 163.0908997220556103, -141.3403586390640498, 68.99999991151628365 ) ) ;
#2763 = VECTOR ( 'NONE', #3218, 1000.000000000000000 ) ;
#2764 = ORIENTED_EDGE ( 'NONE', *, *, #2115, .F. ) ;
#2765 = DIRECTION ( 'NONE',  ( -0.7071067811867760566, 2.545575864073960320E-15, -0.7071067811863189778 ) ) ;
#2766 = EDGE_LOOP ( 'NONE', ( #6403, #4075, #9764, #5479 ) ) ;
#2767 = CARTESIAN_POINT ( 'NONE',  ( 134.8867893806400104, -141.1007620968209721, 106.3086558945000064 ) ) ;
#2768 = DIRECTION ( 'NONE',  ( -7.091018223718018616E-17, 0.02796071685984100053, 0.9996090227247269588 ) ) ;
#2769 = AXIS2_PLACEMENT_3D ( 'NONE', #8575, #6759, #6819 ) ;
#2770 = ADVANCED_FACE ( 'NONE', ( #5021 ), #2918, .T. ) ;
#2771 = CARTESIAN_POINT ( 'NONE',  ( 132.2474879634529827, -121.4473735486275956, 51.11866876023850637 ) ) ;
#2772 = LINE ( 'NONE', #2945, #11413 ) ;
#2773 = DIRECTION ( 'NONE',  ( 6.573933235254571056E-15, 0.000000000000000000, 1.000000000000000000 ) ) ;
#2774 = LINE ( 'NONE', #5309, #10436 ) ;
#2775 = VERTEX_POINT ( 'NONE', #1267 ) ;
#2776 = LINE ( 'NONE', #11977, #4402 ) ;
#2777 = ORIENTED_EDGE ( 'NONE', *, *, #11353, .F. ) ;
#2778 = VECTOR ( 'NONE', #1629, 1000.000000000000000 ) ;
#2779 = EDGE_LOOP ( 'NONE', ( #8780, #4585, #5517, #206 ) ) ;
#2780 = VERTEX_POINT ( 'NONE', #4900 ) ;
#2781 = CARTESIAN_POINT ( 'NONE',  ( 162.8449171059519642, -123.4297640215111898, 57.77774199401579835 ) ) ;
#2782 = DIRECTION ( 'NONE',  ( 5.883148992937639856E-16, 1.000000000000000000, -5.883148992938029356E-16 ) ) ;
#2783 = DIRECTION ( 'NONE',  ( -1.000000000000000000, 3.160768215787150073E-15, 8.821935677471621045E-15 ) ) ;
#2784 = ORIENTED_EDGE ( 'NONE', *, *, #11160, .T. ) ;
#2785 = CARTESIAN_POINT ( 'NONE',  ( 133.9425134960249864, -140.4297640215119998, 105.3643259181410059 ) ) ;
#2786 = ORIENTED_EDGE ( 'NONE', *, *, #9992, .F. ) ;
#2787 = FACE_OUTER_BOUND ( 'NONE', #1865, .T. ) ;
#2788 = ORIENTED_EDGE ( 'NONE', *, *, #5234, .F. ) ;
#2789 = DIRECTION ( 'NONE',  ( -2.178471594150924982E-16, 1.000000000000000000, 6.605167180779930722E-15 ) ) ;
#2790 = DIRECTION ( 'NONE',  ( -3.160768215787150073E-15, -1.000000000000000000, 1.526556658859589750E-16 ) ) ;
#2791 = ORIENTED_EDGE ( 'NONE', *, *, #5013, .T. ) ;
#2792 = CARTESIAN_POINT ( 'NONE',  ( 135.2171131927750309, -148.0297640746490231, 103.7997837512839965 ) ) ;
#2793 = EDGE_LOOP ( 'NONE', ( #3282, #8874, #5437, #354, #10185, #6275, #6238 ) ) ;
#2794 = EDGE_CURVE ( 'NONE', #10885, #8477, #2587, .T. ) ;
#2795 = CIRCLE ( 'NONE', #6274, 1.950000000000000400 ) ;
#2796 = CARTESIAN_POINT ( 'NONE',  ( 167.5921133379395371, -154.4297640215109766, 61.12499999254929861 ) ) ;
#2797 = CARTESIAN_POINT ( 'NONE',  ( 163.2171133453900040, -153.4297640746490003, 67.14091634279270693 ) ) ;
#2798 = EDGE_CURVE ( 'NONE', #11546, #10618, #9346, .T. ) ;
#2799 = CARTESIAN_POINT ( 'NONE',  ( 134.0567269529472583, -121.5828465332321855, 62.31696999077047394 ) ) ;
#2800 = CARTESIAN_POINT ( 'NONE',  ( 133.0664558081502094, -121.2411318770749915, 53.47602185630490368 ) ) ;
#2801 = CARTESIAN_POINT ( 'NONE',  ( 161.2171133453899756, -138.0155505122760076, 67.99999991151629786 ) ) ;
#2802 = VECTOR ( 'NONE', #2133, 999.9999999999998863 ) ;
#2803 = VECTOR ( 'NONE', #6648, 1000.000000000000000 ) ;
#2804 = CARTESIAN_POINT ( 'NONE',  ( 134.2171133453900040, -138.0155505122760076, 68.99999991151649681 ) ) ;
#2805 = ADVANCED_FACE ( 'NONE', ( #5692 ), #9387, .T. ) ;
#2806 = VECTOR ( 'NONE', #9029, 1000.000000000000000 ) ;
#2807 = AXIS2_PLACEMENT_3D ( 'NONE', #300, #9589, #117 ) ;
#2808 = CARTESIAN_POINT ( 'NONE',  ( 132.2171133534549767, -136.4297640746490288, 81.50005035146759269 ) ) ;
#2809 = ORIENTED_EDGE ( 'NONE', *, *, #3559, .F. ) ;
#2810 = EDGE_CURVE ( 'NONE', #4851, #3201, #10255, .T. ) ;
#2811 = VERTEX_POINT ( 'NONE', #5200 ) ;
#2812 = EDGE_CURVE ( 'NONE', #7472, #11223, #9928, .T. ) ;
#2813 = CARTESIAN_POINT ( 'NONE',  ( 162.4859109714668364, -139.8219451261795996, 67.07506927767158800 ) ) ;
#2814 = DIRECTION ( 'NONE',  ( 0.000000000000000000, 0.000000000000000000, -1.000000000000000000 ) ) ;
#2815 = CYLINDRICAL_SURFACE ( 'NONE', #4552, 14.00026402016930049 ) ;
#2816 = CARTESIAN_POINT ( 'NONE',  ( 136.8075515762444070, -143.6131423475101769, 106.3643259181410201 ) ) ;
#2817 = LINE ( 'NONE', #3778, #9820 ) ;
#2818 = CARTESIAN_POINT ( 'NONE',  ( 161.2171130401599726, -140.4297640215119998, 103.6640618979710098 ) ) ;
#2819 = ORIENTED_EDGE ( 'NONE', *, *, #9376, .T. ) ;
#2820 = AXIS2_PLACEMENT_3D ( 'NONE', #3835, #6396, #6451 ) ;
#2821 = LINE ( 'NONE', #7193, #5576 ) ;
#2822 = ORIENTED_EDGE ( 'NONE', *, *, #2739, .F. ) ;
#2823 = EDGE_CURVE ( 'NONE', #4456, #9524, #2602, .T. ) ;
#2824 = EDGE_CURVE ( 'NONE', #5264, #11982, #11572, .T. ) ;
#2825 = PLANE ( 'NONE',  #8982 ) ;
#2826 = ORIENTED_EDGE ( 'NONE', *, *, #2609, .F. ) ;
#2827 = VECTOR ( 'NONE', #7175, 1000.000000000000000 ) ;
#2828 = CARTESIAN_POINT ( 'NONE',  ( 135.3308413625344144, -142.0675742638916290, 110.3643259181410059 ) ) ;
#2829 = CARTESIAN_POINT ( 'NONE',  ( 135.2171133453900040, -143.4297640215119714, 98.60072084258059988 ) ) ;
#2830 = AXIS2_PLACEMENT_3D ( 'NONE', #9355, #1047, #4087 ) ;
#2831 = CARTESIAN_POINT ( 'NONE',  ( 165.2171133453900040, -120.4297640215243916, 57.98985306244389903 ) ) ;
#2832 = CARTESIAN_POINT ( 'NONE',  ( 165.3236018428175100, -134.4297640215112040, 62.75000000000000000 ) ) ;
#2833 = CARTESIAN_POINT ( 'NONE',  ( 163.2171133453899188, -140.6724047617682629, 65.99999991151634049 ) ) ;
#2834 = CARTESIAN_POINT ( 'NONE',  ( 132.2474879634529827, -132.6704041748515976, 51.11866876023839978 ) ) ;
#2835 = VERTEX_POINT ( 'NONE', #7812 ) ;
#2836 = DIRECTION ( 'NONE',  ( -1.000000000000000000, 0.000000000000000000, 2.449293572821440166E-16 ) ) ;
#2837 = ORIENTED_EDGE ( 'NONE', *, *, #3828, .F. ) ;
#2838 = ADVANCED_FACE ( 'NONE', ( #4177 ), #10714, .T. ) ;
#2839 = ORIENTED_EDGE ( 'NONE', *, *, #38, .F. ) ;
#2840 = EDGE_CURVE ( 'NONE', #10341, #4294, #2311, .T. ) ;
#2841 = EDGE_LOOP ( 'NONE', ( #5670, #10557, #10211, #8178 ) ) ;
#2842 = CARTESIAN_POINT ( 'NONE',  ( 161.4352161145990294, -121.9697438203973832, 58.19274094942350217 ) ) ;
#2843 = CYLINDRICAL_SURFACE ( 'NONE', #2407, 0.9999999999999852340 ) ;
#2844 = DIRECTION ( 'NONE',  ( 9.644381700046828834E-17, -1.000000000000000000, 2.327875578288750051E-16 ) ) ;
#2845 = ORIENTED_EDGE ( 'NONE', *, *, #11306, .F. ) ;
#2846 = CARTESIAN_POINT ( 'NONE',  ( 132.9734432388114556, -139.7468433400931076, 67.06118548819704017 ) ) ;
#2847 = ORIENTED_EDGE ( 'NONE', *, *, #9832, .T. ) ;
#2848 = CARTESIAN_POINT ( 'NONE',  ( 121.0926601533641076, -149.2326144869206530, 57.68812983068337275 ) ) ;
#2849 = VECTOR ( 'NONE', #1666, 1000.000000000000000 ) ;
#2850 = CARTESIAN_POINT ( 'NONE',  ( 157.6248169134119905, -148.4297640746490003, 105.4997837512840135 ) ) ;
#2851 = CARTESIAN_POINT ( 'NONE',  ( 136.7171133453900040, -139.4497639943159868, 90.66992583329310662 ) ) ;
#2852 = FACE_OUTER_BOUND ( 'NONE', #1382, .T. ) ;
#2853 = VERTEX_POINT ( 'NONE', #5999 ) ;
#2854 = PLANE ( 'NONE',  #11214 ) ;
#2855 = EDGE_CURVE ( 'NONE', #6575, #986, #9697, .T. ) ;
#2856 = ORIENTED_EDGE ( 'NONE', *, *, #9447, .F. ) ;
#2857 = DIRECTION ( 'NONE',  ( 0.7071067811865431318, 4.820201635334607396E-15, -0.7071067811865520136 ) ) ;
#2858 = DIRECTION ( 'NONE',  ( 0.000000000000000000, -1.000000000000000000, 3.905299242813860453E-15 ) ) ;
#2859 = CARTESIAN_POINT ( 'NONE',  ( 175.2171133453905156, -127.6838383413243747, 66.00407431981281547 ) ) ;
#2860 = CARTESIAN_POINT ( 'NONE',  ( 133.5171131927750139, -148.0297640746490231, 103.7997837512839965 ) ) ;
#2861 = CARTESIAN_POINT ( 'NONE',  ( 132.3013255875212337, -121.4338155540714013, 51.27363734734930034 ) ) ;
#2862 = AXIS2_PLACEMENT_3D ( 'NONE', #5612, #10221, #4521 ) ;
#2863 = CARTESIAN_POINT ( 'NONE',  ( 169.9786284033270078, -146.6504621838784033, 53.38549640900530591 ) ) ;
#2864 = AXIS2_PLACEMENT_3D ( 'NONE', #10880, #10029, #4569 ) ;
#2865 = ORIENTED_EDGE ( 'NONE', *, *, #10729, .F. ) ;
#2866 = LINE ( 'NONE', #4398, #4121 ) ;
#2867 = DIRECTION ( 'NONE',  ( -8.933825901280518326E-17, -1.000000000000000000, 8.933825901279618531E-17 ) ) ;
#2868 = VERTEX_POINT ( 'NONE', #5258 ) ;
#2869 = PLANE ( 'NONE',  #1062 ) ;
#2870 = PLANE ( 'NONE',  #3781 ) ;
#2871 = EDGE_CURVE ( 'NONE', #9464, #650, #11301, .T. ) ;
#2872 = DIRECTION ( 'NONE',  ( -1.666513209668970211E-24, 1.000000000000000000, 7.105427357601000281E-15 ) ) ;
#2873 = CARTESIAN_POINT ( 'NONE',  ( 171.4963841853485178, -138.4888805644081913, 58.25000000000000000 ) ) ;
#2874 = DIRECTION ( 'NONE',  ( -1.000000000000000000, 0.000000000000000000, 0.000000000000000000 ) ) ;
#2875 = ORIENTED_EDGE ( 'NONE', *, *, #808, .T. ) ;
#2876 = AXIS2_PLACEMENT_3D ( 'NONE', #6458, #10148, #1846 ) ;
#2877 = DIRECTION ( 'NONE',  ( 0.000000000000000000, 0.7071067811865405783, -0.7071067811865544561 ) ) ;
#2878 = EDGE_CURVE ( 'NONE', #10867, #6119, #1386, .T. ) ;
#2879 = ORIENTED_EDGE ( 'NONE', *, *, #1087, .F. ) ;
#2880 = ADVANCED_FACE ( 'NONE', ( #8056 ), #4136, .F. ) ;
#2881 = CARTESIAN_POINT ( 'NONE',  ( 120.7172744890874156, -135.1967472432701811, 64.75000000000000000 ) ) ;
#2882 = AXIS2_PLACEMENT_3D ( 'NONE', #8047, #11741, #3446 ) ;
#2883 = ORIENTED_EDGE ( 'NONE', *, *, #9779, .F. ) ;
#2884 = VECTOR ( 'NONE', #9718, 1000.000000000000000 ) ;
#2885 = PLANE ( 'NONE',  #6117 ) ;
#2886 = CARTESIAN_POINT ( 'NONE',  ( 132.2171133453900040, -139.0112278823970087, 66.00000234636489438 ) ) ;
#2887 = CARTESIAN_POINT ( 'NONE',  ( 134.2171133453900040, -138.0155505122760076, 68.99999991151649681 ) ) ;
#2888 = MECHANICAL_DESIGN_GEOMETRIC_PRESENTATION_REPRESENTATION (  '', ( #1339 ), #3855 ) ;
#2889 = EDGE_CURVE ( 'NONE', #11235, #10437, #5075, .T. ) ;
#2890 = DIRECTION ( 'NONE',  ( 0.000000000000000000, -1.000000000000000000, 1.526556658859589750E-16 ) ) ;
#2891 = FACE_OUTER_BOUND ( 'NONE', #11354, .T. ) ;
#2892 = CARTESIAN_POINT ( 'NONE',  ( 163.1867387273269969, -133.4028689281082052, 51.11866876023839978 ) ) ;
#2893 = ORIENTED_EDGE ( 'NONE', *, *, #7697, .T. ) ;
#2894 = DIRECTION ( 'NONE',  ( 2.602085213964869829E-17, 1.000000000000000000, -1.526556658859589750E-16 ) ) ;
#2895 = B_SPLINE_CURVE_WITH_KNOTS ( 'NONE', 3,
 ( #5667, #9613, #1305, #4094, #10281, #1976, #8527, #9362, #7612, #1057, #4755, #8465, #3860, #7559, #2347, #1367, #2286, #10641, #2529, #9849, #1546, #7007, #6036 ),
 .UNSPECIFIED., .F., .F.,
 ( 4, 2, 1, 1, 1, 1, 2, 2, 2, 1, 1, 1, 2, 2, 4 ),
 ( 0.000000000000000000, 0.007812500000019846971, 0.01562500000003969394, 0.03125000000004043293, 0.06250000000006115941, 0.1250000000000649480, 0.2500000000000545120, 0.4999999999999671929, 0.5078124999999613642, 0.5156249999999555911, 0.5312499999999956701, 0.5625000000000101030, 0.6249999999999770184, 0.7499999999999846789, 1.000000000000000000 ),
 .UNSPECIFIED. ) ;
#2896 = ORIENTED_EDGE ( 'NONE', *, *, #5525, .T. ) ;
#2897 = VECTOR ( 'NONE', #883, 1000.000000000000000 ) ;
#2898 = ORIENTED_EDGE ( 'NONE', *, *, #1729, .F. ) ;
#2899 = ORIENTED_EDGE ( 'NONE', *, *, #5402, .T. ) ;
#2900 = CARTESIAN_POINT ( 'NONE',  ( 131.2171133605709770, -153.4297640746490003, 62.74999974667999680 ) ) ;
#2901 = LINE ( 'NONE', #6777, #7037 ) ;
#2902 = DIRECTION ( 'NONE',  ( 0.000000000000000000, 0.000000000000000000, 1.000000000000000000 ) ) ;
#2903 = ORIENTED_EDGE ( 'NONE', *, *, #8828, .T. ) ;
#2904 = FACE_OUTER_BOUND ( 'NONE', #10310, .T. ) ;
#2905 = ORIENTED_EDGE ( 'NONE', *, *, #4258, .T. ) ;
#2906 = AXIS2_PLACEMENT_3D ( 'NONE', #3505, #11736, #11912 ) ;
#2907 = AXIS2_PLACEMENT_3D ( 'NONE', #10202, #3665, #9345 ) ;
#2908 = CARTESIAN_POINT ( 'NONE',  ( 132.2171133453900040, -142.4297640746490003, 76.25002519175579607 ) ) ;
#2909 = ADVANCED_FACE ( 'NONE', ( #7094 ), #9874, .T. ) ;
#2910 = EDGE_CURVE ( 'NONE', #2227, #10260, #1571, .T. ) ;
#2911 = CARTESIAN_POINT ( 'NONE',  ( 160.5100065642035077, -138.0155505122760076, 69.70710669270289372 ) ) ;
#2912 = CARTESIAN_POINT ( 'NONE',  ( 162.7390975880338146, -139.0155505122760076, 70.10777195433547604 ) ) ;
#2913 = DIRECTION ( 'NONE',  ( -4.198030805606740487E-15, -1.000000000000000000, -6.709576272139210460E-15 ) ) ;
#2914 = ORIENTED_EDGE ( 'NONE', *, *, #3591, .F. ) ;
#2915 = DIRECTION ( 'NONE',  ( 0.000000000000000000, 0.000000000000000000, 1.000000000000000000 ) ) ;
#2916 = CIRCLE ( 'NONE', #6208, 1.000000002926494602 ) ;
#2917 = EDGE_LOOP ( 'NONE', ( #6302, #3171, #7629, #10506 ) ) ;
#2918 = PLANE ( 'NONE',  #3365 ) ;
#2919 = DIRECTION ( 'NONE',  ( -5.947210316807140508E-15, -1.000000000000000000, 1.526556658859619825E-16 ) ) ;
#2920 = CARTESIAN_POINT ( 'NONE',  ( 147.7171133226179904, -143.4297640215119714, 108.1323322036940056 ) ) ;
#2921 = CARTESIAN_POINT ( 'NONE',  ( 135.2171133453900040, -140.4297640215119998, 99.26432591814179318 ) ) ;
#2922 = EDGE_CURVE ( 'NONE', #1265, #250, #10665, .T. ) ;
#2923 = CARTESIAN_POINT ( 'NONE',  ( 161.8669467408599871, -154.2297640746490117, 83.34999974667989875 ) ) ;
#2924 = DIRECTION ( 'NONE',  ( -0.7071067811865475727, -0.7071067811865475727, 2.517874784805353577E-14 ) ) ;
#2925 = ORIENTED_EDGE ( 'NONE', *, *, #10274, .T. ) ;
#2926 = CARTESIAN_POINT ( 'NONE',  ( 163.2741076752814990, -154.4297640215109766, 55.74983426492450178 ) ) ;
#2927 = DIRECTION ( 'NONE',  ( -5.947210316807130252E-15, -1.000000000000000000, -7.827405568325590594E-14 ) ) ;
#2928 = ORIENTED_EDGE ( 'NONE', *, *, #10794, .T. ) ;
#2929 = FACE_OUTER_BOUND ( 'NONE', #10778, .T. ) ;
#2930 = EDGE_CURVE ( 'NONE', #1502, #8161, #7909, .T. ) ;
#2931 = PLANE ( 'NONE',  #5328 ) ;
#2932 = DIRECTION ( 'NONE',  ( -4.664896225277170639E-15, 1.000000000000000000, 6.633052400461320667E-15 ) ) ;
#2933 = DIRECTION ( 'NONE',  ( -3.049932991346375033E-15, -1.000000000000000000, 3.049932991346555288E-15 ) ) ;
#2934 = DIRECTION ( 'NONE',  ( 1.021793147355250147E-15, -6.709576272139220715E-15, 1.000000000000000000 ) ) ;
#2935 = ORIENTED_EDGE ( 'NONE', *, *, #5842, .T. ) ;
#2936 = VERTEX_POINT ( 'NONE', #3217 ) ;
#2937 = EDGE_CURVE ( 'NONE', #8651, #6185, #10603, .T. ) ;
#2938 = CARTESIAN_POINT ( 'NONE',  ( 161.3780088134119524, -121.5831835346609751, 62.31702263994151281 ) ) ;
#2939 = EDGE_LOOP ( 'NONE', ( #4476, #7124, #7705, #8816 ) ) ;
#2940 = CARTESIAN_POINT ( 'NONE',  ( 159.2928784776239866, -147.6570603870370064, 117.6643259181420120 ) ) ;
#2941 = FACE_OUTER_BOUND ( 'NONE', #8720, .T. ) ;
#2942 = ADVANCED_FACE ( 'NONE', ( #4529 ), #3746, .T. ) ;
#2943 = CARTESIAN_POINT ( 'NONE',  ( 130.1106248479624128, -114.8297640215114086, 60.17765112427590424 ) ) ;
#2944 = EDGE_CURVE ( 'NONE', #10883, #5851, #4523, .T. ) ;
#2945 = CARTESIAN_POINT ( 'NONE',  ( 132.2171133453900040, -119.4297640746489861, 102.7500000000329976 ) ) ;
#2946 = AXIS2_PLACEMENT_3D ( 'NONE', #8675, #5756, #4062 ) ;
#2947 = CARTESIAN_POINT ( 'NONE',  ( 158.5834021859320160, -140.4297640215119998, 100.6909950527140012 ) ) ;
#2948 = CARTESIAN_POINT ( 'NONE',  ( 136.7171133453900040, -138.8513369720210164, 93.86432591814070747 ) ) ;
#2949 = ORIENTED_EDGE ( 'NONE', *, *, #11542, .F. ) ;
#2950 = CARTESIAN_POINT ( 'NONE',  ( 170.6622504295840770, -149.0280244978843314, 52.69896783387475381 ) ) ;
#2951 = EDGE_LOOP ( 'NONE', ( #10268, #11639 ) ) ;
#2952 = ORIENTED_EDGE ( 'NONE', *, *, #7617, .T. ) ;
#2953 = VERTEX_POINT ( 'NONE', #10173 ) ;
#2954 = EDGE_CURVE ( 'NONE', #4952, #1613, #5881, .T. ) ;
#2955 = TOROIDAL_SURFACE ( 'NONE', #1593, 5.250025253359289934, 1.000000000000000000 ) ;
#2956 = CARTESIAN_POINT ( 'NONE',  ( 134.8550475711046772, -120.9764628117478935, 59.17646738677974838 ) ) ;
#2957 = CARTESIAN_POINT ( 'NONE',  ( 132.3771133453901143, -152.9723504732990591, 67.07978435237576775 ) ) ;
#2958 = CARTESIAN_POINT ( 'NONE',  ( 131.2758638716499604, -143.3075331006987767, 54.32916630688090720 ) ) ;
#2959 = ORIENTED_EDGE ( 'NONE', *, *, #9882, .F. ) ;
#2960 = DIRECTION ( 'NONE',  ( -2.428612984199849992E-16, 1.000000000000000000, 6.661338147750930565E-15 ) ) ;
#2961 = VERTEX_POINT ( 'NONE', #8238 ) ;
#2962 = EDGE_CURVE ( 'NONE', #1061, #592, #10141, .T. ) ;
#2963 = CARTESIAN_POINT ( 'NONE',  ( 139.0641310390018361, -144.9924891401026628, 105.6404199936603305 ) ) ;
#2964 = ORIENTED_EDGE ( 'NONE', *, *, #2240, .F. ) ;
#2965 = DIRECTION ( 'NONE',  ( 0.7071067811865475727, -0.7071067811865475727, 1.586192039560628656E-16 ) ) ;
#2966 = CYLINDRICAL_SURFACE ( 'NONE', #3682, 0.5899999999999971934 ) ;
#2967 = AXIS2_PLACEMENT_3D ( 'NONE', #11614, #3315, #4284 ) ;
#2968 = VERTEX_POINT ( 'NONE', #1753 ) ;
#2969 = FACE_OUTER_BOUND ( 'NONE', #4185, .T. ) ;
#2970 = ORIENTED_EDGE ( 'NONE', *, *, #10494, .F. ) ;
#2971 = ADVANCED_FACE ( 'NONE', ( #11926 ), #7332, .T. ) ;
#2972 = EDGE_CURVE ( 'NONE', #7779, #4064, #2600, .T. ) ;
#2973 = DIRECTION ( 'NONE',  ( -1.000000000000000000, 0.000000000000000000, 0.000000000000000000 ) ) ;
#2974 = CYLINDRICAL_SURFACE ( 'NONE', #11650, 12.00000000000000000 ) ;
#2975 = VECTOR ( 'NONE', #844, 1000.000000000000000 ) ;
#2976 = CARTESIAN_POINT ( 'NONE',  ( 162.8236018428179932, -120.9297640215111898, 57.67765112427589713 ) ) ;
#2977 = CARTESIAN_POINT ( 'NONE',  ( 110.6671133453899927, -124.3797640215114058, 62.75000000000000000 ) ) ;
#2978 = CYLINDRICAL_SURFACE ( 'NONE', #7089, 1.000000000000006217 ) ;
#2979 = CARTESIAN_POINT ( 'NONE',  ( 138.8092842277201555, -140.7230842149517969, 106.0718596739538242 ) ) ;
#2980 = CIRCLE ( 'NONE', #10523, 0.9999999999999731326 ) ;
#2981 = VERTEX_POINT ( 'NONE', #3633 ) ;
#2982 = ADVANCED_FACE ( 'NONE', ( #4645 ), #2667, .F. ) ;
#2983 = ORIENTED_EDGE ( 'NONE', *, *, #10650, .F. ) ;
#2984 = FACE_OUTER_BOUND ( 'NONE', #4571, .T. ) ;
#2985 = LINE ( 'NONE', #11225, #3590 ) ;
#2986 = ORIENTED_EDGE ( 'NONE', *, *, #7402, .T. ) ;
#2987 = CARTESIAN_POINT ( 'NONE',  ( 170.2171132288239903, -154.4297640888429726, 108.8158571060269963 ) ) ;
#2988 = FACE_OUTER_BOUND ( 'NONE', #574, .T. ) ;
#2989 = VECTOR ( 'NONE', #4338, 1000.000000000000000 ) ;
#2990 = CARTESIAN_POINT ( 'NONE',  ( 132.9623425825990068, -153.4297640746490003, 66.47410798651019093 ) ) ;
#2991 = CYLINDRICAL_SURFACE ( 'NONE', #1352, 24.75049366970480236 ) ;
#2992 = FACE_OUTER_BOUND ( 'NONE', #5081, .T. ) ;
#2993 = CARTESIAN_POINT ( 'NONE',  ( 132.2171133453900040, -127.4297640746490146, 80.50005035146759269 ) ) ;
#2994 = LINE ( 'NONE', #307, #3258 ) ;
#2995 = ORIENTED_EDGE ( 'NONE', *, *, #10661, .T. ) ;
#2996 = VECTOR ( 'NONE', #9101, 1000.000000000000000 ) ;
#2997 = VECTOR ( 'NONE', #10991, 1000.000000000000000 ) ;
#2998 = ADVANCED_FACE ( 'NONE', ( #10903 ), #5379, .T. ) ;
#2999 = DIRECTION ( 'NONE',  ( -1.000000000000000000, 0.000000000000000000, 7.823253522622070727E-15 ) ) ;
#3000 = EDGE_LOOP ( 'NONE', ( #6166, #3625, #8549, #7881 ) ) ;
#3001 = CARTESIAN_POINT ( 'NONE',  ( 160.2932338128784977, -138.3982339446410208, 78.81249988289620489 ) ) ;
#3002 = CARTESIAN_POINT ( 'NONE',  ( 132.8583090213540174, -139.4891250824349811, 66.96449424499870418 ) ) ;
#3003 = CARTESIAN_POINT ( 'NONE',  ( 129.7106248479624071, -114.4297640215114029, 62.75000000000000000 ) ) ;
#3004 = AXIS2_PLACEMENT_3D ( 'NONE', #2175, #11201, #9264 ) ;
#3005 = FACE_OUTER_BOUND ( 'NONE', #2439, .T. ) ;
#3006 = VECTOR ( 'NONE', #10176, 1000.000000000000000 ) ;
#3007 = DIRECTION ( 'NONE',  ( -1.000000000000000000, 3.480590576041360211E-15, -7.166576360129239776E-17 ) ) ;
#3008 = DIRECTION ( 'NONE',  ( -3.160768215787150073E-15, -1.000000000000000000, 1.526556658859589750E-16 ) ) ;
#3009 = ORIENTED_EDGE ( 'NONE', *, *, #11491, .F. ) ;
#3010 = EDGE_CURVE ( 'NONE', #3073, #11546, #7815, .T. ) ;
#3011 = CARTESIAN_POINT ( 'NONE',  ( 173.3632600928543184, -149.1553237599876240, 55.80765372663520907 ) ) ;
#3012 = EDGE_LOOP ( 'NONE', ( #8289, #11682, #4570, #7496, #10461, #6919, #2548, #1882 ) ) ;
#3013 = ORIENTED_EDGE ( 'NONE', *, *, #11327, .T. ) ;
#3014 = AXIS2_PLACEMENT_3D ( 'NONE', #6569, #8383, #1782 ) ;
#3015 = ORIENTED_EDGE ( 'NONE', *, *, #1978, .F. ) ;
#3016 = VECTOR ( 'NONE', #10748, 1000.000000000000114 ) ;
#3017 = CARTESIAN_POINT ( 'NONE',  ( 134.8820000464368150, -120.9424932001272879, 59.23269130668355587 ) ) ;
#3018 = CARTESIAN_POINT ( 'NONE',  ( 132.6725733437831423, -153.4297640746490003, 66.96689649118526688 ) ) ;
#3019 = DIRECTION ( 'NONE',  ( 9.644381700046828834E-17, -1.000000000000000000, 2.327875578288750051E-16 ) ) ;
#3020 = ORIENTED_EDGE ( 'NONE', *, *, #1775, .T. ) ;
#3021 = VERTEX_POINT ( 'NONE', #3570 ) ;
#3022 = CARTESIAN_POINT ( 'NONE',  ( 123.4799673821802912, -149.0816431722603284, 54.02345023874615748 ) ) ;
#3023 = EDGE_LOOP ( 'NONE', ( #6909, #1056, #3512, #10585, #4454, #5142, #2337 ) ) ;
#3024 = DIRECTION ( 'NONE',  ( 0.000000000000000000, 1.000000000000000000, -1.074295325692379890E-17 ) ) ;
#3025 = CARTESIAN_POINT ( 'NONE',  ( 120.2171133453899898, -149.4297640746490003, 95.85358149672968864 ) ) ;
#3026 = ORIENTED_EDGE ( 'NONE', *, *, #757, .F. ) ;
#3027 = EDGE_CURVE ( 'NONE', #6145, #9940, #11025, .T. ) ;
#3028 = LINE ( 'NONE', #4832, #5367 ) ;
#3029 = EDGE_LOOP ( 'NONE', ( #3863, #4010, #119, #4833 ) ) ;
#3030 = CARTESIAN_POINT ( 'NONE',  ( 132.2474879634529827, -132.6704041748515976, 51.11866876023839978 ) ) ;
#3031 = VERTEX_POINT ( 'NONE', #769 ) ;
#3032 = EDGE_CURVE ( 'NONE', #3379, #10404, #3516, .T. ) ;
#3033 = EDGE_CURVE ( 'NONE', #4506, #7576, #843, .T. ) ;
#3034 =( BOUNDED_CURVE ( )  B_SPLINE_CURVE ( 3, ( #1781, #5349, #11780, #6266 ),
 .UNSPECIFIED., .F., .T. ) 
 B_SPLINE_CURVE_WITH_KNOTS ( ( 4, 4 ),
 ( 5.906351361293540769, 5.916217090298649950 ),
 .UNSPECIFIED. ) 
 CURVE ( )  GEOMETRIC_REPRESENTATION_ITEM ( )  RATIONAL_B_SPLINE_CURVE ( ( 1.000000000000000000, 0.9999918889657140042, 0.9999918889657140042, 1.000000000000000000 ) ) 
 REPRESENTATION_ITEM ( '' )  );
#3035 = EDGE_LOOP ( 'NONE', ( #6996, #9637, #1438, #5446 ) ) ;
#3036 = DIRECTION ( 'NONE',  ( 0.7071067811865500152, 0.7071067811865450192, -5.726850911312339975E-17 ) ) ;
#3037 = CARTESIAN_POINT ( 'NONE',  ( 132.2171133453900040, -154.4297640746490003, 58.25000000000000000 ) ) ;
#3038 = LINE ( 'NONE', #1020, #9908 ) ;
#3039 = AXIS2_PLACEMENT_3D ( 'NONE', #3086, #3024, #10413 ) ;
#3040 = FACE_OUTER_BOUND ( 'NONE', #10559, .T. ) ;
#3041 = DIRECTION ( 'NONE',  ( -1.214306495755059738E-16, 1.000000000000000000, 6.573933234426810631E-15 ) ) ;
#3042 = VERTEX_POINT ( 'NONE', #2728 ) ;
#3043 = CARTESIAN_POINT ( 'NONE',  ( 154.4671131813890099, -149.4297640746490003, 117.6643259181420120 ) ) ;
#3044 = ADVANCED_FACE ( 'NONE', ( #1929 ), #6423, .T. ) ;
#3045 = AXIS2_PLACEMENT_3D ( 'NONE', #7064, #9726, #7964 ) ;
#3046 = DIRECTION ( 'NONE',  ( -3.280705218723690196E-15, 1.526556658859589750E-16, 1.000000000000000000 ) ) ;
#3047 = ORIENTED_EDGE ( 'NONE', *, *, #7866, .T. ) ;
#3048 = CARTESIAN_POINT ( 'NONE',  ( 170.4671133304890134, -114.4297640215112040, 62.75000000000000000 ) ) ;
#3049 = VERTEX_POINT ( 'NONE', #26 ) ;
#3050 = AXIS2_PLACEMENT_3D ( 'NONE', #7234, #7454, #11146 ) ;
#3051 = LINE ( 'NONE', #9591, #6484 ) ;
#3052 = LINE ( 'NONE', #8566, #4837 ) ;
#3053 = CARTESIAN_POINT ( 'NONE',  ( 163.2171133453900040, -136.4378403070739978, 96.26432591814179318 ) ) ;
#3054 = ADVANCED_FACE ( 'NONE', ( #7444 ), #2843, .F. ) ;
#3055 = CARTESIAN_POINT ( 'NONE',  ( 162.8269449219380078, -117.4297640215112040, 57.67765335951249739 ) ) ;
#3056 = SPHERICAL_SURFACE ( 'NONE', #4013, 1.000000000000000000 ) ;
#3057 = EDGE_CURVE ( 'NONE', #4296, #7723, #4414, .T. ) ;
#3058 = CARTESIAN_POINT ( 'NONE',  ( 143.4008046154339695, -141.4297640215119998, 111.3643259181410059 ) ) ;
#3059 = ORIENTED_EDGE ( 'NONE', *, *, #9581, .T. ) ;
#3060 = VECTOR ( 'NONE', #1622, 1000.000000000000114 ) ;
#3061 = LINE ( 'NONE', #8453, #462 ) ;
#3062 = ORIENTED_EDGE ( 'NONE', *, *, #8756, .F. ) ;
#3063 = CARTESIAN_POINT ( 'NONE',  ( 132.2171133453900040, -135.4297640746490288, 71.99999984474889914 ) ) ;
#3064 = CARTESIAN_POINT ( 'NONE',  ( 135.2171131927750309, -148.0297640746490231, 102.0997837512840078 ) ) ;
#3065 = AXIS2_PLACEMENT_3D ( 'NONE', #3120, #5652, #8392 ) ;
#3066 = CARTESIAN_POINT ( 'NONE',  ( 163.1867387273269969, -121.4473735807082022, 51.11866876023850637 ) ) ;
#3067 = LINE ( 'NONE', #142, #8263 ) ;
#3068 = EDGE_CURVE ( 'NONE', #5791, #4938, #10460, .T. ) ;
#3069 = PLANE ( 'NONE',  #9459 ) ;
#3070 = ORIENTED_EDGE ( 'NONE', *, *, #8774, .T. ) ;
#3071 = CARTESIAN_POINT ( 'NONE',  ( 169.3163481851049710, -148.9923830343241207, 51.79984164941690494 ) ) ;
#3072 = ORIENTED_EDGE ( 'NONE', *, *, #309, .T. ) ;
#3073 = VERTEX_POINT ( 'NONE', #5435 ) ;
#3074 = VECTOR ( 'NONE', #9688, 1000.000000000000000 ) ;
#3075 = VECTOR ( 'NONE', #10309, 1000.000000000000000 ) ;
#3076 = ORIENTED_EDGE ( 'NONE', *, *, #1238, .F. ) ;
#3077 = CARTESIAN_POINT ( 'NONE',  ( 135.0892184107322009, -120.6606051625073377, 59.89779211374239054 ) ) ;
#3078 = DIRECTION ( 'NONE',  ( -0.7071067811865520136, -4.734337204889509817E-15, 0.7071067811865431318 ) ) ;
#3079 = CARTESIAN_POINT ( 'NONE',  ( 134.2171133453900040, -138.0155505122760076, 67.99999991151649681 ) ) ;
#3080 = EDGE_LOOP ( 'NONE', ( #11259, #11715, #85, #7209, #948, #2106, #11789, #9984, #11014, #10847 ) ) ;
#3081 = VECTOR ( 'NONE', #64, 1000.000000000000227 ) ;
#3082 = PLANE ( 'NONE',  #281 ) ;
#3083 = ORIENTED_EDGE ( 'NONE', *, *, #3328, .T. ) ;
#3084 = CARTESIAN_POINT ( 'NONE',  ( 123.6255944923005217, -149.0756107926439427, 53.87205004475772796 ) ) ;
#3085 = ORIENTED_EDGE ( 'NONE', *, *, #6719, .T. ) ;
#3086 = CARTESIAN_POINT ( 'NONE',  ( 160.2171131927750025, -154.0297640746490231, 103.7997837512839965 ) ) ;
#3087 = ADVANCED_FACE ( 'NONE', ( #10043 ), #1563, .T. ) ;
#3088 = VECTOR ( 'NONE', #2359, 1000.000000000000114 ) ;
#3089 = DIRECTION ( 'NONE',  ( 5.412240084694092007E-08, 0.000000000000000000, -0.9999999999999986677 ) ) ;
#3090 = VECTOR ( 'NONE', #10003, 1000.000000000000000 ) ;
#3091 = ORIENTED_EDGE ( 'NONE', *, *, #2734, .F. ) ;
#3092 = CARTESIAN_POINT ( 'NONE',  ( 138.6185049453466434, -140.9138634973253659, 106.2619497842571832 ) ) ;
#3093 = VERTEX_POINT ( 'NONE', #8166 ) ;
#3094 = LINE ( 'NONE', #5934, #6380 ) ;
#3095 = ORIENTED_EDGE ( 'NONE', *, *, #4891, .T. ) ;
#3096 = VERTEX_POINT ( 'NONE', #9073 ) ;
#3097 = DIRECTION ( 'NONE',  ( -6.331740687315499969E-17, 1.000000000000000000, -6.331740687315499969E-17 ) ) ;
#3098 = CARTESIAN_POINT ( 'NONE',  ( 165.2171133453904872, -144.0488782002692005, 62.25000000000000000 ) ) ;
#3099 = DIRECTION ( 'NONE',  ( 1.000000000000000000, 1.238902669958819951E-17, -1.238902669958819951E-17 ) ) ;
#3100 = AXIS2_PLACEMENT_3D ( 'NONE', #3735, #10395, #7433 ) ;
#3101 = EDGE_CURVE ( 'NONE', #2313, #7011, #8046, .T. ) ;
#3102 = CARTESIAN_POINT ( 'NONE',  ( 162.3677708826299977, -146.4785198376040114, 53.47602185630469762 ) ) ;
#3103 = LINE ( 'NONE', #7642, #7756 ) ;
#3104 = EDGE_LOOP ( 'NONE', ( #5839, #11586, #1269, #6643 ) ) ;
#3105 = CARTESIAN_POINT ( 'NONE',  ( 139.0808663299519026, -140.4297640215119714, 111.0962178133068505 ) ) ;
#3106 = EDGE_CURVE ( 'NONE', #2484, #4756, #1744, .T. ) ;
#3107 = ADVANCED_FACE ( 'NONE', ( #10927 ), #4323, .T. ) ;
#3108 = VECTOR ( 'NONE', #5049, 1000.000000000000114 ) ;
#3109 = DIRECTION ( 'NONE',  ( -0.008142047127309334428, 6.938893903907228378E-15, -0.9999668529849260468 ) ) ;
#3110 = VERTEX_POINT ( 'NONE', #8080 ) ;
#3111 = ORIENTED_EDGE ( 'NONE', *, *, #901, .F. ) ;
#3112 = EDGE_CURVE ( 'NONE', #10586, #10611, #3729, .T. ) ;
#3113 = CARTESIAN_POINT ( 'NONE',  ( 163.0571133453900075, -144.5297640215119941, 67.14091634279270693 ) ) ;
#3114 = ORIENTED_EDGE ( 'NONE', *, *, #10151, .F. ) ;
#3115 = LINE ( 'NONE', #10317, #7056 ) ;
#3116 = FACE_OUTER_BOUND ( 'NONE', #8905, .T. ) ;
#3117 = FACE_OUTER_BOUND ( 'NONE', #517, .T. ) ;
#3118 = DIRECTION ( 'NONE',  ( 0.000000000000000000, -1.000000000000000000, 1.662515506103064860E-16 ) ) ;
#3119 = DIRECTION ( 'NONE',  ( -6.336404259145639923E-17, 1.000000000000000000, -6.359402734540659909E-17 ) ) ;
#3120 = CARTESIAN_POINT ( 'NONE',  ( 135.1768364872669963, -140.9297640215120282, 114.2143259181419950 ) ) ;
#3121 = VERTEX_POINT ( 'NONE', #704 ) ;
#3122 = EDGE_CURVE ( 'NONE', #393, #4959, #1229, .T. ) ;
#3123 = CARTESIAN_POINT ( 'NONE',  ( 160.3508206908996101, -120.5986410889268683, 60.70311559199591045 ) ) ;
#3124 = CARTESIAN_POINT ( 'NONE',  ( 157.6248169134119905, -148.4297640746490003, 105.4997837512840135 ) ) ;
#3125 = EDGE_CURVE ( 'NONE', #1676, #6145, #11449, .T. ) ;
#3126 = ORIENTED_EDGE ( 'NONE', *, *, #6750, .T. ) ;
#3127 = DIRECTION ( 'NONE',  ( -3.965082230804130614E-15, -1.000000000000000000, 1.074294585136279967E-17 ) ) ;
#3128 = CARTESIAN_POINT ( 'NONE',  ( 165.3236018428179932, -117.4297640215112040, 62.75000000000000000 ) ) ;
#3129 = DIRECTION ( 'NONE',  ( 0.000000000000000000, 1.000000000000000000, -1.526556658859589750E-16 ) ) ;
#3130 = CARTESIAN_POINT ( 'NONE',  ( 120.2171133453899898, -149.4193518720470024, 62.24960223581899754 ) ) ;
#3131 = CARTESIAN_POINT ( 'NONE',  ( 135.1768364872669963, -140.9297640215120282, 114.2143259181419950 ) ) ;
#3132 = ORIENTED_EDGE ( 'NONE', *, *, #10907, .T. ) ;
#3133 = CARTESIAN_POINT ( 'NONE',  ( 171.8050323528340186, -149.0753565997530359, 53.86821415691985493 ) ) ;
#3134 = ORIENTED_EDGE ( 'NONE', *, *, #9704, .T. ) ;
#3135 = ORIENTED_EDGE ( 'NONE', *, *, #6207, .F. ) ;
#3136 = ORIENTED_EDGE ( 'NONE', *, *, #5261, .F. ) ;
#3137 = CARTESIAN_POINT ( 'NONE',  ( 134.2669260382429570, -121.6707749629598254, 58.40498383181365227 ) ) ;
#3138 = FACE_OUTER_BOUND ( 'NONE', #6631, .T. ) ;
#3139 = LINE ( 'NONE', #1249, #11656 ) ;
#3140 = EDGE_CURVE ( 'NONE', #1039, #6356, #2980, .T. ) ;
#3141 = ORIENTED_EDGE ( 'NONE', *, *, #9327, .F. ) ;
#3142 = DIRECTION ( 'NONE',  ( 3.160768215787150073E-15, 1.000000000000000000, 0.000000000000000000 ) ) ;
#3143 = VERTEX_POINT ( 'NONE', #7700 ) ;
#3144 = VECTOR ( 'NONE', #4719, 1000.000000000000000 ) ;
#3145 = CARTESIAN_POINT ( 'NONE',  ( 163.2171133453900040, -147.4297640746490003, 70.99999991151629786 ) ) ;
#3146 = ORIENTED_EDGE ( 'NONE', *, *, #7553, .T. ) ;
#3147 = CARTESIAN_POINT ( 'NONE',  ( 132.2179663827849936, -141.5088405254009842, 69.80120010445840251 ) ) ;
#3148 = DIRECTION ( 'NONE',  ( -0.7071067811865475727, 0.000000000000000000, 0.7071067811865475727 ) ) ;
#3149 = EDGE_LOOP ( 'NONE', ( #3918, #3480, #7503, #11187, #6053, #10915 ) ) ;
#3150 = CARTESIAN_POINT ( 'NONE',  ( 161.2171133453899756, -138.0155505122760076, 67.99999991151629786 ) ) ;
#3151 = EDGE_LOOP ( 'NONE', ( #3173, #5941, #8413, #7966, #781, #5892, #4360, #2348, #4965, #997, #4412, #2215 ) ) ;
#3152 = CARTESIAN_POINT ( 'NONE',  ( 132.5100065642033940, -135.1368708558355820, 70.29289313032991515 ) ) ;
#3153 = AXIS2_PLACEMENT_3D ( 'NONE', #5560, #4823, #9369 ) ;
#3154 = EDGE_LOOP ( 'NONE', ( #5978, #491, #5552, #5107 ) ) ;
#3155 = ORIENTED_EDGE ( 'NONE', *, *, #5780, .F. ) ;
#3156 = DIRECTION ( 'NONE',  ( 2.602085213964869829E-17, 1.000000000000000000, -1.526556658859589750E-16 ) ) ;
#3157 = DIRECTION ( 'NONE',  ( 0.000000000000000000, 0.000000000000000000, -1.000000000000000000 ) ) ;
#3158 = DIRECTION ( 'NONE',  ( -6.336404259145639923E-17, 1.000000000000000000, -6.359402734540659909E-17 ) ) ;
#3159 = ADVANCED_FACE ( 'NONE', ( #9696 ), #2128, .T. ) ;
#3160 = DIRECTION ( 'NONE',  ( 1.656711940836400129E-15, 1.000000000000000000, -1.656711940836565001E-15 ) ) ;
#3161 = DIRECTION ( 'NONE',  ( 0.7071067811865470176, 0.7071067811865480168, 4.475281559684950386E-15 ) ) ;
#3162 = ORIENTED_EDGE ( 'NONE', *, *, #5470, .F. ) ;
#3163 = VECTOR ( 'NONE', #5182, 1000.000000000000000 ) ;
#3164 = DIRECTION ( 'NONE',  ( -1.000000000000000000, 3.480590576041360211E-15, 4.697843999457050607E-15 ) ) ;
#3165 = VERTEX_POINT ( 'NONE', #3999 ) ;
#3166 = CARTESIAN_POINT ( 'NONE',  ( 132.2171133453900040, -117.4297640215114029, 62.74648661845999698 ) ) ;
#3167 = EDGE_CURVE ( 'NONE', #23, #1979, #11292, .T. ) ;
#3168 = VERTEX_POINT ( 'NONE', #5998 ) ;
#3169 = AXIS2_PLACEMENT_3D ( 'NONE', #4513, #8218, #6682 ) ;
#3170 = ADVANCED_FACE ( 'NONE', ( #9639 ), #6849, .F. ) ;
#3171 = ORIENTED_EDGE ( 'NONE', *, *, #7053, .T. ) ;
#3172 = DIRECTION ( 'NONE',  ( -1.000000000000000000, 5.947210316807140508E-15, 8.810118433399939970E-15 ) ) ;
#3173 = ORIENTED_EDGE ( 'NONE', *, *, #6507, .F. ) ;
#3174 = DIRECTION ( 'NONE',  ( 0.3826834323651126524, 0.9238795325112774126, -1.573741137406160658E-14 ) ) ;
#3175 = CARTESIAN_POINT ( 'NONE',  ( 120.2171133453899898, -153.4297640746490003, 103.7500000343879947 ) ) ;
#3176 = CARTESIAN_POINT ( 'NONE',  ( 135.2171131927750309, -154.2297640746490117, 103.7997837512839965 ) ) ;
#3177 = LINE ( 'NONE', #10568, #6563 ) ;
#3178 = ADVANCED_FACE ( 'NONE', ( #11331 ), #11389, .T. ) ;
#3179 = ORIENTED_EDGE ( 'NONE', *, *, #8682, .T. ) ;
#3180 = ADVANCED_FACE ( 'NONE', ( #4961 ), #9515, .F. ) ;
#3181 = ADVANCED_FACE ( 'NONE', ( #9448 ), #2064, .T. ) ;
#3182 = TOROIDAL_SURFACE ( 'NONE', #9949, 0.9000000000000000222, 0.5999999999999999778 ) ;
#3183 = DIRECTION ( 'NONE',  ( -2.602085213964869829E-17, -1.000000000000000000, 1.526556658859589750E-16 ) ) ;
#3184 = ORIENTED_EDGE ( 'NONE', *, *, #1296, .T. ) ;
#3185 = FACE_OUTER_BOUND ( 'NONE', #9603, .T. ) ;
#3186 = DIRECTION ( 'NONE',  ( 1.666513209668965069E-24, -1.000000000000000000, -6.217248937900871104E-15 ) ) ;
#3187 = CARTESIAN_POINT ( 'NONE',  ( 138.6758768622362936, -144.4255074086967454, 106.2045132990826062 ) ) ;
#3188 = CARTESIAN_POINT ( 'NONE',  ( 125.4555982874533981, -148.4297640215245906, 53.38549640900530591 ) ) ;
#3189 = DIRECTION ( 'NONE',  ( -0.7071067811865474617, 0.7071067811865474617, 4.648472770300617411E-15 ) ) ;
#3190 = ORIENTED_EDGE ( 'NONE', *, *, #6766, .F. ) ;
#3191 = AXIS2_PLACEMENT_3D ( 'NONE', #10442, #2201, #2147 ) ;
#3192 = FACE_OUTER_BOUND ( 'NONE', #1943, .T. ) ;
#3193 = EDGE_CURVE ( 'NONE', #11574, #5851, #10545, .T. ) ;
#3194 = VECTOR ( 'NONE', #5362, 999.9999999999998863 ) ;
#3195 = ORIENTED_EDGE ( 'NONE', *, *, #11796, .T. ) ;
#3196 = ORIENTED_EDGE ( 'NONE', *, *, #3372, .T. ) ;
#3197 = ORIENTED_EDGE ( 'NONE', *, *, #8614, .T. ) ;
#3198 = CARTESIAN_POINT ( 'NONE',  ( 163.1867387273269969, -121.4473735807082022, 51.11866876023850637 ) ) ;
#3199 = DIRECTION ( 'NONE',  ( -1.406355277898634195E-14, -2.311987314028429852E-15, -1.000000000000000000 ) ) ;
#3200 = DIRECTION ( 'NONE',  ( -0.8944271909999192971, 3.117939246701780910E-15, 0.4472135954999511553 ) ) ;
#3201 = VERTEX_POINT ( 'NONE', #6795 ) ;
#3202 = PLANE ( 'NONE',  #9198 ) ;
#3203 = LINE ( 'NONE', #10654, #9471 ) ;
#3204 = AXIS2_PLACEMENT_3D ( 'NONE', #6073, #4129, #5215 ) ;
#3205 = ORIENTED_EDGE ( 'NONE', *, *, #5313, .F. ) ;
#3206 = CARTESIAN_POINT ( 'NONE',  ( 132.2171133453900040, -153.4297640746489435, 60.04999999999999716 ) ) ;
#3207 = CARTESIAN_POINT ( 'NONE',  ( 138.1144022118240002, -144.2287363896290060, 110.3648884040220111 ) ) ;
#3208 = DIRECTION ( 'NONE',  ( 4.125092604730555552E-15, -1.000000000000000000, -5.921943449235890703E-15 ) ) ;
#3209 = ADVANCED_FACE ( 'NONE', ( #5020 ), #8729, .F. ) ;
#3210 = EDGE_CURVE ( 'NONE', #1863, #8676, #9575, .T. ) ;
#3211 = ORIENTED_EDGE ( 'NONE', *, *, #2141, .F. ) ;
#3212 = VECTOR ( 'NONE', #2462, 1000.000000000000000 ) ;
#3213 = CARTESIAN_POINT ( 'NONE',  ( 142.3171131927750253, -148.4297640746490003, 102.0997837512840078 ) ) ;
#3214 = VERTEX_POINT ( 'NONE', #1206 ) ;
#3215 = ORIENTED_EDGE ( 'NONE', *, *, #4960, .T. ) ;
#3216 = CARTESIAN_POINT ( 'NONE',  ( 138.0100065642029961, -134.2226572934619924, 66.99999991151649681 ) ) ;
#3217 = CARTESIAN_POINT ( 'NONE',  ( 173.2171134944015023, -140.4262129510823911, 58.25000000000000000 ) ) ;
#3218 = DIRECTION ( 'NONE',  ( -3.160768215787150073E-15, -1.000000000000000000, 1.526556646962079803E-16 ) ) ;
#3219 = ORIENTED_EDGE ( 'NONE', *, *, #239, .F. ) ;
#3220 = DIRECTION ( 'NONE',  ( -9.644381700046828834E-17, 1.000000000000000000, -2.327875578288750051E-16 ) ) ;
#3221 = VECTOR ( 'NONE', #5758, 1000.000000000000000 ) ;
#3222 = CARTESIAN_POINT ( 'NONE',  ( 120.2171133453892082, -149.2641735625590229, 64.75000000000000000 ) ) ;
#3223 = ORIENTED_EDGE ( 'NONE', *, *, #5640, .T. ) ;
#3224 = LINE ( 'NONE', #7765, #7854 ) ;
#3225 = EDGE_CURVE ( 'NONE', #11475, #4771, #4899, .T. ) ;
#3226 = EDGE_LOOP ( 'NONE', ( #11990, #8943, #5873, #2028 ) ) ;
#3227 = LINE ( 'NONE', #9585, #8111 ) ;
#3228 = VECTOR ( 'NONE', #6659, 1000.000000000000000 ) ;
#3229 = ORIENTED_EDGE ( 'NONE', *, *, #3261, .T. ) ;
#3230 = FACE_OUTER_BOUND ( 'NONE', #8475, .T. ) ;
#3231 = ORIENTED_EDGE ( 'NONE', *, *, #3699, .T. ) ;
#3232 = CARTESIAN_POINT ( 'NONE',  ( 169.2171133453904872, -149.8297640215157855, 62.75000000000000000 ) ) ;
#3233 = CARTESIAN_POINT ( 'NONE',  ( 162.2171133453861671, -153.4297640746480909, 66.75884140268755118 ) ) ;
#3234 = DIRECTION ( 'NONE',  ( 0.000000000000000000, 0.000000000000000000, -1.000000000000000000 ) ) ;
#3235 = PLANE ( 'NONE',  #10753 ) ;
#3236 = CARTESIAN_POINT ( 'NONE',  ( 163.2171133453900040, -153.4297640746490003, 98.70216526821819514 ) ) ;
#3237 = PLANE ( 'NONE',  #1324 ) ;
#3238 = ORIENTED_EDGE ( 'NONE', *, *, #7906, .F. ) ;
#3239 = AXIS2_PLACEMENT_3D ( 'NONE', #7659, #2933, #5649 ) ;
#3240 = EDGE_LOOP ( 'NONE', ( #4998, #5260, #10417, #4693 ) ) ;
#3241 = LINE ( 'NONE', #11540, #2630 ) ;
#3242 = CARTESIAN_POINT ( 'NONE',  ( 121.2171133453899898, -149.8297640215160129, 53.75000000000000000 ) ) ;
#3243 = EDGE_CURVE ( 'NONE', #10611, #4409, #4328, .T. ) ;
#3244 = CYLINDRICAL_SURFACE ( 'NONE', #6773, 11.54238125198780729 ) ;
#3245 = FACE_OUTER_BOUND ( 'NONE', #8773, .T. ) ;
#3246 = EDGE_CURVE ( 'NONE', #274, #4526, #6461, .T. ) ;
#3247 = ADVANCED_FACE ( 'NONE', ( #1142 ), #4839, .F. ) ;
#3248 = DIRECTION ( 'NONE',  ( 0.000000000000000000, 1.000000000000000000, 0.000000000000000000 ) ) ;
#3249 = EDGE_LOOP ( 'NONE', ( #5425, #1837, #157, #2751, #5032, #10908, #3987 ) ) ;
#3250 = VECTOR ( 'NONE', #1138, 1000.000000000000114 ) ;
#3251 = CARTESIAN_POINT ( 'NONE',  ( 132.2171133453900040, -119.4297640746489861, 102.7500000000329976 ) ) ;
#3252 = ORIENTED_EDGE ( 'NONE', *, *, #8734, .F. ) ;
#3253 = ORIENTED_EDGE ( 'NONE', *, *, #6447, .T. ) ;
#3254 = CARTESIAN_POINT ( 'NONE',  ( 125.4555982874535971, -120.4297680637882024, 53.38549640900549775 ) ) ;
#3255 = DIRECTION ( 'NONE',  ( -0.7071067811865475727, 0.000000000000000000, 0.7071067811865475727 ) ) ;
#3256 = DIRECTION ( 'NONE',  ( -0.7071067811865475727, 0.000000000000000000, 0.7071067811865475727 ) ) ;
#3257 = VERTEX_POINT ( 'NONE', #11747 ) ;
#3258 = VECTOR ( 'NONE', #6692, 999.9999999999998863 ) ;
#3259 = DIRECTION ( 'NONE',  ( -0.7071067811865709984, 0.000000000000000000, 0.7071067811865240360 ) ) ;
#3260 = LINE ( 'NONE', #8717, #2131 ) ;
#3261 = EDGE_CURVE ( 'NONE', #958, #458, #584, .T. ) ;
#3262 = ORIENTED_EDGE ( 'NONE', *, *, #9404, .F. ) ;
#3263 = CARTESIAN_POINT ( 'NONE',  ( 162.9242201265754773, -141.1368708558355252, 67.87452127853062223 ) ) ;
#3264 = CARTESIAN_POINT ( 'NONE',  ( 165.2171133453900040, -120.8003612954468053, 58.51405301334870046 ) ) ;
#3265 = VERTEX_POINT ( 'NONE', #9750 ) ;
#3266 = CARTESIAN_POINT ( 'NONE',  ( 162.9242201265764720, -153.1368708558354967, 98.70110411163470587 ) ) ;
#3267 = ORIENTED_EDGE ( 'NONE', *, *, #4592, .F. ) ;
#3268 = VECTOR ( 'NONE', #5808, 1000.000000000000000 ) ;
#3269 = AXIS2_PLACEMENT_3D ( 'NONE', #3713, #5526, #6388 ) ;
#3270 = ORIENTED_EDGE ( 'NONE', *, *, #5103, .F. ) ;
#3271 = EDGE_LOOP ( 'NONE', ( #5497, #2819, #10355, #8053 ) ) ;
#3272 = CARTESIAN_POINT ( 'NONE',  ( 163.2171133453900040, -135.4297640746490288, 80.50005035146730847 ) ) ;
#3273 = CARTESIAN_POINT ( 'NONE',  ( 162.4858744474545631, -135.6985251767137299, 69.99999991151635470 ) ) ;
#3274 = CYLINDRICAL_SURFACE ( 'NONE', #2182, 11.54238125198780729 ) ;
#3275 = EDGE_LOOP ( 'NONE', ( #3925, #9870, #5268, #3155 ) ) ;
#3276 = ADVANCED_FACE ( 'NONE', ( #3453 ), #3182, .T. ) ;
#3277 = EDGE_CURVE ( 'NONE', #8627, #1347, #8175, .T. ) ;
#3278 = CIRCLE ( 'NONE', #5203, 11.54238125198780729 ) ;
#3279 = CIRCLE ( 'NONE', #1531, 6.999999999999997335 ) ;
#3280 = CARTESIAN_POINT ( 'NONE',  ( 160.2171131927750025, -148.4297640746490003, 103.7997837512839965 ) ) ;
#3281 = CARTESIAN_POINT ( 'NONE',  ( 164.4736018428179989, -117.6297640215111926, 60.27765112427590566 ) ) ;
#3282 = ORIENTED_EDGE ( 'NONE', *, *, #5415, .T. ) ;
#3283 = CARTESIAN_POINT ( 'NONE',  ( 168.6298797530100160, -114.9297640215113887, 59.70000000000003837 ) ) ;
#3284 = CARTESIAN_POINT ( 'NONE',  ( 129.9166948805590209, -154.4297640746490003, 111.1656475902200043 ) ) ;
#3285 = VERTEX_POINT ( 'NONE', #1445 ) ;
#3286 = CARTESIAN_POINT ( 'NONE',  ( 162.2171133453900040, -119.4297640746489861, 65.99999991151629786 ) ) ;
#3287 = VECTOR ( 'NONE', #7039, 1000.000000000000000 ) ;
#3288 = VERTEX_POINT ( 'NONE', #7093 ) ;
#3289 = VERTEX_POINT ( 'NONE', #7155 ) ;
#3290 = LINE ( 'NONE', #5953, #78 ) ;
#3291 = CARTESIAN_POINT ( 'NONE',  ( 133.0664558081502094, -146.4785198376042104, 53.47602185630469762 ) ) ;
#3292 = CARTESIAN_POINT ( 'NONE',  ( 132.6472529537702485, -140.7217877446992986, 69.61066198649466230 ) ) ;
#3293 = CARTESIAN_POINT ( 'NONE',  ( 163.2171132645240164, -142.4297640746490003, 70.99999985651450629 ) ) ;
#3294 = VECTOR ( 'NONE', #8818, 1000.000000000000000 ) ;
#3295 = DIRECTION ( 'NONE',  ( -0.7071067811865460184, -0.7071067811865489050, 0.000000000000000000 ) ) ;
#3296 = VECTOR ( 'NONE', #4769, 1000.000000000000000 ) ;
#3297 = CARTESIAN_POINT ( 'NONE',  ( 135.1409928779011977, -138.3982339446410208, 79.56249988289630437 ) ) ;
#3298 = B_SPLINE_CURVE_WITH_KNOTS ( 'NONE', 3,
 ( #2394, #6148, #9895, #5226 ),
 .UNSPECIFIED., .F., .F.,
 ( 4, 4 ),
 ( 0.000000000000000000, 0.06441016893578579983 ),
 .UNSPECIFIED. ) ;
#3299 = CYLINDRICAL_SURFACE ( 'NONE', #10238, 0.9999999999999964473 ) ;
#3300 = ORIENTED_EDGE ( 'NONE', *, *, #2798, .F. ) ;
#3301 = VECTOR ( 'NONE', #5401, 1000.000000000000000 ) ;
#3302 = CARTESIAN_POINT ( 'NONE',  ( 163.1867387273269969, -141.8947298340548002, 51.11866876023830031 ) ) ;
#3303 = ADVANCED_FACE ( 'NONE', ( #525 ), #7636, .F. ) ;
#3304 = VERTEX_POINT ( 'NONE', #3332 ) ;
#3305 = CARTESIAN_POINT ( 'NONE',  ( 132.5102147262684014, -139.0155507849648018, 66.70690371732840163 ) ) ;
#3306 = FACE_OUTER_BOUND ( 'NONE', #11797, .T. ) ;
#3307 = CARTESIAN_POINT ( 'NONE',  ( 135.2171131927750309, -140.4297640215119998, 103.7997837512839965 ) ) ;
#3308 = CARTESIAN_POINT ( 'NONE',  ( 162.9066215553891368, -141.0854274805239186, 69.25381729265878050 ) ) ;
#3309 = LINE ( 'NONE', #7733, #6562 ) ;
#3310 = ORIENTED_EDGE ( 'NONE', *, *, #7235, .F. ) ;
#3311 = CARTESIAN_POINT ( 'NONE',  ( 132.2171133574399846, -145.4297640746490003, 70.99999984474889914 ) ) ;
#3312 = EDGE_CURVE ( 'NONE', #4968, #5377, #5317, .T. ) ;
#3313 = EDGE_LOOP ( 'NONE', ( #5072, #6365, #5796, #5417 ) ) ;
#3314 = DIRECTION ( 'NONE',  ( -8.489861531809030498E-31, 6.709576272139220715E-15, -1.000000000000000000 ) ) ;
#3315 = DIRECTION ( 'NONE',  ( 1.214306505109919871E-16, -1.000000000000000000, -6.573933234426810631E-15 ) ) ;
#3316 = DIRECTION ( 'NONE',  ( 2.602085213964869829E-17, 1.000000000000000000, -1.526556658859589750E-16 ) ) ;
#3317 = ADVANCED_FACE ( 'NONE', ( #10718 ), #2428, .F. ) ;
#3318 = ORIENTED_EDGE ( 'NONE', *, *, #8626, .T. ) ;
#3319 = ADVANCED_FACE ( 'NONE', ( #9024 ), #5378, .F. ) ;
#3320 = CARTESIAN_POINT ( 'NONE',  ( 137.6727966066980002, -144.1188834710239917, 106.3073036496950010 ) ) ;
#3321 = CARTESIAN_POINT ( 'NONE',  ( 160.5100065642035077, -119.4297640746489861, 69.70710669270289372 ) ) ;
#3322 = VERTEX_POINT ( 'NONE', #10664 ) ;
#3323 = CARTESIAN_POINT ( 'NONE',  ( 138.5471919346560128, -144.3486097299980031, 111.3654853939009968 ) ) ;
#3324 = CARTESIAN_POINT ( 'NONE',  ( 121.1489955666119869, -153.4297640746490003, 108.6871770333520004 ) ) ;
#3325 = ORIENTED_EDGE ( 'NONE', *, *, #11153, .T. ) ;
#3326 = FACE_OUTER_BOUND ( 'NONE', #2263, .T. ) ;
#3327 = VERTEX_POINT ( 'NONE', #9083 ) ;
#3328 = EDGE_CURVE ( 'NONE', #2721, #5358, #9178, .T. ) ;
#3329 = VERTEX_POINT ( 'NONE', #11685 ) ;
#3330 = ORIENTED_EDGE ( 'NONE', *, *, #11751, .F. ) ;
#3331 = AXIS2_PLACEMENT_3D ( 'NONE', #9517, #1945, #7702 ) ;
#3332 = CARTESIAN_POINT ( 'NONE',  ( 162.2171133453900040, -135.4297640746490288, 81.50005035146720900 ) ) ;
#3333 = CARTESIAN_POINT ( 'NONE',  ( 157.6248169134119905, -148.4297640746490003, 102.0997837512840078 ) ) ;
#3334 = FACE_BOUND ( 'NONE', #11041, .T. ) ;
#3335 = EDGE_CURVE ( 'NONE', #3509, #9373, #706, .T. ) ;
#3336 = ORIENTED_EDGE ( 'NONE', *, *, #9310, .T. ) ;
#3337 = DIRECTION ( 'NONE',  ( -1.000000000000000000, -9.644381700046828834E-17, -7.166576360129189239E-17 ) ) ;
#3338 = CARTESIAN_POINT ( 'NONE',  ( 164.1583628191303035, -121.1664914407658813, 54.32916630688117721 ) ) ;
#3339 = ORIENTED_EDGE ( 'NONE', *, *, #5541, .T. ) ;
#3340 = CARTESIAN_POINT ( 'NONE',  ( 138.7892528739459976, -140.7213774775179900, 110.6585012201539939 ) ) ;
#3341 = CARTESIAN_POINT ( 'NONE',  ( 163.2171133453900040, -119.4297640746489861, 66.99999991151629786 ) ) ;
#3342 = VECTOR ( 'NONE', #9142, 1000.000000000000000 ) ;
#3343 = VERTEX_POINT ( 'NONE', #11632 ) ;
#3344 = CARTESIAN_POINT ( 'NONE',  ( 147.7171133226179904, -119.4297640746489861, 87.95716295907050153 ) ) ;
#3345 = EDGE_CURVE ( 'NONE', #2075, #1314, #6120, .T. ) ;
#3346 = ADVANCED_FACE ( 'NONE', ( #1506 ), #11697, .T. ) ;
#3347 = ORIENTED_EDGE ( 'NONE', *, *, #10114, .F. ) ;
#3348 = DIRECTION ( 'NONE',  ( -2.602085213965009729E-17, -1.000000000000000000, 2.148562215093330474E-15 ) ) ;
#3349 = AXIS2_PLACEMENT_3D ( 'NONE', #9559, #8654, #326 ) ;
#3350 =( BOUNDED_CURVE ( )  B_SPLINE_CURVE ( 3, ( #2759, #682, #6455, #9232 ),
 .UNSPECIFIED., .F., .T. ) 
 B_SPLINE_CURVE_WITH_KNOTS ( ( 4, 4 ),
 ( 4.240545301862365315E-16, 1.570796326794895004 ),
 .UNSPECIFIED. ) 
 CURVE ( )  GEOMETRIC_REPRESENTATION_ITEM ( )  RATIONAL_B_SPLINE_CURVE ( ( 1.000000000000000000, 0.8047378541243659367, 0.8047378541243659367, 1.000000000000000000 ) ) 
 REPRESENTATION_ITEM ( '' )  );
#3351 = CARTESIAN_POINT ( 'NONE',  ( 174.2687120399726268, -150.3781653345183145, 108.7301526952273321 ) ) ;
#3352 = DIRECTION ( 'NONE',  ( -0.003622991423284898337, 2.324366149095158836E-16, 0.9999934369450366178 ) ) ;
#3353 = DIRECTION ( 'NONE',  ( 0.000000000000000000, 1.000000000000000000, -1.526556658859589750E-16 ) ) ;
#3354 = DIRECTION ( 'NONE',  ( 2.602085213964889859E-17, 1.000000000000000000, -2.148562215093330474E-15 ) ) ;
#3355 = LINE ( 'NONE', #3297, #10987 ) ;
#3356 = FACE_OUTER_BOUND ( 'NONE', #3151, .T. ) ;
#3357 = ADVANCED_FACE ( 'NONE', ( #7213 ), #1570, .T. ) ;
#3358 = VECTOR ( 'NONE', #8653, 1000.000000000000000 ) ;
#3359 = EDGE_CURVE ( 'NONE', #716, #1265, #6057, .T. ) ;
#3360 = ORIENTED_EDGE ( 'NONE', *, *, #6246, .T. ) ;
#3361 = DIRECTION ( 'NONE',  ( 4.049495114233359677E-17, 4.049495114233359677E-17, 1.000000000000000000 ) ) ;
#3362 = VERTEX_POINT ( 'NONE', #8964 ) ;
#3363 = DIRECTION ( 'NONE',  ( 8.821935677471621045E-15, 1.074295325689379908E-17, 1.000000000000000000 ) ) ;
#3364 = PLANE ( 'NONE',  #4442 ) ;
#3365 = AXIS2_PLACEMENT_3D ( 'NONE', #7701, #2000, #5878 ) ;
#3366 = CARTESIAN_POINT ( 'NONE',  ( 162.8236018428179932, -120.9297640215111898, 60.27765112427590566 ) ) ;
#3367 = FACE_OUTER_BOUND ( 'NONE', #7809, .T. ) ;
#3368 = DIRECTION ( 'NONE',  ( -1.000000000000000000, 2.602085213964869829E-17, -7.166576360129189239E-17 ) ) ;
#3369 = DIRECTION ( 'NONE',  ( 1.214306495755059738E-16, -1.000000000000000000, -6.573933234426810631E-15 ) ) ;
#3370 = ORIENTED_EDGE ( 'NONE', *, *, #1688, .F. ) ;
#3371 = DIRECTION ( 'NONE',  ( 1.000000000000000000, -3.854941057726238689E-15, 0.000000000000000000 ) ) ;
#3372 = EDGE_CURVE ( 'NONE', #3568, #3329, #5823, .T. ) ;
#3373 = EDGE_LOOP ( 'NONE', ( #1664, #9681 ) ) ;
#3374 = AXIS2_PLACEMENT_3D ( 'NONE', #400, #11511, #11571 ) ;
#3375 = VERTEX_POINT ( 'NONE', #9927 ) ;
#3376 = CARTESIAN_POINT ( 'NONE',  ( 163.6305697224680102, -114.6271460340300052, 50.45854402104249914 ) ) ;
#3377 = CARTESIAN_POINT ( 'NONE',  ( 161.2171133453899756, -119.4297640746489861, 68.99999991151629786 ) ) ;
#3378 = CARTESIAN_POINT ( 'NONE',  ( 162.8236018428179932, -117.4297640215112040, 60.27765112427590566 ) ) ;
#3379 = VERTEX_POINT ( 'NONE', #7331 ) ;
#3380 = CARTESIAN_POINT ( 'NONE',  ( 134.2171133453900040, -127.9297640746490146, 67.99999991151649681 ) ) ;
#3381 = CARTESIAN_POINT ( 'NONE',  ( 132.2171133453900040, -119.4297640746489861, 71.99999991151649681 ) ) ;
#3382 = AXIS2_PLACEMENT_3D ( 'NONE', #2, #10933, #5412 ) ;
#3383 = EDGE_CURVE ( 'NONE', #3327, #7011, #2795, .T. ) ;
#3384 = DIRECTION ( 'NONE',  ( 1.745666764649030079E-15, 1.000000000000000000, -1.745666764649145055E-15 ) ) ;
#3385 = AXIS2_PLACEMENT_3D ( 'NONE', #8217, #985, #931 ) ;
#3386 = CARTESIAN_POINT ( 'NONE',  ( 133.2205964306600094, -139.0123083189810131, 70.00000431329949890 ) ) ;
#3387 = CARTESIAN_POINT ( 'NONE',  ( 138.1387932527750024, -144.2363866409689876, 110.3657068394490040 ) ) ;
#3388 = ORIENTED_EDGE ( 'NONE', *, *, #4457, .F. ) ;
#3389 = ORIENTED_EDGE ( 'NONE', *, *, #7545, .F. ) ;
#3390 = ORIENTED_EDGE ( 'NONE', *, *, #3912, .T. ) ;
#3391 = AXIS2_PLACEMENT_3D ( 'NONE', #7219, #6243, #2553 ) ;
#3392 = ORIENTED_EDGE ( 'NONE', *, *, #7838, .F. ) ;
#3393 = VECTOR ( 'NONE', #1776, 1000.000000000000000 ) ;
#3394 = DIRECTION ( 'NONE',  ( 8.810118433399840573E-15, 1.526556658859309704E-16, 1.000000000000000000 ) ) ;
#3395 = CARTESIAN_POINT ( 'NONE',  ( 162.9240112760539887, -139.0155507851639811, 70.29309677783101051 ) ) ;
#3396 = LINE ( 'NONE', #9698, #8759 ) ;
#3397 = DIRECTION ( 'NONE',  ( 0.7071067811865530128, -0.7071067811865420216, -7.299716386910429497E-15 ) ) ;
#3398 = EDGE_CURVE ( 'NONE', #4712, #11815, #107, .T. ) ;
#3399 = ORIENTED_EDGE ( 'NONE', *, *, #881, .T. ) ;
#3400 = LINE ( 'NONE', #9757, #4939 ) ;
#3401 = CARTESIAN_POINT ( 'NONE',  ( 132.2171133453900040, -135.4297640746490288, 71.99999991151649681 ) ) ;
#3402 = VECTOR ( 'NONE', #8326, 1000.000000000000000 ) ;
#3403 = VECTOR ( 'NONE', #8537, 1000.000000000000000 ) ;
#3404 = EDGE_CURVE ( 'NONE', #168, #11758, #5104, .T. ) ;
#3405 = ORIENTED_EDGE ( 'NONE', *, *, #1155, .T. ) ;
#3406 = EDGE_CURVE ( 'NONE', #6705, #2603, #7439, .T. ) ;
#3407 = DIRECTION ( 'NONE',  ( 1.000000000000000000, 0.000000000000000000, 0.000000000000000000 ) ) ;
#3408 = ORIENTED_EDGE ( 'NONE', *, *, #6560, .T. ) ;
#3409 = VECTOR ( 'NONE', #3164, 1000.000000000000000 ) ;
#3410 = AXIS2_PLACEMENT_3D ( 'NONE', #1232, #10329, #2029 ) ;
#3411 = CARTESIAN_POINT ( 'NONE',  ( 124.2171133453900040, -153.1834562892635176, 64.74999999999928946 ) ) ;
#3412 = PLANE ( 'NONE',  #9953 ) ;
#3413 = EDGE_CURVE ( 'NONE', #2307, #11430, #5617, .T. ) ;
#3414 = LINE ( 'NONE', #7112, #1852 ) ;
#3415 = DIRECTION ( 'NONE',  ( -1.000000000000000000, -9.644381700046879370E-17, -3.280705218723690196E-15 ) ) ;
#3416 = DIRECTION ( 'NONE',  ( -1.000000000000000000, 0.000000000000000000, 2.449293572821440166E-16 ) ) ;
#3417 = CIRCLE ( 'NONE', #3039, 3.099999999999991651 ) ;
#3418 = LINE ( 'NONE', #4984, #4611 ) ;
#3419 = ORIENTED_EDGE ( 'NONE', *, *, #2472, .T. ) ;
#3420 =( BOUNDED_CURVE ( )  B_SPLINE_CURVE ( 3, ( #10967, #9619, #11433, #8533 ),
 .UNSPECIFIED., .F., .T. ) 
 B_SPLINE_CURVE_WITH_KNOTS ( ( 4, 4 ),
 ( 5.497787143782160157, 6.283185307179590673 ),
 .UNSPECIFIED. ) 
 CURVE ( )  GEOMETRIC_REPRESENTATION_ITEM ( )  RATIONAL_B_SPLINE_CURVE ( ( 1.000000000000000000, 0.9492530216741940086, 0.9492530216741940086, 1.000000000000000000 ) ) 
 REPRESENTATION_ITEM ( '' )  );
#3421 = DIRECTION ( 'NONE',  ( -0.7071067811865475727, 0.000000000000000000, 0.7071067811865475727 ) ) ;
#3422 = ORIENTED_EDGE ( 'NONE', *, *, #7050, .T. ) ;
#3423 = VECTOR ( 'NONE', #1699, 1000.000000000000000 ) ;
#3424 = DIRECTION ( 'NONE',  ( 2.602085213964869829E-17, 1.000000000000000000, -1.526556658859589750E-16 ) ) ;
#3425 = FACE_OUTER_BOUND ( 'NONE', #9027, .T. ) ;
#3426 = EDGE_CURVE ( 'NONE', #7383, #9555, #11135, .T. ) ;
#3427 = EDGE_CURVE ( 'NONE', #7092, #7192, #7504, .T. ) ;
#3428 = DIRECTION ( 'NONE',  ( -0.7071067811865709984, 0.000000000000000000, 0.7071067811865240360 ) ) ;
#3429 = CARTESIAN_POINT ( 'NONE',  ( 163.2171133453900040, -140.7031430363830111, 70.73838323608271139 ) ) ;
#3430 = DIRECTION ( 'NONE',  ( 1.000000000000000000, -2.602085213964869829E-17, 7.166576360129189239E-17 ) ) ;
#3431 = FACE_OUTER_BOUND ( 'NONE', #1128, .T. ) ;
#3432 = EDGE_LOOP ( 'NONE', ( #10979, #4086, #6979, #4250 ) ) ;
#3433 = FACE_OUTER_BOUND ( 'NONE', #2779, .T. ) ;
#3434 = DIRECTION ( 'NONE',  ( 4.697843999457050607E-15, 1.526556658859589750E-16, 1.000000000000000000 ) ) ;
#3435 = AXIS2_PLACEMENT_3D ( 'NONE', #9359, #11361, #1973 ) ;
#3436 = EDGE_LOOP ( 'NONE', ( #7195, #7416, #9064, #3422 ) ) ;
#3437 = CYLINDRICAL_SURFACE ( 'NONE', #58, 0.9999999999999866773 ) ;
#3438 = CARTESIAN_POINT ( 'NONE',  ( 162.2171133453900040, -136.4297640746490288, 66.99999991151639733 ) ) ;
#3439 = DIRECTION ( 'NONE',  ( 8.271814108300169675E-25, -6.573933234426810631E-15, 1.000000000000000000 ) ) ;
#3440 = ORIENTED_EDGE ( 'NONE', *, *, #1391, .T. ) ;
#3441 = DIRECTION ( 'NONE',  ( 0.7071067811865475727, 0.000000000000000000, -0.7071067811865475727 ) ) ;
#3442 = CARTESIAN_POINT ( 'NONE',  ( 121.2171133453899898, -140.4297640215119998, 102.7500000000290044 ) ) ;
#3443 = ADVANCED_FACE ( 'NONE', ( #3569 ), #1983, .T. ) ;
#3444 = LINE ( 'NONE', #10099, #7161 ) ;
#3445 = CARTESIAN_POINT ( 'NONE',  ( 172.5197347761535127, -148.4297640215245906, 58.25000000000000000 ) ) ;
#3446 = DIRECTION ( 'NONE',  ( 0.000000000000000000, -1.526556658859589750E-16, -1.000000000000000000 ) ) ;
#3447 = ORIENTED_EDGE ( 'NONE', *, *, #1271, .T. ) ;
#3448 = CARTESIAN_POINT ( 'NONE',  ( 121.2171133453899898, -149.8297640215160129, 64.75000000000000000 ) ) ;
#3449 = ORIENTED_EDGE ( 'NONE', *, *, #4008, .T. ) ;
#3450 = ORIENTED_EDGE ( 'NONE', *, *, #6313, .T. ) ;
#3451 = VECTOR ( 'NONE', #1485, 1000.000000000000000 ) ;
#3452 = ORIENTED_EDGE ( 'NONE', *, *, #3413, .F. ) ;
#3453 = FACE_OUTER_BOUND ( 'NONE', #11460, .T. ) ;
#3454 = CARTESIAN_POINT ( 'NONE',  ( 163.2171133453900040, -139.0155506032386938, 70.73820052371715406 ) ) ;
#3455 = DIRECTION ( 'NONE',  ( 8.821935659673131464E-15, -5.631065177880979691E-09, 1.000000000000000000 ) ) ;
#3456 = ORIENTED_EDGE ( 'NONE', *, *, #11598, .F. ) ;
#3457 = DIRECTION ( 'NONE',  ( 0.7071067811865461294, -0.7071067811865490160, 1.802296205367370370E-09 ) ) ;
#3458 = EDGE_LOOP ( 'NONE', ( #2879, #508, #4653, #8507, #9398 ) ) ;
#3459 = DIRECTION ( 'NONE',  ( -0.3198345585774040045, -0.2239505688958640384, -0.9206258728880131192 ) ) ;
#3460 = CARTESIAN_POINT ( 'NONE',  ( 157.6248169134119905, -148.4297640746490003, 102.0997837512840078 ) ) ;
#3461 = AXIS2_PLACEMENT_3D ( 'NONE', #2336, #8692, #4083 ) ;
#3462 = ORIENTED_EDGE ( 'NONE', *, *, #2146, .T. ) ;
#3463 = CYLINDRICAL_SURFACE ( 'NONE', #548, 0.9999999999999945599 ) ;
#3464 = ORIENTED_EDGE ( 'NONE', *, *, #10439, .F. ) ;
#3465 = EDGE_CURVE ( 'NONE', #650, #10404, #3420, .T. ) ;
#3466 = LINE ( 'NONE', #10917, #6434 ) ;
#3467 = VECTOR ( 'NONE', #3189, 1000.000000000000114 ) ;
#3468 = VECTOR ( 'NONE', #6502, 1000.000000000000000 ) ;
#3469 = DIRECTION ( 'NONE',  ( 1.778958924614220093E-14, 1.000000000000000000, 0.000000000000000000 ) ) ;
#3470 = EDGE_CURVE ( 'NONE', #9307, #835, #4309, .T. ) ;
#3471 = ADVANCED_FACE ( 'NONE', ( #3980 ), #6776, .T. ) ;
#3472 = CARTESIAN_POINT ( 'NONE',  ( 163.4876018428179805, -154.4297640215109766, 50.25265112427569392 ) ) ;
#3473 = CARTESIAN_POINT ( 'NONE',  ( 135.2171131927750309, -140.4297640215119998, 103.7997837512839965 ) ) ;
#3474 = DIRECTION ( 'NONE',  ( 8.086545322250028744E-08, 0.000000000000000000, 0.9999999999999968914 ) ) ;
#3475 = B_SPLINE_CURVE_WITH_KNOTS ( 'NONE', 3,
 ( #7, #1732, #2584, #11904 ),
 .UNSPECIFIED., .F., .F.,
 ( 4, 4 ),
 ( 0.000000000000000000, 1.000000000000000000 ),
 .UNSPECIFIED. ) ;
#3476 = CARTESIAN_POINT ( 'NONE',  ( 171.3180691407409881, -117.4297640215112040, 62.75000000000000000 ) ) ;
#3477 = AXIS2_PLACEMENT_3D ( 'NONE', #7017, #5926, #1318 ) ;
#3478 = VECTOR ( 'NONE', #10957, 1000.000000000000114 ) ;
#3479 = DIRECTION ( 'NONE',  ( -7.166576360129239776E-17, 1.074295325692399920E-17, 1.000000000000000000 ) ) ;
#3480 = ORIENTED_EDGE ( 'NONE', *, *, #4928, .T. ) ;
#3481 = EDGE_CURVE ( 'NONE', #11566, #5227, #4882, .T. ) ;
#3482 = CARTESIAN_POINT ( 'NONE',  ( 162.6737717491209025, -153.3291332696212805, 67.00196074832366833 ) ) ;
#3483 = ORIENTED_EDGE ( 'NONE', *, *, #11769, .T. ) ;
#3484 = CARTESIAN_POINT ( 'NONE',  ( 163.2171133453904872, -151.9297640215109766, 53.24960223581900465 ) ) ;
#3485 = VECTOR ( 'NONE', #9723, 1000.000000000000000 ) ;
#3486 = VERTEX_POINT ( 'NONE', #2229 ) ;
#3487 = VECTOR ( 'NONE', #1363, 1000.000000000000000 ) ;
#3488 = LINE ( 'NONE', #8934, #8248 ) ;
#3489 = DIRECTION ( 'NONE',  ( 0.9238795325112774126, 0.3826834323651122638, 0.000000000000000000 ) ) ;
#3490 = DIRECTION ( 'NONE',  ( 3.160768215787150073E-15, 1.000000000000000000, -1.548000393165969676E-16 ) ) ;
#3491 = CARTESIAN_POINT ( 'NONE',  ( 162.2136263939000003, -139.0123047217780083, 70.00000432309799692 ) ) ;
#3492 = CARTESIAN_POINT ( 'NONE',  ( 132.2932516633033799, -141.4613015650051864, 68.99999991151649681 ) ) ;
#3493 = CARTESIAN_POINT ( 'NONE',  ( 165.2171133453904872, -134.0920877878090209, 57.98985306244379956 ) ) ;
#3494 = ORIENTED_EDGE ( 'NONE', *, *, #5141, .F. ) ;
#3495 = PLANE ( 'NONE',  #2864 ) ;
#3496 = VECTOR ( 'NONE', #349, 1000.000000000000114 ) ;
#3497 = EDGE_CURVE ( 'NONE', #6983, #4813, #5981, .T. ) ;
#3498 = ORIENTED_EDGE ( 'NONE', *, *, #9694, .F. ) ;
#3499 = ADVANCED_FACE ( 'NONE', ( #324 ), #4038, .T. ) ;
#3500 = FACE_OUTER_BOUND ( 'NONE', #10297, .T. ) ;
#3501 = DIRECTION ( 'NONE',  ( 0.000000000000000000, -1.526556658859589750E-16, -1.000000000000000000 ) ) ;
#3502 = CARTESIAN_POINT ( 'NONE',  ( 165.3236018428179932, -117.4297640215112040, 60.27765112427590566 ) ) ;
#3503 = VERTEX_POINT ( 'NONE', #1310 ) ;
#3504 = CARTESIAN_POINT ( 'NONE',  ( 163.2171133453900040, -119.4297640746489861, 71.99999985651460577 ) ) ;
#3505 = CARTESIAN_POINT ( 'NONE',  ( 132.6106248479624128, -114.4297640215114029, 60.27765112427590566 ) ) ;
#3506 = CARTESIAN_POINT ( 'NONE',  ( 132.5100065642033940, -135.1368708558355820, 70.29289313032991515 ) ) ;
#3507 = FACE_OUTER_BOUND ( 'NONE', #5056, .T. ) ;
#3508 = DIRECTION ( 'NONE',  ( 0.7071067811865475727, 0.7071067811865475727, 4.648472769130805320E-15 ) ) ;
#3509 = VERTEX_POINT ( 'NONE', #5001 ) ;
#3510 = DIRECTION ( 'NONE',  ( 1.000000000000000000, 0.000000000000000000, 0.000000000000000000 ) ) ;
#3511 = ORIENTED_EDGE ( 'NONE', *, *, #11117, .T. ) ;
#3512 = ORIENTED_EDGE ( 'NONE', *, *, #2754, .F. ) ;
#3513 = EDGE_CURVE ( 'NONE', #9, #9756, #8712, .T. ) ;
#3514 = ORIENTED_EDGE ( 'NONE', *, *, #3359, .F. ) ;
#3515 = CARTESIAN_POINT ( 'NONE',  ( 123.4671133453900040, -152.6797640746490003, 100.7500000000290044 ) ) ;
#3516 = LINE ( 'NONE', #6361, #638 ) ;
#3517 = CARTESIAN_POINT ( 'NONE',  ( 137.8094094721379861, -148.4297640746490003, 102.0997837512840078 ) ) ;
#3518 = VERTEX_POINT ( 'NONE', #3198 ) ;
#3519 = LINE ( 'NONE', #897, #11517 ) ;
#3520 = ORIENTED_EDGE ( 'NONE', *, *, #4379, .T. ) ;
#3521 = CARTESIAN_POINT ( 'NONE',  ( 133.2171133453900040, -139.0155505122760076, 69.99999991151649681 ) ) ;
#3522 = DIRECTION ( 'NONE',  ( -1.110113989347309975E-15, 1.110113989347351982E-15, 1.000000000000000000 ) ) ;
#3523 = ORIENTED_EDGE ( 'NONE', *, *, #1474, .T. ) ;
#3524 = DIRECTION ( 'NONE',  ( -0.8191520442889946851, 0.5735764363510417185, 3.263910464440868934E-15 ) ) ;
#3525 = ADVANCED_FACE ( 'NONE', ( #1371 ), #7563, .F. ) ;
#3526 = ORIENTED_EDGE ( 'NONE', *, *, #2082, .F. ) ;
#3527 = DIRECTION ( 'NONE',  ( 1.000000000000000000, 0.000000000000000000, -8.810118433399840573E-15 ) ) ;
#3528 = CARTESIAN_POINT ( 'NONE',  ( 132.5100065642033940, -153.1368708558354967, 98.59091295356078888 ) ) ;
#3529 = DIRECTION ( 'NONE',  ( -0.3270549272311610856, 0.08236264136435604566, 0.9414092998697783932 ) ) ;
#3530 = DIRECTION ( 'NONE',  ( 1.000000000000000000, 0.000000000000000000, 0.000000000000000000 ) ) ;
#3531 = AXIS2_PLACEMENT_3D ( 'NONE', #3884, #10424, #5817 ) ;
#3532 = FACE_OUTER_BOUND ( 'NONE', #4845, .T. ) ;
#3533 = ADVANCED_FACE ( 'NONE', ( #4158 ), #1491, .T. ) ;
#3534 = DIRECTION ( 'NONE',  ( 7.166576360129189239E-17, -1.526556658859589750E-16, -1.000000000000000000 ) ) ;
#3535 = PLANE ( 'NONE',  #3269 ) ;
#3536 = AXIS2_PLACEMENT_3D ( 'NONE', #4300, #7993, #7095 ) ;
#3537 = DIRECTION ( 'NONE',  ( -1.405764415695050220E-14, -2.326251989482290231E-15, -1.000000000000000000 ) ) ;
#3538 = ORIENTED_EDGE ( 'NONE', *, *, #1934, .T. ) ;
#3539 = CARTESIAN_POINT ( 'NONE',  ( 162.6583892130463198, -140.3392034601477860, 67.20971091016490107 ) ) ;
#3540 = PLANE ( 'NONE',  #5219 ) ;
#3541 = CARTESIAN_POINT ( 'NONE',  ( 174.2171132998449821, -146.9297640480800169, 100.7500000000300133 ) ) ;
#3542 = ORIENTED_EDGE ( 'NONE', *, *, #11382, .F. ) ;
#3543 = ADVANCED_FACE ( 'NONE', ( #1429 ), #10647, .F. ) ;
#3544 = CARTESIAN_POINT ( 'NONE',  ( 162.3729028819879829, -139.4894202283319942, 69.99997594841140369 ) ) ;
#3545 = DIRECTION ( 'NONE',  ( 3.160768215787110235E-15, 1.000000000000000000, -4.324081227642600042E-15 ) ) ;
#3546 = LINE ( 'NONE', #6217, #1333 ) ;
#3547 = VERTEX_POINT ( 'NONE', #11731 ) ;
#3548 = FACE_OUTER_BOUND ( 'NONE', #8216, .T. ) ;
#3549 = EDGE_CURVE ( 'NONE', #4296, #3547, #4651, .T. ) ;
#3550 = EDGE_CURVE ( 'NONE', #10092, #7877, #5241, .T. ) ;
#3551 = ORIENTED_EDGE ( 'NONE', *, *, #8472, .T. ) ;
#3552 = CIRCLE ( 'NONE', #10320, 0.5899999999999971934 ) ;
#3553 = DIRECTION ( 'NONE',  ( 1.000000000000000000, -2.602085213964869829E-17, 7.166576360129189239E-17 ) ) ;
#3554 = DIRECTION ( 'NONE',  ( 2.602085213964869829E-17, 1.000000000000000000, -1.526556658859589750E-16 ) ) ;
#3555 = ADVANCED_BREP_SHAPE_REPRESENTATION ( 'Cowl_M3x4insert', ( #9137, #1129 ), #10434 ) ;
#3556 = ORIENTED_EDGE ( 'NONE', *, *, #490, .T. ) ;
#3557 = CARTESIAN_POINT ( 'NONE',  ( 135.2171131927750309, -148.0297640746490231, 103.7997837512839965 ) ) ;
#3558 = CARTESIAN_POINT ( 'NONE',  ( 157.5201750565870213, -149.4297642349530122, 117.6643263450229995 ) ) ;
#3559 = EDGE_CURVE ( 'NONE', #1323, #2425, #6101, .T. ) ;
#3560 = CARTESIAN_POINT ( 'NONE',  ( 162.6995645498505212, -114.4297640215112040, 53.73985315562539711 ) ) ;
#3561 = CARTESIAN_POINT ( 'NONE',  ( 132.3771133453899722, -144.5297640215119941, 66.55091634279270352 ) ) ;
#3562 = CARTESIAN_POINT ( 'NONE',  ( 161.2171133453899756, -134.4297640746490288, 80.50005035146730847 ) ) ;
#3563 = EDGE_LOOP ( 'NONE', ( #8538, #765, #9474, #8895, #1555, #2434, #9748, #55 ) ) ;
#3564 = DIRECTION ( 'NONE',  ( 0.9238795325112872936, -0.3826834323650886160, 0.000000000000000000 ) ) ;
#3565 = VECTOR ( 'NONE', #8105, 1000.000000000000000 ) ;
#3566 = ORIENTED_EDGE ( 'NONE', *, *, #4647, .F. ) ;
#3567 = ORIENTED_EDGE ( 'NONE', *, *, #1343, .T. ) ;
#3568 = VERTEX_POINT ( 'NONE', #8768 ) ;
#3569 = FACE_OUTER_BOUND ( 'NONE', #8647, .T. ) ;
#3570 = CARTESIAN_POINT ( 'NONE',  ( 130.2171133453899756, -134.0920877878091915, 58.25000000000000000 ) ) ;
#3571 = DIRECTION ( 'NONE',  ( 0.8125199200687445167, -0.3365567705907691609, 0.4759631494779753558 ) ) ;
#3572 = ORIENTED_EDGE ( 'NONE', *, *, #10507, .T. ) ;
#3573 = ORIENTED_EDGE ( 'NONE', *, *, #7583, .T. ) ;
#3574 = VECTOR ( 'NONE', #8096, 1000.000000000000000 ) ;
#3575 = DIRECTION ( 'NONE',  ( 1.000000000000000000, -2.602085213964869829E-17, 7.166576360129189239E-17 ) ) ;
#3576 = EDGE_CURVE ( 'NONE', #7092, #8666, #5119, .T. ) ;
#3577 = ORIENTED_EDGE ( 'NONE', *, *, #7139, .F. ) ;
#3578 = EDGE_CURVE ( 'NONE', #10932, #553, #569, .T. ) ;
#3579 = DIRECTION ( 'NONE',  ( 0.9513277913954432119, 2.242830061171862923E-15, -0.3081808451521089176 ) ) ;
#3580 = CARTESIAN_POINT ( 'NONE',  ( 155.4671133340039830, -140.4297640215119998, 96.26432591814190687 ) ) ;
#3581 = ORIENTED_EDGE ( 'NONE', *, *, #4579, .T. ) ;
#3582 = VECTOR ( 'NONE', #6686, 1000.000000000000000 ) ;
#3583 = VECTOR ( 'NONE', #3597, 999.9999999999998863 ) ;
#3584 = ORIENTED_EDGE ( 'NONE', *, *, #7650, .T. ) ;
#3585 = DIRECTION ( 'NONE',  ( 1.000000000000000000, 1.214306491077630042E-16, -8.271806125530280422E-25 ) ) ;
#3586 = DIRECTION ( 'NONE',  ( -0.7071067811865470176, 0.7071067811865480168, 5.849035643725129997E-25 ) ) ;
#3587 = CARTESIAN_POINT ( 'NONE',  ( 134.0664925119357349, -121.5730265760562361, 62.31000418000726881 ) ) ;
#3588 = AXIS2_PLACEMENT_3D ( 'NONE', #11753, #7162, #6304 ) ;
#3589 = CARTESIAN_POINT ( 'NONE',  ( 124.4750729394826010, -147.3370334239333204, 54.11173932080414772 ) ) ;
#3590 = VECTOR ( 'NONE', #2927, 1000.000000000000000 ) ;
#3591 = EDGE_CURVE ( 'NONE', #257, #11978, #11884, .T. ) ;
#3592 = LINE ( 'NONE', #11217, #6317 ) ;
#3593 = DIRECTION ( 'NONE',  ( 0.7071067811865475727, 0.000000000000000000, -0.7071067811865475727 ) ) ;
#3594 =( BOUNDED_CURVE ( )  B_SPLINE_CURVE ( 3, ( #3493, #7250, #2641, #8939 ),
 .UNSPECIFIED., .F., .T. ) 
 B_SPLINE_CURVE_WITH_KNOTS ( ( 4, 4 ),
 ( 1.942890292266870154E-15, 1.126157883263469994 ),
 .UNSPECIFIED. ) 
 CURVE ( )  GEOMETRIC_REPRESENTATION_ITEM ( )  RATIONAL_B_SPLINE_CURVE ( ( 1.000000000000000000, 0.8970770709083960570, 0.8970770709083960570, 1.000000000000000000 ) ) 
 REPRESENTATION_ITEM ( '' )  );
#3595 = AXIS2_PLACEMENT_3D ( 'NONE', #6513, #10200, #5590 ) ;
#3596 = AXIS2_PLACEMENT_3D ( 'NONE', #1361, #10454, #7668 ) ;
#3597 = DIRECTION ( 'NONE',  ( 8.586443817493241142E-17, -0.7071067811865520136, 0.7071067811865431318 ) ) ;
#3598 = ORIENTED_EDGE ( 'NONE', *, *, #4430, .T. ) ;
#3599 = DIRECTION ( 'NONE',  ( -7.166576360131199602E-17, -3.233485681020080374E-15, 1.000000000000000000 ) ) ;
#3600 = DIRECTION ( 'NONE',  ( 1.778958924614190116E-14, 1.000000000000000000, 0.000000000000000000 ) ) ;
#3601 = DIRECTION ( 'NONE',  ( -5.447383366618709780E-17, -1.000000000000000000, 1.417189263639311962E-16 ) ) ;
#3602 = VECTOR ( 'NONE', #5580, 1000.000000000000000 ) ;
#3603 = EDGE_LOOP ( 'NONE', ( #7820, #6040, #2905, #2495, #7025 ) ) ;
#3604 = FACE_OUTER_BOUND ( 'NONE', #1282, .T. ) ;
#3605 = CARTESIAN_POINT ( 'NONE',  ( 163.4963840363369911, -132.8872201543915992, 62.75000000000000000 ) ) ;
#3606 = CARTESIAN_POINT ( 'NONE',  ( 130.2171133453899756, -120.8462228164914052, 57.98985306244389903 ) ) ;
#3607 = EDGE_LOOP ( 'NONE', ( #505, #4023, #1415, #1731, #7748, #7270, #9913, #6730 ) ) ;
#3608 = CYLINDRICAL_SURFACE ( 'NONE', #8099, 1.950000000000000400 ) ;
#3609 = ORIENTED_EDGE ( 'NONE', *, *, #5415, .F. ) ;
#3610 = ORIENTED_EDGE ( 'NONE', *, *, #10484, .F. ) ;
#3611 = VECTOR ( 'NONE', #10059, 1000.000000000000000 ) ;
#3612 = EDGE_CURVE ( 'NONE', #3978, #2226, #5058, .T. ) ;
#3613 = CYLINDRICAL_SURFACE ( 'NONE', #11108, 12.00000000000000000 ) ;
#3614 = DIRECTION ( 'NONE',  ( -0.7071067811865683339, 0.000000000000000000, -0.7071067811865267005 ) ) ;
#3615 = CARTESIAN_POINT ( 'NONE',  ( 135.1768364872669963, -153.2079386145641138, 114.2143259181419950 ) ) ;
#3616 = ORIENTED_EDGE ( 'NONE', *, *, #8693, .T. ) ;
#3617 = DIRECTION ( 'NONE',  ( 0.7071067804202438856, 0.000000000000000000, -0.7071067819528512599 ) ) ;
#3618 = CARTESIAN_POINT ( 'NONE',  ( 171.4736666987809883, -148.4297640215243916, 54.70752731740250852 ) ) ;
#3619 = EDGE_CURVE ( 'NONE', #11688, #10495, #9734, .T. ) ;
#3620 = CARTESIAN_POINT ( 'NONE',  ( 132.6248169134119905, -148.2297640746490117, 102.0997837512840078 ) ) ;
#3621 = EDGE_CURVE ( 'NONE', #10698, #2603, #7012, .T. ) ;
#3622 = CARTESIAN_POINT ( 'NONE',  ( 163.2171133453900040, -152.4297640746490003, 75.35358135287509640 ) ) ;
#3623 = CARTESIAN_POINT ( 'NONE',  ( 126.8043469377704042, -114.9297640215113887, 59.70000000000003837 ) ) ;
#3624 = DIRECTION ( 'NONE',  ( -0.7071067811865336949, -0.7071067811865614505, 1.387778780781423430E-14 ) ) ;
#3625 = ORIENTED_EDGE ( 'NONE', *, *, #4862, .F. ) ;
#3626 = VECTOR ( 'NONE', #3430, 1000.000000000000000 ) ;
#3627 = FACE_OUTER_BOUND ( 'NONE', #11821, .T. ) ;
#3628 = ORIENTED_EDGE ( 'NONE', *, *, #10138, .F. ) ;
#3629 = ORIENTED_EDGE ( 'NONE', *, *, #7822, .F. ) ;
#3630 = ORIENTED_EDGE ( 'NONE', *, *, #3843, .T. ) ;
#3631 = EDGE_CURVE ( 'NONE', #3021, #8029, #7916, .T. ) ;
#3632 = CARTESIAN_POINT ( 'NONE',  ( 161.6346663637230563, -122.1859543307779887, 58.07712347467249003 ) ) ;
#3633 = CARTESIAN_POINT ( 'NONE',  ( 165.7236018428179989, -114.4297640215112040, 62.75000000000000000 ) ) ;
#3634 = CARTESIAN_POINT ( 'NONE',  ( 165.2171133453904872, -144.0488782002692005, 57.98985306244370719 ) ) ;
#3635 = AXIS2_PLACEMENT_3D ( 'NONE', #7540, #979, #11111 ) ;
#3636 = ORIENTED_EDGE ( 'NONE', *, *, #11400, .T. ) ;
#3637 = CARTESIAN_POINT ( 'NONE',  ( 164.2171133453900040, -119.4297640746489861, 102.7500000000329976 ) ) ;
#3638 = DIRECTION ( 'NONE',  ( 0.7071067811865475727, -0.7071067811865475727, 0.000000000000000000 ) ) ;
#3639 = CARTESIAN_POINT ( 'NONE',  ( 132.7171301269663957, -140.5155001675441895, 69.70699703576039497 ) ) ;
#3640 = ORIENTED_EDGE ( 'NONE', *, *, #7113, .T. ) ;
#3641 = VECTOR ( 'NONE', #764, 1000.000000000000000 ) ;
#3642 = LINE ( 'NONE', #7346, #10625 ) ;
#3643 = ORIENTED_EDGE ( 'NONE', *, *, #184, .T. ) ;
#3644 = EDGE_CURVE ( 'NONE', #2721, #3289, #667, .T. ) ;
#3645 = ADVANCED_FACE ( 'NONE', ( #3500 ), #3437, .T. ) ;
#3646 = PLANE ( 'NONE',  #4696 ) ;
#3647 = LINE ( 'NONE', #9039, #16 ) ;
#3648 = VECTOR ( 'NONE', #685, 1000.000000000000000 ) ;
#3649 = CARTESIAN_POINT ( 'NONE',  ( 134.3711948164421131, -121.2677787482556084, 62.06205861939452717 ) ) ;
#3650 = CARTESIAN_POINT ( 'NONE',  ( 135.2171133453900040, -140.4297640215119998, 93.86432591833310823 ) ) ;
#3651 = DIRECTION ( 'NONE',  ( 3.752643576907700278E-15, 1.000000000000000000, -1.526556658859589750E-16 ) ) ;
#3652 = LINE ( 'NONE', #10076, #1521 ) ;
#3653 = CIRCLE ( 'NONE', #1717, 1.000000000000015987 ) ;
#3654 = CIRCLE ( 'NONE', #5196, 0.9000000000000119016 ) ;
#3655 = ADVANCED_FACE ( 'NONE', ( #9911 ), #2535, .T. ) ;
#3656 = AXIS2_PLACEMENT_3D ( 'NONE', #11415, #4138, #5099 ) ;
#3657 = CARTESIAN_POINT ( 'NONE',  ( 135.2171131927750309, -148.0297640746490231, 105.4997837512840135 ) ) ;
#3658 = EDGE_LOOP ( 'NONE', ( #7107, #7519, #11436, #8911, #9366, #1261, #10465, #2123, #4095 ) ) ;
#3659 = EDGE_LOOP ( 'NONE', ( #3784, #8348, #9424, #3047, #4056, #212, #8561, #3972 ) ) ;
#3660 = CARTESIAN_POINT ( 'NONE',  ( 132.5100065642029961, -141.1368708558350136, 67.99999991151649681 ) ) ;
#3661 = VECTOR ( 'NONE', #8644, 1000.000000000000000 ) ;
#3662 = PLANE ( 'NONE',  #5908 ) ;
#3663 = AXIS2_PLACEMENT_3D ( 'NONE', #9918, #2716, #2655 ) ;
#3664 = ORIENTED_EDGE ( 'NONE', *, *, #4046, .F. ) ;
#3665 = DIRECTION ( 'NONE',  ( -1.028189605211130024E-14, 1.526556658859589750E-16, 1.000000000000000000 ) ) ;
#3666 = DIRECTION ( 'NONE',  ( -1.070962509852659981E-16, -3.936716910086240211E-15, 1.000000000000000000 ) ) ;
#3667 = LINE ( 'NONE', #10878, #1908 ) ;
#3668 =( BOUNDED_CURVE ( )  B_SPLINE_CURVE ( 3, ( #4582, #8405, #2599, #6292 ),
 .UNSPECIFIED., .F., .T. ) 
 B_SPLINE_CURVE_WITH_KNOTS ( ( 4, 4 ),
 ( 4.719147851734369681, 4.896085245076289283 ),
 .UNSPECIFIED. ) 
 CURVE ( )  GEOMETRIC_REPRESENTATION_ITEM ( )  RATIONAL_B_SPLINE_CURVE ( ( 1.000000000000000000, 0.9973927977201900719, 0.9973927977201900719, 1.000000000000000000 ) ) 
 REPRESENTATION_ITEM ( '' )  );
#3669 = ORIENTED_EDGE ( 'NONE', *, *, #7599, .T. ) ;
#3670 = DIRECTION ( 'NONE',  ( -0.4397326120322761489, -0.1821432117215195934, 0.8794652240646252395 ) ) ;
#3671 = ORIENTED_EDGE ( 'NONE', *, *, #2376, .T. ) ;
#3672 = EDGE_CURVE ( 'NONE', #10361, #4731, #7196, .T. ) ;
#3673 = AXIS2_PLACEMENT_3D ( 'NONE', #4027, #9669, #7731 ) ;
#3674 = CARTESIAN_POINT ( 'NONE',  ( 147.7171131927750025, -148.4297640746490003, 103.7997837512839965 ) ) ;
#3675 = VERTEX_POINT ( 'NONE', #445 ) ;
#3676 = DIRECTION ( 'NONE',  ( 7.166576360129189239E-17, -1.526556658859589750E-16, -1.000000000000000000 ) ) ;
#3677 = CARTESIAN_POINT ( 'NONE',  ( 139.0735613365957875, -145.1333944780317893, 111.2394542240455024 ) ) ;
#3678 = FACE_BOUND ( 'NONE', #6518, .T. ) ;
#3679 = CARTESIAN_POINT ( 'NONE',  ( 163.2171133453900040, -141.8439776370219931, 67.99999991151629786 ) ) ;
#3680 = DIRECTION ( 'NONE',  ( 5.947210316807140508E-15, 1.000000000000000000, -1.526556658859829860E-16 ) ) ;
#3681 = CARTESIAN_POINT ( 'NONE',  ( 161.3199637664145314, -134.5326144956733287, 81.01711433486475755 ) ) ;
#3682 = AXIS2_PLACEMENT_3D ( 'NONE', #7690, #9378, #4831 ) ;
#3683 = ORIENTED_EDGE ( 'NONE', *, *, #10579, .T. ) ;
#3684 = EDGE_CURVE ( 'NONE', #6055, #10341, #1850, .T. ) ;
#3685 = DIRECTION ( 'NONE',  ( 7.166576360129189239E-17, -1.526556658859589750E-16, -1.000000000000000000 ) ) ;
#3686 = ORIENTED_EDGE ( 'NONE', *, *, #5178, .T. ) ;
#3687 = ORIENTED_EDGE ( 'NONE', *, *, #2621, .T. ) ;
#3688 = ADVANCED_FACE ( 'NONE', ( #5545 ), #751, .T. ) ;
#3689 = VERTEX_POINT ( 'NONE', #9239 ) ;
#3690 = CARTESIAN_POINT ( 'NONE',  ( 161.9747141500970997, -122.5469320602605734, 57.92663650204645620 ) ) ;
#3691 = DIRECTION ( 'NONE',  ( -2.602085030010539554E-17, -1.000000000000000000, -3.135584947714430355E-25 ) ) ;
#3692 = AXIS2_PLACEMENT_3D ( 'NONE', #725, #4433, #3530 ) ;
#3693 = EDGE_LOOP ( 'NONE', ( #4977, #2356, #2153, #4583 ) ) ;
#3694 = ORIENTED_EDGE ( 'NONE', *, *, #5122, .T. ) ;
#3695 = DIRECTION ( 'NONE',  ( -1.000000000000000000, 0.000000000000000000, 0.000000000000000000 ) ) ;
#3696 = ORIENTED_EDGE ( 'NONE', *, *, #4789, .T. ) ;
#3697 = CARTESIAN_POINT ( 'NONE',  ( 132.2171133453900040, -144.5297640215119941, 65.95898615365621254 ) ) ;
#3698 = DIRECTION ( 'NONE',  ( 1.000000000000000000, -3.480590576041360211E-15, -4.666241877321180938E-16 ) ) ;
#3699 = EDGE_CURVE ( 'NONE', #3903, #5678, #11629, .T. ) ;
#3700 = ORIENTED_EDGE ( 'NONE', *, *, #10786, .T. ) ;
#3701 = FACE_OUTER_BOUND ( 'NONE', #4879, .T. ) ;
#3702 = ADVANCED_FACE ( 'NONE', ( #8336 ), #11064, .T. ) ;
#3703 = ADVANCED_FACE ( 'NONE', ( #5426 ), #3613, .T. ) ;
#3704 = ORIENTED_EDGE ( 'NONE', *, *, #9759, .T. ) ;
#3705 = LINE ( 'NONE', #10546, #1419 ) ;
#3706 = CYLINDRICAL_SURFACE ( 'NONE', #7589, 24.75049366970480236 ) ;
#3707 = B_SPLINE_CURVE_WITH_KNOTS ( 'NONE', 3,
 ( #8664, #3754, #2912, #7453 ),
 .UNSPECIFIED., .F., .F.,
 ( 4, 4 ),
 ( 0.000000000000000000, 1.000000000000000000 ),
 .UNSPECIFIED. ) ;
#3708 = CARTESIAN_POINT ( 'NONE',  ( 135.1105732284813996, -120.6040145420057996, 60.27763815801269942 ) ) ;
#3709 = CARTESIAN_POINT ( 'NONE',  ( 167.9954836606060269, -136.7699883797177449, 51.91664625081959628 ) ) ;
#3710 = LINE ( 'NONE', #3823, #1864 ) ;
#3711 = ADVANCED_FACE ( 'NONE', ( #4458 ), #10093, .F. ) ;
#3712 = ADVANCED_FACE ( 'NONE', ( #1674 ), #2825, .T. ) ;
#3713 = CARTESIAN_POINT ( 'NONE',  ( 132.2171133453900040, -153.4297640215119714, 65.95898615365621254 ) ) ;
#3714 = ORIENTED_EDGE ( 'NONE', *, *, #8880, .T. ) ;
#3715 = DIRECTION ( 'NONE',  ( 1.000000000000000000, -2.602085213964869829E-17, 7.166576360129189239E-17 ) ) ;
#3716 = AXIS2_PLACEMENT_3D ( 'NONE', #12001, #2683, #7228 ) ;
#3717 = ORIENTED_EDGE ( 'NONE', *, *, #1171, .F. ) ;
#3718 = EDGE_LOOP ( 'NONE', ( #10032, #712, #10493, #9401, #1253, #749, #5210, #8969 ) ) ;
#3719 = CARTESIAN_POINT ( 'NONE',  ( 162.3315778276229651, -139.3605002968623410, 67.01120168727588577 ) ) ;
#3720 = PLANE ( 'NONE',  #3595 ) ;
#3721 = ADVANCED_FACE ( 'NONE', ( #11006 ), #2710, .F. ) ;
#3722 = CARTESIAN_POINT ( 'NONE',  ( 160.2171133453899756, -140.4297640215119998, 97.48478595266689695 ) ) ;
#3723 = DIRECTION ( 'NONE',  ( 2.410473851431441357E-15, 0.7071067811865441310, 0.7071067811865510144 ) ) ;
#3724 = EDGE_CURVE ( 'NONE', #11758, #8171, #10533, .T. ) ;
#3725 = DIRECTION ( 'NONE',  ( 4.738022480002830405E-13, -1.074295325857329935E-17, -1.000000000000000000 ) ) ;
#3726 = VERTEX_POINT ( 'NONE', #5601 ) ;
#3727 = CARTESIAN_POINT ( 'NONE',  ( 173.2171134944015023, -139.6937481978253857, 57.08879711976310034 ) ) ;
#3728 = VERTEX_POINT ( 'NONE', #9298 ) ;
#3729 = B_SPLINE_CURVE_WITH_KNOTS ( 'NONE', 3,
 ( #11774, #3482, #7487, #9540, #192, #9600, #11597, #827 ),
 .UNSPECIFIED., .F., .F.,
 ( 4, 2, 2, 4 ),
 ( 0.000000000000000000, 0.2500000000000259237, 0.5000000000000518474, 1.000000000000000000 ),
 .UNSPECIFIED. ) ;
#3730 = ORIENTED_EDGE ( 'NONE', *, *, #8319, .T. ) ;
#3731 = CARTESIAN_POINT ( 'NONE',  ( 136.1729059439020091, -143.3668045394049955, 109.0485131823510017 ) ) ;
#3732 = CARTESIAN_POINT ( 'NONE',  ( 132.2179660690159722, -141.5088407405840201, 67.19879956395250531 ) ) ;
#3733 = CONICAL_SURFACE ( 'NONE', #2578, 0.9999999999999964473, 0.7853981633974490562 ) ;
#3734 = CARTESIAN_POINT ( 'NONE',  ( 160.2171133453899756, -119.4297640746489861, 96.26432591814179318 ) ) ;
#3735 = CARTESIAN_POINT ( 'NONE',  ( 163.2171133453904872, -114.8297640215111954, 62.24960223581919649 ) ) ;
#3736 = LINE ( 'NONE', #3910, #5159 ) ;
#3737 = ADVANCED_FACE ( 'NONE', ( #7489 ), #6408, .T. ) ;
#3738 = LINE ( 'NONE', #256, #2698 ) ;
#3739 = VERTEX_POINT ( 'NONE', #6580 ) ;
#3740 = LINE ( 'NONE', #8169, #7508 ) ;
#3741 = VERTEX_POINT ( 'NONE', #6341 ) ;
#3742 = AXIS2_PLACEMENT_3D ( 'NONE', #7579, #4058, #6732 ) ;
#3743 = ORIENTED_EDGE ( 'NONE', *, *, #2402, .T. ) ;
#3744 = ORIENTED_EDGE ( 'NONE', *, *, #1588, .T. ) ;
#3745 = DIRECTION ( 'NONE',  ( -7.166578434177388987E-17, -5.631063851084959641E-09, 1.000000000000000000 ) ) ;
#3746 = PLANE ( 'NONE',  #9554 ) ;
#3747 = DIRECTION ( 'NONE',  ( 0.000000000000000000, 0.000000000000000000, 1.000000000000000000 ) ) ;
#3748 = VERTEX_POINT ( 'NONE', #1793 ) ;
#3749 = LINE ( 'NONE', #7229, #11905 ) ;
#3750 = ORIENTED_EDGE ( 'NONE', *, *, #2141, .T. ) ;
#3751 = CARTESIAN_POINT ( 'NONE',  ( 122.9056427644091514, -149.1081920281289968, 54.67498683438151375 ) ) ;
#3752 = AXIS2_PLACEMENT_3D ( 'NONE', #1594, #8987, #674 ) ;
#3753 = DIRECTION ( 'NONE',  ( -1.000000000000000000, 0.000000000000000000, 0.000000000000000000 ) ) ;
#3754 = CARTESIAN_POINT ( 'NONE',  ( 162.4789115064674263, -139.0155505122760076, 69.99999991151631207 ) ) ;
#3755 = PLANE ( 'NONE',  #9044 ) ;
#3756 = EDGE_LOOP ( 'NONE', ( #11020, #11063, #11405, #4093, #9319 ) ) ;
#3757 = DIRECTION ( 'NONE',  ( 0.000000000000000000, 1.000000000000000000, 6.573933234426810631E-15 ) ) ;
#3758 = EDGE_LOOP ( 'NONE', ( #5672, #10824, #2295, #8710 ) ) ;
#3759 = VECTOR ( 'NONE', #3745, 1000.000000000000000 ) ;
#3760 = PLANE ( 'NONE',  #9746 ) ;
#3761 = CARTESIAN_POINT ( 'NONE',  ( 126.2171133453869913, -153.4297640746490003, 102.7500000000359961 ) ) ;
#3762 = EDGE_CURVE ( 'NONE', #4484, #11853, #6288, .T. ) ;
#3763 = CARTESIAN_POINT ( 'NONE',  ( 131.5100065759849883, -145.4297640746490003, 71.70710662566709459 ) ) ;
#3764 = CYLINDRICAL_SURFACE ( 'NONE', #4648, 14.00000000000001243 ) ;
#3765 = CYLINDRICAL_SURFACE ( 'NONE', #6698, 0.5899999999999873124 ) ;
#3766 = EDGE_CURVE ( 'NONE', #1314, #5513, #7255, .T. ) ;
#3767 = EDGE_CURVE ( 'NONE', #1931, #21, #11851, .T. ) ;
#3768 = CIRCLE ( 'NONE', #10348, 1.450000000000006839 ) ;
#3769 = DIRECTION ( 'NONE',  ( -0.8125199200687275303, -0.3365567705908014129, 0.4759631494779816840 ) ) ;
#3770 = CIRCLE ( 'NONE', #3588, 1.000000000000003997 ) ;
#3771 = ADVANCED_FACE ( 'NONE', ( #8276 ), #11966, .F. ) ;
#3772 = CARTESIAN_POINT ( 'NONE',  ( 162.4426461606290104, -114.4297640215112040, 54.47937835699730158 ) ) ;
#3773 = EDGE_LOOP ( 'NONE', ( #9973, #1849, #7648 ) ) ;
#3774 = DIRECTION ( 'NONE',  ( 1.214306500432499789E-16, -1.000000000000000000, -6.573933234426810631E-15 ) ) ;
#3775 = CARTESIAN_POINT ( 'NONE',  ( 147.7171133226179904, -140.4297640215119998, 109.2071629590849966 ) ) ;
#3776 = ORIENTED_EDGE ( 'NONE', *, *, #8452, .T. ) ;
#3777 = CARTESIAN_POINT ( 'NONE',  ( 161.2171133453899756, -119.4297640746489861, 80.50005035146730847 ) ) ;
#3778 = CARTESIAN_POINT ( 'NONE',  ( 162.2171133453900040, -119.4297640746489861, 85.35358141621330219 ) ) ;
#3779 = CARTESIAN_POINT ( 'NONE',  ( 134.2171133453900040, -138.0155505122760076, 68.99999991151649681 ) ) ;
#3780 = ORIENTED_EDGE ( 'NONE', *, *, #3427, .F. ) ;
#3781 = AXIS2_PLACEMENT_3D ( 'NONE', #5647, #1033, #2699 ) ;
#3782 =( NAMED_UNIT ( * ) PLANE_ANGLE_UNIT ( ) SI_UNIT ( $, .RADIAN. ) );
#3783 = VECTOR ( 'NONE', #8699, 1000.000000000000000 ) ;
#3784 = ORIENTED_EDGE ( 'NONE', *, *, #8065, .F. ) ;
#3785 = EDGE_CURVE ( 'NONE', #9203, #2363, #3061, .T. ) ;
#3786 = DIRECTION ( 'NONE',  ( 1.000000000000000000, 1.214306505109919625E-16, -1.654361225106060125E-24 ) ) ;
#3787 = DIRECTION ( 'NONE',  ( 2.602085213964869829E-17, 1.000000000000000000, -1.526556658859589750E-16 ) ) ;
#3788 = ADVANCED_FACE ( 'NONE', ( #4923 ), #1172, .T. ) ;
#3789 = VERTEX_POINT ( 'NONE', #3847 ) ;
#3790 = VECTOR ( 'NONE', #2136, 1000.000000000000000 ) ;
#3791 = DIRECTION ( 'NONE',  ( -7.166576360129189239E-17, 1.526556658859589750E-16, 1.000000000000000000 ) ) ;
#3792 = CARTESIAN_POINT ( 'NONE',  ( 133.0664558081502094, -138.4595744938966106, 53.47602185630480420 ) ) ;
#3793 = DIRECTION ( 'NONE',  ( -0.003622991423313477906, 1.527489373225628588E-16, 0.9999934369450365068 ) ) ;
#3794 = DIRECTION ( 'NONE',  ( -0.7071067811865500152, -0.7071067811865450192, 5.726850911312339975E-17 ) ) ;
#3795 = CARTESIAN_POINT ( 'NONE',  ( 120.2171133453899898, -140.4297640215119998, 104.9785814795580023 ) ) ;
#3796 = CARTESIAN_POINT ( 'NONE',  ( 122.2171131963785911, -127.4297660426498027, 58.25000000000000000 ) ) ;
#3797 = EDGE_LOOP ( 'NONE', ( #7941, #2903, #619, #4287 ) ) ;
#3798 = DIRECTION ( 'NONE',  ( -1.000000000000000000, 3.613993049433370307E-15, -3.997519546286559803E-13 ) ) ;
#3799 = ORIENTED_EDGE ( 'NONE', *, *, #6549, .T. ) ;
#3800 = CIRCLE ( 'NONE', #5341, 0.9999999999999964473 ) ;
#3801 = ORIENTED_EDGE ( 'NONE', *, *, #7242, .T. ) ;
#3802 = ORIENTED_EDGE ( 'NONE', *, *, #5484, .F. ) ;
#3803 = DIRECTION ( 'NONE',  ( 1.000000000000000000, -3.480590576041360211E-15, 7.166576360129239776E-17 ) ) ;
#3804 = CARTESIAN_POINT ( 'NONE',  ( 132.6725733437831138, -153.4297640746491140, 67.14091634279365906 ) ) ;
#3805 = ADVANCED_FACE ( 'NONE', ( #4743 ), #2090, .T. ) ;
#3806 = EDGE_LOOP ( 'NONE', ( #2417, #9580, #11556, #3020, #11089, #4417 ) ) ;
#3807 = DIRECTION ( 'NONE',  ( 0.000000000000000000, 0.000000000000000000, 1.000000000000000000 ) ) ;
#3808 = VERTEX_POINT ( 'NONE', #9483 ) ;
#3809 = CARTESIAN_POINT ( 'NONE',  ( 122.1500543701825592, -149.1501942237256344, 55.68898322643203613 ) ) ;
#3810 = VECTOR ( 'NONE', #5609, 1000.000000000000000 ) ;
#3811 = DIRECTION ( 'NONE',  ( 4.422034925190670533E-15, 1.000000000000000000, 6.633052400461320667E-15 ) ) ;
#3812 = CARTESIAN_POINT ( 'NONE',  ( 134.7171133453893788, -138.5155505122754107, 69.70710669270299320 ) ) ;
#3813 = LINE ( 'NONE', #5404, #5166 ) ;
#3814 = VERTEX_POINT ( 'NONE', #5719 ) ;
#3815 = LINE ( 'NONE', #4599, #11980 ) ;
#3816 = AXIS2_PLACEMENT_3D ( 'NONE', #3150, #6843, #11265 ) ;
#3817 = VERTEX_POINT ( 'NONE', #134 ) ;
#3818 = DIRECTION ( 'NONE',  ( -0.7071067811865160424, -0.7071067811865791031, -4.475281559100260094E-15 ) ) ;
#3819 = PLANE ( 'NONE',  #8942 ) ;
#3820 = EDGE_CURVE ( 'NONE', #2936, #1625, #9352, .T. ) ;
#3821 = DIRECTION ( 'NONE',  ( 0.4397326120323102328, 0.1821432117215494584, 0.8794652240646019248 ) ) ;
#3822 = CARTESIAN_POINT ( 'NONE',  ( 139.9671133340039830, -153.4297640746490003, 65.95898615365621254 ) ) ;
#3823 = CARTESIAN_POINT ( 'NONE',  ( 132.2171133453900040, -140.4297640215119998, 96.26432591814179318 ) ) ;
#3824 = CIRCLE ( 'NONE', #6156, 0.5999999999999894307 ) ;
#3825 = PLANE ( 'NONE',  #11969 ) ;
#3826 = ADVANCED_FACE ( 'NONE', ( #193 ), #4864, .T. ) ;
#3827 = EDGE_LOOP ( 'NONE', ( #477, #7448, #9031, #9067 ) ) ;
#3828 = EDGE_CURVE ( 'NONE', #3817, #4712, #9353, .T. ) ;
#3829 = EDGE_CURVE ( 'NONE', #6623, #2458, #1295, .T. ) ;
#3830 = AXIS2_PLACEMENT_3D ( 'NONE', #4334, #7133, #10820 ) ;
#3831 = CARTESIAN_POINT ( 'NONE',  ( 132.2171133453900040, -134.4297640746490288, 80.50005035146759269 ) ) ;
#3832 = CARTESIAN_POINT ( 'NONE',  ( 161.3736018428179761, -114.4297640215112040, 60.27765112427590566 ) ) ;
#3833 = ORIENTED_EDGE ( 'NONE', *, *, #6048, .F. ) ;
#3834 = LINE ( 'NONE', #1031, #68 ) ;
#3835 = CARTESIAN_POINT ( 'NONE',  ( 174.2171133453904872, -149.8297640215157855, 63.75000000000000000 ) ) ;
#3836 = ORIENTED_EDGE ( 'NONE', *, *, #9904, .F. ) ;
#3837 = CARTESIAN_POINT ( 'NONE',  ( 175.2171133453905156, -126.4297640215112040, 64.75000000000000000 ) ) ;
#3838 = CARTESIAN_POINT ( 'NONE',  ( 163.2171133453900040, -136.4297640746490288, 80.50005035808560194 ) ) ;
#3839 = DIRECTION ( 'NONE',  ( 0.000000000000000000, 1.000000000000000000, 6.217248937900871104E-15 ) ) ;
#3840 = ORIENTED_EDGE ( 'NONE', *, *, #10786, .F. ) ;
#3841 = VECTOR ( 'NONE', #7236, 1000.000000000000000 ) ;
#3842 = CARTESIAN_POINT ( 'NONE',  ( 174.2350391999289911, -150.4118381109059897, 108.8158570098819951 ) ) ;
#3843 = EDGE_CURVE ( 'NONE', #5358, #9296, #6880, .T. ) ;
#3844 = ORIENTED_EDGE ( 'NONE', *, *, #899, .F. ) ;
#3845 = B_SPLINE_CURVE_WITH_KNOTS ( 'NONE', 3,
 ( #7173, #2383, #7046, #1524, #5216, #662, #2266, #4193, #1405, #4315, #8924, #8862, #600, #2508 ),
 .UNSPECIFIED., .F., .F.,
 ( 4, 2, 2, 1, 1, 2, 2, 4 ),
 ( 0.000000000000000000, 0.2500000000001344480, 0.3750000000001933453, 0.4375000000002101097, 0.4687500000001941780, 0.4843750000001998401, 0.5000000000002053913, 1.000000000000000000 ),
 .UNSPECIFIED. ) ;
#3846 = EDGE_CURVE ( 'NONE', #6127, #11023, #7144, .T. ) ;
#3847 = CARTESIAN_POINT ( 'NONE',  ( 162.8269449219380078, -114.8297640215111954, 57.67765335951249739 ) ) ;
#3848 = DIRECTION ( 'NONE',  ( 0.000000000000000000, 0.000000000000000000, 1.000000000000000000 ) ) ;
#3849 = VECTOR ( 'NONE', #8525, 1000.000000000000000 ) ;
#3850 = ORIENTED_EDGE ( 'NONE', *, *, #6622, .F. ) ;
#3851 = AXIS2_PLACEMENT_3D ( 'NONE', #2792, #6846, #9633 ) ;
#3852 = DIRECTION ( 'NONE',  ( 0.000000000000000000, -2.327875578288750051E-16, -1.000000000000000000 ) ) ;
#3853 = CARTESIAN_POINT ( 'NONE',  ( 132.2171133602390114, -141.6943747439590027, 68.00273304180750245 ) ) ;
#3854 = CARTESIAN_POINT ( 'NONE',  ( 157.6248169134119905, -148.0297640746490231, 105.4997837512840135 ) ) ;
#3855 =( GEOMETRIC_REPRESENTATION_CONTEXT ( 3 ) GLOBAL_UNCERTAINTY_ASSIGNED_CONTEXT ( ( #5212 ) ) GLOBAL_UNIT_ASSIGNED_CONTEXT ( ( #9534, #7892, #4017 ) ) REPRESENTATION_CONTEXT ( 'NONE', 'WORKASPACE' ) );
#3856 = FACE_BOUND ( 'NONE', #5254, .T. ) ;
#3857 = DIRECTION ( 'NONE',  ( 1.000000000000000000, 9.644381700046818973E-17, 7.166576360129179378E-17 ) ) ;
#3858 = FACE_OUTER_BOUND ( 'NONE', #7802, .T. ) ;
#3859 = ORIENTED_EDGE ( 'NONE', *, *, #9513, .T. ) ;
#3860 = CARTESIAN_POINT ( 'NONE',  ( 162.4859119063521007, -139.8219473906270309, 69.92493015708966198 ) ) ;
#3861 = EDGE_CURVE ( 'NONE', #4818, #958, #1595, .T. ) ;
#3862 = ADVANCED_FACE ( 'NONE', ( #1414 ), #4269, .T. ) ;
#3863 = ORIENTED_EDGE ( 'NONE', *, *, #7696, .F. ) ;
#3864 = AXIS2_PLACEMENT_3D ( 'NONE', #10997, #2702, #6399 ) ;
#3865 = ORIENTED_EDGE ( 'NONE', *, *, #3112, .T. ) ;
#3866 = VERTEX_POINT ( 'NONE', #7896 ) ;
#3867 = DIRECTION ( 'NONE',  ( 2.231155674348849972E-14, -1.526556658860419780E-16, -1.000000000000000000 ) ) ;
#3868 = DIRECTION ( 'NONE',  ( 0.000000000000000000, -1.000000000000000000, 1.526556658859589750E-16 ) ) ;
#3869 = PLANE ( 'NONE',  #9527 ) ;
#3870 = VERTEX_POINT ( 'NONE', #675 ) ;
#3871 = DIRECTION ( 'NONE',  ( 1.000000000000000000, 0.000000000000000000, 0.000000000000000000 ) ) ;
#3872 = ORIENTED_EDGE ( 'NONE', *, *, #9899, .T. ) ;
#3873 = CIRCLE ( 'NONE', #9482, 11.54238125198780729 ) ;
#3874 = CARTESIAN_POINT ( 'NONE',  ( 120.2171133453900467, -149.3762244598256643, 61.21364624437710944 ) ) ;
#3875 = CARTESIAN_POINT ( 'NONE',  ( 138.1026044211599810, -140.4297640215119998, 105.3643259181410059 ) ) ;
#3876 = DIRECTION ( 'NONE',  ( -2.357766133642020006E-14, -1.074295325684239986E-17, -1.000000000000000000 ) ) ;
#3877 = DIRECTION ( 'NONE',  ( 0.4397326120323201137, -0.1821432117215256719, 0.8794652240646018138 ) ) ;
#3878 = EDGE_CURVE ( 'NONE', #7910, #4004, #4345, .T. ) ;
#3879 = ORIENTED_EDGE ( 'NONE', *, *, #2889, .T. ) ;
#3880 = FACE_BOUND ( 'NONE', #6337, .T. ) ;
#3881 = VECTOR ( 'NONE', #4666, 1000.000000000000000 ) ;
#3882 = ORIENTED_EDGE ( 'NONE', *, *, #340, .F. ) ;
#3883 = DIRECTION ( 'NONE',  ( -3.588144190172699795E-15, -6.573933234426810631E-15, 1.000000000000000000 ) ) ;
#3884 = CARTESIAN_POINT ( 'NONE',  ( 138.0100065642029961, -134.2226572934619924, 67.99999991151649681 ) ) ;
#3885 = DIRECTION ( 'NONE',  ( 7.166576360129189239E-17, -1.526556658859589750E-16, -1.000000000000000000 ) ) ;
#3886 = DIRECTION ( 'NONE',  ( 2.602085213964869829E-17, 1.000000000000000000, -1.526556658859589750E-16 ) ) ;
#3887 = EDGE_CURVE ( 'NONE', #538, #1426, #9720, .T. ) ;
#3888 = CARTESIAN_POINT ( 'NONE',  ( 163.2171133453900040, -153.4297640746490003, 60.04999999999999716 ) ) ;
#3889 = VERTEX_POINT ( 'NONE', #10570 ) ;
#3890 = PLANE ( 'NONE',  #4503 ) ;
#3891 = DIRECTION ( 'NONE',  ( 2.428612984199849992E-16, -1.000000000000000000, -6.217248937900871104E-15 ) ) ;
#3892 = VERTEX_POINT ( 'NONE', #8814 ) ;
#3893 = LINE ( 'NONE', #8687, #2223 ) ;
#3894 = DIRECTION ( 'NONE',  ( -0.3281699088141170062, 0.000000000000000000, 0.9446187119409260591 ) ) ;
#3895 = EDGE_CURVE ( 'NONE', #2835, #10551, #8932, .T. ) ;
#3896 = CARTESIAN_POINT ( 'NONE',  ( 163.1572384048170079, -141.4329535200550367, 67.78932396982311559 ) ) ;
#3897 = DIRECTION ( 'NONE',  ( -0.9513277913954432119, 1.682122545878897094E-15, -0.3081808451521089176 ) ) ;
#3898 = FACE_OUTER_BOUND ( 'NONE', #6312, .T. ) ;
#3899 = CARTESIAN_POINT ( 'NONE',  ( 163.2503186931585049, -148.4127124287246033, 50.93565738772740303 ) ) ;
#3900 = CARTESIAN_POINT ( 'NONE',  ( 134.2171133453900040, -140.4297640215119998, 117.6643259181420120 ) ) ;
#3901 = ORIENTED_EDGE ( 'NONE', *, *, #4593, .F. ) ;
#3902 = DIRECTION ( 'NONE',  ( -3.049932991346550160E-15, -1.000000000000000000, 3.049932991346550160E-15 ) ) ;
#3903 = VERTEX_POINT ( 'NONE', #3302 ) ;
#3904 = PLANE ( 'NONE',  #3596 ) ;
#3905 = CARTESIAN_POINT ( 'NONE',  ( 132.6467772118110133, -140.3091893208030001, 67.05864549323000290 ) ) ;
#3906 = EDGE_CURVE ( 'NONE', #11853, #3976, #3298, .T. ) ;
#3907 = DIRECTION ( 'NONE',  ( 0.000000000000000000, 1.000000000000000000, 0.000000000000000000 ) ) ;
#3908 = CARTESIAN_POINT ( 'NONE',  ( 122.2171131963784063, -148.4297640215249885, 57.08879711976310034 ) ) ;
#3909 = CONICAL_SURFACE ( 'NONE', #1799, 1.950000000000000400, 0.7853981633974573828 ) ;
#3910 = CARTESIAN_POINT ( 'NONE',  ( 164.2171133453900040, -119.4297640746489861, 102.7500000000329976 ) ) ;
#3911 = ADVANCED_FACE ( 'NONE', ( #7839 ), #6085, .F. ) ;
#3912 = EDGE_CURVE ( 'NONE', #6185, #327, #5281, .T. ) ;
#3913 = CARTESIAN_POINT ( 'NONE',  ( 163.2171133453900040, -136.4297640746490288, 80.50005036323319985 ) ) ;
#3914 = ORIENTED_EDGE ( 'NONE', *, *, #4174, .F. ) ;
#3915 = DIRECTION ( 'NONE',  ( 2.602085213964619612E-17, 1.000000000000000000, -1.150608946447908011E-15 ) ) ;
#3916 = ORIENTED_EDGE ( 'NONE', *, *, #103, .F. ) ;
#3917 = VERTEX_POINT ( 'NONE', #5965 ) ;
#3918 = ORIENTED_EDGE ( 'NONE', *, *, #6885, .F. ) ;
#3919 = CIRCLE ( 'NONE', #2382, 0.9999999999999964473 ) ;
#3920 = CARTESIAN_POINT ( 'NONE',  ( 134.2459465805028174, -121.6944132638123364, 58.38668473764643352 ) ) ;
#3921 = CARTESIAN_POINT ( 'NONE',  ( 161.9171131927750196, -148.0297640746490231, 105.4997837512840135 ) ) ;
#3922 = CARTESIAN_POINT ( 'NONE',  ( 163.2171133453900040, -138.8513369720210164, 93.86432591814070747 ) ) ;
#3923 = ORIENTED_EDGE ( 'NONE', *, *, #1528, .T. ) ;
#3924 = PLANE ( 'NONE',  #7652 ) ;
#3925 = ORIENTED_EDGE ( 'NONE', *, *, #4130, .T. ) ;
#3926 = EDGE_CURVE ( 'NONE', #6966, #6893, #8990, .T. ) ;
#3927 = CARTESIAN_POINT ( 'NONE',  ( 132.2171133453900040, -143.9497639792939765, 96.56356145895560417 ) ) ;
#3928 = ORIENTED_EDGE ( 'NONE', *, *, #2327, .F. ) ;
#3929 = CARTESIAN_POINT ( 'NONE',  ( 132.2171133453900040, -141.8439742688830165, 68.99694316647179448 ) ) ;
#3930 = CARTESIAN_POINT ( 'NONE',  ( 158.5834021859320160, -143.4297640215119714, 100.6909950527140012 ) ) ;
#3931 = LINE ( 'NONE', #11323, #1294 ) ;
#3932 = CIRCLE ( 'NONE', #6446, 1.000000000000000888 ) ;
#3933 = VERTEX_POINT ( 'NONE', #551 ) ;
#3934 = DIRECTION ( 'NONE',  ( 3.160768215787150073E-15, 1.000000000000000000, -1.526556658859589750E-16 ) ) ;
#3935 = VERTEX_POINT ( 'NONE', #11537 ) ;
#3936 = ORIENTED_EDGE ( 'NONE', *, *, #5459, .F. ) ;
#3937 = DIRECTION ( 'NONE',  ( 0.000000000000000000, -1.526556658859589750E-16, -1.000000000000000000 ) ) ;
#3938 = DIRECTION ( 'NONE',  ( 1.000000000000000000, 0.000000000000000000, 0.000000000000000000 ) ) ;
#3939 = DIRECTION ( 'NONE',  ( 9.644381700046828834E-17, -1.000000000000000000, 2.327875578288750051E-16 ) ) ;
#3940 = EDGE_CURVE ( 'NONE', #2363, #4591, #609, .T. ) ;
#3941 = CONICAL_SURFACE ( 'NONE', #11668, 11.79999999999999893, 0.7853981633974702614 ) ;
#3942 = EDGE_CURVE ( 'NONE', #8477, #693, #4542, .T. ) ;
#3943 = CARTESIAN_POINT ( 'NONE',  ( 147.7171131927750025, -148.4297640746490003, 103.7997837512839965 ) ) ;
#3944 = CARTESIAN_POINT ( 'NONE',  ( 171.3168895252303514, -121.1623325641760829, 54.37670245577375994 ) ) ;
#3945 = ORIENTED_EDGE ( 'NONE', *, *, #1656, .T. ) ;
#3946 = CARTESIAN_POINT ( 'NONE',  ( 121.1489955666119869, -150.3616462958709974, 108.6871770333520004 ) ) ;
#3947 = AXIS2_PLACEMENT_3D ( 'NONE', #6667, #5877, #10602 ) ;
#3948 = VERTEX_POINT ( 'NONE', #9837 ) ;
#3949 = DIRECTION ( 'NONE',  ( 0.7071067811865592301, 0.000000000000000000, -0.7071067811865356934 ) ) ;
#3950 = ADVANCED_FACE ( 'NONE', ( #1535 ), #4324, .T. ) ;
#3951 = VERTEX_POINT ( 'NONE', #7122 ) ;
#3952 = CARTESIAN_POINT ( 'NONE',  ( 133.5171131927750139, -148.4297640746490003, 102.0997837512840078 ) ) ;
#3953 = VECTOR ( 'NONE', #5646, 1000.000000000000000 ) ;
#3954 = VECTOR ( 'NONE', #5257, 1000.000000000000000 ) ;
#3955 = DIRECTION ( 'NONE',  ( 0.000000000000000000, -1.000000000000000000, -6.351909800629000000E-14 ) ) ;
#3956 = LINE ( 'NONE', #7658, #151 ) ;
#3957 = CYLINDRICAL_SURFACE ( 'NONE', #4773, 1.450000000000006839 ) ;
#3958 =( NAMED_UNIT ( * ) PLANE_ANGLE_UNIT ( ) SI_UNIT ( $, .RADIAN. ) );
#3959 = LINE ( 'NONE', #4918, #7329 ) ;
#3960 = EDGE_LOOP ( 'NONE', ( #6826, #3262 ) ) ;
#3961 = VECTOR ( 'NONE', #4179, 1000.000000000000000 ) ;
#3962 = AXIS2_PLACEMENT_3D ( 'NONE', #11346, #236, #9341 ) ;
#3963 = CARTESIAN_POINT ( 'NONE',  ( 162.5517783488527357, -122.7650638304541104, 62.76479166323228753 ) ) ;
#3964 = ORIENTED_EDGE ( 'NONE', *, *, #10875, .T. ) ;
#3965 = FACE_OUTER_BOUND ( 'NONE', #9056, .T. ) ;
#3966 = DIRECTION ( 'NONE',  ( 0.9513277913954432119, 2.207159507891655087E-15, -0.3081808451521089731 ) ) ;
#3967 = CIRCLE ( 'NONE', #10735, 1.450000000000006839 ) ;
#3968 = CARTESIAN_POINT ( 'NONE',  ( 132.2171133453900040, -141.8439776370219931, 67.99999991151649681 ) ) ;
#3969 = VECTOR ( 'NONE', #480, 1000.000000000000000 ) ;
#3970 = FACE_BOUND ( 'NONE', #9553, .T. ) ;
#3971 = CARTESIAN_POINT ( 'NONE',  ( 161.2171133453899756, -138.0155505122760076, 67.99999991151629786 ) ) ;
#3972 = ORIENTED_EDGE ( 'NONE', *, *, #9193, .F. ) ;
#3973 = PLANE ( 'NONE',  #10798 ) ;
#3974 = EDGE_LOOP ( 'NONE', ( #10271, #2726, #6838, #84 ) ) ;
#3975 = ADVANCED_FACE ( 'NONE', ( #10808 ), #11836, .T. ) ;
#3976 = VERTEX_POINT ( 'NONE', #7361 ) ;
#3977 = AXIS2_PLACEMENT_3D ( 'NONE', #9229, #7304, #10995 ) ;
#3978 = VERTEX_POINT ( 'NONE', #9164 ) ;
#3979 = VECTOR ( 'NONE', #10810, 1000.000000000000000 ) ;
#3980 = FACE_OUTER_BOUND ( 'NONE', #6875, .T. ) ;
#3981 = DIRECTION ( 'NONE',  ( 0.7071067811865465735, 0.7071067811865485719, -1.731912100307728615E-16 ) ) ;
#3982 = LINE ( 'NONE', #6835, #4493 ) ;
#3983 = EDGE_CURVE ( 'NONE', #9686, #3978, #7238, .T. ) ;
#3984 = ORIENTED_EDGE ( 'NONE', *, *, #5995, .T. ) ;
#3985 = EDGE_CURVE ( 'NONE', #3948, #748, #10930, .T. ) ;
#3986 = CARTESIAN_POINT ( 'NONE',  ( 139.9671133340039830, -140.4297640215119998, 99.26432591814179318 ) ) ;
#3987 = ORIENTED_EDGE ( 'NONE', *, *, #2258, .F. ) ;
#3988 = CARTESIAN_POINT ( 'NONE',  ( 123.2761899705246407, -149.0905776111097509, 54.24469429941090937 ) ) ;
#3989 = ORIENTED_EDGE ( 'NONE', *, *, #2937, .F. ) ;
#3990 = DIRECTION ( 'NONE',  ( -0.7071067811865475727, -0.7071067811865475727, 1.387778780781450566E-14 ) ) ;
#3991 = AXIS2_PLACEMENT_3D ( 'NONE', #3293, #4317, #3474 ) ;
#3992 = DIRECTION ( 'NONE',  ( 0.8125199200687275303, -0.3365567705908014129, -0.4759631494779816840 ) ) ;
#3993 = B_SPLINE_SURFACE_WITH_KNOTS ( 'NONE', 3, 3, ( 
 ( #5990, #9741, #6963, #5066 ),
 ( #10657, #10834, #2482, #9863 ),
 ( #2302, #8776, #6233, #7982 ),
 ( #3323, #9919, #11564, #394 ),
 ( #4346, #1436, #7083, #7020 ) ),
 .UNSPECIFIED., .F., .F., .F.,
 ( 4, 1, 4 ),
 ( 4, 4 ),
 ( 0.000000000000000000, 0.5000000000000000000, 1.000000000000000000 ),
 ( 0.2092065475536609986, 0.8092105870856380889 ),
 .UNSPECIFIED. ) ;
#3994 = ORIENTED_EDGE ( 'NONE', *, *, #6749, .T. ) ;
#3995 = CARTESIAN_POINT ( 'NONE',  ( 163.2171133453904872, -154.4297640215109766, 62.74960223581890517 ) ) ;
#3996 = EDGE_CURVE ( 'NONE', #5557, #3509, #3768, .T. ) ;
#3997 = ORIENTED_EDGE ( 'NONE', *, *, #808, .F. ) ;
#3998 = VERTEX_POINT ( 'NONE', #9111 ) ;
#3999 = CARTESIAN_POINT ( 'NONE',  ( 154.6834021859320103, -140.4297640215119998, 104.5909950527140069 ) ) ;
#4000 = DIRECTION ( 'NONE',  ( 1.000000000000000000, -3.480590577404350138E-15, -1.038940419595570144E-15 ) ) ;
#4001 = DIRECTION ( 'NONE',  ( 7.166576360129189239E-17, -1.526556658859589750E-16, -1.000000000000000000 ) ) ;
#4002 = VECTOR ( 'NONE', #7398, 1000.000000000000000 ) ;
#4003 = DIRECTION ( 'NONE',  ( 1.214306505109919625E-16, -1.000000000000000000, -6.573933234426810631E-15 ) ) ;
#4004 = VERTEX_POINT ( 'NONE', #2749 ) ;
#4005 = DIRECTION ( 'NONE',  ( -0.8944271909999103043, 0.000000000000000000, -0.4472135954999690299 ) ) ;
#4006 = AXIS2_PLACEMENT_3D ( 'NONE', #6289, #7434, #2717 ) ;
#4007 = EDGE_CURVE ( 'NONE', #412, #6189, #8261, .T. ) ;
#4008 = EDGE_CURVE ( 'NONE', #11320, #10777, #10870, .T. ) ;
#4009 = VERTEX_POINT ( 'NONE', #2694 ) ;
#4010 = ORIENTED_EDGE ( 'NONE', *, *, #3724, .T. ) ;
#4011 = CARTESIAN_POINT ( 'NONE',  ( 132.3771133453899722, -144.5297640215119941, 66.55091634279270352 ) ) ;
#4012 = EDGE_LOOP ( 'NONE', ( #2408, #3450, #9968, #5283 ) ) ;
#4013 = AXIS2_PLACEMENT_3D ( 'NONE', #5835, #8388, #9533 ) ;
#4014 = LINE ( 'NONE', #8442, #258 ) ;
#4015 = CARTESIAN_POINT ( 'NONE',  ( 163.1087258513475149, -120.4297680637882024, 62.66078637172639532 ) ) ;
#4016 = DIRECTION ( 'NONE',  ( 0.003622991423292248360, -1.662504594922420911E-16, -0.9999934369450366178 ) ) ;
#4017 =( NAMED_UNIT ( * ) SI_UNIT ( $, .STERADIAN. ) SOLID_ANGLE_UNIT ( ) );
#4018 = FILL_AREA_STYLE_COLOUR ( '', #2296 ) ;
#4019 = ADVANCED_FACE ( 'NONE', ( #1893 ), #10136, .F. ) ;
#4020 = ORIENTED_EDGE ( 'NONE', *, *, #9338, .T. ) ;
#4021 = AXIS2_PLACEMENT_3D ( 'NONE', #7024, #2545, #6114 ) ;
#4022 = CARTESIAN_POINT ( 'NONE',  ( 161.3855924104052804, -121.5908177774032453, 62.32236411508113605 ) ) ;
#4023 = ORIENTED_EDGE ( 'NONE', *, *, #4390, .F. ) ;
#4024 = CARTESIAN_POINT ( 'NONE',  ( 162.2171133453900040, -147.4297640746490003, 70.99999991151629786 ) ) ;
#4025 = CARTESIAN_POINT ( 'NONE',  ( 162.5201751491499920, -154.4297641689190073, 112.6643260194529859 ) ) ;
#4026 = AXIS2_PLACEMENT_3D ( 'NONE', #6097, #2466, #11547 ) ;
#4027 = CARTESIAN_POINT ( 'NONE',  ( 161.2171133453899756, -138.0155505122760076, 68.99999991151629786 ) ) ;
#4028 = DIRECTION ( 'NONE',  ( -2.357766133642020006E-14, -2.327875578288770265E-16, -1.000000000000000000 ) ) ;
#4029 = CARTESIAN_POINT ( 'NONE',  ( 132.2431406728790364, -141.5822297320284804, 67.99999991151651102 ) ) ;
#4030 = EDGE_LOOP ( 'NONE', ( #7455, #1293, #3640, #9496, #92, #1816, #1170, #3310 ) ) ;
#4031 = DIRECTION ( 'NONE',  ( 2.710392293386709074E-15, 0.7071067811865431318, 0.7071067811865520136 ) ) ;
#4032 = EDGE_CURVE ( 'NONE', #8356, #6607, #6448, .T. ) ;
#4033 = ORIENTED_EDGE ( 'NONE', *, *, #10492, .T. ) ;
#4034 = ORIENTED_EDGE ( 'NONE', *, *, #11099, .F. ) ;
#4035 = VECTOR ( 'NONE', #8722, 1000.000000000000000 ) ;
#4036 = CIRCLE ( 'NONE', #4234, 1.000000000000000888 ) ;
#4037 = ORIENTED_EDGE ( 'NONE', *, *, #2930, .T. ) ;
#4038 = PLANE ( 'NONE',  #452 ) ;
#4039 = CARTESIAN_POINT ( 'NONE',  ( 175.2171132998429925, -140.4297640215119998, 106.4785814967400057 ) ) ;
#4040 = CARTESIAN_POINT ( 'NONE',  ( 132.5100065642033940, -153.1368708558354967, 98.59091295356078888 ) ) ;
#4041 = ORIENTED_EDGE ( 'NONE', *, *, #7194, .F. ) ;
#4042 = VECTOR ( 'NONE', #7595, 1000.000000000000000 ) ;
#4043 = CARTESIAN_POINT ( 'NONE',  ( 121.2171129162049965, -149.8297648895429859, 100.7500000000290044 ) ) ;
#4044 = ORIENTED_EDGE ( 'NONE', *, *, #2922, .T. ) ;
#4045 = LINE ( 'NONE', #7747, #9587 ) ;
#4046 = EDGE_CURVE ( 'NONE', #6421, #1426, #7299, .T. ) ;
#4047 = VERTEX_POINT ( 'NONE', #5585 ) ;
#4048 = CARTESIAN_POINT ( 'NONE',  ( 132.2171133453900040, -140.7031487276439918, 70.73838858455680167 ) ) ;
#4049 = AXIS2_PLACEMENT_3D ( 'NONE', #5790, #2099, #143 ) ;
#4050 = DIRECTION ( 'NONE',  ( -1.765285221921220059E-15, -1.000000000000000000, -1.765285221921220059E-15 ) ) ;
#4051 = VECTOR ( 'NONE', #10893, 1000.000000000000000 ) ;
#4052 = CARTESIAN_POINT ( 'NONE',  ( 174.2852309984259875, -140.4297640215119998, 108.6871770333523983 ) ) ;
#4053 = ORIENTED_EDGE ( 'NONE', *, *, #4245, .T. ) ;
#4054 = EDGE_CURVE ( 'NONE', #7578, #10155, #9224, .T. ) ;
#4055 = ORIENTED_EDGE ( 'NONE', *, *, #5688, .F. ) ;
#4056 = ORIENTED_EDGE ( 'NONE', *, *, #10723, .F. ) ;
#4057 = CARTESIAN_POINT ( 'NONE',  ( 134.2171133453900040, -138.0155505122760076, 79.56249988289630437 ) ) ;
#4058 = DIRECTION ( 'NONE',  ( 0.000000000000000000, -1.000000000000000000, 1.526556658859589750E-16 ) ) ;
#4059 = DIRECTION ( 'NONE',  ( 0.008142047127309334428, 6.938893903907228378E-15, -0.9999668529849260468 ) ) ;
#4060 = CONICAL_SURFACE ( 'NONE', #1936, 3.299999999999997158, 0.7853981633975565257 ) ;
#4061 = FACE_OUTER_BOUND ( 'NONE', #3960, .T. ) ;
#4062 = DIRECTION ( 'NONE',  ( -0.7071067809181789121, 0.000000000000000000, -0.7071067814549162334 ) ) ;
#4063 = ADVANCED_FACE ( 'NONE', ( #8380 ), #916, .T. ) ;
#4064 = VERTEX_POINT ( 'NONE', #732 ) ;
#4065 = CARTESIAN_POINT ( 'NONE',  ( 120.2275061350741936, -149.4401568643332041, 105.4430725632575871 ) ) ;
#4066 = EDGE_CURVE ( 'NONE', #10539, #442, #5408, .T. ) ;
#4067 = CIRCLE ( 'NONE', #10846, 3.900000000000000799 ) ;
#4068 = ORIENTED_EDGE ( 'NONE', *, *, #7553, .F. ) ;
#4069 = EDGE_CURVE ( 'NONE', #7119, #7092, #8321, .T. ) ;
#4070 = DIRECTION ( 'NONE',  ( 1.214306495755049877E-16, -1.000000000000000000, -8.143165513045820519E-15 ) ) ;
#4071 = VERTEX_POINT ( 'NONE', #5468 ) ;
#4072 = VERTEX_POINT ( 'NONE', #3657 ) ;
#4073 = CARTESIAN_POINT ( 'NONE',  ( 132.7189581845198916, -140.5101937616579733, 67.29041612653118420 ) ) ;
#4074 = AXIS2_PLACEMENT_3D ( 'NONE', #110, #48, #4607 ) ;
#4075 = ORIENTED_EDGE ( 'NONE', *, *, #11153, .F. ) ;
#4076 = ADVANCED_FACE ( 'NONE', ( #1836 ), #6263, .T. ) ;
#4077 = FACE_OUTER_BOUND ( 'NONE', #8781, .T. ) ;
#4078 = CARTESIAN_POINT ( 'NONE',  ( 163.0571133453900075, -152.9723504732990307, 67.14091634279270693 ) ) ;
#4079 = EDGE_CURVE ( 'NONE', #3728, #10793, #9051, .T. ) ;
#4080 = CARTESIAN_POINT ( 'NONE',  ( 163.2169602439639959, -140.6000728226020158, 66.46306901740619821 ) ) ;
#4081 = CARTESIAN_POINT ( 'NONE',  ( 136.9171131927749911, -148.2297640746490117, 105.4997837512840135 ) ) ;
#4082 = DIRECTION ( 'NONE',  ( -1.214306500432499789E-16, 1.000000000000000000, 6.573933234426810631E-15 ) ) ;
#4083 = DIRECTION ( 'NONE',  ( 0.000000000000000000, -1.000000000000000000, 0.000000000000000000 ) ) ;
#4084 = VERTEX_POINT ( 'NONE', #7415 ) ;
#4085 = CARTESIAN_POINT ( 'NONE',  ( 161.2158700561012949, -121.4199978084400016, 62.20116531587134290 ) ) ;
#4086 = ORIENTED_EDGE ( 'NONE', *, *, #3766, .F. ) ;
#4087 = DIRECTION ( 'NONE',  ( 0.000000000000000000, 0.000000000000000000, 1.000000000000000000 ) ) ;
#4088 = LINE ( 'NONE', #5847, #1549 ) ;
#4089 = ADVANCED_FACE ( 'NONE', ( #9286 ), #8145, .T. ) ;
#4090 = CARTESIAN_POINT ( 'NONE',  ( 172.5197347761535127, -148.4297640215245906, 60.75000000000000000 ) ) ;
#4091 = LINE ( 'NONE', #6153, #11355 ) ;
#4092 = CARTESIAN_POINT ( 'NONE',  ( 132.2171133453900325, -141.7130779327951586, 67.99999991151651102 ) ) ;
#4093 = ORIENTED_EDGE ( 'NONE', *, *, #9382, .T. ) ;
#4094 = CARTESIAN_POINT ( 'NONE',  ( 162.7134173865341893, -140.5046338449398888, 69.71217828941148298 ) ) ;
#4095 = ORIENTED_EDGE ( 'NONE', *, *, #10521, .F. ) ;
#4096 = ORIENTED_EDGE ( 'NONE', *, *, #4187, .T. ) ;
#4097 = ORIENTED_EDGE ( 'NONE', *, *, #6847, .T. ) ;
#4098 = DIRECTION ( 'NONE',  ( -2.449293564549630096E-16, 6.573933234426810631E-15, -1.000000000000000000 ) ) ;
#4099 = CARTESIAN_POINT ( 'NONE',  ( 127.4387430301742938, -145.9943140389212886, 51.91664625081953943 ) ) ;
#4100 = FACE_OUTER_BOUND ( 'NONE', #8295, .T. ) ;
#4101 = VERTEX_POINT ( 'NONE', #3113 ) ;
#4102 = PLANE ( 'NONE',  #4932 ) ;
#4103 = DIRECTION ( 'NONE',  ( -3.611935920203930620E-30, 7.253542152952179738E-15, -1.000000000000000000 ) ) ;
#4104 = VECTOR ( 'NONE', #5206, 1000.000000000000000 ) ;
#4105 = ORIENTED_EDGE ( 'NONE', *, *, #8085, .T. ) ;
#4106 = CARTESIAN_POINT ( 'NONE',  ( 162.9066213135239423, -141.0854284083543746, 67.74618605917623881 ) ) ;
#4107 = LINE ( 'NONE', #6051, #4035 ) ;
#4108 = CARTESIAN_POINT ( 'NONE',  ( 139.1025978581049856, -140.4297705845669952, 105.3679489095639923 ) ) ;
#4109 = ORIENTED_EDGE ( 'NONE', *, *, #4312, .T. ) ;
#4110 = FACE_OUTER_BOUND ( 'NONE', #5936, .T. ) ;
#4111 = AXIS2_PLACEMENT_3D ( 'NONE', #11081, #2844, #9259 ) ;
#4112 = VERTEX_POINT ( 'NONE', #6620 ) ;
#4113 = DIRECTION ( 'NONE',  ( 0.000000000000000000, -1.000000000000000000, 0.000000000000000000 ) ) ;
#4114 = CARTESIAN_POINT ( 'NONE',  ( 163.2171133453900040, -138.8513368967660142, 80.50005036020991156 ) ) ;
#4115 = LINE ( 'NONE', #9641, #7980 ) ;
#4116 = ORIENTED_EDGE ( 'NONE', *, *, #10166, .T. ) ;
#4117 = EDGE_CURVE ( 'NONE', #1366, #7499, #657, .T. ) ;
#4118 = DIRECTION ( 'NONE',  ( 0.7071067811865822117, 0.000000000000000000, 0.7071067811865128228 ) ) ;
#4119 = CARTESIAN_POINT ( 'NONE',  ( 147.7171133226179904, -145.4297640215119714, 108.4643259181420092 ) ) ;
#4120 = ORIENTED_EDGE ( 'NONE', *, *, #7181, .F. ) ;
#4121 = VECTOR ( 'NONE', #6227, 1000.000000000000000 ) ;
#4122 = FACE_OUTER_BOUND ( 'NONE', #1954, .T. ) ;
#4123 = ORIENTED_EDGE ( 'NONE', *, *, #10504, .T. ) ;
#4124 = DIRECTION ( 'NONE',  ( 1.214306505109919625E-16, -1.000000000000000000, -6.573933234426810631E-15 ) ) ;
#4125 = ORIENTED_EDGE ( 'NONE', *, *, #3559, .T. ) ;
#4126 = EDGE_CURVE ( 'NONE', #261, #4686, #9187, .T. ) ;
#4127 = VECTOR ( 'NONE', #3554, 1000.000000000000000 ) ;
#4128 = ORIENTED_EDGE ( 'NONE', *, *, #1155, .F. ) ;
#4129 = DIRECTION ( 'NONE',  ( 0.000000000000000000, -1.000000000000000000, 1.526556658859589750E-16 ) ) ;
#4130 = EDGE_CURVE ( 'NONE', #8531, #1245, #1641, .T. ) ;
#4131 = EDGE_CURVE ( 'NONE', #7131, #7328, #4357, .T. ) ;
#4132 = CYLINDRICAL_SURFACE ( 'NONE', #4724, 1.950000000000007283 ) ;
#4133 = CARTESIAN_POINT ( 'NONE',  ( 135.2171133453900040, -140.4297640215119998, 100.6910126813450006 ) ) ;
#4134 = PLANE ( 'NONE',  #5335 ) ;
#4135 = CARTESIAN_POINT ( 'NONE',  ( 162.4789127331891621, -139.0155505851078885, 66.99999991151628365 ) ) ;
#4136 = CONICAL_SURFACE ( 'NONE', #11689, 2.700000000000008171, 0.7853981633974702614 ) ;
#4137 = DIRECTION ( 'NONE',  ( 2.602085213964869829E-17, 1.000000000000000000, -1.526556658859589750E-16 ) ) ;
#4138 = DIRECTION ( 'NONE',  ( 0.7071067811865530128, -0.7071067811865420216, -7.299716386910429497E-15 ) ) ;
#4139 = DIRECTION ( 'NONE',  ( -0.7071067811865500152, -0.7071067811865450192, -1.942890293094024932E-16 ) ) ;
#4140 = ORIENTED_EDGE ( 'NONE', *, *, #3125, .T. ) ;
#4141 = EDGE_CURVE ( 'NONE', #9296, #2981, #1283, .T. ) ;
#4142 = AXIS2_PLACEMENT_3D ( 'NONE', #1867, #25, #8351 ) ;
#4143 = DIRECTION ( 'NONE',  ( 1.000000000000000000, -2.602085213957639734E-17, 4.738022480002830405E-13 ) ) ;
#4144 = DIRECTION ( 'NONE',  ( 9.644381700046828834E-17, -1.000000000000000000, 2.327875578288750051E-16 ) ) ;
#4145 = ORIENTED_EDGE ( 'NONE', *, *, #10797, .F. ) ;
#4146 = CARTESIAN_POINT ( 'NONE',  ( 133.2171133453900040, -119.4297640746489861, 66.99999991151649681 ) ) ;
#4147 = DIRECTION ( 'NONE',  ( 0.7071067811865580088, -0.7071067811865370256, 1.586192039558939754E-16 ) ) ;
#4148 = LINE ( 'NONE', #499, #1537 ) ;
#4149 = CARTESIAN_POINT ( 'NONE',  ( 132.9242201265763867, -134.4297640746490288, 81.20715713265418856 ) ) ;
#4150 = CARTESIAN_POINT ( 'NONE',  ( 133.2171133453900040, -139.0155505122760076, 69.99999991151649681 ) ) ;
#4151 = VERTEX_POINT ( 'NONE', #5829 ) ;
#4152 = DIRECTION ( 'NONE',  ( 0.000000000000000000, 1.000000000000000000, -2.336840784686309836E-30 ) ) ;
#4153 = AXIS2_PLACEMENT_3D ( 'NONE', #2213, #3902, #11356 ) ;
#4154 = ORIENTED_EDGE ( 'NONE', *, *, #7194, .T. ) ;
#4155 = EDGE_CURVE ( 'NONE', #7475, #2673, #8440, .T. ) ;
#4156 = VERTEX_POINT ( 'NONE', #8562 ) ;
#4157 = EDGE_CURVE ( 'NONE', #7019, #10651, #9400, .T. ) ;
#4158 = FACE_OUTER_BOUND ( 'NONE', #11363, .T. ) ;
#4159 = LINE ( 'NONE', #7856, #9156 ) ;
#4160 = DIRECTION ( 'NONE',  ( -7.166576360129189239E-17, 1.526556658859589750E-16, 1.000000000000000000 ) ) ;
#4161 = ORIENTED_EDGE ( 'NONE', *, *, #1200, .T. ) ;
#4162 = FACE_OUTER_BOUND ( 'NONE', #8775, .T. ) ;
#4163 = DIRECTION ( 'NONE',  ( 0.3198345585774038935, 0.2239505688958659257, 0.9206258728880126752 ) ) ;
#4164 = CIRCLE ( 'NONE', #9967, 1.000000000000000888 ) ;
#4165 = ORIENTED_EDGE ( 'NONE', *, *, #11207, .T. ) ;
#4166 = DIRECTION ( 'NONE',  ( -1.214306495755059738E-16, 1.000000000000000000, 6.573933234426810631E-15 ) ) ;
#4167 = DIRECTION ( 'NONE',  ( -1.734923811392220086E-15, -1.000000000000000000, -1.734923811392220086E-15 ) ) ;
#4168 = ORIENTED_EDGE ( 'NONE', *, *, #49, .F. ) ;
#4169 = CARTESIAN_POINT ( 'NONE',  ( 161.2171133453899756, -138.0155505122760076, 68.99999991151629786 ) ) ;
#4170 = VERTEX_POINT ( 'NONE', #4850 ) ;
#4171 = AXIS2_PLACEMENT_3D ( 'NONE', #1527, #604, #10740 ) ;
#4172 = VECTOR ( 'NONE', #3363, 1000.000000000000000 ) ;
#4173 = ORIENTED_EDGE ( 'NONE', *, *, #10980, .F. ) ;
#4174 = EDGE_CURVE ( 'NONE', #8054, #5952, #4978, .T. ) ;
#4175 = ORIENTED_EDGE ( 'NONE', *, *, #9110, .F. ) ;
#4176 = CARTESIAN_POINT ( 'NONE',  ( 162.2171133453900040, -152.4297640746490003, 67.14091634279270693 ) ) ;
#4177 = FACE_OUTER_BOUND ( 'NONE', #3313, .T. ) ;
#4178 = DIRECTION ( 'NONE',  ( 4.125625189787574772E-15, -1.000000000000000000, -4.255833852619945580E-15 ) ) ;
#4179 = DIRECTION ( 'NONE',  ( 0.5773502691895937566, 0.5773502691893187544, -0.5773502691899647932 ) ) ;
#4180 = VECTOR ( 'NONE', #11123, 1000.000000000000000 ) ;
#4181 = CARTESIAN_POINT ( 'NONE',  ( 173.2171134944015023, -127.4297660426496037, 58.25000000000000000 ) ) ;
#4182 = ORIENTED_EDGE ( 'NONE', *, *, #7476, .T. ) ;
#4183 = DIRECTION ( 'NONE',  ( 0.000000000000000000, -1.000000000000000000, 1.074295325692379890E-17 ) ) ;
#4184 = CARTESIAN_POINT ( 'NONE',  ( 163.2171133453900040, -152.4297640746490003, 58.25000000000000000 ) ) ;
#4185 = EDGE_LOOP ( 'NONE', ( #8058, #9838, #10528, #8810, #3388, #1306, #385, #563, #720, #11845, #11150, #1139, #4105, #3184, #11440, #4407, #1804, #11379, #9731, #4055, #8296, #587, #8686, #152, #8290, #11488, #5933, #6761, #6662 ) ) ;
#4186 = CARTESIAN_POINT ( 'NONE',  ( 138.7171133453900040, -134.9297640746490288, 67.99999991151649681 ) ) ;
#4187 = EDGE_CURVE ( 'NONE', #6537, #9721, #69, .T. ) ;
#4188 = VECTOR ( 'NONE', #10974, 1000.000000000000114 ) ;
#4189 = ORIENTED_EDGE ( 'NONE', *, *, #5977, .T. ) ;
#4190 = ORIENTED_EDGE ( 'NONE', *, *, #9462, .T. ) ;
#4191 = DIRECTION ( 'NONE',  ( 0.000000000000000000, 0.000000000000000000, -1.000000000000000000 ) ) ;
#4192 =( BOUNDED_CURVE ( )  B_SPLINE_CURVE ( 3, ( #4907, #3105, #10552, #6801 ),
 .UNSPECIFIED., .F., .T. ) 
 B_SPLINE_CURVE_WITH_KNOTS ( ( 4, 4 ),
 ( 0.000000000000000000, 0.7835866637228170450 ),
 .UNSPECIFIED. ) 
 CURVE ( )  GEOMETRIC_REPRESENTATION_ITEM ( )  RATIONAL_B_SPLINE_CURVE ( ( 1.000000000000000000, 0.9494838459687360288, 0.9494838459687360288, 1.000000000000000000 ) ) 
 REPRESENTATION_ITEM ( '' )  );
#4193 = CARTESIAN_POINT ( 'NONE',  ( 134.3571168674880596, -140.5201107246146535, 105.7798163521914461 ) ) ;
#4194 = DIRECTION ( 'NONE',  ( 1.000000000000000000, -2.602085252845506568E-17, -2.546950083066530712E-09 ) ) ;
#4195 = DIRECTION ( 'NONE',  ( 1.000000000000000000, -4.557170478708180873E-15, -4.666241877321180938E-16 ) ) ;
#4196 = CARTESIAN_POINT ( 'NONE',  ( 163.0918748479350029, -140.4202078269770197, 66.81584691354140659 ) ) ;
#4197 = AXIS2_PLACEMENT_3D ( 'NONE', #10457, #2160, #8582 ) ;
#4198 = ADVANCED_FACE ( 'NONE', ( #5643 ), #1029, .T. ) ;
#4199 = DIRECTION ( 'NONE',  ( 2.132994088927039693E-16, -1.000000000000000000, -4.450468616900725019E-15 ) ) ;
#4200 = FACE_OUTER_BOUND ( 'NONE', #9960, .T. ) ;
#4201 = EDGE_CURVE ( 'NONE', #114, #4625, #2289, .T. ) ;
#4202 = ORIENTED_EDGE ( 'NONE', *, *, #2442, .F. ) ;
#4203 = EDGE_CURVE ( 'NONE', #11552, #8637, #54, .T. ) ;
#4204 = CIRCLE ( 'NONE', #11165, 0.5899999999999873124 ) ;
#4205 = DIRECTION ( 'NONE',  ( -4.738022480002830405E-13, 0.000000000000000000, 1.000000000000000000 ) ) ;
#4206 = CARTESIAN_POINT ( 'NONE',  ( 163.0571133453900075, -144.5297640215119941, 66.54898615365620174 ) ) ;
#4207 = ORIENTED_EDGE ( 'NONE', *, *, #5013, .F. ) ;
#4208 = LINE ( 'NONE', #7060, #3016 ) ;
#4209 = CARTESIAN_POINT ( 'NONE',  ( 134.2171133453900040, -138.0155505122760076, 68.99999991151649681 ) ) ;
#4210 = EDGE_CURVE ( 'NONE', #6890, #4514, #2199, .T. ) ;
#4211 = CARTESIAN_POINT ( 'NONE',  ( 131.2171133605719717, -119.4297640746489861, 62.74999974667999680 ) ) ;
#4212 = DIRECTION ( 'NONE',  ( 0.5000000000000002220, 0.7071067811865472397, 0.5000000000000002220 ) ) ;
#4213 = CARTESIAN_POINT ( 'NONE',  ( 125.4555982874533981, -146.6504621838786022, 53.38549640900530591 ) ) ;
#4214 = EDGE_LOOP ( 'NONE', ( #4292, #8456, #11729, #10687, #11447 ) ) ;
#4215 = AXIS2_PLACEMENT_3D ( 'NONE', #7575, #9570, #6723 ) ;
#4216 = DIRECTION ( 'NONE',  ( -3.854941057726240267E-15, -1.000000000000000000, 1.074295325692379890E-17 ) ) ;
#4217 = EDGE_CURVE ( 'NONE', #9756, #11329, #5891, .T. ) ;
#4218 = EDGE_LOOP ( 'NONE', ( #6225, #2732, #11367, #1552 ) ) ;
#4219 = DIRECTION ( 'NONE',  ( 0.7071067811866240671, -0.7071067811864709673, 7.202359833232989270E-17 ) ) ;
#4220 = FACE_OUTER_BOUND ( 'NONE', #10403, .T. ) ;
#4221 = DIRECTION ( 'NONE',  ( -1.000000000000000000, 2.602085213964869829E-17, -7.166576360129189239E-17 ) ) ;
#4222 = ORIENTED_EDGE ( 'NONE', *, *, #8613, .T. ) ;
#4223 = PLANE ( 'NONE',  #1461 ) ;
#4224 = CARTESIAN_POINT ( 'NONE',  ( 132.2171133453900040, -117.4297640215114029, 62.75000000000000000 ) ) ;
#4225 = EDGE_CURVE ( 'NONE', #861, #716, #2985, .T. ) ;
#4226 = ORIENTED_EDGE ( 'NONE', *, *, #2268, .F. ) ;
#4227 = ADVANCED_FACE ( 'NONE', ( #7473 ), #1094, .T. ) ;
#4228 = CARTESIAN_POINT ( 'NONE',  ( 132.6467772590230254, -140.3091890018750121, 69.94135409725599573 ) ) ;
#4229 = CARTESIAN_POINT ( 'NONE',  ( 138.1032112538939884, -144.2252263450580188, 110.3645128941600007 ) ) ;
#4230 = ORIENTED_EDGE ( 'NONE', *, *, #737, .T. ) ;
#4231 = DIRECTION ( 'NONE',  ( -1.154753161494889741E-16, 1.000000000000000000, 5.842532534022360181E-15 ) ) ;
#4232 = VERTEX_POINT ( 'NONE', #5705 ) ;
#4233 = AXIS2_PLACEMENT_3D ( 'NONE', #8603, #5743, #3089 ) ;
#4234 = AXIS2_PLACEMENT_3D ( 'NONE', #5342, #7412, #11101 ) ;
#4235 = EDGE_LOOP ( 'NONE', ( #8844, #5731, #8576, #3744, #10147, #3360, #4680, #8715 ) ) ;
#4236 = ORIENTED_EDGE ( 'NONE', *, *, #557, .F. ) ;
#4237 = CARTESIAN_POINT ( 'NONE',  ( 165.2171133453904872, -141.4297640215177978, 58.25000000000000000 ) ) ;
#4238 = CARTESIAN_POINT ( 'NONE',  ( 134.9214992269345146, -141.2003955978606200, 106.3433669822574217 ) ) ;
#4239 = FACE_BOUND ( 'NONE', #7199, .T. ) ;
#4240 = ORIENTED_EDGE ( 'NONE', *, *, #9564, .F. ) ;
#4241 = VECTOR ( 'NONE', #9306, 1000.000000000000000 ) ;
#4242 = VECTOR ( 'NONE', #6608, 1000.000000000000000 ) ;
#4243 = LINE ( 'NONE', #529, #1833 ) ;
#4244 = LINE ( 'NONE', #8280, #5840 ) ;
#4245 = EDGE_CURVE ( 'NONE', #1657, #7227, #10554, .T. ) ;
#4246 = ORIENTED_EDGE ( 'NONE', *, *, #11082, .F. ) ;
#4247 = ADVANCED_FACE ( 'NONE', ( #4313 ), #2330, .T. ) ;
#4248 = CARTESIAN_POINT ( 'NONE',  ( 163.9671133453900040, -137.1797640746490288, 69.99999991151639733 ) ) ;
#4249 = LINE ( 'NONE', #241, #11392 ) ;
#4250 = ORIENTED_EDGE ( 'NONE', *, *, #10884, .F. ) ;
#4251 = CARTESIAN_POINT ( 'NONE',  ( 134.8866832725759934, -141.1009582698530096, 109.3643807108249888 ) ) ;
#4252 = VECTOR ( 'NONE', #4103, 1000.000000000000000 ) ;
#4253 = VECTOR ( 'NONE', #11232, 1000.000000000000000 ) ;
#4254 = ORIENTED_EDGE ( 'NONE', *, *, #8845, .T. ) ;
#4255 = CARTESIAN_POINT ( 'NONE',  ( 132.7174802901737678, -140.5146363136901471, 67.29250611737012377 ) ) ;
#4256 = CARTESIAN_POINT ( 'NONE',  ( 132.4880302999870878, -123.1594404694903346, 62.77589327070201364 ) ) ;
#4257 = DIRECTION ( 'NONE',  ( 1.000000000000000000, 0.000000000000000000, 0.000000000000000000 ) ) ;
#4258 = EDGE_CURVE ( 'NONE', #384, #7273, #4729, .T. ) ;
#4259 = CARTESIAN_POINT ( 'NONE',  ( 132.6248169134119905, -148.0297640746490231, 105.4997837512840135 ) ) ;
#4260 = AXIS2_PLACEMENT_3D ( 'NONE', #2635, #7187, #10873 ) ;
#4261 = DIRECTION ( 'NONE',  ( 8.271814108300169675E-25, -6.573933234426810631E-15, 1.000000000000000000 ) ) ;
#4262 = VECTOR ( 'NONE', #4597, 1000.000000000000000 ) ;
#4263 = DIRECTION ( 'NONE',  ( -4.664896225277170639E-15, 1.000000000000000000, 6.633052400461320667E-15 ) ) ;
#4264 = CARTESIAN_POINT ( 'NONE',  ( 160.2171131927750025, -148.0297640746490231, 103.7997837512839965 ) ) ;
#4265 = EDGE_LOOP ( 'NONE', ( #1635, #3687, #2708, #5505 ) ) ;
#4266 = VECTOR ( 'NONE', #9042, 1000.000000000000000 ) ;
#4267 =( BOUNDED_CURVE ( )  B_SPLINE_CURVE ( 3, ( #8315, #3709, #10306, #4548 ),
 .UNSPECIFIED., .F., .F. ) 
 B_SPLINE_CURVE_WITH_KNOTS ( ( 4, 4 ),
 ( 0.9332950502743110333, 1.564037455445220104 ),
 .UNSPECIFIED. ) 
 CURVE ( )  GEOMETRIC_REPRESENTATION_ITEM ( )  RATIONAL_B_SPLINE_CURVE ( ( 1.000000000000000000, 0.9671208724905309140, 0.9671208724905309140, 1.000000000000000000 ) ) 
 REPRESENTATION_ITEM ( '' )  );
#4268 = EDGE_CURVE ( 'NONE', #3739, #155, #6298, .T. ) ;
#4269 = PLANE ( 'NONE',  #1043 ) ;
#4270 = B_SPLINE_CURVE_WITH_KNOTS ( 'NONE', 3,
 ( #95, #3874, #6656, #1008, #2848, #6603, #3809, #6545, #3751, #7511, #3988, #11319, #3022, #6717, #11142, #10232, #3084, #9438, #214, #1069, #6784, #4766, #9375, #1991, #957, #4705, #9320 ),
 .UNSPECIFIED., .F., .F.,
 ( 4, 2, 2, 2, 2, 2, 1, 1, 1, 1, 1, 2, 2, 2, 2, 4 ),
 ( 0.000000000000000000, 0.1249999999997716271, 0.2499999999995432542, 0.3749999999993148814, 0.4374999999992002508, 0.4687499999991424637, 0.4843749999991144861, 0.4921874999991005528, 0.4960937499990936139, 0.4980468749990912825, 0.4990234374990894506, 0.4995117187490903388, 0.4999999999990912825, 0.6249999999993183231, 0.7499999999995453637, 1.000000000000000000 ),
 .UNSPECIFIED. ) ;
#4271 = ORIENTED_EDGE ( 'NONE', *, *, #2204, .F. ) ;
#4272 = CARTESIAN_POINT ( 'NONE',  ( 163.0556914791290239, -133.3111086570581847, 51.49588092830069996 ) ) ;
#4273 = DIRECTION ( 'NONE',  ( -8.065104140086980555E-09, 0.000000000000000000, -1.000000000000000000 ) ) ;
#4274 = LINE ( 'NONE', #9783, #11711 ) ;
#4275 = CARTESIAN_POINT ( 'NONE',  ( 163.2158649183210173, -139.5998434638560184, 70.73221186646129865 ) ) ;
#4276 = LINE ( 'NONE', #5972, #3626 ) ;
#4277 = CARTESIAN_POINT ( 'NONE',  ( 126.8043469377704042, -114.4297640215113887, 57.75000000000003553 ) ) ;
#4278 = ORIENTED_EDGE ( 'NONE', *, *, #2328, .F. ) ;
#4279 = CARTESIAN_POINT ( 'NONE',  ( 133.4669467408600099, -154.2297640746490117, 83.34999974667989875 ) ) ;
#4280 = ORIENTED_EDGE ( 'NONE', *, *, #9123, .F. ) ;
#4281 = ORIENTED_EDGE ( 'NONE', *, *, #11768, .F. ) ;
#4282 = EDGE_CURVE ( 'NONE', #9109, #8170, #8043, .T. ) ;
#4283 = CARTESIAN_POINT ( 'NONE',  ( 130.2171133453899756, -141.4297640215180252, 58.25000000000000000 ) ) ;
#4284 = DIRECTION ( 'NONE',  ( 0.000000000000000000, 5.664403186862592619E-15, -1.000000000000000000 ) ) ;
#4285 = ORIENTED_EDGE ( 'NONE', *, *, #8472, .F. ) ;
#4286 = CARTESIAN_POINT ( 'NONE',  ( 138.2544634701539792, -144.2689533927120067, 106.3527280778099851 ) ) ;
#4287 = ORIENTED_EDGE ( 'NONE', *, *, #2662, .T. ) ;
#4288 = EDGE_CURVE ( 'NONE', #11627, #429, #4164, .T. ) ;
#4289 = EDGE_CURVE ( 'NONE', #6425, #5061, #8304, .T. ) ;
#4290 = CARTESIAN_POINT ( 'NONE',  ( 132.4691914154539916, -139.0121116213800008, 70.18169539077049990 ) ) ;
#4291 = CARTESIAN_POINT ( 'NONE',  ( 154.0201484370539902, -140.4297640215119998, 100.6909950527140012 ) ) ;
#4292 = ORIENTED_EDGE ( 'NONE', *, *, #5782, .F. ) ;
#4293 = CARTESIAN_POINT ( 'NONE',  ( 158.4671133453899756, -131.6797640746490003, 71.99999985651470524 ) ) ;
#4294 = VERTEX_POINT ( 'NONE', #3232 ) ;
#4295 = ORIENTED_EDGE ( 'NONE', *, *, #3699, .F. ) ;
#4296 = VERTEX_POINT ( 'NONE', #1462 ) ;
#4297 = EDGE_CURVE ( 'NONE', #4686, #5997, #10560, .T. ) ;
#4298 = AXIS2_PLACEMENT_3D ( 'NONE', #6926, #9887, #6862 ) ;
#4299 = DIRECTION ( 'NONE',  ( -0.7071067811865470176, 0.7071067811865480168, 8.659560440722029115E-17 ) ) ;
#4300 = CARTESIAN_POINT ( 'NONE',  ( 147.7171133226179904, -140.4297640215119998, 109.2071629590849966 ) ) ;
#4301 = EDGE_LOOP ( 'NONE', ( #4876, #6158, #4470, #5715 ) ) ;
#4302 = CARTESIAN_POINT ( 'NONE',  ( 162.2171133453900040, -119.4297640746489861, 65.99999991151629786 ) ) ;
#4303 = ORIENTED_EDGE ( 'NONE', *, *, #6398, .F. ) ;
#4304 = LINE ( 'NONE', #5083, #8258 ) ;
#4305 = DIRECTION ( 'NONE',  ( 3.726764267556920512E-15, 1.000000000000000000, 3.794803977225790103E-15 ) ) ;
#4306 = CIRCLE ( 'NONE', #5466, 1.500000000000001332 ) ;
#4307 = ORIENTED_EDGE ( 'NONE', *, *, #6089, .F. ) ;
#4308 = CARTESIAN_POINT ( 'NONE',  ( 134.8189621995599907, -140.9064506193840032, 109.3643767811250029 ) ) ;
#4309 = B_SPLINE_CURVE_WITH_KNOTS ( 'NONE', 3,
 ( #7275, #11309, #3077, #5859, #207, #2046, #5797, #3017, #5733, #2956, #6711, #2168, #9678, #11370, #4821, #10342, #9430, #2292, #8652, #3137, #265, #3920, #8469, #7680, #387, #2107, #9557, #1188, #1247, #4943, #11254, #1124, #8592, #7618, #153, #7795, #10405 ),
 .UNSPECIFIED., .F., .F.,
 ( 4, 2, 2, 1, 1, 1, 2, 2, 2, 2, 1, 1, 1, 2, 2, 2, 2, 1, 1, 1, 2, 2, 4 ),
 ( 0.000000000000000000, 0.1250000000000901779, 0.1875000000001385558, 0.2187500000001652289, 0.2343750000001769696, 0.2421875000001857126, 0.2460937500001838252, 0.2500000000001819656, 0.3750000000001962874, 0.4375000000002063905, 0.4687500000002156608, 0.4843750000002213230, 0.4921875000002231548, 0.4960937500002207678, 0.5000000000002183809, 0.6250000000001662004, 0.6875000000001373346, 0.7187500000001174616, 0.7343750000001029177, 0.7421875000000975886, 0.7460937500000972555, 0.7500000000000969225, 1.000000000000000000 ),
 .UNSPECIFIED. ) ;
#4310 = ORIENTED_EDGE ( 'NONE', *, *, #11100, .F. ) ;
#4311 = EDGE_CURVE ( 'NONE', #7148, #7824, #418, .T. ) ;
#4312 = EDGE_CURVE ( 'NONE', #7979, #7853, #8860, .T. ) ;
#4313 = FACE_OUTER_BOUND ( 'NONE', #9833, .T. ) ;
#4314 = AXIS2_PLACEMENT_3D ( 'NONE', #3615, #2711, #6409 ) ;
#4315 = CARTESIAN_POINT ( 'NONE',  ( 134.3368620322947606, -140.5112433868849564, 105.7596942511640492 ) ) ;
#4316 = CARTESIAN_POINT ( 'NONE',  ( 163.2171133453904872, -149.7113989081723844, 51.03123712248029875 ) ) ;
#4317 = DIRECTION ( 'NONE',  ( 2.602086448421814690E-17, 1.000000000000000000, -2.104188999757570205E-24 ) ) ;
#4318 = CARTESIAN_POINT ( 'NONE',  ( 163.0194293394349927, -139.5180835393749987, 66.73743310967620346 ) ) ;
#4319 = DIRECTION ( 'NONE',  ( 5.947210316807140508E-15, 1.000000000000000000, -1.526556658859579889E-16 ) ) ;
#4320 = CARTESIAN_POINT ( 'NONE',  ( 165.2171133453904872, -148.4297640215243916, 62.25000000000000000 ) ) ;
#4321 = ORIENTED_EDGE ( 'NONE', *, *, #3767, .F. ) ;
#4322 = EDGE_CURVE ( 'NONE', #4112, #10618, #11587, .T. ) ;
#4323 = CYLINDRICAL_SURFACE ( 'NONE', #3752, 0.9999999999999964473 ) ;
#4324 = CYLINDRICAL_SURFACE ( 'NONE', #11510, 0.9999999999999964473 ) ;
#4325 = EDGE_LOOP ( 'NONE', ( #9661, #6695, #2145, #10256 ) ) ;
#4326 = LINE ( 'NONE', #4272, #9598 ) ;
#4327 = CARTESIAN_POINT ( 'NONE',  ( 156.9591226427349966, -123.4297640215114029, 62.10199319125020168 ) ) ;
#4328 = CIRCLE ( 'NONE', #52, 0.9999999999999964473 ) ;
#4329 = LINE ( 'NONE', #8878, #11132 ) ;
#4330 = CARTESIAN_POINT ( 'NONE',  ( 162.6399132083545283, -153.3473760166015154, 66.96811501498449104 ) ) ;
#4331 = CARTESIAN_POINT ( 'NONE',  ( 132.2171133453900040, -123.4297640215114029, 61.45398638250009782 ) ) ;
#4332 = CARTESIAN_POINT ( 'NONE',  ( 139.1025978581049856, -140.4297705845669952, 105.3679489095639923 ) ) ;
#4333 = ORIENTED_EDGE ( 'NONE', *, *, #9249, .F. ) ;
#4334 = CARTESIAN_POINT ( 'NONE',  ( 160.1768364872659731, -145.4297640215119714, 114.2144502228039897 ) ) ;
#4335 = ORIENTED_EDGE ( 'NONE', *, *, #8931, .T. ) ;
#4336 = DIRECTION ( 'NONE',  ( 2.546952314209130396E-09, 9.244427899492896244E-34, 1.000000000000000000 ) ) ;
#4337 = ORIENTED_EDGE ( 'NONE', *, *, #8309, .T. ) ;
#4338 = DIRECTION ( 'NONE',  ( 0.003622991423284898337, -2.324366128187088824E-16, -0.9999934369450366178 ) ) ;
#4339 = CARTESIAN_POINT ( 'NONE',  ( 130.2171133453899756, -143.3164134470123940, 57.98985306244370719 ) ) ;
#4340 = ORIENTED_EDGE ( 'NONE', *, *, #1254, .F. ) ;
#4341 = CARTESIAN_POINT ( 'NONE',  ( 163.1409749733529964, -141.4613015873265738, 67.99999991151649681 ) ) ;
#4342 = DIRECTION ( 'NONE',  ( -0.8944271909999103043, 0.000000000000000000, 0.4472135954999690299 ) ) ;
#4343 = CIRCLE ( 'NONE', #4540, 1.000000000000010880 ) ;
#4344 = LINE ( 'NONE', #7262, #3478 ) ;
#4345 = CIRCLE ( 'NONE', #7830, 6.999999999999997335 ) ;
#4346 = CARTESIAN_POINT ( 'NONE',  ( 138.3355264575809827, -144.2928689417099974, 111.3646861064190006 ) ) ;
#4347 = CARTESIAN_POINT ( 'NONE',  ( 165.2171133453904872, -141.4297640215177978, 58.25000000000000000 ) ) ;
#4348 = EDGE_LOOP ( 'NONE', ( #1397, #8109, #5772, #2009 ) ) ;
#4349 = ADVANCED_FACE ( 'NONE', ( #9653 ), #5704, .F. ) ;
#4350 = CARTESIAN_POINT ( 'NONE',  ( 163.2171133453904872, -151.9297640215109766, 62.74960223581900465 ) ) ;
#4351 = ORIENTED_EDGE ( 'NONE', *, *, #7958, .T. ) ;
#4352 = ORIENTED_EDGE ( 'NONE', *, *, #9832, .F. ) ;
#4353 = EDGE_CURVE ( 'NONE', #839, #10381, #3290, .T. ) ;
#4354 = EDGE_CURVE ( 'NONE', #2176, #6633, #1052, .T. ) ;
#4355 = AXIS2_PLACEMENT_3D ( 'NONE', #11575, #3397, #6060 ) ;
#4356 = ORIENTED_EDGE ( 'NONE', *, *, #7825, .T. ) ;
#4357 = CIRCLE ( 'NONE', #8989, 0.5899999999999971934 ) ;
#4358 = CARTESIAN_POINT ( 'NONE',  ( 132.0347794939902428, -149.1854823785816109, 50.50639933806904480 ) ) ;
#4359 = DIRECTION ( 'NONE',  ( 0.5951893636155756173, 8.416332170449763954E-15, -0.8035854786137478500 ) ) ;
#4360 = ORIENTED_EDGE ( 'NONE', *, *, #3312, .F. ) ;
#4361 = CARTESIAN_POINT ( 'NONE',  ( 173.2171134944019855, -148.4297640215243916, 62.75000000000000000 ) ) ;
#4362 = ORIENTED_EDGE ( 'NONE', *, *, #10882, .T. ) ;
#4363 = CARTESIAN_POINT ( 'NONE',  ( 163.2171133453900040, -139.0155505122760076, 70.99999991151629786 ) ) ;
#4364 = DIRECTION ( 'NONE',  ( 0.000000000000000000, -1.000000000000000000, 1.074295325692379890E-17 ) ) ;
#4365 = EDGE_CURVE ( 'NONE', #11928, #3951, #5154, .T. ) ;
#4366 = VECTOR ( 'NONE', #661, 1000.000000000000114 ) ;
#4367 = ORIENTED_EDGE ( 'NONE', *, *, #1918, .F. ) ;
#4368 = CARTESIAN_POINT ( 'NONE',  ( 136.7171133453900040, -141.0252566916429942, 93.86432591814070747 ) ) ;
#4369 = VERTEX_POINT ( 'NONE', #2506 ) ;
#4370 = CARTESIAN_POINT ( 'NONE',  ( 165.2171133453904872, -148.4297640215245906, 62.75000000000000000 ) ) ;
#4371 = VECTOR ( 'NONE', #9282, 1000.000000000000000 ) ;
#4372 = VECTOR ( 'NONE', #8264, 1000.000000000000000 ) ;
#4373 = CARTESIAN_POINT ( 'NONE',  ( 160.2171133453899756, -119.4297640746489861, 97.01432591814169371 ) ) ;
#4374 = CARTESIAN_POINT ( 'NONE',  ( 133.2171133453900040, -119.4297640746489861, 71.99999991151649681 ) ) ;
#4375 = DIRECTION ( 'NONE',  ( -0.5951893636155779488, 8.416332170449763954E-15, -0.8035854786137459627 ) ) ;
#4376 = CARTESIAN_POINT ( 'NONE',  ( 132.2171133453900040, -135.4297640746490288, 86.22859850441399487 ) ) ;
#4377 = EDGE_CURVE ( 'NONE', #9090, #11627, #10358, .T. ) ;
#4378 = LINE ( 'NONE', #3476, #8273 ) ;
#4379 = EDGE_CURVE ( 'NONE', #10905, #11574, #5298, .T. ) ;
#4380 = AXIS2_PLACEMENT_3D ( 'NONE', #11263, #5681, #9568 ) ;
#4381 = DIRECTION ( 'NONE',  ( 0.7071044607815273331, 0.7071044607880543342, 0.002561850210361806598 ) ) ;
#4382 = ORIENTED_EDGE ( 'NONE', *, *, #1238, .T. ) ;
#4383 = DIRECTION ( 'NONE',  ( -2.481542626519989715E-24, 6.573933234426810631E-15, -1.000000000000000000 ) ) ;
#4384 = EDGE_LOOP ( 'NONE', ( #72, #11535, #2560, #4482, #8623, #4595 ) ) ;
#4385 = VECTOR ( 'NONE', #8342, 1000.000000000000000 ) ;
#4386 = DIRECTION ( 'NONE',  ( -0.9513277913954432119, 1.682122545878897094E-15, -0.3081808451521089176 ) ) ;
#4387 = LINE ( 'NONE', #10813, #2629 ) ;
#4388 = CARTESIAN_POINT ( 'NONE',  ( 163.0194291964479874, -139.5180834002209735, 70.26256682646180707 ) ) ;
#4389 = DIRECTION ( 'NONE',  ( -1.000000000000000000, 2.602085213965009729E-17, 8.810118433399840573E-15 ) ) ;
#4390 = EDGE_CURVE ( 'NONE', #7663, #7751, #3749, .T. ) ;
#4391 = DIRECTION ( 'NONE',  ( -1.000000000000000000, 0.000000000000000000, 0.000000000000000000 ) ) ;
#4392 = VERTEX_POINT ( 'NONE', #6654 ) ;
#4393 = CARTESIAN_POINT ( 'NONE',  ( 126.8043469377704042, -119.4297640215114029, 55.80000000000000426 ) ) ;
#4394 = ORIENTED_EDGE ( 'NONE', *, *, #5912, .T. ) ;
#4395 = CONICAL_SURFACE ( 'NONE', #912, 3.299999999999997158, 0.7853981633975565257 ) ;
#4396 = ORIENTED_EDGE ( 'NONE', *, *, #4641, .F. ) ;
#4397 = DIRECTION ( 'NONE',  ( -1.000000000000000000, 0.000000000000000000, 0.000000000000000000 ) ) ;
#4398 = CARTESIAN_POINT ( 'NONE',  ( 139.1231655244480123, -153.4297640215119714, 99.69100161576849928 ) ) ;
#4399 = ORIENTED_EDGE ( 'NONE', *, *, #8435, .T. ) ;
#4400 = DIRECTION ( 'NONE',  ( 1.000000000000000000, 0.000000000000000000, 0.000000000000000000 ) ) ;
#4401 = DIRECTION ( 'NONE',  ( -1.666513209668970211E-24, 1.000000000000000000, 7.105427357601000281E-15 ) ) ;
#4402 = VECTOR ( 'NONE', #5554, 1000.000000000000000 ) ;
#4403 = LINE ( 'NONE', #1618, #9079 ) ;
#4404 = CARTESIAN_POINT ( 'NONE',  ( 163.2171133453900040, -141.8439776370219931, 67.99999991151629786 ) ) ;
#4405 = EDGE_CURVE ( 'NONE', #3870, #2673, #8374, .T. ) ;
#4406 = DIRECTION ( 'NONE',  ( 0.7071067811865159314, 0.7071067811865789920, -5.726850911313099253E-17 ) ) ;
#4407 = ORIENTED_EDGE ( 'NONE', *, *, #2402, .F. ) ;
#4408 = CARTESIAN_POINT ( 'NONE',  ( 161.2171133453899756, -138.0155505122760076, 67.99999991151629786 ) ) ;
#4409 = VERTEX_POINT ( 'NONE', #11140 ) ;
#4410 = ORIENTED_EDGE ( 'NONE', *, *, #7179, .F. ) ;
#4411 = AXIS2_PLACEMENT_3D ( 'NONE', #2405, #4216, #3371 ) ;
#4412 = ORIENTED_EDGE ( 'NONE', *, *, #11410, .F. ) ;
#4413 = CARTESIAN_POINT ( 'NONE',  ( 130.9606248479624071, -117.6297640215114058, 60.27765112427590566 ) ) ;
#4414 = LINE ( 'NONE', #9248, #6474 ) ;
#4415 = CARTESIAN_POINT ( 'NONE',  ( 163.2171133453900040, -145.4297640746490003, 71.99999985651460577 ) ) ;
#4416 = EDGE_CURVE ( 'NONE', #4959, #7310, #10745, .T. ) ;
#4417 = ORIENTED_EDGE ( 'NONE', *, *, #5230, .F. ) ;
#4418 = DIRECTION ( 'NONE',  ( 0.000000000000000000, -2.548831737044094972E-09, -1.000000000000000000 ) ) ;
#4419 = ORIENTED_EDGE ( 'NONE', *, *, #1234, .F. ) ;
#4420 = CARTESIAN_POINT ( 'NONE',  ( 131.2171133605714601, -119.4297640746489861, 62.75000000000022027 ) ) ;
#4421 = EDGE_CURVE ( 'NONE', #7877, #5570, #8762, .T. ) ;
#4422 = DIRECTION ( 'NONE',  ( -2.428612984199849992E-16, 1.000000000000000000, 6.217248937900871104E-15 ) ) ;
#4423 = AXIS2_PLACEMENT_3D ( 'NONE', #413, #4124, #7821 ) ;
#4424 = ORIENTED_EDGE ( 'NONE', *, *, #10360, .T. ) ;
#4425 = CARTESIAN_POINT ( 'NONE',  ( 134.1481506560340051, -140.4297640215119998, 111.3643380452659954 ) ) ;
#4426 = VERTEX_POINT ( 'NONE', #6600 ) ;
#4427 = DIRECTION ( 'NONE',  ( -1.000000000000000000, 3.973480495251319981E-15, 7.823253522622061261E-15 ) ) ;
#4428 = CIRCLE ( 'NONE', #8495, 24.75049366970480236 ) ;
#4429 = CIRCLE ( 'NONE', #11205, 0.9999999999999866773 ) ;
#4430 = EDGE_CURVE ( 'NONE', #9354, #6709, #9318, .T. ) ;
#4431 = CARTESIAN_POINT ( 'NONE',  ( 132.9865647206445090, -139.7077518422327671, 67.05468250709876088 ) ) ;
#4432 = CARTESIAN_POINT ( 'NONE',  ( 134.7199220932112098, -120.9240604070459426, 61.62082475992549035 ) ) ;
#4433 = DIRECTION ( 'NONE',  ( 0.000000000000000000, -1.000000000000000000, 1.526556658859589750E-16 ) ) ;
#4434 = DIRECTION ( 'NONE',  ( 1.000000000000000000, -3.965082230804126670E-15, 0.000000000000000000 ) ) ;
#4435 = EDGE_CURVE ( 'NONE', #7507, #4589, #1871, .T. ) ;
#4436 = EDGE_CURVE ( 'NONE', #10361, #7971, #1646, .T. ) ;
#4437 = DIRECTION ( 'NONE',  ( 5.075305257095799993E-15, -1.000000000000000000, -6.661338147750940820E-15 ) ) ;
#4438 = AXIS2_PLACEMENT_3D ( 'NONE', #962, #4834, #8363 ) ;
#4439 = CARTESIAN_POINT ( 'NONE',  ( 161.2171133453899756, -138.9297640746490288, 69.99999991151639733 ) ) ;
#4440 = EDGE_CURVE ( 'NONE', #1931, #2248, #8979, .T. ) ;
#4441 = CARTESIAN_POINT ( 'NONE',  ( 157.6248169134119905, -148.2297640746490117, 105.4997837512840135 ) ) ;
#4442 = AXIS2_PLACEMENT_3D ( 'NONE', #2523, #10081, #9167 ) ;
#4443 = ORIENTED_EDGE ( 'NONE', *, *, #2671, .F. ) ;
#4444 = CIRCLE ( 'NONE', #11220, 0.9000000000000119016 ) ;
#4445 = CARTESIAN_POINT ( 'NONE',  ( 133.2171133453900040, -152.4297640746490003, 95.20718002819110382 ) ) ;
#4446 = CARTESIAN_POINT ( 'NONE',  ( 161.2171133453899756, -126.9297640746490146, 80.50005035146730847 ) ) ;
#4447 = LINE ( 'NONE', #3145, #3212 ) ;
#4448 = ORIENTED_EDGE ( 'NONE', *, *, #7691, .F. ) ;
#4449 = CARTESIAN_POINT ( 'NONE',  ( 162.8750653670250017, -140.9916158943559878, 69.44736542250640809 ) ) ;
#4450 = LINE ( 'NONE', #4504, #1289 ) ;
#4451 = DIRECTION ( 'NONE',  ( -1.000000000000000000, 3.480590576041360211E-15, 0.000000000000000000 ) ) ;
#4452 = ORIENTED_EDGE ( 'NONE', *, *, #2218, .T. ) ;
#4453 = DIRECTION ( 'NONE',  ( -0.3198345585774030053, 0.2239505688958659535, 0.9206258728880128972 ) ) ;
#4454 = ORIENTED_EDGE ( 'NONE', *, *, #309, .F. ) ;
#4455 = CIRCLE ( 'NONE', #1558, 2.450000000000021494 ) ;
#4456 = VERTEX_POINT ( 'NONE', #10290 ) ;
#4457 = EDGE_CURVE ( 'NONE', #8356, #6449, #11199, .T. ) ;
#4458 = FACE_OUTER_BOUND ( 'NONE', #8241, .T. ) ;
#4459 = DIRECTION ( 'NONE',  ( 0.7071067811865475727, 0.000000000000000000, 0.7071067811865475727 ) ) ;
#4460 = ADVANCED_FACE ( 'NONE', ( #2904 ), #29, .F. ) ;
#4461 = ORIENTED_EDGE ( 'NONE', *, *, #3465, .T. ) ;
#4462 = CARTESIAN_POINT ( 'NONE',  ( 138.3426713689570136, -144.2938885307320049, 109.0479886391220106 ) ) ;
#4463 = DIRECTION ( 'NONE',  ( 2.602085213964869829E-17, 1.000000000000000000, -1.526556658859589750E-16 ) ) ;
#4464 = B_SPLINE_SURFACE_WITH_KNOTS ( 'NONE', 3, 3, ( 
 ( #9069, #754, #4462, #10653 ),
 ( #3320, #7377, #814, #10951 ),
 ( #9183, #9128, #3731, #877 ),
 ( #10095, #8278, #6344, #4573 ),
 ( #2767, #11970, #10037, #1738 ) ),
 .UNSPECIFIED., .F., .F., .F.,
 ( 4, 1, 4 ),
 ( 4, 4 ),
 ( 0.1195361023232260067, 0.4500071356581010207, 0.8906351801046019645 ),
 ( 0.4944591871216950096, 0.9055845531275659166 ),
 .UNSPECIFIED. ) ;
#4465 = CARTESIAN_POINT ( 'NONE',  ( 164.2171132912669691, -136.4297640746490288, 81.50005036068620257 ) ) ;
#4466 = DIRECTION ( 'NONE',  ( -1.214306509787359922E-16, 1.000000000000000000, 6.573933234426810631E-15 ) ) ;
#4467 = VERTEX_POINT ( 'NONE', #5677 ) ;
#4468 = CARTESIAN_POINT ( 'NONE',  ( 132.5102147637133783, -139.0155507300202089, 70.29309614226079361 ) ) ;
#4469 = ORIENTED_EDGE ( 'NONE', *, *, #10469, .T. ) ;
#4470 = ORIENTED_EDGE ( 'NONE', *, *, #10302, .T. ) ;
#4471 = ORIENTED_EDGE ( 'NONE', *, *, #11022, .F. ) ;
#4472 = DIRECTION ( 'NONE',  ( 0.000000000000000000, 0.000000000000000000, 1.000000000000000000 ) ) ;
#4473 = DIRECTION ( 'NONE',  ( 0.000000000000000000, 0.000000000000000000, 1.000000000000000000 ) ) ;
#4474 = FACE_OUTER_BOUND ( 'NONE', #8933, .T. ) ;
#4475 = ADVANCED_FACE ( 'NONE', ( #9372 ), #4764, .F. ) ;
#4476 = ORIENTED_EDGE ( 'NONE', *, *, #535, .F. ) ;
#4477 = ORIENTED_EDGE ( 'NONE', *, *, #4579, .F. ) ;
#4478 = CARTESIAN_POINT ( 'NONE',  ( 161.2171133453899756, -119.4297640746489861, 68.99999991151629786 ) ) ;
#4479 = EDGE_LOOP ( 'NONE', ( #4310, #11778, #1246, #3205 ) ) ;
#4480 = LINE ( 'NONE', #8299, #2262 ) ;
#4481 = CARTESIAN_POINT ( 'NONE',  ( 135.1768364872669963, -145.4297640215119714, 112.2643259181420063 ) ) ;
#4482 = ORIENTED_EDGE ( 'NONE', *, *, #7183, .T. ) ;
#4483 = DIRECTION ( 'NONE',  ( -7.166576360129239776E-17, 1.074295325692399920E-17, 1.000000000000000000 ) ) ;
#4484 = VERTEX_POINT ( 'NONE', #7567 ) ;
#4485 = CARTESIAN_POINT ( 'NONE',  ( 121.2171133453899898, -124.4297640215114029, 62.75000000000000000 ) ) ;
#4486 = LINE ( 'NONE', #9099, #5644 ) ;
#4487 = CARTESIAN_POINT ( 'NONE',  ( 134.0620045627452441, -121.5775390220157703, 62.31321040190471905 ) ) ;
#4488 = VECTOR ( 'NONE', #8071, 1000.000000000000000 ) ;
#4489 = CARTESIAN_POINT ( 'NONE',  ( 160.4045934253212522, -138.3521072828668537, 69.47596306099427466 ) ) ;
#4490 = CARTESIAN_POINT ( 'NONE',  ( 130.7906897817409799, -142.9147909025400054, 62.75000000000000000 ) ) ;
#4491 = DIRECTION ( 'NONE',  ( -1.000000000000000000, 0.000000000000000000, 0.000000000000000000 ) ) ;
#4492 = EDGE_CURVE ( 'NONE', #11179, #3486, #11258, .T. ) ;
#4493 = VECTOR ( 'NONE', #3316, 1000.000000000000000 ) ;
#4494 = ADVANCED_FACE ( 'NONE', ( #11764 ), #5062, .F. ) ;
#4495 = EDGE_CURVE ( 'NONE', #3486, #10932, #10002, .T. ) ;
#4496 = DIRECTION ( 'NONE',  ( -1.000000000000000000, -1.428297808763890023E-14, 1.769190290007900252E-14 ) ) ;
#4497 = VERTEX_POINT ( 'NONE', #2050 ) ;
#4498 = CARTESIAN_POINT ( 'NONE',  ( 162.4813231355896619, -139.8082010516571643, 67.07242829380285798 ) ) ;
#4499 = DIRECTION ( 'NONE',  ( -0.7071067811865474617, 0.7071067811865474617, 5.849033469756016291E-25 ) ) ;
#4500 = FACE_OUTER_BOUND ( 'NONE', #8889, .T. ) ;
#4501 = VERTEX_POINT ( 'NONE', #5925 ) ;
#4502 = CARTESIAN_POINT ( 'NONE',  ( 162.9233690313130296, -141.1360191063800187, 68.99847168005020137 ) ) ;
#4503 = AXIS2_PLACEMENT_3D ( 'NONE', #6278, #11909, #11007 ) ;
#4504 = CARTESIAN_POINT ( 'NONE',  ( 133.5171131927750139, -148.0297640746490231, 102.0997837512840078 ) ) ;
#4505 = CARTESIAN_POINT ( 'NONE',  ( 138.9988306922097649, -140.5335377504622159, 105.8823132094643427 ) ) ;
#4506 = VERTEX_POINT ( 'NONE', #7800 ) ;
#4507 = CARTESIAN_POINT ( 'NONE',  ( 126.8043469377704042, -127.2079386145634459, 57.74999999999995737 ) ) ;
#4508 = ADVANCED_FACE ( 'NONE', ( #8772 ), #8716, .T. ) ;
#4509 = EDGE_LOOP ( 'NONE', ( #4649, #1204, #10463, #7153 ) ) ;
#4510 = ORIENTED_EDGE ( 'NONE', *, *, #2518, .T. ) ;
#4511 = AXIS2_PLACEMENT_3D ( 'NONE', #9449, #10363, #3938 ) ;
#4512 = CARTESIAN_POINT ( 'NONE',  ( 132.2171133453900040, -154.4297640215114882, 62.24960223581889807 ) ) ;
#4513 = CARTESIAN_POINT ( 'NONE',  ( 160.2171131927750025, -154.2297640746490117, 103.7997837512839965 ) ) ;
#4514 = VERTEX_POINT ( 'NONE', #7744 ) ;
#4515 = CARTESIAN_POINT ( 'NONE',  ( 138.0808703739280077, -144.2180896904359884, 110.3643259274530095 ) ) ;
#4516 = DIRECTION ( 'NONE',  ( 2.602085213964869829E-17, 1.000000000000000000, -1.526556658859589750E-16 ) ) ;
#4517 = CARTESIAN_POINT ( 'NONE',  ( 164.4465137642559682, -145.1691643926979793, 98.70661940462490236 ) ) ;
#4518 = LINE ( 'NONE', #5434, #10188 ) ;
#4519 = CARTESIAN_POINT ( 'NONE',  ( 125.4555982874535971, -120.4297680637882024, 53.38549640900549775 ) ) ;
#4520 = EDGE_LOOP ( 'NONE', ( #9793, #3872 ) ) ;
#4521 = DIRECTION ( 'NONE',  ( -0.9999999999999998890, 0.000000000000000000, -8.327311597843549196E-09 ) ) ;
#4522 = ADVANCED_FACE ( 'NONE', ( #5863 ), #3082, .T. ) ;
#4523 = CIRCLE ( 'NONE', #11102, 1.000000000000000888 ) ;
#4524 = ADVANCED_FACE ( 'NONE', ( #2234 ), #4886, .T. ) ;
#4525 = VERTEX_POINT ( 'NONE', #9561 ) ;
#4526 = VERTEX_POINT ( 'NONE', #1252 ) ;
#4527 = ORIENTED_EDGE ( 'NONE', *, *, #11049, .F. ) ;
#4528 = CARTESIAN_POINT ( 'NONE',  ( 161.9850541444506575, -122.5577616446549030, 57.92292690616205419 ) ) ;
#4529 = FACE_OUTER_BOUND ( 'NONE', #5355, .T. ) ;
#4530 = CARTESIAN_POINT ( 'NONE',  ( 123.9605599919992045, -148.4297640215245906, 54.70752731740250852 ) ) ;
#4531 = ORIENTED_EDGE ( 'NONE', *, *, #6179, .F. ) ;
#4532 = EDGE_LOOP ( 'NONE', ( #11291, #7745, #9299, #10791 ) ) ;
#4533 = VECTOR ( 'NONE', #4219, 1000.000000000000000 ) ;
#4534 = DIRECTION ( 'NONE',  ( -2.546950118497010238E-09, 4.333462626452490275E-16, -1.000000000000000000 ) ) ;
#4535 = EDGE_LOOP ( 'NONE', ( #11448, #5312, #3197, #6294 ) ) ;
#4536 = LINE ( 'NONE', #5568, #3423 ) ;
#4537 = CARTESIAN_POINT ( 'NONE',  ( 134.9242201265765857, -138.0155505122760076, 67.29289313032990094 ) ) ;
#4538 = EDGE_CURVE ( 'NONE', #114, #3789, #8624, .T. ) ;
#4539 = ORIENTED_EDGE ( 'NONE', *, *, #247, .T. ) ;
#4540 = AXIS2_PLACEMENT_3D ( 'NONE', #4981, #4913, #4790 ) ;
#4541 = CARTESIAN_POINT ( 'NONE',  ( 120.2171133453892082, -149.2641735625590229, 64.75000000000000000 ) ) ;
#4542 = CIRCLE ( 'NONE', #4725, 0.9999999999999964473 ) ;
#4543 = ORIENTED_EDGE ( 'NONE', *, *, #1966, .F. ) ;
#4544 = CARTESIAN_POINT ( 'NONE',  ( 138.7892202435220099, -144.5523119641324001, 110.6585198368747882 ) ) ;
#4545 = LINE ( 'NONE', #11880, #1395 ) ;
#4546 = DIRECTION ( 'NONE',  ( 0.7071067804202438856, 0.000000000000000000, -0.7071067819528512599 ) ) ;
#4547 = AXIS2_PLACEMENT_3D ( 'NONE', #2908, #5679, #10292 ) ;
#4548 = CARTESIAN_POINT ( 'NONE',  ( 163.1867387273269969, -133.4028689281082052, 51.11866876023839978 ) ) ;
#4549 = LINE ( 'NONE', #8373, #5919 ) ;
#4550 = ADVANCED_FACE ( 'NONE', ( #4162 ), #4102, .T. ) ;
#4551 = LINE ( 'NONE', #4439, #4798 ) ;
#4552 = AXIS2_PLACEMENT_3D ( 'NONE', #6330, #3601, #10022 ) ;
#4553 = CIRCLE ( 'NONE', #4942, 0.9999999999999964473 ) ;
#4554 = ORIENTED_EDGE ( 'NONE', *, *, #3312, .T. ) ;
#4555 = DIRECTION ( 'NONE',  ( 1.000000000000000000, 0.000000000000000000, 0.000000000000000000 ) ) ;
#4556 = ORIENTED_EDGE ( 'NONE', *, *, #5853, .T. ) ;
#4557 = ORIENTED_EDGE ( 'NONE', *, *, #2095, .F. ) ;
#4558 = CARTESIAN_POINT ( 'NONE',  ( 126.8043469377704042, -114.9297640215113887, 57.75000000000003553 ) ) ;
#4559 = LINE ( 'NONE', #8024, #9876 ) ;
#4560 = ADVANCED_FACE ( 'NONE', ( #4947 ), #3924, .F. ) ;
#4561 = CARTESIAN_POINT ( 'NONE',  ( 143.4201394235330156, -143.4297640215119714, 99.69100161576849928 ) ) ;
#4562 = CIRCLE ( 'NONE', #1471, 14.00000000000001243 ) ;
#4563 = VERTEX_POINT ( 'NONE', #9503 ) ;
#4564 = CARTESIAN_POINT ( 'NONE',  ( 122.7171133453900040, -151.9297640746490003, 95.85358149672950390 ) ) ;
#4565 = LINE ( 'NONE', #8268, #2849 ) ;
#4566 = ADVANCED_FACE ( 'NONE', ( #2113 ), #3202, .F. ) ;
#4567 = CARTESIAN_POINT ( 'NONE',  ( 174.2171133453904872, -154.4460613007630059, 43.75000000000059686 ) ) ;
#4568 = ORIENTED_EDGE ( 'NONE', *, *, #10276, .T. ) ;
#4569 = DIRECTION ( 'NONE',  ( -7.166576360129189239E-17, 0.000000000000000000, 1.000000000000000000 ) ) ;
#4570 = ORIENTED_EDGE ( 'NONE', *, *, #6089, .T. ) ;
#4571 = EDGE_LOOP ( 'NONE', ( #624, #10027, #1747, #164, #1473 ) ) ;
#4572 = DIRECTION ( 'NONE',  ( -1.000000000000000000, -9.644381700046598339E-17, 7.823253522622061261E-15 ) ) ;
#4573 = CARTESIAN_POINT ( 'NONE',  ( 135.1923751570570005, -141.9803269269650343, 110.4195373649889973 ) ) ;
#4574 = CARTESIAN_POINT ( 'NONE',  ( 161.9171131927750196, -148.0297640746490231, 102.0997837512840078 ) ) ;
#4575 = ADVANCED_FACE ( 'NONE', ( #11316, #6715 ), #7622, .T. ) ;
#4576 =( BOUNDED_CURVE ( )  B_SPLINE_CURVE ( 3, ( #11589, #1287, #4853, #422 ),
 .UNSPECIFIED., .F., .T. ) 
 B_SPLINE_CURVE_WITH_KNOTS ( ( 4, 4 ),
 ( 0.7835866637228170450, 0.7853981633974599363 ),
 .UNSPECIFIED. ) 
 CURVE ( )  GEOMETRIC_REPRESENTATION_ITEM ( )  RATIONAL_B_SPLINE_CURVE ( ( 1.000000000000000000, 0.9999997265390959678, 0.9999997265390959678, 1.000000000000000000 ) ) 
 REPRESENTATION_ITEM ( '' )  );
#4577 = FACE_OUTER_BOUND ( 'NONE', #8421, .T. ) ;
#4578 = CARTESIAN_POINT ( 'NONE',  ( 134.4606248479624355, -117.4297640215114029, 60.27765112427590566 ) ) ;
#4579 = EDGE_CURVE ( 'NONE', #5851, #6149, #9682, .T. ) ;
#4580 = ORIENTED_EDGE ( 'NONE', *, *, #7696, .T. ) ;
#4581 = VECTOR ( 'NONE', #500, 1000.000000000000000 ) ;
#4582 = CARTESIAN_POINT ( 'NONE',  ( 163.1867387273269969, -147.0393531173683925, 51.11866876023830031 ) ) ;
#4583 = ORIENTED_EDGE ( 'NONE', *, *, #1775, .F. ) ;
#4584 = ORIENTED_EDGE ( 'NONE', *, *, #12008, .F. ) ;
#4585 = ORIENTED_EDGE ( 'NONE', *, *, #10015, .F. ) ;
#4586 = CARTESIAN_POINT ( 'NONE',  ( 160.6602538742472177, -121.0778841502738175, 59.01393691396136632 ) ) ;
#4587 = DIRECTION ( 'NONE',  ( -0.7071067811865709984, 0.000000000000000000, -0.7071067811865240360 ) ) ;
#4588 = CYLINDRICAL_SURFACE ( 'NONE', #1001, 0.9999999999999964473 ) ;
#4589 = VERTEX_POINT ( 'NONE', #4043 ) ;
#4590 = VECTOR ( 'NONE', #3534, 1000.000000000000000 ) ;
#4591 = VERTEX_POINT ( 'NONE', #10409 ) ;
#4592 = EDGE_CURVE ( 'NONE', #895, #2226, #1192, .T. ) ;
#4593 = EDGE_CURVE ( 'NONE', #5236, #7947, #5888, .T. ) ;
#4594 = DIRECTION ( 'NONE',  ( -4.836409044766210230E-15, -1.000000000000000000, -6.573933234426810631E-15 ) ) ;
#4595 = ORIENTED_EDGE ( 'NONE', *, *, #5273, .T. ) ;
#4596 = CARTESIAN_POINT ( 'NONE',  ( 138.3384323457480036, -144.2932744292899940, 110.3980652144450119 ) ) ;
#4597 = DIRECTION ( 'NONE',  ( 1.000000000000000000, -4.557170478708180873E-15, -4.666241877321180938E-16 ) ) ;
#4598 = VERTEX_POINT ( 'NONE', #1495 ) ;
#4599 = CARTESIAN_POINT ( 'NONE',  ( 163.2171133453900040, -153.4297640746490003, 58.25000000000000000 ) ) ;
#4600 = ORIENTED_EDGE ( 'NONE', *, *, #11917, .F. ) ;
#4601 = CARTESIAN_POINT ( 'NONE',  ( 132.2474879634529827, -120.4297680637884156, 51.11866876023850637 ) ) ;
#4602 = CARTESIAN_POINT ( 'NONE',  ( 163.0488651259894937, -114.5646313534459892, 57.41995013618239341 ) ) ;
#4603 = ADVANCED_FACE ( 'NONE', ( #11854 ), #11735, .T. ) ;
#4604 = EDGE_CURVE ( 'NONE', #6113, #1533, #7079, .T. ) ;
#4605 = VECTOR ( 'NONE', #4139, 1000.000000000000000 ) ;
#4606 = LINE ( 'NONE', #11827, #4914 ) ;
#4607 = DIRECTION ( 'NONE',  ( 0.000000000000000000, 0.000000000000000000, -1.000000000000000000 ) ) ;
#4608 = CARTESIAN_POINT ( 'NONE',  ( 162.4717730058417544, -153.4251551422348427, 66.63460695224854646 ) ) ;
#4609 = CARTESIAN_POINT ( 'NONE',  ( 132.3771133453899722, -153.4297640746490003, 66.54898615365620174 ) ) ;
#4610 = VECTOR ( 'NONE', #9760, 1000.000000000000114 ) ;
#4611 = VECTOR ( 'NONE', #7778, 1000.000000000000000 ) ;
#4612 = AXIS2_PLACEMENT_3D ( 'NONE', #3779, #5594, #980 ) ;
#4613 = ORIENTED_EDGE ( 'NONE', *, *, #4245, .F. ) ;
#4614 = DIRECTION ( 'NONE',  ( 1.070962509852519958E-16, -1.526556658859589750E-16, -1.000000000000000000 ) ) ;
#4615 = ORIENTED_EDGE ( 'NONE', *, *, #5588, .F. ) ;
#4616 = ORIENTED_EDGE ( 'NONE', *, *, #10675, .F. ) ;
#4617 = CARTESIAN_POINT ( 'NONE',  ( 126.8043469377704042, -119.4297640215114171, 57.75000000000000000 ) ) ;
#4618 = AXIS2_PLACEMENT_3D ( 'NONE', #2597, #6234, #3624 ) ;
#4619 = DIRECTION ( 'NONE',  ( -1.387778780781444098E-14, -1.526556658859589750E-16, -1.000000000000000000 ) ) ;
#4620 = VECTOR ( 'NONE', #4483, 1000.000000000000000 ) ;
#4621 = ORIENTED_EDGE ( 'NONE', *, *, #5605, .T. ) ;
#4622 = CARTESIAN_POINT ( 'NONE',  ( 135.0148428017970161, -141.4296897726239877, 106.3643259126279901 ) ) ;
#4623 = PLANE ( 'NONE',  #5940 ) ;
#4624 = DIRECTION ( 'NONE',  ( -1.000000000000000000, 2.602085213965229747E-17, 2.357766133642020006E-14 ) ) ;
#4625 = VERTEX_POINT ( 'NONE', #10831 ) ;
#4626 = CARTESIAN_POINT ( 'NONE',  ( 155.4671133340039830, -119.4297640746489861, 80.50005035146739374 ) ) ;
#4627 = ORIENTED_EDGE ( 'NONE', *, *, #1862, .T. ) ;
#4628 = EDGE_CURVE ( 'NONE', #9721, #6331, #5910, .T. ) ;
#4629 = AXIS2_PLACEMENT_3D ( 'NONE', #6585, #1856, #6702 ) ;
#4630 = CARTESIAN_POINT ( 'NONE',  ( 165.6545526666312185, -143.6227117572542795, 51.13534865116191241 ) ) ;
#4631 = ORIENTED_EDGE ( 'NONE', *, *, #8366, .F. ) ;
#4632 = PLANE ( 'NONE',  #11338 ) ;
#4633 = CARTESIAN_POINT ( 'NONE',  ( 132.4310176357249986, -141.2160726720400135, 67.83489290210189893 ) ) ;
#4634 = DIRECTION ( 'NONE',  ( 0.7071067811865470176, 0.7071067811865480168, 8.659560503864239534E-17 ) ) ;
#4635 = DIRECTION ( 'NONE',  ( 3.480590576041360211E-15, 1.000000000000000000, 0.000000000000000000 ) ) ;
#4636 = CARTESIAN_POINT ( 'NONE',  ( 163.2171133453900040, -119.4297640746489861, 81.50005035713229518 ) ) ;
#4637 = LINE ( 'NONE', #18, #3849 ) ;
#4638 = ORIENTED_EDGE ( 'NONE', *, *, #11621, .T. ) ;
#4639 = DIRECTION ( 'NONE',  ( -1.000000000000000000, 5.947210316807140508E-15, 1.177071316573370074E-14 ) ) ;
#4640 = ORIENTED_EDGE ( 'NONE', *, *, #7385, .F. ) ;
#4641 = EDGE_CURVE ( 'NONE', #5654, #9504, #5902, .T. ) ;
#4642 = ORIENTED_EDGE ( 'NONE', *, *, #10645, .F. ) ;
#4643 = ORIENTED_EDGE ( 'NONE', *, *, #11763, .F. ) ;
#4644 = CARTESIAN_POINT ( 'NONE',  ( 136.7171133453900040, -138.8513368967660142, 80.50005035713219570 ) ) ;
#4645 = FACE_OUTER_BOUND ( 'NONE', #3603, .T. ) ;
#4646 = CARTESIAN_POINT ( 'NONE',  ( 130.2171133453899756, -144.0488782002693995, 57.98985306244370719 ) ) ;
#4647 = EDGE_CURVE ( 'NONE', #220, #3814, #7978, .T. ) ;
#4648 = AXIS2_PLACEMENT_3D ( 'NONE', #173, #11275, #1827 ) ;
#4649 = ORIENTED_EDGE ( 'NONE', *, *, #3672, .F. ) ;
#4650 = EDGE_CURVE ( 'NONE', #5382, #390, #4553, .T. ) ;
#4651 =( BOUNDED_CURVE ( )  B_SPLINE_CURVE ( 3, ( #2473, #1553, #11553, #2351 ),
 .UNSPECIFIED., .F., .T. ) 
 B_SPLINE_CURVE_WITH_KNOTS ( ( 4, 4 ),
 ( 0.9332950502743140309, 1.564037455445220104 ),
 .UNSPECIFIED. ) 
 CURVE ( )  GEOMETRIC_REPRESENTATION_ITEM ( )  RATIONAL_B_SPLINE_CURVE ( ( 1.000000000000000000, 0.9671208724905309140, 0.9671208724905309140, 1.000000000000000000 ) ) 
 REPRESENTATION_ITEM ( '' )  );
#4652 = CARTESIAN_POINT ( 'NONE',  ( 160.2422409075530254, -145.4046399309106050, 52.05484601354490337 ) ) ;
#4653 = ORIENTED_EDGE ( 'NONE', *, *, #2218, .F. ) ;
#4654 = CARTESIAN_POINT ( 'NONE',  ( 139.0722501612106328, -145.0222082872122371, 105.6107563695919396 ) ) ;
#4655 = VERTEX_POINT ( 'NONE', #8162 ) ;
#4656 = CARTESIAN_POINT ( 'NONE',  ( 132.2171133453900040, -136.4378403070739978, 99.26432591814179318 ) ) ;
#4657 = CARTESIAN_POINT ( 'NONE',  ( 164.2171133453900040, -119.4297640746489861, 102.7500000000329976 ) ) ;
#4658 = B_SPLINE_SURFACE_WITH_KNOTS ( 'NONE', 3, 3, ( 
 ( #5886, #4251, #7946, #7042 ),
 ( #10730, #4308, #11402, #10491 ),
 ( #2559, #10064, #6193, #6433 ),
 ( #4425, #10914, #6251, #7167 ),
 ( #1704, #8068, #5452, #8127 ) ),
 .UNSPECIFIED., .F., .F., .F.,
 ( 4, 1, 4 ),
 ( 4, 4 ),
 ( 0.000000000000000000, 0.5000000000000000000, 1.000000000000000000 ),
 ( -0.09984318163540539803, 0.5001568193598699974 ),
 .UNSPECIFIED. ) ;
#4659 = ORIENTED_EDGE ( 'NONE', *, *, #7599, .F. ) ;
#4660 = CARTESIAN_POINT ( 'NONE',  ( 162.2171133453900040, -119.4297640746489861, 66.99999991151629786 ) ) ;
#4661 = EDGE_CURVE ( 'NONE', #1505, #5996, #373, .T. ) ;
#4662 = ORIENTED_EDGE ( 'NONE', *, *, #8976, .F. ) ;
#4663 = CARTESIAN_POINT ( 'NONE',  ( 138.4982405302843063, -144.3352682148334054, 110.4406636117773388 ) ) ;
#4664 = CARTESIAN_POINT ( 'NONE',  ( 139.0769737309300069, -153.4297640215119714, 112.4405461112039859 ) ) ;
#4665 = LINE ( 'NONE', #3763, #2996 ) ;
#4666 = DIRECTION ( 'NONE',  ( -2.602085213964879690E-17, -1.000000000000000000, 1.150608946447910180E-15 ) ) ;
#4667 = CARTESIAN_POINT ( 'NONE',  ( 134.8396709919759360, -140.9655100597527166, 106.2615340354118558 ) ) ;
#4668 = CARTESIAN_POINT ( 'NONE',  ( 138.8084291191469788, -140.7239393235249736, 106.0727124621350157 ) ) ;
#4669 = ADVANCED_FACE ( 'NONE', ( #9860 ), #4223, .F. ) ;
#4670 = EDGE_CURVE ( 'NONE', #7945, #1007, #8821, .T. ) ;
#4671 = DIRECTION ( 'NONE',  ( -2.602085213964869829E-17, -1.000000000000000000, 1.526556658859589750E-16 ) ) ;
#4672 = CIRCLE ( 'NONE', #11457, 2.450000000000007727 ) ;
#4673 = ORIENTED_EDGE ( 'NONE', *, *, #5688, .T. ) ;
#4674 = DIRECTION ( 'NONE',  ( 0.000000000000000000, -7.116814260417668513E-15, 1.000000000000000000 ) ) ;
#4675 = FACE_OUTER_BOUND ( 'NONE', #1894, .T. ) ;
#4676 = VERTEX_POINT ( 'NONE', #631 ) ;
#4677 = LINE ( 'NONE', #10264, #9284 ) ;
#4678 = CYLINDRICAL_SURFACE ( 'NONE', #3635, 4.999999999999998224 ) ;
#4679 = LINE ( 'NONE', #10146, #10241 ) ;
#4680 = ORIENTED_EDGE ( 'NONE', *, *, #2812, .F. ) ;
#4681 = CARTESIAN_POINT ( 'NONE',  ( 172.0526777491759560, -141.5651031800581450, 114.3304048858544206 ) ) ;
#4682 = VECTOR ( 'NONE', #1190, 1000.000000000000000 ) ;
#4683 = ADVANCED_FACE ( 'NONE', ( #8100 ), #2538, .F. ) ;
#4684 = ORIENTED_EDGE ( 'NONE', *, *, #283, .F. ) ;
#4685 = DIRECTION ( 'NONE',  ( 1.734923811392220086E-15, 1.000000000000000000, 1.734923811392220086E-15 ) ) ;
#4686 = VERTEX_POINT ( 'NONE', #1677 ) ;
#4687 = FACE_OUTER_BOUND ( 'NONE', #2585, .T. ) ;
#4688 = CARTESIAN_POINT ( 'NONE',  ( 134.2511192924506247, -140.4790545290945829, 111.0540094913451128 ) ) ;
#4689 = DIRECTION ( 'NONE',  ( -3.160768215787150073E-15, -1.000000000000000000, 1.526556658859589750E-16 ) ) ;
#4690 = CARTESIAN_POINT ( 'NONE',  ( 126.8043469377704042, -114.9297640215113887, 55.80000000000003979 ) ) ;
#4691 = DIRECTION ( 'NONE',  ( 2.590556446196890316E-16, -0.7071067811865520136, 0.7071067811865431318 ) ) ;
#4692 = CARTESIAN_POINT ( 'NONE',  ( 132.2171133534549767, -142.4297640746490003, 81.50005035146759269 ) ) ;
#4693 = ORIENTED_EDGE ( 'NONE', *, *, #7400, .T. ) ;
#4694 = CARTESIAN_POINT ( 'NONE',  ( 136.9671132267069993, -149.8297640215160129, 102.7500000000349871 ) ) ;
#4695 = ORIENTED_EDGE ( 'NONE', *, *, #6573, .T. ) ;
#4696 = AXIS2_PLACEMENT_3D ( 'NONE', #1019, #3818, #7520 ) ;
#4697 = ORIENTED_EDGE ( 'NONE', *, *, #4722, .T. ) ;
#4698 = VERTEX_POINT ( 'NONE', #1614 ) ;
#4699 = CARTESIAN_POINT ( 'NONE',  ( 160.4739092272692176, -120.8407593554433390, 59.42070856675279344 ) ) ;
#4700 = DIRECTION ( 'NONE',  ( 1.070962509852519958E-16, -1.526556658859589750E-16, -1.000000000000000000 ) ) ;
#4701 = CARTESIAN_POINT ( 'NONE',  ( 130.2171133453899756, -144.0488782002692858, 56.00640280175944241 ) ) ;
#4702 = ORIENTED_EDGE ( 'NONE', *, *, #686, .F. ) ;
#4703 = CARTESIAN_POINT ( 'NONE',  ( 132.9483147851870513, -139.8219473886103401, 67.07506966557707528 ) ) ;
#4704 = ORIENTED_EDGE ( 'NONE', *, *, #7697, .F. ) ;
#4705 = CARTESIAN_POINT ( 'NONE',  ( 130.5236605550176137, -148.9311693011330249, 50.28473389846747921 ) ) ;
#4706 = ADVANCED_FACE ( 'NONE', ( #9010 ), #11798, .F. ) ;
#4707 = ORIENTED_EDGE ( 'NONE', *, *, #10153, .F. ) ;
#4708 = CARTESIAN_POINT ( 'NONE',  ( 132.2171133453900040, -119.4297640746489861, 62.75000000000077449 ) ) ;
#4709 = DIRECTION ( 'NONE',  ( -2.602085213964869829E-17, -1.000000000000000000, 1.526556658859589750E-16 ) ) ;
#4710 = DIRECTION ( 'NONE',  ( -4.727417165305189624E-14, -6.709576272139020344E-15, 1.000000000000000000 ) ) ;
#4711 = EDGE_CURVE ( 'NONE', #8930, #6449, #7016, .T. ) ;
#4712 = VERTEX_POINT ( 'NONE', #10889 ) ;
#4713 = ADVANCED_FACE ( 'NONE', ( #2591 ), #4464, .T. ) ;
#4714 = FACE_BOUND ( 'NONE', #11383, .T. ) ;
#4715 =( BOUNDED_CURVE ( )  B_SPLINE_CURVE ( 3, ( #4108, #4770, #10416, #10536 ),
 .UNSPECIFIED., .F., .F. ) 
 B_SPLINE_CURVE_WITH_KNOTS ( ( 4, 4 ),
 ( 1.567173327445919861, 1.570796326794895004 ),
 .UNSPECIFIED. ) 
 CURVE ( )  GEOMETRIC_REPRESENTATION_ITEM ( )  RATIONAL_B_SPLINE_CURVE ( ( 1.000000000000000000, 0.9999989061566089132, 0.9999989061566089132, 1.000000000000000000 ) ) 
 REPRESENTATION_ITEM ( '' )  );
#4716 = EDGE_LOOP ( 'NONE', ( #5876, #9819, #8324, #572 ) ) ;
#4717 = AXIS2_PLACEMENT_3D ( 'NONE', #1691, #7932, #2490 ) ;
#4718 = CARTESIAN_POINT ( 'NONE',  ( 126.8043469377704042, -114.9297640215113887, 55.80000000000003979 ) ) ;
#4719 = DIRECTION ( 'NONE',  ( 1.000000000000000000, 3.428369215472770156E-10, 5.994250185812639955E-25 ) ) ;
#4720 = DIRECTION ( 'NONE',  ( -1.000000000000000000, -1.052649931371699880E-12, 2.756002834872144992E-14 ) ) ;
#4721 = CARTESIAN_POINT ( 'NONE',  ( 124.2171133453900040, -153.4297640746490003, 100.7500000000290044 ) ) ;
#4722 = EDGE_CURVE ( 'NONE', #10023, #5793, #5547, .T. ) ;
#4723 = LINE ( 'NONE', #2923, #7099 ) ;
#4724 = AXIS2_PLACEMENT_3D ( 'NONE', #11527, #8073, #2445 ) ;
#4725 = AXIS2_PLACEMENT_3D ( 'NONE', #7957, #3361, #7058 ) ;
#4726 = CARTESIAN_POINT ( 'NONE',  ( 161.2171133453899756, -138.0155505122760076, 68.99999991151629786 ) ) ;
#4727 = AXIS2_PLACEMENT_3D ( 'NONE', #1948, #8490, #1272 ) ;
#4728 = DIRECTION ( 'NONE',  ( 0.7071067819528303877, 0.000000000000000000, 0.7071067804202646467 ) ) ;
#4729 = CIRCLE ( 'NONE', #8813, 1.700000000000007061 ) ;
#4730 = CARTESIAN_POINT ( 'NONE',  ( 162.1615354400554736, -114.6964651972126035, 54.47584747592299692 ) ) ;
#4731 = VERTEX_POINT ( 'NONE', #11066 ) ;
#4732 = FACE_OUTER_BOUND ( 'NONE', #11431, .T. ) ;
#4733 = EDGE_CURVE ( 'NONE', #3285, #4979, #4747, .T. ) ;
#4734 = ADVANCED_FACE ( 'NONE', ( #5429 ), #6465, .F. ) ;
#4735 = PLANE ( 'NONE',  #2820 ) ;
#4736 = DIRECTION ( 'NONE',  ( 1.177071316573370074E-14, 2.327875581410159747E-16, 1.000000000000000000 ) ) ;
#4737 = CARTESIAN_POINT ( 'NONE',  ( 133.6669467408600269, -153.4297640746490003, 83.34999974667989875 ) ) ;
#4738 = LINE ( 'NONE', #10266, #10040 ) ;
#4739 = ORIENTED_EDGE ( 'NONE', *, *, #6482, .F. ) ;
#4740 = CIRCLE ( 'NONE', #9784, 1.000000000000000888 ) ;
#4741 = CARTESIAN_POINT ( 'NONE',  ( 138.0808663299520163, -141.4297640215119998, 110.3643259181410059 ) ) ;
#4742 = ORIENTED_EDGE ( 'NONE', *, *, #8438, .F. ) ;
#4743 = FACE_OUTER_BOUND ( 'NONE', #9265, .T. ) ;
#4744 = CARTESIAN_POINT ( 'NONE',  ( 163.2171133453904872, -114.4297640215112040, 62.75000000000080291 ) ) ;
#4745 = ORIENTED_EDGE ( 'NONE', *, *, #3887, .F. ) ;
#4746 = VECTOR ( 'NONE', #11590, 999.9999999999998863 ) ;
#4747 = LINE ( 'NONE', #7491, #6083 ) ;
#4748 = CARTESIAN_POINT ( 'NONE',  ( 134.1805066037708514, -140.4584754149003345, 111.1245150949834510 ) ) ;
#4749 = EDGE_CURVE ( 'NONE', #11269, #9628, #5457, .T. ) ;
#4750 = LINE ( 'NONE', #76, #8040 ) ;
#4751 = CARTESIAN_POINT ( 'NONE',  ( 165.2171133453904872, -134.8245525410657990, 57.98985306244379956 ) ) ;
#4752 = CARTESIAN_POINT ( 'NONE',  ( 131.8370611282776110, -154.4297640215114882, 49.93727809041600096 ) ) ;
#4753 = DIRECTION ( 'NONE',  ( 0.000000000000000000, 3.559510282398065345E-16, -1.000000000000000000 ) ) ;
#4754 = ORIENTED_EDGE ( 'NONE', *, *, #8757, .T. ) ;
#4755 = CARTESIAN_POINT ( 'NONE',  ( 162.5348491462128493, -139.9687649262108096, 69.89626168081964863 ) ) ;
#4756 = VERTEX_POINT ( 'NONE', #5488 ) ;
#4757 = AXIS2_PLACEMENT_3D ( 'NONE', #3875, #8721, #2118 ) ;
#4758 = ORIENTED_EDGE ( 'NONE', *, *, #623, .T. ) ;
#4759 = ORIENTED_EDGE ( 'NONE', *, *, #2053, .T. ) ;
#4760 = DIRECTION ( 'NONE',  ( -0.4001450253381057531, 5.551115123125785069E-15, -0.9164518310839727677 ) ) ;
#4761 = CARTESIAN_POINT ( 'NONE',  ( 159.6669467343539850, -153.4297640746490003, 70.44999974667979359 ) ) ;
#4762 = DIRECTION ( 'NONE',  ( -0.9238795325112774126, 0.3826834323651122638, 0.000000000000000000 ) ) ;
#4763 = VERTEX_POINT ( 'NONE', #9242 ) ;
#4764 = CYLINDRICAL_SURFACE ( 'NONE', #2236, 14.00000000000001243 ) ;
#4765 = ORIENTED_EDGE ( 'NONE', *, *, #2040, .T. ) ;
#4766 = CARTESIAN_POINT ( 'NONE',  ( 124.8535436232114932, -149.0309267006944083, 52.74176868850346978 ) ) ;
#4767 = VECTOR ( 'NONE', #1179, 1000.000000000000000 ) ;
#4768 = CARTESIAN_POINT ( 'NONE',  ( 134.2171133453900040, -153.4297640746490003, 103.6640621592560052 ) ) ;
#4769 = DIRECTION ( 'NONE',  ( -2.334670139474400226E-15, 2.327875578288740190E-16, 1.000000000000000000 ) ) ;
#4770 = CARTESIAN_POINT ( 'NONE',  ( 139.1026022334725099, -140.4297662091992720, 105.3667412503797465 ) ) ;
#4771 = VERTEX_POINT ( 'NONE', #6411 ) ;
#4772 = CYLINDRICAL_SURFACE ( 'NONE', #1345, 11.54238125198780729 ) ;
#4773 = AXIS2_PLACEMENT_3D ( 'NONE', #5712, #4795, #1101 ) ;
#4774 = VERTEX_POINT ( 'NONE', #8457 ) ;
#4775 = ADVANCED_FACE ( 'NONE', ( #935 ), #4632, .T. ) ;
#4776 = FACE_OUTER_BOUND ( 'NONE', #9097, .T. ) ;
#4777 = CARTESIAN_POINT ( 'NONE',  ( 135.1768364872669963, -140.4297640215119998, 114.2143259181419950 ) ) ;
#4778 = DIRECTION ( 'NONE',  ( 1.214306500432499789E-16, -1.000000000000000000, -6.573933234426810631E-15 ) ) ;
#4779 = DIRECTION ( 'NONE',  ( 0.000000000000000000, 1.000000000000000000, -1.526556658859589750E-16 ) ) ;
#4780 = CARTESIAN_POINT ( 'NONE',  ( 134.2171133453900040, -138.0155505122760076, 68.99999991151649681 ) ) ;
#4781 = CIRCLE ( 'NONE', #2488, 1.450000000000006839 ) ;
#4782 = DIRECTION ( 'NONE',  ( -9.644381700046828834E-17, 1.000000000000000000, -2.327875578288750051E-16 ) ) ;
#4783 = ORIENTED_EDGE ( 'NONE', *, *, #7123, .F. ) ;
#4784 = EDGE_CURVE ( 'NONE', #10195, #9754, #5528, .T. ) ;
#4785 = LINE ( 'NONE', #7256, #1216 ) ;
#4786 = CARTESIAN_POINT ( 'NONE',  ( 161.2171133453899756, -138.0155505122760076, 67.99999991151629786 ) ) ;
#4787 = ADVANCED_FACE ( 'NONE', ( #4687 ), #8397, .F. ) ;
#4788 = ORIENTED_EDGE ( 'NONE', *, *, #2299, .F. ) ;
#4789 = EDGE_CURVE ( 'NONE', #9203, #10193, #1655, .T. ) ;
#4790 = DIRECTION ( 'NONE',  ( -0.9238795325112912904, 0.3826834323650787906, 0.000000000000000000 ) ) ;
#4791 = B_SPLINE_CURVE_WITH_KNOTS ( 'NONE', 3,
 ( #6030, #1417, #10455, #7900 ),
 .UNSPECIFIED., .F., .F.,
 ( 4, 4 ),
 ( 0.000000000000000000, 1.000000000000000000 ),
 .UNSPECIFIED. ) ;
#4792 = CARTESIAN_POINT ( 'NONE',  ( 162.2171133453900040, -134.4297640746490288, 81.50005035146720900 ) ) ;
#4793 = ORIENTED_EDGE ( 'NONE', *, *, #6807, .T. ) ;
#4794 = CARTESIAN_POINT ( 'NONE',  ( 160.5100065642029961, -138.7226572934619639, 68.99999991151629786 ) ) ;
#4795 = DIRECTION ( 'NONE',  ( 0.000000000000000000, 1.000000000000000000, 6.217248937900871104E-15 ) ) ;
#4796 = VECTOR ( 'NONE', #4709, 1000.000000000000000 ) ;
#4797 = SPHERICAL_SURFACE ( 'NONE', #4612, 1.000000000000000000 ) ;
#4798 = VECTOR ( 'NONE', #9160, 1000.000000000000000 ) ;
#4799 = SURFACE_STYLE_USAGE ( .BOTH. , #9478 ) ;
#4800 = ORIENTED_EDGE ( 'NONE', *, *, #899, .T. ) ;
#4801 = ADVANCED_FACE ( 'NONE', ( #7258 ), #2885, .T. ) ;
#4802 = AXIS2_PLACEMENT_3D ( 'NONE', #5650, #1902, #8510 ) ;
#4803 = EDGE_CURVE ( 'NONE', #2287, #3073, #11914, .T. ) ;
#4804 = CARTESIAN_POINT ( 'NONE',  ( 160.7618845993870593, -120.9697841276735630, 61.69231243793736041 ) ) ;
#4805 = ORIENTED_EDGE ( 'NONE', *, *, #2530, .F. ) ;
#4806 = VECTOR ( 'NONE', #2481, 1000.000000000000000 ) ;
#4807 = DIRECTION ( 'NONE',  ( -1.666513209668970211E-24, 1.000000000000000000, 0.000000000000000000 ) ) ;
#4808 = CARTESIAN_POINT ( 'NONE',  ( 138.9500043627774062, -144.7422067719859911, 110.8486056437764944 ) ) ;
#4809 = CARTESIAN_POINT ( 'NONE',  ( 135.2171131927750309, -148.2297640746490117, 103.7997837512839965 ) ) ;
#4810 = DIRECTION ( 'NONE',  ( 4.727417165305209819E-14, 4.052677489049489696E-14, -1.000000000000000000 ) ) ;
#4811 = LINE ( 'NONE', #200, #5553 ) ;
#4812 = LINE ( 'NONE', #5726, #11593 ) ;
#4813 = VERTEX_POINT ( 'NONE', #1110 ) ;
#4814 = CARTESIAN_POINT ( 'NONE',  ( 131.2171133453900040, -119.4297640746489861, 102.7500000000329976 ) ) ;
#4815 = ORIENTED_EDGE ( 'NONE', *, *, #6612, .T. ) ;
#4816 = VECTOR ( 'NONE', #11692, 1000.000000000000000 ) ;
#4817 = EDGE_CURVE ( 'NONE', #10539, #1820, #251, .T. ) ;
#4818 = VERTEX_POINT ( 'NONE', #2157 ) ;
#4819 = EDGE_CURVE ( 'NONE', #776, #10381, #6309, .T. ) ;
#4820 = ORIENTED_EDGE ( 'NONE', *, *, #1518, .F. ) ;
#4821 = CARTESIAN_POINT ( 'NONE',  ( 134.5414311498792017, -121.3560335131249985, 58.68743187465045708 ) ) ;
#4822 = LINE ( 'NONE', #7619, #6255 ) ;
#4823 = DIRECTION ( 'NONE',  ( -1.214306495755059738E-16, 1.000000000000000000, 6.573933234426810631E-15 ) ) ;
#4824 = ORIENTED_EDGE ( 'NONE', *, *, #1672, .T. ) ;
#4825 = CARTESIAN_POINT ( 'NONE',  ( 132.7171133453900040, -134.9297640746490288, 70.99999991151649681 ) ) ;
#4826 = ORIENTED_EDGE ( 'NONE', *, *, #9262, .F. ) ;
#4827 = VECTOR ( 'NONE', #2421, 1000.000000000000000 ) ;
#4828 = CARTESIAN_POINT ( 'NONE',  ( 138.9718515397022713, -144.7520142136384607, 105.8791653172954739 ) ) ;
#4829 = ORIENTED_EDGE ( 'NONE', *, *, #1862, .F. ) ;
#4830 = CARTESIAN_POINT ( 'NONE',  ( 132.2171133453900040, -141.6513018934749937, 69.89581016746400621 ) ) ;
#4831 = DIRECTION ( 'NONE',  ( 0.7071067811865592301, 0.000000000000000000, -0.7071067811865356934 ) ) ;
#4832 = CARTESIAN_POINT ( 'NONE',  ( 132.2171133453900040, -114.4297640215114029, 62.75000000000080291 ) ) ;
#4833 = ORIENTED_EDGE ( 'NONE', *, *, #4949, .T. ) ;
#4834 = DIRECTION ( 'NONE',  ( -3.480590576041360211E-15, -1.000000000000000000, 1.074295325692379890E-17 ) ) ;
#4835 = ORIENTED_EDGE ( 'NONE', *, *, #1986, .T. ) ;
#4836 = ADVANCED_FACE ( 'NONE', ( #3185 ), #9485, .F. ) ;
#4837 = VECTOR ( 'NONE', #5895, 1000.000000000000000 ) ;
#4838 = ORIENTED_EDGE ( 'NONE', *, *, #2662, .F. ) ;
#4839 = PLANE ( 'NONE',  #1623 ) ;
#4840 = B_SPLINE_CURVE_WITH_KNOTS ( 'NONE', 3,
 ( #273, #7451, #11261, #4654, #2963, #10349, #2052, #5739, #5624, #1132, #7686, #4828, #7625, #8357 ),
 .UNSPECIFIED., .F., .F.,
 ( 4, 2, 2, 1, 1, 2, 2, 4 ),
 ( 0.000000000000000000, 0.2499999999994536592, 0.3749999999991804889, 0.4374999999990142330, 0.4687499999989352406, 0.4843749999989439559, 0.4999999999989526156, 1.000000000000000000 ),
 .UNSPECIFIED. ) ;
#4841 = CARTESIAN_POINT ( 'NONE',  ( 163.7685916021929984, -114.4297640215112040, 50.66271862838299711 ) ) ;
#4842 = DIRECTION ( 'NONE',  ( 0.000000000000000000, -1.000000000000000000, 1.526556658859589750E-16 ) ) ;
#4843 = DIRECTION ( 'NONE',  ( -1.053010651935525030E-12, 0.9996572032854807999, -0.02618159505169630544 ) ) ;
#4844 = DIRECTION ( 'NONE',  ( -1.000000000000000000, 3.160768215787150073E-15, 8.821935677471621045E-15 ) ) ;
#4845 = EDGE_LOOP ( 'NONE', ( #8118, #2709, #11863, #8327, #3671, #3538, #2477, #1567, #7870, #10715, #5727, #7041, #7163, #4759 ) ) ;
#4846 = CARTESIAN_POINT ( 'NONE',  ( 132.7943122313689912, -153.3473727988535131, 66.96811484820980809 ) ) ;
#4847 = LINE ( 'NONE', #113, #1718 ) ;
#4848 = ADVANCED_FACE ( 'NONE', ( #5846 ), #3904, .T. ) ;
#4849 = ORIENTED_EDGE ( 'NONE', *, *, #10370, .T. ) ;
#4850 = CARTESIAN_POINT ( 'NONE',  ( 169.9786284033270078, -137.4261365246752007, 53.38549640900540538 ) ) ;
#4851 = VERTEX_POINT ( 'NONE', #9417 ) ;
#4852 = DIRECTION ( 'NONE',  ( -1.000000000000000000, -2.613415509273755045E-19, -3.795365069985939951E-10 ) ) ;
#4853 = CARTESIAN_POINT ( 'NONE',  ( 138.7884000857649482, -140.7222302656988973, 110.6576461115809309 ) ) ;
#4854 = DIRECTION ( 'NONE',  ( 1.000000000000000000, 0.000000000000000000, -1.387778780781444413E-14 ) ) ;
#4855 = EDGE_CURVE ( 'NONE', #7389, #11627, #195, .T. ) ;
#4856 = CARTESIAN_POINT ( 'NONE',  ( 126.8043469377704042, -114.9297640215113887, 57.75000000000003553 ) ) ;
#4857 = CARTESIAN_POINT ( 'NONE',  ( 158.7171133453899756, -138.8513368967660142, 80.50005035391500030 ) ) ;
#4858 = FACE_OUTER_BOUND ( 'NONE', #11869, .T. ) ;
#4859 = CARTESIAN_POINT ( 'NONE',  ( 167.1477910941036953, -139.8021477359550886, 117.6643259354419655 ) ) ;
#4860 = EDGE_CURVE ( 'NONE', #220, #9624, #1298, .T. ) ;
#4861 = ORIENTED_EDGE ( 'NONE', *, *, #7825, .F. ) ;
#4862 = EDGE_CURVE ( 'NONE', #8907, #8007, #849, .T. ) ;
#4863 = VECTOR ( 'NONE', #6437, 1000.000000000000000 ) ;
#4864 = CYLINDRICAL_SURFACE ( 'NONE', #4153, 0.9999999999999964473 ) ;
#4865 = FACE_OUTER_BOUND ( 'NONE', #1814, .T. ) ;
#4866 = ORIENTED_EDGE ( 'NONE', *, *, #8706, .F. ) ;
#4867 = FACE_OUTER_BOUND ( 'NONE', #5866, .T. ) ;
#4868 = LINE ( 'NONE', #3792, #11219 ) ;
#4869 = CYLINDRICAL_SURFACE ( 'NONE', #488, 4.999999999999998224 ) ;
#4870 = ORIENTED_CLOSED_SHELL ( 'NONE', *, #9283, .F. );
#4871 = EDGE_CURVE ( 'NONE', #6742, #975, #7633, .T. ) ;
#4872 = CARTESIAN_POINT ( 'NONE',  ( 135.9671132267079940, -149.8297648895429859, 100.7500000000290044 ) ) ;
#4873 = CIRCLE ( 'NONE', #4111, 1.950000000000007283 ) ;
#4874 = CARTESIAN_POINT ( 'NONE',  ( 158.5834021859320160, -140.4297640215119998, 104.5909950527140069 ) ) ;
#4875 = CARTESIAN_POINT ( 'NONE',  ( 147.6669467408599985, -154.2297640746490117, 83.34999974667989875 ) ) ;
#4876 = ORIENTED_EDGE ( 'NONE', *, *, #2258, .T. ) ;
#4877 = CARTESIAN_POINT ( 'NONE',  ( 126.8043469377704042, -114.4297640215113887, 57.75000000000003553 ) ) ;
#4878 = VERTEX_POINT ( 'NONE', #3063 ) ;
#4879 = EDGE_LOOP ( 'NONE', ( #8240, #9127, #4861 ) ) ;
#4880 = ORIENTED_EDGE ( 'NONE', *, *, #9944, .F. ) ;
#4881 = VECTOR ( 'NONE', #1554, 1000.000000000000114 ) ;
#4882 = LINE ( 'NONE', #6834, #2803 ) ;
#4883 = LINE ( 'NONE', #8593, #235 ) ;
#4884 = CARTESIAN_POINT ( 'NONE',  ( 170.2171132998449821, -154.4297640746490003, 101.7500000000339924 ) ) ;
#4885 = ORIENTED_EDGE ( 'NONE', *, *, #10956, .F. ) ;
#4886 = CYLINDRICAL_SURFACE ( 'NONE', #8236, 0.5899999999999873124 ) ;
#4887 = VERTEX_POINT ( 'NONE', #8639 ) ;
#4888 = FACE_OUTER_BOUND ( 'NONE', #11791, .T. ) ;
#4889 = EDGE_CURVE ( 'NONE', #10651, #8344, #4989, .T. ) ;
#4890 = ORIENTED_EDGE ( 'NONE', *, *, #8963, .T. ) ;
#4891 = EDGE_CURVE ( 'NONE', #5453, #3042, #375, .T. ) ;
#4892 = CARTESIAN_POINT ( 'NONE',  ( 161.2171133453899756, -138.0155505122760076, 67.99999991151629786 ) ) ;
#4893 = CARTESIAN_POINT ( 'NONE',  ( 154.6834021859320103, -153.4297640215119714, 112.4405461112039859 ) ) ;
#4894 = CARTESIAN_POINT ( 'NONE',  ( 135.0144879047719826, -141.4296898152430231, 110.3643259236470016 ) ) ;
#4895 = ORIENTED_EDGE ( 'NONE', *, *, #2280, .F. ) ;
#4896 = DIRECTION ( 'NONE',  ( -3.415323235554928680E-10, 0.9961946980917455452, -0.08715574274765774954 ) ) ;
#4897 = VERTEX_POINT ( 'NONE', #2278 ) ;
#4898 = ORIENTED_EDGE ( 'NONE', *, *, #2547, .F. ) ;
#4899 = LINE ( 'NONE', #8783, #8977 ) ;
#4900 = CARTESIAN_POINT ( 'NONE',  ( 165.3236018428175100, -114.8297640215111954, 62.75000000000000000 ) ) ;
#4901 = DIRECTION ( 'NONE',  ( 0.7071067811865475727, 0.000000000000000000, 0.7071067811865475727 ) ) ;
#4902 = VECTOR ( 'NONE', #4000, 1000.000000000000000 ) ;
#4903 = CARTESIAN_POINT ( 'NONE',  ( 135.8821002664290063, -140.4297640215119998, 105.3643259181410059 ) ) ;
#4904 = CARTESIAN_POINT ( 'NONE',  ( 132.2171133453900040, -135.4297640746490288, 80.50005035146759269 ) ) ;
#4905 = ORIENTED_EDGE ( 'NONE', *, *, #7624, .F. ) ;
#4906 = ADVANCED_FACE ( 'NONE', ( #7784 ), #11296, .F. ) ;
#4907 = CARTESIAN_POINT ( 'NONE',  ( 139.0808663299520163, -140.4297640215119998, 111.3643259181410059 ) ) ;
#4908 = DIRECTION ( 'NONE',  ( 7.116814260417668513E-15, 0.000000000000000000, -1.000000000000000000 ) ) ;
#4909 = VECTOR ( 'NONE', #6912, 1000.000000000000000 ) ;
#4910 = VERTEX_POINT ( 'NONE', #5722 ) ;
#4911 = DIRECTION ( 'NONE',  ( 2.602085213964869829E-17, 1.000000000000000000, -1.526556658859309704E-16 ) ) ;
#4912 = ORIENTED_EDGE ( 'NONE', *, *, #7139, .T. ) ;
#4913 = DIRECTION ( 'NONE',  ( 0.3826834323650791236, 0.9238795325112911794, -2.053912595556540783E-15 ) ) ;
#4914 = VECTOR ( 'NONE', #1826, 1000.000000000000000 ) ;
#4915 = ADVANCED_FACE ( 'NONE', ( #4867 ), #2247, .T. ) ;
#4916 = FACE_OUTER_BOUND ( 'NONE', #9647, .T. ) ;
#4917 = CARTESIAN_POINT ( 'NONE',  ( 165.6545526666312185, -134.3983860980510769, 51.13534865116200478 ) ) ;
#4918 = CARTESIAN_POINT ( 'NONE',  ( 139.1053615817419882, -140.4297640215119998, 104.6051247192650067 ) ) ;
#4919 = ORIENTED_EDGE ( 'NONE', *, *, #7938, .F. ) ;
#4920 = AXIS2_PLACEMENT_3D ( 'NONE', #10549, #1335, #590 ) ;
#4921 = VECTOR ( 'NONE', #4383, 1000.000000000000000 ) ;
#4922 = ADVANCED_FACE ( 'NONE', ( #3965 ), #9667, .T. ) ;
#4923 = FACE_OUTER_BOUND ( 'NONE', #1690, .T. ) ;
#4924 = CARTESIAN_POINT ( 'NONE',  ( 163.2171133453900040, -141.4297640746490288, 69.99999991151639733 ) ) ;
#4925 = ORIENTED_EDGE ( 'NONE', *, *, #4032, .F. ) ;
#4926 = DIRECTION ( 'NONE',  ( -1.504056274950594933E-15, -1.000000000000000000, -1.504056274950594933E-15 ) ) ;
#4927 = DIRECTION ( 'NONE',  ( 3.386353399394419756E-16, -1.000000000000000000, -6.503570184326940775E-15 ) ) ;
#4928 = EDGE_CURVE ( 'NONE', #11577, #7148, #7550, .T. ) ;
#4929 = ADVANCED_FACE ( 'NONE', ( #6699 ), #6887, .T. ) ;
#4930 = AXIS2_PLACEMENT_3D ( 'NONE', #921, #4619, #4854 ) ;
#4931 = CARTESIAN_POINT ( 'NONE',  ( 133.6669467408600269, -153.4297640746490003, 83.34999974667989875 ) ) ;
#4932 = AXIS2_PLACEMENT_3D ( 'NONE', #211, #7859, #3142 ) ;
#4933 = CARTESIAN_POINT ( 'NONE',  ( 126.2171133453899898, -154.6398243570239970, 62.75000000000000000 ) ) ;
#4934 = DIRECTION ( 'NONE',  ( 2.602085213964879690E-17, 1.000000000000000000, -1.150608946447880006E-15 ) ) ;
#4935 = ORIENTED_EDGE ( 'NONE', *, *, #557, .T. ) ;
#4936 = CARTESIAN_POINT ( 'NONE',  ( 171.8033865308860300, -149.0752882668116399, 53.86652683721305124 ) ) ;
#4937 = ORIENTED_EDGE ( 'NONE', *, *, #2547, .T. ) ;
#4938 = VERTEX_POINT ( 'NONE', #8519 ) ;
#4939 = VECTOR ( 'NONE', #10725, 1000.000000000000000 ) ;
#4940 = ORIENTED_EDGE ( 'NONE', *, *, #10234, .F. ) ;
#4941 = EDGE_CURVE ( 'NONE', #6815, #1789, #3241, .T. ) ;
#4942 = AXIS2_PLACEMENT_3D ( 'NONE', #6045, #5186, #5365 ) ;
#4943 = CARTESIAN_POINT ( 'NONE',  ( 133.5140804249963367, -122.4898221879750935, 57.94641820636514495 ) ) ;
#4944 = CARTESIAN_POINT ( 'NONE',  ( 163.9242200716875004, -136.4297640746490288, 80.79294358128031206 ) ) ;
#4945 = DIRECTION ( 'NONE',  ( 0.000000000000000000, 1.000000000000000000, -1.526556658859589750E-16 ) ) ;
#4946 = ORIENTED_EDGE ( 'NONE', *, *, #7224, .T. ) ;
#4947 = FACE_OUTER_BOUND ( 'NONE', #6566, .T. ) ;
#4948 = VERTEX_POINT ( 'NONE', #6150 ) ;
#4949 = EDGE_CURVE ( 'NONE', #11574, #11065, #11231, .T. ) ;
#4950 = ADVANCED_FACE ( 'NONE', ( #8875 ), #9722, .T. ) ;
#4951 = DIRECTION ( 'NONE',  ( 0.000000000000000000, -1.000000000000000000, -6.573933234426810631E-15 ) ) ;
#4952 = VERTEX_POINT ( 'NONE', #1416 ) ;
#4953 = CARTESIAN_POINT ( 'NONE',  ( 132.2171133453900040, -134.4297640746490288, 80.50005035146759269 ) ) ;
#4954 = CARTESIAN_POINT ( 'NONE',  ( 132.5100065642033940, -153.1368708558354967, 95.20718002819110382 ) ) ;
#4955 = CIRCLE ( 'NONE', #6514, 0.5899999999999971934 ) ;
#4956 = LINE ( 'NONE', #5932, #10408 ) ;
#4957 = ORIENTED_EDGE ( 'NONE', *, *, #9903, .T. ) ;
#4958 = DIRECTION ( 'NONE',  ( 1.324668732875176052E-16, -1.000000000000000000, -7.929348744325500640E-15 ) ) ;
#4959 = VERTEX_POINT ( 'NONE', #9781 ) ;
#4960 = EDGE_CURVE ( 'NONE', #4525, #6705, #3488, .T. ) ;
#4961 = FACE_OUTER_BOUND ( 'NONE', #3773, .T. ) ;
#4962 = ADVANCED_FACE ( 'NONE', ( #10690 ), #7960, .T. ) ;
#4963 = FACE_OUTER_BOUND ( 'NONE', #1859, .T. ) ;
#4964 = AXIS2_PLACEMENT_3D ( 'NONE', #4752, #8643, #11245 ) ;
#4965 = ORIENTED_EDGE ( 'NONE', *, *, #8225, .F. ) ;
#4966 = PLANE ( 'NONE',  #9177 ) ;
#4967 = DIRECTION ( 'NONE',  ( 3.965082230804130614E-15, 1.000000000000000000, -1.074295325692379890E-17 ) ) ;
#4968 = VERTEX_POINT ( 'NONE', #5284 ) ;
#4969 = CARTESIAN_POINT ( 'NONE',  ( 132.9671133453900040, -153.4287171616819876, 66.55091634279270352 ) ) ;
#4970 =( BOUNDED_CURVE ( )  B_SPLINE_CURVE ( 3, ( #4992, #9548, #8820, #8701 ),
 .UNSPECIFIED., .F., .T. ) 
 B_SPLINE_CURVE_WITH_KNOTS ( ( 4, 4 ),
 ( 5.969905095716939947, 6.257000744063979880 ),
 .UNSPECIFIED. ) 
 CURVE ( )  GEOMETRIC_REPRESENTATION_ITEM ( )  RATIONAL_B_SPLINE_CURVE ( ( 1.000000000000000000, 0.9931431272467329263, 0.9931431272467329263, 1.000000000000000000 ) ) 
 REPRESENTATION_ITEM ( '' )  );
#4971 = ORIENTED_EDGE ( 'NONE', *, *, #8335, .F. ) ;
#4972 = VECTOR ( 'NONE', #3545, 1000.000000000000000 ) ;
#4973 = DIRECTION ( 'NONE',  ( 2.602085213964869829E-17, 1.000000000000000000, -1.526556658859589750E-16 ) ) ;
#4974 = ORIENTED_EDGE ( 'NONE', *, *, #6048, .T. ) ;
#4975 = ADVANCED_FACE ( 'NONE', ( #7186 ), #7125, .T. ) ;
#4976 = EDGE_CURVE ( 'NONE', #11522, #11211, #4326, .T. ) ;
#4977 = ORIENTED_EDGE ( 'NONE', *, *, #1616, .F. ) ;
#4978 = LINE ( 'NONE', #6745, #11116 ) ;
#4979 = VERTEX_POINT ( 'NONE', #11659 ) ;
#4980 = AXIS2_PLACEMENT_3D ( 'NONE', #9409, #9347, #9292 ) ;
#4981 = CARTESIAN_POINT ( 'NONE',  ( 134.2171133453900040, -138.0155505122760076, 68.99999991151649681 ) ) ;
#4982 = CARTESIAN_POINT ( 'NONE',  ( 163.2171133453900040, -140.7031433143880008, 66.26161632600430096 ) ) ;
#4983 = LINE ( 'NONE', #1410, #5562 ) ;
#4984 = CARTESIAN_POINT ( 'NONE',  ( 132.2171133453900040, -154.4297640215114882, 57.75000005960450267 ) ) ;
#4985 = ORIENTED_EDGE ( 'NONE', *, *, #7464, .T. ) ;
#4986 = VECTOR ( 'NONE', #10961, 1000.000000000000000 ) ;
#4987 = CARTESIAN_POINT ( 'NONE',  ( 163.0582696511847871, -123.2715417355205005, 62.77180496021593825 ) ) ;
#4988 = ORIENTED_EDGE ( 'NONE', *, *, #6067, .F. ) ;
#4989 = LINE ( 'NONE', #1175, #3783 ) ;
#4990 = LINE ( 'NONE', #436, #6201 ) ;
#4991 = CIRCLE ( 'NONE', #2876, 3.099999999999991651 ) ;
#4992 = CARTESIAN_POINT ( 'NONE',  ( 133.4132901639879947, -147.1833324234449947, 54.47436513418849557 ) ) ;
#4993 = DIRECTION ( 'NONE',  ( -3.683226109728400325E-15, -1.000000000000000000, 1.526556658859579889E-16 ) ) ;
#4994 = CARTESIAN_POINT ( 'NONE',  ( 132.7346621409300269, -114.4297640215114029, 53.73985315562539711 ) ) ;
#4995 = EDGE_LOOP ( 'NONE', ( #1401, #6646 ) ) ;
#4996 = CARTESIAN_POINT ( 'NONE',  ( 171.8842757002882422, -149.0786759369587173, 53.95005602851298221 ) ) ;
#4997 = ORIENTED_EDGE ( 'NONE', *, *, #5122, .F. ) ;
#4998 = ORIENTED_EDGE ( 'NONE', *, *, #1025, .T. ) ;
#4999 = VECTOR ( 'NONE', #9706, 1000.000000000000000 ) ;
#5000 = ORIENTED_EDGE ( 'NONE', *, *, #4960, .F. ) ;
#5001 = CARTESIAN_POINT ( 'NONE',  ( 131.1606248479623957, -117.8297640215114086, 60.27765112427590566 ) ) ;
#5002 = CYLINDRICAL_SURFACE ( 'NONE', #1014, 0.9999999999999852340 ) ;
#5003 = LINE ( 'NONE', #9797, #8952 ) ;
#5004 = EDGE_LOOP ( 'NONE', ( #945, #9093, #6629, #2822, #9230 ) ) ;
#5005 = CIRCLE ( 'NONE', #11209, 1.450000000000006839 ) ;
#5006 = DIRECTION ( 'NONE',  ( 7.166576360129189239E-17, -1.526556658859589750E-16, -1.000000000000000000 ) ) ;
#5007 = ORIENTED_EDGE ( 'NONE', *, *, #2669, .F. ) ;
#5008 = ORIENTED_EDGE ( 'NONE', *, *, #9689, .T. ) ;
#5009 = LINE ( 'NONE', #7689, #9805 ) ;
#5010 = VECTOR ( 'NONE', #4401, 1000.000000000000000 ) ;
#5011 = LINE ( 'NONE', #5068, #1723 ) ;
#5012 = VECTOR ( 'NONE', #11915, 1000.000000000000000 ) ;
#5013 = EDGE_CURVE ( 'NONE', #4756, #8676, #7899, .T. ) ;
#5014 = LINE ( 'NONE', #7692, #3250 ) ;
#5015 = EDGE_LOOP ( 'NONE', ( #2664, #10240, #2044, #5028, #11115, #3598 ) ) ;
#5016 = PLANE ( 'NONE',  #11019 ) ;
#5017 = EDGE_CURVE ( 'NONE', #3917, #8597, #612, .T. ) ;
#5018 = EDGE_CURVE ( 'NONE', #8039, #10155, #4208, .T. ) ;
#5019 = ORIENTED_EDGE ( 'NONE', *, *, #11218, .F. ) ;
#5020 = FACE_OUTER_BOUND ( 'NONE', #2766, .T. ) ;
#5021 = FACE_OUTER_BOUND ( 'NONE', #271, .T. ) ;
#5022 = CARTESIAN_POINT ( 'NONE',  ( 162.4671575029150006, -153.4289906763659985, 66.54064880640200386 ) ) ;
#5023 = AXIS2_PLACEMENT_3D ( 'NONE', #10890, #10832, #4342 ) ;
#5024 = VECTOR ( 'NONE', #7608, 1000.000000000000000 ) ;
#5025 = ORIENTED_EDGE ( 'NONE', *, *, #5566, .T. ) ;
#5026 = CARTESIAN_POINT ( 'NONE',  ( 147.7171133453900040, -152.8297640746490060, 79.38821466846520991 ) ) ;
#5027 = CARTESIAN_POINT ( 'NONE',  ( 160.1768364872659731, -140.9297640215119998, 116.1644502228040068 ) ) ;
#5028 = ORIENTED_EDGE ( 'NONE', *, *, #6737, .T. ) ;
#5029 = PLANE ( 'NONE',  #10763 ) ;
#5030 = ADVANCED_FACE ( 'NONE', ( #2460 ), #10872, .F. ) ;
#5031 = CIRCLE ( 'NONE', #4074, 1.000000000000000888 ) ;
#5032 = ORIENTED_EDGE ( 'NONE', *, *, #7708, .F. ) ;
#5033 = PLANE ( 'NONE',  #4423 ) ;
#5034 = ORIENTED_EDGE ( 'NONE', *, *, #8613, .F. ) ;
#5035 = ORIENTED_EDGE ( 'NONE', *, *, #3465, .F. ) ;
#5036 = CARTESIAN_POINT ( 'NONE',  ( 161.2171133453899756, -138.0155505122760076, 67.99999991151629786 ) ) ;
#5037 = CARTESIAN_POINT ( 'NONE',  ( 132.2665316224841092, -123.3804758761293385, 62.75436347397327097 ) ) ;
#5038 = DIRECTION ( 'NONE',  ( -1.000000000000000000, 0.000000000000000000, 0.000000000000000000 ) ) ;
#5039 = CARTESIAN_POINT ( 'NONE',  ( 162.7391000041533005, -139.0155506579397979, 66.89222681512609370 ) ) ;
#5040 = EDGE_CURVE ( 'NONE', #2484, #6607, #5228, .T. ) ;
#5041 = CARTESIAN_POINT ( 'NONE',  ( 143.4008046154339695, -141.4297640215119998, 111.3643259181410059 ) ) ;
#5042 = EDGE_CURVE ( 'NONE', #9190, #10793, #8817, .T. ) ;
#5043 = CYLINDRICAL_SURFACE ( 'NONE', #8695, 0.9999999999999957812 ) ;
#5044 = CARTESIAN_POINT ( 'NONE',  ( 171.3168895252301525, -138.3631970503246578, 54.37670245577359651 ) ) ;
#5045 = ORIENTED_EDGE ( 'NONE', *, *, #2755, .T. ) ;
#5046 = CARTESIAN_POINT ( 'NONE',  ( 163.2171133453900040, -144.5297640215119941, 64.94545804473619910 ) ) ;
#5047 = EDGE_LOOP ( 'NONE', ( #11445, #10662, #6779, #7394, #10541, #11222, #687 ) ) ;
#5048 = CARTESIAN_POINT ( 'NONE',  ( 147.7171133226179904, -145.4297640215119714, 108.4643259181420092 ) ) ;
#5049 = DIRECTION ( 'NONE',  ( -0.003006442570248029581, 0.0004210540680237879617, 0.9999953919976548589 ) ) ;
#5050 = CARTESIAN_POINT ( 'NONE',  ( 165.6545526666310479, -121.4459142784974262, 51.13534865116216110 ) ) ;
#5051 = CARTESIAN_POINT ( 'NONE',  ( 132.6248169134119905, -148.0297640746490231, 105.4997837512840135 ) ) ;
#5052 = EDGE_CURVE ( 'NONE', #11027, #4655, #2522, .T. ) ;
#5053 = CARTESIAN_POINT ( 'NONE',  ( 130.1106248479624128, -134.4297640215114029, 62.75000000000000000 ) ) ;
#5054 = ORIENTED_EDGE ( 'NONE', *, *, #10360, .F. ) ;
#5055 = CARTESIAN_POINT ( 'NONE',  ( 163.1867387273269969, -120.4297680637882024, 51.11866876023850637 ) ) ;
#5056 = EDGE_LOOP ( 'NONE', ( #6707, #2060, #5240, #11373 ) ) ;
#5057 = EDGE_LOOP ( 'NONE', ( #2341, #2856, #2305, #2422 ) ) ;
#5058 = LINE ( 'NONE', #6277, #6666 ) ;
#5059 = CARTESIAN_POINT ( 'NONE',  ( 125.4555982874533981, -147.3829269371353803, 53.38549640900530591 ) ) ;
#5060 = LINE ( 'NONE', #2294, #5848 ) ;
#5061 = VERTEX_POINT ( 'NONE', #9897 ) ;
#5062 = PLANE ( 'NONE',  #2438 ) ;
#5063 = EDGE_LOOP ( 'NONE', ( #2329, #8573, #3686, #6475, #6063 ) ) ;
#5064 = AXIS2_PLACEMENT_3D ( 'NONE', #2654, #8340, #6126 ) ;
#5065 = ORIENTED_EDGE ( 'NONE', *, *, #6426, .F. ) ;
#5066 = CARTESIAN_POINT ( 'NONE',  ( 139.1025978581049856, -145.2633924667839835, 105.3679489095639923 ) ) ;
#5067 = ADVANCED_FACE ( 'NONE', ( #8992 ), #6265, .T. ) ;
#5068 = CARTESIAN_POINT ( 'NONE',  ( 163.2171133453904872, -148.3795071393267904, 55.40242306637720304 ) ) ;
#5069 = PLANE ( 'NONE',  #4021 ) ;
#5070 = ORIENTED_EDGE ( 'NONE', *, *, #10061, .T. ) ;
#5071 = AXIS2_PLACEMENT_3D ( 'NONE', #1447, #8849, #8673 ) ;
#5072 = ORIENTED_EDGE ( 'NONE', *, *, #3878, .T. ) ;
#5073 = ORIENTED_EDGE ( 'NONE', *, *, #9086, .T. ) ;
#5074 = DIRECTION ( 'NONE',  ( -1.734923810071225168E-15, -1.000000000000000000, -1.734923811388140097E-15 ) ) ;
#5075 = LINE ( 'NONE', #10719, #10916 ) ;
#5076 = FACE_OUTER_BOUND ( 'NONE', #7868, .T. ) ;
#5077 = ADVANCED_FACE ( 'NONE', ( #2573 ), #2869, .T. ) ;
#5078 = EDGE_LOOP ( 'NONE', ( #5690, #6264, #1378, #9853, #4957 ) ) ;
#5079 = DIRECTION ( 'NONE',  ( -0.7071067811865475727, 0.7071067811865475727, 0.000000000000000000 ) ) ;
#5080 = PLANE ( 'NONE',  #991 ) ;
#5081 = EDGE_LOOP ( 'NONE', ( #5385, #9683, #8503, #11407, #528, #2102, #2198 ) ) ;
#5082 = CIRCLE ( 'NONE', #8767, 0.5899999999999873124 ) ;
#5083 = CARTESIAN_POINT ( 'NONE',  ( 130.2171133453899756, -120.4297640215245906, 57.98985306244389903 ) ) ;
#5084 = ADVANCED_FACE ( 'NONE', ( #56 ), #6512, .T. ) ;
#5085 = EDGE_CURVE ( 'NONE', #1863, #2484, #5471, .T. ) ;
#5086 = CARTESIAN_POINT ( 'NONE',  ( 134.6192200968930024, -141.5476572346709929, 93.86432591814070747 ) ) ;
#5087 = EDGE_LOOP ( 'NONE', ( #11347, #5198, #2928, #6429 ) ) ;
#5088 = DIRECTION ( 'NONE',  ( 0.000000000000000000, 1.000000000000000000, 6.573933234426810631E-15 ) ) ;
#5089 = ORIENTED_EDGE ( 'NONE', *, *, #9363, .T. ) ;
#5090 = AXIS2_PLACEMENT_3D ( 'NONE', #11092, #11942, #7349 ) ;
#5091 = ORIENTED_EDGE ( 'NONE', *, *, #10469, .F. ) ;
#5092 = EDGE_CURVE ( 'NONE', #709, #10339, #6328, .T. ) ;
#5093 = DIRECTION ( 'NONE',  ( 3.752643576907700278E-15, 1.000000000000000000, -1.526556658859589750E-16 ) ) ;
#5094 = CARTESIAN_POINT ( 'NONE',  ( 163.2171132912669975, -119.4297640746489861, 81.50005036323310037 ) ) ;
#5095 = CARTESIAN_POINT ( 'NONE',  ( 162.7874486445959974, -140.3091836900630085, 67.05864959418070725 ) ) ;
#5096 = EDGE_CURVE ( 'NONE', #6575, #9038, #9371, .T. ) ;
#5097 = AXIS2_PLACEMENT_3D ( 'NONE', #5443, #3691, #7214 ) ;
#5098 = DIRECTION ( 'NONE',  ( -5.622940471541310091E-16, 1.000000000000000000, -5.622940471541500404E-16 ) ) ;
#5099 = DIRECTION ( 'NONE',  ( -0.5000000000000011102, -0.5000000000000011102, -0.7071067811865459074 ) ) ;
#5100 = DIRECTION ( 'NONE',  ( -3.683226109728400325E-15, -1.000000000000000000, 0.000000000000000000 ) ) ;
#5101 = EDGE_LOOP ( 'NONE', ( #11906, #10399, #130, #9223 ) ) ;
#5102 =( BOUNDED_CURVE ( )  B_SPLINE_CURVE ( 3, ( #4530, #644, #894, #8177 ),
 .UNSPECIFIED., .F., .T. ) 
 B_SPLINE_CURVE_WITH_KNOTS ( ( 4, 4 ),
 ( 0.7601751309728300710, 0.9332950502743160293 ),
 .UNSPECIFIED. ) 
 CURVE ( )  GEOMETRIC_REPRESENTATION_ITEM ( )  RATIONAL_B_SPLINE_CURVE ( ( 1.000000000000000000, 0.9975040168349320613, 0.9975040168349320613, 1.000000000000000000 ) ) 
 REPRESENTATION_ITEM ( '' )  );
#5103 = EDGE_CURVE ( 'NONE', #4084, #5645, #2724, .T. ) ;
#5104 = CIRCLE ( 'NONE', #8215, 0.9999999999999964473 ) ;
#5105 = CARTESIAN_POINT ( 'NONE',  ( 163.2171133453904872, -154.4297640215109766, 57.75000005960450267 ) ) ;
#5106 = ADVANCED_FACE ( 'NONE', ( #10080 ), #7261, .F. ) ;
#5107 = ORIENTED_EDGE ( 'NONE', *, *, #9447, .T. ) ;
#5108 = CARTESIAN_POINT ( 'NONE',  ( 135.1768364872669963, -153.2079386145641138, 114.2143259181419950 ) ) ;
#5109 = CARTESIAN_POINT ( 'NONE',  ( 134.3102857609942191, -140.5004340795346991, 110.9950738882595545 ) ) ;
#5110 = CARTESIAN_POINT ( 'NONE',  ( 162.9242201265764720, -119.4297640746489861, 66.70710669270279425 ) ) ;
#5111 = CARTESIAN_POINT ( 'NONE',  ( 162.7170942870820056, -140.5154933373530071, 69.70699831078979969 ) ) ;
#5112 = CARTESIAN_POINT ( 'NONE',  ( 132.9865944874844672, -139.7076689583317091, 69.94533036011075922 ) ) ;
#5113 = VERTEX_POINT ( 'NONE', #11838 ) ;
#5114 = VECTOR ( 'NONE', #2622, 1000.000000000000000 ) ;
#5115 = DIRECTION ( 'NONE',  ( -6.331740688303089727E-17, 1.000000000000000000, -6.331740693109270398E-17 ) ) ;
#5116 = VECTOR ( 'NONE', #6390, 1000.000000000000000 ) ;
#5117 = ORIENTED_EDGE ( 'NONE', *, *, #656, .T. ) ;
#5118 = ORIENTED_EDGE ( 'NONE', *, *, #9163, .F. ) ;
#5119 = LINE ( 'NONE', #8892, #8795 ) ;
#5120 = CARTESIAN_POINT ( 'NONE',  ( 137.8094094721379861, -148.4297640746490003, 105.4997837512840135 ) ) ;
#5121 = DIRECTION ( 'NONE',  ( 0.000000000000000000, -1.000000000000000000, 1.074295325692379890E-17 ) ) ;
#5122 = EDGE_CURVE ( 'NONE', #3343, #3568, #5531, .T. ) ;
#5123 = ORIENTED_EDGE ( 'NONE', *, *, #6724, .T. ) ;
#5124 = CIRCLE ( 'NONE', #9965, 3.099999999999991651 ) ;
#5125 = CARTESIAN_POINT ( 'NONE',  ( 138.2867128259859726, -144.2780314244430144, 106.3477732560709939 ) ) ;
#5126 = VERTEX_POINT ( 'NONE', #9227 ) ;
#5127 = VECTOR ( 'NONE', #5093, 1000.000000000000000 ) ;
#5128 = ORIENTED_EDGE ( 'NONE', *, *, #2280, .T. ) ;
#5129 = CARTESIAN_POINT ( 'NONE',  ( 132.9952474871190020, -139.0123100855540201, 69.99919589431179645 ) ) ;
#5130 = CARTESIAN_POINT ( 'NONE',  ( 122.2171131963784063, -120.4297639199950112, 62.75000000000000000 ) ) ;
#5131 = ORIENTED_EDGE ( 'NONE', *, *, #3057, .F. ) ;
#5132 = DIRECTION ( 'NONE',  ( 2.897277325460580092E-15, 1.000000000000000000, 2.897277325460580092E-15 ) ) ;
#5133 = ORIENTED_EDGE ( 'NONE', *, *, #6847, .F. ) ;
#5134 = AXIS2_PLACEMENT_3D ( 'NONE', #3775, #1839, #5532 ) ;
#5135 = AXIS2_PLACEMENT_3D ( 'NONE', #5244, #9738, #8950 ) ;
#5136 = EDGE_LOOP ( 'NONE', ( #9082, #2013, #9884, #11953 ) ) ;
#5137 = ORIENTED_EDGE ( 'NONE', *, *, #610, .T. ) ;
#5138 = DIRECTION ( 'NONE',  ( -3.227582642118749141E-17, 0.7071067811865470176, 0.7071067811865480168 ) ) ;
#5139 = CARTESIAN_POINT ( 'NONE',  ( 158.5171131927750139, -148.0297640746490231, 102.0997837512840078 ) ) ;
#5140 = CARTESIAN_POINT ( 'NONE',  ( 135.6669467343540134, -152.8297640746490060, 70.44999974667979359 ) ) ;
#5141 = EDGE_CURVE ( 'NONE', #6966, #10905, #6476, .T. ) ;
#5142 = ORIENTED_EDGE ( 'NONE', *, *, #11874, .T. ) ;
#5143 = CARTESIAN_POINT ( 'NONE',  ( 120.2171133453899898, -149.4297640746490003, 103.7500000343879947 ) ) ;
#5144 = VECTOR ( 'NONE', #8010, 1000.000000000000000 ) ;
#5145 = PLANE ( 'NONE',  #9522 ) ;
#5146 = ORIENTED_EDGE ( 'NONE', *, *, #10823, .F. ) ;
#5147 = CARTESIAN_POINT ( 'NONE',  ( 132.5102147637133783, -139.0155507300202089, 70.29309614226079361 ) ) ;
#5148 = DIRECTION ( 'NONE',  ( -0.8944271909999128578, 3.108330457197119301E-15, -0.4472135954999639229 ) ) ;
#5149 = ORIENTED_EDGE ( 'NONE', *, *, #10439, .T. ) ;
#5150 = CARTESIAN_POINT ( 'NONE',  ( 162.2171133453900040, -135.4297640746490288, 80.50005035146730847 ) ) ;
#5151 = EDGE_CURVE ( 'NONE', #4294, #327, #2752, .T. ) ;
#5152 = CONICAL_SURFACE ( 'NONE', #8840, 1.650000000000012568, 0.7853981633974476129 ) ;
#5153 = ORIENTED_EDGE ( 'NONE', *, *, #1559, .T. ) ;
#5154 = LINE ( 'NONE', #8006, #472 ) ;
#5155 = CARTESIAN_POINT ( 'NONE',  ( 138.1026044211599810, -141.4297640215119998, 106.3643259181410059 ) ) ;
#5156 = DIRECTION ( 'NONE',  ( 5.075305257095799993E-15, -1.000000000000000000, -6.661338147750940820E-15 ) ) ;
#5157 = CYLINDRICAL_SURFACE ( 'NONE', #2452, 3.099999999999991651 ) ;
#5158 = CARTESIAN_POINT ( 'NONE',  ( 162.8750654586289954, -140.9916160471819921, 67.55263425321039961 ) ) ;
#5159 = VECTOR ( 'NONE', #8461, 1000.000000000000000 ) ;
#5160 = DIRECTION ( 'NONE',  ( -0.9238795325112872936, 0.3826834323650886160, 0.000000000000000000 ) ) ;
#5161 = CARTESIAN_POINT ( 'NONE',  ( 158.7171133453899756, -139.4397639861740288, 93.86432591814070747 ) ) ;
#5162 = EDGE_CURVE ( 'NONE', #3935, #5168, #5697, .T. ) ;
#5163 = ORIENTED_EDGE ( 'NONE', *, *, #4365, .T. ) ;
#5164 = ADVANCED_FACE ( 'NONE', ( #1721 ), #797, .F. ) ;
#5165 = ADVANCED_FACE ( 'NONE', ( #9289 ), #976, .F. ) ;
#5166 = VECTOR ( 'NONE', #4437, 1000.000000000000000 ) ;
#5167 = DIRECTION ( 'NONE',  ( -1.504056274950594933E-15, -1.000000000000000000, -1.504056274950594933E-15 ) ) ;
#5168 = VERTEX_POINT ( 'NONE', #5831 ) ;
#5169 = DIRECTION ( 'NONE',  ( 0.7071067811865121566, 0.000000000000000000, 0.7071067811865827668 ) ) ;
#5170 = LINE ( 'NONE', #1362, #3108 ) ;
#5171 = CARTESIAN_POINT ( 'NONE',  ( 163.2171133453900040, -140.4297640215119998, 79.50716283241060012 ) ) ;
#5172 = CARTESIAN_POINT ( 'NONE',  ( 175.2171132998459768, -140.4297640215119998, 100.7500000000290044 ) ) ;
#5173 = CARTESIAN_POINT ( 'NONE',  ( 132.2932516633033799, -141.4613015650051864, 68.99999991151649681 ) ) ;
#5174 = DIRECTION ( 'NONE',  ( -0.3281699088141229459, 6.170010459091448547E-15, -0.9446187119409238386 ) ) ;
#5175 = ORIENTED_EDGE ( 'NONE', *, *, #6533, .F. ) ;
#5176 = AXIS2_PLACEMENT_3D ( 'NONE', #8723, #3208, #10598 ) ;
#5177 = CARTESIAN_POINT ( 'NONE',  ( 163.3148179109179807, -149.4297640215112040, 50.75000000000000000 ) ) ;
#5178 = EDGE_CURVE ( 'NONE', #9940, #8094, #3834, .T. ) ;
#5179 = VERTEX_POINT ( 'NONE', #7533 ) ;
#5180 = EDGE_LOOP ( 'NONE', ( #809, #4580, #7460, #2454 ) ) ;
#5181 = CARTESIAN_POINT ( 'NONE',  ( 138.5171131927750139, -154.2297640746490117, 103.7997837512839965 ) ) ;
#5182 = DIRECTION ( 'NONE',  ( 8.659560562354877391E-17, 0.7071067811865521247, -0.7071067811865430208 ) ) ;
#5183 = DIRECTION ( 'NONE',  ( -1.504056274950594933E-15, -1.000000000000000000, -1.504056274950594933E-15 ) ) ;
#5184 = EDGE_LOOP ( 'NONE', ( #6697, #11937, #963, #5441, #1844 ) ) ;
#5185 = AXIS2_PLACEMENT_3D ( 'NONE', #9790, #6157, #5237 ) ;
#5186 = DIRECTION ( 'NONE',  ( -1.745666764649140125E-15, -1.000000000000000000, 1.745666764649140125E-15 ) ) ;
#5187 = LINE ( 'NONE', #8659, #7535 ) ;
#5188 = CARTESIAN_POINT ( 'NONE',  ( 132.4668070089979892, -141.0614513470140139, 69.49767416070420722 ) ) ;
#5189 = CARTESIAN_POINT ( 'NONE',  ( 167.2171133453904872, -148.4297640215245906, 58.25000000000000000 ) ) ;
#5190 = ORIENTED_EDGE ( 'NONE', *, *, #4647, .T. ) ;
#5191 = DIRECTION ( 'NONE',  ( -1.230233151429590160E-14, -7.323824219251069642E-15, -1.000000000000000000 ) ) ;
#5192 = ADVANCED_FACE ( 'NONE', ( #4732 ), #182, .T. ) ;
#5193 = ADVANCED_FACE ( 'NONE', ( #9470 ), #7714, .F. ) ;
#5194 = ORIENTED_EDGE ( 'NONE', *, *, #3843, .F. ) ;
#5195 = VECTOR ( 'NONE', #1073, 1000.000000000000000 ) ;
#5196 = AXIS2_PLACEMENT_3D ( 'NONE', #10988, #2748, #2688 ) ;
#5197 = ORIENTED_EDGE ( 'NONE', *, *, #9497, .T. ) ;
#5198 = ORIENTED_EDGE ( 'NONE', *, *, #5454, .T. ) ;
#5199 = CARTESIAN_POINT ( 'NONE',  ( 135.6669467343540134, -153.4297640746490003, 71.34999974667979927 ) ) ;
#5200 = CARTESIAN_POINT ( 'NONE',  ( 160.5846578133563014, -138.6480060443097102, 67.55278631601636619 ) ) ;
#5201 = DIRECTION ( 'NONE',  ( 0.000000000000000000, 1.000000000000000000, 0.000000000000000000 ) ) ;
#5202 = ORIENTED_EDGE ( 'NONE', *, *, #148, .T. ) ;
#5203 = AXIS2_PLACEMENT_3D ( 'NONE', #11565, #1380, #5991 ) ;
#5204 = AXIS2_PLACEMENT_3D ( 'NONE', #5306, #3384, #7202 ) ;
#5205 = CARTESIAN_POINT ( 'NONE',  ( 162.2171133453900040, -135.4297640746490288, 81.00005035735010495 ) ) ;
#5206 = DIRECTION ( 'NONE',  ( -3.212399512555910502E-15, -1.000000000000000000, 4.324081227642600042E-15 ) ) ;
#5207 = EDGE_LOOP ( 'NONE', ( #10936, #3136 ) ) ;
#5208 = CARTESIAN_POINT ( 'NONE',  ( 161.2171133453899756, -138.0155505122760076, 68.99999991151629786 ) ) ;
#5209 = CARTESIAN_POINT ( 'NONE',  ( 133.2171133453900040, -134.4297640746490288, 80.50005035146759269 ) ) ;
#5210 = ORIENTED_EDGE ( 'NONE', *, *, #973, .T. ) ;
#5211 = DIRECTION ( 'NONE',  ( 0.7071067811865822117, 0.000000000000000000, 0.7071067811865128228 ) ) ;
#5212 = UNCERTAINTY_MEASURE_WITH_UNIT (LENGTH_MEASURE( 1.000000000000000082E-05 ), #9534, 'distance_accuracy_value', 'NONE');
#5213 = AXIS2_PLACEMENT_3D ( 'NONE', #10754, #9844, #1542 ) ;
#5214 = ORIENTED_EDGE ( 'NONE', *, *, #1106, .T. ) ;
#5215 = DIRECTION ( 'NONE',  ( 1.000000000000000000, 0.000000000000000000, 0.000000000000000000 ) ) ;
#5216 = CARTESIAN_POINT ( 'NONE',  ( 134.4526463745169735, -140.5692295417593698, 105.8747502961924596 ) ) ;
#5217 = CARTESIAN_POINT ( 'NONE',  ( 123.6209528327432565, -147.9350947612087737, 54.98313909600206273 ) ) ;
#5218 = DIRECTION ( 'NONE',  ( -1.654362013966960203E-24, 6.573933234426810631E-15, -1.000000000000000000 ) ) ;
#5219 = AXIS2_PLACEMENT_3D ( 'NONE', #6395, #1722, #8084 ) ;
#5220 = CARTESIAN_POINT ( 'NONE',  ( 158.5834021859320160, -140.4297640215119998, 100.6909950527140012 ) ) ;
#5221 = FACE_OUTER_BOUND ( 'NONE', #5184, .T. ) ;
#5222 = EDGE_CURVE ( 'NONE', #6028, #5996, #9402, .T. ) ;
#5223 = DIRECTION ( 'NONE',  ( -1.214306495755059738E-16, 1.000000000000000000, 6.573933234426810631E-15 ) ) ;
#5224 = ORIENTED_EDGE ( 'NONE', *, *, #7207, .T. ) ;
#5225 = VECTOR ( 'NONE', #7524, 1000.000000000000000 ) ;
#5226 = CARTESIAN_POINT ( 'NONE',  ( 132.2717917266852226, -114.4297640215114029, 57.29751360743310329 ) ) ;
#5227 = VERTEX_POINT ( 'NONE', #10499 ) ;
#5228 = LINE ( 'NONE', #8023, #3979 ) ;
#5229 = CARTESIAN_POINT ( 'NONE',  ( 123.9378425054314050, -139.2213453176653957, 62.75000000000000000 ) ) ;
#5230 = EDGE_CURVE ( 'NONE', #4813, #9294, #4014, .T. ) ;
#5231 = CARTESIAN_POINT ( 'NONE',  ( 163.3171131927749968, -154.4297640746490003, 103.7997837512839965 ) ) ;
#5232 = LINE ( 'NONE', #1100, #11030 ) ;
#5233 = CARTESIAN_POINT ( 'NONE',  ( 132.2171133453900040, -119.4297640746489861, 81.50005035146759269 ) ) ;
#5234 = EDGE_CURVE ( 'NONE', #393, #5810, #4343, .T. ) ;
#5235 = CARTESIAN_POINT ( 'NONE',  ( 159.6669467343539850, -153.4297640746490003, 72.24999974667979075 ) ) ;
#5236 = VERTEX_POINT ( 'NONE', #8504 ) ;
#5237 = DIRECTION ( 'NONE',  ( 0.000000000000000000, -1.000000000000000000, 1.526556658859589750E-16 ) ) ;
#5238 = ORIENTED_EDGE ( 'NONE', *, *, #4054, .T. ) ;
#5239 = CARTESIAN_POINT ( 'NONE',  ( 163.2171132778960043, -142.4297640746490003, 76.25002511280030149 ) ) ;
#5240 = ORIENTED_EDGE ( 'NONE', *, *, #4711, .T. ) ;
#5241 = LINE ( 'NONE', #690, #2016 ) ;
#5242 = DIRECTION ( 'NONE',  ( -1.504056274950594933E-15, -1.000000000000000000, -1.504056274950594933E-15 ) ) ;
#5243 = ORIENTED_EDGE ( 'NONE', *, *, #11100, .T. ) ;
#5244 = CARTESIAN_POINT ( 'NONE',  ( 160.1768364872659731, -140.9297640215119998, 114.2144502228039897 ) ) ;
#5245 = DIRECTION ( 'NONE',  ( 0.7071067811865631159, 0.7071067811865320296, -5.849066938289880319E-25 ) ) ;
#5246 = EDGE_CURVE ( 'NONE', #4878, #4506, #3893, .T. ) ;
#5247 = LINE ( 'NONE', #5433, #4051 ) ;
#5248 = CARTESIAN_POINT ( 'NONE',  ( 131.2171133534549767, -136.4297640746490288, 81.50005035108789286 ) ) ;
#5249 = DIRECTION ( 'NONE',  ( -0.4397326120323142296, 0.1821432117215233126, 0.8794652240646053665 ) ) ;
#5250 = CARTESIAN_POINT ( 'NONE',  ( 134.2171133453900040, -119.4297640746489861, 67.99999991151649681 ) ) ;
#5251 = VERTEX_POINT ( 'NONE', #11408 ) ;
#5252 = DIRECTION ( 'NONE',  ( -0.7071067811865475727, -0.7071067811865475727, 1.387778780781450566E-14 ) ) ;
#5253 = ORIENTED_EDGE ( 'NONE', *, *, #2299, .T. ) ;
#5254 = EDGE_LOOP ( 'NONE', ( #5137, #4912, #8560, #6169 ) ) ;
#5255 = VERTEX_POINT ( 'NONE', #8628 ) ;
#5256 = AXIS2_PLACEMENT_3D ( 'NONE', #11043, #660, #784 ) ;
#5257 = DIRECTION ( 'NONE',  ( -7.166574844285479059E-17, 2.548831665378360322E-09, 1.000000000000000000 ) ) ;
#5258 = CARTESIAN_POINT ( 'NONE',  ( 165.3236018428179932, -114.8297640215111954, 60.17765112427590424 ) ) ;
#5259 = DIRECTION ( 'NONE',  ( -2.602085213964869829E-17, -1.000000000000000000, 1.526556658860419780E-16 ) ) ;
#5260 = ORIENTED_EDGE ( 'NONE', *, *, #11411, .T. ) ;
#5261 = EDGE_CURVE ( 'NONE', #1676, #5113, #1639, .T. ) ;
#5262 = EDGE_CURVE ( 'NONE', #5611, #5851, #6866, .T. ) ;
#5263 = CARTESIAN_POINT ( 'NONE',  ( 163.2171132645240164, -145.4297640746490003, 70.99999985651450629 ) ) ;
#5264 = VERTEX_POINT ( 'NONE', #302 ) ;
#5265 = FACE_OUTER_BOUND ( 'NONE', #5057, .T. ) ;
#5266 = DIRECTION ( 'NONE',  ( -1.656711940836460082E-15, -1.000000000000000000, 1.656711940836560070E-15 ) ) ;
#5267 = VECTOR ( 'NONE', #6241, 1000.000000000000000 ) ;
#5268 = ORIENTED_EDGE ( 'NONE', *, *, #6385, .T. ) ;
#5269 = DIRECTION ( 'NONE',  ( -0.4999999999999754086, -0.5000000000000032196, 0.7071067811865627828 ) ) ;
#5270 = VERTEX_POINT ( 'NONE', #2987 ) ;
#5271 = CARTESIAN_POINT ( 'NONE',  ( 122.2171131963785911, -120.6723095570157938, 59.97769068304420159 ) ) ;
#5272 = AXIS2_PLACEMENT_3D ( 'NONE', #7741, #2230, #5922 ) ;
#5273 = EDGE_CURVE ( 'NONE', #2165, #5584, #360, .T. ) ;
#5274 = LINE ( 'NONE', #3472, #2426 ) ;
#5275 = LINE ( 'NONE', #10985, #9490 ) ;
#5276 = LINE ( 'NONE', #4376, #6894 ) ;
#5277 = DIRECTION ( 'NONE',  ( 1.324668732875176052E-16, -1.000000000000000000, -7.929348744325500640E-15 ) ) ;
#5278 = CARTESIAN_POINT ( 'NONE',  ( 132.4882089097179687, -153.1151356947769955, 67.13061787446640949 ) ) ;
#5279 = AXIS2_PLACEMENT_3D ( 'NONE', #9340, #9972, #9912 ) ;
#5280 = ORIENTED_EDGE ( 'NONE', *, *, #4126, .F. ) ;
#5281 = LINE ( 'NONE', #6209, #6098 ) ;
#5282 = ADVANCED_FACE ( 'NONE', ( #4077 ), #2080, .T. ) ;
#5283 = ORIENTED_EDGE ( 'NONE', *, *, #9753, .T. ) ;
#5284 = CARTESIAN_POINT ( 'NONE',  ( 165.2171133453904872, -143.3164134470121951, 58.25000000000000000 ) ) ;
#5285 = CARTESIAN_POINT ( 'NONE',  ( 122.9144919146266091, -148.4297640215245906, 58.25000000000000000 ) ) ;
#5286 = AXIS2_PLACEMENT_3D ( 'NONE', #7758, #10422, #7811 ) ;
#5287 = CARTESIAN_POINT ( 'NONE',  ( 134.2171133453900040, -138.0155505122760076, 67.99999991151649681 ) ) ;
#5288 = CARTESIAN_POINT ( 'NONE',  ( 163.0030860213580013, -141.2155427740420066, 68.99829967784410201 ) ) ;
#5289 = DIRECTION ( 'NONE',  ( 1.214306505109919871E-16, -1.000000000000000000, -6.573933234426810631E-15 ) ) ;
#5290 = CARTESIAN_POINT ( 'NONE',  ( 158.4671133112319694, -140.4297640215119998, 102.7500000000329976 ) ) ;
#5291 = ORIENTED_EDGE ( 'NONE', *, *, #1284, .F. ) ;
#5292 = LINE ( 'NONE', #11726, #10600 ) ;
#5293 = ORIENTED_EDGE ( 'NONE', *, *, #8120, .F. ) ;
#5294 = FACE_OUTER_BOUND ( 'NONE', #8144, .T. ) ;
#5295 = EDGE_CURVE ( 'NONE', #6609, #3322, #8988, .T. ) ;
#5296 = AXIS2_PLACEMENT_3D ( 'NONE', #6972, #7031, #10781 ) ;
#5297 = EDGE_LOOP ( 'NONE', ( #8798, #1737, #246, #2042, #3026 ) ) ;
#5298 = B_SPLINE_CURVE_WITH_KNOTS ( 'NONE', 3,
 ( #1403, #4255, #4073, #7045, #8799, #7948, #10678, #11647, #2444, #1348, #722, #5336, #4703, #5622, #2562, #8414, #2846, #4431, #6543, #8134, #8474, #7172, #1932 ),
 .UNSPECIFIED., .F., .F.,
 ( 4, 2, 1, 1, 1, 1, 2, 2, 2, 1, 1, 1, 2, 2, 4 ),
 ( 0.000000000000000000, 0.007812500000000598480, 0.01562500000000119696, 0.03125000000001586925, 0.06250000000004519995, 0.1250000000001038891, 0.2500000000002318701, 0.5000000000004631850, 0.5078125000004722889, 0.5156250000004816147, 0.5312500000005064837, 0.5625000000004842793, 0.6250000000004246603, 0.7500000000002687850, 1.000000000000000000 ),
 .UNSPECIFIED. ) ;
#5299 = DIRECTION ( 'NONE',  ( 0.7071067811865475727, 0.000000000000000000, 0.7071067811865475727 ) ) ;
#5300 = LINE ( 'NONE', #9006, #2399 ) ;
#5301 = ORIENTED_EDGE ( 'NONE', *, *, #9086, .F. ) ;
#5302 = ADVANCED_FACE ( 'NONE', ( #2929 ), #6624, .T. ) ;
#5303 = CARTESIAN_POINT ( 'NONE',  ( 138.3506535661549890, -144.2949860153909754, 106.3330733680300000 ) ) ;
#5304 = LINE ( 'NONE', #9915, #362 ) ;
#5305 = AXIS2_PLACEMENT_3D ( 'NONE', #4558, #1838, #11956 ) ;
#5306 = CARTESIAN_POINT ( 'NONE',  ( 163.0571133453900075, -153.4297640746490003, 66.54898615365620174 ) ) ;
#5307 = AXIS2_PLACEMENT_3D ( 'NONE', #856, #10018, #11104 ) ;
#5308 = CARTESIAN_POINT ( 'NONE',  ( 133.0664558081502094, -132.0969567164434011, 53.47602185630490368 ) ) ;
#5309 = CARTESIAN_POINT ( 'NONE',  ( 132.2171133453900040, -135.4297640746490288, 80.50005035146759269 ) ) ;
#5310 = ORIENTED_EDGE ( 'NONE', *, *, #8065, .T. ) ;
#5311 = FACE_OUTER_BOUND ( 'NONE', #3275, .T. ) ;
#5312 = ORIENTED_EDGE ( 'NONE', *, *, #8598, .T. ) ;
#5313 = EDGE_CURVE ( 'NONE', #8627, #7578, #3115, .T. ) ;
#5314 = ORIENTED_EDGE ( 'NONE', *, *, #3106, .F. ) ;
#5315 = EDGE_LOOP ( 'NONE', ( #4820, #3318, #1999, #1809 ) ) ;
#5316 = AXIS2_PLACEMENT_3D ( 'NONE', #8923, #3172, #10733 ) ;
#5317 = LINE ( 'NONE', #4237, #5887 ) ;
#5318 = CARTESIAN_POINT ( 'NONE',  ( 162.2171133453900040, -135.4297640746490288, 69.99999991151639733 ) ) ;
#5319 = LINE ( 'NONE', #1572, #7787 ) ;
#5320 = EDGE_CURVE ( 'NONE', #10412, #6633, #3051, .T. ) ;
#5321 = ORIENTED_EDGE ( 'NONE', *, *, #9992, .T. ) ;
#5322 = EDGE_CURVE ( 'NONE', #7192, #337, #6865, .T. ) ;
#5323 = ORIENTED_EDGE ( 'NONE', *, *, #5052, .T. ) ;
#5324 = CARTESIAN_POINT ( 'NONE',  ( 132.6248169134119905, -148.2297640746490117, 105.4997837512840135 ) ) ;
#5325 = ORIENTED_EDGE ( 'NONE', *, *, #2824, .F. ) ;
#5326 = CARTESIAN_POINT ( 'NONE',  ( 160.2171131927750025, -148.2297640746490117, 103.7997837512839965 ) ) ;
#5327 = LINE ( 'NONE', #8182, #6976 ) ;
#5328 = AXIS2_PLACEMENT_3D ( 'NONE', #8568, #11285, #5896 ) ;
#5329 = AXIS2_PLACEMENT_3D ( 'NONE', #5603, #9300, #3617 ) ;
#5330 = VERTEX_POINT ( 'NONE', #5155 ) ;
#5331 = CARTESIAN_POINT ( 'NONE',  ( 156.9671133453899756, -135.1797640746490288, 67.99999991151629786 ) ) ;
#5332 = EDGE_CURVE ( 'NONE', #3329, #7814, #9611, .T. ) ;
#5333 = ORIENTED_EDGE ( 'NONE', *, *, #786, .T. ) ;
#5334 = CARTESIAN_POINT ( 'NONE',  ( 157.1171131927750082, -154.0297640746490231, 103.7997837512839965 ) ) ;
#5335 = AXIS2_PLACEMENT_3D ( 'NONE', #14, #3793, #9420 ) ;
#5336 = CARTESIAN_POINT ( 'NONE',  ( 132.9479619286036041, -139.8230045498123388, 67.07527280392940838 ) ) ;
#5337 = CARTESIAN_POINT ( 'NONE',  ( 135.2171133453900040, -127.9297640746490146, 68.99999991151649681 ) ) ;
#5338 = DIRECTION ( 'NONE',  ( -4.832939597814259772E-15, -1.000000000000000000, -6.432020515982920536E-15 ) ) ;
#5339 = LINE ( 'NONE', #2566, #2827 ) ;
#5340 = FACE_OUTER_BOUND ( 'NONE', #2917, .T. ) ;
#5341 = AXIS2_PLACEMENT_3D ( 'NONE', #4953, #218, #2055 ) ;
#5342 = CARTESIAN_POINT ( 'NONE',  ( 161.2171133453899756, -138.0155505122760076, 68.99999991151629786 ) ) ;
#5343 = ADVANCED_FACE ( 'NONE', ( #10734 ), #9889, .F. ) ;
#5344 = ADVANCED_FACE ( 'NONE', ( #11765 ), #4132, .F. ) ;
#5345 = DIRECTION ( 'NONE',  ( -0.7071067809181789121, 0.000000000000000000, -0.7071067814549162334 ) ) ;
#5346 = ORIENTED_EDGE ( 'NONE', *, *, #10875, .F. ) ;
#5347 = AXIS2_PLACEMENT_3D ( 'NONE', #2401, #6093, #6946 ) ;
#5348 = CARTESIAN_POINT ( 'NONE',  ( 161.2171133453899756, -138.0155505122760076, 67.99999991151629786 ) ) ;
#5349 = CARTESIAN_POINT ( 'NONE',  ( 121.1822452853583485, -150.3948960146175295, 108.7730463793269706 ) ) ;
#5350 = CARTESIAN_POINT ( 'NONE',  ( 132.6106248479624128, -114.4297640215114029, 60.17765112427590424 ) ) ;
#5351 = ORIENTED_EDGE ( 'NONE', *, *, #826, .F. ) ;
#5352 = CARTESIAN_POINT ( 'NONE',  ( 163.2171162736570125, -141.6950125878859978, 69.26571835470110727 ) ) ;
#5353 = CARTESIAN_POINT ( 'NONE',  ( 131.8036569683124242, -114.6271460340300052, 50.45854402104249914 ) ) ;
#5354 = FACE_OUTER_BOUND ( 'NONE', #1297, .T. ) ;
#5355 = EDGE_LOOP ( 'NONE', ( #9144, #4382, #149, #7424 ) ) ;
#5356 = DIRECTION ( 'NONE',  ( -1.000000000000000000, -9.644381700046828834E-17, -7.166576360129189239E-17 ) ) ;
#5357 = ADVANCED_FACE ( 'NONE', ( #11588 ), #3412, .F. ) ;
#5358 = VERTEX_POINT ( 'NONE', #421 ) ;
#5359 = AXIS2_PLACEMENT_3D ( 'NONE', #9830, #4199, #6993 ) ;
#5360 = VERTEX_POINT ( 'NONE', #9826 ) ;
#5361 = APPLICATION_CONTEXT ( 'automotive_design' ) ;
#5362 = DIRECTION ( 'NONE',  ( 0.7071067811862856711, -3.068939675346769031E-07, -0.7071067811867427499 ) ) ;
#5363 = PLANE ( 'NONE',  #11481 ) ;
#5364 = ORIENTED_EDGE ( 'NONE', *, *, #5042, .T. ) ;
#5365 = DIRECTION ( 'NONE',  ( 0.7071067811865475727, 0.000000000000000000, 0.7071067811865475727 ) ) ;
#5366 = LINE ( 'NONE', #2539, #7546 ) ;
#5367 = VECTOR ( 'NONE', #2122, 1000.000000000000000 ) ;
#5368 = DIRECTION ( 'NONE',  ( 7.166576360129189239E-17, -1.526556658859589750E-16, -1.000000000000000000 ) ) ;
#5369 = LINE ( 'NONE', #6469, #1683 ) ;
#5370 = CARTESIAN_POINT ( 'NONE',  ( 132.2171133453900040, -123.4296722848586114, 62.74648661845989750 ) ) ;
#5371 = ORIENTED_EDGE ( 'NONE', *, *, #11534, .F. ) ;
#5372 = CARTESIAN_POINT ( 'NONE',  ( 125.4555982874533981, -147.3829269371353803, 53.38549640900530591 ) ) ;
#5373 = ORIENTED_EDGE ( 'NONE', *, *, #11631, .T. ) ;
#5375 = ORIENTED_EDGE ( 'NONE', *, *, #11247, .F. ) ;
#5374 = B_SPLINE_CURVE_WITH_KNOTS ( 'NONE', 3,
 ( #6171, #1379, #8900, #4106, #3263, #7146 ),
 .UNSPECIFIED., .F., .F.,
 ( 4, 2, 4 ),
 ( 0.000000000000000000, 0.5000000000000000000, 1.000000000000000000 ),
 .UNSPECIFIED. ) ;
#5376 = AXIS2_PLACEMENT_3D ( 'NONE', #6814, #188, #982 ) ;
#5377 = VERTEX_POINT ( 'NONE', #1585 ) ;
#5378 = PLANE ( 'NONE',  #5296 ) ;
#5379 = CYLINDRICAL_SURFACE ( 'NONE', #8787, 14.00026375888599439 ) ;
#5380 = CARTESIAN_POINT ( 'NONE',  ( 163.1867387273269969, -147.0393531173683925, 51.11866876023830031 ) ) ;
#5381 = ORIENTED_EDGE ( 'NONE', *, *, #7260, .F. ) ;
#5382 = VERTEX_POINT ( 'NONE', #10799 ) ;
#5383 = CARTESIAN_POINT ( 'NONE',  ( 133.2171133453900040, -136.4297640746490288, 70.99999991151649681 ) ) ;
#5384 = EDGE_CURVE ( 'NONE', #3289, #7239, #5274, .T. ) ;
#5385 = ORIENTED_EDGE ( 'NONE', *, *, #2669, .T. ) ;
#5386 = DIRECTION ( 'NONE',  ( 0.7071067811863189778, -2.468745622722510181E-15, -0.7071067811867760566 ) ) ;
#5387 = VECTOR ( 'NONE', #8419, 1000.000000000000000 ) ;
#5388 = CARTESIAN_POINT ( 'NONE',  ( 132.6106248479624128, -120.9297640215114029, 57.67765112427589713 ) ) ;
#5389 = AXIS2_PLACEMENT_3D ( 'NONE', #11050, #1653, #1830 ) ;
#5390 = EDGE_CURVE ( 'NONE', #636, #9354, #3845, .T. ) ;
#5391 = ORIENTED_EDGE ( 'NONE', *, *, #11103, .T. ) ;
#5392 = EDGE_CURVE ( 'NONE', #9038, #6575, #6674, .T. ) ;
#5393 = CIRCLE ( 'NONE', #8885, 14.00026402016930049 ) ;
#5394 = CARTESIAN_POINT ( 'NONE',  ( 163.3994471967899926, -149.1854823785812130, 50.50639933806905191 ) ) ;
#5395 = ORIENTED_EDGE ( 'NONE', *, *, #9419, .T. ) ;
#5396 = LINE ( 'NONE', #4718, #7806 ) ;
#5397 = PLANE ( 'NONE',  #11268 ) ;
#5398 = AXIS2_PLACEMENT_3D ( 'NONE', #4692, #10459, #8403 ) ;
#5399 = VECTOR ( 'NONE', #9036, 1000.000000000000000 ) ;
#5400 = LINE ( 'NONE', #6497, #8224 ) ;
#5401 = DIRECTION ( 'NONE',  ( -7.166576360129300173E-17, 2.327875578288750051E-16, 1.000000000000000000 ) ) ;
#5402 = EDGE_CURVE ( 'NONE', #7019, #4938, #5964, .T. ) ;
#5403 = DIRECTION ( 'NONE',  ( 3.683226109728400325E-15, 1.000000000000000000, -2.148562215093330474E-15 ) ) ;
#5404 = CARTESIAN_POINT ( 'NONE',  ( 165.2171133453900040, -120.4297640215243916, 57.98985306244389903 ) ) ;
#5405 = VECTOR ( 'NONE', #3794, 1000.000000000000000 ) ;
#5406 = LINE ( 'NONE', #11950, #3841 ) ;
#5407 = ORIENTED_EDGE ( 'NONE', *, *, #7249, .T. ) ;
#5408 = LINE ( 'NONE', #794, #5116 ) ;
#5409 = AXIS2_PLACEMENT_3D ( 'NONE', #2279, #5969, #9668 ) ;
#5410 = ORIENTED_EDGE ( 'NONE', *, *, #4436, .F. ) ;
#5411 = CIRCLE ( 'NONE', #11610, 0.9999999999999964473 ) ;
#5412 = DIRECTION ( 'NONE',  ( 1.000000000000000000, 0.000000000000000000, 0.000000000000000000 ) ) ;
#5413 = PLANE ( 'NONE',  #10252 ) ;
#5414 = EDGE_CURVE ( 'NONE', #9624, #11369, #10855, .T. ) ;
#5415 = EDGE_CURVE ( 'NONE', #9756, #6641, #6286, .T. ) ;
#5416 = DIRECTION ( 'NONE',  ( 0.000000000000000000, 0.9996572032854824652, -0.02618159505162930695 ) ) ;
#5417 = ORIENTED_EDGE ( 'NONE', *, *, #7664, .T. ) ;
#5418 = PLANE ( 'NONE',  #7356 ) ;
#5419 = CARTESIAN_POINT ( 'NONE',  ( 139.0808597668969924, -145.2598994943089963, 111.3679489095640065 ) ) ;
#5420 = CARTESIAN_POINT ( 'NONE',  ( 169.2171133453904872, -134.4297640215112040, 58.25000000000000000 ) ) ;
#5421 = ORIENTED_EDGE ( 'NONE', *, *, #2059, .F. ) ;
#5422 = DIRECTION ( 'NONE',  ( -9.644381700046828834E-17, 1.000000000000000000, -2.327875578288750051E-16 ) ) ;
#5423 = ORIENTED_EDGE ( 'NONE', *, *, #10285, .F. ) ;
#5424 = AXIS2_PLACEMENT_3D ( 'NONE', #11893, #3600, #2814 ) ;
#5425 = ORIENTED_EDGE ( 'NONE', *, *, #6953, .T. ) ;
#5426 = FACE_OUTER_BOUND ( 'NONE', #7483, .T. ) ;
#5427 = DIRECTION ( 'NONE',  ( -1.656711940836460082E-15, -1.000000000000000000, 1.656711940836560070E-15 ) ) ;
#5428 = ORIENTED_EDGE ( 'NONE', *, *, #11161, .F. ) ;
#5429 = FACE_OUTER_BOUND ( 'NONE', #1250, .T. ) ;
#5430 = CARTESIAN_POINT ( 'NONE',  ( 165.3236018428179932, -114.8297640215111954, 60.17765112427590424 ) ) ;
#5431 = EDGE_CURVE ( 'NONE', #11329, #9307, #11939, .T. ) ;
#5432 =( BOUNDED_CURVE ( )  B_SPLINE_CURVE ( 3, ( #10789, #8917, #11691, #4363 ),
 .UNSPECIFIED., .F., .T. ) 
 B_SPLINE_CURVE_WITH_KNOTS ( ( 4, 4 ),
 ( 6.166804308731429677E-17, 1.570796326794895004 ),
 .UNSPECIFIED. ) 
 CURVE ( )  GEOMETRIC_REPRESENTATION_ITEM ( )  RATIONAL_B_SPLINE_CURVE ( ( 1.000000000000000000, 0.8047378541243649375, 0.8047378541243649375, 1.000000000000000000 ) ) 
 REPRESENTATION_ITEM ( '' )  );
#5433 = CARTESIAN_POINT ( 'NONE',  ( 163.2171133453904872, -114.4297640215112040, 62.74648661845999698 ) ) ;
#5434 = CARTESIAN_POINT ( 'NONE',  ( 162.3677708826299977, -138.4595744938966106, 53.47602185630480420 ) ) ;
#5435 = CARTESIAN_POINT ( 'NONE',  ( 160.7171133453899756, -138.5155505122760076, 69.70710669270289372 ) ) ;
#5436 = PLANE ( 'NONE',  #11403 ) ;
#5437 = ORIENTED_EDGE ( 'NONE', *, *, #272, .T. ) ;
#5438 = LINE ( 'NONE', #8287, #4986 ) ;
#5439 = EDGE_LOOP ( 'NONE', ( #9665, #5323, #11666, #4207 ) ) ;
#5440 = ORIENTED_EDGE ( 'NONE', *, *, #504, .F. ) ;
#5441 = ORIENTED_EDGE ( 'NONE', *, *, #9532, .T. ) ;
#5442 = CARTESIAN_POINT ( 'NONE',  ( 160.3469930388157252, -120.6625652652592038, 59.88382921457552754 ) ) ;
#5443 = CARTESIAN_POINT ( 'NONE',  ( 132.2171133574399846, -142.4297640746490003, 70.99999993839659851 ) ) ;
#5444 = LINE ( 'NONE', #7333, #11464 ) ;
#5445 = ORIENTED_EDGE ( 'NONE', *, *, #8756, .T. ) ;
#5446 = ORIENTED_EDGE ( 'NONE', *, *, #6384, .F. ) ;
#5447 = EDGE_CURVE ( 'NONE', #9461, #7959, #4606, .T. ) ;
#5448 = DIRECTION ( 'NONE',  ( 1.917940887807219907E-15, 1.000000000000000000, -1.917940887807179675E-15 ) ) ;
#5449 = LINE ( 'NONE', #11143, #4188 ) ;
#5450 = CARTESIAN_POINT ( 'NONE',  ( 147.7171133226179904, -154.4297640746490003, 102.7500000000329976 ) ) ;
#5451 = ORIENTED_EDGE ( 'NONE', *, *, #1559, .F. ) ;
#5452 = CARTESIAN_POINT ( 'NONE',  ( 133.9424008712060186, -140.4297640215119998, 107.3643259182869940 ) ) ;
#5453 = VERTEX_POINT ( 'NONE', #6381 ) ;
#5454 = EDGE_CURVE ( 'NONE', #3518, #6550, #5520, .T. ) ;
#5455 = PLANE ( 'NONE',  #1610 ) ;
#5456 = CARTESIAN_POINT ( 'NONE',  ( 139.1025978581049856, -140.4297640215119998, 105.3679489095639923 ) ) ;
#5457 = B_SPLINE_CURVE_WITH_KNOTS ( 'NONE', 3,
 ( #4515, #2713, #7429, #11121, #137, #1853, #1797, #2828, #8220, #6525 ),
 .UNSPECIFIED., .F., .F.,
 ( 4, 2, 2, 2, 4 ),
 ( 0.000000000000000000, 0.2500000000000000000, 0.5000000000000000000, 0.7500000000000000000, 1.000000000000000000 ),
 .UNSPECIFIED. ) ;
#5458 = ADVANCED_FACE ( 'NONE', ( #846 ), #8371, .T. ) ;
#5459 = EDGE_CURVE ( 'NONE', #393, #10122, #968, .T. ) ;
#5460 = CARTESIAN_POINT ( 'NONE',  ( 134.0443146464219524, -121.5953362799476878, 62.32573954726343146 ) ) ;
#5461 = PLANE ( 'NONE',  #12005 ) ;
#5462 = CIRCLE ( 'NONE', #8364, 0.9999999999999964473 ) ;
#5463 = CARTESIAN_POINT ( 'NONE',  ( 133.9421679410749846, -140.4297640215119998, 111.3643259181410059 ) ) ;
#5464 = CARTESIAN_POINT ( 'NONE',  ( 132.2171133453900040, -119.4297640746489861, 99.26432591814190687 ) ) ;
#5465 = ADVANCED_FACE ( 'NONE', ( #6256 ), #12002, .T. ) ;
#5466 = AXIS2_PLACEMENT_3D ( 'NONE', #8714, #5121, #10468 ) ;
#5467 = ORIENTED_EDGE ( 'NONE', *, *, #5459, .T. ) ;
#5468 = CARTESIAN_POINT ( 'NONE',  ( 160.1768364872659731, -140.4297640215119998, 116.6644502228040068 ) ) ;
#5469 = ORIENTED_EDGE ( 'NONE', *, *, #9716, .F. ) ;
#5470 = EDGE_CURVE ( 'NONE', #9307, #6641, #5400, .T. ) ;
#5471 = LINE ( 'NONE', #11107, #4372 ) ;
#5472 = CARTESIAN_POINT ( 'NONE',  ( 132.2171133453900040, -134.4297640746490288, 81.50005035146759269 ) ) ;
#5473 = DIRECTION ( 'NONE',  ( -1.000000000000000000, 0.000000000000000000, 1.387778780781444413E-14 ) ) ;
#5474 = ORIENTED_EDGE ( 'NONE', *, *, #9220, .T. ) ;
#5475 = PLANE ( 'NONE',  #7537 ) ;
#5476 = VECTOR ( 'NONE', #1045, 999.9999999999998863 ) ;
#5477 = FACE_OUTER_BOUND ( 'NONE', #11200, .T. ) ;
#5478 = PLANE ( 'NONE',  #8110 ) ;
#5479 = ORIENTED_EDGE ( 'NONE', *, *, #5995, .F. ) ;
#5480 = LINE ( 'NONE', #4626, #11183 ) ;
#5481 = ORIENTED_EDGE ( 'NONE', *, *, #7543, .T. ) ;
#5482 = EDGE_CURVE ( 'NONE', #7576, #1979, #4665, .T. ) ;
#5483 = EDGE_LOOP ( 'NONE', ( #7216, #7104 ) ) ;
#5484 = EDGE_CURVE ( 'NONE', #11519, #5382, #9945, .T. ) ;
#5485 = CIRCLE ( 'NONE', #6454, 0.9999999999999964473 ) ;
#5486 = CARTESIAN_POINT ( 'NONE',  ( 156.9591226427349966, -114.8297640215114086, 62.10199319125020168 ) ) ;
#5487 = EDGE_LOOP ( 'NONE', ( #5007, #10391, #3238 ) ) ;
#5488 = CARTESIAN_POINT ( 'NONE',  ( 163.2171133453900040, -140.4297640215119998, 102.7500000000329976 ) ) ;
#5489 = CARTESIAN_POINT ( 'NONE',  ( 139.0808597668969924, -145.2598994943089963, 111.3679489095640065 ) ) ;
#5490 = DIRECTION ( 'NONE',  ( -0.7071067811865475727, 0.7071067811865475727, 0.000000000000000000 ) ) ;
#5491 = LINE ( 'NONE', #9186, #2897 ) ;
#5492 = DIRECTION ( 'NONE',  ( -8.933825901280518326E-17, -1.000000000000000000, 8.933825901279618531E-17 ) ) ;
#5493 = LINE ( 'NONE', #11804, #10048 ) ;
#5494 = ORIENTED_EDGE ( 'NONE', *, *, #4733, .F. ) ;
#5495 = FACE_OUTER_BOUND ( 'NONE', #10606, .T. ) ;
#5496 = AXIS2_PLACEMENT_3D ( 'NONE', #8116, #11867, #4473 ) ;
#5497 = ORIENTED_EDGE ( 'NONE', *, *, #6147, .T. ) ;
#5498 = ADVANCED_FACE ( 'NONE', ( #9390 ), #11215, .T. ) ;
#5499 = ORIENTED_EDGE ( 'NONE', *, *, #757, .T. ) ;
#5500 = EDGE_CURVE ( 'NONE', #2313, #6046, #854, .T. ) ;
#5501 = ORIENTED_EDGE ( 'NONE', *, *, #3612, .T. ) ;
#5502 = CARTESIAN_POINT ( 'NONE',  ( 160.3238987826740072, -120.6206696585354479, 60.07849394778440910 ) ) ;
#5503 = CARTESIAN_POINT ( 'NONE',  ( 158.7171133453899756, -136.4297640746490288, 82.74999987335620233 ) ) ;
#5504 = DIRECTION ( 'NONE',  ( -1.038940419595570144E-15, -1.526556658859589750E-16, -1.000000000000000000 ) ) ;
#5505 = ORIENTED_EDGE ( 'NONE', *, *, #7461, .F. ) ;
#5506 =( BOUNDED_CURVE ( )  B_SPLINE_CURVE ( 3, ( #8551, #2129, #11332, #6796 ),
 .UNSPECIFIED., .F., .F. ) 
 B_SPLINE_CURVE_WITH_KNOTS ( ( 4, 4 ),
 ( 4.719147851734369681, 4.896085245076289283 ),
 .UNSPECIFIED. ) 
 CURVE ( )  GEOMETRIC_REPRESENTATION_ITEM ( )  RATIONAL_B_SPLINE_CURVE ( ( 1.000000000000000000, 0.9973927977201900719, 0.9973927977201900719, 1.000000000000000000 ) ) 
 REPRESENTATION_ITEM ( '' )  );
#5507 = AXIS2_PLACEMENT_3D ( 'NONE', #1161, #11228, #122 ) ;
#5508 = VERTEX_POINT ( 'NONE', #2190 ) ;
#5509 = AXIS2_PLACEMENT_3D ( 'NONE', #2410, #7855, #11613 ) ;
#5510 = FACE_OUTER_BOUND ( 'NONE', #8266, .T. ) ;
#5511 = CARTESIAN_POINT ( 'NONE',  ( 160.2171131927750025, -148.2297640746490117, 103.7997837512839965 ) ) ;
#5512 = CARTESIAN_POINT ( 'NONE',  ( 132.2171133453900040, -141.8439776370219931, 68.99999991151659628 ) ) ;
#5513 = VERTEX_POINT ( 'NONE', #10248 ) ;
#5514 = VECTOR ( 'NONE', #7127, 1000.000000000000000 ) ;
#5515 = CARTESIAN_POINT ( 'NONE',  ( 163.4876018428244890, -148.9298859776444033, 50.25265112427409520 ) ) ;
#5516 = AXIS2_PLACEMENT_3D ( 'NONE', #5486, #9180, #7375 ) ;
#5517 = ORIENTED_EDGE ( 'NONE', *, *, #785, .T. ) ;
#5518 = CARTESIAN_POINT ( 'NONE',  ( 159.6669467343539850, -152.8297640746490060, 72.24999974667979075 ) ) ;
#5519 = LINE ( 'NONE', #9155, #4863 ) ;
#5520 = LINE ( 'NONE', #11044, #1042 ) ;
#5521 = AXIS2_PLACEMENT_3D ( 'NONE', #7493, #3907, #3234 ) ;
#5522 = DIRECTION ( 'NONE',  ( 1.000000000000000000, -2.602085193540409578E-17, -7.823253522621811981E-15 ) ) ;
#5523 = VECTOR ( 'NONE', #6806, 1000.000000000000000 ) ;
#5524 = CARTESIAN_POINT ( 'NONE',  ( 123.9605599919992045, -148.4297640215245906, 58.25000000000000000 ) ) ;
#5525 = EDGE_CURVE ( 'NONE', #6483, #2677, #1083, .T. ) ;
#5526 = DIRECTION ( 'NONE',  ( 7.166576360129189239E-17, -1.150608946447910180E-15, -1.000000000000000000 ) ) ;
#5527 = VECTOR ( 'NONE', #8444, 1000.000000000000000 ) ;
#5528 = CIRCLE ( 'NONE', #5329, 0.9999999999999964473 ) ;
#5529 = CARTESIAN_POINT ( 'NONE',  ( 161.2171133453899756, -138.0155505122760076, 78.81249988289620489 ) ) ;
#5530 = VERTEX_POINT ( 'NONE', #4903 ) ;
#5531 = LINE ( 'NONE', #10198, #6096 ) ;
#5532 = DIRECTION ( 'NONE',  ( 0.000000000000000000, -2.327875578288750051E-16, -1.000000000000000000 ) ) ;
#5533 = VECTOR ( 'NONE', #8805, 1000.000000000000000 ) ;
#5534 = ORIENTED_EDGE ( 'NONE', *, *, #6062, .T. ) ;
#5535 = ADVANCED_FACE ( 'NONE', ( #5694 ), #4966, .T. ) ;
#5536 = LINE ( 'NONE', #11286, #8130 ) ;
#5537 = DIRECTION ( 'NONE',  ( -2.334670139474400226E-15, 0.000000000000000000, 1.000000000000000000 ) ) ;
#5538 = DIRECTION ( 'NONE',  ( 1.000000000000000000, 0.000000000000000000, 0.000000000000000000 ) ) ;
#5539 = ORIENTED_EDGE ( 'NONE', *, *, #9106, .F. ) ;
#5540 = LINE ( 'NONE', #928, #10614 ) ;
#5541 = EDGE_CURVE ( 'NONE', #4392, #10036, #9572, .T. ) ;
#5542 = ORIENTED_EDGE ( 'NONE', *, *, #4174, .T. ) ;
#5543 = ADVANCED_FACE ( 'NONE', ( #11335 ), #10305, .F. ) ;
#5544 = VECTOR ( 'NONE', #8956, 1000.000000000000000 ) ;
#5545 = FACE_OUTER_BOUND ( 'NONE', #10673, .T. ) ;
#5546 = VERTEX_POINT ( 'NONE', #11274 ) ;
#5547 = LINE ( 'NONE', #8338, #10182 ) ;
#5548 = CARTESIAN_POINT ( 'NONE',  ( 159.6669467343539850, -153.4297640746490003, 69.84999974667979927 ) ) ;
#5549 = DIRECTION ( 'NONE',  ( 0.7071067811846449835, -2.453552733018000093E-15, 0.7071067811884500509 ) ) ;
#5550 = ADVANCED_FACE ( 'NONE', ( #10365 ), #288, .F. ) ;
#5551 = DIRECTION ( 'NONE',  ( 0.7071061596869638866, -0.7071074026855849182, -2.516956070619128802E-16 ) ) ;
#5552 = ORIENTED_EDGE ( 'NONE', *, *, #3762, .F. ) ;
#5553 = VECTOR ( 'NONE', #11299, 1000.000000000000000 ) ;
#5554 = DIRECTION ( 'NONE',  ( 3.795365069985939951E-10, -4.548321542336950376E-16, -1.000000000000000000 ) ) ;
#5555 = ORIENTED_EDGE ( 'NONE', *, *, #10207, .F. ) ;
#5556 = ORIENTED_EDGE ( 'NONE', *, *, #9714, .T. ) ;
#5557 = VERTEX_POINT ( 'NONE', #6614 ) ;
#5558 = CARTESIAN_POINT ( 'NONE',  ( 161.1628379007507874, -121.6655499991906595, 58.40932250760852895 ) ) ;
#5559 = CARTESIAN_POINT ( 'NONE',  ( 154.4671131813890099, -151.9297640746490003, 115.1643259181419978 ) ) ;
#5560 = CARTESIAN_POINT ( 'NONE',  ( 126.8043469377704042, -127.2079386145634459, 57.74999999999995737 ) ) ;
#5561 = ORIENTED_EDGE ( 'NONE', *, *, #9547, .T. ) ;
#5562 = VECTOR ( 'NONE', #7718, 1000.000000000000000 ) ;
#5563 = DIRECTION ( 'NONE',  ( -8.820989019637940419E-15, -1.074295325689379908E-17, -1.000000000000000000 ) ) ;
#5564 = EDGE_LOOP ( 'NONE', ( #4898, #9562 ) ) ;
#5565 = FACE_OUTER_BOUND ( 'NONE', #11665, .T. ) ;
#5566 = EDGE_CURVE ( 'NONE', #4887, #3917, #9775, .T. ) ;
#5567 = EDGE_CURVE ( 'NONE', #5810, #11988, #10159, .T. ) ;
#5568 = CARTESIAN_POINT ( 'NONE',  ( 163.1867387273269969, -120.4297680637882024, 51.11866876023850637 ) ) ;
#5569 = CARTESIAN_POINT ( 'NONE',  ( 132.5893095848283849, -114.4297640215114029, 57.77774199401589783 ) ) ;
#5570 = VERTEX_POINT ( 'NONE', #3102 ) ;
#5571 = AXIS2_PLACEMENT_3D ( 'NONE', #10477, #3877, #3992 ) ;
#5572 = LINE ( 'NONE', #7403, #1725 ) ;
#5573 = EDGE_LOOP ( 'NONE', ( #11000, #5421 ) ) ;
#5574 = DIRECTION ( 'NONE',  ( 7.166576360129189239E-17, -1.526556658859589750E-16, -1.000000000000000000 ) ) ;
#5575 = DIRECTION ( 'NONE',  ( 2.602085213964869829E-17, 1.000000000000000000, -1.526556658859589750E-16 ) ) ;
#5576 = VECTOR ( 'NONE', #5356, 1000.000000000000000 ) ;
#5577 = CARTESIAN_POINT ( 'NONE',  ( 163.2171132912669975, -136.4297640746490288, 81.50005036323310037 ) ) ;
#5578 = CARTESIAN_POINT ( 'NONE',  ( 175.2171132998449821, -153.4297640746490003, 100.7500000000290044 ) ) ;
#5579 = ADVANCED_FACE ( 'NONE', ( #172 ), #7581, .T. ) ;
#5580 = DIRECTION ( 'NONE',  ( -1.214306495755059738E-16, 1.000000000000000000, 6.573933234426810631E-15 ) ) ;
#5581 = DIRECTION ( 'NONE',  ( -2.602085213964879690E-17, -1.000000000000000000, 1.150608946447880006E-15 ) ) ;
#5582 = AXIS2_PLACEMENT_3D ( 'NONE', #5235, #4391, #10939 ) ;
#5583 = AXIS2_PLACEMENT_3D ( 'NONE', #2804, #2924, #6741 ) ;
#5584 = VERTEX_POINT ( 'NONE', #5755 ) ;
#5585 = CARTESIAN_POINT ( 'NONE',  ( 130.2171133453899756, -134.0920877878091915, 57.98985306244379956 ) ) ;
#5586 = VERTEX_POINT ( 'NONE', #10428 ) ;
#5587 = DIRECTION ( 'NONE',  ( -9.644381700046828834E-17, 1.000000000000000000, -2.327875578288750051E-16 ) ) ;
#5588 = EDGE_CURVE ( 'NONE', #3892, #10651, #11394, .T. ) ;
#5589 = AXIS2_PLACEMENT_3D ( 'NONE', #5664, #9491, #11300 ) ;
#5590 = DIRECTION ( 'NONE',  ( -1.000000000000000000, 3.428366777582859703E-10, 0.000000000000000000 ) ) ;
#5591 = AXIS2_PLACEMENT_3D ( 'NONE', #101, #3757, #8547 ) ;
#5592 = FACE_OUTER_BOUND ( 'NONE', #181, .T. ) ;
#5593 = DIRECTION ( 'NONE',  ( -0.8191520442889946851, 0.5735764363510417185, 3.263910464440868934E-15 ) ) ;
#5594 = DIRECTION ( 'NONE',  ( -0.4397326120323142296, 0.1821432117215233126, 0.8794652240646053665 ) ) ;
#5595 = ORIENTED_EDGE ( 'NONE', *, *, #7419, .T. ) ;
#5596 = CARTESIAN_POINT ( 'NONE',  ( 163.2171133453900040, -139.0155505122760076, 65.99999991151629786 ) ) ;
#5597 = ORIENTED_EDGE ( 'NONE', *, *, #1326, .F. ) ;
#5598 = VECTOR ( 'NONE', #6230, 1000.000000000000114 ) ;
#5599 = VECTOR ( 'NONE', #2932, 1000.000000000000000 ) ;
#5600 = EDGE_CURVE ( 'NONE', #11329, #7751, #8999, .T. ) ;
#5601 = CARTESIAN_POINT ( 'NONE',  ( 163.2171133453900040, -153.4297640741879718, 65.95898615365621254 ) ) ;
#5602 = ORIENTED_EDGE ( 'NONE', *, *, #11561, .F. ) ;
#5603 = CARTESIAN_POINT ( 'NONE',  ( 163.2171132912669975, -119.4297640746489861, 81.50005036323310037 ) ) ;
#5604 = CARTESIAN_POINT ( 'NONE',  ( 132.2872397338890096, -141.2594915997539999, 67.36559871253560061 ) ) ;
#5605 = EDGE_CURVE ( 'NONE', #1671, #4818, #6735, .T. ) ;
#5606 = LINE ( 'NONE', #9303, #98 ) ;
#5607 = ADVANCED_FACE ( 'NONE', ( #3040 ), #228, .F. ) ;
#5608 = CARTESIAN_POINT ( 'NONE',  ( 132.6106248479624128, -114.4297640215114029, 60.27765112427590566 ) ) ;
#5609 = DIRECTION ( 'NONE',  ( -1.666513209668970211E-24, 1.000000000000000000, 6.661338147750930565E-15 ) ) ;
#5610 = FACE_OUTER_BOUND ( 'NONE', #8833, .T. ) ;
#5611 = VERTEX_POINT ( 'NONE', #9643 ) ;
#5612 = CARTESIAN_POINT ( 'NONE',  ( 147.7171131080249893, -149.8297644555290162, 101.7500000000299991 ) ) ;
#5613 = ORIENTED_EDGE ( 'NONE', *, *, #5447, .T. ) ;
#5614 = VERTEX_POINT ( 'NONE', #6004 ) ;
#5615 = ORIENTED_EDGE ( 'NONE', *, *, #7336, .T. ) ;
#5616 = ADVANCED_FACE ( 'NONE', ( #11453 ), #1574, .T. ) ;
#5617 = LINE ( 'NONE', #4644, #3759 ) ;
#5618 = DIRECTION ( 'NONE',  ( -1.406355277898634195E-14, -2.311987314028429852E-15, -1.000000000000000000 ) ) ;
#5619 = CARTESIAN_POINT ( 'NONE',  ( 163.2171133453900040, -148.6145749091940047, 98.71913840945249774 ) ) ;
#5620 = CIRCLE ( 'NONE', #11814, 0.9999999999999964473 ) ;
#5621 = ORIENTED_EDGE ( 'NONE', *, *, #5566, .F. ) ;
#5622 = CARTESIAN_POINT ( 'NONE',  ( 132.9501379723807588, -139.8164833933277862, 67.07401577320216290 ) ) ;
#5623 = ORIENTED_EDGE ( 'NONE', *, *, #3243, .T. ) ;
#5624 = CARTESIAN_POINT ( 'NONE',  ( 139.0317907242089177, -144.8985288992460596, 105.7339337421175287 ) ) ;
#5625 = CARTESIAN_POINT ( 'NONE',  ( 134.2171133453900040, -138.0155505122760076, 68.99999991151649681 ) ) ;
#5626 = LINE ( 'NONE', #3930, #5195 ) ;
#5627 = CARTESIAN_POINT ( 'NONE',  ( 130.2171133453899756, -148.4297640215247895, 62.75000000000000000 ) ) ;
#5628 = ORIENTED_EDGE ( 'NONE', *, *, #9021, .F. ) ;
#5629 = CARTESIAN_POINT ( 'NONE',  ( 132.5100065642033940, -135.1368708558355820, 70.29289313032991515 ) ) ;
#5630 = ORIENTED_EDGE ( 'NONE', *, *, #10981, .T. ) ;
#5631 = EDGE_CURVE ( 'NONE', #1625, #871, #853, .T. ) ;
#5632 = EDGE_CURVE ( 'NONE', #1806, #5614, #8852, .T. ) ;
#5633 = CARTESIAN_POINT ( 'NONE',  ( 134.2171133453900040, -138.0155505122760076, 67.99999991151649681 ) ) ;
#5634 = FACE_OUTER_BOUND ( 'NONE', #1455, .T. ) ;
#5635 = DIRECTION ( 'NONE',  ( 1.000000000000000000, 0.000000000000000000, -1.387778780781405917E-14 ) ) ;
#5636 = B_SPLINE_CURVE_WITH_KNOTS ( 'NONE', 3,
 ( #8785, #465, #7813, #5022, #10604, #11573 ),
 .UNSPECIFIED., .F., .F.,
 ( 4, 2, 4 ),
 ( 0.07496430663146090578, 0.07650333216465750319, 0.07681039569882819329 ),
 .UNSPECIFIED. ) ;
#5637 = PLANE ( 'NONE',  #5813 ) ;
#5638 = CARTESIAN_POINT ( 'NONE',  ( 162.4838881378031488, -153.4199215565553231, 66.69196498401396411 ) ) ;
#5639 = LINE ( 'NONE', #8436, #3075 ) ;
#5640 = EDGE_CURVE ( 'NONE', #390, #10122, #7651, .T. ) ;
#5641 = VERTEX_POINT ( 'NONE', #5143 ) ;
#5642 = CARTESIAN_POINT ( 'NONE',  ( 160.2171133453899756, -140.4297640215119998, 100.6909950527140012 ) ) ;
#5643 = FACE_OUTER_BOUND ( 'NONE', #3659, .T. ) ;
#5644 = VECTOR ( 'NONE', #1708, 1000.000000000000000 ) ;
#5645 = VERTEX_POINT ( 'NONE', #6917 ) ;
#5646 = DIRECTION ( 'NONE',  ( -1.000000000000000000, -1.214306495755069846E-16, 2.449293572821430305E-16 ) ) ;
#5647 = CARTESIAN_POINT ( 'NONE',  ( 121.2171133453899898, -154.4460613007630059, 43.75000000000059686 ) ) ;
#5648 = LINE ( 'NONE', #1958, #5599 ) ;
#5649 = DIRECTION ( 'NONE',  ( -0.7071067811865683339, 0.000000000000000000, -0.7071067811865267005 ) ) ;
#5650 = CARTESIAN_POINT ( 'NONE',  ( 168.6298797530100160, -119.4297640215114171, 57.75000000000000000 ) ) ;
#5651 = EDGE_LOOP ( 'NONE', ( #7043, #4033, #5613, #11570 ) ) ;
#5652 = DIRECTION ( 'NONE',  ( 0.000000000000000000, 1.000000000000000000, 0.000000000000000000 ) ) ;
#5653 = AXIS2_PLACEMENT_3D ( 'NONE', #9577, #3158, #6851 ) ;
#5654 = VERTEX_POINT ( 'NONE', #9699 ) ;
#5655 = EDGE_CURVE ( 'NONE', #2981, #2780, #7939, .T. ) ;
#5656 = DIRECTION ( 'NONE',  ( -4.751910101198859687E-14, 4.052677489049489696E-14, -1.000000000000000000 ) ) ;
#5657 = ORIENTED_EDGE ( 'NONE', *, *, #10723, .T. ) ;
#5658 = DIRECTION ( 'NONE',  ( -3.683226109728400325E-15, -1.000000000000000000, 0.000000000000000000 ) ) ;
#5659 = CARTESIAN_POINT ( 'NONE',  ( 132.2171133453900040, -140.7031490526360074, 66.26161093264740032 ) ) ;
#5660 = AXIS2_PLACEMENT_3D ( 'NONE', #432, #4144, #7840 ) ;
#5661 = DIRECTION ( 'NONE',  ( 0.000000000000000000, -1.526556658859589750E-16, -1.000000000000000000 ) ) ;
#5662 = DIRECTION ( 'NONE',  ( -3.683226109728400325E-15, -1.000000000000000000, -3.794803977225790103E-15 ) ) ;
#5663 = CARTESIAN_POINT ( 'NONE',  ( 139.9671133453900040, -119.4297640746489861, 99.26432591814190687 ) ) ;
#5664 = CARTESIAN_POINT ( 'NONE',  ( 132.2171133453900040, -144.5297640215119941, 65.95898615365621254 ) ) ;
#5665 = VERTEX_POINT ( 'NONE', #7875 ) ;
#5666 = EDGE_CURVE ( 'NONE', #5546, #9628, #4243, .T. ) ;
#5667 = CARTESIAN_POINT ( 'NONE',  ( 162.7170942870820056, -140.5154933373530071, 69.70699831078979969 ) ) ;
#5668 = EDGE_LOOP ( 'NONE', ( #9145, #11028, #4477, #10220 ) ) ;
#5669 = AXIS2_PLACEMENT_3D ( 'NONE', #9640, #6610, #10303 ) ;
#5670 = ORIENTED_EDGE ( 'NONE', *, *, #10910, .F. ) ;
#5671 =( BOUNDED_CURVE ( )  B_SPLINE_CURVE ( 3, ( #6081, #5044, #9773, #8749 ),
 .UNSPECIFIED., .F., .T. ) 
 B_SPLINE_CURVE_WITH_KNOTS ( ( 4, 4 ),
 ( 5.349890256905279529, 5.779402594102980295 ),
 .UNSPECIFIED. ) 
 CURVE ( )  GEOMETRIC_REPRESENTATION_ITEM ( )  RATIONAL_B_SPLINE_CURVE ( ( 1.000000000000000000, 0.9846855906441770445, 0.9846855906441770445, 1.000000000000000000 ) ) 
 REPRESENTATION_ITEM ( '' )  );
#5672 = ORIENTED_EDGE ( 'NONE', *, *, #11825, .F. ) ;
#5673 = CARTESIAN_POINT ( 'NONE',  ( 135.2171133453900040, -138.4595744938966106, 57.98985306244370719 ) ) ;
#5674 = CARTESIAN_POINT ( 'NONE',  ( 134.5521261191209987, -140.4297640215119998, 105.3643259181410059 ) ) ;
#5675 = FACE_OUTER_BOUND ( 'NONE', #6363, .T. ) ;
#5676 = ORIENTED_EDGE ( 'NONE', *, *, #2575, .F. ) ;
#5677 = CARTESIAN_POINT ( 'NONE',  ( 162.2171133453900040, -119.4297640746489861, 80.50005035146730847 ) ) ;
#5678 = VERTEX_POINT ( 'NONE', #11637 ) ;
#5679 = DIRECTION ( 'NONE',  ( -1.000000000000000000, 3.683226109728400325E-15, 0.000000000000000000 ) ) ;
#5680 = ORIENTED_EDGE ( 'NONE', *, *, #9480, .T. ) ;
#5681 = DIRECTION ( 'NONE',  ( 0.000000000000000000, 1.000000000000000000, -1.526556658859589750E-16 ) ) ;
#5682 = LINE ( 'NONE', #6787, #4796 ) ;
#5683 = ADVANCED_FACE ( 'NONE', ( #4061 ), #9814, .T. ) ;
#5684 = CARTESIAN_POINT ( 'NONE',  ( 134.9242201265765857, -127.9297640746490146, 67.29289313032990094 ) ) ;
#5685 = ORIENTED_EDGE ( 'NONE', *, *, #4941, .F. ) ;
#5686 = CARTESIAN_POINT ( 'NONE',  ( 160.3126060631870189, -141.0252566916429942, 98.69164219418240691 ) ) ;
#5687 = ORIENTED_EDGE ( 'NONE', *, *, #3225, .T. ) ;
#5688 = EDGE_CURVE ( 'NONE', #10495, #2968, #1648, .T. ) ;
#5689 = ADVANCED_FACE ( 'NONE', ( #1510 ), #6854, .T. ) ;
#5690 = ORIENTED_EDGE ( 'NONE', *, *, #11103, .F. ) ;
#5691 = AXIS2_PLACEMENT_3D ( 'NONE', #9499, #3867, #11493 ) ;
#5692 = FACE_OUTER_BOUND ( 'NONE', #1783, .T. ) ;
#5693 = LINE ( 'NONE', #1208, #3144 ) ;
#5694 = FACE_OUTER_BOUND ( 'NONE', #7225, .T. ) ;
#5695 = CARTESIAN_POINT ( 'NONE',  ( 131.9466248479623971, -114.8297640215111954, 50.25265112427589997 ) ) ;
#5696 = LINE ( 'NONE', #293, #6125 ) ;
#5697 = CIRCLE ( 'NONE', #3382, 1.700000000000007061 ) ;
#5698 = ADVANCED_FACE ( 'NONE', ( #8788 ), #10722, .T. ) ;
#5699 = AXIS2_PLACEMENT_3D ( 'NONE', #8395, #2648, #70 ) ;
#5700 = LINE ( 'NONE', #9458, #347 ) ;
#5701 = ORIENTED_EDGE ( 'NONE', *, *, #11834, .F. ) ;
#5702 = AXIS2_PLACEMENT_3D ( 'NONE', #8059, #834, #10972 ) ;
#5703 = DIRECTION ( 'NONE',  ( 1.000000000000000000, 9.644381700046828834E-17, 7.166576360129189239E-17 ) ) ;
#5704 = CONICAL_SURFACE ( 'NONE', #3204, 14.19999999999999041, 0.7853981633974913557 ) ;
#5705 = CARTESIAN_POINT ( 'NONE',  ( 126.2171133453899898, -149.8297640215160129, 62.75000000000000000 ) ) ;
#5706 = ORIENTED_EDGE ( 'NONE', *, *, #4749, .T. ) ;
#5707 = DIRECTION ( 'NONE',  ( -7.166576360129189239E-17, 0.000000000000000000, 1.000000000000000000 ) ) ;
#5708 = CARTESIAN_POINT ( 'NONE',  ( 121.2171133453899898, -140.4297640215119998, 102.7500000000290044 ) ) ;
#5709 = DIRECTION ( 'NONE',  ( -7.166576360129189239E-17, 1.526556658859589750E-16, 1.000000000000000000 ) ) ;
#5710 = EDGE_CURVE ( 'NONE', #145, #10867, #5124, .T. ) ;
#5711 = CARTESIAN_POINT ( 'NONE',  ( 159.6669467343539850, -152.8297640746490060, 71.34999974667979927 ) ) ;
#5712 = CARTESIAN_POINT ( 'NONE',  ( 132.6106248479624128, -114.4297640215114029, 60.27765112427590566 ) ) ;
#5713 = ADVANCED_FACE ( 'NONE', ( #5944 ), #2433, .T. ) ;
#5714 = DIRECTION ( 'NONE',  ( 0.9334193940513797472, 0.000000000000000000, 0.3587871720236870954 ) ) ;
#5715 = ORIENTED_EDGE ( 'NONE', *, *, #4203, .T. ) ;
#5716 = VECTOR ( 'NONE', #1540, 1000.000000000000000 ) ;
#5717 = CARTESIAN_POINT ( 'NONE',  ( 128.2864353382909144, -139.8021475220603236, 117.6643259359682929 ) ) ;
#5718 = ORIENTED_EDGE ( 'NONE', *, *, #8498, .F. ) ;
#5719 = CARTESIAN_POINT ( 'NONE',  ( 130.2171133453899756, -144.0488782002693995, 58.25000000000000000 ) ) ;
#5720 = VERTEX_POINT ( 'NONE', #7995 ) ;
#5721 = VECTOR ( 'NONE', #10214, 1000.000000000000000 ) ;
#5722 = CARTESIAN_POINT ( 'NONE',  ( 132.2171133453900040, -142.4297640746490003, 80.50005038256131229 ) ) ;
#5723 = CARTESIAN_POINT ( 'NONE',  ( 132.2183617872449872, -139.5998466385589722, 66.26778859083049156 ) ) ;
#5724 = DIRECTION ( 'NONE',  ( -5.947210316807140508E-15, -1.000000000000000000, 0.000000000000000000 ) ) ;
#5725 = CARTESIAN_POINT ( 'NONE',  ( 163.2171133453904872, -126.4297640215112040, 61.45398638250009782 ) ) ;
#5726 = CARTESIAN_POINT ( 'NONE',  ( 121.2171133453899898, -149.8297640215160129, 62.75000000000000000 ) ) ;
#5727 = ORIENTED_EDGE ( 'NONE', *, *, #5655, .T. ) ;
#5728 = CARTESIAN_POINT ( 'NONE',  ( 171.8415782520429502, -149.0768794197837508, 53.90579365253272215 ) ) ;
#5729 = ORIENTED_EDGE ( 'NONE', *, *, #10061, .F. ) ;
#5730 = VECTOR ( 'NONE', #2319, 1000.000000000000114 ) ;
#5731 = ORIENTED_EDGE ( 'NONE', *, *, #1541, .T. ) ;
#5732 = ORIENTED_EDGE ( 'NONE', *, *, #8725, .T. ) ;
#5733 = CARTESIAN_POINT ( 'NONE',  ( 134.8632734224506180, -120.9661238439201156, 59.19328639240469414 ) ) ;
#5734 = CARTESIAN_POINT ( 'NONE',  ( 133.2171133453900040, -153.4297640746490003, 67.14091634279360221 ) ) ;
#5735 = CARTESIAN_POINT ( 'NONE',  ( 133.0664558081500104, -142.0537471289035807, 53.47602185630480420 ) ) ;
#5736 = ORIENTED_EDGE ( 'NONE', *, *, #9162, .F. ) ;
#5737 = CARTESIAN_POINT ( 'NONE',  ( 134.2171133453900040, -127.9297640746490146, 66.99999991151649681 ) ) ;
#5738 = ORIENTED_EDGE ( 'NONE', *, *, #3578, .T. ) ;
#5739 = CARTESIAN_POINT ( 'NONE',  ( 139.0354730467504396, -144.9079036580387196, 105.7246289116568647 ) ) ;
#5740 = VECTOR ( 'NONE', #4212, 1000.000000000000114 ) ;
#5741 = ORIENTED_EDGE ( 'NONE', *, *, #8800, .T. ) ;
#5742 = FACE_OUTER_BOUND ( 'NONE', #2544, .T. ) ;
#5743 = DIRECTION ( 'NONE',  ( -2.602084387755749958E-17, -1.000000000000000000, -1.408310542716836016E-24 ) ) ;
#5744 = CARTESIAN_POINT ( 'NONE',  ( 161.9483522433255018, -135.1610029725843560, 81.50005035146735111 ) ) ;
#5745 = ORIENTED_EDGE ( 'NONE', *, *, #5234, .T. ) ;
#5746 =( BOUNDED_CURVE ( )  B_SPLINE_CURVE ( 3, ( #3266, #9806, #11567, #8778 ),
 .UNSPECIFIED., .F., .T. ) 
 B_SPLINE_CURVE_WITH_KNOTS ( ( 4, 4 ),
 ( 0.7853981633973129428, 1.570796326794895004 ),
 .UNSPECIFIED. ) 
 CURVE ( )  GEOMETRIC_REPRESENTATION_ITEM ( )  RATIONAL_B_SPLINE_CURVE ( ( 1.000000000000000000, 0.9492530216741740245, 0.9492530216741740245, 1.000000000000000000 ) ) 
 REPRESENTATION_ITEM ( '' )  );
#5747 = CARTESIAN_POINT ( 'NONE',  ( 132.3199637664141619, -135.3269136536246435, 70.48293592811900510 ) ) ;
#5748 = ORIENTED_EDGE ( 'NONE', *, *, #7359, .F. ) ;
#5749 = VECTOR ( 'NONE', #4137, 1000.000000000000000 ) ;
#5750 = ORIENTED_EDGE ( 'NONE', *, *, #984, .T. ) ;
#5751 = DIRECTION ( 'NONE',  ( -0.7071067811865475727, 0.000000000000000000, 0.7071067811865475727 ) ) ;
#5752 = LINE ( 'NONE', #3098, #8197 ) ;
#5753 = LINE ( 'NONE', #9331, #8751 ) ;
#5754 = ADVANCED_FACE ( 'NONE', ( #7098 ), #10787, .F. ) ;
#5755 = CARTESIAN_POINT ( 'NONE',  ( 120.2171133453899898, -114.8297640215114086, 62.75000000000000000 ) ) ;
#5756 = DIRECTION ( 'NONE',  ( -1.745666765970135043E-15, -1.000000000000000000, 1.745666764645065067E-15 ) ) ;
#5757 = ORIENTED_EDGE ( 'NONE', *, *, #2972, .T. ) ;
#5758 = DIRECTION ( 'NONE',  ( 2.428612928938820267E-16, -1.000000000000000000, -6.573933234426810631E-15 ) ) ;
#5759 = EDGE_CURVE ( 'NONE', #3096, #1007, #9878, .T. ) ;
#5760 = ADVANCED_FACE ( 'NONE', ( #10849 ), #11932, .T. ) ;
#5761 = AXIS2_PLACEMENT_3D ( 'NONE', #1748, #4639, #1860 ) ;
#5762 = CARTESIAN_POINT ( 'NONE',  ( 138.8097112023463922, -140.7226572403253897, 106.0714326993276018 ) ) ;
#5763 = ORIENTED_EDGE ( 'NONE', *, *, #5178, .F. ) ;
#5764 = VECTOR ( 'NONE', #4453, 1000.000000000000114 ) ;
#5765 = EDGE_CURVE ( 'NONE', #5227, #9504, #3770, .T. ) ;
#5766 = DIRECTION ( 'NONE',  ( -3.160768215787150073E-15, -1.000000000000000000, 1.526556658859589750E-16 ) ) ;
#5767 = DIRECTION ( 'NONE',  ( -1.000000000000000000, -1.214306505109919625E-16, 1.654361215689970176E-24 ) ) ;
#5768 = VERTEX_POINT ( 'NONE', #6428 ) ;
#5769 = DIRECTION ( 'NONE',  ( -0.7071067811865460184, 0.7071067811865489050, 5.044666055188809665E-14 ) ) ;
#5770 = DIRECTION ( 'NONE',  ( 0.7071067819528303877, 0.000000000000000000, 0.7071067804202646467 ) ) ;
#5771 = PLANE ( 'NONE',  #1460 ) ;
#5772 = ORIENTED_EDGE ( 'NONE', *, *, #1391, .F. ) ;
#5773 = DIRECTION ( 'NONE',  ( -0.7071067811865683339, 0.000000000000000000, -0.7071067811865267005 ) ) ;
#5774 = CARTESIAN_POINT ( 'NONE',  ( 157.6248169134119905, -148.0297640746490231, 105.4997837512840135 ) ) ;
#5775 = AXIS2_PLACEMENT_3D ( 'NONE', #7628, #2056, #8542 ) ;
#5776 = CARTESIAN_POINT ( 'NONE',  ( 162.8236018428179932, -114.4297640215112040, 60.17765112427590424 ) ) ;
#5777 = AXIS2_PLACEMENT_3D ( 'NONE', #7178, #9048, #4491 ) ;
#5778 = FILL_AREA_STYLE ('',( #4018 ) ) ;
#5779 = ORIENTED_EDGE ( 'NONE', *, *, #1792, .T. ) ;
#5780 = EDGE_CURVE ( 'NONE', #8531, #1366, #6366, .T. ) ;
#5781 = DIRECTION ( 'NONE',  ( 2.602085213964869829E-17, 1.000000000000000000, -1.526556658859589750E-16 ) ) ;
#5782 = EDGE_CURVE ( 'NONE', #8379, #3329, #649, .T. ) ;
#5783 = VECTOR ( 'NONE', #1803, 1000.000000000000000 ) ;
#5784 = ORIENTED_EDGE ( 'NONE', *, *, #6231, .F. ) ;
#5785 = DIRECTION ( 'NONE',  ( -4.832443957009299887E-15, -1.000000000000000000, -6.661338147750930565E-15 ) ) ;
#5786 = CARTESIAN_POINT ( 'NONE',  ( 132.5106907978279764, -141.1365159544129995, 67.85159578482270604 ) ) ;
#5787 = DIRECTION ( 'NONE',  ( 4.125625189787574772E-15, -1.000000000000000000, -4.255833852619945580E-15 ) ) ;
#5788 = DIRECTION ( 'NONE',  ( 0.000000000000000000, 0.000000000000000000, 1.000000000000000000 ) ) ;
#5789 = FACE_BOUND ( 'NONE', #7558, .T. ) ;
#5790 = CARTESIAN_POINT ( 'NONE',  ( 162.2171133453900040, -136.4297640746490288, 65.99999991151629786 ) ) ;
#5791 = VERTEX_POINT ( 'NONE', #7395 ) ;
#5792 = CARTESIAN_POINT ( 'NONE',  ( 173.7377007469297610, -149.1808719824372815, 56.42583669493305365 ) ) ;
#5793 = VERTEX_POINT ( 'NONE', #1815 ) ;
#5794 = CIRCLE ( 'NONE', #3100, 12.00000000000000000 ) ;
#5795 = ORIENTED_EDGE ( 'NONE', *, *, #5759, .F. ) ;
#5796 = ORIENTED_EDGE ( 'NONE', *, *, #2754, .T. ) ;
#5797 = CARTESIAN_POINT ( 'NONE',  ( 134.9175822181017566, -120.8972063704294442, 59.31211242088829039 ) ) ;
#5798 = DIRECTION ( 'NONE',  ( -1.000000000000000000, -3.050476629134470034E-16, -3.280705218723690196E-15 ) ) ;
#5799 = LINE ( 'NONE', #5619, #1404 ) ;
#5800 = ADVANCED_FACE ( 'NONE', ( #2612 ), #11817, .F. ) ;
#5801 = ORIENTED_EDGE ( 'NONE', *, *, #5096, .T. ) ;
#5802 = CARTESIAN_POINT ( 'NONE',  ( 138.4751040480451820, -114.8297640215111954, 62.10199319125020168 ) ) ;
#5803 = ORIENTED_EDGE ( 'NONE', *, *, #5765, .T. ) ;
#5804 = VECTOR ( 'NONE', #4147, 1000.000000000000000 ) ;
#5805 = LINE ( 'NONE', #9505, #11325 ) ;
#5806 = ORIENTED_EDGE ( 'NONE', *, *, #4495, .F. ) ;
#5807 = CARTESIAN_POINT ( 'NONE',  ( 132.2171133453900040, -139.6473763805479962, 71.00071423753159650 ) ) ;
#5808 = DIRECTION ( 'NONE',  ( -7.166576360129239776E-17, 1.074295325692397917E-17, 1.000000000000000000 ) ) ;
#5809 = DIRECTION ( 'NONE',  ( -2.428612984199854922E-16, 1.000000000000000000, 6.217248937900871104E-15 ) ) ;
#5810 = VERTEX_POINT ( 'NONE', #11084 ) ;
#5811 = FACE_BOUND ( 'NONE', #9691, .T. ) ;
#5812 = ORIENTED_EDGE ( 'NONE', *, *, #11489, .F. ) ;
#5813 = AXIS2_PLACEMENT_3D ( 'NONE', #9281, #969, #12003 ) ;
#5814 = ORIENTED_EDGE ( 'NONE', *, *, #4817, .T. ) ;
#5815 = DIRECTION ( 'NONE',  ( 4.347672017730144212E-17, 1.049620874995413908E-16, 1.000000000000000000 ) ) ;
#5816 = CARTESIAN_POINT ( 'NONE',  ( 132.1688411408504180, -149.5724500696289851, 50.89228828393677873 ) ) ;
#5817 = DIRECTION ( 'NONE',  ( 0.5000000000000011102, -0.5000000000000011102, -0.7071067811865459074 ) ) ;
#5818 = ADVANCED_FACE ( 'NONE', ( #5510 ), #9996, .T. ) ;
#5819 = DIRECTION ( 'NONE',  ( 0.000000000000000000, -1.526556658859589750E-16, -1.000000000000000000 ) ) ;
#5820 = DIRECTION ( 'NONE',  ( 0.7071067811865475727, -0.7071067811865475727, 0.000000000000000000 ) ) ;
#5821 = EDGE_LOOP ( 'NONE', ( #282, #890, #3609, #6228 ) ) ;
#5822 = CARTESIAN_POINT ( 'NONE',  ( 132.2171133453900040, -144.5297640215119941, 65.95898615365621254 ) ) ;
#5823 =( BOUNDED_CURVE ( )  B_SPLINE_CURVE ( 3, ( #1628, #11925, #9313, #8292 ),
 .UNSPECIFIED., .F., .T. ) 
 B_SPLINE_CURVE_WITH_KNOTS ( ( 4, 4 ),
 ( 0.006138361102757159717, 0.3669682297010204430 ),
 .UNSPECIFIED. ) 
 CURVE ( )  GEOMETRIC_REPRESENTATION_ITEM ( )  RATIONAL_B_SPLINE_CURVE ( ( 1.000000000000000000, 0.9891795483901759667, 0.9891795483901759667, 1.000000000000000000 ) ) 
 REPRESENTATION_ITEM ( '' )  );
#5824 = DIRECTION ( 'NONE',  ( -7.166576360129189239E-17, 0.000000000000000000, 1.000000000000000000 ) ) ;
#5825 = EDGE_CURVE ( 'NONE', #1581, #43, #9383, .T. ) ;
#5826 = ORIENTED_EDGE ( 'NONE', *, *, #4435, .F. ) ;
#5827 = B_SPLINE_SURFACE_WITH_KNOTS ( 'NONE', 3, 3, ( 
 ( #9531, #6812, #1288, #4982, #2269, #6869 ),
 ( #1223, #8688, #363, #4080, #10563, #9655 ),
 ( #1351, #3896, #7593, #4196, #4318, #7049 ),
 ( #6141, #1409, #2448, #5095, #7114, #1468 ),
 ( #9770, #6077, #5158, #8927, #10802, #8806 ) ),
 .UNSPECIFIED., .F., .F., .F.,
 ( 4, 1, 4 ),
 ( 4, 1, 1, 4 ),
 ( 0.000000000000000000, 0.5714285714285709528, 1.001529977480069888 ),
 ( -0.001529977480062370138, 0.4487989505128399670, 0.8975979010256750490, 1.572326304274999975 ),
 .UNSPECIFIED. ) ;
#5828 = ADVANCED_FACE ( 'NONE', ( #9934 ), #9146, .T. ) ;
#5829 = CARTESIAN_POINT ( 'NONE',  ( 138.3505596011420096, -144.2949728171120114, 106.3643259181410059 ) ) ;
#5830 = ORIENTED_EDGE ( 'NONE', *, *, #1889, .T. ) ;
#5831 = CARTESIAN_POINT ( 'NONE',  ( 158.5171131927750139, -140.4297640215119998, 103.7997837512839965 ) ) ;
#5832 = CARTESIAN_POINT ( 'NONE',  ( 162.2171133453900040, -153.4297640746490003, 67.14091634280130449 ) ) ;
#5833 = CARTESIAN_POINT ( 'NONE',  ( 132.9671133453900040, -153.4294622972400077, 66.52397063097829744 ) ) ;
#5834 = ORIENTED_EDGE ( 'NONE', *, *, #3328, .F. ) ;
#5835 = CARTESIAN_POINT ( 'NONE',  ( 134.2171133453900040, -138.0155505122760076, 67.99999991151649681 ) ) ;
#5836 = CARTESIAN_POINT ( 'NONE',  ( 162.8236018428179932, -120.9297640215111898, 60.27765112427590566 ) ) ;
#5837 = CARTESIAN_POINT ( 'NONE',  ( 126.2171133453829981, -153.4297640746490003, 102.7500000000329976 ) ) ;
#5838 = EDGE_CURVE ( 'NONE', #3288, #3031, #10178, .T. ) ;
#5839 = ORIENTED_EDGE ( 'NONE', *, *, #11825, .T. ) ;
#5840 = VECTOR ( 'NONE', #5549, 1000.000000000000000 ) ;
#5841 = ADVANCED_FACE ( 'NONE', ( #5565 ), #1634, .T. ) ;
#5842 = EDGE_CURVE ( 'NONE', #1245, #22, #7338, .T. ) ;
#5843 = CARTESIAN_POINT ( 'NONE',  ( 161.4287077978937930, -121.6342322257750510, 62.35216391071750053 ) ) ;
#5844 = DIRECTION ( 'NONE',  ( 1.778958924614220093E-14, 1.000000000000000000, 0.000000000000000000 ) ) ;
#5845 = VERTEX_POINT ( 'NONE', #11031 ) ;
#5846 = FACE_OUTER_BOUND ( 'NONE', #4030, .T. ) ;
#5847 = CARTESIAN_POINT ( 'NONE',  ( 140.9671133340039830, -119.4297640746489861, 69.99999991151649681 ) ) ;
#5848 = VECTOR ( 'NONE', #2353, 1000.000000000000000 ) ;
#5849 = FACE_OUTER_BOUND ( 'NONE', #11, .T. ) ;
#5850 = DIRECTION ( 'NONE',  ( 0.000000000000000000, 0.000000000000000000, 1.000000000000000000 ) ) ;
#5851 = VERTEX_POINT ( 'NONE', #11870 ) ;
#5852 = DIRECTION ( 'NONE',  ( 1.214306495755059738E-16, -1.000000000000000000, -6.573933234426810631E-15 ) ) ;
#5853 = EDGE_CURVE ( 'NONE', #8094, #6665, #1697, .T. ) ;
#5854 = EDGE_CURVE ( 'NONE', #3031, #6781, #7281, .T. ) ;
#5855 = EDGE_LOOP ( 'NONE', ( #6405, #11417, #4800, #9804, #10120, #7446 ) ) ;
#5856 = ORIENTED_EDGE ( 'NONE', *, *, #9279, .F. ) ;
#5857 = VERTEX_POINT ( 'NONE', #4361 ) ;
#5858 = CIRCLE ( 'NONE', #1602, 0.9999999999999964473 ) ;
#5859 = CARTESIAN_POINT ( 'NONE',  ( 135.0229167070065159, -120.7572046870914590, 59.61411686283101830 ) ) ;
#5860 = CARTESIAN_POINT ( 'NONE',  ( 134.9872432432466951, -140.4390001865184558, 105.4999247511795488 ) ) ;
#5861 = CARTESIAN_POINT ( 'NONE',  ( 162.4671133453900040, -144.5297640215119941, 66.55091634279270352 ) ) ;
#5862 = ORIENTED_EDGE ( 'NONE', *, *, #9532, .F. ) ;
#5863 = FACE_OUTER_BOUND ( 'NONE', #10670, .T. ) ;
#5864 = ORIENTED_EDGE ( 'NONE', *, *, #7977, .T. ) ;
#5865 = LINE ( 'NONE', #9842, #7285 ) ;
#5866 = EDGE_LOOP ( 'NONE', ( #7989, #2308, #833, #11896, #8766, #4394, #4037 ) ) ;
#5867 = CARTESIAN_POINT ( 'NONE',  ( 132.2171133453900040, -136.4297640746490288, 80.50005035146759269 ) ) ;
#5868 = DIRECTION ( 'NONE',  ( 1.214306505109929978E-16, -1.000000000000000000, -8.143165513045820519E-15 ) ) ;
#5869 = PLANE ( 'NONE',  #4215 ) ;
#5870 = EDGE_CURVE ( 'NONE', #2616, #3814, #3519, .T. ) ;
#5871 = CIRCLE ( 'NONE', #5090, 1.849999999999990541 ) ;
#5872 = EDGE_CURVE ( 'NONE', #10698, #4525, #11903, .T. ) ;
#5873 = ORIENTED_EDGE ( 'NONE', *, *, #6037, .T. ) ;
#5874 = LINE ( 'NONE', #2246, #2121 ) ;
#5875 = EDGE_LOOP ( 'NONE', ( #5163, #4145, #7695, #773, #4946 ) ) ;
#5876 = ORIENTED_EDGE ( 'NONE', *, *, #217, .T. ) ;
#5877 = DIRECTION ( 'NONE',  ( 2.602085213964869829E-17, 1.000000000000000000, -1.526556658859589750E-16 ) ) ;
#5878 = DIRECTION ( 'NONE',  ( -1.000000000000000000, 2.602085213964869829E-17, 0.000000000000000000 ) ) ;
#5879 = FACE_OUTER_BOUND ( 'NONE', #5920, .T. ) ;
#5880 = ORIENTED_EDGE ( 'NONE', *, *, #5246, .T. ) ;
#5881 = CIRCLE ( 'NONE', #6267, 0.5899999999999873124 ) ;
#5882 = CARTESIAN_POINT ( 'NONE',  ( 132.6106248479624128, -114.4297640215114029, 60.17765112427590424 ) ) ;
#5883 = CARTESIAN_POINT ( 'NONE',  ( 161.2171133453899756, -119.4297640746489861, 80.50005035146730847 ) ) ;
#5884 = ORIENTED_EDGE ( 'NONE', *, *, #5631, .T. ) ;
#5885 = CARTESIAN_POINT ( 'NONE',  ( 132.9481040724980403, -153.4191902887739900, 66.71557465116015351 ) ) ;
#5886 = CARTESIAN_POINT ( 'NONE',  ( 134.8866111097949840, -141.1010892613510066, 111.3643815217409951 ) ) ;
#5887 = VECTOR ( 'NONE', #10843, 1000.000000000000000 ) ;
#5888 = B_SPLINE_CURVE_WITH_KNOTS ( 'NONE', 3,
 ( #6780, #694, #6281, #4286, #5125, #2478, #5303 ),
 .UNSPECIFIED., .F., .F.,
 ( 4, 3, 4 ),
 ( 0.4883266421656509704, 0.5042773520336619741, 0.5144834035828139696 ),
 .UNSPECIFIED. ) ;
#5889 = ORIENTED_EDGE ( 'NONE', *, *, #4941, .T. ) ;
#5890 = ORIENTED_EDGE ( 'NONE', *, *, #7958, .F. ) ;
#5891 = LINE ( 'NONE', #6565, #2035 ) ;
#5892 = ORIENTED_EDGE ( 'NONE', *, *, #2707, .T. ) ;
#5893 = CARTESIAN_POINT ( 'NONE',  ( 134.2171133453900040, -138.0155505122760076, 67.99999991151649681 ) ) ;
#5894 = AXIS2_PLACEMENT_3D ( 'NONE', #1286, #7655, #1097 ) ;
#5895 = DIRECTION ( 'NONE',  ( 3.683226109728400325E-15, 1.000000000000000000, -1.526556658859589750E-16 ) ) ;
#5896 = DIRECTION ( 'NONE',  ( -1.000000000000000000, 5.947210316806860462E-15, 0.000000000000000000 ) ) ;
#5897 = DIRECTION ( 'NONE',  ( -1.000000000000000000, -8.405479030088098400E-17, -8.405479030087938162E-17 ) ) ;
#5898 = DIRECTION ( 'NONE',  ( 1.387778780781444098E-14, 3.831611138354870564E-15, 1.000000000000000000 ) ) ;
#5899 = PRESENTATION_STYLE_ASSIGNMENT (( #4799 ) ) ;
#5900 = ORIENTED_EDGE ( 'NONE', *, *, #167, .T. ) ;
#5901 = AXIS2_PLACEMENT_3D ( 'NONE', #5882, #8674, #348 ) ;
#5902 = CIRCLE ( 'NONE', #1650, 5.250025253359297039 ) ;
#5903 = CARTESIAN_POINT ( 'NONE',  ( 160.8978819651345589, -121.1030905624370462, 61.87527036365431599 ) ) ;
#5904 = ORIENTED_EDGE ( 'NONE', *, *, #11507, .F. ) ;
#5905 = CARTESIAN_POINT ( 'NONE',  ( 165.3236018428179932, -114.4297640215112040, 60.17765112427590424 ) ) ;
#5906 = CARTESIAN_POINT ( 'NONE',  ( 165.7236018428179989, -114.4297640215112040, 59.71382556213799830 ) ) ;
#5907 = ADVANCED_FACE ( 'NONE', ( #2787 ), #6488, .T. ) ;
#5908 = AXIS2_PLACEMENT_3D ( 'NONE', #11895, #11109, #7366 ) ;
#5909 = LINE ( 'NONE', #9608, #2521 ) ;
#5910 = CIRCLE ( 'NONE', #11125, 1.700000000000007061 ) ;
#5911 = DIRECTION ( 'NONE',  ( 0.000000000000000000, 0.000000000000000000, -1.000000000000000000 ) ) ;
#5912 = EDGE_CURVE ( 'NONE', #7549, #1502, #4270, .T. ) ;
#5913 = EDGE_CURVE ( 'NONE', #7688, #7475, #8416, .T. ) ;
#5914 = DIRECTION ( 'NONE',  ( 0.000000000000000000, -5.664403186863073824E-15, 1.000000000000000000 ) ) ;
#5915 = VERTEX_POINT ( 'NONE', #7569 ) ;
#5916 = DIRECTION ( 'NONE',  ( 3.683226109728400325E-15, 1.000000000000000000, -1.526556658859589750E-16 ) ) ;
#5917 = ORIENTED_EDGE ( 'NONE', *, *, #3497, .F. ) ;
#5918 = ORIENTED_EDGE ( 'NONE', *, *, #59, .F. ) ;
#5919 = VECTOR ( 'NONE', #11098, 1000.000000000000000 ) ;
#5920 = EDGE_LOOP ( 'NONE', ( #11667, #7289, #4165, #5962, #9642, #1413 ) ) ;
#5921 = DIRECTION ( 'NONE',  ( 1.000000000000000000, 0.000000000000000000, -7.823253522622061261E-15 ) ) ;
#5922 = DIRECTION ( 'NONE',  ( 0.9334193940513797472, 0.000000000000000000, 0.3587871720236870954 ) ) ;
#5923 = DIRECTION ( 'NONE',  ( -2.428612984199849992E-16, 1.000000000000000000, 7.105427357601000281E-15 ) ) ;
#5924 = EDGE_LOOP ( 'NONE', ( #4971, #4742, #7348, #7542 ) ) ;
#5925 = CARTESIAN_POINT ( 'NONE',  ( 133.2171133453900040, -119.4297640746489861, 80.50005035146759269 ) ) ;
#5926 = DIRECTION ( 'NONE',  ( 0.000000000000000000, -1.526556658859589750E-16, -1.000000000000000000 ) ) ;
#5927 = ADVANCED_FACE ( 'NONE', ( #1937 ), #158, .T. ) ;
#5928 = EDGE_LOOP ( 'NONE', ( #4638, #9622 ) ) ;
#5929 = LINE ( 'NONE', #8541, #3228 ) ;
#5930 = CARTESIAN_POINT ( 'NONE',  ( 136.9171131927749911, -148.0297640746490231, 102.0997837512840078 ) ) ;
#5931 = AXIS2_PLACEMENT_3D ( 'NONE', #6415, #9246, #8104 ) ;
#5932 = CARTESIAN_POINT ( 'NONE',  ( 160.3126060631829830, -147.2275103831459830, 98.69164219418240691 ) ) ;
#5933 = ORIENTED_EDGE ( 'NONE', *, *, #5825, .F. ) ;
#5934 = CARTESIAN_POINT ( 'NONE',  ( 129.7106248479624071, -114.4297640215114029, 59.71382556213799830 ) ) ;
#5935 = ORIENTED_EDGE ( 'NONE', *, *, #3033, .T. ) ;
#5936 = EDGE_LOOP ( 'NONE', ( #731, #3405, #9364, #2970, #357, #581, #1926 ) ) ;
#5937 = CARTESIAN_POINT ( 'NONE',  ( 132.2171133574399846, -119.4297640746489861, 70.99999984474889914 ) ) ;
#5938 = CARTESIAN_POINT ( 'NONE',  ( 143.4008046154339695, -140.7226572403253897, 110.6572191369543958 ) ) ;
#5939 = FACE_OUTER_BOUND ( 'NONE', #6916, .T. ) ;
#5940 = AXIS2_PLACEMENT_3D ( 'NONE', #5, #3723, #10816 ) ;
#5941 = ORIENTED_EDGE ( 'NONE', *, *, #11312, .T. ) ;
#5942 = EDGE_CURVE ( 'NONE', #4506, #4910, #8234, .T. ) ;
#5943 = EDGE_CURVE ( 'NONE', #11694, #10555, #4840, .T. ) ;
#5944 = FACE_OUTER_BOUND ( 'NONE', #82, .T. ) ;
#5945 = DIRECTION ( 'NONE',  ( 1.000000000000000000, -3.965082230804126670E-15, 0.000000000000000000 ) ) ;
#5946 = ORIENTED_EDGE ( 'NONE', *, *, #6809, .F. ) ;
#5947 = LINE ( 'NONE', #2005, #3221 ) ;
#5948 = ORIENTED_EDGE ( 'NONE', *, *, #10216, .T. ) ;
#5949 = CONICAL_SURFACE ( 'NONE', #5359, 23.75049366970479880, 0.7853981633974532750 ) ;
#5950 = CARTESIAN_POINT ( 'NONE',  ( 161.9171131927750196, -148.0297640746490231, 103.7997837512839965 ) ) ;
#5951 = ORIENTED_EDGE ( 'NONE', *, *, #7265, .T. ) ;
#5952 = VERTEX_POINT ( 'NONE', #2116 ) ;
#5953 = CARTESIAN_POINT ( 'NONE',  ( 133.5171131927750139, -148.4297640746490003, 103.7997837512839965 ) ) ;
#5954 = EDGE_CURVE ( 'NONE', #5678, #871, #5805, .T. ) ;
#5955 = CIRCLE ( 'NONE', #1105, 0.9999999999999964473 ) ;
#5956 = CARTESIAN_POINT ( 'NONE',  ( 126.8043469377704042, -119.4297640215114171, 57.75000000000000000 ) ) ;
#5957 = DIRECTION ( 'NONE',  ( 0.000000000000000000, -1.000000000000000000, -6.573933234426810631E-15 ) ) ;
#5958 = CARTESIAN_POINT ( 'NONE',  ( 162.8236018428179932, -114.8297640215111954, 60.17765112427590424 ) ) ;
#5959 = CARTESIAN_POINT ( 'NONE',  ( 132.2171133453900040, -136.4297640746490288, 80.50005035146759269 ) ) ;
#5960 = CARTESIAN_POINT ( 'NONE',  ( 0.000000000000000000, 0.000000000000000000, 0.000000000000000000 ) ) ;
#5961 = CARTESIAN_POINT ( 'NONE',  ( 132.2171133453900040, -153.4297640746490003, 102.4571970973120045 ) ) ;
#5962 = ORIENTED_EDGE ( 'NONE', *, *, #94, .T. ) ;
#5963 = STYLED_ITEM ( 'NONE', ( #5899 ), #9137 ) ;
#5964 =( BOUNDED_CURVE ( )  B_SPLINE_CURVE ( 2, ( #9654, #8802, #9767 ),
 .UNSPECIFIED., .F., .T. ) 
 B_SPLINE_CURVE_WITH_KNOTS ( ( 3, 3 ),
 ( 0.08299456234345740924, 0.5860987456314910027 ),
 .UNSPECIFIED. ) 
 CURVE ( )  GEOMETRIC_REPRESENTATION_ITEM ( )  RATIONAL_B_SPLINE_CURVE ( ( 1.012185618735119919, 1.045789100421789852, 1.039014568499990077 ) ) 
 REPRESENTATION_ITEM ( '' )  );
#5965 = CARTESIAN_POINT ( 'NONE',  ( 162.2171133453900040, -153.4297640746490003, 67.14091634279270693 ) ) ;
#5966 = ADVANCED_FACE ( 'NONE', ( #4888 ), #8599, .T. ) ;
#5967 = ORIENTED_EDGE ( 'NONE', *, *, #9835, .T. ) ;
#5968 = DIRECTION ( 'NONE',  ( -1.273698839494967926E-16, 1.000000000000000000, 5.844509856628541030E-15 ) ) ;
#5969 = DIRECTION ( 'NONE',  ( -1.000000000000000000, 0.000000000000000000, 0.000000000000000000 ) ) ;
#5970 = AXIS2_PLACEMENT_3D ( 'NONE', #2379, #5088, #8921 ) ;
#5971 = SPHERICAL_SURFACE ( 'NONE', #3673, 1.000000000000000000 ) ;
#5972 = CARTESIAN_POINT ( 'NONE',  ( 133.2171133453900040, -119.4297640746489861, 66.99999991151649681 ) ) ;
#5973 = DIRECTION ( 'NONE',  ( 2.602085213964869829E-17, 1.000000000000000000, -1.526556658859589750E-16 ) ) ;
#5974 = ORIENTED_EDGE ( 'NONE', *, *, #11260, .F. ) ;
#5975 = PLANE ( 'NONE',  #5185 ) ;
#5976 = EDGE_LOOP ( 'NONE', ( #8604, #1822, #11919, #2051 ) ) ;
#5977 = EDGE_CURVE ( 'NONE', #4514, #397, #3967, .T. ) ;
#5978 = ORIENTED_EDGE ( 'NONE', *, *, #1757, .F. ) ;
#5979 = CIRCLE ( 'NONE', #5591, 2.899999999999986144 ) ;
#5980 = ORIENTED_EDGE ( 'NONE', *, *, #7242, .F. ) ;
#5981 = LINE ( 'NONE', #10466, #10731 ) ;
#5982 = DIRECTION ( 'NONE',  ( 1.000000000000000000, -2.602085213964869829E-17, 7.166576360129189239E-17 ) ) ;
#5983 = EDGE_CURVE ( 'NONE', #1613, #7529, #9959, .T. ) ;
#5984 = ORIENTED_EDGE ( 'NONE', *, *, #8361, .T. ) ;
#5985 = ADVANCED_FACE ( 'NONE', ( #6213 ), #1600, .T. ) ;
#5986 = CIRCLE ( 'NONE', #352, 1.000000000000000888 ) ;
#5987 = DIRECTION ( 'NONE',  ( 0.000000000000000000, 6.573933234426810631E-15, -1.000000000000000000 ) ) ;
#5988 = ORIENTED_EDGE ( 'NONE', *, *, #4268, .F. ) ;
#5989 = ORIENTED_EDGE ( 'NONE', *, *, #1490, .T. ) ;
#5990 = CARTESIAN_POINT ( 'NONE',  ( 139.0808597668969924, -145.2598994943089963, 111.3679489095640065 ) ) ;
#5991 = DIRECTION ( 'NONE',  ( -0.5951893636155756173, 7.213999003242654818E-15, -0.8035854786137478500 ) ) ;
#5992 = CIRCLE ( 'NONE', #5204, 0.5899999999999873124 ) ;
#5993 = CARTESIAN_POINT ( 'NONE',  ( 174.2171133453904872, -149.8297640215157855, 62.75000000003060308 ) ) ;
#5994 = ORIENTED_EDGE ( 'NONE', *, *, #118, .F. ) ;
#5995 = EDGE_CURVE ( 'NONE', #3748, #2835, #8994, .T. ) ;
#5996 = VERTEX_POINT ( 'NONE', #7244 ) ;
#5997 = VERTEX_POINT ( 'NONE', #11439 ) ;
#5998 = CARTESIAN_POINT ( 'NONE',  ( 133.2171133453900040, -153.4297640746490003, 98.59347481217798759 ) ) ;
#5999 = CARTESIAN_POINT ( 'NONE',  ( 169.2171132998449821, -154.4297640746490003, 102.7500000000329976 ) ) ;
#6000 = CARTESIAN_POINT ( 'NONE',  ( 163.2171133453904872, -154.4297640215109766, 62.24960223581889807 ) ) ;
#6001 = VECTOR ( 'NONE', #11717, 1000.000000000000000 ) ;
#6002 = EDGE_CURVE ( 'NONE', #5584, #4698, #2237, .T. ) ;
#6003 = ORIENTED_EDGE ( 'NONE', *, *, #8428, .F. ) ;
#6004 = CARTESIAN_POINT ( 'NONE',  ( 171.2171132998449821, -153.4297640746490003, 100.7500000000320028 ) ) ;
#6005 = LINE ( 'NONE', #4181, #11226 ) ;
#6006 = ORIENTED_EDGE ( 'NONE', *, *, #6520, .F. ) ;
#6007 = CARTESIAN_POINT ( 'NONE',  ( 131.2171133574399846, -145.4297640746490003, 70.99999984436949774 ) ) ;
#6008 = DIRECTION ( 'NONE',  ( -7.166576360129189239E-17, 1.526556658859589750E-16, 1.000000000000000000 ) ) ;
#6009 = VECTOR ( 'NONE', #2317, 1000.000000000000114 ) ;
#6010 = ORIENTED_EDGE ( 'NONE', *, *, #6313, .F. ) ;
#6011 = DIRECTION ( 'NONE',  ( -0.7071067811865500152, -0.7071067811865450192, 5.726850911312339975E-17 ) ) ;
#6012 = EDGE_CURVE ( 'NONE', #2677, #3976, #7466, .T. ) ;
#6013 = EDGE_CURVE ( 'NONE', #9173, #5530, #4274, .T. ) ;
#6014 = EDGE_LOOP ( 'NONE', ( #5830, #11252, #1070, #5395, #4044, #4278, #1694, #2025, #5615, #8441, #11085, #1402 ) ) ;
#6015 = ORIENTED_EDGE ( 'NONE', *, *, #8158, .F. ) ;
#6016 = DIRECTION ( 'NONE',  ( 0.5951893636155756173, 7.213999003242654818E-15, -0.8035854786137478500 ) ) ;
#6017 = ORIENTED_EDGE ( 'NONE', *, *, #5085, .F. ) ;
#6018 = DIRECTION ( 'NONE',  ( -1.000000000000000000, 2.602085213964869829E-17, -7.166576360129189239E-17 ) ) ;
#6019 = CYLINDRICAL_SURFACE ( 'NONE', #7556, 11.54238125198780729 ) ;
#6020 = CARTESIAN_POINT ( 'NONE',  ( 124.2171133453900040, -149.8297640215160129, 64.75000000000000000 ) ) ;
#6021 = CARTESIAN_POINT ( 'NONE',  ( 130.2171133453899756, -148.4297640215245906, 62.25000000000000000 ) ) ;
#6022 = CARTESIAN_POINT ( 'NONE',  ( 133.2171133453900040, -119.4297640746489861, 66.99999991151649681 ) ) ;
#6023 = DIRECTION ( 'NONE',  ( -4.416339315364260090E-15, -4.416339315364260090E-15, -1.000000000000000000 ) ) ;
#6024 = DIRECTION ( 'NONE',  ( 2.602085213964869829E-17, 1.000000000000000000, -1.526556658859589750E-16 ) ) ;
#6025 = EDGE_CURVE ( 'NONE', #9940, #8288, #5865, .T. ) ;
#6026 = ORIENTED_EDGE ( 'NONE', *, *, #535, .T. ) ;
#6027 = DIRECTION ( 'NONE',  ( -1.103783268114681861E-16, 1.000000000000000000, 7.931326066931689378E-15 ) ) ;
#6028 = VERTEX_POINT ( 'NONE', #8660 ) ;
#6029 = CARTESIAN_POINT ( 'NONE',  ( 132.9553151804609854, -139.0155505122760076, 66.99999991151649681 ) ) ;
#6030 = CARTESIAN_POINT ( 'NONE',  ( 134.6488776595866170, -140.7226745282806064, 110.6572452183749959 ) ) ;
#6031 = CARTESIAN_POINT ( 'NONE',  ( 130.2171133453899756, -120.4297639227376067, 62.75000000000000000 ) ) ;
#6032 = CARTESIAN_POINT ( 'NONE',  ( 157.6248169134119905, -148.2297640746490117, 102.0997837512840078 ) ) ;
#6033 = DIRECTION ( 'NONE',  ( -2.602085213964869829E-17, -1.000000000000000000, 1.526556658859589750E-16 ) ) ;
#6034 = ORIENTED_EDGE ( 'NONE', *, *, #7977, .F. ) ;
#6035 = B_SPLINE_CURVE_WITH_KNOTS ( 'NONE', 3,
 ( #11624, #9743, #7804, #1437, #11502, #3387, #3207, #4229, #1498, #2483 ),
 .UNSPECIFIED., .F., .F.,
 ( 4, 3, 3, 4 ),
 ( 0.1327713470513570138, 0.1487646906272490077, 0.1564235361390150236, 0.1599375238397590104 ),
 .UNSPECIFIED. ) ;
#6036 = CARTESIAN_POINT ( 'NONE',  ( 162.2171133453900040, -139.0155505122760076, 69.99999991151639733 ) ) ;
#6037 = EDGE_CURVE ( 'NONE', #8322, #1931, #8087, .T. ) ;
#6038 = ORIENTED_EDGE ( 'NONE', *, *, #379, .T. ) ;
#6039 = ORIENTED_EDGE ( 'NONE', *, *, #9123, .T. ) ;
#6040 = ORIENTED_EDGE ( 'NONE', *, *, #717, .T. ) ;
#6041 = DIRECTION ( 'NONE',  ( 7.166576360129159657E-17, -2.327875578288750051E-16, -1.000000000000000000 ) ) ;
#6042 = DIRECTION ( 'NONE',  ( 5.947210316807890714E-15, 1.000000000000000000, 6.351909800628989903E-14 ) ) ;
#6043 = DIRECTION ( 'NONE',  ( 0.000000000000000000, 1.000000000000000000, -1.526556658859589750E-16 ) ) ;
#6044 = ORIENTED_EDGE ( 'NONE', *, *, #11885, .F. ) ;
#6045 = CARTESIAN_POINT ( 'NONE',  ( 134.2171133453900040, -119.4297640746489861, 68.99999991151649681 ) ) ;
#6046 = VERTEX_POINT ( 'NONE', #679 ) ;
#6047 = AXIS2_PLACEMENT_3D ( 'NONE', #3761, #7463, #2858 ) ;
#6048 = EDGE_CURVE ( 'NONE', #10592, #2953, #4045, .T. ) ;
#6049 = ORIENTED_EDGE ( 'NONE', *, *, #10269, .F. ) ;
#6050 = DIRECTION ( 'NONE',  ( -3.160768215787150073E-15, -1.000000000000000000, 1.412984285350369912E-16 ) ) ;
#6051 = CARTESIAN_POINT ( 'NONE',  ( 130.2171133453899756, -120.4297640215245906, 57.98985306244389903 ) ) ;
#6052 = CARTESIAN_POINT ( 'NONE',  ( 160.2171133453899756, -138.0155505122760076, 78.81249988289620489 ) ) ;
#6053 = ORIENTED_EDGE ( 'NONE', *, *, #3785, .T. ) ;
#6054 = CIRCLE ( 'NONE', #6630, 0.9999999999999958922 ) ;
#6055 = VERTEX_POINT ( 'NONE', #7962 ) ;
#6056 = ORIENTED_EDGE ( 'NONE', *, *, #7293, .T. ) ;
#6057 = LINE ( 'NONE', #9873, #3954 ) ;
#6058 = DIRECTION ( 'NONE',  ( 0.9999999999997509770, 0.000000000000000000, -7.056358442963109413E-07 ) ) ;
#6059 = CARTESIAN_POINT ( 'NONE',  ( 160.2171133453904872, -138.4595744938966106, 57.98985306244370719 ) ) ;
#6060 = DIRECTION ( 'NONE',  ( -0.5000000000000011102, -0.5000000000000011102, -0.7071067811865459074 ) ) ;
#6061 = FACE_OUTER_BOUND ( 'NONE', #8540, .T. ) ;
#6062 = EDGE_CURVE ( 'NONE', #9524, #10404, #4447, .T. ) ;
#6063 = ORIENTED_EDGE ( 'NONE', *, *, #841, .T. ) ;
#6064 = VECTOR ( 'NONE', #5703, 1000.000000000000000 ) ;
#6065 = CARTESIAN_POINT ( 'NONE',  ( 135.6669467343540134, -152.8297640746490060, 71.34999974667979927 ) ) ;
#6066 = CARTESIAN_POINT ( 'NONE',  ( 172.9671132998470000, -151.6797640746470108, 100.7500000000310081 ) ) ;
#6067 = EDGE_CURVE ( 'NONE', #3257, #8322, #739, .T. ) ;
#6068 = EDGE_LOOP ( 'NONE', ( #7441, #1733, #11053, #2631 ) ) ;
#6069 = EDGE_CURVE ( 'NONE', #9708, #8035, #4387, .T. ) ;
#6070 = PLANE ( 'NONE',  #7522 ) ;
#6071 = VERTEX_POINT ( 'NONE', #10874 ) ;
#6072 = CONICAL_SURFACE ( 'NONE', #3169, 3.299999999999997158, 0.7853981633973456944 ) ;
#6073 = CARTESIAN_POINT ( 'NONE',  ( 147.6669467408599985, -154.2297640746490117, 83.34999974667989875 ) ) ;
#6074 = DIRECTION ( 'NONE',  ( 1.000000000000000000, 0.000000000000000000, 0.000000000000000000 ) ) ;
#6075 = ADVANCED_FACE ( 'NONE', ( #7188 ), #2576, .T. ) ;
#6076 = CARTESIAN_POINT ( 'NONE',  ( 137.8094094721379861, -148.2297640746490117, 105.4997837512840135 ) ) ;
#6077 = CARTESIAN_POINT ( 'NONE',  ( 162.9235351307489736, -141.1365155672880007, 67.85159711416079631 ) ) ;
#6078 = AXIS2_PLACEMENT_3D ( 'NONE', #5937, #5074, #2310 ) ;
#6079 = CARTESIAN_POINT ( 'NONE',  ( 126.8043469377704042, -114.9297640215113887, 57.75000000000003553 ) ) ;
#6080 = DIRECTION ( 'NONE',  ( 0.000000000000000000, -1.000000000000000000, -6.573933234426810631E-15 ) ) ;
#6081 = CARTESIAN_POINT ( 'NONE',  ( 169.9786284033270078, -137.4261365246752007, 53.38549640900540538 ) ) ;
#6082 = ORIENTED_EDGE ( 'NONE', *, *, #9635, .F. ) ;
#6083 = VECTOR ( 'NONE', #12, 1000.000000000000000 ) ;
#6084 = AXIS2_PLACEMENT_3D ( 'NONE', #6954, #7137, #4397 ) ;
#6085 = CYLINDRICAL_SURFACE ( 'NONE', #1444, 0.9999999999999964473 ) ;
#6086 = ORIENTED_EDGE ( 'NONE', *, *, #1966, .T. ) ;
#6087 = DIRECTION ( 'NONE',  ( 0.000000000000000000, -1.000000000000000000, 1.526556658859589750E-16 ) ) ;
#6088 = DIRECTION ( 'NONE',  ( 0.000000000000000000, 0.000000000000000000, 1.000000000000000000 ) ) ;
#6089 = EDGE_CURVE ( 'NONE', #8531, #5720, #6091, .T. ) ;
#6090 = EDGE_CURVE ( 'NONE', #6537, #2227, #4329, .T. ) ;
#6091 = LINE ( 'NONE', #5231, #8819 ) ;
#6092 = DIRECTION ( 'NONE',  ( -8.933825902267958940E-17, -1.000000000000000000, 8.933825895486639428E-17 ) ) ;
#6093 = DIRECTION ( 'NONE',  ( -2.602085213964869829E-17, -1.000000000000000000, 1.526556658859589750E-16 ) ) ;
#6094 = CARTESIAN_POINT ( 'NONE',  ( 132.9501407977084000, -139.8164759700137267, 69.92598537738692244 ) ) ;
#6095 = ORIENTED_EDGE ( 'NONE', *, *, #8375, .F. ) ;
#6096 = VECTOR ( 'NONE', #1779, 1000.000000000000000 ) ;
#6097 = CARTESIAN_POINT ( 'NONE',  ( 135.1768364872669963, -140.9297640215120282, 114.2143259181419950 ) ) ;
#6098 = VECTOR ( 'NONE', #2276, 1000.000000000000000 ) ;
#6099 = VERTEX_POINT ( 'NONE', #11661 ) ;
#6100 = VERTEX_POINT ( 'NONE', #7062 ) ;
#6101 = LINE ( 'NONE', #627, #2989 ) ;
#6102 = CARTESIAN_POINT ( 'NONE',  ( 132.2171133453900040, -140.4297640215110050, 99.26432591814179318 ) ) ;
#6103 = DIRECTION ( 'NONE',  ( -0.5650179594528369487, -0.8250786056466088425, 1.366009663031041978E-15 ) ) ;
#6104 = ORIENTED_EDGE ( 'NONE', *, *, #7901, .T. ) ;
#6105 = VECTOR ( 'NONE', #8968, 1000.000000000000114 ) ;
#6106 = DIRECTION ( 'NONE',  ( 0.000000000000000000, -1.000000000000000000, 1.526556658859589750E-16 ) ) ;
#6107 = DIRECTION ( 'NONE',  ( 0.8191520442889919096, 0.5735764363510458264, 2.660577370389440528E-15 ) ) ;
#6108 = AXIS2_PLACEMENT_3D ( 'NONE', #4652, #8355, #1989 ) ;
#6109 = EDGE_CURVE ( 'NONE', #8907, #4064, #10752, .T. ) ;
#6110 = EDGE_LOOP ( 'NONE', ( #204, #7180, #7792, #1370, #5070, #6791, #1536, #3964, #2301, #9634, #611, #9502, #3076, #11996, #7683, #8331, #2784, #5732, #7367, #11490, #5946, #907 ) ) ;
#6111 = CARTESIAN_POINT ( 'NONE',  ( 161.2171133453899756, -119.4297640746489861, 66.99999991151629786 ) ) ;
#6112 = DIRECTION ( 'NONE',  ( 0.7071067811865475727, 0.000000000000000000, -0.7071067811865475727 ) ) ;
#6113 = VERTEX_POINT ( 'NONE', #8204 ) ;
#6114 = DIRECTION ( 'NONE',  ( 0.000000000000000000, -1.000000000000000000, 1.526556658859589750E-16 ) ) ;
#6115 = ORIENTED_EDGE ( 'NONE', *, *, #7780, .T. ) ;
#6116 = VECTOR ( 'NONE', #11230, 999.9999999999998863 ) ;
#6117 = AXIS2_PLACEMENT_3D ( 'NONE', #6582, #1968, #5658 ) ;
#6118 = ORIENTED_EDGE ( 'NONE', *, *, #6724, .F. ) ;
#6119 = VERTEX_POINT ( 'NONE', #1897 ) ;
#6120 = LINE ( 'NONE', #6182, #7823 ) ;
#6121 = CARTESIAN_POINT ( 'NONE',  ( 132.2171133453900040, -138.8513368967660142, 80.50005035713219570 ) ) ;
#6122 = DIRECTION ( 'NONE',  ( 0.7071067811865580088, -0.7071067811865370256, 1.942890293094024932E-16 ) ) ;
#6123 = EDGE_CURVE ( 'NONE', #1489, #6541, #9975, .T. ) ;
#6124 = DIRECTION ( 'NONE',  ( 0.7071067811865475727, 0.000000000000000000, 0.7071067811865475727 ) ) ;
#6125 = VECTOR ( 'NONE', #1085, 1000.000000000000000 ) ;
#6126 = DIRECTION ( 'NONE',  ( -0.7071067811865614505, -0.7071067811865336949, 0.000000000000000000 ) ) ;
#6127 = VERTEX_POINT ( 'NONE', #1956 ) ;
#6128 = LINE ( 'NONE', #1393, #6907 ) ;
#6129 = DIRECTION ( 'NONE',  ( -7.166576360129189239E-17, 0.000000000000000000, 1.000000000000000000 ) ) ;
#6130 = ORIENTED_EDGE ( 'NONE', *, *, #6587, .F. ) ;
#6131 = CARTESIAN_POINT ( 'NONE',  ( 132.2171133453900040, -136.4297640746490288, 70.99999991151649681 ) ) ;
#6132 = VECTOR ( 'NONE', #6050, 1000.000000000000000 ) ;
#6133 = EDGE_LOOP ( 'NONE', ( #10839, #5091 ) ) ;
#6134 = ADVANCED_FACE ( 'NONE', ( #4500 ), #3720, .T. ) ;
#6135 = DIRECTION ( 'NONE',  ( 2.444005099427409921E-28, 1.000000000000000000, 1.761091272811659927E-14 ) ) ;
#6136 = ADVANCED_FACE ( 'NONE', ( #4675 ), #4735, .T. ) ;
#6137 = EDGE_CURVE ( 'NONE', #5168, #3935, #1654, .T. ) ;
#6138 = CARTESIAN_POINT ( 'NONE',  ( 174.2852309984259875, -150.3616463760650106, 108.6871770333523983 ) ) ;
#6139 = CARTESIAN_POINT ( 'NONE',  ( 132.2171133453900040, -136.4297640746490288, 80.50005035146759269 ) ) ;
#6140 = CARTESIAN_POINT ( 'NONE',  ( 162.6399203444899797, -144.9297640746490003, 66.96810934369278812 ) ) ;
#6141 = CARTESIAN_POINT ( 'NONE',  ( 163.0030860468909850, -141.2155428102259975, 68.00170005319560573 ) ) ;
#6142 = VECTOR ( 'NONE', #1543, 1000.000000000000000 ) ;
#6143 = DIRECTION ( 'NONE',  ( 1.000000000000000000, 0.000000000000000000, 0.000000000000000000 ) ) ;
#6144 = LINE ( 'NONE', #9597, #11585 ) ;
#6145 = VERTEX_POINT ( 'NONE', #9290 ) ;
#6146 =( BOUNDED_CURVE ( )  B_SPLINE_CURVE ( 3, ( #2863, #9523, #11221, #7709 ),
 .UNSPECIFIED., .F., .F. ) 
 B_SPLINE_CURVE_WITH_KNOTS ( ( 4, 4 ),
 ( 5.349890256905269759, 5.665711723240839603 ),
 .UNSPECIFIED. ) 
 CURVE ( )  GEOMETRIC_REPRESENTATION_ITEM ( )  RATIONAL_B_SPLINE_CURVE ( ( 1.000000000000000000, 0.9917053244918909716, 0.9917053244918909716, 1.000000000000000000 ) ) 
 REPRESENTATION_ITEM ( '' )  );
#6147 = EDGE_CURVE ( 'NONE', #9512, #3503, #9168, .T. ) ;
#6148 = CARTESIAN_POINT ( 'NONE',  ( 132.4980879767500141, -114.6989756610149982, 57.54701089960399685 ) ) ;
#6149 = VERTEX_POINT ( 'NONE', #977 ) ;
#6150 = CARTESIAN_POINT ( 'NONE',  ( 163.2171133453904872, -148.3795071393267904, 61.45398638249999834 ) ) ;
#6151 = CARTESIAN_POINT ( 'NONE',  ( 130.2171133453899756, -148.4297640215245906, 62.75000000000000000 ) ) ;
#6152 = CARTESIAN_POINT ( 'NONE',  ( 162.9242201265759888, -141.1368708558350136, 68.99999991151629786 ) ) ;
#6153 = CARTESIAN_POINT ( 'NONE',  ( 132.2171133453900040, -146.1405505233339852, 93.86432591814029536 ) ) ;
#6154 = CARTESIAN_POINT ( 'NONE',  ( 147.7171133226179904, -153.4297640746490003, 87.95716295907050153 ) ) ;
#6155 = ORIENTED_EDGE ( 'NONE', *, *, #11563, .F. ) ;
#6156 = AXIS2_PLACEMENT_3D ( 'NONE', #383, #11365, #2162 ) ;
#6157 = DIRECTION ( 'NONE',  ( 7.166576360129189239E-17, -1.526556658859589750E-16, -1.000000000000000000 ) ) ;
#6158 = ORIENTED_EDGE ( 'NONE', *, *, #5222, .T. ) ;
#6159 = CARTESIAN_POINT ( 'NONE',  ( 167.7174759397034904, -120.9148551324721979, 57.20538245800489818 ) ) ;
#6160 = ADVANCED_FACE ( 'NONE', ( #60 ), #7536, .T. ) ;
#6161 = ORIENTED_EDGE ( 'NONE', *, *, #10946, .F. ) ;
#6162 = EDGE_CURVE ( 'NONE', #3817, #3121, #86, .T. ) ;
#6163 = DIRECTION ( 'NONE',  ( 0.000000000000000000, -1.000000000000000000, -6.217248937900871104E-15 ) ) ;
#6164 = CARTESIAN_POINT ( 'NONE',  ( 136.7171133453900040, -138.8513368967660142, 80.50005037337290048 ) ) ;
#6165 = LINE ( 'NONE', #8454, #5476 ) ;
#6166 = ORIENTED_EDGE ( 'NONE', *, *, #10538, .F. ) ;
#6167 = AXIS2_PLACEMENT_3D ( 'NONE', #3058, #6756, #2877 ) ;
#6168 = DIRECTION ( 'NONE',  ( 2.449293589365029737E-16, -7.253542152952179738E-15, 1.000000000000000000 ) ) ;
#6169 = ORIENTED_EDGE ( 'NONE', *, *, #7418, .T. ) ;
#6170 = DIRECTION ( 'NONE',  ( -3.683226109728400325E-15, -1.000000000000000000, 1.526556644979159836E-16 ) ) ;
#6171 = CARTESIAN_POINT ( 'NONE',  ( 162.7170963449785006, -140.5154995110418099, 67.29300432955899680 ) ) ;
#6172 = DIRECTION ( 'NONE',  ( -8.821935677471621045E-15, -1.526556658859589750E-16, -1.000000000000000000 ) ) ;
#6173 = ORIENTED_EDGE ( 'NONE', *, *, #9651, .F. ) ;
#6174 = DIRECTION ( 'NONE',  ( 1.656711940836400129E-15, 1.000000000000000000, -1.656711940836565001E-15 ) ) ;
#6175 = ORIENTED_EDGE ( 'NONE', *, *, #94, .F. ) ;
#6176 = AXIS2_PLACEMENT_3D ( 'NONE', #9149, #6431, #11087 ) ;
#6177 = VECTOR ( 'NONE', #6011, 1000.000000000000000 ) ;
#6178 = ORIENTED_EDGE ( 'NONE', *, *, #215, .F. ) ;
#6179 = EDGE_CURVE ( 'NONE', #4979, #1657, #4740, .T. ) ;
#6180 = AXIS2_PLACEMENT_3D ( 'NONE', #5776, #1960, #244 ) ;
#6181 = VERTEX_POINT ( 'NONE', #11167 ) ;
#6182 = CARTESIAN_POINT ( 'NONE',  ( 160.9671132039360089, -149.8297640215160129, 102.7500000000419931 ) ) ;
#6183 = CARTESIAN_POINT ( 'NONE',  ( 134.8867901064739669, -141.1007641801899979, 106.3086558945839926 ) ) ;
#6184 = CARTESIAN_POINT ( 'NONE',  ( 132.9242201265763867, -134.4297640746490288, 81.20715713265418856 ) ) ;
#6185 = VERTEX_POINT ( 'NONE', #9344 ) ;
#6186 = VECTOR ( 'NONE', #1321, 1000.000000000000000 ) ;
#6187 = VECTOR ( 'NONE', #9979, 1000.000000000000000 ) ;
#6188 = DIRECTION ( 'NONE',  ( 0.7071067819528303877, 0.000000000000000000, 0.7071067804202646467 ) ) ;
#6189 = VERTEX_POINT ( 'NONE', #9114 ) ;
#6190 = FACE_OUTER_BOUND ( 'NONE', #5976, .T. ) ;
#6191 = DIRECTION ( 'NONE',  ( -2.449293589365049951E-16, 6.709576272139220715E-15, -1.000000000000000000 ) ) ;
#6192 = ORIENTED_EDGE ( 'NONE', *, *, #4210, .T. ) ;
#6193 = CARTESIAN_POINT ( 'NONE',  ( 134.5595047504050115, -140.5613489760789889, 107.3643611944959986 ) ) ;
#6194 = VECTOR ( 'NONE', #1235, 1000.000000000000000 ) ;
#6195 = ORIENTED_EDGE ( 'NONE', *, *, #7502, .T. ) ;
#6196 = FACE_OUTER_BOUND ( 'NONE', #2793, .T. ) ;
#6197 = CARTESIAN_POINT ( 'NONE',  ( 132.2171133453900040, -114.4297640215114029, 62.24960223581919649 ) ) ;
#6198 = CARTESIAN_POINT ( 'NONE',  ( 131.2758638716500172, -147.7047261593414191, 54.32916630688080062 ) ) ;
#6199 = CARTESIAN_POINT ( 'NONE',  ( 157.6248169134119905, -148.4297640746490003, 105.4997837512840135 ) ) ;
#6200 = DIRECTION ( 'NONE',  ( -3.965082230804130614E-15, -1.000000000000000000, 1.074294585136279967E-17 ) ) ;
#6201 = VECTOR ( 'NONE', #6764, 1000.000000000000227 ) ;
#6202 = ADVANCED_FACE ( 'NONE', ( #860 ), #2870, .F. ) ;
#6203 = DIRECTION ( 'NONE',  ( -4.416339315364260090E-15, -4.416339315364260090E-15, -1.000000000000000000 ) ) ;
#6204 = PRODUCT_CONTEXT ( 'NONE', #5361, 'mechanical' ) ;
#6205 = CARTESIAN_POINT ( 'NONE',  ( 132.3771133453899722, -152.9723504732990307, 67.14091634279270693 ) ) ;
#6206 = EDGE_LOOP ( 'NONE', ( #6086, #6026, #5984, #6714, #8656 ) ) ;
#6207 = EDGE_CURVE ( 'NONE', #9721, #3935, #8265, .T. ) ;
#6208 = AXIS2_PLACEMENT_3D ( 'NONE', #6615, #2004, #6440 ) ;
#6209 = CARTESIAN_POINT ( 'NONE',  ( 174.2171133453904872, -149.8297640215157855, 64.75000000000000000 ) ) ;
#6210 = ORIENTED_EDGE ( 'NONE', *, *, #9310, .F. ) ;
#6211 = CARTESIAN_POINT ( 'NONE',  ( 164.2171133453900040, -153.4297640746490003, 102.7500000000329976 ) ) ;
#6212 = FACE_OUTER_BOUND ( 'NONE', #5180, .T. ) ;
#6213 = FACE_OUTER_BOUND ( 'NONE', #6948, .T. ) ;
#6214 = ADVANCED_FACE ( 'NONE', ( #2756 ), #3662, .T. ) ;
#6215 = CARTESIAN_POINT ( 'NONE',  ( 163.2171218669100199, -139.0115481470539862, 70.70058776900660291 ) ) ;
#6216 = CARTESIAN_POINT ( 'NONE',  ( 159.6669467343539850, -152.8297640746490060, 70.44999974667979359 ) ) ;
#6217 = CARTESIAN_POINT ( 'NONE',  ( 122.9144919146266091, -148.4297640215245906, 60.75000000000000000 ) ) ;
#6218 =( BOUNDED_CURVE ( )  B_SPLINE_CURVE ( 3, ( #4668, #8621, #2979, #5762 ),
 .UNSPECIFIED., .F., .T. ) 
 B_SPLINE_CURVE_WITH_KNOTS ( ( 4, 4 ),
 ( 2.354382990517709828, 2.356194490192344837 ),
 .UNSPECIFIED. ) 
 CURVE ( )  GEOMETRIC_REPRESENTATION_ITEM ( )  RATIONAL_B_SPLINE_CURVE ( ( 1.000000000000000000, 0.9999997265390959678, 0.9999997265390959678, 1.000000000000000000 ) ) 
 REPRESENTATION_ITEM ( '' )  );
#6219 = ORIENTED_EDGE ( 'NONE', *, *, #10864, .F. ) ;
#6220 = DIRECTION ( 'NONE',  ( -2.602085213964869829E-17, -1.000000000000000000, 1.526556658859589750E-16 ) ) ;
#6221 = ADVANCED_FACE ( 'NONE', ( #10142 ), #2815, .T. ) ;
#6222 = ORIENTED_EDGE ( 'NONE', *, *, #2518, .F. ) ;
#6223 = DIRECTION ( 'NONE',  ( -1.000000000000000000, 2.602085213964869829E-17, 0.000000000000000000 ) ) ;
#6224 = ADVANCED_FACE ( 'NONE', ( #1724 ), #799, .F. ) ;
#6225 = ORIENTED_EDGE ( 'NONE', *, *, #6740, .F. ) ;
#6226 = CARTESIAN_POINT ( 'NONE',  ( 132.2171133453900040, -127.4297640746490146, 80.50005035146759269 ) ) ;
#6227 = DIRECTION ( 'NONE',  ( 1.000000000000000000, 9.644381633923828598E-17, 7.166576360129189239E-17 ) ) ;
#6228 = ORIENTED_EDGE ( 'NONE', *, *, #4217, .T. ) ;
#6229 = DIRECTION ( 'NONE',  ( 0.000000000000000000, -1.526556658859589750E-16, -1.000000000000000000 ) ) ;
#6230 = DIRECTION ( 'NONE',  ( 0.5773502691896217343, -0.5773502691896297279, -0.5773502691896257311 ) ) ;
#6231 = EDGE_CURVE ( 'NONE', #11875, #3917, #6691, .T. ) ;
#6232 = DIRECTION ( 'NONE',  ( -0.9513277913954432119, 0.000000000000000000, -0.3081808451521090841 ) ) ;
#6233 = CARTESIAN_POINT ( 'NONE',  ( 138.9454566039329961, -144.6052796959259865, 107.3670232695349966 ) ) ;
#6234 = DIRECTION ( 'NONE',  ( -1.230233151429590160E-14, -7.323824219251069642E-15, -1.000000000000000000 ) ) ;
#6235 = EDGE_LOOP ( 'NONE', ( #11742, #8771, #10243, #4161, #2349, #1076, #8362 ) ) ;
#6236 = LINE ( 'NONE', #10713, #9636 ) ;
#6237 = ORIENTED_EDGE ( 'NONE', *, *, #2154, .F. ) ;
#6238 = ORIENTED_EDGE ( 'NONE', *, *, #3513, .T. ) ;
#6239 = ORIENTED_EDGE ( 'NONE', *, *, #9727, .F. ) ;
#6240 = DIRECTION ( 'NONE',  ( -2.602085213964869829E-17, -1.000000000000000000, 1.661572766674529829E-16 ) ) ;
#6241 = DIRECTION ( 'NONE',  ( 3.683226109728400325E-15, 1.000000000000000000, -1.526556658859589750E-16 ) ) ;
#6242 = ORIENTED_EDGE ( 'NONE', *, *, #9162, .T. ) ;
#6243 = DIRECTION ( 'NONE',  ( -1.087291533616492079E-15, -1.000000000000000000, 1.087291533616382033E-15 ) ) ;
#6244 = ADVANCED_FACE ( 'NONE', ( #4916 ), #5771, .T. ) ;
#6245 = ORIENTED_EDGE ( 'NONE', *, *, #3513, .F. ) ;
#6246 = EDGE_CURVE ( 'NONE', #1872, #11223, #6687, .T. ) ;
#6247 = CARTESIAN_POINT ( 'NONE',  ( 175.2171133453909988, -149.2641735625587955, 64.75000000000000000 ) ) ;
#6248 = DIRECTION ( 'NONE',  ( 0.000000000000000000, 6.573933234426810631E-15, -1.000000000000000000 ) ) ;
#6249 = VECTOR ( 'NONE', #7215, 1000.000000000000114 ) ;
#6250 = ORIENTED_EDGE ( 'NONE', *, *, #1270, .T. ) ;
#6251 = CARTESIAN_POINT ( 'NONE',  ( 134.1483379300970000, -140.4297636759210093, 107.3643376906800029 ) ) ;
#6252 = ORIENTED_EDGE ( 'NONE', *, *, #9916, .F. ) ;
#6253 = LINE ( 'NONE', #5456, #213 ) ;
#6254 = CARTESIAN_POINT ( 'NONE',  ( 164.1583628191302182, -147.7047261593410781, 54.32916630688080062 ) ) ;
#6255 = VECTOR ( 'NONE', #11196, 1000.000000000000114 ) ;
#6256 = FACE_OUTER_BOUND ( 'NONE', #33, .T. ) ;
#6257 = CARTESIAN_POINT ( 'NONE',  ( 163.2171133453900040, -138.8513369720210164, 93.86432591814070747 ) ) ;
#6258 = DIRECTION ( 'NONE',  ( 3.752643576907700278E-15, 1.000000000000000000, -1.526556658859589750E-16 ) ) ;
#6259 = CARTESIAN_POINT ( 'NONE',  ( 126.2171133453899898, -134.4297640215112040, 58.25000000000000000 ) ) ;
#6260 = CARTESIAN_POINT ( 'NONE',  ( 132.7273600566730920, -153.3112640083010092, 67.03505563330955397 ) ) ;
#6261 = AXIS2_PLACEMENT_3D ( 'NONE', #5633, #2682, #6315 ) ;
#6262 = ORIENTED_EDGE ( 'NONE', *, *, #6953, .F. ) ;
#6263 = CYLINDRICAL_SURFACE ( 'NONE', #855, 0.9999999999999964473 ) ;
#6264 = ORIENTED_EDGE ( 'NONE', *, *, #10797, .T. ) ;
#6265 = SPHERICAL_SURFACE ( 'NONE', #8052, 1.000000000000000000 ) ;
#6266 = CARTESIAN_POINT ( 'NONE',  ( 121.1489955666119869, -150.3616462958709974, 108.6871770333520004 ) ) ;
#6267 = AXIS2_PLACEMENT_3D ( 'NONE', #6300, #10227, #4587 ) ;
#6268 = DIRECTION ( 'NONE',  ( -1.000000000000000000, -9.644381700046828834E-17, -7.166576360129189239E-17 ) ) ;
#6269 = CARTESIAN_POINT ( 'NONE',  ( 162.9650320565530137, -139.0121078075430034, 70.18169676033350868 ) ) ;
#6270 = CARTESIAN_POINT ( 'NONE',  ( 165.2171134190400039, -148.4297639542180036, 57.98985306244370719 ) ) ;
#6271 = LINE ( 'NONE', #5290, #746 ) ;
#6272 = ORIENTED_EDGE ( 'NONE', *, *, #2024, .T. ) ;
#6273 = DIRECTION ( 'NONE',  ( 0.000000000000000000, 0.000000000000000000, 1.000000000000000000 ) ) ;
#6274 = AXIS2_PLACEMENT_3D ( 'NONE', #11195, #1810, #1752 ) ;
#6275 = ORIENTED_EDGE ( 'NONE', *, *, #1713, .T. ) ;
#6276 = EDGE_CURVE ( 'NONE', #4676, #8035, #9406, .T. ) ;
#6277 = CARTESIAN_POINT ( 'NONE',  ( 132.2171133453900040, -140.4297640215119998, 101.5635614979079975 ) ) ;
#6278 = CARTESIAN_POINT ( 'NONE',  ( 163.2171133453900040, -140.4297640215119998, 99.26432591814170792 ) ) ;
#6279 = LINE ( 'NONE', #7198, #37 ) ;
#6280 = VERTEX_POINT ( 'NONE', #10500 ) ;
#6281 = CARTESIAN_POINT ( 'NONE',  ( 138.2040619886570028, -144.2547656287569851, 106.3604718094210000 ) ) ;
#6282 = CARTESIAN_POINT ( 'NONE',  ( 132.5893095848283849, -117.4297640215114029, 57.77774199401589783 ) ) ;
#6283 = EDGE_CURVE ( 'NONE', #3789, #2868, #672, .T. ) ;
#6284 = EDGE_CURVE ( 'NONE', #1533, #748, #8610, .T. ) ;
#6285 =( BOUNDED_CURVE ( )  B_SPLINE_CURVE ( 3, ( #2624, #3589, #5217, #6319 ),
 .UNSPECIFIED., .F., .T. ) 
 B_SPLINE_CURVE_WITH_KNOTS ( ( 4, 4 ),
 ( 5.349890256905269759, 5.665711723240839603 ),
 .UNSPECIFIED. ) 
 CURVE ( )  GEOMETRIC_REPRESENTATION_ITEM ( )  RATIONAL_B_SPLINE_CURVE ( ( 1.000000000000000000, 0.9917053244918909716, 0.9917053244918909716, 1.000000000000000000 ) ) 
 REPRESENTATION_ITEM ( '' )  );
#6286 = CIRCLE ( 'NONE', #9185, 2.500000000000002220 ) ;
#6287 = CARTESIAN_POINT ( 'NONE',  ( 132.2171133453900040, -145.4297640746490003, 71.99999984474899861 ) ) ;
#6288 = CIRCLE ( 'NONE', #5516, 24.75049366970480236 ) ;
#6289 = CARTESIAN_POINT ( 'NONE',  ( 132.2171133574399846, -142.4297640746490003, 70.99999993839659851 ) ) ;
#6290 = CYLINDRICAL_SURFACE ( 'NONE', #6952, 0.9999999999999986677 ) ;
#6291 = EDGE_LOOP ( 'NONE', ( #9261, #8782, #11004, #522 ) ) ;
#6292 = CARTESIAN_POINT ( 'NONE',  ( 165.2171136399900035, -148.4297640215245906, 51.31260299732910113 ) ) ;
#6293 = ORIENTED_EDGE ( 'NONE', *, *, #8143, .F. ) ;
#6294 = ORIENTED_EDGE ( 'NONE', *, *, #11989, .T. ) ;
#6295 = VECTOR ( 'NONE', #7703, 1000.000000000000000 ) ;
#6296 = EDGE_LOOP ( 'NONE', ( #11596, #8150, #6242, #10470, #1573, #4352 ) ) ;
#6297 = ADVANCED_FACE ( 'NONE', ( #10379 ), #2203, .F. ) ;
#6298 = CIRCLE ( 'NONE', #1848, 11.54238125198780729 ) ;
#6299 = CARTESIAN_POINT ( 'NONE',  ( 132.2171133453900040, -134.4297640746490288, 81.50005035146759269 ) ) ;
#6300 = CARTESIAN_POINT ( 'NONE',  ( 163.0571133453900075, -153.4297640746490003, 66.54898615365620174 ) ) ;
#6301 = LINE ( 'NONE', #2492, #6249 ) ;
#6302 = ORIENTED_EDGE ( 'NONE', *, *, #8584, .F. ) ;
#6303 = ORIENTED_EDGE ( 'NONE', *, *, #10269, .T. ) ;
#6304 = DIRECTION ( 'NONE',  ( 8.086545322250028744E-08, 0.000000000000000000, 0.9999999999999968914 ) ) ;
#6305 = ORIENTED_EDGE ( 'NONE', *, *, #8015, .F. ) ;
#6306 = FACE_OUTER_BOUND ( 'NONE', #1309, .T. ) ;
#6307 = DIRECTION ( 'NONE',  ( -8.821935677471621045E-15, -1.408384218142889936E-16, -1.000000000000000000 ) ) ;
#6308 = VECTOR ( 'NONE', #304, 1000.000000000000000 ) ;
#6309 = CIRCLE ( 'NONE', #11303, 1.700000000000007061 ) ;
#6310 = ORIENTED_EDGE ( 'NONE', *, *, #8826, .F. ) ;
#6311 = CARTESIAN_POINT ( 'NONE',  ( 163.2171133453900040, -143.9397640202369928, 80.50005035146709531 ) ) ;
#6312 = EDGE_LOOP ( 'NONE', ( #268, #4543, #8179, #1440 ) ) ;
#6313 = EDGE_CURVE ( 'NONE', #11688, #4084, #9457, .T. ) ;
#6314 = ADVANCED_FACE ( 'NONE', ( #6751 ), #2931, .T. ) ;
#6315 = DIRECTION ( 'NONE',  ( -0.8944271909999103043, 0.000000000000000000, 0.4472135954999690299 ) ) ;
#6316 = CARTESIAN_POINT ( 'NONE',  ( 163.2171133453900040, -138.8513368967660142, 80.50005035713219570 ) ) ;
#6317 = VECTOR ( 'NONE', #5403, 1000.000000000000000 ) ;
#6318 = CARTESIAN_POINT ( 'NONE',  ( 133.3490102926332099, -122.2965109939589325, 62.67435535457871509 ) ) ;
#6319 = CARTESIAN_POINT ( 'NONE',  ( 122.9144919146266091, -148.4297640215249885, 55.97801179947970240 ) ) ;
#6320 = LINE ( 'NONE', #8139, #295 ) ;
#6321 = CARTESIAN_POINT ( 'NONE',  ( 162.2171133453900040, -152.4297640746490003, 75.35358135287509640 ) ) ;
#6322 = VECTOR ( 'NONE', #5386, 1000.000000000000000 ) ;
#6323 = LINE ( 'NONE', #792, #7343 ) ;
#6324 = ADVANCED_FACE ( 'NONE', ( #11412 ), #240, .T. ) ;
#6325 = DIRECTION ( 'NONE',  ( 0.000000000000000000, 1.000000000000000000, 6.573933234426810631E-15 ) ) ;
#6326 = ORIENTED_EDGE ( 'NONE', *, *, #2794, .F. ) ;
#6327 = VECTOR ( 'NONE', #11974, 1000.000000000000000 ) ;
#6328 = LINE ( 'NONE', #6450, #8018 ) ;
#6329 = DIRECTION ( 'NONE',  ( 1.060406112649516158E-14, 0.000000000000000000, 1.000000000000000000 ) ) ;
#6330 = CARTESIAN_POINT ( 'NONE',  ( 161.2171130401599726, -153.4297640746490003, 103.6640618979710098 ) ) ;
#6331 = VERTEX_POINT ( 'NONE', #9594 ) ;
#6332 = LINE ( 'NONE', #10024, #762 ) ;
#6333 = PLANE ( 'NONE',  #10197 ) ;
#6334 = FACE_BOUND ( 'NONE', #5483, .T. ) ;
#6335 = ORIENTED_EDGE ( 'NONE', *, *, #6438, .F. ) ;
#6336 = DIRECTION ( 'NONE',  ( 2.602085213964879690E-17, 1.000000000000000000, -1.150608946447910180E-15 ) ) ;
#6337 = EDGE_LOOP ( 'NONE', ( #11698, #11902 ) ) ;
#6338 = AXIS2_PLACEMENT_3D ( 'NONE', #6079, #425, #11592 ) ;
#6339 = EDGE_LOOP ( 'NONE', ( #1215, #705, #7006, #2189 ) ) ;
#6340 = EDGE_CURVE ( 'NONE', #7947, #4151, #7657, .T. ) ;
#6341 = CARTESIAN_POINT ( 'NONE',  ( 122.9144919146266091, -148.4297640215249885, 55.97801179947970240 ) ) ;
#6342 = CARTESIAN_POINT ( 'NONE',  ( 174.2171133453904872, -149.8297640215157855, 62.75000000000000000 ) ) ;
#6343 = VERTEX_POINT ( 'NONE', #2017 ) ;
#6344 = CARTESIAN_POINT ( 'NONE',  ( 135.1930095005760109, -141.9813502137359933, 109.0491236408510076 ) ) ;
#6345 = CARTESIAN_POINT ( 'NONE',  ( 136.9171131927749911, -148.4297640746490003, 103.7997837512839965 ) ) ;
#6346 = LINE ( 'NONE', #1511, #9328 ) ;
#6347 = AXIS2_PLACEMENT_3D ( 'NONE', #8841, #6174, #10838 ) ;
#6348 = DIRECTION ( 'NONE',  ( -2.602085213964869829E-17, -1.000000000000000000, 1.526556658859589750E-16 ) ) ;
#6349 = DIRECTION ( 'NONE',  ( -1.582785080566889997E-25, 1.000000000000000000, -4.885921557539250456E-25 ) ) ;
#6350 = CARTESIAN_POINT ( 'NONE',  ( 122.2171131963785911, -140.4262129510823911, 57.08879711976310034 ) ) ;
#6351 = ORIENTED_EDGE ( 'NONE', *, *, #8085, .F. ) ;
#6352 = EDGE_CURVE ( 'NONE', #8967, #5641, #11470, .T. ) ;
#6353 = DIRECTION ( 'NONE',  ( 2.602085213964889859E-17, 1.000000000000000000, -1.526556658859589750E-16 ) ) ;
#6354 = ORIENTED_EDGE ( 'NONE', *, *, #882, .T. ) ;
#6355 = B_SPLINE_CURVE_WITH_KNOTS ( 'NONE', 3,
 ( #4544, #6377, #4663, #1883 ),
 .UNSPECIFIED., .F., .F.,
 ( 4, 4 ),
 ( 0.000000000000000000, 1.000000000000000000 ),
 .UNSPECIFIED. ) ;
#6356 = VERTEX_POINT ( 'NONE', #183 ) ;
#6357 = ADVANCED_FACE ( 'NONE', ( #3117 ), #5827, .T. ) ;
#6358 = EDGE_CURVE ( 'NONE', #2868, #2780, #485, .T. ) ;
#6359 = ORIENTED_EDGE ( 'NONE', *, *, #3010, .F. ) ;
#6360 = DIRECTION ( 'NONE',  ( 1.734923811392220086E-15, 1.000000000000000000, 1.734923811392220086E-15 ) ) ;
#6361 = CARTESIAN_POINT ( 'NONE',  ( 163.2171133453900040, -136.4297640746490288, 72.12502505495649530 ) ) ;
#6362 = FACE_OUTER_BOUND ( 'NONE', #983, .T. ) ;
#6363 = EDGE_LOOP ( 'NONE', ( #4557, #8198, #9612, #2427 ) ) ;
#6364 =( BOUNDED_CURVE ( )  B_SPLINE_CURVE ( 3, ( #2096, #9487, #1177, #1914 ),
 .UNSPECIFIED., .F., .F. ) 
 B_SPLINE_CURVE_WITH_KNOTS ( ( 4, 4 ),
 ( 2.164934897191910140E-15, 1.126157883263465997 ),
 .UNSPECIFIED. ) 
 CURVE ( )  GEOMETRIC_REPRESENTATION_ITEM ( )  RATIONAL_B_SPLINE_CURVE ( ( 1.000000000000000000, 0.8970770709083970562, 0.8970770709083970562, 1.000000000000000000 ) ) 
 REPRESENTATION_ITEM ( '' )  );
#6365 = ORIENTED_EDGE ( 'NONE', *, *, #10868, .T. ) ;
#6366 = LINE ( 'NONE', #10115, #1251 ) ;
#6367 = DIRECTION ( 'NONE',  ( -3.683226109728400325E-15, -1.000000000000000000, 0.000000000000000000 ) ) ;
#6368 = AXIS2_PLACEMENT_3D ( 'NONE', #5388, #778, #6248 ) ;
#6369 = LINE ( 'NONE', #714, #8516 ) ;
#6370 = CIRCLE ( 'NONE', #1334, 0.5899999999999971934 ) ;
#6371 = ADVANCED_FACE ( 'NONE', ( #7890 ), #10683, .T. ) ;
#6372 = ORIENTED_EDGE ( 'NONE', *, *, #5600, .F. ) ;
#6373 = AXIS2_PLACEMENT_3D ( 'NONE', #2704, #6402, #7130 ) ;
#6374 = CARTESIAN_POINT ( 'NONE',  ( 132.2171133453900040, -152.4297640746490003, 95.20718002819110382 ) ) ;
#6375 = ADVANCED_FACE ( 'NONE', ( #6992 ), #9829, .F. ) ;
#6376 = ORIENTED_EDGE ( 'NONE', *, *, #5273, .F. ) ;
#6377 = CARTESIAN_POINT ( 'NONE',  ( 138.6581459931534255, -144.4216140597808931, 110.5269184766721651 ) ) ;
#6378 = PLANE ( 'NONE',  #6621 ) ;
#6379 = VECTOR ( 'NONE', #81, 1000.000000000000000 ) ;
#6380 = VECTOR ( 'NONE', #1202, 1000.000000000000000 ) ;
#6381 = CARTESIAN_POINT ( 'NONE',  ( 160.2932338128784977, -138.3982339446410208, 68.99999991151629786 ) ) ;
#6382 = LINE ( 'NONE', #7174, #10655 ) ;
#6383 = CARTESIAN_POINT ( 'NONE',  ( 163.0571133453900075, -140.4797640480800283, 66.54898615365620174 ) ) ;
#6384 = EDGE_CURVE ( 'NONE', #6113, #261, #11530, .T. ) ;
#6385 = EDGE_CURVE ( 'NONE', #7499, #1366, #1262, .T. ) ;
#6386 = VECTOR ( 'NONE', #2768, 1000.000000000000227 ) ;
#6387 = VECTOR ( 'NONE', #5662, 1000.000000000000000 ) ;
#6388 = DIRECTION ( 'NONE',  ( 0.000000000000000000, -1.000000000000000000, 1.150608946447910180E-15 ) ) ;
#6389 = VERTEX_POINT ( 'NONE', #5220 ) ;
#6390 = DIRECTION ( 'NONE',  ( 2.602085213964869829E-17, 1.000000000000000000, -1.526556658859589750E-16 ) ) ;
#6391 = CIRCLE ( 'NONE', #6783, 14.00026375888599439 ) ;
#6392 = VERTEX_POINT ( 'NONE', #6933 ) ;
#6393 = CIRCLE ( 'NONE', #4233, 1.000000002926494602 ) ;
#6394 = CARTESIAN_POINT ( 'NONE',  ( 162.5818865471806589, -140.1098588517186556, 67.13128348503153120 ) ) ;
#6395 = CARTESIAN_POINT ( 'NONE',  ( 131.2171133453900040, -153.4297640746490003, 102.7500000000329976 ) ) ;
#6396 = DIRECTION ( 'NONE',  ( -4.795077207320080361E-24, 1.000000000000000000, -2.366582714832560085E-30 ) ) ;
#6397 = VERTEX_POINT ( 'NONE', #10622 ) ;
#6398 = EDGE_CURVE ( 'NONE', #6397, #5179, #2333, .T. ) ;
#6399 = DIRECTION ( 'NONE',  ( -1.000000000000000000, 0.000000000000000000, 8.810118433399840573E-15 ) ) ;
#6400 = CARTESIAN_POINT ( 'NONE',  ( 154.6834021859320103, -153.4297640215119714, 112.4405461112039859 ) ) ;
#6401 = ADVANCED_FACE ( 'NONE', ( #7832 ), #3235, .T. ) ;
#6402 = DIRECTION ( 'NONE',  ( -1.902335516806544655E-16, -1.000000000000000000, -4.379266297407600859E-15 ) ) ;
#6403 = ORIENTED_EDGE ( 'NONE', *, *, #10884, .T. ) ;
#6404 = DIRECTION ( 'NONE',  ( 0.000000000000000000, 0.000000000000000000, 1.000000000000000000 ) ) ;
#6405 = ORIENTED_EDGE ( 'NONE', *, *, #2962, .F. ) ;
#6406 = AXIS2_PLACEMENT_3D ( 'NONE', #483, #4194, #1221 ) ;
#6407 = VERTEX_POINT ( 'NONE', #7432 ) ;
#6408 = PLANE ( 'NONE',  #5699 ) ;
#6409 = DIRECTION ( 'NONE',  ( 0.000000000000000000, 0.000000000000000000, 1.000000000000000000 ) ) ;
#6410 = VERTEX_POINT ( 'NONE', #1970 ) ;
#6411 = CARTESIAN_POINT ( 'NONE',  ( 162.2171133453900040, -135.4297640746490288, 71.99999985651460577 ) ) ;
#6412 = CARTESIAN_POINT ( 'NONE',  ( 135.2171133453900040, -119.4297640746489861, 69.99999991151649681 ) ) ;
#6413 = CYLINDRICAL_SURFACE ( 'NONE', #5064, 1.000000000000015987 ) ;
#6414 = CARTESIAN_POINT ( 'NONE',  ( 132.2171133453900040, -134.4297640746490288, 80.50005035146759269 ) ) ;
#6415 = CARTESIAN_POINT ( 'NONE',  ( 163.2171133453900040, -119.4459165395000042, 96.26432591814179318 ) ) ;
#6416 = LINE ( 'NONE', #4347, #5783 ) ;
#6417 = ORIENTED_EDGE ( 'NONE', *, *, #3942, .T. ) ;
#6418 = LINE ( 'NONE', #9308, #8861 ) ;
#6419 = ORIENTED_EDGE ( 'NONE', *, *, #11059, .T. ) ;
#6420 = ORIENTED_EDGE ( 'NONE', *, *, #1012, .F. ) ;
#6421 = VERTEX_POINT ( 'NONE', #10331 ) ;
#6422 = CARTESIAN_POINT ( 'NONE',  ( 160.5504590586534732, -120.9396747112330246, 59.23755697945395582 ) ) ;
#6423 = CYLINDRICAL_SURFACE ( 'NONE', #1427, 0.5899999999999873124 ) ;
#6424 = CARTESIAN_POINT ( 'NONE',  ( 135.1768364872669963, -153.2079386145641138, 116.1643259181419978 ) ) ;
#6425 = VERTEX_POINT ( 'NONE', #8745 ) ;
#6426 = EDGE_CURVE ( 'NONE', #7011, #3327, #289, .T. ) ;
#6427 = ORIENTED_EDGE ( 'NONE', *, *, #8682, .F. ) ;
#6428 = CARTESIAN_POINT ( 'NONE',  ( 135.2171133453900040, -119.4297640746489861, 67.99999991151649681 ) ) ;
#6429 = ORIENTED_EDGE ( 'NONE', *, *, #8567, .T. ) ;
#6430 = CARTESIAN_POINT ( 'NONE',  ( 138.4751040480451820, -117.4297640215112040, 62.10199319125020168 ) ) ;
#6431 = DIRECTION ( 'NONE',  ( 9.644381700046828834E-17, -1.000000000000000000, 2.327875578288750051E-16 ) ) ;
#6432 = ORIENTED_EDGE ( 'NONE', *, *, #59, .T. ) ;
#6433 = CARTESIAN_POINT ( 'NONE',  ( 134.5595515270850058, -140.5613196505220230, 105.3643606650390012 ) ) ;
#6434 = VECTOR ( 'NONE', #10983, 1000.000000000000000 ) ;
#6435 = VERTEX_POINT ( 'NONE', #11182 ) ;
#6436 = DIRECTION ( 'NONE',  ( 0.7071067811865475727, -0.7071067811865475727, 1.586192039560628656E-16 ) ) ;
#6437 = DIRECTION ( 'NONE',  ( 1.269123695650339974E-14, -1.000000000000000000, -6.660334767718640911E-15 ) ) ;
#6438 = EDGE_CURVE ( 'NONE', #11519, #11988, #279, .T. ) ;
#6439 = CARTESIAN_POINT ( 'NONE',  ( 133.5223699658313308, -122.1224850547968970, 62.61152112133290615 ) ) ;
#6440 = DIRECTION ( 'NONE',  ( 5.412240084694092007E-08, 0.000000000000000000, -0.9999999999999986677 ) ) ;
#6441 = VECTOR ( 'NONE', #3200, 1000.000000000000000 ) ;
#6442 = CARTESIAN_POINT ( 'NONE',  ( 161.5100065642035077, -119.4297640746489861, 81.20715713265379065 ) ) ;
#6443 = ADVANCED_FACE ( 'NONE', ( #6932 ), #10621, .T. ) ;
#6444 = ADVANCED_FACE ( 'NONE', ( #7606 ), #4869, .T. ) ;
#6445 = FACE_OUTER_BOUND ( 'NONE', #11036, .T. ) ;
#6446 = AXIS2_PLACEMENT_3D ( 'NONE', #3079, #4945, #6778 ) ;
#6447 = EDGE_CURVE ( 'NONE', #2393, #10077, #6364, .T. ) ;
#6448 = LINE ( 'NONE', #8199, #11889 ) ;
#6449 = VERTEX_POINT ( 'NONE', #3734 ) ;
#6450 = CARTESIAN_POINT ( 'NONE',  ( 165.2171133453904872, -134.8245525410659980, 62.25000000000000000 ) ) ;
#6451 = DIRECTION ( 'NONE',  ( 1.000000000000000000, 4.795077207320080361E-24, 0.000000000000000000 ) ) ;
#6452 = ORIENTED_EDGE ( 'NONE', *, *, #11327, .F. ) ;
#6453 = CARTESIAN_POINT ( 'NONE',  ( 163.0571133453900075, -144.5297640215119941, 66.54898615365620174 ) ) ;
#6454 = AXIS2_PLACEMENT_3D ( 'NONE', #2187, #1207, #7759 ) ;
#6455 = CARTESIAN_POINT ( 'NONE',  ( 132.2171133453897482, -140.6724047617682345, 65.99999991151646839 ) ) ;
#6456 = FACE_OUTER_BOUND ( 'NONE', #11754, .T. ) ;
#6457 = VERTEX_POINT ( 'NONE', #3003 ) ;
#6458 = CARTESIAN_POINT ( 'NONE',  ( 135.2171131927750309, -148.2297640746490117, 103.7997837512839965 ) ) ;
#6459 = VERTEX_POINT ( 'NONE', #6020 ) ;
#6460 = EDGE_CURVE ( 'NONE', #155, #448, #1399, .T. ) ;
#6461 = CIRCLE ( 'NONE', #8005, 1.849999999999990541 ) ;
#6462 = DIRECTION ( 'NONE',  ( -1.000000000000000000, 0.000000000000000000, 3.833073549109210312E-15 ) ) ;
#6463 = EDGE_CURVE ( 'NONE', #9119, #10858, #4750, .T. ) ;
#6464 = ORIENTED_EDGE ( 'NONE', *, *, #782, .T. ) ;
#6465 = PLANE ( 'NONE',  #673 ) ;
#6466 = DIRECTION ( 'NONE',  ( -9.644381700046989071E-17, 1.000000000000000000, -6.863727321580560227E-31 ) ) ;
#6467 = DIRECTION ( 'NONE',  ( -1.000000000000000000, 2.602085213964869829E-17, -7.166576360129189239E-17 ) ) ;
#6468 = DIRECTION ( 'NONE',  ( 0.000000000000000000, 1.000000000000000000, 6.217248937900871104E-15 ) ) ;
#6469 = CARTESIAN_POINT ( 'NONE',  ( 161.2171133453899756, -138.9297640746490288, 69.99999991151639733 ) ) ;
#6470 = DIRECTION ( 'NONE',  ( -4.422034925190670533E-15, -1.000000000000000000, -6.633052400461320667E-15 ) ) ;
#6471 = DIRECTION ( 'NONE',  ( 0.000000000000000000, 6.573933234426801165E-15, -1.000000000000000000 ) ) ;
#6472 = EDGE_LOOP ( 'NONE', ( #3636, #10896, #11772, #2516 ) ) ;
#6473 = DIRECTION ( 'NONE',  ( 1.000000000000000000, -4.198030805606750742E-15, -2.449293572821720211E-16 ) ) ;
#6474 = VECTOR ( 'NONE', #6470, 1000.000000000000000 ) ;
#6475 = ORIENTED_EDGE ( 'NONE', *, *, #8871, .T. ) ;
#6476 = B_SPLINE_CURVE_WITH_KNOTS ( 'NONE', 3,
 ( #3660, #6567, #11166, #919, #7365, #8325 ),
 .UNSPECIFIED., .F., .F.,
 ( 4, 2, 4 ),
 ( 0.000000000000000000, 0.5000000000000000000, 1.000000000000000000 ),
 .UNSPECIFIED. ) ;
#6477 = VERTEX_POINT ( 'NONE', #8459 ) ;
#6478 = ORIENTED_EDGE ( 'NONE', *, *, #8845, .F. ) ;
#6479 = CARTESIAN_POINT ( 'NONE',  ( 161.9280787545245062, -122.4980006437286448, 57.94387902682074554 ) ) ;
#6480 = DIRECTION ( 'NONE',  ( 0.000000000000000000, 1.000000000000000000, -1.526556658859589750E-16 ) ) ;
#6481 = LINE ( 'NONE', #3922, #230 ) ;
#6482 = EDGE_CURVE ( 'NONE', #442, #6331, #139, .T. ) ;
#6483 = VERTEX_POINT ( 'NONE', #2943 ) ;
#6484 = VECTOR ( 'NONE', #11468, 1000.000000000000000 ) ;
#6485 = CARTESIAN_POINT ( 'NONE',  ( 163.2171133453900040, -147.2275103831459830, 98.69164219418240691 ) ) ;
#6486 = EDGE_LOOP ( 'NONE', ( #2173, #7986, #6432, #2590 ) ) ;
#6487 = AXIS2_PLACEMENT_3D ( 'NONE', #2881, #11118, #6462 ) ;
#6488 = PLANE ( 'NONE',  #867 ) ;
#6489 = CARTESIAN_POINT ( 'NONE',  ( 124.2819883672419934, -138.9803717909817919, 58.25000000000000000 ) ) ;
#6490 = LINE ( 'NONE', #5569, #2720 ) ;
#6491 = ORIENTED_EDGE ( 'NONE', *, *, #7500, .T. ) ;
#6492 = VECTOR ( 'NONE', #8242, 1000.000000000000000 ) ;
#6493 = LINE ( 'NONE', #41, #947 ) ;
#6494 = VECTOR ( 'NONE', #1359, 1000.000000000000000 ) ;
#6495 = ORIENTED_EDGE ( 'NONE', *, *, #2209, .T. ) ;
#6496 = DIRECTION ( 'NONE',  ( -0.008142047127308708193, 0.000000000000000000, -0.9999668529849260468 ) ) ;
#6497 = CARTESIAN_POINT ( 'NONE',  ( 135.1106248479624128, -114.4297640215114029, 60.27765112427590566 ) ) ;
#6498 = AXIS2_PLACEMENT_3D ( 'NONE', #4015, #1163, #7716 ) ;
#6499 = CARTESIAN_POINT ( 'NONE',  ( 134.8866450717220005, -141.1010276121810136, 110.4199042041929886 ) ) ;
#6500 = DIRECTION ( 'NONE',  ( -0.8944271909999325088, 0.000000000000000000, -0.4472135954999246210 ) ) ;
#6501 = B_SPLINE_CURVE_WITH_KNOTS ( 'NONE', 3,
 ( #9153, #9094, #1821, #719 ),
 .UNSPECIFIED., .F., .F.,
 ( 4, 4 ),
 ( 0.000000000000000000, 1.000000000000000000 ),
 .UNSPECIFIED. ) ;
#6502 = DIRECTION ( 'NONE',  ( -1.000000000000000000, -9.644381700046648875E-17, 4.697843999457050607E-15 ) ) ;
#6503 = EDGE_CURVE ( 'NONE', #4676, #10195, #11145, .T. ) ;
#6504 = VECTOR ( 'NONE', #3424, 1000.000000000000000 ) ;
#6505 = B_SPLINE_SURFACE_WITH_KNOTS ( 'NONE', 3, 3, ( 
 ( #9901, #8026, #3429, #8088, #7063, #11897 ),
 ( #6215, #4275, #11662, #10815, #5352, #1665 ),
 ( #6269, #4388, #2463, #7128, #8995, #11720 ),
 ( #9057, #742, #11784, #8937, #1601, #5288 ),
 ( #3491, #3544, #7189, #4449, #10876, #4502 ) ),
 .UNSPECIFIED., .F., .F., .F.,
 ( 4, 1, 4 ),
 ( 4, 1, 1, 4 ),
 ( 0.000000000000000000, 0.5714285714285709528, 1.001530060333600147 ),
 ( -1.572326387128500036, -0.8975979010256570634, -0.4487989505128309742, 0.001530060333594069873 ),
 .UNSPECIFIED. ) ;
#6506 = ADVANCED_FACE ( 'NONE', ( #2031 ), #4134, .F. ) ;
#6507 = EDGE_CURVE ( 'NONE', #5251, #1576, #10394, .T. ) ;
#6508 = ORIENTED_EDGE ( 'NONE', *, *, #4435, .T. ) ;
#6509 = DIRECTION ( 'NONE',  ( 0.3118089932630119243, 0.3118084451452189376, 0.8975247323926109910 ) ) ;
#6510 = ORIENTED_EDGE ( 'NONE', *, *, #6123, .T. ) ;
#6511 = ORIENTED_EDGE ( 'NONE', *, *, #1627, .T. ) ;
#6512 = PLANE ( 'NONE',  #479 ) ;
#6513 = CARTESIAN_POINT ( 'NONE',  ( 127.7167507510765745, -120.9148551644310032, 57.20538172603340143 ) ) ;
#6514 = AXIS2_PLACEMENT_3D ( 'NONE', #3561, #5492, #9980 ) ;
#6515 = CARTESIAN_POINT ( 'NONE',  ( 138.1026081807310106, -144.2235739806430104, 106.3643259261839944 ) ) ;
#6516 = CARTESIAN_POINT ( 'NONE',  ( 164.2171132645239879, -145.4297640746490003, 70.99999985396770796 ) ) ;
#6517 = DIRECTION ( 'NONE',  ( -6.554525582486420045E-17, -1.000000000000000000, 1.705222977452164889E-16 ) ) ;
#6518 = EDGE_LOOP ( 'NONE', ( #4337, #8415 ) ) ;
#6519 = LINE ( 'NONE', #747, #2498 ) ;
#6520 = EDGE_CURVE ( 'NONE', #821, #6145, #9985, .T. ) ;
#6521 = ORIENTED_EDGE ( 'NONE', *, *, #8389, .F. ) ;
#6522 = AXIS2_PLACEMENT_3D ( 'NONE', #8027, #10638, #5911 ) ;
#6523 = CARTESIAN_POINT ( 'NONE',  ( 121.2171133453899898, -149.8297640215160129, 63.75000000000000000 ) ) ;
#6524 = ORIENTED_EDGE ( 'NONE', *, *, #5977, .F. ) ;
#6525 = CARTESIAN_POINT ( 'NONE',  ( 135.0144879047719826, -141.4296898152430231, 110.3643259236470016 ) ) ;
#6526 = CARTESIAN_POINT ( 'NONE',  ( 132.2171048338250046, -139.0115528356840002, 66.29941180195488926 ) ) ;
#6527 = CARTESIAN_POINT ( 'NONE',  ( 162.4671133453900040, -144.9297640746490003, 66.55091634279270352 ) ) ;
#6528 = CARTESIAN_POINT ( 'NONE',  ( 169.2171133453904872, -154.4297640215109766, 62.75000000000000000 ) ) ;
#6529 = CARTESIAN_POINT ( 'NONE',  ( 147.7171133453902030, -119.4297640215111898, 55.55305139829859939 ) ) ;
#6530 = CARTESIAN_POINT ( 'NONE',  ( 127.4387430301743507, -136.0375236264612226, 51.91664625081959628 ) ) ;
#6531 = ORIENTED_EDGE ( 'NONE', *, *, #3906, .T. ) ;
#6532 = AXIS2_PLACEMENT_3D ( 'NONE', #9892, #5277, #8983 ) ;
#6533 = EDGE_CURVE ( 'NONE', #1879, #6601, #11529, .T. ) ;
#6534 = EDGE_CURVE ( 'NONE', #650, #4456, #5606, .T. ) ;
#6535 = ORIENTED_EDGE ( 'NONE', *, *, #1705, .T. ) ;
#6536 = EDGE_LOOP ( 'NONE', ( #4662, #11061, #4096, #2531, #1921 ) ) ;
#6537 = VERTEX_POINT ( 'NONE', #8399 ) ;
#6538 = CARTESIAN_POINT ( 'NONE',  ( 160.8995318825783158, -121.3633921266094688, 58.67888709761198385 ) ) ;
#6539 = CARTESIAN_POINT ( 'NONE',  ( 162.2171133453900040, -141.8439776370219931, 68.81249981955798489 ) ) ;
#6540 = DIRECTION ( 'NONE',  ( -0.9513277913954432119, 1.655369630918741316E-15, -0.3081808451521089731 ) ) ;
#6541 = VERTEX_POINT ( 'NONE', #1526 ) ;
#6542 = CIRCLE ( 'NONE', #6532, 6.999999999999997335 ) ;
#6543 = CARTESIAN_POINT ( 'NONE',  ( 133.0143474550984592, -139.6249341556010677, 67.04183634390481927 ) ) ;
#6544 = ORIENTED_EDGE ( 'NONE', *, *, #1199, .T. ) ;
#6545 = CARTESIAN_POINT ( 'NONE',  ( 122.7165570233109833, -149.1180152408723529, 54.91243863503818545 ) ) ;
#6546 = DIRECTION ( 'NONE',  ( -0.4397326120323142296, 0.1821432117215233126, 0.8794652240646053665 ) ) ;
#6547 = LINE ( 'NONE', #3025, #7902 ) ;
#6548 = CARTESIAN_POINT ( 'NONE',  ( 135.2171133453900040, -119.4297640746489861, 99.26432591814190687 ) ) ;
#6549 = EDGE_CURVE ( 'NONE', #2088, #10586, #9043, .T. ) ;
#6550 = VERTEX_POINT ( 'NONE', #11829 ) ;
#6551 = VECTOR ( 'NONE', #6353, 1000.000000000000000 ) ;
#6552 = CARTESIAN_POINT ( 'NONE',  ( 139.0828876577280084, -140.4297640215119998, 110.8082242828500057 ) ) ;
#6553 = ORIENTED_EDGE ( 'NONE', *, *, #9161, .F. ) ;
#6554 = FACE_OUTER_BOUND ( 'NONE', #5297, .T. ) ;
#6555 = DIRECTION ( 'NONE',  ( 8.821935677471621045E-15, 5.048319222053880719E-16, 1.000000000000000000 ) ) ;
#6556 = AXIS2_PLACEMENT_3D ( 'NONE', #4264, #6024, #7955 ) ;
#6557 = CARTESIAN_POINT ( 'NONE',  ( 132.2171133454160099, -148.1717277621289952, 62.10199259234050828 ) ) ;
#6558 = CARTESIAN_POINT ( 'NONE',  ( 136.9171131927749911, -148.0297640746490231, 102.0997837512840078 ) ) ;
#6559 = DIRECTION ( 'NONE',  ( 5.883148992937639856E-16, 1.000000000000000000, -5.883148992938029356E-16 ) ) ;
#6560 = EDGE_CURVE ( 'NONE', #2432, #8887, #484, .T. ) ;
#6561 = CARTESIAN_POINT ( 'NONE',  ( 163.2171133453900040, -139.0155505122760076, 70.99999991151629786 ) ) ;
#6562 = VECTOR ( 'NONE', #6033, 1000.000000000000000 ) ;
#6563 = VECTOR ( 'NONE', #2272, 1000.000000000000000 ) ;
#6564 = DIRECTION ( 'NONE',  ( -1.656711937411270011E-15, -1.000000000000000000, 1.656711941001984991E-15 ) ) ;
#6565 = CARTESIAN_POINT ( 'NONE',  ( 132.2171133453900040, -114.4297640215114029, 62.74648661845999698 ) ) ;
#6566 = EDGE_LOOP ( 'NONE', ( #2222, #4140, #1626, #1046, #8824, #3730, #3833, #11923, #2117 ) ) ;
#6567 = CARTESIAN_POINT ( 'NONE',  ( 132.5100065642030245, -141.1368708558350420, 67.87454564308396243 ) ) ;
#6568 = EDGE_CURVE ( 'NONE', #9555, #6099, #10739, .T. ) ;
#6569 = CARTESIAN_POINT ( 'NONE',  ( 160.2171131927750025, -140.4297640215119998, 103.7997837512839965 ) ) ;
#6570 = AXIS2_PLACEMENT_3D ( 'NONE', #6414, #7321, #11011 ) ;
#6571 = CARTESIAN_POINT ( 'NONE',  ( 162.8269449219380078, -114.4297640215112040, 57.67765335951249739 ) ) ;
#6572 = LINE ( 'NONE', #5774, #1695 ) ;
#6573 = EDGE_CURVE ( 'NONE', #8007, #8907, #4562, .T. ) ;
#6574 = CARTESIAN_POINT ( 'NONE',  ( 133.0664558081502094, -141.3212823756466037, 53.47602185630480420 ) ) ;
#6575 = VERTEX_POINT ( 'NONE', #603 ) ;
#6576 = DIRECTION ( 'NONE',  ( 2.602085213964869829E-17, 1.000000000000000000, -1.526556658859589750E-16 ) ) ;
#6577 = EDGE_LOOP ( 'NONE', ( #3630, #9993, #3879, #1545 ) ) ;
#6578 = AXIS2_PLACEMENT_3D ( 'NONE', #11422, #4927, #8640 ) ;
#6579 = VECTOR ( 'NONE', #10319, 1000.000000000000000 ) ;
#6580 = CARTESIAN_POINT ( 'NONE',  ( 169.9786284033270078, -148.4297640215243916, 53.38549640900530591 ) ) ;
#6581 = ORIENTED_EDGE ( 'NONE', *, *, #10425, .T. ) ;
#6582 = CARTESIAN_POINT ( 'NONE',  ( 132.2171133453900040, -153.4297640746490003, 102.4571970973120045 ) ) ;
#6583 = CARTESIAN_POINT ( 'NONE',  ( 132.2171133453900040, -141.6513020691780014, 67.10418937982370835 ) ) ;
#6584 = EDGE_CURVE ( 'NONE', #7490, #9512, #2510, .T. ) ;
#6585 = CARTESIAN_POINT ( 'NONE',  ( 163.2526216025869985, -153.4297640746490003, 102.7500000000329976 ) ) ;
#6586 = CARTESIAN_POINT ( 'NONE',  ( 162.8449171059519642, -117.4297640215112040, 57.77774199401589783 ) ) ;
#6587 = EDGE_CURVE ( 'NONE', #2253, #4878, #5276, .T. ) ;
#6588 = AXIS2_PLACEMENT_3D ( 'NONE', #5708, #9403, #2081 ) ;
#6589 = EDGE_CURVE ( 'NONE', #592, #5227, #1663, .T. ) ;
#6590 = CARTESIAN_POINT ( 'NONE',  ( 129.7796740241493012, -134.3983860980510769, 51.13534865116200478 ) ) ;
#6591 = ORIENTED_EDGE ( 'NONE', *, *, #9822, .T. ) ;
#6592 = CARTESIAN_POINT ( 'NONE',  ( 132.7943063462900000, -144.9297640480799885, 66.13179315275620240 ) ) ;
#6593 = ORIENTED_EDGE ( 'NONE', *, *, #10138, .T. ) ;
#6594 = EDGE_LOOP ( 'NONE', ( #6856, #11455, #5935, #6951, #8367, #5812 ) ) ;
#6595 = EDGE_LOOP ( 'NONE', ( #3300, #5202, #10583, #9809 ) ) ;
#6596 = DIRECTION ( 'NONE',  ( -2.602085213964869829E-17, -1.000000000000000000, 1.526556658859589750E-16 ) ) ;
#6597 = DIRECTION ( 'NONE',  ( 1.000000000000000000, 0.000000000000000000, 1.224646799147351975E-16 ) ) ;
#6598 = CARTESIAN_POINT ( 'NONE',  ( 158.5171131927750139, -148.2297640746490117, 102.0997837512840078 ) ) ;
#6599 = ORIENTED_EDGE ( 'NONE', *, *, #6340, .T. ) ;
#6600 = CARTESIAN_POINT ( 'NONE',  ( 172.5197347761535127, -148.4297640215245906, 55.97801179947970240 ) ) ;
#6601 = VERTEX_POINT ( 'NONE', #11651 ) ;
#6602 = ADVANCED_FACE ( 'NONE', ( #3532, #8076 ), #9828, .F. ) ;
#6603 = CARTESIAN_POINT ( 'NONE',  ( 121.7727462951963417, -149.1752593384588295, 56.29285484195707312 ) ) ;
#6604 = CARTESIAN_POINT ( 'NONE',  ( 132.2171104391059941, -141.6950118694720118, 69.26572036788189735 ) ) ;
#6605 = CARTESIAN_POINT ( 'NONE',  ( 131.2758638716500172, -134.0832074414951478, 54.32916630688107062 ) ) ;
#6606 = DIRECTION ( 'NONE',  ( -2.449293589365029737E-16, 7.253542152952170271E-15, -1.000000000000000000 ) ) ;
#6607 = VERTEX_POINT ( 'NONE', #7233 ) ;
#6608 = DIRECTION ( 'NONE',  ( 0.003622991423284898337, -2.324366149095158836E-16, -0.9999934369450366178 ) ) ;
#6609 = VERTEX_POINT ( 'NONE', #11767 ) ;
#6610 = DIRECTION ( 'NONE',  ( 0.7071067811865829889, -0.7071067811865120456, 0.000000000000000000 ) ) ;
#6611 = DIRECTION ( 'NONE',  ( 9.644381700046828834E-17, -1.000000000000000000, 2.327875578288750051E-16 ) ) ;
#6612 = EDGE_CURVE ( 'NONE', #2741, #4072, #6991, .T. ) ;
#6613 = EDGE_CURVE ( 'NONE', #8645, #861, #5339, .T. ) ;
#6614 = CARTESIAN_POINT ( 'NONE',  ( 134.0606248479624014, -117.8297640215114086, 60.27765112427590566 ) ) ;
#6615 = CARTESIAN_POINT ( 'NONE',  ( 163.2171132912669975, -142.4297640746490003, 81.50005036615961274 ) ) ;
#6616 = CARTESIAN_POINT ( 'NONE',  ( 165.2171133453904872, -134.0920877878090209, 58.25000000000000000 ) ) ;
#6617 = LINE ( 'NONE', #2139, #7152 ) ;
#6618 = ORIENTED_EDGE ( 'NONE', *, *, #11190, .T. ) ;
#6619 = CARTESIAN_POINT ( 'NONE',  ( 161.2171133453899756, -119.4297640746489861, 67.99999991151629786 ) ) ;
#6620 = CARTESIAN_POINT ( 'NONE',  ( 160.5100065642029961, -138.7226572934619639, 67.99999991151629786 ) ) ;
#6621 = AXIS2_PLACEMENT_3D ( 'NONE', #2797, #1884, #3527 ) ;
#6622 = EDGE_CURVE ( 'NONE', #3343, #10551, #6320, .T. ) ;
#6623 = VERTEX_POINT ( 'NONE', #10922 ) ;
#6624 = CYLINDRICAL_SURFACE ( 'NONE', #10542, 0.9999999999999964473 ) ;
#6625 = CARTESIAN_POINT ( 'NONE',  ( 163.2171133453900040, -136.4297640746490288, 80.50005036323319985 ) ) ;
#6626 = CARTESIAN_POINT ( 'NONE',  ( 171.2171133453900040, -143.6632556323918095, 64.75000000000000000 ) ) ;
#6627 = CARTESIAN_POINT ( 'NONE',  ( 121.2171133453899898, -140.4297640215119998, 102.7500000000290044 ) ) ;
#6628 = PLANE ( 'NONE',  #7724 ) ;
#6629 = ORIENTED_EDGE ( 'NONE', *, *, #1396, .F. ) ;
#6630 = AXIS2_PLACEMENT_3D ( 'NONE', #8594, #11137, #4762 ) ;
#6631 = EDGE_LOOP ( 'NONE', ( #6852, #1186, #5856, #7516, #7218, #9154, #7861 ) ) ;
#6632 = CARTESIAN_POINT ( 'NONE',  ( 161.0794101227063777, -121.2831760347436045, 62.07878349374728089 ) ) ;
#6633 = VERTEX_POINT ( 'NONE', #11704 ) ;
#6634 = DIRECTION ( 'NONE',  ( 0.7071067811870770381, 0.7071067811860179964, -3.429821205509520493E-15 ) ) ;
#6635 = CARTESIAN_POINT ( 'NONE',  ( 132.2172600510170071, -140.6000796972809894, 66.46306591244720607 ) ) ;
#6636 = VECTOR ( 'NONE', #208, 1000.000000000000000 ) ;
#6637 = DIRECTION ( 'NONE',  ( 0.7071067804202438856, 0.000000000000000000, -0.7071067819528512599 ) ) ;
#6638 = CARTESIAN_POINT ( 'NONE',  ( 162.3677708826299977, -132.8294214697000086, 53.47602185630480420 ) ) ;
#6639 = LINE ( 'NONE', #4933, #2659 ) ;
#6640 = DIRECTION ( 'NONE',  ( 0.008142047127308708193, 0.000000000000000000, -0.9999668529849260468 ) ) ;
#6641 = VERTEX_POINT ( 'NONE', #9948 ) ;
#6642 = FACE_OUTER_BOUND ( 'NONE', #9871, .T. ) ;
#6643 = ORIENTED_EDGE ( 'NONE', *, *, #5414, .T. ) ;
#6644 = EDGE_CURVE ( 'NONE', #4756, #11027, #7889, .T. ) ;
#6645 = AXIS2_PLACEMENT_3D ( 'NONE', #6850, #1143, #2973 ) ;
#6646 = ORIENTED_EDGE ( 'NONE', *, *, #3591, .T. ) ;
#6647 = EDGE_LOOP ( 'NONE', ( #1980, #9235, #5890, #10590 ) ) ;
#6648 = DIRECTION ( 'NONE',  ( -2.602085213964874759E-17, -1.000000000000000000, 1.526556658859589750E-16 ) ) ;
#6649 = DIRECTION ( 'NONE',  ( -4.738022480002830405E-13, 2.327875578288290046E-16, 1.000000000000000000 ) ) ;
#6650 = CARTESIAN_POINT ( 'NONE',  ( 173.2171134944015023, -120.9250550260163948, 57.08879711976319271 ) ) ;
#6651 = ADVANCED_FACE ( 'NONE', ( #9769 ), #10801, .T. ) ;
#6652 = EDGE_LOOP ( 'NONE', ( #9122, #225, #10617, #9617, #2661, #1181, #10767, #3566, #8679, #5146, #2114, #6049 ) ) ;
#6653 = EDGE_CURVE ( 'NONE', #2010, #6890, #8437, .T. ) ;
#6654 = CARTESIAN_POINT ( 'NONE',  ( 131.5100065725368097, -119.4297640746489861, 80.79294357001271010 ) ) ;
#6655 = ORIENTED_EDGE ( 'NONE', *, *, #5780, .T. ) ;
#6656 = CARTESIAN_POINT ( 'NONE',  ( 120.3520440940850307, -149.3367095071017161, 60.24253622702536859 ) ) ;
#6657 = ORIENTED_EDGE ( 'NONE', *, *, #3983, .T. ) ;
#6658 = VECTOR ( 'NONE', #6240, 1000.000000000000000 ) ;
#6659 = DIRECTION ( 'NONE',  ( 1.000000000000000000, 8.450232042328190427E-24, -3.833073549109210312E-15 ) ) ;
#6660 = LINE ( 'NONE', #4893, #3296 ) ;
#6661 = LINE ( 'NONE', #3448, #7320 ) ;
#6662 = ORIENTED_EDGE ( 'NONE', *, *, #4871, .F. ) ;
#6663 = DIRECTION ( 'NONE',  ( -3.683226109728390070E-15, -1.000000000000000000, -7.827405568325590594E-14 ) ) ;
#6664 = EDGE_CURVE ( 'NONE', #8676, #4655, #3414, .T. ) ;
#6665 = VERTEX_POINT ( 'NONE', #6076 ) ;
#6666 = VECTOR ( 'NONE', #6041, 1000.000000000000000 ) ;
#6667 = CARTESIAN_POINT ( 'NONE',  ( 160.2171131927750025, -148.0297640746490231, 103.7997837512839965 ) ) ;
#6668 = CARTESIAN_POINT ( 'NONE',  ( 139.1053615817419882, -140.4297640215119998, 104.6051247192650067 ) ) ;
#6669 = DIRECTION ( 'NONE',  ( -2.602085213964869829E-17, -1.000000000000000000, 1.526556658859589750E-16 ) ) ;
#6670 = DIRECTION ( 'NONE',  ( 0.000000000000000000, -2.327875578288750051E-16, -1.000000000000000000 ) ) ;
#6671 = CARTESIAN_POINT ( 'NONE',  ( 155.4477506631639869, -153.4297640746490003, 98.67401674911620546 ) ) ;
#6672 = CARTESIAN_POINT ( 'NONE',  ( 133.2171133453900040, -136.4297640746490288, 70.99999991151649681 ) ) ;
#6673 =( BOUNDED_CURVE ( )  B_SPLINE_CURVE ( 3, ( #10596, #2542, #2419, #5308 ),
 .UNSPECIFIED., .F., .T. ) 
 B_SPLINE_CURVE_WITH_KNOTS ( ( 4, 4 ),
 ( 2.187819651203244988E-15, 1.126157883263460002 ),
 .UNSPECIFIED. ) 
 CURVE ( )  GEOMETRIC_REPRESENTATION_ITEM ( )  RATIONAL_B_SPLINE_CURVE ( ( 1.000000000000000000, 0.8970770709083980554, 0.8970770709083980554, 1.000000000000000000 ) ) 
 REPRESENTATION_ITEM ( '' )  );
#6674 = CIRCLE ( 'NONE', #8803, 1.950000000000000400 ) ;
#6675 = VECTOR ( 'NONE', #4496, 1000.000000000000000 ) ;
#6676 = LINE ( 'NONE', #233, #10427 ) ;
#6677 = ADVANCED_FACE ( 'NONE', ( #1467 ), #5157, .F. ) ;
#6678 = EDGE_CURVE ( 'NONE', #4064, #6407, #4723, .T. ) ;
#6679 = VERTEX_POINT ( 'NONE', #6616 ) ;
#6681 = ORIENTED_EDGE ( 'NONE', *, *, #6584, .T. ) ;
#6680 = VECTOR ( 'NONE', #10411, 1000.000000000000000 ) ;
#6682 = DIRECTION ( 'NONE',  ( 1.000000000000000000, 0.000000000000000000, 0.000000000000000000 ) ) ;
#6683 = VECTOR ( 'NONE', #9943, 1000.000000000000114 ) ;
#6684 = DIRECTION ( 'NONE',  ( -0.4397326120322761489, -0.1821432117215195934, 0.8794652240646252395 ) ) ;
#6685 = EDGE_LOOP ( 'NONE', ( #11253, #11091, #3840, #1428, #6427, #11568 ) ) ;
#6686 = DIRECTION ( 'NONE',  ( -2.428612952914209755E-16, 1.000000000000000000, 6.217248937900871104E-15 ) ) ;
#6687 = LINE ( 'NONE', #3053, #11523 ) ;
#6688 = CARTESIAN_POINT ( 'NONE',  ( 156.9591226427349966, -114.4297640215114029, 62.10199319125020168 ) ) ;
#6689 = DIRECTION ( 'NONE',  ( 0.9999934369450366178, 0.000000000000000000, 0.003622991423289741685 ) ) ;
#6690 = DIRECTION ( 'NONE',  ( 8.933825901280388903E-17, 1.000000000000000000, -8.933825901280388903E-17 ) ) ;
#6691 = CIRCLE ( 'NONE', #4930, 1.000000000000000888 ) ;
#6692 = DIRECTION ( 'NONE',  ( 3.449200794039890382E-16, -0.7071067811865520136, 0.7071067811865431318 ) ) ;
#6693 = AXIS2_PLACEMENT_3D ( 'NONE', #6763, #5968, #8577 ) ;
#6694 = EDGE_CURVE ( 'NONE', #10092, #10335, #7468, .T. ) ;
#6695 = ORIENTED_EDGE ( 'NONE', *, *, #283, .T. ) ;
#6696 = DIRECTION ( 'NONE',  ( -2.602085213964869829E-17, -1.000000000000000000, 1.526556658859589750E-16 ) ) ;
#6697 = ORIENTED_EDGE ( 'NONE', *, *, #599, .T. ) ;
#6698 = AXIS2_PLACEMENT_3D ( 'NONE', #6383, #6559, #10132 ) ;
#6699 = FACE_OUTER_BOUND ( 'NONE', #9896, .T. ) ;
#6700 = CARTESIAN_POINT ( 'NONE',  ( 132.4311401170380122, -141.2155435568629969, 68.00169815498549042 ) ) ;
#6701 = DIRECTION ( 'NONE',  ( -1.504056278375975119E-15, -1.000000000000000000, -1.504056275116030108E-15 ) ) ;
#6702 = DIRECTION ( 'NONE',  ( 1.000000000000000000, 0.000000000000000000, -4.666241877321180938E-16 ) ) ;
#6703 = LINE ( 'NONE', #5663, #6718 ) ;
#6704 = CARTESIAN_POINT ( 'NONE',  ( 135.2171133453900040, -138.0155505122760076, 68.99999991151649681 ) ) ;
#6705 = VERTEX_POINT ( 'NONE', #10191 ) ;
#6706 = CARTESIAN_POINT ( 'NONE',  ( 172.5852781638204476, -149.1112902228798873, 54.74420834012359904 ) ) ;
#6707 = ORIENTED_EDGE ( 'NONE', *, *, #6246, .F. ) ;
#6708 = AXIS2_PLACEMENT_3D ( 'NONE', #1513, #8855, #531 ) ;
#6709 = VERTEX_POINT ( 'NONE', #5463 ) ;
#6710 = EDGE_LOOP ( 'NONE', ( #2486, #10788, #8962, #2764 ) ) ;
#6711 = CARTESIAN_POINT ( 'NONE',  ( 134.8495192314383075, -120.9834024678685012, 59.16527037852230819 ) ) ;
#6712 = CARTESIAN_POINT ( 'NONE',  ( 132.9623425825990068, -153.4297640746480056, 66.47410798650989250 ) ) ;
#6713 = CARTESIAN_POINT ( 'NONE',  ( 156.9591226427349966, -114.4297640215114029, 62.10199319125020168 ) ) ;
#6714 = ORIENTED_EDGE ( 'NONE', *, *, #7023, .T. ) ;
#6715 = FACE_OUTER_BOUND ( 'NONE', #8033, .T. ) ;
#6716 = ORIENTED_EDGE ( 'NONE', *, *, #10425, .F. ) ;
#6717 = CARTESIAN_POINT ( 'NONE',  ( 123.5579249464393143, -149.0783826876738090, 53.94182949450360098 ) ) ;
#6718 = VECTOR ( 'NONE', #3007, 1000.000000000000000 ) ;
#6719 = EDGE_CURVE ( 'NONE', #5614, #5513, #11046, .T. ) ;
#6720 = ORIENTED_EDGE ( 'NONE', *, *, #1254, .T. ) ;
#6721 = DIRECTION ( 'NONE',  ( 0.000000000000000000, -1.000000000000000000, 1.074295325692379890E-17 ) ) ;
#6722 = DIRECTION ( 'NONE',  ( 4.751910101198850221E-14, -6.709576272139000623E-15, 1.000000000000000000 ) ) ;
#6723 = DIRECTION ( 'NONE',  ( -0.9999999999999998890, 0.000000000000000000, -8.327311597843549196E-09 ) ) ;
#6724 = EDGE_CURVE ( 'NONE', #3375, #4497, #4549, .T. ) ;
#6725 = ORIENTED_EDGE ( 'NONE', *, *, #9822, .F. ) ;
#6726 = EDGE_CURVE ( 'NONE', #9038, #10387, #7296, .T. ) ;
#6727 = LINE ( 'NONE', #10419, #8121 ) ;
#6728 = ORIENTED_EDGE ( 'NONE', *, *, #9278, .F. ) ;
#6729 = CIRCLE ( 'NONE', #6923, 3.900000000000011458 ) ;
#6730 = ORIENTED_EDGE ( 'NONE', *, *, #10966, .F. ) ;
#6731 = DIRECTION ( 'NONE',  ( 7.166576360129189239E-17, 0.000000000000000000, -1.000000000000000000 ) ) ;
#6732 = DIRECTION ( 'NONE',  ( 1.000000000000000000, 0.000000000000000000, 0.000000000000000000 ) ) ;
#6733 = FACE_OUTER_BOUND ( 'NONE', #7055, .T. ) ;
#6734 = B_SPLINE_CURVE_WITH_KNOTS ( 'NONE', 3,
 ( #4150, #7848, #11427, #10694, #8883, #5112, #6825, #8823, #501, #6094, #562, #7965, #11664, #8269, #1604 ),
 .UNSPECIFIED., .F., .F.,
 ( 4, 2, 2, 1, 1, 1, 2, 2, 4 ),
 ( 0.000000000000000000, 0.2500000000000625056, 0.3750000000000722200, 0.4375000000000770495, 0.4687500000000354716, 0.4843750000000586198, 0.4921875000000329736, 0.5000000000000073275, 1.000000000000000000 ),
 .UNSPECIFIED. ) ;
#6735 = LINE ( 'NONE', #8429, #6295 ) ;
#6736 = DIRECTION ( 'NONE',  ( 7.166576360129189239E-17, -1.074295325692399920E-17, -1.000000000000000000 ) ) ;
#6737 = EDGE_CURVE ( 'NONE', #4851, #636, #42, .T. ) ;
#6738 = EDGE_LOOP ( 'NONE', ( #9906, #1308, #11877, #11443 ) ) ;
#6739 = CARTESIAN_POINT ( 'NONE',  ( 135.2171131927750309, -148.0297640746490231, 103.7997837512839965 ) ) ;
#6740 = EDGE_CURVE ( 'NONE', #2811, #9090, #10373, .T. ) ;
#6741 = DIRECTION ( 'NONE',  ( 0.7071067811865475727, -0.7071067811865475727, 0.000000000000000000 ) ) ;
#6742 = VERTEX_POINT ( 'NONE', #6442 ) ;
#6743 =( GEOMETRIC_REPRESENTATION_CONTEXT ( 3 ) GLOBAL_UNCERTAINTY_ASSIGNED_CONTEXT ( ( #1457 ) ) GLOBAL_UNIT_ASSIGNED_CONTEXT ( ( #7661, #3782, #9412 ) ) REPRESENTATION_CONTEXT ( 'NONE', 'WORKASPACE' ) );
#6744 = ORIENTED_EDGE ( 'NONE', *, *, #1016, .T. ) ;
#6745 = CARTESIAN_POINT ( 'NONE',  ( 163.2171133453904872, -117.4297640215112040, 57.82508929917659657 ) ) ;
#6746 = ORIENTED_EDGE ( 'NONE', *, *, #5414, .F. ) ;
#6747 =( BOUNDED_CURVE ( )  B_SPLINE_CURVE ( 3, ( #2069, #9579, #3944, #1274 ),
 .UNSPECIFIED., .F., .T. ) 
 B_SPLINE_CURVE_WITH_KNOTS ( ( 4, 4 ),
 ( 5.216171689542700385, 5.645684026740410033 ),
 .UNSPECIFIED. ) 
 CURVE ( )  GEOMETRIC_REPRESENTATION_ITEM ( )  RATIONAL_B_SPLINE_CURVE ( ( 1.000000000000000000, 0.9846855906441760453, 0.9846855906441760453, 1.000000000000000000 ) ) 
 REPRESENTATION_ITEM ( '' )  );
#6748 = DIRECTION ( 'NONE',  ( -7.166576360129189239E-17, 1.526556658859589750E-16, 1.000000000000000000 ) ) ;
#6749 = EDGE_CURVE ( 'NONE', #3214, #10437, #970, .T. ) ;
#6750 = EDGE_CURVE ( 'NONE', #5793, #825, #1887, .T. ) ;
#6751 = FACE_OUTER_BOUND ( 'NONE', #1193, .T. ) ;
#6752 = LINE ( 'NONE', #1700, #8877 ) ;
#6753 = CYLINDRICAL_SURFACE ( 'NONE', #4980, 1.700000000000007061 ) ;
#6754 = VECTOR ( 'NONE', #6191, 1000.000000000000000 ) ;
#6755 = VECTOR ( 'NONE', #4973, 1000.000000000000000 ) ;
#6756 = DIRECTION ( 'NONE',  ( -1.000000000000000000, -8.405479030088098400E-17, -8.405479030087938162E-17 ) ) ;
#6757 = ORIENTED_EDGE ( 'NONE', *, *, #4628, .T. ) ;
#6758 = CARTESIAN_POINT ( 'NONE',  ( 161.4028028154777132, -121.6081457349689856, 62.33435170090507427 ) ) ;
#6759 = DIRECTION ( 'NONE',  ( -1.214306495755059738E-16, 1.000000000000000000, 6.573933234426810631E-15 ) ) ;
#6760 = AXIS2_PLACEMENT_3D ( 'NONE', #7789, #1239, #8703 ) ;
#6761 = ORIENTED_EDGE ( 'NONE', *, *, #10729, .T. ) ;
#6762 = VECTOR ( 'NONE', #11938, 1000.000000000000000 ) ;
#6763 = CARTESIAN_POINT ( 'NONE',  ( 132.2171133453900040, -151.9297640215114882, 62.74960223581900465 ) ) ;
#6764 = DIRECTION ( 'NONE',  ( -0.3281699088141229459, -6.249710229795319290E-15, 0.9446187119409238386 ) ) ;
#6765 = ADVANCED_FACE ( 'NONE', ( #50 ), #3765, .T. ) ;
#6766 = EDGE_CURVE ( 'NONE', #2054, #9190, #1828, .T. ) ;
#6767 = DIRECTION ( 'NONE',  ( 0.7071067811865789920, -0.7071067811865159314, -4.821663978576479604E-15 ) ) ;
#6768 = CARTESIAN_POINT ( 'NONE',  ( 120.2171133453899898, -140.4297640215119998, 100.7500000000290044 ) ) ;
#6769 = FACE_OUTER_BOUND ( 'NONE', #11775, .T. ) ;
#6770 = ORIENTED_EDGE ( 'NONE', *, *, #3895, .F. ) ;
#6771 = DIRECTION ( 'NONE',  ( -2.602085213964869829E-17, -1.000000000000000000, 1.526556658859589750E-16 ) ) ;
#6772 = EDGE_LOOP ( 'NONE', ( #8790, #3616, #8114, #8062, #6354, #5253, #5407, #823 ) ) ;
#6773 = AXIS2_PLACEMENT_3D ( 'NONE', #6945, #9724, #11543 ) ;
#6774 = VERTEX_POINT ( 'NONE', #5524 ) ;
#6775 = EDGE_LOOP ( 'NONE', ( #5989, #579, #7666, #4643 ) ) ;
#6776 = PLANE ( 'NONE',  #5691 ) ;
#6777 = CARTESIAN_POINT ( 'NONE',  ( 127.8421133528405988, -154.4297640215114882, 61.12499999254929861 ) ) ;
#6778 = DIRECTION ( 'NONE',  ( 1.000000000000000000, 0.000000000000000000, 0.000000000000000000 ) ) ;
#6779 = ORIENTED_EDGE ( 'NONE', *, *, #1644, .T. ) ;
#6780 = CARTESIAN_POINT ( 'NONE',  ( 138.1026081807310106, -144.2235739806430104, 106.3643259261839944 ) ) ;
#6781 = VERTEX_POINT ( 'NONE', #9218 ) ;
#6782 = EDGE_CURVE ( 'NONE', #6601, #10586, #11175, .T. ) ;
#6783 = AXIS2_PLACEMENT_3D ( 'NONE', #8935, #798, #7303 ) ;
#6784 = CARTESIAN_POINT ( 'NONE',  ( 124.2182486213249888, -149.0516401424156641, 53.26643706489246455 ) ) ;
#6785 = ORIENTED_EDGE ( 'NONE', *, *, #8931, .F. ) ;
#6786 = CYLINDRICAL_SURFACE ( 'NONE', #7677, 14.00026375888599439 ) ;
#6787 = CARTESIAN_POINT ( 'NONE',  ( 174.2171132998449821, -140.4297640215119998, 102.7500000000219842 ) ) ;
#6788 = FACE_OUTER_BOUND ( 'NONE', #2939, .T. ) ;
#6789 = ORIENTED_EDGE ( 'NONE', *, *, #10030, .T. ) ;
#6790 = CARTESIAN_POINT ( 'NONE',  ( 133.2171133453900040, -134.4297640746490288, 69.99999991151649681 ) ) ;
#6791 = ORIENTED_EDGE ( 'NONE', *, *, #2557, .F. ) ;
#6792 = CIRCLE ( 'NONE', #5424, 1.000000000000000888 ) ;
#6793 = ORIENTED_EDGE ( 'NONE', *, *, #3612, .F. ) ;
#6794 = EDGE_CURVE ( 'NONE', #4731, #11192, #3710, .T. ) ;
#6795 = CARTESIAN_POINT ( 'NONE',  ( 135.0148428017970161, -141.4296897726239877, 106.3643259126279901 ) ) ;
#6796 = CARTESIAN_POINT ( 'NONE',  ( 130.2171130507902035, -148.4297640215245906, 51.31260299732910113 ) ) ;
#6797 = CARTESIAN_POINT ( 'NONE',  ( 139.1231655244480123, -140.4297640215119998, 99.69100161576849928 ) ) ;
#6798 = EDGE_LOOP ( 'NONE', ( #6681, #1120, #9443, #1066, #2140, #9428 ) ) ;
#6799 = FACE_OUTER_BOUND ( 'NONE', #607, .T. ) ;
#6800 = ORIENTED_EDGE ( 'NONE', *, *, #5246, .F. ) ;
#6801 = CARTESIAN_POINT ( 'NONE',  ( 138.7892528739459976, -140.7213774775179900, 110.6585012201539939 ) ) ;
#6802 = LINE ( 'NONE', #6131, #4999 ) ;
#6803 = ORIENTED_EDGE ( 'NONE', *, *, #2365, .T. ) ;
#6804 = EDGE_CURVE ( 'NONE', #414, #7979, #3592, .T. ) ;
#6805 = VERTEX_POINT ( 'NONE', #4489 ) ;
#6806 = DIRECTION ( 'NONE',  ( 8.821935677471621045E-15, 1.408384218142889936E-16, 1.000000000000000000 ) ) ;
#6807 = EDGE_CURVE ( 'NONE', #9176, #9799, #10073, .T. ) ;
#6808 = EDGE_LOOP ( 'NONE', ( #7000, #11958, #3215, #9970 ) ) ;
#6809 = EDGE_CURVE ( 'NONE', #4004, #6425, #1273, .T. ) ;
#6810 = DIRECTION ( 'NONE',  ( 3.752643576907700278E-15, 1.000000000000000000, -1.526556658859589750E-16 ) ) ;
#6811 = CARTESIAN_POINT ( 'NONE',  ( 162.9242201265764720, -136.1368708558355820, 70.29289313032980147 ) ) ;
#6812 = CARTESIAN_POINT ( 'NONE',  ( 163.2171133453900040, -141.8446366215789851, 67.70283760321498789 ) ) ;
#6813 = LINE ( 'NONE', #2206, #319 ) ;
#6814 = CARTESIAN_POINT ( 'NONE',  ( 163.0571133453900075, -144.5297640215119941, 66.55091634279270352 ) ) ;
#6815 = VERTEX_POINT ( 'NONE', #5822 ) ;
#6816 = EDGE_CURVE ( 'NONE', #11376, #7030, #4192, .T. ) ;
#6817 = VECTOR ( 'NONE', #4427, 1000.000000000000000 ) ;
#6818 = CARTESIAN_POINT ( 'NONE',  ( 160.3234552958779773, -120.5857930034647438, 60.49232126305443558 ) ) ;
#6819 = DIRECTION ( 'NONE',  ( 0.000000000000000000, 0.000000000000000000, 1.000000000000000000 ) ) ;
#6820 = EDGE_LOOP ( 'NONE', ( #10280, #5738, #5602, #4697 ) ) ;
#6821 = CARTESIAN_POINT ( 'NONE',  ( 162.2171133453900040, -119.4297640746489861, 80.50005035146730847 ) ) ;
#6822 = LINE ( 'NONE', #5906, #3294 ) ;
#6823 = CARTESIAN_POINT ( 'NONE',  ( 175.2171133453905156, -114.8297640215111954, 62.24960223581919649 ) ) ;
#6824 = FACE_OUTER_BOUND ( 'NONE', #3023, .T. ) ;
#6825 = CARTESIAN_POINT ( 'NONE',  ( 132.9734659532352907, -139.7467808066662087, 69.93882485723042919 ) ) ;
#6826 = ORIENTED_EDGE ( 'NONE', *, *, #10708, .F. ) ;
#6827 = CARTESIAN_POINT ( 'NONE',  ( 123.6608107134289867, -125.4297640215114029, 63.75000000000000000 ) ) ;
#6828 = ORIENTED_EDGE ( 'NONE', *, *, #10250, .F. ) ;
#6829 = EDGE_CURVE ( 'NONE', #4484, #6189, #5947, .T. ) ;
#6830 = ORIENTED_EDGE ( 'NONE', *, *, #4365, .F. ) ;
#6831 = ADVANCED_FACE ( 'NONE', ( #10489 ), #889, .F. ) ;
#6832 = EDGE_LOOP ( 'NONE', ( #4684, #5974, #6192, #4189 ) ) ;
#6833 = AXIS2_PLACEMENT_3D ( 'NONE', #4761, #6597, #10343 ) ;
#6834 = CARTESIAN_POINT ( 'NONE',  ( 163.9242200464769894, -145.4297640746490003, 71.70710663693481024 ) ) ;
#6835 = CARTESIAN_POINT ( 'NONE',  ( 132.6248169134119905, -148.4297640746490003, 102.0997837512840078 ) ) ;
#6836 = ORIENTED_EDGE ( 'NONE', *, *, #3261, .F. ) ;
#6837 = DIRECTION ( 'NONE',  ( -0.003622991423284898337, 0.000000000000000000, 0.9999934369450366178 ) ) ;
#6838 = ORIENTED_EDGE ( 'NONE', *, *, #3372, .F. ) ;
#6839 = CARTESIAN_POINT ( 'NONE',  ( 163.2171133453900040, -153.4297640746490003, 98.70216526821819514 ) ) ;
#6840 = ORIENTED_EDGE ( 'NONE', *, *, #2238, .T. ) ;
#6841 = CARTESIAN_POINT ( 'NONE',  ( 132.2172604132880167, -140.6000793078410140, 70.53693373439169534 ) ) ;
#6842 = CARTESIAN_POINT ( 'NONE',  ( 122.2171131963785911, -120.4297640215245906, 57.08879711976319271 ) ) ;
#6843 = DIRECTION ( 'NONE',  ( -0.4397326120322761489, -0.1821432117215195934, 0.8794652240646252395 ) ) ;
#6844 = CIRCLE ( 'NONE', #8387, 1.000000000000006217 ) ;
#6845 = ORIENTED_EDGE ( 'NONE', *, *, #6816, .F. ) ;
#6846 = DIRECTION ( 'NONE',  ( 2.602085213964869829E-17, 1.000000000000000000, -1.526556658859589750E-16 ) ) ;
#6847 = EDGE_CURVE ( 'NONE', #5126, #5641, #10779, .T. ) ;
#6848 = EDGE_LOOP ( 'NONE', ( #2914, #9847, #1638, #3330 ) ) ;
#6849 = CYLINDRICAL_SURFACE ( 'NONE', #7051, 11.54238125198780729 ) ;
#6850 = CARTESIAN_POINT ( 'NONE',  ( 162.8236018428179932, -117.6297640215111926, 60.27765112427590566 ) ) ;
#6851 = DIRECTION ( 'NONE',  ( 0.7083865439939137643, 0.000000000000000000, -0.7058246979869428062 ) ) ;
#6852 = ORIENTED_EDGE ( 'NONE', *, *, #9513, .F. ) ;
#6853 = VECTOR ( 'NONE', #10782, 1000.000000000000000 ) ;
#6854 = PLANE ( 'NONE',  #269 ) ;
#6855 = DIRECTION ( 'NONE',  ( 1.000000000000000000, 2.428612984199859853E-16, -2.449293581093230021E-16 ) ) ;
#6856 = ORIENTED_EDGE ( 'NONE', *, *, #409, .F. ) ;
#6857 = CARTESIAN_POINT ( 'NONE',  ( 132.5100065642029961, -141.1368708558350136, 68.99999991151649681 ) ) ;
#6858 = ORIENTED_EDGE ( 'NONE', *, *, #8194, .T. ) ;
#6859 = FACE_BOUND ( 'NONE', #9169, .T. ) ;
#6860 = AXIS2_PLACEMENT_3D ( 'NONE', #11908, #4685, #1907 ) ;
#6861 = ORIENTED_EDGE ( 'NONE', *, *, #7901, .F. ) ;
#6862 = DIRECTION ( 'NONE',  ( 0.000000000000000000, 6.573933234426810631E-15, -1.000000000000000000 ) ) ;
#6863 = ORIENTED_EDGE ( 'NONE', *, *, #9986, .F. ) ;
#6864 = CARTESIAN_POINT ( 'NONE',  ( 124.7920842302762878, -153.8807304801348721, 64.17502911511354569 ) ) ;
#6865 = LINE ( 'NONE', #10561, #3953 ) ;
#6866 = CIRCLE ( 'NONE', #7645, 0.9999999999999958922 ) ;
#6867 = CARTESIAN_POINT ( 'NONE',  ( 162.8776912382080582, -153.4297640746488867, 66.83721180991200583 ) ) ;
#6868 = VECTOR ( 'NONE', #2456, 1000.000000000000000 ) ;
#6869 = CARTESIAN_POINT ( 'NONE',  ( 163.2171133453900040, -139.0112230467360064, 66.00000235187438591 ) ) ;
#6870 = EDGE_CURVE ( 'NONE', #5997, #6113, #473, .T. ) ;
#6871 = CARTESIAN_POINT ( 'NONE',  ( 169.9786284033264963, -120.4297680637880035, 53.38549640900549775 ) ) ;
#6872 = CARTESIAN_POINT ( 'NONE',  ( 138.0808663299520163, -140.4297640215119998, 111.3643259181410059 ) ) ;
#6873 = DIRECTION ( 'NONE',  ( -6.331740688303089727E-17, 1.000000000000000000, -6.331740693109270398E-17 ) ) ;
#6874 = EDGE_CURVE ( 'NONE', #6477, #4712, #3224, .T. ) ;
#6875 = EDGE_LOOP ( 'NONE', ( #7626, #7869, #5238, #7571, #10709, #3997 ) ) ;
#6876 = EDGE_CURVE ( 'NONE', #10377, #9624, #5696, .T. ) ;
#6877 = VECTOR ( 'NONE', #4534, 1000.000000000000000 ) ;
#6878 = AXIS2_PLACEMENT_3D ( 'NONE', #9766, #6928, #10795 ) ;
#6879 = ORIENTED_EDGE ( 'NONE', *, *, #7635, .F. ) ;
#6880 = LINE ( 'NONE', #8081, #8804 ) ;
#6881 = ORIENTED_EDGE ( 'NONE', *, *, #9581, .F. ) ;
#6882 = DIRECTION ( 'NONE',  ( 0.000000000000000000, 1.000000000000000000, -2.327875578288750051E-16 ) ) ;
#6883 = CARTESIAN_POINT ( 'NONE',  ( 163.1624349640949845, -114.4297640215112040, 57.29751360743310329 ) ) ;
#6884 = AXIS2_PLACEMENT_3D ( 'NONE', #124, #10084, #2636 ) ;
#6885 = EDGE_CURVE ( 'NONE', #11577, #4591, #11456, .T. ) ;
#6886 = CARTESIAN_POINT ( 'NONE',  ( 138.5139018914646840, -144.3374027870077327, 106.2912734050779875 ) ) ;
#6887 = CONICAL_SURFACE ( 'NONE', #3410, 9.499999999999998224, 0.7853981633974476129 ) ;
#6888 = DIRECTION ( 'NONE',  ( -0.8944271909999103043, 0.000000000000000000, 0.4472135954999690299 ) ) ;
#6889 = LINE ( 'NONE', #10580, #7726 ) ;
#6890 = VERTEX_POINT ( 'NONE', #408 ) ;
#6891 = DIRECTION ( 'NONE',  ( -0.7071067814549162334, 0.000000000000000000, 0.7071067809181789121 ) ) ;
#6892 = ORIENTED_EDGE ( 'NONE', *, *, #9193, .T. ) ;
#6893 = VERTEX_POINT ( 'NONE', #6857 ) ;
#6894 = VECTOR ( 'NONE', #8981, 1000.000000000000000 ) ;
#6895 = ORIENTED_EDGE ( 'NONE', *, *, #2889, .F. ) ;
#6896 = CARTESIAN_POINT ( 'NONE',  ( 132.2171133453900040, -117.4297640215114029, 57.82508929917659657 ) ) ;
#6897 = DIRECTION ( 'NONE',  ( 0.7071067811865450192, -0.7071067811865500152, 1.586192039558949862E-16 ) ) ;
#6898 = CARTESIAN_POINT ( 'NONE',  ( 132.2474879634529827, -147.0393531173685915, 51.11866876023830031 ) ) ;
#6899 = ORIENTED_EDGE ( 'NONE', *, *, #6012, .T. ) ;
#6900 = DIRECTION ( 'NONE',  ( 2.602085213964869829E-17, 1.000000000000000000, -1.526556658859589750E-16 ) ) ;
#6901 = ORIENTED_EDGE ( 'NONE', *, *, #5384, .F. ) ;
#6902 = EDGE_CURVE ( 'NONE', #5810, #11710, #7667, .T. ) ;
#6903 = VERTEX_POINT ( 'NONE', #1338 ) ;
#6904 = ADVANCED_FACE ( 'NONE', ( #11398 ), #5029, .F. ) ;
#6905 = LINE ( 'NONE', #1562, #9221 ) ;
#6906 = CARTESIAN_POINT ( 'NONE',  ( 163.2171133453900040, -119.4297640746489861, 96.26432591814179318 ) ) ;
#6907 = VECTOR ( 'NONE', #8971, 1000.000000000000000 ) ;
#6908 = CARTESIAN_POINT ( 'NONE',  ( 134.9242201265769836, -138.7226572934619639, 67.99999991151649681 ) ) ;
#6909 = ORIENTED_EDGE ( 'NONE', *, *, #4007, .F. ) ;
#6910 = EDGE_LOOP ( 'NONE', ( #8650, #7428, #2604, #7990 ) ) ;
#6911 = ORIENTED_EDGE ( 'NONE', *, *, #1861, .F. ) ;
#6912 = DIRECTION ( 'NONE',  ( 8.821935677471621045E-15, 5.048319222053880719E-16, 1.000000000000000000 ) ) ;
#6913 = DIRECTION ( 'NONE',  ( -1.273698839494967926E-16, 1.000000000000000000, 5.844509856628541030E-15 ) ) ;
#6914 = CARTESIAN_POINT ( 'NONE',  ( 132.9242201265763867, -119.4297640746489861, 81.20715713265418856 ) ) ;
#6915 = AXIS2_PLACEMENT_3D ( 'NONE', #9609, #1301, #6888 ) ;
#6916 = EDGE_LOOP ( 'NONE', ( #11787, #2788, #10112, #11257 ) ) ;
#6917 = CARTESIAN_POINT ( 'NONE',  ( 162.7170963449785006, -140.5154995110418099, 67.29300432955899680 ) ) ;
#6918 = CARTESIAN_POINT ( 'NONE',  ( 163.1548861043206102, -148.3172800076441149, 59.07804379007166773 ) ) ;
#6919 = ORIENTED_EDGE ( 'NONE', *, *, #5710, .T. ) ;
#6920 = ADVANCED_FACE ( 'NONE', ( #4122 ), #174, .T. ) ;
#6921 = CARTESIAN_POINT ( 'NONE',  ( 132.9122595938530651, -153.4040242241320868, 66.79954996660413258 ) ) ;
#6922 = ORIENTED_EDGE ( 'NONE', *, *, #5484, .T. ) ;
#6923 = AXIS2_PLACEMENT_3D ( 'NONE', #7481, #8631, #6689 ) ;
#6924 = DIRECTION ( 'NONE',  ( 0.7071067811865460184, -0.7071067811865489050, -2.474288458320079781E-15 ) ) ;
#6925 = ORIENTED_EDGE ( 'NONE', *, *, #11708, .T. ) ;
#6926 = CARTESIAN_POINT ( 'NONE',  ( 127.8638690966761828, -117.4297640215114029, 56.80635931419149642 ) ) ;
#6927 = ORIENTED_EDGE ( 'NONE', *, *, #8376, .F. ) ;
#6928 = DIRECTION ( 'NONE',  ( 0.000000000000000000, 1.000000000000000000, -1.526556658859589750E-16 ) ) ;
#6929 = AXIS2_PLACEMENT_3D ( 'NONE', #4350, #4231, #8049 ) ;
#6930 = CARTESIAN_POINT ( 'NONE',  ( 132.7964518190268564, -122.8512926867747836, 62.77302873394707916 ) ) ;
#6931 = ADVANCED_FACE ( 'NONE', ( #2071 ), #2978, .F. ) ;
#6932 = FACE_OUTER_BOUND ( 'NONE', #370, .T. ) ;
#6933 = CARTESIAN_POINT ( 'NONE',  ( 126.2171133453899898, -149.8297640215160129, 102.7500000000309939 ) ) ;
#6934 = DIRECTION ( 'NONE',  ( -8.810118433399840573E-15, -1.526556658859309704E-16, -1.000000000000000000 ) ) ;
#6935 =( LENGTH_UNIT ( ) NAMED_UNIT ( * ) SI_UNIT ( .MILLI., .METRE. ) );
#6936 = PLANE ( 'NONE',  #9444 ) ;
#6937 = ORIENTED_EDGE ( 'NONE', *, *, #1234, .T. ) ;
#6938 = ADVANCED_FACE ( 'NONE', ( #5265 ), #2496, .F. ) ;
#6939 = CARTESIAN_POINT ( 'NONE',  ( 132.2171133453900040, -136.4297640746490288, 80.50005035146759269 ) ) ;
#6940 = ORIENTED_EDGE ( 'NONE', *, *, #7638, .T. ) ;
#6941 = DIRECTION ( 'NONE',  ( 0.000000000000000000, 0.000000000000000000, 1.000000000000000000 ) ) ;
#6942 = CARTESIAN_POINT ( 'NONE',  ( 126.2171133453899898, -154.4297640215114882, 62.75000000000000000 ) ) ;
#6943 = VECTOR ( 'NONE', #7222, 1000.000000000000000 ) ;
#6944 = CIRCLE ( 'NONE', #9843, 12.00000000000000000 ) ;
#6945 = CARTESIAN_POINT ( 'NONE',  ( 132.3255008394325785, -120.4297680637884156, 62.66078637172639532 ) ) ;
#6946 = DIRECTION ( 'NONE',  ( -1.000000000000000000, 2.602085213964869829E-17, 0.000000000000000000 ) ) ;
#6947 = CARTESIAN_POINT ( 'NONE',  ( 122.2171131963784063, -139.6937481978255846, 58.25000000000000000 ) ) ;
#6948 = EDGE_LOOP ( 'NONE', ( #3629, #2898, #7170, #6326 ) ) ;
#6949 = LINE ( 'NONE', #10759, #3451 ) ;
#6950 = ORIENTED_EDGE ( 'NONE', *, *, #1896, .T. ) ;
#6951 = ORIENTED_EDGE ( 'NONE', *, *, #7471, .T. ) ;
#6952 = AXIS2_PLACEMENT_3D ( 'NONE', #1745, #9920, #9981 ) ;
#6953 = EDGE_CURVE ( 'NONE', #8637, #9524, #5432, .T. ) ;
#6954 = CARTESIAN_POINT ( 'NONE',  ( 159.6669467343539850, -153.4297640746490003, 71.34999974667979927 ) ) ;
#6955 = CARTESIAN_POINT ( 'NONE',  ( 163.2171133453900040, -136.4297640746490288, 81.50005035686871224 ) ) ;
#6956 = CYLINDRICAL_SURFACE ( 'NONE', #1203, 11.54238125198780729 ) ;
#6957 = ORIENTED_EDGE ( 'NONE', *, *, #10882, .F. ) ;
#6958 = CARTESIAN_POINT ( 'NONE',  ( 133.5171131927750139, -148.4297640746490003, 102.0997837512840078 ) ) ;
#6959 = LINE ( 'NONE', #450, #11991 ) ;
#6960 = EDGE_CURVE ( 'NONE', #6541, #1489, #8632, .T. ) ;
#6961 = EDGE_CURVE ( 'NONE', #6099, #5845, #3400, .T. ) ;
#6962 = ORIENTED_EDGE ( 'NONE', *, *, #5567, .T. ) ;
#6963 = CARTESIAN_POINT ( 'NONE',  ( 139.0953518277050023, -145.2622270632869856, 107.3679489089350056 ) ) ;
#6964 = CARTESIAN_POINT ( 'NONE',  ( 131.1606248479623957, -120.9297640215114029, 60.27765112427590566 ) ) ;
#6965 = AXIS2_PLACEMENT_3D ( 'NONE', #5608, #6468, #7494 ) ;
#6966 = VERTEX_POINT ( 'NONE', #1452 ) ;
#6967 = CARTESIAN_POINT ( 'NONE',  ( 161.2171133453899756, -138.9297640746490288, 68.99999991151629786 ) ) ;
#6968 = ORIENTED_EDGE ( 'NONE', *, *, #184, .F. ) ;
#6969 = ORIENTED_EDGE ( 'NONE', *, *, #7260, .T. ) ;
#6970 = ORIENTED_EDGE ( 'NONE', *, *, #11366, .T. ) ;
#6971 = EDGE_CURVE ( 'NONE', #9721, #93, #6128, .T. ) ;
#6972 = CARTESIAN_POINT ( 'NONE',  ( 122.2171131963784063, -120.4297680637884156, 62.75000000000000000 ) ) ;
#6973 = DIRECTION ( 'NONE',  ( 1.000000000000000000, 0.000000000000000000, 0.000000000000000000 ) ) ;
#6974 = DIRECTION ( 'NONE',  ( 0.4001450253381057531, 5.551115123125785069E-15, -0.9164518310839727677 ) ) ;
#6975 = CIRCLE ( 'NONE', #5023, 1.000000000000003553 ) ;
#6976 = VECTOR ( 'NONE', #10118, 1000.000000000000000 ) ;
#6977 = CARTESIAN_POINT ( 'NONE',  ( 171.3168895252303514, -139.0956618035816916, 54.37670245577365336 ) ) ;
#6978 = CARTESIAN_POINT ( 'NONE',  ( 129.7796740241491591, -121.4459142464170611, 51.13534865116216110 ) ) ;
#6979 = ORIENTED_EDGE ( 'NONE', *, *, #3345, .F. ) ;
#6980 = DIRECTION ( 'NONE',  ( -8.821935677471621045E-15, -1.074295325689833965E-17, -1.000000000000000000 ) ) ;
#6981 = DIRECTION ( 'NONE',  ( 0.000000000000000000, 0.000000000000000000, 1.000000000000000000 ) ) ;
#6982 = VECTOR ( 'NONE', #3352, 1000.000000000000000 ) ;
#6983 = VERTEX_POINT ( 'NONE', #7101 ) ;
#6984 = CARTESIAN_POINT ( 'NONE',  ( 135.2171133453900040, -119.4459165395000042, 96.26432591814179318 ) ) ;
#6985 = VERTEX_POINT ( 'NONE', #11579 ) ;
#6986 = ADVANCED_FACE ( 'NONE', ( #6190 ), #8124, .F. ) ;
#6987 = EDGE_CURVE ( 'NONE', #2239, #3304, #1636, .T. ) ;
#6988 = CARTESIAN_POINT ( 'NONE',  ( 161.2171133453899756, -138.0155505122760076, 67.99999991151629786 ) ) ;
#6989 = CARTESIAN_POINT ( 'NONE',  ( 132.2171133453900040, -123.4296722848586114, 62.74648661845989750 ) ) ;
#6990 = CARTESIAN_POINT ( 'NONE',  ( 132.5962589188493723, -140.8779172725420494, 69.49644290045694106 ) ) ;
#6991 = LINE ( 'NONE', #4259, #5144 ) ;
#6992 = FACE_OUTER_BOUND ( 'NONE', #6820, .T. ) ;
#6993 = DIRECTION ( 'NONE',  ( -0.9513277913954431009, 1.168631524111553039E-15, -0.3081808451521090841 ) ) ;
#6994 = CYLINDRICAL_SURFACE ( 'NONE', #3656, 0.9999999999999986677 ) ;
#6995 = CARTESIAN_POINT ( 'NONE',  ( 123.5677102615069884, -152.7803609907660132, 100.1005969161430045 ) ) ;
#6996 = ORIENTED_EDGE ( 'NONE', *, *, #4604, .T. ) ;
#6997 =( BOUNDED_CURVE ( )  B_SPLINE_CURVE ( 3, ( #2834, #6590, #6530, #10219 ),
 .UNSPECIFIED., .F., .F. ) 
 B_SPLINE_CURVE_WITH_KNOTS ( ( 4, 4 ),
 ( 4.719147851734369681, 5.349890256905269759 ),
 .UNSPECIFIED. ) 
 CURVE ( )  GEOMETRIC_REPRESENTATION_ITEM ( )  RATIONAL_B_SPLINE_CURVE ( ( 1.000000000000000000, 0.9671208724905309140, 0.9671208724905309140, 1.000000000000000000 ) ) 
 REPRESENTATION_ITEM ( '' )  );
#6998 = CARTESIAN_POINT ( 'NONE',  ( 132.2171133453899188, -140.6724047617684050, 70.99999991151651102 ) ) ;
#6999 = PLANE ( 'NONE',  #1995 ) ;
#7000 = ORIENTED_EDGE ( 'NONE', *, *, #3621, .F. ) ;
#7001 = CARTESIAN_POINT ( 'NONE',  ( 133.2171133453900040, -139.0155505122760076, 66.99999991151649681 ) ) ;
#7002 = CARTESIAN_POINT ( 'NONE',  ( 160.1768364872659731, -140.9297640215119998, 114.2144502228039897 ) ) ;
#7003 = CARTESIAN_POINT ( 'NONE',  ( 138.3506535661549890, -144.2949860153909754, 106.3330733680300000 ) ) ;
#7004 = CARTESIAN_POINT ( 'NONE',  ( 162.8379799984226679, -140.8779012514982583, 69.49647835940068319 ) ) ;
#7005 = CARTESIAN_POINT ( 'NONE',  ( 139.1025978581049856, -145.2633924667839835, 105.3679489095639923 ) ) ;
#7006 = ORIENTED_EDGE ( 'NONE', *, *, #1889, .F. ) ;
#7007 = CARTESIAN_POINT ( 'NONE',  ( 162.2786780131324917, -139.2002445155032717, 69.99999991151631207 ) ) ;
#7008 = EDGE_LOOP ( 'NONE', ( #9197, #5224, #2487, #5748 ) ) ;
#7009 = ORIENTED_EDGE ( 'NONE', *, *, #8797, .F. ) ;
#7010 = EDGE_CURVE ( 'NONE', #8763, #10780, #2666, .T. ) ;
#7011 = VERTEX_POINT ( 'NONE', #3283 ) ;
#7012 = LINE ( 'NONE', #5181, #4533 ) ;
#7013 = CARTESIAN_POINT ( 'NONE',  ( 163.2171133453900040, -141.0252566916429942, 98.69164219418240691 ) ) ;
#7014 = CARTESIAN_POINT ( 'NONE',  ( 163.2201215148739948, -147.0622138173933990, 51.61840511973850454 ) ) ;
#7015 = ORIENTED_EDGE ( 'NONE', *, *, #493, .F. ) ;
#7016 = LINE ( 'NONE', #11617, #10953 ) ;
#7017 = CARTESIAN_POINT ( 'NONE',  ( 134.2171133453900040, -138.0155505122760076, 68.99999991151649681 ) ) ;
#7018 = AXIS2_PLACEMENT_3D ( 'NONE', #9275, #8486, #4901 ) ;
#7019 = VERTEX_POINT ( 'NONE', #6247 ) ;
#7020 = CARTESIAN_POINT ( 'NONE',  ( 138.3535652413330013, -144.2953952831159938, 105.3646710993549931 ) ) ;
#7021 = LINE ( 'NONE', #10711, #4827 ) ;
#7022 = ORIENTED_EDGE ( 'NONE', *, *, #7280, .F. ) ;
#7023 = EDGE_CURVE ( 'NONE', #2961, #5768, #9997, .T. ) ;
#7024 = CARTESIAN_POINT ( 'NONE',  ( 158.5171131927750139, -148.4297640746490003, 102.0997837512840078 ) ) ;
#7025 = ORIENTED_EDGE ( 'NONE', *, *, #4819, .T. ) ;
#7026 = AXIS2_PLACEMENT_3D ( 'NONE', #2607, #10054, #4359 ) ;
#7027 = ORIENTED_EDGE ( 'NONE', *, *, #4457, .T. ) ;
#7028 = EDGE_CURVE ( 'NONE', #2196, #10023, #11640, .T. ) ;
#7029 = EDGE_CURVE ( 'NONE', #3689, #9464, #9817, .T. ) ;
#7030 = VERTEX_POINT ( 'NONE', #3340 ) ;
#7031 = DIRECTION ( 'NONE',  ( -1.000000000000000000, 4.422034925190990811E-15, -4.727417165305189624E-14 ) ) ;
#7032 = CARTESIAN_POINT ( 'NONE',  ( 162.9242201265764720, -136.1368708558355820, 70.29289313032980147 ) ) ;
#7033 = DIRECTION ( 'NONE',  ( 0.000000000000000000, 0.000000000000000000, 1.000000000000000000 ) ) ;
#7034 = DIRECTION ( 'NONE',  ( 3.480590576041360211E-15, 1.000000000000000000, -1.074295325692379890E-17 ) ) ;
#7035 = FACE_OUTER_BOUND ( 'NONE', #1624, .T. ) ;
#7036 = ORIENTED_EDGE ( 'NONE', *, *, #40, .T. ) ;
#7037 = VECTOR ( 'NONE', #3078, 999.9999999999998863 ) ;
#7038 = DIRECTION ( 'NONE',  ( -2.602085213964869829E-17, -1.000000000000000000, 1.526556658859589750E-16 ) ) ;
#7039 = DIRECTION ( 'NONE',  ( -1.000000000000000000, 5.947210316807140508E-15, 8.810118433399939970E-15 ) ) ;
#7040 = EDGE_CURVE ( 'NONE', #2287, #6805, #11539, .T. ) ;
#7041 = ORIENTED_EDGE ( 'NONE', *, *, #10432, .T. ) ;
#7042 = CARTESIAN_POINT ( 'NONE',  ( 134.8868227819089896, -141.1007048022750041, 105.3643790944719996 ) ) ;
#7043 = ORIENTED_EDGE ( 'NONE', *, *, #11039, .F. ) ;
#7044 = CONICAL_SURFACE ( 'NONE', #6645, 1.650000000000012568, 0.7853981633974476129 ) ;
#7045 = CARTESIAN_POINT ( 'NONE',  ( 132.7208082640323425, -140.5046344414098485, 67.28782122404319921 ) ) ;
#7046 = CARTESIAN_POINT ( 'NONE',  ( 134.5610227208983645, -140.6414563196905476, 105.9828794016084146 ) ) ;
#7047 = CARTESIAN_POINT ( 'NONE',  ( 163.3148179109179807, -149.4297640215112040, 50.74999999999999289 ) ) ;
#7048 = CARTESIAN_POINT ( 'NONE',  ( 162.8236018428179932, -117.8297640215111954, 60.27765112427590566 ) ) ;
#7049 = CARTESIAN_POINT ( 'NONE',  ( 162.9650322131490157, -139.0121079938929824, 66.81830312880370570 ) ) ;
#7050 = EDGE_CURVE ( 'NONE', #8666, #6609, #10612, .T. ) ;
#7051 = AXIS2_PLACEMENT_3D ( 'NONE', #7637, #1330, #284 ) ;
#7052 = CYLINDRICAL_SURFACE ( 'NONE', #7120, 1.000000000000006217 ) ;
#7053 = EDGE_CURVE ( 'NONE', #3933, #11875, #593, .T. ) ;
#7054 = CARTESIAN_POINT ( 'NONE',  ( 132.2171133574399846, -145.4297640746490003, 70.99999984474889914 ) ) ;
#7055 = EDGE_LOOP ( 'NONE', ( #8391, #3573, #1568, #10712, #1187 ) ) ;
#7056 = VECTOR ( 'NONE', #6810, 1000.000000000000000 ) ;
#7057 = AXIS2_PLACEMENT_3D ( 'NONE', #6226, #1611, #5299 ) ;
#7058 = DIRECTION ( 'NONE',  ( 0.7071067811865475727, -0.7071067811865475727, 0.000000000000000000 ) ) ;
#7059 = VERTEX_POINT ( 'NONE', #9702 ) ;
#7060 = CARTESIAN_POINT ( 'NONE',  ( 121.2171140382200036, -140.4297640215119998, 105.9785843229069968 ) ) ;
#7061 = CARTESIAN_POINT ( 'NONE',  ( 132.2171133453900040, -148.3795071393270177, 51.03123712248039823 ) ) ;
#7062 = CARTESIAN_POINT ( 'NONE',  ( 136.7171133453900040, -139.4497640202370121, 80.50005035146709531 ) ) ;
#7063 = CARTESIAN_POINT ( 'NONE',  ( 163.2171133453900040, -141.8446366578939717, 69.29716211014509497 ) ) ;
#7064 = CARTESIAN_POINT ( 'NONE',  ( 160.2171131927750025, -148.4297640746490003, 103.7997837512839965 ) ) ;
#7065 = EDGE_CURVE ( 'NONE', #11808, #4047, #4304, .T. ) ;
#7066 = CARTESIAN_POINT ( 'NONE',  ( 161.2171133453899756, -138.0155505122760076, 66.99999991151639733 ) ) ;
#7067 =( BOUNDED_CURVE ( )  B_SPLINE_CURVE ( 3, ( #10384, #4917, #63, #306 ),
 .UNSPECIFIED., .F., .T. ) 
 B_SPLINE_CURVE_WITH_KNOTS ( ( 4, 4 ),
 ( 4.719147851734369681, 5.349890256905279529 ),
 .UNSPECIFIED. ) 
 CURVE ( )  GEOMETRIC_REPRESENTATION_ITEM ( )  RATIONAL_B_SPLINE_CURVE ( ( 1.000000000000000000, 0.9671208724905309140, 0.9671208724905309140, 1.000000000000000000 ) ) 
 REPRESENTATION_ITEM ( '' )  );
#7068 = ORIENTED_EDGE ( 'NONE', *, *, #717, .F. ) ;
#7069 = AXIS2_PLACEMENT_3D ( 'NONE', #2068, #1022, #9332 ) ;
#7070 = CARTESIAN_POINT ( 'NONE',  ( 124.1173371655500546, -138.3631970503249988, 54.37670245577365336 ) ) ;
#7071 = VECTOR ( 'NONE', #5767, 1000.000000000000000 ) ;
#7072 = ORIENTED_EDGE ( 'NONE', *, *, #610, .F. ) ;
#7073 = LINE ( 'NONE', #3213, #7528 ) ;
#7074 = ORIENTED_EDGE ( 'NONE', *, *, #11242, .T. ) ;
#7075 = CARTESIAN_POINT ( 'NONE',  ( 163.4876018428179805, -114.8297640215109965, 50.25265112427589997 ) ) ;
#7076 = CARTESIAN_POINT ( 'NONE',  ( 158.5171131927750139, -148.0297640746490231, 102.0997837512840078 ) ) ;
#7077 = VERTEX_POINT ( 'NONE', #9937 ) ;
#7078 = AXIS2_PLACEMENT_3D ( 'NONE', #2887, #5661, #1112 ) ;
#7079 = LINE ( 'NONE', #2414, #9588 ) ;
#7080 = DIRECTION ( 'NONE',  ( 7.166576360129189239E-17, -1.526556658859589750E-16, -1.000000000000000000 ) ) ;
#7081 = VECTOR ( 'NONE', #9040, 1000.000000000000000 ) ;
#7082 = CARTESIAN_POINT ( 'NONE',  ( 163.1409749733529964, -141.4613015873265738, 67.99999991151649681 ) ) ;
#7083 = CARTESIAN_POINT ( 'NONE',  ( 138.3475517815030003, -144.2945494349380056, 107.3646761005559966 ) ) ;
#7084 = EDGE_CURVE ( 'NONE', #6119, #22, #9604, .T. ) ;
#7085 = CARTESIAN_POINT ( 'NONE',  ( 163.2171133453900040, -136.4297640746490288, 72.12502505495649530 ) ) ;
#7086 = ORIENTED_EDGE ( 'NONE', *, *, #10661, .F. ) ;
#7087 = DIRECTION ( 'NONE',  ( 3.480590576041360211E-15, 1.000000000000000000, -1.074295325692379890E-17 ) ) ;
#7088 = ORIENTED_EDGE ( 'NONE', *, *, #6568, .F. ) ;
#7089 = AXIS2_PLACEMENT_3D ( 'NONE', #6672, #232, #10369 ) ;
#7090 = VECTOR ( 'NONE', #5785, 1000.000000000000000 ) ;
#7091 = ORIENTED_EDGE ( 'NONE', *, *, #10841, .F. ) ;
#7092 = VERTEX_POINT ( 'NONE', #4420 ) ;
#7093 = CARTESIAN_POINT ( 'NONE',  ( 164.2171132645239879, -119.4297640746489861, 70.99999985396759428 ) ) ;
#7094 = FACE_OUTER_BOUND ( 'NONE', #11478, .T. ) ;
#7095 = DIRECTION ( 'NONE',  ( 0.000000000000000000, -2.327875578288750051E-16, -1.000000000000000000 ) ) ;
#7096 = EDGE_CURVE ( 'NONE', #6815, #3889, #10235, .T. ) ;
#7097 = ORIENTED_EDGE ( 'NONE', *, *, #2146, .F. ) ;
#7098 = FACE_OUTER_BOUND ( 'NONE', #5063, .T. ) ;
#7099 = VECTOR ( 'NONE', #9159, 1000.000000000000000 ) ;
#7100 = VERTEX_POINT ( 'NONE', #4596 ) ;
#7101 = CARTESIAN_POINT ( 'NONE',  ( 160.2171133453899756, -140.9397639738709813, 98.69129622261479540 ) ) ;
#7102 = EDGE_CURVE ( 'NONE', #11710, #11164, #1280, .T. ) ;
#7103 = DIRECTION ( 'NONE',  ( -1.000000000000000000, 2.602085213964869829E-17, -7.166576360129189239E-17 ) ) ;
#7104 = ORIENTED_EDGE ( 'NONE', *, *, #10864, .T. ) ;
#7105 = LINE ( 'NONE', #4368, #7915 ) ;
#7106 = VECTOR ( 'NONE', #3459, 1000.000000000000114 ) ;
#7107 = ORIENTED_EDGE ( 'NONE', *, *, #7400, .F. ) ;
#7108 = EDGE_CURVE ( 'NONE', #2288, #8029, #9266, .T. ) ;
#7109 = DIRECTION ( 'NONE',  ( 8.810118433399939970E-15, 1.526556658859629933E-16, 1.000000000000000000 ) ) ;
#7110 = DIRECTION ( 'NONE',  ( -7.166576360129189239E-17, 0.000000000000000000, 1.000000000000000000 ) ) ;
#7111 = PLANE ( 'NONE',  #2540 ) ;
#7112 = CARTESIAN_POINT ( 'NONE',  ( 164.2171133453900040, -119.4297640746489861, 102.7500000000329976 ) ) ;
#7113 = EDGE_CURVE ( 'NONE', #10830, #1749, #4480, .T. ) ;
#7114 = CARTESIAN_POINT ( 'NONE',  ( 162.5759155177759965, -139.4891224999479959, 66.96449473225500526 ) ) ;
#7115 = ADVANCED_FACE ( 'NONE', ( #2736 ), #5152, .F. ) ;
#7116 = AXIS2_PLACEMENT_3D ( 'NONE', #7247, #8208, #9058 ) ;
#7117 = CYLINDRICAL_SURFACE ( 'NONE', #11750, 0.9999999999999964473 ) ;
#7118 = CARTESIAN_POINT ( 'NONE',  ( 135.1105732284813996, -120.6040145420057996, 60.27763815801269942 ) ) ;
#7119 = VERTEX_POINT ( 'NONE', #4708 ) ;
#7120 = AXIS2_PLACEMENT_3D ( 'NONE', #5041, #5897, #8747 ) ;
#7121 = EDGE_CURVE ( 'NONE', #2853, #1806, #7340, .T. ) ;
#7122 = CARTESIAN_POINT ( 'NONE',  ( 136.7171133453900040, -139.4397640202369928, 80.50005037466729618 ) ) ;
#7123 = EDGE_CURVE ( 'NONE', #2226, #9416, #9091, .T. ) ;
#7124 = ORIENTED_EDGE ( 'NONE', *, *, #2611, .T. ) ;
#7125 = CYLINDRICAL_SURFACE ( 'NONE', #9394, 0.5899999999999971934 ) ;
#7126 = CYLINDRICAL_SURFACE ( 'NONE', #8718, 1.950000000000000400 ) ;
#7127 = DIRECTION ( 'NONE',  ( 2.602085213965009729E-17, 1.000000000000000000, -1.150608946447880006E-15 ) ) ;
#7128 = CARTESIAN_POINT ( 'NONE',  ( 163.1469869776160238, -141.2594875125739975, 69.63439456774700886 ) ) ;
#7129 = LINE ( 'NONE', #378, #2073 ) ;
#7130 = DIRECTION ( 'NONE',  ( 0.9513277913954431009, 1.168631524111553039E-15, -0.3081808451521090841 ) ) ;
#7131 = VERTEX_POINT ( 'NONE', #11086 ) ;
#7132 = AXIS2_PLACEMENT_3D ( 'NONE', #4169, #5191, #701 ) ;
#7133 = DIRECTION ( 'NONE',  ( 9.644381700046828834E-17, -1.000000000000000000, 2.327875578288750051E-16 ) ) ;
#7134 = DIRECTION ( 'NONE',  ( -1.000000000000000000, 2.602085213964869829E-17, -7.166576360129189239E-17 ) ) ;
#7135 = ORIENTED_EDGE ( 'NONE', *, *, #2059, .T. ) ;
#7136 = ADVANCED_FACE ( 'NONE', ( #11033 ), #11872, .T. ) ;
#7137 = DIRECTION ( 'NONE',  ( 0.000000000000000000, -1.000000000000000000, 1.074295325692379890E-17 ) ) ;
#7138 = FACE_OUTER_BOUND ( 'NONE', #10548, .T. ) ;
#7139 = EDGE_CURVE ( 'NONE', #3903, #11522, #4536, .T. ) ;
#7140 = ORIENTED_EDGE ( 'NONE', *, *, #1768, .F. ) ;
#7141 = VECTOR ( 'NONE', #1292, 1000.000000000000000 ) ;
#7142 = DIRECTION ( 'NONE',  ( 0.000000000000000000, 6.818862593363321148E-15, -1.000000000000000000 ) ) ;
#7143 = LINE ( 'NONE', #9011, #5010 ) ;
#7144 =( BOUNDED_CURVE ( )  B_SPLINE_CURVE ( 3, ( #10688, #6998, #10746, #431 ),
 .UNSPECIFIED., .F., .T. ) 
 B_SPLINE_CURVE_WITH_KNOTS ( ( 4, 4 ),
 ( 4.712388980384689674, 6.283185307179590673 ),
 .UNSPECIFIED. ) 
 CURVE ( )  GEOMETRIC_REPRESENTATION_ITEM ( )  RATIONAL_B_SPLINE_CURVE ( ( 1.000000000000000000, 0.8047378541243649375, 0.8047378541243649375, 1.000000000000000000 ) ) 
 REPRESENTATION_ITEM ( '' )  );
#7145 = CARTESIAN_POINT ( 'NONE',  ( 163.9242200716875004, -119.4297640746489861, 80.79294358128031206 ) ) ;
#7146 = CARTESIAN_POINT ( 'NONE',  ( 162.9242201265759888, -141.1368708558350136, 67.99999991151629786 ) ) ;
#7147 = FACE_OUTER_BOUND ( 'NONE', #8112, .T. ) ;
#7148 = VERTEX_POINT ( 'NONE', #8359 ) ;
#7149 = LINE ( 'NONE', #580, #11951 ) ;
#7150 = VERTEX_POINT ( 'NONE', #7452 ) ;
#7151 = CIRCLE ( 'NONE', #5582, 0.5999999999999894307 ) ;
#7152 = VECTOR ( 'NONE', #4782, 1000.000000000000000 ) ;
#7153 = ORIENTED_EDGE ( 'NONE', *, *, #6794, .F. ) ;
#7154 = ORIENTED_EDGE ( 'NONE', *, *, #1988, .F. ) ;
#7155 = CARTESIAN_POINT ( 'NONE',  ( 163.4876018428179805, -114.8297640215109965, 50.25265112427589997 ) ) ;
#7156 = CARTESIAN_POINT ( 'NONE',  ( 132.1194087798621979, -149.4297640215114029, 50.75000000000000000 ) ) ;
#7157 = DIRECTION ( 'NONE',  ( 2.449293589365029737E-16, -7.253542152952170271E-15, 1.000000000000000000 ) ) ;
#7158 = EDGE_CURVE ( 'NONE', #7613, #10879, #7864, .T. ) ;
#7159 = EDGE_LOOP ( 'NONE', ( #4443, #2284, #10091 ) ) ;
#7160 = ORIENTED_EDGE ( 'NONE', *, *, #10353, .F. ) ;
#7161 = VECTOR ( 'NONE', #6348, 1000.000000000000000 ) ;
#7162 = DIRECTION ( 'NONE',  ( 2.602086448421814690E-17, 1.000000000000000000, -2.104188999757570205E-24 ) ) ;
#7163 = ORIENTED_EDGE ( 'NONE', *, *, #8281, .T. ) ;
#7164 = CARTESIAN_POINT ( 'NONE',  ( 132.6951266866267360, -139.0155506574388937, 70.10777300790667255 ) ) ;
#7165 = FACE_OUTER_BOUND ( 'NONE', #2413, .T. ) ;
#7166 = ORIENTED_EDGE ( 'NONE', *, *, #7866, .F. ) ;
#7167 = CARTESIAN_POINT ( 'NONE',  ( 134.1484283603950018, -140.4297640215119998, 105.3643375137029921 ) ) ;
#7168 = VECTOR ( 'NONE', #7080, 1000.000000000000000 ) ;
#7169 = VECTOR ( 'NONE', #2159, 1000.000000000000000 ) ;
#7170 = ORIENTED_EDGE ( 'NONE', *, *, #3942, .F. ) ;
#7171 = DIRECTION ( 'NONE',  ( 1.000000000000000000, -3.160768215787150073E-15, -8.810118433399840573E-15 ) ) ;
#7172 = CARTESIAN_POINT ( 'NONE',  ( 133.1555486915659685, -139.2002444737482563, 66.99999991151652523 ) ) ;
#7173 = CARTESIAN_POINT ( 'NONE',  ( 134.6491605087919936, -140.7226841648190145, 106.0714113843501991 ) ) ;
#7174 = CARTESIAN_POINT ( 'NONE',  ( 124.2171133453900040, -143.6632556323920085, 64.75000000000000000 ) ) ;
#7175 = DIRECTION ( 'NONE',  ( 1.000000000000000000, -2.602085234388459868E-17, 7.166576360160149565E-17 ) ) ;
#7176 = CIRCLE ( 'NONE', #8708, 1.000000000000003553 ) ;
#7177 = CARTESIAN_POINT ( 'NONE',  ( 136.9171131927749911, -148.0297640746490231, 102.0997837512840078 ) ) ;
#7178 = CARTESIAN_POINT ( 'NONE',  ( 160.2171131927750025, -148.2297640746490117, 103.7997837512839965 ) ) ;
#7179 = EDGE_CURVE ( 'NONE', #22, #6071, #9030, .T. ) ;
#7180 = ORIENTED_EDGE ( 'NONE', *, *, #2734, .T. ) ;
#7181 = EDGE_CURVE ( 'NONE', #2054, #6071, #34, .T. ) ;
#7182 = CIRCLE ( 'NONE', #3692, 1.700000000000007061 ) ;
#7183 = EDGE_CURVE ( 'NONE', #1009, #1154, #7283, .T. ) ;
#7184 = CARTESIAN_POINT ( 'NONE',  ( 132.1839079976216169, -148.4127124287246033, 50.93565738772740303 ) ) ;
#7185 = ORIENTED_EDGE ( 'NONE', *, *, #6987, .F. ) ;
#7186 = FACE_OUTER_BOUND ( 'NONE', #7282, .T. ) ;
#7187 = DIRECTION ( 'NONE',  ( 0.000000000000000000, 1.000000000000000000, -1.526556658859589750E-16 ) ) ;
#7188 = FACE_OUTER_BOUND ( 'NONE', #481, .T. ) ;
#7189 = CARTESIAN_POINT ( 'NONE',  ( 162.6374109600690190, -140.2809427744770119, 69.86841196633079676 ) ) ;
#7190 = CARTESIAN_POINT ( 'NONE',  ( 138.3506535661549890, -144.2949860153909754, 106.3330733680300000 ) ) ;
#7191 = CARTESIAN_POINT ( 'NONE',  ( 132.5100065642033940, -119.4297640746489861, 66.70710669270309268 ) ) ;
#7192 = VERTEX_POINT ( 'NONE', #1761 ) ;
#7193 = CARTESIAN_POINT ( 'NONE',  ( 141.2106690963749998, -140.4297640215119998, 105.3643259181410059 ) ) ;
#7194 = EDGE_CURVE ( 'NONE', #7814, #5270, #5449, .T. ) ;
#7195 = ORIENTED_EDGE ( 'NONE', *, *, #7471, .F. ) ;
#7196 = LINE ( 'NONE', #9005, #851 ) ;
#7197 = DIRECTION ( 'NONE',  ( 0.7071067811865592301, 0.000000000000000000, -0.7071067811865356934 ) ) ;
#7198 = CARTESIAN_POINT ( 'NONE',  ( 171.4736666987809883, -148.4297640215245906, 62.75000000000000000 ) ) ;
#7199 = EDGE_LOOP ( 'NONE', ( #7734, #3567 ) ) ;
#7200 = DIRECTION ( 'NONE',  ( -8.810118433399840573E-15, -1.526556646961799758E-16, -1.000000000000000000 ) ) ;
#7201 = CARTESIAN_POINT ( 'NONE',  ( 162.8094094721379861, -148.4297640746490003, 102.0997837512840078 ) ) ;
#7202 = DIRECTION ( 'NONE',  ( -0.7071067811865709984, 0.000000000000000000, -0.7071067811865240360 ) ) ;
#7203 = FACE_OUTER_BOUND ( 'NONE', #4716, .T. ) ;
#7204 = CARTESIAN_POINT ( 'NONE',  ( 125.4555982874533981, -138.1586012779320072, 53.38549640900540538 ) ) ;
#7205 = ORIENTED_EDGE ( 'NONE', *, *, #353, .T. ) ;
#7206 = CARTESIAN_POINT ( 'NONE',  ( 132.2171133453900040, -140.4297640215119998, 93.86432591814070747 ) ) ;
#7207 = EDGE_CURVE ( 'NONE', #11808, #825, #7217, .T. ) ;
#7208 = ADVANCED_FACE ( 'NONE', ( #6306 ), #2675, .T. ) ;
#7209 = ORIENTED_EDGE ( 'NONE', *, *, #11930, .T. ) ;
#7210 = ORIENTED_EDGE ( 'NONE', *, *, #7102, .T. ) ;
#7211 = VERTEX_POINT ( 'NONE', #8246 ) ;
#7212 = VECTOR ( 'NONE', #10364, 1000.000000000000000 ) ;
#7213 = FACE_OUTER_BOUND ( 'NONE', #3104, .T. ) ;
#7214 = DIRECTION ( 'NONE',  ( -1.205027857103396617E-08, 0.000000000000000000, 0.9999999999999998890 ) ) ;
#7215 = DIRECTION ( 'NONE',  ( 8.659560562355011744E-17, 0.7071067811865411334, -0.7071067811865539010 ) ) ;
#7216 = ORIENTED_EDGE ( 'NONE', *, *, #1918, .T. ) ;
#7217 =( BOUNDED_CURVE ( )  B_SPLINE_CURVE ( 3, ( #8418, #96, #7221, #2614 ),
 .UNSPECIFIED., .F., .T. ) 
 B_SPLINE_CURVE_WITH_KNOTS ( ( 4, 4 ),
 ( 4.712388976466110435, 5.838546859729579985 ),
 .UNSPECIFIED. ) 
 CURVE ( )  GEOMETRIC_REPRESENTATION_ITEM ( )  RATIONAL_B_SPLINE_CURVE ( ( 1.000000000000000000, 0.8970770709083950578, 0.8970770709083950578, 1.000000000000000000 ) ) 
 REPRESENTATION_ITEM ( '' )  );
#7218 = ORIENTED_EDGE ( 'NONE', *, *, #6284, .F. ) ;
#7219 = CARTESIAN_POINT ( 'NONE',  ( 132.3771133453899722, -140.4797640480800283, 66.55091634279260404 ) ) ;
#7220 = ORIENTED_EDGE ( 'NONE', *, *, #786, .F. ) ;
#7221 = CARTESIAN_POINT ( 'NONE',  ( 131.2758638716500172, -121.1664914086857436, 54.32916630688102799 ) ) ;
#7222 = DIRECTION ( 'NONE',  ( -1.000000000000000000, 3.480590576041360211E-15, 1.177071316573370074E-14 ) ) ;
#7223 = AXIS2_PLACEMENT_3D ( 'NONE', #11927, #5504, #10111 ) ;
#7224 = EDGE_CURVE ( 'NONE', #4910, #11928, #11935, .T. ) ;
#7225 = EDGE_LOOP ( 'NONE', ( #10340, #2502, #3114, #7770, #8731, #8530, #6881, #4527, #1257 ) ) ;
#7226 = DIRECTION ( 'NONE',  ( -0.7071067811865580088, 0.7071067811865370256, -1.586192039558939754E-16 ) ) ;
#7227 = VERTEX_POINT ( 'NONE', #2911 ) ;
#7228 = DIRECTION ( 'NONE',  ( -1.000000000000000000, 0.000000000000000000, 0.000000000000000000 ) ) ;
#7229 = CARTESIAN_POINT ( 'NONE',  ( 132.2171133453900040, -126.4297640215114029, 61.45398638250009782 ) ) ;
#7230 = AXIS2_PLACEMENT_3D ( 'NONE', #2108, #4700, #3868 ) ;
#7231 = CARTESIAN_POINT ( 'NONE',  ( 134.2171133453900040, -119.4297640746489861, 69.99999991151649681 ) ) ;
#7232 = DIRECTION ( 'NONE',  ( 3.973480539304573291E-15, 1.000000000000000000, 5.631065177880980518E-09 ) ) ;
#7233 = CARTESIAN_POINT ( 'NONE',  ( 160.2171133453899756, -140.4297640215119998, 99.26432591814179318 ) ) ;
#7234 = CARTESIAN_POINT ( 'NONE',  ( 132.6106248479624128, -117.4297640215114029, 60.27765112427590566 ) ) ;
#7235 = EDGE_CURVE ( 'NONE', #11635, #1625, #275, .T. ) ;
#7236 = DIRECTION ( 'NONE',  ( 1.221543029324420125E-14, -6.709576272139159973E-15, 1.000000000000000000 ) ) ;
#7237 = VECTOR ( 'NONE', #2491, 1000.000000000000000 ) ;
#7238 = LINE ( 'NONE', #11051, #2997 ) ;
#7239 = VERTEX_POINT ( 'NONE', #1320 ) ;
#7240 = CARTESIAN_POINT ( 'NONE',  ( 162.4840858911696841, -139.8164759647941651, 67.07401444468796115 ) ) ;
#7241 = FACE_OUTER_BOUND ( 'NONE', #3658, .T. ) ;
#7242 = EDGE_CURVE ( 'NONE', #2603, #6705, #2647, .T. ) ;
#7243 = AXIS2_PLACEMENT_3D ( 'NONE', #5503, #952, #9200 ) ;
#7244 = CARTESIAN_POINT ( 'NONE',  ( 163.1409749733529964, -141.4613015873265738, 67.99999991151649681 ) ) ;
#7245 = ORIENTED_EDGE ( 'NONE', *, *, #10353, .T. ) ;
#7246 = DIRECTION ( 'NONE',  ( 2.602085213964869829E-17, 1.000000000000000000, -1.526556658859589750E-16 ) ) ;
#7247 = CARTESIAN_POINT ( 'NONE',  ( 132.6106248479624128, -117.4297640215114029, 60.27765112427590566 ) ) ;
#7248 = EDGE_CURVE ( 'NONE', #11236, #2552, #1992, .T. ) ;
#7249 = EDGE_CURVE ( 'NONE', #6665, #821, #10973, .T. ) ;
#7250 = CARTESIAN_POINT ( 'NONE',  ( 165.2171133453902883, -134.0920877878089925, 56.00640280175950636 ) ) ;
#7251 = ORIENTED_EDGE ( 'NONE', *, *, #10114, .T. ) ;
#7252 = DIRECTION ( 'NONE',  ( -1.000000000000000000, 3.160768215787150073E-15, 8.810118433399840573E-15 ) ) ;
#7253 = AXIS2_PLACEMENT_3D ( 'NONE', #2588, #8947, #9856 ) ;
#7254 = VERTEX_POINT ( 'NONE', #1196 ) ;
#7255 = LINE ( 'NONE', #874, #3194 ) ;
#7256 = CARTESIAN_POINT ( 'NONE',  ( 173.2171134944019855, -140.4297640215112324, 62.75000000000000000 ) ) ;
#7257 = ORIENTED_EDGE ( 'NONE', *, *, #5262, .F. ) ;
#7258 = FACE_OUTER_BOUND ( 'NONE', #10448, .T. ) ;
#7259 = DIRECTION ( 'NONE',  ( 0.000000000000000000, 1.000000000000000000, 6.573933234426810631E-15 ) ) ;
#7260 = EDGE_CURVE ( 'NONE', #1245, #8531, #3417, .T. ) ;
#7261 = CONICAL_SURFACE ( 'NONE', #5305, 1.950000000000000400, 0.7853981633974573828 ) ;
#7262 = CARTESIAN_POINT ( 'NONE',  ( 130.2171133453899756, -120.8003612955077983, 58.51405264597029543 ) ) ;
#7263 = VECTOR ( 'NONE', #1658, 1000.000000000000000 ) ;
#7264 = DIRECTION ( 'NONE',  ( 0.9513277913954432119, 0.000000000000000000, -0.3081808451521090841 ) ) ;
#7265 = EDGE_CURVE ( 'NONE', #4112, #2811, #11933, .T. ) ;
#7266 = CARTESIAN_POINT ( 'NONE',  ( 175.0171133453904986, -114.6297640215111926, 51.25000000000000000 ) ) ;
#7267 = ORIENTED_EDGE ( 'NONE', *, *, #4492, .T. ) ;
#7268 = CARTESIAN_POINT ( 'NONE',  ( 175.2171133453905156, -149.4193518720470024, 62.24960223581899754 ) ) ;
#7269 = EDGE_LOOP ( 'NONE', ( #194, #763, #3447, #4937 ) ) ;
#7270 = ORIENTED_EDGE ( 'NONE', *, *, #1896, .F. ) ;
#7271 = CARTESIAN_POINT ( 'NONE',  ( 134.2171133453900040, -138.0155505122760076, 68.99999991151649681 ) ) ;
#7272 = AXIS2_PLACEMENT_3D ( 'NONE', #5383, #5448, #710 ) ;
#7273 = VERTEX_POINT ( 'NONE', #1258 ) ;
#7274 = AXIS2_PLACEMENT_3D ( 'NONE', #6988, #1584, #358 ) ;
#7275 = CARTESIAN_POINT ( 'NONE',  ( 135.1105732284813996, -120.6040145420057996, 60.27763815801269942 ) ) ;
#7276 = DIRECTION ( 'NONE',  ( 4.777459570806679680E-17, -1.000000000000000000, 1.242902181604709870E-16 ) ) ;
#7277 = CARTESIAN_POINT ( 'NONE',  ( 162.6399203444899797, -153.4297640746490003, 66.13179315275620240 ) ) ;
#7278 = VERTEX_POINT ( 'NONE', #10294 ) ;
#7279 = EDGE_CURVE ( 'NONE', #1632, #458, #3800, .T. ) ;
#7280 = EDGE_CURVE ( 'NONE', #2552, #3547, #5009, .T. ) ;
#7281 = LINE ( 'NONE', #2674, #10356 ) ;
#7282 = EDGE_LOOP ( 'NONE', ( #10595, #5595, #2273, #3859 ) ) ;
#7283 = LINE ( 'NONE', #9205, #3611 ) ;
#7284 = DIRECTION ( 'NONE',  ( -0.5951893636155756173, 7.213999003242654818E-15, -0.8035854786137478500 ) ) ;
#7285 = VECTOR ( 'NONE', #1256, 1000.000000000000000 ) ;
#7286 = VECTOR ( 'NONE', #7602, 1000.000000000000000 ) ;
#7287 = ORIENTED_EDGE ( 'NONE', *, *, #4749, .F. ) ;
#7288 = CARTESIAN_POINT ( 'NONE',  ( 163.1742201265759888, -139.9726572934619639, 68.99999991151629786 ) ) ;
#7289 = ORIENTED_EDGE ( 'NONE', *, *, #2501, .T. ) ;
#7290 = DIRECTION ( 'NONE',  ( 8.659560562355011744E-17, 0.7071067811865411334, -0.7071067811865539010 ) ) ;
#7291 = LINE ( 'NONE', #8253, #10490 ) ;
#7292 = VECTOR ( 'NONE', #7831, 1000.000000000000000 ) ;
#7293 = EDGE_CURVE ( 'NONE', #1154, #4563, #5929, .T. ) ;
#7294 = CARTESIAN_POINT ( 'NONE',  ( 133.9197131263889560, -121.7211188436392035, 62.40784982047208018 ) ) ;
#7295 = FACE_OUTER_BOUND ( 'NONE', #11251, .T. ) ;
#7296 = LINE ( 'NONE', #848, #3602 ) ;
#7297 = VECTOR ( 'NONE', #2435, 1000.000000000000114 ) ;
#7298 = CARTESIAN_POINT ( 'NONE',  ( 163.1087258513475149, -120.4297680637882024, 62.66078637172639532 ) ) ;
#7299 = LINE ( 'NONE', #3484, #3583 ) ;
#7300 = ORIENTED_EDGE ( 'NONE', *, *, #3125, .F. ) ;
#7301 = VECTOR ( 'NONE', #1422, 1000.000000000000000 ) ;
#7302 = CARTESIAN_POINT ( 'NONE',  ( 162.2786491929783494, -139.2001580550409869, 66.99999991151618417 ) ) ;
#7303 = DIRECTION ( 'NONE',  ( -0.9334193986512242525, 0.000000000000000000, 0.3587871600567484331 ) ) ;
#7304 = DIRECTION ( 'NONE',  ( 2.708929954949970077E-15, -0.7071067811865431318, -0.7071067811865520136 ) ) ;
#7305 = ORIENTED_EDGE ( 'NONE', *, *, #492, .F. ) ;
#7306 = PLANE ( 'NONE',  #3864 ) ;
#7307 = LINE ( 'NONE', #11960, #4972 ) ;
#7308 = ORIENTED_EDGE ( 'NONE', *, *, #870, .F. ) ;
#7309 = CARTESIAN_POINT ( 'NONE',  ( 122.2171131963784063, -140.4297640215114029, 62.75000000000000000 ) ) ;
#7310 = VERTEX_POINT ( 'NONE', #7573 ) ;
#7311 = CONICAL_SURFACE ( 'NONE', #2274, 1.650000000000012568, 0.7853981633974476129 ) ;
#7312 = ADVANCED_FACE ( 'NONE', ( #8663 ), #333, .T. ) ;
#7313 = EDGE_LOOP ( 'NONE', ( #1030, #9565, #8536, #3134 ) ) ;
#7314 = CARTESIAN_POINT ( 'NONE',  ( 132.9671133453900040, -136.4297640746490288, 80.66992577182830360 ) ) ;
#7315 = LINE ( 'NONE', #691, #46 ) ;
#7316 = ORIENTED_EDGE ( 'NONE', *, *, #7158, .F. ) ;
#7317 = DIRECTION ( 'NONE',  ( 9.037533742196988780E-17, -1.000000000000000000, 2.351201561838890030E-16 ) ) ;
#7318 = DIRECTION ( 'NONE',  ( 0.000000000000000000, -1.000000000000000000, -6.573933234426810631E-15 ) ) ;
#7319 = LINE ( 'NONE', #3620, #1777 ) ;
#7320 = VECTOR ( 'NONE', #1381, 1000.000000000000000 ) ;
#7321 = DIRECTION ( 'NONE',  ( -8.933825901280388903E-17, -1.000000000000000000, 8.933825901280388903E-17 ) ) ;
#7322 = CARTESIAN_POINT ( 'NONE',  ( 165.5236018428180103, -114.6297640215111926, 59.71382556213799830 ) ) ;
#7323 = PLANE ( 'NONE',  #9078 ) ;
#7324 = ORIENTED_EDGE ( 'NONE', *, *, #6794, .T. ) ;
#7325 = DIRECTION ( 'NONE',  ( -2.334670139474400226E-15, 2.327875578288740190E-16, 1.000000000000000000 ) ) ;
#7326 = ORIENTED_EDGE ( 'NONE', *, *, #5666, .F. ) ;
#7327 = ADVANCED_FACE ( 'NONE', ( #11380 ), #6786, .T. ) ;
#7328 = VERTEX_POINT ( 'NONE', #9629 ) ;
#7329 = VECTOR ( 'NONE', #6576, 1000.000000000000000 ) ;
#7330 = ORIENTED_EDGE ( 'NONE', *, *, #10907, .F. ) ;
#7331 = CARTESIAN_POINT ( 'NONE',  ( 163.2171133453900040, -136.4297640746490288, 71.99999985651460577 ) ) ;
#7332 = PLANE ( 'NONE',  #7243 ) ;
#7333 = CARTESIAN_POINT ( 'NONE',  ( 163.2171133453900040, -138.8513368844170088, 78.30716287345629212 ) ) ;
#7334 = ADVANCED_FACE ( 'NONE', ( #5742 ), #8641, .T. ) ;
#7335 = ORIENTED_EDGE ( 'NONE', *, *, #11894, .T. ) ;
#7336 = EDGE_CURVE ( 'NONE', #9176, #8286, #1497, .T. ) ;
#7337 = EDGE_LOOP ( 'NONE', ( #5333, #10116, #11559, #3135, #6757 ) ) ;
#7338 = LINE ( 'NONE', #10906, #6492 ) ;
#7339 = ORIENTED_EDGE ( 'NONE', *, *, #8319, .F. ) ;
#7340 = LINE ( 'NONE', #1818, #6322 ) ;
#7341 = AXIS2_PLACEMENT_3D ( 'NONE', #334, #4050, #3148 ) ;
#7342 = LINE ( 'NONE', #10180, #2104 ) ;
#7343 = VECTOR ( 'NONE', #4381, 1000.000000000000114 ) ;
#7344 = ORIENTED_EDGE ( 'NONE', *, *, #8800, .F. ) ;
#7345 = AXIS2_PLACEMENT_3D ( 'NONE', #5420, #9118, #803 ) ;
#7346 = CARTESIAN_POINT ( 'NONE',  ( 139.0808597668969924, -140.4297640215119998, 111.3679489095640065 ) ) ;
#7347 = EDGE_CURVE ( 'NONE', #5645, #1505, #5374, .T. ) ;
#7348 = ORIENTED_EDGE ( 'NONE', *, *, #8376, .T. ) ;
#7349 = DIRECTION ( 'NONE',  ( -1.000000000000000000, 0.000000000000000000, 0.000000000000000000 ) ) ;
#7350 = DIRECTION ( 'NONE',  ( -1.000000000000000000, 2.602085213965009729E-17, 8.810118433399840573E-15 ) ) ;
#7351 = CIRCLE ( 'NONE', #1530, 2.449999999999986855 ) ;
#7352 = AXIS2_PLACEMENT_3D ( 'NONE', #398, #10761, #2468 ) ;
#7353 = CARTESIAN_POINT ( 'NONE',  ( 134.7925574516523284, -120.8544425139299108, 61.49798528853905566 ) ) ;
#7354 = CARTESIAN_POINT ( 'NONE',  ( 161.7598597042770052, -140.4297640215119998, 93.86432591814070747 ) ) ;
#7355 = DIRECTION ( 'NONE',  ( 0.4397326120322763710, 0.1821432117215197322, -0.8794652240646251284 ) ) ;
#7356 = AXIS2_PLACEMENT_3D ( 'NONE', #7963, #7246, #10937 ) ;
#7357 = PLANE ( 'NONE',  #5389 ) ;
#7358 = ADVANCED_FACE ( 'NONE', ( #11623 ), #3993, .F. ) ;
#7359 = EDGE_CURVE ( 'NONE', #4047, #2196, #6673, .T. ) ;
#7360 = ORIENTED_EDGE ( 'NONE', *, *, #4650, .F. ) ;
#7361 = CARTESIAN_POINT ( 'NONE',  ( 132.2717917266852226, -114.4297640215114029, 57.29751360743310329 ) ) ;
#7362 = ORIENTED_EDGE ( 'NONE', *, *, #4711, .F. ) ;
#7363 = ORIENTED_EDGE ( 'NONE', *, *, #9836, .T. ) ;
#7364 = AXIS2_PLACEMENT_3D ( 'NONE', #4856, #652, #6981 ) ;
#7365 = CARTESIAN_POINT ( 'NONE',  ( 132.6472548163004319, -140.7217841845748296, 67.38933583636293179 ) ) ;
#7366 = DIRECTION ( 'NONE',  ( 0.000000000000000000, -1.000000000000000000, 1.526556658859589750E-16 ) ) ;
#7367 = ORIENTED_EDGE ( 'NONE', *, *, #5322, .T. ) ;
#7368 = CARTESIAN_POINT ( 'NONE',  ( 121.2171133453899898, -149.8297640215160129, 64.75000000000000000 ) ) ;
#7369 = FACE_OUTER_BOUND ( 'NONE', #6798, .T. ) ;
#7370 = CARTESIAN_POINT ( 'NONE',  ( 133.1125096257061955, -114.8297640215111954, 53.60858519209980244 ) ) ;
#7371 = ORIENTED_EDGE ( 'NONE', *, *, #7970, .F. ) ;
#7372 = DIRECTION ( 'NONE',  ( -0.8125199200687529544, -0.3365567705908004137, -0.4759631494779386629 ) ) ;
#7373 = ORIENTED_EDGE ( 'NONE', *, *, #1518, .T. ) ;
#7374 = AXIS2_PLACEMENT_3D ( 'NONE', #6257, #7232, #2446 ) ;
#7375 = DIRECTION ( 'NONE',  ( -0.9513277913954432119, 1.682122545878897094E-15, -0.3081808451521089176 ) ) ;
#7376 = ORIENTED_EDGE ( 'NONE', *, *, #8002, .T. ) ;
#7377 = CARTESIAN_POINT ( 'NONE',  ( 137.6691431475520062, -144.1177663871559957, 107.6777075694749897 ) ) ;
#7378 = CARTESIAN_POINT ( 'NONE',  ( 132.2171133453900040, -119.4297640746489861, 65.99999991151649681 ) ) ;
#7379 = CARTESIAN_POINT ( 'NONE',  ( 165.2171133453900040, -120.8462228485717986, 57.98985306244389903 ) ) ;
#7380 = FACE_BOUND ( 'NONE', #278, .T. ) ;
#7381 = CARTESIAN_POINT ( 'NONE',  ( 121.2171133453899898, -149.8297640215150182, 102.7500000000290044 ) ) ;
#7382 = PLANE ( 'NONE',  #2882 ) ;
#7383 = VERTEX_POINT ( 'NONE', #3206 ) ;
#7384 = DIRECTION ( 'NONE',  ( 4.347672017730144212E-17, 1.049620874995413908E-16, 1.000000000000000000 ) ) ;
#7385 = EDGE_CURVE ( 'NONE', #6046, #3327, #2358, .T. ) ;
#7386 = VERTEX_POINT ( 'NONE', #10710 ) ;
#7387 = ORIENTED_EDGE ( 'NONE', *, *, #6971, .T. ) ;
#7388 =( BOUNDED_CURVE ( )  B_SPLINE_CURVE ( 3, ( #1300, #8758, #5050, #3066 ),
 .UNSPECIFIED., .F., .T. ) 
 B_SPLINE_CURVE_WITH_KNOTS ( ( 4, 4 ),
 ( 5.645684026740410033, 6.276426431911310111 ),
 .UNSPECIFIED. ) 
 CURVE ( )  GEOMETRIC_REPRESENTATION_ITEM ( )  RATIONAL_B_SPLINE_CURVE ( ( 1.000000000000000000, 0.9671208724905319132, 0.9671208724905319132, 1.000000000000000000 ) ) 
 REPRESENTATION_ITEM ( '' )  );
#7389 = VERTEX_POINT ( 'NONE', #6111 ) ;
#7390 = CARTESIAN_POINT ( 'NONE',  ( 162.2642973523008436, -122.8499454717674553, 57.82437741245293950 ) ) ;
#7391 = CARTESIAN_POINT ( 'NONE',  ( 163.0571133453900075, -140.4797640480800283, 66.54898615365620174 ) ) ;
#7392 = DIRECTION ( 'NONE',  ( 0.7071067811865475727, 0.000000000000000000, 0.7071067811865475727 ) ) ;
#7393 = ORIENTED_EDGE ( 'NONE', *, *, #11343, .T. ) ;
#7394 = ORIENTED_EDGE ( 'NONE', *, *, #8986, .F. ) ;
#7395 = CARTESIAN_POINT ( 'NONE',  ( 170.1540699406704960, -154.4297640215109766, 63.68695659527989505 ) ) ;
#7396 = EDGE_CURVE ( 'NONE', #7059, #7877, #6905, .T. ) ;
#7397 = ORIENTED_EDGE ( 'NONE', *, *, #5040, .F. ) ;
#7398 = DIRECTION ( 'NONE',  ( 3.683226109728400325E-15, 1.000000000000000000, 3.233485681020080374E-15 ) ) ;
#7399 = DIRECTION ( 'NONE',  ( 1.000000000000000000, 9.644381700046549035E-17, -1.177071316573370074E-14 ) ) ;
#7400 = EDGE_CURVE ( 'NONE', #3322, #1687, #9802, .T. ) ;
#7401 = ORIENTED_EDGE ( 'NONE', *, *, #3068, .F. ) ;
#7402 = EDGE_CURVE ( 'NONE', #7490, #3165, #634, .T. ) ;
#7403 = CARTESIAN_POINT ( 'NONE',  ( 163.1742201265759888, -139.9726572934619639, 69.99999991151639733 ) ) ;
#7404 = CIRCLE ( 'NONE', #2946, 0.9999999999999964473 ) ;
#7405 = VERTEX_POINT ( 'NONE', #3445 ) ;
#7406 = PLANE ( 'NONE',  #626 ) ;
#7407 = CARTESIAN_POINT ( 'NONE',  ( 163.1624349640949845, -114.4297640215112040, 57.29751360743310329 ) ) ;
#7408 = CARTESIAN_POINT ( 'NONE',  ( 132.2171133453900040, -139.4397640202369928, 80.50005039844729993 ) ) ;
#7409 = DIRECTION ( 'NONE',  ( -8.125761577746330715E-13, -1.526556658829089922E-16, -1.000000000000000000 ) ) ;
#7410 = ADVANCED_FACE ( 'NONE', ( #3507 ), #1802, .T. ) ;
#7411 = CARTESIAN_POINT ( 'NONE',  ( 154.8171131927749968, -148.4297640746490003, 105.4997837512840135 ) ) ;
#7412 = DIRECTION ( 'NONE',  ( 2.444005099427409921E-28, 1.000000000000000000, 1.761091272811659927E-14 ) ) ;
#7413 = AXIS2_PLACEMENT_3D ( 'NONE', #388, #6897, #7917 ) ;
#7414 = ORIENTED_EDGE ( 'NONE', *, *, #9480, .F. ) ;
#7415 = CARTESIAN_POINT ( 'NONE',  ( 162.2171133453900040, -139.0155505122760076, 66.99999991151639733 ) ) ;
#7416 = ORIENTED_EDGE ( 'NONE', *, *, #5482, .T. ) ;
#7417 = DIRECTION ( 'NONE',  ( 0.000000000000000000, -1.000000000000000000, -6.217248937900871104E-15 ) ) ;
#7418 = EDGE_CURVE ( 'NONE', #11211, #10077, #4518, .T. ) ;
#7419 = EDGE_CURVE ( 'NONE', #4686, #7853, #4955, .T. ) ;
#7420 = DIRECTION ( 'NONE',  ( -1.000000000000000000, 3.597042547877590250E-16, 1.373411163994924147E-14 ) ) ;
#7421 = CARTESIAN_POINT ( 'NONE',  ( 132.9140514547540306, -154.4297641857220071, 112.6643260315770050 ) ) ;
#7422 = VECTOR ( 'NONE', #8672, 1000.000000000000000 ) ;
#7423 = CARTESIAN_POINT ( 'NONE',  ( 130.2171133453899756, -143.3164134470123940, 57.98985306244370719 ) ) ;
#7424 = ORIENTED_EDGE ( 'NONE', *, *, #6885, .T. ) ;
#7425 = CARTESIAN_POINT ( 'NONE',  ( 163.1409749705900083, -141.4613015884661991, 68.99999991151629786 ) ) ;
#7426 = ORIENTED_EDGE ( 'NONE', *, *, #862, .T. ) ;
#7427 = DIRECTION ( 'NONE',  ( -2.398718941306320379E-16, 1.000000000000000000, 6.941077028158640988E-15 ) ) ;
#7428 = ORIENTED_EDGE ( 'NONE', *, *, #10538, .T. ) ;
#7429 = CARTESIAN_POINT ( 'NONE',  ( 137.4159627262618528, -143.9646058557705715, 110.3643259181410485 ) ) ;
#7430 = LINE ( 'NONE', #252, #10643 ) ;
#7431 = ADVANCED_FACE ( 'NONE', ( #7203 ), #9037, .F. ) ;
#7432 = CARTESIAN_POINT ( 'NONE',  ( 162.0669467408600042, -154.4297640746490003, 83.34999974667989875 ) ) ;
#7433 = DIRECTION ( 'NONE',  ( 0.008142047127309334428, 6.938893903907228378E-15, -0.9999668529849260468 ) ) ;
#7434 = DIRECTION ( 'NONE',  ( -2.602085030010539554E-17, -1.000000000000000000, -3.135584947714430355E-25 ) ) ;
#7435 = CARTESIAN_POINT ( 'NONE',  ( 170.1540699406704960, -154.4297640215109766, 63.68695659527989505 ) ) ;
#7436 = CARTESIAN_POINT ( 'NONE',  ( 163.2171133453900040, -141.8439776370219931, 67.99999991151629786 ) ) ;
#7437 = ORIENTED_EDGE ( 'NONE', *, *, #8529, .F. ) ;
#7438 = LINE ( 'NONE', #11074, #718 ) ;
#7439 = CIRCLE ( 'NONE', #4142, 3.500000000000003109 ) ;
#7440 = VERTEX_POINT ( 'NONE', #10042 ) ;
#7441 = ORIENTED_EDGE ( 'NONE', *, *, #6694, .T. ) ;
#7442 = ORIENTED_EDGE ( 'NONE', *, *, #3122, .F. ) ;
#7443 = CARTESIAN_POINT ( 'NONE',  ( 160.3236515449580111, -120.6040123428311972, 60.27764156824849806 ) ) ;
#7444 = FACE_OUTER_BOUND ( 'NONE', #4301, .T. ) ;
#7445 = DIRECTION ( 'NONE',  ( 3.480590576041360211E-15, 1.000000000000000000, 0.000000000000000000 ) ) ;
#7446 = ORIENTED_EDGE ( 'NONE', *, *, #6589, .F. ) ;
#7447 = CARTESIAN_POINT ( 'NONE',  ( 132.2171133453899472, -152.6985251767136731, 98.58985179697671697 ) ) ;
#7448 = ORIENTED_EDGE ( 'NONE', *, *, #9262, .T. ) ;
#7449 = AXIS2_PLACEMENT_3D ( 'NONE', #9526, #2012, #10315 ) ;
#7450 = ADVANCED_FACE ( 'NONE', ( #9132 ), #9188, .T. ) ;
#7451 = CARTESIAN_POINT ( 'NONE',  ( 139.1023158382854490, -145.1869795143620365, 105.4457901009104290 ) ) ;
#7452 = CARTESIAN_POINT ( 'NONE',  ( 135.6669467343540134, -153.4297640746490003, 72.84999974667979927 ) ) ;
#7453 = CARTESIAN_POINT ( 'NONE',  ( 162.9240112760539887, -139.0155507851639811, 70.29309677783101051 ) ) ;
#7454 = DIRECTION ( 'NONE',  ( 0.000000000000000000, -1.000000000000000000, -6.573933234426810631E-15 ) ) ;
#7455 = ORIENTED_EDGE ( 'NONE', *, *, #11094, .T. ) ;
#7456 =( BOUNDED_CURVE ( )  B_SPLINE_CURVE ( 3, ( #4751, #940, #1916, #6638 ),
 .UNSPECIFIED., .F., .T. ) 
 B_SPLINE_CURVE_WITH_KNOTS ( ( 4, 4 ),
 ( 3.330669073048315436E-15, 1.126157883263462001 ),
 .UNSPECIFIED. ) 
 CURVE ( )  GEOMETRIC_REPRESENTATION_ITEM ( )  RATIONAL_B_SPLINE_CURVE ( ( 1.000000000000000000, 0.8970770709083970562, 0.8970770709083970562, 1.000000000000000000 ) ) 
 REPRESENTATION_ITEM ( '' )  );
#7457 = AXIS2_PLACEMENT_3D ( 'NONE', #4478, #775, #9089 ) ;
#7458 = CARTESIAN_POINT ( 'NONE',  ( 136.9171131927749911, -148.2297640746490117, 102.0997837512840078 ) ) ;
#7459 = AXIS2_PLACEMENT_3D ( 'NONE', #10860, #3469, #3807 ) ;
#7460 = ORIENTED_EDGE ( 'NONE', *, *, #9021, .T. ) ;
#7461 = EDGE_CURVE ( 'NONE', #986, #5915, #819, .T. ) ;
#7462 = CARTESIAN_POINT ( 'NONE',  ( 164.6435369090389997, -142.9147909025398064, 62.75000000000000000 ) ) ;
#7463 = DIRECTION ( 'NONE',  ( 0.7071067811884500509, -2.761463577148940189E-15, -0.7071067811846449835 ) ) ;
#7464 = EDGE_CURVE ( 'NONE', #1977, #3739, #8850, .T. ) ;
#7465 = CARTESIAN_POINT ( 'NONE',  ( 168.6298797530100160, -119.4297640215114171, 57.75000000000000000 ) ) ;
#7466 = CIRCLE ( 'NONE', #9009, 2.899999999999986144 ) ;
#7467 = CARTESIAN_POINT ( 'NONE',  ( 132.5893095848283849, -123.4297640215114029, 57.77774199401579835 ) ) ;
#7468 = LINE ( 'NONE', #2747, #4371 ) ;
#7469 = LINE ( 'NONE', #176, #3468 ) ;
#7470 = VECTOR ( 'NONE', #10308, 1000.000000000000114 ) ;
#7471 = EDGE_CURVE ( 'NONE', #7576, #6609, #9813, .T. ) ;
#7472 = VERTEX_POINT ( 'NONE', #4636 ) ;
#7473 = FACE_OUTER_BOUND ( 'NONE', #8975, .T. ) ;
#7474 = ADVANCED_FACE ( 'NONE', ( #11801 ), #11916, .T. ) ;
#7475 = VERTEX_POINT ( 'NONE', #1680 ) ;
#7476 = EDGE_CURVE ( 'NONE', #145, #3998, #17, .T. ) ;
#7477 = CARTESIAN_POINT ( 'NONE',  ( 162.4862393945917063, -139.8229288359542295, 67.07525815431802130 ) ) ;
#7478 = DIRECTION ( 'NONE',  ( 2.444005099427409921E-28, 1.000000000000000000, 1.761091272811659927E-14 ) ) ;
#7479 = VERTEX_POINT ( 'NONE', #4578 ) ;
#7480 = DIRECTION ( 'NONE',  ( 3.383690489212535059E-16, -1.000000000000000000, -6.502748166832380845E-15 ) ) ;
#7481 = CARTESIAN_POINT ( 'NONE',  ( 135.2053871776569736, -140.4297640215119998, 104.5909950527140069 ) ) ;
#7482 = LINE ( 'NONE', #8390, #10819 ) ;
#7483 = EDGE_LOOP ( 'NONE', ( #1448, #3072, #7601, #7393 ) ) ;
#7484 = CARTESIAN_POINT ( 'NONE',  ( 138.5979303133494795, -140.9127000381143375, 110.4671763391653059 ) ) ;
#7485 = ORIENTED_EDGE ( 'NONE', *, *, #10233, .T. ) ;
#7486 = EDGE_CURVE ( 'NONE', #2287, #3689, #5369, .T. ) ;
#7487 = CARTESIAN_POINT ( 'NONE',  ( 162.7100874497523648, -153.3076594482110124, 67.03002841093665154 ) ) ;
#7488 = AXIS2_PLACEMENT_3D ( 'NONE', #9902, #5289, #11170 ) ;
#7489 = FACE_OUTER_BOUND ( 'NONE', #9537, .T. ) ;
#7490 = VERTEX_POINT ( 'NONE', #11012 ) ;
#7491 = CARTESIAN_POINT ( 'NONE',  ( 160.2171133453899756, -138.9297640746490288, 68.99999991151629786 ) ) ;
#7492 = CARTESIAN_POINT ( 'NONE',  ( 134.2710900526533919, -140.4857166621322619, 111.0340912878389616 ) ) ;
#7493 = CARTESIAN_POINT ( 'NONE',  ( 168.6298797530100160, -114.9297640215113887, 57.75000000000003553 ) ) ;
#7494 = DIRECTION ( 'NONE',  ( 1.000000000000000000, 0.000000000000000000, 0.000000000000000000 ) ) ;
#7495 = LINE ( 'NONE', #2947, #11940 ) ;
#7496 = ORIENTED_EDGE ( 'NONE', *, *, #11862, .T. ) ;
#7497 = CIRCLE ( 'NONE', #3050, 1.849999999999990541 ) ;
#7498 = LINE ( 'NONE', #9076, #523 ) ;
#7499 = VERTEX_POINT ( 'NONE', #8165 ) ;
#7500 = EDGE_CURVE ( 'NONE', #7227, #43, #1742, .T. ) ;
#7501 = ORIENTED_EDGE ( 'NONE', *, *, #11282, .F. ) ;
#7502 = EDGE_CURVE ( 'NONE', #11192, #861, #11857, .T. ) ;
#7503 = ORIENTED_EDGE ( 'NONE', *, *, #4311, .T. ) ;
#7504 = LINE ( 'NONE', #2900, #8020 ) ;
#7505 = CARTESIAN_POINT ( 'NONE',  ( 132.5565354525720068, -153.4297640746491140, 66.83721180991184951 ) ) ;
#7506 = DIRECTION ( 'NONE',  ( -9.644381700046828834E-17, 1.000000000000000000, -2.327875578288750051E-16 ) ) ;
#7507 = VERTEX_POINT ( 'NONE', #7381 ) ;
#7508 = VECTOR ( 'NONE', #6473, 1000.000000000000000 ) ;
#7509 = CARTESIAN_POINT ( 'NONE',  ( 141.4671133453900040, -119.4297640746489861, 96.26432591814179318 ) ) ;
#7510 = EDGE_LOOP ( 'NONE', ( #10498, #3091, #10518, #2550 ) ) ;
#7511 = CARTESIAN_POINT ( 'NONE',  ( 123.1841818300372893, -149.0948118813255689, 54.34855271757444939 ) ) ;
#7512 = ORIENTED_EDGE ( 'NONE', *, *, #8871, .F. ) ;
#7513 = CARTESIAN_POINT ( 'NONE',  ( 132.2770231015919933, -141.4323595862450134, 68.99783281565611048 ) ) ;
#7514 = CARTESIAN_POINT ( 'NONE',  ( 160.2171133453904872, -138.4595744938966106, 57.98985306244370719 ) ) ;
#7515 = DIRECTION ( 'NONE',  ( 0.5735764363510459374, -0.8191520442889920206, -6.082239591783700570E-15 ) ) ;
#7516 = ORIENTED_EDGE ( 'NONE', *, *, #3985, .T. ) ;
#7517 = AXIS2_PLACEMENT_3D ( 'NONE', #11002, #3670, #7372 ) ;
#7518 = DIRECTION ( 'NONE',  ( 1.000000000000000000, -3.160768215787150073E-15, 0.000000000000000000 ) ) ;
#7519 = ORIENTED_EDGE ( 'NONE', *, *, #5295, .F. ) ;
#7520 = DIRECTION ( 'NONE',  ( -0.7071067811865789920, 0.7071067811865159314, 0.000000000000000000 ) ) ;
#7521 = CARTESIAN_POINT ( 'NONE',  ( 141.2106690963749998, -141.4297640215119998, 105.3643259181410059 ) ) ;
#7522 = AXIS2_PLACEMENT_3D ( 'NONE', #3344, #9762, #8858 ) ;
#7523 = DIRECTION ( 'NONE',  ( 0.000000000000000000, -7.116814260417668513E-15, 1.000000000000000000 ) ) ;
#7524 = DIRECTION ( 'NONE',  ( 1.000000000000000000, -3.480590576041360211E-15, 7.166576360129589833E-17 ) ) ;
#7525 = DIRECTION ( 'NONE',  ( 1.000000000000000000, -5.947210316807140508E-15, 7.166576360129279219E-17 ) ) ;
#7526 =( BOUNDED_CURVE ( )  B_SPLINE_CURVE ( 2, ( #7639, #5816, #9516 ),
 .UNSPECIFIED., .F., .T. ) 
 B_SPLINE_CURVE_WITH_KNOTS ( ( 3, 3 ),
 ( 3.895803133736260193, 3.969013333531310028 ),
 .UNSPECIFIED. ) 
 CURVE ( )  GEOMETRIC_REPRESENTATION_ITEM ( )  RATIONAL_B_SPLINE_CURVE ( ( 1.301111611164825987, 1.298632583217363967, 1.295954048034080097 ) ) 
 REPRESENTATION_ITEM ( '' )  );
#7527 = CARTESIAN_POINT ( 'NONE',  ( 133.0664558081500104, -142.0537471289035807, 53.47602185630480420 ) ) ;
#7528 = VECTOR ( 'NONE', #7134, 1000.000000000000000 ) ;
#7529 = VERTEX_POINT ( 'NONE', #11071 ) ;
#7530 = CYLINDRICAL_SURFACE ( 'NONE', #5279, 3.099999999999991651 ) ;
#7531 = DIRECTION ( 'NONE',  ( 1.666513209668965069E-24, -1.000000000000000000, -6.217248937900871104E-15 ) ) ;
#7532 = ORIENTED_EDGE ( 'NONE', *, *, #8880, .F. ) ;
#7533 = CARTESIAN_POINT ( 'NONE',  ( 139.0769737309300069, -140.4297640215119998, 112.4405461112039859 ) ) ;
#7534 = DIRECTION ( 'NONE',  ( -0.6679462968491048924, 0.7071067811865749952, -0.2320511679038241015 ) ) ;
#7535 = VECTOR ( 'NONE', #11618, 1000.000000000000000 ) ;
#7536 = PLANE ( 'NONE',  #5134 ) ;
#7537 = AXIS2_PLACEMENT_3D ( 'NONE', #4564, #978, #1841 ) ;
#7538 = EDGE_CURVE ( 'NONE', #1009, #5061, #9539, .T. ) ;
#7539 = LINE ( 'NONE', #6571, #7737 ) ;
#7540 = CARTESIAN_POINT ( 'NONE',  ( 135.2171133453900040, -138.4595744938966106, 57.98985306244370719 ) ) ;
#7541 = CARTESIAN_POINT ( 'NONE',  ( 120.2171133453899898, -153.4297640746490003, 103.7500000343879947 ) ) ;
#7542 = ORIENTED_EDGE ( 'NONE', *, *, #3996, .T. ) ;
#7543 = EDGE_CURVE ( 'NONE', #9136, #11552, #10388, .T. ) ;
#7544 = ORIENTED_EDGE ( 'NONE', *, *, #6162, .T. ) ;
#7545 = EDGE_CURVE ( 'NONE', #4655, #9754, #3736, .T. ) ;
#7546 = VECTOR ( 'NONE', #8279, 1000.000000000000000 ) ;
#7547 = CIRCLE ( 'NONE', #2334, 0.5899999999999873124 ) ;
#7548 = CARTESIAN_POINT ( 'NONE',  ( 173.2171134944019855, -140.4262129510826185, 62.75000000000000000 ) ) ;
#7549 = VERTEX_POINT ( 'NONE', #3130 ) ;
#7550 = LINE ( 'NONE', #2940, #8634 ) ;
#7551 = CARTESIAN_POINT ( 'NONE',  ( 132.4691912308220196, -139.0121118390970025, 66.81830451150800343 ) ) ;
#7552 = DIRECTION ( 'NONE',  ( 2.449293589365379794E-16, 0.000000000000000000, 1.000000000000000000 ) ) ;
#7553 = EDGE_CURVE ( 'NONE', #8249, #9416, #6703, .T. ) ;
#7554 = CARTESIAN_POINT ( 'NONE',  ( 165.2171133453904872, -134.8245525410657990, 58.25000000000000000 ) ) ;
#7555 = CARTESIAN_POINT ( 'NONE',  ( 138.5100065642029961, -134.7226572934619924, 67.29289313032990094 ) ) ;
#7556 = AXIS2_PLACEMENT_3D ( 'NONE', #8629, #2384, #11469 ) ;
#7557 = CARTESIAN_POINT ( 'NONE',  ( 138.3384323457489984, -144.2932744292889993, 110.3980652144450119 ) ) ;
#7558 = EDGE_LOOP ( 'NONE', ( #102, #1706, #4880, #7022 ) ) ;
#7559 = CARTESIAN_POINT ( 'NONE',  ( 162.4840887200663815, -139.8164833978215142, 69.92598404901501397 ) ) ;
#7560 = ORIENTED_EDGE ( 'NONE', *, *, #10207, .T. ) ;
#7561 = ORIENTED_EDGE ( 'NONE', *, *, #10652, .F. ) ;
#7562 = ORIENTED_EDGE ( 'NONE', *, *, #1795, .F. ) ;
#7563 = CYLINDRICAL_SURFACE ( 'NONE', #9566, 1.450000000000006839 ) ;
#7564 = CARTESIAN_POINT ( 'NONE',  ( 138.0769671678330042, -153.4297640215119714, 112.4405461112039859 ) ) ;
#7565 = CARTESIAN_POINT ( 'NONE',  ( 124.1161575500394036, -117.4297640215114029, 62.75000000000000000 ) ) ;
#7566 = EDGE_LOOP ( 'NONE', ( #2705, #886, #6800, #10642, #11128 ) ) ;
#7567 = CARTESIAN_POINT ( 'NONE',  ( 133.4132901639879947, -114.8297640215114086, 54.47436513418860216 ) ) ;
#7568 = ORIENTED_EDGE ( 'NONE', *, *, #5872, .F. ) ;
#7569 = CARTESIAN_POINT ( 'NONE',  ( 126.8043469377704042, -114.4297640215114029, 60.20000000000003126 ) ) ;
#7570 = ADVANCED_FACE ( 'NONE', ( #5849 ), #7671, .T. ) ;
#7571 = ORIENTED_EDGE ( 'NONE', *, *, #1688, .T. ) ;
#7572 = EDGE_CURVE ( 'NONE', #636, #4774, #3067, .T. ) ;
#7573 = CARTESIAN_POINT ( 'NONE',  ( 135.1115405363898958, -138.0155505122760360, 69.44721350701647111 ) ) ;
#7574 = LINE ( 'NONE', #1938, #7720 ) ;
#7575 = CARTESIAN_POINT ( 'NONE',  ( 147.7171131080249893, -149.8297644555290162, 101.7500000000299991 ) ) ;
#7576 = VERTEX_POINT ( 'NONE', #2036 ) ;
#7577 = CARTESIAN_POINT ( 'NONE',  ( 163.1087258513475149, -120.4297680637882024, 62.66078637172639532 ) ) ;
#7578 = VERTEX_POINT ( 'NONE', #6768 ) ;
#7579 = CARTESIAN_POINT ( 'NONE',  ( 135.2171131927750309, -148.0297640746490231, 103.7997837512839965 ) ) ;
#7580 = CARTESIAN_POINT ( 'NONE',  ( 132.3255008394324079, -148.4297640215247895, 62.66078637172618926 ) ) ;
#7581 = SPHERICAL_SURFACE ( 'NONE', #7069, 1.000000000000000000 ) ;
#7582 = LINE ( 'NONE', #2977, #971 ) ;
#7583 = EDGE_CURVE ( 'NONE', #10905, #4763, #2098, .T. ) ;
#7584 = DIRECTION ( 'NONE',  ( -0.008142047127310658022, 7.930164461608264384E-15, -0.9999668529849260468 ) ) ;
#7585 = PLANE ( 'NONE',  #11393 ) ;
#7586 = EDGE_LOOP ( 'NONE', ( #11761, #10758, #8500, #9506 ) ) ;
#7587 = CARTESIAN_POINT ( 'NONE',  ( 141.2106690963749998, -141.4297640215119998, 106.3643259181410059 ) ) ;
#7588 = DIRECTION ( 'NONE',  ( -3.683226109728400325E-15, -1.000000000000000000, 1.529071664247879809E-16 ) ) ;
#7589 = AXIS2_PLACEMENT_3D ( 'NONE', #2620, #2561, #845 ) ;
#7590 = ORIENTED_EDGE ( 'NONE', *, *, #6284, .T. ) ;
#7591 = DIRECTION ( 'NONE',  ( -3.683226109728400325E-15, -1.000000000000000000, 1.526556644979159836E-16 ) ) ;
#7592 = ADVANCED_FACE ( 'NONE', ( #1053, #5789, #3970, #6824 ), #9489, .F. ) ;
#7593 = CARTESIAN_POINT ( 'NONE',  ( 163.1469869765710143, -141.2594877015719703, 67.36560495250959946 ) ) ;
#7594 = CARTESIAN_POINT ( 'NONE',  ( 132.2171133453900040, -135.4297640746490288, 70.99999991151649681 ) ) ;
#7595 = DIRECTION ( 'NONE',  ( -1.000000000000000000, 2.602085213964869829E-17, -7.166576360129189239E-17 ) ) ;
#7596 = CARTESIAN_POINT ( 'NONE',  ( 159.6669467343539850, -153.4297640746490003, 71.34999974667979927 ) ) ;
#7597 = VECTOR ( 'NONE', #4160, 1000.000000000000000 ) ;
#7598 = ORIENTED_EDGE ( 'NONE', *, *, #774, .F. ) ;
#7599 = EDGE_CURVE ( 'NONE', #1314, #2853, #10516, .T. ) ;
#7600 = CARTESIAN_POINT ( 'NONE',  ( 160.6522228565835917, -120.8641238971907654, 61.51613289540799911 ) ) ;
#7601 = ORIENTED_EDGE ( 'NONE', *, *, #5912, .F. ) ;
#7602 = DIRECTION ( 'NONE',  ( -8.810118433399939970E-15, -1.526556658859619825E-16, -1.000000000000000000 ) ) ;
#7603 = CARTESIAN_POINT ( 'NONE',  ( 138.8710998229673237, -144.6337265313727301, 110.7406452390854525 ) ) ;
#7604 = AXIS2_PLACEMENT_3D ( 'NONE', #7014, #6103, #7682 ) ;
#7605 = EDGE_CURVE ( 'NONE', #3509, #5557, #1487, .T. ) ;
#7606 = FACE_OUTER_BOUND ( 'NONE', #621, .T. ) ;
#7607 = ADVANCED_FACE ( 'NONE', ( #2891 ), #255, .T. ) ;
#7608 = DIRECTION ( 'NONE',  ( 1.000000000000000000, -3.614156863702069910E-15, 2.231155674348849972E-14 ) ) ;
#7609 = LINE ( 'NONE', #5725, #3810 ) ;
#7610 = CARTESIAN_POINT ( 'NONE',  ( 163.2171133453904872, -114.6297640215111926, 62.24960223581919649 ) ) ;
#7611 = VERTEX_POINT ( 'NONE', #9549 ) ;
#7612 = CARTESIAN_POINT ( 'NONE',  ( 162.6347744803376258, -140.2689536460846114, 69.80736556784256663 ) ) ;
#7613 = VERTEX_POINT ( 'NONE', #6586 ) ;
#7614 = AXIS2_PLACEMENT_3D ( 'NONE', #1331, #3883, #11686 ) ;
#7615 = ORIENTED_EDGE ( 'NONE', *, *, #6961, .T. ) ;
#7616 = ORIENTED_EDGE ( 'NONE', *, *, #1106, .F. ) ;
#7617 = EDGE_CURVE ( 'NONE', #6389, #9701, #7495, .T. ) ;
#7618 = CARTESIAN_POINT ( 'NONE',  ( 133.4440831901437150, -122.5631852417645433, 57.92066840044858367 ) ) ;
#7619 = CARTESIAN_POINT ( 'NONE',  ( 123.5173385506730028, -152.7299892799319991, 108.8158574054239836 ) ) ;
#7620 = DIRECTION ( 'NONE',  ( -1.000000000000000000, 3.973480495251319981E-15, 7.823253522622061261E-15 ) ) ;
#7621 = ORIENTED_EDGE ( 'NONE', *, *, #297, .F. ) ;
#7622 = PLANE ( 'NONE',  #665 ) ;
#7623 = ORIENTED_EDGE ( 'NONE', *, *, #4066, .T. ) ;
#7624 = EDGE_CURVE ( 'NONE', #337, #4232, #6639, .T. ) ;
#7625 = CARTESIAN_POINT ( 'NONE',  ( 138.8933350577826502, -144.6422299044262161, 105.9879951180135009 ) ) ;
#7626 = ORIENTED_EDGE ( 'NONE', *, *, #3277, .F. ) ;
#7627 = CARTESIAN_POINT ( 'NONE',  ( 135.2171131927750309, -154.4297640746490003, 103.7997837512839965 ) ) ;
#7628 = CARTESIAN_POINT ( 'NONE',  ( 135.2171131927750309, -148.0297640746490231, 103.7997837512839965 ) ) ;
#7629 = ORIENTED_EDGE ( 'NONE', *, *, #6231, .T. ) ;
#7630 = CARTESIAN_POINT ( 'NONE',  ( 134.6488776595866170, -140.7226745282806064, 110.6572452183749959 ) ) ;
#7631 = ORIENTED_EDGE ( 'NONE', *, *, #8002, .F. ) ;
#7632 = DIRECTION ( 'NONE',  ( -2.602085213964869829E-17, -1.000000000000000000, 1.526556658859589750E-16 ) ) ;
#7633 = CIRCLE ( 'NONE', #11721, 0.9999999999999964473 ) ;
#7634 = EDGE_LOOP ( 'NONE', ( #4448, #7699, #11672 ) ) ;
#7635 = EDGE_CURVE ( 'NONE', #4948, #3121, #7609, .T. ) ;
#7636 = CONICAL_SURFACE ( 'NONE', #2418, 1.950000000000000400, 0.7853981633974573828 ) ;
#7637 = CARTESIAN_POINT ( 'NONE',  ( 132.3255008394325785, -120.4297680637884156, 62.66078637172639532 ) ) ;
#7638 = EDGE_CURVE ( 'NONE', #10485, #11179, #316, .T. ) ;
#7639 = CARTESIAN_POINT ( 'NONE',  ( 132.1194087798621979, -149.4297640215114029, 50.75000000000000000 ) ) ;
#7640 = DIRECTION ( 'NONE',  ( 0.000000000000000000, 0.000000000000000000, 1.000000000000000000 ) ) ;
#7641 = CARTESIAN_POINT ( 'NONE',  ( 132.2171133534549767, -119.4297640746489861, 81.50005035146759269 ) ) ;
#7642 = CARTESIAN_POINT ( 'NONE',  ( 163.2171133453900040, -148.9797640480799998, 65.95898615365621254 ) ) ;
#7643 = ORIENTED_EDGE ( 'NONE', *, *, #686, .T. ) ;
#7644 = CARTESIAN_POINT ( 'NONE',  ( 160.1768364872659731, -140.9297640215119998, 114.2144502228039897 ) ) ;
#7645 = AXIS2_PLACEMENT_3D ( 'NONE', #5893, #3174, #11284 ) ;
#7646 = AXIS2_PLACEMENT_3D ( 'NONE', #8517, #9415, #2999 ) ;
#7647 = SPHERICAL_SURFACE ( 'NONE', #540, 1.000000000000000000 ) ;
#7648 = ORIENTED_EDGE ( 'NONE', *, *, #6971, .F. ) ;
#7649 = EDGE_CURVE ( 'NONE', #8967, #7578, #1115, .T. ) ;
#7650 = EDGE_CURVE ( 'NONE', #3892, #11745, #4811, .T. ) ;
#7651 = CIRCLE ( 'NONE', #10553, 0.9999999999999964473 ) ;
#7652 = AXIS2_PLACEMENT_3D ( 'NONE', #6958, #5006, #11497 ) ;
#7653 = CARTESIAN_POINT ( 'NONE',  ( 132.2171133453900040, -153.4297640746490003, 98.58985179697670276 ) ) ;
#7654 = ORIENTED_EDGE ( 'NONE', *, *, #2275, .T. ) ;
#7655 = DIRECTION ( 'NONE',  ( -3.049932991346375033E-15, -1.000000000000000000, 3.049932991346555288E-15 ) ) ;
#7656 = CARTESIAN_POINT ( 'NONE',  ( 162.2292162226659968, -141.2242653582854075, 53.87484368887859887 ) ) ;
#7657 = LINE ( 'NONE', #11349, #6116 ) ;
#7658 = CARTESIAN_POINT ( 'NONE',  ( 164.2171132435119887, -154.4297640746490003, 62.74999974667980496 ) ) ;
#7659 = CARTESIAN_POINT ( 'NONE',  ( 161.2171133453899756, -127.9297640746490146, 67.99999991151629786 ) ) ;
#7660 = AXIS2_PLACEMENT_3D ( 'NONE', #8865, #11591, #3295 ) ;
#7661 =( LENGTH_UNIT ( ) NAMED_UNIT ( * ) SI_UNIT ( .MILLI., .METRE. ) );
#7662 = VECTOR ( 'NONE', #11358, 1000.000000000000000 ) ;
#7663 = VERTEX_POINT ( 'NONE', #7732 ) ;
#7664 = EDGE_CURVE ( 'NONE', #7386, #7910, #11426, .T. ) ;
#7665 = CARTESIAN_POINT ( 'NONE',  ( 161.6144652420206000, -121.8214708298347659, 62.46851381217159371 ) ) ;
#7666 = ORIENTED_EDGE ( 'NONE', *, *, #2937, .T. ) ;
#7667 = CIRCLE ( 'NONE', #2637, 1.000000000000003553 ) ;
#7668 = DIRECTION ( 'NONE',  ( -4.664896225277480661E-15, 1.000000000000000000, 0.000000000000000000 ) ) ;
#7669 = CARTESIAN_POINT ( 'NONE',  ( 158.5834021859320160, -140.4297640215119998, 104.5909950527140069 ) ) ;
#7670 = LINE ( 'NONE', #4090, #3487 ) ;
#7671 = CYLINDRICAL_SURFACE ( 'NONE', #10784, 3.900000000000000799 ) ;
#7672 = CARTESIAN_POINT ( 'NONE',  ( 160.5846578133563582, -138.6480060443097102, 69.44721350701627216 ) ) ;
#7673 = ORIENTED_EDGE ( 'NONE', *, *, #4390, .T. ) ;
#7674 = ADVANCED_FACE ( 'NONE', ( #8401 ), #10278, .F. ) ;
#7675 = CARTESIAN_POINT ( 'NONE',  ( 164.2171132435119887, -153.4297640746490003, 62.74999974667980496 ) ) ;
#7676 = VERTEX_POINT ( 'NONE', #3188 ) ;
#7677 = AXIS2_PLACEMENT_3D ( 'NONE', #4768, #10475, #1134 ) ;
#7678 = ORIENTED_EDGE ( 'NONE', *, *, #6587, .T. ) ;
#7679 = ORIENTED_EDGE ( 'NONE', *, *, #3481, .T. ) ;
#7680 = CARTESIAN_POINT ( 'NONE',  ( 134.1416763702555386, -121.8117113985254178, 58.29729714753808167 ) ) ;
#7681 = LINE ( 'NONE', #7564, #11088 ) ;
#7682 = DIRECTION ( 'NONE',  ( -0.8250786056466088425, 0.5650179594528369487, 0.000000000000000000 ) ) ;
#7683 = ORIENTED_EDGE ( 'NONE', *, *, #1377, .F. ) ;
#7684 = DIRECTION ( 'NONE',  ( -1.000000000000000000, -9.644381700046828834E-17, -7.166576360131229184E-17 ) ) ;
#7685 = EDGE_LOOP ( 'NONE', ( #10067, #7135, #4824, #11816 ) ) ;
#7686 = CARTESIAN_POINT ( 'NONE',  ( 139.0285545067251292, -144.8904172898896263, 105.7419810629407237 ) ) ;
#7687 = VECTOR ( 'NONE', #4691, 999.9999999999998863 ) ;
#7688 = VERTEX_POINT ( 'NONE', #7847 ) ;
#7689 = CARTESIAN_POINT ( 'NONE',  ( 132.2474879634529827, -120.4297680637884156, 51.11866876023850637 ) ) ;
#7690 = CARTESIAN_POINT ( 'NONE',  ( 132.3771133453899722, -144.9297640480799885, 66.54898615365620174 ) ) ;
#7691 = EDGE_CURVE ( 'NONE', #958, #1632, #8760, .T. ) ;
#7692 = CARTESIAN_POINT ( 'NONE',  ( 172.9876829198614985, -148.7574248392400023, 58.25000000000000000 ) ) ;
#7693 = ORIENTED_EDGE ( 'NONE', *, *, #8214, .T. ) ;
#7694 = CARTESIAN_POINT ( 'NONE',  ( 134.2171133453900040, -119.4297640746489861, 69.99999991151649681 ) ) ;
#7695 = ORIENTED_EDGE ( 'NONE', *, *, #10608, .F. ) ;
#7696 = EDGE_CURVE ( 'NONE', #11758, #11065, #11544, .T. ) ;
#7697 = EDGE_CURVE ( 'NONE', #3998, #8205, #9670, .T. ) ;
#7698 = AXIS2_PLACEMENT_3D ( 'NONE', #3236, #4016, #3118 ) ;
#7699 = ORIENTED_EDGE ( 'NONE', *, *, #11382, .T. ) ;
#7700 = CARTESIAN_POINT ( 'NONE',  ( 169.9786284033264963, -121.2490518569453997, 53.38549640900549775 ) ) ;
#7701 = CARTESIAN_POINT ( 'NONE',  ( 135.2171131927750309, -148.2297640746490117, 103.7997837512839965 ) ) ;
#7702 = DIRECTION ( 'NONE',  ( -0.7071067814549162334, 0.000000000000000000, 0.7071067809181789121 ) ) ;
#7703 = DIRECTION ( 'NONE',  ( 7.166578434177388987E-17, 5.631063851084959641E-09, -1.000000000000000000 ) ) ;
#7704 = CARTESIAN_POINT ( 'NONE',  ( 162.0209365267924966, -147.1833324234449947, 54.47436513418849557 ) ) ;
#7705 = ORIENTED_EDGE ( 'NONE', *, *, #5262, .T. ) ;
#7706 = DIRECTION ( 'NONE',  ( 1.666513209668965069E-24, -1.000000000000000000, -6.217248937900871104E-15 ) ) ;
#7707 = VECTOR ( 'NONE', #6771, 1000.000000000000000 ) ;
#7708 = EDGE_CURVE ( 'NONE', #10601, #10103, #756, .T. ) ;
#7709 = CARTESIAN_POINT ( 'NONE',  ( 172.5197347761535127, -148.4297640215245906, 55.97801179947970240 ) ) ;
#7710 = ORIENTED_EDGE ( 'NONE', *, *, #9869, .T. ) ;
#7711 = CIRCLE ( 'NONE', #338, 1.000000000000006439 ) ;
#7712 = CARTESIAN_POINT ( 'NONE',  ( 162.0209365267924966, -114.8297640215111954, 54.47436513418860216 ) ) ;
#7713 = ORIENTED_EDGE ( 'NONE', *, *, #3985, .F. ) ;
#7714 = PLANE ( 'NONE',  #8606 ) ;
#7715 = CARTESIAN_POINT ( 'NONE',  ( 134.6491605087919936, -140.7226841648190145, 106.0714113843501991 ) ) ;
#7716 = DIRECTION ( 'NONE',  ( 0.5951893636155756173, 8.416332170449763954E-15, -0.8035854786137478500 ) ) ;
#7717 = EDGE_CURVE ( 'NONE', #4698, #8170, #7905, .T. ) ;
#7718 = DIRECTION ( 'NONE',  ( -5.947210316807140508E-15, -1.000000000000000000, 1.526556658859589750E-16 ) ) ;
#7719 = ADVANCED_FACE ( 'NONE', ( #11484 ), #10693, .T. ) ;
#7720 = VECTOR ( 'NONE', #11264, 1000.000000000000000 ) ;
#7721 = DIRECTION ( 'NONE',  ( -1.000000000000000000, 0.000000000000000000, 1.387778780781444413E-14 ) ) ;
#7722 = CONICAL_SURFACE ( 'NONE', #8302, 2.700000000000008171, 0.7853981633974702614 ) ;
#7723 = VERTEX_POINT ( 'NONE', #8702 ) ;
#7724 = AXIS2_PLACEMENT_3D ( 'NONE', #7541, #4624, #10322 ) ;
#7725 = CARTESIAN_POINT ( 'NONE',  ( 160.4664188612905207, -120.6924568549281389, 61.11600069394230417 ) ) ;
#7726 = VECTOR ( 'NONE', #5973, 1000.000000000000000 ) ;
#7727 = ORIENTED_EDGE ( 'NONE', *, *, #353, .F. ) ;
#7728 = CIRCLE ( 'NONE', #2513, 0.9999999999999957812 ) ;
#7729 = CARTESIAN_POINT ( 'NONE',  ( 135.2171131927750309, -140.4297640215119998, 103.7997837512839965 ) ) ;
#7730 = DIRECTION ( 'NONE',  ( 1.000000000000000000, -3.480590576041360211E-15, 7.166576360129239776E-17 ) ) ;
#7731 = DIRECTION ( 'NONE',  ( -0.8125199200687275303, -0.3365567705908014129, 0.4759631494779816840 ) ) ;
#7732 = CARTESIAN_POINT ( 'NONE',  ( 132.2171133453900040, -148.3795071393270177, 61.45398638249999834 ) ) ;
#7733 = CARTESIAN_POINT ( 'NONE',  ( 139.0769737309300069, -140.4297640215119998, 112.4405461112039859 ) ) ;
#7734 = ORIENTED_EDGE ( 'NONE', *, *, #930, .T. ) ;
#7735 = LINE ( 'NONE', #7675, #7707 ) ;
#7736 = ORIENTED_EDGE ( 'NONE', *, *, #4928, .F. ) ;
#7737 = VECTOR ( 'NONE', #2872, 1000.000000000000000 ) ;
#7738 = ORIENTED_EDGE ( 'NONE', *, *, #6568, .T. ) ;
#7739 = ORIENTED_EDGE ( 'NONE', *, *, #3106, .T. ) ;
#7740 = CARTESIAN_POINT ( 'NONE',  ( 160.3126060631870189, -141.0252566916429942, 98.69164219418240691 ) ) ;
#7741 = CARTESIAN_POINT ( 'NONE',  ( 161.2171130401599726, -140.4297640215119998, 103.6640618979710098 ) ) ;
#7742 = DIRECTION ( 'NONE',  ( 0.5951893636155756173, 8.416332170449763954E-15, -0.8035854786137478500 ) ) ;
#7743 = EDGE_LOOP ( 'NONE', ( #8595, #2786, #4895, #10006 ) ) ;
#7744 = CARTESIAN_POINT ( 'NONE',  ( 161.3736018428179761, -120.9297640215111898, 60.27765112427590566 ) ) ;
#7745 = ORIENTED_EDGE ( 'NONE', *, *, #340, .T. ) ;
#7746 = VECTOR ( 'NONE', #8163, 1000.000000000000000 ) ;
#7747 = CARTESIAN_POINT ( 'NONE',  ( 133.5171131927750139, -148.4297640746490003, 102.0997837512840078 ) ) ;
#7748 = ORIENTED_EDGE ( 'NONE', *, *, #3762, .T. ) ;
#7749 = CARTESIAN_POINT ( 'NONE',  ( 132.2171133602460031, -141.6943747435429941, 68.99726660810848955 ) ) ;
#7750 = LINE ( 'NONE', #6842, #539 ) ;
#7751 = VERTEX_POINT ( 'NONE', #4331 ) ;
#7752 = LINE ( 'NONE', #8480, #11177 ) ;
#7753 = ORIENTED_EDGE ( 'NONE', *, *, #1768, .T. ) ;
#7754 = CARTESIAN_POINT ( 'NONE',  ( 132.9483522433253313, -134.6985251767137584, 69.99999991151659628 ) ) ;
#7755 = ORIENTED_EDGE ( 'NONE', *, *, #6782, .T. ) ;
#7756 = VECTOR ( 'NONE', #1210, 1000.000000000000000 ) ;
#7757 = ORIENTED_EDGE ( 'NONE', *, *, #285, .F. ) ;
#7758 = CARTESIAN_POINT ( 'NONE',  ( 163.1742201265759888, -139.9726572934619639, 68.99999991151629786 ) ) ;
#7759 = DIRECTION ( 'NONE',  ( 0.7071067811865475727, 0.000000000000000000, 0.7071067811865475727 ) ) ;
#7760 = CARTESIAN_POINT ( 'NONE',  ( 132.6072817688421992, -117.4297640215114029, 57.67765335951249739 ) ) ;
#7761 = EDGE_CURVE ( 'NONE', #2775, #2156, #7129, .T. ) ;
#7762 = DIRECTION ( 'NONE',  ( 1.000000000000000000, -3.480590576041360211E-15, 0.000000000000000000 ) ) ;
#7763 = CARTESIAN_POINT ( 'NONE',  ( 135.1768364872669963, -140.4297640215119998, 114.2143259181419950 ) ) ;
#7764 = VERTEX_POINT ( 'NONE', #1482 ) ;
#7765 = CARTESIAN_POINT ( 'NONE',  ( 160.3236018428179932, -114.4297640215112040, 60.27765112427590566 ) ) ;
#7766 = EDGE_CURVE ( 'NONE', #524, #11023, #9431, .T. ) ;
#7767 = EDGE_CURVE ( 'NONE', #8171, #6149, #4276, .T. ) ;
#7768 = ORIENTED_EDGE ( 'NONE', *, *, #11678, .T. ) ;
#7769 = DIRECTION ( 'NONE',  ( 1.656711940836400129E-15, 1.000000000000000000, -1.656711940836565001E-15 ) ) ;
#7770 = ORIENTED_EDGE ( 'NONE', *, *, #782, .F. ) ;
#7771 = PLANE ( 'NONE',  #4298 ) ;
#7772 = ADVANCED_FACE ( 'NONE', ( #3245 ), #560, .F. ) ;
#7773 = DIRECTION ( 'NONE',  ( 3.952306631074005269E-15, -1.000000000000000000, -6.049920343342720227E-15 ) ) ;
#7774 = ORIENTED_EDGE ( 'NONE', *, *, #8308, .T. ) ;
#7775 = CARTESIAN_POINT ( 'NONE',  ( 161.2171133453899756, -138.9297640746490288, 68.99999991151629786 ) ) ;
#7776 = CARTESIAN_POINT ( 'NONE',  ( 162.2171133453900040, -139.0155505122760076, 66.99999991151639733 ) ) ;
#7777 = LINE ( 'NONE', #6871, #1096 ) ;
#7778 = DIRECTION ( 'NONE',  ( -2.449293564549630096E-16, 6.573933234426810631E-15, -1.000000000000000000 ) ) ;
#7779 = VERTEX_POINT ( 'NONE', #2464 ) ;
#7780 = EDGE_CURVE ( 'NONE', #8645, #1671, #4091, .T. ) ;
#7781 = CARTESIAN_POINT ( 'NONE',  ( 162.9010615679829357, -123.1146786551666992, 62.78153614753309597 ) ) ;
#7782 = EDGE_CURVE ( 'NONE', #4009, #3978, #8938, .T. ) ;
#7783 = EDGE_LOOP ( 'NONE', ( #2839, #10293, #11368, #7654, #9939, #8851, #5190 ) ) ;
#7784 = FACE_OUTER_BOUND ( 'NONE', #8949, .T. ) ;
#7785 = CARTESIAN_POINT ( 'NONE',  ( 164.6736018428180159, -117.4297640215112040, 60.27765112427590566 ) ) ;
#7786 = LINE ( 'NONE', #11483, #6194 ) ;
#7787 = VECTOR ( 'NONE', #5259, 1000.000000000000000 ) ;
#7788 = CARTESIAN_POINT ( 'NONE',  ( 132.5100065642033940, -136.4297640746490288, 66.70710669270299320 ) ) ;
#7789 = CARTESIAN_POINT ( 'NONE',  ( 132.2171133453900040, -119.4297640746489861, 80.50005035146759269 ) ) ;
#7790 = ORIENTED_EDGE ( 'NONE', *, *, #8757, .F. ) ;
#7791 = CARTESIAN_POINT ( 'NONE',  ( 160.2171133453899756, -143.4297640215119714, 100.6909950527140012 ) ) ;
#7792 = ORIENTED_EDGE ( 'NONE', *, *, #3887, .T. ) ;
#7793 = ORIENTED_EDGE ( 'NONE', *, *, #561, .T. ) ;
#7794 = ORIENTED_EDGE ( 'NONE', *, *, #1086, .F. ) ;
#7795 = CARTESIAN_POINT ( 'NONE',  ( 132.8781410036404793, -123.1400131711418311, 57.77527929742462476 ) ) ;
#7796 = CARTESIAN_POINT ( 'NONE',  ( 135.1768364872669963, -140.9297640215120282, 112.2643259181420063 ) ) ;
#7797 = DIRECTION ( 'NONE',  ( 1.000000000000000000, 0.000000000000000000, 0.000000000000000000 ) ) ;
#7798 = EDGE_CURVE ( 'NONE', #4763, #10885, #906, .T. ) ;
#7799 = VERTEX_POINT ( 'NONE', #5233 ) ;
#7800 = CARTESIAN_POINT ( 'NONE',  ( 132.2171133453900040, -142.4297640746490003, 71.99999989137999989 ) ) ;
#7801 = ORIENTED_EDGE ( 'NONE', *, *, #7280, .T. ) ;
#7802 = EDGE_LOOP ( 'NONE', ( #9964, #1813, #597, #7836 ) ) ;
#7803 = DIRECTION ( 'NONE',  ( 5.075305257095799993E-15, -1.000000000000000000, -6.661338147750940820E-15 ) ) ;
#7804 = CARTESIAN_POINT ( 'NONE',  ( 138.2382284131130064, -144.2661088508049829, 110.3754664662809972 ) ) ;
#7805 = DIRECTION ( 'NONE',  ( -0.7071067811865580088, 0.7071067811865370256, 6.161737786669620377E-15 ) ) ;
#7806 = VECTOR ( 'NONE', #7290, 1000.000000000000114 ) ;
#7807 = ORIENTED_EDGE ( 'NONE', *, *, #4976, .F. ) ;
#7808 = PLANE ( 'NONE',  #1137 ) ;
#7809 = EDGE_LOOP ( 'NONE', ( #3780, #2183, #6521, #11616, #9858, #9139, #6968, #1191, #6376, #8157, #11976, #2049, #4905, #2467 ) ) ;
#7810 = ORIENTED_EDGE ( 'NONE', *, *, #3032, .F. ) ;
#7811 = DIRECTION ( 'NONE',  ( -0.4999999999999754086, -0.5000000000000032196, 0.7071067811865627828 ) ) ;
#7812 = CARTESIAN_POINT ( 'NONE',  ( 174.2171132998449821, -140.4297640215119998, 100.7500000000290044 ) ) ;
#7813 = CARTESIAN_POINT ( 'NONE',  ( 162.4676893043399843, -153.4295558393690158, 66.51557073639509099 ) ) ;
#7814 = VERTEX_POINT ( 'NONE', #617 ) ;
#7815 = CIRCLE ( 'NONE', #5496, 1.000000000000000888 ) ;
#7816 = CARTESIAN_POINT ( 'NONE',  ( 134.2171133453900040, -119.4297640746489861, 68.99999991151649681 ) ) ;
#7817 = DIRECTION ( 'NONE',  ( -9.644381700046828834E-17, 1.000000000000000000, -2.327875578288750051E-16 ) ) ;
#7818 = ORIENTED_EDGE ( 'NONE', *, *, #7638, .F. ) ;
#7819 = CARTESIAN_POINT ( 'NONE',  ( 172.7171132998489895, -151.9297640746490003, 94.35358147955500385 ) ) ;
#7820 = ORIENTED_EDGE ( 'NONE', *, *, #4353, .F. ) ;
#7821 = DIRECTION ( 'NONE',  ( 0.000000000000000000, 6.573933234426810631E-15, -1.000000000000000000 ) ) ;
#7822 = EDGE_CURVE ( 'NONE', #5611, #10885, #112, .T. ) ;
#7823 = VECTOR ( 'NONE', #9810, 1000.000000000000000 ) ;
#7824 = VERTEX_POINT ( 'NONE', #1364 ) ;
#7825 = EDGE_CURVE ( 'NONE', #4072, #9816, #10577, .T. ) ;
#7826 = DIRECTION ( 'NONE',  ( 2.602085213964869829E-17, 1.000000000000000000, -1.526556658859589750E-16 ) ) ;
#7827 = CARTESIAN_POINT ( 'NONE',  ( 174.2350391999289911, -150.4118381109059897, 108.8158570098819951 ) ) ;
#7828 = AXIS2_PLACEMENT_3D ( 'NONE', #4617, #3774, #4674 ) ;
#7829 = CARTESIAN_POINT ( 'NONE',  ( 163.0978766674359974, -152.9723504732990307, 67.03422700578749982 ) ) ;
#7830 = AXIS2_PLACEMENT_3D ( 'NONE', #2340, #6027, #11777 ) ;
#7831 = DIRECTION ( 'NONE',  ( 5.075305257095799993E-15, -1.000000000000000000, -6.661338147750940820E-15 ) ) ;
#7832 = FACE_OUTER_BOUND ( 'NONE', #6652, .T. ) ;
#7833 = FACE_OUTER_BOUND ( 'NONE', #6710, .T. ) ;
#7834 = CARTESIAN_POINT ( 'NONE',  ( 174.8171133453904815, -114.4297640215112040, 62.75000000000000000 ) ) ;
#7835 = EDGE_CURVE ( 'NONE', #9109, #918, #8842, .T. ) ;
#7836 = ORIENTED_EDGE ( 'NONE', *, *, #6678, .F. ) ;
#7837 = ADVANCED_FACE ( 'NONE', ( #7369 ), #10938, .F. ) ;
#7838 = EDGE_CURVE ( 'NONE', #9555, #3726, #8152, .T. ) ;
#7839 = FACE_OUTER_BOUND ( 'NONE', #9434, .T. ) ;
#7840 = DIRECTION ( 'NONE',  ( 0.000000000000000000, 0.000000000000000000, 1.000000000000000000 ) ) ;
#7841 = ORIENTED_EDGE ( 'NONE', *, *, #7461, .T. ) ;
#7842 = DIRECTION ( 'NONE',  ( -0.8125199200687529544, -0.3365567705908004137, -0.4759631494779386629 ) ) ;
#7843 = LINE ( 'NONE', #2217, #1935 ) ;
#7844 = VECTOR ( 'NONE', #11782, 1000.000000000000000 ) ;
#7845 = DIRECTION ( 'NONE',  ( 0.000000000000000000, 1.000000000000000000, -2.327875578288750051E-16 ) ) ;
#7846 = AXIS2_PLACEMENT_3D ( 'NONE', #5108, #1538, #6941 ) ;
#7847 = CARTESIAN_POINT ( 'NONE',  ( 132.2171133453900040, -143.9497640202370121, 80.50005035146709531 ) ) ;
#7848 = CARTESIAN_POINT ( 'NONE',  ( 133.1555774844073596, -139.2001580952240261, 69.99999991151646839 ) ) ;
#7849 = EDGE_LOOP ( 'NONE', ( #2290, #10869, #11131, #4704, #8184 ) ) ;
#7850 = DIRECTION ( 'NONE',  ( 1.000000000000000000, 0.000000000000000000, 0.000000000000000000 ) ) ;
#7851 = EDGE_CURVE ( 'NONE', #6641, #166, #310, .T. ) ;
#7852 = ORIENTED_EDGE ( 'NONE', *, *, #10841, .T. ) ;
#7853 = VERTEX_POINT ( 'NONE', #1785 ) ;
#7854 = VECTOR ( 'NONE', #7706, 1000.000000000000000 ) ;
#7855 = DIRECTION ( 'NONE',  ( 0.000000000000000000, 1.000000000000000000, -1.526556658859589750E-16 ) ) ;
#7856 = CARTESIAN_POINT ( 'NONE',  ( 160.2171133453899756, -140.8763835241099969, 93.86432591814070747 ) ) ;
#7857 = CARTESIAN_POINT ( 'NONE',  ( 163.2171133453900040, -119.4297640746489861, 99.26432591814179318 ) ) ;
#7858 = ORIENTED_EDGE ( 'NONE', *, *, #4855, .F. ) ;
#7859 = DIRECTION ( 'NONE',  ( -1.000000000000000000, 3.160768215787150073E-15, 8.821935677471621045E-15 ) ) ;
#7860 = CARTESIAN_POINT ( 'NONE',  ( 160.3126060631870189, -140.4297640215119998, 98.69164219418240691 ) ) ;
#7861 = ORIENTED_EDGE ( 'NONE', *, *, #6870, .F. ) ;
#7862 = CARTESIAN_POINT ( 'NONE',  ( 132.5108567147170220, -141.1360200526030155, 68.99847337170940875 ) ) ;
#7863 = LINE ( 'NONE', #3264, #3088 ) ;
#7864 = CIRCLE ( 'NONE', #8648, 24.75049366970480236 ) ;
#7865 = CARTESIAN_POINT ( 'NONE',  ( 121.2171133453899898, -149.8297640215160129, 62.75000000003060308 ) ) ;
#7866 = EDGE_CURVE ( 'NONE', #6623, #2471, #11843, .T. ) ;
#7867 = ADVANCED_FACE ( 'NONE', ( #2640 ), #8089, .T. ) ;
#7868 = EDGE_LOOP ( 'NONE', ( #5131, #2777, #4805, #4471, #4702 ) ) ;
#7869 = ORIENTED_EDGE ( 'NONE', *, *, #5313, .T. ) ;
#7870 = ORIENTED_EDGE ( 'NONE', *, *, #11645, .T. ) ;
#7871 = DIRECTION ( 'NONE',  ( 0.000000000000000000, 1.000000000000000000, 6.573933234426810631E-15 ) ) ;
#7872 = CARTESIAN_POINT ( 'NONE',  ( 130.1106248479624128, -117.4297640215114029, 60.27765112427590566 ) ) ;
#7873 = DIRECTION ( 'NONE',  ( -0.5951893636155779488, 8.416332170449763954E-15, -0.8035854786137459627 ) ) ;
#7874 = AXIS2_PLACEMENT_3D ( 'NONE', #1917, #8228, #10958 ) ;
#7875 = CARTESIAN_POINT ( 'NONE',  ( 132.2474879634529827, -142.6271945873118057, 51.11866876023830031 ) ) ;
#7876 = PLANE ( 'NONE',  #1587 ) ;
#7877 = VERTEX_POINT ( 'NONE', #6270 ) ;
#7878 = CARTESIAN_POINT ( 'NONE',  ( 162.9242201265764720, -153.1368708558354967, 75.35358135287509640 ) ) ;
#7879 = CARTESIAN_POINT ( 'NONE',  ( 162.3677708826299977, -138.4595744938966106, 53.47602185630480420 ) ) ;
#7880 = ADVANCED_FACE ( 'NONE', ( #5477 ), #6333, .T. ) ;
#7881 = ORIENTED_EDGE ( 'NONE', *, *, #2972, .F. ) ;
#7882 = LINE ( 'NONE', #6984, #11783 ) ;
#7883 = PRODUCT_DEFINITION_CONTEXT ( 'detailed design', #11636, 'design' ) ;
#7884 = ORIENTED_EDGE ( 'NONE', *, *, #1986, .F. ) ;
#7885 = DIRECTION ( 'NONE',  ( 0.000000000000000000, -1.000000000000000000, 1.526556658859589750E-16 ) ) ;
#7886 = AXIS2_PLACEMENT_3D ( 'NONE', #8108, #11807, #3510 ) ;
#7887 = CARTESIAN_POINT ( 'NONE',  ( 160.2171131927750025, -154.4297640746490003, 103.7997837512839965 ) ) ;
#7888 = CARTESIAN_POINT ( 'NONE',  ( 132.7171301269663957, -140.5155001675441895, 69.70699703576039497 ) ) ;
#7889 = LINE ( 'NONE', #1651, #10567 ) ;
#7890 = FACE_OUTER_BOUND ( 'NONE', #8131, .T. ) ;
#7891 = DIRECTION ( 'NONE',  ( -1.000000000000000000, 0.000000000000000000, 0.000000000000000000 ) ) ;
#7892 =( NAMED_UNIT ( * ) PLANE_ANGLE_UNIT ( ) SI_UNIT ( $, .RADIAN. ) );
#7893 = DIRECTION ( 'NONE',  ( 0.4397326120322763710, 0.1821432117215197322, -0.8794652240646251284 ) ) ;
#7894 = ORIENTED_EDGE ( 'NONE', *, *, #3481, .F. ) ;
#7895 = CIRCLE ( 'NONE', #1709, 1.950000000000007283 ) ;
#7896 = CARTESIAN_POINT ( 'NONE',  ( 160.3226861543900554, -138.0155505122759791, 67.55278631601636619 ) ) ;
#7897 = DIRECTION ( 'NONE',  ( -0.7071067811865709984, 0.000000000000000000, -0.7071067811865240360 ) ) ;
#7898 = VERTEX_POINT ( 'NONE', #5419 ) ;
#7899 = LINE ( 'NONE', #2342, #9208 ) ;
#7900 = CARTESIAN_POINT ( 'NONE',  ( 134.8866450717220005, -141.1010276121810136, 110.4199042041929886 ) ) ;
#7901 = EDGE_CURVE ( 'NONE', #9799, #1061, #7307, .T. ) ;
#7902 = VECTOR ( 'NONE', #3876, 1000.000000000000000 ) ;
#7903 = AXIS2_PLACEMENT_3D ( 'NONE', #852, #2628, #3593 ) ;
#7904 = CARTESIAN_POINT ( 'NONE',  ( 125.2171133453899898, -154.4297640746490003, 101.7500000000339924 ) ) ;
#7905 = LINE ( 'NONE', #8822, #4581 ) ;
#7906 = EDGE_CURVE ( 'NONE', #839, #2741, #4450, .T. ) ;
#7907 = EDGE_CURVE ( 'NONE', #11191, #250, #10877, .T. ) ;
#7908 = LINE ( 'NONE', #11606, #3467 ) ;
#7909 =( BOUNDED_CURVE ( )  B_SPLINE_CURVE ( 2, ( #8965, #4358, #7156 ),
 .UNSPECIFIED., .F., .T. ) 
 B_SPLINE_CURVE_WITH_KNOTS ( ( 3, 3 ),
 ( 3.769814651598129895, 3.895803133736254864 ),
 .UNSPECIFIED. ) 
 CURVE ( )  GEOMETRIC_REPRESENTATION_ITEM ( )  RATIONAL_B_SPLINE_CURVE ( ( 1.309053150733130000, 1.305377805891152043, 1.301111611164825987 ) ) 
 REPRESENTATION_ITEM ( '' )  );
#7910 = VERTEX_POINT ( 'NONE', #9962 ) ;
#7911 = AXIS2_PLACEMENT_3D ( 'NONE', #11234, #3839, #5538 ) ;
#7912 = FACE_OUTER_BOUND ( 'NONE', #9494, .T. ) ;
#7913 = ORIENTED_EDGE ( 'NONE', *, *, #10921, .F. ) ;
#7914 = CONICAL_SURFACE ( 'NONE', #10236, 11.79999999999999893, 0.7853981633974702614 ) ;
#7915 = VECTOR ( 'NONE', #6663, 1000.000000000000000 ) ;
#7916 = LINE ( 'NONE', #4283, #260 ) ;
#7917 = DIRECTION ( 'NONE',  ( 0.000000000000000000, -2.243214294872499799E-16, -1.000000000000000000 ) ) ;
#7918 = LINE ( 'NONE', #389, #11078 ) ;
#7919 = ORIENTED_EDGE ( 'NONE', *, *, #2006, .T. ) ;
#7920 = DIRECTION ( 'NONE',  ( -1.000000000000000000, 0.000000000000000000, 8.810118433399840573E-15 ) ) ;
#7921 = CARTESIAN_POINT ( 'NONE',  ( 132.2171133453900040, -119.4297640746489861, 71.99999984474889914 ) ) ;
#7922 = EDGE_CURVE ( 'NONE', #6893, #524, #1899, .T. ) ;
#7923 = ORIENTED_EDGE ( 'NONE', *, *, #4650, .T. ) ;
#7924 = CARTESIAN_POINT ( 'NONE',  ( 163.2171133453900040, -153.4297640746490003, 98.70216526821880620 ) ) ;
#7925 = CARTESIAN_POINT ( 'NONE',  ( 162.3677708826299977, -132.8294214697000086, 53.47602185630480420 ) ) ;
#7926 = VECTOR ( 'NONE', #4736, 1000.000000000000000 ) ;
#7927 = ORIENTED_EDGE ( 'NONE', *, *, #2291, .F. ) ;
#7928 = DIRECTION ( 'NONE',  ( -0.7071067811865475727, 0.000000000000000000, 0.7071067811865475727 ) ) ;
#7929 = ORIENTED_EDGE ( 'NONE', *, *, #4592, .T. ) ;
#7930 = EDGE_LOOP ( 'NONE', ( #1516, #8146, #625, #10430 ) ) ;
#7931 = VERTEX_POINT ( 'NONE', #6400 ) ;
#7932 = DIRECTION ( 'NONE',  ( 1.166032394594869733E-16, -1.000000000000000000, -5.981053954589910371E-15 ) ) ;
#7933 = DIRECTION ( 'NONE',  ( 2.449293581093249742E-16, -6.573933234426810631E-15, 1.000000000000000000 ) ) ;
#7934 = CARTESIAN_POINT ( 'NONE',  ( 163.2171133453900040, -136.4297640746490288, 80.50005036323319985 ) ) ;
#7935 = VECTOR ( 'NONE', #4499, 1000.000000000000114 ) ;
#7936 = CIRCLE ( 'NONE', #11584, 1.450000000000006839 ) ;
#7937 = EDGE_CURVE ( 'NONE', #7945, #1211, #4565, .T. ) ;
#7938 = EDGE_CURVE ( 'NONE', #10488, #11076, #3350, .T. ) ;
#7939 = LINE ( 'NONE', #10609, #6105 ) ;
#7940 = CARTESIAN_POINT ( 'NONE',  ( 120.2171133453899898, -126.4297640215114029, 64.75000000000000000 ) ) ;
#7941 = ORIENTED_EDGE ( 'NONE', *, *, #4008, .F. ) ;
#7942 = DIRECTION ( 'NONE',  ( -1.000000000000000000, 0.000000000000000000, 0.000000000000000000 ) ) ;
#7943 = PLANE ( 'NONE',  #9865 ) ;
#7944 = AXIS2_PLACEMENT_3D ( 'NONE', #3473, #9102, #2686 ) ;
#7945 = VERTEX_POINT ( 'NONE', #1842 ) ;
#7946 = CARTESIAN_POINT ( 'NONE',  ( 134.8867538261060020, -141.1008301204470001, 107.3643799017460054 ) ) ;
#7947 = VERTEX_POINT ( 'NONE', #7190 ) ;
#7948 = CARTESIAN_POINT ( 'NONE',  ( 132.7301978223943593, -140.4764396076640480, 67.27488967150006260 ) ) ;
#7949 = ADVANCED_FACE ( 'NONE', ( #924 ), #4623, .T. ) ;
#7950 = DIRECTION ( 'NONE',  ( 0.000000000000000000, -7.116814260417668513E-15, 1.000000000000000000 ) ) ;
#7951 = CARTESIAN_POINT ( 'NONE',  ( 163.2653855499295616, -149.5724500696290704, 50.89228828393679294 ) ) ;
#7952 = CARTESIAN_POINT ( 'NONE',  ( 160.9621133453899802, -141.6847640177189760, 81.48827271726611343 ) ) ;
#7953 = DIRECTION ( 'NONE',  ( -4.692345787041510278E-15, -1.000000000000000000, -6.998008323019100649E-15 ) ) ;
#7954 = LINE ( 'NONE', #9715, #10400 ) ;
#7955 = DIRECTION ( 'NONE',  ( 0.000000000000000000, -1.526556658859589750E-16, -1.000000000000000000 ) ) ;
#7956 = VERTEX_POINT ( 'NONE', #6216 ) ;
#7957 = CARTESIAN_POINT ( 'NONE',  ( 134.2171133453900040, -138.0155505122760076, 67.99999991151649681 ) ) ;
#7958 = EDGE_CURVE ( 'NONE', #9674, #7077, #700, .T. ) ;
#7959 = VERTEX_POINT ( 'NONE', #4857 ) ;
#7960 = PLANE ( 'NONE',  #8432 ) ;
#7961 = FACE_OUTER_BOUND ( 'NONE', #177, .T. ) ;
#7962 = CARTESIAN_POINT ( 'NONE',  ( 164.2171132447051605, -154.4297640215109766, 62.75000000000000000 ) ) ;
#7963 = CARTESIAN_POINT ( 'NONE',  ( 147.7171131927750025, -148.4297640746490003, 103.7997837512839965 ) ) ;
#7964 = DIRECTION ( 'NONE',  ( 1.000000000000000000, 0.000000000000000000, 0.000000000000000000 ) ) ;
#7965 = CARTESIAN_POINT ( 'NONE',  ( 132.9479872387519208, -139.8229290080471401, 69.92474163513269048 ) ) ;
#7966 = ORIENTED_EDGE ( 'NONE', *, *, #3550, .T. ) ;
#7967 = DIRECTION ( 'NONE',  ( 7.166576360129239776E-17, -1.074295325692399920E-17, -1.000000000000000000 ) ) ;
#7968 = AXIS2_PLACEMENT_3D ( 'NONE', #7580, #8552, #2188 ) ;
#7969 = ORIENTED_EDGE ( 'NONE', *, *, #3940, .F. ) ;
#7970 = EDGE_CURVE ( 'NONE', #10858, #6679, #1165, .T. ) ;
#7971 = VERTEX_POINT ( 'NONE', #2086 ) ;
#7972 = DIRECTION ( 'NONE',  ( -4.836409044766210230E-15, -1.000000000000000000, -6.573933234426810631E-15 ) ) ;
#7973 = LINE ( 'NONE', #1311, #4881 ) ;
#7974 = CARTESIAN_POINT ( 'NONE',  ( 133.2171133453900040, -136.4297640746490288, 66.99999991151649681 ) ) ;
#7975 = EDGE_CURVE ( 'NONE', #6331, #2171, #6572, .T. ) ;
#7976 = VERTEX_POINT ( 'NONE', #2020 ) ;
#7977 = EDGE_CURVE ( 'NONE', #2670, #641, #6729, .T. ) ;
#7978 = LINE ( 'NONE', #8834, #10755 ) ;
#7979 = VERTEX_POINT ( 'NONE', #126 ) ;
#7980 = VECTOR ( 'NONE', #6122, 1000.000000000000000 ) ;
#7981 =( BOUNDED_CURVE ( )  B_SPLINE_CURVE ( 3, ( #10955, #8853, #6978, #2771 ),
 .UNSPECIFIED., .F., .T. ) 
 B_SPLINE_CURVE_WITH_KNOTS ( ( 4, 4 ),
 ( 5.645684026740410033, 6.276426431911310111 ),
 .UNSPECIFIED. ) 
 CURVE ( )  GEOMETRIC_REPRESENTATION_ITEM ( )  RATIONAL_B_SPLINE_CURVE ( ( 1.000000000000000000, 0.9671208724905319132, 0.9671208724905319132, 1.000000000000000000 ) ) 
 REPRESENTATION_ITEM ( '' )  );
#7982 = CARTESIAN_POINT ( 'NONE',  ( 138.9523999185749972, -144.6058147468069990, 105.3670215684580143 ) ) ;
#7983 = CARTESIAN_POINT ( 'NONE',  ( 138.0808703739280077, -144.2180896904359884, 110.3643259274530095 ) ) ;
#7984 = ORIENTED_EDGE ( 'NONE', *, *, #8626, .F. ) ;
#7985 = LINE ( 'NONE', #6052, #10990 ) ;
#7986 = ORIENTED_EDGE ( 'NONE', *, *, #8158, .T. ) ;
#7987 = ADVANCED_FACE ( 'NONE', ( #10265 ), #1959, .T. ) ;
#7988 = VECTOR ( 'NONE', #3981, 1000.000000000000000 ) ;
#7989 = ORIENTED_EDGE ( 'NONE', *, *, #10868, .F. ) ;
#7990 = ORIENTED_EDGE ( 'NONE', *, *, #6109, .F. ) ;
#7991 = CARTESIAN_POINT ( 'NONE',  ( 132.2141051759060133, -147.0622138173933990, 51.61840511973850454 ) ) ;
#7992 = DIRECTION ( 'NONE',  ( 2.602085213964869829E-17, 1.000000000000000000, -1.526556658859589750E-16 ) ) ;
#7993 = DIRECTION ( 'NONE',  ( -9.644381700046828834E-17, 1.000000000000000000, -2.327875578288750051E-16 ) ) ;
#7994 = ADVANCED_FACE ( 'NONE', ( #2992 ), #6753, .F. ) ;
#7995 = CARTESIAN_POINT ( 'NONE',  ( 163.3171131927749968, -148.2297640746490117, 103.7997837512839965 ) ) ;
#7996 = ORIENTED_EDGE ( 'NONE', *, *, #11410, .T. ) ;
#7997 = VECTOR ( 'NONE', #7933, 1000.000000000000000 ) ;
#7998 = DIRECTION ( 'NONE',  ( -4.832443957009299887E-15, -1.000000000000000000, -6.661338147750930565E-15 ) ) ;
#7999 = LINE ( 'NONE', #4184, #4816 ) ;
#8000 = ORIENTED_EDGE ( 'NONE', *, *, #630, .F. ) ;
#8001 = CARTESIAN_POINT ( 'NONE',  ( 132.6106248479624128, -120.9297640215114029, 60.27765112427590566 ) ) ;
#8002 = EDGE_CURVE ( 'NONE', #5851, #4763, #8464, .T. ) ;
#8003 = ADVANCED_FACE ( 'NONE', ( #1225 ), #4678, .T. ) ;
#8004 = EDGE_LOOP ( 'NONE', ( #9739, #10222, #1240, #4020 ) ) ;
#8005 = AXIS2_PLACEMENT_3D ( 'NONE', #1266, #7871, #10362 ) ;
#8006 = CARTESIAN_POINT ( 'NONE',  ( 132.2171133453900040, -139.4397640202369928, 80.50005035146709531 ) ) ;
#8007 = VERTEX_POINT ( 'NONE', #4737 ) ;
#8008 = CARTESIAN_POINT ( 'NONE',  ( 174.2519812903190086, -150.3948960841719042, 108.7730463488135655 ) ) ;
#8009 = LINE ( 'NONE', #11702, #6982 ) ;
#8010 = DIRECTION ( 'NONE',  ( 1.000000000000000000, -2.602085213964869829E-17, 7.166576360129189239E-17 ) ) ;
#8011 = CARTESIAN_POINT ( 'NONE',  ( 165.3236018428179932, -114.8297640215111954, 59.71382556213799830 ) ) ;
#8012 = DIRECTION ( 'NONE',  ( 0.000000000000000000, 7.425043536408391048E-15, -1.000000000000000000 ) ) ;
#8013 = DIRECTION ( 'NONE',  ( 0.000000000000000000, 0.000000000000000000, 1.000000000000000000 ) ) ;
#8014 = LINE ( 'NONE', #11595, #2884 ) ;
#8015 = EDGE_CURVE ( 'NONE', #9504, #3288, #8570, .T. ) ;
#8016 = EDGE_CURVE ( 'NONE', #1245, #7499, #1900, .T. ) ;
#8017 = ORIENTED_EDGE ( 'NONE', *, *, #3101, .F. ) ;
#8019 = ORIENTED_EDGE ( 'NONE', *, *, #10201, .T. ) ;
#8018 = VECTOR ( 'NONE', #2634, 1000.000000000000000 ) ;
#8020 = VECTOR ( 'NONE', #6596, 1000.000000000000000 ) ;
#8021 = DIRECTION ( 'NONE',  ( -6.331740687315499969E-17, 1.000000000000000000, -6.331740687315499969E-17 ) ) ;
#8022 = EDGE_LOOP ( 'NONE', ( #2959, #6252, #9121, #4125, #513, #6464, #1443, #2949, #6095, #8320, #4707 ) ) ;
#8023 = CARTESIAN_POINT ( 'NONE',  ( 155.4671133340039830, -140.4297640215119998, 99.26432591814179318 ) ) ;
#8024 = CARTESIAN_POINT ( 'NONE',  ( 132.2171133453900040, -138.8513368967660142, 80.50005035713219570 ) ) ;
#8025 = DIRECTION ( 'NONE',  ( 0.000000000000000000, -1.000000000000000000, -6.573933234426810631E-15 ) ) ;
#8026 = CARTESIAN_POINT ( 'NONE',  ( 163.2171133453900040, -139.6473732064530111, 71.00071504642980358 ) ) ;
#8027 = CARTESIAN_POINT ( 'NONE',  ( 134.2171133453900040, -138.0155505122760076, 67.99999991151649681 ) ) ;
#8028 = DIRECTION ( 'NONE',  ( -0.8191520442889919096, 0.5735764363510458264, 0.000000000000000000 ) ) ;
#8029 = VERTEX_POINT ( 'NONE', #243 ) ;
#8030 = VECTOR ( 'NONE', #3220, 1000.000000000000000 ) ;
#8031 = DIRECTION ( 'NONE',  ( 0.000000000000000000, 0.000000000000000000, 1.000000000000000000 ) ) ;
#8032 = AXIS2_PLACEMENT_3D ( 'NONE', #10931, #4614, #2632 ) ;
#8033 = EDGE_LOOP ( 'NONE', ( #11865, #3914, #10724, #7884, #8000, #7316, #703 ) ) ;
#8034 = PLANE ( 'NONE',  #9855 ) ;
#8035 = VERTEX_POINT ( 'NONE', #3838 ) ;
#8036 = CARTESIAN_POINT ( 'NONE',  ( 162.9242201265764720, -136.4297640746490288, 66.70710669270279425 ) ) ;
#8037 = CARTESIAN_POINT ( 'NONE',  ( 126.8043469377704042, -114.9297640215113887, 57.75000000000003553 ) ) ;
#8038 = DIRECTION ( 'NONE',  ( -7.768637884187460390E-16, -6.709576272139220715E-15, 1.000000000000000000 ) ) ;
#8039 = VERTEX_POINT ( 'NONE', #6627 ) ;
#8040 = VECTOR ( 'NONE', #423, 1000.000000000000000 ) ;
#8041 = DIRECTION ( 'NONE',  ( 2.897277325460589953E-15, 1.000000000000000000, 2.897277325460589953E-15 ) ) ;
#8042 = CARTESIAN_POINT ( 'NONE',  ( 162.4671133453900040, -153.4287711522630104, 66.54898615365620174 ) ) ;
#8043 = CIRCLE ( 'NONE', #11712, 11.59999999999999964 ) ;
#8044 = CARTESIAN_POINT ( 'NONE',  ( 160.2171133453899756, -119.4297640746489861, 66.99999991151629786 ) ) ;
#8045 = CARTESIAN_POINT ( 'NONE',  ( 168.6298797530100160, -127.2079386145634459, 55.79999999999995453 ) ) ;
#8046 = LINE ( 'NONE', #1619, #3565 ) ;
#8047 = CARTESIAN_POINT ( 'NONE',  ( 160.2171131927750025, -148.0297640746490231, 103.7997837512839965 ) ) ;
#8048 = ORIENTED_EDGE ( 'NONE', *, *, #5500, .T. ) ;
#8049 = DIRECTION ( 'NONE',  ( 0.008142047127308361248, 5.843279076974509312E-15, -0.9999668529849261578 ) ) ;
#8050 = ORIENTED_EDGE ( 'NONE', *, *, #950, .T. ) ;
#8051 = AXIS2_PLACEMENT_3D ( 'NONE', #7952, #10682, #10011 ) ;
#8052 = AXIS2_PLACEMENT_3D ( 'NONE', #5348, #435, #7842 ) ;
#8053 = ORIENTED_EDGE ( 'NONE', *, *, #1398, .F. ) ;
#8054 = VERTEX_POINT ( 'NONE', #10321 ) ;
#8055 = DIRECTION ( 'NONE',  ( 0.7071067811865474617, -0.7071067811865474617, 1.588459692868368614E-14 ) ) ;
#8056 = FACE_OUTER_BOUND ( 'NONE', #11330, .T. ) ;
#8057 = LINE ( 'NONE', #11813, #3342 ) ;
#8058 = ORIENTED_EDGE ( 'NONE', *, *, #1878, .F. ) ;
#8059 = CARTESIAN_POINT ( 'NONE',  ( 135.2171133453900040, -138.4595744938966106, 57.98985306244370719 ) ) ;
#8060 = VECTOR ( 'NONE', #9440, 1000.000000000000000 ) ;
#8061 = ADVANCED_FACE ( 'NONE', ( #2150 ), #3957, .F. ) ;
#8062 = ORIENTED_EDGE ( 'NONE', *, *, #5320, .F. ) ;
#8063 = DIRECTION ( 'NONE',  ( -0.9238795325112872936, 0.3826834323650886160, 0.000000000000000000 ) ) ;
#8064 = LINE ( 'NONE', #3284, #8902 ) ;
#8065 = EDGE_CURVE ( 'NONE', #4101, #2088, #4204, .T. ) ;
#8066 = ORIENTED_EDGE ( 'NONE', *, *, #10825, .T. ) ;
#8067 = ADVANCED_FACE ( 'NONE', ( #3898 ), #3056, .T. ) ;
#8068 = CARTESIAN_POINT ( 'NONE',  ( 133.9422856900339980, -140.4297640215119998, 109.3643259182910015 ) ) ;
#8069 = VECTOR ( 'NONE', #10998, 1000.000000000000000 ) ;
#8070 = EDGE_LOOP ( 'NONE', ( #1892, #1441, #5321, #10374 ) ) ;
#8071 = DIRECTION ( 'NONE',  ( -4.727417165305209819E-14, -4.052677489049489696E-14, 1.000000000000000000 ) ) ;
#8072 = CARTESIAN_POINT ( 'NONE',  ( 147.6669467408599985, -153.4297640746490003, 83.34999974667989875 ) ) ;
#8073 = DIRECTION ( 'NONE',  ( -9.644381700046828834E-17, 1.000000000000000000, -2.327875578288750051E-16 ) ) ;
#8074 = CARTESIAN_POINT ( 'NONE',  ( 174.2171132998449821, -140.4297640215119998, 104.9785814795570076 ) ) ;
#8075 = EDGE_CURVE ( 'NONE', #8697, #4170, #7067, .T. ) ;
#8076 = FACE_BOUND ( 'NONE', #6068, .T. ) ;
#8077 = CARTESIAN_POINT ( 'NONE',  ( 163.2171133453900040, -140.4297640215119998, 98.70216526821819514 ) ) ;
#8078 = CARTESIAN_POINT ( 'NONE',  ( 132.5057971757114785, -153.1334725532986738, 67.12701421695338411 ) ) ;
#8079 = ORIENTED_EDGE ( 'NONE', *, *, #108, .F. ) ;
#8080 = CARTESIAN_POINT ( 'NONE',  ( 120.6171133453899955, -114.4297640215114029, 62.75000000000000000 ) ) ;
#8081 = CARTESIAN_POINT ( 'NONE',  ( 174.8171133453904815, -114.4297640215112040, 51.25000000000000000 ) ) ;
#8082 = ORIENTED_EDGE ( 'NONE', *, *, #7121, .F. ) ;
#8083 = CARTESIAN_POINT ( 'NONE',  ( 162.2171133453900040, -153.4297640746490003, 75.35358135287509640 ) ) ;
#8084 = DIRECTION ( 'NONE',  ( 1.000000000000000000, 0.000000000000000000, -4.666241877321180938E-16 ) ) ;
#8085 = EDGE_CURVE ( 'NONE', #4467, #11475, #2817, .T. ) ;
#8086 = ADVANCED_FACE ( 'NONE', ( #1529 ), #5949, .F. ) ;
#8087 = LINE ( 'NONE', #5171, #8430 ) ;
#8088 = CARTESIAN_POINT ( 'NONE',  ( 163.2171133453900040, -141.6512988156069923, 69.89580533161981180 ) ) ;
#8089 = PLANE ( 'NONE',  #8661 ) ;
#8090 = FACE_OUTER_BOUND ( 'NONE', #6775, .T. ) ;
#8091 = ORIENTED_EDGE ( 'NONE', *, *, #2855, .F. ) ;
#8092 = AXIS2_PLACEMENT_3D ( 'NONE', #3311, #5115, #6891 ) ;
#8093 = SPHERICAL_SURFACE ( 'NONE', #7517, 1.000000000000000000 ) ;
#8094 = VERTEX_POINT ( 'NONE', #4081 ) ;
#8095 = ORIENTED_EDGE ( 'NONE', *, *, #4066, .F. ) ;
#8096 = DIRECTION ( 'NONE',  ( -4.422034925190670533E-15, -1.000000000000000000, -6.633052400461320667E-15 ) ) ;
#8097 = DIRECTION ( 'NONE',  ( 6.331740687315568994E-17, -1.000000000000000000, 6.331740687315779768E-17 ) ) ;
#8098 = ORIENTED_EDGE ( 'NONE', *, *, #447, .T. ) ;
#8099 = AXIS2_PLACEMENT_3D ( 'NONE', #4507, #8271, #6273 ) ;
#8100 = FACE_OUTER_BOUND ( 'NONE', #5487, .T. ) ;
#8101 = CARTESIAN_POINT ( 'NONE',  ( 162.0209365267924966, -114.8297640215111954, 54.47436513418860216 ) ) ;
#8102 = ADVANCED_FACE ( 'NONE', ( #1290 ), #11471, .T. ) ;
#8103 = DIRECTION ( 'NONE',  ( -2.306585705377189710E-17, 1.000000000000000000, 7.120231900453549156E-17 ) ) ;
#8104 = DIRECTION ( 'NONE',  ( -1.000000000000000000, 0.000000000000000000, 1.177071316573370074E-14 ) ) ;
#8105 = DIRECTION ( 'NONE',  ( -1.214306495755059738E-16, 1.000000000000000000, 6.573933234426810631E-15 ) ) ;
#8106 = DIRECTION ( 'NONE',  ( -1.000000000000000000, 2.602085213964869829E-17, 0.000000000000000000 ) ) ;
#8107 = VERTEX_POINT ( 'NONE', #486 ) ;
#8108 = CARTESIAN_POINT ( 'NONE',  ( 160.2171131927750025, -154.2297640746490117, 103.7997837512839965 ) ) ;
#8109 = ORIENTED_EDGE ( 'NONE', *, *, #7937, .T. ) ;
#8110 = AXIS2_PLACEMENT_3D ( 'NONE', #6154, #9846, #4451 ) ;
#8111 = VECTOR ( 'NONE', #6924, 1000.000000000000114 ) ;
#8112 = EDGE_LOOP ( 'NONE', ( #434, #4123, #8906 ) ) ;
#8113 = PRESENTATION_LAYER_ASSIGNMENT (  '', '', ( #1339 ) ) ;
#8114 = ORIENTED_EDGE ( 'NONE', *, *, #4354, .T. ) ;
#8115 = DIRECTION ( 'NONE',  ( 3.480590576041360211E-15, 1.000000000000000000, 0.000000000000000000 ) ) ;
#8116 = CARTESIAN_POINT ( 'NONE',  ( 161.2171133453899756, -138.0155505122760076, 68.99999991151629786 ) ) ;
#8117 = CARTESIAN_POINT ( 'NONE',  ( 132.2171133453900040, -138.8513369720210164, 93.86432591814070747 ) ) ;
#8118 = ORIENTED_EDGE ( 'NONE', *, *, #5854, .F. ) ;
#8119 = EDGE_LOOP ( 'NONE', ( #733, #6531, #10840, #536 ) ) ;
#8120 = EDGE_CURVE ( 'NONE', #6410, #429, #4983, .T. ) ;
#8121 = VECTOR ( 'NONE', #8306, 1000.000000000000000 ) ;
#8122 = DIRECTION ( 'NONE',  ( -0.7071067811865490160, -0.7071067811865460184, 1.665334536937740135E-15 ) ) ;
#8123 = ORIENTED_EDGE ( 'NONE', *, *, #2040, .F. ) ;
#8124 = CYLINDRICAL_SURFACE ( 'NONE', #898, 0.9999999999999852340 ) ;
#8125 = CARTESIAN_POINT ( 'NONE',  ( 168.6298797530100160, -114.9297640215113887, 59.70000000000003837 ) ) ;
#8126 = ORIENTED_EDGE ( 'NONE', *, *, #6438, .T. ) ;
#8127 = CARTESIAN_POINT ( 'NONE',  ( 133.9425134960249864, -140.4297640215119998, 105.3643259181410059 ) ) ;
#8128 = CIRCLE ( 'NONE', #1942, 1.000000000000000888 ) ;
#8129 = UNCERTAINTY_MEASURE_WITH_UNIT (LENGTH_MEASURE( 1.000000000000000082E-05 ), #6935, 'distance_accuracy_value', 'NONE');
#8130 = VECTOR ( 'NONE', #1035, 1000.000000000000227 ) ;
#8131 = EDGE_LOOP ( 'NONE', ( #4041, #6553, #7736, #11809, #2608 ) ) ;
#8132 = ADVANCED_FACE ( 'NONE', ( #10623 ), #4395, .F. ) ;
#8133 = DIRECTION ( 'NONE',  ( -4.440892105693240592E-15, 1.000000000000000000, 6.709576272139210460E-15 ) ) ;
#8134 = CARTESIAN_POINT ( 'NONE',  ( 133.0349179191536280, -139.5635383900005309, 67.03347580462803990 ) ) ;
#8135 = EDGE_CURVE ( 'NONE', #10387, #986, #11560, .T. ) ;
#8136 = EDGE_CURVE ( 'NONE', #4170, #3143, #7777, .T. ) ;
#8137 = CARTESIAN_POINT ( 'NONE',  ( 134.6079972660751309, -121.0333091782852222, 61.78372988111341613 ) ) ;
#8138 = DIRECTION ( 'NONE',  ( 0.000000000000000000, -1.000000000000000000, 1.526556658859589750E-16 ) ) ;
#8139 = CARTESIAN_POINT ( 'NONE',  ( 175.2171132998449821, -153.4297640746490003, 100.7500000000290044 ) ) ;
#8140 = VECTOR ( 'NONE', #6736, 1000.000000000000000 ) ;
#8141 = CARTESIAN_POINT ( 'NONE',  ( 132.2171133453900040, -139.0155505122760076, 70.99999991151649681 ) ) ;
#8142 = CYLINDRICAL_SURFACE ( 'NONE', #8691, 11.54238125198780729 ) ;
#8143 = EDGE_CURVE ( 'NONE', #693, #11988, #3355, .T. ) ;
#8144 = EDGE_LOOP ( 'NONE', ( #2809, #1569, #4034, #11810 ) ) ;
#8145 = CYLINDRICAL_SURFACE ( 'NONE', #2807, 2.500000000000002220 ) ;
#8146 = ORIENTED_EDGE ( 'NONE', *, *, #3644, .T. ) ;
#8147 = CARTESIAN_POINT ( 'NONE',  ( 162.2171133453900040, -139.0155505122760076, 66.99999991151639733 ) ) ;
#8148 = CARTESIAN_POINT ( 'NONE',  ( 132.2932516633033799, -141.4613015650051864, 68.99999991151649681 ) ) ;
#8149 = DIRECTION ( 'NONE',  ( -0.9238795325112872936, -0.3826834323650886160, 1.387778780781466186E-14 ) ) ;
#8150 = ORIENTED_EDGE ( 'NONE', *, *, #11160, .F. ) ;
#8151 = FACE_OUTER_BOUND ( 'NONE', #1909, .T. ) ;
#8152 = LINE ( 'NONE', #2579, #9226 ) ;
#8153 = PLANE ( 'NONE',  #2512 ) ;
#8154 = ORIENTED_EDGE ( 'NONE', *, *, #11174, .F. ) ;
#8155 = FACE_OUTER_BOUND ( 'NONE', #1015, .T. ) ;
#8156 = ADVANCED_FACE ( 'NONE', ( #10564 ), #9772, .F. ) ;
#8157 = ORIENTED_EDGE ( 'NONE', *, *, #2609, .T. ) ;
#8158 = EDGE_CURVE ( 'NONE', #958, #10036, #8867, .T. ) ;
#8159 = CARTESIAN_POINT ( 'NONE',  ( 163.1867387273269969, -141.8947298340548002, 51.11866876023830031 ) ) ;
#8160 = FACE_OUTER_BOUND ( 'NONE', #7634, .T. ) ;
#8161 = VERTEX_POINT ( 'NONE', #9656 ) ;
#8162 = CARTESIAN_POINT ( 'NONE',  ( 164.2171133453900040, -119.4297640746489861, 102.7500000000329976 ) ) ;
#8163 = DIRECTION ( 'NONE',  ( -5.947210316807140508E-15, -1.000000000000000000, 1.526556658858979862E-16 ) ) ;
#8164 = LINE ( 'NONE', #6287, #8313 ) ;
#8165 = CARTESIAN_POINT ( 'NONE',  ( 156.7171131927750025, -154.4297640746490003, 103.7997837512839965 ) ) ;
#8166 = CARTESIAN_POINT ( 'NONE',  ( 138.3385337754459954, -144.2932885930789837, 110.3643259181410059 ) ) ;
#8167 = DIRECTION ( 'NONE',  ( 2.178471594150924982E-16, -1.000000000000000000, -6.605167180779930722E-15 ) ) ;
#8168 = ORIENTED_EDGE ( 'NONE', *, *, #9244, .F. ) ;
#8169 = CARTESIAN_POINT ( 'NONE',  ( 128.2171133453899756, -148.4297640215245906, 58.25000000000000000 ) ) ;
#8170 = VERTEX_POINT ( 'NONE', #10501 ) ;
#8171 = VERTEX_POINT ( 'NONE', #6022 ) ;
#8172 = EDGE_CURVE ( 'NONE', #11191, #641, #7954, .T. ) ;
#8173 = ORIENTED_EDGE ( 'NONE', *, *, #7279, .T. ) ;
#8174 = VECTOR ( 'NONE', #2919, 1000.000000000000000 ) ;
#8175 = LINE ( 'NONE', #3515, #1243 ) ;
#8176 = CARTESIAN_POINT ( 'NONE',  ( 163.2171133453900040, -142.4297640746490003, 76.25002511280030149 ) ) ;
#8177 = CARTESIAN_POINT ( 'NONE',  ( 125.4555982874533981, -147.3829269371353803, 53.38549640900530591 ) ) ;
#8178 = ORIENTED_EDGE ( 'NONE', *, *, #7922, .T. ) ;
#8179 = ORIENTED_EDGE ( 'NONE', *, *, #984, .F. ) ;
#8180 = CARTESIAN_POINT ( 'NONE',  ( 134.4721133453899995, -141.6947639943159913, 90.66992583901509306 ) ) ;
#8181 = ORIENTED_EDGE ( 'NONE', *, *, #2127, .F. ) ;
#8182 = CARTESIAN_POINT ( 'NONE',  ( 132.9242201265763867, -127.4297640746490146, 81.20715713265418856 ) ) ;
#8183 = AXIS2_PLACEMENT_3D ( 'NONE', #10174, #7445, #446 ) ;
#8184 = ORIENTED_EDGE ( 'NONE', *, *, #11862, .F. ) ;
#8185 = DIRECTION ( 'NONE',  ( -0.7071067811865605623, 0.7071067811865345831, 9.547918011776444066E-15 ) ) ;
#8186 = ADVANCED_FACE ( 'NONE', ( #5221 ), #7052, .T. ) ;
#8187 = ORIENTED_EDGE ( 'NONE', *, *, #215, .T. ) ;
#8188 = DIRECTION ( 'NONE',  ( 1.035913176755856192E-14, 0.000000000000000000, -1.000000000000000000 ) ) ;
#8189 = DIRECTION ( 'NONE',  ( 2.602085213964869829E-17, 1.000000000000000000, -1.526556658859589750E-16 ) ) ;
#8190 = AXIS2_PLACEMENT_3D ( 'NONE', #3378, #10766, #1794 ) ;
#8191 = CARTESIAN_POINT ( 'NONE',  ( 135.0052176437901039, -120.6527139886323852, 61.11533716743912947 ) ) ;
#8192 = DIRECTION ( 'NONE',  ( -2.428612952914179680E-16, 1.000000000000000000, 6.573933234426810631E-15 ) ) ;
#8193 = CARTESIAN_POINT ( 'NONE',  ( 171.2171132998449821, -153.4297640746490003, 100.7500000000320028 ) ) ;
#8194 = EDGE_CURVE ( 'NONE', #10698, #821, #8689, .T. ) ;
#8195 = CARTESIAN_POINT ( 'NONE',  ( 174.2171133453909988, -126.4297640215112040, 64.75000000000000000 ) ) ;
#8196 = CARTESIAN_POINT ( 'NONE',  ( 154.6834021859320103, -143.4297640215119714, 99.69100161576849928 ) ) ;
#8197 = VECTOR ( 'NONE', #10423, 1000.000000000000000 ) ;
#8198 = ORIENTED_EDGE ( 'NONE', *, *, #9209, .F. ) ;
#8199 = CARTESIAN_POINT ( 'NONE',  ( 160.2171133453899756, -140.4297640215119998, 99.26432591814179318 ) ) ;
#8200 = ORIENTED_EDGE ( 'NONE', *, *, #3027, .F. ) ;
#8201 = DIRECTION ( 'NONE',  ( -4.120435842910679178E-17, 4.120435842910839415E-17, 1.000000000000000000 ) ) ;
#8202 = CARTESIAN_POINT ( 'NONE',  ( 171.4736666987809883, -148.4297640215243916, 58.25000000000000000 ) ) ;
#8203 = VECTOR ( 'NONE', #2596, 1000.000000000000000 ) ;
#8204 = CARTESIAN_POINT ( 'NONE',  ( 132.9671133453900040, -153.4287171616819876, 66.55091634279270352 ) ) ;
#8205 = VERTEX_POINT ( 'NONE', #10741 ) ;
#8206 = ADVANCED_FACE ( 'NONE', ( #7833 ), #7311, .F. ) ;
#8207 = CARTESIAN_POINT ( 'NONE',  ( 133.5171131927750139, -148.2297640746490117, 102.0997837512840078 ) ) ;
#8208 = DIRECTION ( 'NONE',  ( 0.000000000000000000, 1.000000000000000000, 6.573933234426810631E-15 ) ) ;
#8209 = DIRECTION ( 'NONE',  ( -1.537727518322160001E-15, 6.348315136366700600E-15, -1.000000000000000000 ) ) ;
#8210 = ORIENTED_EDGE ( 'NONE', *, *, #1092, .T. ) ;
#8211 = LINE ( 'NONE', #9295, #5764 ) ;
#8212 = ADVANCED_FACE ( 'NONE', ( #11414 ), #8928, .T. ) ;
#8213 = ORIENTED_EDGE ( 'NONE', *, *, #2910, .T. ) ;
#8214 = EDGE_CURVE ( 'NONE', #93, #6537, #6813, .T. ) ;
#8215 = AXIS2_PLACEMENT_3D ( 'NONE', #951, #6360, #10172 ) ;
#8216 = EDGE_LOOP ( 'NONE', ( #2091, #5175, #10965, #8235 ) ) ;
#8217 = CARTESIAN_POINT ( 'NONE',  ( 132.2171133453900040, -144.5297640215119941, 67.14091634279270693 ) ) ;
#8218 = DIRECTION ( 'NONE',  ( 0.000000000000000000, -1.000000000000000000, 1.526556658859589750E-16 ) ) ;
#8219 = ORIENTED_EDGE ( 'NONE', *, *, #7336, .F. ) ;
#8220 = CARTESIAN_POINT ( 'NONE',  ( 135.1559603682710531, -141.7576339184656149, 110.3643259181410201 ) ) ;
#8221 = CARTESIAN_POINT ( 'NONE',  ( 132.6106248479624128, -117.4297640215114029, 60.27765112427590566 ) ) ;
#8222 = CARTESIAN_POINT ( 'NONE',  ( 155.4707796389569978, -140.4297640215119998, 98.67410018344509126 ) ) ;
#8223 = ADVANCED_FACE ( 'NONE', ( #366 ), #10296, .F. ) ;
#8224 = VECTOR ( 'NONE', #9280, 1000.000000000000000 ) ;
#8225 = EDGE_CURVE ( 'NONE', #709, #2393, #3813, .T. ) ;
#8226 = LINE ( 'NONE', #3560, #8698 ) ;
#8227 = VECTOR ( 'NONE', #8873, 1000.000000000000000 ) ;
#8228 = DIRECTION ( 'NONE',  ( 3.952306631074005269E-15, -1.000000000000000000, -6.049920343342720227E-15 ) ) ;
#8229 = CARTESIAN_POINT ( 'NONE',  ( 120.2171133453899898, -154.4297640215114882, 62.24960223581889807 ) ) ;
#8230 = ORIENTED_EDGE ( 'NONE', *, *, #1577, .F. ) ;
#8231 = FACE_OUTER_BOUND ( 'NONE', #3432, .T. ) ;
#8232 = ORIENTED_EDGE ( 'NONE', *, *, #6062, .F. ) ;
#8233 = ORIENTED_EDGE ( 'NONE', *, *, #6137, .F. ) ;
#8234 = CIRCLE ( 'NONE', #4547, 4.250025253359296151 ) ;
#8235 = ORIENTED_EDGE ( 'NONE', *, *, #11631, .F. ) ;
#8236 = AXIS2_PLACEMENT_3D ( 'NONE', #449, #11558, #3259 ) ;
#8237 = CARTESIAN_POINT ( 'NONE',  ( 160.4049213358202906, -120.7463825104123458, 59.64380066262202007 ) ) ;
#8238 = CARTESIAN_POINT ( 'NONE',  ( 134.9242201265765857, -119.4297640746489861, 67.29289313032990094 ) ) ;
#8239 = PLANE ( 'NONE',  #7223 ) ;
#8240 = ORIENTED_EDGE ( 'NONE', *, *, #11057, .F. ) ;
#8241 = EDGE_LOOP ( 'NONE', ( #11438, #5499, #1996, #9202, #1424, #296 ) ) ;
#8242 = DIRECTION ( 'NONE',  ( 2.602085213964869829E-17, 1.000000000000000000, -1.526556658859589750E-16 ) ) ;
#8243 = EDGE_CURVE ( 'NONE', #8763, #10177, #1714, .T. ) ;
#8244 = VERTEX_POINT ( 'NONE', #10803 ) ;
#8245 = ADVANCED_FACE ( 'NONE', ( #2852 ), #10865, .F. ) ;
#8246 = CARTESIAN_POINT ( 'NONE',  ( 174.2171132998449821, -140.4297640215119998, 102.7500000000219842 ) ) ;
#8247 = LINE ( 'NONE', #4657, #4262 ) ;
#8248 = VECTOR ( 'NONE', #1478, 1000.000000000000000 ) ;
#8249 = VERTEX_POINT ( 'NONE', #6548 ) ;
#8250 = CARTESIAN_POINT ( 'NONE',  ( 161.9171131927750196, -148.0297640746490231, 102.0997837512840078 ) ) ;
#8251 = EDGE_LOOP ( 'NONE', ( #4281, #2346, #1608, #8711, #1201, #8765, #7643 ) ) ;
#8252 = CARTESIAN_POINT ( 'NONE',  ( 132.2171133453900040, -140.4297640215119998, 99.36759057673640427 ) ) ;
#8253 = CARTESIAN_POINT ( 'NONE',  ( 160.2171133453899756, -140.4297640215119998, 100.3343277690709954 ) ) ;
#8254 = VECTOR ( 'NONE', #3651, 1000.000000000000000 ) ;
#8255 = CARTESIAN_POINT ( 'NONE',  ( 134.2300535121842984, -121.4086382586693418, 62.19253096342183085 ) ) ;
#8256 = DIRECTION ( 'NONE',  ( 0.000000000000000000, -1.000000000000000000, -6.573933234426810631E-15 ) ) ;
#8257 = CARTESIAN_POINT ( 'NONE',  ( 134.7599354282168633, -140.8338110199651112, 106.1824524957109475 ) ) ;
#8258 = VECTOR ( 'NONE', #7998, 1000.000000000000000 ) ;
#8259 = CARTESIAN_POINT ( 'NONE',  ( 132.9915805301509977, -114.4297640215114029, 54.47937835699730158 ) ) ;
#8260 = B_SPLINE_CURVE_WITH_KNOTS ( 'NONE', 3,
 ( #9392, #9217, #1084, #8491 ),
 .UNSPECIFIED., .F., .F.,
 ( 4, 4 ),
 ( 0.000000000000000000, 1.000000000000000000 ),
 .UNSPECIFIED. ) ;
#8261 = LINE ( 'NONE', #7184, #1255 ) ;
#8262 = EDGE_LOOP ( 'NONE', ( #3141, #9075, #10716, #9956 ) ) ;
#8263 = VECTOR ( 'NONE', #3857, 1000.000000000000000 ) ;
#8264 = DIRECTION ( 'NONE',  ( -3.160768215787150073E-15, -1.000000000000000000, 1.526556658859959775E-16 ) ) ;
#8265 = LINE ( 'NONE', #11957, #5527 ) ;
#8266 = EDGE_LOOP ( 'NONE', ( #234, #9253, #10511, #1484 ) ) ;
#8267 = CARTESIAN_POINT ( 'NONE',  ( 137.7598281236740547, -144.1151450817504269, 106.3643259181410201 ) ) ;
#8268 = CARTESIAN_POINT ( 'NONE',  ( 160.1768364872659731, -140.9297640215119998, 112.2644502228039869 ) ) ;
#8269 = CARTESIAN_POINT ( 'NONE',  ( 132.7758416606403102, -140.3391932823986963, 69.79029300724872087 ) ) ;
#8270 = ORIENTED_EDGE ( 'NONE', *, *, #189, .T. ) ;
#8271 = DIRECTION ( 'NONE',  ( -1.214306495755059738E-16, 1.000000000000000000, 6.573933234426810631E-15 ) ) ;
#8272 = ORIENTED_EDGE ( 'NONE', *, *, #11400, .F. ) ;
#8273 = VECTOR ( 'NONE', #8420, 1000.000000000000000 ) ;
#8274 = ORIENTED_EDGE ( 'NONE', *, *, #10004, .F. ) ;
#8275 = EDGE_CURVE ( 'NONE', #10325, #7278, #605, .T. ) ;
#8276 = FACE_OUTER_BOUND ( 'NONE', #5207, .T. ) ;
#8277 = ORIENTED_EDGE ( 'NONE', *, *, #7617, .F. ) ;
#8278 = CARTESIAN_POINT ( 'NONE',  ( 135.1936597273389964, -141.9823607537929888, 107.6787123395070012 ) ) ;
#8279 = DIRECTION ( 'NONE',  ( 1.000000000000000000, 1.214306495755069846E-16, -2.449293572821430305E-16 ) ) ;
#8280 = CARTESIAN_POINT ( 'NONE',  ( 124.2171133453900040, -154.4297640746490003, 100.7500000000290044 ) ) ;
#8281 = EDGE_CURVE ( 'NONE', #330, #8054, #4378, .T. ) ;
#8282 = CIRCLE ( 'NONE', #7132, 1.000000000000015987 ) ;
#8283 = DIRECTION ( 'NONE',  ( 0.003622990809360209039, -0.0005821581597580258649, -0.9999932674920728459 ) ) ;
#8284 = CARTESIAN_POINT ( 'NONE',  ( 135.2171133453900040, -140.4297640215119998, 95.04570738794581075 ) ) ;
#8285 = DIRECTION ( 'NONE',  ( 7.166576360130759565E-17, 3.794803977225790103E-15, -1.000000000000000000 ) ) ;
#8286 = VERTEX_POINT ( 'NONE', #11206 ) ;
#8287 = CARTESIAN_POINT ( 'NONE',  ( 132.2171133453900040, -138.8513369720210164, 93.86432591814070747 ) ) ;
#8288 = VERTEX_POINT ( 'NONE', #7177 ) ;
#8289 = ORIENTED_EDGE ( 'NONE', *, *, #5842, .F. ) ;
#8290 = ORIENTED_EDGE ( 'NONE', *, *, #10276, .F. ) ;
#8291 = EDGE_CURVE ( 'NONE', #6127, #8763, #8407, .T. ) ;
#8292 = CARTESIAN_POINT ( 'NONE',  ( 174.2852309984259875, -150.3616463760650106, 108.6871770333523983 ) ) ;
#8293 = CARTESIAN_POINT ( 'NONE',  ( 147.6669467408599985, -154.0297640746490231, 83.34999974667989875 ) ) ;
#8294 = CARTESIAN_POINT ( 'NONE',  ( 134.2171133453900040, -127.9297640746490146, 68.99999991151649681 ) ) ;
#8295 = EDGE_LOOP ( 'NONE', ( #10704, #7568, #6858, #1758, #7300, #382, #8915, #2326 ) ) ;
#8296 = ORIENTED_EDGE ( 'NONE', *, *, #9753, .F. ) ;
#8297 = CARTESIAN_POINT ( 'NONE',  ( 135.2171131927750309, -154.0297640746490231, 103.7997837512839965 ) ) ;
#8298 = ORIENTED_EDGE ( 'NONE', *, *, #5567, .F. ) ;
#8299 = CARTESIAN_POINT ( 'NONE',  ( 173.2171134944015023, -120.6723095569548008, 59.97769105042259952 ) ) ;
#8300 = VECTOR ( 'NONE', #8479, 1000.000000000000000 ) ;
#8301 = DIRECTION ( 'NONE',  ( 8.810118433399840573E-15, -8.729128531115170237E-15, 1.000000000000000000 ) ) ;
#8302 = AXIS2_PLACEMENT_3D ( 'NONE', #8559, #51, #11341 ) ;
#8303 = ORIENTED_EDGE ( 'NONE', *, *, #3861, .F. ) ;
#8304 =( BOUNDED_CURVE ( )  B_SPLINE_CURVE ( 2, ( #541, #6864, #3411 ),
 .UNSPECIFIED., .F., .F. ) 
 B_SPLINE_CURVE_WITH_KNOTS ( ( 3, 3 ),
 ( 0.000000000000000000, 0.2442381172378330079 ),
 .UNSPECIFIED. ) 
 CURVE ( )  GEOMETRIC_REPRESENTATION_ITEM ( )  RATIONAL_B_SPLINE_CURVE ( ( 1.000000000000000000, 1.015612364819010072, 1.021439453501929995 ) ) 
 REPRESENTATION_ITEM ( '' )  );
#8305 = VECTOR ( 'NONE', #11060, 1000.000000000000000 ) ;
#8306 = DIRECTION ( 'NONE',  ( -2.602085213964869829E-17, -1.000000000000000000, 1.526556658859589750E-16 ) ) ;
#8307 = ORIENTED_EDGE ( 'NONE', *, *, #10796, .F. ) ;
#8308 = EDGE_CURVE ( 'NONE', #7254, #10592, #9107, .T. ) ;
#8309 = EDGE_CURVE ( 'NONE', #7479, #9373, #7497, .T. ) ;
#8310 = DIRECTION ( 'NONE',  ( 4.422034925190670533E-15, 1.000000000000000000, 6.633052400461320667E-15 ) ) ;
#8311 = CARTESIAN_POINT ( 'NONE',  ( 135.1768364872669963, -140.4297640215119998, 116.6643259181420262 ) ) ;
#8312 = VECTOR ( 'NONE', #2719, 1000.000000000000000 ) ;
#8313 = VECTOR ( 'NONE', #6170, 1000.000000000000000 ) ;
#8314 = DIRECTION ( 'NONE',  ( -6.331740684495599567E-17, 1.000000000000000000, -6.331740670771968823E-17 ) ) ;
#8315 = CARTESIAN_POINT ( 'NONE',  ( 169.9786284033270078, -138.1586012779320072, 53.38549640900540538 ) ) ;
#8316 = CARTESIAN_POINT ( 'NONE',  ( 162.5063956636805074, -153.4105948771461101, 66.76279457439827070 ) ) ;
#8317 = AXIS2_PLACEMENT_3D ( 'NONE', #9961, #2577, #2639 ) ;
#8318 = DIRECTION ( 'NONE',  ( 1.734923811392159935E-15, 1.000000000000000000, 1.734923811392220086E-15 ) ) ;
#8319 = EDGE_CURVE ( 'NONE', #384, #2953, #1994, .T. ) ;
#8320 = ORIENTED_EDGE ( 'NONE', *, *, #1184, .F. ) ;
#8321 = LINE ( 'NONE', #10078, #6675 ) ;
#8322 = VERTEX_POINT ( 'NONE', #8077 ) ;
#8323 = VECTOR ( 'NONE', #8755, 1000.000000000000000 ) ;
#8324 = ORIENTED_EDGE ( 'NONE', *, *, #4538, .T. ) ;
#8325 = CARTESIAN_POINT ( 'NONE',  ( 132.7171321604621994, -140.5154940670578014, 67.29299979819460020 ) ) ;
#8326 = DIRECTION ( 'NONE',  ( -2.602085213964869829E-17, -1.000000000000000000, 1.526556658859589750E-16 ) ) ;
#8327 = ORIENTED_EDGE ( 'NONE', *, *, #2840, .T. ) ;
#8328 = CARTESIAN_POINT ( 'NONE',  ( 162.2171133453900040, -119.4297640746489861, 81.50005035146720900 ) ) ;
#8329 = CARTESIAN_POINT ( 'NONE',  ( 131.9466248479623971, -114.8297640215111954, 50.25265112427589997 ) ) ;
#8330 = DIRECTION ( 'NONE',  ( -0.3118089932630119243, 0.3118084451452189376, 0.8975247323926109910 ) ) ;
#8331 = ORIENTED_EDGE ( 'NONE', *, *, #1153, .T. ) ;
#8332 = DIRECTION ( 'NONE',  ( 3.527838984652520264E-05, 6.407619911600919078E-05, -0.9999999973248380192 ) ) ;
#8333 = ORIENTED_EDGE ( 'NONE', *, *, #253, .F. ) ;
#8334 = AXIS2_PLACEMENT_3D ( 'NONE', #9700, #4844, #10487 ) ;
#8335 = EDGE_CURVE ( 'NONE', #11227, #3509, #9950, .T. ) ;
#8336 = FACE_OUTER_BOUND ( 'NONE', #10524, .T. ) ;
#8337 = ORIENTED_EDGE ( 'NONE', *, *, #2954, .F. ) ;
#8338 = CARTESIAN_POINT ( 'NONE',  ( 132.2474879634529827, -120.4297680637884156, 51.11866876023850637 ) ) ;
#8339 = CARTESIAN_POINT ( 'NONE',  ( 133.9421679410749846, -140.4297640215119998, 111.3643259181410059 ) ) ;
#8340 = DIRECTION ( 'NONE',  ( -4.120435842910679178E-17, 4.120435842910839415E-17, 1.000000000000000000 ) ) ;
#8341 = CARTESIAN_POINT ( 'NONE',  ( 163.5971655625025107, -154.4297640215109766, 49.93727809041600096 ) ) ;
#8342 = DIRECTION ( 'NONE',  ( 5.947210316807140508E-15, 1.000000000000000000, -1.526556658859844897E-16 ) ) ;
#8343 = LINE ( 'NONE', #3796, #6379 ) ;
#8344 = VERTEX_POINT ( 'NONE', #8195 ) ;
#8345 = ADVANCED_FACE ( 'NONE', ( #36 ), #3755, .F. ) ;
#8346 = DIRECTION ( 'NONE',  ( 2.602085213964869829E-17, 1.000000000000000000, -1.526556658859589750E-16 ) ) ;
#8347 = ORIENTED_EDGE ( 'NONE', *, *, #9462, .F. ) ;
#8348 = ORIENTED_EDGE ( 'NONE', *, *, #1199, .F. ) ;
#8349 = EDGE_CURVE ( 'NONE', #3021, #4047, #2627, .T. ) ;
#8350 = ORIENTED_EDGE ( 'NONE', *, *, #11944, .T. ) ;
#8351 = DIRECTION ( 'NONE',  ( -1.000000000000000000, 0.000000000000000000, 0.000000000000000000 ) ) ;
#8352 = DIRECTION ( 'NONE',  ( -0.7071067811865709984, 0.000000000000000000, -0.7071067811865240360 ) ) ;
#8353 = DIRECTION ( 'NONE',  ( -3.128785674195153316E-15, -0.9999934369450365068, 0.003622991423310737910 ) ) ;
#8354 = ORIENTED_EDGE ( 'NONE', *, *, #8172, .F. ) ;
#8355 = DIRECTION ( 'NONE',  ( 0.7071061596869628874, 0.7071074026855859174, 7.850454866973194898E-17 ) ) ;
#8356 = VERTEX_POINT ( 'NONE', #9324 ) ;
#8357 = CARTESIAN_POINT ( 'NONE',  ( 138.8083963417199982, -144.5575354907408041, 106.0726899307379938 ) ) ;
#8358 = ORIENTED_EDGE ( 'NONE', *, *, #2810, .F. ) ;
#8359 = CARTESIAN_POINT ( 'NONE',  ( 161.2171130129309802, -145.7328258789600000, 117.6643259181400083 ) ) ;
#8360 = CARTESIAN_POINT ( 'NONE',  ( 132.3255008394324079, -148.4297640215247895, 62.66078637172618926 ) ) ;
#8361 = EDGE_CURVE ( 'NONE', #10883, #2961, #1652, .T. ) ;
#8362 = ORIENTED_EDGE ( 'NONE', *, *, #7359, .T. ) ;
#8363 = DIRECTION ( 'NONE',  ( -1.000000000000000000, 3.480590576041360211E-15, 0.000000000000000000 ) ) ;
#8364 = AXIS2_PLACEMENT_3D ( 'NONE', #10039, #1740, #9130 ) ;
#8365 = ADVANCED_FACE ( 'NONE', ( #5340 ), #7117, .F. ) ;
#8366 = EDGE_CURVE ( 'NONE', #1426, #2432, #6542, .T. ) ;
#8367 = ORIENTED_EDGE ( 'NONE', *, *, #5295, .T. ) ;
#8368 = FACE_OUTER_BOUND ( 'NONE', #2470, .T. ) ;
#8369 = DIRECTION ( 'NONE',  ( 0.000000000000000000, 0.7071067811865475727, 0.7071067811865475727 ) ) ;
#8370 = B_SPLINE_CURVE_WITH_KNOTS ( 'NONE', 3,
 ( #10765, #2411, #10702, #9857 ),
 .UNSPECIFIED., .F., .F.,
 ( 4, 4 ),
 ( 0.000000000000000000, 1.000000000000000000 ),
 .UNSPECIFIED. ) ;
#8371 = CYLINDRICAL_SURFACE ( 'NONE', #10345, 0.9999999999999964473 ) ;
#8372 = FACE_OUTER_BOUND ( 'NONE', #6910, .T. ) ;
#8373 = CARTESIAN_POINT ( 'NONE',  ( 160.2171133453899756, -127.9297640746490146, 67.99999991151629786 ) ) ;
#8374 =( BOUNDED_CURVE ( )  B_SPLINE_CURVE ( 3, ( #3528, #1067, #7447, #10918 ),
 .UNSPECIFIED., .F., .T. ) 
 B_SPLINE_CURVE_WITH_KNOTS ( ( 4, 4 ),
 ( 5.497787143782139729, 6.283185307179570245 ),
 .UNSPECIFIED. ) 
 CURVE ( )  GEOMETRIC_REPRESENTATION_ITEM ( )  RATIONAL_B_SPLINE_CURVE ( ( 1.000000000000000000, 0.9492530216741910110, 0.9492530216741910110, 1.000000000000000000 ) ) 
 REPRESENTATION_ITEM ( '' )  );
#8375 = EDGE_CURVE ( 'NONE', #3808, #9173, #4715, .T. ) ;
#8376 = EDGE_CURVE ( 'NONE', #888, #5557, #3931, .T. ) ;
#8377 = FACE_OUTER_BOUND ( 'NONE', #2489, .T. ) ;
#8378 = CIRCLE ( 'NONE', #8190, 2.500000000000002220 ) ;
#8379 = VERTEX_POINT ( 'NONE', #4052 ) ;
#8380 = FACE_OUTER_BOUND ( 'NONE', #8846, .T. ) ;
#8381 = ORIENTED_EDGE ( 'NONE', *, *, #6807, .F. ) ;
#8382 = CARTESIAN_POINT ( 'NONE',  ( 162.4607607265393767, -139.7467807762308496, 67.06117496067322747 ) ) ;
#8383 = DIRECTION ( 'NONE',  ( 0.000000000000000000, 1.000000000000000000, -2.327875578288750051E-16 ) ) ;
#8384 = ORIENTED_EDGE ( 'NONE', *, *, #2575, .T. ) ;
#8385 = ADVANCED_FACE ( 'NONE', ( #336 ), #11444, .T. ) ;
#8386 = CARTESIAN_POINT ( 'NONE',  ( 135.1565633113736453, -141.7581107510765150, 106.3643259181409917 ) ) ;
#8387 = AXIS2_PLACEMENT_3D ( 'NONE', #6619, #5427, #3614 ) ;
#8388 = DIRECTION ( 'NONE',  ( 0.4397326120323201137, -0.1821432117215256719, 0.8794652240646018138 ) ) ;
#8389 = EDGE_CURVE ( 'NONE', #9, #7119, #3028, .T. ) ;
#8390 = CARTESIAN_POINT ( 'NONE',  ( 123.9605599919992045, -148.4297640215245906, 62.75000000000000000 ) ) ;
#8391 = ORIENTED_EDGE ( 'NONE', *, *, #5141, .T. ) ;
#8392 = DIRECTION ( 'NONE',  ( 0.000000000000000000, 0.000000000000000000, 1.000000000000000000 ) ) ;
#8393 = ORIENTED_EDGE ( 'NONE', *, *, #2493, .T. ) ;
#8394 = AXIS2_PLACEMENT_3D ( 'NONE', #6121, #8909, #6058 ) ;
#8395 = CARTESIAN_POINT ( 'NONE',  ( 161.7171133453900040, -139.9297640746490288, 74.87499989243629273 ) ) ;
#8396 = ORIENTED_EDGE ( 'NONE', *, *, #1878, .T. ) ;
#8397 = PLANE ( 'NONE',  #88 ) ;
#8398 = DIRECTION ( 'NONE',  ( 2.449293581093249742E-16, -6.573933234426810631E-15, 1.000000000000000000 ) ) ;
#8399 = CARTESIAN_POINT ( 'NONE',  ( 160.2171131927750025, -148.0297640746490231, 102.0997837512840078 ) ) ;
#8400 = CARTESIAN_POINT ( 'NONE',  ( 132.6248169134119905, -148.4297640746490003, 105.4997837512840135 ) ) ;
#8401 = FACE_OUTER_BOUND ( 'NONE', #7337, .T. ) ;
#8402 = CARTESIAN_POINT ( 'NONE',  ( 170.6421424605040897, -153.8807304801348721, 64.17502911511354569 ) ) ;
#8403 = DIRECTION ( 'NONE',  ( -8.065104140086980555E-09, 0.000000000000000000, -1.000000000000000000 ) ) ;
#8404 = VERTEX_POINT ( 'NONE', #7630 ) ;
#8405 = CARTESIAN_POINT ( 'NONE',  ( 163.8683723015498686, -147.5061392012229931, 51.12327590402934874 ) ) ;
#8406 = ORIENTED_EDGE ( 'NONE', *, *, #1092, .F. ) ;
#8408 = ORIENTED_EDGE ( 'NONE', *, *, #9233, .T. ) ;
#8407 = B_SPLINE_CURVE_WITH_KNOTS ( 'NONE', 3,
 ( #8141, #11830, #99, #10239 ),
 .UNSPECIFIED., .F., .F.,
 ( 4, 4 ),
 ( 0.000000000000000000, 1.000000000000000000 ),
 .UNSPECIFIED. ) ;
#8409 = EDGE_LOOP ( 'NONE', ( #1104, #2570, #2264, #7801 ) ) ;
#8410 = CARTESIAN_POINT ( 'NONE',  ( 161.3109510837813332, -121.8323736530134909, 58.28143771227333758 ) ) ;
#8411 = CARTESIAN_POINT ( 'NONE',  ( 135.8821002664290063, -140.4297640215119998, 105.3643259181410059 ) ) ;
#8412 = CARTESIAN_POINT ( 'NONE',  ( 132.2171133453900040, -153.4297640741879718, 65.95898615365621254 ) ) ;
#8413 = ORIENTED_EDGE ( 'NONE', *, *, #6694, .F. ) ;
#8414 = CARTESIAN_POINT ( 'NONE',  ( 132.9595135785439481, -139.7884261688147376, 67.06870829870128148 ) ) ;
#8415 = ORIENTED_EDGE ( 'NONE', *, *, #191, .T. ) ;
#8416 = LINE ( 'NONE', #3927, #6680 ) ;
#8417 = ORIENTED_EDGE ( 'NONE', *, *, #10097, .T. ) ;
#8418 = CARTESIAN_POINT ( 'NONE',  ( 130.2171133453899756, -120.8462228164914052, 57.98985306244389903 ) ) ;
#8419 = DIRECTION ( 'NONE',  ( 1.000000000000000000, -3.480590576041360211E-15, -4.666241877321180938E-16 ) ) ;
#8420 = DIRECTION ( 'NONE',  ( -1.000000000000000000, -1.214306505109919625E-16, 1.654361215689970176E-24 ) ) ;
#8421 = EDGE_LOOP ( 'NONE', ( #10149, #915, #3801, #5000 ) ) ;
#8422 = VECTOR ( 'NONE', #3575, 1000.000000000000000 ) ;
#8423 = DIRECTION ( 'NONE',  ( -4.849173379634530258E-15, 1.000000000000000000, 6.881851277481381070E-15 ) ) ;
#8424 = AXIS2_PLACEMENT_3D ( 'NONE', #10440, #1218, #1953 ) ;
#8425 = VERTEX_POINT ( 'NONE', #2304 ) ;
#8426 = LINE ( 'NONE', #10186, #242 ) ;
#8427 = FACE_OUTER_BOUND ( 'NONE', #9134, .T. ) ;
#8428 = EDGE_CURVE ( 'NONE', #7405, #4968, #5014, .T. ) ;
#8429 = CARTESIAN_POINT ( 'NONE',  ( 132.2171133453900040, -138.8513369585870123, 91.47862376826779496 ) ) ;
#8430 = VECTOR ( 'NONE', #10935, 1000.000000000000000 ) ;
#8431 = CARTESIAN_POINT ( 'NONE',  ( 169.9786284033270078, -138.1586012779320072, 53.38549640900540538 ) ) ;
#8432 = AXIS2_PLACEMENT_3D ( 'NONE', #677, #9957, #497 ) ;
#8433 = CARTESIAN_POINT ( 'NONE',  ( 134.8867901064739669, -141.1007641801899979, 106.3086558945839926 ) ) ;
#8434 = EDGE_CURVE ( 'NONE', #4369, #1872, #7752, .T. ) ;
#8435 = EDGE_CURVE ( 'NONE', #10103, #3073, #1075, .T. ) ;
#8436 = CARTESIAN_POINT ( 'NONE',  ( 132.6248169134119905, -148.0297640746490231, 102.0997837512840078 ) ) ;
#8437 = CIRCLE ( 'NONE', #2057, 1.450000000000006839 ) ;
#8438 = EDGE_CURVE ( 'NONE', #888, #11227, #4781, .T. ) ;
#8439 = CARTESIAN_POINT ( 'NONE',  ( 165.2171133453904872, -143.3164134470121951, 57.98985306244370719 ) ) ;
#8440 = LINE ( 'NONE', #7653, #1835 ) ;
#8441 = ORIENTED_EDGE ( 'NONE', *, *, #2082, .T. ) ;
#8442 = CARTESIAN_POINT ( 'NONE',  ( 161.3609865296440091, -142.0836371704279770, 93.86432591814050852 ) ) ;
#8443 = DIRECTION ( 'NONE',  ( -1.656711937411270011E-15, -1.000000000000000000, 1.656711941001984991E-15 ) ) ;
#8444 = DIRECTION ( 'NONE',  ( 2.602085213964869829E-17, 1.000000000000000000, -1.526556658859589750E-16 ) ) ;
#8445 = VECTOR ( 'NONE', #9321, 1000.000000000000000 ) ;
#8446 = LINE ( 'NONE', #3722, #7926 ) ;
#8447 = CARTESIAN_POINT ( 'NONE',  ( 156.9171131927750196, -154.2297640746490117, 103.7997837512839965 ) ) ;
#8448 = LINE ( 'NONE', #3899, #9271 ) ;
#8449 = ORIENTED_EDGE ( 'NONE', *, *, #5666, .T. ) ;
#8450 = ORIENTED_EDGE ( 'NONE', *, *, #11885, .T. ) ;
#8451 = AXIS2_PLACEMENT_3D ( 'NONE', #2595, #6349, #7264 ) ;
#8452 = EDGE_CURVE ( 'NONE', #9628, #842, #1599, .T. ) ;
#8453 = CARTESIAN_POINT ( 'NONE',  ( 134.2171133453900040, -153.4297640746490003, 117.6643259181420120 ) ) ;
#8454 = CARTESIAN_POINT ( 'NONE',  ( 121.2171133453899898, -127.6838383413246021, 66.00407431981281547 ) ) ;
#8455 = ADVANCED_FACE ( 'NONE', ( #6788 ), #277, .T. ) ;
#8456 = ORIENTED_EDGE ( 'NONE', *, *, #2154, .T. ) ;
#8457 = CARTESIAN_POINT ( 'NONE',  ( 138.8097112023463922, -140.7226572403253897, 106.0714326993276018 ) ) ;
#8458 = CARTESIAN_POINT ( 'NONE',  ( 134.2932187016893408, -140.4938391488128673, 111.0120525987038178 ) ) ;
#8459 = CARTESIAN_POINT ( 'NONE',  ( 160.3236018428179932, -117.4297640215112040, 60.27765112427590566 ) ) ;
#8460 = CARTESIAN_POINT ( 'NONE',  ( 130.2171130507902035, -148.4297640215245906, 51.31260299732910113 ) ) ;
#8461 = DIRECTION ( 'NONE',  ( -2.546950118497010238E-09, 4.333462626452490275E-16, -1.000000000000000000 ) ) ;
#8462 = DIRECTION ( 'NONE',  ( 0.003622991423284898337, -2.324366149095158836E-16, -0.9999934369450366178 ) ) ;
#8463 = ORIENTED_EDGE ( 'NONE', *, *, #9794, .T. ) ;
#8464 = CIRCLE ( 'NONE', #10594, 1.000000000000000888 ) ;
#8465 = CARTESIAN_POINT ( 'NONE',  ( 162.4862646905404233, -139.8230043346988509, 69.92472706114448044 ) ) ;
#8466 = ORIENTED_EDGE ( 'NONE', *, *, #9742, .T. ) ;
#8467 = ORIENTED_EDGE ( 'NONE', *, *, #8774, .F. ) ;
#8468 = EDGE_LOOP ( 'NONE', ( #2357, #11734, #8753, #3062 ) ) ;
#8469 = CARTESIAN_POINT ( 'NONE',  ( 134.2404762642690343, -121.7005698407425882, 58.38197185070119133 ) ) ;
#8470 = CARTESIAN_POINT ( 'NONE',  ( 135.6693161213918870, -140.4297640215119998, 105.4547668847849593 ) ) ;
#8471 = FACE_OUTER_BOUND ( 'NONE', #4235, .T. ) ;
#8472 = EDGE_CURVE ( 'NONE', #5330, #699, #9685, .T. ) ;
#8473 = AXIS2_PLACEMENT_3D ( 'NONE', #1805, #7384, #3564 ) ;
#8474 = CARTESIAN_POINT ( 'NONE',  ( 133.1026052450396548, -139.3606291801243060, 67.01121164367518190 ) ) ;
#8475 = EDGE_LOOP ( 'NONE', ( #9616, #2731, #8859, #900, #5718, #3464, #7074, #7154, #5988, #420 ) ) ;
#8476 = DIRECTION ( 'NONE',  ( 3.160768215787150073E-15, 1.000000000000000000, 0.000000000000000000 ) ) ;
#8477 = VERTEX_POINT ( 'NONE', #6908 ) ;
#8478 = CARTESIAN_POINT ( 'NONE',  ( 132.3423518103480205, -140.4202136972770063, 70.18416138999550924 ) ) ;
#8479 = DIRECTION ( 'NONE',  ( -2.602085213964889859E-17, -1.000000000000000000, 2.148562215093330474E-15 ) ) ;
#8480 = CARTESIAN_POINT ( 'NONE',  ( 163.2171133453900040, -140.4297640215119998, 79.51399190142069529 ) ) ;
#8481 = EDGE_LOOP ( 'NONE', ( #3347, #3572, #8333, #2896 ) ) ;
#8482 = VECTOR ( 'NONE', #9966, 1000.000000000000000 ) ;
#8483 = DIRECTION ( 'NONE',  ( 0.3198345585774040045, 0.2239505688958640384, 0.9206258728880131192 ) ) ;
#8484 = ORIENTED_EDGE ( 'NONE', *, *, #5402, .F. ) ;
#8485 = CARTESIAN_POINT ( 'NONE',  ( 135.2171133453900040, -136.4297640746490288, 82.74999987335620233 ) ) ;
#8486 = DIRECTION ( 'NONE',  ( 8.933825901280388903E-17, 1.000000000000000000, -8.933825901280388903E-17 ) ) ;
#8487 = ADVANCED_FACE ( 'NONE', ( #11503 ), #5869, .T. ) ;
#8488 = CIRCLE ( 'NONE', #6176, 2.450000000000007727 ) ;
#8489 = VECTOR ( 'NONE', #7226, 1000.000000000000000 ) ;
#8490 = DIRECTION ( 'NONE',  ( 0.3826834323650791236, 0.9238795325112911794, -2.053912595556540783E-15 ) ) ;
#8491 = CARTESIAN_POINT ( 'NONE',  ( 132.5100065642029961, -141.1368708558350136, 67.99999991151649681 ) ) ;
#8492 = DIRECTION ( 'NONE',  ( 0.000000000000000000, 1.000000000000000000, 0.000000000000000000 ) ) ;
#8493 = DIRECTION ( 'NONE',  ( -9.644381657525778976E-17, 1.000000000000000000, -6.863727291319010168E-31 ) ) ;
#8494 = EDGE_CURVE ( 'NONE', #9954, #21, #4956, .T. ) ;
#8495 = AXIS2_PLACEMENT_3D ( 'NONE', #8957, #8167, #885 ) ;
#8496 = VECTOR ( 'NONE', #11326, 1000.000000000000000 ) ;
#8497 = ORIENTED_EDGE ( 'NONE', *, *, #11531, .T. ) ;
#8498 = EDGE_CURVE ( 'NONE', #4426, #11635, #2678, .T. ) ;
#8499 = EDGE_CURVE ( 'NONE', #11681, #3304, #10923, .T. ) ;
#8500 = ORIENTED_EDGE ( 'NONE', *, *, #10494, .T. ) ;
#8501 = CARTESIAN_POINT ( 'NONE',  ( 132.3771133453899722, -144.5297640215119941, 66.54898615365620174 ) ) ;
#8502 = DIRECTION ( 'NONE',  ( 0.000000000000000000, -1.526556658859309704E-16, -1.000000000000000000 ) ) ;
#8503 = ORIENTED_EDGE ( 'NONE', *, *, #10484, .T. ) ;
#8504 = CARTESIAN_POINT ( 'NONE',  ( 138.1026081807310106, -144.2235739806430104, 106.3643259261839944 ) ) ;
#8505 = CARTESIAN_POINT ( 'NONE',  ( 162.9240113076430134, -139.0155507307715936, 66.70690307604189684 ) ) ;
#8506 = VECTOR ( 'NONE', #1453, 1000.000000000000000 ) ;
#8507 = ORIENTED_EDGE ( 'NONE', *, *, #4354, .F. ) ;
#8508 = PLANE ( 'NONE',  #2907 ) ;
#8509 = CARTESIAN_POINT ( 'NONE',  ( 163.0571133453900075, -144.5297640215119941, 66.55091634279270352 ) ) ;
#8510 = DIRECTION ( 'NONE',  ( 0.000000000000000000, -7.116814260417668513E-15, 1.000000000000000000 ) ) ;
#8511 = CARTESIAN_POINT ( 'NONE',  ( 162.8094094721379861, -148.4297640746490003, 105.4997837512840135 ) ) ;
#8512 = EDGE_CURVE ( 'NONE', #10646, #6459, #6661, .T. ) ;
#8513 = ORIENTED_EDGE ( 'NONE', *, *, #7761, .T. ) ;
#8514 = VECTOR ( 'NONE', #4516, 1000.000000000000000 ) ;
#8515 = ADVANCED_FACE ( 'NONE', ( #10776 ), #518, .T. ) ;
#8516 = VECTOR ( 'NONE', #6307, 1000.000000000000000 ) ;
#8517 = CARTESIAN_POINT ( 'NONE',  ( 163.2171133453900040, -138.8513368967660142, 80.50005035146709531 ) ) ;
#8518 = VERTEX_POINT ( 'NONE', #456 ) ;
#8519 = CARTESIAN_POINT ( 'NONE',  ( 171.2171133453900040, -153.1834562892630345, 64.74999999999928946 ) ) ;
#8520 = CARTESIAN_POINT ( 'NONE',  ( 138.4751040480451820, -114.4297640215112040, 62.10199319125020168 ) ) ;
#8521 = DIRECTION ( 'NONE',  ( 0.000000000000000000, 1.000000000000000000, -1.526556658859589750E-16 ) ) ;
#8522 = CARTESIAN_POINT ( 'NONE',  ( 132.2171133453900040, -119.4297640746489861, 96.26432591814179318 ) ) ;
#8523 = DIRECTION ( 'NONE',  ( -2.602085213964759820E-17, -1.000000000000000000, -1.851855715756635050E-31 ) ) ;
#8524 = AXIS2_PLACEMENT_3D ( 'NONE', #11216, #4779, #11045 ) ;
#8525 = DIRECTION ( 'NONE',  ( 7.192615532033639685E-24, -1.000000000000000000, -6.573933234426810631E-15 ) ) ;
#8526 = ORIENTED_EDGE ( 'NONE', *, *, #10537, .F. ) ;
#8527 = CARTESIAN_POINT ( 'NONE',  ( 162.6904533854134627, -140.4357275807685994, 69.74306681093152349 ) ) ;
#8528 = ADVANCED_FACE ( 'NONE', ( #637 ), #2285, .T. ) ;
#8529 = EDGE_CURVE ( 'NONE', #3892, #11235, #7149, .T. ) ;
#8530 = ORIENTED_EDGE ( 'NONE', *, *, #6584, .F. ) ;
#8531 = VERTEX_POINT ( 'NONE', #1439 ) ;
#8532 = ORIENTED_EDGE ( 'NONE', *, *, #4421, .T. ) ;
#8533 = CARTESIAN_POINT ( 'NONE',  ( 163.2171133453900040, -136.4297640746490288, 70.99999991151629786 ) ) ;
#8534 = DIRECTION ( 'NONE',  ( 1.000000000000000000, -2.602085213964869829E-17, 7.166576360129189239E-17 ) ) ;
#8535 = DIRECTION ( 'NONE',  ( 1.000000000000000000, -2.602085208171029758E-17, 3.795397004524730393E-10 ) ) ;
#8536 = ORIENTED_EDGE ( 'NONE', *, *, #9904, .T. ) ;
#8537 = DIRECTION ( 'NONE',  ( 5.947210316807140508E-15, 1.000000000000000000, -1.526556658859589750E-16 ) ) ;
#8538 = ORIENTED_EDGE ( 'NONE', *, *, #8275, .F. ) ;
#8539 = DIRECTION ( 'NONE',  ( -1.000000000000000000, 3.160768215787150073E-15, 8.821935677471621045E-15 ) ) ;
#8540 = EDGE_LOOP ( 'NONE', ( #3211, #8307, #9429, #7969, #5118 ) ) ;
#8541 = CARTESIAN_POINT ( 'NONE',  ( 123.6608107134289867, -126.4297640215114029, 64.75000000000000000 ) ) ;
#8542 = DIRECTION ( 'NONE',  ( 1.000000000000000000, 0.000000000000000000, 0.000000000000000000 ) ) ;
#8543 = ORIENTED_EDGE ( 'NONE', *, *, #1270, .F. ) ;
#8544 = CARTESIAN_POINT ( 'NONE',  ( 134.9643990183209610, -141.3133102775949510, 110.3643345569856109 ) ) ;
#8545 = ADVANCED_FACE ( 'NONE', ( #2485 ), #9017, .F. ) ;
#8546 = ORIENTED_EDGE ( 'NONE', *, *, #2855, .T. ) ;
#8547 = DIRECTION ( 'NONE',  ( 1.000000000000000000, 0.000000000000000000, 0.000000000000000000 ) ) ;
#8548 = ORIENTED_EDGE ( 'NONE', *, *, #5085, .T. ) ;
#8549 = ORIENTED_EDGE ( 'NONE', *, *, #6109, .T. ) ;
#8550 = CARTESIAN_POINT ( 'NONE',  ( 135.2171131927750309, -148.0297640746490231, 103.7997837512839965 ) ) ;
#8551 = CARTESIAN_POINT ( 'NONE',  ( 132.2474879634529827, -147.0393531173685915, 51.11866876023830031 ) ) ;
#8552 = DIRECTION ( 'NONE',  ( 3.795479038480990023E-15, 1.000000000000000000, 6.166077388880450850E-15 ) ) ;
#8553 = DIRECTION ( 'NONE',  ( 3.390631652938239960E-24, -0.7071067811865520136, 0.7071067811865431318 ) ) ;
#8554 = CARTESIAN_POINT ( 'NONE',  ( 130.1106248479624128, -114.4297640215114029, 60.17765112427590424 ) ) ;
#8555 = ORIENTED_EDGE ( 'NONE', *, *, #1315, .T. ) ;
#8556 = DIRECTION ( 'NONE',  ( -1.103783268114681861E-16, 1.000000000000000000, 7.931326066931689378E-15 ) ) ;
#8557 = VECTOR ( 'NONE', #7350, 1000.000000000000000 ) ;
#8558 = ADVANCED_FACE ( 'NONE', ( #10897 ), #11743, .T. ) ;
#8559 = CARTESIAN_POINT ( 'NONE',  ( 132.6106248479624128, -114.6297640215114058, 60.17765112427590424 ) ) ;
#8560 = ORIENTED_EDGE ( 'NONE', *, *, #4976, .T. ) ;
#8561 = ORIENTED_EDGE ( 'NONE', *, *, #9175, .T. ) ;
#8562 = CARTESIAN_POINT ( 'NONE',  ( 163.2171133453904872, -148.3795071393267904, 51.03123712248039823 ) ) ;
#8563 = CIRCLE ( 'NONE', #9917, 1.949999999999993516 ) ;
#8564 = ORIENTED_EDGE ( 'NONE', *, *, #7224, .F. ) ;
#8565 = DIRECTION ( 'NONE',  ( 0.000000000000000000, -1.000000000000000000, 6.885807981795638218E-10 ) ) ;
#8566 = CARTESIAN_POINT ( 'NONE',  ( 132.2171133453900040, -136.4297640746490288, 65.99999991151649681 ) ) ;
#8567 = EDGE_CURVE ( 'NONE', #5360, #8697, #2423, .T. ) ;
#8568 = CARTESIAN_POINT ( 'NONE',  ( 163.2171133453900040, -140.4297640215119998, 96.26432591814179318 ) ) ;
#8569 = CARTESIAN_POINT ( 'NONE',  ( 173.2171134944015023, -139.6937481978255846, 58.25000000000000000 ) ) ;
#8570 = LINE ( 'NONE', #6516, #9627 ) ;
#8571 = CARTESIAN_POINT ( 'NONE',  ( 130.2171133453899188, -143.3164134470124509, 56.00640280175950636 ) ) ;
#8572 = CARTESIAN_POINT ( 'NONE',  ( 121.1991873743999975, -150.4118380298749855, 108.8158570650340096 ) ) ;
#8573 = ORIENTED_EDGE ( 'NONE', *, *, #6025, .F. ) ;
#8574 = CARTESIAN_POINT ( 'NONE',  ( 162.3029944091221068, -122.5152361518667163, 62.72240401869903792 ) ) ;
#8575 = CARTESIAN_POINT ( 'NONE',  ( 168.6298797530100160, -127.2079386145634459, 57.74999999999995737 ) ) ;
#8576 = ORIENTED_EDGE ( 'NONE', *, *, #1616, .T. ) ;
#8577 = DIRECTION ( 'NONE',  ( -0.008142047127308361248, 5.843279076974509312E-15, -0.9999668529849261578 ) ) ;
#8578 = DIRECTION ( 'NONE',  ( -4.832939597814259772E-15, -1.000000000000000000, -6.432020515982920536E-15 ) ) ;
#8579 = ADVANCED_FACE ( 'NONE', ( #3326 ), #5069, .F. ) ;
#8580 = VECTOR ( 'NONE', #11671, 1000.000000000000000 ) ;
#8581 = LINE ( 'NONE', #4931, #9088 ) ;
#8582 = DIRECTION ( 'NONE',  ( 0.5000000000000011102, -0.5000000000000011102, 0.7071067811865459074 ) ) ;
#8583 = EDGE_CURVE ( 'NONE', #10611, #4101, #6236, .T. ) ;
#8584 = EDGE_CURVE ( 'NONE', #3933, #8597, #5746, .T. ) ;
#8585 = DIRECTION ( 'NONE',  ( 0.000000000000000000, -1.000000000000000000, 1.526556658859589750E-16 ) ) ;
#8586 = ORIENTED_EDGE ( 'NONE', *, *, #9765, .F. ) ;
#8587 = FACE_OUTER_BOUND ( 'NONE', #9179, .T. ) ;
#8588 = ORIENTED_EDGE ( 'NONE', *, *, #11563, .T. ) ;
#8589 = AXIS2_PLACEMENT_3D ( 'NONE', #1446, #6913, #2369 ) ;
#8590 = EDGE_LOOP ( 'NONE', ( #7068, #5451, #7339 ) ) ;
#8591 = ORIENTED_EDGE ( 'NONE', *, *, #9045, .T. ) ;
#8592 = CARTESIAN_POINT ( 'NONE',  ( 133.4505698619252883, -122.5563981142746712, 57.92296970093234165 ) ) ;
#8593 = CARTESIAN_POINT ( 'NONE',  ( 139.9671133453900040, -152.4297640746490003, 59.04999999999999716 ) ) ;
#8594 = CARTESIAN_POINT ( 'NONE',  ( 134.2171133453900040, -138.0155505122760076, 67.99999991151649681 ) ) ;
#8595 = ORIENTED_EDGE ( 'NONE', *, *, #7486, .F. ) ;
#8596 = CARTESIAN_POINT ( 'NONE',  ( 123.0210531936764085, -121.0526539253715015, 55.63033466282675477 ) ) ;
#8597 = VERTEX_POINT ( 'NONE', #9745 ) ;
#8598 = EDGE_CURVE ( 'NONE', #5453, #4979, #8282, .T. ) ;
#8599 = CYLINDRICAL_SURFACE ( 'NONE', #10744, 0.5899999999999873124 ) ;
#8600 = ORIENTED_EDGE ( 'NONE', *, *, #6804, .F. ) ;
#8601 = VECTOR ( 'NONE', #3036, 1000.000000000000000 ) ;
#8602 = CARTESIAN_POINT ( 'NONE',  ( 133.2050104681143807, -141.2242653582856065, 53.87484368887859887 ) ) ;
#8603 = CARTESIAN_POINT ( 'NONE',  ( 163.2171132912669975, -142.4297640746490003, 81.50005036615961274 ) ) ;
#8604 = ORIENTED_EDGE ( 'NONE', *, *, #11612, .T. ) ;
#8605 = CARTESIAN_POINT ( 'NONE',  ( 165.7236018428179989, -114.4297640215112040, 60.17765112427590424 ) ) ;
#8606 = AXIS2_PLACEMENT_3D ( 'NONE', #3952, #9529, #5707 ) ;
#8607 = VERTEX_POINT ( 'NONE', #7865 ) ;
#8608 = AXIS2_PLACEMENT_3D ( 'NONE', #3272, #3394, #2551 ) ;
#8609 = DIRECTION ( 'NONE',  ( 4.481387049642885599E-15, 4.481387049642885599E-15, 1.000000000000000000 ) ) ;
#8610 = B_SPLINE_CURVE_WITH_KNOTS ( 'NONE', 3,
 ( #9472, #5833, #8630, #2990 ),
 .UNSPECIFIED., .F., .F.,
 ( 4, 4 ),
 ( 0.03826941495228269874, 0.04017864731057910199 ),
 .UNSPECIFIED. ) ;
#8611 = DIRECTION ( 'NONE',  ( -5.947210316807140508E-15, -1.000000000000000000, 0.000000000000000000 ) ) ;
#8612 = LINE ( 'NONE', #45, #1972 ) ;
#8613 = EDGE_CURVE ( 'NONE', #3379, #4771, #8904, .T. ) ;
#8614 = EDGE_CURVE ( 'NONE', #4979, #3375, #7985, .T. ) ;
#8615 = DIRECTION ( 'NONE',  ( -1.745666765970135043E-15, -1.000000000000000000, 1.745666764645065067E-15 ) ) ;
#8616 = PLANE ( 'NONE',  #10853 ) ;
#8617 = ORIENTED_EDGE ( 'NONE', *, *, #10981, .F. ) ;
#8618 = CARTESIAN_POINT ( 'NONE',  ( 132.9169541041156890, -153.4060238891452741, 66.78914049875372427 ) ) ;
#8619 = AXIS2_PLACEMENT_3D ( 'NONE', #3943, #109, #5819 ) ;
#8620 = VECTOR ( 'NONE', #11281, 1000.000000000000000 ) ;
#8621 = CARTESIAN_POINT ( 'NONE',  ( 138.8088568665366438, -140.7235115761350528, 106.0722862616730851 ) ) ;
#8622 = EDGE_LOOP ( 'NONE', ( #9560, #7753, #216, #1078 ) ) ;
#8623 = ORIENTED_EDGE ( 'NONE', *, *, #9220, .F. ) ;
#8624 = CIRCLE ( 'NONE', #11328, 24.75049366970480236 ) ;
#8625 = CARTESIAN_POINT ( 'NONE',  ( 163.2171133453900040, -141.8439776370219931, 68.81249981955798489 ) ) ;
#8626 = EDGE_CURVE ( 'NONE', #128, #11627, #5955, .T. ) ;
#8627 = VERTEX_POINT ( 'NONE', #2362 ) ;
#8628 = CARTESIAN_POINT ( 'NONE',  ( 161.2171133453899756, -134.4297640746490288, 80.50005035146730847 ) ) ;
#8629 = CARTESIAN_POINT ( 'NONE',  ( 132.3255008394325785, -120.4297680637884156, 62.66078637172639532 ) ) ;
#8630 = CARTESIAN_POINT ( 'NONE',  ( 132.9655222356190052, -153.4297640746490003, 66.49895936818639086 ) ) ;
#8631 = DIRECTION ( 'NONE',  ( 8.421158622756780118E-19, 1.000000000000000000, -2.324350894152370169E-16 ) ) ;
#8632 = CIRCLE ( 'NONE', #10181, 0.9000000000000119016 ) ;
#8633 = DIRECTION ( 'NONE',  ( 0.000000000000000000, -1.000000000000000000, 1.074295325692379890E-17 ) ) ;
#8634 = VECTOR ( 'NONE', #6634, 1000.000000000000000 ) ;
#8635 = ORIENTED_EDGE ( 'NONE', *, *, #872, .F. ) ;
#8636 = CARTESIAN_POINT ( 'NONE',  ( 160.5896280291759126, -120.8045981726061058, 61.40444913444744657 ) ) ;
#8637 = VERTEX_POINT ( 'NONE', #8959 ) ;
#8638 = VECTOR ( 'NONE', #11202, 999.9999999999997726 ) ;
#8639 = CARTESIAN_POINT ( 'NONE',  ( 162.4718841081800065, -153.4297640746490003, 66.47410798651029040 ) ) ;
#8640 = DIRECTION ( 'NONE',  ( -0.9513277913954432119, 1.682122545878897094E-15, -0.3081808451521089176 ) ) ;
#8641 = B_SPLINE_SURFACE_WITH_KNOTS ( 'NONE', 3, 3, ( 
 ( #3929, #9507, #4830, #4048, #5807, #2177 ),
 ( #7749, #6604, #3147, #6841, #10534, #2241 ),
 ( #7513, #9377, #1071, #8478, #159, #4290 ),
 ( #10772, #8837, #5188, #4228, #515, #5129 ),
 ( #7862, #453, #11675, #577, #9687, #3386 ) ),
 .UNSPECIFIED., .F., .F., .F.,
 ( 4, 1, 4 ),
 ( 4, 1, 1, 4 ),
 ( 0.000000000000000000, 0.5714285714285709528, 1.001528364657990000 ),
 ( -0.001528364657997959876, 0.4487989505128259782, 0.8975979010256510682, 1.572324691452889889 ),
 .UNSPECIFIED. ) ;
#8642 = DIRECTION ( 'NONE',  ( 1.000000000000000000, 0.000000000000000000, 0.000000000000000000 ) ) ;
#8643 = DIRECTION ( 'NONE',  ( -0.9446187119409239497, -2.787047547666720077E-15, 0.3281699088141230014 ) ) ;
#8644 = DIRECTION ( 'NONE',  ( -7.166576360129189239E-17, 1.526556658859589750E-16, 1.000000000000000000 ) ) ;
#8645 = VERTEX_POINT ( 'NONE', #7206 ) ;
#8646 = CARTESIAN_POINT ( 'NONE',  ( 172.0434699850750349, -149.0855786274002810, 54.11936466951027569 ) ) ;
#8647 = EDGE_LOOP ( 'NONE', ( #374, #9023, #502, #11032 ) ) ;
#8648 = AXIS2_PLACEMENT_3D ( 'NONE', #6430, #2789, #3579 ) ;
#8649 = ADVANCED_FACE ( 'NONE', ( #5311 ), #132, .F. ) ;
#8650 = ORIENTED_EDGE ( 'NONE', *, *, #6573, .F. ) ;
#8651 = VERTEX_POINT ( 'NONE', #5993 ) ;
#8652 = CARTESIAN_POINT ( 'NONE',  ( 134.2958864715409391, -121.6380733764015076, 58.43082918487189659 ) ) ;
#8653 = DIRECTION ( 'NONE',  ( 2.602085213964899719E-17, 1.000000000000000000, -1.526556658859594927E-16 ) ) ;
#8654 = DIRECTION ( 'NONE',  ( -3.854941057726240267E-15, -1.000000000000000000, 1.074295325692379890E-17 ) ) ;
#8655 = ADVANCED_FACE ( 'NONE', ( #8231 ), #10164, .T. ) ;
#8656 = ORIENTED_EDGE ( 'NONE', *, *, #8706, .T. ) ;
#8657 = EDGE_CURVE ( 'NONE', #11681, #6742, #1922, .T. ) ;
#8658 = CARTESIAN_POINT ( 'NONE',  ( 147.7171131927750025, -148.4297640746490003, 103.7997837512839965 ) ) ;
#8659 = CARTESIAN_POINT ( 'NONE',  ( 162.8449171059519642, -114.4297640215112040, 57.77774199401589783 ) ) ;
#8660 = CARTESIAN_POINT ( 'NONE',  ( 163.1409749705900083, -141.4613015884661991, 68.99999991151629786 ) ) ;
#8661 = AXIS2_PLACEMENT_3D ( 'NONE', #2526, #10145, #743 ) ;
#8662 = EDGE_LOOP ( 'NONE', ( #9446, #4399, #2695, #1141, #766 ) ) ;
#8663 = FACE_OUTER_BOUND ( 'NONE', #929, .T. ) ;
#8664 = CARTESIAN_POINT ( 'NONE',  ( 162.2171133453900040, -139.0155505122760076, 69.99999991151639733 ) ) ;
#8665 = CARTESIAN_POINT ( 'NONE',  ( 138.3707125259940653, -141.1616559166779439, 106.3643259181409775 ) ) ;
#8666 = VERTEX_POINT ( 'NONE', #20 ) ;
#8667 = CARTESIAN_POINT ( 'NONE',  ( 162.3677708826299977, -141.3212823756466037, 53.47602185630480420 ) ) ;
#8668 = EDGE_CURVE ( 'NONE', #3165, #6397, #11920, .T. ) ;
#8669 = AXIS2_PLACEMENT_3D ( 'NONE', #4490, #7515, #8012 ) ;
#8670 = ORIENTED_EDGE ( 'NONE', *, *, #2878, .F. ) ;
#8671 = CARTESIAN_POINT ( 'NONE',  ( 163.2171133453900040, -119.4297640746489861, 98.70216526821819514 ) ) ;
#8672 = DIRECTION ( 'NONE',  ( -1.000000000000000000, -9.644381700046828834E-17, -7.166576360129189239E-17 ) ) ;
#8673 = DIRECTION ( 'NONE',  ( 0.000000000000000000, -1.000000000000000000, -7.827405568325590594E-14 ) ) ;
#8674 = DIRECTION ( 'NONE',  ( 0.000000000000000000, 1.000000000000000000, 7.105427357601000281E-15 ) ) ;
#8675 = CARTESIAN_POINT ( 'NONE',  ( 132.2171133534549767, -119.4297640746489861, 81.50005035146759269 ) ) ;
#8676 = VERTEX_POINT ( 'NONE', #11016 ) ;
#8677 = CARTESIAN_POINT ( 'NONE',  ( 132.8847643922174484, -153.3919863986454857, 66.85220799620346099 ) ) ;
#8678 = VECTOR ( 'NONE', #3915, 1000.000000000000000 ) ;
#8679 = ORIENTED_EDGE ( 'NONE', *, *, #4860, .T. ) ;
#8680 = DIRECTION ( 'NONE',  ( 1.184492984081859879E-16, -1.000000000000000000, -6.940088366890780303E-15 ) ) ;
#8681 = ADVANCED_FACE ( 'NONE', ( #3627 ), #2722, .T. ) ;
#8682 = EDGE_CURVE ( 'NONE', #1671, #11430, #5438, .T. ) ;
#8683 = ORIENTED_EDGE ( 'NONE', *, *, #3426, .F. ) ;
#8684 = CIRCLE ( 'NONE', #3461, 0.9999999999999731326 ) ;
#8685 = CARTESIAN_POINT ( 'NONE',  ( 135.2171131927750309, -148.0297640746490231, 103.7997837512839965 ) ) ;
#8686 = ORIENTED_EDGE ( 'NONE', *, *, #10825, .F. ) ;
#8687 = CARTESIAN_POINT ( 'NONE',  ( 132.2171133453900040, -145.4297640746490003, 71.99999984474899861 ) ) ;
#8688 = CARTESIAN_POINT ( 'NONE',  ( 163.2171162725820182, -141.6950125527820035, 67.73428136996520266 ) ) ;
#8689 = LINE ( 'NONE', #11653, #5749 ) ;
#8690 = VECTOR ( 'NONE', #820, 1000.000000000000000 ) ;
#8691 = AXIS2_PLACEMENT_3D ( 'NONE', #7298, #8984, #11832 ) ;
#8692 = DIRECTION ( 'NONE',  ( 7.166576360129189239E-17, 0.000000000000000000, -1.000000000000000000 ) ) ;
#8693 = EDGE_CURVE ( 'NONE', #4525, #2176, #7438, .T. ) ;
#8694 = ORIENTED_EDGE ( 'NONE', *, *, #2922, .F. ) ;
#8695 = AXIS2_PLACEMENT_3D ( 'NONE', #6872, #3119, #10502 ) ;
#8696 = CARTESIAN_POINT ( 'NONE',  ( 161.7257617206424811, -121.9337593674883209, 62.52536300299465921 ) ) ;
#8697 = VERTEX_POINT ( 'NONE', #9135 ) ;
#8698 = VECTOR ( 'NONE', #818, 1000.000000000000227 ) ;
#8699 = DIRECTION ( 'NONE',  ( -1.000000000000000000, -2.428612916362670047E-16, -3.588144190172699795E-15 ) ) ;
#8700 = CARTESIAN_POINT ( 'NONE',  ( 134.5632570140961946, -140.6368431694300511, 110.7432879402682460 ) ) ;
#8701 = CARTESIAN_POINT ( 'NONE',  ( 132.2171133453900040, -148.3795071393270177, 61.45398638249999834 ) ) ;
#8702 = CARTESIAN_POINT ( 'NONE',  ( 125.4555982874533981, -146.6504621838786022, 53.38549640900530591 ) ) ;
#8703 = DIRECTION ( 'NONE',  ( 0.7071067811865475727, 0.000000000000000000, 0.7071067811865475727 ) ) ;
#8704 = VERTEX_POINT ( 'NONE', #5372 ) ;
#8705 = CARTESIAN_POINT ( 'NONE',  ( 174.3986461265209300, -149.2382465675957519, 57.82553973477514830 ) ) ;
#8706 = EDGE_CURVE ( 'NONE', #5768, #10898, #6418, .T. ) ;
#8707 = ORIENTED_EDGE ( 'NONE', *, *, #8567, .F. ) ;
#8708 = AXIS2_PLACEMENT_3D ( 'NONE', #4209, #10574, #10635 ) ;
#8709 = TOROIDAL_SURFACE ( 'NONE', #11992, 0.9000000000000000222, 0.5999999999999999778 ) ;
#8710 = ORIENTED_EDGE ( 'NONE', *, *, #2645, .F. ) ;
#8711 = ORIENTED_EDGE ( 'NONE', *, *, #11900, .T. ) ;
#8712 = LINE ( 'NONE', #6896, #10338 ) ;
#8713 = CARTESIAN_POINT ( 'NONE',  ( 162.2171133453900040, -141.8439776370219931, 68.81249981955798489 ) ) ;
#8714 = CARTESIAN_POINT ( 'NONE',  ( 135.6669467343540134, -153.4297640746490003, 71.34999974667979927 ) ) ;
#8715 = ORIENTED_EDGE ( 'NONE', *, *, #11491, .T. ) ;
#8716 = CYLINDRICAL_SURFACE ( 'NONE', #9776, 0.9999999999999957812 ) ;
#8717 = CARTESIAN_POINT ( 'NONE',  ( 122.7906896327294106, -149.2489160658136029, 58.25000000000000000 ) ) ;
#8718 = AXIS2_PLACEMENT_3D ( 'NONE', #2697, #10811, #11839 ) ;
#8719 = EDGE_CURVE ( 'NONE', #468, #6774, #3740, .T. ) ;
#8720 = EDGE_LOOP ( 'NONE', ( #3494, #3111, #1668, #455, #5628, #2078, #1698 ) ) ;
#8721 = DIRECTION ( 'NONE',  ( -8.938489473110520229E-17, -1.000000000000000000, 8.906163854055228964E-17 ) ) ;
#8722 = DIRECTION ( 'NONE',  ( -4.832443957009299887E-15, -1.000000000000000000, -6.661338147750930565E-15 ) ) ;
#8723 = CARTESIAN_POINT ( 'NONE',  ( 163.1087258513479981, -148.4297640215245906, 62.66078637172618926 ) ) ;
#8724 = EDGE_LOOP ( 'NONE', ( #7727, #2228, #7442, #5745 ) ) ;
#8725 = EDGE_CURVE ( 'NONE', #8827, #7192, #2776, .T. ) ;
#8726 = CYLINDRICAL_SURFACE ( 'NONE', #7352, 0.9999999999999964473 ) ;
#8727 = AXIS2_PLACEMENT_3D ( 'NONE', #10190, #1949, #8256 ) ;
#8728 = VERTEX_POINT ( 'NONE', #822 ) ;
#8729 = PLANE ( 'NONE',  #3374 ) ;
#8730 = DIRECTION ( 'NONE',  ( -2.602085213964869829E-17, -1.000000000000000000, 1.526556658859589750E-16 ) ) ;
#8731 = ORIENTED_EDGE ( 'NONE', *, *, #6147, .F. ) ;
#8732 = DIRECTION ( 'NONE',  ( -7.166576360129189239E-17, 0.000000000000000000, 1.000000000000000000 ) ) ;
#8733 = FACE_OUTER_BOUND ( 'NONE', #5573, .T. ) ;
#8734 = EDGE_CURVE ( 'NONE', #7979, #6815, #7498, .T. ) ;
#8735 = ORIENTED_EDGE ( 'NONE', *, *, #7396, .T. ) ;
#8736 = DIRECTION ( 'NONE',  ( 0.000000000000000000, -1.526556658859589750E-16, -1.000000000000000000 ) ) ;
#8737 = EDGE_CURVE ( 'NONE', #6392, #7507, #996, .T. ) ;
#8738 = ORIENTED_EDGE ( 'NONE', *, *, #5222, .F. ) ;
#8739 = ADVANCED_FACE ( 'NONE', ( #9191 ), #10104, .T. ) ;
#8740 = CARTESIAN_POINT ( 'NONE',  ( 158.5834021859320160, -143.4297640215119714, 100.6909950527140012 ) ) ;
#8741 = ORIENTED_EDGE ( 'NONE', *, *, #7605, .T. ) ;
#8742 = ORIENTED_EDGE ( 'NONE', *, *, #7767, .F. ) ;
#8743 = DIRECTION ( 'NONE',  ( 0.000000000000000000, 1.000000000000000000, -1.526556658859589750E-16 ) ) ;
#8744 = ADVANCED_FACE ( 'NONE', ( #5495 ), #9252, .F. ) ;
#8745 = CARTESIAN_POINT ( 'NONE',  ( 125.2801567501100095, -154.4297640215114882, 63.68695659527989505 ) ) ;
#8746 = DIRECTION ( 'NONE',  ( 0.000000000000000000, -1.000000000000000000, -6.573933234426810631E-15 ) ) ;
#8747 = DIRECTION ( 'NONE',  ( 0.000000000000000000, 0.7071067811865405783, -0.7071067811865544561 ) ) ;
#8748 = FACE_OUTER_BOUND ( 'NONE', #5315, .T. ) ;
#8749 = CARTESIAN_POINT ( 'NONE',  ( 173.2171134944015023, -139.6937481978253857, 57.08879711976310034 ) ) ;
#8750 = VERTEX_POINT ( 'NONE', #887 ) ;
#8751 = VECTOR ( 'NONE', #6669, 1000.000000000000000 ) ;
#8752 = DIRECTION ( 'NONE',  ( 3.159141067834900288E-38, -6.573933234426810631E-15, 1.000000000000000000 ) ) ;
#8753 = ORIENTED_EDGE ( 'NONE', *, *, #9393, .F. ) ;
#8754 = DIRECTION ( 'NONE',  ( -9.644381700046828834E-17, 1.000000000000000000, -2.327875578288750051E-16 ) ) ;
#8755 = DIRECTION ( 'NONE',  ( 2.449293572821440166E-16, 2.396324645586549975E-30, 1.000000000000000000 ) ) ;
#8756 = EDGE_CURVE ( 'NONE', #1670, #1977, #3668, .T. ) ;
#8757 = EDGE_CURVE ( 'NONE', #5330, #5236, #9983, .T. ) ;
#8758 = CARTESIAN_POINT ( 'NONE',  ( 167.9954836606058279, -121.3775595948846444, 51.91664625081975259 ) ) ;
#8759 = VECTOR ( 'NONE', #1387, 999.9999999999998863 ) ;
#8760 = LINE ( 'NONE', #4149, #5740 ) ;
#8761 = DIRECTION ( 'NONE',  ( 2.428612984199849992E-16, -1.000000000000000000, -6.573933234426810631E-15 ) ) ;
#8762 =( BOUNDED_CURVE ( )  B_SPLINE_CURVE ( 3, ( #11826, #10230, #6254, #1006 ),
 .UNSPECIFIED., .F., .T. ) 
 B_SPLINE_CURVE_WITH_KNOTS ( ( 4, 4 ),
 ( -1.065814103640150121E-14, 1.126157883263452009 ),
 .UNSPECIFIED. ) 
 CURVE ( )  GEOMETRIC_REPRESENTATION_ITEM ( )  RATIONAL_B_SPLINE_CURVE ( ( 1.000000000000000000, 0.8970770709083970562, 0.8970770709083970562, 1.000000000000000000 ) ) 
 REPRESENTATION_ITEM ( '' )  );
#8763 = VERTEX_POINT ( 'NONE', #4468 ) ;
#8764 = CARTESIAN_POINT ( 'NONE',  ( 125.4555982874533981, -137.4261365246752007, 53.38549640900540538 ) ) ;
#8765 = ORIENTED_EDGE ( 'NONE', *, *, #11619, .T. ) ;
#8766 = ORIENTED_EDGE ( 'NONE', *, *, #9868, .F. ) ;
#8767 = AXIS2_PLACEMENT_3D ( 'NONE', #4206, #11600, #7897 ) ;
#8768 = CARTESIAN_POINT ( 'NONE',  ( 175.2171132998439873, -149.4297640746490003, 103.7500000343809887 ) ) ;
#8769 = DIRECTION ( 'NONE',  ( -3.160768215787150073E-15, -1.000000000000000000, 1.526556658859589750E-16 ) ) ;
#8770 = CARTESIAN_POINT ( 'NONE',  ( 135.2171133453900040, -138.0155505122760076, 79.56249988289630437 ) ) ;
#8771 = ORIENTED_EDGE ( 'NONE', *, *, #11561, .T. ) ;
#8772 = FACE_OUTER_BOUND ( 'NONE', #1123, .T. ) ;
#8773 = EDGE_LOOP ( 'NONE', ( #5814, #1434, #8213, #8450, #8095 ) ) ;
#8774 = EDGE_CURVE ( 'NONE', #3214, #7239, #10124, .T. ) ;
#8775 = EDGE_LOOP ( 'NONE', ( #8548, #7739, #2791, #11607 ) ) ;
#8776 = CARTESIAN_POINT ( 'NONE',  ( 138.9385092535989941, -144.6047504812530065, 109.3670249572529940 ) ) ;
#8777 = DIRECTION ( 'NONE',  ( -2.481541851140569860E-24, 1.110221023373339908E-16, -1.000000000000000000 ) ) ;
#8778 = CARTESIAN_POINT ( 'NONE',  ( 162.2171133453900040, -153.4297640746490003, 98.69854225301749295 ) ) ;
#8779 = AXIS2_PLACEMENT_3D ( 'NONE', #1952, #116, #1612 ) ;
#8780 = ORIENTED_EDGE ( 'NONE', *, *, #2309, .F. ) ;
#8781 = EDGE_LOOP ( 'NONE', ( #6895, #7437, #11083, #2396, #332, #3994 ) ) ;
#8782 = ORIENTED_EDGE ( 'NONE', *, *, #2309, .T. ) ;
#8783 = CARTESIAN_POINT ( 'NONE',  ( 162.2171133453900040, -135.4297640746490288, 71.99999985651460577 ) ) ;
#8784 = CARTESIAN_POINT ( 'NONE',  ( 174.2171133453904872, -149.8297640215157855, 53.75000000000000000 ) ) ;
#8785 = CARTESIAN_POINT ( 'NONE',  ( 162.4718841081800065, -153.4297640746490003, 66.47410798651029040 ) ) ;
#8786 = ORIENTED_EDGE ( 'NONE', *, *, #6874, .T. ) ;
#8787 = AXIS2_PLACEMENT_3D ( 'NONE', #9084, #7276, #10110 ) ;
#8788 = FACE_OUTER_BOUND ( 'NONE', #10522, .T. ) ;
#8789 = FACE_BOUND ( 'NONE', #5928, .T. ) ;
#8790 = ORIENTED_EDGE ( 'NONE', *, *, #1226, .F. ) ;
#8791 = DIRECTION ( 'NONE',  ( 0.9238795325112676426, 0.3826834323651360226, 0.000000000000000000 ) ) ;
#8792 = CARTESIAN_POINT ( 'NONE',  ( 133.2171133453900040, -139.0155505122760076, 69.99999991151649681 ) ) ;
#8793 = ORIENTED_EDGE ( 'NONE', *, *, #4819, .F. ) ;
#8794 = DIRECTION ( 'NONE',  ( -0.8191520442889919096, 0.5735764363510458264, 2.861211755468670037E-15 ) ) ;
#8795 = VECTOR ( 'NONE', #11669, 1000.000000000000000 ) ;
#8796 = ORIENTED_EDGE ( 'NONE', *, *, #6426, .T. ) ;
#8797 = EDGE_CURVE ( 'NONE', #9312, #5915, #9049, .T. ) ;
#8798 = ORIENTED_EDGE ( 'NONE', *, *, #4289, .F. ) ;
#8799 = CARTESIAN_POINT ( 'NONE',  ( 132.7235968757799185, -140.4962569477129364, 67.28393290905020763 ) ) ;
#8800 = EDGE_CURVE ( 'NONE', #8843, #1489, #3824, .T. ) ;
#8801 = ADVANCED_FACE ( 'NONE', ( #8587 ), #146, .T. ) ;
#8802 = CARTESIAN_POINT ( 'NONE',  ( 172.8330939180942210, -151.6157431985818391, 64.74999999999933209 ) ) ;
#8803 = AXIS2_PLACEMENT_3D ( 'NONE', #5956, #2331, #7950 ) ;
#8804 = VECTOR ( 'NONE', #8752, 1000.000000000000000 ) ;
#8805 = DIRECTION ( 'NONE',  ( 2.334670139474400226E-15, -2.327875578288740190E-16, -1.000000000000000000 ) ) ;
#8806 = CARTESIAN_POINT ( 'NONE',  ( 162.2136265828100363, -139.0123048975439985, 66.99999550041380303 ) ) ;
#8807 = DIRECTION ( 'NONE',  ( 0.000000000000000000, -1.000000000000000000, 1.526556658859589750E-16 ) ) ;
#8808 = SURFACE_STYLE_USAGE ( .BOTH. , #1291 ) ;
#8809 = CARTESIAN_POINT ( 'NONE',  ( 161.2171133453899756, -138.0155505122760076, 67.99999991151629786 ) ) ;
#8810 = ORIENTED_EDGE ( 'NONE', *, *, #10737, .F. ) ;
#8811 = AXIS2_PLACEMENT_3D ( 'NONE', #6557, #4720, #4843 ) ;
#8812 = ADVANCED_FACE ( 'NONE', ( #6642 ), #3973, .T. ) ;
#8813 = AXIS2_PLACEMENT_3D ( 'NONE', #8685, #7885, #598 ) ;
#8814 = CARTESIAN_POINT ( 'NONE',  ( 175.2171133453905156, -124.4297640215118008, 62.75000000000000000 ) ) ;
#8815 = DIRECTION ( 'NONE',  ( 1.000000000000000000, 0.000000000000000000, -8.810118433399939970E-15 ) ) ;
#8816 = ORIENTED_EDGE ( 'NONE', *, *, #2944, .F. ) ;
#8817 = LINE ( 'NONE', #11716, #6504 ) ;
#8818 = DIRECTION ( 'NONE',  ( -8.271814108300169675E-25, 6.573933234426810631E-15, -1.000000000000000000 ) ) ;
#8819 = VECTOR ( 'NONE', #614, 1000.000000000000000 ) ;
#8820 = CARTESIAN_POINT ( 'NONE',  ( 132.2793405864594547, -148.3172800076442854, 59.07804379007166773 ) ) ;
#8821 = CIRCLE ( 'NONE', #5135, 1.950000000000007283 ) ;
#8822 = CARTESIAN_POINT ( 'NONE',  ( 120.2171133453899898, -114.8297640215114086, 62.24960223581919649 ) ) ;
#8823 = CARTESIAN_POINT ( 'NONE',  ( 132.9595253520659526, -139.7883941673144932, 69.93129716992110900 ) ) ;
#8824 = ORIENTED_EDGE ( 'NONE', *, *, #9607, .T. ) ;
#8825 = CARTESIAN_POINT ( 'NONE',  ( 122.2171131963785911, -139.6937481978255846, 57.08879711976310034 ) ) ;
#8826 = EDGE_CURVE ( 'NONE', #3031, #6055, #7735, .T. ) ;
#8827 = VERTEX_POINT ( 'NONE', #9426 ) ;
#8828 = EDGE_CURVE ( 'NONE', #11320, #205, #10519, .T. ) ;
#8829 = VERTEX_POINT ( 'NONE', #4814 ) ;
#8830 = DIRECTION ( 'NONE',  ( 3.160768215787150073E-15, 1.000000000000000000, -1.526556658859609718E-16 ) ) ;
#8831 = CARTESIAN_POINT ( 'NONE',  ( 129.7796740241492444, -144.3551765105113986, 51.13534865116196926 ) ) ;
#8832 = LINE ( 'NONE', #510, #10700 ) ;
#8833 = EDGE_LOOP ( 'NONE', ( #3083, #1228, #6581, #10283 ) ) ;
#8834 = CARTESIAN_POINT ( 'NONE',  ( 130.2171133453899756, -144.0488782002693995, 62.25000000000000000 ) ) ;
#8835 = ORIENTED_EDGE ( 'NONE', *, *, #7502, .F. ) ;
#8836 = ORIENTED_EDGE ( 'NONE', *, *, #7782, .F. ) ;
#8837 = CARTESIAN_POINT ( 'NONE',  ( 132.4310176577999982, -141.2160726641159840, 69.16510684089669780 ) ) ;
#8838 = CARTESIAN_POINT ( 'NONE',  ( 135.2171133453900040, -143.4297640215119714, 100.6910126813450006 ) ) ;
#8839 = ORIENTED_EDGE ( 'NONE', *, *, #8498, .T. ) ;
#8840 = AXIS2_PLACEMENT_3D ( 'NONE', #10117, #11994, #3753 ) ;
#8841 = CARTESIAN_POINT ( 'NONE',  ( 162.2171133453900040, -136.4297640746490288, 65.99999991151629786 ) ) ;
#8842 = B_SPLINE_CURVE_WITH_KNOTS ( 'NONE', 2,
 ( #802, #5353, #8329 ),
 .UNSPECIFIED., .F., .F.,
 ( 3, 3 ),
 ( -0.2160479540393169806, -0.1523858476231690073 ),
 .UNSPECIFIED. ) ;
#8843 = VERTEX_POINT ( 'NONE', #203 ) ;
#8844 = ORIENTED_EDGE ( 'NONE', *, *, #11229, .T. ) ;
#8845 = EDGE_CURVE ( 'NONE', #7131, #9705, #10462, .T. ) ;
#8846 = EDGE_LOOP ( 'NONE', ( #3419, #10837, #3325, #11551, #3669, #6161 ) ) ;
#8847 = DIRECTION ( 'NONE',  ( 0.000000000000000000, 0.000000000000000000, 1.000000000000000000 ) ) ;
#8848 = CARTESIAN_POINT ( 'NONE',  ( 126.8043469377704042, -127.2079386145634459, 59.69999999999995310 ) ) ;
#8849 = DIRECTION ( 'NONE',  ( -7.166576360160349245E-17, -7.827405568325590594E-14, 1.000000000000000000 ) ) ;
#8850 = CIRCLE ( 'NONE', #7874, 11.54238125198780729 ) ;
#8851 = ORIENTED_EDGE ( 'NONE', *, *, #1772, .F. ) ;
#8852 = LINE ( 'NONE', #11514, #3961 ) ;
#8853 = CARTESIAN_POINT ( 'NONE',  ( 127.4387430301744359, -121.3775595628044925, 51.91664625081984497 ) ) ;
#8854 = ORIENTED_EDGE ( 'NONE', *, *, #10650, .T. ) ;
#8855 = DIRECTION ( 'NONE',  ( -1.734923811392220086E-15, -1.000000000000000000, -1.734923811392220086E-15 ) ) ;
#8856 = LINE ( 'NONE', #1514, #6754 ) ;
#8857 = ORIENTED_EDGE ( 'NONE', *, *, #1377, .T. ) ;
#8858 = DIRECTION ( 'NONE',  ( 1.000000000000000000, -3.480590576041360211E-15, 0.000000000000000000 ) ) ;
#8859 = ORIENTED_EDGE ( 'NONE', *, *, #10082, .F. ) ;
#8860 = LINE ( 'NONE', #11699, #3969 ) ;
#8861 = VECTOR ( 'NONE', #11860, 1000.000000000000000 ) ;
#8862 = CARTESIAN_POINT ( 'NONE',  ( 134.2301530247285370, -140.4666556104702408, 105.6536585574300631 ) ) ;
#8863 = CARTESIAN_POINT ( 'NONE',  ( 135.1409928779011977, -138.3982339446410208, 67.99999991151649681 ) ) ;
#8864 = DIRECTION ( 'NONE',  ( 0.005757296736460916844, 0.7071067811865525687, -0.7070833427074075805 ) ) ;
#8865 = CARTESIAN_POINT ( 'NONE',  ( 166.7567682144670016, -149.1703199618629867, 113.1757519026279937 ) ) ;
#8866 = EDGE_CURVE ( 'NONE', #10103, #263, #2895, .T. ) ;
#8867 = LINE ( 'NONE', #5959, #9425 ) ;
#8868 = FACE_OUTER_BOUND ( 'NONE', #11432, .T. ) ;
#8869 = DIRECTION ( 'NONE',  ( 0.3826834323651358560, -0.9238795325112677537, -5.107025913275719297E-15 ) ) ;
#8870 = ORIENTED_EDGE ( 'NONE', *, *, #7385, .T. ) ;
#8871 = EDGE_CURVE ( 'NONE', #8094, #9816, #6949, .T. ) ;
#8872 = CIRCLE ( 'NONE', #5376, 0.5899999999999873124 ) ;
#8873 = DIRECTION ( 'NONE',  ( -7.166576360129189239E-17, 1.526556658859589750E-16, 1.000000000000000000 ) ) ;
#8874 = ORIENTED_EDGE ( 'NONE', *, *, #7851, .T. ) ;
#8875 = FACE_OUTER_BOUND ( 'NONE', #5668, .T. ) ;
#8876 = DIRECTION ( 'NONE',  ( 2.602085337083254740E-17, 1.000000000000000000, -2.098608922496975401E-25 ) ) ;
#8877 = VECTOR ( 'NONE', #2790, 1000.000000000000000 ) ;
#8878 = CARTESIAN_POINT ( 'NONE',  ( 157.6248169134119905, -148.0297640746490231, 102.0997837512840078 ) ) ;
#8879 = VECTOR ( 'NONE', #1279, 1000.000000000000000 ) ;
#8880 = EDGE_CURVE ( 'NONE', #168, #7119, #9673, .T. ) ;
#8881 = PLANE ( 'NONE',  #5213 ) ;
#8882 = CARTESIAN_POINT ( 'NONE',  ( 132.2431406728797469, -141.5822297320248708, 68.99999991151651102 ) ) ;
#8883 = CARTESIAN_POINT ( 'NONE',  ( 133.0143883390069846, -139.6248184433190715, 69.95817965087871926 ) ) ;
#8884 = ORIENTED_EDGE ( 'NONE', *, *, #4377, .F. ) ;
#8885 = AXIS2_PLACEMENT_3D ( 'NONE', #2818, #6517, #5714 ) ;
#8886 = DIRECTION ( 'NONE',  ( 1.778958924614220093E-14, 1.000000000000000000, 0.000000000000000000 ) ) ;
#8887 = VERTEX_POINT ( 'NONE', #5177 ) ;
#8888 = ADVANCED_FACE ( 'NONE', ( #10582 ), #1425, .T. ) ;
#8889 = EDGE_LOOP ( 'NONE', ( #6303, #6940, #7267, #2244, #9692, #3126, #11148 ) ) ;
#8890 = VECTOR ( 'NONE', #3008, 1000.000000000000000 ) ;
#8891 = TOROIDAL_SURFACE ( 'NONE', #356, 5.250025253359289934, 1.000000000000000000 ) ;
#8892 = CARTESIAN_POINT ( 'NONE',  ( 131.2171133605719717, -119.4297640746489861, 62.74999974667999680 ) ) ;
#8893 = CARTESIAN_POINT ( 'NONE',  ( 132.2171133453900040, -135.4297640746490288, 70.99999991151649681 ) ) ;
#8894 = PLANE ( 'NONE',  #7604 ) ;
#8895 = ORIENTED_EDGE ( 'NONE', *, *, #11531, .F. ) ;
#8896 = CARTESIAN_POINT ( 'NONE',  ( 162.9242201265759888, -141.1368708558350136, 67.99999991151629786 ) ) ;
#8897 = LINE ( 'NONE', #3381, #7168 ) ;
#8898 = EDGE_CURVE ( 'NONE', #7310, #11519, #1316, .T. ) ;
#8899 = EDGE_CURVE ( 'NONE', #699, #10555, #5292, .T. ) ;
#8900 = CARTESIAN_POINT ( 'NONE',  ( 162.8379800399906685, -140.8779046397577019, 67.50352582596350715 ) ) ;
#8901 = LINE ( 'NONE', #4291, #3074 ) ;
#8902 = VECTOR ( 'NONE', #5148, 1000.000000000000000 ) ;
#8903 = ORIENTED_EDGE ( 'NONE', *, *, #2457, .T. ) ;
#8904 = LINE ( 'NONE', #4293, #3060 ) ;
#8905 = EDGE_LOOP ( 'NONE', ( #1621, #5025, #5784, #10785, #1109, #9599, #3916 ) ) ;
#8906 = ORIENTED_EDGE ( 'NONE', *, *, #10301, .T. ) ;
#8907 = VERTEX_POINT ( 'NONE', #11608 ) ;
#8908 = DIRECTION ( 'NONE',  ( 0.000000000000000000, 1.000000000000000000, 0.000000000000000000 ) ) ;
#8909 = DIRECTION ( 'NONE',  ( 3.973480494847761619E-15, 1.000000000000000000, 5.631063851084960468E-09 ) ) ;
#8910 = CYLINDRICAL_SURFACE ( 'NONE', #10307, 4.999999999999998224 ) ;
#8911 = ORIENTED_EDGE ( 'NONE', *, *, #3576, .F. ) ;
#8912 = DIRECTION ( 'NONE',  ( -1.745666764649140125E-15, -1.000000000000000000, 1.745666764649140125E-15 ) ) ;
#8913 = LINE ( 'NONE', #2715, #4104 ) ;
#8914 = EDGE_CURVE ( 'NONE', #7779, #6280, #10696, .T. ) ;
#8915 = ORIENTED_EDGE ( 'NONE', *, *, #1832, .T. ) ;
#8916 = EDGE_CURVE ( 'NONE', #553, #6435, #10313, .T. ) ;
#8917 = CARTESIAN_POINT ( 'NONE',  ( 163.2171133453900609, -141.8439776370221352, 70.17157278677015597 ) ) ;
#8918 = CARTESIAN_POINT ( 'NONE',  ( 162.8094094721379861, -148.2297640746490117, 105.4997837512840135 ) ) ;
#8919 = CIRCLE ( 'NONE', #9297, 0.9999999999999866773 ) ;
#8920 = VERTEX_POINT ( 'NONE', #7791 ) ;
#8921 = DIRECTION ( 'NONE',  ( -1.000000000000000000, 0.000000000000000000, 0.000000000000000000 ) ) ;
#8922 = ORIENTED_EDGE ( 'NONE', *, *, #1715, .T. ) ;
#8923 = CARTESIAN_POINT ( 'NONE',  ( 160.2171133453899756, -136.4297640746490288, 82.74999987335620233 ) ) ;
#8924 = CARTESIAN_POINT ( 'NONE',  ( 134.3317404746879333, -140.5090730463145690, 105.7546054809413931 ) ) ;
#8925 = CARTESIAN_POINT ( 'NONE',  ( 173.2171134944015023, -120.4297640215243916, 57.08879711976319271 ) ) ;
#8926 = DIRECTION ( 'NONE',  ( 0.000000000000000000, -1.000000000000000000, -6.573933234426810631E-15 ) ) ;
#8927 = CARTESIAN_POINT ( 'NONE',  ( 162.6374111171329844, -140.2809429988070065, 67.13158768437979518 ) ) ;
#8928 = PLANE ( 'NONE',  #7698 ) ;
#8929 = LINE ( 'NONE', #606, #9269 ) ;
#8930 = VERTEX_POINT ( 'NONE', #503 ) ;
#8931 = EDGE_CURVE ( 'NONE', #6407, #6280, #9652, .T. ) ;
#8932 = LINE ( 'NONE', #11599, #6868 ) ;
#8933 = EDGE_LOOP ( 'NONE', ( #7923, #8555, #10300, #11506, #6922 ) ) ;
#8934 = CARTESIAN_POINT ( 'NONE',  ( 131.9171131927750196, -154.2297640746490117, 103.7997837512839965 ) ) ;
#8935 = CARTESIAN_POINT ( 'NONE',  ( 134.2171133453900040, -140.4297640215119998, 103.6640621592560052 ) ) ;
#8936 = CARTESIAN_POINT ( 'NONE',  ( 161.2171133453899756, -138.0155505122760076, 78.81249988289620489 ) ) ;
#8937 = CARTESIAN_POINT ( 'NONE',  ( 162.9674195099729843, -141.0614477555140240, 69.49767125025390158 ) ) ;
#8938 = LINE ( 'NONE', #2220, #6142 ) ;
#8939 = CARTESIAN_POINT ( 'NONE',  ( 162.3677708826299977, -132.0969567164432021, 53.47602185630490368 ) ) ;
#8940 = ORIENTED_EDGE ( 'NONE', *, *, #253, .T. ) ;
#8941 = LINE ( 'NONE', #5055, #723 ) ;
#8942 = AXIS2_PLACEMENT_3D ( 'NONE', #6797, #4001, #4842 ) ;
#8943 = ORIENTED_EDGE ( 'NONE', *, *, #6067, .T. ) ;
#8944 = DIRECTION ( 'NONE',  ( -5.534080898362640505E-19, -1.000000000000000000, 1.527479348228904905E-16 ) ) ;
#8945 = ORIENTED_EDGE ( 'NONE', *, *, #9850, .T. ) ;
#8946 = ADVANCED_FACE ( 'NONE', ( #3433 ), #10028, .F. ) ;
#8947 = DIRECTION ( 'NONE',  ( 7.837598063934172149E-15, 0.003622991423310737910, 0.9999934369450365068 ) ) ;
#8948 = CARTESIAN_POINT ( 'NONE',  ( 122.2171131963784063, -140.4262129510826185, 58.25000000000000000 ) ) ;
#8949 = EDGE_LOOP ( 'NONE', ( #11283, #8079, #4835, #9427 ) ) ;
#8950 = DIRECTION ( 'NONE',  ( 0.000000000000000000, 0.000000000000000000, 1.000000000000000000 ) ) ;
#8951 = LINE ( 'NONE', #878, #7746 ) ;
#8952 = VECTOR ( 'NONE', #5923, 1000.000000000000000 ) ;
#8953 = ADVANCED_FACE ( 'NONE', ( #7912 ), #5975, .F. ) ;
#8954 = EDGE_CURVE ( 'NONE', #8697, #3518, #8941, .T. ) ;
#8955 = LINE ( 'NONE', #3622, #6187 ) ;
#8956 = DIRECTION ( 'NONE',  ( 2.602085213964869829E-17, 1.000000000000000000, -1.526556658859589750E-16 ) ) ;
#8957 = CARTESIAN_POINT ( 'NONE',  ( 138.4751040480451820, -123.4297640215111898, 62.10199319125020168 ) ) ;
#8958 = ORIENTED_EDGE ( 'NONE', *, *, #5018, .F. ) ;
#8959 = CARTESIAN_POINT ( 'NONE',  ( 163.2171133453900040, -141.8439776370219931, 68.99999991151629786 ) ) ;
#8960 = ORIENTED_EDGE ( 'NONE', *, *, #6482, .T. ) ;
#8961 = ORIENTED_EDGE ( 'NONE', *, *, #6013, .F. ) ;
#8962 = ORIENTED_EDGE ( 'NONE', *, *, #8309, .F. ) ;
#8963 = EDGE_CURVE ( 'NONE', #3096, #4598, #11385, .T. ) ;
#8964 = CARTESIAN_POINT ( 'NONE',  ( 132.2932516600345707, -141.4613015636570026, 67.99999991151649681 ) ) ;
#8965 = CARTESIAN_POINT ( 'NONE',  ( 131.9466248479558033, -148.9298859776444033, 50.25265112427409520 ) ) ;
#8966 = FACE_OUTER_BOUND ( 'NONE', #6594, .T. ) ;
#8967 = VERTEX_POINT ( 'NONE', #9907 ) ;
#8968 = DIRECTION ( 'NONE',  ( -0.7071067811865789920, -0.7071067811865159314, -4.648472767960789702E-15 ) ) ;
#8969 = ORIENTED_EDGE ( 'NONE', *, *, #7635, .T. ) ;
#8970 = VECTOR ( 'NONE', #5766, 1000.000000000000000 ) ;
#8971 = DIRECTION ( 'NONE',  ( 7.166576360129189239E-17, -1.526556658859589750E-16, -1.000000000000000000 ) ) ;
#8972 = CARTESIAN_POINT ( 'NONE',  ( 135.1115405363898958, -138.0155505122760076, 67.55278631601652251 ) ) ;
#8973 = ORIENTED_EDGE ( 'NONE', *, *, #10520, .F. ) ;
#8974 = CARTESIAN_POINT ( 'NONE',  ( 135.1768364872669963, -145.4297640215119714, 116.1643259181419978 ) ) ;
#8975 = EDGE_LOOP ( 'NONE', ( #8884, #3336, #8635, #11548 ) ) ;
#8976 = EDGE_CURVE ( 'NONE', #10260, #5168, #1606, .T. ) ;
#8977 = VECTOR ( 'NONE', #463, 1000.000000000000000 ) ;
#8978 = ADVANCED_FACE ( 'NONE', ( #3192 ), #9834, .F. ) ;
#8979 = LINE ( 'NONE', #6485, #3006 ) ;
#8980 = FACE_OUTER_BOUND ( 'NONE', #5004, .T. ) ;
#8981 = DIRECTION ( 'NONE',  ( -7.166576360129189239E-17, 1.526556658859589750E-16, 1.000000000000000000 ) ) ;
#8982 = AXIS2_PLACEMENT_3D ( 'NONE', #7314, #3553, #10033 ) ;
#8983 = DIRECTION ( 'NONE',  ( 0.008142047127310658022, 7.930164461608264384E-15, -0.9999668529849260468 ) ) ;
#8984 = DIRECTION ( 'NONE',  ( -4.849173379634530258E-15, 1.000000000000000000, 6.881851277481381070E-15 ) ) ;
#8985 = ORIENTED_EDGE ( 'NONE', *, *, #7937, .F. ) ;
#8986 = EDGE_CURVE ( 'NONE', #10970, #8750, #8211, .T. ) ;
#8987 = DIRECTION ( 'NONE',  ( -6.331740684495599567E-17, 1.000000000000000000, -6.331740670771968823E-17 ) ) ;
#8988 = CIRCLE ( 'NONE', #1442, 5.250025253359297039 ) ;
#8989 = AXIS2_PLACEMENT_3D ( 'NONE', #179, #1158, #3949 ) ;
#8990 = LINE ( 'NONE', #11657, #8227 ) ;
#8991 = ORIENTED_EDGE ( 'NONE', *, *, #3406, .F. ) ;
#8992 = FACE_OUTER_BOUND ( 'NONE', #28, .T. ) ;
#8993 = CARTESIAN_POINT ( 'NONE',  ( 175.2171133453905156, -114.8297640215111954, 62.24960223581919649 ) ) ;
#8994 = LINE ( 'NONE', #3541, #7844 ) ;
#8995 = CARTESIAN_POINT ( 'NONE',  ( 163.1572383906650145, -141.4329535362309969, 69.21067577145331029 ) ) ;
#8996 = DIRECTION ( 'NONE',  ( 1.000000000000000000, -2.602085213964839630E-17, 2.334670139474400226E-15 ) ) ;
#8997 = LINE ( 'NONE', #10999, #1915 ) ;
#8998 = ORIENTED_EDGE ( 'NONE', *, *, #8243, .F. ) ;
#8999 = CIRCLE ( 'NONE', #8811, 24.75044811291361313 ) ;
#9000 = CARTESIAN_POINT ( 'NONE',  ( 158.5171131927750139, -148.4297640746490003, 103.7997837512839965 ) ) ;
#9001 = VECTOR ( 'NONE', #5563, 1000.000000000000000 ) ;
#9002 = EDGE_LOOP ( 'NONE', ( #9115, #1383, #10971, #10402 ) ) ;
#9003 = ORIENTED_EDGE ( 'NONE', *, *, #7096, .F. ) ;
#9004 = ADVANCED_FACE ( 'NONE', ( #3548 ), #3495, .F. ) ;
#9005 = CARTESIAN_POINT ( 'NONE',  ( 132.2171133453900040, -146.9297640480800169, 96.26432591814190687 ) ) ;
#9006 = CARTESIAN_POINT ( 'NONE',  ( 154.6834021859320103, -140.4297640215119998, 112.4405461112039859 ) ) ;
#9007 = ORIENTED_EDGE ( 'NONE', *, *, #4046, .T. ) ;
#9008 =( BOUNDED_CURVE ( )  B_SPLINE_CURVE ( 3, ( #66, #7484, #1040, #4741 ),
 .UNSPECIFIED., .F., .T. ) 
 B_SPLINE_CURVE_WITH_KNOTS ( ( 4, 4 ),
 ( 0.7853981633974599363, 1.570796326794895004 ),
 .UNSPECIFIED. ) 
 CURVE ( )  GEOMETRIC_REPRESENTATION_ITEM ( )  RATIONAL_B_SPLINE_CURVE ( ( 1.000000000000000000, 0.9492530216741930094, 0.9492530216741930094, 1.000000000000000000 ) ) 
 REPRESENTATION_ITEM ( '' )  );
#9009 = AXIS2_PLACEMENT_3D ( 'NONE', #5350, #8025, #1480 ) ;
#9010 = FACE_OUTER_BOUND ( 'NONE', #1374, .T. ) ;
#9011 = CARTESIAN_POINT ( 'NONE',  ( 165.3236018428179932, -114.4297640215112040, 60.17765112427590424 ) ) ;
#9012 = CARTESIAN_POINT ( 'NONE',  ( 156.9591226427349966, -114.6297640215114058, 62.10199319125020168 ) ) ;
#9013 = DIRECTION ( 'NONE',  ( 0.000000000000000000, 6.573933234426810631E-15, -1.000000000000000000 ) ) ;
#9014 = CARTESIAN_POINT ( 'NONE',  ( 133.2171133453900040, -134.4297640746490288, 69.99999991151649681 ) ) ;
#9015 = ORIENTED_EDGE ( 'NONE', *, *, #490, .F. ) ;
#9016 = EDGE_CURVE ( 'NONE', #4676, #4467, #5480, .T. ) ;
#9017 = CYLINDRICAL_SURFACE ( 'NONE', #6347, 0.9999999999999866773 ) ;
#9018 = ORIENTED_EDGE ( 'NONE', *, *, #9495, .F. ) ;
#9019 = VECTOR ( 'NONE', #10863, 1000.000000000000000 ) ;
#9020 = ORIENTED_EDGE ( 'NONE', *, *, #3672, .T. ) ;
#9021 = EDGE_CURVE ( 'NONE', #11065, #11076, #3475, .T. ) ;
#9022 = EDGE_CURVE ( 'NONE', #8518, #2176, #4991, .T. ) ;
#9023 = ORIENTED_EDGE ( 'NONE', *, *, #11189, .F. ) ;
#9024 = FACE_OUTER_BOUND ( 'NONE', #3563, .T. ) ;
#9025 = DIRECTION ( 'NONE',  ( 0.000000000000000000, 1.000000000000000000, -2.366582715663040321E-30 ) ) ;
#9026 = LINE ( 'NONE', #4415, #10497 ) ;
#9027 = EDGE_LOOP ( 'NONE', ( #1185, #10453, #7330, #6789 ) ) ;
#9028 = EDGE_LOOP ( 'NONE', ( #5862, #10410, #4280, #3610, #8793, #1451, #8961, #11601, #5864, #11056, #7929, #6793, #8836, #2847, #10055, #495, #9556, #7015, #11964, #9165, #6237, #4600, #1340, #6770, #2638, #5701, #9251, #5314, #1596, #10888, #6618, #350, #1940, #2235, #2651, #7485 ) ) ;
#9029 = DIRECTION ( 'NONE',  ( -2.602085213964869829E-17, -1.000000000000000000, 1.526556658859589750E-16 ) ) ;
#9030 = CIRCLE ( 'NONE', #10572, 3.099999999999991651 ) ;
#9031 = ORIENTED_EDGE ( 'NONE', *, *, #658, .F. ) ;
#9032 = DIRECTION ( 'NONE',  ( 0.000000000000000000, 1.000000000000000000, -1.526556658859589750E-16 ) ) ;
#9033 = CARTESIAN_POINT ( 'NONE',  ( 162.2171133453900040, -135.4297640746490288, 81.87502511535329575 ) ) ;
#9034 = ADVANCED_FACE ( 'NONE', ( #8155 ), #3608, .F. ) ;
#9035 = ORIENTED_EDGE ( 'NONE', *, *, #3122, .T. ) ;
#9036 = DIRECTION ( 'NONE',  ( -1.000000000000000000, -9.644381700056128764E-17, -3.997519546286559803E-13 ) ) ;
#9037 = CONICAL_SURFACE ( 'NONE', #8451, 24.95049366970479809, 0.7853981633974469467 ) ;
#9038 = VERTEX_POINT ( 'NONE', #4393 ) ;
#9039 = CARTESIAN_POINT ( 'NONE',  ( 155.4671133340039830, -119.4297640746489861, 71.99999985651460577 ) ) ;
#9040 = DIRECTION ( 'NONE',  ( 1.000000000000000000, -3.480590576041360211E-15, 7.166576360129239776E-17 ) ) ;
#9041 = DIRECTION ( 'NONE',  ( 5.947210316807140508E-15, 1.000000000000000000, -1.526556658859589750E-16 ) ) ;
#9042 = DIRECTION ( 'NONE',  ( 0.000000000000000000, 0.7071067811865521247, 0.7071067811865430208 ) ) ;
#9043 = LINE ( 'NONE', #6140, #9019 ) ;
#9044 = AXIS2_PLACEMENT_3D ( 'NONE', #5627, #2913, #11707 ) ;
#9045 = EDGE_CURVE ( 'NONE', #7278, #11179, #868, .T. ) ;
#9046 = CARTESIAN_POINT ( 'NONE',  ( 130.2171133453899756, -134.0920877878091915, 62.25000000000000000 ) ) ;
#9047 = EDGE_CURVE ( 'NONE', #6028, #10601, #2323, .T. ) ;
#9048 = DIRECTION ( 'NONE',  ( 0.000000000000000000, 1.000000000000000000, -1.526556658859589750E-16 ) ) ;
#9049 = CIRCLE ( 'NONE', #11374, 2.449999999999986855 ) ;
#9050 = VERTEX_POINT ( 'NONE', #10942 ) ;
#9051 = LINE ( 'NONE', #4441, #11318 ) ;
#9052 = ORIENTED_EDGE ( 'NONE', *, *, #11242, .F. ) ;
#9053 = DIRECTION ( 'NONE',  ( 0.000000000000000000, -2.327875578288750051E-16, -1.000000000000000000 ) ) ;
#9054 = CARTESIAN_POINT ( 'NONE',  ( 160.5100065642035077, -138.0155505122760076, 67.29289313032980147 ) ) ;
#9055 = DIRECTION ( 'NONE',  ( 0.4397326120323201137, -0.1821432117215256719, 0.8794652240646018138 ) ) ;
#9056 = EDGE_LOOP ( 'NONE', ( #9732, #7140 ) ) ;
#9057 = CARTESIAN_POINT ( 'NONE',  ( 162.4389763972010030, -139.0123064912939981, 69.99919499380389709 ) ) ;
#9058 = DIRECTION ( 'NONE',  ( 1.000000000000000000, 0.000000000000000000, 0.000000000000000000 ) ) ;
#9059 = ADVANCED_FACE ( 'NONE', ( #2643 ), #8093, .T. ) ;
#9060 = ORIENTED_EDGE ( 'NONE', *, *, #9779, .T. ) ;
#9061 = VECTOR ( 'NONE', #245, 1000.000000000000000 ) ;
#9062 = CYLINDRICAL_SURFACE ( 'NONE', #6167, 1.000000000000006217 ) ;
#9063 = ORIENTED_EDGE ( 'NONE', *, *, #8499, .T. ) ;
#9064 = ORIENTED_EDGE ( 'NONE', *, *, #1420, .T. ) ;
#9065 = DIRECTION ( 'NONE',  ( 0.000000000000000000, -2.336840784622119857E-30, -1.000000000000000000 ) ) ;
#9066 = CARTESIAN_POINT ( 'NONE',  ( 163.0571133453900075, -144.5297640215119941, 65.95898615365621254 ) ) ;
#9067 = ORIENTED_EDGE ( 'NONE', *, *, #1017, .T. ) ;
#9068 = AXIS2_PLACEMENT_3D ( 'NONE', #11760, #9211, #1640 ) ;
#9069 = CARTESIAN_POINT ( 'NONE',  ( 138.3512704065659875, -144.2951370031900069, 106.3071858958710010 ) ) ;
#9070 = LINE ( 'NONE', #755, #2532 ) ;
#9071 = CARTESIAN_POINT ( 'NONE',  ( 158.5171131927750139, -148.0297640746490231, 103.7997837512839965 ) ) ;
#9072 = CARTESIAN_POINT ( 'NONE',  ( 122.6011327726860856, -151.6157431985818391, 64.74999999999933209 ) ) ;
#9073 = CARTESIAN_POINT ( 'NONE',  ( 160.1768364872659731, -145.4297640215119714, 116.1644502228040068 ) ) ;
#9074 = FACE_OUTER_BOUND ( 'NONE', #6577, .T. ) ;
#9075 = ORIENTED_EDGE ( 'NONE', *, *, #4440, .F. ) ;
#9076 = CARTESIAN_POINT ( 'NONE',  ( 132.2171133453900040, -144.5297640215119941, 84.20809162548380300 ) ) ;
#9077 = EDGE_LOOP ( 'NONE', ( #5729, #3408, #2883, #8467, #5779, #2899, #7401 ) ) ;
#9078 = AXIS2_PLACEMENT_3D ( 'NONE', #10102, #11918, #8106 ) ;
#9079 = VECTOR ( 'NONE', #8283, 1000.000000000000000 ) ;
#9080 = ORIENTED_EDGE ( 'NONE', *, *, #8428, .T. ) ;
#9081 =( BOUNDED_CURVE ( )  B_SPLINE_CURVE ( 3, ( #9323, #10237, #6605, #10476 ),
 .UNSPECIFIED., .F., .T. ) 
 B_SPLINE_CURVE_WITH_KNOTS ( ( 4, 4 ),
 ( 3.575598431984815303E-15, 1.126157883263460002 ),
 .UNSPECIFIED. ) 
 CURVE ( )  GEOMETRIC_REPRESENTATION_ITEM ( )  RATIONAL_B_SPLINE_CURVE ( ( 1.000000000000000000, 0.8970770709083980554, 0.8970770709083980554, 1.000000000000000000 ) ) 
 REPRESENTATION_ITEM ( '' )  );
#9082 = ORIENTED_EDGE ( 'NONE', *, *, #11465, .T. ) ;
#9083 = CARTESIAN_POINT ( 'NONE',  ( 168.6298797530100160, -114.9297640215113887, 55.80000000000003979 ) ) ;
#9084 = CARTESIAN_POINT ( 'NONE',  ( 134.2171133453900040, -153.4297640746490003, 103.6640621592560052 ) ) ;
#9085 = LINE ( 'NONE', #1693, #5267 ) ;
#9086 = EDGE_CURVE ( 'NONE', #6071, #10539, #1669, .T. ) ;
#9087 = ORIENTED_EDGE ( 'NONE', *, *, #3766, .T. ) ;
#9088 = VECTOR ( 'NONE', #2281, 1000.000000000000000 ) ;
#9089 = DIRECTION ( 'NONE',  ( -0.7071067811865475727, 0.000000000000000000, 0.7071067811865475727 ) ) ;
#9090 = VERTEX_POINT ( 'NONE', #2706 ) ;
#9091 = LINE ( 'NONE', #4656, #4002 ) ;
#9092 = CARTESIAN_POINT ( 'NONE',  ( 153.9671133453900040, -119.4297640746489861, 99.26432591814190687 ) ) ;
#9093 = ORIENTED_EDGE ( 'NONE', *, *, #11401, .T. ) ;
#9094 = CARTESIAN_POINT ( 'NONE',  ( 163.2171133453899756, -139.0155505122760076, 66.26180052586055069 ) ) ;
#9095 = CIRCLE ( 'NONE', #5409, 0.5999999999999894307 ) ;
#9096 = AXIS2_PLACEMENT_3D ( 'NONE', #7514, #9508, #97 ) ;
#9097 = EDGE_LOOP ( 'NONE', ( #4866, #10689, #3802, #4829 ) ) ;
#9098 = CARTESIAN_POINT ( 'NONE',  ( 161.2171133453899756, -138.0155505122760076, 67.99999991151629786 ) ) ;
#9099 = CARTESIAN_POINT ( 'NONE',  ( 154.4671131813890099, -154.4297640746490003, 112.6643259181419978 ) ) ;
#9100 = EDGE_CURVE ( 'NONE', #7328, #3889, #11114, .T. ) ;
#9101 = DIRECTION ( 'NONE',  ( 2.602085213964864899E-17, 1.000000000000000000, -1.526556658859589750E-16 ) ) ;
#9102 = DIRECTION ( 'NONE',  ( 0.000000000000000000, 1.000000000000000000, -2.327875578288750051E-16 ) ) ;
#9103 = CARTESIAN_POINT ( 'NONE',  ( 162.5448647640011757, -153.3944049885361665, 66.85494753292542214 ) ) ;
#9104 = EDGE_CURVE ( 'NONE', #4598, #7945, #6519, .T. ) ;
#9105 = AXIS2_PLACEMENT_3D ( 'NONE', #9890, #1711, #4257 ) ;
#9106 = EDGE_CURVE ( 'NONE', #1007, #7945, #7895, .T. ) ;
#9107 = LINE ( 'NONE', #2567, #4590 ) ;
#9108 = CARTESIAN_POINT ( 'NONE',  ( 130.1106248479624128, -114.4297640215114029, 60.17765112427590424 ) ) ;
#9109 = VERTEX_POINT ( 'NONE', #10090 ) ;
#9110 = EDGE_CURVE ( 'NONE', #842, #4851, #5540, .T. ) ;
#9111 = CARTESIAN_POINT ( 'NONE',  ( 162.8094094721379861, -148.2297640746490117, 102.0997837512840078 ) ) ;
#9112 = ORIENTED_EDGE ( 'NONE', *, *, #4282, .F. ) ;
#9113 = CARTESIAN_POINT ( 'NONE',  ( 162.8236018428179932, -114.4297640215112040, 60.27765112427590566 ) ) ;
#9114 = CARTESIAN_POINT ( 'NONE',  ( 133.4132901639879947, -147.1833324234449947, 54.47436513418849557 ) ) ;
#9115 = ORIENTED_EDGE ( 'NONE', *, *, #5431, .F. ) ;
#9116 = DIRECTION ( 'NONE',  ( 0.000000000000000000, 0.7071067811865452413, 0.7071067811865497932 ) ) ;
#9117 = DIRECTION ( 'NONE',  ( 1.000000000000000000, -2.602085213964869829E-17, 7.166576360129189239E-17 ) ) ;
#9118 = DIRECTION ( 'NONE',  ( 1.654362013966960203E-24, -6.573933234426810631E-15, 1.000000000000000000 ) ) ;
#9119 = VERTEX_POINT ( 'NONE', #3727 ) ;
#9120 = CARTESIAN_POINT ( 'NONE',  ( 160.1768364872659731, -140.9297640215119998, 114.2144502228039897 ) ) ;
#9121 = ORIENTED_EDGE ( 'NONE', *, *, #11646, .T. ) ;
#9122 = ORIENTED_EDGE ( 'NONE', *, *, #7065, .T. ) ;
#9123 = EDGE_CURVE ( 'NONE', #8728, #9354, #2821, .T. ) ;
#9124 = CARTESIAN_POINT ( 'NONE',  ( 171.2171132998449821, -153.4297640746490003, 100.7500000000320028 ) ) ;
#9125 = CARTESIAN_POINT ( 'NONE',  ( 163.2171133453900040, -144.5297640215119941, 67.14091634279270693 ) ) ;
#9126 = EDGE_CURVE ( 'NONE', #5255, #3689, #10206, .T. ) ;
#9127 = ORIENTED_EDGE ( 'NONE', *, *, #841, .F. ) ;
#9128 = CARTESIAN_POINT ( 'NONE',  ( 136.1748657011680166, -143.3684935345730196, 107.6781076312250036 ) ) ;
#9129 = CARTESIAN_POINT ( 'NONE',  ( 132.6106248479624128, -117.4297640215114029, 60.17765112427590424 ) ) ;
#9130 = DIRECTION ( 'NONE',  ( 0.7071067811865475727, -0.7071067811865475727, 0.000000000000000000 ) ) ;
#9131 = DIRECTION ( 'NONE',  ( 6.331740687315568994E-17, -1.000000000000000000, 6.331740687315779768E-17 ) ) ;
#9132 = FACE_OUTER_BOUND ( 'NONE', #1276, .T. ) ;
#9133 = DIRECTION ( 'NONE',  ( -1.000000000000000000, 0.000000000000000000, -7.166576360130759565E-17 ) ) ;
#9134 = EDGE_LOOP ( 'NONE', ( #6836, #11628, #8173 ) ) ;
#9135 = CARTESIAN_POINT ( 'NONE',  ( 163.1867387273269969, -132.6704041748513987, 51.11866876023839978 ) ) ;
#9136 = VERTEX_POINT ( 'NONE', #5596 ) ;
#9137 = BREP_WITH_VOIDS ( 'NONE', #1344, ( #4870 ) );
#9138 = EDGE_LOOP ( 'NONE', ( #4303, #10282, #813, #10464 ) ) ;
#9139 = ORIENTED_EDGE ( 'NONE', *, *, #10507, .F. ) ;
#9140 = CARTESIAN_POINT ( 'NONE',  ( 160.7476198145120065, -121.1841563074749786, 58.87431807257582506 ) ) ;
#9141 = CARTESIAN_POINT ( 'NONE',  ( 132.6248169134119905, -148.2297640746490117, 102.0997837512840078 ) ) ;
#9142 = DIRECTION ( 'NONE',  ( -3.160768215787710164E-15, -1.000000000000000000, -6.351909800628989903E-14 ) ) ;
#9143 = ADVANCED_FACE ( 'NONE', ( #2152 ), #9062, .T. ) ;
#9144 = ORIENTED_EDGE ( 'NONE', *, *, #115, .F. ) ;
#9145 = ORIENTED_EDGE ( 'NONE', *, *, #2008, .F. ) ;
#9146 = CYLINDRICAL_SURFACE ( 'NONE', #5702, 4.999999999999998224 ) ;
#9147 = ORIENTED_EDGE ( 'NONE', *, *, #5384, .T. ) ;
#9148 = DIRECTION ( 'NONE',  ( 1.000000000000000000, -2.602085213964869829E-17, 7.166576360129189239E-17 ) ) ;
#9149 = CARTESIAN_POINT ( 'NONE',  ( 160.1768364872659731, -140.4297640215119998, 114.2144502228039897 ) ) ;
#9150 = TOROIDAL_SURFACE ( 'NONE', #8183, 0.9000000000000000222, 0.5999999999999999778 ) ;
#9151 = EDGE_LOOP ( 'NONE', ( #3267, #8270, #3146, #4783 ) ) ;
#9152 =( BOUNDED_CURVE ( )  B_SPLINE_CURVE ( 3, ( #5059, #4099, #8831, #10648 ),
 .UNSPECIFIED., .F., .T. ) 
 B_SPLINE_CURVE_WITH_KNOTS ( ( 4, 4 ),
 ( 0.9332950502743160293, 1.564037455445230096 ),
 .UNSPECIFIED. ) 
 CURVE ( )  GEOMETRIC_REPRESENTATION_ITEM ( )  RATIONAL_B_SPLINE_CURVE ( ( 1.000000000000000000, 0.9671208724905299148, 0.9671208724905299148, 1.000000000000000000 ) ) 
 REPRESENTATION_ITEM ( '' )  );
#9153 = CARTESIAN_POINT ( 'NONE',  ( 163.2171133453900040, -139.0155505122760076, 65.99999991151629786 ) ) ;
#9154 = ORIENTED_EDGE ( 'NONE', *, *, #4604, .F. ) ;
#9155 = CARTESIAN_POINT ( 'NONE',  ( 121.2171133453895919, -149.4460613007626080, 64.75000000000000000 ) ) ;
#9156 = VECTOR ( 'NONE', #6042, 1000.000000000000000 ) ;
#9157 = CARTESIAN_POINT ( 'NONE',  ( 133.0402023749483646, -122.6068384297223446, 62.74067542603275882 ) ) ;
#9158 = DIRECTION ( 'NONE',  ( -1.000000000000000000, 0.000000000000000000, 8.125761577746330715E-13 ) ) ;
#9159 = DIRECTION ( 'NONE',  ( 0.7071067811865779928, -0.7071067811865170416, 1.836723418458359919E-16 ) ) ;
#9160 = DIRECTION ( 'NONE',  ( 5.947210316807140508E-15, 1.000000000000000000, -1.526556658859829860E-16 ) ) ;
#9161 = EDGE_CURVE ( 'NONE', #7148, #7814, #11557, .T. ) ;
#9162 = EDGE_CURVE ( 'NONE', #9050, #6392, #129, .T. ) ;
#9163 = EDGE_CURVE ( 'NONE', #3265, #2363, #11163, .T. ) ;
#9164 = CARTESIAN_POINT ( 'NONE',  ( 132.2171133453900040, -140.4297640215119998, 102.7500000000329976 ) ) ;
#9165 = ORIENTED_EDGE ( 'NONE', *, *, #9618, .F. ) ;
#9166 = CARTESIAN_POINT ( 'NONE',  ( 162.3992644362360522, -139.5634112321168061, 67.03346012960301437 ) ) ;
#9167 = DIRECTION ( 'NONE',  ( -3.795365069985939951E-10, 0.000000000000000000, 1.000000000000000000 ) ) ;
#9168 = LINE ( 'NONE', #4561, #2245 ) ;
#9169 = EDGE_LOOP ( 'NONE', ( #4351, #2100 ) ) ;
#9170 = LINE ( 'NONE', #7594, #4253 ) ;
#9171 = CARTESIAN_POINT ( 'NONE',  ( 132.3433269686887286, -141.3403586391177384, 68.99999991151651102 ) ) ;
#9172 = PLANE ( 'NONE',  #9848 ) ;
#9173 = VERTEX_POINT ( 'NONE', #1168 ) ;
#9174 = CARTESIAN_POINT ( 'NONE',  ( 162.9242201265759888, -141.1368708558350136, 68.99999991151629786 ) ) ;
#9175 = EDGE_CURVE ( 'NONE', #10848, #1879, #1103, .T. ) ;
#9176 = VERTEX_POINT ( 'NONE', #1227 ) ;
#9177 = AXIS2_PLACEMENT_3D ( 'NONE', #2920, #11155, #6670 ) ;
#9178 = CIRCLE ( 'NONE', #4717, 11.59999999999999964 ) ;
#9179 = EDGE_LOOP ( 'NONE', ( #2210, #7615, #11345, #4190 ) ) ;
#9180 = DIRECTION ( 'NONE',  ( -3.386353399394419756E-16, 1.000000000000000000, 6.503570184326940775E-15 ) ) ;
#9181 = LINE ( 'NONE', #7974, #8580 ) ;
#9182 = ORIENTED_EDGE ( 'NONE', *, *, #640, .F. ) ;
#9183 = CARTESIAN_POINT ( 'NONE',  ( 136.1768285230070319, -143.3701826227380138, 106.3076996213039962 ) ) ;
#9184 = CARTESIAN_POINT ( 'NONE',  ( 139.0809763977498505, -145.2283319305556404, 111.3357572552888968 ) ) ;
#9185 = AXIS2_PLACEMENT_3D ( 'NONE', #1349, #482, #1465 ) ;
#9186 = CARTESIAN_POINT ( 'NONE',  ( 132.2171133453900040, -148.3795071393270177, 55.40242306637720304 ) ) ;
#9187 = CIRCLE ( 'NONE', #10544, 0.5899999999999971934 ) ;
#9188 = PLANE ( 'NONE',  #9414 ) ;
#9189 = DIRECTION ( 'NONE',  ( -2.602085213964874759E-17, -1.000000000000000000, 1.526556658859589750E-16 ) ) ;
#9190 = VERTEX_POINT ( 'NONE', #8511 ) ;
#9191 = FACE_OUTER_BOUND ( 'NONE', #9719, .T. ) ;
#9192 = EDGE_CURVE ( 'NONE', #10809, #2670, #3959, .T. ) ;
#9193 = EDGE_CURVE ( 'NONE', #2088, #1879, #8872, .T. ) ;
#9194 = ORIENTED_EDGE ( 'NONE', *, *, #1307, .F. ) ;
#9195 = ORIENTED_EDGE ( 'NONE', *, *, #3785, .F. ) ;
#9196 = AXIS2_PLACEMENT_3D ( 'NONE', #4302, #3160, #4118 ) ;
#9197 = ORIENTED_EDGE ( 'NONE', *, *, #7065, .F. ) ;
#9198 = AXIS2_PLACEMENT_3D ( 'NONE', #8658, #6900, #329 ) ;
#9199 = CARTESIAN_POINT ( 'NONE',  ( 160.5169614281717543, -120.8968702565002076, 59.31253087613750807 ) ) ;
#9200 = DIRECTION ( 'NONE',  ( 3.160768215787150073E-15, 1.000000000000000000, 0.000000000000000000 ) ) ;
#9201 = CARTESIAN_POINT ( 'NONE',  ( 162.3677708826299977, -142.0537471289034102, 53.47602185630480420 ) ) ;
#9202 = ORIENTED_EDGE ( 'NONE', *, *, #1222, .F. ) ;
#9203 = VERTEX_POINT ( 'NONE', #3900 ) ;
#9204 = DIRECTION ( 'NONE',  ( -1.000000000000000000, 3.480590576041360211E-15, -7.166576360129239776E-17 ) ) ;
#9205 = CARTESIAN_POINT ( 'NONE',  ( 120.2171133453893930, -129.9467472432703801, 64.75000000000000000 ) ) ;
#9206 = CARTESIAN_POINT ( 'NONE',  ( 134.8495688774236783, -138.6480060443096818, 67.55278631601652251 ) ) ;
#9207 = VECTOR ( 'NONE', #3415, 1000.000000000000000 ) ;
#9208 = VECTOR ( 'NONE', #1597, 1000.000000000000000 ) ;
#9209 = EDGE_CURVE ( 'NONE', #11978, #257, #927, .T. ) ;
#9210 = ORIENTED_EDGE ( 'NONE', *, *, #10250, .T. ) ;
#9211 = DIRECTION ( 'NONE',  ( 0.5735764363510417185, -0.8191520442889947962, -6.082239591783711614E-15 ) ) ;
#9212 = ORIENTED_EDGE ( 'NONE', *, *, #40, .F. ) ;
#9213 = CARTESIAN_POINT ( 'NONE',  ( 162.0209365267924966, -147.1833324234449947, 54.47436513418849557 ) ) ;
#9214 = CARTESIAN_POINT ( 'NONE',  ( 162.9361387140300224, -114.6989756610148135, 57.54701089960399685 ) ) ;
#9215 = AXIS2_PLACEMENT_3D ( 'NONE', #5094, #6701, #6637 ) ;
#9216 = CARTESIAN_POINT ( 'NONE',  ( 133.8211924928857854, -121.8207562493955862, 62.46634032126664238 ) ) ;
#9217 = CARTESIAN_POINT ( 'NONE',  ( 132.3433269686866822, -141.3403586391207796, 67.99999991151645418 ) ) ;
#9218 = CARTESIAN_POINT ( 'NONE',  ( 163.2171133453900040, -119.4297640746489861, 62.74999974667980496 ) ) ;
#9219 =( BOUNDED_CURVE ( )  B_SPLINE_CURVE ( 3, ( #4646, #4701, #2958, #5735 ),
 .UNSPECIFIED., .F., .T. ) 
 B_SPLINE_CURVE_WITH_KNOTS ( ( 4, 4 ),
 ( 3.797643036909780347E-15, 1.126157883263463999 ),
 .UNSPECIFIED. ) 
 CURVE ( )  GEOMETRIC_REPRESENTATION_ITEM ( )  RATIONAL_B_SPLINE_CURVE ( ( 1.000000000000000000, 0.8970770709083970562, 0.8970770709083970562, 1.000000000000000000 ) ) 
 REPRESENTATION_ITEM ( '' )  );
#9220 = EDGE_CURVE ( 'NONE', #2165, #1154, #2994, .T. ) ;
#9221 = VECTOR ( 'NONE', #7803, 1000.000000000000000 ) ;
#9222 = LINE ( 'NONE', #9108, #9452 ) ;
#9223 = ORIENTED_EDGE ( 'NONE', *, *, #920, .T. ) ;
#9224 = LINE ( 'NONE', #2571, #7263 ) ;
#9225 = ORIENTED_EDGE ( 'NONE', *, *, #8657, .F. ) ;
#9226 = VECTOR ( 'NONE', #3666, 1000.000000000000000 ) ;
#9227 = CARTESIAN_POINT ( 'NONE',  ( 121.1489955666119869, -150.3616462958709974, 108.6871770333520004 ) ) ;
#9228 = ADVANCED_FACE ( 'NONE', ( #10503 ), #140, .F. ) ;
#9229 = CARTESIAN_POINT ( 'NONE',  ( 171.7734159773514762, -125.4297640215112040, 63.75000000000000000 ) ) ;
#9230 = ORIENTED_EDGE ( 'NONE', *, *, #2645, .T. ) ;
#9231 = DIRECTION ( 'NONE',  ( 0.7071067811865489050, 0.7071067811865460184, 2.734006972991429756E-15 ) ) ;
#9232 = CARTESIAN_POINT ( 'NONE',  ( 132.2171133453900040, -139.0155505122760076, 65.99999991151649681 ) ) ;
#9233 = EDGE_CURVE ( 'NONE', #1058, #5546, #9008, .T. ) ;
#9234 = FACE_OUTER_BOUND ( 'NONE', #4479, .T. ) ;
#9235 = ORIENTED_EDGE ( 'NONE', *, *, #1577, .T. ) ;
#9236 = DIRECTION ( 'NONE',  ( 0.000000000000000000, 1.000000000000000000, 0.000000000000000000 ) ) ;
#9237 = ORIENTED_EDGE ( 'NONE', *, *, #6804, .T. ) ;
#9238 = VECTOR ( 'NONE', #4319, 1000.000000000000000 ) ;
#9239 = CARTESIAN_POINT ( 'NONE',  ( 161.2171133453899756, -134.4297640746490288, 69.99999991151639733 ) ) ;
#9240 = LINE ( 'NONE', #71, #10311 ) ;
#9241 = ORIENTED_EDGE ( 'NONE', *, *, #5042, .F. ) ;
#9242 = CARTESIAN_POINT ( 'NONE',  ( 134.7171133453893788, -138.5155505122754107, 67.29289313032990094 ) ) ;
#9243 = CARTESIAN_POINT ( 'NONE',  ( 162.2171133453900040, -139.0155505122760076, 69.99999991151639733 ) ) ;
#9244 = EDGE_CURVE ( 'NONE', #1347, #10478, #2208, .T. ) ;
#9245 = CARTESIAN_POINT ( 'NONE',  ( 159.6669467343539850, -153.4297640746490003, 71.34999974667979927 ) ) ;
#9246 = DIRECTION ( 'NONE',  ( -1.177071316573370074E-14, -2.692261676065440058E-15, -1.000000000000000000 ) ) ;
#9247 = ADVANCED_FACE ( 'NONE', ( #4200 ), #6936, .T. ) ;
#9248 = CARTESIAN_POINT ( 'NONE',  ( 125.4555982874535971, -120.4297680637882024, 53.38549640900549775 ) ) ;
#9249 = EDGE_CURVE ( 'NONE', #11164, #10976, #489, .T. ) ;
#9250 = PLANE ( 'NONE',  #5589 ) ;
#9251 = ORIENTED_EDGE ( 'NONE', *, *, #6644, .F. ) ;
#9252 = PLANE ( 'NONE',  #2089 ) ;
#9253 = ORIENTED_EDGE ( 'NONE', *, *, #4297, .T. ) ;
#9254 = ORIENTED_EDGE ( 'NONE', *, *, #10794, .F. ) ;
#9255 = VECTOR ( 'NONE', #11846, 1000.000000000000000 ) ;
#9256 = ORIENTED_EDGE ( 'NONE', *, *, #6463, .F. ) ;
#9257 = CARTESIAN_POINT ( 'NONE',  ( 161.9560177965002481, -122.5273277584624623, 57.93347611558600363 ) ) ;
#9258 = DIRECTION ( 'NONE',  ( 1.000000000000000000, -3.160768215787150073E-15, -6.530684869152340322E-15 ) ) ;
#9259 = DIRECTION ( 'NONE',  ( 0.000000000000000000, 0.000000000000000000, 1.000000000000000000 ) ) ;
#9260 = EDGE_LOOP ( 'NONE', ( #5293, #8066, #10231, #2613 ) ) ;
#9261 = ORIENTED_EDGE ( 'NONE', *, *, #11578, .F. ) ;
#9262 = EDGE_CURVE ( 'NONE', #4170, #9119, #5671, .T. ) ;
#9263 = EDGE_CURVE ( 'NONE', #6679, #1576, #9831, .T. ) ;
#9264 = DIRECTION ( 'NONE',  ( 0.9334193940513797472, 0.000000000000000000, 0.3587871720236870954 ) ) ;
#9265 = EDGE_LOOP ( 'NONE', ( #210, #2681, #5301, #4410, #2185 ) ) ;
#9266 = LINE ( 'NONE', #6489, #1081 ) ;
#9267 = VECTOR ( 'NONE', #7399, 1000.000000000000000 ) ;
#9268 = CARTESIAN_POINT ( 'NONE',  ( 132.9671133453900040, -144.5297640215119941, 65.95898615365621254 ) ) ;
#9269 = VECTOR ( 'NONE', #11709, 1000.000000000000114 ) ;
#9270 = ORIENTED_EDGE ( 'NONE', *, *, #2621, .F. ) ;
#9271 = VECTOR ( 'NONE', #8330, 1000.000000000000114 ) ;
#9272 = LINE ( 'NONE', #10298, #8496 ) ;
#9273 = ORIENTED_EDGE ( 'NONE', *, *, #7023, .F. ) ;
#9274 = CARTESIAN_POINT ( 'NONE',  ( 122.2171131963785911, -120.4297680637884156, 57.08879711976319271 ) ) ;
#9275 = CARTESIAN_POINT ( 'NONE',  ( 132.2171133453900040, -134.4297640746490288, 80.50005035146759269 ) ) ;
#9276 = CONICAL_SURFACE ( 'NONE', #547, 14.19999999999999041, 0.7853981633974913557 ) ;
#9277 = VECTOR ( 'NONE', #5368, 1000.000000000000000 ) ;
#9278 = EDGE_CURVE ( 'NONE', #6805, #5453, #7711, .T. ) ;
#9279 = EDGE_CURVE ( 'NONE', #3948, #1039, #8684, .T. ) ;
#9280 = DIRECTION ( 'NONE',  ( -2.428612984199854922E-16, 1.000000000000000000, 6.217248937900871104E-15 ) ) ;
#9281 = CARTESIAN_POINT ( 'NONE',  ( 132.6248169134119905, -148.4297640746490003, 105.4997837512840135 ) ) ;
#9282 = DIRECTION ( 'NONE',  ( -5.075800897900750411E-15, 1.000000000000000000, 6.573933234426810631E-15 ) ) ;
#9283 = CLOSED_SHELL ( 'NONE', ( #6314, #938, #3499, #8212, #3533 ) ) ;
#9284 = VECTOR ( 'NONE', #4, 1000.000000000000000 ) ;
#9285 = LINE ( 'NONE', #10616, #8879 ) ;
#9286 = FACE_OUTER_BOUND ( 'NONE', #11581, .T. ) ;
#9287 = AXIS2_PLACEMENT_3D ( 'NONE', #8520, #1969, #3966 ) ;
#9288 = ORIENTED_EDGE ( 'NONE', *, *, #5320, .T. ) ;
#9289 = FACE_OUTER_BOUND ( 'NONE', #6339, .T. ) ;
#9290 = CARTESIAN_POINT ( 'NONE',  ( 137.8094094721379861, -148.2297640746490117, 102.0997837512840078 ) ) ;
#9291 = CARTESIAN_POINT ( 'NONE',  ( 138.3171131927749968, -154.0297640746490231, 103.7997837512839965 ) ) ;
#9292 = DIRECTION ( 'NONE',  ( 1.000000000000000000, 0.000000000000000000, 0.000000000000000000 ) ) ;
#9293 = CYLINDRICAL_SURFACE ( 'NONE', #11972, 0.9999999999999964473 ) ;
#9294 = VERTEX_POINT ( 'NONE', #5161 ) ;
#9295 = CARTESIAN_POINT ( 'NONE',  ( 162.8127760681570066, -142.3653431143516173, 52.19509934065289514 ) ) ;
#9296 = VERTEX_POINT ( 'NONE', #7834 ) ;
#9297 = AXIS2_PLACEMENT_3D ( 'NONE', #2015, #8443, #5770 ) ;
#9298 = CARTESIAN_POINT ( 'NONE',  ( 161.9171131927750196, -148.2297640746490117, 105.4997837512840135 ) ) ;
#9299 = ORIENTED_EDGE ( 'NONE', *, *, #9016, .F. ) ;
#9300 = DIRECTION ( 'NONE',  ( -1.504056278375975119E-15, -1.000000000000000000, -1.504056275116030108E-15 ) ) ;
#9301 = CARTESIAN_POINT ( 'NONE',  ( 134.2098312460630325, -140.4662742317970299, 111.0952164290834361 ) ) ;
#9302 = PRODUCT_DEFINITION_SHAPE ( 'NONE', 'NONE',  #1166 ) ;
#9303 = CARTESIAN_POINT ( 'NONE',  ( 162.9242201265764720, -147.4297640746490003, 70.29289313032980147 ) ) ;
#9304 = FACE_BOUND ( 'NONE', #5087, .T. ) ;
#9305 = DIRECTION ( 'NONE',  ( -1.000000000000000000, 3.428366991868289935E-10, 2.449293595359300259E-16 ) ) ;
#9306 = DIRECTION ( 'NONE',  ( -3.160768215787150073E-15, -1.000000000000000000, 1.526556646962079803E-16 ) ) ;
#9307 = VERTEX_POINT ( 'NONE', #7118 ) ;
#9308 = CARTESIAN_POINT ( 'NONE',  ( 135.2171133453900040, -127.9297640746490146, 67.99999991151649681 ) ) ;
#9309 = ORIENTED_EDGE ( 'NONE', *, *, #8452, .F. ) ;
#9310 = EDGE_CURVE ( 'NONE', #9090, #3866, #10224, .T. ) ;
#9311 = EDGE_LOOP ( 'NONE', ( #8683, #8854, #3399, #53, #7414, #7713, #10964, #6744, #10707, #5621, #5555, #8337, #2558, #3392 ) ) ;
#9312 = VERTEX_POINT ( 'NONE', #427 ) ;
#9313 = CARTESIAN_POINT ( 'NONE',  ( 174.8926951490393833, -149.7541822254520696, 107.1068005216297649 ) ) ;
#9314 = DIRECTION ( 'NONE',  ( 0.9238795325112872936, 0.3826834323650886160, -1.387778780781466186E-14 ) ) ;
#9315 = ADVANCED_FACE ( 'NONE', ( #549 ), #11533, .F. ) ;
#9316 = ORIENTED_EDGE ( 'NONE', *, *, #9986, .T. ) ;
#9317 = ADVANCED_FACE ( 'NONE', ( #3356 ), #3237, .F. ) ;
#9318 = LINE ( 'NONE', #2785, #6683 ) ;
#9319 = ORIENTED_EDGE ( 'NONE', *, *, #5825, .T. ) ;
#9320 = CARTESIAN_POINT ( 'NONE',  ( 131.9466248479558033, -148.9298859776444033, 50.25265112427409520 ) ) ;
#9321 = DIRECTION ( 'NONE',  ( 2.602085213964869829E-17, 1.000000000000000000, -1.526556658859589750E-16 ) ) ;
#9322 = B_SPLINE_CURVE_WITH_KNOTS ( 'NONE', 3,
 ( #1483, #4092, #4029, #2345 ),
 .UNSPECIFIED., .F., .F.,
 ( 4, 4 ),
 ( 0.000000000000000000, 1.000000000000000000 ),
 .UNSPECIFIED. ) ;
#9323 = CARTESIAN_POINT ( 'NONE',  ( 130.2171133453899756, -134.8245525410659980, 57.98985306244379956 ) ) ;
#9324 = CARTESIAN_POINT ( 'NONE',  ( 160.2171133453899756, -119.4297640746489861, 99.26432591814190687 ) ) ;
#9325 = ORIENTED_EDGE ( 'NONE', *, *, #8598, .F. ) ;
#9326 = DIRECTION ( 'NONE',  ( 7.166576360129239776E-17, -1.074295325692399920E-17, -1.000000000000000000 ) ) ;
#9327 = EDGE_CURVE ( 'NONE', #2248, #9954, #8014, .T. ) ;
#9328 = VECTOR ( 'NONE', #2373, 1000.000000000000000 ) ;
#9329 = ORIENTED_EDGE ( 'NONE', *, *, #6726, .T. ) ;
#9330 = DIRECTION ( 'NONE',  ( 7.166576360129159657E-17, -2.327875578288750051E-16, -1.000000000000000000 ) ) ;
#9331 = CARTESIAN_POINT ( 'NONE',  ( 154.6834021859320103, -140.4297640215119998, 99.69100161576849928 ) ) ;
#9332 = DIRECTION ( 'NONE',  ( 0.8125199200687275303, -0.3365567705908014129, -0.4759631494779816840 ) ) ;
#9333 = LINE ( 'NONE', #1770, #3881 ) ;
#9334 = AXIS2_PLACEMENT_3D ( 'NONE', #6713, #1065, #6540 ) ;
#9335 = CARTESIAN_POINT ( 'NONE',  ( 162.4887801542488717, -153.4178923534293801, 66.71042759395076871 ) ) ;
#9336 = DIRECTION ( 'NONE',  ( 0.4397326120323102328, 0.1821432117215494584, 0.8794652240646019248 ) ) ;
#9337 = ADVANCED_FACE ( 'NONE', ( #1411 ), #3299, .T. ) ;
#9338 = EDGE_CURVE ( 'NONE', #8607, #6181, #6144, .T. ) ;
#9339 = CIRCLE ( 'NONE', #2967, 2.450000000000195133 ) ;
#9340 = CARTESIAN_POINT ( 'NONE',  ( 160.2171131927750025, -154.4297640746490003, 103.7997837512839965 ) ) ;
#9341 = DIRECTION ( 'NONE',  ( 1.000000000000000000, 0.000000000000000000, 0.000000000000000000 ) ) ;
#9342 = ORIENTED_EDGE ( 'NONE', *, *, #8916, .F. ) ;
#9343 = CARTESIAN_POINT ( 'NONE',  ( 131.2171133554479923, -142.4297640746490003, 76.25002519137619572 ) ) ;
#9344 = CARTESIAN_POINT ( 'NONE',  ( 174.2171133453904872, -149.8297640215157855, 64.75000000000000000 ) ) ;
#9345 = DIRECTION ( 'NONE',  ( 1.000000000000000000, 0.000000000000000000, 1.028189605211130024E-14 ) ) ;
#9346 = CIRCLE ( 'NONE', #5669, 1.000000000000000888 ) ;
#9347 = DIRECTION ( 'NONE',  ( 0.000000000000000000, 1.000000000000000000, -1.526556658859589750E-16 ) ) ;
#9348 = LINE ( 'NONE', #1038, #4042 ) ;
#9349 = EDGE_LOOP ( 'NONE', ( #2964, #7794, #8591, #7818 ) ) ;
#9350 = EDGE_CURVE ( 'NONE', #468, #2616, #8929, .T. ) ;
#9351 = EDGE_LOOP ( 'NONE', ( #4988, #9877, #1866, #5214 ) ) ;
#9352 = LINE ( 'NONE', #7548, #2225 ) ;
#9354 = VERTEX_POINT ( 'NONE', #369 ) ;
#9353 = B_SPLINE_CURVE_WITH_KNOTS ( 'NONE', 3,
 ( #1107, #4987, #7781, #11477, #3963, #372, #10270, #2027, #8574, #249, #2155, #11238, #8696, #7665, #1044, #5843, #6758, #4022, #2938, #4085, #6632, #5903, #311, #4804, #9541, #10451, #10327, #7600, #1230, #8636, #11293, #7725, #11419, #3123, #6818, #9602 ),
 .UNSPECIFIED., .F., .F.,
 ( 4, 2, 1, 1, 1, 2, 2, 2, 1, 1, 1, 2, 2, 2, 2, 1, 1, 2, 2, 2, 2, 4 ),
 ( 0.000000000000000000, 0.1249999999998354372, 0.1874999999997615796, 0.2187499999997246647, 0.2343749999997039035, 0.2421874999996940780, 0.2499999999996842526, 0.3749999999997404299, 0.4374999999997699618, 0.4687499999997788991, 0.4843749999997757349, 0.4921874999997741251, 0.4999999999997725153, 0.6249999999998220312, 0.6874999999998423483, 0.7187499999998560041, 0.7343749999998687716, 0.7421874999998769873, 0.7499999999998852029, 0.8124999999999152900, 0.8749999999999453770, 1.000000000000000000 ),
 .UNSPECIFIED. ) ;
#9355 = CARTESIAN_POINT ( 'NONE',  ( 161.2171133453899756, -138.0155505122760076, 68.99999991151629786 ) ) ;
#9356 = CARTESIAN_POINT ( 'NONE',  ( 132.7968123323200302, -140.2809476290690043, 67.13158412419009835 ) ) ;
#9357 = CARTESIAN_POINT ( 'NONE',  ( 170.5145437063658562, -147.7581788721652458, 53.78243126740768076 ) ) ;
#9358 = CARTESIAN_POINT ( 'NONE',  ( 133.5171131927750139, -140.4297640215119998, 103.7997837512839965 ) ) ;
#9359 = CARTESIAN_POINT ( 'NONE',  ( 132.6106248479624128, -117.8297640215114086, 60.27765112427590566 ) ) ;
#9360 = DIRECTION ( 'NONE',  ( 1.000000000000000000, 0.000000000000000000, 0.000000000000000000 ) ) ;
#9361 = EDGE_LOOP ( 'NONE', ( #11690, #6420, #202, #7996 ) ) ;
#9362 = CARTESIAN_POINT ( 'NONE',  ( 162.6618176852376791, -140.3499591119662568, 69.77838982420973934 ) ) ;
#9363 = EDGE_CURVE ( 'NONE', #2156, #7910, #3418, .T. ) ;
#9364 = ORIENTED_EDGE ( 'NONE', *, *, #5454, .F. ) ;
#9365 = EDGE_LOOP ( 'NONE', ( #7858, #9995, #4226, #7621 ) ) ;
#9366 = ORIENTED_EDGE ( 'NONE', *, *, #3427, .T. ) ;
#9367 = CARTESIAN_POINT ( 'NONE',  ( 161.7376523282916310, -122.2965984007945082, 58.02367533776490660 ) ) ;
#9368 = LINE ( 'NONE', #2169, #6636 ) ;
#9369 = DIRECTION ( 'NONE',  ( 0.000000000000000000, 0.000000000000000000, 1.000000000000000000 ) ) ;
#9370 = ORIENTED_EDGE ( 'NONE', *, *, #7096, .T. ) ;
#9371 = CIRCLE ( 'NONE', #7828, 1.950000000000000400 ) ;
#9372 = FACE_OUTER_BOUND ( 'NONE', #3000, .T. ) ;
#9373 = VERTEX_POINT ( 'NONE', #11473 ) ;
#9374 = VECTOR ( 'NONE', #9663, 999.9999999999998863 ) ;
#9375 = CARTESIAN_POINT ( 'NONE',  ( 126.1898613801656950, -148.9952346115308330, 51.84375610397555079 ) ) ;
#9376 = EDGE_CURVE ( 'NONE', #3503, #2425, #3177, .T. ) ;
#9377 = CARTESIAN_POINT ( 'NONE',  ( 132.2769880091470043, -141.4329532045800022, 69.21067744471599781 ) ) ;
#9378 = DIRECTION ( 'NONE',  ( -5.622940471541310091E-16, 1.000000000000000000, -5.622940471541500404E-16 ) ) ;
#9379 = CARTESIAN_POINT ( 'NONE',  ( 132.6106248479624128, -120.9297640215114029, 60.27765112427590566 ) ) ;
#9380 = ADVANCED_FACE ( 'NONE', ( #1355 ), #729, .T. ) ;
#9381 = ORIENTED_EDGE ( 'NONE', *, *, #341, .F. ) ;
#9382 = EDGE_CURVE ( 'NONE', #3689, #1581, #4551, .T. ) ;
#9383 = CIRCLE ( 'NONE', #7457, 0.9999999999999964473 ) ;
#9384 = DIRECTION ( 'NONE',  ( -0.7071067811865580088, 0.7071067811865370256, 6.121750630779310575E-15 ) ) ;
#9385 = AXIS2_PLACEMENT_3D ( 'NONE', #10496, #4911, #8502 ) ;
#9386 = EDGE_LOOP ( 'NONE', ( #7363, #2022, #4673, #8393 ) ) ;
#9387 = PLANE ( 'NONE',  #7614 ) ;
#9388 = DIRECTION ( 'NONE',  ( 0.4397326120323102328, 0.1821432117215494584, 0.8794652240646019248 ) ) ;
#9389 =( BOUNDED_CURVE ( )  B_SPLINE_CURVE ( 3, ( #3562, #1620, #3681, #10959 ),
 .UNSPECIFIED., .F., .T. ) 
 B_SPLINE_CURVE_WITH_KNOTS ( ( 4, 4 ),
 ( 2.243214294872515083E-16, 0.7853981633974508325 ),
 .UNSPECIFIED. ) 
 CURVE ( )  GEOMETRIC_REPRESENTATION_ITEM ( )  RATIONAL_B_SPLINE_CURVE ( ( 1.000000000000000000, 0.9492530216741910110, 0.9492530216741910110, 1.000000000000000000 ) ) 
 REPRESENTATION_ITEM ( '' )  );
#9390 = FACE_OUTER_BOUND ( 'NONE', #10089, .T. ) ;
#9391 = VECTOR ( 'NONE', #3354, 1000.000000000000000 ) ;
#9392 = CARTESIAN_POINT ( 'NONE',  ( 132.2932516600345707, -141.4613015636570026, 67.99999991151649681 ) ) ;
#9393 = EDGE_CURVE ( 'NONE', #1977, #7877, #5406, .T. ) ;
#9394 = AXIS2_PLACEMENT_3D ( 'NONE', #555, #9839, #5169 ) ;
#9395 = ADVANCED_FACE ( 'NONE', ( #10926 ), #8142, .F. ) ;
#9396 = FACE_OUTER_BOUND ( 'NONE', #8119, .T. ) ;
#9397 = AXIS2_PLACEMENT_3D ( 'NONE', #7819, #11276, #10431 ) ;
#9398 = ORIENTED_EDGE ( 'NONE', *, *, #9022, .F. ) ;
#9399 = CARTESIAN_POINT ( 'NONE',  ( 160.2171131927750025, -148.0297640746490231, 103.7997837512839965 ) ) ;
#9400 = LINE ( 'NONE', #10258, #8620 ) ;
#9401 = ORIENTED_EDGE ( 'NONE', *, *, #10631, .T. ) ;
#9402 = LINE ( 'NONE', #10378, #11508 ) ;
#9403 = DIRECTION ( 'NONE',  ( -0.9999999999999770184, 2.602088489840160211E-17, 2.145924504042759991E-07 ) ) ;
#9404 = EDGE_CURVE ( 'NONE', #7956, #2633, #3654, .T. ) ;
#9405 = ADVANCED_FACE ( 'NONE', ( #6445 ), #3535, .T. ) ;
#9406 = LINE ( 'NONE', #6625, #6308 ) ;
#9407 = VECTOR ( 'NONE', #9148, 1000.000000000000000 ) ;
#9408 = DIRECTION ( 'NONE',  ( -1.000000000000000000, 0.000000000000000000, 0.000000000000000000 ) ) ;
#9409 = CARTESIAN_POINT ( 'NONE',  ( 135.2171131927750309, -148.4297640746490003, 103.7997837512839965 ) ) ;
#9410 = DIRECTION ( 'NONE',  ( -7.166576360129189239E-17, 1.526556658859589750E-16, 1.000000000000000000 ) ) ;
#9411 = ORIENTED_EDGE ( 'NONE', *, *, #3032, .T. ) ;
#9412 =( NAMED_UNIT ( * ) SI_UNIT ( $, .STERADIAN. ) SOLID_ANGLE_UNIT ( ) );
#9413 = ORIENTED_EDGE ( 'NONE', *, *, #9192, .F. ) ;
#9414 = AXIS2_PLACEMENT_3D ( 'NONE', #7322, #10101, #2773 ) ;
#9415 = DIRECTION ( 'NONE',  ( -7.823253522622070727E-15, -4.324081227642570066E-15, -1.000000000000000000 ) ) ;
#9416 = VERTEX_POINT ( 'NONE', #5464 ) ;
#9417 = CARTESIAN_POINT ( 'NONE',  ( 134.8867901064739669, -141.1007641801899979, 106.3086558945839926 ) ) ;
#9418 = CARTESIAN_POINT ( 'NONE',  ( 138.7892202435220099, -144.5523119641324001, 110.6585198368747882 ) ) ;
#9419 = EDGE_CURVE ( 'NONE', #7475, #1265, #6323, .T. ) ;
#9420 = DIRECTION ( 'NONE',  ( 4.216099887502999680E-14, 1.000000000000000000, 0.000000000000000000 ) ) ;
#9421 = DIRECTION ( 'NONE',  ( -0.9446187119409239497, 2.557636219198710367E-15, -0.3281699088141230014 ) ) ;
#9422 = CARTESIAN_POINT ( 'NONE',  ( 124.4669320541446069, -120.4297639207661916, 62.75000000000000000 ) ) ;
#9423 = LINE ( 'NONE', #1116, #8890 ) ;
#9424 = ORIENTED_EDGE ( 'NONE', *, *, #3829, .F. ) ;
#9425 = VECTOR ( 'NONE', #546, 1000.000000000000000 ) ;
#9426 = CARTESIAN_POINT ( 'NONE',  ( 131.2171133453900040, -154.4297640746490003, 102.7500000000329976 ) ) ;
#9427 = ORIENTED_EDGE ( 'NONE', *, *, #10432, .F. ) ;
#9428 = ORIENTED_EDGE ( 'NONE', *, *, #7402, .F. ) ;
#9429 = ORIENTED_EDGE ( 'NONE', *, *, #115, .T. ) ;
#9430 = CARTESIAN_POINT ( 'NONE',  ( 134.3982738042368510, -121.5215519536615432, 58.52946413436970374 ) ) ;
#9431 = B_SPLINE_CURVE_WITH_KNOTS ( 'NONE', 3,
 ( #5173, #8882, #438, #11722 ),
 .UNSPECIFIED., .F., .F.,
 ( 4, 4 ),
 ( 0.000000000000000000, 1.000000000000000000 ),
 .UNSPECIFIED. ) ;
#9432 = CARTESIAN_POINT ( 'NONE',  ( 133.2171133453900609, -153.4297640746490572, 66.75884140268442479 ) ) ;
#9433 = CARTESIAN_POINT ( 'NONE',  ( 163.2171133453900040, -153.4297640746490003, 62.74999974667980496 ) ) ;
#9434 = EDGE_LOOP ( 'NONE', ( #5035, #2537, #11871, #5534 ) ) ;
#9435 = AXIS2_PLACEMENT_3D ( 'NONE', #6967, #5132, #7928 ) ;
#9436 = DIRECTION ( 'NONE',  ( 0.000000000000000000, -2.243214294872504730E-16, -1.000000000000000000 ) ) ;
#9437 = ORIENTED_EDGE ( 'NONE', *, *, #950, .F. ) ;
#9438 = CARTESIAN_POINT ( 'NONE',  ( 123.6297203658409103, -149.0754435652641234, 53.86782766000667522 ) ) ;
#9439 = ORIENTED_EDGE ( 'NONE', *, *, #4131, .T. ) ;
#9440 = DIRECTION ( 'NONE',  ( 3.683226109728400325E-15, 1.000000000000000000, -1.526556644979159836E-16 ) ) ;
#9441 = LINE ( 'NONE', #4954, #3268 ) ;
#9442 = CARTESIAN_POINT ( 'NONE',  ( 162.2171133453900040, -135.4297640746490288, 81.50005035146720900 ) ) ;
#9443 = ORIENTED_EDGE ( 'NONE', *, *, #11099, .T. ) ;
#9444 = AXIS2_PLACEMENT_3D ( 'NONE', #5961, #2453, #5100 ) ;
#9445 = CARTESIAN_POINT ( 'NONE',  ( 133.2171133453900040, -153.4297640746490003, 95.20718002819110382 ) ) ;
#9446 = ORIENTED_EDGE ( 'NONE', *, *, #7708, .T. ) ;
#9447 = EDGE_CURVE ( 'NONE', #4484, #8425, #552, .T. ) ;
#9448 = FACE_OUTER_BOUND ( 'NONE', #9808, .T. ) ;
#9449 = CARTESIAN_POINT ( 'NONE',  ( 160.2171131927750025, -148.0297640746490231, 103.7997837512839965 ) ) ;
#9450 = CARTESIAN_POINT ( 'NONE',  ( 134.9242201265765857, -127.9297640746490146, 69.70710669270299320 ) ) ;
#9451 = VECTOR ( 'NONE', #1762, 1000.000000000000000 ) ;
#9452 = VECTOR ( 'NONE', #913, 1000.000000000000000 ) ;
#9453 = CARTESIAN_POINT ( 'NONE',  ( 130.1106248479624128, -114.8297640215114086, 60.17765112427590424 ) ) ;
#9454 = CARTESIAN_POINT ( 'NONE',  ( 163.2171133453904872, -148.3795071393267904, 61.45398638249999834 ) ) ;
#9455 = ORIENTED_EDGE ( 'NONE', *, *, #3497, .T. ) ;
#9456 = CARTESIAN_POINT ( 'NONE',  ( 120.5415314378487182, -149.7541821671075581, 107.1068005179749036 ) ) ;
#9457 = B_SPLINE_CURVE_WITH_KNOTS ( 'NONE', 3,
 ( #8505, #5039, #4135, #7776 ),
 .UNSPECIFIED., .F., .F.,
 ( 4, 4 ),
 ( 0.000000000000000000, 1.000000000000000000 ),
 .UNSPECIFIED. ) ;
#9458 = CARTESIAN_POINT ( 'NONE',  ( 169.9786284033264963, -120.4297680637880035, 53.38549640900549775 ) ) ;
#9459 = AXIS2_PLACEMENT_3D ( 'NONE', #993, #5551, #4753 ) ;
#9460 = AXIS2_PLACEMENT_3D ( 'NONE', #10184, #11210, #2915 ) ;
#9461 = VERTEX_POINT ( 'NONE', #1716 ) ;
#9462 = EDGE_CURVE ( 'NONE', #2775, #2135, #3652, .T. ) ;
#9463 =( BOUNDED_CURVE ( )  B_SPLINE_CURVE ( 2, ( #840, #655, #4541 ),
 .UNSPECIFIED., .F., .T. ) 
 B_SPLINE_CURVE_WITH_KNOTS ( ( 3, 3 ),
 ( 11.35862437446940021, 12.74041508487450081 ),
 .UNSPECIFIED. ) 
 CURVE ( )  GEOMETRIC_REPRESENTATION_ITEM ( )  RATIONAL_B_SPLINE_CURVE ( ( 4.185684084654189618, 4.194718453426870219, 4.158805892647730040 ) ) 
 REPRESENTATION_ITEM ( '' )  );
#9464 = VERTEX_POINT ( 'NONE', #12006 ) ;
#9465 = CARTESIAN_POINT ( 'NONE',  ( 163.2171133453900040, -140.4297640215119998, 99.26432591814170792 ) ) ;
#9466 = DIRECTION ( 'NONE',  ( -2.481542635936070113E-24, 6.573933234426810631E-15, -1.000000000000000000 ) ) ;
#9467 = ADVANCED_FACE ( 'NONE', ( #1774 ), #7357, .T. ) ;
#9468 = ORIENTED_EDGE ( 'NONE', *, *, #9650, .T. ) ;
#9469 = EDGE_CURVE ( 'NONE', #5264, #6483, #9222, .T. ) ;
#9470 = FACE_OUTER_BOUND ( 'NONE', #11910, .T. ) ;
#9471 = VECTOR ( 'NONE', #392, 1000.000000000000000 ) ;
#9472 = CARTESIAN_POINT ( 'NONE',  ( 132.9671133453900040, -153.4287711522630104, 66.54898615365620174 ) ) ;
#9473 = CIRCLE ( 'NONE', #9676, 1.700000000000007061 ) ;
#9474 = ORIENTED_EDGE ( 'NONE', *, *, #10414, .F. ) ;
#9475 = LINE ( 'NONE', #6066, #4610 ) ;
#9476 = DIRECTION ( 'NONE',  ( 1.000000000000000000, -2.602085213964869829E-17, 7.166576360129189239E-17 ) ) ;
#9477 = LINE ( 'NONE', #187, #8305 ) ;
#9478 = SURFACE_SIDE_STYLE ('',( #11173 ) ) ;
#9479 = ORIENTED_EDGE ( 'NONE', *, *, #11207, .F. ) ;
#9480 = EDGE_CURVE ( 'NONE', #748, #7131, #6370, .T. ) ;
#9481 = AXIS2_PLACEMENT_3D ( 'NONE', #4327, #678, #4386 ) ;
#9482 = AXIS2_PLACEMENT_3D ( 'NONE', #8360, #11873, #7284 ) ;
#9483 = CARTESIAN_POINT ( 'NONE',  ( 139.1025978581049856, -140.4297705845669952, 105.3679489095639923 ) ) ;
#9484 = ORIENTED_EDGE ( 'NONE', *, *, #167, .F. ) ;
#9485 = CYLINDRICAL_SURFACE ( 'NONE', #879, 0.9999999999999964473 ) ;
#9486 = CARTESIAN_POINT ( 'NONE',  ( 132.3423518083260149, -140.4202140495609683, 66.81583792319159443 ) ) ;
#9487 = CARTESIAN_POINT ( 'NONE',  ( 165.2171133453901746, -143.3164134470123088, 56.00640280175944241 ) ) ;
#9488 = LINE ( 'NONE', #2034, #6387 ) ;
#9489 = PLANE ( 'NONE',  #4964 ) ;
#9490 = VECTOR ( 'NONE', #5338, 1000.000000000000000 ) ;
#9491 = DIRECTION ( 'NONE',  ( 2.602085213964869829E-17, 1.000000000000000000, -1.526556658859589750E-16 ) ) ;
#9492 = ORIENTED_EDGE ( 'NONE', *, *, #8120, .T. ) ;
#9493 = CARTESIAN_POINT ( 'NONE',  ( 171.9698522581766156, -149.0823333467703833, 54.03994705947081201 ) ) ;
#9494 = EDGE_LOOP ( 'NONE', ( #10047, #5054, #5467, #2424, #318 ) ) ;
#9495 = EDGE_CURVE ( 'NONE', #7227, #2287, #4036, .T. ) ;
#9496 = ORIENTED_EDGE ( 'NONE', *, *, #658, .T. ) ;
#9497 = EDGE_CURVE ( 'NONE', #10793, #5720, #1122, .T. ) ;
#9498 = ORIENTED_EDGE ( 'NONE', *, *, #7572, .F. ) ;
#9499 = CARTESIAN_POINT ( 'NONE',  ( 124.2171133453900040, -153.4297640746490003, 100.7500000000290044 ) ) ;
#9500 = CARTESIAN_POINT ( 'NONE',  ( 134.2606248479624185, -117.6297640215114058, 60.27765112427590566 ) ) ;
#9501 = CYLINDRICAL_SURFACE ( 'NONE', #9725, 1.950000000000007283 ) ;
#9502 = ORIENTED_EDGE ( 'NONE', *, *, #1913, .T. ) ;
#9503 = CARTESIAN_POINT ( 'NONE',  ( 121.2171133453893930, -126.4297640215114029, 64.75000000000000000 ) ) ;
#9504 = VERTEX_POINT ( 'NONE', #11886 ) ;
#9505 = CARTESIAN_POINT ( 'NONE',  ( 169.9786284033264963, -120.4297680637880035, 53.38549640900549775 ) ) ;
#9506 = ORIENTED_EDGE ( 'NONE', *, *, #8954, .F. ) ;
#9507 = CARTESIAN_POINT ( 'NONE',  ( 132.2171133453900040, -141.8446359146829820, 69.29716435472890623 ) ) ;
#9508 = DIRECTION ( 'NONE',  ( 4.125625189787574772E-15, -1.000000000000000000, -4.255833852619945580E-15 ) ) ;
#9509 = DIRECTION ( 'NONE',  ( 8.821935677471621045E-15, 2.327875578288760404E-16, 1.000000000000000000 ) ) ;
#9510 = ORIENTED_EDGE ( 'NONE', *, *, #11693, .T. ) ;
#9511 = CARTESIAN_POINT ( 'NONE',  ( 132.2171133453898335, -135.4297640746490003, 70.73123880945171038 ) ) ;
#9512 = VERTEX_POINT ( 'NONE', #8196 ) ;
#9513 = EDGE_CURVE ( 'NONE', #6356, #5997, #10681, .T. ) ;
#9514 = ORIENTED_EDGE ( 'NONE', *, *, #9350, .F. ) ;
#9515 = PLANE ( 'NONE',  #3947 ) ;
#9516 = CARTESIAN_POINT ( 'NONE',  ( 132.2171133453900040, -149.7113989081725833, 51.03123712248031296 ) ) ;
#9517 = CARTESIAN_POINT ( 'NONE',  ( 132.2171133574399846, -119.4297640746489861, 70.99999984474889914 ) ) ;
#9518 = DIRECTION ( 'NONE',  ( -0.8125199200687275303, -0.3365567705908014129, 0.4759631494779816840 ) ) ;
#9519 = DIRECTION ( 'NONE',  ( 0.000000000000000000, 0.000000000000000000, 1.000000000000000000 ) ) ;
#9520 = ORIENTED_EDGE ( 'NONE', *, *, #3996, .F. ) ;
#9521 = DIRECTION ( 'NONE',  ( 0.000000000000000000, 0.000000000000000000, 1.000000000000000000 ) ) ;
#9522 = AXIS2_PLACEMENT_3D ( 'NONE', #10098, #1800, #5490 ) ;
#9523 = CARTESIAN_POINT ( 'NONE',  ( 170.9591537512974355, -147.3370334239331214, 54.11173932080404825 ) ) ;
#9524 = VERTEX_POINT ( 'NONE', #6561 ) ;
#9525 = ORIENTED_EDGE ( 'NONE', *, *, #4032, .T. ) ;
#9526 = CARTESIAN_POINT ( 'NONE',  ( 160.2171131927750025, -154.4297640746490003, 103.7997837512839965 ) ) ;
#9527 = AXIS2_PLACEMENT_3D ( 'NONE', #9433, #2783, #11197 ) ;
#9528 = ORIENTED_EDGE ( 'NONE', *, *, #9607, .F. ) ;
#9529 = DIRECTION ( 'NONE',  ( -1.000000000000000000, 2.602085213964869829E-17, -7.166576360129189239E-17 ) ) ;
#9530 = FACE_OUTER_BOUND ( 'NONE', #9886, .T. ) ;
#9531 = CARTESIAN_POINT ( 'NONE',  ( 163.2171133453900040, -141.8439742617020158, 68.00305988230249454 ) ) ;
#9532 = EDGE_CURVE ( 'NONE', #6709, #11376, #6676, .T. ) ;
#9533 = DIRECTION ( 'NONE',  ( 0.8125199200687275303, -0.3365567705908014129, -0.4759631494779816840 ) ) ;
#9534 =( LENGTH_UNIT ( ) NAMED_UNIT ( * ) SI_UNIT ( .MILLI., .METRE. ) );
#9535 = DIRECTION ( 'NONE',  ( 3.752643576907700278E-15, 1.000000000000000000, -1.526556658859589750E-16 ) ) ;
#9536 = VECTOR ( 'NONE', #6649, 1000.000000000000000 ) ;
#9537 = EDGE_LOOP ( 'NONE', ( #1765, #6725, #4885, #866 ) ) ;
#9538 = ADVANCED_FACE ( 'NONE', ( #10254 ), #7647, .T. ) ;
#9539 =( BOUNDED_CURVE ( )  B_SPLINE_CURVE ( 2, ( #10218, #9072, #1857 ),
 .UNSPECIFIED., .F., .T. ) 
 B_SPLINE_CURVE_WITH_KNOTS ( ( 3, 3 ),
 ( 0.08299456234345740924, 0.5860987456314910027 ),
 .UNSPECIFIED. ) 
 CURVE ( )  GEOMETRIC_REPRESENTATION_ITEM ( )  RATIONAL_B_SPLINE_CURVE ( ( 1.012185618735119919, 1.045789100421789852, 1.039014568499990077 ) ) 
 REPRESENTATION_ITEM ( '' )  );
#9540 = CARTESIAN_POINT ( 'NONE',  ( 162.7837621153794032, -153.2582496565304382, 67.07556332042236136 ) ) ;
#9541 = CARTESIAN_POINT ( 'NONE',  ( 160.7236193677375979, -120.9326212559213047, 61.63515657860496333 ) ) ;
#9542 = CARTESIAN_POINT ( 'NONE',  ( 163.2171133453900040, -152.4297640746490003, 98.70216526821880620 ) ) ;
#9543 = ORIENTED_EDGE ( 'NONE', *, *, #6533, .T. ) ;
#9544 = DIRECTION ( 'NONE',  ( 1.000000000000000000, -3.965082230804126670E-15, 0.000000000000000000 ) ) ;
#9545 = CARTESIAN_POINT ( 'NONE',  ( 134.6488776595866170, -140.7226745282806064, 110.6572452183749959 ) ) ;
#9546 = VECTOR ( 'NONE', #8310, 1000.000000000000000 ) ;
#9547 = EDGE_CURVE ( 'NONE', #3739, #448, #5700, .T. ) ;
#9548 = CARTESIAN_POINT ( 'NONE',  ( 132.6808190795994733, -147.9158022202490486, 56.73544044089115346 ) ) ;
#9549 = CARTESIAN_POINT ( 'NONE',  ( 124.2171133453900040, -149.8297648895429859, 100.7500000000290044 ) ) ;
#9550 = CARTESIAN_POINT ( 'NONE',  ( 132.2474879634529827, -141.8947298340550276, 51.11866876023830031 ) ) ;
#9551 = ORIENTED_EDGE ( 'NONE', *, *, #5853, .F. ) ;
#9552 = DIRECTION ( 'NONE',  ( 0.000000000000000000, -5.664403186863073824E-15, 1.000000000000000000 ) ) ;
#9553 = EDGE_LOOP ( 'NONE', ( #10051, #955, #4202, #6 ) ) ;
#9554 = AXIS2_PLACEMENT_3D ( 'NONE', #5559, #1692, #893 ) ;
#9555 = VERTEX_POINT ( 'NONE', #3888 ) ;
#9556 = ORIENTED_EDGE ( 'NONE', *, *, #7649, .F. ) ;
#9557 = CARTESIAN_POINT ( 'NONE',  ( 133.7592178344507090, -122.2299955201589512, 58.05552851553117222 ) ) ;
#9558 = CARTESIAN_POINT ( 'NONE',  ( 134.7655808853620840, -140.4297640215119998, 105.4550519230944303 ) ) ;
#9559 = CARTESIAN_POINT ( 'NONE',  ( 147.6669467408599985, -154.4297640746490003, 83.34999974667989875 ) ) ;
#9560 = ORIENTED_EDGE ( 'NONE', *, *, #9104, .F. ) ;
#9561 = CARTESIAN_POINT ( 'NONE',  ( 132.1171131927750082, -154.0297640746490231, 103.7997837512839965 ) ) ;
#9562 = ORIENTED_EDGE ( 'NONE', *, *, #3246, .F. ) ;
#9563 = CARTESIAN_POINT ( 'NONE',  ( 162.6399203444899797, -140.4797640480800283, 66.13179315275620240 ) ) ;
#9564 = EDGE_CURVE ( 'NONE', #699, #4774, #6218, .T. ) ;
#9565 = ORIENTED_EDGE ( 'NONE', *, *, #8243, .T. ) ;
#9566 = AXIS2_PLACEMENT_3D ( 'NONE', #10701, #6163, #9795 ) ;
#9567 = ADVANCED_FACE ( 'NONE', ( #8377 ), #7585, .F. ) ;
#9568 = DIRECTION ( 'NONE',  ( -1.000000000000000000, 0.000000000000000000, 0.000000000000000000 ) ) ;
#9569 = CARTESIAN_POINT ( 'NONE',  ( 158.7171133453899756, -139.4397640177189999, 81.48827271154409857 ) ) ;
#9570 = DIRECTION ( 'NONE',  ( 3.614166547220949473E-15, 0.9999999999999058531, -4.340136074837018851E-07 ) ) ;
#9571 = EDGE_LOOP ( 'NONE', ( #3704, #981, #5994, #6950 ) ) ;
#9572 = CIRCLE ( 'NONE', #11695, 0.9999999999999964473 ) ;
#9573 = ORIENTED_EDGE ( 'NONE', *, *, #2436, .T. ) ;
#9574 = AXIS2_PLACEMENT_3D ( 'NONE', #10390, #6696, #1964 ) ;
#9575 = LINE ( 'NONE', #8671, #4909 ) ;
#9576 = LINE ( 'NONE', #3037, #4902 ) ;
#9577 = CARTESIAN_POINT ( 'NONE',  ( 138.0808663299520163, -140.4297640215119998, 111.3643259181410059 ) ) ;
#9578 = DIRECTION ( 'NONE',  ( -0.7071067809181789121, 0.000000000000000000, -0.7071067814549162334 ) ) ;
#9579 = CARTESIAN_POINT ( 'NONE',  ( 172.4131734971038554, -121.0526539574521223, 55.63033466282681871 ) ) ;
#9580 = ORIENTED_EDGE ( 'NONE', *, *, #870, .T. ) ;
#9581 = EDGE_CURVE ( 'NONE', #9701, #7490, #9659, .T. ) ;
#9582 = CARTESIAN_POINT ( 'NONE',  ( 132.9671133453900040, -153.4262670685222645, 66.63744957228564658 ) ) ;
#9583 = VECTOR ( 'NONE', #8553, 999.9999999999998863 ) ;
#9584 = AXIS2_PLACEMENT_3D ( 'NONE', #5529, #3537, #974 ) ;
#9585 = CARTESIAN_POINT ( 'NONE',  ( 160.8175065638920103, -141.5401572387399938, 80.50005035146709531 ) ) ;
#9586 = ORIENTED_EDGE ( 'NONE', *, *, #7179, .T. ) ;
#9587 = VECTOR ( 'NONE', #558, 1000.000000000000000 ) ;
#9588 = VECTOR ( 'NONE', #11673, 1000.000000000000227 ) ;
#9589 = DIRECTION ( 'NONE',  ( 0.000000000000000000, -1.000000000000000000, -6.217248937900871104E-15 ) ) ;
#9590 = ORIENTED_EDGE ( 'NONE', *, *, #7822, .T. ) ;
#9591 = CARTESIAN_POINT ( 'NONE',  ( 132.6248169134119905, -148.4297640746490003, 105.4997837512840135 ) ) ;
#9592 = CARTESIAN_POINT ( 'NONE',  ( 162.8236018428179932, -117.4297640215112040, 60.17765112427590424 ) ) ;
#9593 = EDGE_CURVE ( 'NONE', #10361, #7799, #4847, .T. ) ;
#9594 = CARTESIAN_POINT ( 'NONE',  ( 160.2171131927750025, -148.0297640746490231, 105.4997837512840135 ) ) ;
#9595 = DIRECTION ( 'NONE',  ( -1.000000000000000000, 2.602085213964869829E-17, -7.166576360129189239E-17 ) ) ;
#9596 = AXIS2_PLACEMENT_3D ( 'NONE', #2801, #7355, #6500 ) ;
#9597 = CARTESIAN_POINT ( 'NONE',  ( 121.2171133453899898, -119.4297640215114029, 62.75000000000000000 ) ) ;
#9598 = VECTOR ( 'NONE', #1660, 1000.000000000000114 ) ;
#9599 = ORIENTED_EDGE ( 'NONE', *, *, #6782, .F. ) ;
#9600 = CARTESIAN_POINT ( 'NONE',  ( 162.9321047147589923, -153.1354266629131757, 67.13293443760036894 ) ) ;
#9601 = ADVANCED_FACE ( 'NONE', ( #9396 ), #7722, .F. ) ;
#9602 = CARTESIAN_POINT ( 'NONE',  ( 160.3236515449580111, -120.6040123428311972, 60.27764156824849806 ) ) ;
#9603 = EDGE_LOOP ( 'NONE', ( #61, #1990, #5128, #11302 ) ) ;
#9604 = CIRCLE ( 'NONE', #11730, 3.099999999999991651 ) ;
#9605 = DIRECTION ( 'NONE',  ( -0.7071067811865475727, 0.000000000000000000, 0.7071067811865475727 ) ) ;
#9606 = LINE ( 'NONE', #11480, #3485 ) ;
#9607 = EDGE_CURVE ( 'NONE', #8288, #384, #5639, .T. ) ;
#9608 = CARTESIAN_POINT ( 'NONE',  ( 158.7171133453899756, -139.3513368729310002, 93.86432591814070747 ) ) ;
#9609 = CARTESIAN_POINT ( 'NONE',  ( 134.2171133453900040, -138.0155505122760076, 67.99999991151649681 ) ) ;
#9610 = CARTESIAN_POINT ( 'NONE',  ( 161.9171131927750196, -148.2297640746490117, 102.0997837512840078 ) ) ;
#9611 =( BOUNDED_CURVE ( )  B_SPLINE_CURVE ( 3, ( #6138, #3351, #8008, #7827 ),
 .UNSPECIFIED., .F., .F. ) 
 B_SPLINE_CURVE_WITH_KNOTS ( ( 4, 4 ),
 ( 0.3669682297010204985, 0.3768339550617140210 ),
 .UNSPECIFIED. ) 
 CURVE ( )  GEOMETRIC_REPRESENTATION_ITEM ( )  RATIONAL_B_SPLINE_CURVE ( ( 1.000000000000000000, 0.9999918889717060999, 0.9999918889717060999, 1.000000000000000000 ) ) 
 REPRESENTATION_ITEM ( '' )  );
#9612 = ORIENTED_EDGE ( 'NONE', *, *, #11751, .T. ) ;
#9613 = CARTESIAN_POINT ( 'NONE',  ( 162.7167402937640475, -140.5146208414055877, 69.70750032962217801 ) ) ;
#9614 = ORIENTED_EDGE ( 'NONE', *, *, #11763, .T. ) ;
#9615 = VECTOR ( 'NONE', #884, 1000.000000000000000 ) ;
#9616 = ORIENTED_EDGE ( 'NONE', *, *, #9393, .T. ) ;
#9617 = ORIENTED_EDGE ( 'NONE', *, *, #1627, .F. ) ;
#9618 = EDGE_CURVE ( 'NONE', #7824, #9203, #7469, .T. ) ;
#9619 = CARTESIAN_POINT ( 'NONE',  ( 163.1142629243655904, -136.3269136536244730, 70.48293592811882036 ) ) ;
#9620 = LINE ( 'NONE', #11670, #2193 ) ;
#9621 = CARTESIAN_POINT ( 'NONE',  ( 163.1087258513475149, -120.4297680637882024, 62.66078637172639532 ) ) ;
#9622 = ORIENTED_EDGE ( 'NONE', *, *, #8797, .T. ) ;
#9623 = DIRECTION ( 'NONE',  ( 2.178471594150924982E-16, -1.000000000000000000, -6.605167180779930722E-15 ) ) ;
#9624 = VERTEX_POINT ( 'NONE', #972 ) ;
#9625 = EDGE_CURVE ( 'NONE', #11164, #393, #2105, .T. ) ;
#9626 = ADVANCED_FACE ( 'NONE', ( #11277 ), #3825, .F. ) ;
#9627 = VECTOR ( 'NONE', #11233, 1000.000000000000000 ) ;
#9628 = VERTEX_POINT ( 'NONE', #10435 ) ;
#9629 = CARTESIAN_POINT ( 'NONE',  ( 132.3771133453899722, -153.4297640746490003, 65.95898615365621254 ) ) ;
#9630 = CARTESIAN_POINT ( 'NONE',  ( 175.2171133453905156, -114.8297640215111954, 62.75000000000000000 ) ) ;
#9631 = DIRECTION ( 'NONE',  ( 3.752643576899560023E-15, 1.000000000000000000, -1.526556658859879903E-16 ) ) ;
#9632 = VERTEX_POINT ( 'NONE', #7527 ) ;
#9633 = DIRECTION ( 'NONE',  ( 0.000000000000000000, -1.526556658859589750E-16, -1.000000000000000000 ) ) ;
#9634 = ORIENTED_EDGE ( 'NONE', *, *, #7121, .T. ) ;
#9635 = EDGE_CURVE ( 'NONE', #5678, #4426, #6146, .T. ) ;
#9636 = VECTOR ( 'NONE', #9922, 1000.000000000000000 ) ;
#9637 = ORIENTED_EDGE ( 'NONE', *, *, #862, .F. ) ;
#9638 = EDGE_CURVE ( 'NONE', #10901, #10543, #6617, .T. ) ;
#9639 = FACE_OUTER_BOUND ( 'NONE', #65, .T. ) ;
#9640 = CARTESIAN_POINT ( 'NONE',  ( 161.2171133453899756, -138.0155505122760076, 68.99999991151629786 ) ) ;
#9641 = CARTESIAN_POINT ( 'NONE',  ( 157.1742201265760173, -134.9726572934629871, 67.29289313032980147 ) ) ;
#9642 = ORIENTED_EDGE ( 'NONE', *, *, #9233, .F. ) ;
#9643 = CARTESIAN_POINT ( 'NONE',  ( 135.0296332654587275, -138.3521072828668252, 67.52403676203849159 ) ) ;
#9644 = CARTESIAN_POINT ( 'NONE',  ( 133.2171133453900040, -119.4297640746489861, 79.97858143529350627 ) ) ;
#9645 = ORIENTED_EDGE ( 'NONE', *, *, #6613, .F. ) ;
#9646 = DIRECTION ( 'NONE',  ( 0.4397326120323138965, -0.1821432117215232016, -0.8794652240646056995 ) ) ;
#9647 = EDGE_LOOP ( 'NONE', ( #8123, #7185, #3009, #10472 ) ) ;
#9648 = DIRECTION ( 'NONE',  ( 3.160768215787150073E-15, 1.000000000000000000, -1.526556646962079803E-16 ) ) ;
#9649 = ORIENTED_EDGE ( 'NONE', *, *, #10989, .T. ) ;
#9650 = EDGE_CURVE ( 'NONE', #2471, #4952, #1214, .T. ) ;
#9651 = EDGE_CURVE ( 'NONE', #8920, #6903, #9285, .T. ) ;
#9652 = CIRCLE ( 'NONE', #4411, 14.39999999999999680 ) ;
#9653 = FACE_OUTER_BOUND ( 'NONE', #949, .T. ) ;
#9654 = CARTESIAN_POINT ( 'NONE',  ( 175.2171133453909988, -149.2641735625587955, 64.75000000000000000 ) ) ;
#9655 = CARTESIAN_POINT ( 'NONE',  ( 163.2171218664500145, -139.0115483637760292, 66.29941204237439933 ) ) ;
#9656 = CARTESIAN_POINT ( 'NONE',  ( 132.1194087798621979, -149.4297640215114029, 50.75000000000000000 ) ) ;
#9657 = VECTOR ( 'NONE', #2657, 1000.000000000000000 ) ;
#9658 = DIRECTION ( 'NONE',  ( -1.000000000000000000, 0.000000000000000000, 0.000000000000000000 ) ) ;
#9659 = CIRCLE ( 'NONE', #934, 3.900000000000000799 ) ;
#9660 = CARTESIAN_POINT ( 'NONE',  ( 161.2171133453899756, -138.0155505122760076, 68.99999991151629786 ) ) ;
#9661 = ORIENTED_EDGE ( 'NONE', *, *, #6653, .F. ) ;
#9662 = CONICAL_SURFACE ( 'NONE', #6373, 23.75049366970479880, 0.7853981633974532750 ) ;
#9663 = DIRECTION ( 'NONE',  ( 0.7071067811865441310, -0.7071067811865510144, -3.213933492438080637E-15 ) ) ;
#9664 = CIRCLE ( 'NONE', #2324, 2.500000000000002220 ) ;
#9665 = ORIENTED_EDGE ( 'NONE', *, *, #6644, .T. ) ;
#9666 = VECTOR ( 'NONE', #9326, 1000.000000000000000 ) ;
#9667 = PLANE ( 'NONE',  #10368 ) ;
#9668 = DIRECTION ( 'NONE',  ( 0.000000000000000000, -1.000000000000000000, 0.000000000000000000 ) ) ;
#9669 = DIRECTION ( 'NONE',  ( 0.4397326120323102328, 0.1821432117215494584, 0.8794652240646019248 ) ) ;
#9670 = LINE ( 'NONE', #6032, #7301 ) ;
#9671 = CARTESIAN_POINT ( 'NONE',  ( 162.4671133453900040, -140.4797640480800283, 66.54898615365620174 ) ) ;
#9672 = ORIENTED_EDGE ( 'NONE', *, *, #6961, .F. ) ;
#9673 = LINE ( 'NONE', #3251, #10215 ) ;
#9674 = VERTEX_POINT ( 'NONE', #2195 ) ;
#9675 = CONICAL_SURFACE ( 'NONE', #10065, 1.950000000000007283, 0.7853981633974514986 ) ;
#9676 = AXIS2_PLACEMENT_3D ( 'NONE', #3307, #7845, #2219 ) ;
#9677 = ORIENTED_EDGE ( 'NONE', *, *, #5943, .T. ) ;
#9678 = CARTESIAN_POINT ( 'NONE',  ( 134.7758936612404739, -121.0755987496654598, 59.01887197422046683 ) ) ;
#9679 = CARTESIAN_POINT ( 'NONE',  ( 130.2171133453899756, -151.4297640215179968, 62.75000000000000000 ) ) ;
#9680 = FACE_OUTER_BOUND ( 'NONE', #8468, .T. ) ;
#9681 = ORIENTED_EDGE ( 'NONE', *, *, #11944, .F. ) ;
#9682 = LINE ( 'NONE', #5737, #3403 ) ;
#9683 = ORIENTED_EDGE ( 'NONE', *, *, #4353, .T. ) ;
#9684 = CIRCLE ( 'NONE', #8524, 3.099999999999991651 ) ;
#9685 =( BOUNDED_CURVE ( )  B_SPLINE_CURVE ( 3, ( #2243, #8665, #3092, #2179 ),
 .UNSPECIFIED., .F., .F. ) 
 B_SPLINE_CURVE_WITH_KNOTS ( ( 4, 4 ),
 ( 1.570796326794895004, 2.354382990517709828 ),
 .UNSPECIFIED. ) 
 CURVE ( )  GEOMETRIC_REPRESENTATION_ITEM ( )  RATIONAL_B_SPLINE_CURVE ( ( 1.000000000000000000, 0.9494838459687360288, 0.9494838459687360288, 1.000000000000000000 ) ) 
 REPRESENTATION_ITEM ( '' )  );
#9686 = VERTEX_POINT ( 'NONE', #2440 ) ;
#9687 = CARTESIAN_POINT ( 'NONE',  ( 133.0613206124369867, -139.4894226044879986, 69.99997596295649771 ) ) ;
#9688 = DIRECTION ( 'NONE',  ( -1.000000000000000000, -9.644381700046979210E-17, -1.028189605211130024E-14 ) ) ;
#9689 = EDGE_CURVE ( 'NONE', #3379, #5508, #1341, .T. ) ;
#9690 = DIRECTION ( 'NONE',  ( 1.000000000000000000, -3.480590576041360211E-15, 0.000000000000000000 ) ) ;
#9691 = EDGE_LOOP ( 'NONE', ( #8991, #5980 ) ) ;
#9692 = ORIENTED_EDGE ( 'NONE', *, *, #1072, .T. ) ;
#9693 = EDGE_CURVE ( 'NONE', #8205, #93, #1456, .T. ) ;
#9694 = EDGE_CURVE ( 'NONE', #4698, #918, #6944, .T. ) ;
#9695 = ORIENTED_EDGE ( 'NONE', *, *, #11706, .T. ) ;
#9696 = FACE_OUTER_BOUND ( 'NONE', #741, .T. ) ;
#9697 = LINE ( 'NONE', #8848, #2778 ) ;
#9698 = CARTESIAN_POINT ( 'NONE',  ( 174.2171133453904872, -127.6838383413243747, 66.00407431981281547 ) ) ;
#9699 = CARTESIAN_POINT ( 'NONE',  ( 164.2171132922429706, -142.4297640746490003, 81.50005036263719660 ) ) ;
#9700 = CARTESIAN_POINT ( 'NONE',  ( 163.2171133453900040, -153.4297640746490003, 62.74999974667980496 ) ) ;
#9701 = VERTEX_POINT ( 'NONE', #8740 ) ;
#9702 = CARTESIAN_POINT ( 'NONE',  ( 165.2171133453904872, -144.0488782002692005, 57.98985306244370719 ) ) ;
#9703 = DIRECTION ( 'NONE',  ( 2.602085213965009729E-17, 1.000000000000000000, 0.000000000000000000 ) ) ;
#9704 = EDGE_CURVE ( 'NONE', #2253, #6127, #6802, .T. ) ;
#9705 = VERTEX_POINT ( 'NONE', #9821 ) ;
#9706 = DIRECTION ( 'NONE',  ( -3.683226109728400325E-15, -1.000000000000000000, 1.526556658859589750E-16 ) ) ;
#9707 = ORIENTED_EDGE ( 'NONE', *, *, #11039, .T. ) ;
#9708 = VERTEX_POINT ( 'NONE', #5150 ) ;
#9709 = CARTESIAN_POINT ( 'NONE',  ( 163.1087258513479981, -148.4297640215245906, 62.66078637172618926 ) ) ;
#9710 = DIRECTION ( 'NONE',  ( 4.795077224196439697E-24, -1.000000000000000000, -6.573933234426810631E-15 ) ) ;
#9711 = CARTESIAN_POINT ( 'NONE',  ( 163.2171133453900040, -142.4297640746490003, 71.99999985749009568 ) ) ;
#9712 = CARTESIAN_POINT ( 'NONE',  ( 135.2171133453900040, -129.9297640480800169, 91.62502517574999672 ) ) ;
#9713 = DIRECTION ( 'NONE',  ( -1.000000000000000000, 4.836409044766210230E-15, 2.449293589365379794E-16 ) ) ;
#9714 = EDGE_CURVE ( 'NONE', #676, #9799, #3227, .T. ) ;
#9715 = CARTESIAN_POINT ( 'NONE',  ( 135.2171133453900040, -140.4297640215119998, 100.6910126813450006 ) ) ;
#9716 = EDGE_CURVE ( 'NONE', #8477, #6966, #1517, .T. ) ;
#9717 = DIRECTION ( 'NONE',  ( 0.7071067811865475727, -0.7071067811865475727, 0.000000000000000000 ) ) ;
#9718 = DIRECTION ( 'NONE',  ( -1.000000000000000000, 3.973480495251319981E-15, 7.823253522622061261E-15 ) ) ;
#9719 = EDGE_LOOP ( 'NONE', ( #6293, #5750, #4627, #8126 ) ) ;
#9720 = LINE ( 'NONE', #5105, #4921 ) ;
#9721 = VERTEX_POINT ( 'NONE', #5950 ) ;
#9722 = PLANE ( 'NONE',  #2443 ) ;
#9723 = DIRECTION ( 'NONE',  ( 9.403221665368360057E-16, 1.000000000000000000, -1.526556658859389823E-16 ) ) ;
#9724 = DIRECTION ( 'NONE',  ( -4.692345787041510278E-15, -1.000000000000000000, -6.998008323019100649E-15 ) ) ;
#9725 = AXIS2_PLACEMENT_3D ( 'NONE', #267, #7506, #3747 ) ;
#9726 = DIRECTION ( 'NONE',  ( 0.000000000000000000, 1.000000000000000000, -1.526556658859589750E-16 ) ) ;
#9727 = EDGE_CURVE ( 'NONE', #412, #7386, #1400, .T. ) ;
#9728 = CARTESIAN_POINT ( 'NONE',  ( 131.2171133453900040, -153.4297640746490003, 102.7500000000329976 ) ) ;
#9729 = VERTEX_POINT ( 'NONE', #2261 ) ;
#9730 = DIRECTION ( 'NONE',  ( -0.7071067811865779928, -0.7071067811865170416, 1.188109768467263855E-16 ) ) ;
#9731 = ORIENTED_EDGE ( 'NONE', *, *, #1342, .T. ) ;
#9732 = ORIENTED_EDGE ( 'NONE', *, *, #8963, .F. ) ;
#9733 = AXIS2_PLACEMENT_3D ( 'NONE', #8037, #11732, #11494 ) ;
#9734 = LINE ( 'NONE', #8036, #9763 ) ;
#9735 = DIRECTION ( 'NONE',  ( 3.160768215787150073E-15, 1.000000000000000000, -1.526556658859589750E-16 ) ) ;
#9736 = DIRECTION ( 'NONE',  ( -2.449293589365029737E-16, 7.253542152952179738E-15, -1.000000000000000000 ) ) ;
#9737 = ORIENTED_EDGE ( 'NONE', *, *, #2070, .T. ) ;
#9738 = DIRECTION ( 'NONE',  ( 0.000000000000000000, 1.000000000000000000, 0.000000000000000000 ) ) ;
#9739 = ORIENTED_EDGE ( 'NONE', *, *, #2024, .F. ) ;
#9740 = ORIENTED_EDGE ( 'NONE', *, *, #1541, .F. ) ;
#9741 = CARTESIAN_POINT ( 'NONE',  ( 139.0881057973019779, -145.2610627444949785, 109.3679489089380041 ) ) ;
#9742 = EDGE_CURVE ( 'NONE', #11192, #7971, #7882, .T. ) ;
#9743 = CARTESIAN_POINT ( 'NONE',  ( 138.2886965150430001, -144.2802047551020053, 110.3848076539239997 ) ) ;
#9744 = ORIENTED_EDGE ( 'NONE', *, *, #10016, .T. ) ;
#9745 = CARTESIAN_POINT ( 'NONE',  ( 162.2171133453900040, -153.4297640746490003, 98.69854225301749295 ) ) ;
#9746 = AXIS2_PLACEMENT_3D ( 'NONE', #10125, #104, #1766 ) ;
#9747 = ORIENTED_EDGE ( 'NONE', *, *, #5632, .T. ) ;
#9748 = ORIENTED_EDGE ( 'NONE', *, *, #4492, .F. ) ;
#9749 = ORIENTED_EDGE ( 'NONE', *, *, #8389, .T. ) ;
#9750 = CARTESIAN_POINT ( 'NONE',  ( 121.1991873743999975, -150.4118380298749855, 108.8158570650340096 ) ) ;
#9751 = CARTESIAN_POINT ( 'NONE',  ( 163.2171133453900040, -139.0155505122760076, 70.99999991151629786 ) ) ;
#9752 = DIRECTION ( 'NONE',  ( 2.973305968354184926E-18, -1.000000000000000000, -6.939099705552450673E-15 ) ) ;
#9753 = EDGE_CURVE ( 'NONE', #9923, #10495, #4429, .T. ) ;
#9754 = VERTEX_POINT ( 'NONE', #11459 ) ;
#9755 = DIRECTION ( 'NONE',  ( -8.933825898460540270E-17, -1.000000000000000000, 8.933825917823488641E-17 ) ) ;
#9756 = VERTEX_POINT ( 'NONE', #3166 ) ;
#9757 = CARTESIAN_POINT ( 'NONE',  ( 163.2171133453900040, -152.4297640746490003, 60.25000000000000000 ) ) ;
#9758 = ADVANCED_FACE ( 'NONE', ( #6859, #10556 ), #5033, .F. ) ;
#9759 = EDGE_CURVE ( 'NONE', #11853, #6483, #11193, .T. ) ;
#9760 = DIRECTION ( 'NONE',  ( 0.7071067811865489050, 0.7071067811865460184, -5.746860552494859653E-13 ) ) ;
#9761 = ORIENTED_EDGE ( 'NONE', *, *, #8135, .T. ) ;
#9762 = DIRECTION ( 'NONE',  ( 3.480590576041360211E-15, 1.000000000000000000, -1.074295325692379890E-17 ) ) ;
#9763 = VECTOR ( 'NONE', #8830, 1000.000000000000000 ) ;
#9764 = ORIENTED_EDGE ( 'NONE', *, *, #726, .F. ) ;
#9765 = EDGE_CURVE ( 'NONE', #530, #5377, #10674, .T. ) ;
#9766 = CARTESIAN_POINT ( 'NONE',  ( 135.2171131927750309, -148.2297640746490117, 103.7997837512839965 ) ) ;
#9767 = CARTESIAN_POINT ( 'NONE',  ( 171.2171133453900040, -153.1834562892630345, 64.74999999999928946 ) ) ;
#9768 = VECTOR ( 'NONE', #9041, 1000.000000000000000 ) ;
#9769 = FACE_OUTER_BOUND ( 'NONE', #190, .T. ) ;
#9770 = CARTESIAN_POINT ( 'NONE',  ( 162.9233690774759964, -141.1360191526140113, 68.00152806032539843 ) ) ;
#9771 = ADVANCED_FACE ( 'NONE', ( #475 ), #6070, .T. ) ;
#9772 = CYLINDRICAL_SURFACE ( 'NONE', #2672, 0.9999999999999852340 ) ;
#9773 = CARTESIAN_POINT ( 'NONE',  ( 172.4131734971036565, -139.1308233514491519, 55.63033466282664818 ) ) ;
#9774 = ORIENTED_EDGE ( 'NONE', *, *, #4661, .T. ) ;
#9775 = CIRCLE ( 'NONE', #2233, 1.000000000000028644 ) ;
#9776 = AXIS2_PLACEMENT_3D ( 'NONE', #2172, #11437, #270 ) ;
#9777 = ADVANCED_FACE ( 'NONE', ( #537 ), #4658, .F. ) ;
#9778 = CARTESIAN_POINT ( 'NONE',  ( 162.2171133453900040, -147.4297640746490003, 70.99999991151629786 ) ) ;
#9779 = EDGE_CURVE ( 'NONE', #7239, #8887, #10247, .T. ) ;
#9780 = ORIENTED_EDGE ( 'NONE', *, *, #3140, .T. ) ;
#9781 = CARTESIAN_POINT ( 'NONE',  ( 134.9242201265765857, -138.0155505122760076, 69.70710669270299320 ) ) ;
#9782 = DIRECTION ( 'NONE',  ( 2.428612952914209755E-16, -1.000000000000000000, -6.573933234426810631E-15 ) ) ;
#9783 = CARTESIAN_POINT ( 'NONE',  ( 141.2106690963749998, -140.4297640215119998, 105.3643259181410059 ) ) ;
#9784 = AXIS2_PLACEMENT_3D ( 'NONE', #10263, #7478, #5473 ) ;
#9785 = LINE ( 'NONE', #1481, #2325 ) ;
#9786 = AXIS2_PLACEMENT_3D ( 'NONE', #11180, #7317, #11009 ) ;
#9787 = DIRECTION ( 'NONE',  ( -2.602085213964869829E-17, -1.000000000000000000, 1.526556658859589750E-16 ) ) ;
#9788 = CARTESIAN_POINT ( 'NONE',  ( 157.5201750565870213, -149.4297641370889949, 117.6643261048649975 ) ) ;
#9789 = EDGE_LOOP ( 'NONE', ( #3844, #9935, #11428, #8019 ) ) ;
#9790 = CARTESIAN_POINT ( 'NONE',  ( 134.2171133453900040, -119.4297640746489861, 69.99999991151649681 ) ) ;
#9791 = ORIENTED_EDGE ( 'NONE', *, *, #7279, .F. ) ;
#9792 = AXIS2_PLACEMENT_3D ( 'NONE', #10671, #11819, #9880 ) ;
#9793 = ORIENTED_EDGE ( 'NONE', *, *, #8438, .T. ) ;
#9794 = EDGE_CURVE ( 'NONE', #2936, #10339, #1582, .T. ) ;
#9795 = DIRECTION ( 'NONE',  ( -1.000000000000000000, 0.000000000000000000, 0.000000000000000000 ) ) ;
#9796 = LINE ( 'NONE', #3438, #10127 ) ;
#9797 = CARTESIAN_POINT ( 'NONE',  ( 132.6072817688421992, -114.4297640215114029, 57.67765335951249739 ) ) ;
#9798 = ADVANCED_FACE ( 'NONE', ( #10856 ), #10977, .F. ) ;
#9799 = VERTEX_POINT ( 'NONE', #6311 ) ;
#9800 = DIRECTION ( 'NONE',  ( 1.000000000000000000, 0.000000000000000000, -2.546950083066530298E-09 ) ) ;
#9801 = LINE ( 'NONE', #1496, #4252 ) ;
#9802 = LINE ( 'NONE', #5248, #5544 ) ;
#9803 = LINE ( 'NONE', #7085, #10644 ) ;
#9804 = ORIENTED_EDGE ( 'NONE', *, *, #4641, .T. ) ;
#9805 = VECTOR ( 'NONE', #3811, 1000.000000000000000 ) ;
#9806 = CARTESIAN_POINT ( 'NONE',  ( 162.7341773287875526, -153.3269136536244730, 98.70041558368939150 ) ) ;
#9807 = EDGE_LOOP ( 'NONE', ( #11466, #7560, #3923, #5373, #9737 ) ) ;
#9808 = EDGE_LOOP ( 'NONE', ( #9225, #9063, #4765, #8396 ) ) ;
#9809 = ORIENTED_EDGE ( 'NONE', *, *, #11314, .F. ) ;
#9810 = DIRECTION ( 'NONE',  ( -1.000000000000000000, 3.614815666997100608E-15, 1.495620793011419899E-12 ) ) ;
#9811 = PLANE ( 'NONE',  #3536 ) ;
#9812 = ADVANCED_FACE ( 'NONE', ( #905 ), #3463, .T. ) ;
#9813 = CIRCLE ( 'NONE', #4006, 0.9999999063524251941 ) ;
#9814 = PLANE ( 'NONE',  #2623 ) ;
#9815 = CARTESIAN_POINT ( 'NONE',  ( 163.2171133453900040, -142.4297640746490003, 80.50005036047079443 ) ) ;
#9816 = VERTEX_POINT ( 'NONE', #9885 ) ;
#9817 = LINE ( 'NONE', #4248, #5730 ) ;
#9818 = CARTESIAN_POINT ( 'NONE',  ( 139.1053615817419882, -143.4297640215119714, 104.6051247192650067 ) ) ;
#9819 = ORIENTED_EDGE ( 'NONE', *, *, #4201, .F. ) ;
#9820 = VECTOR ( 'NONE', #6934, 1000.000000000000000 ) ;
#9821 = CARTESIAN_POINT ( 'NONE',  ( 132.7943063462900000, -144.5297640215119941, 66.13179315275620240 ) ) ;
#9822 = EDGE_CURVE ( 'NONE', #1505, #4112, #10792, .T. ) ;
#9823 = ORIENTED_EDGE ( 'NONE', *, *, #11021, .T. ) ;
#9824 = CARTESIAN_POINT ( 'NONE',  ( 132.7943063462900000, -140.4797640480800283, 66.96810934369270285 ) ) ;
#9825 = VECTOR ( 'NONE', #3798, 1000.000000000000000 ) ;
#9826 = CARTESIAN_POINT ( 'NONE',  ( 162.3677708826299977, -132.0969567164432021, 53.47602185630490368 ) ) ;
#9827 = CARTESIAN_POINT ( 'NONE',  ( 158.7171133453899756, -139.4397640202369928, 80.50005035146709531 ) ) ;
#9828 = PLANE ( 'NONE',  #680 ) ;
#9829 = CYLINDRICAL_SURFACE ( 'NONE', #1060, 11.54238125198780729 ) ;
#9830 = CARTESIAN_POINT ( 'NONE',  ( 156.9591226427349966, -122.4297640215114029, 62.10199319125020168 ) ) ;
#9831 = LINE ( 'NONE', #10626, #11001 ) ;
#9832 = EDGE_CURVE ( 'NONE', #4009, #8039, #2617, .T. ) ;
#9833 = EDGE_LOOP ( 'NONE', ( #5494, #4568, #6118, #2163 ) ) ;
#9834 = CONICAL_SURFACE ( 'NONE', #10806, 1.650000000000012568, 0.7853981633974476129 ) ;
#9835 = EDGE_CURVE ( 'NONE', #8170, #3110, #2500, .T. ) ;
#9836 = EDGE_CURVE ( 'NONE', #9136, #11688, #6501, .T. ) ;
#9837 = CARTESIAN_POINT ( 'NONE',  ( 133.2171133453900040, -153.4297640746490003, 67.14091634279270693 ) ) ;
#9838 = ORIENTED_EDGE ( 'NONE', *, *, #1946, .F. ) ;
#9839 = DIRECTION ( 'NONE',  ( -1.087291533616492079E-15, -1.000000000000000000, 1.087291533616382033E-15 ) ) ;
#9840 = DIRECTION ( 'NONE',  ( -0.5735764363510417185, 0.8191520442889947962, 6.082239591783707670E-15 ) ) ;
#9841 = CIRCLE ( 'NONE', #5775, 1.700000000000007061 ) ;
#9842 = CARTESIAN_POINT ( 'NONE',  ( 136.9171131927749911, -148.4297640746490003, 102.0997837512840078 ) ) ;
#9843 = AXIS2_PLACEMENT_3D ( 'NONE', #11520, #8680, #3109 ) ;
#9844 = DIRECTION ( 'NONE',  ( 2.449293572821440166E-16, -6.573933234426810631E-15, 1.000000000000000000 ) ) ;
#9845 = DIRECTION ( 'NONE',  ( 3.683226109728390070E-15, 1.000000000000000000, 7.827405568325590594E-14 ) ) ;
#9846 = DIRECTION ( 'NONE',  ( -3.480590576041360211E-15, -1.000000000000000000, 1.074295325692379890E-17 ) ) ;
#9847 = ORIENTED_EDGE ( 'NONE', *, *, #2095, .T. ) ;
#9848 = AXIS2_PLACEMENT_3D ( 'NONE', #4567, #683, #1667 ) ;
#9849 = CARTESIAN_POINT ( 'NONE',  ( 162.3993087931480375, -139.5635384517587454, 69.96652401079025196 ) ) ;
#9850 = EDGE_CURVE ( 'NONE', #414, #2673, #780, .T. ) ;
#9851 = VERTEX_POINT ( 'NONE', #8974 ) ;
#9852 = DIRECTION ( 'NONE',  ( -1.000000000000000000, 0.000000000000000000, 3.918643944603079990E-09 ) ) ;
#9853 = ORIENTED_EDGE ( 'NONE', *, *, #3413, .T. ) ;
#9854 = VECTOR ( 'NONE', #1365, 1000.000000000000000 ) ;
#9855 = AXIS2_PLACEMENT_3D ( 'NONE', #11728, #3434, #280 ) ;
#9856 = DIRECTION ( 'NONE',  ( 1.000000000000000000, -2.163294677847200134E-12, 0.000000000000000000 ) ) ;
#9857 = CARTESIAN_POINT ( 'NONE',  ( 163.1409749705900083, -141.4613015884661991, 68.99999991151629786 ) ) ;
#9858 = ORIENTED_EDGE ( 'NONE', *, *, #11708, .F. ) ;
#9859 =( BOUNDED_CURVE ( )  B_SPLINE_CURVE ( 3, ( #6790, #7754, #11446, #3152 ),
 .UNSPECIFIED., .F., .T. ) 
 B_SPLINE_CURVE_WITH_KNOTS ( ( 4, 4 ),
 ( 4.712388980384689674, 5.497787143782129959 ),
 .UNSPECIFIED. ) 
 CURVE ( )  GEOMETRIC_REPRESENTATION_ITEM ( )  RATIONAL_B_SPLINE_CURVE ( ( 1.000000000000000000, 0.9492530216741920102, 0.9492530216741920102, 1.000000000000000000 ) ) 
 REPRESENTATION_ITEM ( '' )  );
#9860 = FACE_OUTER_BOUND ( 'NONE', #5101, .T. ) ;
#9861 = DIRECTION ( 'NONE',  ( 0.5773502691896257311, 0.5773502691896248429, 0.5773502691896267303 ) ) ;
#9862 = CARTESIAN_POINT ( 'NONE',  ( 138.0808663299520163, -140.4297640215119998, 111.3643259181410059 ) ) ;
#9863 = CARTESIAN_POINT ( 'NONE',  ( 139.1025983215369877, -145.0438718335330179, 105.3678209961860119 ) ) ;
#9864 = DIRECTION ( 'NONE',  ( -1.000000000000000000, 0.000000000000000000, 0.000000000000000000 ) ) ;
#9865 = AXIS2_PLACEMENT_3D ( 'NONE', #3401, #7103, #6129 ) ;
#9866 = VERTEX_POINT ( 'NONE', #11876 ) ;
#9867 = DIRECTION ( 'NONE',  ( 0.3198345585774040045, -0.2239505688958640384, -0.9206258728880131192 ) ) ;
#9868 = EDGE_CURVE ( 'NONE', #7549, #1009, #9463, .T. ) ;
#9869 = EDGE_CURVE ( 'NONE', #2171, #9721, #11037, .T. ) ;
#9870 = ORIENTED_EDGE ( 'NONE', *, *, #8016, .T. ) ;
#9871 = EDGE_LOOP ( 'NONE', ( #5474, #6056, #6272, #2826 ) ) ;
#9872 = ORIENTED_EDGE ( 'NONE', *, *, #11190, .F. ) ;
#9873 = CARTESIAN_POINT ( 'NONE',  ( 135.2171133453900040, -140.9497639930989976, 91.14747552047721513 ) ) ;
#9874 = PLANE ( 'NONE',  #8394 ) ;
#9875 = CARTESIAN_POINT ( 'NONE',  ( 131.2171133534549767, -119.4297640746489861, 81.50005035108789286 ) ) ;
#9876 = VECTOR ( 'NONE', #1598, 1000.000000000000000 ) ;
#9877 = ORIENTED_EDGE ( 'NONE', *, *, #11174, .T. ) ;
#9878 = LINE ( 'NONE', #405, #8030 ) ;
#9879 = ORIENTED_EDGE ( 'NONE', *, *, #11306, .T. ) ;
#9880 = DIRECTION ( 'NONE',  ( -0.7269499109268069414, 0.6866904885051979823, 0.000000000000000000 ) ) ;
#9881 = CARTESIAN_POINT ( 'NONE',  ( 161.2171133453899756, -119.4297640746489861, 67.99999991151629786 ) ) ;
#9882 = EDGE_CURVE ( 'NONE', #7976, #7898, #3642, .T. ) ;
#9883 = VECTOR ( 'NONE', #11409, 1000.000000000000114 ) ;
#9884 = ORIENTED_EDGE ( 'NONE', *, *, #8512, .T. ) ;
#9885 = CARTESIAN_POINT ( 'NONE',  ( 136.9171131927749911, -148.0297640746490231, 105.4997837512840135 ) ) ;
#9886 = EDGE_LOOP ( 'NONE', ( #1041, #3389, #11850, #1303, #5346, #6310, #922, #6305, #4396 ) ) ;
#9887 = DIRECTION ( 'NONE',  ( 1.214306495755059738E-16, -1.000000000000000000, -6.573933234426810631E-15 ) ) ;
#9888 = DIRECTION ( 'NONE',  ( -1.262419606394985962E-16, 1.000000000000000000, 5.983031277196099897E-15 ) ) ;
#9889 = CYLINDRICAL_SURFACE ( 'NONE', #10150, 3.099999999999991651 ) ;
#9890 = CARTESIAN_POINT ( 'NONE',  ( 135.2171131927750309, -148.0297640746490231, 103.7997837512839965 ) ) ;
#9891 = CARTESIAN_POINT ( 'NONE',  ( 174.2171133453904872, -154.4297640215114882, 62.75000000000000000 ) ) ;
#9892 = CARTESIAN_POINT ( 'NONE',  ( 163.2171133453904872, -154.4297640215109766, 62.74960223581890517 ) ) ;
#9893 = CARTESIAN_POINT ( 'NONE',  ( 132.4057069938945972, -153.0166174597246140, 67.14091634279262166 ) ) ;
#9894 = ORIENTED_EDGE ( 'NONE', *, *, #11314, .T. ) ;
#9895 = CARTESIAN_POINT ( 'NONE',  ( 132.3853615647905713, -114.5646313534462024, 57.41995013618239341 ) ) ;
#9896 = EDGE_LOOP ( 'NONE', ( #11849, #4631, #3664, #440 ) ) ;
#9897 = CARTESIAN_POINT ( 'NONE',  ( 124.2171133453900040, -153.1834562892635176, 64.74999999999928946 ) ) ;
#9898 = CYLINDRICAL_SURFACE ( 'NONE', #760, 0.9999999999999964473 ) ;
#9899 = EDGE_CURVE ( 'NONE', #11227, #888, #2700, .T. ) ;
#9900 = CARTESIAN_POINT ( 'NONE',  ( 120.2171133453899898, -114.8297640215111954, 51.25000000000000000 ) ) ;
#9901 = CARTESIAN_POINT ( 'NONE',  ( 163.2171133453900040, -139.0112228123850002, 70.99999747089100310 ) ) ;
#9902 = CARTESIAN_POINT ( 'NONE',  ( 168.6298797530100160, -114.4297640215111898, 57.75000000000003553 ) ) ;
#9903 = EDGE_CURVE ( 'NONE', #11430, #2465, #7105, .T. ) ;
#9904 = EDGE_CURVE ( 'NONE', #10177, #2253, #10705, .T. ) ;
#9905 = CARTESIAN_POINT ( 'NONE',  ( 138.8097112023463922, -140.7226572403253897, 106.0714326993276018 ) ) ;
#9906 = ORIENTED_EDGE ( 'NONE', *, *, #11260, .T. ) ;
#9907 = CARTESIAN_POINT ( 'NONE',  ( 120.2171133453899898, -140.4297640215119998, 103.7500000343879947 ) ) ;
#9908 = VECTOR ( 'NONE', #10483, 1000.000000000000000 ) ;
#9909 = DIRECTION ( 'NONE',  ( -2.602085213964869829E-17, -1.000000000000000000, 1.526556658859589750E-16 ) ) ;
#9910 = EDGE_LOOP ( 'NONE', ( #7913, #1756, #6351, #3882 ) ) ;
#9911 = FACE_OUTER_BOUND ( 'NONE', #2642, .T. ) ;
#9912 = DIRECTION ( 'NONE',  ( 1.000000000000000000, 0.000000000000000000, 0.000000000000000000 ) ) ;
#9913 = ORIENTED_EDGE ( 'NONE', *, *, #272, .F. ) ;
#9914 = CARTESIAN_POINT ( 'NONE',  ( 160.2171131927750025, -148.0297640746490231, 103.7997837512839965 ) ) ;
#9915 = CARTESIAN_POINT ( 'NONE',  ( 138.0808663299520163, -140.4297640215119998, 110.3643259181410059 ) ) ;
#9916 = EDGE_CURVE ( 'NONE', #5179, #7976, #11149, .T. ) ;
#9917 = AXIS2_PLACEMENT_3D ( 'NONE', #10288, #3019, #2902 ) ;
#9918 = CARTESIAN_POINT ( 'NONE',  ( 135.2053871776569736, -143.4297640215119714, 104.5909950527140069 ) ) ;
#9919 = CARTESIAN_POINT ( 'NONE',  ( 138.5534817955150118, -144.3492280394030161, 109.3654812871660056 ) ) ;
#9920 = DIRECTION ( 'NONE',  ( 0.7071067811865490160, 0.7071067811865460184, 1.887379141862770063E-15 ) ) ;
#9921 = EDGE_LOOP ( 'NONE', ( #3696, #2499, #832, #1217, #9195 ) ) ;
#9922 = DIRECTION ( 'NONE',  ( 2.602085213964869829E-17, 1.000000000000000000, -1.526556658859309704E-16 ) ) ;
#9923 = VERTEX_POINT ( 'NONE', #4660 ) ;
#9924 = VECTOR ( 'NONE', #8769, 1000.000000000000000 ) ;
#9925 = ORIENTED_EDGE ( 'NONE', *, *, #2871, .T. ) ;
#9926 = ORIENTED_EDGE ( 'NONE', *, *, #5392, .T. ) ;
#9927 = CARTESIAN_POINT ( 'NONE',  ( 160.2171133453899756, -138.0155505122760076, 67.99999991151629786 ) ) ;
#9928 = LINE ( 'NONE', #526, #437 ) ;
#9929 = CARTESIAN_POINT ( 'NONE',  ( 165.2171133453904872, -134.0920877878090209, 57.98985306244379956 ) ) ;
#9930 = ORIENTED_EDGE ( 'NONE', *, *, #6960, .T. ) ;
#9931 = EDGE_LOOP ( 'NONE', ( #5149, #6082, #4295, #7072, #386, #2126, #6003 ) ) ;
#9932 = ADVANCED_FACE ( 'NONE', ( #1997 ), #4772, .F. ) ;
#9933 = EDGE_CURVE ( 'NONE', #448, #10970, #11482, .T. ) ;
#9934 = FACE_OUTER_BOUND ( 'NONE', #7008, .T. ) ;
#9935 = ORIENTED_EDGE ( 'NONE', *, *, #2204, .T. ) ;
#9936 = CIRCLE ( 'NONE', #1817, 0.9999999999999964473 ) ;
#9937 = CARTESIAN_POINT ( 'NONE',  ( 168.6298797530100160, -114.4297640215111755, 55.29999999999979821 ) ) ;
#9938 = CARTESIAN_POINT ( 'NONE',  ( 163.1867387273269969, -142.6271945873116067, 51.11866876023830031 ) ) ;
#9939 = ORIENTED_EDGE ( 'NONE', *, *, #8, .T. ) ;
#9940 = VERTEX_POINT ( 'NONE', #7458 ) ;
#9941 = AXIS2_PLACEMENT_3D ( 'NONE', #11080, #830, #11985 ) ;
#9942 = LINE ( 'NONE', #10008, #8557 ) ;
#9943 = DIRECTION ( 'NONE',  ( -5.759249156619006965E-05, 1.526571642384948852E-16, 0.9999999983415523985 ) ) ;
#9944 = EDGE_CURVE ( 'NONE', #3547, #10474, #6493, .T. ) ;
#9945 = LINE ( 'NONE', #5337, #9768 ) ;
#9946 = LINE ( 'NONE', #6139, #380 ) ;
#9947 = B_SPLINE_CURVE_WITH_KNOTS ( 'NONE', 3,
 ( #254, #3187, #6886, #7003 ),
 .UNSPECIFIED., .F., .F.,
 ( 4, 4 ),
 ( 0.000000000000000000, 1.000000000000000000 ),
 .UNSPECIFIED. ) ;
#9948 = CARTESIAN_POINT ( 'NONE',  ( 135.1106248479624128, -117.4297640215114029, 60.27765112427590566 ) ) ;
#9949 = AXIS2_PLACEMENT_3D ( 'NONE', #9989, #768, #4472 ) ;
#9950 = LINE ( 'NONE', #11770, #2480 ) ;
#9951 = DIRECTION ( 'NONE',  ( 1.000000000000000000, 0.000000000000000000, 0.000000000000000000 ) ) ;
#9952 = DIRECTION ( 'NONE',  ( 0.7071067811865592301, 0.000000000000000000, -0.7071067811865356934 ) ) ;
#9954 = VERTEX_POINT ( 'NONE', #5686 ) ;
#9953 = AXIS2_PLACEMENT_3D ( 'NONE', #4374, #6018, #7110 ) ;
#9955 = CARTESIAN_POINT ( 'NONE',  ( 132.6106248479624128, -117.8297640215114086, 60.27765112427590566 ) ) ;
#9956 = ORIENTED_EDGE ( 'NONE', *, *, #8494, .F. ) ;
#9957 = DIRECTION ( 'NONE',  ( -1.000000000000000000, 2.602085213964869829E-17, -7.166576360129189239E-17 ) ) ;
#9958 = CARTESIAN_POINT ( 'NONE',  ( 163.2171133453900040, -154.4297640746490003, 58.25000000000000000 ) ) ;
#9959 = LINE ( 'NONE', #9563, #5514 ) ;
#9960 = EDGE_LOOP ( 'NONE', ( #3945, #2601, #9020, #4510, #6115, #4621, #688, #3229 ) ) ;
#9961 = CARTESIAN_POINT ( 'NONE',  ( 120.2171133453899898, -154.4460613007630059, 43.25000000000059686 ) ) ;
#9962 = CARTESIAN_POINT ( 'NONE',  ( 132.2171133453900040, -154.4297640215114882, 55.74960223581889807 ) ) ;
#9963 = DIRECTION ( 'NONE',  ( 1.000000000000000000, 9.644381700046818973E-17, -4.666241877321180938E-16 ) ) ;
#9964 = ORIENTED_EDGE ( 'NONE', *, *, #995, .T. ) ;
#9965 = AXIS2_PLACEMENT_3D ( 'NONE', #3280, #10668, #2372 ) ;
#9966 = DIRECTION ( 'NONE',  ( 1.000000000000000000, -2.602085213964869829E-17, 7.166576360129189239E-17 ) ) ;
#9967 = AXIS2_PLACEMENT_3D ( 'NONE', #5036, #1522, #4191 ) ;
#9968 = ORIENTED_EDGE ( 'NONE', *, *, #2268, .T. ) ;
#9969 = EDGE_CURVE ( 'NONE', #3168, #3948, #1077, .T. ) ;
#9970 = ORIENTED_EDGE ( 'NONE', *, *, #3406, .T. ) ;
#9971 = DIRECTION ( 'NONE',  ( -3.683226109728400325E-15, -1.000000000000000000, 2.692261676065480290E-15 ) ) ;
#9972 = DIRECTION ( 'NONE',  ( 0.000000000000000000, 1.000000000000000000, -1.526556658859589750E-16 ) ) ;
#9973 = ORIENTED_EDGE ( 'NONE', *, *, #4187, .F. ) ;
#9974 = ADVANCED_FACE ( 'NONE', ( #165, #3880, #4714, #5811 ), #10357, .T. ) ;
#9975 = CIRCLE ( 'NONE', #6884, 0.9000000000000119016 ) ;
#9976 = DIRECTION ( 'NONE',  ( 2.602085213964869829E-17, 1.000000000000000000, -1.526556658859589750E-16 ) ) ;
#9977 = DIRECTION ( 'NONE',  ( 2.602085213964869829E-17, 1.000000000000000000, -1.526556658859589750E-16 ) ) ;
#9978 = AXIS2_PLACEMENT_3D ( 'NONE', #3504, #7200, #7920 ) ;
#9979 = DIRECTION ( 'NONE',  ( -8.821935677471621045E-15, -1.074295325689379908E-17, -1.000000000000000000 ) ) ;
#9980 = DIRECTION ( 'NONE',  ( 0.7071067811865121566, 0.000000000000000000, 0.7071067811865827668 ) ) ;
#9981 = DIRECTION ( 'NONE',  ( 0.5000000000000011102, -0.5000000000000011102, -0.7071067811865459074 ) ) ;
#9982 = ORIENTED_EDGE ( 'NONE', *, *, #8737, .F. ) ;
#9983 = LINE ( 'NONE', #1685, #3641 ) ;
#9984 = ORIENTED_EDGE ( 'NONE', *, *, #8275, .T. ) ;
#9985 = CIRCLE ( 'NONE', #11719, 3.099999999999991651 ) ;
#9986 = EDGE_CURVE ( 'NONE', #10085, #342, #5979, .T. ) ;
#9987 = ORIENTED_EDGE ( 'NONE', *, *, #11706, .F. ) ;
#9988 = ORIENTED_EDGE ( 'NONE', *, *, #7010, .F. ) ;
#9989 = CARTESIAN_POINT ( 'NONE',  ( 135.6669467343540134, -153.4297640746490003, 71.34999974667979927 ) ) ;
#9990 = DIRECTION ( 'NONE',  ( 3.965082230804130614E-15, 1.000000000000000000, -1.074295325692379890E-17 ) ) ;
#9991 = CYLINDRICAL_SURFACE ( 'NONE', #7026, 11.54238125198780729 ) ;
#9992 = EDGE_CURVE ( 'NONE', #263, #2287, #5572, .T. ) ;
#9993 = ORIENTED_EDGE ( 'NONE', *, *, #11645, .F. ) ;
#9994 = ADVANCED_FACE ( 'NONE', ( #2969 ), #2854, .T. ) ;
#9995 = ORIENTED_EDGE ( 'NONE', *, *, #10750, .F. ) ;
#9996 = CYLINDRICAL_SURFACE ( 'NONE', #3391, 0.5899999999999971934 ) ;
#9997 = CIRCLE ( 'NONE', #6708, 0.9999999999999964473 ) ;
#9998 = ORIENTED_EDGE ( 'NONE', *, *, #11247, .T. ) ;
#9999 = DIRECTION ( 'NONE',  ( 1.000000000000000000, -3.683226109728400325E-15, 7.166576360129239776E-17 ) ) ;
#10000 = DIRECTION ( 'NONE',  ( -0.7071067811865614505, -0.7071067811865336949, 0.000000000000000000 ) ) ;
#10001 = ORIENTED_EDGE ( 'NONE', *, *, #2115, .T. ) ;
#10002 =( BOUNDED_CURVE ( )  B_SPLINE_CURVE ( 3, ( #1130, #8596, #1375, #1317 ),
 .UNSPECIFIED., .F., .T. ) 
 B_SPLINE_CURVE_WITH_KNOTS ( ( 4, 4 ),
 ( 5.216171689542710155, 5.645684026740410033 ),
 .UNSPECIFIED. ) 
 CURVE ( )  GEOMETRIC_REPRESENTATION_ITEM ( )  RATIONAL_B_SPLINE_CURVE ( ( 1.000000000000000000, 0.9846855906441770445, 0.9846855906441770445, 1.000000000000000000 ) ) 
 REPRESENTATION_ITEM ( '' )  );
#10003 = DIRECTION ( 'NONE',  ( 2.449293589365059812E-16, -6.573933234426810631E-15, 1.000000000000000000 ) ) ;
#10004 = EDGE_CURVE ( 'NONE', #5845, #538, #3815, .T. ) ;
#10005 = VECTOR ( 'NONE', #11185, 1000.000000000000000 ) ;
#10006 = ORIENTED_EDGE ( 'NONE', *, *, #7029, .F. ) ;
#10007 = DIRECTION ( 'NONE',  ( 0.7071067811865520136, -4.562608332710570745E-15, 0.7071067811865431318 ) ) ;
#10008 = CARTESIAN_POINT ( 'NONE',  ( 163.2171133453900040, -144.5297640215119941, 67.14091634279270693 ) ) ;
#10009 = CARTESIAN_POINT ( 'NONE',  ( 133.9670733397155686, -121.6732302687995144, 62.37820670760361708 ) ) ;
#10010 = DIRECTION ( 'NONE',  ( -4.692345787041510278E-15, -1.000000000000000000, -6.998008323019100649E-15 ) ) ;
#10011 = DIRECTION ( 'NONE',  ( -0.7071067811865460184, 0.7071067811865489050, 0.000000000000000000 ) ) ;
#10012 = AXIS2_PLACEMENT_3D ( 'NONE', #10684, #5098, #2388 ) ;
#10013 = DIRECTION ( 'NONE',  ( 3.683226109728400325E-15, 1.000000000000000000, -1.526556658859619825E-16 ) ) ;
#10014 = CARTESIAN_POINT ( 'NONE',  ( 133.4132901639879947, -114.8297640215114086, 54.47436513418860216 ) ) ;
#10015 = EDGE_CURVE ( 'NONE', #9729, #10543, #740, .T. ) ;
#10016 = EDGE_CURVE ( 'NONE', #3675, #7030, #9272, .T. ) ;
#10017 = VECTOR ( 'NONE', #7805, 1000.000000000000000 ) ;
#10018 = DIRECTION ( 'NONE',  ( 1.490884257295280121E-31, 1.000000000000000000, -1.074295325697209968E-17 ) ) ;
#10019 = ORIENTED_EDGE ( 'NONE', *, *, #3398, .F. ) ;
#10020 = DIRECTION ( 'NONE',  ( 0.000000000000000000, -1.000000000000000000, -3.233485681020080374E-15 ) ) ;
#10021 = CARTESIAN_POINT ( 'NONE',  ( 132.2171133453900040, -152.4297640746490003, 67.14091634279270693 ) ) ;
#10022 = DIRECTION ( 'NONE',  ( 0.9334193940513797472, 0.000000000000000000, 0.3587871720236870954 ) ) ;
#10023 = VERTEX_POINT ( 'NONE', #3030 ) ;
#10024 = CARTESIAN_POINT ( 'NONE',  ( 160.1768364872659731, -140.9297640215119998, 116.1644502228040068 ) ) ;
#10025 = DIRECTION ( 'NONE',  ( 0.5735764363510417185, 0.8191520442889947962, 5.941753882927164684E-15 ) ) ;
#10026 = FACE_BOUND ( 'NONE', #4995, .T. ) ;
#10027 = ORIENTED_EDGE ( 'NONE', *, *, #10686, .T. ) ;
#10028 = CONICAL_SURFACE ( 'NONE', #4026, 1.949999999999993516, 0.7853981633974418397 ) ;
#10029 = DIRECTION ( 'NONE',  ( 1.000000000000000000, -2.602085213964869829E-17, 7.166576360129189239E-17 ) ) ;
#10030 = EDGE_CURVE ( 'NONE', #8829, #4009, #6727, .T. ) ;
#10031 = ORIENTED_EDGE ( 'NONE', *, *, #10233, .F. ) ;
#10032 = ORIENTED_EDGE ( 'NONE', *, *, #11366, .F. ) ;
#10033 = DIRECTION ( 'NONE',  ( -7.166576360129189239E-17, 0.000000000000000000, 1.000000000000000000 ) ) ;
#10034 = DIRECTION ( 'NONE',  ( 1.000000000000000000, 4.795077207320080361E-24, -1.654362112574570050E-24 ) ) ;
#10035 = VECTOR ( 'NONE', #10658, 1000.000000000000000 ) ;
#10036 = VERTEX_POINT ( 'NONE', #11997 ) ;
#10037 = CARTESIAN_POINT ( 'NONE',  ( 134.8863181874829991, -141.0998585157470018, 109.0494877551829944 ) ) ;
#10038 = LINE ( 'NONE', #5430, #1924 ) ;
#10039 = CARTESIAN_POINT ( 'NONE',  ( 134.2171133453900040, -138.0155505122760076, 68.99999991151649681 ) ) ;
#10040 = VECTOR ( 'NONE', #9410, 1000.000000000000000 ) ;
#10041 = LINE ( 'NONE', #4517, #10246 ) ;
#10042 = CARTESIAN_POINT ( 'NONE',  ( 137.8094094721379861, -148.4297640746490003, 105.4997837512840135 ) ) ;
#10043 = FACE_OUTER_BOUND ( 'NONE', #8724, .T. ) ;
#10044 = LINE ( 'NONE', #4519, #8312 ) ;
#10045 = ORIENTED_EDGE ( 'NONE', *, *, #7123, .T. ) ;
#10046 = CARTESIAN_POINT ( 'NONE',  ( 154.6834021859320103, -140.4297640215119998, 104.4490822874270037 ) ) ;
#10047 = ORIENTED_EDGE ( 'NONE', *, *, #11059, .F. ) ;
#10048 = VECTOR ( 'NONE', #9189, 1000.000000000000000 ) ;
#10049 = AXIS2_PLACEMENT_3D ( 'NONE', #11505, #8944, #2533 ) ;
#10050 = ORIENTED_EDGE ( 'NONE', *, *, #1025, .F. ) ;
#10051 = ORIENTED_EDGE ( 'NONE', *, *, #4722, .F. ) ;
#10052 = CARTESIAN_POINT ( 'NONE',  ( 161.0846989896042487, -121.5769787726853366, 58.48090883923822503 ) ) ;
#10053 = DIRECTION ( 'NONE',  ( -1.000000000000000000, 2.602085213964869829E-17, -7.166576360129189239E-17 ) ) ;
#10054 = DIRECTION ( 'NONE',  ( -4.849173379634530258E-15, 1.000000000000000000, 6.881851277481381070E-15 ) ) ;
#10055 = ORIENTED_EDGE ( 'NONE', *, *, #5018, .T. ) ;
#10056 = AXIS2_PLACEMENT_3D ( 'NONE', #2497, #594, #9703 ) ;
#10057 = CARTESIAN_POINT ( 'NONE',  ( 137.7600065642029961, -134.4726572934619924, 68.99999991151649681 ) ) ;
#10058 = ADVANCED_FACE ( 'NONE', ( #3701 ), #11090, .F. ) ;
#10059 = DIRECTION ( 'NONE',  ( 1.796958505534680326E-14, 1.000000000000000000, 6.573808934571190611E-15 ) ) ;
#10060 = LINE ( 'NONE', #5450, #1121 ) ;
#10061 = EDGE_CURVE ( 'NONE', #2432, #5791, #3279, .T. ) ;
#10062 = ORIENTED_EDGE ( 'NONE', *, *, #11117, .F. ) ;
#10063 = ADVANCED_FACE ( 'NONE', ( #10540 ), #1263, .T. ) ;
#10064 = CARTESIAN_POINT ( 'NONE',  ( 134.5594572510000262, -140.5613786093710189, 109.3643617258189948 ) ) ;
#10065 = AXIS2_PLACEMENT_3D ( 'NONE', #7002, #2398, #6088 ) ;
#10066 = VECTOR ( 'NONE', #454, 1000.000000000000114 ) ;
#10067 = ORIENTED_EDGE ( 'NONE', *, *, #9638, .F. ) ;
#10068 = DIRECTION ( 'NONE',  ( 2.428451984325845274E-16, -1.000000000000000000, -1.977322592620519858E-18 ) ) ;
#10069 = CARTESIAN_POINT ( 'NONE',  ( 122.2171131963784063, -139.6937481978259825, 62.74999999999930367 ) ) ;
#10070 = CARTESIAN_POINT ( 'NONE',  ( 133.1491349222674785, -122.4972920921877062, 62.71896417343493368 ) ) ;
#10071 = CARTESIAN_POINT ( 'NONE',  ( 138.3171131927749968, -148.2297640746490117, 103.7997837512839965 ) ) ;
#10072 = EDGE_CURVE ( 'NONE', #1676, #5113, #7073, .T. ) ;
#10073 = LINE ( 'NONE', #1771, #3790 ) ;
#10074 = AXIS2_PLACEMENT_3D ( 'NONE', #2267, #303, #10443 ) ;
#10075 =( BOUNDED_CURVE ( )  B_SPLINE_CURVE ( 3, ( #1373, #571, #10589, #4040 ),
 .UNSPECIFIED., .F., .T. ) 
 B_SPLINE_CURVE_WITH_KNOTS ( ( 4, 4 ),
 ( 4.712388980384670134, 5.497787143782139729 ),
 .UNSPECIFIED. ) 
 CURVE ( )  GEOMETRIC_REPRESENTATION_ITEM ( )  RATIONAL_B_SPLINE_CURVE ( ( 1.000000000000000000, 0.9492530216741890126, 0.9492530216741890126, 1.000000000000000000 ) ) 
 REPRESENTATION_ITEM ( '' )  );
#10076 = CARTESIAN_POINT ( 'NONE',  ( 132.2171133453900040, -152.4297640746490003, 58.25000000000000000 ) ) ;
#10077 = VERTEX_POINT ( 'NONE', #8667 ) ;
#10078 = CARTESIAN_POINT ( 'NONE',  ( 132.2171133453900040, -119.4297640746489861, 62.74999974667980496 ) ) ;
#10079 = ORIENTED_EDGE ( 'NONE', *, *, #1342, .F. ) ;
#10080 = FACE_OUTER_BOUND ( 'NONE', #11516, .T. ) ;
#10081 = DIRECTION ( 'NONE',  ( -1.000000000000000000, 2.602085208171029758E-17, -3.795365069985939951E-10 ) ) ;
#10082 = EDGE_CURVE ( 'NONE', #5857, #10092, #5874, .T. ) ;
#10083 = ADVANCED_FACE ( 'NONE', ( #5294 ), #5016, .F. ) ;
#10084 = DIRECTION ( 'NONE',  ( 0.000000000000000000, -1.000000000000000000, 1.074295325692379890E-17 ) ) ;
#10085 = VERTEX_POINT ( 'NONE', #8605 ) ;
#10086 = FACE_BOUND ( 'NONE', #9349, .T. ) ;
#10087 = CARTESIAN_POINT ( 'NONE',  ( 132.4174465102955764, -141.2294309097433427, 68.99999991151651102 ) ) ;
#10088 = LINE ( 'NONE', #11961, #346 ) ;
#10089 = EDGE_LOOP ( 'NONE', ( #11841, #6359, #1244, #2534 ) ) ;
#10090 = CARTESIAN_POINT ( 'NONE',  ( 131.6656350885872087, -114.4297640215114029, 50.66271862838299711 ) ) ;
#10091 = ORIENTED_EDGE ( 'NONE', *, *, #6090, .F. ) ;
#10092 = VERTEX_POINT ( 'NONE', #1607 ) ;
#10093 = PLANE ( 'NONE',  #6487 ) ;
#10094 = ORIENTED_EDGE ( 'NONE', *, *, #3846, .F. ) ;
#10095 = CARTESIAN_POINT ( 'NONE',  ( 135.1942913620800084, -141.9833878468080002, 106.3082985845010029 ) ) ;
#10096 = DIRECTION ( 'NONE',  ( -2.495099115867419794E-14, 1.526556658860509759E-16, 1.000000000000000000 ) ) ;
#10097 = EDGE_CURVE ( 'NONE', #11320, #10177, #9859, .T. ) ;
#10098 = CARTESIAN_POINT ( 'NONE',  ( 128.6774583210790013, -149.1703199200919983, 113.1757519705469974 ) ) ;
#10099 = CARTESIAN_POINT ( 'NONE',  ( 175.2171132998439873, -153.4297640746490003, 103.7500000343809887 ) ) ;
#10100 = CIRCLE ( 'NONE', #2565, 2.450000000000021494 ) ;
#10101 = DIRECTION ( 'NONE',  ( -0.7071067811865160424, 0.7071067811865791031, 4.648472769715919230E-15 ) ) ;
#10102 = CARTESIAN_POINT ( 'NONE',  ( 160.2171131927750025, -148.2297640746490117, 103.7997837512839965 ) ) ;
#10103 = VERTEX_POINT ( 'NONE', #11386 ) ;
#10104 = CYLINDRICAL_SURFACE ( 'NONE', #8473, 0.9999999999999852340 ) ;
#10105 = EDGE_LOOP ( 'NONE', ( #7397, #6017, #9649, #9525 ) ) ;
#10106 = ORIENTED_EDGE ( 'NONE', *, *, #3193, .T. ) ;
#10107 = ORIENTED_EDGE ( 'NONE', *, *, #656, .F. ) ;
#10108 = AXIS2_PLACEMENT_3D ( 'NONE', #209, #2048, #1985 ) ;
#10109 = CARTESIAN_POINT ( 'NONE',  ( 160.9536451068630640, -121.4264419968764201, 58.61608051461521285 ) ) ;
#10110 = DIRECTION ( 'NONE',  ( -0.9334193986512242525, 0.000000000000000000, 0.3587871600567484331 ) ) ;
#10111 = DIRECTION ( 'NONE',  ( -1.000000000000000000, 0.000000000000000000, 1.038940419595570144E-15 ) ) ;
#10112 = ORIENTED_EDGE ( 'NONE', *, *, #9625, .F. ) ;
#10113 = ORIENTED_EDGE ( 'NONE', *, *, #10686, .F. ) ;
#10114 = EDGE_CURVE ( 'NONE', #6457, #2677, #3094, .T. ) ;
#10115 = CARTESIAN_POINT ( 'NONE',  ( 163.5171131927750139, -154.2297640746490117, 103.7997837512839965 ) ) ;
#10116 = ORIENTED_EDGE ( 'NONE', *, *, #8976, .T. ) ;
#10117 = CARTESIAN_POINT ( 'NONE',  ( 162.8236018428179932, -117.6297640215111926, 60.27765112427590566 ) ) ;
#10118 = DIRECTION ( 'NONE',  ( 2.602085213964874759E-17, 1.000000000000000000, -1.526556658859589750E-16 ) ) ;
#10119 = VECTOR ( 'NONE', #509, 1000.000000000000000 ) ;
#10120 = ORIENTED_EDGE ( 'NONE', *, *, #5765, .F. ) ;
#10121 = CARTESIAN_POINT ( 'NONE',  ( 163.3148179109179807, -149.4297640215112040, 50.74999999999999289 ) ) ;
#10122 = VERTEX_POINT ( 'NONE', #7694 ) ;
#10123 = ADVANCED_FACE ( 'NONE', ( #10479 ), #8726, .T. ) ;
#10124 = B_SPLINE_CURVE_WITH_KNOTS ( 'NONE', 3,
 ( #7268, #2660, #1242, #11250, #8705, #5792, #3011, #2101, #6706, #10401, #11429, #8646, #9493, #4996, #5728, #11188, #11304, #3133, #4936, #2950, #3071, #1182, #320, #2224 ),
 .UNSPECIFIED., .F., .F.,
 ( 4, 2, 2, 2, 2, 2, 1, 1, 1, 1, 2, 2, 2, 4 ),
 ( 0.000000000000000000, 0.1250000000000722200, 0.2500000000001444400, 0.3750000000002166600, 0.4375000000002527978, 0.4687500000002714495, 0.4843750000002787770, 0.4921875000002810530, 0.4960937500002836065, 0.4980468750002849387, 0.4990234375002861600, 0.5000000000002873257, 0.7500000000001437739, 1.000000000000000000 ),
 .UNSPECIFIED. ) ;
#10125 = CARTESIAN_POINT ( 'NONE',  ( 125.2171133453899898, -154.6398243570239970, 63.75000000000000000 ) ) ;
#10126 = FACE_OUTER_BOUND ( 'NONE', #11052, .T. ) ;
#10127 = VECTOR ( 'NONE', #9735, 1000.000000000000000 ) ;
#10128 = ADVANCED_FACE ( 'NONE', ( #4110 ), #7808, .F. ) ;
#10129 = ADVANCED_FACE ( 'NONE', ( #2181 ), #8891, .T. ) ;
#10130 = CARTESIAN_POINT ( 'NONE',  ( 133.1444577954482327, -122.5019919847200924, 62.71999435232714148 ) ) ;
#10131 = LINE ( 'NONE', #3822, #5225 ) ;
#10132 = DIRECTION ( 'NONE',  ( -0.7071067811865709984, 0.000000000000000000, -0.7071067811865240360 ) ) ;
#10133 = CARTESIAN_POINT ( 'NONE',  ( 133.2726912507249892, -114.6964651972128024, 54.47584747592299692 ) ) ;
#10134 = VECTOR ( 'NONE', #2065, 999.9999999999998863 ) ;
#10135 = ADVANCED_FACE ( 'NONE', ( #1550 ), #8034, .T. ) ;
#10136 = CYLINDRICAL_SURFACE ( 'NONE', #2026, 11.54238125198780729 ) ;
#10137 = ORIENTED_EDGE ( 'NONE', *, *, #11756, .F. ) ;
#10138 = EDGE_CURVE ( 'NONE', #5952, #3817, #5247, .T. ) ;
#10139 = CARTESIAN_POINT ( 'NONE',  ( 162.4198383324961128, -139.6248183886740435, 67.04182016451620996 ) ) ;
#10140 = FACE_OUTER_BOUND ( 'NONE', #2572, .T. ) ;
#10141 = CIRCLE ( 'NONE', #1027, 4.250025253359296151 ) ;
#10142 = FACE_OUTER_BOUND ( 'NONE', #3974, .T. ) ;
#10143 = EDGE_LOOP ( 'NONE', ( #10949, #9926, #8546, #7852 ) ) ;
#10144 = FACE_OUTER_BOUND ( 'NONE', #1095, .T. ) ;
#10145 = DIRECTION ( 'NONE',  ( 1.000000000000000000, -3.973480495251319981E-15, 7.166576360129249636E-17 ) ) ;
#10146 = CARTESIAN_POINT ( 'NONE',  ( 170.2171132998489895, -154.4297640746490003, 94.35358147955379593 ) ) ;
#10147 = ORIENTED_EDGE ( 'NONE', *, *, #8434, .T. ) ;
#10148 = DIRECTION ( 'NONE',  ( 0.000000000000000000, 1.000000000000000000, -1.526556658859589750E-16 ) ) ;
#10149 = ORIENTED_EDGE ( 'NONE', *, *, #1226, .T. ) ;
#10150 = AXIS2_PLACEMENT_3D ( 'NONE', #7887, #8743, #6074 ) ;
#10151 = EDGE_CURVE ( 'NONE', #10809, #11191, #2315, .T. ) ;
#10152 = AXIS2_PLACEMENT_3D ( 'NONE', #9124, #2765, #811 ) ;
#10153 = EDGE_CURVE ( 'NONE', #7898, #11694, #4403, .T. ) ;
#10154 = CARTESIAN_POINT ( 'NONE',  ( 170.4671133304890134, -154.4297640215109766, 62.75000000000000000 ) ) ;
#10155 = VERTEX_POINT ( 'NONE', #11800 ) ;
#10156 = CARTESIAN_POINT ( 'NONE',  ( 134.7042248701330038, -140.4297640215119998, 106.3643259181410059 ) ) ;
#10157 = CARTESIAN_POINT ( 'NONE',  ( 130.2171133453899756, -144.0488782002693995, 57.98985306244370719 ) ) ;
#10158 = LINE ( 'NONE', #8222, #10881 ) ;
#10159 = CIRCLE ( 'NONE', #4727, 1.000000000000010880 ) ;
#10160 = PLANE ( 'NONE',  #10836 ) ;
#10161 = VECTOR ( 'NONE', #4572, 1000.000000000000000 ) ;
#10162 = LINE ( 'NONE', #8229, #9657 ) ;
#10163 = ORIENTED_EDGE ( 'NONE', *, *, #8899, .T. ) ;
#10164 = PLANE ( 'NONE',  #2862 ) ;
#10165 = ORIENTED_EDGE ( 'NONE', *, *, #2546, .F. ) ;
#10166 = EDGE_CURVE ( 'NONE', #10208, #3568, #3444, .T. ) ;
#10167 = ORIENTED_EDGE ( 'NONE', *, *, #10675, .T. ) ;
#10168 = ADVANCED_FACE ( 'NONE', ( #2594 ), #11404, .F. ) ;
#10169 = VECTOR ( 'NONE', #4261, 1000.000000000000000 ) ;
#10170 = ORIENTED_EDGE ( 'NONE', *, *, #882, .F. ) ;
#10171 = VECTOR ( 'NONE', #7684, 1000.000000000000000 ) ;
#10172 = DIRECTION ( 'NONE',  ( -0.7071067811865475727, 0.000000000000000000, 0.7071067811865475727 ) ) ;
#10173 = CARTESIAN_POINT ( 'NONE',  ( 133.5171131927750139, -148.0297640746490231, 102.0997837512840078 ) ) ;
#10174 = CARTESIAN_POINT ( 'NONE',  ( 159.6669467343539850, -153.4297640746490003, 71.34999974667979927 ) ) ;
#10175 = ORIENTED_EDGE ( 'NONE', *, *, #8734, .T. ) ;
#10176 = DIRECTION ( 'NONE',  ( -3.160768215787150073E-15, -1.000000000000000000, 1.526556658859839720E-16 ) ) ;
#10177 = VERTEX_POINT ( 'NONE', #3506 ) ;
#10178 = LINE ( 'NONE', #3637, #6877 ) ;
#10179 = DIRECTION ( 'NONE',  ( 0.000000000000000000, 1.000000000000000000, -1.526556658859589750E-16 ) ) ;
#10180 = CARTESIAN_POINT ( 'NONE',  ( 132.2932338128785830, -141.4612942046570083, 89.41609849487390704 ) ) ;
#10181 = AXIS2_PLACEMENT_3D ( 'NONE', #6065, #4183, #7942 ) ;
#10182 = VECTOR ( 'NONE', #987, 1000.000000000000000 ) ;
#10183 = ORIENTED_EDGE ( 'NONE', *, *, #11138, .F. ) ;
#10184 = CARTESIAN_POINT ( 'NONE',  ( 135.1768364872669963, -140.9297640215120282, 114.2143259181419950 ) ) ;
#10185 = ORIENTED_EDGE ( 'NONE', *, *, #2824, .T. ) ;
#10186 = CARTESIAN_POINT ( 'NONE',  ( 132.2171133453900040, -141.8439776370219931, 89.41609849487390704 ) ) ;
#10187 = FACE_OUTER_BOUND ( 'NONE', #3718, .T. ) ;
#10188 = VECTOR ( 'NONE', #941, 1000.000000000000000 ) ;
#10189 = CARTESIAN_POINT ( 'NONE',  ( 134.7776203501978500, -120.8686580322639372, 61.52437788874630797 ) ) ;
#10190 = CARTESIAN_POINT ( 'NONE',  ( 169.2171133453904872, -134.4297640215112040, 58.25000000000000000 ) ) ;
#10191 = CARTESIAN_POINT ( 'NONE',  ( 131.7171131927750025, -154.4297640746490003, 103.7997837512839965 ) ) ;
#10192 = DIRECTION ( 'NONE',  ( 1.000000000000000000, 9.644381700046828834E-17, 7.166576360129189239E-17 ) ) ;
#10193 = VERTEX_POINT ( 'NONE', #11856 ) ;
#10194 = CARTESIAN_POINT ( 'NONE',  ( 133.2171133453900040, -134.4297640746490288, 70.99999991151649681 ) ) ;
#10195 = VERTEX_POINT ( 'NONE', #7145 ) ;
#10196 = ORIENTED_EDGE ( 'NONE', *, *, #8583, .T. ) ;
#10197 = AXIS2_PLACEMENT_3D ( 'NONE', #3605, #10025, #1728 ) ;
#10198 = CARTESIAN_POINT ( 'NONE',  ( 175.2171132998489895, -149.4297640746490003, 94.35358147955619756 ) ) ;
#10199 = PLANE ( 'NONE',  #11620 ) ;
#10200 = DIRECTION ( 'NONE',  ( -3.415320806941927378E-10, -0.9961946980917455452, 0.08715574274765774954 ) ) ;
#10201 = EDGE_CURVE ( 'NONE', #9754, #5654, #758, .T. ) ;
#10202 = CARTESIAN_POINT ( 'NONE',  ( 160.3231835514899899, -140.4297640215119998, 100.6909950527140012 ) ) ;
#10203 = DIRECTION ( 'NONE',  ( 0.000000000000000000, 0.000000000000000000, -1.000000000000000000 ) ) ;
#10204 = CYLINDRICAL_SURFACE ( 'NONE', #6180, 2.500000000000002220 ) ;
#10205 = ORIENTED_EDGE ( 'NONE', *, *, #49, .T. ) ;
#10206 = LINE ( 'NONE', #1905, #1904 ) ;
#10207 = EDGE_CURVE ( 'NONE', #1613, #4887, #5992, .T. ) ;
#10208 = VERTEX_POINT ( 'NONE', #696 ) ;
#10209 = EDGE_CURVE ( 'NONE', #23, #4878, #8164, .T. ) ;
#10210 = DIRECTION ( 'NONE',  ( 2.428612952914219616E-16, -1.000000000000000000, 2.336840784622119857E-30 ) ) ;
#10211 = ORIENTED_EDGE ( 'NONE', *, *, #3926, .T. ) ;
#10212 = CARTESIAN_POINT ( 'NONE',  ( 171.4963841853490294, -139.2213453176651967, 62.75000000000000000 ) ) ;
#10213 = CARTESIAN_POINT ( 'NONE',  ( 132.9952473269109987, -139.0123102907359964, 67.00080387731209441 ) ) ;
#10214 = DIRECTION ( 'NONE',  ( -2.602085213964869829E-17, -1.000000000000000000, 1.526556658859309704E-16 ) ) ;
#10215 = VECTOR ( 'NONE', #7967, 1000.000000000000000 ) ;
#10216 = EDGE_CURVE ( 'NONE', #8286, #4409, #8955, .T. ) ;
#10217 = PLANE ( 'NONE',  #4629 ) ;
#10218 = CARTESIAN_POINT ( 'NONE',  ( 120.2171133453892082, -149.2641735625590229, 64.75000000000000000 ) ) ;
#10219 = CARTESIAN_POINT ( 'NONE',  ( 125.4555982874533981, -137.4261365246752007, 53.38549640900540538 ) ) ;
#10220 = ORIENTED_EDGE ( 'NONE', *, *, #3193, .F. ) ;
#10221 = DIRECTION ( 'NONE',  ( 3.614166547220949473E-15, 0.9999999999999058531, -4.340136074837018851E-07 ) ) ;
#10222 = ORIENTED_EDGE ( 'NONE', *, *, #1222, .T. ) ;
#10223 = ORIENTED_EDGE ( 'NONE', *, *, #8016, .F. ) ;
#10224 = CIRCLE ( 'NONE', #11773, 1.000000000000009770 ) ;
#10225 = ORIENTED_EDGE ( 'NONE', *, *, #5632, .F. ) ;
#10226 = CARTESIAN_POINT ( 'NONE',  ( 161.1877084999080978, -121.6936111588422733, 58.38749367646416744 ) ) ;
#10227 = DIRECTION ( 'NONE',  ( 1.745666764649030079E-15, 1.000000000000000000, -1.745666764649145055E-15 ) ) ;
#10228 = CARTESIAN_POINT ( 'NONE',  ( 175.2171133453909988, -149.2641735625587955, 64.75000000000000000 ) ) ;
#10229 = ORIENTED_EDGE ( 'NONE', *, *, #189, .F. ) ;
#10230 = CARTESIAN_POINT ( 'NONE',  ( 165.2171133453901746, -148.4297638197811295, 56.00640280175944241 ) ) ;
#10231 = ORIENTED_EDGE ( 'NONE', *, *, #4855, .T. ) ;
#10232 = CARTESIAN_POINT ( 'NONE',  ( 123.6159593517091224, -149.0760021474205814, 53.88192546707853126 ) ) ;
#10233 = EDGE_CURVE ( 'NONE', #7976, #11376, #7728, .T. ) ;
#10234 = EDGE_CURVE ( 'NONE', #1148, #8477, #1741, .T. ) ;
#10235 = LINE ( 'NONE', #3697, #9407 ) ;
#10236 = AXIS2_PLACEMENT_3D ( 'NONE', #7610, #201, #6640 ) ;
#10237 = CARTESIAN_POINT ( 'NONE',  ( 130.2171133453898619, -134.8245525410660832, 56.00640280175948504 ) ) ;
#10238 = AXIS2_PLACEMENT_3D ( 'NONE', #7054, #6873, #10742 ) ;
#10239 = CARTESIAN_POINT ( 'NONE',  ( 132.5102147637133783, -139.0155507300202089, 70.29309614226079361 ) ) ;
#10240 = ORIENTED_EDGE ( 'NONE', *, *, #367, .T. ) ;
#10241 = VECTOR ( 'NONE', #3725, 1000.000000000000000 ) ;
#10242 = CARTESIAN_POINT ( 'NONE',  ( 169.9786284033270078, -147.3829269371353803, 53.38549640900530591 ) ) ;
#10243 = ORIENTED_EDGE ( 'NONE', *, *, #8916, .T. ) ;
#10244 = FACE_OUTER_BOUND ( 'NONE', #8481, .T. ) ;
#10245 = DIRECTION ( 'NONE',  ( 0.000000000000000000, 0.000000000000000000, 1.000000000000000000 ) ) ;
#10246 = VECTOR ( 'NONE', #2541, 1000.000000000000114 ) ;
#10247 =( BOUNDED_CURVE ( )  B_SPLINE_CURVE ( 2, ( #5515, #5394, #10121 ),
 .UNSPECIFIED., .F., .F. ) 
 B_SPLINE_CURVE_WITH_KNOTS ( ( 3, 3 ),
 ( -2.202407666357410143, -2.076419184219270075 ),
 .UNSPECIFIED. ) 
 CURVE ( )  GEOMETRIC_REPRESENTATION_ITEM ( )  RATIONAL_B_SPLINE_CURVE ( ( 1.309053150733100024, 1.305377805891122067, 1.301111611164800008 ) ) 
 REPRESENTATION_ITEM ( '' )  );
#10248 = CARTESIAN_POINT ( 'NONE',  ( 171.2171132998459768, -149.8297648895429859, 100.7500000000320028 ) ) ;
#10249 = LINE ( 'NONE', #6558, #1755 ) ;
#10250 = EDGE_CURVE ( 'NONE', #9705, #10699, #10827, .T. ) ;
#10251 = DIRECTION ( 'NONE',  ( 1.000000000000000000, -2.602085213964869829E-17, 7.166576360129189239E-17 ) ) ;
#10252 = AXIS2_PLACEMENT_3D ( 'NONE', #5229, #9840, #6329 ) ;
#10253 = CIRCLE ( 'NONE', #554, 3.099999999999991651 ) ;
#10254 = FACE_OUTER_BOUND ( 'NONE', #10599, .T. ) ;
#10255 = B_SPLINE_CURVE_WITH_KNOTS ( 'NONE', 3,
 ( #6183, #4238, #585, #11633 ),
 .UNSPECIFIED., .F., .F.,
 ( 4, 4 ),
 ( 0.000000000000000000, 1.000000000000000000 ),
 .UNSPECIFIED. ) ;
#10256 = ORIENTED_EDGE ( 'NONE', *, *, #4210, .F. ) ;
#10257 = LINE ( 'NONE', #7587, #6064 ) ;
#10258 = CARTESIAN_POINT ( 'NONE',  ( 175.2171133453905156, -129.9467472432701811, 64.75000000000000000 ) ) ;
#10259 = CIRCLE ( 'NONE', #1358, 14.00000000000001243 ) ;
#10260 = VERTEX_POINT ( 'NONE', #9071 ) ;
#10261 = CARTESIAN_POINT ( 'NONE',  ( 171.2171133453900040, -149.8297640215157855, 64.75000000000000000 ) ) ;
#10262 = EDGE_CURVE ( 'NONE', #4625, #2721, #8226, .T. ) ;
#10263 = CARTESIAN_POINT ( 'NONE',  ( 161.2171133453899756, -138.0155505122760076, 68.99999991151629786 ) ) ;
#10264 = CARTESIAN_POINT ( 'NONE',  ( 132.2171133453900040, -153.4297640746490003, 95.20718002819110382 ) ) ;
#10265 = FACE_OUTER_BOUND ( 'NONE', #9260, .T. ) ;
#10266 = CARTESIAN_POINT ( 'NONE',  ( 158.5171131927750139, -148.0297640746490231, 102.0997837512840078 ) ) ;
#10267 = ORIENTED_EDGE ( 'NONE', *, *, #9689, .F. ) ;
#10268 = ORIENTED_EDGE ( 'NONE', *, *, #6960, .F. ) ;
#10269 = EDGE_CURVE ( 'NONE', #11808, #10485, #4344, .T. ) ;
#10270 = CARTESIAN_POINT ( 'NONE',  ( 162.3506503447088392, -122.5631319759638700, 62.73219476250617532 ) ) ;
#10271 = ORIENTED_EDGE ( 'NONE', *, *, #11917, .T. ) ;
#10272 = DIRECTION ( 'NONE',  ( 0.000000000000000000, -1.000000000000000000, 1.526556658859589750E-16 ) ) ;
#10273 = CARTESIAN_POINT ( 'NONE',  ( 139.0179919258798975, -144.9089448466640420, 111.0149320771998873 ) ) ;
#10274 = EDGE_CURVE ( 'NONE', #9176, #6983, #10041, .T. ) ;
#10275 = CARTESIAN_POINT ( 'NONE',  ( 171.0141367807538870, -148.1079977088889450, 54.22421091142751948 ) ) ;
#10276 = EDGE_CURVE ( 'NONE', #3285, #4497, #1801, .T. ) ;
#10277 = FACE_OUTER_BOUND ( 'NONE', #11983, .T. ) ;
#10278 = CYLINDRICAL_SURFACE ( 'NONE', #3045, 1.700000000000007061 ) ;
#10279 = LINE ( 'NONE', #11127, #10624 ) ;
#10280 = ORIENTED_EDGE ( 'NONE', *, *, #1072, .F. ) ;
#10281 = CARTESIAN_POINT ( 'NONE',  ( 162.7106290816784622, -140.4962569927872664, 69.71606637546156549 ) ) ;
#10282 = ORIENTED_EDGE ( 'NONE', *, *, #2431, .T. ) ;
#10283 = ORIENTED_EDGE ( 'NONE', *, *, #3644, .F. ) ;
#10284 = ORIENTED_EDGE ( 'NONE', *, *, #6622, .T. ) ;
#10285 = EDGE_CURVE ( 'NONE', #10777, #1632, #11790, .T. ) ;
#10286 = CARTESIAN_POINT ( 'NONE',  ( 161.1390429161156419, -121.6386533349500212, 58.43056657114417618 ) ) ;
#10287 = CARTESIAN_POINT ( 'NONE',  ( 142.3171131927750253, -148.4297640746490003, 105.4997837512840135 ) ) ;
#10288 = CARTESIAN_POINT ( 'NONE',  ( 135.1768364872669963, -145.4297640215119714, 114.2143259181419950 ) ) ;
#10289 = ORIENTED_EDGE ( 'NONE', *, *, #11401, .F. ) ;
#10290 = CARTESIAN_POINT ( 'NONE',  ( 162.9240112760539887, -139.0155507851639811, 70.29309677783101051 ) ) ;
#10291 = ORIENTED_EDGE ( 'NONE', *, *, #8015, .T. ) ;
#10292 = DIRECTION ( 'NONE',  ( 0.000000000000000000, 0.000000000000000000, 1.000000000000000000 ) ) ;
#10293 = ORIENTED_EDGE ( 'NONE', *, *, #11930, .F. ) ;
#10294 = CARTESIAN_POINT ( 'NONE',  ( 122.2171131963781932, -148.4297640215245906, 62.75000000000000000 ) ) ;
#10295 = CARTESIAN_POINT ( 'NONE',  ( 165.5920977832849985, -146.3047484117300030, 98.71076987293959348 ) ) ;
#10296 = PLANE ( 'NONE',  #8669 ) ;
#10297 = EDGE_LOOP ( 'NONE', ( #7894, #7793, #10267, #11420, #10656 ) ) ;
#10298 = CARTESIAN_POINT ( 'NONE',  ( 138.7892528739459976, -140.4297640215119998, 110.6585012201539939 ) ) ;
#10299 = CONICAL_SURFACE ( 'NONE', #7018, 0.9999999999999964473, 0.7853981633974490562 ) ;
#10300 = ORIENTED_EDGE ( 'NONE', *, *, #4416, .T. ) ;
#10301 = EDGE_CURVE ( 'NONE', #7663, #412, #5491, .T. ) ;
#10302 = EDGE_CURVE ( 'NONE', #5996, #11552, #1981, .T. ) ;
#10303 = DIRECTION ( 'NONE',  ( 0.000000000000000000, 0.000000000000000000, 1.000000000000000000 ) ) ;
#10304 = FACE_OUTER_BOUND ( 'NONE', #301, .T. ) ;
#10305 = CYLINDRICAL_SURFACE ( 'NONE', #5901, 2.500000000000002220 ) ;
#10306 = CARTESIAN_POINT ( 'NONE',  ( 165.6545526666312185, -135.1308508513077982, 51.13534865116200478 ) ) ;
#10307 = AXIS2_PLACEMENT_3D ( 'NONE', #6059, #4178, #6974 ) ;
#10308 = DIRECTION ( 'NONE',  ( 0.3270549272311608080, 0.08236264136435605954, 0.9414092998697785042 ) ) ;
#10309 = DIRECTION ( 'NONE',  ( -1.000000000000000000, 2.602085213964869829E-17, -7.166576360129189239E-17 ) ) ;
#10310 = EDGE_LOOP ( 'NONE', ( #2415, #2845, #653 ) ) ;
#10311 = VECTOR ( 'NONE', #3787, 1000.000000000000000 ) ;
#10312 = ADVANCED_FACE ( 'NONE', ( #4577 ), #4060, .F. ) ;
#10313 =( BOUNDED_CURVE ( )  B_SPLINE_CURVE ( 3, ( #8764, #7070, #11487, #8825 ),
 .UNSPECIFIED., .F., .T. ) 
 B_SPLINE_CURVE_WITH_KNOTS ( ( 4, 4 ),
 ( 5.349890256905269759, 5.779402594102980295 ),
 .UNSPECIFIED. ) 
 CURVE ( )  GEOMETRIC_REPRESENTATION_ITEM ( )  RATIONAL_B_SPLINE_CURVE ( ( 1.000000000000000000, 0.9846855906441760453, 0.9846855906441760453, 1.000000000000000000 ) ) 
 REPRESENTATION_ITEM ( '' )  );
#10314 = DIRECTION ( 'NONE',  ( -2.602085213964869829E-17, -1.000000000000000000, 1.526556658859589750E-16 ) ) ;
#10315 = DIRECTION ( 'NONE',  ( 1.000000000000000000, 0.000000000000000000, 0.000000000000000000 ) ) ;
#10316 = ORIENTED_EDGE ( 'NONE', *, *, #2944, .T. ) ;
#10317 = CARTESIAN_POINT ( 'NONE',  ( 120.2171133453899898, -153.4297640746490003, 100.7500000000290044 ) ) ;
#10318 = CARTESIAN_POINT ( 'NONE',  ( 163.2171133453900040, -141.0252566916440173, 93.86432591814070747 ) ) ;
#10319 = DIRECTION ( 'NONE',  ( -4.795080281032449633E-24, 1.000000000000000000, 6.573933234426810631E-15 ) ) ;
#10320 = AXIS2_PLACEMENT_3D ( 'NONE', #8501, #8097, #7197 ) ;
#10321 = CARTESIAN_POINT ( 'NONE',  ( 163.2171133453904872, -117.4297640215112040, 62.75000000000000000 ) ) ;
#10322 = DIRECTION ( 'NONE',  ( 2.602085213965229747E-17, 1.000000000000000000, 0.000000000000000000 ) ) ;
#10323 = ORIENTED_EDGE ( 'NONE', *, *, #5092, .F. ) ;
#10324 = CARTESIAN_POINT ( 'NONE',  ( 123.3815487399483999, -141.5651030275591609, 114.3304048840476099 ) ) ;
#10325 = VERTEX_POINT ( 'NONE', #3908 ) ;
#10326 = VECTOR ( 'NONE', #7992, 1000.000000000000000 ) ;
#10327 = CARTESIAN_POINT ( 'NONE',  ( 160.6638265106781489, -120.8752017717207821, 61.53624485682321676 ) ) ;
#10328 = ORIENTED_EDGE ( 'NONE', *, *, #9882, .T. ) ;
#10329 = DIRECTION ( 'NONE',  ( -1.154753161494889741E-16, 1.000000000000000000, 5.842532534022360181E-15 ) ) ;
#10330 = CARTESIAN_POINT ( 'NONE',  ( 132.2769879924509837, -141.4329531856089943, 67.78932228279440153 ) ) ;
#10331 = CARTESIAN_POINT ( 'NONE',  ( 163.2171133453904872, -149.7113989081723844, 51.03123712248030586 ) ) ;
#10332 = LINE ( 'NONE', #11069, #5405 ) ;
#10333 = DIRECTION ( 'NONE',  ( -8.450183051220818786E-24, 1.000000000000000000, 6.573933234426810631E-15 ) ) ;
#10334 = DIRECTION ( 'NONE',  ( -1.000000000000000000, -2.428612952914219616E-16, 2.449293572821420444E-16 ) ) ;
#10335 = VERTEX_POINT ( 'NONE', #11244 ) ;
#10336 = ADVANCED_FACE ( 'NONE', ( #141 ), #10217, .T. ) ;
#10337 = DIRECTION ( 'NONE',  ( 1.000000000000000000, -3.833073540659024592E-15, 0.000000000000000000 ) ) ;
#10338 = VECTOR ( 'NONE', #4098, 1000.000000000000000 ) ;
#10339 = VERTEX_POINT ( 'NONE', #7554 ) ;
#10340 = ORIENTED_EDGE ( 'NONE', *, *, #2328, .T. ) ;
#10341 = VERTEX_POINT ( 'NONE', #6528 ) ;
#10342 = CARTESIAN_POINT ( 'NONE',  ( 134.4868096643991180, -121.4197107834589815, 58.62316730605392934 ) ) ;
#10343 = DIRECTION ( 'NONE',  ( 0.000000000000000000, 1.000000000000000000, 0.000000000000000000 ) ) ;
#10344 = ORIENTED_EDGE ( 'NONE', *, *, #11549, .T. ) ;
#10345 = AXIS2_PLACEMENT_3D ( 'NONE', #5577, #8314, #4546 ) ;
#10346 = CARTESIAN_POINT ( 'NONE',  ( 121.2171132380950098, -149.8297642385199993, 102.2500048832440029 ) ) ;
#10347 = ORIENTED_EDGE ( 'NONE', *, *, #8719, .T. ) ;
#10348 = AXIS2_PLACEMENT_3D ( 'NONE', #9955, #6325, #4555 ) ;
#10349 = CARTESIAN_POINT ( 'NONE',  ( 139.0508396144400933, -144.9506206253851985, 105.6821430733101153 ) ) ;
#10350 = ORIENTED_EDGE ( 'NONE', *, *, #11476, .T. ) ;
#10351 = DIRECTION ( 'NONE',  ( -4.664896225277170639E-15, 1.000000000000000000, 6.633052400461320667E-15 ) ) ;
#10352 = DIRECTION ( 'NONE',  ( -7.166575347355959805E-17, 2.548831665378349982E-09, 1.000000000000000000 ) ) ;
#10353 = EDGE_CURVE ( 'NONE', #709, #11211, #7456, .T. ) ;
#10354 = CARTESIAN_POINT ( 'NONE',  ( 161.5100065642035077, -134.7226572934624187, 81.20715713265379065 ) ) ;
#10355 = ORIENTED_EDGE ( 'NONE', *, *, #2387, .T. ) ;
#10356 = VECTOR ( 'NONE', #9204, 1000.000000000000000 ) ;
#10357 = PLANE ( 'NONE',  #4438 ) ;
#10358 = CIRCLE ( 'NONE', #7274, 0.9999999999999958922 ) ;
#10359 = EDGE_CURVE ( 'NONE', #9686, #9416, #2772, .T. ) ;
#10360 = EDGE_CURVE ( 'NONE', #393, #10780, #10332, .T. ) ;
#10361 = VERTEX_POINT ( 'NONE', #8522 ) ;
#10362 = DIRECTION ( 'NONE',  ( -1.000000000000000000, 0.000000000000000000, 0.000000000000000000 ) ) ;
#10363 = DIRECTION ( 'NONE',  ( 0.000000000000000000, -1.000000000000000000, 1.526556658859589750E-16 ) ) ;
#10364 = DIRECTION ( 'NONE',  ( 0.7071067811865500152, 0.7071067811865450192, -5.726850911312339975E-17 ) ) ;
#10365 = FACE_OUTER_BOUND ( 'NONE', #11622, .T. ) ;
#10366 = AXIS2_PLACEMENT_3D ( 'NONE', #3, #7420, #5416 ) ;
#10367 = DIRECTION ( 'NONE',  ( 9.644381700046828834E-17, -1.000000000000000000, 2.327875578288750051E-16 ) ) ;
#10368 = AXIS2_PLACEMENT_3D ( 'NONE', #5048, #8754, #3852 ) ;
#10369 = DIRECTION ( 'NONE',  ( -0.7071067811865405783, 0.000000000000000000, -0.7071067811865544561 ) ) ;
#10370 = EDGE_CURVE ( 'NONE', #4910, #7688, #9488, .T. ) ;
#10371 = EDGE_CURVE ( 'NONE', #4589, #7611, #11973, .T. ) ;
#10372 = CARTESIAN_POINT ( 'NONE',  ( 161.9171131927750196, -148.4297640746490003, 105.4997837512840135 ) ) ;
#10373 = CIRCLE ( 'NONE', #9596, 1.000000000000009770 ) ;
#10374 = ORIENTED_EDGE ( 'NONE', *, *, #4803, .T. ) ;
#10375 = LINE ( 'NONE', #2076, #8970 ) ;
#10376 = DIRECTION ( 'NONE',  ( -0.8125199200687529544, -0.3365567705908004137, -0.4759631494779386629 ) ) ;
#10377 = VERTEX_POINT ( 'NONE', #8460 ) ;
#10378 = CARTESIAN_POINT ( 'NONE',  ( 163.1409928779009988, -141.4612942046570083, 68.81249981955798489 ) ) ;
#10379 = FACE_OUTER_BOUND ( 'NONE', #3827, .T. ) ;
#10380 = AXIS2_PLACEMENT_3D ( 'NONE', #7627, #6721, #11321 ) ;
#10381 = VERTEX_POINT ( 'NONE', #9358 ) ;
#10382 = ADVANCED_FACE ( 'NONE', ( #10277 ), #11298, .F. ) ;
#10383 = DIRECTION ( 'NONE',  ( -0.005757296736461256850, 0.7071067811865525687, -0.7070833427074075805 ) ) ;
#10384 = CARTESIAN_POINT ( 'NONE',  ( 163.1867387273269969, -132.6704041748513987, 51.11866876023839978 ) ) ;
#10385 = ADVANCED_FACE ( 'NONE', ( #1178 ), #8709, .T. ) ;
#10386 = CARTESIAN_POINT ( 'NONE',  ( 162.9242201265764720, -153.1368708558354967, 67.14091634279270693 ) ) ;
#10387 = VERTEX_POINT ( 'NONE', #4690 ) ;
#10388 =( BOUNDED_CURVE ( )  B_SPLINE_CURVE ( 3, ( #11126, #2833, #697, #4404 ),
 .UNSPECIFIED., .F., .F. ) 
 B_SPLINE_CURVE_WITH_KNOTS ( ( 4, 4 ),
 ( 4.712388980384679904, 6.283185307179590673 ),
 .UNSPECIFIED. ) 
 CURVE ( )  GEOMETRIC_REPRESENTATION_ITEM ( )  RATIONAL_B_SPLINE_CURVE ( ( 1.000000000000000000, 0.8047378541243629391, 0.8047378541243629391, 1.000000000000000000 ) ) 
 REPRESENTATION_ITEM ( '' )  );
#10389 = AXIS2_PLACEMENT_3D ( 'NONE', #11663, #3368, #10756 ) ;
#10390 = CARTESIAN_POINT ( 'NONE',  ( 160.2171131927750025, -148.2297640746490117, 103.7997837512839965 ) ) ;
#10391 = ORIENTED_EDGE ( 'NONE', *, *, #6612, .F. ) ;
#10392 = CARTESIAN_POINT ( 'NONE',  ( 130.2171133453899756, -120.4297640215245906, 57.98985306244389903 ) ) ;
#10393 = CARTESIAN_POINT ( 'NONE',  ( 133.2205962099530154, -139.0123085243309902, 66.99999551029250711 ) ) ;
#10394 = LINE ( 'NONE', #2831, #7292 ) ;
#10395 = DIRECTION ( 'NONE',  ( -1.243959016907997788E-16, 1.000000000000000000, 6.938111044284590777E-15 ) ) ;
#10396 = DIRECTION ( 'NONE',  ( 7.116814260417668513E-15, 0.000000000000000000, -1.000000000000000000 ) ) ;
#10397 = ADVANCED_FACE ( 'NONE', ( #9304, #3856, #7380, #3005 ), #10160, .T. ) ;
#10398 = FACE_OUTER_BOUND ( 'NONE', #9386, .T. ) ;
#10399 = ORIENTED_EDGE ( 'NONE', *, *, #7717, .F. ) ;
#10400 = VECTOR ( 'NONE', #1353, 1000.000000000000000 ) ;
#10401 = CARTESIAN_POINT ( 'NONE',  ( 172.2895553697354671, -149.0968376612369752, 54.39376630871338847 ) ) ;
#10402 = ORIENTED_EDGE ( 'NONE', *, *, #3470, .F. ) ;
#10403 = EDGE_LOOP ( 'NONE', ( #5597, #1090, #5469, #4940 ) ) ;
#10404 = VERTEX_POINT ( 'NONE', #1971 ) ;
#10405 = CARTESIAN_POINT ( 'NONE',  ( 132.5893095848283849, -123.4297640215114029, 57.77774199401579835 ) ) ;
#10406 = CARTESIAN_POINT ( 'NONE',  ( 162.9242201265764720, -153.1368708558354967, 98.70110411163470587 ) ) ;
#10407 = ORIENTED_EDGE ( 'NONE', *, *, #9100, .T. ) ;
#10408 = VECTOR ( 'NONE', #9631, 1000.000000000000000 ) ;
#10409 = CARTESIAN_POINT ( 'NONE',  ( 137.9140515546889958, -149.4297641540680104, 117.6643261331649910 ) ) ;
#10410 = ORIENTED_EDGE ( 'NONE', *, *, #4430, .F. ) ;
#10411 = DIRECTION ( 'NONE',  ( -7.166575421336909520E-17, 2.548831665378349982E-09, 1.000000000000000000 ) ) ;
#10412 = VERTEX_POINT ( 'NONE', #8400 ) ;
#10413 = DIRECTION ( 'NONE',  ( 1.000000000000000000, 0.000000000000000000, 0.000000000000000000 ) ) ;
#10414 = EDGE_CURVE ( 'NONE', #2288, #1763, #15, .T. ) ;
#10415 = LINE ( 'NONE', #1993, #10449 ) ;
#10416 = CARTESIAN_POINT ( 'NONE',  ( 139.1026066088617199, -140.4297640215118861, 105.3655335852511712 ) ) ;
#10417 = ORIENTED_EDGE ( 'NONE', *, *, #11489, .T. ) ;
#10418 = VECTOR ( 'NONE', #6336, 1000.000000000000000 ) ;
#10419 = CARTESIAN_POINT ( 'NONE',  ( 131.2171133453900040, -153.4297640746490003, 102.7500000000329976 ) ) ;
#10420 = VERTEX_POINT ( 'NONE', #199 ) ;
#10421 = ORIENTED_EDGE ( 'NONE', *, *, #4661, .F. ) ;
#10422 = DIRECTION ( 'NONE',  ( -0.7071067811865605623, 0.7071067811865345831, 9.547918011776444066E-15 ) ) ;
#10423 = DIRECTION ( 'NONE',  ( 3.611935920203930620E-30, -7.253542152952179738E-15, 1.000000000000000000 ) ) ;
#10424 = DIRECTION ( 'NONE',  ( 0.7071067811865490160, 0.7071067811865460184, 1.887379141862770063E-15 ) ) ;
#10425 = EDGE_CURVE ( 'NONE', #10437, #3289, #5794, .T. ) ;
#10426 = CIRCLE ( 'NONE', #7364, 1.950000000000000400 ) ;
#10427 = VECTOR ( 'NONE', #10192, 1000.000000000000000 ) ;
#10428 = CARTESIAN_POINT ( 'NONE',  ( 163.2171133453900040, -138.8513369720210164, 93.86432591814070747 ) ) ;
#10429 = DIRECTION ( 'NONE',  ( 4.664896225277170639E-15, -1.000000000000000000, -6.573933234426810631E-15 ) ) ;
#10430 = ORIENTED_EDGE ( 'NONE', *, *, #4201, .T. ) ;
#10431 = DIRECTION ( 'NONE',  ( 0.000000000000000000, -4.738129909535400312E-13, -1.000000000000000000 ) ) ;
#10432 = EDGE_CURVE ( 'NONE', #2780, #330, #11124, .T. ) ;
#10433 = ADVANCED_FACE ( 'NONE', ( #11604 ), #5971, .T. ) ;
#10434 =( GEOMETRIC_REPRESENTATION_CONTEXT ( 3 ) GLOBAL_UNCERTAINTY_ASSIGNED_CONTEXT ( ( #8129 ) ) GLOBAL_UNIT_ASSIGNED_CONTEXT ( ( #6935, #3958, #2207 ) ) REPRESENTATION_CONTEXT ( 'NONE', 'WORKASPACE' ) );
#10435 = CARTESIAN_POINT ( 'NONE',  ( 135.0144879047719826, -141.4296898152430231, 110.3643259236470016 ) ) ;
#10436 = VECTOR ( 'NONE', #4406, 1000.000000000000114 ) ;
#10437 = VERTEX_POINT ( 'NONE', #6823 ) ;
#10438 = EDGE_LOOP ( 'NONE', ( #100, #3085, #2110, #3984, #11308, #3850 ) ) ;
#10439 = EDGE_CURVE ( 'NONE', #7405, #4426, #7670, .T. ) ;
#10440 = CARTESIAN_POINT ( 'NONE',  ( 160.2171131927750025, -148.0297640746490231, 103.7997837512839965 ) ) ;
#10441 = ORIENTED_EDGE ( 'NONE', *, *, #9704, .F. ) ;
#10442 = CARTESIAN_POINT ( 'NONE',  ( 135.2171131927750309, -148.4297640746490003, 103.7997837512839965 ) ) ;
#10443 = DIRECTION ( 'NONE',  ( -1.000000000000000000, 0.000000000000000000, 0.000000000000000000 ) ) ;
#10444 = DIRECTION ( 'NONE',  ( 3.160768215787130351E-15, 1.000000000000000000, -2.692261676065480290E-15 ) ) ;
#10445 = VECTOR ( 'NONE', #4305, 1000.000000000000000 ) ;
#10446 = DIRECTION ( 'NONE',  ( -0.7071067811864749642, -0.7071067811866200703, 1.438641147366809744E-16 ) ) ;
#10447 = FILL_AREA_STYLE ('',( #11352 ) ) ;
#10448 = EDGE_LOOP ( 'NONE', ( #10045, #224, #6657, #5501 ) ) ;
#10449 = VECTOR ( 'NONE', #6722, 1000.000000000000000 ) ;
#10450 = ADVANCED_FACE ( 'NONE', ( #11360 ), #3244, .F. ) ;
#10451 = CARTESIAN_POINT ( 'NONE',  ( 160.6814032550484228, -120.8920150459238982, 61.56625306477452142 ) ) ;
#10452 = ADVANCED_FACE ( 'NONE', ( #315 ), #10637, .T. ) ;
#10453 = ORIENTED_EDGE ( 'NONE', *, *, #3983, .F. ) ;
#10454 = DIRECTION ( 'NONE',  ( -1.000000000000000000, -4.664896225277480661E-15, 4.751910101198840123E-14 ) ) ;
#10455 = CARTESIAN_POINT ( 'NONE',  ( 134.8394935305394426, -140.9655748361618919, 110.4670529075764307 ) ) ;
#10456 = DIRECTION ( 'NONE',  ( 0.8191520442889946851, 0.5735764363510417185, 3.063276079361639030E-15 ) ) ;
#10457 = CARTESIAN_POINT ( 'NONE',  ( 137.7600065642029961, -134.4726572934619924, 68.99999991151649681 ) ) ;
#10458 = VECTOR ( 'NONE', #5522, 1000.000000000000000 ) ;
#10459 = DIRECTION ( 'NONE',  ( 2.602085337083254740E-17, 1.000000000000000000, -2.098608922496975401E-25 ) ) ;
#10460 =( BOUNDED_CURVE ( )  B_SPLINE_CURVE ( 2, ( #7435, #8402, #80 ),
 .UNSPECIFIED., .F., .F. ) 
 B_SPLINE_CURVE_WITH_KNOTS ( ( 3, 3 ),
 ( 0.000000000000000000, 0.2442381172378330079 ),
 .UNSPECIFIED. ) 
 CURVE ( )  GEOMETRIC_REPRESENTATION_ITEM ( )  RATIONAL_B_SPLINE_CURVE ( ( 1.000000000000000000, 1.015612364819010072, 1.021439453501929995 ) ) 
 REPRESENTATION_ITEM ( '' )  );
#10461 = ORIENTED_EDGE ( 'NONE', *, *, #7476, .F. ) ;
#10462 = LINE ( 'NONE', #6592, #8678 ) ;
#10463 = ORIENTED_EDGE ( 'NONE', *, *, #9742, .F. ) ;
#10464 = ORIENTED_EDGE ( 'NONE', *, *, #11646, .F. ) ;
#10465 = ORIENTED_EDGE ( 'NONE', *, *, #11683, .F. ) ;
#10466 = CARTESIAN_POINT ( 'NONE',  ( 160.2171133453899756, -140.9397640047999971, 86.55664895877600884 ) ) ;
#10467 = CARTESIAN_POINT ( 'NONE',  ( 132.2171133453900040, -154.4297640215114882, 58.25000000000000000 ) ) ;
#10468 = DIRECTION ( 'NONE',  ( -1.000000000000000000, 0.000000000000000000, 0.000000000000000000 ) ) ;
#10469 = EDGE_CURVE ( 'NONE', #2054, #9190, #10253, .T. ) ;
#10470 = ORIENTED_EDGE ( 'NONE', *, *, #8737, .T. ) ;
#10471 = DIRECTION ( 'NONE',  ( -0.9999934369450366178, 2.546761119514528688E-17, -0.003622991423284898337 ) ) ;
#10472 = ORIENTED_EDGE ( 'NONE', *, *, #1946, .T. ) ;
#10473 = CARTESIAN_POINT ( 'NONE',  ( 163.2171133453900040, -153.4297640746490003, 62.74999974667980496 ) ) ;
#10474 = VERTEX_POINT ( 'NONE', #10515 ) ;
#10475 = DIRECTION ( 'NONE',  ( 4.777459570806679680E-17, -1.000000000000000000, 1.242902181604709870E-16 ) ) ;
#10476 = CARTESIAN_POINT ( 'NONE',  ( 133.0664558081502094, -132.8294214697002076, 53.47602185630480420 ) ) ;
#10477 = CARTESIAN_POINT ( 'NONE',  ( 134.2171133453900040, -138.0155505122760076, 67.99999991151649681 ) ) ;
#10478 = VERTEX_POINT ( 'NONE', #7904 ) ;
#10479 = FACE_OUTER_BOUND ( 'NONE', #11569, .T. ) ;
#10480 = ORIENTED_EDGE ( 'NONE', *, *, #4593, .T. ) ;
#10481 = DIRECTION ( 'NONE',  ( 0.7071067811865475727, -0.7071067811865475727, 0.000000000000000000 ) ) ;
#10482 = DIRECTION ( 'NONE',  ( 1.000000000000000000, -5.947210316807140508E-15, 7.166576360129279219E-17 ) ) ;
#10483 = DIRECTION ( 'NONE',  ( 2.357766133642020006E-14, 1.074295325684239986E-17, 1.000000000000000000 ) ) ;
#10484 = EDGE_CURVE ( 'NONE', #10381, #8728, #9473, .T. ) ;
#10485 = VERTEX_POINT ( 'NONE', #6031 ) ;
#10486 = DIRECTION ( 'NONE',  ( 0.000000000000000000, 6.573933234426810631E-15, -1.000000000000000000 ) ) ;
#10487 = DIRECTION ( 'NONE',  ( 3.160768215787150073E-15, 1.000000000000000000, 0.000000000000000000 ) ) ;
#10488 = VERTEX_POINT ( 'NONE', #3968 ) ;
#10489 = FACE_OUTER_BOUND ( 'NONE', #4348, .T. ) ;
#10490 = VECTOR ( 'NONE', #11943, 1000.000000000000000 ) ;
#10491 = CARTESIAN_POINT ( 'NONE',  ( 134.8190645974100050, -140.9062574831320092, 105.3643752788450030 ) ) ;
#10492 = EDGE_CURVE ( 'NONE', #9294, #9461, #5909, .T. ) ;
#10493 = ORIENTED_EDGE ( 'NONE', *, *, #7158, .T. ) ;
#10494 = EDGE_CURVE ( 'NONE', #3143, #3518, #7388, .T. ) ;
#10495 = VERTEX_POINT ( 'NONE', #5110 ) ;
#10496 = CARTESIAN_POINT ( 'NONE',  ( 163.2171133453900040, -144.5297640215119941, 67.14091634279270693 ) ) ;
#10497 = VECTOR ( 'NONE', #10904, 1000.000000000000000 ) ;
#10498 = ORIENTED_EDGE ( 'NONE', *, *, #10004, .T. ) ;
#10499 = CARTESIAN_POINT ( 'NONE',  ( 163.9242200464769894, -142.4297640746490003, 71.70710663693481024 ) ) ;
#10500 = CARTESIAN_POINT ( 'NONE',  ( 133.2669467408600212, -154.4297640746490003, 83.34999974667989875 ) ) ;
#10501 = CARTESIAN_POINT ( 'NONE',  ( 120.6171133453899955, -114.4297640215114029, 62.24960223581919649 ) ) ;
#10502 = DIRECTION ( 'NONE',  ( 0.7083865439939137643, 0.000000000000000000, -0.7058246979869428062 ) ) ;
#10503 = FACE_OUTER_BOUND ( 'NONE', #6291, .T. ) ;
#10504 = EDGE_CURVE ( 'NONE', #6189, #7663, #4970, .T. ) ;
#10505 = CIRCLE ( 'NONE', #5272, 14.00026402016930049 ) ;
#10506 = ORIENTED_EDGE ( 'NONE', *, *, #5017, .T. ) ;
#10507 = EDGE_CURVE ( 'NONE', #6457, #1961, #4148, .T. ) ;
#10508 = EDGE_CURVE ( 'NONE', #10618, #10601, #7786, .T. ) ;
#10509 = DIRECTION ( 'NONE',  ( 0.000000000000000000, -1.526556658859589750E-16, -1.000000000000000000 ) ) ;
#10510 = CARTESIAN_POINT ( 'NONE',  ( 174.2171132998449821, -149.8297640215160129, 102.7500000000219842 ) ) ;
#10511 = ORIENTED_EDGE ( 'NONE', *, *, #6870, .T. ) ;
#10512 = CARTESIAN_POINT ( 'NONE',  ( 158.5171131927750139, -148.2297640746490117, 102.0997837512840078 ) ) ;
#10513 = CARTESIAN_POINT ( 'NONE',  ( 134.3024531173823277, -140.4973826190842487, 111.0028644209534718 ) ) ;
#10514 = AXIS2_PLACEMENT_3D ( 'NONE', #178, #6564, #4728 ) ;
#10515 = CARTESIAN_POINT ( 'NONE',  ( 133.0664558081502094, -132.8294214697002076, 53.47602185630480420 ) ) ;
#10516 = LINE ( 'NONE', #79, #4767 ) ;
#10517 = CARTESIAN_POINT ( 'NONE',  ( 127.4387430301741659, -145.2618492856643968, 51.91664625081959628 ) ) ;
#10518 = ORIENTED_EDGE ( 'NONE', *, *, #7761, .F. ) ;
#10519 = LINE ( 'NONE', #1118, #1891 ) ;
#10520 = EDGE_CURVE ( 'NONE', #10555, #7947, #9947, .T. ) ;
#10521 = EDGE_CURVE ( 'NONE', #1687, #8829, #10576, .T. ) ;
#10522 = EDGE_LOOP ( 'NONE', ( #5951, #8384, #7373, #1131, #6591 ) ) ;
#10523 = AXIS2_PLACEMENT_3D ( 'NONE', #343, #6731, #4113 ) ;
#10524 = EDGE_LOOP ( 'NONE', ( #10225, #8082, #4659, #9087, #11611 ) ) ;
#10525 = EDGE_LOOP ( 'NONE', ( #11496, #1458, #11113 ) ) ;
#10526 = DIRECTION ( 'NONE',  ( 7.823253522622061261E-15, 1.526556658859589750E-16, 1.000000000000000000 ) ) ;
#10527 = CARTESIAN_POINT ( 'NONE',  ( 132.2171133453900040, -152.4297640746490003, 59.05000000000001847 ) ) ;
#10528 = ORIENTED_EDGE ( 'NONE', *, *, #2812, .T. ) ;
#10529 = DIRECTION ( 'NONE',  ( 0.9513277913954432119, 2.242830061171862923E-15, -0.3081808451521089176 ) ) ;
#10530 = ORIENTED_EDGE ( 'NONE', *, *, #10371, .F. ) ;
#10531 = DIRECTION ( 'NONE',  ( 0.7071067811865474617, -0.7071067811865474617, -6.121750630779135447E-15 ) ) ;
#10532 = ORIENTED_EDGE ( 'NONE', *, *, #6276, .F. ) ;
#10533 = CIRCLE ( 'NONE', #6860, 0.9999999999999964473 ) ;
#10534 = CARTESIAN_POINT ( 'NONE',  ( 132.2183617864469909, -139.5998464671150145, 70.73221126645520940 ) ) ;
#10535 = DIRECTION ( 'NONE',  ( -4.832443957009299887E-15, -1.000000000000000000, -6.661338147750930565E-15 ) ) ;
#10536 = CARTESIAN_POINT ( 'NONE',  ( 139.1026109842580070, -140.4297640215119998, 105.3643259181410059 ) ) ;
#10537 = EDGE_CURVE ( 'NONE', #11655, #3021, #9785, .T. ) ;
#10538 = EDGE_CURVE ( 'NONE', #8007, #7779, #8581, .T. ) ;
#10539 = VERTEX_POINT ( 'NONE', #681 ) ;
#10540 = FACE_OUTER_BOUND ( 'NONE', #10818, .T. ) ;
#10541 = ORIENTED_EDGE ( 'NONE', *, *, #9933, .F. ) ;
#10542 = AXIS2_PLACEMENT_3D ( 'NONE', #7775, #11348, #238 ) ;
#10543 = VERTEX_POINT ( 'NONE', #559 ) ;
#10544 = AXIS2_PLACEMENT_3D ( 'NONE', #4011, #2867, #2142 ) ;
#10545 = LINE ( 'NONE', #3216, #8601 ) ;
#10546 = CARTESIAN_POINT ( 'NONE',  ( 133.2171133453900040, -135.4297640746490288, 80.50005035146759269 ) ) ;
#10547 = CARTESIAN_POINT ( 'NONE',  ( 133.5171131927750139, -148.0297640746490231, 102.0997837512840078 ) ) ;
#10548 = EDGE_LOOP ( 'NONE', ( #8738, #10762, #1682, #9774 ) ) ;
#10549 = CARTESIAN_POINT ( 'NONE',  ( 162.8236018428179932, -114.4297640215112040, 60.27765112427590566 ) ) ;
#10550 = CARTESIAN_POINT ( 'NONE',  ( 136.7171133453900040, -142.4297640746490003, 80.50005044511510732 ) ) ;
#10551 = VERTEX_POINT ( 'NONE', #5172 ) ;
#10552 = CARTESIAN_POINT ( 'NONE',  ( 138.9784901960680941, -140.5321401553955241, 110.8484253939540451 ) ) ;
#10553 = AXIS2_PLACEMENT_3D ( 'NONE', #7816, #8912, #6124 ) ;
#10554 = CIRCLE ( 'NONE', #1264, 1.000000000000000888 ) ;
#10555 = VERTEX_POINT ( 'NONE', #1727 ) ;
#10556 = FACE_OUTER_BOUND ( 'NONE', #1068, .T. ) ;
#10557 = ORIENTED_EDGE ( 'NONE', *, *, #901, .T. ) ;
#10559 = EDGE_LOOP ( 'NONE', ( #6937, #1476 ) ) ;
#10558 = AXIS2_PLACEMENT_3D ( 'NONE', #5958, #8746, #424 ) ;
#10560 = LINE ( 'NONE', #9824, #2625 ) ;
#10561 = CARTESIAN_POINT ( 'NONE',  ( 124.9671133602909947, -154.4297640215114882, 62.75000000000000000 ) ) ;
#10562 = CARTESIAN_POINT ( 'NONE',  ( 162.7616533469971785, -153.4297640746488867, 67.14091634279556331 ) ) ;
#10563 = CARTESIAN_POINT ( 'NONE',  ( 163.2158649176370204, -139.5998436105999758, 66.26778798588820507 ) ) ;
#10564 = FACE_OUTER_BOUND ( 'NONE', #2841, .T. ) ;
#10565 = ADVANCED_FACE ( 'NONE', ( #2525 ), #11842, .F. ) ;
#10566 = SURFACE_STYLE_FILL_AREA ( #10447 ) ;
#10567 = VECTOR ( 'NONE', #2626, 1000.000000000000000 ) ;
#10568 = CARTESIAN_POINT ( 'NONE',  ( 139.1231655244480123, -140.4297640215119998, 99.69100161576849928 ) ) ;
#10569 = VERTEX_POINT ( 'NONE', #801 ) ;
#10570 = CARTESIAN_POINT ( 'NONE',  ( 132.3771133453899722, -144.5297640215119941, 65.95898615365621254 ) ) ;
#10571 = ORIENTED_EDGE ( 'NONE', *, *, #7572, .T. ) ;
#10572 = AXIS2_PLACEMENT_3D ( 'NONE', #5511, #10179, #1876 ) ;
#10573 = CARTESIAN_POINT ( 'NONE',  ( 147.6669467408599985, -153.4297640746490003, 83.34999974667989875 ) ) ;
#10574 = DIRECTION ( 'NONE',  ( 0.4397326120323138965, -0.1821432117215232016, -0.8794652240646056995 ) ) ;
#10575 = ADVANCED_FACE ( 'NONE', ( #615 ), #6505, .T. ) ;
#10576 = LINE ( 'NONE', #4211, #11805 ) ;
#10577 = LINE ( 'NONE', #5051, #11158 ) ;
#10578 = ADVANCED_FACE ( 'NONE', ( #8151 ), #5418, .F. ) ;
#10579 = EDGE_CURVE ( 'NONE', #1007, #4071, #6332, .T. ) ;
#10580 = CARTESIAN_POINT ( 'NONE',  ( 161.9171131927750196, -148.4297640746490003, 105.4997837512840135 ) ) ;
#10581 = EDGE_LOOP ( 'NONE', ( #2277, #11907, #8839, #11339, #5884 ) ) ;
#10582 = FACE_OUTER_BOUND ( 'NONE', #3436, .T. ) ;
#10583 = ORIENTED_EDGE ( 'NONE', *, *, #9278, .T. ) ;
#10584 = VECTOR ( 'NONE', #4028, 1000.000000000000000 ) ;
#10585 = ORIENTED_EDGE ( 'NONE', *, *, #2930, .F. ) ;
#10586 = VERTEX_POINT ( 'NONE', #4330 ) ;
#10587 = DIRECTION ( 'NONE',  ( -1.177071318089210164E-14, -2.548828453949450037E-09, -1.000000000000000000 ) ) ;
#10588 = DIRECTION ( 'NONE',  ( 0.9238795325112872936, 0.3826834323650886160, -1.387778780781466186E-14 ) ) ;
#10589 = CARTESIAN_POINT ( 'NONE',  ( 132.7000493619924555, -153.3269136536245583, 98.59160148150607483 ) ) ;
#10590 = ORIENTED_EDGE ( 'NONE', *, *, #11015, .F. ) ;
#10591 = CARTESIAN_POINT ( 'NONE',  ( 167.5703575941039958, -117.4297640215112040, 56.80635931419149642 ) ) ;
#10592 = VERTEX_POINT ( 'NONE', #8207 ) ;
#10593 = ADVANCED_FACE ( 'NONE', ( #3604 ), #7306, .T. ) ;
#10594 = AXIS2_PLACEMENT_3D ( 'NONE', #1036, #11351, #10203 ) ;
#10595 = ORIENTED_EDGE ( 'NONE', *, *, #4297, .F. ) ;
#10596 = CARTESIAN_POINT ( 'NONE',  ( 130.2171133453899756, -134.0920877878091915, 57.98985306244379956 ) ) ;
#10597 = LINE ( 'NONE', #5189, #175 ) ;
#10598 = DIRECTION ( 'NONE',  ( 0.5951893636155756173, 7.213999003242654818E-15, -0.8035854786137478500 ) ) ;
#10599 = EDGE_LOOP ( 'NONE', ( #6728, #6720, #4531, #9325 ) ) ;
#10600 = VECTOR ( 'NONE', #6220, 1000.000000000000000 ) ;
#10601 = VERTEX_POINT ( 'NONE', #6152 ) ;
#10602 = DIRECTION ( 'NONE',  ( 0.000000000000000000, -1.526556658859589750E-16, -1.000000000000000000 ) ) ;
#10603 = LINE ( 'NONE', #8784, #443 ) ;
#10604 = CARTESIAN_POINT ( 'NONE',  ( 162.4671133453900040, -153.4288862965329940, 66.54481858505810976 ) ) ;
#10605 = B_SPLINE_CURVE_WITH_KNOTS ( 'NONE', 3,
 ( #5489, #9184, #11971, #3677, #11067, #632, #2093, #74, #936, #10273, #1111, #4808, #7603, #9418 ),
 .UNSPECIFIED., .F., .F.,
 ( 4, 2, 2, 2, 2, 2, 4 ),
 ( 0.000000000000000000, 0.1249999999999951150, 0.2499999999999902300, 0.3749999999999853451, 0.4374999999999906741, 0.4999999999999960032, 1.000000000000000000 ),
 .UNSPECIFIED. ) ;
#10606 = EDGE_LOOP ( 'NONE', ( #10347, #800, #795, #9514 ) ) ;
#10607 = ADVANCED_FACE ( 'NONE', ( #10086, #3367 ), #8881, .T. ) ;
#10608 = EDGE_CURVE ( 'NONE', #7688, #6100, #5232, .T. ) ;
#10609 = CARTESIAN_POINT ( 'NONE',  ( 157.7469797184610343, -122.4063861458672022, 62.75000000000000000 ) ) ;
#10610 = LINE ( 'NONE', #9644, #8140 ) ;
#10611 = VERTEX_POINT ( 'NONE', #125 ) ;
#10612 = LINE ( 'NONE', #6007, #689 ) ;
#10613 = CARTESIAN_POINT ( 'NONE',  ( 155.4671133453899756, -119.4297640746489861, 96.26432591814179318 ) ) ;
#10614 = VECTOR ( 'NONE', #8332, 1000.000000000000000 ) ;
#10615 = VERTEX_POINT ( 'NONE', #7421 ) ;
#10616 = CARTESIAN_POINT ( 'NONE',  ( 160.2171133453899756, -143.4297640215119714, 104.0549963445609905 ) ) ;
#10617 = ORIENTED_EDGE ( 'NONE', *, *, #3631, .T. ) ;
#10618 = VERTEX_POINT ( 'NONE', #4794 ) ;
#10619 = DIRECTION ( 'NONE',  ( 1.000000000000000000, -3.973480495251319981E-15, 7.166576360129249636E-17 ) ) ;
#10620 = CARTESIAN_POINT ( 'NONE',  ( 132.8887624867624595, -122.7589026943062009, 62.76336605775638589 ) ) ;
#10621 = PLANE ( 'NONE',  #1845 ) ;
#10622 = CARTESIAN_POINT ( 'NONE',  ( 154.6834021859320103, -140.4297640215119998, 112.4405461112039859 ) ) ;
#10623 = FACE_OUTER_BOUND ( 'NONE', #6808, .T. ) ;
#10624 = VECTOR ( 'NONE', #1974, 1000.000000000000114 ) ;
#10625 = VECTOR ( 'NONE', #2740, 1000.000000000000000 ) ;
#10626 = CARTESIAN_POINT ( 'NONE',  ( 165.2171133453904872, -134.0920877878090209, 62.25000000000000000 ) ) ;
#10627 = VERTEX_POINT ( 'NONE', #8328 ) ;
#10628 = PRODUCT_DEFINITION_FORMATION_WITH_SPECIFIED_SOURCE ( 'ANY', '', #11147, .NOT_KNOWN. ) ;
#10629 = CARTESIAN_POINT ( 'NONE',  ( 175.2171132998449821, -153.4297640746490003, 100.7500000000290044 ) ) ;
#10630 = FACE_OUTER_BOUND ( 'NONE', #7743, .T. ) ;
#10631 = EDGE_CURVE ( 'NONE', #10879, #3789, #7539, .T. ) ;
#10632 = ORIENTED_EDGE ( 'NONE', *, *, #11913, .T. ) ;
#10633 = VECTOR ( 'NONE', #6008, 1000.000000000000000 ) ;
#10634 = CARTESIAN_POINT ( 'NONE',  ( 132.6951290951602118, -139.0155505122760076, 66.89222786538941534 ) ) ;
#10635 = DIRECTION ( 'NONE',  ( -0.8944271909999103043, 0.000000000000000000, -0.4472135954999690299 ) ) ;
#10636 =( BOUNDED_CURVE ( )  B_SPLINE_CURVE ( 3, ( #9905, #4505, #11901, #4332 ),
 .UNSPECIFIED., .F., .T. ) 
 B_SPLINE_CURVE_WITH_KNOTS ( ( 4, 4 ),
 ( 2.356194490192344837, 3.137969654240814865 ),
 .UNSPECIFIED. ) 
 CURVE ( )  GEOMETRIC_REPRESENTATION_ITEM ( )  RATIONAL_B_SPLINE_CURVE ( ( 1.000000000000000000, 0.9497141647840159351, 0.9497141647840159351, 1.000000000000000000 ) ) 
 REPRESENTATION_ITEM ( '' )  );
#10637 = CYLINDRICAL_SURFACE ( 'NONE', #364, 0.9999999999999964473 ) ;
#10638 = DIRECTION ( 'NONE',  ( -0.7071067811865560104, -0.7071067811865390240, 0.000000000000000000 ) ) ;
#10639 = CARTESIAN_POINT ( 'NONE',  ( 133.2171133453900040, -139.0155505122760076, 66.99999991151649681 ) ) ;
#10640 = ORIENTED_EDGE ( 'NONE', *, *, #9638, .T. ) ;
#10641 = CARTESIAN_POINT ( 'NONE',  ( 162.4476619847170014, -139.7077518828927793, 69.94531730953065107 ) ) ;
#10642 = ORIENTED_EDGE ( 'NONE', *, *, #10209, .F. ) ;
#10643 = VECTOR ( 'NONE', #8398, 1000.000000000000000 ) ;
#10644 = VECTOR ( 'NONE', #6172, 1000.000000000000000 ) ;
#10645 = EDGE_CURVE ( 'NONE', #4878, #958, #9170, .T. ) ;
#10646 = VERTEX_POINT ( 'NONE', #7368 ) ;
#10647 = CYLINDRICAL_SURFACE ( 'NONE', #5509, 1.700000000000007061 ) ;
#10648 = CARTESIAN_POINT ( 'NONE',  ( 132.2474879634529827, -142.6271945873118057, 51.11866876023830031 ) ) ;
#10649 = LINE ( 'NONE', #1493, #6441 ) ;
#10650 = EDGE_CURVE ( 'NONE', #7383, #1789, #4677, .T. ) ;
#10651 = VERTEX_POINT ( 'NONE', #3837 ) ;
#10652 = EDGE_CURVE ( 'NONE', #6343, #8930, #8446, .T. ) ;
#10653 = CARTESIAN_POINT ( 'NONE',  ( 138.3383720795119984, -144.2932661172399946, 110.4183912023619882 ) ) ;
#10654 = CARTESIAN_POINT ( 'NONE',  ( 162.3677708826299977, -138.4595744938966106, 53.47602185630480420 ) ) ;
#10655 = VECTOR ( 'NONE', #8192, 1000.000000000000000 ) ;
#10656 = ORIENTED_EDGE ( 'NONE', *, *, #6589, .T. ) ;
#10657 = CARTESIAN_POINT ( 'NONE',  ( 139.0808602281299784, -145.0410161182439879, 111.3678216031710093 ) ) ;
#10658 = DIRECTION ( 'NONE',  ( -2.602085213964869829E-17, -1.000000000000000000, 1.526556658859589750E-16 ) ) ;
#10659 = CARTESIAN_POINT ( 'NONE',  ( 147.7171133453900040, -152.8297640746490060, 79.38821466846520991 ) ) ;
#10660 = ORIENTED_EDGE ( 'NONE', *, *, #2365, .F. ) ;
#10661 = EDGE_CURVE ( 'NONE', #1670, #10970, #5648, .T. ) ;
#10662 = ORIENTED_EDGE ( 'NONE', *, *, #2707, .F. ) ;
#10663 = EDGE_LOOP ( 'NONE', ( #2757, #11168, #857 ) ) ;
#10664 = CARTESIAN_POINT ( 'NONE',  ( 131.2171133534549767, -142.4297640746490003, 81.50005039771909310 ) ) ;
#10665 = LINE ( 'NONE', #707, #6658 ) ;
#10666 = FACE_OUTER_BOUND ( 'NONE', #6685, .T. ) ;
#10667 = EDGE_CURVE ( 'NONE', #1670, #5570, #5536, .T. ) ;
#10668 = DIRECTION ( 'NONE',  ( 0.000000000000000000, 1.000000000000000000, -1.526556658859589750E-16 ) ) ;
#10669 = LINE ( 'NONE', #3281, #223 ) ;
#10670 = EDGE_LOOP ( 'NONE', ( #2409, #3449, #3542, #4642, #6130, #3836 ) ) ;
#10671 = CARTESIAN_POINT ( 'NONE',  ( 132.9235858833179975, -114.6297640215114058, 53.67421917386259622 ) ) ;
#10672 = PLANE ( 'NONE',  #10056 ) ;
#10673 = EDGE_LOOP ( 'NONE', ( #9823, #11198, #10960, #8600 ) ) ;
#10674 = LINE ( 'NONE', #596, #730 ) ;
#10675 = EDGE_CURVE ( 'NONE', #3201, #5236, #534, .T. ) ;
#10676 = ADVANCED_FACE ( 'NONE', ( #5592 ), #8508, .F. ) ;
#10677 = ORIENTED_EDGE ( 'NONE', *, *, #1561, .F. ) ;
#10678 = CARTESIAN_POINT ( 'NONE',  ( 132.7437744505975274, -140.4357235000358060, 67.25693111666198831 ) ) ;
#10679 = CARTESIAN_POINT ( 'NONE',  ( 132.3305152653383061, -123.3165902313097462, 62.76316553121365160 ) ) ;
#10680 = CARTESIAN_POINT ( 'NONE',  ( 132.5276117638599942, -141.0854348679041834, 69.25377890424547900 ) ) ;
#10681 = B_SPLINE_CURVE_WITH_KNOTS ( 'NONE', 3,
 ( #6205, #9893, #1591, #5278, #8078, #11771, #10866, #2568, #6260, #1089 ),
 .UNSPECIFIED., .F., .F.,
 ( 4, 2, 2, 2, 4 ),
 ( 0.000000000000000000, 0.2499999999998019917, 0.3749999999997976619, 0.4999999999997933875, 1.000000000000000000 ),
 .UNSPECIFIED. ) ;
#10682 = DIRECTION ( 'NONE',  ( -0.7071067811865490160, -0.7071067811865461294, 1.802302207019979885E-09 ) ) ;
#10683 = PLANE ( 'NONE',  #7660 ) ;
#10684 = CARTESIAN_POINT ( 'NONE',  ( 132.3771133453899722, -144.9297640480799885, 66.54898615365620174 ) ) ;
#10685 = CARTESIAN_POINT ( 'NONE',  ( 162.2171133453900040, -152.4297640746490003, 75.35358135287509640 ) ) ;
#10686 = EDGE_CURVE ( 'NONE', #4938, #327, #1898, .T. ) ;
#10687 = ORIENTED_EDGE ( 'NONE', *, *, #9161, .T. ) ;
#10688 = CARTESIAN_POINT ( 'NONE',  ( 132.2171133453900040, -139.0155505122760076, 70.99999991151649681 ) ) ;
#10689 = ORIENTED_EDGE ( 'NONE', *, *, #198, .T. ) ;
#10690 = FACE_OUTER_BOUND ( 'NONE', #11562, .T. ) ;
#10691 = CARTESIAN_POINT ( 'NONE',  ( 134.4517489958223564, -140.5570687481118739, 110.8544773326666899 ) ) ;
#10692 = CARTESIAN_POINT ( 'NONE',  ( 160.2171131927750025, -148.4297640746490003, 103.7997837512839965 ) ) ;
#10693 = PLANE ( 'NONE',  #5347 ) ;
#10694 = CARTESIAN_POINT ( 'NONE',  ( 133.0349622337342907, -139.5634112918658332, 69.96653968606327112 ) ) ;
#10695 = ORIENTED_EDGE ( 'NONE', *, *, #9419, .F. ) ;
#10696 = LINE ( 'NONE', #4279, #11963 ) ;
#10697 = ADVANCED_FACE ( 'NONE', ( #863 ), #2991, .F. ) ;
#10698 = VERTEX_POINT ( 'NONE', #9291 ) ;
#10699 = VERTEX_POINT ( 'NONE', #2019 ) ;
#10700 = VECTOR ( 'NONE', #4221, 1000.000000000000000 ) ;
#10701 = CARTESIAN_POINT ( 'NONE',  ( 162.8236018428179932, -114.4297640215112040, 60.27765112427590566 ) ) ;
#10702 = CARTESIAN_POINT ( 'NONE',  ( 163.1910860178875282, -141.5822297319619452, 68.99999991151629786 ) ) ;
#10703 = CARTESIAN_POINT ( 'NONE',  ( 135.2171131927750309, -154.4297640746490003, 103.7997837512839965 ) ) ;
#10704 = ORIENTED_EDGE ( 'NONE', *, *, #8693, .F. ) ;
#10705 =( BOUNDED_CURVE ( )  B_SPLINE_CURVE ( 3, ( #5629, #5747, #9511, #1140 ),
 .UNSPECIFIED., .F., .F. ) 
 B_SPLINE_CURVE_WITH_KNOTS ( ( 4, 4 ),
 ( 5.497787143782129959, 6.283185307179590673 ),
 .UNSPECIFIED. ) 
 CURVE ( )  GEOMETRIC_REPRESENTATION_ITEM ( )  RATIONAL_B_SPLINE_CURVE ( ( 1.000000000000000000, 0.9492530216741900118, 0.9492530216741900118, 1.000000000000000000 ) ) 
 REPRESENTATION_ITEM ( '' )  );
#10706 = DIRECTION ( 'NONE',  ( 0.000000000000000000, -1.000000000000000000, 0.000000000000000000 ) ) ;
#10707 = ORIENTED_EDGE ( 'NONE', *, *, #5017, .F. ) ;
#10708 = EDGE_CURVE ( 'NONE', #2633, #7956, #4444, .T. ) ;
#10709 = ORIENTED_EDGE ( 'NONE', *, *, #10371, .T. ) ;
#10710 = CARTESIAN_POINT ( 'NONE',  ( 132.2171133453900040, -149.7113989081725833, 51.03123712248030586 ) ) ;
#10711 = CARTESIAN_POINT ( 'NONE',  ( 160.2171133453899756, -146.9297640480800169, 98.69129622261409907 ) ) ;
#10712 = ORIENTED_EDGE ( 'NONE', *, *, #2794, .T. ) ;
#10713 = CARTESIAN_POINT ( 'NONE',  ( 163.0571133453900075, -144.9297640746490003, 67.14091634279270693 ) ) ;
#10714 = CONICAL_SURFACE ( 'NONE', #8589, 9.499999999999998224, 0.7853981633974476129 ) ;
#10715 = ORIENTED_EDGE ( 'NONE', *, *, #4141, .T. ) ;
#10716 = ORIENTED_EDGE ( 'NONE', *, *, #3767, .T. ) ;
#10717 = ORIENTED_EDGE ( 'NONE', *, *, #3846, .T. ) ;
#10718 = FACE_OUTER_BOUND ( 'NONE', #4532, .T. ) ;
#10719 = CARTESIAN_POINT ( 'NONE',  ( 175.2171133453905156, -114.8297640215111954, 51.25000000000000000 ) ) ;
#10720 = FACE_OUTER_BOUND ( 'NONE', #9028, .T. ) ;
#10721 = AXIS2_PLACEMENT_3D ( 'NONE', #7271, #5844, #3848 ) ;
#10722 = CYLINDRICAL_SURFACE ( 'NONE', #4355, 0.9999999999999986677 ) ;
#10723 = EDGE_CURVE ( 'NONE', #7529, #2471, #7547, .T. ) ;
#10724 = ORIENTED_EDGE ( 'NONE', *, *, #8281, .F. ) ;
#10725 = DIRECTION ( 'NONE',  ( 7.166576360123399740E-17, -1.678744688091230111E-14, -1.000000000000000000 ) ) ;
#10726 = CARTESIAN_POINT ( 'NONE',  ( 136.7171133453900040, -139.4397640202369928, 80.50005035146709531 ) ) ;
#10727 = ADVANCED_FACE ( 'NONE', ( #10144 ), #5475, .T. ) ;
#10728 = ORIENTED_EDGE ( 'NONE', *, *, #11015, .T. ) ;
#10729 = EDGE_CURVE ( 'NONE', #1581, #975, #62, .T. ) ;
#10730 = CARTESIAN_POINT ( 'NONE',  ( 134.8189097903579921, -140.9065502926590057, 111.3643775358609957 ) ) ;
#10731 = VECTOR ( 'NONE', #10587, 1000.000000000000000 ) ;
#10732 = ORIENTED_EDGE ( 'NONE', *, *, #3549, .T. ) ;
#10733 = DIRECTION ( 'NONE',  ( 5.947210316807140508E-15, 1.000000000000000000, 0.000000000000000000 ) ) ;
#10734 = FACE_OUTER_BOUND ( 'NONE', #828, .T. ) ;
#10735 = AXIS2_PLACEMENT_3D ( 'NONE', #3366, #4951, #331 ) ;
#10736 = DIRECTION ( 'NONE',  ( -7.166576360129189239E-17, 1.526556658859589750E-16, 1.000000000000000000 ) ) ;
#10737 = EDGE_CURVE ( 'NONE', #6449, #11223, #1394, .T. ) ;
#10738 = VECTOR ( 'NONE', #494, 1000.000000000000000 ) ;
#10739 = LINE ( 'NONE', #727, #4746 ) ;
#10740 = DIRECTION ( 'NONE',  ( 1.000000000000000000, 0.000000000000000000, 0.000000000000000000 ) ) ;
#10741 = CARTESIAN_POINT ( 'NONE',  ( 161.9171131927750196, -148.2297640746490117, 102.0997837512840078 ) ) ;
#10742 = DIRECTION ( 'NONE',  ( -0.7071067814549162334, 0.000000000000000000, 0.7071067809181789121 ) ) ;
#10743 = ORIENTED_EDGE ( 'NONE', *, *, #6549, .F. ) ;
#10744 = AXIS2_PLACEMENT_3D ( 'NONE', #11377, #31, #3428 ) ;
#10745 = CIRCLE ( 'NONE', #7459, 1.000000000000000888 ) ;
#10746 = CARTESIAN_POINT ( 'NONE',  ( 132.2171133453899188, -141.8439776370221352, 70.17157278677026966 ) ) ;
#10747 = ORIENTED_EDGE ( 'NONE', *, *, #9244, .T. ) ;
#10748 = DIRECTION ( 'NONE',  ( -2.145924504042759726E-07, -2.327875785249839587E-16, -0.9999999999999769074 ) ) ;
#10749 = LINE ( 'NONE', #4446, #6001 ) ;
#10750 = EDGE_CURVE ( 'NONE', #9923, #7389, #11641, .T. ) ;
#10751 = ADVANCED_FACE ( 'NONE', ( #2320 ), #10672, .F. ) ;
#10752 = LINE ( 'NONE', #11718, #3402 ) ;
#10753 = AXIS2_PLACEMENT_3D ( 'NONE', #6021, #9713, #7552 ) ;
#10754 = CARTESIAN_POINT ( 'NONE',  ( 121.2171133453899898, -154.4297640215114882, 62.75000000000000000 ) ) ;
#10755 = VECTOR ( 'NONE', #6168, 1000.000000000000000 ) ;
#10756 = DIRECTION ( 'NONE',  ( -7.166576360129189239E-17, 0.000000000000000000, 1.000000000000000000 ) ) ;
#10757 = DIRECTION ( 'NONE',  ( -1.244837565641700061E-14, -1.000000000000000000, -6.660334767718630656E-15 ) ) ;
#10758 = ORIENTED_EDGE ( 'NONE', *, *, #8136, .T. ) ;
#10759 = CARTESIAN_POINT ( 'NONE',  ( 136.9171131927749911, -148.4297640746490003, 105.4997837512840135 ) ) ;
#10760 = ORIENTED_EDGE ( 'NONE', *, *, #7835, .T. ) ;
#10761 = DIRECTION ( 'NONE',  ( 1.000000000000000000, 1.238902669958819951E-17, -1.238902669958819951E-17 ) ) ;
#10762 = ORIENTED_EDGE ( 'NONE', *, *, #9047, .T. ) ;
#10763 = AXIS2_PLACEMENT_3D ( 'NONE', #6739, #3886, #8736 ) ;
#10764 = DIRECTION ( 'NONE',  ( -8.933825898460540270E-17, -1.000000000000000000, 8.933825917823488641E-17 ) ) ;
#10765 = CARTESIAN_POINT ( 'NONE',  ( 163.2171133453900040, -141.8439776370219931, 68.99999991151629786 ) ) ;
#10766 = DIRECTION ( 'NONE',  ( 0.000000000000000000, -1.000000000000000000, -6.573933234426810631E-15 ) ) ;
#10767 = ORIENTED_EDGE ( 'NONE', *, *, #5870, .T. ) ;
#10768 = CARTESIAN_POINT ( 'NONE',  ( 163.0908997220573156, -141.3403586390665794, 67.99999991151629786 ) ) ;
#10769 = ORIENTED_EDGE ( 'NONE', *, *, #8583, .F. ) ;
#10770 = EDGE_CURVE ( 'NONE', #5845, #2775, #7999, .T. ) ;
#10771 = CARTESIAN_POINT ( 'NONE',  ( 163.1910860220582720, -141.5822297526627267, 67.99999991151645418 ) ) ;
#10772 = CARTESIAN_POINT ( 'NONE',  ( 132.4311401468690121, -141.2155435145890010, 68.99830156057009845 ) ) ;
#10773 = CARTESIAN_POINT ( 'NONE',  ( 134.2171133453900040, -138.0155505122760076, 68.99999991151649681 ) ) ;
#10774 = FACE_OUTER_BOUND ( 'NONE', #3029, .T. ) ;
#10775 = VERTEX_POINT ( 'NONE', #8972 ) ;
#10776 = FACE_OUTER_BOUND ( 'NONE', #3756, .T. ) ;
#10777 = VERTEX_POINT ( 'NONE', #5209 ) ;
#10778 = EDGE_LOOP ( 'NONE', ( #11077, #4053, #6491, #6840, #2618 ) ) ;
#10779 =( BOUNDED_CURVE ( )  B_SPLINE_CURVE ( 3, ( #3946, #9456, #4065, #1277 ),
 .UNSPECIFIED., .F., .T. ) 
 B_SPLINE_CURVE_WITH_KNOTS ( ( 4, 4 ),
 ( 5.916217090298649950, 6.277046964624529934 ),
 .UNSPECIFIED. ) 
 CURVE ( )  GEOMETRIC_REPRESENTATION_ITEM ( )  RATIONAL_B_SPLINE_CURVE ( ( 1.000000000000000000, 0.9891795480475920055, 0.9891795480475920055, 1.000000000000000000 ) ) 
 REPRESENTATION_ITEM ( '' )  );
#10780 = VERTEX_POINT ( 'NONE', #8792 ) ;
#10781 = DIRECTION ( 'NONE',  ( -4.727417165305189624E-14, 0.000000000000000000, 1.000000000000000000 ) ) ;
#10782 = DIRECTION ( 'NONE',  ( -7.166576360129189239E-17, 1.526556658859589750E-16, 1.000000000000000000 ) ) ;
#10783 = CYLINDRICAL_SURFACE ( 'NONE', #5653, 0.9999999999999957812 ) ;
#10784 = AXIS2_PLACEMENT_3D ( 'NONE', #4874, #8523, #10396 ) ;
#10785 = ORIENTED_EDGE ( 'NONE', *, *, #1715, .F. ) ;
#10786 = EDGE_CURVE ( 'NONE', #2465, #716, #470, .T. ) ;
#10787 = PLANE ( 'NONE',  #663 ) ;
#10788 = ORIENTED_EDGE ( 'NONE', *, *, #3335, .T. ) ;
#10789 = CARTESIAN_POINT ( 'NONE',  ( 163.2171133453900040, -141.8439776370219931, 68.99999991151629786 ) ) ;
#10790 = DIRECTION ( 'NONE',  ( -0.7071067811865489050, -0.7071067811865460184, -5.539879091202519614E-14 ) ) ;
#10791 = ORIENTED_EDGE ( 'NONE', *, *, #6276, .T. ) ;
#10792 = LINE ( 'NONE', #5331, #8489 ) ;
#10793 = VERTEX_POINT ( 'NONE', #8918 ) ;
#10794 = EDGE_CURVE ( 'NONE', #6550, #5360, #2085, .T. ) ;
#10795 = DIRECTION ( 'NONE',  ( -1.000000000000000000, 0.000000000000000000, 0.000000000000000000 ) ) ;
#10796 = EDGE_CURVE ( 'NONE', #10615, #7764, #8064, .T. ) ;
#10797 = EDGE_CURVE ( 'NONE', #6100, #3951, #2437, .T. ) ;
#10798 = AXIS2_PLACEMENT_3D ( 'NONE', #6827, #4031, #10337 ) ;
#10799 = CARTESIAN_POINT ( 'NONE',  ( 135.2171133453900040, -119.4297640746489861, 68.99999991151649681 ) ) ;
#10800 = CYLINDRICAL_SURFACE ( 'NONE', #2339, 11.54238125198780729 ) ;
#10801 = PLANE ( 'NONE',  #8051 ) ;
#10802 = CARTESIAN_POINT ( 'NONE',  ( 162.3729030381670100, -139.4894203444350183, 67.00002387391050718 ) ) ;
#10803 = CARTESIAN_POINT ( 'NONE',  ( 130.2171133453899756, -134.8245525410659980, 57.98985306244379956 ) ) ;
#10804 = DIRECTION ( 'NONE',  ( -1.000000000000000000, -5.079270344852710336E-15, -3.323076563243509988E-29 ) ) ;
#10805 = ORIENTED_EDGE ( 'NONE', *, *, #8434, .F. ) ;
#10806 = AXIS2_PLACEMENT_3D ( 'NONE', #441, #4152, #7850 ) ;
#10807 = ADVANCED_FACE ( 'NONE', ( #1164 ), #7943, .T. ) ;
#10808 = FACE_OUTER_BOUND ( 'NONE', #4535, .T. ) ;
#10809 = VERTEX_POINT ( 'NONE', #9818 ) ;
#10810 = DIRECTION ( 'NONE',  ( -1.000000000000000000, -9.644381700046549035E-17, 1.177071316573370074E-14 ) ) ;
#10811 = DIRECTION ( 'NONE',  ( -1.214306495755059738E-16, 1.000000000000000000, 6.573933234426810631E-15 ) ) ;
#10812 = VECTOR ( 'NONE', #8761, 1000.000000000000000 ) ;
#10813 = CARTESIAN_POINT ( 'NONE',  ( 162.4671133453900040, -135.6797640746490288, 80.50005035146730847 ) ) ;
#10814 = VECTOR ( 'NONE', #9648, 1000.000000000000000 ) ;
#10815 = CARTESIAN_POINT ( 'NONE',  ( 163.2162548112870013, -141.5088367546070174, 69.80119739069371576 ) ) ;
#10816 = DIRECTION ( 'NONE',  ( 1.000000000000000000, -3.408924812440069945E-15, 0.000000000000000000 ) ) ;
#10817 = PLANE ( 'NONE',  #7345 ) ;
#10818 = EDGE_LOOP ( 'NONE', ( #953, #6034, #9413, #2554 ) ) ;
#10819 = VECTOR ( 'NONE', #2934, 1000.000000000000000 ) ;
#10820 = DIRECTION ( 'NONE',  ( 0.000000000000000000, 0.000000000000000000, 1.000000000000000000 ) ) ;
#10821 = EDGE_LOOP ( 'NONE', ( #8272, #10929, #2586, #9925, #4461, #7810, #4222, #11073, #1205, #1791, #11727, #2260 ) ) ;
#10822 = DIRECTION ( 'NONE',  ( 0.008142047127310658022, 7.930164461608264384E-15, -0.9999668529849260468 ) ) ;
#10823 = EDGE_CURVE ( 'NONE', #511, #9624, #8856, .T. ) ;
#10824 = ORIENTED_EDGE ( 'NONE', *, *, #247, .F. ) ;
#10825 = EDGE_CURVE ( 'NONE', #6410, #7389, #2504, .T. ) ;
#10826 = AXIS2_PLACEMENT_3D ( 'NONE', #3971, #11362, #11248 ) ;
#10827 = CIRCLE ( 'NONE', #750, 0.5899999999999971934 ) ;
#10828 = CARTESIAN_POINT ( 'NONE',  ( 163.2171132645240164, -145.4297640746490003, 70.99999985651450629 ) ) ;
#10829 = LINE ( 'NONE', #9679, #616 ) ;
#10830 = VERTEX_POINT ( 'NONE', #1580 ) ;
#10831 = CARTESIAN_POINT ( 'NONE',  ( 162.4426461606290104, -114.4297640215112040, 54.47937835699730158 ) ) ;
#10832 = DIRECTION ( 'NONE',  ( -0.4397326120323102883, -0.1821432117215494584, -0.8794652240646020358 ) ) ;
#10833 = CARTESIAN_POINT ( 'NONE',  ( 132.3771133453899722, -144.5297640215119941, 66.54898615365620174 ) ) ;
#10834 = CARTESIAN_POINT ( 'NONE',  ( 139.0881102647940111, -145.0419657957729953, 109.3678214148069969 ) ) ;
#10835 = CARTESIAN_POINT ( 'NONE',  ( 133.0664558081502094, -146.4785198376042104, 53.47602185630469762 ) ) ;
#10836 = AXIS2_PLACEMENT_3D ( 'NONE', #8341, #9421, #2097 ) ;
#10837 = ORIENTED_EDGE ( 'NONE', *, *, #11834, .T. ) ;
#10838 = DIRECTION ( 'NONE',  ( 0.7071067811865822117, 0.000000000000000000, 0.7071067811865128228 ) ) ;
#10839 = ORIENTED_EDGE ( 'NONE', *, *, #6766, .T. ) ;
#10840 = ORIENTED_EDGE ( 'NONE', *, *, #6012, .F. ) ;
#10841 = EDGE_CURVE ( 'NONE', #986, #10387, #10426, .T. ) ;
#10842 = ORIENTED_EDGE ( 'NONE', *, *, #7798, .F. ) ;
#10843 = DIRECTION ( 'NONE',  ( 5.079270344852710336E-15, -1.000000000000000000, -6.573933234426810631E-15 ) ) ;
#10844 = CARTESIAN_POINT ( 'NONE',  ( 163.1093402489997857, -139.0155506942013801, 70.47801325275302986 ) ) ;
#10845 = CARTESIAN_POINT ( 'NONE',  ( 165.2171133453901746, -144.0488782002692858, 56.00640280175944241 ) ) ;
#10846 = AXIS2_PLACEMENT_3D ( 'NONE', #7669, #6466, #138 ) ;
#10847 = ORIENTED_EDGE ( 'NONE', *, *, #10823, .T. ) ;
#10848 = VERTEX_POINT ( 'NONE', #2375 ) ;
#10849 = FACE_OUTER_BOUND ( 'NONE', #11249, .T. ) ;
#10850 = ORIENTED_EDGE ( 'NONE', *, *, #7975, .T. ) ;
#10851 = CARTESIAN_POINT ( 'NONE',  ( 132.9553139575908176, -139.0155505848574649, 69.99999991151649681 ) ) ;
#10852 = LINE ( 'NONE', #9092, #6943 ) ;
#10853 = AXIS2_PLACEMENT_3D ( 'NONE', #8554, #6855, #290 ) ;
#10854 = ORIENTED_EDGE ( 'NONE', *, *, #7664, .F. ) ;
#10855 =( BOUNDED_CURVE ( )  B_SPLINE_CURVE ( 3, ( #11700, #542, #6198, #3291 ),
 .UNSPECIFIED., .F., .T. ) 
 B_SPLINE_CURVE_WITH_KNOTS ( ( 4, 4 ),
 ( -9.769962616701380711E-15, 1.126157883263462001 ),
 .UNSPECIFIED. ) 
 CURVE ( )  GEOMETRIC_REPRESENTATION_ITEM ( )  RATIONAL_B_SPLINE_CURVE ( ( 1.000000000000000000, 0.8970770709083950578, 0.8970770709083950578, 1.000000000000000000 ) ) 
 REPRESENTATION_ITEM ( '' )  );
#10856 = FACE_OUTER_BOUND ( 'NONE', #6235, .T. ) ;
#10857 = EDGE_CURVE ( 'NONE', #5614, #3343, #9475, .T. ) ;
#10858 = VERTEX_POINT ( 'NONE', #8569 ) ;
#10859 = CARTESIAN_POINT ( 'NONE',  ( 169.2171132998449821, -149.8297640215160129, 102.7500000000290044 ) ) ;
#10860 = CARTESIAN_POINT ( 'NONE',  ( 134.2171133453900040, -138.0155505122760076, 68.99999991151649681 ) ) ;
#10861 = CARTESIAN_POINT ( 'NONE',  ( 134.0190966925303826, -121.6207379888870577, 62.34326268062861232 ) ) ;
#10862 = CARTESIAN_POINT ( 'NONE',  ( 132.9623425825990068, -153.4297640746490003, 66.47410798651019093 ) ) ;
#10863 = DIRECTION ( 'NONE',  ( -2.602085213964884620E-17, -1.000000000000000000, 1.526556658859309704E-16 ) ) ;
#10864 = EDGE_CURVE ( 'NONE', #8843, #7150, #567, .T. ) ;
#10865 = PLANE ( 'NONE',  #121 ) ;
#10866 = CARTESIAN_POINT ( 'NONE',  ( 132.5614246115380865, -153.1862205464501301, 67.11171574712969345 ) ) ;
#10867 = VERTEX_POINT ( 'NONE', #3460 ) ;
#10868 = EDGE_CURVE ( 'NONE', #4004, #8161, #4249, .T. ) ;
#10869 = ORIENTED_EDGE ( 'NONE', *, *, #4079, .F. ) ;
#10870 = LINE ( 'NONE', #10194, #3393 ) ;
#10871 = ORIENTED_EDGE ( 'NONE', *, *, #6283, .F. ) ;
#10872 = CYLINDRICAL_SURFACE ( 'NONE', #7846, 1.949999999999993516 ) ;
#10873 = DIRECTION ( 'NONE',  ( 1.000000000000000000, 0.000000000000000000, 0.000000000000000000 ) ) ;
#10874 = CARTESIAN_POINT ( 'NONE',  ( 157.6248169134119905, -148.2297640746490117, 105.4997837512840135 ) ) ;
#10875 = EDGE_CURVE ( 'NONE', #6055, #10420, #3956, .T. ) ;
#10876 = CARTESIAN_POINT ( 'NONE',  ( 162.9235350938109832, -141.1365155485270009, 69.14840264444890749 ) ) ;
#10877 = LINE ( 'NONE', #11898, #8069 ) ;
#10878 = CARTESIAN_POINT ( 'NONE',  ( 174.2171133453904872, -149.4460613007626080, 64.75000000000000000 ) ) ;
#10879 = VERTEX_POINT ( 'NONE', #3055 ) ;
#10880 = CARTESIAN_POINT ( 'NONE',  ( 162.4671133453900040, -136.4297640746490288, 80.72608250744930558 ) ) ;
#10881 = VECTOR ( 'NONE', #817, 1000.000000000000114 ) ;
#10882 = EDGE_CURVE ( 'NONE', #2458, #4409, #6752, .T. ) ;
#10883 = VERTEX_POINT ( 'NONE', #4537 ) ;
#10884 = EDGE_CURVE ( 'NONE', #3748, #2075, #1637, .T. ) ;
#10885 = VERTEX_POINT ( 'NONE', #9206 ) ;
#10886 = DIRECTION ( 'NONE',  ( 0.7071067819528303877, 0.000000000000000000, 0.7071067804202646467 ) ) ;
#10887 = CARTESIAN_POINT ( 'NONE',  ( 136.7171133453900040, -139.4497639861740197, 93.86432591814070747 ) ) ;
#10888 = ORIENTED_EDGE ( 'NONE', *, *, #1284, .T. ) ;
#10889 = CARTESIAN_POINT ( 'NONE',  ( 160.3236515449580111, -120.6040123428311972, 60.27764156824849806 ) ) ;
#10890 = CARTESIAN_POINT ( 'NONE',  ( 161.2171133453899756, -138.0155505122760076, 68.99999991151629786 ) ) ;
#10891 = AXIS2_PLACEMENT_3D ( 'NONE', #11749, #1754, #3571 ) ;
#10892 = ADVANCED_FACE ( 'NONE', ( #2737 ), #10912, .T. ) ;
#10893 = DIRECTION ( 'NONE',  ( 1.666513209668970211E-24, -1.000000000000000000, -6.217248937900871104E-15 ) ) ;
#10894 = DIRECTION ( 'NONE',  ( 0.000000000000000000, 0.7071067811865411334, 0.7071067811865539010 ) ) ;
#10895 = PLANE ( 'NONE',  #11203 ) ;
#10896 = ORIENTED_EDGE ( 'NONE', *, *, #8657, .T. ) ;
#10897 = FACE_OUTER_BOUND ( 'NONE', #2951, .T. ) ;
#10898 = VERTEX_POINT ( 'NONE', #1819 ) ;
#10899 = CIRCLE ( 'NONE', #10514, 0.9999999999999866773 ) ;
#10900 = ORIENTED_EDGE ( 'NONE', *, *, #999, .T. ) ;
#10901 = VERTEX_POINT ( 'NONE', #4481 ) ;
#10902 = CARTESIAN_POINT ( 'NONE',  ( 168.6298797530100160, -114.9297640215113887, 57.75000000000003553 ) ) ;
#10903 = FACE_OUTER_BOUND ( 'NONE', #11968, .T. ) ;
#10904 = DIRECTION ( 'NONE',  ( 3.160768215787150073E-15, 1.000000000000000000, -1.526556646962079803E-16 ) ) ;
#10905 = VERTEX_POINT ( 'NONE', #838 ) ;
#10906 = CARTESIAN_POINT ( 'NONE',  ( 157.1171131927750082, -154.4297640746490003, 103.7997837512839965 ) ) ;
#10907 = EDGE_CURVE ( 'NONE', #8829, #9686, #8247, .T. ) ;
#10908 = ORIENTED_EDGE ( 'NONE', *, *, #9047, .F. ) ;
#10909 = CIRCLE ( 'NONE', #4511, 1.700000000000007061 ) ;
#10910 = EDGE_CURVE ( 'NONE', #3362, #524, #7342, .T. ) ;
#10911 = CARTESIAN_POINT ( 'NONE',  ( 134.2171133453900040, -138.0155505122760076, 68.99999991151649681 ) ) ;
#10912 = PLANE ( 'NONE',  #6368 ) ;
#10913 = ORIENTED_EDGE ( 'NONE', *, *, #3724, .F. ) ;
#10914 = CARTESIAN_POINT ( 'NONE',  ( 134.1482452088709749, -140.4297643830610127, 109.3643378676260056 ) ) ;
#10915 = ORIENTED_EDGE ( 'NONE', *, *, #3940, .T. ) ;
#10916 = VECTOR ( 'NONE', #2429, 1000.000000000000000 ) ;
#10917 = CARTESIAN_POINT ( 'NONE',  ( 154.8171131927749968, -148.4297640746490003, 102.0997837512840078 ) ) ;
#10918 = CARTESIAN_POINT ( 'NONE',  ( 132.2171133453900040, -152.4297640746490003, 98.58985179697670276 ) ) ;
#10919 = CARTESIAN_POINT ( 'NONE',  ( 133.1096606546801979, -122.5369785635631814, 62.72740825300711265 ) ) ;
#10920 = FACE_OUTER_BOUND ( 'NONE', #10438, .T. ) ;
#10921 = EDGE_CURVE ( 'NONE', #4771, #9708, #2615, .T. ) ;
#10922 = CARTESIAN_POINT ( 'NONE',  ( 163.2171133453900040, -144.5297640215119941, 65.95898615365621254 ) ) ;
#10923 =( BOUNDED_CURVE ( )  B_SPLINE_CURVE ( 3, ( #10354, #2058, #5744, #9442 ),
 .UNSPECIFIED., .F., .T. ) 
 B_SPLINE_CURVE_WITH_KNOTS ( ( 4, 4 ),
 ( 0.7853981633974509435, 1.570796326794895004 ),
 .UNSPECIFIED. ) 
 CURVE ( )  GEOMETRIC_REPRESENTATION_ITEM ( )  RATIONAL_B_SPLINE_CURVE ( ( 1.000000000000000000, 0.9492530216741910110, 0.9492530216741910110, 1.000000000000000000 ) ) 
 REPRESENTATION_ITEM ( '' )  );
#10924 = AXIS2_PLACEMENT_3D ( 'NONE', #5673, #1063, #4760 ) ;
#10925 = DIRECTION ( 'NONE',  ( -1.000000000000000000, 2.602085213964869829E-17, -7.166576360129189239E-17 ) ) ;
#10926 = FACE_OUTER_BOUND ( 'NONE', #7586, .T. ) ;
#10927 = FACE_OUTER_BOUND ( 'NONE', #9789, .T. ) ;
#10929 = ORIENTED_EDGE ( 'NONE', *, *, #9126, .T. ) ;
#10928 = VECTOR ( 'NONE', #734, 999.9999999999998863 ) ;
#10930 = CIRCLE ( 'NONE', #5307, 1.000000000000000888 ) ;
#10931 = CARTESIAN_POINT ( 'NONE',  ( 164.2171133453900040, -153.4297640746490003, 102.7500000000329976 ) ) ;
#10932 = VERTEX_POINT ( 'NONE', #11936 ) ;
#10933 = DIRECTION ( 'NONE',  ( 0.000000000000000000, 1.000000000000000000, -2.327875578288750051E-16 ) ) ;
#10934 = DIRECTION ( 'NONE',  ( -0.7071067811865475727, 0.000000000000000000, 0.7071067811865475727 ) ) ;
#10935 = DIRECTION ( 'NONE',  ( -8.821935677471690464E-15, -2.383741352455649954E-14, -1.000000000000000000 ) ) ;
#10936 = ORIENTED_EDGE ( 'NONE', *, *, #10072, .T. ) ;
#10937 = DIRECTION ( 'NONE',  ( 0.000000000000000000, -1.526556658859589750E-16, -1.000000000000000000 ) ) ;
#10938 = PLANE ( 'NONE',  #2469 ) ;
#10939 = DIRECTION ( 'NONE',  ( 0.000000000000000000, -1.000000000000000000, 0.000000000000000000 ) ) ;
#10940 = EDGE_LOOP ( 'NONE', ( #11499, #7205, #6962, #6335 ) ) ;
#10941 = AXIS2_PLACEMENT_3D ( 'NONE', #8180, #3457, #4418 ) ;
#10942 = CARTESIAN_POINT ( 'NONE',  ( 126.2171133453899898, -154.4297640746490003, 102.7500000000329976 ) ) ;
#10943 = AXIS2_PLACEMENT_3D ( 'NONE', #4786, #6684, #10376 ) ;
#10944 = ORIENTED_EDGE ( 'NONE', *, *, #6503, .T. ) ;
#10945 = ORIENTED_EDGE ( 'NONE', *, *, #108, .T. ) ;
#10946 = EDGE_CURVE ( 'NONE', #10420, #2853, #10060, .T. ) ;
#10947 = CARTESIAN_POINT ( 'NONE',  ( 154.0148597042879999, -140.4297640215119998, 98.69164219418240691 ) ) ;
#10948 = FACE_OUTER_BOUND ( 'NONE', #221, .T. ) ;
#10949 = ORIENTED_EDGE ( 'NONE', *, *, #6726, .F. ) ;
#10950 = AXIS2_PLACEMENT_3D ( 'NONE', #5287, #9055, #1662 ) ;
#10951 = CARTESIAN_POINT ( 'NONE',  ( 137.6618395700759834, -144.1155431391929937, 110.4185129177269999 ) ) ;
#10952 = LINE ( 'NONE', #3442, #371 ) ;
#10953 = VECTOR ( 'NONE', #1433, 1000.000000000000000 ) ;
#10954 = EDGE_CURVE ( 'NONE', #8930, #1872, #2676, .T. ) ;
#10955 = CARTESIAN_POINT ( 'NONE',  ( 125.4555982874535971, -121.2490518248649920, 53.38549640900549775 ) ) ;
#10956 = EDGE_CURVE ( 'NONE', #10601, #1505, #6369, .T. ) ;
#10957 = DIRECTION ( 'NONE',  ( 6.655181513076777155E-16, 0.08715574274765774954, 0.9961946980917455452 ) ) ;
#10958 = DIRECTION ( 'NONE',  ( 0.5951893636155756173, 7.213999003242654818E-15, -0.8035854786137478500 ) ) ;
#10959 = CARTESIAN_POINT ( 'NONE',  ( 161.5100065642035077, -134.7226572934624187, 81.20715713265379065 ) ) ;
#10960 = ORIENTED_EDGE ( 'NONE', *, *, #4312, .F. ) ;
#10961 = DIRECTION ( 'NONE',  ( 1.000000000000000000, -3.973480495251319981E-15, 7.166576360129249636E-17 ) ) ;
#10962 = ORIENTED_EDGE ( 'NONE', *, *, #9693, .T. ) ;
#10963 = VECTOR ( 'NONE', #8864, 1000.000000000000000 ) ;
#10964 = ORIENTED_EDGE ( 'NONE', *, *, #9969, .F. ) ;
#10965 = ORIENTED_EDGE ( 'NONE', *, *, #9175, .F. ) ;
#10966 = EDGE_CURVE ( 'NONE', #835, #166, #6490, .T. ) ;
#10967 = CARTESIAN_POINT ( 'NONE',  ( 162.9242201265764720, -136.1368708558355820, 70.29289313032980147 ) ) ;
#10968 = CARTESIAN_POINT ( 'NONE',  ( 134.2171133453900040, -138.0155505122760076, 67.99999991151649681 ) ) ;
#10969 = FACE_OUTER_BOUND ( 'NONE', #7510, .T. ) ;
#10970 = VERTEX_POINT ( 'NONE', #9938 ) ;
#10971 = ORIENTED_EDGE ( 'NONE', *, *, #520, .F. ) ;
#10972 = DIRECTION ( 'NONE',  ( -0.4001450253381057531, 5.551115123125785069E-15, -0.9164518310839727677 ) ) ;
#10973 = CIRCLE ( 'NONE', #4380, 3.099999999999991651 ) ;
#10974 = DIRECTION ( 'NONE',  ( -0.7071067811865489050, -0.7071067811865460184, 2.572787426808170379E-15 ) ) ;
#10975 = DIRECTION ( 'NONE',  ( -7.166576360129229915E-17, 1.526556658859589750E-16, 1.000000000000000000 ) ) ;
#10976 = VERTEX_POINT ( 'NONE', #3639 ) ;
#10977 = PLANE ( 'NONE',  #9068 ) ;
#10978 = VECTOR ( 'NONE', #9305, 1000.000000000000000 ) ;
#10979 = ORIENTED_EDGE ( 'NONE', *, *, #11954, .F. ) ;
#10980 = EDGE_CURVE ( 'NONE', #10699, #261, #903, .T. ) ;
#10981 = EDGE_CURVE ( 'NONE', #1211, #4071, #8488, .T. ) ;
#10982 = CARTESIAN_POINT ( 'NONE',  ( 130.2171133453899756, -143.3164134470123940, 58.25000000000000000 ) ) ;
#10983 = DIRECTION ( 'NONE',  ( -1.000000000000000000, 2.602085213964869829E-17, -7.166576360129189239E-17 ) ) ;
#10984 = CARTESIAN_POINT ( 'NONE',  ( 134.6838316943605491, -120.9591641793796839, 61.67541928160979126 ) ) ;
#10985 = CARTESIAN_POINT ( 'NONE',  ( 133.0664558081502094, -138.4595744938966106, 53.47602185630480420 ) ) ;
#10986 = CARTESIAN_POINT ( 'NONE',  ( 162.5091324849968828, -153.4094550477670396, 66.76982771465806366 ) ) ;
#10987 = VECTOR ( 'NONE', #2335, 1000.000000000000000 ) ;
#10988 = CARTESIAN_POINT ( 'NONE',  ( 159.6669467343539850, -152.8297640746490060, 71.34999974667979927 ) ) ;
#10989 = EDGE_CURVE ( 'NONE', #1863, #8356, #10852, .T. ) ;
#10990 = VECTOR ( 'NONE', #1566, 1000.000000000000000 ) ;
#10991 = DIRECTION ( 'NONE',  ( -3.350752904493059973E-15, -1.000000000000000000, 1.526556658859589750E-16 ) ) ;
#10992 = ORIENTED_EDGE ( 'NONE', *, *, #10359, .T. ) ;
#10993 = CARTESIAN_POINT ( 'NONE',  ( 132.2171133453900040, -119.4459165395000042, 99.26432591814190687 ) ) ;
#10994 = DIRECTION ( 'NONE',  ( -1.765285221921220059E-15, -1.000000000000000000, -1.765285221921220059E-15 ) ) ;
#10995 = DIRECTION ( 'NONE',  ( 0.000000000000000000, -0.7071067811865520136, 0.7071067811865431318 ) ) ;
#10996 = ORIENTED_EDGE ( 'NONE', *, *, #9327, .T. ) ;
#10997 = CARTESIAN_POINT ( 'NONE',  ( 163.2171133453900040, -144.5297640215119941, 65.95898615365621254 ) ) ;
#10998 = DIRECTION ( 'NONE',  ( 7.166576360129449317E-17, -2.700107045407500288E-14, -1.000000000000000000 ) ) ;
#10999 = CARTESIAN_POINT ( 'NONE',  ( 131.7927195482903926, -147.3507808046219907, 49.80964333461439963 ) ) ;
#11000 = ORIENTED_EDGE ( 'NONE', *, *, #1705, .F. ) ;
#11001 = VECTOR ( 'NONE', #11654, 1000.000000000000000 ) ;
#11002 = CARTESIAN_POINT ( 'NONE',  ( 161.2171133453899756, -138.0155505122760076, 67.99999991151629786 ) ) ;
#11003 = ORIENTED_EDGE ( 'NONE', *, *, #1617, .T. ) ;
#11004 = ORIENTED_EDGE ( 'NONE', *, *, #930, .F. ) ;
#11005 = EDGE_CURVE ( 'NONE', #1632, #1486, #5327, .T. ) ;
#11006 = FACE_OUTER_BOUND ( 'NONE', #5136, .T. ) ;
#11007 = DIRECTION ( 'NONE',  ( 1.000000000000000000, 0.000000000000000000, -1.177071316573370074E-14 ) ) ;
#11008 = ORIENTED_EDGE ( 'NONE', *, *, #11353, .T. ) ;
#11009 = DIRECTION ( 'NONE',  ( -0.9334193986512242525, 0.000000000000000000, 0.3587871600567484331 ) ) ;
#11010 = DIRECTION ( 'NONE',  ( 1.000000000000000000, 0.000000000000000000, 0.000000000000000000 ) ) ;
#11011 = DIRECTION ( 'NONE',  ( 0.7071067811865475727, 0.000000000000000000, 0.7071067811865475727 ) ) ;
#11012 = CARTESIAN_POINT ( 'NONE',  ( 154.6834021859320103, -143.4297640215119714, 104.5909950527140069 ) ) ;
#11013 = LINE ( 'NONE', #2543, #8690 ) ;
#11014 = ORIENTED_EDGE ( 'NONE', *, *, #1086, .T. ) ;
#11015 = EDGE_CURVE ( 'NONE', #7011, #9674, #960, .T. ) ;
#11016 = CARTESIAN_POINT ( 'NONE',  ( 163.2171133453900040, -119.4297640746489861, 102.7500000000329976 ) ) ;
#11017 = ORIENTED_EDGE ( 'NONE', *, *, #4377, .T. ) ;
#11018 = AXIS2_PLACEMENT_3D ( 'NONE', #3131, #3248, #5850 ) ;
#11019 = AXIS2_PLACEMENT_3D ( 'NONE', #339, #9909, #6223 ) ;
#11020 = ORIENTED_EDGE ( 'NONE', *, *, #7500, .F. ) ;
#11021 = EDGE_CURVE ( 'NONE', #414, #6356, #3653, .T. ) ;
#11022 = EDGE_CURVE ( 'NONE', #3741, #10325, #3873, .T. ) ;
#11023 = VERTEX_POINT ( 'NONE', #5512 ) ;
#11024 = CARTESIAN_POINT ( 'NONE',  ( 160.5757498462368744, -120.9716768457537199, 59.18429884560516285 ) ) ;
#11025 = LINE ( 'NONE', #9141, #1224 ) ;
#11026 = CARTESIAN_POINT ( 'NONE',  ( 164.1583628191302182, -143.3075331006983220, 54.32916630688090720 ) ) ;
#11027 = VERTEX_POINT ( 'NONE', #35 ) ;
#11028 = ORIENTED_EDGE ( 'NONE', *, *, #7767, .T. ) ;
#11029 = VECTOR ( 'NONE', #9861, 1000.000000000000114 ) ;
#11030 = VECTOR ( 'NONE', #9231, 1000.000000000000114 ) ;
#11031 = CARTESIAN_POINT ( 'NONE',  ( 163.2171133453900040, -152.4297640746490003, 58.25000000000000000 ) ) ;
#11032 = ORIENTED_EDGE ( 'NONE', *, *, #670, .T. ) ;
#11033 = FACE_OUTER_BOUND ( 'NONE', #10940, .T. ) ;
#11034 = CARTESIAN_POINT ( 'NONE',  ( 174.2171132998449821, -149.8297646725349921, 101.2500020398940137 ) ) ;
#11035 = ADVANCED_FACE ( 'NONE', ( #7165 ), #2556, .T. ) ;
#11036 = EDGE_LOOP ( 'NONE', ( #1133, #1285, #5685, #9370 ) ) ;
#11037 = LINE ( 'NONE', #8250, #6762 ) ;
#11038 = VECTOR ( 'NONE', #10096, 1000.000000000000000 ) ;
#11039 = EDGE_CURVE ( 'NONE', #9294, #676, #11144, .T. ) ;
#11040 = AXIS2_PLACEMENT_3D ( 'NONE', #532, #4364, #11757 ) ;
#11041 = EDGE_LOOP ( 'NONE', ( #3440, #5630 ) ) ;
#11042 = LINE ( 'NONE', #9274, #2975 ) ;
#11043 = CARTESIAN_POINT ( 'NONE',  ( 161.2171133453899756, -138.0155505122760076, 68.99999991151629786 ) ) ;
#11044 = CARTESIAN_POINT ( 'NONE',  ( 163.1329009892799888, -121.4338155574483977, 51.27363767543109674 ) ) ;
#11045 = DIRECTION ( 'NONE',  ( 1.000000000000000000, 0.000000000000000000, 0.000000000000000000 ) ) ;
#11046 = LINE ( 'NONE', #8193, #8254 ) ;
#11047 = VECTOR ( 'NONE', #5156, 1000.000000000000000 ) ;
#11048 = ADVANCED_FACE ( 'NONE', ( #1011 ), #2966, .T. ) ;
#11049 = EDGE_CURVE ( 'NONE', #8920, #9701, #5626, .T. ) ;
#11050 = CARTESIAN_POINT ( 'NONE',  ( 132.2171133453900040, -140.4297640215119998, 96.26432591814179318 ) ) ;
#11051 = CARTESIAN_POINT ( 'NONE',  ( 132.2171133453900040, -119.4297640746489861, 102.7500000000329976 ) ) ;
#11052 = EDGE_LOOP ( 'NONE', ( #4340, #1494, #9018, #4613 ) ) ;
#11053 = ORIENTED_EDGE ( 'NONE', *, *, #2455, .F. ) ;
#11054 = CARTESIAN_POINT ( 'NONE',  ( 162.4747013327138347, -139.7883941508423788, 67.06870265019151134 ) ) ;
#11055 = DIRECTION ( 'NONE',  ( -1.000000000000000000, -9.644381700046828834E-17, -7.166576360129189239E-17 ) ) ;
#11056 = ORIENTED_EDGE ( 'NONE', *, *, #2164, .T. ) ;
#11057 = EDGE_CURVE ( 'NONE', #7273, #4072, #9841, .T. ) ;
#11058 = CARTESIAN_POINT ( 'NONE',  ( 135.9880561071104523, -142.9214813238787656, 106.3643259181410201 ) ) ;
#11059 = EDGE_CURVE ( 'NONE', #10780, #11320, #7574, .T. ) ;
#11060 = DIRECTION ( 'NONE',  ( 1.000000000000000000, -3.614519216330880483E-15, -8.125761577746330715E-13 ) ) ;
#11061 = ORIENTED_EDGE ( 'NONE', *, *, #2671, .T. ) ;
#11062 = CARTESIAN_POINT ( 'NONE',  ( 132.3771133453899722, -144.9297640480799885, 65.95898615365621254 ) ) ;
#11063 = ORIENTED_EDGE ( 'NONE', *, *, #9495, .T. ) ;
#11064 = PLANE ( 'NONE',  #10152 ) ;
#11065 = VERTEX_POINT ( 'NONE', #219 ) ;
#11066 = CARTESIAN_POINT ( 'NONE',  ( 132.2171133453900040, -140.4297640215119998, 96.26432591814179318 ) ) ;
#11067 = CARTESIAN_POINT ( 'NONE',  ( 139.0692595524231479, -145.1029175006737546, 111.2087717889473026 ) ) ;
#11068 = CARTESIAN_POINT ( 'NONE',  ( 138.7879731111385695, -140.7226572403253897, 110.6572191369543958 ) ) ;
#11069 = CARTESIAN_POINT ( 'NONE',  ( 137.7600065642029961, -134.4726572934619924, 69.99999991151649681 ) ) ;
#11070 = VECTOR ( 'NONE', #8189, 1000.000000000000000 ) ;
#11071 = CARTESIAN_POINT ( 'NONE',  ( 162.6399203444899797, -144.5297640215119941, 66.13179315275620240 ) ) ;
#11072 = CARTESIAN_POINT ( 'NONE',  ( 139.0808663299520163, -140.4297640215119998, 111.3643259181410059 ) ) ;
#11073 = ORIENTED_EDGE ( 'NONE', *, *, #10921, .T. ) ;
#11074 = CARTESIAN_POINT ( 'NONE',  ( 132.1171131927750082, -154.4297640746490003, 103.7997837512839965 ) ) ;
#11075 = ORIENTED_EDGE ( 'NONE', *, *, #10414, .T. ) ;
#11076 = VERTEX_POINT ( 'NONE', #11322 ) ;
#11077 = ORIENTED_EDGE ( 'NONE', *, *, #6179, .T. ) ;
#11078 = VECTOR ( 'NONE', #9736, 1000.000000000000000 ) ;
#11079 = CARTESIAN_POINT ( 'NONE',  ( 162.5478022133531510, -123.1376615789305475, 57.77520866908808017 ) ) ;
#11080 = CARTESIAN_POINT ( 'NONE',  ( 135.2171131927750309, -148.4297640746490003, 103.7997837512839965 ) ) ;
#11081 = CARTESIAN_POINT ( 'NONE',  ( 160.1768364872659731, -145.4297640215119714, 114.2144502228039897 ) ) ;
#11082 = EDGE_CURVE ( 'NONE', #8244, #10474, #9081, .T. ) ;
#11083 = ORIENTED_EDGE ( 'NONE', *, *, #5588, .T. ) ;
#11084 = CARTESIAN_POINT ( 'NONE',  ( 135.0296332654587559, -138.3521072828667968, 69.47596306099445940 ) ) ;
#11085 = ORIENTED_EDGE ( 'NONE', *, *, #8584, .T. ) ;
#11086 = CARTESIAN_POINT ( 'NONE',  ( 132.7943063462900000, -153.4297640746490003, 66.13179315275620240 ) ) ;
#11087 = DIRECTION ( 'NONE',  ( 0.000000000000000000, 0.000000000000000000, 1.000000000000000000 ) ) ;
#11088 = VECTOR ( 'NONE', #5798, 1000.000000000000000 ) ;
#11089 = ORIENTED_EDGE ( 'NONE', *, *, #10492, .F. ) ;
#11090 = PLANE ( 'NONE',  #3851 ) ;
#11091 = ORIENTED_EDGE ( 'NONE', *, *, #4225, .T. ) ;
#11092 = CARTESIAN_POINT ( 'NONE',  ( 162.8236018428179932, -117.4297640215112040, 60.27765112427590566 ) ) ;
#11093 = CARTESIAN_POINT ( 'NONE',  ( 162.8269449219380078, -114.8297640215111954, 57.67765335951249739 ) ) ;
#11094 = EDGE_CURVE ( 'NONE', #11635, #5857, #10415, .T. ) ;
#11095 = VECTOR ( 'NONE', #9330, 1000.000000000000000 ) ;
#11096 = DIRECTION ( 'NONE',  ( 7.166570158348738441E-17, -1.560792991609859804E-08, -0.9999999999999998890 ) ) ;
#11097 = DIRECTION ( 'NONE',  ( 3.752643576907700278E-15, 1.000000000000000000, -1.526556658859589750E-16 ) ) ;
#11098 = DIRECTION ( 'NONE',  ( 5.947210316807140508E-15, 1.000000000000000000, -1.526556658859589750E-16 ) ) ;
#11099 = EDGE_CURVE ( 'NONE', #10569, #7931, #6660, .T. ) ;
#11100 = EDGE_CURVE ( 'NONE', #5641, #8627, #6547, .T. ) ;
#11101 = DIRECTION ( 'NONE',  ( -1.000000000000000000, 0.000000000000000000, 1.387778780781444413E-14 ) ) ;
#11102 = AXIS2_PLACEMENT_3D ( 'NONE', #10968, #6480, #2606 ) ;
#11103 = EDGE_CURVE ( 'NONE', #6100, #2465, #2120, .T. ) ;
#11104 = DIRECTION ( 'NONE',  ( -1.000000000000000000, 0.000000000000000000, -1.387778780781444413E-14 ) ) ;
#11105 = ORIENTED_EDGE ( 'NONE', *, *, #5954, .T. ) ;
#11106 = ORIENTED_EDGE ( 'NONE', *, *, #7838, .T. ) ;
#11107 = CARTESIAN_POINT ( 'NONE',  ( 163.2171133453900040, -136.4378403070739978, 99.26432591814179318 ) ) ;
#11108 = AXIS2_PLACEMENT_3D ( 'NONE', #4512, #7427, #10 ) ;
#11109 = DIRECTION ( 'NONE',  ( 7.166576360129189239E-17, -1.526556658859589750E-16, -1.000000000000000000 ) ) ;
#11110 = CARTESIAN_POINT ( 'NONE',  ( 136.5178050094324931, -143.4026446965767434, 106.3643259181410059 ) ) ;
#11111 = DIRECTION ( 'NONE',  ( -0.4001450253381057531, 5.551115123125785069E-15, -0.9164518310839727677 ) ) ;
#11112 = CYLINDRICAL_SURFACE ( 'NONE', #7911, 2.500000000000002220 ) ;
#11113 = ORIENTED_EDGE ( 'NONE', *, *, #6460, .T. ) ;
#11114 = LINE ( 'NONE', #11062, #10418 ) ;
#11115 = ORIENTED_EDGE ( 'NONE', *, *, #5390, .T. ) ;
#11116 = VECTOR ( 'NONE', #9466, 1000.000000000000000 ) ;
#11117 = EDGE_CURVE ( 'NONE', #4156, #6421, #1259, .T. ) ;
#11118 = DIRECTION ( 'NONE',  ( -3.833073549109210312E-15, 6.573933234426810631E-15, -1.000000000000000000 ) ) ;
#11119 = EDGE_CURVE ( 'NONE', #7853, #6356, #276, .T. ) ;
#11120 = ORIENTED_EDGE ( 'NONE', *, *, #5162, .F. ) ;
#11121 = CARTESIAN_POINT ( 'NONE',  ( 136.7963618311871414, -143.6068114026627711, 110.3643259181410059 ) ) ;
#11122 = CARTESIAN_POINT ( 'NONE',  ( 134.0871892461775872, -140.4385307314738327, 111.2178932168793892 ) ) ;
#11123 = DIRECTION ( 'NONE',  ( 1.000000000000000000, -2.602085213964869829E-17, 7.166576360129189239E-17 ) ) ;
#11124 = LINE ( 'NONE', #2832, #7169 ) ;
#11125 = AXIS2_PLACEMENT_3D ( 'NONE', #9914, #6106, #4400 ) ;
#11126 = CARTESIAN_POINT ( 'NONE',  ( 163.2171133453900040, -139.0155505122760076, 65.99999991151629786 ) ) ;
#11127 = CARTESIAN_POINT ( 'NONE',  ( 131.3421128954029768, -149.8297617971959994, 107.8749995500799912 ) ) ;
#11128 = ORIENTED_EDGE ( 'NONE', *, *, #3167, .T. ) ;
#11129 = DIRECTION ( 'NONE',  ( -2.449293572821440166E-16, 6.573933234426810631E-15, -1.000000000000000000 ) ) ;
#11130 = ORIENTED_EDGE ( 'NONE', *, *, #964, .F. ) ;
#11131 = ORIENTED_EDGE ( 'NONE', *, *, #11678, .F. ) ;
#11132 = VECTOR ( 'NONE', #11840, 1000.000000000000000 ) ;
#11133 = ORIENTED_EDGE ( 'NONE', *, *, #11021, .F. ) ;
#11134 = AXIS2_PLACEMENT_3D ( 'NONE', #3380, #8041, #3441 ) ;
#11135 = LINE ( 'NONE', #89, #1032 ) ;
#11136 = DIRECTION ( 'NONE',  ( 1.000000000000000000, -3.965082230804126670E-15, 0.000000000000000000 ) ) ;
#11137 = DIRECTION ( 'NONE',  ( 0.3826834323651126524, 0.9238795325112774126, -1.573741137406160658E-14 ) ) ;
#11138 = EDGE_CURVE ( 'NONE', #1061, #9866, #6393, .T. ) ;
#11139 = ORIENTED_EDGE ( 'NONE', *, *, #2954, .T. ) ;
#11140 = CARTESIAN_POINT ( 'NONE',  ( 163.2171133453900040, -152.4297640746490003, 67.14091634279270693 ) ) ;
#11141 = ORIENTED_EDGE ( 'NONE', *, *, #6090, .T. ) ;
#11142 = CARTESIAN_POINT ( 'NONE',  ( 123.5966568808355106, -149.0767894872014097, 53.90176921929730725 ) ) ;
#11143 = CARTESIAN_POINT ( 'NONE',  ( 171.9168880566959956, -152.7299893177940078, 108.8158573035480003 ) ) ;
#11144 = LINE ( 'NONE', #9569, #2138 ) ;
#11145 = CIRCLE ( 'NONE', #9215, 0.9999999999999964473 ) ;
#11146 = DIRECTION ( 'NONE',  ( 1.000000000000000000, 0.000000000000000000, 0.000000000000000000 ) ) ;
#11147 = PRODUCT ( 'Cowl_M3x4insert', 'Cowl_M3x4insert', '', ( #6204 ) ) ;
#11148 = ORIENTED_EDGE ( 'NONE', *, *, #7207, .F. ) ;
#11149 = LINE ( 'NONE', #6552, #4242 ) ;
#11150 = ORIENTED_EDGE ( 'NONE', *, *, #6503, .F. ) ;
#11151 = DIRECTION ( 'NONE',  ( 0.5735764363510459374, 0.8191520442889920206, 5.941753882927151273E-15 ) ) ;
#11152 = LINE ( 'NONE', #9450, #8174 ) ;
#11153 = EDGE_CURVE ( 'NONE', #7211, #2075, #5682, .T. ) ;
#11154 = AXIS2_PLACEMENT_3D ( 'NONE', #4892, #2965, #3990 ) ;
#11155 = DIRECTION ( 'NONE',  ( -9.644381700046828834E-17, 1.000000000000000000, -2.327875578288750051E-16 ) ) ;
#11156 = FACE_OUTER_BOUND ( 'NONE', #9361, .T. ) ;
#11157 = CARTESIAN_POINT ( 'NONE',  ( 134.6491605087919936, -140.7226841648190145, 106.0714113843501991 ) ) ;
#11158 = VECTOR ( 'NONE', #9117, 1000.000000000000000 ) ;
#11159 = CARTESIAN_POINT ( 'NONE',  ( 154.6834021859320103, -140.4297640215119998, 112.4405461112039859 ) ) ;
#11160 = EDGE_CURVE ( 'NONE', #9050, #8827, #1136, .T. ) ;
#11161 = EDGE_CURVE ( 'NONE', #1039, #3870, #9441, .T. ) ;
#11162 = EDGE_CURVE ( 'NONE', #263, #4456, #3707, .T. ) ;
#11163 =( BOUNDED_CURVE ( )  B_SPLINE_CURVE ( 3, ( #8572, #10324, #5717, #2023 ),
 .UNSPECIFIED., .F., .T. ) 
 B_SPLINE_CURVE_WITH_KNOTS ( ( 4, 4 ),
 ( 5.552870518388520082, 6.746832919186180000 ),
 .UNSPECIFIED. ) 
 CURVE ( )  GEOMETRIC_REPRESENTATION_ITEM ( )  RATIONAL_B_SPLINE_CURVE ( ( 1.000000000000000000, 0.8846909293953399978, 0.8846909293953399978, 1.000000000000000000 ) ) 
 REPRESENTATION_ITEM ( '' )  );
#11164 = VERTEX_POINT ( 'NONE', #3812 ) ;
#11165 = AXIS2_PLACEMENT_3D ( 'NONE', #8509, #186, #11288 ) ;
#11166 = CARTESIAN_POINT ( 'NONE',  ( 132.5276122351373260, -141.0854346613496091, 67.74622128222198114 ) ) ;
#11167 = CARTESIAN_POINT ( 'NONE',  ( 121.2171133453899898, -124.4297640215114029, 62.75000000000000000 ) ) ;
#11168 = ORIENTED_EDGE ( 'NONE', *, *, #9869, .F. ) ;
#11169 = CARTESIAN_POINT ( 'NONE',  ( 135.3329179532938156, -142.0699021960193704, 106.3643259181410201 ) ) ;
#11170 = DIRECTION ( 'NONE',  ( 0.000000000000000000, 5.664403186862592619E-15, -1.000000000000000000 ) ) ;
#11171 = LINE ( 'NONE', #7370, #3081 ) ;
#11172 = ORIENTED_EDGE ( 'NONE', *, *, #5390, .F. ) ;
#11173 = SURFACE_STYLE_FILL_AREA ( #5778 ) ;
#11174 = EDGE_CURVE ( 'NONE', #3257, #9954, #2178, .T. ) ;
#11175 = B_SPLINE_CURVE_WITH_KNOTS ( 'NONE', 3,
 ( #911, #1950, #4608, #5638, #9335, #11883, #2687, #8316, #10986, #9103, #111, #12004 ),
 .UNSPECIFIED., .F., .F.,
 ( 4, 2, 2, 2, 2, 4 ),
 ( 0.000000000000000000, 0.2500000000000741074, 0.3750000000000498490, 0.4375000000000053846, 0.4999999999999609201, 1.000000000000000000 ),
 .UNSPECIFIED. ) ;
#11176 = ORIENTED_EDGE ( 'NONE', *, *, #3383, .T. ) ;
#11177 = VECTOR ( 'NONE', #9509, 1000.000000000000000 ) ;
#11178 = CARTESIAN_POINT ( 'NONE',  ( 169.9786284033270078, -146.6504621838784033, 53.38549640900530591 ) ) ;
#11179 = VERTEX_POINT ( 'NONE', #5130 ) ;
#11180 = CARTESIAN_POINT ( 'NONE',  ( 134.2171133453900040, -140.4297640215119998, 103.6640621592560052 ) ) ;
#11181 = CARTESIAN_POINT ( 'NONE',  ( 132.2171133453900040, -141.8446358722570153, 67.70283534016799365 ) ) ;
#11182 = CARTESIAN_POINT ( 'NONE',  ( 122.2171131963785911, -139.6937481978255846, 57.08879711976310034 ) ) ;
#11183 = VECTOR ( 'NONE', #7252, 1000.000000000000000 ) ;
#11184 = CARTESIAN_POINT ( 'NONE',  ( 135.2171131927750309, -154.2297640746490117, 103.7997837512839965 ) ) ;
#11185 = DIRECTION ( 'NONE',  ( 0.7071067811865500152, 0.7071067811865450192, 2.498001805406600244E-16 ) ) ;
#11186 = LINE ( 'NONE', #7557, #738 ) ;
#11187 = ORIENTED_EDGE ( 'NONE', *, *, #9618, .T. ) ;
#11188 = CARTESIAN_POINT ( 'NONE',  ( 171.8202538633026677, -149.0759892081289593, 53.88383229947485376 ) ) ;
#11189 = EDGE_CURVE ( 'NONE', #8244, #2321, #4107, .T. ) ;
#11190 = EDGE_CURVE ( 'NONE', #2374, #6389, #8901, .T. ) ;
#11191 = VERTEX_POINT ( 'NONE', #8838 ) ;
#11192 = VERTEX_POINT ( 'NONE', #516 ) ;
#11193 = CIRCLE ( 'NONE', #5970, 2.500000000000002220 ) ;
#11194 = EDGE_LOOP ( 'NONE', ( #6746, #11684, #1160, #4539 ) ) ;
#11195 = CARTESIAN_POINT ( 'NONE',  ( 168.6298797530100160, -114.9297640215113887, 57.75000000000003553 ) ) ;
#11196 = DIRECTION ( 'NONE',  ( -0.7071067811865474617, 0.7071067811865474617, -8.384891817111633449E-16 ) ) ;
#11197 = DIRECTION ( 'NONE',  ( 3.160768215787150073E-15, 1.000000000000000000, 0.000000000000000000 ) ) ;
#11198 = ORIENTED_EDGE ( 'NONE', *, *, #11119, .F. ) ;
#11199 = LINE ( 'NONE', #4373, #9001 ) ;
#11200 = EDGE_LOOP ( 'NONE', ( #8707, #1000, #457, #7371, #9256, #4826, #1906 ) ) ;
#11201 = DIRECTION ( 'NONE',  ( -5.447383366618709780E-17, -1.000000000000000000, 1.417189263639311962E-16 ) ) ;
#11202 = DIRECTION ( 'NONE',  ( -0.3198345585774038935, -0.2239505688958659257, -0.9206258728880126752 ) ) ;
#11203 = AXIS2_PLACEMENT_3D ( 'NONE', #1858, #8285, #9133 ) ;
#11204 = CARTESIAN_POINT ( 'NONE',  ( 163.2171133453904872, -134.4297640215110050, 51.03123712248049770 ) ) ;
#11205 = AXIS2_PLACEMENT_3D ( 'NONE', #3286, #7769, #5211 ) ;
#11206 = CARTESIAN_POINT ( 'NONE',  ( 163.2171133453900040, -152.4297640746490003, 98.70216526821880620 ) ) ;
#11207 = EDGE_CURVE ( 'NONE', #7100, #11269, #6035, .T. ) ;
#11208 = ORIENTED_EDGE ( 'NONE', *, *, #4225, .F. ) ;
#11209 = AXIS2_PLACEMENT_3D ( 'NONE', #5836, #6080, #9658 ) ;
#11210 = DIRECTION ( 'NONE',  ( 0.000000000000000000, 1.000000000000000000, 0.000000000000000000 ) ) ;
#11211 = VERTEX_POINT ( 'NONE', #7925 ) ;
#11212 = CARTESIAN_POINT ( 'NONE',  ( 133.5171131927750139, -148.0297640746490231, 105.4997837512840135 ) ) ;
#11213 = CARTESIAN_POINT ( 'NONE',  ( 160.1768364872659731, -140.4297640215119998, 114.2144502228039897 ) ) ;
#11214 = AXIS2_PLACEMENT_3D ( 'NONE', #222, #3934, #7518 ) ;
#11215 = SPHERICAL_SURFACE ( 'NONE', #11315, 1.000000000000000000 ) ;
#11216 = CARTESIAN_POINT ( 'NONE',  ( 135.2171131927750309, -148.4297640746490003, 103.7997837512839965 ) ) ;
#11217 = CARTESIAN_POINT ( 'NONE',  ( 132.2171133453900040, -148.9797640480799998, 67.14091634279270693 ) ) ;
#11218 = EDGE_CURVE ( 'NONE', #10193, #5126, #11676, .T. ) ;
#11219 = VECTOR ( 'NONE', #8578, 1000.000000000000000 ) ;
#11220 = AXIS2_PLACEMENT_3D ( 'NONE', #5711, #11959, #9408 ) ;
#11221 = CARTESIAN_POINT ( 'NONE',  ( 171.8132738580368084, -147.9350947612085747, 54.98313909600206273 ) ) ;
#11222 = ORIENTED_EDGE ( 'NONE', *, *, #6460, .F. ) ;
#11223 = VERTEX_POINT ( 'NONE', #6906 ) ;
#11224 = CARTESIAN_POINT ( 'NONE',  ( 139.1231655244480123, -153.4297640215119714, 99.69100161576849928 ) ) ;
#11225 = CARTESIAN_POINT ( 'NONE',  ( 135.2171133453900040, -139.7894236642989938, 93.86432591814070747 ) ) ;
#11226 = VECTOR ( 'NONE', #10429, 1000.000000000000000 ) ;
#11227 = VERTEX_POINT ( 'NONE', #6964 ) ;
#11228 = DIRECTION ( 'NONE',  ( 1.000000000000000000, 4.795077207320080361E-24, -9.183549615799120136E-41 ) ) ;
#11229 = EDGE_CURVE ( 'NONE', #2239, #8035, #9803, .T. ) ;
#11230 = DIRECTION ( 'NONE',  ( -0.003006621206021729744, 0.0004223085201736249679, 0.9999953909315969502 ) ) ;
#11231 = B_SPLINE_CURVE_WITH_KNOTS ( 'NONE', 3,
 ( #7001, #6029, #10634, #3305 ),
 .UNSPECIFIED., .F., .F.,
 ( 4, 4 ),
 ( 0.000000000000000000, 1.000000000000000000 ),
 .UNSPECIFIED. ) ;
#11232 = DIRECTION ( 'NONE',  ( -7.166576360129189239E-17, 1.526556658859589750E-16, 1.000000000000000000 ) ) ;
#11233 = DIRECTION ( 'NONE',  ( 2.602085213964869829E-17, 1.000000000000000000, -1.526556658859589750E-16 ) ) ;
#11234 = CARTESIAN_POINT ( 'NONE',  ( 132.6106248479624128, -114.4297640215114029, 60.27765112427590566 ) ) ;
#11235 = VERTEX_POINT ( 'NONE', #9630 ) ;
#11236 = VERTEX_POINT ( 'NONE', #395 ) ;
#11237 =( BOUNDED_CURVE ( )  B_SPLINE_CURVE ( 3, ( #7704, #11395, #6918, #9454 ),
 .UNSPECIFIED., .F., .T. ) 
 B_SPLINE_CURVE_WITH_KNOTS ( ( 4, 4 ),
 ( 5.969905095716939947, 6.257000744063979880 ),
 .UNSPECIFIED. ) 
 CURVE ( )  GEOMETRIC_REPRESENTATION_ITEM ( )  RATIONAL_B_SPLINE_CURVE ( ( 1.000000000000000000, 0.9931431272467329263, 0.9931431272467329263, 1.000000000000000000 ) ) 
 REPRESENTATION_ITEM ( '' )  );
#11238 = CARTESIAN_POINT ( 'NONE',  ( 161.9544263235315213, -122.1643879280747882, 62.62776153979550742 ) ) ;
#11239 = ORIENTED_EDGE ( 'NONE', *, *, #3404, .F. ) ;
#11240 = DIRECTION ( 'NONE',  ( 0.7071067811865475727, 0.000000000000000000, -0.7071067811865475727 ) ) ;
#11241 = CARTESIAN_POINT ( 'NONE',  ( 132.2171133453900040, -139.6473765617450056, 65.99928563167848949 ) ) ;
#11242 = EDGE_CURVE ( 'NONE', #7405, #530, #10597, .T. ) ;
#11243 = CARTESIAN_POINT ( 'NONE',  ( 160.2171133453904872, -138.4595744938966106, 57.98985306244370719 ) ) ;
#11244 = CARTESIAN_POINT ( 'NONE',  ( 165.2171133453900040, -120.4297639548180001, 62.75000000000000000 ) ) ;
#11245 = DIRECTION ( 'NONE',  ( -2.950447108908235220E-15, 1.000000000000000000, 0.000000000000000000 ) ) ;
#11246 = EDGE_CURVE ( 'NONE', #6903, #6983, #7021, .T. ) ;
#11247 = EDGE_CURVE ( 'NONE', #6149, #2961, #5411, .T. ) ;
#11248 = DIRECTION ( 'NONE',  ( -1.000000000000000000, 0.000000000000000000, 1.387778780781444413E-14 ) ) ;
#11249 = EDGE_LOOP ( 'NONE', ( #8210, #7210, #11752, #5117, #2549 ) ) ;
#11250 = CARTESIAN_POINT ( 'NONE',  ( 174.6850171801198428, -149.2700729303045648, 58.60739323615164409 ) ) ;
#11251 = EDGE_LOOP ( 'NONE', ( #3190, #1432, #5073, #7623, #8960, #10850, #9987, #2693, #9241 ) ) ;
#11252 = ORIENTED_EDGE ( 'NONE', *, *, #4405, .T. ) ;
#11253 = ORIENTED_EDGE ( 'NONE', *, *, #6613, .T. ) ;
#11254 = CARTESIAN_POINT ( 'NONE',  ( 133.4772261317496884, -122.5284829741013937, 57.93260827450703943 ) ) ;
#11255 = CARTESIAN_POINT ( 'NONE',  ( 133.0664558081502094, -132.0969567164434011, 53.47602185630490368 ) ) ;
#11256 = LINE ( 'NONE', #7565, #4682 ) ;
#11257 = ORIENTED_EDGE ( 'NONE', *, *, #7102, .F. ) ;
#11258 = LINE ( 'NONE', #5271, #4366 ) ;
#11259 = ORIENTED_EDGE ( 'NONE', *, *, #6876, .F. ) ;
#11260 = EDGE_CURVE ( 'NONE', #6890, #2010, #7936, .T. ) ;
#11261 = CARTESIAN_POINT ( 'NONE',  ( 139.0930724166267964, -145.1167262610990178, 105.5162160053152718 ) ) ;
#11262 = ORIENTED_EDGE ( 'NONE', *, *, #1757, .T. ) ;
#11263 = CARTESIAN_POINT ( 'NONE',  ( 135.2171131927750309, -148.2297640746490117, 103.7997837512839965 ) ) ;
#11264 = DIRECTION ( 'NONE',  ( 3.683226109728400325E-15, 1.000000000000000000, -1.526556658859589750E-16 ) ) ;
#11265 = DIRECTION ( 'NONE',  ( -0.8125199200687529544, -0.3365567705908004137, -0.4759631494779386629 ) ) ;
#11266 = ORIENTED_EDGE ( 'NONE', *, *, #2457, .F. ) ;
#11267 = CARTESIAN_POINT ( 'NONE',  ( 163.1867387273269969, -142.6271945873116067, 51.11866876023830031 ) ) ;
#11268 = AXIS2_PLACEMENT_3D ( 'NONE', #4370, #8133, #721 ) ;
#11269 = VERTEX_POINT ( 'NONE', #7983 ) ;
#11270 = CARTESIAN_POINT ( 'NONE',  ( 132.2171133453900040, -152.4297640746490003, 98.58985179697670276 ) ) ;
#11271 = PLANE ( 'NONE',  #6047 ) ;
#11272 = ADVANCED_FACE ( 'NONE', ( #10774 ), #1564, .F. ) ;
#11273 = EDGE_CURVE ( 'NONE', #3486, #6435, #7750, .T. ) ;
#11274 = CARTESIAN_POINT ( 'NONE',  ( 138.0808663299520163, -141.4297640215119998, 110.3643259181410059 ) ) ;
#11275 = DIRECTION ( 'NONE',  ( 0.000000000000000000, -1.000000000000000000, 1.526556658859589750E-16 ) ) ;
#11276 = DIRECTION ( 'NONE',  ( 0.7071067811865461294, -0.7071067811865490160, 3.350363789175291802E-13 ) ) ;
#11277 = FACE_OUTER_BOUND ( 'NONE', #9138, .T. ) ;
#11278 = ORIENTED_EDGE ( 'NONE', *, *, #4117, .T. ) ;
#11279 = ORIENTED_EDGE ( 'NONE', *, *, #7108, .F. ) ;
#11280 = LINE ( 'NONE', #6342, #824 ) ;
#11281 = DIRECTION ( 'NONE',  ( -1.821244635543330336E-14, 1.000000000000000000, 6.573808934571190611E-15 ) ) ;
#11282 = EDGE_CURVE ( 'NONE', #7676, #4897, #3278, .T. ) ;
#11283 = ORIENTED_EDGE ( 'NONE', *, *, #6358, .F. ) ;
#11284 = DIRECTION ( 'NONE',  ( -0.9238795325112774126, 0.3826834323651122638, 0.000000000000000000 ) ) ;
#11285 = DIRECTION ( 'NONE',  ( -5.947210316806860462E-15, -1.000000000000000000, 2.383741352455649954E-14 ) ) ;
#11286 = CARTESIAN_POINT ( 'NONE',  ( 163.5702866917750100, -147.3020086834460187, 50.01464741515639645 ) ) ;
#11287 = AXIS2_PLACEMENT_3D ( 'NONE', #286, #11450, #3157 ) ;
#11288 = DIRECTION ( 'NONE',  ( -0.7071067811865709984, 0.000000000000000000, 0.7071067811865240360 ) ) ;
#11289 = FACE_OUTER_BOUND ( 'NONE', #11658, .T. ) ;
#11290 = DIRECTION ( 'NONE',  ( -1.000000000000000000, 0.000000000000000000, 0.000000000000000000 ) ) ;
#11291 = ORIENTED_EDGE ( 'NONE', *, *, #6069, .F. ) ;
#11292 = CIRCLE ( 'NONE', #6078, 0.9999999999999964473 ) ;
#11293 = CARTESIAN_POINT ( 'NONE',  ( 160.5445696338821620, -120.7627121840854869, 61.31027334559649233 ) ) ;
#11294 = EDGE_CURVE ( 'NONE', #7273, #8288, #2242, .T. ) ;
#11295 = ORIENTED_EDGE ( 'NONE', *, *, #8143, .T. ) ;
#11296 = PLANE ( 'NONE',  #2045 ) ;
#11297 = CARTESIAN_POINT ( 'NONE',  ( 132.2770230827229909, -141.4323596058729891, 68.00216687017139350 ) ) ;
#11298 = CYLINDRICAL_SURFACE ( 'NONE', #6965, 1.450000000000006839 ) ;
#11299 = DIRECTION ( 'NONE',  ( -1.000000000000000000, -1.214306509787359922E-16, 2.449293581093239882E-16 ) ) ;
#11300 = DIRECTION ( 'NONE',  ( 0.000000000000000000, -1.526556658859589750E-16, -1.000000000000000000 ) ) ;
#11301 =( BOUNDED_CURVE ( )  B_SPLINE_CURVE ( 3, ( #5318, #3273, #11512, #7032 ),
 .UNSPECIFIED., .F., .T. ) 
 B_SPLINE_CURVE_WITH_KNOTS ( ( 4, 4 ),
 ( 4.712388980384689674, 5.497787143782160157 ),
 .UNSPECIFIED. ) 
 CURVE ( )  GEOMETRIC_REPRESENTATION_ITEM ( )  RATIONAL_B_SPLINE_CURVE ( ( 1.000000000000000000, 0.9492530216741880134, 0.9492530216741880134, 1.000000000000000000 ) ) 
 REPRESENTATION_ITEM ( '' )  );
#11302 = ORIENTED_EDGE ( 'NONE', *, *, #11162, .T. ) ;
#11303 = AXIS2_PLACEMENT_3D ( 'NONE', #7729, #6882, #2216 ) ;
#11304 = CARTESIAN_POINT ( 'NONE',  ( 171.8111202271939248, -149.0756094131910459, 53.87445658197892584 ) ) ;
#11305 = ORIENTED_EDGE ( 'NONE', *, *, #4157, .T. ) ;
#11306 = EDGE_CURVE ( 'NONE', #4948, #4156, #5011, .T. ) ;
#11307 = ORIENTED_EDGE ( 'NONE', *, *, #6902, .T. ) ;
#11308 = ORIENTED_EDGE ( 'NONE', *, *, #3895, .T. ) ;
#11309 = CARTESIAN_POINT ( 'NONE',  ( 135.1106238705201292, -120.6202750613214789, 60.08918978720885917 ) ) ;
#11310 = CARTESIAN_POINT ( 'NONE',  ( 132.3771133453899722, -152.9723504732990307, 67.14091634279330378 ) ) ;
#11311 = CYLINDRICAL_SURFACE ( 'NONE', #3153, 1.950000000000000400 ) ;
#11312 = EDGE_CURVE ( 'NONE', #5251, #10335, #7863, .T. ) ;
#11313 = ORIENTED_EDGE ( 'NONE', *, *, #5631, .F. ) ;
#11314 = EDGE_CURVE ( 'NONE', #10618, #5453, #2314, .T. ) ;
#11315 = AXIS2_PLACEMENT_3D ( 'NONE', #1209, #3821, #9518 ) ;
#11316 = FACE_BOUND ( 'NONE', #5564, .T. ) ;
#11317 = ORIENTED_EDGE ( 'NONE', *, *, #217, .F. ) ;
#11318 = VECTOR ( 'NONE', #3715, 1000.000000000000000 ) ;
#11319 = CARTESIAN_POINT ( 'NONE',  ( 123.4123497211605098, -149.0845648738638545, 54.09601386743906204 ) ) ;
#11320 = VERTEX_POINT ( 'NONE', #9014 ) ;
#11321 = DIRECTION ( 'NONE',  ( -1.000000000000000000, 0.000000000000000000, 0.000000000000000000 ) ) ;
#11322 = CARTESIAN_POINT ( 'NONE',  ( 132.2171133453900040, -139.0155505122760076, 65.99999991151649681 ) ) ;
#11323 = CARTESIAN_POINT ( 'NONE',  ( 134.0606248479624014, -114.4297640215114029, 60.27765112427590566 ) ) ;
#11324 = ORIENTED_EDGE ( 'NONE', *, *, #4258, .F. ) ;
#11325 = VECTOR ( 'NONE', #1194, 1000.000000000000000 ) ;
#11326 = DIRECTION ( 'NONE',  ( 2.602085213964884620E-17, 1.000000000000000000, -1.526556658859589750E-16 ) ) ;
#11327 = EDGE_CURVE ( 'NONE', #7971, #8249, #11013, .T. ) ;
#11328 = AXIS2_PLACEMENT_3D ( 'NONE', #5802, #9623, #10529 ) ;
#11329 = VERTEX_POINT ( 'NONE', #5370 ) ;
#11330 = EDGE_LOOP ( 'NONE', ( #322, #2735, #9316, #9194 ) ) ;
#11331 = FACE_OUTER_BOUND ( 'NONE', #8070, .T. ) ;
#11332 = CARTESIAN_POINT ( 'NONE',  ( 130.8872936064561259, -147.9708210221114371, 51.18808963222615915 ) ) ;
#11333 = FACE_OUTER_BOUND ( 'NONE', #3271, .T. ) ;
#11334 = ORIENTED_EDGE ( 'NONE', *, *, #379, .F. ) ;
#11335 = FACE_OUTER_BOUND ( 'NONE', #9571, .T. ) ;
#11336 = AXIS2_PLACEMENT_3D ( 'NONE', #10318, #1098, #3955 ) ;
#11337 = FACE_OUTER_BOUND ( 'NONE', #550, .T. ) ;
#11338 = AXIS2_PLACEMENT_3D ( 'NONE', #10212, #1911, #11911 ) ;
#11339 = ORIENTED_EDGE ( 'NONE', *, *, #7235, .T. ) ;
#11340 = CARTESIAN_POINT ( 'NONE',  ( 132.2171133453900040, -154.4297640215114882, 62.74960223581890517 ) ) ;
#11341 = DIRECTION ( 'NONE',  ( -1.000000000000000000, 0.000000000000000000, 0.000000000000000000 ) ) ;
#11342 = ADVANCED_FACE ( 'NONE', ( #9074 ), #5436, .T. ) ;
#11343 = EDGE_CURVE ( 'NONE', #7549, #4698, #10162, .T. ) ;
#11344 = AXIS2_PLACEMENT_3D ( 'NONE', #11340, #8556, #7584 ) ;
#11345 = ORIENTED_EDGE ( 'NONE', *, *, #10770, .T. ) ;
#11346 = CARTESIAN_POINT ( 'NONE',  ( 160.2171131927750025, -154.0297640746490231, 103.7997837512839965 ) ) ;
#11347 = ORIENTED_EDGE ( 'NONE', *, *, #8954, .T. ) ;
#11348 = DIRECTION ( 'NONE',  ( 2.897277325460580092E-15, 1.000000000000000000, 2.897277325460580092E-15 ) ) ;
#11349 = CARTESIAN_POINT ( 'NONE',  ( 138.3506535661560122, -144.2949860153899806, 106.3330733680300000 ) ) ;
#11350 = DIRECTION ( 'NONE',  ( 2.546950083066530298E-09, 1.074293699200419879E-17, 1.000000000000000000 ) ) ;
#11351 = DIRECTION ( 'NONE',  ( -0.7071067811865560104, -0.7071067811865390240, 0.000000000000000000 ) ) ;
#11352 = FILL_AREA_STYLE_COLOUR ( '', #1523 ) ;
#11353 = EDGE_CURVE ( 'NONE', #1763, #4296, #2032, .T. ) ;
#11354 = EDGE_LOOP ( 'NONE', ( #4333, #1875, #4424, #2298 ) ) ;
#11355 = VECTOR ( 'NONE', #9845, 1000.000000000000000 ) ;
#11356 = DIRECTION ( 'NONE',  ( 0.7071067811865475727, 0.000000000000000000, 0.7071067811865475727 ) ) ;
#11357 = ORIENTED_EDGE ( 'NONE', *, *, #1108, .F. ) ;
#11358 = DIRECTION ( 'NONE',  ( -5.947210316807140508E-15, -1.000000000000000000, 1.526556658859589750E-16 ) ) ;
#11359 = CARTESIAN_POINT ( 'NONE',  ( 133.0613204299699817, -139.4894227401340174, 67.00002385924609882 ) ) ;
#11360 = FACE_OUTER_BOUND ( 'NONE', #8409, .T. ) ;
#11361 = DIRECTION ( 'NONE',  ( 0.000000000000000000, 1.000000000000000000, 6.573933234426810631E-15 ) ) ;
#11362 = DIRECTION ( 'NONE',  ( 1.387778780781444098E-14, 3.831611138354870564E-15, 1.000000000000000000 ) ) ;
#11363 = EDGE_LOOP ( 'NONE', ( #7562, #10996, #8154 ) ) ;
#11364 = VECTOR ( 'NONE', #10925, 1000.000000000000000 ) ;
#11365 = DIRECTION ( 'NONE',  ( 1.000000000000000000, 0.000000000000000000, 1.224646799147351975E-16 ) ) ;
#11366 = EDGE_CURVE ( 'NONE', #11815, #3121, #4428, .T. ) ;
#11367 = ORIENTED_EDGE ( 'NONE', *, *, #11549, .F. ) ;
#11368 = ORIENTED_EDGE ( 'NONE', *, *, #1561, .T. ) ;
#11369 = VERTEX_POINT ( 'NONE', #10835 ) ;
#11370 = CARTESIAN_POINT ( 'NONE',  ( 134.6924327872729350, -121.1776522315265368, 58.88362219580003654 ) ) ;
#11371 = DIRECTION ( 'NONE',  ( 1.000000000000000000, -2.602085213964869829E-17, 7.166576360129189239E-17 ) ) ;
#11372 = CARTESIAN_POINT ( 'NONE',  ( 130.1106248479624128, -114.8297640215114086, 62.75000000000000000 ) ) ;
#11373 = ORIENTED_EDGE ( 'NONE', *, *, #10737, .T. ) ;
#11374 = AXIS2_PLACEMENT_3D ( 'NONE', #4877, #5852, #9552 ) ;
#11375 = DIRECTION ( 'NONE',  ( 0.7071067811865475727, -0.7071067811865475727, 1.586192039558947890E-16 ) ) ;
#11376 = VERTEX_POINT ( 'NONE', #11072 ) ;
#11377 = CARTESIAN_POINT ( 'NONE',  ( 163.0571133453900075, -144.9297640746490003, 66.55091634279270352 ) ) ;
#11378 = ADVANCED_FACE ( 'NONE', ( #698 ), #10895, .T. ) ;
#11379 = ORIENTED_EDGE ( 'NONE', *, *, #5854, .T. ) ;
#11380 = FACE_OUTER_BOUND ( 'NONE', #9921, .T. ) ;
#11381 = CARTESIAN_POINT ( 'NONE',  ( 132.3771133453899722, -140.4797640480800283, 67.14091634279260745 ) ) ;
#11382 = EDGE_CURVE ( 'NONE', #958, #10777, #2774, .T. ) ;
#11383 = EDGE_LOOP ( 'NONE', ( #6785, #3015 ) ) ;
#11384 = ADVANCED_FACE ( 'NONE', ( #635 ), #6290, .T. ) ;
#11385 = CIRCLE ( 'NONE', #3830, 1.950000000000007283 ) ;
#11386 = CARTESIAN_POINT ( 'NONE',  ( 162.7170942870820056, -140.5154933373530071, 69.70699831078979969 ) ) ;
#11387 = ORIENTED_EDGE ( 'NONE', *, *, #3470, .T. ) ;
#11388 = ORIENTED_EDGE ( 'NONE', *, *, #7717, .T. ) ;
#11389 = CYLINDRICAL_SURFACE ( 'NONE', #5286, 0.9999999999999945599 ) ;
#11390 = PLANE ( 'NONE',  #2002 ) ;
#11391 = CARTESIAN_POINT ( 'NONE',  ( 163.2171133453904872, -154.4297640215109766, 55.74960223581889807 ) ) ;
#11392 = VECTOR ( 'NONE', #10383, 1000.000000000000000 ) ;
#11393 = AXIS2_PLACEMENT_3D ( 'NONE', #10372, #2074, #5824 ) ;
#11394 = LINE ( 'NONE', #2859, #9583 ) ;
#11395 = CARTESIAN_POINT ( 'NONE',  ( 162.7534076111809895, -147.9158022202488496, 56.73544044089115346 ) ) ;
#11396 = ADVANCED_FACE ( 'NONE', ( #1681 ), #7323, .T. ) ;
#11397 = EDGE_LOOP ( 'NONE', ( #1851, #3339, #6015, #8303, #7598, #8564, #1583 ) ) ;
#11398 = FACE_OUTER_BOUND ( 'NONE', #1760, .T. ) ;
#11399 = CIRCLE ( 'NONE', #2507, 3.099999999999991651 ) ;
#11400 = EDGE_CURVE ( 'NONE', #5255, #11681, #9389, .T. ) ;
#11401 = EDGE_CURVE ( 'NONE', #8704, #7676, #10044, .T. ) ;
#11402 = CARTESIAN_POINT ( 'NONE',  ( 134.8190145212520008, -140.9063528306099897, 107.3643760300449941 ) ) ;
#11403 = AXIS2_PLACEMENT_3D ( 'NONE', #7266, #3508, #6471 ) ;
#11404 = CONICAL_SURFACE ( 'NONE', #1925, 24.95049366970479809, 0.7853981633974469467 ) ;
#11405 = ORIENTED_EDGE ( 'NONE', *, *, #7486, .T. ) ;
#11406 = CARTESIAN_POINT ( 'NONE',  ( 162.3021113084439833, -114.5631256603326023, 54.47752021049729620 ) ) ;
#11407 = ORIENTED_EDGE ( 'NONE', *, *, #2166, .F. ) ;
#11408 = CARTESIAN_POINT ( 'NONE',  ( 165.2171133453900040, -120.8462228485717986, 57.98985306244389903 ) ) ;
#11409 = DIRECTION ( 'NONE',  ( 0.3198345585774030053, -0.2239505688958659535, -0.9206258728880128972 ) ) ;
#11410 = EDGE_CURVE ( 'NONE', #6679, #10339, #6416, .T. ) ;
#11411 = EDGE_CURVE ( 'NONE', #4392, #1005, #5493, .T. ) ;
#11412 = FACE_OUTER_BOUND ( 'NONE', #3806, .T. ) ;
#11413 = VECTOR ( 'NONE', #77, 1000.000000000000000 ) ;
#11414 = FACE_OUTER_BOUND ( 'NONE', #9351, .T. ) ;
#11415 = CARTESIAN_POINT ( 'NONE',  ( 157.6742201265760173, -134.4726572934629871, 67.99999991151629786 ) ) ;
#11416 = CARTESIAN_POINT ( 'NONE',  ( 162.4671133453900040, -144.5297640215119941, 73.93349942512109862 ) ) ;
#11417 = ORIENTED_EDGE ( 'NONE', *, *, #11138, .T. ) ;
#11418 = CIRCLE ( 'NONE', #11609, 0.9999999999999958922 ) ;
#11419 = CARTESIAN_POINT ( 'NONE',  ( 160.4337132514382915, -120.6643942019319127, 61.01736953567998256 ) ) ;
#11420 = ORIENTED_EDGE ( 'NONE', *, *, #1617, .F. ) ;
#11421 = CARTESIAN_POINT ( 'NONE',  ( 161.2171133453899756, -127.9297640746490146, 66.99999991151629786 ) ) ;
#11422 = CARTESIAN_POINT ( 'NONE',  ( 156.9591226427349966, -117.4297640215114029, 62.10199319125020168 ) ) ;
#11423 = ADVANCED_FACE ( 'NONE', ( #11975 ), #7382, .F. ) ;
#11424 = ADVANCED_FACE ( 'NONE', ( #7147 ), #3069, .T. ) ;
#11425 = DIRECTION ( 'NONE',  ( -0.7071067809181789121, 0.000000000000000000, -0.7071067814549162334 ) ) ;
#11426 = LINE ( 'NONE', #992, #7687 ) ;
#11427 = CARTESIAN_POINT ( 'NONE',  ( 133.1026488428297796, -139.3605003569490464, 69.98879813112522186 ) ) ;
#11428 = ORIENTED_EDGE ( 'NONE', *, *, #4784, .T. ) ;
#11429 = CARTESIAN_POINT ( 'NONE',  ( 172.1909358263226295, -149.0922163325724057, 54.28142504509381894 ) ) ;
#11430 = VERTEX_POINT ( 'NONE', #2948 ) ;
#11431 = EDGE_LOOP ( 'NONE', ( #9573, #9492, #2646, #4935, #5123 ) ) ;
#11432 = EDGE_LOOP ( 'NONE', ( #8187, #9744, #6845, #10031, #10328 ) ) ;
#11433 = CARTESIAN_POINT ( 'NONE',  ( 163.2171133453901177, -136.4297640746490003, 70.73123880945165354 ) ) ;
#11434 = CARTESIAN_POINT ( 'NONE',  ( 120.2171133453899898, -124.4297640215119998, 62.75000000000000000 ) ) ;
#11435 = CARTESIAN_POINT ( 'NONE',  ( 163.2171133453900040, -140.4297640215119998, 96.26432591814179318 ) ) ;
#11436 = ORIENTED_EDGE ( 'NONE', *, *, #7050, .F. ) ;
#11437 = DIRECTION ( 'NONE',  ( -8.938489473110520229E-17, -1.000000000000000000, 8.906163854055228964E-17 ) ) ;
#11438 = ORIENTED_EDGE ( 'NONE', *, *, #7538, .T. ) ;
#11439 = CARTESIAN_POINT ( 'NONE',  ( 132.7943122313689912, -153.3473727988535131, 66.96811484820980809 ) ) ;
#11440 = ORIENTED_EDGE ( 'NONE', *, *, #561, .F. ) ;
#11441 = CARTESIAN_POINT ( 'NONE',  ( 173.2171134944015023, -120.4297680637882024, 57.08879711976319271 ) ) ;
#11442 = DIRECTION ( 'NONE',  ( -1.000000000000000000, -4.440892105693240592E-15, 1.654332819838760099E-24 ) ) ;
#11443 = ORIENTED_EDGE ( 'NONE', *, *, #1271, .F. ) ;
#11444 = SPHERICAL_SURFACE ( 'NONE', #3816, 1.000000000000000000 ) ;
#11445 = ORIENTED_EDGE ( 'NONE', *, *, #9765, .T. ) ;
#11446 = CARTESIAN_POINT ( 'NONE',  ( 132.7000493619926829, -134.9468280580464068, 70.10285033254091047 ) ) ;
#11447 = ORIENTED_EDGE ( 'NONE', *, *, #5332, .F. ) ;
#11448 = ORIENTED_EDGE ( 'NONE', *, *, #4891, .F. ) ;
#11449 = LINE ( 'NONE', #2250, #11878 ) ;
#11450 = DIRECTION ( 'NONE',  ( -0.7071067811865560104, -0.7071067811865390240, 0.000000000000000000 ) ) ;
#11451 = CARTESIAN_POINT ( 'NONE',  ( 131.9466248479558033, -148.9298859776444033, 50.25265112427409520 ) ) ;
#11452 = ORIENTED_EDGE ( 'NONE', *, *, #3167, .F. ) ;
#11453 = FACE_OUTER_BOUND ( 'NONE', #1319, .T. ) ;
#11454 = CARTESIAN_POINT ( 'NONE',  ( 126.8043469377704042, -114.9297640215113887, 59.70000000000003837 ) ) ;
#11455 = ORIENTED_EDGE ( 'NONE', *, *, #5942, .F. ) ;
#11456 = LINE ( 'NONE', #3043, #3409 ) ;
#11457 = AXIS2_PLACEMENT_3D ( 'NONE', #11213, #6611, #10245 ) ;
#11458 = EDGE_LOOP ( 'NONE', ( #9498, #1834, #292, #6803, #3551, #399 ) ) ;
#11459 = CARTESIAN_POINT ( 'NONE',  ( 164.2171132912669691, -119.4297640746489861, 81.50005036068620257 ) ) ;
#11460 = EDGE_LOOP ( 'NONE', ( #7344, #4367, #998, #9930 ) ) ;
#11461 = ADVANCED_FACE ( 'NONE', ( #5610 ), #7914, .T. ) ;
#11462 = ORIENTED_EDGE ( 'NONE', *, *, #9836, .F. ) ;
#11463 = DIRECTION ( 'NONE',  ( -1.000000000000000000, 0.000000000000000000, 1.387778780781444413E-14 ) ) ;
#11464 = VECTOR ( 'NONE', #3455, 1000.000000000000000 ) ;
#11465 = EDGE_CURVE ( 'NONE', #4232, #8607, #4812, .T. ) ;
#11466 = ORIENTED_EDGE ( 'NONE', *, *, #5983, .F. ) ;
#11467 = ADVANCED_FACE ( 'NONE', ( #6769 ), #9250, .T. ) ;
#11468 = DIRECTION ( 'NONE',  ( 2.602085213964869829E-17, 1.000000000000000000, -1.526556658859589750E-16 ) ) ;
#11469 = DIRECTION ( 'NONE',  ( -0.5951893636155779488, 8.416332170449763954E-15, -0.8035854786137459627 ) ) ;
#11470 = LINE ( 'NONE', #3175, #876 ) ;
#11471 = CYLINDRICAL_SURFACE ( 'NONE', #10012, 0.5899999999999971934 ) ;
#11472 = CARTESIAN_POINT ( 'NONE',  ( 135.1409928779011977, -138.3982339446410208, 68.99999991151649681 ) ) ;
#11473 = CARTESIAN_POINT ( 'NONE',  ( 130.7606248479624185, -117.4297640215114029, 60.27765112427590566 ) ) ;
#11474 = CONICAL_SURFACE ( 'NONE', #9733, 1.950000000000000400, 0.7853981633974573828 ) ;
#11475 = VERTEX_POINT ( 'NONE', #942 ) ;
#11476 = EDGE_CURVE ( 'NONE', #2725, #1061, #2037, .T. ) ;
#11477 = CARTESIAN_POINT ( 'NONE',  ( 162.6677859897783378, -122.8812852381122838, 62.77405355605060322 ) ) ;
#11478 = EDGE_LOOP ( 'NONE', ( #11677, #3179, #3452, #9015 ) ) ;
#11479 = DIRECTION ( 'NONE',  ( 1.000000000000000000, 1.666513209668970211E-24, -8.271814108300059472E-25 ) ) ;
#11480 = CARTESIAN_POINT ( 'NONE',  ( 162.2171133453900040, -119.4297640746489861, 80.50005035146730847 ) ) ;
#11481 = AXIS2_PLACEMENT_3D ( 'NONE', #9399, #1093, #3501 ) ;
#11482 =( BOUNDED_CURVE ( )  B_SPLINE_CURVE ( 3, ( #10242, #1941, #1880, #11267 ),
 .UNSPECIFIED., .F., .T. ) 
 B_SPLINE_CURVE_WITH_KNOTS ( ( 4, 4 ),
 ( 0.9332950502743160293, 1.564037455445230096 ),
 .UNSPECIFIED. ) 
 CURVE ( )  GEOMETRIC_REPRESENTATION_ITEM ( )  RATIONAL_B_SPLINE_CURVE ( ( 1.000000000000000000, 0.9671208724905299148, 0.9671208724905299148, 1.000000000000000000 ) ) 
 REPRESENTATION_ITEM ( '' )  );
#11483 = CARTESIAN_POINT ( 'NONE',  ( 162.4671133453900040, -140.6797640746490288, 68.99999991151629786 ) ) ;
#11484 = FACE_OUTER_BOUND ( 'NONE', #3458, .T. ) ;
#11485 = CARTESIAN_POINT ( 'NONE',  ( 129.7796740241493012, -143.6227117572545069, 51.13534865116191241 ) ) ;
#11486 = ORIENTED_EDGE ( 'NONE', *, *, #9593, .T. ) ;
#11487 = CARTESIAN_POINT ( 'NONE',  ( 123.0210531936763516, -139.1308233514495214, 55.63033466282671213 ) ) ;
#11488 = ORIENTED_EDGE ( 'NONE', *, *, #2238, .F. ) ;
#11489 = EDGE_CURVE ( 'NONE', #1005, #3322, #2119, .T. ) ;
#11490 = ORIENTED_EDGE ( 'NONE', *, *, #2143, .T. ) ;
#11491 = EDGE_CURVE ( 'NONE', #7472, #2239, #9423, .T. ) ;
#11492 = ORIENTED_EDGE ( 'NONE', *, *, #7543, .F. ) ;
#11493 = DIRECTION ( 'NONE',  ( 0.000000000000000000, -1.000000000000000000, 1.526556658860419780E-16 ) ) ;
#11494 = DIRECTION ( 'NONE',  ( 0.000000000000000000, 0.000000000000000000, 1.000000000000000000 ) ) ;
#11495 = CARTESIAN_POINT ( 'NONE',  ( 162.2171133453900040, -119.4297640746489861, 80.50005035146730847 ) ) ;
#11496 = ORIENTED_EDGE ( 'NONE', *, *, #9547, .F. ) ;
#11497 = DIRECTION ( 'NONE',  ( 0.000000000000000000, -1.000000000000000000, 1.526556658859589750E-16 ) ) ;
#11498 = EDGE_LOOP ( 'NONE', ( #7324, #6195, #9645, #6222 ) ) ;
#11499 = ORIENTED_EDGE ( 'NONE', *, *, #8898, .F. ) ;
#11500 = AXIS2_PLACEMENT_3D ( 'NONE', #7991, #2368, #2605 ) ;
#11501 = DIRECTION ( 'NONE',  ( 2.602085213964869829E-17, 1.000000000000000000, -1.526556658859589750E-16 ) ) ;
#11502 = CARTESIAN_POINT ( 'NONE',  ( 138.1631657345020301, -144.2438247299230056, 110.3674185062529887 ) ) ;
#11503 = FACE_OUTER_BOUND ( 'NONE', #2161, .T. ) ;
#11504 = EDGE_LOOP ( 'NONE', ( #1435, #8408, #8449, #3776, #1548 ) ) ;
#11505 = CARTESIAN_POINT ( 'NONE',  ( 135.2053871776569736, -140.4297640215119998, 104.5909950527140069 ) ) ;
#11506 = ORIENTED_EDGE ( 'NONE', *, *, #8898, .T. ) ;
#11507 = EDGE_CURVE ( 'NONE', #114, #2598, #4637, .T. ) ;
#11508 = VECTOR ( 'NONE', #1220, 1000.000000000000000 ) ;
#11509 = EDGE_LOOP ( 'NONE', ( #7738, #8181, #3523, #11955 ) ) ;
#11510 = AXIS2_PLACEMENT_3D ( 'NONE', #11714, #8021, #3421 ) ;
#11511 = DIRECTION ( 'NONE',  ( 1.000000000000000000, -2.602085213964869829E-17, 7.166576360129300173E-17 ) ) ;
#11512 = CARTESIAN_POINT ( 'NONE',  ( 162.7341773287872968, -135.9468280580465489, 70.10285033254066889 ) ) ;
#11513 = CARTESIAN_POINT ( 'NONE',  ( 132.2171133453900040, -153.8547640113190198, 60.47499993666959739 ) ) ;
#11514 = CARTESIAN_POINT ( 'NONE',  ( 172.7831830532590232, -151.8636943212360109, 99.18393024661740753 ) ) ;
#11515 = DIRECTION ( 'NONE',  ( 0.000000000000000000, -2.327875578288750051E-16, -1.000000000000000000 ) ) ;
#11516 = EDGE_LOOP ( 'NONE', ( #9270, #7091, #7841, #7009 ) ) ;
#11517 = VECTOR ( 'NONE', #4594, 1000.000000000000000 ) ;
#11518 = VECTOR ( 'NONE', #7109, 1000.000000000000000 ) ;
#11519 = VERTEX_POINT ( 'NONE', #6704 ) ;
#11520 = CARTESIAN_POINT ( 'NONE',  ( 132.2171133453900040, -114.8297640215114086, 62.24960223581919649 ) ) ;
#11521 = ADVANCED_FACE ( 'NONE', ( #10398 ), #1055, .F. ) ;
#11522 = VERTEX_POINT ( 'NONE', #2892 ) ;
#11524 = ORIENTED_EDGE ( 'NONE', *, *, #2493, .F. ) ;
#11523 = VECTOR ( 'NONE', #10444, 1000.000000000000000 ) ;
#11525 = AXIS2_PLACEMENT_3D ( 'NONE', #3557, #9976, #6229 ) ;
#11526 = CARTESIAN_POINT ( 'NONE',  ( 161.2171130401599726, -153.4297640746490003, 117.6643259181400083 ) ) ;
#11527 = CARTESIAN_POINT ( 'NONE',  ( 160.1768364872659731, -153.2079386145640854, 114.2144502228039897 ) ) ;
#11528 = CARTESIAN_POINT ( 'NONE',  ( 162.4718841081800065, -153.4297640746490003, 66.47410798650989250 ) ) ;
#11529 = LINE ( 'NONE', #6527, #5721 ) ;
#11530 = LINE ( 'NONE', #11652, #9391 ) ;
#11531 = EDGE_CURVE ( 'NONE', #11655, #2288, #8343, .T. ) ;
#11532 = CARTESIAN_POINT ( 'NONE',  ( 132.6106248479624128, -117.6297640215114058, 60.27765112427590566 ) ) ;
#11533 = PLANE ( 'NONE',  #6556 ) ;
#11534 = EDGE_CURVE ( 'NONE', #7100, #3093, #11186, .T. ) ;
#11535 = ORIENTED_EDGE ( 'NONE', *, *, #11343, .F. ) ;
#11536 = ADVANCED_FACE ( 'NONE', ( #3858 ), #9276, .F. ) ;
#11537 = CARTESIAN_POINT ( 'NONE',  ( 161.9171131927750196, -140.4297640215119998, 103.7997837512839965 ) ) ;
#11538 = EDGE_LOOP ( 'NONE', ( #2063, #4246, #6511, #11279, #11075, #11008, #10732 ) ) ;
#11539 = CIRCLE ( 'NONE', #1874, 1.000000000000006439 ) ;
#11540 = CARTESIAN_POINT ( 'NONE',  ( 132.2171133453900040, -153.4297640480800169, 65.95898615365621254 ) ) ;
#11541 = CARTESIAN_POINT ( 'NONE',  ( 157.6742201265760173, -134.4726572934629871, 66.99999991151639733 ) ) ;
#11542 = EDGE_CURVE ( 'NONE', #9173, #2670, #3738, .T. ) ;
#11543 = DIRECTION ( 'NONE',  ( -0.5951893636155779488, 8.416332170449763954E-15, -0.8035854786137459627 ) ) ;
#11544 = LINE ( 'NONE', #7788, #506 ) ;
#11545 = LINE ( 'NONE', #4994, #946 ) ;
#11546 = VERTEX_POINT ( 'NONE', #7672 ) ;
#11547 = DIRECTION ( 'NONE',  ( 0.000000000000000000, 0.000000000000000000, 1.000000000000000000 ) ) ;
#11548 = ORIENTED_EDGE ( 'NONE', *, *, #4288, .F. ) ;
#11549 = EDGE_CURVE ( 'NONE', #3042, #4112, #1135, .T. ) ;
#11550 = AXIS2_PLACEMENT_3D ( 'NONE', #6529, #4466, #9013 ) ;
#11551 = ORIENTED_EDGE ( 'NONE', *, *, #3345, .T. ) ;
#11552 = VERTEX_POINT ( 'NONE', #7436 ) ;
#11553 = CARTESIAN_POINT ( 'NONE',  ( 129.7796740241493012, -135.1308508513080255, 51.13534865116200478 ) ) ;
#11554 = CARTESIAN_POINT ( 'NONE',  ( 161.2171133453899756, -138.0155505122760076, 69.99999991151639733 ) ) ;
#11555 = CYLINDRICAL_SURFACE ( 'NONE', #816, 3.099999999999991651 ) ;
#11556 = ORIENTED_EDGE ( 'NONE', *, *, #1588, .F. ) ;
#11557 =( BOUNDED_CURVE ( )  B_SPLINE_CURVE ( 3, ( #1962, #4859, #4681, #3842 ),
 .UNSPECIFIED., .F., .T. ) 
 B_SPLINE_CURVE_WITH_KNOTS ( ( 4, 4 ),
 ( 5.819537695261439936, 7.013500084477089835 ),
 .UNSPECIFIED. ) 
 CURVE ( )  GEOMETRIC_REPRESENTATION_ITEM ( )  RATIONAL_B_SPLINE_CURVE ( ( 1.000000000000000000, 0.8846909315656089623, 0.8846909315656089623, 1.000000000000000000 ) ) 
 REPRESENTATION_ITEM ( '' )  );
#11558 = DIRECTION ( 'NONE',  ( 6.331740687314189720E-17, -1.000000000000000000, 6.331740687314610035E-17 ) ) ;
#11559 = ORIENTED_EDGE ( 'NONE', *, *, #6137, .T. ) ;
#11560 = CIRCLE ( 'NONE', #6338, 1.950000000000000400 ) ;
#11561 = EDGE_CURVE ( 'NONE', #10023, #553, #6997, .T. ) ;
#11562 = EDGE_LOOP ( 'NONE', ( #5440, #2865, #11934, #1499 ) ) ;
#11563 = EDGE_CURVE ( 'NONE', #7611, #6392, #10279, .T. ) ;
#11564 = CARTESIAN_POINT ( 'NONE',  ( 138.5597693807820008, -144.3498619695079981, 107.3654771792789973 ) ) ;
#11565 = CARTESIAN_POINT ( 'NONE',  ( 132.3255008394324079, -148.4297640215247895, 62.66078637172618926 ) ) ;
#11566 = VERTEX_POINT ( 'NONE', #1920 ) ;
#11567 = CARTESIAN_POINT ( 'NONE',  ( 162.4858744474548757, -153.4297640746490003, 98.69951597857578918 ) ) ;
#11568 = ORIENTED_EDGE ( 'NONE', *, *, #7780, .F. ) ;
#11569 = EDGE_LOOP ( 'NONE', ( #11172, #10571, #3195, #896, #11866, #1696, #6039 ) ) ;
#11570 = ORIENTED_EDGE ( 'NONE', *, *, #1108, .T. ) ;
#11571 = DIRECTION ( 'NONE',  ( -7.166576360129300173E-17, 0.000000000000000000, 1.000000000000000000 ) ) ;
#11572 = LINE ( 'NONE', #7872, #7997 ) ;
#11573 = CARTESIAN_POINT ( 'NONE',  ( 162.4671133453900040, -153.4287711522630104, 66.54898615365620174 ) ) ;
#11574 = VERTEX_POINT ( 'NONE', #10639 ) ;
#11575 = CARTESIAN_POINT ( 'NONE',  ( 157.6742201265760173, -134.4726572934629871, 67.99999991151629786 ) ) ;
#11576 = CARTESIAN_POINT ( 'NONE',  ( 128.7171133751922127, -114.4297640215114029, 59.25000000000000000 ) ) ;
#11577 = VERTEX_POINT ( 'NONE', #9788 ) ;
#11578 = EDGE_CURVE ( 'NONE', #10543, #9729, #11979, .T. ) ;
#11579 = CARTESIAN_POINT ( 'NONE',  ( 135.1768364872669963, -140.4297640215119998, 111.7643259181419779 ) ) ;
#11580 = DIRECTION ( 'NONE',  ( 5.075800897900750411E-15, -1.000000000000000000, -6.432020515982920536E-15 ) ) ;
#11581 = EDGE_LOOP ( 'NONE', ( #4758, #8786, #2837, #3628 ) ) ;
#11582 = DIRECTION ( 'NONE',  ( 3.683226109728400325E-15, 1.000000000000000000, -2.692261676065480290E-15 ) ) ;
#11583 = EDGE_LOOP ( 'NONE', ( #7220, #4739, #6044 ) ) ;
#11584 = AXIS2_PLACEMENT_3D ( 'NONE', #578, #2303, #9864 ) ;
#11585 = VECTOR ( 'NONE', #5223, 1000.000000000000000 ) ;
#11586 = ORIENTED_EDGE ( 'NONE', *, *, #2739, .T. ) ;
#11587 = LINE ( 'NONE', #2265, #11518 ) ;
#11588 = FACE_OUTER_BOUND ( 'NONE', #3797, .T. ) ;
#11589 = CARTESIAN_POINT ( 'NONE',  ( 138.7892528739459976, -140.7213774775179900, 110.6585012201539939 ) ) ;
#11590 = DIRECTION ( 'NONE',  ( 9.412800631153610779E-17, 0.7071067811865510144, -0.7071067811865441310 ) ) ;
#11591 = DIRECTION ( 'NONE',  ( 0.4082482904638640719, -0.4082482904638624066, 0.8164965809277259234 ) ) ;
#11592 = DIRECTION ( 'NONE',  ( 0.000000000000000000, 0.000000000000000000, 1.000000000000000000 ) ) ;
#11593 = VECTOR ( 'NONE', #10334, 1000.000000000000000 ) ;
#11594 = CARTESIAN_POINT ( 'NONE',  ( 161.2171133453899756, -138.0155505122760076, 67.99999991151629786 ) ) ;
#11595 = CARTESIAN_POINT ( 'NONE',  ( 163.2171133453900040, -141.0252566916429942, 98.69164219418240691 ) ) ;
#11596 = ORIENTED_EDGE ( 'NONE', *, *, #11683, .T. ) ;
#11597 = CARTESIAN_POINT ( 'NONE',  ( 163.0006084838202582, -153.0598279401597210, 67.14091634279269272 ) ) ;
#11598 = EDGE_CURVE ( 'NONE', #4501, #1486, #160, .T. ) ;
#11599 = CARTESIAN_POINT ( 'NONE',  ( 161.4671133112279904, -140.4297640215119998, 100.7500000000400036 ) ) ;
#11600 = DIRECTION ( 'NONE',  ( -8.933825901278888835E-17, -1.000000000000000000, 8.933825901279489109E-17 ) ) ;
#11601 = ORIENTED_EDGE ( 'NONE', *, *, #11542, .T. ) ;
#11602 = DIRECTION ( 'NONE',  ( 3.160768215787150073E-15, 1.000000000000000000, -1.526556658859589750E-16 ) ) ;
#11603 = CARTESIAN_POINT ( 'NONE',  ( 134.2171133453900040, -138.0155505122760076, 69.99999991151649681 ) ) ;
#11604 = FACE_OUTER_BOUND ( 'NONE', #6595, .T. ) ;
#11605 = CARTESIAN_POINT ( 'NONE',  ( 162.7869845560377939, -140.7217708543893195, 69.61068219505010291 ) ) ;
#11606 = CARTESIAN_POINT ( 'NONE',  ( 184.7671133453904986, -124.3797640215111926, 62.75000000000000000 ) ) ;
#11607 = ORIENTED_EDGE ( 'NONE', *, *, #3210, .F. ) ;
#11608 = CARTESIAN_POINT ( 'NONE',  ( 161.6669467408600269, -153.4297640746490003, 83.34999974667989875 ) ) ;
#11609 = AXIS2_PLACEMENT_3D ( 'NONE', #11660, #1539, #3489 ) ;
#11610 = AXIS2_PLACEMENT_3D ( 'NONE', #5250, #4167, #6112 ) ;
#11611 = ORIENTED_EDGE ( 'NONE', *, *, #6719, .F. ) ;
#11612 = EDGE_CURVE ( 'NONE', #10488, #3362, #9322, .T. ) ;
#11613 = DIRECTION ( 'NONE',  ( 1.000000000000000000, 0.000000000000000000, 0.000000000000000000 ) ) ;
#11614 = CARTESIAN_POINT ( 'NONE',  ( 168.6298797530100160, -114.4297640215111898, 57.75000000000003553 ) ) ;
#11615 = CARTESIAN_POINT ( 'NONE',  ( 163.2171133453900040, -140.4297640215119998, 98.69164219418240691 ) ) ;
#11616 = ORIENTED_EDGE ( 'NONE', *, *, #1713, .F. ) ;
#11617 = CARTESIAN_POINT ( 'NONE',  ( 160.2171133453899756, -119.4459165395000042, 96.26432591814179318 ) ) ;
#11618 = DIRECTION ( 'NONE',  ( -1.666513209668970211E-24, 1.000000000000000000, 6.217248937900871104E-15 ) ) ;
#11619 = EDGE_CURVE ( 'NONE', #2552, #7723, #1579, .T. ) ;
#11620 = AXIS2_PLACEMENT_3D ( 'NONE', #2753, #7534, #3894 ) ;
#11621 = EDGE_CURVE ( 'NONE', #5915, #9312, #7351, .T. ) ;
#11622 = EDGE_LOOP ( 'NONE', ( #6524, #4584 ) ) ;
#11623 = FACE_OUTER_BOUND ( 'NONE', #994, .T. ) ;
#11624 = CARTESIAN_POINT ( 'NONE',  ( 138.3384323457480036, -144.2932744292899940, 110.3980652144450119 ) ) ;
#11625 = ORIENTED_EDGE ( 'NONE', *, *, #4282, .T. ) ;
#11626 = DIRECTION ( 'NONE',  ( -4.795077212951289722E-24, 1.000000000000000000, 6.217248937900871104E-15 ) ) ;
#11627 = VERTEX_POINT ( 'NONE', #7066 ) ;
#11628 = ORIENTED_EDGE ( 'NONE', *, *, #7691, .T. ) ;
#11629 =( BOUNDED_CURVE ( )  B_SPLINE_CURVE ( 3, ( #8159, #4630, #1735, #11178 ),
 .UNSPECIFIED., .F., .T. ) 
 B_SPLINE_CURVE_WITH_KNOTS ( ( 4, 4 ),
 ( 4.719147851734359911, 5.349890256905269759 ),
 .UNSPECIFIED. ) 
 CURVE ( )  GEOMETRIC_REPRESENTATION_ITEM ( )  RATIONAL_B_SPLINE_CURVE ( ( 1.000000000000000000, 0.9671208724905309140, 0.9671208724905309140, 1.000000000000000000 ) ) 
 REPRESENTATION_ITEM ( '' )  );
#11630 = ORIENTED_EDGE ( 'NONE', *, *, #2164, .F. ) ;
#11631 = EDGE_CURVE ( 'NONE', #8107, #10848, #2403, .T. ) ;
#11632 = CARTESIAN_POINT ( 'NONE',  ( 175.2171132998449821, -149.4297640746490003, 100.7500000000290044 ) ) ;
#11633 = CARTESIAN_POINT ( 'NONE',  ( 135.0148428017970161, -141.4296897726239877, 106.3643259126279901 ) ) ;
#11634 = FACE_OUTER_BOUND ( 'NONE', #6647, .T. ) ;
#11635 = VERTEX_POINT ( 'NONE', #381 ) ;
#11636 = APPLICATION_CONTEXT ( 'automotive_design' ) ;
#11637 = CARTESIAN_POINT ( 'NONE',  ( 169.9786284033270078, -146.6504621838784033, 53.38549640900530591 ) ) ;
#11638 = CARTESIAN_POINT ( 'NONE',  ( 165.2171133453902314, -121.0197522610491490, 56.00640280175970531 ) ) ;
#11639 = ORIENTED_EDGE ( 'NONE', *, *, #6123, .F. ) ;
#11640 = LINE ( 'NONE', #469, #7106 ) ;
#11641 = LINE ( 'NONE', #3341, #3287 ) ;
#11642 = ORIENTED_EDGE ( 'NONE', *, *, #5943, .F. ) ;
#11643 = CARTESIAN_POINT ( 'NONE',  ( 163.2171133453900040, -145.4297640746490003, 71.99999985651460577 ) ) ;
#11644 = ORIENTED_EDGE ( 'NONE', *, *, #6740, .T. ) ;
#11645 = EDGE_CURVE ( 'NONE', #11235, #9296, #7908, .T. ) ;
#11646 = EDGE_CURVE ( 'NONE', #5179, #1323, #3309, .T. ) ;
#11647 = CARTESIAN_POINT ( 'NONE',  ( 132.7724119626279844, -140.3499508903845197, 67.22160692074304222 ) ) ;
#11648 = CARTESIAN_POINT ( 'NONE',  ( 132.5826324810153665, -123.0651533120260126, 62.77978171747363234 ) ) ;
#11649 = CARTESIAN_POINT ( 'NONE',  ( 136.9171131927749911, -140.4297640215119998, 103.7997837512839965 ) ) ;
#11650 = AXIS2_PLACEMENT_3D ( 'NONE', #6000, #9752, #4059 ) ;
#11651 = CARTESIAN_POINT ( 'NONE',  ( 162.4671133453900040, -153.4287171616819876, 66.55091634279270352 ) ) ;
#11652 = CARTESIAN_POINT ( 'NONE',  ( 132.9671133453900040, -140.4797640480800283, 66.55091634279260404 ) ) ;
#11653 = CARTESIAN_POINT ( 'NONE',  ( 138.3171131927749968, -154.4297640746490003, 103.7997837512839965 ) ) ;
#11654 = DIRECTION ( 'NONE',  ( -3.611935920203930620E-30, 7.253542152952170271E-15, -1.000000000000000000 ) ) ;
#11655 = VERTEX_POINT ( 'NONE', #6947 ) ;
#11656 = VECTOR ( 'NONE', #2231, 1000.000000000000000 ) ;
#11657 = CARTESIAN_POINT ( 'NONE',  ( 132.5100065642029961, -141.1368708558350136, 89.41609849487390704 ) ) ;
#11658 = EDGE_LOOP ( 'NONE', ( #407, #5423, #4838, #2318 ) ) ;
#11659 = CARTESIAN_POINT ( 'NONE',  ( 160.2171133453899756, -138.0155505122760076, 68.99999991151629786 ) ) ;
#11660 = CARTESIAN_POINT ( 'NONE',  ( 161.2171133453899756, -138.0155505122760076, 67.99999991151629786 ) ) ;
#11661 = CARTESIAN_POINT ( 'NONE',  ( 163.2171133453900040, -152.4297640746490003, 59.04999999999999716 ) ) ;
#11662 = CARTESIAN_POINT ( 'NONE',  ( 163.2169599341380035, -140.6000724896209988, 70.53693065552120345 ) ) ;
#11663 = CARTESIAN_POINT ( 'NONE',  ( 158.5171131927750139, -148.4297640746490003, 102.0997837512840078 ) ) ;
#11664 = CARTESIAN_POINT ( 'NONE',  ( 132.8523438101085787, -140.1098478659861541, 69.86871848171207944 ) ) ;
#11665 = EDGE_LOOP ( 'NONE', ( #904, #5391, #3700, #2528, #10695, #1519 ) ) ;
#11666 = ORIENTED_EDGE ( 'NONE', *, *, #6664, .F. ) ;
#11667 = ORIENTED_EDGE ( 'NONE', *, *, #10016, .F. ) ;
#11668 = AXIS2_PLACEMENT_3D ( 'NONE', #44, #10068, #6496 ) ;
#11669 = DIRECTION ( 'NONE',  ( -3.795364715681070248E-10, 4.548321616152170030E-16, 1.000000000000000000 ) ) ;
#11670 = CARTESIAN_POINT ( 'NONE',  ( 132.6248169134119905, -148.2297640746490117, 105.4997837512840135 ) ) ;
#11671 = DIRECTION ( 'NONE',  ( -3.683226109728400325E-15, -1.000000000000000000, 1.526556658859589750E-16 ) ) ;
#11672 = ORIENTED_EDGE ( 'NONE', *, *, #10285, .T. ) ;
#11673 = DIRECTION ( 'NONE',  ( 7.091018223718018616E-17, -0.02796071685984100053, -0.9996090227247269588 ) ) ;
#11674 = ORIENTED_EDGE ( 'NONE', *, *, #9469, .T. ) ;
#11675 = CARTESIAN_POINT ( 'NONE',  ( 132.5591594490289822, -140.9916190221100294, 69.44736843504719559 ) ) ;
#11676 = LINE ( 'NONE', #3324, #10035 ) ;
#11677 = ORIENTED_EDGE ( 'NONE', *, *, #5605, .F. ) ;
#11678 = EDGE_CURVE ( 'NONE', #8205, #3728, #2283, .T. ) ;
#11679 = DIRECTION ( 'NONE',  ( 0.7071067811865475727, -0.7071067811865475727, 1.586192039560628656E-16 ) ) ;
#11680 = VECTOR ( 'NONE', #10007, 999.9999999999998863 ) ;
#11681 = VERTEX_POINT ( 'NONE', #317 ) ;
#11682 = ORIENTED_EDGE ( 'NONE', *, *, #4130, .F. ) ;
#11683 = EDGE_CURVE ( 'NONE', #4009, #8827, #2221, .T. ) ;
#11684 = ORIENTED_EDGE ( 'NONE', *, *, #4860, .F. ) ;
#11685 = CARTESIAN_POINT ( 'NONE',  ( 174.2852309984259875, -150.3616463760650106, 108.6871770333523983 ) ) ;
#11686 = DIRECTION ( 'NONE',  ( 0.000000000000000000, -1.000000000000000000, -6.573933234426810631E-15 ) ) ;
#11687 = CARTESIAN_POINT ( 'NONE',  ( 168.6298797530100160, -114.9297640215113887, 57.75000000000003553 ) ) ;
#11688 = VERTEX_POINT ( 'NONE', #1302 ) ;
#11689 = AXIS2_PLACEMENT_3D ( 'NONE', #11748, #9025, #6973 ) ;
#11690 = ORIENTED_EDGE ( 'NONE', *, *, #9794, .F. ) ;
#11691 = CARTESIAN_POINT ( 'NONE',  ( 163.2171133453900609, -140.6724047617684050, 70.99999991151638312 ) ) ;
#11692 = DIRECTION ( 'NONE',  ( -1.000000000000000000, 4.562958571373970632E-15, -7.166576360129239776E-17 ) ) ;
#11693 = EDGE_CURVE ( 'NONE', #8425, #9109, #11545, .T. ) ;
#11694 = VERTEX_POINT ( 'NONE', #7005 ) ;
#11695 = AXIS2_PLACEMENT_3D ( 'NONE', #7641, #8615, #9578 ) ;
#11696 = DIRECTION ( 'NONE',  ( 0.000000000000000000, 1.000000000000000000, 6.573933234426810631E-15 ) ) ;
#11697 = TOROIDAL_SURFACE ( 'NONE', #2610, 0.9000000000000000222, 0.5999999999999999778 ) ;
#11698 = ORIENTED_EDGE ( 'NONE', *, *, #4117, .F. ) ;
#11699 = CARTESIAN_POINT ( 'NONE',  ( 132.2171133453900040, -144.5297640215119941, 67.14091634279270693 ) ) ;
#11700 = CARTESIAN_POINT ( 'NONE',  ( 130.2171132717400042, -148.4297639542180036, 57.98985306244370719 ) ) ;
#11701 = AXIS2_PLACEMENT_3D ( 'NONE', #10057, #8122, #1759 ) ;
#11702 = CARTESIAN_POINT ( 'NONE',  ( 139.0848346962540063, -143.4297640215119714, 110.2708159593050112 ) ) ;
#11703 = AXIS2_PLACEMENT_3D ( 'NONE', #3674, #5781, #10509 ) ;
#11704 = CARTESIAN_POINT ( 'NONE',  ( 132.6248169134119905, -148.2297640746490117, 105.4997837512840135 ) ) ;
#11705 = CARTESIAN_POINT ( 'NONE',  ( 151.2002577542750146, -140.4297640215119998, 112.4405461112039859 ) ) ;
#11706 = EDGE_CURVE ( 'NONE', #3728, #2171, #6889, .T. ) ;
#11707 = DIRECTION ( 'NONE',  ( 0.000000000000000000, 6.709576272139210460E-15, -1.000000000000000000 ) ) ;
#11708 = EDGE_CURVE ( 'NONE', #1961, #11982, #1423, .T. ) ;
#11709 = DIRECTION ( 'NONE',  ( 0.8191520442889919096, 0.5735764363510458264, 2.660577370389440528E-15 ) ) ;
#11710 = VERTEX_POINT ( 'NONE', #439 ) ;
#11711 = VECTOR ( 'NONE', #6268, 1000.000000000000000 ) ;
#11712 = AXIS2_PLACEMENT_3D ( 'NONE', #6197, #9888, #2381 ) ;
#11713 = B_SPLINE_SURFACE_WITH_KNOTS ( 'NONE', 3, 3, ( 
 ( #2886, #11241, #5659, #6583, #11181, #1854 ),
 ( #6526, #5723, #6635, #3732, #196, #3853 ),
 ( #7551, #1912, #9486, #5604, #10330, #11297 ),
 ( #10213, #3002, #3905, #13, #4633, #6700 ),
 ( #10393, #11359, #9356, #2030, #5786, #1176 ) ),
 .UNSPECIFIED., .F., .F., .F.,
 ( 4, 1, 4 ),
 ( 4, 1, 1, 4 ),
 ( 0.000000000000000000, 0.5714285714285709528, 1.001528267858600163 ),
 ( -1.572324594653489838, -0.8975979010256540658, -0.4487989505128269774, 0.001528267858601050104 ),
 .UNSPECIFIED. ) ;
#11714 = CARTESIAN_POINT ( 'NONE',  ( 162.2171133453900040, -126.9297640746490146, 80.50005035146730847 ) ) ;
#11715 = ORIENTED_EDGE ( 'NONE', *, *, #1396, .T. ) ;
#11716 = CARTESIAN_POINT ( 'NONE',  ( 162.8094094721379861, -148.4297640746490003, 105.4997837512840135 ) ) ;
#11717 = DIRECTION ( 'NONE',  ( -2.602085213964869829E-17, -1.000000000000000000, 1.526556658859589750E-16 ) ) ;
#11718 = CARTESIAN_POINT ( 'NONE',  ( 161.6669467408600269, -153.4297640746490003, 83.34999974667989875 ) ) ;
#11719 = AXIS2_PLACEMENT_3D ( 'NONE', #4809, #8521, #197 ) ;
#11720 = CARTESIAN_POINT ( 'NONE',  ( 163.1572032601459910, -141.4323592417149769, 68.99783041216859658 ) ) ;
#11721 = AXIS2_PLACEMENT_3D ( 'NONE', #6821, #4926, #9605 ) ;
#11722 = CARTESIAN_POINT ( 'NONE',  ( 132.2171133453900040, -141.8439776370219931, 68.99999991151659628 ) ) ;
#11723 = EDGE_CURVE ( 'NONE', #10780, #10976, #6734, .T. ) ;
#11724 = CARTESIAN_POINT ( 'NONE',  ( 162.8449171059519642, -123.4297640215111898, 57.77774199401579835 ) ) ;
#11725 = ORIENTED_EDGE ( 'NONE', *, *, #6749, .F. ) ;
#11726 = CARTESIAN_POINT ( 'NONE',  ( 138.8084291191469788, -140.4297640215119998, 106.0727124621350157 ) ) ;
#11727 = ORIENTED_EDGE ( 'NONE', *, *, #6987, .T. ) ;
#11728 = CARTESIAN_POINT ( 'NONE',  ( 161.2171130401599726, -153.4297640746490003, 117.6643259181420120 ) ) ;
#11729 = ORIENTED_EDGE ( 'NONE', *, *, #4311, .F. ) ;
#11730 = AXIS2_PLACEMENT_3D ( 'NONE', #5326, #9032, #713 ) ;
#11731 = CARTESIAN_POINT ( 'NONE',  ( 132.2474879634529827, -133.4028689281084041, 51.11866876023839978 ) ) ;
#11732 = DIRECTION ( 'NONE',  ( 0.000000000000000000, 1.000000000000000000, 0.000000000000000000 ) ) ;
#11733 = FACE_OUTER_BOUND ( 'NONE', #7685, .T. ) ;
#11734 = ORIENTED_EDGE ( 'NONE', *, *, #4421, .F. ) ;
#11735 = CYLINDRICAL_SURFACE ( 'NONE', #11134, 0.9999999999999964473 ) ;
#11736 = DIRECTION ( 'NONE',  ( 0.000000000000000000, 1.000000000000000000, 6.217248937900871104E-15 ) ) ;
#11737 = DIRECTION ( 'NONE',  ( 0.7071067811865592301, 0.000000000000000000, -0.7071067811865356934 ) ) ;
#11738 = CARTESIAN_POINT ( 'NONE',  ( 154.6834021859320103, -140.4297640215119998, 104.5909950527140069 ) ) ;
#11739 = ADVANCED_FACE ( 'NONE', ( #11786 ), #8153, .T. ) ;
#11740 = DIRECTION ( 'NONE',  ( 0.8125199200687445167, -0.3365567705907691609, 0.4759631494779753558 ) ) ;
#11741 = DIRECTION ( 'NONE',  ( 2.602085213964869829E-17, 1.000000000000000000, -1.526556658859589750E-16 ) ) ;
#11742 = ORIENTED_EDGE ( 'NONE', *, *, #7028, .T. ) ;
#11743 = PLANE ( 'NONE',  #1504 ) ;
#11744 = EDGE_LOOP ( 'NONE', ( #4615, #3584, #684, #2380 ) ) ;
#11745 = VERTEX_POINT ( 'NONE', #865 ) ;
#11746 = ORIENTED_EDGE ( 'NONE', *, *, #120, .F. ) ;
#11747 = CARTESIAN_POINT ( 'NONE',  ( 163.2171133453900040, -143.9297639738429950, 98.70216526821819514 ) ) ;
#11748 = CARTESIAN_POINT ( 'NONE',  ( 162.8236018428179932, -114.6297640215111926, 60.17765112427590424 ) ) ;
#11749 = CARTESIAN_POINT ( 'NONE',  ( 134.2171133453900040, -138.0155505122760076, 68.99999991151649681 ) ) ;
#11750 = AXIS2_PLACEMENT_3D ( 'NONE', #6321, #6203, #2511 ) ;
#11751 = EDGE_CURVE ( 'NONE', #11978, #2633, #7151, .T. ) ;
#11752 = ORIENTED_EDGE ( 'NONE', *, *, #9249, .T. ) ;
#11753 = CARTESIAN_POINT ( 'NONE',  ( 163.2171132645240164, -142.4297640746490003, 70.99999985651450629 ) ) ;
#11754 = EDGE_LOOP ( 'NONE', ( #1903, #3526, #5948, #87, #8922 ) ) ;
#11755 = CARTESIAN_POINT ( 'NONE',  ( 161.9671133453900040, -135.1797640746490288, 81.50005035146720900 ) ) ;
#11756 = EDGE_CURVE ( 'NONE', #1820, #2227, #10088, .T. ) ;
#11757 = DIRECTION ( 'NONE',  ( -1.000000000000000000, 0.000000000000000000, 0.000000000000000000 ) ) ;
#11758 = VERTEX_POINT ( 'NONE', #7191 ) ;
#11759 = VECTOR ( 'NONE', #6606, 1000.000000000000000 ) ;
#11760 = CARTESIAN_POINT ( 'NONE',  ( 131.9378426544429885, -132.8872201543917981, 62.75000000000000000 ) ) ;
#11761 = ORIENTED_EDGE ( 'NONE', *, *, #8075, .T. ) ;
#11762 = LINE ( 'NONE', #2743, #11070 ) ;
#11763 = EDGE_CURVE ( 'NONE', #8344, #6185, #3667, .T. ) ;
#11764 = FACE_OUTER_BOUND ( 'NONE', #8022, .T. ) ;
#11765 = FACE_OUTER_BOUND ( 'NONE', #11929, .T. ) ;
#11766 = PLANE ( 'NONE',  #7374 ) ;
#11767 = CARTESIAN_POINT ( 'NONE',  ( 131.2171133886560028, -142.4297640746490003, 70.99999989292740565 ) ) ;
#11768 = EDGE_CURVE ( 'NONE', #468, #3741, #3546, .T. ) ;
#11769 = EDGE_CURVE ( 'NONE', #1576, #5360, #3594, .T. ) ;
#11770 = CARTESIAN_POINT ( 'NONE',  ( 131.1606248479623957, -114.4297640215114029, 60.27765112427590566 ) ) ;
#11771 = CARTESIAN_POINT ( 'NONE',  ( 132.5419490052206868, -153.1686276164656704, 67.11772979891988200 ) ) ;
#11772 = ORIENTED_EDGE ( 'NONE', *, *, #4871, .T. ) ;
#11773 = AXIS2_PLACEMENT_3D ( 'NONE', #8809, #7893, #1532 ) ;
#11774 = CARTESIAN_POINT ( 'NONE',  ( 162.6399132083545283, -153.3473760166015154, 66.96811501498449104 ) ) ;
#11775 = EDGE_LOOP ( 'NONE', ( #11266, #9003, #3252, #4109, #804, #5280, #4173, #6828 ) ) ;
#11776 = ADVANCED_FACE ( 'NONE', ( #618, #6334, #10026, #1786 ), #5478, .F. ) ;
#11777 = DIRECTION ( 'NONE',  ( -0.008142047127310658022, 7.930164461608264384E-15, -0.9999668529849260468 ) ) ;
#11778 = ORIENTED_EDGE ( 'NONE', *, *, #6352, .F. ) ;
#11779 = DIRECTION ( 'NONE',  ( 7.166576360129189239E-17, -1.526556658859589750E-16, -1.000000000000000000 ) ) ;
#11780 = CARTESIAN_POINT ( 'NONE',  ( 121.1655145303082151, -150.3781652595672824, 108.7301527105119590 ) ) ;
#11781 = VECTOR ( 'NONE', #4934, 1000.000000000000000 ) ;
#11782 = DIRECTION ( 'NONE',  ( 2.602085213964869829E-17, 1.000000000000000000, -1.526556658829309817E-16 ) ) ;
#11783 = VECTOR ( 'NONE', #11582, 1000.000000000000000 ) ;
#11784 = CARTESIAN_POINT ( 'NONE',  ( 162.7874486041309865, -140.3091834172900008, 69.94135003043980703 ) ) ;
#11785 = CARTESIAN_POINT ( 'NONE',  ( 132.5100065642029961, -141.1368708558350136, 68.99999991151649681 ) ) ;
#11786 = FACE_OUTER_BOUND ( 'NONE', #5047, .T. ) ;
#11787 = ORIENTED_EDGE ( 'NONE', *, *, #6902, .F. ) ;
#11788 = DIRECTION ( 'NONE',  ( 7.166576360129189239E-17, -1.526556658859589750E-16, -1.000000000000000000 ) ) ;
#11789 = ORIENTED_EDGE ( 'NONE', *, *, #11022, .T. ) ;
#11790 = CIRCLE ( 'NONE', #6570, 0.9999999999999964473 ) ;
#11791 = EDGE_LOOP ( 'NONE', ( #10743, #6892, #9543, #7755 ) ) ;
#11792 = ADVANCED_FACE ( 'NONE', ( #1730 ), #10817, .T. ) ;
#11793 = CARTESIAN_POINT ( 'NONE',  ( 163.7685916021929984, -114.4297640215112040, 50.66271862838299711 ) ) ;
#11794 = DIRECTION ( 'NONE',  ( -1.214306505109919625E-16, 1.000000000000000000, 6.573933234426810631E-15 ) ) ;
#11795 = LINE ( 'NONE', #3502, #428 ) ;
#11796 = EDGE_CURVE ( 'NONE', #4774, #3808, #10636, .T. ) ;
#11797 = EDGE_LOOP ( 'NONE', ( #8985, #5539, #3683, #8617 ) ) ;
#11798 = PLANE ( 'NONE',  #9978 ) ;
#11799 = DIRECTION ( 'NONE',  ( 1.000000000000000000, 0.000000000000000000, 0.000000000000000000 ) ) ;
#11800 = CARTESIAN_POINT ( 'NONE',  ( 121.2171129162049965, -140.4297640215119998, 100.7500000000290044 ) ) ;
#11801 = FACE_OUTER_BOUND ( 'NONE', #3373, .T. ) ;
#11802 = AXIS2_PLACEMENT_3D ( 'NONE', #8221, #7318, #11010 ) ;
#11803 = CARTESIAN_POINT ( 'NONE',  ( 163.2171133453900040, -140.4297640215119998, 81.70996282259208954 ) ) ;
#11804 = CARTESIAN_POINT ( 'NONE',  ( 131.5100065725368097, -136.4297640746490288, 80.79294357001271010 ) ) ;
#11805 = VECTOR ( 'NONE', #2400, 1000.000000000000000 ) ;
#11806 = EDGE_LOOP ( 'NONE', ( #1509, #10316, #3581, #9998 ) ) ;
#11807 = DIRECTION ( 'NONE',  ( 0.000000000000000000, -1.000000000000000000, 1.526556658859589750E-16 ) ) ;
#11808 = VERTEX_POINT ( 'NONE', #3606 ) ;
#11809 = ORIENTED_EDGE ( 'NONE', *, *, #75, .T. ) ;
#11810 = ORIENTED_EDGE ( 'NONE', *, *, #2387, .F. ) ;
#11811 = DIRECTION ( 'NONE',  ( 0.000000000000000000, 0.000000000000000000, 1.000000000000000000 ) ) ;
#11812 = DIRECTION ( 'NONE',  ( -8.821935677471621045E-15, -1.526556658859589750E-16, -1.000000000000000000 ) ) ;
#11813 = CARTESIAN_POINT ( 'NONE',  ( 163.2171133453900040, -147.2275103831470062, 93.86432591814029536 ) ) ;
#11814 = AXIS2_PLACEMENT_3D ( 'NONE', #2134, #1390, #5820 ) ;
#11815 = VERTEX_POINT ( 'NONE', #11724 ) ;
#11816 = ORIENTED_EDGE ( 'NONE', *, *, #10015, .T. ) ;
#11817 = CYLINDRICAL_SURFACE ( 'NONE', #7272, 1.000000000000006217 ) ;
#11818 = ORIENTED_EDGE ( 'NONE', *, *, #9650, .F. ) ;
#11819 = DIRECTION ( 'NONE',  ( -0.6679462968491048924, -0.7071067811865749952, 0.2320511679038241015 ) ) ;
#11820 = DIRECTION ( 'NONE',  ( 0.000000000000000000, 0.7071067811865411334, 0.7071067811865539010 ) ) ;
#11821 = EDGE_LOOP ( 'NONE', ( #7027, #7362, #7561, #7927, #5917, #917, #6173, #9484, #5291, #4925 ) ) ;
#11822 = CARTESIAN_POINT ( 'NONE',  ( 171.1522383235380005, -138.9803717909815930, 58.25000000000000000 ) ) ;
#11823 = ORIENTED_EDGE ( 'NONE', *, *, #8291, .F. ) ;
#11824 = FACE_OUTER_BOUND ( 'NONE', #779, .T. ) ;
#11825 = EDGE_CURVE ( 'NONE', #11369, #1927, #8997, .T. ) ;
#11826 = CARTESIAN_POINT ( 'NONE',  ( 165.2171134190400039, -148.4297639542180036, 57.98985306244370719 ) ) ;
#11827 = CARTESIAN_POINT ( 'NONE',  ( 158.7171133453899756, -138.8513369720210164, 93.86432591814070747 ) ) ;
#11828 = CARTESIAN_POINT ( 'NONE',  ( 135.2171133453900040, -140.9497639861740197, 93.86432591833310823 ) ) ;
#11829 = CARTESIAN_POINT ( 'NONE',  ( 162.3677708826299977, -121.2411319091553850, 53.47602185630500315 ) ) ;
#11830 = CARTESIAN_POINT ( 'NONE',  ( 132.2171133453900040, -139.0155505122760076, 70.73819930063760353 ) ) ;
#11831 = APPLICATION_PROTOCOL_DEFINITION ( 'draft international standard', 'automotive_design', 1998, #11636 ) ;
#11832 = DIRECTION ( 'NONE',  ( 0.5951893636155756173, 8.416332170449763954E-15, -0.8035854786137478500 ) ) ;
#11833 = ADVANCED_FACE ( 'NONE', ( #3431 ), #9662, .F. ) ;
#11834 = EDGE_CURVE ( 'NONE', #11027, #7211, #6271, .T. ) ;
#11835 = ADVANCED_FACE ( 'NONE', ( #8090 ), #9172, .T. ) ;
#11836 = CYLINDRICAL_SURFACE ( 'NONE', #9584, 0.9999999999999852340 ) ;
#11837 = ORIENTED_EDGE ( 'NONE', *, *, #3828, .T. ) ;
#11838 = CARTESIAN_POINT ( 'NONE',  ( 132.6248169134119905, -148.4297640746490003, 102.0997837512840078 ) ) ;
#11839 = DIRECTION ( 'NONE',  ( 0.000000000000000000, 0.000000000000000000, 1.000000000000000000 ) ) ;
#11840 = DIRECTION ( 'NONE',  ( -1.000000000000000000, 2.602085213964869829E-17, -7.166576360129189239E-17 ) ) ;
#11841 = ORIENTED_EDGE ( 'NONE', *, *, #148, .F. ) ;
#11842 = PLANE ( 'NONE',  #8317 ) ;
#11843 = LINE ( 'NONE', #1603, #1881 ) ;
#11844 = CARTESIAN_POINT ( 'NONE',  ( 172.6435370580510096, -149.2489160658134324, 62.75000000000000000 ) ) ;
#11845 = ORIENTED_EDGE ( 'NONE', *, *, #4784, .F. ) ;
#11846 = DIRECTION ( 'NONE',  ( -1.214306495755059738E-16, 1.000000000000000000, 6.573933234426810631E-15 ) ) ;
#11847 = ADVANCED_FACE ( 'NONE', ( #5354 ), #4797, .T. ) ;
#11848 = CIRCLE ( 'NONE', #7968, 11.54238125198780729 ) ;
#11849 = ORIENTED_EDGE ( 'NONE', *, *, #6560, .F. ) ;
#11850 = ORIENTED_EDGE ( 'NONE', *, *, #5052, .F. ) ;
#11851 = LINE ( 'NONE', #10947, #10161 ) ;
#11852 = PLANE ( 'NONE',  #8779 ) ;
#11853 = VERTEX_POINT ( 'NONE', #744 ) ;
#11854 = FACE_OUTER_BOUND ( 'NONE', #11806, .T. ) ;
#11855 = CYLINDRICAL_SURFACE ( 'NONE', #2906, 2.500000000000002220 ) ;
#11856 = CARTESIAN_POINT ( 'NONE',  ( 121.1489955666119869, -140.4297640215119998, 108.6871770333520004 ) ) ;
#11857 = LINE ( 'NONE', #8284, #6327 ) ;
#11858 = CARTESIAN_POINT ( 'NONE',  ( 124.1173371655501256, -139.0956618035817485, 54.37670245577359651 ) ) ;
#11859 = ORIENTED_EDGE ( 'NONE', *, *, #5151, .T. ) ;
#11860 = DIRECTION ( 'NONE',  ( -5.947210316807140508E-15, -1.000000000000000000, 1.526556658859589750E-16 ) ) ;
#11861 = ADVANCED_FACE ( 'NONE', ( #9234 ), #6628, .T. ) ;
#11862 = EDGE_CURVE ( 'NONE', #5720, #3998, #11399, .T. ) ;
#11863 = ORIENTED_EDGE ( 'NONE', *, *, #3684, .T. ) ;
#11864 = CIRCLE ( 'NONE', #6833, 0.5999999999999894307 ) ;
#11865 = ORIENTED_EDGE ( 'NONE', *, *, #623, .F. ) ;
#11866 = ORIENTED_EDGE ( 'NONE', *, *, #6013, .T. ) ;
#11867 = DIRECTION ( 'NONE',  ( 0.7071067811865829889, -0.7071067811865120456, 0.000000000000000000 ) ) ;
#11868 = LINE ( 'NONE', #708, #24 ) ;
#11869 = EDGE_LOOP ( 'NONE', ( #3162, #11387, #1369, #1388 ) ) ;
#11870 = CARTESIAN_POINT ( 'NONE',  ( 134.2171133453900040, -138.0155505122760076, 66.99999991151649681 ) ) ;
#11871 = ORIENTED_EDGE ( 'NONE', *, *, #2823, .T. ) ;
#11872 = SPHERICAL_SURFACE ( 'NONE', #496, 1.000000000000000000 ) ;
#11873 = DIRECTION ( 'NONE',  ( 3.968265012137535573E-15, 1.000000000000000000, 6.038100494773620537E-15 ) ) ;
#11874 = EDGE_CURVE ( 'NONE', #918, #4484, #11171, .T. ) ;
#11875 = VERTEX_POINT ( 'NONE', #10386 ) ;
#11876 = CARTESIAN_POINT ( 'NONE',  ( 163.9242200722935081, -142.4297640746490003, 80.79294358067420490 ) ) ;
#11877 = ORIENTED_EDGE ( 'NONE', *, *, #3246, .T. ) ;
#11878 = VECTOR ( 'NONE', #3156, 1000.000000000000000 ) ;
#11879 = LINE ( 'NONE', #8252, #11095 ) ;
#11880 = CARTESIAN_POINT ( 'NONE',  ( 161.1736018428180159, -117.6297640215111926, 60.27765112427590566 ) ) ;
#11881 = CARTESIAN_POINT ( 'NONE',  ( 133.1522462168919674, -122.4941658088368257, 62.71827725559804634 ) ) ;
#11882 = LINE ( 'NONE', #1649, #4266 ) ;
#11883 = CARTESIAN_POINT ( 'NONE',  ( 162.4971686658606416, -153.4144215368914672, 66.73705760559191447 ) ) ;
#11884 = CIRCLE ( 'NONE', #6084, 1.500000000000001332 ) ;
#11885 = EDGE_CURVE ( 'NONE', #10260, #442, #4738, .T. ) ;
#11886 = CARTESIAN_POINT ( 'NONE',  ( 164.2171132645239879, -142.4297640746490003, 70.99999985494321209 ) ) ;
#11888 = ORIENTED_EDGE ( 'NONE', *, *, #6678, .T. ) ;
#11887 = AXIS2_PLACEMENT_3D ( 'NONE', #7408, #11096, #1710 ) ;
#11889 = VECTOR ( 'NONE', #4671, 1000.000000000000000 ) ;
#11890 = CARTESIAN_POINT ( 'NONE',  ( 163.1087258513475149, -120.4297680637882024, 62.66078637172639532 ) ) ;
#11891 = EDGE_LOOP ( 'NONE', ( #772, #4695 ) ) ;
#11892 = DIRECTION ( 'NONE',  ( -0.7071067811865614505, -0.7071067811865336949, 0.000000000000000000 ) ) ;
#11893 = CARTESIAN_POINT ( 'NONE',  ( 161.2171133453899756, -138.0155505122760076, 67.99999991151629786 ) ) ;
#11894 = EDGE_CURVE ( 'NONE', #4156, #2598, #8448, .T. ) ;
#11895 = CARTESIAN_POINT ( 'NONE',  ( 163.2171133453900040, -119.4297640746489861, 66.99999991151629786 ) ) ;
#11896 = ORIENTED_EDGE ( 'NONE', *, *, #7538, .F. ) ;
#11897 = CARTESIAN_POINT ( 'NONE',  ( 163.2171133453900040, -141.8439742613329884, 68.99693977501809172 ) ) ;
#11898 = CARTESIAN_POINT ( 'NONE',  ( 135.2171133453900040, -143.4297640215119714, 98.60072084258079883 ) ) ;
#11899 = ADVANCED_FACE ( 'NONE', ( #4858 ), #11112, .T. ) ;
#11900 = EDGE_CURVE ( 'NONE', #2321, #11236, #787, .T. ) ;
#11901 = CARTESIAN_POINT ( 'NONE',  ( 139.1016288696750678, -140.4307395729969130, 105.6354025017135143 ) ) ;
#11902 = ORIENTED_EDGE ( 'NONE', *, *, #6385, .F. ) ;
#11903 = CIRCLE ( 'NONE', #1050, 3.099999999999991651 ) ;
#11904 = CARTESIAN_POINT ( 'NONE',  ( 132.2171133453900040, -139.0155505122760076, 65.99999991151649681 ) ) ;
#11905 = VECTOR ( 'NONE', #2960, 1000.000000000000000 ) ;
#11906 = ORIENTED_EDGE ( 'NONE', *, *, #9835, .F. ) ;
#11907 = ORIENTED_EDGE ( 'NONE', *, *, #9635, .T. ) ;
#11908 = CARTESIAN_POINT ( 'NONE',  ( 133.2171133453900040, -119.4297640746489861, 65.99999991151649681 ) ) ;
#11909 = DIRECTION ( 'NONE',  ( 1.177071316573370074E-14, -3.233485681020110351E-15, 1.000000000000000000 ) ) ;
#11910 = EDGE_LOOP ( 'NONE', ( #7774, #4974, #5153, #147, #8543 ) ) ;
#11911 = DIRECTION ( 'NONE',  ( -0.8191520442889947962, 0.5735764363510417185, 0.000000000000000000 ) ) ;
#11912 = DIRECTION ( 'NONE',  ( 1.000000000000000000, 0.000000000000000000, 0.000000000000000000 ) ) ;
#11913 = EDGE_CURVE ( 'NONE', #5270, #1806, #4679, .T. ) ;
#11914 = CIRCLE ( 'NONE', #2830, 1.000000000000000888 ) ;
#11915 = DIRECTION ( 'NONE',  ( -2.066431460680660416E-14, -1.526556658858929819E-16, -1.000000000000000000 ) ) ;
#11916 = PLANE ( 'NONE',  #11550 ) ;
#11917 = EDGE_CURVE ( 'NONE', #10208, #8379, #5393, .T. ) ;
#11918 = DIRECTION ( 'NONE',  ( -2.602085213964869829E-17, -1.000000000000000000, 1.526556658859589750E-16 ) ) ;
#11919 = ORIENTED_EDGE ( 'NONE', *, *, #7766, .T. ) ;
#11920 = LINE ( 'NONE', #10046, #1703 ) ;
#11921 = ORIENTED_EDGE ( 'NONE', *, *, #11049, .T. ) ;
#11922 = VECTOR ( 'NONE', #1024, 1000.000000000000000 ) ;
#11923 = ORIENTED_EDGE ( 'NONE', *, *, #1087, .T. ) ;
#11924 = ORIENTED_EDGE ( 'NONE', *, *, #2501, .F. ) ;
#11925 = CARTESIAN_POINT ( 'NONE',  ( 175.2067204787295509, -149.4401568957624988, 105.4430725674860412 ) ) ;
#11926 = FACE_OUTER_BOUND ( 'NONE', #5651, .T. ) ;
#11927 = CARTESIAN_POINT ( 'NONE',  ( 132.2171133453900040, -153.4297640746490003, 58.25000000000000000 ) ) ;
#11928 = VERTEX_POINT ( 'NONE', #127 ) ;
#11929 = EDGE_LOOP ( 'NONE', ( #4890, #1219, #595, #5795 ) ) ;
#11930 = EDGE_CURVE ( 'NONE', #4897, #6774, #7482, .T. ) ;
#11931 = ADVANCED_FACE ( 'NONE', ( #1102 ), #10204, .F. ) ;
#11932 = CYLINDRICAL_SURFACE ( 'NONE', #11701, 0.9999999999999986677 ) ;
#11933 = CIRCLE ( 'NONE', #11154, 0.9999999999999964473 ) ;
#11934 = ORIENTED_EDGE ( 'NONE', *, *, #9382, .F. ) ;
#11935 = LINE ( 'NONE', #5867, #8060 ) ;
#11936 = CARTESIAN_POINT ( 'NONE',  ( 125.4555982874535971, -121.2490518248649920, 53.38549640900549775 ) ) ;
#11937 = ORIENTED_EDGE ( 'NONE', *, *, #2746, .T. ) ;
#11938 = DIRECTION ( 'NONE',  ( 7.166576360129189239E-17, -1.526556658859589750E-16, -1.000000000000000000 ) ) ;
#11939 = B_SPLINE_CURVE_WITH_KNOTS ( 'NONE', 3,
 ( #6989, #5037, #10679, #4256, #11648, #6930, #10620, #910, #9157, #2744, #10919, #47, #10130, #10070, #1769, #11881, #6318, #6439, #1885, #9216, #7294, #10009, #10861, #5460, #2799, #4487, #11946, #3587, #8255, #3649, #1647, #8137, #10984, #4432, #2563, #10189, #788, #724, #7353, #8191, #2685, #3708 ),
 .UNSPECIFIED., .F., .F.,
 ( 4, 2, 2, 2, 2, 1, 1, 1, 2, 2, 2, 2, 1, 1, 1, 1, 2, 2, 2, 2, 1, 1, 1, 2, 2, 4 ),
 ( 0.000000000000000000, 0.06250000000008548717, 0.1250000000001709743, 0.1875000000002564615, 0.2187500000003019807, 0.2343750000003314571, 0.2421875000003500256, 0.2460937500003544109, 0.2480468750003575196, 0.2500000000003606004, 0.3750000000004262146, 0.4375000000004513612, 0.4687500000004714562, 0.4843750000004824474, 0.4921875000004848899, 0.4960937500004790612, 0.4980468750004730660, 0.5000000000004670708, 0.6250000000003126388, 0.6875000000002431388, 0.7187500000002127187, 0.7343750000001995071, 0.7421875000001971756, 0.7460937500001918465, 0.7500000000001865175, 1.000000000000000000 ),
 .UNSPECIFIED. ) ;
#11940 = VECTOR ( 'NONE', #1236, 1000.000000000000000 ) ;
#11941 = ORIENTED_EDGE ( 'NONE', *, *, #11005, .T. ) ;
#11942 = DIRECTION ( 'NONE',  ( 0.000000000000000000, 1.000000000000000000, 6.573933234426810631E-15 ) ) ;
#11943 = DIRECTION ( 'NONE',  ( 1.177071316573370074E-14, 2.327875578288740190E-16, 1.000000000000000000 ) ) ;
#11944 = EDGE_CURVE ( 'NONE', #6046, #2313, #2112, .T. ) ;
#11945 = EDGE_CURVE ( 'NONE', #1820, #6119, #9348, .T. ) ;
#11946 = CARTESIAN_POINT ( 'NONE',  ( 134.0655136687880429, -121.5740107339549638, 62.31070379655480451 ) ) ;
#11947 = FACE_OUTER_BOUND ( 'NONE', #299, .T. ) ;
#11948 = DIRECTION ( 'NONE',  ( 1.000000000000000000, 0.000000000000000000, 0.000000000000000000 ) ) ;
#11949 = VECTOR ( 'NONE', #4710, 1000.000000000000000 ) ;
#11950 = CARTESIAN_POINT ( 'NONE',  ( 165.2171136399900035, -148.4297640215245906, 57.18420255986910661 ) ) ;
#11951 = VECTOR ( 'NONE', #11626, 1000.000000000000000 ) ;
#11952 = DIRECTION ( 'NONE',  ( -4.849173379634530258E-15, 1.000000000000000000, 6.881851277481381070E-15 ) ) ;
#11953 = ORIENTED_EDGE ( 'NONE', *, *, #2690, .F. ) ;
#11954 = EDGE_CURVE ( 'NONE', #5513, #3748, #9477, .T. ) ;
#11955 = ORIENTED_EDGE ( 'NONE', *, *, #3426, .T. ) ;
#11956 = DIRECTION ( 'NONE',  ( 0.000000000000000000, 0.000000000000000000, 1.000000000000000000 ) ) ;
#11957 = CARTESIAN_POINT ( 'NONE',  ( 161.9171131927750196, -148.4297640746490003, 103.7997837512839965 ) ) ;
#11958 = ORIENTED_EDGE ( 'NONE', *, *, #5872, .T. ) ;
#11959 = DIRECTION ( 'NONE',  ( 0.000000000000000000, -1.000000000000000000, 1.074295325692379890E-17 ) ) ;
#11960 = CARTESIAN_POINT ( 'NONE',  ( 163.2171133453900040, -146.1405504857070241, 80.50005035146709531 ) ) ;
#11961 = CARTESIAN_POINT ( 'NONE',  ( 158.5171131927750139, -148.4297640746490003, 102.0997837512840078 ) ) ;
#11962 = ORIENTED_EDGE ( 'NONE', *, *, #3912, .F. ) ;
#11963 = VECTOR ( 'NONE', #9730, 1000.000000000000000 ) ;
#11964 = ORIENTED_EDGE ( 'NONE', *, *, #4789, .F. ) ;
#11965 = ADVANCED_FACE ( 'NONE', ( #11289 ), #9293, .T. ) ;
#11966 = PLANE ( 'NONE',  #11703 ) ;
#11967 = VECTOR ( 'NONE', #5868, 1000.000000000000000 ) ;
#11968 = EDGE_LOOP ( 'NONE', ( #5019, #1840, #639, #5133 ) ) ;
#11969 = AXIS2_PLACEMENT_3D ( 'NONE', #11159, #3046, #1026 ) ;
#11970 = CARTESIAN_POINT ( 'NONE',  ( 134.8865541154499965, -141.1003099013559847, 107.6790730568420003 ) ) ;
#11971 = CARTESIAN_POINT ( 'NONE',  ( 139.0795373572632343, -145.1967174145495107, 111.3035600114917116 ) ) ;
#11972 = AXIS2_PLACEMENT_3D ( 'NONE', #2993, #6690, #1167 ) ;
#11973 = LINE ( 'NONE', #4872, #5024 ) ;
#11974 = DIRECTION ( 'NONE',  ( 7.166576360129139935E-17, -2.327875575167340354E-16, -1.000000000000000000 ) ) ;
#11975 = FACE_OUTER_BOUND ( 'NONE', #11583, .T. ) ;
#11976 = ORIENTED_EDGE ( 'NONE', *, *, #9338, .F. ) ;
#11977 = CARTESIAN_POINT ( 'NONE',  ( 131.2171133453900040, -154.4297640746490003, 102.7500000000329976 ) ) ;
#11978 = VERTEX_POINT ( 'NONE', #2760 ) ;
#11979 = CIRCLE ( 'NONE', #11018, 1.949999999999993516 ) ;
#11980 = VECTOR ( 'NONE', #7632, 1000.000000000000000 ) ;
#11981 = ADVANCED_FACE ( 'NONE', ( #6456 ), #1843, .F. ) ;
#11982 = VERTEX_POINT ( 'NONE', #368 ) ;
#11983 = EDGE_LOOP ( 'NONE', ( #30, #1091, #8741, #6927 ) ) ;
#11984 = CARTESIAN_POINT ( 'NONE',  ( 161.1788136234465583, -121.6835843773476284, 58.39523349809240926 ) ) ;
#11985 = DIRECTION ( 'NONE',  ( 1.000000000000000000, 0.000000000000000000, 0.000000000000000000 ) ) ;
#11986 = DIRECTION ( 'NONE',  ( -3.049932991346550160E-15, -1.000000000000000000, 3.049932991346550160E-15 ) ) ;
#11987 = ADVANCED_FACE ( 'NONE', ( #8748 ), #6994, .T. ) ;
#11988 = VERTEX_POINT ( 'NONE', #11472 ) ;
#11989 = EDGE_CURVE ( 'NONE', #3375, #3042, #5986, .T. ) ;
#11990 = ORIENTED_EDGE ( 'NONE', *, *, #1795, .T. ) ;
#11991 = VECTOR ( 'NONE', #4163, 999.9999999999997726 ) ;
#11992 = AXIS2_PLACEMENT_3D ( 'NONE', #9245, #4635, #5788 ) ;
#11993 = DIRECTION ( 'NONE',  ( 0.000000000000000000, 1.000000000000000000, -1.074295325692379890E-17 ) ) ;
#11994 = DIRECTION ( 'NONE',  ( 0.000000000000000000, 1.000000000000000000, -2.366582715663040321E-30 ) ) ;
#11995 = CARTESIAN_POINT ( 'NONE',  ( 133.2171133453900040, -152.4297640746490003, 67.14091634279270693 ) ) ;
#11996 = ORIENTED_EDGE ( 'NONE', *, *, #10796, .T. ) ;
#11997 = CARTESIAN_POINT ( 'NONE',  ( 132.2171133453900040, -119.4297640746489861, 80.50005035146759269 ) ) ;
#11998 = ADVANCED_FACE ( 'NONE', ( #1354 ), #2151, .T. ) ;
#11999 = EDGE_LOOP ( 'NONE', ( #5680, #4254, #9210, #7426, #7590 ) ) ;
#12000 = CARTESIAN_POINT ( 'NONE',  ( 170.2171133453900040, -154.6398243570239970, 63.75000000000000000 ) ) ;
#12001 = CARTESIAN_POINT ( 'NONE',  ( 135.2171131927750309, -154.0297640746490231, 103.7997837512839965 ) ) ;
#12002 = PLANE ( 'NONE',  #11887 ) ;
#12003 = DIRECTION ( 'NONE',  ( 0.000000000000000000, -1.000000000000000000, 1.526556658859589750E-16 ) ) ;
#12004 = CARTESIAN_POINT ( 'NONE',  ( 162.6399132083545283, -153.3473760166015154, 66.96811501498449104 ) ) ;
#12005 = AXIS2_PLACEMENT_3D ( 'NONE', #5578, #7409, #9158 ) ;
#12006 = CARTESIAN_POINT ( 'NONE',  ( 162.2171133453900040, -135.4297640746490288, 69.99999991151639733 ) ) ;
#12007 = ADVANCED_FACE ( 'NONE', ( #8868 ), #5043, .T. ) ;
#12008 = EDGE_CURVE ( 'NONE', #397, #4514, #5005, .T. ) ;
#12009 = ORIENTED_EDGE ( 'NONE', *, *, #3335, .F. ) ;
#12010 = DIRECTION ( 'NONE',  ( -8.933825902267958940E-17, -1.000000000000000000, 8.933825895486639428E-17 ) ) ;
ENDSEC;
END-ISO-10303-21;
