ISO-10303-21;
HEADER;
FILE_DESCRIPTION (( 'STEP AP214' ),
    '1' );
FILE_NAME ('Cowl.STEP',
    '2026-08-22T21:59:55',
    ( '' ),
    ( '' ),
    'SwSTEP 2.0',
    'SolidWorks 2020',
    '' );
FILE_SCHEMA (( 'AUTOMOTIVE_DESIGN' ));
ENDSEC;

DATA;
#1 = ORIENTED_EDGE ( 'NONE', *, *, #9129, .F. ) ;
#2 = PLANE ( 'NONE',  #941 ) ;
#3 = AXIS2_PLACEMENT_3D ( 'NONE', #1583, #8350, #6389 ) ;
#4 = EDGE_LOOP ( 'NONE', ( #6247, #2024, #8374, #11824, #9869 ) ) ;
#5 = ORIENTED_EDGE ( 'NONE', *, *, #4809, .F. ) ;
#6 = LINE ( 'NONE', #3752, #3848 ) ;
#7 = EDGE_CURVE ( 'NONE', #6954, #11536, #8676, .T. ) ;
#8 = VERTEX_POINT ( 'NONE', #5847 ) ;
#9 = VERTEX_POINT ( 'NONE', #2373 ) ;
#10 = CARTESIAN_POINT ( 'NONE',  ( 158.7171133453899756, -139.4397640177189999, 81.48827271154409857 ) ) ;
#11 = FACE_OUTER_BOUND ( 'NONE', #471, .T. ) ;
#12 = FACE_OUTER_BOUND ( 'NONE', #9733, .T. ) ;
#13 = CARTESIAN_POINT ( 'NONE',  ( 139.0844959082510002, -140.4297640215119998, 110.3643259181410059 ) ) ;
#14 = CARTESIAN_POINT ( 'NONE',  ( 162.4862646905404233, -139.8230043346988509, 69.92472706114448044 ) ) ;
#15 = VERTEX_POINT ( 'NONE', #4865 ) ;
#16 = DIRECTION ( 'NONE',  ( 0.000000000000000000, -1.000000000000000000, 6.885807981795638218E-10 ) ) ;
#17 = EDGE_CURVE ( 'NONE', #7741, #8260, #4288, .T. ) ;
#18 = ORIENTED_EDGE ( 'NONE', *, *, #9916, .T. ) ;
#19 = CARTESIAN_POINT ( 'NONE',  ( 161.2171130401599726, -140.4297640215119998, 103.6640618979710098 ) ) ;
#20 = EDGE_CURVE ( 'NONE', #7823, #1742, #8907, .T. ) ;
#21 = ORIENTED_EDGE ( 'NONE', *, *, #1885, .F. ) ;
#22 = CARTESIAN_POINT ( 'NONE',  ( 133.0050971308472469, -122.6421281858388994, 62.74664412491337373 ) ) ;
#23 = EDGE_CURVE ( 'NONE', #11266, #2571, #10935, .T. ) ;
#24 = PLANE ( 'NONE',  #12008 ) ;
#25 = LINE ( 'NONE', #9436, #3384 ) ;
#26 = FACE_OUTER_BOUND ( 'NONE', #3000, .T. ) ;
#27 = DIRECTION ( 'NONE',  ( -3.160768215787150073E-15, -1.000000000000000000, 1.526556658859959775E-16 ) ) ;
#28 = DIRECTION ( 'NONE',  ( -8.810118433399840573E-15, -1.526556658859309704E-16, -1.000000000000000000 ) ) ;
#29 = AXIS2_PLACEMENT_3D ( 'NONE', #3352, #9597, #7126 ) ;
#30 = DIRECTION ( 'NONE',  ( 0.5735764363510459374, -0.8191520442889920206, -6.082239591783700570E-15 ) ) ;
#31 = ADVANCED_FACE ( 'NONE', ( #7005 ), #9825, .F. ) ;
#32 = CARTESIAN_POINT ( 'NONE',  ( 162.2171133453900040, -153.4297640746490003, 98.69854225301749295 ) ) ;
#33 = ORIENTED_EDGE ( 'NONE', *, *, #8045, .T. ) ;
#34 = DIRECTION ( 'NONE',  ( 1.000000000000000000, -2.602085213964839630E-17, 2.334670139474400226E-15 ) ) ;
#35 = CARTESIAN_POINT ( 'NONE',  ( 125.2171133453899898, -154.4297640746490003, 101.7500000000339924 ) ) ;
#36 = ORIENTED_EDGE ( 'NONE', *, *, #10444, .F. ) ;
#37 = ORIENTED_EDGE ( 'NONE', *, *, #9720, .T. ) ;
#39 = AXIS2_PLACEMENT_3D ( 'NONE', #3935, #8508, #5792 ) ;
#38 = DIRECTION ( 'NONE',  ( -2.357766133642020006E-14, -2.327875578288770265E-16, -1.000000000000000000 ) ) ;
#40 = CARTESIAN_POINT ( 'NONE',  ( 133.2171133453900040, -136.4297640746490288, 70.99999991151649681 ) ) ;
#41 = ORIENTED_EDGE ( 'NONE', *, *, #3157, .F. ) ;
#42 = DIRECTION ( 'NONE',  ( 0.7071067811865470176, 0.7071067811865480168, 2.932709651042519544E-17 ) ) ;
#43 = DIRECTION ( 'NONE',  ( 5.075305257095799993E-15, -1.000000000000000000, -6.661338147750940820E-15 ) ) ;
#44 = AXIS2_PLACEMENT_3D ( 'NONE', #1871, #9380, #7364 ) ;
#45 = CARTESIAN_POINT ( 'NONE',  ( 163.2171133453904872, -114.4297640215112040, 62.75000000000080291 ) ) ;
#46 = CARTESIAN_POINT ( 'NONE',  ( 134.7171133453893788, -138.5155505122754107, 67.29289313032990094 ) ) ;
#47 = CARTESIAN_POINT ( 'NONE',  ( 175.2171133453902314, -149.4710642623182650, 63.49177647660724233 ) ) ;
#48 = LINE ( 'NONE', #7564, #11949 ) ;
#49 = CARTESIAN_POINT ( 'NONE',  ( 163.2171133453900040, -143.9297639738429950, 98.70216526821819514 ) ) ;
#50 = ORIENTED_EDGE ( 'NONE', *, *, #6094, .F. ) ;
#51 = ORIENTED_EDGE ( 'NONE', *, *, #7238, .F. ) ;
#52 = ORIENTED_EDGE ( 'NONE', *, *, #1035, .T. ) ;
#53 = AXIS2_PLACEMENT_3D ( 'NONE', #10725, #262, #5749 ) ;
#54 = CIRCLE ( 'NONE', #4371, 1.849999999999990541 ) ;
#55 = LINE ( 'NONE', #3803, #6992 ) ;
#56 = EDGE_CURVE ( 'NONE', #3692, #11756, #1398, .T. ) ;
#57 = DIRECTION ( 'NONE',  ( -1.000000000000000000, -9.644381700046648875E-17, 4.697843999457050607E-15 ) ) ;
#58 = B_SPLINE_CURVE_WITH_KNOTS ( 'NONE', 3,
 ( #3495, #10951, #733, #7085, #7268, #1598, #2389, #6161, #9903, #8984, #554, #4306 ),
 .UNSPECIFIED., .F., .F.,
 ( 4, 2, 2, 2, 2, 4 ),
 ( 0.000000000000000000, 0.2499999999999300004, 0.3749999999999046318, 0.4374999999999146238, 0.4999999999999246159, 1.000000000000000000 ),
 .UNSPECIFIED. ) ;
#59 = DIRECTION ( 'NONE',  ( 0.000000000000000000, -1.000000000000000000, 1.074295325692379890E-17 ) ) ;
#60 = AXIS2_PLACEMENT_3D ( 'NONE', #138, #10239, #8519 ) ;
#61 = VERTEX_POINT ( 'NONE', #4226 ) ;
#62 = CARTESIAN_POINT ( 'NONE',  ( 172.5197347761535127, -148.4297640215245906, 60.75000000000000000 ) ) ;
#63 = ORIENTED_EDGE ( 'NONE', *, *, #11522, .T. ) ;
#64 = ORIENTED_EDGE ( 'NONE', *, *, #2055, .F. ) ;
#65 = ORIENTED_EDGE ( 'NONE', *, *, #5573, .T. ) ;
#66 = ORIENTED_EDGE ( 'NONE', *, *, #6162, .T. ) ;
#67 = FACE_OUTER_BOUND ( 'NONE', #8179, .T. ) ;
#68 = EDGE_CURVE ( 'NONE', #1458, #9945, #10017, .T. ) ;
#69 = AXIS2_PLACEMENT_3D ( 'NONE', #8730, #291, #4042 ) ;
#70 = EDGE_CURVE ( 'NONE', #9918, #300, #7879, .T. ) ;
#71 = LINE ( 'NONE', #1045, #8192 ) ;
#72 = DIRECTION ( 'NONE',  ( -0.4397326120323102883, -0.1821432117215494584, -0.8794652240646020358 ) ) ;
#73 = CARTESIAN_POINT ( 'NONE',  ( 161.2171133453899756, -126.9297640746490146, 80.50005035146730847 ) ) ;
#74 = VERTEX_POINT ( 'NONE', #3291 ) ;
#75 = CARTESIAN_POINT ( 'NONE',  ( 120.2171133453899898, -114.8297640215114086, 62.75000000000000000 ) ) ;
#76 = EDGE_LOOP ( 'NONE', ( #2639, #12050, #11139, #6539 ) ) ;
#77 = CARTESIAN_POINT ( 'NONE',  ( 163.2171133453900040, -140.4297640215119998, 93.86432591814070747 ) ) ;
#78 = ORIENTED_EDGE ( 'NONE', *, *, #1803, .T. ) ;
#79 = CARTESIAN_POINT ( 'NONE',  ( 120.2171133453892082, -149.2641735625590229, 64.75000000000000000 ) ) ;
#80 = EDGE_CURVE ( 'NONE', #8126, #393, #5210, .T. ) ;
#81 = DIRECTION ( 'NONE',  ( -0.8944271909999103043, 0.000000000000000000, 0.4472135954999690299 ) ) ;
#82 = VECTOR ( 'NONE', #11219, 1000.000000000000000 ) ;
#83 = CYLINDRICAL_SURFACE ( 'NONE', #6620, 11.54238125198780729 ) ;
#84 = DIRECTION ( 'NONE',  ( -0.4001450253381057531, 5.551115123125785069E-15, -0.9164518310839727677 ) ) ;
#85 = EDGE_CURVE ( 'NONE', #10995, #7218, #7187, .T. ) ;
#86 = DIRECTION ( 'NONE',  ( -1.000000000000000000, 0.000000000000000000, 0.000000000000000000 ) ) ;
#87 = ADVANCED_FACE ( 'NONE', ( #7069 ), #8043, .F. ) ;
#88 = DIRECTION ( 'NONE',  ( -2.602084387755749958E-17, -1.000000000000000000, -1.408310542716836016E-24 ) ) ;
#89 = FACE_OUTER_BOUND ( 'NONE', #9419, .T. ) ;
#90 = ORIENTED_EDGE ( 'NONE', *, *, #5713, .F. ) ;
#91 = DIRECTION ( 'NONE',  ( 0.3826834323651126524, -0.9238795325112774126, 1.323940956865500752E-14 ) ) ;
#92 = CARTESIAN_POINT ( 'NONE',  ( 162.4426461606290104, -114.4297640215112040, 54.47937835699730158 ) ) ;
#93 = ORIENTED_EDGE ( 'NONE', *, *, #4451, .T. ) ;
#94 = VERTEX_POINT ( 'NONE', #10872 ) ;
#95 = CARTESIAN_POINT ( 'NONE',  ( 160.1768364872660015, -140.4297640215119998, 114.2144502228039897 ) ) ;
#96 = CARTESIAN_POINT ( 'NONE',  ( 132.6106248479624128, -114.4297640215114029, 60.27765112427590566 ) ) ;
#97 = EDGE_LOOP ( 'NONE', ( #1597, #3113, #10268, #7280 ) ) ;
#98 = EDGE_CURVE ( 'NONE', #2722, #7452, #11445, .T. ) ;
#99 = LINE ( 'NONE', #3850, #10333 ) ;
#100 = CIRCLE ( 'NONE', #3635, 2.500000000000002220 ) ;
#101 = CARTESIAN_POINT ( 'NONE',  ( 161.9171131927750196, -148.4297640746490003, 102.0997837512840078 ) ) ;
#102 = EDGE_CURVE ( 'NONE', #8685, #377, #261, .T. ) ;
#103 = FACE_OUTER_BOUND ( 'NONE', #10668, .T. ) ;
#104 = ADVANCED_FACE ( 'NONE', ( #9028, #184 ), #4928, .F. ) ;
#105 = CARTESIAN_POINT ( 'NONE',  ( 170.9672946366355006, -120.4297639528465993, 62.75000000000000000 ) ) ;
#106 = DIRECTION ( 'NONE',  ( 1.000000000000000000, 1.214306495755069846E-16, -2.449293564549630096E-16 ) ) ;
#107 = FACE_OUTER_BOUND ( 'NONE', #7489, .T. ) ;
#108 = EDGE_LOOP ( 'NONE', ( #3931, #3044, #4260, #8562 ) ) ;
#109 = ORIENTED_EDGE ( 'NONE', *, *, #10822, .T. ) ;
#110 = VECTOR ( 'NONE', #2075, 1000.000000000000000 ) ;
#111 = ORIENTED_EDGE ( 'NONE', *, *, #10616, .F. ) ;
#112 = EDGE_CURVE ( 'NONE', #1939, #8283, #782, .T. ) ;
#113 = CARTESIAN_POINT ( 'NONE',  ( 160.3126060631829830, -147.2275103831459830, 98.69164219418240691 ) ) ;
#114 = FACE_OUTER_BOUND ( 'NONE', #654, .T. ) ;
#115 = VECTOR ( 'NONE', #7729, 1000.000000000000000 ) ;
#116 = AXIS2_PLACEMENT_3D ( 'NONE', #4499, #2763, #7399 ) ;
#117 = DIRECTION ( 'NONE',  ( -7.166576360129189239E-17, 0.000000000000000000, 1.000000000000000000 ) ) ;
#118 = ORIENTED_EDGE ( 'NONE', *, *, #8234, .T. ) ;
#119 = CARTESIAN_POINT ( 'NONE',  ( 138.1026044211599810, -141.4297640215119998, 106.3643259181410059 ) ) ;
#120 = ORIENTED_EDGE ( 'NONE', *, *, #85, .T. ) ;
#121 = EDGE_LOOP ( 'NONE', ( #2798, #7149, #2191, #6783, #4830, #36, #7721 ) ) ;
#122 = VERTEX_POINT ( 'NONE', #9145 ) ;
#123 = VERTEX_POINT ( 'NONE', #9329 ) ;
#124 = CIRCLE ( 'NONE', #5237, 0.5899999999999971934 ) ;
#125 = DIRECTION ( 'NONE',  ( -2.602085213964869829E-17, -1.000000000000000000, 1.526556658859589750E-16 ) ) ;
#126 = DIRECTION ( 'NONE',  ( 0.003622991423284898337, -2.324366149095158836E-16, -0.9999934369450366178 ) ) ;
#127 = CARTESIAN_POINT ( 'NONE',  ( 170.2171132288239903, -154.4297640888429726, 108.8158571060269963 ) ) ;
#128 = DIRECTION ( 'NONE',  ( -1.000000000000000000, -9.644381700046828834E-17, -7.166576360129189239E-17 ) ) ;
#129 = VECTOR ( 'NONE', #2819, 1000.000000000000000 ) ;
#130 = ORIENTED_EDGE ( 'NONE', *, *, #997, .F. ) ;
#131 = DIRECTION ( 'NONE',  ( -1.070962509852659981E-16, 0.000000000000000000, 1.000000000000000000 ) ) ;
#132 = ADVANCED_FACE ( 'NONE', ( #1641 ), #8082, .F. ) ;
#133 = ORIENTED_EDGE ( 'NONE', *, *, #9050, .T. ) ;
#134 = CARTESIAN_POINT ( 'NONE',  ( 130.5236605550176137, -148.9311693011330249, 50.28473389846747921 ) ) ;
#135 = ORIENTED_EDGE ( 'NONE', *, *, #3406, .T. ) ;
#136 = DIRECTION ( 'NONE',  ( 1.000000000000000000, 0.000000000000000000, 0.000000000000000000 ) ) ;
#137 = VECTOR ( 'NONE', #11976, 1000.000000000000000 ) ;
#138 = CARTESIAN_POINT ( 'NONE',  ( 132.2171133453900040, -143.9397640202369928, 80.50005035146709531 ) ) ;
#139 = VECTOR ( 'NONE', #2603, 1000.000000000000000 ) ;
#140 = DIRECTION ( 'NONE',  ( 0.000000000000000000, 1.000000000000000000, -2.327875578288750051E-16 ) ) ;
#141 = DIRECTION ( 'NONE',  ( -5.947210316807130252E-15, -1.000000000000000000, -7.827405568325590594E-14 ) ) ;
#142 = CARTESIAN_POINT ( 'NONE',  ( 156.9591226427349966, -123.4297640215114029, 62.10199319125020168 ) ) ;
#143 = LINE ( 'NONE', #3086, #1223 ) ;
#144 = CARTESIAN_POINT ( 'NONE',  ( 130.2171133453899756, -143.3164134470123940, 58.25000000000000000 ) ) ;
#145 = VECTOR ( 'NONE', #9400, 1000.000000000000000 ) ;
#146 = EDGE_CURVE ( 'NONE', #1959, #10288, #11184, .T. ) ;
#147 = ORIENTED_EDGE ( 'NONE', *, *, #9060, .F. ) ;
#148 = AXIS2_PLACEMENT_3D ( 'NONE', #13, #8510, #7584 ) ;
#149 = CARTESIAN_POINT ( 'NONE',  ( 133.2171133453900040, -139.0155505122760076, 69.99999991151649681 ) ) ;
#150 = FACE_OUTER_BOUND ( 'NONE', #6100, .T. ) ;
#151 = ORIENTED_EDGE ( 'NONE', *, *, #11899, .F. ) ;
#152 = EDGE_LOOP ( 'NONE', ( #11014, #8381, #8500, #4240, #5877 ) ) ;
#153 = DIRECTION ( 'NONE',  ( 1.000000000000000000, 0.000000000000000000, 0.000000000000000000 ) ) ;
#154 = EDGE_CURVE ( 'NONE', #2795, #8324, #2613, .T. ) ;
#155 = CARTESIAN_POINT ( 'NONE',  ( 132.5102147637133783, -139.0155507300202089, 70.29309614226079361 ) ) ;
#156 = EDGE_LOOP ( 'NONE', ( #11939, #2775, #865, #328, #10610, #4204, #6601, #11737, #5725 ) ) ;
#157 = LINE ( 'NONE', #3965, #8176 ) ;
#158 = VECTOR ( 'NONE', #5364, 1000.000000000000227 ) ;
#159 = CIRCLE ( 'NONE', #6849, 3.099999999999991651 ) ;
#160 = FACE_OUTER_BOUND ( 'NONE', #5138, .T. ) ;
#161 = LINE ( 'NONE', #217, #5188 ) ;
#162 = CARTESIAN_POINT ( 'NONE',  ( 160.2171133453899756, -140.9397639738709813, 98.69129622261479540 ) ) ;
#163 = DIRECTION ( 'NONE',  ( 0.9238795325112774126, 0.3826834323651122638, 0.000000000000000000 ) ) ;
#164 = DIRECTION ( 'NONE',  ( -4.664896225277170639E-15, 1.000000000000000000, 6.633052400461320667E-15 ) ) ;
#165 = ADVANCED_FACE ( 'NONE', ( #9086 ), #6327, .T. ) ;
#166 = VECTOR ( 'NONE', #2750, 1000.000000000000000 ) ;
#167 = VERTEX_POINT ( 'NONE', #4472 ) ;
#168 = ORIENTED_EDGE ( 'NONE', *, *, #8305, .F. ) ;
#169 = ADVANCED_FACE ( 'NONE', ( #11055 ), #3601, .T. ) ;
#170 = ORIENTED_EDGE ( 'NONE', *, *, #6385, .T. ) ;
#171 = ADVANCED_FACE ( 'NONE', ( #897 ), #7373, .F. ) ;
#172 = DIRECTION ( 'NONE',  ( -7.166576360129189239E-17, 0.000000000000000000, 1.000000000000000000 ) ) ;
#173 = PLANE ( 'NONE',  #2604 ) ;
#174 = AXIS2_PLACEMENT_3D ( 'NONE', #4404, #3287, #653 ) ;
#175 = CARTESIAN_POINT ( 'NONE',  ( 162.8449171059519642, -117.4297640215112040, 57.77774199401589783 ) ) ;
#176 = AXIS2_PLACEMENT_3D ( 'NONE', #6482, #2586, #627 ) ;
#177 = CARTESIAN_POINT ( 'NONE',  ( 135.2171131927750309, -148.2297640746490117, 103.7997837512839965 ) ) ;
#178 = ORIENTED_EDGE ( 'NONE', *, *, #3861, .T. ) ;
#179 = LINE ( 'NONE', #62, #3490 ) ;
#180 = EDGE_CURVE ( 'NONE', #3809, #11571, #1198, .T. ) ;
#181 = ORIENTED_EDGE ( 'NONE', *, *, #3829, .F. ) ;
#182 = ORIENTED_EDGE ( 'NONE', *, *, #11899, .T. ) ;
#183 = EDGE_LOOP ( 'NONE', ( #133, #3929, #7039, #7568 ) ) ;
#184 = FACE_OUTER_BOUND ( 'NONE', #8601, .T. ) ;
#185 = AXIS2_PLACEMENT_3D ( 'NONE', #5454, #589, #652 ) ;
#186 = DIRECTION ( 'NONE',  ( -0.4397326120323102883, -0.1821432117215494584, -0.8794652240646020358 ) ) ;
#187 = LINE ( 'NONE', #931, #6436 ) ;
#188 = CARTESIAN_POINT ( 'NONE',  ( 135.9835722777344245, -142.9179290077515532, 110.3643259181410059 ) ) ;
#189 = DIRECTION ( 'NONE',  ( -8.450183051220818786E-24, 1.000000000000000000, 6.573933234426810631E-15 ) ) ;
#190 = ORIENTED_EDGE ( 'NONE', *, *, #8197, .F. ) ;
#191 = CARTESIAN_POINT ( 'NONE',  ( 164.2171133453900040, -119.4297640746489861, 102.7500000000329976 ) ) ;
#192 = ORIENTED_EDGE ( 'NONE', *, *, #10313, .F. ) ;
#193 =( BOUNDED_CURVE ( )  B_SPLINE_CURVE ( 3, ( #11399, #2952, #2033, #6724 ),
 .UNSPECIFIED., .F., .F. ) 
 B_SPLINE_CURVE_WITH_KNOTS ( ( 4, 4 ),
 ( 5.216171689542700385, 5.645684026740410033 ),
 .UNSPECIFIED. ) 
 CURVE ( )  GEOMETRIC_REPRESENTATION_ITEM ( )  RATIONAL_B_SPLINE_CURVE ( ( 1.000000000000000000, 0.9846855906441760453, 0.9846855906441760453, 1.000000000000000000 ) ) 
 REPRESENTATION_ITEM ( '' )  );
#194 = CARTESIAN_POINT ( 'NONE',  ( 129.1543469377703843, -114.8297640215114086, 57.75000000000000000 ) ) ;
#195 = EDGE_LOOP ( 'NONE', ( #1407, #9185, #7153, #3441, #8552, #11143, #3478, #10343, #3132, #553 ) ) ;
#196 = CARTESIAN_POINT ( 'NONE',  ( 172.6435370580510096, -149.2489160658134324, 62.75000000000000000 ) ) ;
#197 = DIRECTION ( 'NONE',  ( -0.008142047127310658022, 7.930164461608264384E-15, -0.9999668529849260468 ) ) ;
#198 = VERTEX_POINT ( 'NONE', #4536 ) ;
#199 = CARTESIAN_POINT ( 'NONE',  ( 131.2171133534549767, -119.4297640746489861, 81.50005035108789286 ) ) ;
#200 = ADVANCED_FACE ( 'NONE', ( #10071 ), #3477, .T. ) ;
#201 = CARTESIAN_POINT ( 'NONE',  ( 132.2171133453900040, -152.4297640746490003, 58.25000000000000000 ) ) ;
#202 = CARTESIAN_POINT ( 'NONE',  ( 160.2171131927750025, -154.2297640746490117, 103.7997837512839965 ) ) ;
#203 = DIRECTION ( 'NONE',  ( 3.973480539304573291E-15, 1.000000000000000000, 5.631065177880980518E-09 ) ) ;
#204 = CARTESIAN_POINT ( 'NONE',  ( 170.1540699406704960, -154.4297640215109766, 63.68695659527989505 ) ) ;
#205 = ORIENTED_EDGE ( 'NONE', *, *, #11909, .F. ) ;
#206 = CARTESIAN_POINT ( 'NONE',  ( 162.4607607265393767, -139.7467807762308496, 67.06117496067322747 ) ) ;
#207 = VERTEX_POINT ( 'NONE', #12109 ) ;
#208 = CARTESIAN_POINT ( 'NONE',  ( 132.9501379723807588, -139.8164833933277862, 67.07401577320216290 ) ) ;
#209 = ORIENTED_EDGE ( 'NONE', *, *, #6274, .T. ) ;
#210 = CARTESIAN_POINT ( 'NONE',  ( 139.1026022334725099, -140.4297662091992720, 105.3667412503797465 ) ) ;
#211 = VERTEX_POINT ( 'NONE', #3541 ) ;
#212 = LINE ( 'NONE', #11482, #8760 ) ;
#213 = ADVANCED_FACE ( 'NONE', ( #6451 ), #10196, .F. ) ;
#214 = AXIS2_PLACEMENT_3D ( 'NONE', #7111, #5083, #8087 ) ;
#215 = LINE ( 'NONE', #8714, #8878 ) ;
#216 = DIRECTION ( 'NONE',  ( -2.602085213964869829E-17, -1.000000000000000000, 1.526556658859309704E-16 ) ) ;
#217 = CARTESIAN_POINT ( 'NONE',  ( 131.5100065725368097, -136.4297640746490288, 80.79294357001271010 ) ) ;
#218 = ADVANCED_FACE ( 'NONE', ( #3730 ), #9269, .F. ) ;
#219 = DIRECTION ( 'NONE',  ( -3.588144190172699795E-15, -6.573933234426810631E-15, 1.000000000000000000 ) ) ;
#220 = DIRECTION ( 'NONE',  ( 0.3826834323651126524, -0.9238795325112774126, 1.323940956865500752E-14 ) ) ;
#221 = VERTEX_POINT ( 'NONE', #10255 ) ;
#222 = VERTEX_POINT ( 'NONE', #1817 ) ;
#223 = CARTESIAN_POINT ( 'NONE',  ( 132.2769879924509837, -141.4329531856089943, 67.78932228279440153 ) ) ;
#224 = EDGE_LOOP ( 'NONE', ( #5909, #2098, #4085, #9915 ) ) ;
#225 = VECTOR ( 'NONE', #5872, 1000.000000000000000 ) ;
#226 = FACE_OUTER_BOUND ( 'NONE', #6142, .T. ) ;
#227 = EDGE_CURVE ( 'NONE', #11330, #4406, #4408, .T. ) ;
#228 = CARTESIAN_POINT ( 'NONE',  ( 134.0606248479624014, -120.9297640215114029, 60.27765112427590566 ) ) ;
#229 = EDGE_CURVE ( 'NONE', #7531, #3378, #11245, .T. ) ;
#230 = CARTESIAN_POINT ( 'NONE',  ( 132.2932516600345707, -141.4613015636570026, 67.99999991151649681 ) ) ;
#231 = DIRECTION ( 'NONE',  ( 1.000000000000000000, 0.000000000000000000, 0.000000000000000000 ) ) ;
#232 = EDGE_CURVE ( 'NONE', #8861, #10873, #4351, .T. ) ;
#233 = CARTESIAN_POINT ( 'NONE',  ( 132.7943063462900000, -144.5297640215119941, 66.96810934369278812 ) ) ;
#235 = ADVANCED_FACE ( 'NONE', ( #4722 ), #3789, .T. ) ;
#234 = EDGE_LOOP ( 'NONE', ( #11132, #8011, #5014, #1041, #9431, #2584, #7395, #365 ) ) ;
#236 = CARTESIAN_POINT ( 'NONE',  ( 160.2171133453899756, -140.4297640215119998, 100.6909950527140012 ) ) ;
#237 = AXIS2_PLACEMENT_3D ( 'NONE', #7532, #7586, #1173 ) ;
#238 = ORIENTED_EDGE ( 'NONE', *, *, #765, .F. ) ;
#239 = ORIENTED_EDGE ( 'NONE', *, *, #3994, .T. ) ;
#240 = ORIENTED_EDGE ( 'NONE', *, *, #7737, .T. ) ;
#241 = CARTESIAN_POINT ( 'NONE',  ( 134.6491605087919936, -140.7226841648190145, 106.0714113843501991 ) ) ;
#242 = EDGE_CURVE ( 'NONE', #1085, #3250, #6570, .T. ) ;
#243 = DIRECTION ( 'NONE',  ( -1.000000000000000000, 0.000000000000000000, 0.000000000000000000 ) ) ;
#244 = AXIS2_PLACEMENT_3D ( 'NONE', #7540, #9313, #8572 ) ;
#245 = CARTESIAN_POINT ( 'NONE',  ( 151.2002577542750146, -140.4297640215119998, 112.4405461112039859 ) ) ;
#246 = DIRECTION ( 'NONE',  ( 8.821935677471621045E-15, 5.048319222053880719E-16, 1.000000000000000000 ) ) ;
#247 = EDGE_CURVE ( 'NONE', #6895, #7436, #3034, .T. ) ;
#248 = EDGE_LOOP ( 'NONE', ( #4780, #497, #50, #10902, #2398, #895, #12064, #12134 ) ) ;
#249 = FACE_OUTER_BOUND ( 'NONE', #3325, .T. ) ;
#250 = ORIENTED_EDGE ( 'NONE', *, *, #4981, .T. ) ;
#251 = CARTESIAN_POINT ( 'NONE',  ( 123.6297203658409103, -149.0754435652641234, 53.86782766000667522 ) ) ;
#252 = AXIS2_PLACEMENT_3D ( 'NONE', #7441, #1953, #5586 ) ;
#253 = EDGE_LOOP ( 'NONE', ( #66, #11718, #1639, #8517, #9655 ) ) ;
#254 = CARTESIAN_POINT ( 'NONE',  ( 175.2171133453909988, -149.2641735625587955, 64.75000000000000000 ) ) ;
#255 = FACE_OUTER_BOUND ( 'NONE', #8496, .T. ) ;
#256 = ORIENTED_EDGE ( 'NONE', *, *, #1669, .T. ) ;
#257 = ADVANCED_FACE ( 'NONE', ( #1017 ), #8648, .F. ) ;
#258 = CYLINDRICAL_SURFACE ( 'NONE', #4043, 0.9999999999999964473 ) ;
#259 = CARTESIAN_POINT ( 'NONE',  ( 163.0488651259894937, -114.5646313534459892, 57.41995013618239341 ) ) ;
#260 = LINE ( 'NONE', #6795, #2828 ) ;
#261 =( BOUNDED_CURVE ( )  B_SPLINE_CURVE ( 3, ( #6271, #4349, #8102, #2085 ),
 .UNSPECIFIED., .F., .F. ) 
 B_SPLINE_CURVE_WITH_KNOTS ( ( 4, 4 ),
 ( 5.497787143782129959, 6.283185307179590673 ),
 .UNSPECIFIED. ) 
 CURVE ( )  GEOMETRIC_REPRESENTATION_ITEM ( )  RATIONAL_B_SPLINE_CURVE ( ( 1.000000000000000000, 0.9492530216741900118, 0.9492530216741900118, 1.000000000000000000 ) ) 
 REPRESENTATION_ITEM ( '' )  );
#262 = DIRECTION ( 'NONE',  ( 1.778958924614190116E-14, 1.000000000000000000, 0.000000000000000000 ) ) ;
#263 = CARTESIAN_POINT ( 'NONE',  ( 133.5171131927750139, -148.0297640746490231, 102.0997837512840078 ) ) ;
#264 = ORIENTED_EDGE ( 'NONE', *, *, #10890, .T. ) ;
#265 = ORIENTED_EDGE ( 'NONE', *, *, #9081, .F. ) ;
#266 = DIRECTION ( 'NONE',  ( -0.7071067814549162334, 0.000000000000000000, 0.7071067809181789121 ) ) ;
#267 = ORIENTED_EDGE ( 'NONE', *, *, #6851, .F. ) ;
#268 = DIRECTION ( 'NONE',  ( 0.000000000000000000, 0.000000000000000000, 1.000000000000000000 ) ) ;
#269 = ORIENTED_EDGE ( 'NONE', *, *, #1531, .T. ) ;
#270 = CARTESIAN_POINT ( 'NONE',  ( 132.3363500233429875, -152.9723504732990307, 67.03422700578789772 ) ) ;
#271 = VERTEX_POINT ( 'NONE', #9628 ) ;
#272 = VECTOR ( 'NONE', #11500, 1000.000000000000114 ) ;
#273 = DIRECTION ( 'NONE',  ( -1.000000000000000000, 0.000000000000000000, 0.000000000000000000 ) ) ;
#274 = CARTESIAN_POINT ( 'NONE',  ( 163.1742201265759888, -139.9726572934619639, 68.99999991151629786 ) ) ;
#275 = FACE_OUTER_BOUND ( 'NONE', #6221, .T. ) ;
#276 = CARTESIAN_POINT ( 'NONE',  ( 130.9606248479624071, -117.6297640215114058, 60.27765112427590566 ) ) ;
#277 = DIRECTION ( 'NONE',  ( 1.000000000000000000, 0.000000000000000000, 0.000000000000000000 ) ) ;
#278 = AXIS2_PLACEMENT_3D ( 'NONE', #11191, #10264, #6643 ) ;
#279 = DIRECTION ( 'NONE',  ( 0.000000000000000000, -1.000000000000000000, -6.573933234426810631E-15 ) ) ;
#280 = LINE ( 'NONE', #2368, #2543 ) ;
#281 = CARTESIAN_POINT ( 'NONE',  ( 141.2106690963749998, -141.4297640215119998, 105.3643259181410059 ) ) ;
#282 = EDGE_CURVE ( 'NONE', #4080, #1943, #6910, .T. ) ;
#283 = EDGE_CURVE ( 'NONE', #6628, #11000, #8475, .T. ) ;
#284 = ORIENTED_EDGE ( 'NONE', *, *, #3825, .F. ) ;
#285 = EDGE_LOOP ( 'NONE', ( #12165, #21, #8259, #4102, #7052 ) ) ;
#286 = CARTESIAN_POINT ( 'NONE',  ( 132.2171133453900040, -141.8439742693130086, 68.00305646295669249 ) ) ;
#287 = ORIENTED_EDGE ( 'NONE', *, *, #9573, .F. ) ;
#288 = AXIS2_PLACEMENT_3D ( 'NONE', #2356, #5193, #638 ) ;
#289 = DIRECTION ( 'NONE',  ( -3.683226109728400325E-15, -1.000000000000000000, 2.692261676065480290E-15 ) ) ;
#290 = DIRECTION ( 'NONE',  ( -0.4397326120322761489, -0.1821432117215195934, 0.8794652240646252395 ) ) ;
#291 = DIRECTION ( 'NONE',  ( 0.7071061596869628874, 0.7071074026855859174, 7.850454866973194898E-17 ) ) ;
#292 = CARTESIAN_POINT ( 'NONE',  ( 132.2171133453900040, -138.8513369720210164, 93.86432591814070747 ) ) ;
#293 = CARTESIAN_POINT ( 'NONE',  ( 132.3771133453899722, -144.5297640215119941, 67.14091634279270693 ) ) ;
#294 = VECTOR ( 'NONE', #7801, 1000.000000000000000 ) ;
#295 = ORIENTED_EDGE ( 'NONE', *, *, #9324, .F. ) ;
#296 = DIRECTION ( 'NONE',  ( 0.000000000000000000, 0.000000000000000000, -1.000000000000000000 ) ) ;
#297 = EDGE_CURVE ( 'NONE', #1758, #6047, #5702, .T. ) ;
#298 = EDGE_LOOP ( 'NONE', ( #2135, #6547, #10146, #5255 ) ) ;
#299 = ORIENTED_EDGE ( 'NONE', *, *, #2357, .F. ) ;
#300 = VERTEX_POINT ( 'NONE', #1194 ) ;
#301 = EDGE_CURVE ( 'NONE', #8817, #5194, #1950, .T. ) ;
#302 = CARTESIAN_POINT ( 'NONE',  ( 160.2171133453904872, -138.4595744938966106, 57.98985306244370719 ) ) ;
#303 = AXIS2_PLACEMENT_3D ( 'NONE', #6071, #5021, #273 ) ;
#304 = VECTOR ( 'NONE', #11988, 1000.000000000000000 ) ;
#305 = CARTESIAN_POINT ( 'NONE',  ( 135.1768364872669963, -145.4297640215119714, 114.2143259181419950 ) ) ;
#306 = CARTESIAN_POINT ( 'NONE',  ( 132.4174465102942975, -141.2294309097446217, 67.99999991151645418 ) ) ;
#307 = DIRECTION ( 'NONE',  ( 3.160768215787150073E-15, 1.000000000000000000, 0.000000000000000000 ) ) ;
#308 = ORIENTED_EDGE ( 'NONE', *, *, #6001, .T. ) ;
#309 = DIRECTION ( 'NONE',  ( 0.000000000000000000, -1.000000000000000000, 1.074295325692379890E-17 ) ) ;
#310 = ORIENTED_EDGE ( 'NONE', *, *, #8218, .T. ) ;
#311 = AXIS2_PLACEMENT_3D ( 'NONE', #6792, #3830, #8636 ) ;
#312 = AXIS2_PLACEMENT_3D ( 'NONE', #5137, #7905, #268 ) ;
#313 = LINE ( 'NONE', #4003, #11892 ) ;
#314 = ADVANCED_FACE ( 'NONE', ( #6692 ), #5380, .T. ) ;
#315 = ORIENTED_EDGE ( 'NONE', *, *, #10512, .F. ) ;
#316 = ADVANCED_FACE ( 'NONE', ( #4897 ), #1879, .F. ) ;
#317 = CARTESIAN_POINT ( 'NONE',  ( 132.2171133453900040, -141.8446359146829820, 69.29716435472890623 ) ) ;
#318 = PRODUCT_DEFINITION_SHAPE ( 'NONE', 'NONE',  #8255 ) ;
#319 = DIRECTION ( 'NONE',  ( 2.973305968354184926E-18, -1.000000000000000000, -6.939099705552450673E-15 ) ) ;
#320 = ORIENTED_EDGE ( 'NONE', *, *, #2261, .F. ) ;
#321 = EDGE_CURVE ( 'NONE', #8348, #6895, #1529, .T. ) ;
#322 = DIRECTION ( 'NONE',  ( 0.000000000000000000, -1.000000000000000000, 2.327875578288750051E-16 ) ) ;
#323 = VECTOR ( 'NONE', #3498, 1000.000000000000000 ) ;
#324 = DIRECTION ( 'NONE',  ( 2.602085213964874759E-17, 1.000000000000000000, -1.526556658859589750E-16 ) ) ;
#325 = CARTESIAN_POINT ( 'NONE',  ( 138.2382284131130064, -144.2661088508049829, 110.3754664662809972 ) ) ;
#326 = DIRECTION ( 'NONE',  ( 0.9999999999997509770, 0.000000000000000000, -7.056356859287570437E-07 ) ) ;
#327 = CARTESIAN_POINT ( 'NONE',  ( 159.6669467343539850, -153.4297640746490003, 72.24999974667979075 ) ) ;
#328 = ORIENTED_EDGE ( 'NONE', *, *, #1885, .T. ) ;
#329 = ORIENTED_EDGE ( 'NONE', *, *, #6032, .T. ) ;
#330 = CYLINDRICAL_SURFACE ( 'NONE', #4307, 11.54238125198780729 ) ;
#331 = EDGE_CURVE ( 'NONE', #10643, #10068, #4037, .T. ) ;
#332 = CIRCLE ( 'NONE', #8233, 0.9999999999999964473 ) ;
#333 = ORIENTED_EDGE ( 'NONE', *, *, #5952, .T. ) ;
#334 = LINE ( 'NONE', #1131, #520 ) ;
#335 = VECTOR ( 'NONE', #4074, 1000.000000000000114 ) ;
#336 = ORIENTED_EDGE ( 'NONE', *, *, #10328, .F. ) ;
#337 = CARTESIAN_POINT ( 'NONE',  ( 133.2171133453900040, -119.4297640746489861, 66.99999991151649681 ) ) ;
#338 = EDGE_LOOP ( 'NONE', ( #8918, #11505, #2194, #3880 ) ) ;
#339 = LINE ( 'NONE', #3342, #4036 ) ;
#340 = CARTESIAN_POINT ( 'NONE',  ( 138.8084291191469788, -140.7239393235249736, 106.0727124621350157 ) ) ;
#341 = LINE ( 'NONE', #4154, #9576 ) ;
#342 = AXIS2_PLACEMENT_3D ( 'NONE', #6138, #6321, #11854 ) ;
#343 = CARTESIAN_POINT ( 'NONE',  ( 123.9378425054314050, -139.2213453176653957, 62.75000000000000000 ) ) ;
#344 = VECTOR ( 'NONE', #7470, 1000.000000000000000 ) ;
#345 = CARTESIAN_POINT ( 'NONE',  ( 134.9242201265769836, -138.7226572934619639, 68.99999991151649681 ) ) ;
#346 = DIRECTION ( 'NONE',  ( 2.897277325460589953E-15, 1.000000000000000000, 2.897277325460589953E-15 ) ) ;
#347 = LINE ( 'NONE', #4099, #7858 ) ;
#348 = DIRECTION ( 'NONE',  ( 0.7071067811865490160, 0.7071067811865460184, 1.887379141862770063E-15 ) ) ;
#349 = ORIENTED_EDGE ( 'NONE', *, *, #2772, .T. ) ;
#350 = VERTEX_POINT ( 'NONE', #2974 ) ;
#351 = DIRECTION ( 'NONE',  ( 0.4397326120322763710, 0.1821432117215197322, -0.8794652240646251284 ) ) ;
#352 = ORIENTED_EDGE ( 'NONE', *, *, #5407, .F. ) ;
#353 = CIRCLE ( 'NONE', #748, 0.9999999999999964473 ) ;
#354 = AXIS2_PLACEMENT_3D ( 'NONE', #4870, #1048, #7529 ) ;
#355 = CYLINDRICAL_SURFACE ( 'NONE', #6003, 1.450000000000006839 ) ;
#356 = CARTESIAN_POINT ( 'NONE',  ( 123.9378425054314050, -138.4888805644083902, 58.25000000000000000 ) ) ;
#357 = LINE ( 'NONE', #4173, #9688 ) ;
#358 = ADVANCED_FACE ( 'NONE', ( #5760 ), #9511, .T. ) ;
#359 = DIRECTION ( 'NONE',  ( 0.000000000000000000, -1.000000000000000000, -7.105427357601000281E-15 ) ) ;
#360 = DIRECTION ( 'NONE',  ( -1.000000000000000000, 2.602085208171029758E-17, -3.795365069985939951E-10 ) ) ;
#361 = CIRCLE ( 'NONE', #8816, 0.9999999999999731326 ) ;
#362 = CIRCLE ( 'NONE', #8807, 0.9999999063524251941 ) ;
#363 = EDGE_LOOP ( 'NONE', ( #2711, #1049, #5772, #3565, #3094, #1294, #2495 ) ) ;
#364 = DIRECTION ( 'NONE',  ( -0.8944271909999128578, 3.108330457197119301E-15, -0.4472135954999639229 ) ) ;
#365 = ORIENTED_EDGE ( 'NONE', *, *, #242, .F. ) ;
#366 = ORIENTED_EDGE ( 'NONE', *, *, #5580, .T. ) ;
#367 = ORIENTED_EDGE ( 'NONE', *, *, #9606, .F. ) ;
#368 = CARTESIAN_POINT ( 'NONE',  ( 163.0194291964479874, -139.5180834002209735, 70.26256682646180707 ) ) ;
#369 = VECTOR ( 'NONE', #8345, 1000.000000000000000 ) ;
#370 = LINE ( 'NONE', #1229, #6824 ) ;
#371 = DIRECTION ( 'NONE',  ( -1.000000000000000000, 0.000000000000000000, 0.000000000000000000 ) ) ;
#372 = ADVANCED_FACE ( 'NONE', ( #3339 ), #8949, .F. ) ;
#373 = DIRECTION ( 'NONE',  ( -1.000000000000000000, -1.214306495755069846E-16, 2.449293572821430305E-16 ) ) ;
#374 = ORIENTED_EDGE ( 'NONE', *, *, #7457, .F. ) ;
#375 = EDGE_CURVE ( 'NONE', #6861, #7384, #401, .T. ) ;
#376 = DIRECTION ( 'NONE',  ( 4.832939597814259772E-15, 1.000000000000000000, 6.573933234426810631E-15 ) ) ;
#377 = VERTEX_POINT ( 'NONE', #11723 ) ;
#378 = CIRCLE ( 'NONE', #9803, 1.000000000000003553 ) ;
#379 = CARTESIAN_POINT ( 'NONE',  ( 132.3771133453899722, -152.9723504732990307, 67.14091634279270693 ) ) ;
#380 = ORIENTED_EDGE ( 'NONE', *, *, #6707, .T. ) ;
#381 = VERTEX_POINT ( 'NONE', #6867 ) ;
#382 = CARTESIAN_POINT ( 'NONE',  ( 132.2179663827849936, -141.5088405254009842, 69.80120010445840251 ) ) ;
#383 = CARTESIAN_POINT ( 'NONE',  ( 165.3236018428179932, -114.8297640215111954, 59.71382556213799830 ) ) ;
#384 = ORIENTED_EDGE ( 'NONE', *, *, #5226, .T. ) ;
#385 = SPHERICAL_SURFACE ( 'NONE', #8390, 1.000000000000000000 ) ;
#386 = AXIS2_PLACEMENT_3D ( 'NONE', #10127, #10191, #6264 ) ;
#387 = CARTESIAN_POINT ( 'NONE',  ( 174.2687120399726268, -150.3781653345183145, 108.7301526952273321 ) ) ;
#388 = EDGE_CURVE ( 'NONE', #9189, #11597, #7967, .T. ) ;
#389 = LINE ( 'NONE', #1432, #10693 ) ;
#390 = ADVANCED_FACE ( 'NONE', ( #8770 ), #11788, .T. ) ;
#391 = CARTESIAN_POINT ( 'NONE',  ( 175.2171133453905156, -124.4297640215118008, 62.75000000000000000 ) ) ;
#392 = CARTESIAN_POINT ( 'NONE',  ( 159.6669467343539850, -152.8297640746490060, 71.34999974667979927 ) ) ;
#393 = VERTEX_POINT ( 'NONE', #8891 ) ;
#394 = ORIENTED_EDGE ( 'NONE', *, *, #7875, .F. ) ;
#395 = EDGE_CURVE ( 'NONE', #10811, #7924, #10674, .T. ) ;
#396 = CARTESIAN_POINT ( 'NONE',  ( 162.3992644362360522, -139.5634112321168061, 67.03346012960301437 ) ) ;
#397 = VECTOR ( 'NONE', #9611, 1000.000000000000000 ) ;
#398 = ORIENTED_EDGE ( 'NONE', *, *, #796, .T. ) ;
#399 = LINE ( 'NONE', #4953, #4650 ) ;
#400 = ORIENTED_EDGE ( 'NONE', *, *, #3188, .T. ) ;
#401 = LINE ( 'NONE', #4211, #11234 ) ;
#402 = ORIENTED_EDGE ( 'NONE', *, *, #5049, .F. ) ;
#403 = CARTESIAN_POINT ( 'NONE',  ( 147.7171131080249893, -149.8297644555290162, 101.7500000000299991 ) ) ;
#404 = CARTESIAN_POINT ( 'NONE',  ( 162.8750654586289954, -140.9916160471819921, 67.55263425321039961 ) ) ;
#405 = CARTESIAN_POINT ( 'NONE',  ( 135.8821002664290063, -140.4297640215119998, 105.3643259181410059 ) ) ;
#406 = EDGE_CURVE ( 'NONE', #271, #8283, #1254, .T. ) ;
#407 = DIRECTION ( 'NONE',  ( -1.000000000000000000, 0.000000000000000000, 0.000000000000000000 ) ) ;
#408 = EDGE_CURVE ( 'NONE', #8, #6803, #11626, .T. ) ;
#409 = CARTESIAN_POINT ( 'NONE',  ( 163.2171133453900040, -153.4297640746490003, 98.70216526821880620 ) ) ;
#410 = DIRECTION ( 'NONE',  ( -1.000000000000000000, 0.000000000000000000, 0.000000000000000000 ) ) ;
#411 = DIRECTION ( 'NONE',  ( -1.000000000000000000, 3.428366777582859703E-10, 0.000000000000000000 ) ) ;
#412 = CARTESIAN_POINT ( 'NONE',  ( 134.2932187016893408, -140.4938391488128673, 111.0120525987038178 ) ) ;
#413 = ORIENTED_EDGE ( 'NONE', *, *, #8234, .F. ) ;
#414 = ORIENTED_EDGE ( 'NONE', *, *, #2961, .T. ) ;
#415 = CARTESIAN_POINT ( 'NONE',  ( 130.8872936064561259, -147.9708210221114371, 51.18808963222615915 ) ) ;
#416 = VERTEX_POINT ( 'NONE', #7907 ) ;
#417 = VERTEX_POINT ( 'NONE', #580 ) ;
#418 = CARTESIAN_POINT ( 'NONE',  ( 160.6471855079209945, -120.8593230241266809, 61.50728757090639931 ) ) ;
#419 = DIRECTION ( 'NONE',  ( 0.8191520442889946851, 0.5735764363510417185, 3.063276079361639030E-15 ) ) ;
#420 = EDGE_CURVE ( 'NONE', #9762, #11458, #8669, .T. ) ;
#421 = DIRECTION ( 'NONE',  ( -5.075800897900750411E-15, 1.000000000000000000, 6.573933234426810631E-15 ) ) ;
#422 = CARTESIAN_POINT ( 'NONE',  ( 133.0664558081502094, -121.2411318770749915, 53.47602185630490368 ) ) ;
#423 = DIRECTION ( 'NONE',  ( 0.000000000000000000, 1.000000000000000000, 6.217248937900871104E-15 ) ) ;
#424 = AXIS2_PLACEMENT_3D ( 'NONE', #7250, #10132, #720 ) ;
#425 = ORIENTED_EDGE ( 'NONE', *, *, #8367, .T. ) ;
#426 = DIRECTION ( 'NONE',  ( -7.166576360129189239E-17, 1.526556658859589750E-16, 1.000000000000000000 ) ) ;
#427 = VERTEX_POINT ( 'NONE', #3277 ) ;
#428 = ORIENTED_EDGE ( 'NONE', *, *, #11810, .F. ) ;
#429 = ORIENTED_EDGE ( 'NONE', *, *, #5385, .F. ) ;
#430 = DIRECTION ( 'NONE',  ( 4.125625189787574772E-15, -1.000000000000000000, -4.255833852619945580E-15 ) ) ;
#431 = CYLINDRICAL_SURFACE ( 'NONE', #8398, 1.450000000000006839 ) ;
#432 = DIRECTION ( 'NONE',  ( -1.000000000000000000, 0.000000000000000000, 0.000000000000000000 ) ) ;
#433 = CARTESIAN_POINT ( 'NONE',  ( 163.2171133453900040, -152.4297640746490003, 58.25000000000000000 ) ) ;
#434 = VECTOR ( 'NONE', #5633, 1000.000000000000000 ) ;
#435 = AXIS2_PLACEMENT_3D ( 'NONE', #2757, #9290, #978 ) ;
#436 = ORIENTED_EDGE ( 'NONE', *, *, #10305, .F. ) ;
#437 = CARTESIAN_POINT ( 'NONE',  ( 165.2171136399900035, -148.4297640215245906, 51.31260299732910113 ) ) ;
#438 = ORIENTED_EDGE ( 'NONE', *, *, #6719, .F. ) ;
#439 = CYLINDRICAL_SURFACE ( 'NONE', #10124, 0.9999999999999957812 ) ;
#440 = ADVANCED_FACE ( 'NONE', ( #10801 ), #2361, .T. ) ;
#441 = VERTEX_POINT ( 'NONE', #9872 ) ;
#442 = VERTEX_POINT ( 'NONE', #4336 ) ;
#443 = EDGE_CURVE ( 'NONE', #4114, #3154, #3097, .T. ) ;
#444 = CARTESIAN_POINT ( 'NONE',  ( 138.1026081807310106, -144.2235739806430104, 106.3643259261839944 ) ) ;
#445 = AXIS2_PLACEMENT_3D ( 'NONE', #9676, #11595, #10605 ) ;
#446 = ORIENTED_EDGE ( 'NONE', *, *, #3015, .F. ) ;
#447 = DIRECTION ( 'NONE',  ( 0.000000000000000000, 1.000000000000000000, -1.526556658859589750E-16 ) ) ;
#448 = CARTESIAN_POINT ( 'NONE',  ( 147.7171133453900040, -152.8297640746490060, 79.38821466846520991 ) ) ;
#449 = CARTESIAN_POINT ( 'NONE',  ( 132.2171133453900040, -153.4297640746490003, 58.25000000000000000 ) ) ;
#450 = PLANE ( 'NONE',  #8312 ) ;
#451 = VECTOR ( 'NONE', #11003, 1000.000000000000000 ) ;
#452 = ORIENTED_EDGE ( 'NONE', *, *, #6039, .T. ) ;
#453 = ORIENTED_EDGE ( 'NONE', *, *, #2548, .F. ) ;
#454 = CARTESIAN_POINT ( 'NONE',  ( 162.6583892130463198, -140.3392034601477860, 67.20971091016490107 ) ) ;
#455 = ORIENTED_EDGE ( 'NONE', *, *, #70, .T. ) ;
#456 = EDGE_CURVE ( 'NONE', #4940, #4514, #2811, .T. ) ;
#457 = DIRECTION ( 'NONE',  ( 7.166576360129159657E-17, -2.327875578288750051E-16, -1.000000000000000000 ) ) ;
#458 = ORIENTED_EDGE ( 'NONE', *, *, #6412, .F. ) ;
#459 = DIRECTION ( 'NONE',  ( 0.7071044607815273331, 0.7071044607880543342, 0.002561850210361806598 ) ) ;
#460 = ADVANCED_FACE ( 'NONE', ( #2299 ), #4273, .T. ) ;
#461 = CARTESIAN_POINT ( 'NONE',  ( 172.8330939180942210, -151.6157431985818391, 64.74999999999933209 ) ) ;
#462 = EDGE_CURVE ( 'NONE', #10750, #2206, #2178, .T. ) ;
#463 = CARTESIAN_POINT ( 'NONE',  ( 163.2171133453900040, -143.9397640202369928, 80.50005035146709531 ) ) ;
#464 = DIRECTION ( 'NONE',  ( -4.832939597814259772E-15, -1.000000000000000000, -6.432020515982920536E-15 ) ) ;
#465 = DIRECTION ( 'NONE',  ( 7.166576360129449317E-17, -2.700107045407500288E-14, -1.000000000000000000 ) ) ;
#466 = DIRECTION ( 'NONE',  ( 0.000000000000000000, -1.000000000000000000, 1.074295325692379890E-17 ) ) ;
#467 = CARTESIAN_POINT ( 'NONE',  ( 123.0210531936764085, -139.8632881047062710, 55.63033466282664818 ) ) ;
#468 = DIRECTION ( 'NONE',  ( 0.000000000000000000, 1.000000000000000000, -2.327875578288750051E-16 ) ) ;
#469 = AXIS2_PLACEMENT_3D ( 'NONE', #6858, #7600, #7838 ) ;
#470 = ORIENTED_EDGE ( 'NONE', *, *, #8048, .F. ) ;
#471 = EDGE_LOOP ( 'NONE', ( #7635, #4021, #7881, #6272, #265 ) ) ;
#472 = CARTESIAN_POINT ( 'NONE',  ( 132.5108566607849809, -141.1360201066190143, 68.00152635475339480 ) ) ;
#473 = ORIENTED_EDGE ( 'NONE', *, *, #297, .F. ) ;
#474 = ORIENTED_EDGE ( 'NONE', *, *, #10057, .T. ) ;
#475 = ADVANCED_FACE ( 'NONE', ( #9685 ), #7848, .T. ) ;
#476 = EDGE_CURVE ( 'NONE', #1701, #3141, #8698, .T. ) ;
#477 = DIRECTION ( 'NONE',  ( -3.160768215787150073E-15, -1.000000000000000000, 1.526556658859589750E-16 ) ) ;
#478 = CARTESIAN_POINT ( 'NONE',  ( 162.2171133453900040, -152.4297640746490003, 75.35358135287509640 ) ) ;
#479 = CIRCLE ( 'NONE', #1256, 0.9999999999999964473 ) ;
#480 = LINE ( 'NONE', #5217, #4390 ) ;
#481 = DIRECTION ( 'NONE',  ( 4.666241877321180938E-16, 1.526556658859569782E-16, 1.000000000000000000 ) ) ;
#482 = FACE_OUTER_BOUND ( 'NONE', #3866, .T. ) ;
#483 = FACE_BOUND ( 'NONE', #7649, .T. ) ;
#484 = ORIENTED_EDGE ( 'NONE', *, *, #8237, .T. ) ;
#485 = LINE ( 'NONE', #1408, #12160 ) ;
#486 = EDGE_LOOP ( 'NONE', ( #11098, #11026, #4834, #5251, #9119, #4813, #3520 ) ) ;
#487 = EDGE_LOOP ( 'NONE', ( #8723, #4017, #11704, #6285, #4496, #135, #3902, #2104, #6703 ) ) ;
#488 = VERTEX_POINT ( 'NONE', #2658 ) ;
#489 = EDGE_CURVE ( 'NONE', #6676, #11972, #11039, .T. ) ;
#490 = CARTESIAN_POINT ( 'NONE',  ( 163.2171133453900040, -141.8439742613329884, 68.99693977501809172 ) ) ;
#491 = DIRECTION ( 'NONE',  ( 0.000000000000000000, -1.000000000000000000, 2.327875578288750051E-16 ) ) ;
#492 = DIRECTION ( 'NONE',  ( 2.428612952914209755E-16, -1.000000000000000000, -6.573933234426810631E-15 ) ) ;
#493 = VECTOR ( 'NONE', #12150, 1000.000000000000000 ) ;
#494 = LINE ( 'NONE', #6965, #6842 ) ;
#495 = ORIENTED_EDGE ( 'NONE', *, *, #5793, .F. ) ;
#496 = DIRECTION ( 'NONE',  ( 0.000000000000000000, 1.000000000000000000, 6.938893903907170002E-15 ) ) ;
#497 = ORIENTED_EDGE ( 'NONE', *, *, #10153, .F. ) ;
#498 = CARTESIAN_POINT ( 'NONE',  ( 132.4372480082891173, -153.0578471383972783, 67.13885186925035953 ) ) ;
#499 = ORIENTED_EDGE ( 'NONE', *, *, #5424, .F. ) ;
#500 = ORIENTED_EDGE ( 'NONE', *, *, #3309, .F. ) ;
#501 = AXIS2_PLACEMENT_3D ( 'NONE', #1657, #7453, #2818 ) ;
#502 = DIRECTION ( 'NONE',  ( -2.602085213964869829E-17, -1.000000000000000000, 1.526556658859589750E-16 ) ) ;
#503 = ORIENTED_EDGE ( 'NONE', *, *, #6788, .T. ) ;
#504 = DIRECTION ( 'NONE',  ( -0.7071067811865475727, 0.000000000000000000, 0.7071067811865475727 ) ) ;
#505 = CARTESIAN_POINT ( 'NONE',  ( 174.2519812903190086, -150.3948960841719042, 108.7730463488135655 ) ) ;
#506 = EDGE_CURVE ( 'NONE', #3809, #10016, #10916, .T. ) ;
#507 = DIRECTION ( 'NONE',  ( 2.602085213964869829E-17, 1.000000000000000000, -1.526556658859589750E-16 ) ) ;
#508 = EDGE_CURVE ( 'NONE', #2114, #7518, #3524, .T. ) ;
#509 = VECTOR ( 'NONE', #8154, 1000.000000000000000 ) ;
#510 = CIRCLE ( 'NONE', #4640, 1.000000000000009770 ) ;
#511 = CARTESIAN_POINT ( 'NONE',  ( 132.2171133453900040, -140.4297640215110050, 99.26432591814179318 ) ) ;
#512 = ORIENTED_EDGE ( 'NONE', *, *, #5117, .F. ) ;
#513 = ORIENTED_EDGE ( 'NONE', *, *, #8819, .F. ) ;
#514 = CARTESIAN_POINT ( 'NONE',  ( 161.9171131927750196, -148.0297640746490231, 105.4997837512840135 ) ) ;
#515 = ORIENTED_EDGE ( 'NONE', *, *, #611, .T. ) ;
#516 = CARTESIAN_POINT ( 'NONE',  ( 121.2171133453899898, -127.6838383413246021, 66.00407431981281547 ) ) ;
#517 = DIRECTION ( 'NONE',  ( -0.4397326120323142296, 0.1821432117215233126, 0.8794652240646053665 ) ) ;
#518 = VECTOR ( 'NONE', #1370, 1000.000000000000000 ) ;
#519 =( BOUNDED_CURVE ( )  B_SPLINE_CURVE ( 3, ( #6556, #10298, #7654, #5803 ),
 .UNSPECIFIED., .F., .F. ) 
 B_SPLINE_CURVE_WITH_KNOTS ( ( 4, 4 ),
 ( 0.7601751309728300710, 0.9332950502743160293 ),
 .UNSPECIFIED. ) 
 CURVE ( )  GEOMETRIC_REPRESENTATION_ITEM ( )  RATIONAL_B_SPLINE_CURVE ( ( 1.000000000000000000, 0.9975040168349320613, 0.9975040168349320613, 1.000000000000000000 ) ) 
 REPRESENTATION_ITEM ( '' )  );
#520 = VECTOR ( 'NONE', #6804, 1000.000000000000000 ) ;
#521 = DIRECTION ( 'NONE',  ( 4.125625189787574772E-15, -1.000000000000000000, -4.255833852619945580E-15 ) ) ;
#522 = CARTESIAN_POINT ( 'NONE',  ( 132.3255008394325785, -120.4297680637884156, 62.66078637172639532 ) ) ;
#523 = DIRECTION ( 'NONE',  ( 0.008142047127308708193, 0.000000000000000000, -0.9999668529849260468 ) ) ;
#524 = EDGE_CURVE ( 'NONE', #9924, #1319, #7172, .T. ) ;
#525 = CARTESIAN_POINT ( 'NONE',  ( 132.2171133453900040, -153.8547640113190198, 60.47499993666959739 ) ) ;
#526 = CARTESIAN_POINT ( 'NONE',  ( 138.7884000857649482, -140.7222302656988973, 110.6576461115809309 ) ) ;
#527 = CIRCLE ( 'NONE', #1511, 2.349999999999990763 ) ;
#528 = DIRECTION ( 'NONE',  ( 1.000000000000000000, -3.965082230804126670E-15, 0.000000000000000000 ) ) ;
#529 = DIRECTION ( 'NONE',  ( 1.000000000000000000, 0.000000000000000000, 0.000000000000000000 ) ) ;
#530 = EDGE_CURVE ( 'NONE', #7030, #5486, #5321, .T. ) ;
#531 = VERTEX_POINT ( 'NONE', #10982 ) ;
#532 = EDGE_LOOP ( 'NONE', ( #4378, #2738, #3552, #6407 ) ) ;
#533 = CARTESIAN_POINT ( 'NONE',  ( 132.3771133453899722, -140.4797640480800283, 66.55091634279260404 ) ) ;
#534 = CARTESIAN_POINT ( 'NONE',  ( 132.6248169134119905, -148.2297640746490117, 102.0997837512840078 ) ) ;
#535 = ORIENTED_EDGE ( 'NONE', *, *, #4203, .T. ) ;
#536 = CARTESIAN_POINT ( 'NONE',  ( 161.3855924104052804, -121.5908177774032453, 62.32236411508113605 ) ) ;
#537 = AXIS2_PLACEMENT_3D ( 'NONE', #2747, #8540, #4728 ) ;
#538 = VECTOR ( 'NONE', #4768, 1000.000000000000000 ) ;
#539 = DIRECTION ( 'NONE',  ( 0.000000000000000000, -1.000000000000000000, 1.074295325692379890E-17 ) ) ;
#540 = DIRECTION ( 'NONE',  ( -1.000000000000000000, 2.602085213964869829E-17, -7.166576360129189239E-17 ) ) ;
#541 = LINE ( 'NONE', #10878, #11379 ) ;
#542 = DIRECTION ( 'NONE',  ( 0.5735764363510417185, 0.8191520442889947962, 5.941753882927164684E-15 ) ) ;
#543 = ADVANCED_FACE ( 'NONE', ( #704 ), #1685, .F. ) ;
#544 = CARTESIAN_POINT ( 'NONE',  ( 163.1093391955747336, -139.0155505122760076, 66.52198898605048782 ) ) ;
#545 = ORIENTED_EDGE ( 'NONE', *, *, #8620, .F. ) ;
#546 = DIRECTION ( 'NONE',  ( -9.644381700046828834E-17, 1.000000000000000000, -2.327875578288750051E-16 ) ) ;
#547 = ADVANCED_FACE ( 'NONE', ( #10237 ), #6329, .T. ) ;
#548 = VECTOR ( 'NONE', #2487, 1000.000000000000000 ) ;
#549 = EDGE_LOOP ( 'NONE', ( #1111, #5818, #11241, #7938, #10267, #2967, #3412 ) ) ;
#550 = ORIENTED_EDGE ( 'NONE', *, *, #10855, .T. ) ;
#551 = VECTOR ( 'NONE', #5916, 1000.000000000000000 ) ;
#552 = EDGE_CURVE ( 'NONE', #7307, #10704, #4520, .T. ) ;
#553 = ORIENTED_EDGE ( 'NONE', *, *, #3390, .F. ) ;
#554 = CARTESIAN_POINT ( 'NONE',  ( 132.9671133453900040, -153.4262670685222645, 66.63744957228564658 ) ) ;
#555 = CARTESIAN_POINT ( 'NONE',  ( 162.7170963449785006, -140.5154995110418099, 67.29300432955899680 ) ) ;
#556 = CIRCLE ( 'NONE', #9197, 0.5999999999999894307 ) ;
#557 = CARTESIAN_POINT ( 'NONE',  ( 133.4505698619252883, -122.5563981142746712, 57.92296970093234165 ) ) ;
#558 = AXIS2_PLACEMENT_3D ( 'NONE', #1779, #1965, #1902 ) ;
#559 = CARTESIAN_POINT ( 'NONE',  ( 162.3677708826299977, -132.8294214697000086, 53.47602185630480420 ) ) ;
#560 = EDGE_CURVE ( 'NONE', #1028, #8260, #1628, .T. ) ;
#561 = ORIENTED_EDGE ( 'NONE', *, *, #102, .F. ) ;
#562 = LINE ( 'NONE', #6230, #4584 ) ;
#563 = ORIENTED_EDGE ( 'NONE', *, *, #11375, .F. ) ;
#564 = DIRECTION ( 'NONE',  ( 1.221543029324420125E-14, -6.709576272139159973E-15, 1.000000000000000000 ) ) ;
#565 = ORIENTED_EDGE ( 'NONE', *, *, #8780, .T. ) ;
#566 = CIRCLE ( 'NONE', #4491, 3.099999999999991651 ) ;
#567 = VERTEX_POINT ( 'NONE', #12032 ) ;
#568 = DIRECTION ( 'NONE',  ( 0.7071067811865475727, 0.000000000000000000, -0.7071067811865475727 ) ) ;
#569 = VERTEX_POINT ( 'NONE', #9192 ) ;
#570 = DIRECTION ( 'NONE',  ( 0.000000000000000000, -1.526556658859589750E-16, -1.000000000000000000 ) ) ;
#571 = CARTESIAN_POINT ( 'NONE',  ( 174.2350391999289911, -150.4118381109059897, 108.8158570098819951 ) ) ;
#572 = DIRECTION ( 'NONE',  ( 0.000000000000000000, 0.000000000000000000, -1.000000000000000000 ) ) ;
#573 = VECTOR ( 'NONE', #502, 1000.000000000000000 ) ;
#574 = DIRECTION ( 'NONE',  ( -7.166576360129189239E-17, 0.000000000000000000, 1.000000000000000000 ) ) ;
#575 = VERTEX_POINT ( 'NONE', #764 ) ;
#576 = ORIENTED_EDGE ( 'NONE', *, *, #5780, .T. ) ;
#577 = CARTESIAN_POINT ( 'NONE',  ( 134.8866832725759934, -141.1009582698530096, 109.3643807108249888 ) ) ;
#578 = ORIENTED_EDGE ( 'NONE', *, *, #1345, .F. ) ;
#579 = LINE ( 'NONE', #6188, #8773 ) ;
#580 = CARTESIAN_POINT ( 'NONE',  ( 160.7171133453894925, -138.5155505122764055, 67.29289313032980147 ) ) ;
#581 = ADVANCED_FACE ( 'NONE', ( #9071 ), #8213, .T. ) ;
#582 = AXIS2_PLACEMENT_3D ( 'NONE', #10307, #892, #12166 ) ;
#583 = DIRECTION ( 'NONE',  ( -1.000000000000000000, 2.602085213965009729E-17, 8.810118433399840573E-15 ) ) ;
#584 = FACE_OUTER_BOUND ( 'NONE', #810, .T. ) ;
#585 = CARTESIAN_POINT ( 'NONE',  ( 132.2171133453900040, -141.8439776370219931, 68.99999991151659628 ) ) ;
#586 = CARTESIAN_POINT ( 'NONE',  ( 138.3384323457489984, -144.2932744292889993, 110.3980652144450119 ) ) ;
#587 = DIRECTION ( 'NONE',  ( 9.403221665368360057E-16, 1.000000000000000000, -1.526556658859389823E-16 ) ) ;
#588 = CARTESIAN_POINT ( 'NONE',  ( 135.0148428017970161, -141.4296897726239877, 106.3643259126279901 ) ) ;
#589 = DIRECTION ( 'NONE',  ( 1.745666764649030079E-15, 1.000000000000000000, -1.745666764649145055E-15 ) ) ;
#590 = CARTESIAN_POINT ( 'NONE',  ( 132.2171133453900040, -139.0155505122760076, 65.99999991151649681 ) ) ;
#591 = VERTEX_POINT ( 'NONE', #7295 ) ;
#592 = ORIENTED_EDGE ( 'NONE', *, *, #5369, .F. ) ;
#593 = CARTESIAN_POINT ( 'NONE',  ( 160.2171133453899756, -138.0155505122760076, 67.99999991151629786 ) ) ;
#594 =( BOUNDED_CURVE ( )  B_SPLINE_CURVE ( 3, ( #3258, #5235, #3320, #437 ),
 .UNSPECIFIED., .F., .T. ) 
 B_SPLINE_CURVE_WITH_KNOTS ( ( 4, 4 ),
 ( 4.719147851734369681, 4.896085245076289283 ),
 .UNSPECIFIED. ) 
 CURVE ( )  GEOMETRIC_REPRESENTATION_ITEM ( )  RATIONAL_B_SPLINE_CURVE ( ( 1.000000000000000000, 0.9973927977201900719, 0.9973927977201900719, 1.000000000000000000 ) ) 
 REPRESENTATION_ITEM ( '' )  );
#595 = DIRECTION ( 'NONE',  ( 0.000000000000000000, -1.000000000000000000, -6.573933234426810631E-15 ) ) ;
#596 = VERTEX_POINT ( 'NONE', #7357 ) ;
#597 = EDGE_CURVE ( 'NONE', #1845, #7094, #10408, .T. ) ;
#598 = EDGE_CURVE ( 'NONE', #6712, #10129, #9827, .T. ) ;
#599 = CARTESIAN_POINT ( 'NONE',  ( 161.4287077978937930, -121.6342322257750510, 62.35216391071750053 ) ) ;
#600 = DIRECTION ( 'NONE',  ( 4.664896225277170639E-15, -1.000000000000000000, -6.573933234426810631E-15 ) ) ;
#601 = DIRECTION ( 'NONE',  ( -2.950447108908235220E-15, 1.000000000000000000, 0.000000000000000000 ) ) ;
#602 = FACE_OUTER_BOUND ( 'NONE', #819, .T. ) ;
#603 = DIRECTION ( 'NONE',  ( -2.428612984199854922E-16, 1.000000000000000000, 6.217248937900871104E-15 ) ) ;
#604 = LINE ( 'NONE', #8053, #5647 ) ;
#605 = CARTESIAN_POINT ( 'NONE',  ( 163.4876018428244890, -148.9298859776444033, 50.25265112427409520 ) ) ;
#606 = ORIENTED_EDGE ( 'NONE', *, *, #5247, .T. ) ;
#607 = ORIENTED_EDGE ( 'NONE', *, *, #112, .F. ) ;
#608 = EDGE_LOOP ( 'NONE', ( #11391, #3840, #5518, #5176 ) ) ;
#609 = EDGE_CURVE ( 'NONE', #3057, #10732, #11907, .T. ) ;
#610 = FILL_AREA_STYLE ('',( #3310 ) ) ;
#611 = EDGE_CURVE ( 'NONE', #221, #3123, #5513, .T. ) ;
#612 = CARTESIAN_POINT ( 'NONE',  ( 161.9560177965002481, -122.5273277584624623, 57.93347611558600363 ) ) ;
#613 = ADVANCED_FACE ( 'NONE', ( #11847 ), #6106, .F. ) ;
#614 = CARTESIAN_POINT ( 'NONE',  ( 162.9066213135239423, -141.0854284083543746, 67.74618605917623881 ) ) ;
#615 = LINE ( 'NONE', #10093, #8105 ) ;
#616 = VECTOR ( 'NONE', #459, 1000.000000000000114 ) ;
#617 = ADVANCED_FACE ( 'NONE', ( #1985, #10534 ), #24, .T. ) ;
#618 = DIRECTION ( 'NONE',  ( 0.4397326120323102328, 0.1821432117215494584, 0.8794652240646019248 ) ) ;
#619 = ORIENTED_EDGE ( 'NONE', *, *, #2068, .T. ) ;
#620 = CARTESIAN_POINT ( 'NONE',  ( 163.5702866917750100, -147.3020086834460187, 50.01464741515639645 ) ) ;
#621 = CARTESIAN_POINT ( 'NONE',  ( 163.2171133453899756, -141.7130779327618484, 68.99999991151629786 ) ) ;
#622 = ORIENTED_EDGE ( 'NONE', *, *, #11866, .T. ) ;
#623 = VECTOR ( 'NONE', #11216, 1000.000000000000000 ) ;
#624 = CARTESIAN_POINT ( 'NONE',  ( 170.2171132998489895, -154.4297640746490003, 94.35358147955379593 ) ) ;
#625 = ORIENTED_EDGE ( 'NONE', *, *, #9987, .T. ) ;
#626 = VERTEX_POINT ( 'NONE', #7594 ) ;
#627 = DIRECTION ( 'NONE',  ( 0.4001450253381057531, 5.551115123125785069E-15, -0.9164518310839727677 ) ) ;
#628 = EDGE_CURVE ( 'NONE', #3247, #5486, #3770, .T. ) ;
#629 = ORIENTED_EDGE ( 'NONE', *, *, #7736, .F. ) ;
#630 = ADVANCED_FACE ( 'NONE', ( #4881 ), #12155, .T. ) ;
#631 = CARTESIAN_POINT ( 'NONE',  ( 134.8866450717220005, -141.1010276121810136, 110.4199042041929886 ) ) ;
#632 = VECTOR ( 'NONE', #8655, 1000.000000000000000 ) ;
#633 = CARTESIAN_POINT ( 'NONE',  ( 162.2171133453900040, -135.4297640746490288, 71.99999985651460577 ) ) ;
#634 = CARTESIAN_POINT ( 'NONE',  ( 173.7377007469297610, -149.1808719824372815, 56.42583669493305365 ) ) ;
#635 = LINE ( 'NONE', #11651, #3812 ) ;
#636 = CARTESIAN_POINT ( 'NONE',  ( 130.1106248479624128, -114.8297640215114086, 62.75000000000000000 ) ) ;
#637 = ORIENTED_EDGE ( 'NONE', *, *, #6991, .T. ) ;
#638 = DIRECTION ( 'NONE',  ( 0.000000000000000000, -1.000000000000000000, -6.573933234426810631E-15 ) ) ;
#639 = VECTOR ( 'NONE', #376, 1000.000000000000000 ) ;
#640 = ORIENTED_EDGE ( 'NONE', *, *, #3105, .F. ) ;
#641 = DIRECTION ( 'NONE',  ( -2.590556452045940420E-16, 0.7071067811865520136, -0.7071067811865431318 ) ) ;
#642 = DIRECTION ( 'NONE',  ( -3.965082230804130614E-15, -1.000000000000000000, 1.074294585136279967E-17 ) ) ;
#643 = EDGE_CURVE ( 'NONE', #7593, #11695, #7672, .T. ) ;
#644 = CARTESIAN_POINT ( 'NONE',  ( 132.2171133453900040, -154.4297640746490003, 62.74999974667980496 ) ) ;
#645 = DIRECTION ( 'NONE',  ( -1.000000000000000000, 0.000000000000000000, 0.000000000000000000 ) ) ;
#646 = CARTESIAN_POINT ( 'NONE',  ( 138.3383720795119984, -144.2932661172399946, 110.4183912023619882 ) ) ;
#647 = VECTOR ( 'NONE', #4918, 1000.000000000000114 ) ;
#648 = DIRECTION ( 'NONE',  ( 0.000000000000000000, -1.000000000000000000, 1.074295325692379890E-17 ) ) ;
#649 = B_SPLINE_CURVE_WITH_KNOTS ( 'NONE', 3,
 ( #1328, #5826, #9577, #1143 ),
 .UNSPECIFIED., .F., .F.,
 ( 4, 4 ),
 ( 0.000000000000000000, 1.000000000000000000 ),
 .UNSPECIFIED. ) ;
#650 = DIRECTION ( 'NONE',  ( 1.778958924614220093E-14, 1.000000000000000000, 0.000000000000000000 ) ) ;
#651 = FACE_OUTER_BOUND ( 'NONE', #8920, .T. ) ;
#652 = DIRECTION ( 'NONE',  ( -0.7071067811865709984, 0.000000000000000000, -0.7071067811865240360 ) ) ;
#653 = DIRECTION ( 'NONE',  ( 0.7071067811865121566, 0.000000000000000000, 0.7071067811865827668 ) ) ;
#654 = EDGE_LOOP ( 'NONE', ( #2348, #7949, #2207, #6807, #2958 ) ) ;
#655 = VERTEX_POINT ( 'NONE', #2099 ) ;
#656 = CARTESIAN_POINT ( 'NONE',  ( 132.6106248479624128, -117.8297640215114086, 60.27765112427590566 ) ) ;
#657 = CARTESIAN_POINT ( 'NONE',  ( 143.4008046154339695, -141.4297640215119998, 111.3643259181410059 ) ) ;
#658 = ORIENTED_EDGE ( 'NONE', *, *, #10907, .T. ) ;
#659 = CIRCLE ( 'NONE', #11469, 4.250025253359296151 ) ;
#660 = CYLINDRICAL_SURFACE ( 'NONE', #9154, 3.099999999999991651 ) ;
#661 = CARTESIAN_POINT ( 'NONE',  ( 124.2171133453900040, -153.1834562892635176, 64.74999999999928946 ) ) ;
#662 = DIRECTION ( 'NONE',  ( -4.692345787041510278E-15, -1.000000000000000000, -6.998008323019100649E-15 ) ) ;
#663 = LINE ( 'NONE', #11748, #5451 ) ;
#664 = DIRECTION ( 'NONE',  ( 3.952306631074005269E-15, -1.000000000000000000, -6.049920343342720227E-15 ) ) ;
#665 = ADVANCED_FACE ( 'NONE', ( #1177 ), #8518, .T. ) ;
#666 = VECTOR ( 'NONE', #12161, 1000.000000000000000 ) ;
#667 = FACE_OUTER_BOUND ( 'NONE', #7992, .T. ) ;
#668 = EDGE_CURVE ( 'NONE', #10040, #4736, #4706, .T. ) ;
#669 =( BOUNDED_CURVE ( )  B_SPLINE_CURVE ( 3, ( #5190, #10973, #4329, #8143 ),
 .UNSPECIFIED., .F., .F. ) 
 B_SPLINE_CURVE_WITH_KNOTS ( ( 4, 4 ),
 ( 5.349890256905279529, 5.779402594102980295 ),
 .UNSPECIFIED. ) 
 CURVE ( )  GEOMETRIC_REPRESENTATION_ITEM ( )  RATIONAL_B_SPLINE_CURVE ( ( 1.000000000000000000, 0.9846855906441770445, 0.9846855906441770445, 1.000000000000000000 ) ) 
 REPRESENTATION_ITEM ( '' )  );
#670 = FACE_OUTER_BOUND ( 'NONE', #6805, .T. ) ;
#671 = EDGE_LOOP ( 'NONE', ( #7415, #11443, #10116, #4747, #4180 ) ) ;
#672 = ORIENTED_EDGE ( 'NONE', *, *, #10030, .F. ) ;
#673 = VERTEX_POINT ( 'NONE', #10480 ) ;
#674 = FACE_OUTER_BOUND ( 'NONE', #5109, .T. ) ;
#675 = VECTOR ( 'NONE', #2592, 1000.000000000000000 ) ;
#676 = SPHERICAL_SURFACE ( 'NONE', #4262, 1.000000000000000000 ) ;
#677 = CARTESIAN_POINT ( 'NONE',  ( 135.2171133453900040, -119.4297640746489861, 96.26432591814179318 ) ) ;
#678 = CARTESIAN_POINT ( 'NONE',  ( 173.2171134944019855, -148.4297640215245906, 62.75000000000000000 ) ) ;
#679 = SURFACE_SIDE_STYLE ('',( #6228 ) ) ;
#680 = EDGE_CURVE ( 'NONE', #11438, #6628, #3714, .T. ) ;
#681 = VERTEX_POINT ( 'NONE', #2845 ) ;
#682 = CARTESIAN_POINT ( 'NONE',  ( 135.2171133453900040, -119.4297640746489861, 67.99999991151649681 ) ) ;
#683 = VECTOR ( 'NONE', #1769, 1000.000000000000000 ) ;
#684 = VERTEX_POINT ( 'NONE', #5741 ) ;
#685 = CARTESIAN_POINT ( 'NONE',  ( 165.2171133453900040, -120.4297639548180001, 62.75000000000000000 ) ) ;
#686 = EDGE_CURVE ( 'NONE', #2825, #7030, #7482, .T. ) ;
#687 = VERTEX_POINT ( 'NONE', #1863 ) ;
#688 = EDGE_LOOP ( 'NONE', ( #8785, #3824, #3028, #998 ) ) ;
#689 = CARTESIAN_POINT ( 'NONE',  ( 122.2171131963784063, -139.6937481978255846, 58.25000000000000000 ) ) ;
#690 = ORIENTED_EDGE ( 'NONE', *, *, #6720, .F. ) ;
#691 = VECTOR ( 'NONE', #4516, 1000.000000000000000 ) ;
#692 = DIRECTION ( 'NONE',  ( -0.7071067811865500152, -0.7071067811865450192, 5.726850911312339975E-17 ) ) ;
#693 = CARTESIAN_POINT ( 'NONE',  ( 162.5759155177759965, -139.4891224999479959, 66.96449473225500526 ) ) ;
#694 = FACE_OUTER_BOUND ( 'NONE', #2458, .T. ) ;
#695 = LINE ( 'NONE', #6546, #6968 ) ;
#696 = CARTESIAN_POINT ( 'NONE',  ( 170.9798797530100103, -114.4297640215112040, 57.75000000000000000 ) ) ;
#697 = EDGE_CURVE ( 'NONE', #9973, #167, #2334, .T. ) ;
#698 = ORIENTED_EDGE ( 'NONE', *, *, #7446, .T. ) ;
#699 = VECTOR ( 'NONE', #477, 1000.000000000000000 ) ;
#700 = FACE_OUTER_BOUND ( 'NONE', #8148, .T. ) ;
#701 = EDGE_CURVE ( 'NONE', #3306, #6217, #4109, .T. ) ;
#702 = VERTEX_POINT ( 'NONE', #79 ) ;
#703 = DIRECTION ( 'NONE',  ( -2.428612984199854922E-16, 1.000000000000000000, 6.217248937900871104E-15 ) ) ;
#704 = FACE_OUTER_BOUND ( 'NONE', #1365, .T. ) ;
#705 = LINE ( 'NONE', #7358, #8200 ) ;
#706 = CARTESIAN_POINT ( 'NONE',  ( 132.5100065642029961, -141.1368708558350136, 89.41609849487390704 ) ) ;
#707 = VECTOR ( 'NONE', #3544, 1000.000000000000000 ) ;
#708 = VECTOR ( 'NONE', #3693, 1000.000000000000000 ) ;
#709 = DIRECTION ( 'NONE',  ( 1.734923811392159935E-15, 1.000000000000000000, 1.734923811392220086E-15 ) ) ;
#710 = DIRECTION ( 'NONE',  ( -1.000000000000000000, -9.644381700046549035E-17, 1.177071316573370074E-14 ) ) ;
#711 = CARTESIAN_POINT ( 'NONE',  ( 120.2171133453899898, -126.4297640215114029, 64.75000000000000000 ) ) ;
#712 = EDGE_CURVE ( 'NONE', #5734, #12184, #7067, .T. ) ;
#713 = CARTESIAN_POINT ( 'NONE',  ( 162.9240113076430134, -139.0155507307715936, 66.70690307604189684 ) ) ;
#714 = CARTESIAN_POINT ( 'NONE',  ( 162.5448647640011757, -153.3944049885361665, 66.85494753292542214 ) ) ;
#715 = DIRECTION ( 'NONE',  ( 0.000000000000000000, 1.000000000000000000, -1.074295325692379890E-17 ) ) ;
#716 = EDGE_LOOP ( 'NONE', ( #6835, #1895, #5917, #4744 ) ) ;
#717 = ORIENTED_EDGE ( 'NONE', *, *, #247, .F. ) ;
#718 = CARTESIAN_POINT ( 'NONE',  ( 132.6248169134119905, -148.4297640746490003, 102.0997837512840078 ) ) ;
#719 = VECTOR ( 'NONE', #6432, 1000.000000000000000 ) ;
#720 = DIRECTION ( 'NONE',  ( 0.000000000000000000, 6.573933234426810631E-15, -1.000000000000000000 ) ) ;
#721 = ORIENTED_EDGE ( 'NONE', *, *, #3978, .F. ) ;
#722 = DIRECTION ( 'NONE',  ( -5.947210316807140508E-15, -1.000000000000000000, 1.526556658859589750E-16 ) ) ;
#723 = CARTESIAN_POINT ( 'NONE',  ( 134.2171133453900040, -119.4297640746489861, 69.99999991151649681 ) ) ;
#724 = CARTESIAN_POINT ( 'NONE',  ( 135.2171133453900040, -143.4297640215119714, 98.60072084258059988 ) ) ;
#725 = CIRCLE ( 'NONE', #7610, 11.54238125198780729 ) ;
#726 = CARTESIAN_POINT ( 'NONE',  ( 130.1106248479624128, -114.8297640215114086, 60.17765112427590424 ) ) ;
#727 = CARTESIAN_POINT ( 'NONE',  ( 160.5100065642029961, -138.7226572934619639, 68.99999991151629786 ) ) ;
#728 = CARTESIAN_POINT ( 'NONE',  ( 163.5971655625025107, -154.4297640215109766, 49.93727809041600096 ) ) ;
#729 = ORIENTED_EDGE ( 'NONE', *, *, #443, .T. ) ;
#730 = ORIENTED_EDGE ( 'NONE', *, *, #11766, .F. ) ;
#731 = ORIENTED_EDGE ( 'NONE', *, *, #9271, .T. ) ;
#732 = VECTOR ( 'NONE', #3736, 1000.000000000000000 ) ;
#733 = CARTESIAN_POINT ( 'NONE',  ( 132.8425461856797369, -153.3723608984268196, 66.91547699568198482 ) ) ;
#734 = CARTESIAN_POINT ( 'NONE',  ( 163.2201215148739948, -147.0622138173933990, 51.61840511973850454 ) ) ;
#735 = EDGE_CURVE ( 'NONE', #7458, #10730, #5624, .T. ) ;
#736 = DIRECTION ( 'NONE',  ( -0.8191520442889946851, 0.5735764363510417185, 3.263910464440868934E-15 ) ) ;
#737 = DIRECTION ( 'NONE',  ( 0.9999934369450365068, -3.480528811106593562E-15, 0.003622991423313477906 ) ) ;
#738 = DIRECTION ( 'NONE',  ( -0.8125199200687275303, -0.3365567705908014129, 0.4759631494779816840 ) ) ;
#739 = VECTOR ( 'NONE', #6381, 1000.000000000000000 ) ;
#740 = AXIS2_PLACEMENT_3D ( 'NONE', #3331, #3266, #7042 ) ;
#741 = ORIENTED_EDGE ( 'NONE', *, *, #2984, .F. ) ;
#742 = CARTESIAN_POINT ( 'NONE',  ( 138.3535652413330013, -144.2953952831159938, 105.3646710993549931 ) ) ;
#743 = EDGE_LOOP ( 'NONE', ( #10459, #9040, #11808, #11797 ) ) ;
#744 = DIRECTION ( 'NONE',  ( 0.7071067811865592301, 0.000000000000000000, -0.7071067811865356934 ) ) ;
#745 = VERTEX_POINT ( 'NONE', #3827 ) ;
#746 = ORIENTED_EDGE ( 'NONE', *, *, #7080, .F. ) ;
#747 = CARTESIAN_POINT ( 'NONE',  ( 156.9591226427349966, -117.4297640215114029, 62.10199319125020168 ) ) ;
#748 = AXIS2_PLACEMENT_3D ( 'NONE', #6980, #12014, #11653 ) ;
#749 = EDGE_CURVE ( 'NONE', #3988, #4803, #9374, .T. ) ;
#750 = CIRCLE ( 'NONE', #2710, 1.000000000000028644 ) ;
#751 = ORIENTED_EDGE ( 'NONE', *, *, #4820, .T. ) ;
#752 = PLANE ( 'NONE',  #913 ) ;
#753 = CARTESIAN_POINT ( 'NONE',  ( 162.7874486445959974, -140.3091836900630085, 67.05864959418070725 ) ) ;
#754 = DIRECTION ( 'NONE',  ( 1.070962509852519958E-16, -1.526556658859589750E-16, -1.000000000000000000 ) ) ;
#755 = ADVANCED_FACE ( 'NONE', ( #1057 ), #5102, .F. ) ;
#756 = DIRECTION ( 'NONE',  ( 3.160768215787150073E-15, 1.000000000000000000, 0.000000000000000000 ) ) ;
#757 = CARTESIAN_POINT ( 'NONE',  ( 139.0566595688557925, -145.0369438688379660, 111.1430889315275437 ) ) ;
#758 = CIRCLE ( 'NONE', #7640, 14.00026402016930049 ) ;
#759 = ORIENTED_EDGE ( 'NONE', *, *, #3431, .F. ) ;
#760 = AXIS2_PLACEMENT_3D ( 'NONE', #1886, #9398, #966 ) ;
#761 = DIRECTION ( 'NONE',  ( -0.7071067811867760566, 2.545575864073960320E-15, -0.7071067811863189778 ) ) ;
#762 = EDGE_LOOP ( 'NONE', ( #11951, #7566, #11430, #6786, #2329, #4286, #11465 ) ) ;
#763 = CARTESIAN_POINT ( 'NONE',  ( 133.9197131263889560, -121.7211188436392035, 62.40784982047208018 ) ) ;
#764 = CARTESIAN_POINT ( 'NONE',  ( 134.9242201265765857, -119.4297640746489861, 67.29289313032990094 ) ) ;
#765 = EDGE_CURVE ( 'NONE', #1740, #2206, #11406, .T. ) ;
#766 = FACE_OUTER_BOUND ( 'NONE', #6674, .T. ) ;
#767 = EDGE_CURVE ( 'NONE', #10767, #6000, #8690, .T. ) ;
#768 = CARTESIAN_POINT ( 'NONE',  ( 121.1489955666119869, -150.3616462958709974, 108.6871770333520004 ) ) ;
#769 = VECTOR ( 'NONE', #4220, 1000.000000000000000 ) ;
#770 = VECTOR ( 'NONE', #10420, 1000.000000000000000 ) ;
#771 = CARTESIAN_POINT ( 'NONE',  ( 162.9242201265759888, -141.1368708558350136, 68.99999991151629786 ) ) ;
#772 = EDGE_CURVE ( 'NONE', #5671, #1740, #7466, .T. ) ;
#773 = DIRECTION ( 'NONE',  ( -0.7071067811865475727, 0.000000000000000000, 0.7071067811865475727 ) ) ;
#774 = EDGE_CURVE ( 'NONE', #5365, #3425, #6574, .T. ) ;
#775 = DIRECTION ( 'NONE',  ( -1.000000000000000000, 3.160768215787150073E-15, 8.821935677471621045E-15 ) ) ;
#776 = ORIENTED_EDGE ( 'NONE', *, *, #3160, .F. ) ;
#777 = LINE ( 'NONE', #4467, #11789 ) ;
#778 = LINE ( 'NONE', #12105, #9801 ) ;
#779 = ORIENTED_EDGE ( 'NONE', *, *, #4218, .F. ) ;
#780 = ORIENTED_EDGE ( 'NONE', *, *, #1824, .T. ) ;
#781 = CARTESIAN_POINT ( 'NONE',  ( 162.6399203444899797, -144.5297640215119941, 66.96810934369278812 ) ) ;
#782 = LINE ( 'NONE', #8166, #6525 ) ;
#783 = ORIENTED_EDGE ( 'NONE', *, *, #8683, .F. ) ;
#784 = EDGE_CURVE ( 'NONE', #1477, #993, #4068, .T. ) ;
#785 = CARTESIAN_POINT ( 'NONE',  ( 157.6248169134119905, -148.0297640746490231, 105.4997837512840135 ) ) ;
#786 = DIRECTION ( 'NONE',  ( -1.273698839494967926E-16, 1.000000000000000000, 5.844509856628541030E-15 ) ) ;
#787 = EDGE_CURVE ( 'NONE', #6661, #1028, #7097, .T. ) ;
#788 = CARTESIAN_POINT ( 'NONE',  ( 161.2171133453899756, -119.4297640746489861, 68.99999991151629786 ) ) ;
#789 = CARTESIAN_POINT ( 'NONE',  ( 133.2171133453900040, -119.4297640746489861, 65.99999991151649681 ) ) ;
#790 = DIRECTION ( 'NONE',  ( 1.000000000000000000, -3.480590576041360211E-15, -4.666241877321180938E-16 ) ) ;
#791 = DIRECTION ( 'NONE',  ( 0.000000000000000000, -0.9999999999999998890, 1.560792991609859804E-08 ) ) ;
#792 = ORIENTED_EDGE ( 'NONE', *, *, #5126, .F. ) ;
#793 = ORIENTED_EDGE ( 'NONE', *, *, #6352, .F. ) ;
#794 = ORIENTED_EDGE ( 'NONE', *, *, #10400, .T. ) ;
#795 = VECTOR ( 'NONE', #5443, 1000.000000000000000 ) ;
#796 = EDGE_CURVE ( 'NONE', #3378, #10912, #4259, .T. ) ;
#797 = PLANE ( 'NONE',  #5417 ) ;
#798 = CARTESIAN_POINT ( 'NONE',  ( 165.2171133453904872, -148.4297640215245906, 62.75000000000000000 ) ) ;
#799 = DIRECTION ( 'NONE',  ( 5.883148992937639856E-16, 1.000000000000000000, -5.883148992938029356E-16 ) ) ;
#800 = LINE ( 'NONE', #678, #2518 ) ;
#801 = PRODUCT_CONTEXT ( 'NONE', #2541, 'mechanical' ) ;
#802 = ORIENTED_EDGE ( 'NONE', *, *, #4992, .T. ) ;
#803 = CARTESIAN_POINT ( 'NONE',  ( 138.3355264575809827, -144.2928689417099974, 111.3646861064190006 ) ) ;
#804 = ORIENTED_EDGE ( 'NONE', *, *, #9964, .T. ) ;
#805 = VERTEX_POINT ( 'NONE', #254 ) ;
#806 = CARTESIAN_POINT ( 'NONE',  ( 131.5100065759849883, -145.4297640746490003, 71.70710662566709459 ) ) ;
#807 = ORIENTED_EDGE ( 'NONE', *, *, #863, .T. ) ;
#808 = ORIENTED_EDGE ( 'NONE', *, *, #9031, .T. ) ;
#809 = LINE ( 'NONE', #8261, #11781 ) ;
#810 = EDGE_LOOP ( 'NONE', ( #3334, #1163, #2412, #7763, #5105 ) ) ;
#811 = CARTESIAN_POINT ( 'NONE',  ( 135.2171131927750309, -148.0297640746490231, 103.7997837512839965 ) ) ;
#812 = DIRECTION ( 'NONE',  ( -0.8191520442889947962, 0.5735764363510417185, 0.000000000000000000 ) ) ;
#813 = CARTESIAN_POINT ( 'NONE',  ( 175.2171133453905156, -149.4193518720470024, 62.24960223581899754 ) ) ;
#814 = CARTESIAN_POINT ( 'NONE',  ( 163.2171133453900040, -119.4459165395000042, 96.26432591814179318 ) ) ;
#815 = AXIS2_PLACEMENT_3D ( 'NONE', #7911, #3576, #1618 ) ;
#816 = DIRECTION ( 'NONE',  ( 1.000000000000000000, -3.683226109728400325E-15, 7.166576360129239776E-17 ) ) ;
#817 = ADVANCED_FACE ( 'NONE', ( #1301 ), #9453, .T. ) ;
#818 = EDGE_CURVE ( 'NONE', #9508, #1319, #11467, .T. ) ;
#819 = EDGE_LOOP ( 'NONE', ( #3959, #2292, #495, #5 ) ) ;
#820 = CARTESIAN_POINT ( 'NONE',  ( 132.6248169134119905, -148.0297640746490231, 102.0997837512840078 ) ) ;
#821 = ORIENTED_EDGE ( 'NONE', *, *, #3589, .T. ) ;
#822 = CARTESIAN_POINT ( 'NONE',  ( 171.2171132998449821, -153.4297640746490003, 100.7500000000320028 ) ) ;
#823 = CARTESIAN_POINT ( 'NONE',  ( 162.8236018428179932, -117.4297640215112040, 60.17765112427590424 ) ) ;
#824 = AXIS2_PLACEMENT_3D ( 'NONE', #8717, #6814, #277 ) ;
#825 = TOROIDAL_SURFACE ( 'NONE', #11637, 0.9000000000000000222, 0.5999999999999999778 ) ;
#826 = PLANE ( 'NONE',  #8789 ) ;
#827 = CARTESIAN_POINT ( 'NONE',  ( 162.7390975880338146, -139.0155505122760076, 70.10777195433547604 ) ) ;
#828 = DIRECTION ( 'NONE',  ( 4.125092604730555552E-15, -1.000000000000000000, -5.921943449235890703E-15 ) ) ;
#829 = CARTESIAN_POINT ( 'NONE',  ( 162.2171133453900040, -126.9297640746490146, 80.50005035146730847 ) ) ;
#830 = DIRECTION ( 'NONE',  ( -1.000000000000000000, 2.602085213964869829E-17, -7.166576360129189239E-17 ) ) ;
#831 = ADVANCED_FACE ( 'NONE', ( #7953 ), #6116, .T. ) ;
#832 = ORIENTED_EDGE ( 'NONE', *, *, #11010, .F. ) ;
#833 = CARTESIAN_POINT ( 'NONE',  ( 162.5001399845841377, -153.4131934294040036, 66.74575736857623554 ) ) ;
#834 = CARTESIAN_POINT ( 'NONE',  ( 162.1615354400554736, -114.6964651972126035, 54.47584747592299692 ) ) ;
#835 = ORIENTED_EDGE ( 'NONE', *, *, #1500, .T. ) ;
#836 = ORIENTED_EDGE ( 'NONE', *, *, #11830, .T. ) ;
#837 = FACE_OUTER_BOUND ( 'NONE', #9534, .T. ) ;
#838 = ADVANCED_FACE ( 'NONE', ( #12082 ), #8322, .T. ) ;
#839 = CARTESIAN_POINT ( 'NONE',  ( 162.2171133453900040, -141.8439776370219931, 68.81249981955798489 ) ) ;
#840 = VERTEX_POINT ( 'NONE', #6237 ) ;
#841 = VECTOR ( 'NONE', #2457, 1000.000000000000000 ) ;
#842 = AXIS2_PLACEMENT_3D ( 'NONE', #9274, #8479, #844 ) ;
#843 = DIRECTION ( 'NONE',  ( 0.000000000000000000, 1.000000000000000000, 6.217248937900871104E-15 ) ) ;
#844 = DIRECTION ( 'NONE',  ( -1.000000000000000000, 0.000000000000000000, 0.000000000000000000 ) ) ;
#845 = CARTESIAN_POINT ( 'NONE',  ( 132.2171133534549767, -136.4297640746490288, 81.50005035146759269 ) ) ;
#846 = CARTESIAN_POINT ( 'NONE',  ( 135.2171131927750309, -154.0297640746490231, 103.7997837512839965 ) ) ;
#847 = DIRECTION ( 'NONE',  ( 3.390631652938239960E-24, -0.7071067811865520136, 0.7071067811865431318 ) ) ;
#848 = CARTESIAN_POINT ( 'NONE',  ( 132.5100065642033940, -153.1368708558354967, 98.59091295356078888 ) ) ;
#849 = CARTESIAN_POINT ( 'NONE',  ( 132.9671133453900040, -136.4297640746490288, 80.66992577182830360 ) ) ;
#850 = ADVANCED_FACE ( 'NONE', ( #3633 ), #5488, .F. ) ;
#851 = AXIS2_PLACEMENT_3D ( 'NONE', #9150, #9955, #7258 ) ;
#852 = ORIENTED_EDGE ( 'NONE', *, *, #3775, .F. ) ;
#853 = EDGE_LOOP ( 'NONE', ( #6571, #1383, #8365, #3810 ) ) ;
#854 = EDGE_CURVE ( 'NONE', #684, #8735, #7650, .T. ) ;
#855 = ORIENTED_EDGE ( 'NONE', *, *, #989, .F. ) ;
#856 = CARTESIAN_POINT ( 'NONE',  ( 154.6834021859320103, -153.4297640215119714, 112.4405461112039859 ) ) ;
#857 = DIRECTION ( 'NONE',  ( 0.7071067811865461294, -0.7071067811865490160, 3.350363789175291802E-13 ) ) ;
#858 = CIRCLE ( 'NONE', #851, 11.59999999999999964 ) ;
#859 = PLANE ( 'NONE',  #9089 ) ;
#860 = CARTESIAN_POINT ( 'NONE',  ( 163.2171133453900040, -153.4297640746490003, 67.14091634279270693 ) ) ;
#861 = VERTEX_POINT ( 'NONE', #689 ) ;
#862 = DIRECTION ( 'NONE',  ( 1.000000000000000000, 0.000000000000000000, 0.000000000000000000 ) ) ;
#863 = EDGE_CURVE ( 'NONE', #11266, #2435, #5487, .T. ) ;
#864 = ORIENTED_EDGE ( 'NONE', *, *, #4504, .F. ) ;
#865 = ORIENTED_EDGE ( 'NONE', *, *, #6336, .T. ) ;
#866 = DIRECTION ( 'NONE',  ( 2.602085213964869829E-17, 1.000000000000000000, -1.526556658859589750E-16 ) ) ;
#867 = ORIENTED_EDGE ( 'NONE', *, *, #12045, .T. ) ;
#868 = CONICAL_SURFACE ( 'NONE', #6573, 11.79999999999999893, 0.7853981633974702614 ) ;
#869 = VERTEX_POINT ( 'NONE', #8998 ) ;
#870 = DIRECTION ( 'NONE',  ( -3.683226109728400325E-15, -1.000000000000000000, 1.150608946447910180E-15 ) ) ;
#871 = FACE_OUTER_BOUND ( 'NONE', #7464, .T. ) ;
#872 = CARTESIAN_POINT ( 'NONE',  ( 132.6808190795994733, -147.9158022202490486, 56.73544044089115346 ) ) ;
#873 = CARTESIAN_POINT ( 'NONE',  ( 175.2171132998439873, -153.4297640746490003, 103.7500000343809887 ) ) ;
#874 = CONICAL_SURFACE ( 'NONE', #8140, 23.75049366970479880, 0.7853981633974532750 ) ;
#875 = CARTESIAN_POINT ( 'NONE',  ( 123.9605599919992045, -148.4297640215245906, 58.25000000000000000 ) ) ;
#876 = LINE ( 'NONE', #5436, #6933 ) ;
#877 = ORIENTED_EDGE ( 'NONE', *, *, #2767, .T. ) ;
#878 = CARTESIAN_POINT ( 'NONE',  ( 158.7171133453899756, -139.3513368729310002, 93.86432591814070747 ) ) ;
#879 = ORIENTED_EDGE ( 'NONE', *, *, #10770, .F. ) ;
#880 = CARTESIAN_POINT ( 'NONE',  ( 134.0620045627452441, -121.5775390220157703, 62.31321040190471905 ) ) ;
#881 = AXIS2_PLACEMENT_3D ( 'NONE', #10979, #9807, #2293 ) ;
#882 = DIRECTION ( 'NONE',  ( 0.000000000000000000, -1.000000000000000000, -6.573933234426810631E-15 ) ) ;
#883 = DIRECTION ( 'NONE',  ( -0.7071067811865475727, 0.000000000000000000, 0.7071067811865475727 ) ) ;
#884 = CARTESIAN_POINT ( 'NONE',  ( 133.5171131927750139, -140.4297640215119998, 103.7997837512839965 ) ) ;
#885 = EDGE_CURVE ( 'NONE', #1174, #211, #6417, .T. ) ;
#886 = CARTESIAN_POINT ( 'NONE',  ( 137.6618395700759834, -144.1155431391929937, 110.4185129177269999 ) ) ;
#887 = DIRECTION ( 'NONE',  ( 0.005757296736460916844, 0.7071067811865525687, -0.7070833427074075805 ) ) ;
#888 = AXIS2_PLACEMENT_3D ( 'NONE', #11134, #7329, #10272 ) ;
#889 = CARTESIAN_POINT ( 'NONE',  ( 173.2171134944019855, -140.4297640215112324, 62.75000000000000000 ) ) ;
#890 = DIRECTION ( 'NONE',  ( -0.8125199200687275303, -0.3365567705908014129, 0.4759631494779816840 ) ) ;
#891 = ORIENTED_EDGE ( 'NONE', *, *, #5930, .T. ) ;
#892 = DIRECTION ( 'NONE',  ( 1.214306505109919625E-16, -1.000000000000000000, -6.573933234426810631E-15 ) ) ;
#893 = CARTESIAN_POINT ( 'NONE',  ( 131.5100065725368097, -142.4297640746490003, 80.79294357001271010 ) ) ;
#894 = ORIENTED_EDGE ( 'NONE', *, *, #11271, .F. ) ;
#895 = ORIENTED_EDGE ( 'NONE', *, *, #10697, .F. ) ;
#896 = CARTESIAN_POINT ( 'NONE',  ( 132.2474879634529827, -141.8947298340550276, 51.11866876023830031 ) ) ;
#897 = FACE_OUTER_BOUND ( 'NONE', #1798, .T. ) ;
#898 = VERTEX_POINT ( 'NONE', #2527 ) ;
#899 = VECTOR ( 'NONE', #5398, 1000.000000000000000 ) ;
#900 = ADVANCED_FACE ( 'NONE', ( #9174 ), #3383, .F. ) ;
#901 = LINE ( 'NONE', #11120, #2774 ) ;
#902 = CARTESIAN_POINT ( 'NONE',  ( 132.2171133453900040, -153.4297640746490003, 58.25000000000000000 ) ) ;
#903 = CARTESIAN_POINT ( 'NONE',  ( 158.5171131927750139, -148.0297640746490231, 105.4997837512840135 ) ) ;
#904 = EDGE_CURVE ( 'NONE', #11403, #1314, #11959, .T. ) ;
#905 = LINE ( 'NONE', #1887, #10705 ) ;
#906 = CARTESIAN_POINT ( 'NONE',  ( 133.2171133453900040, -153.4297640746490003, 98.59347481217798759 ) ) ;
#907 = CIRCLE ( 'NONE', #9750, 2.750000000000002665 ) ;
#908 = DIRECTION ( 'NONE',  ( -1.000000000000000000, 0.000000000000000000, 0.000000000000000000 ) ) ;
#909 = EDGE_LOOP ( 'NONE', ( #12020, #10352, #10225, #5971 ) ) ;
#910 = ORIENTED_EDGE ( 'NONE', *, *, #4218, .T. ) ;
#911 = ORIENTED_EDGE ( 'NONE', *, *, #7161, .T. ) ;
#912 = CARTESIAN_POINT ( 'NONE',  ( 121.2171133453899898, -140.4297640215119998, 102.7500000000290044 ) ) ;
#913 = AXIS2_PLACEMENT_3D ( 'NONE', #8137, #9984, #3447 ) ;
#914 = ADVANCED_FACE ( 'NONE', ( #1670 ), #9980, .T. ) ;
#915 = LINE ( 'NONE', #4679, #6641 ) ;
#916 = DIRECTION ( 'NONE',  ( 1.269123695650339974E-14, -1.000000000000000000, -6.660334767718640911E-15 ) ) ;
#917 = DIRECTION ( 'NONE',  ( 0.000000000000000000, -1.000000000000000000, 1.526556658859589750E-16 ) ) ;
#918 = EDGE_CURVE ( 'NONE', #4806, #6586, #11027, .T. ) ;
#920 = EDGE_CURVE ( 'NONE', #2206, #575, #6869, .T. ) ;
#919 = ORIENTED_EDGE ( 'NONE', *, *, #12045, .F. ) ;
#921 = DIRECTION ( 'NONE',  ( 1.000000000000000000, 0.000000000000000000, 0.000000000000000000 ) ) ;
#922 = ORIENTED_EDGE ( 'NONE', *, *, #3092, .T. ) ;
#923 = EDGE_LOOP ( 'NONE', ( #7211, #1009, #2250, #5457, #3232, #6727 ) ) ;
#924 = VECTOR ( 'NONE', #2270, 1000.000000000000000 ) ;
#925 = DIRECTION ( 'NONE',  ( 2.449293589365059812E-16, -6.573933234426810631E-15, 1.000000000000000000 ) ) ;
#926 = ORIENTED_EDGE ( 'NONE', *, *, #10260, .F. ) ;
#927 = ORIENTED_EDGE ( 'NONE', *, *, #10751, .T. ) ;
#928 = EDGE_CURVE ( 'NONE', #416, #10069, #1561, .T. ) ;
#929 = DIRECTION ( 'NONE',  ( -7.166576360160349245E-17, -7.827405568325590594E-14, 1.000000000000000000 ) ) ;
#930 = ADVANCED_FACE ( 'NONE', ( #7156 ), #8073, .T. ) ;
#931 = CARTESIAN_POINT ( 'NONE',  ( 136.7171133453900040, -138.8513368967660142, 80.50005035713219570 ) ) ;
#932 = CIRCLE ( 'NONE', #3686, 1.000000000000000888 ) ;
#933 = CARTESIAN_POINT ( 'NONE',  ( 124.4543469377703957, -114.4297640215114029, 57.75000000000000000 ) ) ;
#934 = VECTOR ( 'NONE', #141, 1000.000000000000000 ) ;
#935 = DIRECTION ( 'NONE',  ( 4.670887341908827383E-14, -0.08715574274765774954, -0.9961946980917455452 ) ) ;
#936 = LINE ( 'NONE', #1854, #82 ) ;
#937 = ORIENTED_EDGE ( 'NONE', *, *, #6129, .T. ) ;
#938 = DIRECTION ( 'NONE',  ( 2.449293581093249742E-16, -6.573933234426810631E-15, 1.000000000000000000 ) ) ;
#939 = ORIENTED_EDGE ( 'NONE', *, *, #8958, .T. ) ;
#940 = DIRECTION ( 'NONE',  ( 1.000000000000000000, -2.602085213964869829E-17, 7.166576360129189239E-17 ) ) ;
#941 = AXIS2_PLACEMENT_3D ( 'NONE', #4742, #2883, #3925 ) ;
#942 = ORIENTED_EDGE ( 'NONE', *, *, #7, .T. ) ;
#943 = CARTESIAN_POINT ( 'NONE',  ( 132.8887624867624595, -122.7589026943062009, 62.76336605775638589 ) ) ;
#944 = CIRCLE ( 'NONE', #10178, 2.349999999999990763 ) ;
#945 = DIRECTION ( 'NONE',  ( -1.000000000000000000, 2.602085213964869829E-17, -1.070962509852529942E-16 ) ) ;
#946 = PLANE ( 'NONE',  #9889 ) ;
#947 = FACE_OUTER_BOUND ( 'NONE', #10959, .T. ) ;
#948 = CARTESIAN_POINT ( 'NONE',  ( 135.2171133453900040, -138.4595744938966106, 57.98985306244370719 ) ) ;
#949 = AXIS2_PLACEMENT_3D ( 'NONE', #5149, #348, #11490 ) ;
#950 = DIRECTION ( 'NONE',  ( -7.166576360129300173E-17, 2.327875578288750051E-16, 1.000000000000000000 ) ) ;
#951 = CARTESIAN_POINT ( 'NONE',  ( 138.4751040480451820, -117.4297640215112040, 62.10199319125020168 ) ) ;
#952 = CARTESIAN_POINT ( 'NONE',  ( 123.0210531936763516, -139.1308233514495214, 55.63033466282671213 ) ) ;
#953 = B_SPLINE_CURVE_WITH_KNOTS ( 'NONE', 3,
 ( #11552, #7856, #11612, #10681, #9880, #6199, #5391, #4401, #11982, #3530, #4281, #4216, #9940, #1448 ),
 .UNSPECIFIED., .F., .F.,
 ( 4, 2, 2, 1, 1, 2, 2, 4 ),
 ( 0.000000000000000000, 0.2499999999994536592, 0.3749999999991804889, 0.4374999999990142330, 0.4687499999989352406, 0.4843749999989439559, 0.4999999999989526156, 1.000000000000000000 ),
 .UNSPECIFIED. ) ;
#954 = ORIENTED_EDGE ( 'NONE', *, *, #2953, .T. ) ;
#955 = PLANE ( 'NONE',  #12051 ) ;
#956 = CARTESIAN_POINT ( 'NONE',  ( 131.5100065953800197, -142.4297640746490003, 71.70710660627209165 ) ) ;
#957 = EDGE_CURVE ( 'NONE', #9508, #9924, #1555, .T. ) ;
#958 = ORIENTED_EDGE ( 'NONE', *, *, #4909, .T. ) ;
#959 = ORIENTED_EDGE ( 'NONE', *, *, #2632, .F. ) ;
#960 = CARTESIAN_POINT ( 'NONE',  ( 132.7171321604621994, -140.5154940670578014, 67.29299979819460020 ) ) ;
#961 = CARTESIAN_POINT ( 'NONE',  ( 139.1025978581049856, -140.4297705845669952, 105.3679489095639923 ) ) ;
#962 = ORIENTED_EDGE ( 'NONE', *, *, #11431, .T. ) ;
#963 = DIRECTION ( 'NONE',  ( 0.000000000000000000, -1.000000000000000000, 2.327875578288750051E-16 ) ) ;
#964 = CARTESIAN_POINT ( 'NONE',  ( 158.7171133453899756, -138.8513369720210164, 93.86432591814070747 ) ) ;
#965 = LINE ( 'NONE', #11121, #5378 ) ;
#966 = DIRECTION ( 'NONE',  ( -0.7269499109268069414, 0.6866904885051979823, 0.000000000000000000 ) ) ;
#967 = DIRECTION ( 'NONE',  ( 8.810118433399840573E-15, 1.526556658859309704E-16, 1.000000000000000000 ) ) ;
#968 = LINE ( 'NONE', #11124, #5851 ) ;
#969 = VECTOR ( 'NONE', #3698, 1000.000000000000000 ) ;
#970 = DIRECTION ( 'NONE',  ( 0.000000000000000000, -1.000000000000000000, -6.573933234426810631E-15 ) ) ;
#971 = EDGE_CURVE ( 'NONE', #6177, #6095, #809, .T. ) ;
#972 = EDGE_CURVE ( 'NONE', #5717, #5471, #11890, .T. ) ;
#973 = ORIENTED_EDGE ( 'NONE', *, *, #4209, .T. ) ;
#974 = EDGE_LOOP ( 'NONE', ( #151, #9679 ) ) ;
#975 = ORIENTED_EDGE ( 'NONE', *, *, #2534, .F. ) ;
#976 = CARTESIAN_POINT ( 'NONE',  ( 161.9171131927750196, -140.4297640215119998, 103.7997837512839965 ) ) ;
#977 = AXIS2_PLACEMENT_3D ( 'NONE', #4403, #3596, #2608 ) ;
#978 = DIRECTION ( 'NONE',  ( -1.000000000000000000, 0.000000000000000000, 0.000000000000000000 ) ) ;
#979 = DIRECTION ( 'NONE',  ( -6.331740684495599567E-17, 1.000000000000000000, -6.331740670771968823E-17 ) ) ;
#980 = ORIENTED_EDGE ( 'NONE', *, *, #982, .T. ) ;
#981 = CARTESIAN_POINT ( 'NONE',  ( 129.1543469377703843, -119.4297640215114029, 57.75000000000000000 ) ) ;
#982 = EDGE_CURVE ( 'NONE', #11661, #10040, #6481, .T. ) ;
#983 = ORIENTED_EDGE ( 'NONE', *, *, #11694, .T. ) ;
#984 = ORIENTED_EDGE ( 'NONE', *, *, #4542, .T. ) ;
#985 = ORIENTED_EDGE ( 'NONE', *, *, #8076, .T. ) ;
#986 = ORIENTED_EDGE ( 'NONE', *, *, #11112, .F. ) ;
#987 = EDGE_CURVE ( 'NONE', #11197, #10836, #1044, .T. ) ;
#988 = FACE_OUTER_BOUND ( 'NONE', #8247, .T. ) ;
#989 = EDGE_CURVE ( 'NONE', #2761, #10857, #3119, .T. ) ;
#990 = CARTESIAN_POINT ( 'NONE',  ( 163.2171133453900040, -153.4297640746490003, 98.70216526821880620 ) ) ;
#991 = CARTESIAN_POINT ( 'NONE',  ( 133.4132901639879947, -147.1833324234449947, 54.47436513418849557 ) ) ;
#992 = PLANE ( 'NONE',  #148 ) ;
#993 = VERTEX_POINT ( 'NONE', #9479 ) ;
#994 = CARTESIAN_POINT ( 'NONE',  ( 139.0735613365957875, -145.1333944780317893, 111.2394542240455024 ) ) ;
#995 = ORIENTED_EDGE ( 'NONE', *, *, #1184, .F. ) ;
#996 = CARTESIAN_POINT ( 'NONE',  ( 134.1481506560340051, -140.4297640215119998, 111.3643380452659954 ) ) ;
#997 = EDGE_CURVE ( 'NONE', #1638, #7460, #6602, .T. ) ;
#998 = ORIENTED_EDGE ( 'NONE', *, *, #4874, .F. ) ;
#999 = CARTESIAN_POINT ( 'NONE',  ( 134.7776203501978500, -120.8686580322639372, 61.52437788874630797 ) ) ;
#1000 = EDGE_CURVE ( 'NONE', #7826, #7937, #378, .T. ) ;
#1001 = CARTESIAN_POINT ( 'NONE',  ( 161.9171131927750196, -148.2297640746490117, 102.0997837512840078 ) ) ;
#1002 = PLANE ( 'NONE',  #244 ) ;
#1003 = CARTESIAN_POINT ( 'NONE',  ( 132.3013255875212337, -121.4338155540714013, 51.27363734734930034 ) ) ;
#1004 = CARTESIAN_POINT ( 'NONE',  ( 132.2171133453900040, -138.8513369585870123, 91.47862376826779496 ) ) ;
#1005 = CARTESIAN_POINT ( 'NONE',  ( 174.2171132998449821, -140.4297640215119998, 104.9785814795570076 ) ) ;
#1006 = VECTOR ( 'NONE', #1518, 1000.000000000000000 ) ;
#1007 = CARTESIAN_POINT ( 'NONE',  ( 174.2171133453904872, -149.8297640215157855, 64.75000000000000000 ) ) ;
#1008 = LINE ( 'NONE', #2734, #8209 ) ;
#1009 = ORIENTED_EDGE ( 'NONE', *, *, #1681, .T. ) ;
#1010 = PLANE ( 'NONE',  #582 ) ;
#1011 = FACE_OUTER_BOUND ( 'NONE', #6773, .T. ) ;
#1012 = ADVANCED_FACE ( 'NONE', ( #988 ), #10283, .T. ) ;
#1013 = VERTEX_POINT ( 'NONE', #7467 ) ;
#1014 = ORIENTED_EDGE ( 'NONE', *, *, #9879, .F. ) ;
#1016 = VECTOR ( 'NONE', #3851, 1000.000000000000000 ) ;
#1015 = CARTESIAN_POINT ( 'NONE',  ( 132.6072817688421992, -114.8297640215114086, 57.67765335951249739 ) ) ;
#1017 = FACE_OUTER_BOUND ( 'NONE', #7946, .T. ) ;
#1018 = ORIENTED_EDGE ( 'NONE', *, *, #957, .T. ) ;
#1019 = FACE_OUTER_BOUND ( 'NONE', #1514, .T. ) ;
#1020 = CARTESIAN_POINT ( 'NONE',  ( 169.2171133453904872, -149.8297640215157855, 62.75000000000000000 ) ) ;
#1021 = VECTOR ( 'NONE', #4013, 1000.000000000000000 ) ;
#1022 = LINE ( 'NONE', #12054, #11664 ) ;
#1023 = DIRECTION ( 'NONE',  ( 2.602085213964869829E-17, 1.000000000000000000, -1.526556658859589750E-16 ) ) ;
#1024 = CARTESIAN_POINT ( 'NONE',  ( 138.0808663299520163, -140.4297640215119998, 111.3643259181410059 ) ) ;
#1025 = CARTESIAN_POINT ( 'NONE',  ( 132.3771133453899722, -144.9297640480799885, 65.95898615365621254 ) ) ;
#1026 = CARTESIAN_POINT ( 'NONE',  ( 132.9671133453900040, -153.4287171616819876, 66.55091634279270352 ) ) ;
#1027 = ORIENTED_EDGE ( 'NONE', *, *, #4976, .F. ) ;
#1028 = VERTEX_POINT ( 'NONE', #2948 ) ;
#1029 = ORIENTED_EDGE ( 'NONE', *, *, #80, .T. ) ;
#1030 = VECTOR ( 'NONE', #11222, 1000.000000000000000 ) ;
#1031 = VECTOR ( 'NONE', #43, 1000.000000000000000 ) ;
#1032 = CARTESIAN_POINT ( 'NONE',  ( 162.4721316336380141, -132.1700309009920318, 53.17562527652629711 ) ) ;
#1033 = ADVANCED_FACE ( 'NONE', ( #11396, #2766 ), #5676, .T. ) ;
#1034 = DIRECTION ( 'NONE',  ( -0.7071067811865709984, 0.000000000000000000, -0.7071067811865240360 ) ) ;
#1035 = EDGE_CURVE ( 'NONE', #5211, #3350, #12139, .T. ) ;
#1036 = CARTESIAN_POINT ( 'NONE',  ( 162.7837621153794032, -153.2582496565304382, 67.07556332042236136 ) ) ;
#1037 = CIRCLE ( 'NONE', #10083, 1.700000000000007061 ) ;
#1038 = EDGE_LOOP ( 'NONE', ( #2473, #429, #11378 ) ) ;
#1039 = CARTESIAN_POINT ( 'NONE',  ( 162.4671133453900040, -153.4287171616819876, 66.55091634279270352 ) ) ;
#1040 = ORIENTED_EDGE ( 'NONE', *, *, #4150, .F. ) ;
#1041 = ORIENTED_EDGE ( 'NONE', *, *, #508, .T. ) ;
#1042 = ORIENTED_EDGE ( 'NONE', *, *, #6094, .T. ) ;
#1043 = ORIENTED_EDGE ( 'NONE', *, *, #12125, .T. ) ;
#1044 = LINE ( 'NONE', #1913, #7270 ) ;
#1045 = CARTESIAN_POINT ( 'NONE',  ( 139.0828876577280084, -140.4297640215119998, 110.8082242828500057 ) ) ;
#1046 = LINE ( 'NONE', #3758, #1794 ) ;
#1047 = EDGE_CURVE ( 'NONE', #6047, #8722, #2830, .T. ) ;
#1048 = DIRECTION ( 'NONE',  ( 3.965082230804130614E-15, 1.000000000000000000, -1.074295325692379890E-17 ) ) ;
#1049 = ORIENTED_EDGE ( 'NONE', *, *, #7040, .F. ) ;
#1050 = ADVANCED_FACE ( 'NONE', ( #1849 ), #3933, .T. ) ;
#1051 = PLANE ( 'NONE',  #2205 ) ;
#1052 = CIRCLE ( 'NONE', #12080, 3.099999999999991651 ) ;
#1053 = ORIENTED_EDGE ( 'NONE', *, *, #1824, .F. ) ;
#1054 =( BOUNDED_CURVE ( )  B_SPLINE_CURVE ( 3, ( #11624, #8855, #11437, #2993 ),
 .UNSPECIFIED., .F., .F. ) 
 B_SPLINE_CURVE_WITH_KNOTS ( ( 4, 4 ),
 ( 0.9332950502743110333, 1.564037455445220104 ),
 .UNSPECIFIED. ) 
 CURVE ( )  GEOMETRIC_REPRESENTATION_ITEM ( )  RATIONAL_B_SPLINE_CURVE ( ( 1.000000000000000000, 0.9671208724905309140, 0.9671208724905309140, 1.000000000000000000 ) ) 
 REPRESENTATION_ITEM ( '' )  );
#1055 = CARTESIAN_POINT ( 'NONE',  ( 123.6329413591913209, -149.0753130939282869, 53.86453275788485229 ) ) ;
#1056 = ORIENTED_EDGE ( 'NONE', *, *, #11524, .T. ) ;
#1057 = FACE_OUTER_BOUND ( 'NONE', #5715, .T. ) ;
#1058 = AXIS2_PLACEMENT_3D ( 'NONE', #9675, #2964, #2048 ) ;
#1059 = CARTESIAN_POINT ( 'NONE',  ( 122.2171131963785911, -120.4297640215245906, 57.08879711976319271 ) ) ;
#1060 = CARTESIAN_POINT ( 'NONE',  ( 165.2171133453904872, -148.4297640215243916, 62.25000000000000000 ) ) ;
#1061 = ADVANCED_FACE ( 'NONE', ( #67 ), #9299, .F. ) ;
#1062 = CARTESIAN_POINT ( 'NONE',  ( 138.1387932527750024, -144.2363866409689876, 110.3657068394490040 ) ) ;
#1063 = EDGE_CURVE ( 'NONE', #6087, #11268, #5549, .T. ) ;
#1064 = CARTESIAN_POINT ( 'NONE',  ( 167.2171133453904872, -148.4297640215245906, 58.25000000000000000 ) ) ;
#1065 = FACE_OUTER_BOUND ( 'NONE', #5480, .T. ) ;
#1066 = ORIENTED_EDGE ( 'NONE', *, *, #3067, .T. ) ;
#1067 = CARTESIAN_POINT ( 'NONE',  ( 134.2171133453900040, -138.0155505122760076, 67.99999991151649681 ) ) ;
#1068 = EDGE_CURVE ( 'NONE', #7460, #7406, #3815, .T. ) ;
#1069 = CARTESIAN_POINT ( 'NONE',  ( 130.2171132717400042, -148.4297639542180036, 57.98985306244370719 ) ) ;
#1070 = ORIENTED_EDGE ( 'NONE', *, *, #8305, .T. ) ;
#1071 = ORIENTED_EDGE ( 'NONE', *, *, #7670, .T. ) ;
#1072 = CARTESIAN_POINT ( 'NONE',  ( 127.4387430301741659, -145.2618492856643968, 51.91664625081959628 ) ) ;
#1073 = DIRECTION ( 'NONE',  ( -1.000000000000000000, -9.644381700046828834E-17, -7.166576360129189239E-17 ) ) ;
#1074 = EDGE_LOOP ( 'NONE', ( #1268, #7623, #1234, #11812, #1148, #2462, #4690, #9169, #9087, #7903, #11210, #1682 ) ) ;
#1075 = LINE ( 'NONE', #8650, #3846 ) ;
#1076 = AXIS2_PLACEMENT_3D ( 'NONE', #10532, #3074, #6728 ) ;
#1077 = DIRECTION ( 'NONE',  ( 0.7071067811865475727, 0.000000000000000000, 0.7071067811865475727 ) ) ;
#1078 = EDGE_CURVE ( 'NONE', #10965, #9530, #3755, .T. ) ;
#1079 = LINE ( 'NONE', #1326, #6181 ) ;
#1080 = DIRECTION ( 'NONE',  ( -3.683226109728400325E-15, -1.000000000000000000, 1.526556644979159836E-16 ) ) ;
#1081 = DIRECTION ( 'NONE',  ( 0.000000000000000000, 1.000000000000000000, -1.526556658859589750E-16 ) ) ;
#1082 = CARTESIAN_POINT ( 'NONE',  ( 165.0921136425070017, -149.8297622312099975, 106.8749996573749996 ) ) ;
#1083 = VERTEX_POINT ( 'NONE', #1102 ) ;
#1084 = VERTEX_POINT ( 'NONE', #7522 ) ;
#1085 = VERTEX_POINT ( 'NONE', #7581 ) ;
#1086 = B_SPLINE_CURVE_WITH_KNOTS ( 'NONE', 3,
 ( #4555, #10892, #3433, #5297, #7208, #8187 ),
 .UNSPECIFIED., .F., .F.,
 ( 4, 2, 4 ),
 ( 0.07496430663146090578, 0.07650333216465750319, 0.07681039569882819329 ),
 .UNSPECIFIED. ) ;
#1087 = CARTESIAN_POINT ( 'NONE',  ( 155.4671133340039830, -140.4297640215119998, 96.26432591814190687 ) ) ;
#1088 = CARTESIAN_POINT ( 'NONE',  ( 134.2171133769510050, -145.7328256174150169, 117.6643259181420120 ) ) ;
#1089 = LINE ( 'NONE', #8433, #5743 ) ;
#1090 = VECTOR ( 'NONE', #4090, 1000.000000000000000 ) ;
#1091 = CIRCLE ( 'NONE', #7004, 1.000000000000000888 ) ;
#1092 = CARTESIAN_POINT ( 'NONE',  ( 162.7100874497523648, -153.3076594482110124, 67.03002841093665154 ) ) ;
#1093 = VERTEX_POINT ( 'NONE', #1973 ) ;
#1094 = DIRECTION ( 'NONE',  ( 2.602085213964869829E-17, 1.000000000000000000, -1.526556658859589750E-16 ) ) ;
#1095 = ORIENTED_EDGE ( 'NONE', *, *, #4062, .F. ) ;
#1096 = ORIENTED_EDGE ( 'NONE', *, *, #7997, .T. ) ;
#1097 = ORIENTED_EDGE ( 'NONE', *, *, #5645, .F. ) ;
#1098 = DIRECTION ( 'NONE',  ( -1.000000000000000000, 0.000000000000000000, 0.000000000000000000 ) ) ;
#1099 = EDGE_CURVE ( 'NONE', #10530, #12073, #3875, .T. ) ;
#1100 = AXIS2_PLACEMENT_3D ( 'NONE', #7041, #322, #3264 ) ;
#1101 = VECTOR ( 'NONE', #2657, 1000.000000000000114 ) ;
#1102 = CARTESIAN_POINT ( 'NONE',  ( 163.2171133453900040, -119.4297640746489861, 65.99999991151629786 ) ) ;
#1103 = CARTESIAN_POINT ( 'NONE',  ( 170.9798797530100103, -119.4297640215111898, 57.75000000000000000 ) ) ;
#1104 = DIRECTION ( 'NONE',  ( -0.7071067811865789920, -0.7071067811865159314, -4.648472767960789702E-15 ) ) ;
#1105 = CARTESIAN_POINT ( 'NONE',  ( 132.7943063462900000, -144.9297640480799885, 66.13179315275620240 ) ) ;
#1106 = VECTOR ( 'NONE', #9659, 1000.000000000000000 ) ;
#1107 = ORIENTED_EDGE ( 'NONE', *, *, #5356, .T. ) ;
#1108 = DIRECTION ( 'NONE',  ( -2.602085213964869829E-17, -1.000000000000000000, 1.526556658859589750E-16 ) ) ;
#1109 = EDGE_LOOP ( 'NONE', ( #3555, #3169, #7798, #3677 ) ) ;
#1110 = CARTESIAN_POINT ( 'NONE',  ( 123.6159593517091224, -149.0760021474205814, 53.88192546707853126 ) ) ;
#1111 = ORIENTED_EDGE ( 'NONE', *, *, #2310, .F. ) ;
#1112 = ADVANCED_FACE ( 'NONE', ( #6664 ), #11526, .T. ) ;
#1113 = DIRECTION ( 'NONE',  ( 0.000000000000000000, 1.000000000000000000, 6.938893903907150280E-15 ) ) ;
#1114 = VECTOR ( 'NONE', #3488, 999.9999999999998863 ) ;
#1115 = CARTESIAN_POINT ( 'NONE',  ( 160.4049213358202906, -120.7463825104123458, 59.64380066262202007 ) ) ;
#1116 = VECTOR ( 'NONE', #5889, 1000.000000000000000 ) ;
#1117 = EDGE_CURVE ( 'NONE', #6012, #5290, #8804, .T. ) ;
#1118 = CARTESIAN_POINT ( 'NONE',  ( 132.3255008394325785, -120.4297680637884156, 62.66078637172639532 ) ) ;
#1119 = CARTESIAN_POINT ( 'NONE',  ( 139.0808663299520163, -140.4297640215119998, 111.3643259181410059 ) ) ;
#1120 = CARTESIAN_POINT ( 'NONE',  ( 133.2171133453900040, -119.4297640746489861, 80.50005035146759269 ) ) ;
#1121 = DIRECTION ( 'NONE',  ( -1.000000000000000000, 3.973480495251319981E-15, 7.823253522622061261E-15 ) ) ;
#1122 = LINE ( 'NONE', #4829, #11367 ) ;
#1123 = VECTOR ( 'NONE', #5392, 1000.000000000000000 ) ;
#1124 = ORIENTED_EDGE ( 'NONE', *, *, #10644, .F. ) ;
#1125 = AXIS2_PLACEMENT_3D ( 'NONE', #9063, #4387, #4445 ) ;
#1126 = CARTESIAN_POINT ( 'NONE',  ( 164.6435369090389997, -142.9147909025398064, 62.75000000000000000 ) ) ;
#1127 = DIRECTION ( 'NONE',  ( -3.160768215787150073E-15, -1.000000000000000000, 1.526556646962079803E-16 ) ) ;
#1128 = ORIENTED_EDGE ( 'NONE', *, *, #6195, .T. ) ;
#1129 = ORIENTED_EDGE ( 'NONE', *, *, #8640, .T. ) ;
#1130 = EDGE_CURVE ( 'NONE', #7937, #1780, #8243, .T. ) ;
#1131 = CARTESIAN_POINT ( 'NONE',  ( 132.2171133453900040, -136.4297640746490288, 65.99999991151649681 ) ) ;
#1132 = CARTESIAN_POINT ( 'NONE',  ( 132.2171133453900040, -139.0155505122760076, 70.99999991151649681 ) ) ;
#1133 = VERTEX_POINT ( 'NONE', #1168 ) ;
#1134 = ADVANCED_FACE ( 'NONE', ( #8000 ), #3064, .T. ) ;
#1135 = EDGE_CURVE ( 'NONE', #9792, #416, #6775, .T. ) ;
#1136 = DIRECTION ( 'NONE',  ( 1.000000000000000000, 0.000000000000000000, 0.000000000000000000 ) ) ;
#1137 = VECTOR ( 'NONE', #4141, 1000.000000000000000 ) ;
#1138 = VECTOR ( 'NONE', #9970, 1000.000000000000114 ) ;
#1139 = PLANE ( 'NONE',  #9465 ) ;
#1140 = ADVANCED_FACE ( 'NONE', ( #5849 ), #8678, .T. ) ;
#1141 = DIRECTION ( 'NONE',  ( 2.897277325460580092E-15, 1.000000000000000000, 2.897277325460580092E-15 ) ) ;
#1142 = DIRECTION ( 'NONE',  ( -0.9999934369450365068, -9.728657135986383268E-17, -0.003622991423313477906 ) ) ;
#1143 = CARTESIAN_POINT ( 'NONE',  ( 132.2932516633033799, -141.4613015650051864, 68.99999991151649681 ) ) ;
#1144 = CARTESIAN_POINT ( 'NONE',  ( 158.5834021859320160, -143.4297640215119714, 104.5909950527140069 ) ) ;
#1145 = DIRECTION ( 'NONE',  ( 0.7071067811865592301, 0.000000000000000000, -0.7071067811865356934 ) ) ;
#1146 = AXIS2_PLACEMENT_3D ( 'NONE', #5410, #6156, #9899 ) ;
#1147 = VERTEX_POINT ( 'NONE', #3128 ) ;
#1148 = ORIENTED_EDGE ( 'NONE', *, *, #3564, .T. ) ;
#1149 = CARTESIAN_POINT ( 'NONE',  ( 132.2171133453900040, -141.8446358722570153, 67.70283534016799365 ) ) ;
#1150 = ORIENTED_EDGE ( 'NONE', *, *, #6317, .F. ) ;
#1151 = EDGE_CURVE ( 'NONE', #6927, #5490, #1975, .T. ) ;
#1152 = EDGE_CURVE ( 'NONE', #3247, #2842, #7941, .T. ) ;
#1153 = CARTESIAN_POINT ( 'NONE',  ( 171.3798797530099876, -114.4297640215112040, 57.75000000000000000 ) ) ;
#1154 = CARTESIAN_POINT ( 'NONE',  ( 163.2171133453900040, -140.4297640215119998, 79.50716283241060012 ) ) ;
#1155 = AXIS2_PLACEMENT_3D ( 'NONE', #6923, #10609, #8644 ) ;
#1156 = FACE_OUTER_BOUND ( 'NONE', #8936, .T. ) ;
#1157 = VECTOR ( 'NONE', #2043, 1000.000000000000000 ) ;
#1158 = CARTESIAN_POINT ( 'NONE',  ( 127.4387430301742938, -145.9943140389212886, 51.91664625081953943 ) ) ;
#1159 = DIRECTION ( 'NONE',  ( 1.000000000000000000, -2.602085213964869829E-17, 7.166576360129189239E-17 ) ) ;
#1160 = ORIENTED_EDGE ( 'NONE', *, *, #4707, .T. ) ;
#1161 = LINE ( 'NONE', #3122, #12151 ) ;
#1162 = ORIENTED_EDGE ( 'NONE', *, *, #1302, .F. ) ;
#1163 = ORIENTED_EDGE ( 'NONE', *, *, #2983, .T. ) ;
#1164 = ORIENTED_EDGE ( 'NONE', *, *, #1165, .F. ) ;
#1165 = EDGE_CURVE ( 'NONE', #7983, #5800, #1538, .T. ) ;
#1166 = ORIENTED_EDGE ( 'NONE', *, *, #4297, .F. ) ;
#1167 = AXIS2_PLACEMENT_3D ( 'NONE', #5354, #3369, #2572 ) ;
#1168 = CARTESIAN_POINT ( 'NONE',  ( 131.5100065759849883, -119.4297640746489861, 71.70710662566709459 ) ) ;
#1169 = CARTESIAN_POINT ( 'NONE',  ( 165.6545526666312185, -143.6227117572542795, 51.13534865116191241 ) ) ;
#1170 = CARTESIAN_POINT ( 'NONE',  ( 134.7758936612404739, -121.0755987496654598, 59.01887197422046683 ) ) ;
#1171 = CARTESIAN_POINT ( 'NONE',  ( 130.2171133453899756, -143.3164134470123940, 57.98985306244370719 ) ) ;
#1172 = ORIENTED_EDGE ( 'NONE', *, *, #11749, .F. ) ;
#1173 = DIRECTION ( 'NONE',  ( 0.8125199200687275303, -0.3365567705908014129, -0.4759631494779816840 ) ) ;
#1174 = VERTEX_POINT ( 'NONE', #6289 ) ;
#1175 = PLANE ( 'NONE',  #4621 ) ;
#1176 = ORIENTED_EDGE ( 'NONE', *, *, #4523, .T. ) ;
#1177 = FACE_OUTER_BOUND ( 'NONE', #2328, .T. ) ;
#1178 = FACE_OUTER_BOUND ( 'NONE', #2116, .T. ) ;
#1179 = VERTEX_POINT ( 'NONE', #12009 ) ;
#1180 = CARTESIAN_POINT ( 'NONE',  ( 162.9242201265764720, -153.1368708558354967, 98.70110411163470587 ) ) ;
#1181 = CARTESIAN_POINT ( 'NONE',  ( 120.2171133453899898, -153.4297640746490003, 100.7500000000290044 ) ) ;
#1182 = EDGE_CURVE ( 'NONE', #9962, #1815, #8257, .T. ) ;
#1183 = LINE ( 'NONE', #11410, #4607 ) ;
#1184 = EDGE_CURVE ( 'NONE', #7935, #6400, #4117, .T. ) ;
#1185 = CARTESIAN_POINT ( 'NONE',  ( 122.2171131963785911, -140.4262129510823911, 57.08879711976310034 ) ) ;
#1186 = CARTESIAN_POINT ( 'NONE',  ( 169.2171132998449821, -149.8297640215160129, 102.7500000000290044 ) ) ;
#1187 = ORIENTED_EDGE ( 'NONE', *, *, #12007, .F. ) ;
#1188 = VECTOR ( 'NONE', #10814, 1000.000000000000000 ) ;
#1189 = ORIENTED_EDGE ( 'NONE', *, *, #7688, .T. ) ;
#1190 = CARTESIAN_POINT ( 'NONE',  ( 136.7171133453900040, -139.4497640202370121, 80.50005035146709531 ) ) ;
#1191 = ORIENTED_EDGE ( 'NONE', *, *, #4542, .F. ) ;
#1192 = DIRECTION ( 'NONE',  ( 0.4397326120323138965, -0.1821432117215232016, -0.8794652240646056995 ) ) ;
#1193 = ORIENTED_EDGE ( 'NONE', *, *, #4572, .F. ) ;
#1194 = CARTESIAN_POINT ( 'NONE',  ( 124.4543469377703957, -119.4297640215114029, 57.75000000000000000 ) ) ;
#1195 = ORIENTED_EDGE ( 'NONE', *, *, #9491, .F. ) ;
#1196 = CARTESIAN_POINT ( 'NONE',  ( 165.3236018428179932, -114.4297640215112040, 60.17765112427590424 ) ) ;
#1197 = CARTESIAN_POINT ( 'NONE',  ( 164.2736018428180103, -117.8297640215111954, 60.27765112427590566 ) ) ;
#1198 =( BOUNDED_CURVE ( )  B_SPLINE_CURVE ( 3, ( #5459, #12171, #9209, #8290 ),
 .UNSPECIFIED., .F., .F. ) 
 B_SPLINE_CURVE_WITH_KNOTS ( ( 4, 4 ),
 ( 0.7853981633974599363, 1.570796326794895004 ),
 .UNSPECIFIED. ) 
 CURVE ( )  GEOMETRIC_REPRESENTATION_ITEM ( )  RATIONAL_B_SPLINE_CURVE ( ( 1.000000000000000000, 0.9492530216741930094, 0.9492530216741930094, 1.000000000000000000 ) ) 
 REPRESENTATION_ITEM ( '' )  );
#1199 = DIRECTION ( 'NONE',  ( -0.7071067811865560104, -0.7071067811865390240, 0.000000000000000000 ) ) ;
#1200 = DIRECTION ( 'NONE',  ( -0.5650179594528369487, 0.8250786056466088425, -1.227620176434639389E-15 ) ) ;
#1201 = EDGE_CURVE ( 'NONE', #2537, #11972, #4488, .T. ) ;
#1202 = FACE_OUTER_BOUND ( 'NONE', #4485, .T. ) ;
#1203 = DIRECTION ( 'NONE',  ( 0.000000000000000000, -1.000000000000000000, -6.573933234426810631E-15 ) ) ;
#1204 = AXIS2_PLACEMENT_3D ( 'NONE', #6544, #1978, #7528 ) ;
#1205 = LINE ( 'NONE', #5205, #2740 ) ;
#1206 = DIRECTION ( 'NONE',  ( -1.177071318089210164E-14, -2.548828453949450037E-09, -1.000000000000000000 ) ) ;
#1207 = EDGE_CURVE ( 'NONE', #3705, #8404, #5790, .T. ) ;
#1208 = ORIENTED_EDGE ( 'NONE', *, *, #3852, .F. ) ;
#1209 = ORIENTED_EDGE ( 'NONE', *, *, #9183, .T. ) ;
#1210 = CARTESIAN_POINT ( 'NONE',  ( 132.2172600510170071, -140.6000796972809894, 66.46306591244720607 ) ) ;
#1211 = ORIENTED_EDGE ( 'NONE', *, *, #7820, .F. ) ;
#1212 = BREP_WITH_VOIDS ( 'NONE', #2365, ( #3962 ) );
#1213 = VECTOR ( 'NONE', #6626, 1000.000000000000000 ) ;
#1214 =( NAMED_UNIT ( * ) SI_UNIT ( $, .STERADIAN. ) SOLID_ANGLE_UNIT ( ) );
#1215 = CARTESIAN_POINT ( 'NONE',  ( 162.3677708826299977, -138.4595744938966106, 53.47602185630480420 ) ) ;
#1216 = FACE_OUTER_BOUND ( 'NONE', #298, .T. ) ;
#1217 = CARTESIAN_POINT ( 'NONE',  ( 132.2171133453900040, -119.4297640746489861, 102.7500000000329976 ) ) ;
#1218 = DIRECTION ( 'NONE',  ( -1.000000000000000000, -1.214306495755069846E-16, 2.449293572821440166E-16 ) ) ;
#1219 = ADVANCED_FACE ( 'NONE', ( #674 ), #11395, .F. ) ;
#1220 = EDGE_LOOP ( 'NONE', ( #3645, #11828, #10947, #6267 ) ) ;
#1221 = FACE_OUTER_BOUND ( 'NONE', #10145, .T. ) ;
#1222 = EDGE_CURVE ( 'NONE', #6043, #3014, #58, .T. ) ;
#1223 = VECTOR ( 'NONE', #5011, 1000.000000000000000 ) ;
#1224 = AXIS2_PLACEMENT_3D ( 'NONE', #8252, #5478, #2634 ) ;
#1225 = EDGE_LOOP ( 'NONE', ( #4922, #2354, #11198, #8673 ) ) ;
#1226 = EDGE_LOOP ( 'NONE', ( #9167, #6494, #6069, #3089 ) ) ;
#1227 = ORIENTED_EDGE ( 'NONE', *, *, #8509, .T. ) ;
#1228 = CARTESIAN_POINT ( 'NONE',  ( 163.0918748463270163, -140.4202075253750195, 70.18415247456020722 ) ) ;
#1229 = CARTESIAN_POINT ( 'NONE',  ( 130.2171133453899756, -120.4297640215245906, 57.98985306244389903 ) ) ;
#1230 = AXIS2_PLACEMENT_3D ( 'NONE', #10876, #11746, #11803 ) ;
#1231 = DIRECTION ( 'NONE',  ( 0.9513277913954432119, 2.242830061171862923E-15, -0.3081808451521089176 ) ) ;
#1232 = CARTESIAN_POINT ( 'NONE',  ( 163.2171133453904872, -114.8297640215111954, 62.24960223581919649 ) ) ;
#1233 = ADVANCED_FACE ( 'NONE', ( #8060 ), #11816, .T. ) ;
#1234 = ORIENTED_EDGE ( 'NONE', *, *, #1413, .F. ) ;
#1235 = DIRECTION ( 'NONE',  ( 3.795479038480990023E-15, 1.000000000000000000, 6.166077388880450850E-15 ) ) ;
#1236 = ORIENTED_EDGE ( 'NONE', *, *, #9690, .T. ) ;
#1237 = CARTESIAN_POINT ( 'NONE',  ( 160.3236018428179932, -117.4297640215112040, 60.27765112427590566 ) ) ;
#1238 = VECTOR ( 'NONE', #6020, 1000.000000000000000 ) ;
#1239 = EDGE_LOOP ( 'NONE', ( #5617, #958, #8580, #2432, #10784, #5241, #11506, #10519, #3742, #5603 ) ) ;
#1240 = CARTESIAN_POINT ( 'NONE',  ( 135.3329179532938156, -142.0699021960193704, 106.3643259181410201 ) ) ;
#1241 = CARTESIAN_POINT ( 'NONE',  ( 161.1628379007507874, -121.6655499991906595, 58.40932250760852895 ) ) ;
#1242 = ORIENTED_EDGE ( 'NONE', *, *, #10458, .F. ) ;
#1243 = CARTESIAN_POINT ( 'NONE',  ( 163.5171131927750139, -154.2297640746490117, 103.7997837512839965 ) ) ;
#1244 = VECTOR ( 'NONE', #1574, 1000.000000000000000 ) ;
#1245 = CARTESIAN_POINT ( 'NONE',  ( 160.3126060631870189, -141.0252566916429942, 98.69164219418240691 ) ) ;
#1246 = DIRECTION ( 'NONE',  ( 1.000000000000000000, -3.480590576041360211E-15, 7.166576360129239776E-17 ) ) ;
#1247 = CARTESIAN_POINT ( 'NONE',  ( 156.9591226427349966, -122.4297640215114029, 62.10199319125020168 ) ) ;
#1248 = ORIENTED_EDGE ( 'NONE', *, *, #11290, .F. ) ;
#1249 = ORIENTED_EDGE ( 'NONE', *, *, #2357, .T. ) ;
#1250 = LINE ( 'NONE', #8766, #3508 ) ;
#1251 = EDGE_LOOP ( 'NONE', ( #3259, #1056, #11545, #3075 ) ) ;
#1252 = LINE ( 'NONE', #5017, #7206 ) ;
#1253 = ORIENTED_EDGE ( 'NONE', *, *, #10107, .F. ) ;
#1254 = LINE ( 'NONE', #9013, #4749 ) ;
#1255 = ORIENTED_EDGE ( 'NONE', *, *, #6245, .F. ) ;
#1256 = AXIS2_PLACEMENT_3D ( 'NONE', #9004, #9922, #7957 ) ;
#1257 = EDGE_CURVE ( 'NONE', #10129, #6712, #8845, .T. ) ;
#1258 = CARTESIAN_POINT ( 'NONE',  ( 132.2171133453900040, -144.5297640215119941, 84.20809162548380300 ) ) ;
#1259 = DIRECTION ( 'NONE',  ( -3.854941057726240267E-15, -1.000000000000000000, 1.074295325692379890E-17 ) ) ;
#1260 = DIRECTION ( 'NONE',  ( 1.000000000000000000, -5.947210316807140508E-15, 7.166576360129279219E-17 ) ) ;
#1261 = LINE ( 'NONE', #5025, #10686 ) ;
#1262 = DIRECTION ( 'NONE',  ( 3.160768215787150073E-15, 1.000000000000000000, -1.526556658859589750E-16 ) ) ;
#1263 = VECTOR ( 'NONE', #8174, 1000.000000000000000 ) ;
#1264 = CARTESIAN_POINT ( 'NONE',  ( 174.2350391999289911, -150.4118381109059897, 108.8158570098819951 ) ) ;
#1265 = CARTESIAN_POINT ( 'NONE',  ( 125.4555982874533981, -138.1586012779320072, 53.38549640900540538 ) ) ;
#1266 = LINE ( 'NONE', #10684, #9991 ) ;
#1267 = ORIENTED_EDGE ( 'NONE', *, *, #8131, .F. ) ;
#1268 = ORIENTED_EDGE ( 'NONE', *, *, #9186, .T. ) ;
#1269 = CARTESIAN_POINT ( 'NONE',  ( 132.7968123323200302, -140.2809476290690043, 67.13158412419009835 ) ) ;
#1270 = ORIENTED_EDGE ( 'NONE', *, *, #9196, .T. ) ;
#1271 = EDGE_CURVE ( 'NONE', #9, #10730, #8782, .T. ) ;
#1272 = AXIS2_PLACEMENT_3D ( 'NONE', #9849, #4129, #8932 ) ;
#1273 = CARTESIAN_POINT ( 'NONE',  ( 160.3508206908996101, -120.5986410889268683, 60.70311559199591045 ) ) ;
#1274 = DIRECTION ( 'NONE',  ( 0.000000000000000000, -1.000000000000000000, 1.526556658859589750E-16 ) ) ;
#1275 = EDGE_CURVE ( 'NONE', #4517, #5107, #1992, .T. ) ;
#1276 = CARTESIAN_POINT ( 'NONE',  ( 134.2171133453900040, -153.4297640746490003, 103.6640621592560052 ) ) ;
#1277 = DIRECTION ( 'NONE',  ( -0.5951893636155779488, 8.416332170449763954E-15, -0.8035854786137459627 ) ) ;
#1278 = CARTESIAN_POINT ( 'NONE',  ( 158.5171131927750139, -148.0297640746490231, 103.7997837512839965 ) ) ;
#1279 = VECTOR ( 'NONE', #10875, 1000.000000000000000 ) ;
#1280 = ORIENTED_EDGE ( 'NONE', *, *, #297, .T. ) ;
#1281 = CARTESIAN_POINT ( 'NONE',  ( 163.2171133453900040, -139.0155506032386938, 70.73820052371715406 ) ) ;
#1282 = ORIENTED_EDGE ( 'NONE', *, *, #2107, .T. ) ;
#1283 = VERTEX_POINT ( 'NONE', #3286 ) ;
#1284 = ORIENTED_EDGE ( 'NONE', *, *, #9494, .F. ) ;
#1285 = CARTESIAN_POINT ( 'NONE',  ( 134.3449920245865883, -140.5147644264603457, 105.7677713565763042 ) ) ;
#1286 = EDGE_CURVE ( 'NONE', #350, #5032, #7060, .T. ) ;
#1287 = AXIS2_PLACEMENT_3D ( 'NONE', #12052, #843, #1822 ) ;
#1288 = AXIS2_PLACEMENT_3D ( 'NONE', #533, #4471, #10932 ) ;
#1289 = EDGE_CURVE ( 'NONE', #702, #4210, #11795, .T. ) ;
#1290 = DIRECTION ( 'NONE',  ( -1.000000000000000000, 0.000000000000000000, 0.000000000000000000 ) ) ;
#1291 = DIRECTION ( 'NONE',  ( 0.000000000000000000, 1.000000000000000000, -2.366582715663040321E-30 ) ) ;
#1292 = EDGE_CURVE ( 'NONE', #5758, #5517, #2840, .T. ) ;
#1293 = FACE_OUTER_BOUND ( 'NONE', #4574, .T. ) ;
#1294 = ORIENTED_EDGE ( 'NONE', *, *, #2783, .F. ) ;
#1295 = CARTESIAN_POINT ( 'NONE',  ( 135.2171131927750309, -148.2297640746490117, 103.7997837512839965 ) ) ;
#1296 = ORIENTED_EDGE ( 'NONE', *, *, #3746, .F. ) ;
#1297 = VECTOR ( 'NONE', #4338, 1000.000000000000000 ) ;
#1298 = AXIS2_PLACEMENT_3D ( 'NONE', #12031, #12094, #7418 ) ;
#1299 = CARTESIAN_POINT ( 'NONE',  ( 120.2171133453900467, -149.3762244598256643, 61.21364624437710944 ) ) ;
#1300 = ORIENTED_EDGE ( 'NONE', *, *, #6772, .T. ) ;
#1301 = FACE_OUTER_BOUND ( 'NONE', #9621, .T. ) ;
#1302 = EDGE_CURVE ( 'NONE', #3173, #8348, #8719, .T. ) ;
#1303 = CARTESIAN_POINT ( 'NONE',  ( 161.7376523282916310, -122.2965984007945082, 58.02367533776490660 ) ) ;
#1304 = ORIENTED_EDGE ( 'NONE', *, *, #3241, .T. ) ;
#1305 = EDGE_CURVE ( 'NONE', #1995, #3768, #347, .T. ) ;
#1306 = DIRECTION ( 'NONE',  ( 0.7071067811865121566, 0.000000000000000000, 0.7071067811865827668 ) ) ;
#1307 = AXIS2_PLACEMENT_3D ( 'NONE', #5550, #7525, #11215 ) ;
#1308 = DIRECTION ( 'NONE',  ( 2.602085337083254740E-17, 1.000000000000000000, -2.098608922496975401E-25 ) ) ;
#1309 = LINE ( 'NONE', #8639, #8924 ) ;
#1310 = B_SPLINE_CURVE_WITH_KNOTS ( 'NONE', 3,
 ( #813, #3449, #7226, #8078, #3514, #634, #8139, #11157, #3577, #3638, #10971, #6242, #8203, #12086, #1792, #5553, #9303, #11031, #4327, #2470, #6367, #11836, #7286, #9986 ),
 .UNSPECIFIED., .F., .F.,
 ( 4, 2, 2, 2, 2, 2, 1, 1, 1, 1, 2, 2, 2, 4 ),
 ( 0.000000000000000000, 0.1250000000000722200, 0.2500000000001444400, 0.3750000000002166600, 0.4375000000002527978, 0.4687500000002714495, 0.4843750000002787770, 0.4921875000002810530, 0.4960937500002836065, 0.4980468750002849387, 0.4990234375002861600, 0.5000000000002873257, 0.7500000000001437739, 1.000000000000000000 ),
 .UNSPECIFIED. ) ;
#1311 = DIRECTION ( 'NONE',  ( 1.000000000000000000, 9.644381700046828834E-17, 7.166576360129189239E-17 ) ) ;
#1312 = LINE ( 'NONE', #8527, #3884 ) ;
#1313 = ORIENTED_EDGE ( 'NONE', *, *, #7559, .T. ) ;
#1314 = VERTEX_POINT ( 'NONE', #7121 ) ;
#1315 = LINE ( 'NONE', #4950, #5485 ) ;
#1316 = AXIS2_PLACEMENT_3D ( 'NONE', #7135, #6154, #7320 ) ;
#1317 = VERTEX_POINT ( 'NONE', #3167 ) ;
#1318 = DIRECTION ( 'NONE',  ( 0.000000000000000000, 1.000000000000000000, -1.526556658859589750E-16 ) ) ;
#1319 = VERTEX_POINT ( 'NONE', #6939 ) ;
#1320 = CARTESIAN_POINT ( 'NONE',  ( 132.6248169134119905, -148.4297640746490003, 105.4997837512840135 ) ) ;
#1321 = ORIENTED_EDGE ( 'NONE', *, *, #4675, .T. ) ;
#1322 = LINE ( 'NONE', #5085, #9349 ) ;
#1323 = CARTESIAN_POINT ( 'NONE',  ( 160.1768364872660015, -140.6297640215119884, 114.2144502228039897 ) ) ;
#1324 = CYLINDRICAL_SURFACE ( 'NONE', #8202, 2.500000000000002220 ) ;
#1325 = AXIS2_PLACEMENT_3D ( 'NONE', #8095, #3594, #6627 ) ;
#1326 = CARTESIAN_POINT ( 'NONE',  ( 163.1329009892799888, -121.4338155574483977, 51.27363767543109674 ) ) ;
#1327 = VECTOR ( 'NONE', #9786, 1000.000000000000114 ) ;
#1328 = CARTESIAN_POINT ( 'NONE',  ( 132.5100065642029961, -141.1368708558350136, 68.99999991151649681 ) ) ;
#1329 = DIRECTION ( 'NONE',  ( 3.160768215787150073E-15, 1.000000000000000000, 0.000000000000000000 ) ) ;
#1330 = DIRECTION ( 'NONE',  ( 7.166576360129189239E-17, -1.526556658859589750E-16, -1.000000000000000000 ) ) ;
#1331 = DIRECTION ( 'NONE',  ( 1.000000000000000000, 0.000000000000000000, -2.546950083066530298E-09 ) ) ;
#1332 = ORIENTED_EDGE ( 'NONE', *, *, #8604, .T. ) ;
#1333 = ORIENTED_EDGE ( 'NONE', *, *, #8353, .T. ) ;
#1334 = CARTESIAN_POINT ( 'NONE',  ( 163.2171133453900040, -119.4297640746489861, 62.74999974667980496 ) ) ;
#1335 = ORIENTED_EDGE ( 'NONE', *, *, #508, .F. ) ;
#1336 = CIRCLE ( 'NONE', #8219, 0.9999999999999964473 ) ;
#1337 = AXIS2_PLACEMENT_3D ( 'NONE', #12131, #359, #6891 ) ;
#1338 = CARTESIAN_POINT ( 'NONE',  ( 161.6144652420206000, -121.8214708298347659, 62.46851381217159371 ) ) ;
#1339 = FACE_OUTER_BOUND ( 'NONE', #2822, .T. ) ;
#1340 = CYLINDRICAL_SURFACE ( 'NONE', #2813, 14.00026375888599439 ) ;
#1341 = CARTESIAN_POINT ( 'NONE',  ( 161.5100065642035077, -134.7226572934624187, 81.20715713265379065 ) ) ;
#1342 = CARTESIAN_POINT ( 'NONE',  ( 132.7000493619926829, -134.9468280580464068, 70.10285033254091047 ) ) ;
#1343 = EDGE_CURVE ( 'NONE', #5150, #2371, #280, .T. ) ;
#1344 = VECTOR ( 'NONE', #4547, 1000.000000000000000 ) ;
#1345 = EDGE_CURVE ( 'NONE', #4193, #8126, #6998, .T. ) ;
#1346 = VECTOR ( 'NONE', #5347, 1000.000000000000114 ) ;
#1347 = EDGE_LOOP ( 'NONE', ( #9610, #3233, #10642, #9629, #10028, #561 ) ) ;
#1348 = CYLINDRICAL_SURFACE ( 'NONE', #11561, 2.349999999999990763 ) ;
#1349 = ORIENTED_EDGE ( 'NONE', *, *, #7737, .F. ) ;
#1350 = ORIENTED_EDGE ( 'NONE', *, *, #9929, .F. ) ;
#1351 = ORIENTED_EDGE ( 'NONE', *, *, #10398, .F. ) ;
#1352 = CARTESIAN_POINT ( 'NONE',  ( 163.2171133304049988, -141.6943747362589932, 68.99726357554391143 ) ) ;
#1353 = VECTOR ( 'NONE', #7976, 1000.000000000000000 ) ;
#1354 = CARTESIAN_POINT ( 'NONE',  ( 168.6298797530100160, -114.4297640215112040, 57.75000000000000000 ) ) ;
#1355 = CARTESIAN_POINT ( 'NONE',  ( 163.0571133453900075, -140.4797640480800283, 66.54898615365620174 ) ) ;
#1356 = CARTESIAN_POINT ( 'NONE',  ( 164.2171132645239879, -119.4297640746489861, 70.99999985396759428 ) ) ;
#1357 = EDGE_CURVE ( 'NONE', #7461, #10886, #4521, .T. ) ;
#1358 = VERTEX_POINT ( 'NONE', #10683 ) ;
#1359 = CARTESIAN_POINT ( 'NONE',  ( 165.6545526666310479, -121.4459142784974262, 51.13534865116216110 ) ) ;
#1360 = VERTEX_POINT ( 'NONE', #5093 ) ;
#1361 = AXIS2_PLACEMENT_3D ( 'NONE', #10966, #2708, #12019 ) ;
#1362 = CARTESIAN_POINT ( 'NONE',  ( 174.2171133453909988, -126.4297640215112040, 64.75000000000000000 ) ) ;
#1363 = ADVANCED_FACE ( 'NONE', ( #9882 ), #8846, .T. ) ;
#1364 = EDGE_LOOP ( 'NONE', ( #12147, #10569, #4060, #8256 ) ) ;
#1365 = EDGE_LOOP ( 'NONE', ( #6846, #8430, #7862, #5814, #6969, #352, #7883, #9613 ) ) ;
#1366 = B_SPLINE_CURVE_WITH_KNOTS ( 'NONE', 3,
 ( #6678, #10422, #6734, #1115, #1987, #10481, #2044, #12096, #7421, #11169, #8397, #2726, #6497, #1802, #12157, #7483, #8693, #3078, #11647, #1241, #1539, #9045, #2163, #10889, #5294, #1303, #2451, #8120, #612, #10952, #6974, #5923, #7769, #5004 ),
 .UNSPECIFIED., .F., .F.,
 ( 4, 2, 2, 1, 1, 1, 2, 2, 2, 2, 1, 1, 2, 2, 2, 1, 1, 1, 2, 2, 4 ),
 ( 0.000000000000000000, 0.1250000000001322553, 0.1562500000001667000, 0.1875000000002011724, 0.2187500000002356171, 0.2343750000002480516, 0.2421875000002559064, 0.2500000000002637335, 0.3750000000003330114, 0.4375000000003609890, 0.4687500000003735345, 0.4843750000003823608, 0.4921875000003883005, 0.5000000000003942402, 0.6250000000005067058, 0.6875000000005569989, 0.7187500000005775380, 0.7343750000005793144, 0.7421875000005749845, 0.7500000000005706546, 1.000000000000000000 ),
 .UNSPECIFIED. ) ;
#1367 = EDGE_CURVE ( 'NONE', #6661, #4625, #1205, .T. ) ;
#1368 = CARTESIAN_POINT ( 'NONE',  ( 132.4311401468690121, -141.2155435145890010, 68.99830156057009845 ) ) ;
#1369 = ORIENTED_EDGE ( 'NONE', *, *, #5665, .T. ) ;
#1370 = DIRECTION ( 'NONE',  ( -3.683226109728400325E-15, -1.000000000000000000, 1.526556658859589750E-16 ) ) ;
#1371 = AXIS2_PLACEMENT_3D ( 'NONE', #2450, #11015, #9044 ) ;
#1372 = CARTESIAN_POINT ( 'NONE',  ( 163.0571133453900075, -144.9297640746490003, 67.14091634279270693 ) ) ;
#1373 = DIRECTION ( 'NONE',  ( 1.000000000000000000, -2.602085213964869829E-17, 7.166576360129189239E-17 ) ) ;
#1374 = PLANE ( 'NONE',  #2015 ) ;
#1375 = ADVANCED_FACE ( 'NONE', ( #2247 ), #11555, .T. ) ;
#1376 = VERTEX_POINT ( 'NONE', #5950 ) ;
#1377 = ORIENTED_EDGE ( 'NONE', *, *, #12061, .T. ) ;
#1378 = DIRECTION ( 'NONE',  ( -0.003622991423284898337, 2.324366149095158836E-16, 0.9999934369450366178 ) ) ;
#1379 = ADVANCED_FACE ( 'NONE', ( #2308 ), #9696, .F. ) ;
#1380 = AXIS2_PLACEMENT_3D ( 'NONE', #4763, #945, #5864 ) ;
#1381 = ORIENTED_EDGE ( 'NONE', *, *, #6266, .T. ) ;
#1382 = CARTESIAN_POINT ( 'NONE',  ( 132.2474879634529827, -141.8947298340550276, 51.11866876023830031 ) ) ;
#1383 = ORIENTED_EDGE ( 'NONE', *, *, #4239, .T. ) ;
#1384 = DIRECTION ( 'NONE',  ( 0.000000000000000000, -2.243214294872504730E-16, -1.000000000000000000 ) ) ;
#1385 = EDGE_LOOP ( 'NONE', ( #1537, #9834, #7842, #10627, #9029 ) ) ;
#1386 =( BOUNDED_CURVE ( )  B_SPLINE_CURVE ( 3, ( #8448, #11153, #3876, #2031 ),
 .UNSPECIFIED., .F., .F. ) 
 B_SPLINE_CURVE_WITH_KNOTS ( ( 4, 4 ),
 ( -1.065814103640150121E-14, 1.126157883263452009 ),
 .UNSPECIFIED. ) 
 CURVE ( )  GEOMETRIC_REPRESENTATION_ITEM ( )  RATIONAL_B_SPLINE_CURVE ( ( 1.000000000000000000, 0.8970770709083970562, 0.8970770709083970562, 1.000000000000000000 ) ) 
 REPRESENTATION_ITEM ( '' )  );
#1387 = LINE ( 'NONE', #2180, #2267 ) ;
#1388 = CARTESIAN_POINT ( 'NONE',  ( 155.4671133340039830, -119.4297640746489861, 71.99999985651460577 ) ) ;
#1389 = CARTESIAN_POINT ( 'NONE',  ( 132.2171133453900040, -149.7113989081725833, 51.03123712248030586 ) ) ;
#1390 = DIRECTION ( 'NONE',  ( -1.656711937411270011E-15, -1.000000000000000000, 1.656711941001984991E-15 ) ) ;
#1391 = EDGE_CURVE ( 'NONE', #1661, #3154, #12043, .T. ) ;
#1392 = LINE ( 'NONE', #11794, #10763 ) ;
#1393 = CARTESIAN_POINT ( 'NONE',  ( 131.2171133605709770, -154.4297640746490003, 62.74999974667999680 ) ) ;
#1394 = DIRECTION ( 'NONE',  ( 1.000000000000000000, 1.238902669958819951E-17, -1.238902669958819951E-17 ) ) ;
#1395 = VERTEX_POINT ( 'NONE', #5329 ) ;
#1396 = ORIENTED_EDGE ( 'NONE', *, *, #232, .T. ) ;
#1397 = CARTESIAN_POINT ( 'NONE',  ( 132.2474879634529827, -147.0393531173685915, 51.11866876023830031 ) ) ;
#1398 = LINE ( 'NONE', #8965, #3148 ) ;
#1399 = EDGE_LOOP ( 'NONE', ( #7124, #2836, #6048, #1255 ) ) ;
#1400 = CARTESIAN_POINT ( 'NONE',  ( 163.0582696511847871, -123.2715417355205005, 62.77180496021593825 ) ) ;
#1401 = DIRECTION ( 'NONE',  ( 0.000000000000000000, -2.327875578288750051E-16, -1.000000000000000000 ) ) ;
#1402 = DIRECTION ( 'NONE',  ( -1.230233151429590160E-14, -7.323824219251069642E-15, -1.000000000000000000 ) ) ;
#1403 = CIRCLE ( 'NONE', #2962, 0.9999999999999964473 ) ;
#1404 = CYLINDRICAL_SURFACE ( 'NONE', #8614, 1.000000000000015987 ) ;
#1405 = LINE ( 'NONE', #5162, #5787 ) ;
#1406 = DIRECTION ( 'NONE',  ( -0.7071067811866240671, -0.7071067811864709673, 5.726850911310699391E-17 ) ) ;
#1407 = ORIENTED_EDGE ( 'NONE', *, *, #11881, .T. ) ;
#1408 = CARTESIAN_POINT ( 'NONE',  ( 135.2171133453900040, -140.4297640215119998, 100.6910126813450006 ) ) ;
#1409 = ORIENTED_EDGE ( 'NONE', *, *, #5756, .F. ) ;
#1410 = EDGE_LOOP ( 'NONE', ( #4167, #7809, #5016, #6660 ) ) ;
#1411 = ORIENTED_EDGE ( 'NONE', *, *, #2724, .T. ) ;
#1412 = CARTESIAN_POINT ( 'NONE',  ( 161.2171133453899756, -138.0155505122760076, 68.99999991151629786 ) ) ;
#1413 = EDGE_CURVE ( 'NONE', #10811, #10592, #777, .T. ) ;
#1414 = EDGE_CURVE ( 'NONE', #9978, #4864, #10937, .T. ) ;
#1415 = LINE ( 'NONE', #5914, #1106 ) ;
#1416 = LINE ( 'NONE', #5852, #6733 ) ;
#1417 = DIRECTION ( 'NONE',  ( -1.000000000000000000, 0.000000000000000000, 0.000000000000000000 ) ) ;
#1418 = VECTOR ( 'NONE', #11236, 1000.000000000000000 ) ;
#1419 = VERTEX_POINT ( 'NONE', #1635 ) ;
#1420 = CARTESIAN_POINT ( 'NONE',  ( 135.2171131927750309, -148.0297640746490231, 102.0997837512840078 ) ) ;
#1421 = EDGE_LOOP ( 'NONE', ( #8067, #3536, #9504, #2383, #807, #6340, #5622, #5833 ) ) ;
#1422 = ORIENTED_EDGE ( 'NONE', *, *, #5195, .T. ) ;
#1423 = ORIENTED_EDGE ( 'NONE', *, *, #8282, .T. ) ;
#1424 = CARTESIAN_POINT ( 'NONE',  ( 135.2171133453900040, -119.4459165395000042, 99.26432591814190687 ) ) ;
#1425 = VECTOR ( 'NONE', #11281, 1000.000000000000000 ) ;
#1426 = CIRCLE ( 'NONE', #9877, 1.500000000000001332 ) ;
#1427 = ADVANCED_FACE ( 'NONE', ( #6201 ), #8097, .T. ) ;
#1428 = VERTEX_POINT ( 'NONE', #11855 ) ;
#1429 = DIRECTION ( 'NONE',  ( -8.933825901280518326E-17, -1.000000000000000000, 8.933825901279618531E-17 ) ) ;
#1430 = LINE ( 'NONE', #4264, #4059 ) ;
#1431 = ADVANCED_FACE ( 'NONE', ( #9942 ), #5515, .T. ) ;
#1432 = CARTESIAN_POINT ( 'NONE',  ( 165.3236018428179932, -114.4297640215112040, 60.17765112427590424 ) ) ;
#1433 = DIRECTION ( 'NONE',  ( 1.000000000000000000, -2.602085213964869829E-17, 7.166576360129189239E-17 ) ) ;
#1434 = AXIS2_PLACEMENT_3D ( 'NONE', #1864, #2903, #81 ) ;
#1435 = EDGE_LOOP ( 'NONE', ( #2190, #1693, #349, #10914 ) ) ;
#1436 = ORIENTED_EDGE ( 'NONE', *, *, #1271, .T. ) ;
#1437 = FACE_OUTER_BOUND ( 'NONE', #7401, .T. ) ;
#1438 = VERTEX_POINT ( 'NONE', #11110 ) ;
#1439 = DIRECTION ( 'NONE',  ( 7.166576360127679310E-17, -2.692261676065480290E-15, -1.000000000000000000 ) ) ;
#1440 = DIRECTION ( 'NONE',  ( 1.000000000000000000, -3.973480495251319981E-15, 7.166576360129249636E-17 ) ) ;
#1441 = EDGE_CURVE ( 'NONE', #5095, #1742, #10008, .T. ) ;
#1442 = AXIS2_PLACEMENT_3D ( 'NONE', #3179, #5837, #5904 ) ;
#1443 = CARTESIAN_POINT ( 'NONE',  ( 160.5100065642029961, -138.7226572934619639, 67.99999991151629786 ) ) ;
#1444 = DIRECTION ( 'NONE',  ( 5.075800897900750411E-15, -1.000000000000000000, -6.432020515982920536E-15 ) ) ;
#1445 = EDGE_CURVE ( 'NONE', #11458, #6477, #10021, .T. ) ;
#1446 = DIRECTION ( 'NONE',  ( 1.000000000000000000, -3.833073540659024592E-15, 0.000000000000000000 ) ) ;
#1447 = EDGE_CURVE ( 'NONE', #11256, #2764, #5496, .T. ) ;
#1448 = CARTESIAN_POINT ( 'NONE',  ( 138.8083963417199982, -144.5575354907408041, 106.0726899307379938 ) ) ;
#1449 = PLANE ( 'NONE',  #1522 ) ;
#1450 = CARTESIAN_POINT ( 'NONE',  ( 163.2526216025869985, -153.4297640746490003, 102.7500000000329976 ) ) ;
#1451 = CARTESIAN_POINT ( 'NONE',  ( 161.3736018428179761, -120.9297640215111898, 60.27765112427590566 ) ) ;
#1452 = AXIS2_PLACEMENT_3D ( 'NONE', #2424, #8093, #8220 ) ;
#1453 = EDGE_LOOP ( 'NONE', ( #7343, #2312, #6203, #7398 ) ) ;
#1454 = ORIENTED_EDGE ( 'NONE', *, *, #6704, .F. ) ;
#1455 = LINE ( 'NONE', #11799, #8566 ) ;
#1456 =( BOUNDED_CURVE ( )  B_SPLINE_CURVE ( 3, ( #9134, #10917, #1502, #7296 ),
 .UNSPECIFIED., .F., .F. ) 
 B_SPLINE_CURVE_WITH_KNOTS ( ( 4, 4 ),
 ( 4.712388980384689674, 6.283185307179590673 ),
 .UNSPECIFIED. ) 
 CURVE ( )  GEOMETRIC_REPRESENTATION_ITEM ( )  RATIONAL_B_SPLINE_CURVE ( ( 1.000000000000000000, 0.8047378541243649375, 0.8047378541243649375, 1.000000000000000000 ) ) 
 REPRESENTATION_ITEM ( '' )  );
#1457 = CARTESIAN_POINT ( 'NONE',  ( 162.3677708826299977, -132.0969567164432021, 53.47602185630490368 ) ) ;
#1458 = VERTEX_POINT ( 'NONE', #8161 ) ;
#1459 = ADVANCED_FACE ( 'NONE', ( #11984 ), #8224, .F. ) ;
#1460 = CARTESIAN_POINT ( 'NONE',  ( 161.2158700561012949, -121.4199978084400016, 62.20116531587134290 ) ) ;
#1461 = DIRECTION ( 'NONE',  ( -1.214306500432499789E-16, 1.000000000000000000, 6.573933234426810631E-15 ) ) ;
#1462 = AXIS2_PLACEMENT_3D ( 'NONE', #8974, #5467, #5283 ) ;
#1463 = FACE_OUTER_BOUND ( 'NONE', #3170, .T. ) ;
#1464 = DIRECTION ( 'NONE',  ( 0.000000000000000000, 0.9996572032854824652, -0.02618159505162930695 ) ) ;
#1465 = CARTESIAN_POINT ( 'NONE',  ( 163.2171133453900040, -140.4297640215119998, 96.26432591814179318 ) ) ;
#1466 = FACE_BOUND ( 'NONE', #2313, .T. ) ;
#1467 = ORIENTED_EDGE ( 'NONE', *, *, #2189, .F. ) ;
#1468 = PLANE ( 'NONE',  #11772 ) ;
#1469 = ORIENTED_EDGE ( 'NONE', *, *, #2050, .F. ) ;
#1470 = ORIENTED_EDGE ( 'NONE', *, *, #1500, .F. ) ;
#1471 = ORIENTED_EDGE ( 'NONE', *, *, #420, .T. ) ;
#1472 = DIRECTION ( 'NONE',  ( -2.428612984199849992E-16, 1.000000000000000000, 6.661338147750930565E-15 ) ) ;
#1473 = CARTESIAN_POINT ( 'NONE',  ( 134.0288547007320972, -121.9375732638891776, 58.21308023617184091 ) ) ;
#1474 = AXIS2_PLACEMENT_3D ( 'NONE', #7107, #8885, #4206 ) ;
#1475 = CARTESIAN_POINT ( 'NONE',  ( 175.2171133453905156, -114.8297640215111954, 62.24960223581919649 ) ) ;
#1476 = SHAPE_DEFINITION_REPRESENTATION ( #318, #3971 ) ;
#1477 = VERTEX_POINT ( 'NONE', #6445 ) ;
#1478 = LINE ( 'NONE', #8992, #5957 ) ;
#1479 = EDGE_CURVE ( 'NONE', #3045, #1998, #7074, .T. ) ;
#1480 = ORIENTED_EDGE ( 'NONE', *, *, #2026, .T. ) ;
#1481 = CARTESIAN_POINT ( 'NONE',  ( 164.2171133453900040, -119.4297640746489861, 102.7500000000329976 ) ) ;
#1482 = ORIENTED_EDGE ( 'NONE', *, *, #3327, .T. ) ;
#1483 = ORIENTED_EDGE ( 'NONE', *, *, #9165, .F. ) ;
#1484 = VECTOR ( 'NONE', #9227, 1000.000000000000000 ) ;
#1485 = CIRCLE ( 'NONE', #6809, 0.9999999999999964473 ) ;
#1486 = DIRECTION ( 'NONE',  ( 0.000000000000000000, -1.000000000000000000, 2.148562215093330474E-15 ) ) ;
#1487 = ORIENTED_EDGE ( 'NONE', *, *, #9421, .T. ) ;
#1488 = DIRECTION ( 'NONE',  ( 2.602085213964869829E-17, 1.000000000000000000, -1.526556658859589750E-16 ) ) ;
#1489 = CARTESIAN_POINT ( 'NONE',  ( 160.3231835514899899, -140.4297640215119998, 100.6909950527140012 ) ) ;
#1490 = CARTESIAN_POINT ( 'NONE',  ( 163.2171133453900040, -154.4297640746490003, 62.74999974667980496 ) ) ;
#1491 = CIRCLE ( 'NONE', #303, 2.349999999999990763 ) ;
#1492 = AXIS2_PLACEMENT_3D ( 'NONE', #6388, #8228, #8165 ) ;
#1493 = EDGE_CURVE ( 'NONE', #7436, #7167, #3581, .T. ) ;
#1494 = EDGE_CURVE ( 'NONE', #11558, #10194, #2669, .T. ) ;
#1495 = EDGE_LOOP ( 'NONE', ( #7066, #6822, #1894, #3726, #2277, #7324, #240, #1966 ) ) ;
#1496 = ORIENTED_EDGE ( 'NONE', *, *, #8215, .F. ) ;
#1497 = CARTESIAN_POINT ( 'NONE',  ( 163.2171133453900040, -140.4297640215119998, 98.69164219418240691 ) ) ;
#1498 = ORIENTED_EDGE ( 'NONE', *, *, #6032, .F. ) ;
#1499 = LINE ( 'NONE', #10981, #9751 ) ;
#1500 = EDGE_CURVE ( 'NONE', #4114, #8532, #3244, .T. ) ;
#1501 = DIRECTION ( 'NONE',  ( 0.7071067811865475727, 0.000000000000000000, 0.7071067811865475727 ) ) ;
#1502 = CARTESIAN_POINT ( 'NONE',  ( 132.2171133453899188, -141.8439776370221352, 70.17157278677026966 ) ) ;
#1503 = VECTOR ( 'NONE', #11349, 1000.000000000000000 ) ;
#1504 = VECTOR ( 'NONE', #3523, 1000.000000000000000 ) ;
#1505 = CARTESIAN_POINT ( 'NONE',  ( 161.6669467408600269, -153.4297640746490003, 83.34999974667989875 ) ) ;
#1506 = DIRECTION ( 'NONE',  ( -2.602085213964879690E-17, -1.000000000000000000, 1.150608946447880006E-15 ) ) ;
#1507 = CARTESIAN_POINT ( 'NONE',  ( 156.9671133453899756, -135.1797640746490288, 67.99999991151629786 ) ) ;
#1508 = LINE ( 'NONE', #6320, #8886 ) ;
#1509 = LINE ( 'NONE', #3407, #9971 ) ;
#1510 = EDGE_CURVE ( 'NONE', #11223, #2558, #4720, .T. ) ;
#1511 = AXIS2_PLACEMENT_3D ( 'NONE', #4121, #3190, #1290 ) ;
#1512 = DIRECTION ( 'NONE',  ( 2.444005099427409921E-28, 1.000000000000000000, 1.761091272811659927E-14 ) ) ;
#1513 = EDGE_CURVE ( 'NONE', #5194, #442, #4332, .T. ) ;
#1514 = EDGE_LOOP ( 'NONE', ( #11476, #10448, #3872, #6833 ) ) ;
#1515 = ORIENTED_EDGE ( 'NONE', *, *, #8512, .F. ) ;
#1516 = LINE ( 'NONE', #9085, #7403 ) ;
#1517 = ADVANCED_FACE ( 'NONE', ( #10250 ), #9615, .F. ) ;
#1518 = DIRECTION ( 'NONE',  ( -1.000000000000000000, 2.602085213964869829E-17, -7.166576360129189239E-17 ) ) ;
#1519 = ORIENTED_EDGE ( 'NONE', *, *, #1570, .T. ) ;
#1520 = EDGE_CURVE ( 'NONE', #10857, #2751, #8050, .T. ) ;
#1521 = CARTESIAN_POINT ( 'NONE',  ( 160.7618845993870593, -120.9697841276735630, 61.69231243793736041 ) ) ;
#1522 = AXIS2_PLACEMENT_3D ( 'NONE', #10866, #9077, #5267 ) ;
#1523 = CONICAL_SURFACE ( 'NONE', #11745, 2.549999999999996714, 0.7853981633974476129 ) ;
#1524 = DIRECTION ( 'NONE',  ( 0.000000000000000000, -1.000000000000000000, 1.526556658859589750E-16 ) ) ;
#1525 = CYLINDRICAL_SURFACE ( 'NONE', #7145, 0.9999999999999945599 ) ;
#1526 = CARTESIAN_POINT ( 'NONE',  ( 170.1540699406704960, -154.4297640215109766, 63.68695659527989505 ) ) ;
#1527 = FACE_OUTER_BOUND ( 'NONE', #4301, .T. ) ;
#1528 = CARTESIAN_POINT ( 'NONE',  ( 134.2171133453900040, -138.0155505122760076, 67.99999991151649681 ) ) ;
#1529 =( BOUNDED_CURVE ( )  B_SPLINE_CURVE ( 3, ( #961, #210, #6748, #3905 ),
 .UNSPECIFIED., .F., .F. ) 
 B_SPLINE_CURVE_WITH_KNOTS ( ( 4, 4 ),
 ( 1.567173327445919861, 1.570796326794895004 ),
 .UNSPECIFIED. ) 
 CURVE ( )  GEOMETRIC_REPRESENTATION_ITEM ( )  RATIONAL_B_SPLINE_CURVE ( ( 1.000000000000000000, 0.9999989061566089132, 0.9999989061566089132, 1.000000000000000000 ) ) 
 REPRESENTATION_ITEM ( '' )  );
#1530 = CARTESIAN_POINT ( 'NONE',  ( 157.6248169134119905, -148.0297640746490231, 102.0997837512840078 ) ) ;
#1531 = EDGE_CURVE ( 'NONE', #8784, #4517, #11414, .T. ) ;
#1532 = AXIS2_PLACEMENT_3D ( 'NONE', #8734, #6894, #296 ) ;
#1533 = ORIENTED_EDGE ( 'NONE', *, *, #8726, .F. ) ;
#1534 = ORIENTED_EDGE ( 'NONE', *, *, #9317, .T. ) ;
#1535 = CIRCLE ( 'NONE', #3102, 2.350000000000004974 ) ;
#1536 = ADVANCED_FACE ( 'NONE', ( #11178 ), #1010, .F. ) ;
#1537 = ORIENTED_EDGE ( 'NONE', *, *, #375, .T. ) ;
#1538 = LINE ( 'NONE', #9966, #4512 ) ;
#1539 = CARTESIAN_POINT ( 'NONE',  ( 161.1788136234465583, -121.6835843773476284, 58.39523349809240926 ) ) ;
#1540 = PLANE ( 'NONE',  #4053 ) ;
#1541 = VECTOR ( 'NONE', #4923, 1000.000000000000000 ) ;
#1542 = CARTESIAN_POINT ( 'NONE',  ( 133.2171133453900040, -119.4297640746489861, 79.97858143529350627 ) ) ;
#1543 = VECTOR ( 'NONE', #5232, 999.9999999999998863 ) ;
#1544 = LINE ( 'NONE', #12071, #6465 ) ;
#1545 = B_SPLINE_CURVE_WITH_KNOTS ( 'NONE', 3,
 ( #11424, #6996, #4966, #5147 ),
 .UNSPECIFIED., .F., .F.,
 ( 4, 4 ),
 ( 0.000000000000000000, 1.000000000000000000 ),
 .UNSPECIFIED. ) ;
#1546 = EDGE_LOOP ( 'NONE', ( #12185, #8501, #1270, #10505 ) ) ;
#1547 = CARTESIAN_POINT ( 'NONE',  ( 138.3475517815030003, -144.2945494349380056, 107.3646761005559966 ) ) ;
#1548 = DIRECTION ( 'NONE',  ( -1.110113989347309975E-15, 1.110113989347351982E-15, 1.000000000000000000 ) ) ;
#1549 = ADVANCED_FACE ( 'NONE', ( #4716 ), #2736, .T. ) ;
#1550 = EDGE_LOOP ( 'NONE', ( #2912, #6185, #1773, #4315, #8442, #10615 ) ) ;
#1551 = CARTESIAN_POINT ( 'NONE',  ( 132.4882089097179687, -153.1151356947769955, 67.13061787446640949 ) ) ;
#1552 = ORIENTED_EDGE ( 'NONE', *, *, #85, .F. ) ;
#1553 = CIRCLE ( 'NONE', #8623, 5.250025253359297039 ) ;
#1554 = ORIENTED_EDGE ( 'NONE', *, *, #11679, .F. ) ;
#1555 = LINE ( 'NONE', #7220, #10996 ) ;
#1556 = EDGE_LOOP ( 'NONE', ( #3243, #4145, #10994, #5116 ) ) ;
#1557 = PLANE ( 'NONE',  #4848 ) ;
#1558 = DIRECTION ( 'NONE',  ( -1.000000000000000000, 0.000000000000000000, 0.000000000000000000 ) ) ;
#1559 = CYLINDRICAL_SURFACE ( 'NONE', #1125, 2.349999999999990763 ) ;
#1560 = DIRECTION ( 'NONE',  ( 1.778958924614190116E-14, 1.000000000000000000, 0.000000000000000000 ) ) ;
#1561 = CIRCLE ( 'NONE', #6680, 24.75049366970480236 ) ;
#1562 = CARTESIAN_POINT ( 'NONE',  ( 160.2171131927750025, -148.0297640746490231, 103.7997837512839965 ) ) ;
#1563 = EDGE_LOOP ( 'NONE', ( #8136, #2814, #4131, #9234 ) ) ;
#1564 = ORIENTED_EDGE ( 'NONE', *, *, #10961, .F. ) ;
#1565 = DIRECTION ( 'NONE',  ( 9.412800631153610779E-17, 0.7071067811865510144, -0.7071067811865441310 ) ) ;
#1566 = EDGE_LOOP ( 'NONE', ( #4072, #10276, #1880, #1053 ) ) ;
#1567 = DIRECTION ( 'NONE',  ( -1.504056274950594933E-15, -1.000000000000000000, -1.504056274950594933E-15 ) ) ;
#1568 = DIRECTION ( 'NONE',  ( 0.000000000000000000, 0.000000000000000000, 1.000000000000000000 ) ) ;
#1569 = VECTOR ( 'NONE', #7328, 1000.000000000000000 ) ;
#1570 = EDGE_CURVE ( 'NONE', #9009, #4806, #7430, .T. ) ;
#1571 = DIRECTION ( 'NONE',  ( -6.336404259145639923E-17, 1.000000000000000000, -6.359402734540659909E-17 ) ) ;
#1572 = EDGE_CURVE ( 'NONE', #9749, #5422, #1426, .T. ) ;
#1573 = CARTESIAN_POINT ( 'NONE',  ( 138.3426713689570136, -144.2938885307320049, 109.0479886391220106 ) ) ;
#1574 = DIRECTION ( 'NONE',  ( -2.602085213964869829E-17, -1.000000000000000000, 1.526556658860419780E-16 ) ) ;
#1575 = DIRECTION ( 'NONE',  ( 0.000000000000000000, 0.000000000000000000, 1.000000000000000000 ) ) ;
#1576 = DIRECTION ( 'NONE',  ( -8.821935677471621045E-15, -1.074295325689379908E-17, -1.000000000000000000 ) ) ;
#1577 = AXIS2_PLACEMENT_3D ( 'NONE', #657, #8230, #2742 ) ;
#1578 = CARTESIAN_POINT ( 'NONE',  ( 162.6399132083545283, -153.3473760166015154, 66.96811501498449104 ) ) ;
#1579 = CARTESIAN_POINT ( 'NONE',  ( 162.4858744474545631, -135.6985251767137299, 69.99999991151635470 ) ) ;
#1580 = EDGE_LOOP ( 'NONE', ( #9099, #5541, #4104, #922, #11891, #2687 ) ) ;
#1581 = ORIENTED_EDGE ( 'NONE', *, *, #3845, .F. ) ;
#1582 = LINE ( 'NONE', #7371, #8383 ) ;
#1583 = CARTESIAN_POINT ( 'NONE',  ( 127.8638690966761828, -117.4297640215114029, 56.80635931419149642 ) ) ;
#1584 = ORIENTED_EDGE ( 'NONE', *, *, #9113, .T. ) ;
#1585 = CARTESIAN_POINT ( 'NONE',  ( 168.6298797530100160, -114.4297640215112040, 57.75000000000000000 ) ) ;
#1586 = ADVANCED_FACE ( 'NONE', ( #6686 ), #10430, .F. ) ;
#1587 = CARTESIAN_POINT ( 'NONE',  ( 163.9242200464769894, -145.4297640746490003, 71.70710663693481024 ) ) ;
#1588 = FACE_OUTER_BOUND ( 'NONE', #10948, .T. ) ;
#1589 = FACE_BOUND ( 'NONE', #6065, .T. ) ;
#1590 = EDGE_CURVE ( 'NONE', #5717, #8659, #10489, .T. ) ;
#1591 = LINE ( 'NONE', #4480, #4412 ) ;
#1592 = CARTESIAN_POINT ( 'NONE',  ( 157.6248169134119905, -148.4297640746490003, 102.0997837512840078 ) ) ;
#1593 = DIRECTION ( 'NONE',  ( 0.000000000000000000, -2.327875578288750051E-16, -1.000000000000000000 ) ) ;
#1594 = VERTEX_POINT ( 'NONE', #7549 ) ;
#1595 = VERTEX_POINT ( 'NONE', #2053 ) ;
#1596 = VECTOR ( 'NONE', #8621, 1000.000000000000000 ) ;
#1597 = ORIENTED_EDGE ( 'NONE', *, *, #784, .F. ) ;
#1598 = CARTESIAN_POINT ( 'NONE',  ( 132.8989579403683763, -153.3982631286654907, 66.82637011410807304 ) ) ;
#1599 = DIRECTION ( 'NONE',  ( -3.160768215787150073E-15, -1.000000000000000000, 1.526556658859589750E-16 ) ) ;
#1600 = ADVANCED_FACE ( 'NONE', ( #7605 ), #9385, .T. ) ;
#1601 = CARTESIAN_POINT ( 'NONE',  ( 132.2171133453900040, -126.4297640215114029, 61.45398638250009782 ) ) ;
#1602 = FACE_OUTER_BOUND ( 'NONE', #8829, .T. ) ;
#1603 = VECTOR ( 'NONE', #2725, 1000.000000000000000 ) ;
#1604 = CARTESIAN_POINT ( 'NONE',  ( 165.7236018428179989, -114.4297640215112040, 60.17765112427590424 ) ) ;
#1605 = ADVANCED_FACE ( 'NONE', ( #4831 ), #955, .T. ) ;
#1607 = EDGE_CURVE ( 'NONE', #3763, #441, #2855, .T. ) ;
#1606 = ORIENTED_EDGE ( 'NONE', *, *, #10631, .F. ) ;
#1608 = CARTESIAN_POINT ( 'NONE',  ( 138.9315654901530195, -144.6042188329599867, 111.3670266538040039 ) ) ;
#1609 = ORIENTED_EDGE ( 'NONE', *, *, #98, .F. ) ;
#1610 = VECTOR ( 'NONE', #1104, 1000.000000000000114 ) ;
#1611 = CARTESIAN_POINT ( 'NONE',  ( 132.5614246115380865, -153.1862205464501301, 67.11171574712969345 ) ) ;
#1612 = EDGE_LOOP ( 'NONE', ( #1129, #7761, #6693, #2370, #606, #239, #8039 ) ) ;
#1613 = ORIENTED_EDGE ( 'NONE', *, *, #11977, .F. ) ;
#1614 = DIRECTION ( 'NONE',  ( -1.214306505109919625E-16, 1.000000000000000000, 6.573933234426810631E-15 ) ) ;
#1615 = VERTEX_POINT ( 'NONE', #2913 ) ;
#1616 = EDGE_CURVE ( 'NONE', #11775, #7000, #11452, .T. ) ;
#1617 = DIRECTION ( 'NONE',  ( -5.947210316807140508E-15, -1.000000000000000000, 1.526556658859589750E-16 ) ) ;
#1618 = DIRECTION ( 'NONE',  ( 0.000000000000000000, -2.336840784622119857E-30, -1.000000000000000000 ) ) ;
#1619 = AXIS2_PLACEMENT_3D ( 'NONE', #4994, #1291, #432 ) ;
#1620 = CARTESIAN_POINT ( 'NONE',  ( 163.2171133453900040, -153.4297640741879718, 65.95898615365621254 ) ) ;
#1621 = CARTESIAN_POINT ( 'NONE',  ( 135.1105732284813996, -120.6040145420057996, 60.27763815801269942 ) ) ;
#1622 = LINE ( 'NONE', #8080, #3373 ) ;
#1623 = ORIENTED_EDGE ( 'NONE', *, *, #9642, .T. ) ;
#1624 = CARTESIAN_POINT ( 'NONE',  ( 131.2171133605709770, -153.4297640746490003, 62.74999974667999680 ) ) ;
#1625 = VECTOR ( 'NONE', #4998, 1000.000000000000000 ) ;
#1626 = EDGE_LOOP ( 'NONE', ( #8602, #4324, #2944, #11340, #7385, #10043, #4409 ) ) ;
#1627 = LINE ( 'NONE', #5383, #1504 ) ;
#1628 = LINE ( 'NONE', #10118, #3927 ) ;
#1629 = FACE_BOUND ( 'NONE', #6328, .T. ) ;
#1630 = CARTESIAN_POINT ( 'NONE',  ( 139.1053615817419882, -143.4297640215119714, 104.6051247192650067 ) ) ;
#1631 = AXIS2_PLACEMENT_3D ( 'NONE', #2339, #6967, #5118 ) ;
#1632 = LINE ( 'NONE', #7971, #10291 ) ;
#1633 = LINE ( 'NONE', #6136, #8096 ) ;
#1634 = CARTESIAN_POINT ( 'NONE',  ( 120.2171133453899898, -149.4297640746490003, 95.85358149672968864 ) ) ;
#1635 = CARTESIAN_POINT ( 'NONE',  ( 126.2171133453899898, -154.4297640215114882, 62.75000000000000000 ) ) ;
#1636 = DIRECTION ( 'NONE',  ( -2.602085213964869829E-17, -1.000000000000000000, 1.526556658859589750E-16 ) ) ;
#1637 = EDGE_CURVE ( 'NONE', #3988, #1147, #4179, .T. ) ;
#1638 = VERTEX_POINT ( 'NONE', #10135 ) ;
#1639 = ORIENTED_EDGE ( 'NONE', *, *, #3484, .T. ) ;
#1640 = FACE_OUTER_BOUND ( 'NONE', #5785, .T. ) ;
#1641 = FACE_OUTER_BOUND ( 'NONE', #1731, .T. ) ;
#1642 = EDGE_LOOP ( 'NONE', ( #3186, #4642, #3882, #1897 ) ) ;
#1643 = DIRECTION ( 'NONE',  ( -8.821935677471621045E-15, -1.074295325689833965E-17, -1.000000000000000000 ) ) ;
#1644 = FACE_OUTER_BOUND ( 'NONE', #2888, .T. ) ;
#1645 = DIRECTION ( 'NONE',  ( 1.000000000000000000, -3.480590576041360211E-15, -4.697843999457050607E-15 ) ) ;
#1646 = DIRECTION ( 'NONE',  ( 7.166576360129239776E-17, -1.074295325692399920E-17, -1.000000000000000000 ) ) ;
#1647 = LINE ( 'NONE', #11806, #1263 ) ;
#1648 = AXIS2_PLACEMENT_3D ( 'NONE', #5263, #6135, #1446 ) ;
#1649 = CARTESIAN_POINT ( 'NONE',  ( 120.2171133453899898, -124.4297640215119998, 62.75000000000000000 ) ) ;
#1650 = CARTESIAN_POINT ( 'NONE',  ( 161.2171133453899756, -138.0155505122760076, 68.99999991151629786 ) ) ;
#1651 = ADVANCED_FACE ( 'NONE', ( #5524 ), #1703, .T. ) ;
#1652 = ORIENTED_EDGE ( 'NONE', *, *, #12058, .T. ) ;
#1653 = ORIENTED_EDGE ( 'NONE', *, *, #7685, .F. ) ;
#1654 = ORIENTED_EDGE ( 'NONE', *, *, #8229, .T. ) ;
#1655 = EDGE_CURVE ( 'NONE', #11940, #1395, #8295, .T. ) ;
#1656 = TOROIDAL_SURFACE ( 'NONE', #9910, 5.250025253359289934, 1.000000000000000000 ) ;
#1657 = CARTESIAN_POINT ( 'NONE',  ( 132.2171133534549767, -136.4297640746490288, 81.50005035146759269 ) ) ;
#1658 = LINE ( 'NONE', #1601, #7214 ) ;
#1659 = CARTESIAN_POINT ( 'NONE',  ( 134.4868096643991180, -121.4197107834589815, 58.62316730605392934 ) ) ;
#1660 = DIRECTION ( 'NONE',  ( 0.7071067811865474617, -0.7071067811865474617, 1.588459692868368614E-14 ) ) ;
#1661 = VERTEX_POINT ( 'NONE', #7498 ) ;
#1662 = CARTESIAN_POINT ( 'NONE',  ( 132.2171133453900040, -152.4297640746490003, 67.14091634279270693 ) ) ;
#1663 = ADVANCED_FACE ( 'NONE', ( #7558 ), #1952, .T. ) ;
#1664 = ORIENTED_EDGE ( 'NONE', *, *, #9791, .T. ) ;
#1665 = LINE ( 'NONE', #7519, #708 ) ;
#1666 = EDGE_CURVE ( 'NONE', #6975, #5910, #6157, .T. ) ;
#1667 = EDGE_LOOP ( 'NONE', ( #5703, #3786, #7400, #1066, #6800 ) ) ;
#1668 = VERTEX_POINT ( 'NONE', #10382 ) ;
#1669 = EDGE_CURVE ( 'NONE', #5953, #74, #3606, .T. ) ;
#1670 = FACE_OUTER_BOUND ( 'NONE', #10567, .T. ) ;
#1671 = ORIENTED_EDGE ( 'NONE', *, *, #8948, .F. ) ;
#1672 = VECTOR ( 'NONE', #10294, 1000.000000000000000 ) ;
#1673 = EDGE_CURVE ( 'NONE', #10249, #4804, #5585, .T. ) ;
#1674 = CARTESIAN_POINT ( 'NONE',  ( 137.7600065642029961, -134.4726572934619924, 69.99999991151649681 ) ) ;
#1675 = CARTESIAN_POINT ( 'NONE',  ( 163.0918748479350029, -140.4202078269770197, 66.81584691354140659 ) ) ;
#1676 = LINE ( 'NONE', #9245, #4869 ) ;
#1677 = CARTESIAN_POINT ( 'NONE',  ( 162.4840887200663815, -139.8164833978215142, 69.92598404901501397 ) ) ;
#1678 = CARTESIAN_POINT ( 'NONE',  ( 139.0692595524231479, -145.1029175006737546, 111.2087717889473026 ) ) ;
#1679 = EDGE_LOOP ( 'NONE', ( #6913, #11798, #3568, #2283, #4684 ) ) ;
#1680 = CARTESIAN_POINT ( 'NONE',  ( 132.2171133453900040, -144.5297640215119941, 65.95898615365621254 ) ) ;
#1681 = EDGE_CURVE ( 'NONE', #2668, #11160, #5646, .T. ) ;
#1682 = ORIENTED_EDGE ( 'NONE', *, *, #2240, .F. ) ;
#1683 = DIRECTION ( 'NONE',  ( -0.7071067811865460184, 0.7071067811865489050, 5.044666055188809665E-14 ) ) ;
#1684 = EDGE_CURVE ( 'NONE', #1147, #5150, #3583, .T. ) ;
#1685 = CYLINDRICAL_SURFACE ( 'NONE', #3734, 24.75049366970480236 ) ;
#1686 = PLANE ( 'NONE',  #9767 ) ;
#1687 = CARTESIAN_POINT ( 'NONE',  ( 163.2171133453899188, -140.6724047617682629, 65.99999991151634049 ) ) ;
#1688 = AXIS2_PLACEMENT_3D ( 'NONE', #9450, #2421, #3100 ) ;
#1689 = VECTOR ( 'NONE', #9886, 1000.000000000000000 ) ;
#1690 = DIRECTION ( 'NONE',  ( 1.000000000000000000, -3.160768215787150073E-15, -8.810118433399840573E-15 ) ) ;
#1691 = CARTESIAN_POINT ( 'NONE',  ( 173.2171134944015023, -120.6723095569548008, 59.97769105042259952 ) ) ;
#1692 = DIRECTION ( 'NONE',  ( -1.734923810071225168E-15, -1.000000000000000000, -1.734923811388140097E-15 ) ) ;
#1693 = ORIENTED_EDGE ( 'NONE', *, *, #7322, .T. ) ;
#1694 = DIRECTION ( 'NONE',  ( -1.000000000000000000, 0.000000000000000000, 1.387778780781444413E-14 ) ) ;
#1695 = CARTESIAN_POINT ( 'NONE',  ( 132.2171133453900040, -141.8439776370219931, 67.99999991151649681 ) ) ;
#1696 = EDGE_CURVE ( 'NONE', #5290, #9241, #6717, .T. ) ;
#1697 = ORIENTED_EDGE ( 'NONE', *, *, #10611, .T. ) ;
#1698 = ORIENTED_EDGE ( 'NONE', *, *, #5964, .T. ) ;
#1699 = DIRECTION ( 'NONE',  ( -1.821244635543330336E-14, 1.000000000000000000, 6.573808934571190611E-15 ) ) ;
#1700 = AXIS2_PLACEMENT_3D ( 'NONE', #10117, #2599, #2417 ) ;
#1701 = VERTEX_POINT ( 'NONE', #8355 ) ;
#1702 = CARTESIAN_POINT ( 'NONE',  ( 132.3771133453899722, -144.5297640215119941, 65.95898615365621254 ) ) ;
#1703 = CYLINDRICAL_SURFACE ( 'NONE', #6741, 2.500000000000002220 ) ;
#1704 = CARTESIAN_POINT ( 'NONE',  ( 163.1867387273269969, -133.4028689281082052, 51.11866876023839978 ) ) ;
#1705 = AXIS2_PLACEMENT_3D ( 'NONE', #7391, #1141, #8652 ) ;
#1706 = CYLINDRICAL_SURFACE ( 'NONE', #4465, 2.500000000000002220 ) ;
#1707 = FACE_OUTER_BOUND ( 'NONE', #10827, .T. ) ;
#1708 = DIRECTION ( 'NONE',  ( 0.7071067811865829889, -0.7071067811865120456, 0.000000000000000000 ) ) ;
#1709 = PLANE ( 'NONE',  #3499 ) ;
#1710 = ORIENTED_EDGE ( 'NONE', *, *, #8147, .T. ) ;
#1711 = ORIENTED_EDGE ( 'NONE', *, *, #4678, .F. ) ;
#1712 = ORIENTED_EDGE ( 'NONE', *, *, #2997, .T. ) ;
#1713 = VECTOR ( 'NONE', #3549, 1000.000000000000000 ) ;
#1714 = VECTOR ( 'NONE', #2106, 1000.000000000000000 ) ;
#1715 = EDGE_CURVE ( 'NONE', #11571, #3426, #12115, .T. ) ;
#1716 = CARTESIAN_POINT ( 'NONE',  ( 135.1768364872669963, -145.4297640215119714, 114.2143259181419950 ) ) ;
#1717 = CARTESIAN_POINT ( 'NONE',  ( 155.4477506631639869, -153.4297640746490003, 98.67401674911620546 ) ) ;
#1718 = ADVANCED_FACE ( 'NONE', ( #7440 ), #10442, .T. ) ;
#1719 = CARTESIAN_POINT ( 'NONE',  ( 174.2171132998449821, -140.4297640215119998, 100.7500000000290044 ) ) ;
#1720 = AXIS2_PLACEMENT_3D ( 'NONE', #12119, #106, #6583 ) ;
#1721 = VECTOR ( 'NONE', #935, 1000.000000000000114 ) ;
#1722 = EDGE_LOOP ( 'NONE', ( #2947, #11845 ) ) ;
#1723 = PLANE ( 'NONE',  #8613 ) ;
#1724 = ORIENTED_EDGE ( 'NONE', *, *, #3462, .T. ) ;
#1725 = LINE ( 'NONE', #806, #3048 ) ;
#1726 = ORIENTED_EDGE ( 'NONE', *, *, #772, .T. ) ;
#1727 = ORIENTED_EDGE ( 'NONE', *, *, #8459, .F. ) ;
#1728 = CARTESIAN_POINT ( 'NONE',  ( 147.6669467408599985, -154.0297640746490231, 83.34999974667989875 ) ) ;
#1729 = AXIS2_PLACEMENT_3D ( 'NONE', #10487, #11596, #3146 ) ;
#1730 = VECTOR ( 'NONE', #10513, 1000.000000000000000 ) ;
#1731 = EDGE_LOOP ( 'NONE', ( #6960, #1332, #7355, #8883 ) ) ;
#1732 = CARTESIAN_POINT ( 'NONE',  ( 132.1171131927750082, -148.2297640746490117, 103.7997837512839965 ) ) ;
#1733 = CARTESIAN_POINT ( 'NONE',  ( 163.2171133453900040, -140.7031433143880008, 66.26161632600430096 ) ) ;
#1734 = EDGE_CURVE ( 'NONE', #11661, #898, #7313, .T. ) ;
#1735 = CARTESIAN_POINT ( 'NONE',  ( 136.9171131927749911, -140.4297640215119998, 103.7997837512839965 ) ) ;
#1736 = CARTESIAN_POINT ( 'NONE',  ( 157.5201750565870213, -149.4297642349530122, 117.6643263450229995 ) ) ;
#1737 = EDGE_CURVE ( 'NONE', #7458, #3319, #901, .T. ) ;
#1738 = CYLINDRICAL_SURFACE ( 'NONE', #3967, 1.700000000000007061 ) ;
#1739 = AXIS2_PLACEMENT_3D ( 'NONE', #849, #8847, #9637 ) ;
#1740 = VERTEX_POINT ( 'NONE', #2805 ) ;
#1741 = CARTESIAN_POINT ( 'NONE',  ( 134.5595515270850058, -140.5613196505220230, 105.3643606650390012 ) ) ;
#1742 = VERTEX_POINT ( 'NONE', #8418 ) ;
#1743 = CARTESIAN_POINT ( 'NONE',  ( 134.2300535121842984, -121.4086382586693418, 62.19253096342183085 ) ) ;
#1744 = CARTESIAN_POINT ( 'NONE',  ( 147.6669467408599985, -153.4297640746490003, 83.34999974667989875 ) ) ;
#1745 = CARTESIAN_POINT ( 'NONE',  ( 169.2171132998459768, -153.4297640746490003, 102.7500000000329976 ) ) ;
#1746 = CARTESIAN_POINT ( 'NONE',  ( 138.0808663299520163, -140.4297640215119998, 111.3643259181410059 ) ) ;
#1747 = AXIS2_PLACEMENT_3D ( 'NONE', #5995, #6983, #2173 ) ;
#1748 = VECTOR ( 'NONE', #5802, 1000.000000000000000 ) ;
#1749 = DIRECTION ( 'NONE',  ( 2.602085213964869829E-17, 1.000000000000000000, -1.526556658859589750E-16 ) ) ;
#1750 = EDGE_CURVE ( 'NONE', #4507, #271, #9451, .T. ) ;
#1751 = DIRECTION ( 'NONE',  ( -4.727417165305209819E-14, -4.052677489049489696E-14, 1.000000000000000000 ) ) ;
#1752 = EDGE_CURVE ( 'NONE', #207, #3938, #12175, .T. ) ;
#1753 = DIRECTION ( 'NONE',  ( -1.000000000000000000, -4.795080313459889526E-24, -7.888609052210119806E-31 ) ) ;
#1754 = FACE_OUTER_BOUND ( 'NONE', #4837, .T. ) ;
#1755 = VERTEX_POINT ( 'NONE', #10318 ) ;
#1756 = CARTESIAN_POINT ( 'NONE',  ( 160.2171133453899756, -140.4297640215119998, 100.3343277690709954 ) ) ;
#1757 = PLANE ( 'NONE',  #9605 ) ;
#1758 = VERTEX_POINT ( 'NONE', #1020 ) ;
#1759 = ORIENTED_EDGE ( 'NONE', *, *, #1976, .T. ) ;
#1760 = AXIS2_PLACEMENT_3D ( 'NONE', #3472, #7245, #10991 ) ;
#1761 = DIRECTION ( 'NONE',  ( -8.820989019637940419E-15, -1.074295325689379908E-17, -1.000000000000000000 ) ) ;
#1762 = CARTESIAN_POINT ( 'NONE',  ( 132.3255008394325785, -120.4297680637884156, 62.66078637172639532 ) ) ;
#1763 = ORIENTED_EDGE ( 'NONE', *, *, #11204, .T. ) ;
#1764 = DIRECTION ( 'NONE',  ( -7.768637884187460390E-16, -6.709576272139220715E-15, 1.000000000000000000 ) ) ;
#1765 = DIRECTION ( 'NONE',  ( 0.7071067811865475727, -0.7071067811865475727, 0.000000000000000000 ) ) ;
#1766 = EDGE_CURVE ( 'NONE', #4015, #2252, #2866, .T. ) ;
#1767 = CARTESIAN_POINT ( 'NONE',  ( 130.2171133453899756, -144.0488782002692858, 56.00640280175944241 ) ) ;
#1768 = CARTESIAN_POINT ( 'NONE',  ( 139.1231655244480123, -153.4297640215119714, 99.69100161576849928 ) ) ;
#1769 = DIRECTION ( 'NONE',  ( -7.166575347355959805E-17, 2.548831665378349982E-09, 1.000000000000000000 ) ) ;
#1770 = CARTESIAN_POINT ( 'NONE',  ( 132.9479872387519208, -139.8229290080471401, 69.92474163513269048 ) ) ;
#1771 = CARTESIAN_POINT ( 'NONE',  ( 154.6834021859320103, -140.4297640215119998, 104.5909950527140069 ) ) ;
#1772 = ORIENTED_EDGE ( 'NONE', *, *, #11991, .T. ) ;
#1773 = ORIENTED_EDGE ( 'NONE', *, *, #3519, .T. ) ;
#1774 = VERTEX_POINT ( 'NONE', #2619 ) ;
#1775 = DIRECTION ( 'NONE',  ( 5.947210316807140508E-15, 1.000000000000000000, 0.000000000000000000 ) ) ;
#1776 =( BOUNDED_CURVE ( )  B_SPLINE_CURVE ( 2, ( #10443, #9521, #10323 ),
 .UNSPECIFIED., .F., .F. ) 
 B_SPLINE_CURVE_WITH_KNOTS ( ( 3, 3 ),
 ( 3.895803133736260193, 3.969013333531310028 ),
 .UNSPECIFIED. ) 
 CURVE ( )  GEOMETRIC_REPRESENTATION_ITEM ( )  RATIONAL_B_SPLINE_CURVE ( ( 1.301111611164825987, 1.298632583217363967, 1.295954048034080097 ) ) 
 REPRESENTATION_ITEM ( '' )  );
#1777 = DIRECTION ( 'NONE',  ( 0.5000000000000011102, -0.5000000000000011102, -0.7071067811865459074 ) ) ;
#1778 = LINE ( 'NONE', #5779, #4170 ) ;
#1779 = CARTESIAN_POINT ( 'NONE',  ( 132.2171133453900040, -151.9297640215114882, 62.74960223581900465 ) ) ;
#1780 = VERTEX_POINT ( 'NONE', #7615 ) ;
#1781 = CARTESIAN_POINT ( 'NONE',  ( 133.2726912507249892, -114.6964651972128024, 54.47584747592299692 ) ) ;
#1782 = ORIENTED_EDGE ( 'NONE', *, *, #6785, .F. ) ;
#1783 = ORIENTED_EDGE ( 'NONE', *, *, #7634, .T. ) ;
#1784 = FACE_OUTER_BOUND ( 'NONE', #4421, .T. ) ;
#1785 = ORIENTED_EDGE ( 'NONE', *, *, #2425, .T. ) ;
#1786 = ORIENTED_EDGE ( 'NONE', *, *, #9060, .T. ) ;
#1787 = ADVANCED_FACE ( 'NONE', ( #11422 ), #1139, .F. ) ;
#1788 = DIRECTION ( 'NONE',  ( 7.166576360129189239E-17, -1.526556658859589750E-16, -1.000000000000000000 ) ) ;
#1789 = AXIS2_PLACEMENT_3D ( 'NONE', #6068, #9931, #1501 ) ;
#1790 = DIRECTION ( 'NONE',  ( 1.000000000000000000, 0.000000000000000000, 0.000000000000000000 ) ) ;
#1791 = LINE ( 'NONE', #933, #6915 ) ;
#1792 = CARTESIAN_POINT ( 'NONE',  ( 171.8415782520429502, -149.0768794197837508, 53.90579365253272215 ) ) ;
#1793 = LINE ( 'NONE', #4636, #3219 ) ;
#1794 = VECTOR ( 'NONE', #2951, 1000.000000000000000 ) ;
#1795 = DIRECTION ( 'NONE',  ( 0.000000000000000000, 1.000000000000000000, -2.336840784686309836E-30 ) ) ;
#1796 = VERTEX_POINT ( 'NONE', #10438 ) ;
#1797 = CARTESIAN_POINT ( 'NONE',  ( 134.1482452088709749, -140.4297643830610127, 109.3643378676260056 ) ) ;
#1798 = EDGE_LOOP ( 'NONE', ( #9284, #1606, #10354 ) ) ;
#1799 = ADVANCED_FACE ( 'NONE', ( #2977 ), #5822, .F. ) ;
#1800 = CARTESIAN_POINT ( 'NONE',  ( 162.5268364872660243, -145.4297640215119714, 114.2144502228039897 ) ) ;
#1801 = CARTESIAN_POINT ( 'NONE',  ( 135.6669467343540134, -153.4297640746490003, 71.34999974667979927 ) ) ;
#1802 = CARTESIAN_POINT ( 'NONE',  ( 160.7476198145120065, -121.1841563074749786, 58.87431807257582506 ) ) ;
#1803 = EDGE_CURVE ( 'NONE', #6235, #2761, #3948, .T. ) ;
#1804 = CARTESIAN_POINT ( 'NONE',  ( 184.7671133453904986, -124.3797640215111926, 62.75000000000000000 ) ) ;
#1805 = DIRECTION ( 'NONE',  ( -0.3198345585774030053, 0.2239505688958659535, 0.9206258728880128972 ) ) ;
#1806 = CARTESIAN_POINT ( 'NONE',  ( 132.6106248479624128, -117.4297640215114029, 60.27765112427590566 ) ) ;
#1807 = DIRECTION ( 'NONE',  ( 7.166576360129139935E-17, -2.327875578288750051E-16, -1.000000000000000000 ) ) ;
#1808 = DIRECTION ( 'NONE',  ( -0.7071067811865489050, -0.7071067811865460184, -5.539879091202519614E-14 ) ) ;
#1809 = CONICAL_SURFACE ( 'NONE', #11057, 2.549999999999996714, 0.7853981633974419507 ) ;
#1810 = VECTOR ( 'NONE', #737, 1000.000000000000114 ) ;
#1811 = VERTEX_POINT ( 'NONE', #5764 ) ;
#1812 = CARTESIAN_POINT ( 'NONE',  ( 132.2171133453900040, -154.4297640215114882, 62.74960223581890517 ) ) ;
#1813 = CARTESIAN_POINT ( 'NONE',  ( 126.2171133453899898, -149.8297640215160129, 62.75000000000000000 ) ) ;
#1814 = ORIENTED_EDGE ( 'NONE', *, *, #8131, .T. ) ;
#1815 = VERTEX_POINT ( 'NONE', #1197 ) ;
#1816 = DIRECTION ( 'NONE',  ( -9.644381700046828834E-17, 1.000000000000000000, -2.327875578288750051E-16 ) ) ;
#1817 = CARTESIAN_POINT ( 'NONE',  ( 130.2171133453899756, -134.0920877878091915, 58.25000000000000000 ) ) ;
#1818 = VERTEX_POINT ( 'NONE', #5943 ) ;
#1819 = EDGE_CURVE ( 'NONE', #10154, #10873, #5141, .T. ) ;
#1820 = EDGE_CURVE ( 'NONE', #898, #4736, #9657, .T. ) ;
#1821 = VECTOR ( 'NONE', #9769, 1000.000000000000000 ) ;
#1822 = DIRECTION ( 'NONE',  ( 1.000000000000000000, 0.000000000000000000, 0.000000000000000000 ) ) ;
#1823 = CARTESIAN_POINT ( 'NONE',  ( 132.3255008394324079, -148.4297640215247895, 62.66078637172618926 ) ) ;
#1824 = EDGE_CURVE ( 'NONE', #4625, #8260, #6872, .T. ) ;
#1825 = CARTESIAN_POINT ( 'NONE',  ( 133.0664558081500104, -142.0537471289035807, 53.47602185630480420 ) ) ;
#1826 = CARTESIAN_POINT ( 'NONE',  ( 160.9671132039360089, -149.8297640215160129, 102.7500000000419931 ) ) ;
#1827 = CARTESIAN_POINT ( 'NONE',  ( 164.2171132435119887, -119.4297640746489861, 62.74999974667980496 ) ) ;
#1828 = CARTESIAN_POINT ( 'NONE',  ( 136.7171133453900040, -138.8513369720210164, 93.86432591814070747 ) ) ;
#1829 = CARTESIAN_POINT ( 'NONE',  ( 134.2171133453900040, -138.0155505122760076, 67.99999991151649681 ) ) ;
#1830 = AXIS2_PLACEMENT_3D ( 'NONE', #7314, #5159, #11747 ) ;
#1831 = ORIENTED_EDGE ( 'NONE', *, *, #4067, .F. ) ;
#1832 = VERTEX_POINT ( 'NONE', #11369 ) ;
#1833 = ORIENTED_EDGE ( 'NONE', *, *, #8826, .T. ) ;
#1834 = ADVANCED_FACE ( 'NONE', ( #160 ), #8775, .T. ) ;
#1835 = DIRECTION ( 'NONE',  ( 0.008142047127308361248, 5.843279076974509312E-15, -0.9999668529849261578 ) ) ;
#1836 = LINE ( 'NONE', #9347, #6834 ) ;
#1837 = VECTOR ( 'NONE', #710, 1000.000000000000000 ) ;
#1838 = DIRECTION ( 'NONE',  ( -1.000000000000000000, 0.000000000000000000, 0.000000000000000000 ) ) ;
#1839 = CARTESIAN_POINT ( 'NONE',  ( 156.9171131927750196, -154.2297640746490117, 103.7997837512839965 ) ) ;
#1840 = ORIENTED_EDGE ( 'NONE', *, *, #2040, .F. ) ;
#1841 = CARTESIAN_POINT ( 'NONE',  ( 132.9623425825990068, -153.4297640746490003, 66.47410798651019093 ) ) ;
#1842 = ORIENTED_EDGE ( 'NONE', *, *, #4523, .F. ) ;
#1843 = ORIENTED_EDGE ( 'NONE', *, *, #80, .F. ) ;
#1844 = CARTESIAN_POINT ( 'NONE',  ( 132.2171133453900040, -140.4297640215119998, 93.86432591814070747 ) ) ;
#1845 = VERTEX_POINT ( 'NONE', #340 ) ;
#1846 = VECTOR ( 'NONE', #603, 1000.000000000000000 ) ;
#1847 = VERTEX_POINT ( 'NONE', #8651 ) ;
#1848 =( BOUNDED_CURVE ( )  B_SPLINE_CURVE ( 2, ( #2239, #461, #9689 ),
 .UNSPECIFIED., .F., .F. ) 
 B_SPLINE_CURVE_WITH_KNOTS ( ( 3, 3 ),
 ( 0.08299456234345740924, 0.5860987456314910027 ),
 .UNSPECIFIED. ) 
 CURVE ( )  GEOMETRIC_REPRESENTATION_ITEM ( )  RATIONAL_B_SPLINE_CURVE ( ( 1.012185618735119919, 1.045789100421789852, 1.039014568499990077 ) ) 
 REPRESENTATION_ITEM ( '' )  );
#1849 = FACE_OUTER_BOUND ( 'NONE', #2395, .T. ) ;
#1850 = DIRECTION ( 'NONE',  ( -0.003622991423313477906, 1.527489373225628588E-16, 0.9999934369450365068 ) ) ;
#1851 = CARTESIAN_POINT ( 'NONE',  ( 132.2793405864594547, -148.3172800076442854, 59.07804379007166773 ) ) ;
#1852 = FACE_OUTER_BOUND ( 'NONE', #5307, .T. ) ;
#1853 = VECTOR ( 'NONE', #7618, 1000.000000000000000 ) ;
#1854 = CARTESIAN_POINT ( 'NONE',  ( 132.2474879634529827, -120.4297680637884156, 51.11866876023850637 ) ) ;
#1855 = EDGE_CURVE ( 'NONE', #9158, #6770, #215, .T. ) ;
#1856 = ORIENTED_EDGE ( 'NONE', *, *, #2785, .F. ) ;
#1857 = DIRECTION ( 'NONE',  ( 1.000000000000000000, -3.973480495251319981E-15, 7.166576360129249636E-17 ) ) ;
#1858 = ORIENTED_EDGE ( 'NONE', *, *, #7926, .T. ) ;
#1859 = DIRECTION ( 'NONE',  ( -6.554525582486420045E-17, -1.000000000000000000, 1.705222977452164889E-16 ) ) ;
#1860 = ORIENTED_EDGE ( 'NONE', *, *, #4586, .F. ) ;
#1861 = CARTESIAN_POINT ( 'NONE',  ( 134.3711948164421131, -121.2677787482556084, 62.06205861939452717 ) ) ;
#1862 = VECTOR ( 'NONE', #3582, 1000.000000000000000 ) ;
#1863 = CARTESIAN_POINT ( 'NONE',  ( 169.2171132998449821, -154.4297640746490003, 102.7500000000329976 ) ) ;
#1864 = CARTESIAN_POINT ( 'NONE',  ( 134.2171133453900040, -138.0155505122760076, 67.99999991151649681 ) ) ;
#1865 = DIRECTION ( 'NONE',  ( -4.832443957009299887E-15, -1.000000000000000000, -6.661338147750930565E-15 ) ) ;
#1866 = LINE ( 'NONE', #1004, #10562 ) ;
#1867 = EDGE_CURVE ( 'NONE', #6061, #702, #8679, .T. ) ;
#1868 = DIRECTION ( 'NONE',  ( 0.8191520442889919096, 0.5735764363510458264, 2.660577370389440528E-15 ) ) ;
#1869 = EDGE_CURVE ( 'NONE', #5150, #3234, #3358, .T. ) ;
#1870 = AXIS2_PLACEMENT_3D ( 'NONE', #2692, #11072, #1835 ) ;
#1871 = CARTESIAN_POINT ( 'NONE',  ( 130.2171133453899756, -148.4297640215245906, 62.25000000000000000 ) ) ;
#1872 = CARTESIAN_POINT ( 'NONE',  ( 136.7171133453900040, -142.4297640746490003, 80.50005044511510732 ) ) ;
#1873 = ORIENTED_EDGE ( 'NONE', *, *, #5195, .F. ) ;
#1874 = CARTESIAN_POINT ( 'NONE',  ( 161.5100065642035077, -134.7226572934624187, 81.20715713265379065 ) ) ;
#1875 = DIRECTION ( 'NONE',  ( -0.7071067811865475727, -0.7071067811865475727, 2.517874784805353577E-14 ) ) ;
#1876 = ORIENTED_EDGE ( 'NONE', *, *, #524, .F. ) ;
#1877 = ORIENTED_EDGE ( 'NONE', *, *, #9476, .F. ) ;
#1878 = CARTESIAN_POINT ( 'NONE',  ( 133.2171133453900040, -152.4297640746490003, 67.14091634279270693 ) ) ;
#1879 = CYLINDRICAL_SURFACE ( 'NONE', #11600, 1.000000000000006217 ) ;
#1880 = ORIENTED_EDGE ( 'NONE', *, *, #560, .T. ) ;
#1881 = CIRCLE ( 'NONE', #4649, 2.750000000000002665 ) ;
#1882 = DIRECTION ( 'NONE',  ( -1.000000000000000000, -9.644381700046598339E-17, 7.823253522622061261E-15 ) ) ;
#1883 = DIRECTION ( 'NONE',  ( -1.000000000000000000, 0.000000000000000000, 0.000000000000000000 ) ) ;
#1884 = CARTESIAN_POINT ( 'NONE',  ( 169.9786284033270078, -147.3829269371353803, 53.38549640900530591 ) ) ;
#1885 = EDGE_CURVE ( 'NONE', #11438, #673, #2125, .T. ) ;
#1886 = CARTESIAN_POINT ( 'NONE',  ( 132.9235858833179975, -114.6297640215114058, 53.67421917386259622 ) ) ;
#1887 = CARTESIAN_POINT ( 'NONE',  ( 163.2171133453900040, -138.8513368844170088, 78.30716287345629212 ) ) ;
#1888 = EDGE_CURVE ( 'NONE', #687, #11710, #4786, .T. ) ;
#1889 = CARTESIAN_POINT ( 'NONE',  ( 125.4555982874535971, -120.4297680637882024, 53.38549640900549775 ) ) ;
#1890 = VECTOR ( 'NONE', #10108, 1000.000000000000000 ) ;
#1891 = VECTOR ( 'NONE', #4272, 1000.000000000000000 ) ;
#1892 = DIRECTION ( 'NONE',  ( -3.386353399394419756E-16, 1.000000000000000000, 6.503570184326940775E-15 ) ) ;
#1893 = ADVANCED_FACE ( 'NONE', ( #8593 ), #3910, .T. ) ;
#1894 = ORIENTED_EDGE ( 'NONE', *, *, #9352, .T. ) ;
#1895 = ORIENTED_EDGE ( 'NONE', *, *, #2010, .T. ) ;
#1896 = ADVANCED_FACE ( 'NONE', ( #4025 ), #11547, .T. ) ;
#1897 = ORIENTED_EDGE ( 'NONE', *, *, #9569, .F. ) ;
#1898 = CARTESIAN_POINT ( 'NONE',  ( 163.2171133453900040, -138.8513368967660142, 80.50005035713219570 ) ) ;
#1899 = AXIS2_PLACEMENT_3D ( 'NONE', #305, #4184, #4055 ) ;
#1900 = DIRECTION ( 'NONE',  ( 1.745666764649030079E-15, 1.000000000000000000, -1.745666764649145055E-15 ) ) ;
#1901 = B_SPLINE_CURVE_WITH_KNOTS ( 'NONE', 3,
 ( #2906, #5869, #259, #11231 ),
 .UNSPECIFIED., .F., .F.,
 ( 4, 4 ),
 ( 0.000000000000000000, 0.06441016893578579983 ),
 .UNSPECIFIED. ) ;
#1902 = DIRECTION ( 'NONE',  ( -0.008142047127308361248, 5.843279076974509312E-15, -0.9999668529849261578 ) ) ;
#1903 = EDGE_CURVE ( 'NONE', #488, #15, #1403, .T. ) ;
#1904 = ORIENTED_EDGE ( 'NONE', *, *, #2755, .F. ) ;
#1905 = FACE_OUTER_BOUND ( 'NONE', #2317, .T. ) ;
#1906 = EDGE_CURVE ( 'NONE', #1438, #681, #2590, .T. ) ;
#1907 = VECTOR ( 'NONE', #10820, 1000.000000000000000 ) ;
#1908 = ORIENTED_EDGE ( 'NONE', *, *, #9082, .T. ) ;
#1909 = EDGE_LOOP ( 'NONE', ( #8487, #4561, #10761, #959, #1727, #3457, #10172 ) ) ;
#1910 = DIRECTION ( 'NONE',  ( -0.7071067809181789121, 0.000000000000000000, -0.7071067814549162334 ) ) ;
#1911 = EDGE_LOOP ( 'NONE', ( #8026, #3321, #9007, #8642 ) ) ;
#1912 = ORIENTED_EDGE ( 'NONE', *, *, #1151, .F. ) ;
#1913 = CARTESIAN_POINT ( 'NONE',  ( 132.2171133453900040, -153.4297640480800169, 65.95898615365621254 ) ) ;
#1914 = DIRECTION ( 'NONE',  ( 2.602085213965009729E-17, 1.000000000000000000, 0.000000000000000000 ) ) ;
#1915 = AXIS2_PLACEMENT_3D ( 'NONE', #5148, #11918, #10064 ) ;
#1916 = CARTESIAN_POINT ( 'NONE',  ( 142.3171131927750253, -148.4297640746490003, 105.4997837512840135 ) ) ;
#1917 = AXIS2_PLACEMENT_3D ( 'NONE', #11765, #7945, #7880 ) ;
#1918 = DIRECTION ( 'NONE',  ( 1.000000000000000000, -3.973480495251319981E-15, 7.166576360129249636E-17 ) ) ;
#1919 = EDGE_CURVE ( 'NONE', #2159, #4517, #11894, .T. ) ;
#1920 = ORIENTED_EDGE ( 'NONE', *, *, #6779, .F. ) ;
#1921 = FACE_OUTER_BOUND ( 'NONE', #11557, .T. ) ;
#1922 = VERTEX_POINT ( 'NONE', #7285 ) ;
#1923 =( BOUNDED_CURVE ( )  B_SPLINE_CURVE ( 3, ( #3715, #3648, #11347, #4647 ),
 .UNSPECIFIED., .F., .F. ) 
 B_SPLINE_CURVE_WITH_KNOTS ( ( 4, 4 ),
 ( 0.5037827130766070471, 0.9332950502743110333 ),
 .UNSPECIFIED. ) 
 CURVE ( )  GEOMETRIC_REPRESENTATION_ITEM ( )  RATIONAL_B_SPLINE_CURVE ( ( 1.000000000000000000, 0.9846855906441760453, 0.9846855906441760453, 1.000000000000000000 ) ) 
 REPRESENTATION_ITEM ( '' )  );
#1924 = DIRECTION ( 'NONE',  ( 0.000000000000000000, -1.000000000000000000, 1.526556658859589750E-16 ) ) ;
#1925 = VECTOR ( 'NONE', #2081, 1000.000000000000000 ) ;
#1926 = ORIENTED_EDGE ( 'NONE', *, *, #4740, .F. ) ;
#1927 = B_SPLINE_CURVE_WITH_KNOTS ( 'NONE', 3,
 ( #6591, #8715, #8431, #10621 ),
 .UNSPECIFIED., .F., .F.,
 ( 4, 4 ),
 ( 0.000000000000000000, 1.000000000000000000 ),
 .UNSPECIFIED. ) ;
#1928 = CARTESIAN_POINT ( 'NONE',  ( 133.1444577954482327, -122.5019919847200924, 62.71999435232714148 ) ) ;
#1929 = VECTOR ( 'NONE', #2519, 1000.000000000000000 ) ;
#1930 = CARTESIAN_POINT ( 'NONE',  ( 160.2171131927750025, -140.4297640215119998, 103.7997837512839965 ) ) ;
#1931 = CARTESIAN_POINT ( 'NONE',  ( 132.6072817688421992, -114.4297640215114029, 57.67765335951249739 ) ) ;
#1932 = DIRECTION ( 'NONE',  ( -1.000000000000000000, 0.000000000000000000, 8.125761577746330715E-13 ) ) ;
#1933 = DIRECTION ( 'NONE',  ( -3.280705218723690196E-15, 1.526556658859589750E-16, 1.000000000000000000 ) ) ;
#1934 = AXIS2_PLACEMENT_3D ( 'NONE', #6757, #8162, #8098 ) ;
#1935 = LINE ( 'NONE', #8465, #2224 ) ;
#1936 = AXIS2_PLACEMENT_3D ( 'NONE', #7513, #917, #11264 ) ;
#1937 = CARTESIAN_POINT ( 'NONE',  ( 162.8236018428179932, -117.4297640215112040, 60.27765112427590566 ) ) ;
#1938 = FACE_OUTER_BOUND ( 'NONE', #2057, .T. ) ;
#1939 = VERTEX_POINT ( 'NONE', #7348 ) ;
#1940 = DIRECTION ( 'NONE',  ( -2.428612984199849992E-16, 1.000000000000000000, 7.105427357601000281E-15 ) ) ;
#1941 = CARTESIAN_POINT ( 'NONE',  ( 133.2171133453900040, -134.4297640746490288, 69.99999991151649681 ) ) ;
#1942 = ORIENTED_EDGE ( 'NONE', *, *, #10644, .T. ) ;
#1943 = VERTEX_POINT ( 'NONE', #6366 ) ;
#1944 = PLANE ( 'NONE',  #11325 ) ;
#1945 = CARTESIAN_POINT ( 'NONE',  ( 131.9466248479558033, -148.9298859776444033, 50.25265112427409520 ) ) ;
#1946 = ORIENTED_EDGE ( 'NONE', *, *, #997, .T. ) ;
#1947 = ADVANCED_FACE ( 'NONE', ( #6993 ), #8481, .T. ) ;
#1948 = VECTOR ( 'NONE', #7122, 999.9999999999998863 ) ;
#1949 = ADVANCED_FACE ( 'NONE', ( #5492 ), #4153, .F. ) ;
#1950 = B_SPLINE_CURVE_WITH_KNOTS ( 'NONE', 3,
 ( #1132, #11418, #9567, #155 ),
 .UNSPECIFIED., .F., .F.,
 ( 4, 4 ),
 ( 0.000000000000000000, 1.000000000000000000 ),
 .UNSPECIFIED. ) ;
#1951 = FACE_OUTER_BOUND ( 'NONE', #6832, .T. ) ;
#1952 = CYLINDRICAL_SURFACE ( 'NONE', #8897, 0.9999999999999964473 ) ;
#1953 = DIRECTION ( 'NONE',  ( -8.933825901278888835E-17, -1.000000000000000000, 8.933825901279489109E-17 ) ) ;
#1954 = DIRECTION ( 'NONE',  ( 0.000000000000000000, -1.526556658859589750E-16, -1.000000000000000000 ) ) ;
#1955 = FACE_OUTER_BOUND ( 'NONE', #6443, .T. ) ;
#1956 = CARTESIAN_POINT ( 'NONE',  ( 132.9734659532352907, -139.7467808066662087, 69.93882485723042919 ) ) ;
#1957 = AXIS2_PLACEMENT_3D ( 'NONE', #8396, #5688, #11228 ) ;
#1958 = DIRECTION ( 'NONE',  ( 0.000000000000000000, 1.000000000000000000, -1.526556658859589750E-16 ) ) ;
#1959 = VERTEX_POINT ( 'NONE', #11666 ) ;
#1960 = ORIENTED_EDGE ( 'NONE', *, *, #8967, .F. ) ;
#1961 = ORIENTED_EDGE ( 'NONE', *, *, #643, .T. ) ;
#1962 = ADVANCED_FACE ( 'NONE', ( #9244 ), #5344, .F. ) ;
#1963 = ADVANCED_FACE ( 'NONE', ( #7224 ), #11964, .T. ) ;
#1964 = DIRECTION ( 'NONE',  ( 0.7071067811865475727, 0.000000000000000000, 0.7071067811865475727 ) ) ;
#1965 = DIRECTION ( 'NONE',  ( -1.273698839494967926E-16, 1.000000000000000000, 5.844509856628541030E-15 ) ) ;
#1966 = ORIENTED_EDGE ( 'NONE', *, *, #8607, .F. ) ;
#1967 = DIRECTION ( 'NONE',  ( 1.292798159385650076E-15, 6.348315136366700600E-15, -1.000000000000000000 ) ) ;
#1968 = VECTOR ( 'NONE', #6730, 1000.000000000000000 ) ;
#1969 = ORIENTED_EDGE ( 'NONE', *, *, #1737, .T. ) ;
#1970 = ORIENTED_EDGE ( 'NONE', *, *, #6508, .T. ) ;
#1971 = VERTEX_POINT ( 'NONE', #10905 ) ;
#1972 = VERTEX_POINT ( 'NONE', #9178 ) ;
#1973 = CARTESIAN_POINT ( 'NONE',  ( 157.5201750565870213, -149.4297641370889949, 117.6643261048649975 ) ) ;
#1974 = EDGE_CURVE ( 'NONE', #5276, #7406, #4509, .T. ) ;
#1975 = B_SPLINE_CURVE_WITH_KNOTS ( 'NONE', 3,
 ( #241, #3991, #9719, #7023, #4183, #6898, #10645, #2209, #1285, #5050, #7876, #11632, #6961, #10706 ),
 .UNSPECIFIED., .F., .F.,
 ( 4, 2, 2, 1, 1, 2, 2, 4 ),
 ( 0.000000000000000000, 0.2500000000001344480, 0.3750000000001933453, 0.4375000000002101097, 0.4687500000001941780, 0.4843750000001998401, 0.5000000000002053913, 1.000000000000000000 ),
 .UNSPECIFIED. ) ;
#1976 = EDGE_CURVE ( 'NONE', #9009, #6526, #10166, .T. ) ;
#1977 = PLANE ( 'NONE',  #1307 ) ;
#1978 = DIRECTION ( 'NONE',  ( -6.331740688303089727E-17, 1.000000000000000000, -6.331740693109270398E-17 ) ) ;
#1979 = CARTESIAN_POINT ( 'NONE',  ( 160.4045934253212522, -138.3521072828668537, 69.47596306099427466 ) ) ;
#1980 = ORIENTED_EDGE ( 'NONE', *, *, #10475, .T. ) ;
#1981 = LINE ( 'NONE', #8811, #639 ) ;
#1982 = ORIENTED_EDGE ( 'NONE', *, *, #9324, .T. ) ;
#1983 = DIRECTION ( 'NONE',  ( -0.9513277913954432119, 0.000000000000000000, -0.3081808451521090841 ) ) ;
#1984 = ORIENTED_EDGE ( 'NONE', *, *, #8654, .T. ) ;
#1985 = FACE_BOUND ( 'NONE', #4258, .T. ) ;
#1986 = EDGE_CURVE ( 'NONE', #7937, #11458, #3762, .T. ) ;
#1987 = CARTESIAN_POINT ( 'NONE',  ( 160.4177527708246771, -120.7644174337259813, 59.59686188389612482 ) ) ;
#1988 = CARTESIAN_POINT ( 'NONE',  ( 163.2171133453900040, -153.4297640746490003, 102.7500000000329976 ) ) ;
#1989 = DIRECTION ( 'NONE',  ( 1.000000000000000000, 0.000000000000000000, 3.280705218723690196E-15 ) ) ;
#1990 = CARTESIAN_POINT ( 'NONE',  ( 138.3384323457480036, -144.2932744292899940, 110.3980652144450119 ) ) ;
#1991 = AXIS2_PLACEMENT_3D ( 'NONE', #5881, #10554, #8708 ) ;
#1992 =( BOUNDED_CURVE ( )  B_SPLINE_CURVE ( 3, ( #8036, #467, #11614, #1265 ),
 .UNSPECIFIED., .F., .F. ) 
 B_SPLINE_CURVE_WITH_KNOTS ( ( 4, 4 ),
 ( 0.5037827130766110439, 0.9332950502743140309 ),
 .UNSPECIFIED. ) 
 CURVE ( )  GEOMETRIC_REPRESENTATION_ITEM ( )  RATIONAL_B_SPLINE_CURVE ( ( 1.000000000000000000, 0.9846855906441770445, 0.9846855906441770445, 1.000000000000000000 ) ) 
 REPRESENTATION_ITEM ( '' )  );
#1993 = LINE ( 'NONE', #4653, #1418 ) ;
#1994 = CARTESIAN_POINT ( 'NONE',  ( 159.6669467343539850, -153.4297640746490003, 69.84999974667979927 ) ) ;
#1995 = VERTEX_POINT ( 'NONE', #3702 ) ;
#1996 = DIRECTION ( 'NONE',  ( 0.000000000000000000, -1.000000000000000000, -6.573933234426810631E-15 ) ) ;
#1997 = PLANE ( 'NONE',  #2728 ) ;
#1998 = VERTEX_POINT ( 'NONE', #5732 ) ;
#1999 = ORIENTED_EDGE ( 'NONE', *, *, #7804, .T. ) ;
#2001 = AXIS2_PLACEMENT_3D ( 'NONE', #4843, #10499, #7790 ) ;
#2000 = FACE_OUTER_BOUND ( 'NONE', #5774, .T. ) ;
#2002 = CARTESIAN_POINT ( 'NONE',  ( 132.1194087798621979, -149.4297640215114029, 50.75000000000000000 ) ) ;
#2003 = ORIENTED_EDGE ( 'NONE', *, *, #2577, .T. ) ;
#2004 = LINE ( 'NONE', #3909, #2078 ) ;
#2005 = CARTESIAN_POINT ( 'NONE',  ( 170.4744726127269985, -154.4297640746490003, 101.4926406871509954 ) ) ;
#2006 = AXIS2_PLACEMENT_3D ( 'NONE', #10623, #2184, #8778 ) ;
#2007 = DIRECTION ( 'NONE',  ( 0.7071067811865592301, 0.000000000000000000, -0.7071067811865356934 ) ) ;
#2008 = LINE ( 'NONE', #6581, #8152 ) ;
#2009 = FACE_OUTER_BOUND ( 'NONE', #11316, .T. ) ;
#2010 = EDGE_CURVE ( 'NONE', #7021, #8801, #1046, .T. ) ;
#2011 = CARTESIAN_POINT ( 'NONE',  ( 136.7171133453900040, -139.4497639861740197, 93.86432591814070747 ) ) ;
#2012 = EDGE_LOOP ( 'NONE', ( #8568, #11181, #12046, #4760 ) ) ;
#2013 = ORIENTED_EDGE ( 'NONE', *, *, #11201, .T. ) ;
#2014 = ORIENTED_EDGE ( 'NONE', *, *, #3375, .F. ) ;
#2015 = AXIS2_PLACEMENT_3D ( 'NONE', #4202, #4389, #7228 ) ;
#2016 = LINE ( 'NONE', #4975, #4639 ) ;
#2017 = CARTESIAN_POINT ( 'NONE',  ( 132.2171133453900040, -135.4297640746490288, 80.50005035146759269 ) ) ;
#2018 = CYLINDRICAL_SURFACE ( 'NONE', #3781, 11.54238125198780729 ) ;
#2019 = CARTESIAN_POINT ( 'NONE',  ( 132.2171133453900040, -143.9497640202370121, 80.50005035146709531 ) ) ;
#2020 = VECTOR ( 'NONE', #8727, 1000.000000000000000 ) ;
#2021 = EDGE_CURVE ( 'NONE', #3787, #1317, #9483, .T. ) ;
#2022 = ORIENTED_EDGE ( 'NONE', *, *, #3623, .F. ) ;
#2023 = LINE ( 'NONE', #10401, #9590 ) ;
#2024 = ORIENTED_EDGE ( 'NONE', *, *, #7940, .T. ) ;
#2025 = ORIENTED_EDGE ( 'NONE', *, *, #6472, .T. ) ;
#2026 = EDGE_CURVE ( 'NONE', #11722, #393, #3817, .T. ) ;
#2027 = VERTEX_POINT ( 'NONE', #4751 ) ;
#2028 = EDGE_LOOP ( 'NONE', ( #4243, #9772, #2344, #8800, #269, #6986, #11516 ) ) ;
#2029 = CARTESIAN_POINT ( 'NONE',  ( 160.8175065638920103, -141.5401572387399938, 80.50005035146709531 ) ) ;
#2030 = CIRCLE ( 'NONE', #9300, 1.000000000000015987 ) ;
#2031 = CARTESIAN_POINT ( 'NONE',  ( 162.3677708826299977, -146.4785198376040114, 53.47602185630469762 ) ) ;
#2032 = CARTESIAN_POINT ( 'NONE',  ( 157.7469797184610343, -122.4063861458672022, 62.75000000000000000 ) ) ;
#2033 = CARTESIAN_POINT ( 'NONE',  ( 171.3168895252303514, -121.1623325641760829, 54.37670245577375994 ) ) ;
#2034 = ADVANCED_FACE ( 'NONE', ( #9302 ), #6528, .T. ) ;
#2035 = ORIENTED_EDGE ( 'NONE', *, *, #701, .F. ) ;
#2036 = DIRECTION ( 'NONE',  ( 0.000000000000000000, 0.000000000000000000, 1.000000000000000000 ) ) ;
#2037 = EDGE_CURVE ( 'NONE', #1093, #8428, #9540, .T. ) ;
#2038 = ORIENTED_EDGE ( 'NONE', *, *, #11217, .T. ) ;
#2039 = CARTESIAN_POINT ( 'NONE',  ( 122.2171131963784063, -140.4297640215114029, 62.75000000000000000 ) ) ;
#2040 = EDGE_CURVE ( 'NONE', #9294, #9898, #8625, .T. ) ;
#2041 = VERTEX_POINT ( 'NONE', #2893 ) ;
#2042 = ADVANCED_FACE ( 'NONE', ( #12 ), #10411, .T. ) ;
#2043 = DIRECTION ( 'NONE',  ( -2.602085213964869829E-17, -1.000000000000000000, 1.526556658859589750E-16 ) ) ;
#2044 = CARTESIAN_POINT ( 'NONE',  ( 160.4739092272692176, -120.8407593554433390, 59.42070856675279344 ) ) ;
#2045 = AXIS2_PLACEMENT_3D ( 'NONE', #7747, #10576, #4921 ) ;
#2046 = LINE ( 'NONE', #6619, #9553 ) ;
#2047 = DIRECTION ( 'NONE',  ( -2.428612916363149773E-16, 1.000000000000000000, 6.573933234426810631E-15 ) ) ;
#2048 = DIRECTION ( 'NONE',  ( 0.000000000000000000, -1.526556658859589750E-16, -1.000000000000000000 ) ) ;
#2049 = CARTESIAN_POINT ( 'NONE',  ( 163.2171133453900040, -141.0252566916429942, 98.69164219418240691 ) ) ;
#2050 = EDGE_CURVE ( 'NONE', #1358, #11756, #9225, .T. ) ;
#2051 = FACE_BOUND ( 'NONE', #2082, .T. ) ;
#2052 = VERTEX_POINT ( 'NONE', #8560 ) ;
#2053 = CARTESIAN_POINT ( 'NONE',  ( 125.4555982874533981, -137.4261365246752007, 53.38549640900540538 ) ) ;
#2054 = DIRECTION ( 'NONE',  ( 0.7071067811865431318, 0.7071067811865520136, 4.993134538425430393E-15 ) ) ;
#2055 = EDGE_CURVE ( 'NONE', #6087, #4142, #8089, .T. ) ;
#2056 = ORIENTED_EDGE ( 'NONE', *, *, #7147, .F. ) ;
#2057 = EDGE_LOOP ( 'NONE', ( #8380, #5349, #11537, #6896 ) ) ;
#2058 = CARTESIAN_POINT ( 'NONE',  ( 132.2171133453900040, -140.4297640215119998, 101.5635614979079975 ) ) ;
#2059 = CARTESIAN_POINT ( 'NONE',  ( 132.9623425825990068, -153.4297640746480056, 66.47410798650989250 ) ) ;
#2060 = EDGE_LOOP ( 'NONE', ( #9851, #8931, #6600, #7713, #1942, #576 ) ) ;
#2061 = CARTESIAN_POINT ( 'NONE',  ( 139.0808597668969924, -140.4297640215119998, 111.3679489095640065 ) ) ;
#2062 = CIRCLE ( 'NONE', #8157, 0.9999999999999964473 ) ;
#2063 = DIRECTION ( 'NONE',  ( 0.7071067811865475727, -0.7071067811865475727, 1.586192039560628656E-16 ) ) ;
#2064 =( BOUNDED_CURVE ( )  B_SPLINE_CURVE ( 3, ( #3240, #9649, #1342, #11625 ),
 .UNSPECIFIED., .F., .F. ) 
 B_SPLINE_CURVE_WITH_KNOTS ( ( 4, 4 ),
 ( 4.712388980384689674, 5.497787143782129959 ),
 .UNSPECIFIED. ) 
 CURVE ( )  GEOMETRIC_REPRESENTATION_ITEM ( )  RATIONAL_B_SPLINE_CURVE ( ( 1.000000000000000000, 0.9492530216741920102, 0.9492530216741920102, 1.000000000000000000 ) ) 
 REPRESENTATION_ITEM ( '' )  );
#2065 = CARTESIAN_POINT ( 'NONE',  ( 134.2171133453900040, -119.4297640746489861, 67.99999991151649681 ) ) ;
#2066 = DIRECTION ( 'NONE',  ( 2.602085213964869829E-17, 1.000000000000000000, -1.526556658859589750E-16 ) ) ;
#2067 = CARTESIAN_POINT ( 'NONE',  ( 163.2171133453900040, -136.4297640746490288, 65.99999991151629786 ) ) ;
#2068 = EDGE_CURVE ( 'NONE', #5907, #8617, #10478, .T. ) ;
#2069 = CARTESIAN_POINT ( 'NONE',  ( 164.2171133453900040, -154.4297640746490003, 102.7500000000329976 ) ) ;
#2070 = CARTESIAN_POINT ( 'NONE',  ( 160.2171133453899756, -143.4297640215119714, 100.6909950527140012 ) ) ;
#2071 = ORIENTED_EDGE ( 'NONE', *, *, #11271, .T. ) ;
#2072 = EDGE_LOOP ( 'NONE', ( #5397, #8024, #8960, #10815 ) ) ;
#2073 = VECTOR ( 'NONE', #5834, 1000.000000000000000 ) ;
#2074 = ORIENTED_EDGE ( 'NONE', *, *, #2502, .F. ) ;
#2075 = DIRECTION ( 'NONE',  ( -2.602085213964879690E-17, -1.000000000000000000, 1.150608946447910180E-15 ) ) ;
#2076 = LINE ( 'NONE', #2017, #647 ) ;
#2077 = CARTESIAN_POINT ( 'NONE',  ( 163.2171133453900040, -119.4297640746489861, 80.50005035713229518 ) ) ;
#2078 = VECTOR ( 'NONE', #1882, 1000.000000000000000 ) ;
#2079 = CARTESIAN_POINT ( 'NONE',  ( 162.8236018428179932, -117.4297640215112040, 60.27765112427590566 ) ) ;
#2080 = ORIENTED_EDGE ( 'NONE', *, *, #10458, .T. ) ;
#2081 = DIRECTION ( 'NONE',  ( 0.7071067811865470176, 0.7071067811865480168, 2.932709651042519544E-17 ) ) ;
#2082 = EDGE_LOOP ( 'NONE', ( #7020, #1782 ) ) ;
#2083 = VERTEX_POINT ( 'NONE', #4633 ) ;
#2084 = ORIENTED_EDGE ( 'NONE', *, *, #7928, .F. ) ;
#2085 = CARTESIAN_POINT ( 'NONE',  ( 132.2171133453900040, -135.4297640746490288, 70.99999991151649681 ) ) ;
#2086 = VECTOR ( 'NONE', #8399, 1000.000000000000000 ) ;
#2087 = AXIS2_PLACEMENT_3D ( 'NONE', #10055, #1439, #5196 ) ;
#2088 = DIRECTION ( 'NONE',  ( -4.422034925190670533E-15, -1.000000000000000000, -6.633052400461320667E-15 ) ) ;
#2089 = EDGE_CURVE ( 'NONE', #10530, #300, #1791, .T. ) ;
#2090 = EDGE_CURVE ( 'NONE', #10256, #11492, #10348, .T. ) ;
#2091 = CARTESIAN_POINT ( 'NONE',  ( 162.2171133453900040, -141.8439776370219931, 68.81249981955798489 ) ) ;
#2092 = CARTESIAN_POINT ( 'NONE',  ( 161.2171130401599726, -153.4297640746490003, 117.6643259181400083 ) ) ;
#2093 = AXIS2_PLACEMENT_3D ( 'NONE', #990, #1850, #2712 ) ;
#2094 = EDGE_LOOP ( 'NONE', ( #3754, #10436, #2915, #7366 ) ) ;
#2095 = DIRECTION ( 'NONE',  ( -4.849173379634530258E-15, 1.000000000000000000, 6.881851277481381070E-15 ) ) ;
#2096 = VERTEX_POINT ( 'NONE', #127 ) ;
#2097 = CARTESIAN_POINT ( 'NONE',  ( 132.9655222356190052, -153.4297640746490003, 66.49895936818639086 ) ) ;
#2098 = ORIENTED_EDGE ( 'NONE', *, *, #1607, .T. ) ;
#2099 = CARTESIAN_POINT ( 'NONE',  ( 163.2171133453900040, -119.4297640746489861, 102.7500000000329976 ) ) ;
#2100 = VECTOR ( 'NONE', #12033, 1000.000000000000000 ) ;
#2101 = EDGE_CURVE ( 'NONE', #11266, #2435, #7700, .T. ) ;
#2102 = DIRECTION ( 'NONE',  ( 9.037533742196988780E-17, -1.000000000000000000, 2.351201561838890030E-16 ) ) ;
#2103 = AXIS2_PLACEMENT_3D ( 'NONE', #9921, #6119, #5070 ) ;
#2104 = ORIENTED_EDGE ( 'NONE', *, *, #3700, .T. ) ;
#2105 = CARTESIAN_POINT ( 'NONE',  ( 162.4718841081800065, -153.4297640746490003, 66.47410798650989250 ) ) ;
#2106 = DIRECTION ( 'NONE',  ( 0.7071067811865465735, 0.7071067811865485719, -1.731912100307728615E-16 ) ) ;
#2107 = EDGE_CURVE ( 'NONE', #6759, #3426, #7117, .T. ) ;
#2108 = DIRECTION ( 'NONE',  ( 2.602085213964869829E-17, 1.000000000000000000, -1.526556658859589750E-16 ) ) ;
#2109 = DIRECTION ( 'NONE',  ( 1.000000000000000000, 0.000000000000000000, 1.224646799147351975E-16 ) ) ;
#2110 = LINE ( 'NONE', #6356, #10773 ) ;
#2111 = VECTOR ( 'NONE', #7445, 1000.000000000000000 ) ;
#2112 = ORIENTED_EDGE ( 'NONE', *, *, #818, .T. ) ;
#2113 = CIRCLE ( 'NONE', #10571, 1.000000000000000888 ) ;
#2114 = VERTEX_POINT ( 'NONE', #4122 ) ;
#2115 = CARTESIAN_POINT ( 'NONE',  ( 162.4198383324961128, -139.6248183886740435, 67.04182016451620996 ) ) ;
#2116 = EDGE_LOOP ( 'NONE', ( #1193, #1552, #7567, #7089 ) ) ;
#2117 = DIRECTION ( 'NONE',  ( 0.5951893636155756173, 8.416332170449763954E-15, -0.8035854786137478500 ) ) ;
#2118 = ORIENTED_EDGE ( 'NONE', *, *, #11749, .T. ) ;
#2119 = CARTESIAN_POINT ( 'NONE',  ( 174.2171133453904872, -149.8297640215157855, 62.75000000000000000 ) ) ;
#2120 = ORIENTED_EDGE ( 'NONE', *, *, #8654, .F. ) ;
#2121 = EDGE_CURVE ( 'NONE', #3426, #6635, #4323, .T. ) ;
#2122 = CARTESIAN_POINT ( 'NONE',  ( 121.2171133453899898, -149.8297640215160129, 62.75000000003060308 ) ) ;
#2123 = VECTOR ( 'NONE', #8616, 1000.000000000000000 ) ;
#2124 = AXIS2_PLACEMENT_3D ( 'NONE', #5161, #2321, #8914 ) ;
#2125 = LINE ( 'NONE', #101, #1016 ) ;
#2126 = CARTESIAN_POINT ( 'NONE',  ( 174.2171133453904872, -124.4297640215111898, 62.75000000000000000 ) ) ;
#2127 = EDGE_CURVE ( 'NONE', #9624, #2889, #10058, .T. ) ;
#2128 = CARTESIAN_POINT ( 'NONE',  ( 169.2171133453904872, -154.4297640215109766, 62.75000000000000000 ) ) ;
#2129 = DIRECTION ( 'NONE',  ( 1.490884257295280121E-31, 1.000000000000000000, -1.074295325697209968E-17 ) ) ;
#2130 = CARTESIAN_POINT ( 'NONE',  ( 162.8236018428179932, -117.8297640215111954, 60.27765112427590566 ) ) ;
#2131 = CARTESIAN_POINT ( 'NONE',  ( 163.1409749733529964, -141.4613015873265738, 67.99999991151649681 ) ) ;
#2132 = CARTESIAN_POINT ( 'NONE',  ( 130.2171133453899756, -144.0488782002693995, 57.98985306244370719 ) ) ;
#2133 = CIRCLE ( 'NONE', #2323, 1.450000000000006839 ) ;
#2134 = ORIENTED_EDGE ( 'NONE', *, *, #5270, .F. ) ;
#2135 = ORIENTED_EDGE ( 'NONE', *, *, #2331, .F. ) ;
#2136 = CARTESIAN_POINT ( 'NONE',  ( 132.2171133453900040, -141.6513020691780014, 67.10418937982370835 ) ) ;
#2137 = ORIENTED_EDGE ( 'NONE', *, *, #10824, .T. ) ;
#2138 = EDGE_CURVE ( 'NONE', #9387, #4803, #6099, .T. ) ;
#2139 = LINE ( 'NONE', #11433, #5220 ) ;
#2140 = CARTESIAN_POINT ( 'NONE',  ( 162.2171133453900040, -119.4297640746489861, 66.99999991151629786 ) ) ;
#2141 = DIRECTION ( 'NONE',  ( -0.5735764363510459374, 0.8191520442889920206, 6.082239591783694259E-15 ) ) ;
#2142 = AXIS2_PLACEMENT_3D ( 'NONE', #1930, #11345, #2781 ) ;
#2143 = CARTESIAN_POINT ( 'NONE',  ( 163.2503186931585049, -148.4127124287246033, 50.93565738772740303 ) ) ;
#2144 = LINE ( 'NONE', #5839, #2236 ) ;
#2145 = ORIENTED_EDGE ( 'NONE', *, *, #10324, .F. ) ;
#2146 = CARTESIAN_POINT ( 'NONE',  ( 132.6072817688421992, -117.4297640215114029, 57.67765335951249739 ) ) ;
#2147 = ORIENTED_EDGE ( 'NONE', *, *, #2937, .F. ) ;
#2148 = VERTEX_POINT ( 'NONE', #3192 ) ;
#2149 = ORIENTED_EDGE ( 'NONE', *, *, #3923, .F. ) ;
#2150 = VECTOR ( 'NONE', #1330, 1000.000000000000000 ) ;
#2151 = CARTESIAN_POINT ( 'NONE',  ( 163.2158649183210173, -139.5998434638560184, 70.73221186646129865 ) ) ;
#2152 = DIRECTION ( 'NONE',  ( 0.3281699088141229459, -6.170010459091448547E-15, 0.9446187119409238386 ) ) ;
#2153 = CARTESIAN_POINT ( 'NONE',  ( 135.1105732284813996, -120.6040145420057996, 60.27763815801269942 ) ) ;
#2154 = AXIS2_PLACEMENT_3D ( 'NONE', #4856, #2694, #4618 ) ;
#2155 = ORIENTED_EDGE ( 'NONE', *, *, #11574, .T. ) ;
#2156 = CARTESIAN_POINT ( 'NONE',  ( 165.2171133453904872, -143.3164134470121951, 58.25000000000000000 ) ) ;
#2157 = ADVANCED_FACE ( 'NONE', ( #4056 ), #9278, .F. ) ;
#2158 = ADVANCED_FACE ( 'NONE', ( #2336 ), #825, .T. ) ;
#2159 = VERTEX_POINT ( 'NONE', #7878 ) ;
#2160 = CARTESIAN_POINT ( 'NONE',  ( 132.9671133453900040, -153.4294622972400077, 66.52397063097829744 ) ) ;
#2161 = ORIENTED_EDGE ( 'NONE', *, *, #9491, .T. ) ;
#2162 = CARTESIAN_POINT ( 'NONE',  ( 132.5106908409849780, -141.1365159324930119, 69.14840396294189873 ) ) ;
#2163 = CARTESIAN_POINT ( 'NONE',  ( 161.3109510837813332, -121.8323736530134909, 58.28143771227333758 ) ) ;
#2164 = ORIENTED_EDGE ( 'NONE', *, *, #8358, .F. ) ;
#2165 = LINE ( 'NONE', #9854, #11333 ) ;
#2166 = DIRECTION ( 'NONE',  ( 0.000000000000000000, -1.000000000000000000, 2.327875578288750051E-16 ) ) ;
#2167 = CARTESIAN_POINT ( 'NONE',  ( 138.2886965150430001, -144.2802047551020053, 110.3848076539239997 ) ) ;
#2168 = CYLINDRICAL_SURFACE ( 'NONE', #4364, 0.9999999999999852340 ) ;
#2169 = DIRECTION ( 'NONE',  ( -1.000000000000000000, 2.602085213964869829E-17, 0.000000000000000000 ) ) ;
#2170 = EDGE_CURVE ( 'NONE', #8428, #5618, #8806, .T. ) ;
#2171 = ORIENTED_EDGE ( 'NONE', *, *, #1590, .F. ) ;
#2172 = ORIENTED_EDGE ( 'NONE', *, *, #5128, .T. ) ;
#2173 = DIRECTION ( 'NONE',  ( 0.7071067811865475727, 0.000000000000000000, 0.7071067811865475727 ) ) ;
#2174 = EDGE_LOOP ( 'NONE', ( #4361, #1726, #4614, #11177 ) ) ;
#2175 = CARTESIAN_POINT ( 'NONE',  ( 132.8568148891216083, -140.0968875324134899, 67.13724949312496904 ) ) ;
#2176 = ADVANCED_FACE ( 'NONE', ( #10647 ), #7026, .T. ) ;
#2177 = ORIENTED_EDGE ( 'NONE', *, *, #8899, .T. ) ;
#2178 = LINE ( 'NONE', #337, #11819 ) ;
#2179 = ORIENTED_EDGE ( 'NONE', *, *, #904, .T. ) ;
#2180 = CARTESIAN_POINT ( 'NONE',  ( 161.9671133453900040, -135.1797640746490288, 81.50005035146720900 ) ) ;
#2181 = DIRECTION ( 'NONE',  ( -0.7071067811865475727, -0.7071067811865475727, 1.387778780781450566E-14 ) ) ;
#2182 = CARTESIAN_POINT ( 'NONE',  ( 163.1409749733529964, -141.4613015873265738, 67.99999991151649681 ) ) ;
#2183 = DIRECTION ( 'NONE',  ( 3.683226109728400325E-15, 1.000000000000000000, -1.526556644979159836E-16 ) ) ;
#2184 = DIRECTION ( 'NONE',  ( 0.4397326120323102328, 0.1821432117215494584, 0.8794652240646019248 ) ) ;
#2185 = CARTESIAN_POINT ( 'NONE',  ( 173.2171134944019855, -120.4297680637882024, 62.75000000000000000 ) ) ;
#2186 = VECTOR ( 'NONE', #6421, 1000.000000000000000 ) ;
#2187 = DIRECTION ( 'NONE',  ( -3.415320806941927378E-10, -0.9961946980917455452, 0.08715574274765774954 ) ) ;
#2188 = CARTESIAN_POINT ( 'NONE',  ( 163.2171132778960043, -142.4297640746490003, 76.25002511280030149 ) ) ;
#2189 = EDGE_CURVE ( 'NONE', #8630, #8427, #11844, .T. ) ;
#2190 = ORIENTED_EDGE ( 'NONE', *, *, #2496, .T. ) ;
#2191 = ORIENTED_EDGE ( 'NONE', *, *, #11827, .F. ) ;
#2192 = FACE_OUTER_BOUND ( 'NONE', #11655, .T. ) ;
#2193 = EDGE_CURVE ( 'NONE', #4833, #10643, #11634, .T. ) ;
#2194 = ORIENTED_EDGE ( 'NONE', *, *, #3484, .F. ) ;
#2195 = ADVANCED_FACE ( 'NONE', ( #6777 ), #9784, .T. ) ;
#2196 = VECTOR ( 'NONE', #7733, 1000.000000000000000 ) ;
#2197 = PLANE ( 'NONE',  #11118 ) ;
#2198 = PLANE ( 'NONE',  #4382 ) ;
#2199 = CARTESIAN_POINT ( 'NONE',  ( 132.6248169134119905, -148.2297640746490117, 105.4997837512840135 ) ) ;
#2200 = CARTESIAN_POINT ( 'NONE',  ( 126.8043469377704042, -114.4297640215114029, 57.75000000000000000 ) ) ;
#2201 = LINE ( 'NONE', #6892, #1846 ) ;
#2202 = ORIENTED_EDGE ( 'NONE', *, *, #4965, .T. ) ;
#2203 = LINE ( 'NONE', #9714, #10975 ) ;
#2204 = EDGE_CURVE ( 'NONE', #7266, #9158, #9841, .T. ) ;
#2205 = AXIS2_PLACEMENT_3D ( 'NONE', #4814, #8563, #131 ) ;
#2206 = VERTEX_POINT ( 'NONE', #10707 ) ;
#2207 = ORIENTED_EDGE ( 'NONE', *, *, #7478, .T. ) ;
#2208 = EDGE_LOOP ( 'NONE', ( #5684, #8476, #5292, #8890 ) ) ;
#2209 = CARTESIAN_POINT ( 'NONE',  ( 134.3571168674880596, -140.5201107246146535, 105.7798163521914461 ) ) ;
#2210 = CARTESIAN_POINT ( 'NONE',  ( 162.9242201265764720, -153.1368708558354967, 67.14091634279270693 ) ) ;
#2211 = CARTESIAN_POINT ( 'NONE',  ( 135.0229167070065159, -120.7572046870914590, 59.61411686283101830 ) ) ;
#2212 = DIRECTION ( 'NONE',  ( 2.602085213964869829E-17, 1.000000000000000000, -1.526556658859589750E-16 ) ) ;
#2213 = ORIENTED_EDGE ( 'NONE', *, *, #12025, .T. ) ;
#2214 = CARTESIAN_POINT ( 'NONE',  ( 132.3255008394324079, -148.4297640215247895, 62.66078637172618926 ) ) ;
#2215 = ORIENTED_EDGE ( 'NONE', *, *, #10260, .T. ) ;
#2216 = CARTESIAN_POINT ( 'NONE',  ( 123.6324701739430481, -149.0753321905876589, 53.86501494382986976 ) ) ;
#2217 = ORIENTED_EDGE ( 'NONE', *, *, #10292, .T. ) ;
#2218 = CARTESIAN_POINT ( 'NONE',  ( 135.9880561071104523, -142.9214813238787656, 106.3643259181410201 ) ) ;
#2219 = DIRECTION ( 'NONE',  ( 8.271814108300169675E-25, -6.573933234426810631E-15, 1.000000000000000000 ) ) ;
#2220 = ORIENTED_EDGE ( 'NONE', *, *, #7543, .T. ) ;
#2221 = CARTESIAN_POINT ( 'NONE',  ( 163.1142629243658178, -152.9468280580462931, 98.70179263958007709 ) ) ;
#2222 = EDGE_CURVE ( 'NONE', #8617, #11142, #1416, .T. ) ;
#2223 = CARTESIAN_POINT ( 'NONE',  ( 132.2171133453900040, -119.4297640746489861, 102.7500000000329976 ) ) ;
#2224 = VECTOR ( 'NONE', #10302, 1000.000000000000114 ) ;
#2225 = LINE ( 'NONE', #10663, #11087 ) ;
#2226 = FACE_OUTER_BOUND ( 'NONE', #12076, .T. ) ;
#2227 = DIRECTION ( 'NONE',  ( -1.000000000000000000, 3.160768215787150073E-15, 8.810118433399840573E-15 ) ) ;
#2228 = ORIENTED_EDGE ( 'NONE', *, *, #3294, .F. ) ;
#2229 = ORIENTED_EDGE ( 'NONE', *, *, #7375, .T. ) ;
#2230 = DIRECTION ( 'NONE',  ( 0.4397326120323138965, -0.1821432117215232016, -0.8794652240646056995 ) ) ;
#2231 = ORIENTED_EDGE ( 'NONE', *, *, #2127, .F. ) ;
#2232 = FACE_OUTER_BOUND ( 'NONE', #6286, .T. ) ;
#2233 = ORIENTED_EDGE ( 'NONE', *, *, #9391, .T. ) ;
#2234 = CARTESIAN_POINT ( 'NONE',  ( 139.9671133340039830, -153.4297640746490003, 60.04999999999999716 ) ) ;
#2235 = VERTEX_POINT ( 'NONE', #8926 ) ;
#2236 = VECTOR ( 'NONE', #8856, 1000.000000000000000 ) ;
#2237 =( BOUNDED_CURVE ( )  B_SPLINE_CURVE ( 3, ( #7365, #12102, #952, #5694 ),
 .UNSPECIFIED., .F., .F. ) 
 B_SPLINE_CURVE_WITH_KNOTS ( ( 4, 4 ),
 ( 5.349890256905269759, 5.779402594102980295 ),
 .UNSPECIFIED. ) 
 CURVE ( )  GEOMETRIC_REPRESENTATION_ITEM ( )  RATIONAL_B_SPLINE_CURVE ( ( 1.000000000000000000, 0.9846855906441760453, 0.9846855906441760453, 1.000000000000000000 ) ) 
 REPRESENTATION_ITEM ( '' )  );
#2238 = EDGE_CURVE ( 'NONE', #3381, #9792, #11080, .T. ) ;
#2239 = CARTESIAN_POINT ( 'NONE',  ( 175.2171133453909988, -149.2641735625587955, 64.75000000000000000 ) ) ;
#2240 = EDGE_CURVE ( 'NONE', #1084, #9535, #9164, .T. ) ;
#2241 = CARTESIAN_POINT ( 'NONE',  ( 134.2171133453900040, -138.0155505122760076, 67.99999991151649681 ) ) ;
#2242 = CARTESIAN_POINT ( 'NONE',  ( 164.4736018428179989, -117.6297640215111926, 60.27765112427590566 ) ) ;
#2243 = DIRECTION ( 'NONE',  ( 1.060406112649516158E-14, 0.000000000000000000, 1.000000000000000000 ) ) ;
#2244 = DIRECTION ( 'NONE',  ( -0.7071067811865475727, 0.000000000000000000, 0.7071067811865475727 ) ) ;
#2245 = AXIS2_PLACEMENT_3D ( 'NONE', #1024, #4846, #7381 ) ;
#2246 = CYLINDRICAL_SURFACE ( 'NONE', #10175, 0.9999999999999964473 ) ;
#2247 = FACE_OUTER_BOUND ( 'NONE', #7123, .T. ) ;
#2248 = DIRECTION ( 'NONE',  ( -1.000000000000000000, 2.602085252845509650E-17, 2.546952314209129982E-09 ) ) ;
#2249 = ORIENTED_EDGE ( 'NONE', *, *, #6623, .T. ) ;
#2250 = ORIENTED_EDGE ( 'NONE', *, *, #2853, .F. ) ;
#2251 = CARTESIAN_POINT ( 'NONE',  ( 132.2171133453900040, -136.4297640746490288, 80.50005035146759269 ) ) ;
#2252 = VERTEX_POINT ( 'NONE', #677 ) ;
#2253 = AXIS2_PLACEMENT_3D ( 'NONE', #11459, #2899, #1983 ) ;
#2254 = DIRECTION ( 'NONE',  ( -8.586443759002710520E-17, 0.7071067811865520136, -0.7071067811865431318 ) ) ;
#2255 = EDGE_CURVE ( 'NONE', #10836, #6710, #4492, .T. ) ;
#2256 = DIRECTION ( 'NONE',  ( 1.000000000000000000, -2.602085252845506568E-17, -2.546950083066530712E-09 ) ) ;
#2257 = FACE_OUTER_BOUND ( 'NONE', #11956, .T. ) ;
#2258 = ADVANCED_FACE ( 'NONE', ( #6165 ), #11076, .F. ) ;
#2259 = CARTESIAN_POINT ( 'NONE',  ( 163.2171133453900040, -139.0155505122760076, 70.99999991151629786 ) ) ;
#2261 = EDGE_CURVE ( 'NONE', #3696, #11570, #615, .T. ) ;
#2260 = EDGE_LOOP ( 'NONE', ( #10506, #7966, #6598, #10197 ) ) ;
#2262 = CARTESIAN_POINT ( 'NONE',  ( 161.2171133453899756, -127.9297640746490146, 67.99999991151629786 ) ) ;
#2263 = ORIENTED_EDGE ( 'NONE', *, *, #3690, .F. ) ;
#2264 = ORIENTED_EDGE ( 'NONE', *, *, #6364, .F. ) ;
#2265 = ORIENTED_EDGE ( 'NONE', *, *, #5226, .F. ) ;
#2266 = DIRECTION ( 'NONE',  ( 0.9238795325112676426, 0.3826834323651360226, 0.000000000000000000 ) ) ;
#2267 = VECTOR ( 'NONE', #11546, 1000.000000000000114 ) ;
#2268 = CIRCLE ( 'NONE', #7198, 6.999999999999997335 ) ;
#2269 = EDGE_CURVE ( 'NONE', #745, #3753, #54, .T. ) ;
#2270 = DIRECTION ( 'NONE',  ( 3.160768215787130351E-15, 1.000000000000000000, -2.692261676065480290E-15 ) ) ;
#2271 = CARTESIAN_POINT ( 'NONE',  ( 134.9175822181017566, -120.8972063704294442, 59.31211242088829039 ) ) ;
#2272 = CARTESIAN_POINT ( 'NONE',  ( 128.6774583210790013, -149.1703199200919983, 113.1757519705469974 ) ) ;
#2273 = ADVANCED_FACE ( 'NONE', ( #1602 ), #3371, .T. ) ;
#2274 = B_SPLINE_CURVE_WITH_KNOTS ( 'NONE', 3,
 ( #1990, #2167, #325, #4825, #4886, #1062, #4945, #7717, #8577, #11352 ),
 .UNSPECIFIED., .F., .F.,
 ( 4, 3, 3, 4 ),
 ( 0.1327713470513570138, 0.1487646906272490077, 0.1564235361390150236, 0.1599375238397590104 ),
 .UNSPECIFIED. ) ;
#2275 = ORIENTED_EDGE ( 'NONE', *, *, #4841, .T. ) ;
#2276 = CYLINDRICAL_SURFACE ( 'NONE', #6946, 0.9999999999999964473 ) ;
#2277 = ORIENTED_EDGE ( 'NONE', *, *, #9518, .T. ) ;
#2278 = CIRCLE ( 'NONE', #4254, 3.900000000000011458 ) ;
#2279 = DIRECTION ( 'NONE',  ( 1.000000000000000000, 0.000000000000000000, 0.000000000000000000 ) ) ;
#2280 = ORIENTED_EDGE ( 'NONE', *, *, #6959, .T. ) ;
#2281 = ORIENTED_EDGE ( 'NONE', *, *, #2615, .T. ) ;
#2282 = CARTESIAN_POINT ( 'NONE',  ( 133.0664558081502094, -132.8294214697002076, 53.47602185630480420 ) ) ;
#2283 = ORIENTED_EDGE ( 'NONE', *, *, #7698, .F. ) ;
#2284 = EDGE_CURVE ( 'NONE', #3306, #12018, #8123, .T. ) ;
#2285 = DIRECTION ( 'NONE',  ( 0.9999934369450366178, 0.000000000000000000, 0.003622991423289741685 ) ) ;
#2286 = VECTOR ( 'NONE', #7408, 1000.000000000000114 ) ;
#2287 = DIRECTION ( 'NONE',  ( 2.602085213964869829E-17, 1.000000000000000000, -1.526556658859309704E-16 ) ) ;
#2288 = DIRECTION ( 'NONE',  ( 1.000000000000000000, -3.480590576262640428E-15, 1.070962509852529942E-16 ) ) ;
#2289 = DIRECTION ( 'NONE',  ( 3.726764267556920512E-15, 1.000000000000000000, 3.794803977225790103E-15 ) ) ;
#2290 = LINE ( 'NONE', #4431, #7045 ) ;
#2291 = ORIENTED_EDGE ( 'NONE', *, *, #2269, .F. ) ;
#2292 = ORIENTED_EDGE ( 'NONE', *, *, #6851, .T. ) ;
#2293 = DIRECTION ( 'NONE',  ( -0.7071067811865789920, 0.7071067811865159314, 0.000000000000000000 ) ) ;
#2294 = CIRCLE ( 'NONE', #10753, 1.700000000000007061 ) ;
#2295 = ORIENTED_EDGE ( 'NONE', *, *, #301, .F. ) ;
#2296 = CYLINDRICAL_SURFACE ( 'NONE', #6023, 0.9999999999999986677 ) ;
#2297 = AXIS2_PLACEMENT_3D ( 'NONE', #9258, #709, #4459 ) ;
#2298 = ORIENTED_EDGE ( 'NONE', *, *, #1673, .F. ) ;
#2299 = FACE_OUTER_BOUND ( 'NONE', #11037, .T. ) ;
#2300 = ORIENTED_EDGE ( 'NONE', *, *, #796, .F. ) ;
#2301 = FACE_OUTER_BOUND ( 'NONE', #1364, .T. ) ;
#2302 = CARTESIAN_POINT ( 'NONE',  ( 163.1867387273269969, -120.4297680637882024, 51.11866876023850637 ) ) ;
#2303 = AXIS2_PLACEMENT_3D ( 'NONE', #8402, #12164, #10367 ) ;
#2304 = CARTESIAN_POINT ( 'NONE',  ( 138.7892528739459976, -140.4297640215119998, 110.6585012201539939 ) ) ;
#2305 = CIRCLE ( 'NONE', #4081, 2.500000000000002220 ) ;
#2306 = DIRECTION ( 'NONE',  ( 1.000000000000000000, 3.428369215472770156E-10, 5.994250185812639955E-25 ) ) ;
#2307 = DIRECTION ( 'NONE',  ( 1.000000000000000000, -3.480590576041360211E-15, -8.810118433399829529E-15 ) ) ;
#2308 = FACE_OUTER_BOUND ( 'NONE', #5682, .T. ) ;
#2309 = CARTESIAN_POINT ( 'NONE',  ( 134.3024531173823277, -140.4973826190842487, 111.0028644209534718 ) ) ;
#2310 = EDGE_CURVE ( 'NONE', #2764, #4128, #1086, .T. ) ;
#2311 = EDGE_CURVE ( 'NONE', #2889, #10311, #8692, .T. ) ;
#2312 = ORIENTED_EDGE ( 'NONE', *, *, #4006, .T. ) ;
#2313 = EDGE_LOOP ( 'NONE', ( #1377, #3033, #3748, #11706 ) ) ;
#2314 = CARTESIAN_POINT ( 'NONE',  ( 134.2171133453900040, -138.0155505122760076, 68.99999991151649681 ) ) ;
#2315 =( BOUNDED_CURVE ( )  B_SPLINE_CURVE ( 3, ( #5838, #1158, #4920, #8666 ),
 .UNSPECIFIED., .F., .F. ) 
 B_SPLINE_CURVE_WITH_KNOTS ( ( 4, 4 ),
 ( 0.9332950502743160293, 1.564037455445230096 ),
 .UNSPECIFIED. ) 
 CURVE ( )  GEOMETRIC_REPRESENTATION_ITEM ( )  RATIONAL_B_SPLINE_CURVE ( ( 1.000000000000000000, 0.9671208724905299148, 0.9671208724905299148, 1.000000000000000000 ) ) 
 REPRESENTATION_ITEM ( '' )  );
#2316 = ORIENTED_EDGE ( 'NONE', *, *, #11955, .T. ) ;
#2317 = EDGE_LOOP ( 'NONE', ( #5855, #3196, #3307, #3475 ) ) ;
#2318 = AXIS2_PLACEMENT_3D ( 'NONE', #1247, #5932, #5012 ) ;
#2319 = FACE_OUTER_BOUND ( 'NONE', #5236, .T. ) ;
#2320 = DIRECTION ( 'NONE',  ( 1.060406112649506061E-14, 0.000000000000000000, 1.000000000000000000 ) ) ;
#2321 = DIRECTION ( 'NONE',  ( -0.7071067811865490160, -0.7071067811865460184, 1.665334536937740135E-15 ) ) ;
#2322 = CARTESIAN_POINT ( 'NONE',  ( 133.2171133453900040, -139.0155505122760076, 66.99999991151649681 ) ) ;
#2323 = AXIS2_PLACEMENT_3D ( 'NONE', #7199, #970, #2929 ) ;
#2324 = AXIS2_PLACEMENT_3D ( 'NONE', #2601, #8276, #3587 ) ;
#2325 = ORIENTED_EDGE ( 'NONE', *, *, #7300, .F. ) ;
#2326 = CARTESIAN_POINT ( 'NONE',  ( 135.0296332654587275, -138.3521072828668252, 67.52403676203849159 ) ) ;
#2327 = ADVANCED_FACE ( 'NONE', ( #10035 ), #10150, .F. ) ;
#2328 = EDGE_LOOP ( 'NONE', ( #2413, #6657, #11585, #5983, #11012, #894, #6907 ) ) ;
#2329 = ORIENTED_EDGE ( 'NONE', *, *, #7132, .T. ) ;
#2330 = EDGE_LOOP ( 'NONE', ( #11480, #1296 ) ) ;
#2331 = EDGE_CURVE ( 'NONE', #10965, #7921, #6344, .T. ) ;
#2332 = CARTESIAN_POINT ( 'NONE',  ( 163.2171133453900040, -141.8446366578939717, 69.29716211014509497 ) ) ;
#2333 = AXIS2_PLACEMENT_3D ( 'NONE', #4777, #9264, #7367 ) ;
#2334 = CIRCLE ( 'NONE', #1957, 0.5899999999999971934 ) ;
#2335 = CARTESIAN_POINT ( 'NONE',  ( 133.1125096257061955, -114.8297640215111954, 53.60858519209980244 ) ) ;
#2336 = FACE_OUTER_BOUND ( 'NONE', #3678, .T. ) ;
#2337 = CARTESIAN_POINT ( 'NONE',  ( 126.8043469377704042, -114.8297640215114086, 57.75000000000000000 ) ) ;
#2338 = ORIENTED_EDGE ( 'NONE', *, *, #1047, .F. ) ;
#2339 = CARTESIAN_POINT ( 'NONE',  ( 134.2171133453900040, -138.0155505122760076, 79.56249988289630437 ) ) ;
#2340 = VERTEX_POINT ( 'NONE', #9348 ) ;
#2341 = AXIS2_PLACEMENT_3D ( 'NONE', #10625, #2187, #411 ) ;
#2342 = DIRECTION ( 'NONE',  ( 0.000000000000000000, -1.000000000000000000, 1.526556658859589750E-16 ) ) ;
#2343 = ADVANCED_FACE ( 'NONE', ( #114 ), #2018, .F. ) ;
#2344 = ORIENTED_EDGE ( 'NONE', *, *, #3309, .T. ) ;
#2345 = ORIENTED_EDGE ( 'NONE', *, *, #456, .T. ) ;
#2346 = EDGE_CURVE ( 'NONE', #2626, #11456, #1778, .T. ) ;
#2347 = DIRECTION ( 'NONE',  ( 0.000000000000000000, 1.000000000000000000, -1.526556658859589750E-16 ) ) ;
#2348 = ORIENTED_EDGE ( 'NONE', *, *, #10543, .F. ) ;
#2349 = EDGE_CURVE ( 'NONE', #9580, #3801, #9473, .T. ) ;
#2350 = FACE_OUTER_BOUND ( 'NONE', #108, .T. ) ;
#2351 = CARTESIAN_POINT ( 'NONE',  ( 132.2171133534549767, -142.4297640746490003, 81.50005035146759269 ) ) ;
#2352 = CARTESIAN_POINT ( 'NONE',  ( 161.2171133453899756, -138.0155505122760076, 67.99999991151629786 ) ) ;
#2353 = DIRECTION ( 'NONE',  ( 7.166576360129239776E-17, -1.074295325692399920E-17, -1.000000000000000000 ) ) ;
#2354 = ORIENTED_EDGE ( 'NONE', *, *, #4462, .T. ) ;
#2355 = ORIENTED_EDGE ( 'NONE', *, *, #4292, .T. ) ;
#2356 = CARTESIAN_POINT ( 'NONE',  ( 169.2171133453904872, -134.4297640215112040, 58.25000000000000000 ) ) ;
#2357 = EDGE_CURVE ( 'NONE', #12073, #2739, #8887, .T. ) ;
#2358 = ORIENTED_EDGE ( 'NONE', *, *, #6625, .T. ) ;
#2359 = DIRECTION ( 'NONE',  ( 0.000000000000000000, -1.000000000000000000, 1.526556658859589750E-16 ) ) ;
#2360 = ORIENTED_EDGE ( 'NONE', *, *, #489, .T. ) ;
#2361 = SPHERICAL_SURFACE ( 'NONE', #7105, 1.000000000000000000 ) ;
#2362 = LINE ( 'NONE', #9934, #11714 ) ;
#2363 = DIRECTION ( 'NONE',  ( -1.000000000000000000, 0.000000000000000000, 0.000000000000000000 ) ) ;
#2364 = DIRECTION ( 'NONE',  ( 0.003622991423284898337, -2.324366128187088824E-16, -0.9999934369450366178 ) ) ;
#2365 = CLOSED_SHELL ( 'NONE', ( #11620, #4824, #9620, #11310, #7062, #4133, #1600, #440, #6588, #8569, #10787, #4065, #4610, #9335, #5807, #7255, #1663, #8249, #7177, #5130, #4500, #1549, #5079, #2635, #6906, #11897, #8221, #9422, #5199, #8447, #11146, #9239, #2406, #6278, #1219, #12037, #2477, #4168, #4120, #547, #11958, #2940, #8895, #2176, #5812, #10835, #4873, #6093, #1962, #2482, #7339, #10710, #5322, #2685, #7956, #6246, #5592, #316, #460, #10918, #5337, #9706, #3175, #6640, #9120, #2423, #358, #11078, #6016, #10735, #11448, #4771, #7771, #6920, #2788, #7024, #2553, #5740, #6870, #4448, #9469, #3554, #1233, #9808, #11082, #10528, #11420, #169, #6659, #4745, #10246, #7524, #8029, #3963, #3313, #3138, #11973, #7912, #200, #11833, #11691, #5359, #4957, #2704, #8863, #630, #8525, #314, #838, #11728, #10479, #5288, #6501, #2273, #900, #5605, #11507, #1834, #831, #3126, #9538, #3916, #8150, #8125, #3278, #2158, #7703, #8993, #2438, #4635, #9507, #6797, #3892, #581, #3937, #11073, #7806, #2683, #1050, #11043, #5728, #12111, #390, #9644, #8302, #7885, #2580, #1896, #10990, #1363, #8573, #9952, #11534, #9704, #2817, #31, #5372, #6284, #4274, #8437, #171, #5101, #3340, #10925, #8745, #8065, #4889, #1061, #372, #5158, #5723, #4624, #1459, #2934, #6646, #9761, #2327, #1586, #7587, #6180, #4077, #2378, #6782, #1134, #6403, #10290, #11149, #9502, #8955, #11305, #2697, #6838, #7216, #8074, #930, #8880, #6767, #5928, #6517, #3361, #5860, #8456, #5184, #2195, #1012, #3632, #2042, #3605, #10010, #5627, #3862, #8978, #11435, #3085, #475, #218, #1947, #1893, #12112, #1112, #10188, #5449, #7488, #6608, #1431, #10768, #5284, #11133, #10541, #5044, #10617, #3814, #87, #5863, #11587, #11995, #8594, #817, #4477, #10584, #9338, #11387, #10238, #5595, #7958, #5409, #4380, #5291, #3609 ) ) ;
#2366 = LINE ( 'NONE', #8094, #10457 ) ;
#2367 = CARTESIAN_POINT ( 'NONE',  ( 138.2600065642029961, -134.9726572934619924, 69.70710669270299320 ) ) ;
#2368 = CARTESIAN_POINT ( 'NONE',  ( 135.2171133453900040, -138.0155505122760076, 79.56249988289630437 ) ) ;
#2369 = LINE ( 'NONE', #5330, #8629 ) ;
#2370 = ORIENTED_EDGE ( 'NONE', *, *, #3923, .T. ) ;
#2371 = VERTEX_POINT ( 'NONE', #10453 ) ;
#2372 = DIRECTION ( 'NONE',  ( -1.504056278375975119E-15, -1.000000000000000000, -1.504056275116030108E-15 ) ) ;
#2373 = CARTESIAN_POINT ( 'NONE',  ( 131.2171133605709770, -154.4297640746490003, 62.74999974667999680 ) ) ;
#2374 = ORIENTED_EDGE ( 'NONE', *, *, #4414, .T. ) ;
#2375 = CARTESIAN_POINT ( 'NONE',  ( 160.8978819651345589, -121.1030905624370462, 61.87527036365431599 ) ) ;
#2376 = FACE_OUTER_BOUND ( 'NONE', #7815, .T. ) ;
#2377 = FACE_BOUND ( 'NONE', #10432, .T. ) ;
#2378 = ADVANCED_FACE ( 'NONE', ( #8548 ), #859, .T. ) ;
#2379 = AXIS2_PLACEMENT_3D ( 'NONE', #7671, #9691, #4960 ) ;
#2380 = DIRECTION ( 'NONE',  ( 1.734923811392220086E-15, 1.000000000000000000, 1.734923811392220086E-15 ) ) ;
#2381 = DIRECTION ( 'NONE',  ( 7.166576360129189239E-17, -1.526556658859589750E-16, -1.000000000000000000 ) ) ;
#2382 = CARTESIAN_POINT ( 'NONE',  ( 161.2171133453899756, -138.0155505122760076, 67.99999991151629786 ) ) ;
#2383 = ORIENTED_EDGE ( 'NONE', *, *, #23, .F. ) ;
#2384 = FACE_OUTER_BOUND ( 'NONE', #6325, .T. ) ;
#2385 = ORIENTED_EDGE ( 'NONE', *, *, #9858, .T. ) ;
#2386 = VERTEX_POINT ( 'NONE', #4680 ) ;
#2387 = ORIENTED_EDGE ( 'NONE', *, *, #7837, .F. ) ;
#2388 = VECTOR ( 'NONE', #6796, 1000.000000000000000 ) ;
#2389 = CARTESIAN_POINT ( 'NONE',  ( 132.9035179717976689, -153.4002522450948334, 66.81755909148519379 ) ) ;
#2390 = CARTESIAN_POINT ( 'NONE',  ( 165.2171133453902314, -121.0197522610491490, 56.00640280175970531 ) ) ;
#2391 = CARTESIAN_POINT ( 'NONE',  ( 134.1416763702555386, -121.8117113985254178, 58.29729714753808167 ) ) ;
#2392 = EDGE_CURVE ( 'NONE', #4858, #74, #1089, .T. ) ;
#2393 = LINE ( 'NONE', #8746, #9584 ) ;
#2394 = AXIS2_PLACEMENT_3D ( 'NONE', #10850, #10909, #3454 ) ;
#2395 = EDGE_LOOP ( 'NONE', ( #5798, #1189, #8362, #1860, #2987, #7306 ) ) ;
#2396 = EDGE_CURVE ( 'NONE', #5618, #8545, #9411, .T. ) ;
#2397 = CARTESIAN_POINT ( 'NONE',  ( 163.1867387273269969, -121.4473735807082022, 51.11866876023850637 ) ) ;
#2398 = ORIENTED_EDGE ( 'NONE', *, *, #6503, .F. ) ;
#2399 = PLANE ( 'NONE',  #7759 ) ;
#2400 = ORIENTED_EDGE ( 'NONE', *, *, #3013, .T. ) ;
#2401 = VERTEX_POINT ( 'NONE', #5719 ) ;
#2402 = CARTESIAN_POINT ( 'NONE',  ( 132.2171133453900040, -139.6473763805479962, 71.00071423753159650 ) ) ;
#2403 = VECTOR ( 'NONE', #7930, 1000.000000000000000 ) ;
#2404 = ORIENTED_EDGE ( 'NONE', *, *, #1130, .T. ) ;
#2405 = CARTESIAN_POINT ( 'NONE',  ( 169.9786284033270078, -147.3829269371353803, 53.38549640900530591 ) ) ;
#2406 = ADVANCED_FACE ( 'NONE', ( #3745 ), #8507, .F. ) ;
#2407 = DIRECTION ( 'NONE',  ( -1.070962509852659981E-16, -3.936716910086240211E-15, 1.000000000000000000 ) ) ;
#2408 = EDGE_CURVE ( 'NONE', #1847, #11268, #7337, .T. ) ;
#2409 = CARTESIAN_POINT ( 'NONE',  ( 138.4751040480451820, -122.4297640215111898, 62.10199319125020168 ) ) ;
#2410 = EDGE_CURVE ( 'NONE', #3692, #681, #6471, .T. ) ;
#2411 = PLANE ( 'NONE',  #2596 ) ;
#2412 = ORIENTED_EDGE ( 'NONE', *, *, #7556, .F. ) ;
#2413 = ORIENTED_EDGE ( 'NONE', *, *, #3363, .T. ) ;
#2414 = EDGE_CURVE ( 'NONE', #8394, #10811, #3864, .T. ) ;
#2415 = CARTESIAN_POINT ( 'NONE',  ( 139.0848346962540063, -143.4297640215119714, 110.2708159593050112 ) ) ;
#2416 = ORIENTED_EDGE ( 'NONE', *, *, #3105, .T. ) ;
#2417 = DIRECTION ( 'NONE',  ( 0.008142047127310658022, 7.930164461608264384E-15, -0.9999668529849260468 ) ) ;
#2418 = DIRECTION ( 'NONE',  ( -7.166576360131199602E-17, -3.233485681020080374E-15, 1.000000000000000000 ) ) ;
#2419 = CARTESIAN_POINT ( 'NONE',  ( 135.2171133453900040, -136.4297640746490288, 82.74999987335620233 ) ) ;
#2420 = AXIS2_PLACEMENT_3D ( 'NONE', #4012, #3144, #6917 ) ;
#2421 = DIRECTION ( 'NONE',  ( 0.000000000000000000, -1.000000000000000000, 1.526556658859589750E-16 ) ) ;
#2422 = CARTESIAN_POINT ( 'NONE',  ( 157.4268364872660015, -140.4297640215119998, 114.2144502228039897 ) ) ;
#2423 = ADVANCED_FACE ( 'NONE', ( #10332 ), #5965, .T. ) ;
#2424 = CARTESIAN_POINT ( 'NONE',  ( 162.2171133453900040, -136.4297640746490288, 65.99999991151629786 ) ) ;
#2425 = EDGE_CURVE ( 'NONE', #10518, #11256, #6173, .T. ) ;
#2426 = CARTESIAN_POINT ( 'NONE',  ( 161.2171130401599726, -153.4297640746490003, 103.6640618979710098 ) ) ;
#2427 = DIRECTION ( 'NONE',  ( 0.000000000000000000, -2.548831737044094972E-09, -1.000000000000000000 ) ) ;
#2428 = CARTESIAN_POINT ( 'NONE',  ( 162.5900442394630829, -153.3742693877487397, 66.91823323866590556 ) ) ;
#2429 = DIRECTION ( 'NONE',  ( -2.602085213965009729E-17, -1.000000000000000000, 2.148562215093330474E-15 ) ) ;
#2430 = VECTOR ( 'NONE', #7424, 999.9999999999998863 ) ;
#2431 = ORIENTED_EDGE ( 'NONE', *, *, #443, .F. ) ;
#2432 = ORIENTED_EDGE ( 'NONE', *, *, #7040, .T. ) ;
#2433 = CARTESIAN_POINT ( 'NONE',  ( 163.2171133453900040, -136.4297640746490288, 70.99999991151629786 ) ) ;
#2434 = CARTESIAN_POINT ( 'NONE',  ( 157.6268364872659902, -140.6297640215119884, 114.2144502228039897 ) ) ;
#2435 = VERTEX_POINT ( 'NONE', #11137 ) ;
#2436 = LINE ( 'NONE', #6017, #1279 ) ;
#2437 = CYLINDRICAL_SURFACE ( 'NONE', #10667, 0.9999999999999866773 ) ;
#2438 = ADVANCED_FACE ( 'NONE', ( #4798 ), #8369, .T. ) ;
#2439 = AXIS2_PLACEMENT_3D ( 'NONE', #11566, #423, #4175 ) ;
#2440 = CARTESIAN_POINT ( 'NONE',  ( 163.2171133453900040, -142.4297640746490003, 76.25002511280030149 ) ) ;
#2441 = DIRECTION ( 'NONE',  ( 0.8125199200687445167, -0.3365567705907691609, 0.4759631494779753558 ) ) ;
#2442 = CARTESIAN_POINT ( 'NONE',  ( 133.5171131927750139, -148.0297640746490231, 102.0997837512840078 ) ) ;
#2443 = DIRECTION ( 'NONE',  ( -0.7071067811865520136, -1.717288687883130153E-16, 0.7071067811865431318 ) ) ;
#2444 = VERTEX_POINT ( 'NONE', #2880 ) ;
#2445 = CARTESIAN_POINT ( 'NONE',  ( 147.7171133226179904, -140.4297640215119998, 109.2071629590849966 ) ) ;
#2446 = ORIENTED_EDGE ( 'NONE', *, *, #3327, .F. ) ;
#2447 = ORIENTED_EDGE ( 'NONE', *, *, #282, .F. ) ;
#2448 = VECTOR ( 'NONE', #4641, 1000.000000000000000 ) ;
#2449 = ORIENTED_EDGE ( 'NONE', *, *, #9710, .T. ) ;
#2450 = CARTESIAN_POINT ( 'NONE',  ( 135.2171131927750309, -140.4297640215119998, 103.7997837512839965 ) ) ;
#2451 = CARTESIAN_POINT ( 'NONE',  ( 161.8636246354708419, -122.4301260750929572, 57.96915320185910758 ) ) ;
#2452 = CARTESIAN_POINT ( 'NONE',  ( 161.2171133453899756, -138.0155505122760076, 67.99999991151629786 ) ) ;
#2453 = CARTESIAN_POINT ( 'NONE',  ( 134.2543590708909278, -121.6849381770191201, 58.39399275592583649 ) ) ;
#2454 =( GEOMETRIC_REPRESENTATION_CONTEXT ( 3 ) GLOBAL_UNCERTAINTY_ASSIGNED_CONTEXT ( ( #5960 ) ) GLOBAL_UNIT_ASSIGNED_CONTEXT ( ( #10210, #7508, #9104 ) ) REPRESENTATION_CONTEXT ( 'NONE', 'WORKASPACE' ) );
#2455 = SPHERICAL_SURFACE ( 'NONE', #11368, 1.000000000000000000 ) ;
#2456 = ORIENTED_EDGE ( 'NONE', *, *, #4675, .F. ) ;
#2457 = DIRECTION ( 'NONE',  ( 0.003622991423284898337, -2.324366149095158836E-16, -0.9999934369450366178 ) ) ;
#2458 = EDGE_LOOP ( 'NONE', ( #458, #4112, #9429, #4875 ) ) ;
#2459 = FACE_OUTER_BOUND ( 'NONE', #5317, .T. ) ;
#2460 = EDGE_CURVE ( 'NONE', #11755, #5183, #4515, .T. ) ;
#2461 = ORIENTED_EDGE ( 'NONE', *, *, #3992, .T. ) ;
#2462 = ORIENTED_EDGE ( 'NONE', *, *, #2877, .F. ) ;
#2463 = ADVANCED_FACE ( 'NONE', ( #12130 ), #5100, .T. ) ;
#2464 = AXIS2_PLACEMENT_3D ( 'NONE', #4024, #8774, #7789 ) ;
#2465 = VECTOR ( 'NONE', #8724, 1000.000000000000000 ) ;
#2466 = DIRECTION ( 'NONE',  ( -7.166576360129179378E-17, 2.148562215093330474E-15, 1.000000000000000000 ) ) ;
#2467 = ORIENTED_EDGE ( 'NONE', *, *, #5144, .F. ) ;
#2468 = CARTESIAN_POINT ( 'NONE',  ( 160.5100065642035077, -127.9297640746490146, 67.29289313032980147 ) ) ;
#2469 = CARTESIAN_POINT ( 'NONE',  ( 163.1572384048170079, -141.4329535200550367, 67.78932396982311559 ) ) ;
#2470 = CARTESIAN_POINT ( 'NONE',  ( 170.6622504295840770, -149.0280244978843314, 52.69896783387475381 ) ) ;
#2471 = FACE_OUTER_BOUND ( 'NONE', #9474, .T. ) ;
#2472 = CIRCLE ( 'NONE', #3663, 0.9999999999999964473 ) ;
#2473 = ORIENTED_EDGE ( 'NONE', *, *, #1117, .F. ) ;
#2474 = ORIENTED_EDGE ( 'NONE', *, *, #11991, .F. ) ;
#2475 = CARTESIAN_POINT ( 'NONE',  ( 134.8190645974100050, -140.9062574831320092, 105.3643752788450030 ) ) ;
#2476 = ORIENTED_EDGE ( 'NONE', *, *, #5505, .T. ) ;
#2477 = ADVANCED_FACE ( 'NONE', ( #1156 ), #1340, .T. ) ;
#2478 = CARTESIAN_POINT ( 'NONE',  ( 132.2665316224841092, -123.3804758761293385, 62.75436347397327097 ) ) ;
#2479 = CARTESIAN_POINT ( 'NONE',  ( 156.9591226427349966, -114.4297640215114029, 62.10199319125020168 ) ) ;
#2480 = CYLINDRICAL_SURFACE ( 'NONE', #3470, 0.5899999999999873124 ) ;
#2481 = CIRCLE ( 'NONE', #2680, 24.75044811291361313 ) ;
#2482 = ADVANCED_FACE ( 'NONE', ( #1216 ), #8792, .F. ) ;
#2483 = FACE_OUTER_BOUND ( 'NONE', #7291, .T. ) ;
#2484 = DIRECTION ( 'NONE',  ( -0.4397326120322761489, -0.1821432117215195934, 0.8794652240646252395 ) ) ;
#2485 = CARTESIAN_POINT ( 'NONE',  ( 160.2171133453899756, -140.4297640215119998, 96.26432591814179318 ) ) ;
#2486 = CARTESIAN_POINT ( 'NONE',  ( 165.2171134190400039, -148.4297639542180036, 57.98985306244370719 ) ) ;
#2487 = DIRECTION ( 'NONE',  ( -0.7071067811865500152, -0.7071067811865450192, -1.942890293094024932E-16 ) ) ;
#2488 = VECTOR ( 'NONE', #4425, 1000.000000000000000 ) ;
#2489 = DIRECTION ( 'NONE',  ( 5.947210316807140508E-15, 1.000000000000000000, -1.526556658859829860E-16 ) ) ;
#2490 = LINE ( 'NONE', #5206, #1353 ) ;
#2491 = ORIENTED_EDGE ( 'NONE', *, *, #10998, .F. ) ;
#2492 = ORIENTED_EDGE ( 'NONE', *, *, #3540, .F. ) ;
#2493 = DIRECTION ( 'NONE',  ( -0.8191520442889946851, 0.5735764363510417185, 3.263910464440868934E-15 ) ) ;
#2494 = DIRECTION ( 'NONE',  ( -3.160768215787150073E-15, -1.000000000000000000, 1.526556658859839720E-16 ) ) ;
#2495 = ORIENTED_EDGE ( 'NONE', *, *, #3852, .T. ) ;
#2496 = EDGE_CURVE ( 'NONE', #10704, #9387, #7701, .T. ) ;
#2497 = EDGE_CURVE ( 'NONE', #2252, #1028, #11686, .T. ) ;
#2498 = LINE ( 'NONE', #4665, #7402 ) ;
#2499 = CIRCLE ( 'NONE', #4278, 3.900000000000000799 ) ;
#2500 = AXIS2_PLACEMENT_3D ( 'NONE', #10364, #1933, #1989 ) ;
#2501 = LINE ( 'NONE', #1587, #8909 ) ;
#2502 = EDGE_CURVE ( 'NONE', #11023, #11429, #11623, .T. ) ;
#2503 = DIRECTION ( 'NONE',  ( -0.5951893636155779488, 8.416332170449763954E-15, -0.8035854786137459627 ) ) ;
#2504 = LINE ( 'NONE', #3547, #4270 ) ;
#2505 = CARTESIAN_POINT ( 'NONE',  ( 165.2171133453903451, -134.8245525410658274, 56.00640280175954899 ) ) ;
#2506 = FACE_OUTER_BOUND ( 'NONE', #4501, .T. ) ;
#2507 = FACE_OUTER_BOUND ( 'NONE', #4910, .T. ) ;
#2508 = AXIS2_PLACEMENT_3D ( 'NONE', #3898, #2966, #7602 ) ;
#2509 = VERTEX_POINT ( 'NONE', #4979 ) ;
#2510 = ORIENTED_EDGE ( 'NONE', *, *, #3380, .F. ) ;
#2511 = ORIENTED_EDGE ( 'NONE', *, *, #6874, .T. ) ;
#2512 = ADVANCED_FACE ( 'NONE', ( #10758 ), #3982, .F. ) ;
#2513 = SURFACE_STYLE_FILL_AREA ( #610 ) ;
#2514 = DIRECTION ( 'NONE',  ( -0.9238795325112912904, 0.3826834323650787906, 0.000000000000000000 ) ) ;
#2515 = FACE_OUTER_BOUND ( 'NONE', #2645, .T. ) ;
#2516 = VECTOR ( 'NONE', #6700, 1000.000000000000000 ) ;
#2517 = CARTESIAN_POINT ( 'NONE',  ( 133.1673343744681119, -122.8526379507595578, 57.82336830163036723 ) ) ;
#2518 = VECTOR ( 'NONE', #11019, 1000.000000000000000 ) ;
#2519 = DIRECTION ( 'NONE',  ( 1.666513209668970211E-24, -1.000000000000000000, -6.573933234426810631E-15 ) ) ;
#2520 = ORIENTED_EDGE ( 'NONE', *, *, #6557, .F. ) ;
#2521 = CARTESIAN_POINT ( 'NONE',  ( 139.0881102647940111, -145.0419657957729953, 109.3678214148069969 ) ) ;
#2522 = ORIENTED_EDGE ( 'NONE', *, *, #7444, .T. ) ;
#2523 = PLANE ( 'NONE',  #9919 ) ;
#2524 = ORIENTED_EDGE ( 'NONE', *, *, #8424, .F. ) ;
#2525 = AXIS2_PLACEMENT_3D ( 'NONE', #12167, #1875, #11360 ) ;
#2526 = ORIENTED_EDGE ( 'NONE', *, *, #1607, .F. ) ;
#2527 = CARTESIAN_POINT ( 'NONE',  ( 162.0669467408600042, -154.4297640746490003, 83.34999974667989875 ) ) ;
#2528 = ORIENTED_EDGE ( 'NONE', *, *, #229, .F. ) ;
#2529 = LINE ( 'NONE', #8199, #7205 ) ;
#2530 = DIRECTION ( 'NONE',  ( 4.422034925190670533E-15, 1.000000000000000000, 6.633052400461320667E-15 ) ) ;
#2531 = CARTESIAN_POINT ( 'NONE',  ( 126.2171133453899898, -153.4297640746490003, 102.7500000000329976 ) ) ;
#2532 = EDGE_CURVE ( 'NONE', #6235, #3860, #357, .T. ) ;
#2533 = CARTESIAN_POINT ( 'NONE',  ( 162.7391000041533005, -139.0155506579397979, 66.89222681512609370 ) ) ;
#2534 = EDGE_CURVE ( 'NONE', #6304, #1179, #6090, .T. ) ;
#2535 = VECTOR ( 'NONE', #5789, 999.9999999999998863 ) ;
#2536 = LINE ( 'NONE', #6244, #5166 ) ;
#2537 = VERTEX_POINT ( 'NONE', #2077 ) ;
#2538 = PLANE ( 'NONE',  #12100 ) ;
#2539 = EDGE_LOOP ( 'NONE', ( #3676, #5919, #4898, #3211 ) ) ;
#2540 = CARTESIAN_POINT ( 'NONE',  ( 154.6834021859320103, -140.4297640215119998, 104.5909950527140069 ) ) ;
#2541 = APPLICATION_CONTEXT ( 'automotive_design' ) ;
#2542 = DIRECTION ( 'NONE',  ( 3.383690489212535059E-16, -1.000000000000000000, -6.502748166832380845E-15 ) ) ;
#2543 = VECTOR ( 'NONE', #7859, 1000.000000000000000 ) ;
#2544 = DIRECTION ( 'NONE',  ( -0.7071067811865475727, 0.7071067811865475727, 0.000000000000000000 ) ) ;
#2545 = CARTESIAN_POINT ( 'NONE',  ( 132.6106248479624128, -120.9297640215114029, 57.67765112427589713 ) ) ;
#2546 = FACE_OUTER_BOUND ( 'NONE', #11131, .T. ) ;
#2547 = LINE ( 'NONE', #8156, #3206 ) ;
#2548 = EDGE_CURVE ( 'NONE', #12005, #11722, #7010, .T. ) ;
#2549 = CARTESIAN_POINT ( 'NONE',  ( 160.5100065642035077, -138.9297640746490288, 69.70710669270289372 ) ) ;
#2550 = FACE_OUTER_BOUND ( 'NONE', #1251, .T. ) ;
#2551 = CARTESIAN_POINT ( 'NONE',  ( 135.8821002664290063, -140.4297640215119998, 105.3643259181410059 ) ) ;
#2552 = FACE_OUTER_BOUND ( 'NONE', #4305, .T. ) ;
#2553 = ADVANCED_FACE ( 'NONE', ( #6950 ), #9830, .F. ) ;
#2554 = ORIENTED_EDGE ( 'NONE', *, *, #9734, .T. ) ;
#2555 = ORIENTED_EDGE ( 'NONE', *, *, #1130, .F. ) ;
#2556 = DIRECTION ( 'NONE',  ( 1.000000000000000000, -3.408924812440069945E-15, 0.000000000000000000 ) ) ;
#2557 = DIRECTION ( 'NONE',  ( 0.000000000000000000, -1.526556658859589750E-16, -1.000000000000000000 ) ) ;
#2558 = VERTEX_POINT ( 'NONE', #175 ) ;
#2559 = CYLINDRICAL_SURFACE ( 'NONE', #5227, 0.9999999999999852340 ) ;
#2560 = DIRECTION ( 'NONE',  ( 0.7071067811865789920, -0.7071067811865159314, -4.821663978576479604E-15 ) ) ;
#2561 = CYLINDRICAL_SURFACE ( 'NONE', #1830, 14.00026402016930049 ) ;
#2562 = DIRECTION ( 'NONE',  ( -3.227582642118749141E-17, 0.7071067811865470176, 0.7071067811865480168 ) ) ;
#2563 = FACE_OUTER_BOUND ( 'NONE', #4362, .T. ) ;
#2564 = ADVANCED_FACE ( 'NONE', ( #2257 ), #9647, .F. ) ;
#2565 = CARTESIAN_POINT ( 'NONE',  ( 167.5921133379395371, -154.4297640215109766, 61.12499999254929861 ) ) ;
#2566 = CARTESIAN_POINT ( 'NONE',  ( 164.1583628191302182, -142.5750683474413165, 54.32916630688090720 ) ) ;
#2567 = EDGE_CURVE ( 'NONE', #5574, #11598, #7686, .T. ) ;
#2568 = ORIENTED_EDGE ( 'NONE', *, *, #6788, .F. ) ;
#2569 = EDGE_LOOP ( 'NONE', ( #1187, #11114, #10045, #7679, #8888, #9926, #10885, #11784 ) ) ;
#2570 = EDGE_CURVE ( 'NONE', #6712, #10040, #11564, .T. ) ;
#2571 = VERTEX_POINT ( 'NONE', #2199 ) ;
#2572 = DIRECTION ( 'NONE',  ( -1.000000000000000000, 0.000000000000000000, 0.000000000000000000 ) ) ;
#2573 = DIRECTION ( 'NONE',  ( -1.053010651935525030E-12, 0.9996572032854807999, -0.02618159505169630544 ) ) ;
#2574 = DIRECTION ( 'NONE',  ( 1.000000000000000000, 0.000000000000000000, 0.000000000000000000 ) ) ;
#2575 = AXIS2_PLACEMENT_3D ( 'NONE', #1762, #6513, #5520 ) ;
#2576 = DIRECTION ( 'NONE',  ( 2.602085213965229747E-17, 1.000000000000000000, 0.000000000000000000 ) ) ;
#2577 = EDGE_CURVE ( 'NONE', #3860, #1780, #2030, .T. ) ;
#2578 = ORIENTED_EDGE ( 'NONE', *, *, #11842, .F. ) ;
#2579 = CARTESIAN_POINT ( 'NONE',  ( 134.2171133453900040, -138.0155505122760076, 68.99999991151649681 ) ) ;
#2580 = ADVANCED_FACE ( 'NONE', ( #11436 ), #2992, .T. ) ;
#2581 = VERTEX_POINT ( 'NONE', #3485 ) ;
#2582 = VECTOR ( 'NONE', #11061, 1000.000000000000000 ) ;
#2583 = DIRECTION ( 'NONE',  ( -0.7071067811865370256, -0.7071067811865580088, 6.337638343848130229E-15 ) ) ;
#2584 = ORIENTED_EDGE ( 'NONE', *, *, #5336, .T. ) ;
#2585 = ORIENTED_EDGE ( 'NONE', *, *, #9046, .T. ) ;
#2586 = DIRECTION ( 'NONE',  ( 4.125625189787574772E-15, -1.000000000000000000, -4.255833852619945580E-15 ) ) ;
#2587 = ORIENTED_EDGE ( 'NONE', *, *, #2806, .F. ) ;
#2588 = LINE ( 'NONE', #11893, #1890 ) ;
#2589 = VECTOR ( 'NONE', #1311, 1000.000000000000000 ) ;
#2590 = LINE ( 'NONE', #633, #9848 ) ;
#2591 = DIRECTION ( 'NONE',  ( -3.128785674195153316E-15, -0.9999934369450365068, 0.003622991423310737910 ) ) ;
#2592 = DIRECTION ( 'NONE',  ( -7.166576360129239776E-17, 1.074295325692399920E-17, 1.000000000000000000 ) ) ;
#2593 = LINE ( 'NONE', #9184, #10856 ) ;
#2594 = ORIENTED_EDGE ( 'NONE', *, *, #408, .F. ) ;
#2595 = LINE ( 'NONE', #820, #1672 ) ;
#2596 = AXIS2_PLACEMENT_3D ( 'NONE', #11967, #6183, #6058 ) ;
#2597 = VECTOR ( 'NONE', #9396, 1000.000000000000000 ) ;
#2598 = EDGE_LOOP ( 'NONE', ( #3366, #640 ) ) ;
#2599 = DIRECTION ( 'NONE',  ( 1.324668732875176052E-16, -1.000000000000000000, -7.929348744325500640E-15 ) ) ;
#2600 = CARTESIAN_POINT ( 'NONE',  ( 138.6581459931534255, -144.4216140597808931, 110.5269184766721651 ) ) ;
#2601 = CARTESIAN_POINT ( 'NONE',  ( 161.2171130401599726, -153.4297640746490003, 117.6643259181420120 ) ) ;
#2602 = CARTESIAN_POINT ( 'NONE',  ( 163.2171133453900040, -141.8439776370219931, 67.99999991151629786 ) ) ;
#2603 = DIRECTION ( 'NONE',  ( 7.166576360129189239E-17, -1.526556658859589750E-16, -1.000000000000000000 ) ) ;
#2604 = AXIS2_PLACEMENT_3D ( 'NONE', #6949, #2256, #6018 ) ;
#2605 = DIRECTION ( 'NONE',  ( 1.000000000000000000, 0.000000000000000000, 0.000000000000000000 ) ) ;
#2606 = CARTESIAN_POINT ( 'NONE',  ( 134.2171133453900040, -138.0155505122760076, 69.99999991151649681 ) ) ;
#2607 = DIRECTION ( 'NONE',  ( -8.810118433399840573E-15, -1.150608946447880006E-15, -1.000000000000000000 ) ) ;
#2608 = DIRECTION ( 'NONE',  ( 0.000000000000000000, -1.000000000000000000, -6.573933234426810631E-15 ) ) ;
#2609 = CARTESIAN_POINT ( 'NONE',  ( 132.7943063462900000, -144.5297640215119941, 66.13179315275620240 ) ) ;
#2610 = EDGE_LOOP ( 'NONE', ( #10403, #3598, #4687, #3070 ) ) ;
#2611 = VERTEX_POINT ( 'NONE', #724 ) ;
#2612 = CARTESIAN_POINT ( 'NONE',  ( 175.2171133453905156, -129.9467472432701811, 64.75000000000000000 ) ) ;
#2613 = LINE ( 'NONE', #8412, #9461 ) ;
#2614 = VERTEX_POINT ( 'NONE', #8970 ) ;
#2615 = EDGE_CURVE ( 'NONE', #1317, #6011, #7073, .T. ) ;
#2616 = CIRCLE ( 'NONE', #8712, 0.9999999999999964473 ) ;
#2617 = EDGE_CURVE ( 'NONE', #684, #7374, #659, .T. ) ;
#2618 = CARTESIAN_POINT ( 'NONE',  ( 147.6669467408599985, -154.2297640746490117, 83.34999974667989875 ) ) ;
#2619 = CARTESIAN_POINT ( 'NONE',  ( 163.1867387273269969, -121.4473735807082022, 51.11866876023850637 ) ) ;
#2620 = DIRECTION ( 'NONE',  ( 4.422034925190670533E-15, 1.000000000000000000, 6.633052400461320667E-15 ) ) ;
#2621 = DIRECTION ( 'NONE',  ( 0.000000000000000000, 6.573933234426810631E-15, -1.000000000000000000 ) ) ;
#2622 = CARTESIAN_POINT ( 'NONE',  ( 133.0664558081502094, -146.4785198376042104, 53.47602185630469762 ) ) ;
#2623 = VECTOR ( 'NONE', #1868, 1000.000000000000114 ) ;
#2624 = CARTESIAN_POINT ( 'NONE',  ( 165.5920977832849985, -146.3047484117300030, 98.71076987293959348 ) ) ;
#2625 = DIRECTION ( 'NONE',  ( 7.166570158348738441E-17, -1.560792991609859804E-08, -0.9999999999999998890 ) ) ;
#2626 = VERTEX_POINT ( 'NONE', #5404 ) ;
#2627 = ORIENTED_EDGE ( 'NONE', *, *, #1819, .T. ) ;
#2628 = EDGE_LOOP ( 'NONE', ( #11209, #3870, #9763, #783 ) ) ;
#2629 = EDGE_CURVE ( 'NONE', #1811, #6868, #480, .T. ) ;
#2630 = AXIS2_PLACEMENT_3D ( 'NONE', #8915, #7869, #3056 ) ;
#2631 =( BOUNDED_CURVE ( )  B_SPLINE_CURVE ( 3, ( #8035, #8160, #526, #3469 ),
 .UNSPECIFIED., .F., .F. ) 
 B_SPLINE_CURVE_WITH_KNOTS ( ( 4, 4 ),
 ( 0.7835866637228170450, 0.7853981633974599363 ),
 .UNSPECIFIED. ) 
 CURVE ( )  GEOMETRIC_REPRESENTATION_ITEM ( )  RATIONAL_B_SPLINE_CURVE ( ( 1.000000000000000000, 0.9999997265390959678, 0.9999997265390959678, 1.000000000000000000 ) ) 
 REPRESENTATION_ITEM ( '' )  );
#2632 = EDGE_CURVE ( 'NONE', #4970, #11822, #858, .T. ) ;
#2633 = CARTESIAN_POINT ( 'NONE',  ( 161.2171133453899756, -119.4297640746489861, 80.50005035146730847 ) ) ;
#2634 = DIRECTION ( 'NONE',  ( -1.000000000000000000, 0.000000000000000000, 0.000000000000000000 ) ) ;
#2635 = ADVANCED_FACE ( 'NONE', ( #1588 ), #1525, .T. ) ;
#2636 = CARTESIAN_POINT ( 'NONE',  ( 132.2171133453900040, -119.4297640746489861, 99.26432591814190687 ) ) ;
#2637 = ORIENTED_EDGE ( 'NONE', *, *, #3013, .F. ) ;
#2638 = CARTESIAN_POINT ( 'NONE',  ( 132.2171133453900040, -136.4297640746490288, 70.99999991151649681 ) ) ;
#2639 = ORIENTED_EDGE ( 'NONE', *, *, #10090, .T. ) ;
#2640 = DIRECTION ( 'NONE',  ( -2.398718941306320379E-16, 1.000000000000000000, 6.941077028158640988E-15 ) ) ;
#2641 = VERTEX_POINT ( 'NONE', #5281 ) ;
#2642 = ORIENTED_EDGE ( 'NONE', *, *, #5535, .F. ) ;
#2643 = CARTESIAN_POINT ( 'NONE',  ( 130.1106248479624128, -117.4297640215114029, 60.27765112427590566 ) ) ;
#2644 = ADVANCED_FACE ( 'NONE', ( #2377, #3357, #4232, #4294 ), #7986, .F. ) ;
#2645 = EDGE_LOOP ( 'NONE', ( #2510, #5545, #3961, #11461 ) ) ;
#2646 = VECTOR ( 'NONE', #5858, 1000.000000000000000 ) ;
#2647 = EDGE_CURVE ( 'NONE', #11000, #3836, #10078, .T. ) ;
#2648 = CARTESIAN_POINT ( 'NONE',  ( 135.2171133453900040, -140.4297640215119998, 99.26432591814179318 ) ) ;
#2649 = CARTESIAN_POINT ( 'NONE',  ( 163.2171133453900040, -143.9397640415990054, 72.11913622275260138 ) ) ;
#2650 = ADVANCED_FACE ( 'NONE', ( #11865 ), #6333, .F. ) ;
#2651 = LINE ( 'NONE', #6422, #7439 ) ;
#2652 = CARTESIAN_POINT ( 'NONE',  ( 162.7152672577151691, -140.5101927313667431, 69.70958354296242021 ) ) ;
#2653 = CARTESIAN_POINT ( 'NONE',  ( 139.0125845563682390, -144.8946959252205886, 111.0006845747995925 ) ) ;
#2654 = ORIENTED_EDGE ( 'NONE', *, *, #3533, .T. ) ;
#2655 = CARTESIAN_POINT ( 'NONE',  ( 132.6248169134119905, -148.2297640746490117, 102.0997837512840078 ) ) ;
#2656 = ORIENTED_EDGE ( 'NONE', *, *, #3710, .T. ) ;
#2657 = DIRECTION ( 'NONE',  ( 0.9999934369450365068, 9.728657135985863113E-17, 0.003622991423292247926 ) ) ;
#2658 = CARTESIAN_POINT ( 'NONE',  ( 132.9242201265763867, -134.4297640746490288, 81.20715713265418856 ) ) ;
#2659 = EDGE_CURVE ( 'NONE', #11940, #3392, #11004, .T. ) ;
#2660 = CARTESIAN_POINT ( 'NONE',  ( 130.2171133453899756, -120.8462228164914052, 57.98985306244389903 ) ) ;
#2661 = LINE ( 'NONE', #11849, #9361 ) ;
#2662 = CIRCLE ( 'NONE', #4245, 3.099999999999991651 ) ;
#2663 = VECTOR ( 'NONE', #7002, 1000.000000000000000 ) ;
#2664 = CARTESIAN_POINT ( 'NONE',  ( 136.1729059439020091, -143.3668045394049955, 109.0485131823510017 ) ) ;
#2665 = LINE ( 'NONE', #3592, #9314 ) ;
#2666 = LINE ( 'NONE', #1007, #11636 ) ;
#2667 = DIRECTION ( 'NONE',  ( -0.7071067814549162334, 0.000000000000000000, 0.7071067809181789121 ) ) ;
#2668 = VERTEX_POINT ( 'NONE', #9092 ) ;
#2669 = LINE ( 'NONE', #1756, #10212 ) ;
#2670 = DIRECTION ( 'NONE',  ( 0.7071067811865450192, -0.7071067811865500152, 1.586192039558949862E-16 ) ) ;
#2671 = VERTEX_POINT ( 'NONE', #11932 ) ;
#2672 = EDGE_LOOP ( 'NONE', ( #2137, #8725, #8180, #2345, #1858 ) ) ;
#2673 = CARTESIAN_POINT ( 'NONE',  ( 132.1601190154987933, -154.4297640215114882, 55.74983426492450178 ) ) ;
#2674 = VECTOR ( 'NONE', #8463, 1000.000000000000000 ) ;
#2675 = STYLED_ITEM ( 'NONE', ( #7210 ), #3971 ) ;
#2676 = DIRECTION ( 'NONE',  ( 0.000000000000000000, -2.327875578288750051E-16, -1.000000000000000000 ) ) ;
#2677 = ORIENTED_EDGE ( 'NONE', *, *, #9179, .F. ) ;
#2678 = LINE ( 'NONE', #11002, #4826 ) ;
#2679 = CARTESIAN_POINT ( 'NONE',  ( 162.8236018428179932, -114.4297640215112040, 60.27765112427590566 ) ) ;
#2680 = AXIS2_PLACEMENT_3D ( 'NONE', #5415, #5357, #2573 ) ;
#2681 = DIRECTION ( 'NONE',  ( -2.428612984199854922E-16, 1.000000000000000000, 6.217248937900871104E-15 ) ) ;
#2682 = LINE ( 'NONE', #4789, #683 ) ;
#2683 = ADVANCED_FACE ( 'NONE', ( #10877 ), #4354, .F. ) ;
#2684 = CARTESIAN_POINT ( 'NONE',  ( 163.2171133453904872, -123.4296722848583983, 62.74648661845989750 ) ) ;
#2685 = ADVANCED_FACE ( 'NONE', ( #10941 ), #11062, .T. ) ;
#2686 = DIRECTION ( 'NONE',  ( 0.7071067811862856711, -3.068939675346769031E-07, -0.7071067811867427499 ) ) ;
#2687 = ORIENTED_EDGE ( 'NONE', *, *, #10559, .F. ) ;
#2688 = VERTEX_POINT ( 'NONE', #6277 ) ;
#2689 = ORIENTED_EDGE ( 'NONE', *, *, #8522, .T. ) ;
#2690 = VECTOR ( 'NONE', #11848, 1000.000000000000000 ) ;
#2691 = VECTOR ( 'NONE', #2047, 1000.000000000000000 ) ;
#2692 = CARTESIAN_POINT ( 'NONE',  ( 163.2171133453904872, -151.9297640215109766, 62.74960223581900465 ) ) ;
#2693 = DIRECTION ( 'NONE',  ( 0.7071067811865490160, 0.7071067811865460184, 1.887379141862770063E-15 ) ) ;
#2694 = DIRECTION ( 'NONE',  ( 0.000000000000000000, 1.000000000000000000, -1.526556658859589750E-16 ) ) ;
#2695 = LINE ( 'NONE', #4681, #9008 ) ;
#2696 = AXIS2_PLACEMENT_3D ( 'NONE', #6816, #7857, #410 ) ;
#2697 = ADVANCED_FACE ( 'NONE', ( #10020 ), #2561, .T. ) ;
#2698 = VECTOR ( 'NONE', #373, 1000.000000000000000 ) ;
#2699 = ORIENTED_EDGE ( 'NONE', *, *, #4393, .F. ) ;
#2700 = CARTESIAN_POINT ( 'NONE',  ( 139.0953482565489878, -145.0429196176179687, 107.3678211846060009 ) ) ;
#2701 = VERTEX_POINT ( 'NONE', #9893 ) ;
#2702 = ORIENTED_EDGE ( 'NONE', *, *, #6162, .F. ) ;
#2703 = CYLINDRICAL_SURFACE ( 'NONE', #4840, 12.00000000000000000 ) ;
#2704 = ADVANCED_FACE ( 'NONE', ( #1463 ), #2924, .T. ) ;
#2705 = VERTEX_POINT ( 'NONE', #9397 ) ;
#2706 = ORIENTED_EDGE ( 'NONE', *, *, #10789, .T. ) ;
#2707 =( BOUNDED_CURVE ( )  B_SPLINE_CURVE ( 2, ( #8170, #9891, #661 ),
 .UNSPECIFIED., .F., .F. ) 
 B_SPLINE_CURVE_WITH_KNOTS ( ( 3, 3 ),
 ( 0.000000000000000000, 0.2442381172378330079 ),
 .UNSPECIFIED. ) 
 CURVE ( )  GEOMETRIC_REPRESENTATION_ITEM ( )  RATIONAL_B_SPLINE_CURVE ( ( 1.000000000000000000, 1.015612364819010072, 1.021439453501929995 ) ) 
 REPRESENTATION_ITEM ( '' )  );
#2708 = DIRECTION ( 'NONE',  ( 0.000000000000000000, 1.000000000000000000, -1.526556658859589750E-16 ) ) ;
#2709 = VECTOR ( 'NONE', #6408, 1000.000000000000000 ) ;
#2710 = AXIS2_PLACEMENT_3D ( 'NONE', #860, #10397, #5720 ) ;
#2711 = ORIENTED_EDGE ( 'NONE', *, *, #10171, .F. ) ;
#2712 = DIRECTION ( 'NONE',  ( 4.216099887502999680E-14, 1.000000000000000000, 0.000000000000000000 ) ) ;
#2713 = CARTESIAN_POINT ( 'NONE',  ( 162.9233690774759964, -141.1360191526140113, 68.00152806032539843 ) ) ;
#2714 = DIRECTION ( 'NONE',  ( -0.9334193986512242525, 0.000000000000000000, 0.3587871600567484331 ) ) ;
#2715 = CARTESIAN_POINT ( 'NONE',  ( 110.6671133453899927, -124.3797640215114058, 62.75000000000000000 ) ) ;
#2716 = CARTESIAN_POINT ( 'NONE',  ( 135.2171131927750309, -148.4297640746490003, 103.7997837512839965 ) ) ;
#2717 = ADVANCED_FACE ( 'NONE', ( #6457 ), #3853, .T. ) ;
#2718 = VECTOR ( 'NONE', #5654, 1000.000000000000000 ) ;
#2719 = ORIENTED_EDGE ( 'NONE', *, *, #6837, .F. ) ;
#2720 = CARTESIAN_POINT ( 'NONE',  ( 134.5594572510000262, -140.5613786093710189, 109.3643617258189948 ) ) ;
#2721 = EDGE_CURVE ( 'NONE', #5757, #10329, #3603, .T. ) ;
#2722 = VERTEX_POINT ( 'NONE', #7499 ) ;
#2723 = CARTESIAN_POINT ( 'NONE',  ( 133.3490102926332099, -122.2965109939589325, 62.67435535457871509 ) ) ;
#2724 = EDGE_CURVE ( 'NONE', #3011, #3247, #2746, .T. ) ;
#2725 = DIRECTION ( 'NONE',  ( -1.000000000000000000, -9.644381700046828834E-17, -7.166576360129189239E-17 ) ) ;
#2726 = CARTESIAN_POINT ( 'NONE',  ( 160.5815754332673748, -120.9790145214417549, 59.17238786025087904 ) ) ;
#2727 = CARTESIAN_POINT ( 'NONE',  ( 161.5100065642035077, -119.4297640746489861, 81.20715713265379065 ) ) ;
#2728 = AXIS2_PLACEMENT_3D ( 'NONE', #3150, #5755, #10670 ) ;
#2729 = AXIS2_PLACEMENT_3D ( 'NONE', #1728, #4565, #5611 ) ;
#2730 = CARTESIAN_POINT ( 'NONE',  ( 162.8127760681570066, -142.3653431143516173, 52.19509934065289514 ) ) ;
#2731 = CARTESIAN_POINT ( 'NONE',  ( 120.2171133453892082, -149.2641735625590229, 64.75000000000000000 ) ) ;
#2732 = LINE ( 'NONE', #11295, #5352 ) ;
#2733 = EDGE_CURVE ( 'NONE', #10391, #1661, #965, .T. ) ;
#2734 = CARTESIAN_POINT ( 'NONE',  ( 162.8094094721379861, -148.4297640746490003, 102.0997837512840078 ) ) ;
#2735 = ORIENTED_EDGE ( 'NONE', *, *, #6572, .T. ) ;
#2736 = CYLINDRICAL_SURFACE ( 'NONE', #7335, 1.000000000000006217 ) ;
#2737 = CARTESIAN_POINT ( 'NONE',  ( 132.2171133453900040, -143.9497639741290129, 98.58985179697648960 ) ) ;
#2738 = ORIENTED_EDGE ( 'NONE', *, *, #7084, .T. ) ;
#2739 = VERTEX_POINT ( 'NONE', #7560 ) ;
#2740 = VECTOR ( 'NONE', #8902, 1000.000000000000000 ) ;
#2741 = DIRECTION ( 'NONE',  ( 0.000000000000000000, -1.000000000000000000, 0.000000000000000000 ) ) ;
#2742 = DIRECTION ( 'NONE',  ( 0.000000000000000000, 0.7071067811865405783, -0.7071067811865544561 ) ) ;
#2743 = VERTEX_POINT ( 'NONE', #7379 ) ;
#2744 = DIRECTION ( 'NONE',  ( 0.000000000000000000, 1.000000000000000000, -1.526556658859589750E-16 ) ) ;
#2745 = CARTESIAN_POINT ( 'NONE',  ( 134.2171133453900040, -127.9297640746490146, 68.99999991151649681 ) ) ;
#2746 = LINE ( 'NONE', #45, #10676 ) ;
#2747 = CARTESIAN_POINT ( 'NONE',  ( 135.6669467343540134, -153.4297640746490003, 71.34999974667979927 ) ) ;
#2748 = CARTESIAN_POINT ( 'NONE',  ( 130.2171133453899756, -148.4297640215247895, 62.25000000000000000 ) ) ;
#2749 = CARTESIAN_POINT ( 'NONE',  ( 163.4876018428179805, -114.8297640215109965, 50.25265112427589997 ) ) ;
#2750 = DIRECTION ( 'NONE',  ( 7.166576360129189239E-17, -1.526556658859589750E-16, -1.000000000000000000 ) ) ;
#2751 = VERTEX_POINT ( 'NONE', #8356 ) ;
#2752 = ORIENTED_EDGE ( 'NONE', *, *, #3015, .T. ) ;
#2753 = ORIENTED_EDGE ( 'NONE', *, *, #6416, .F. ) ;
#2754 = LINE ( 'NONE', #912, #9147 ) ;
#2755 = EDGE_CURVE ( 'NONE', #6095, #2701, #9452, .T. ) ;
#2756 = CARTESIAN_POINT ( 'NONE',  ( 138.0100065642029961, -134.2226572934619924, 67.99999991151649681 ) ) ;
#2757 = CARTESIAN_POINT ( 'NONE',  ( 160.2171131927750025, -148.2297640746490117, 103.7997837512839965 ) ) ;
#2758 = DIRECTION ( 'NONE',  ( -1.000000000000000000, 0.000000000000000000, 0.000000000000000000 ) ) ;
#2759 = ORIENTED_EDGE ( 'NONE', *, *, #3994, .F. ) ;
#2760 = FACE_OUTER_BOUND ( 'NONE', #6536, .T. ) ;
#2761 = VERTEX_POINT ( 'NONE', #12116 ) ;
#2762 = ORIENTED_EDGE ( 'NONE', *, *, #6447, .T. ) ;
#2763 = DIRECTION ( 'NONE',  ( 1.656711940836400129E-15, 1.000000000000000000, -1.656711940836565001E-15 ) ) ;
#2764 = VERTEX_POINT ( 'NONE', #10200 ) ;
#2765 = EDGE_LOOP ( 'NONE', ( #5896, #7034, #1335, #10517 ) ) ;
#2766 = FACE_OUTER_BOUND ( 'NONE', #486, .T. ) ;
#2767 = EDGE_CURVE ( 'NONE', #3425, #3438, #5465, .T. ) ;
#2768 = EDGE_CURVE ( 'NONE', #591, #9742, #1022, .T. ) ;
#2769 = CARTESIAN_POINT ( 'NONE',  ( 132.2171133453900040, -135.4297640746490288, 86.22859850441399487 ) ) ;
#2770 = DIRECTION ( 'NONE',  ( 2.602085213964869829E-17, 1.000000000000000000, -1.526556658859589750E-16 ) ) ;
#2771 = LINE ( 'NONE', #1105, #10766 ) ;
#2772 = EDGE_CURVE ( 'NONE', #4578, #7307, #7830, .T. ) ;
#2773 = CARTESIAN_POINT ( 'NONE',  ( 162.7134173865341893, -140.5046338449398888, 69.71217828941148298 ) ) ;
#2774 = VECTOR ( 'NONE', #4666, 1000.000000000000000 ) ;
#2775 = ORIENTED_EDGE ( 'NONE', *, *, #9585, .T. ) ;
#2776 = DIRECTION ( 'NONE',  ( -1.000000000000000000, -2.613415509273755045E-19, -3.795365069985939951E-10 ) ) ;
#2777 = ORIENTED_EDGE ( 'NONE', *, *, #2497, .T. ) ;
#2778 = DIRECTION ( 'NONE',  ( -0.7071067811863189778, 0.000000000000000000, 0.7071067811867760566 ) ) ;
#2779 = ORIENTED_EDGE ( 'NONE', *, *, #2496, .F. ) ;
#2780 = CARTESIAN_POINT ( 'NONE',  ( 134.7589016241614388, -120.8865512784481808, 61.55659731960582093 ) ) ;
#2781 = DIRECTION ( 'NONE',  ( 1.000000000000000000, 0.000000000000000000, 0.000000000000000000 ) ) ;
#2782 = CIRCLE ( 'NONE', #8684, 0.5999999999999894307 ) ;
#2783 = EDGE_CURVE ( 'NONE', #10527, #567, #9936, .T. ) ;
#2784 = FACE_OUTER_BOUND ( 'NONE', #9203, .T. ) ;
#2785 = EDGE_CURVE ( 'NONE', #6015, #3031, #6370, .T. ) ;
#2786 = LINE ( 'NONE', #1059, #4446 ) ;
#2787 = DIRECTION ( 'NONE',  ( -0.7071067811865580088, 0.7071067811865370256, 6.161737786669620377E-15 ) ) ;
#2788 = ADVANCED_FACE ( 'NONE', ( #103 ), #4667, .T. ) ;
#2789 = FACE_OUTER_BOUND ( 'NONE', #9745, .T. ) ;
#2790 = B_SPLINE_CURVE_WITH_KNOTS ( 'NONE', 3,
 ( #555, #6225, #5296, #614, #8121, #10953 ),
 .UNSPECIFIED., .F., .F.,
 ( 4, 2, 4 ),
 ( 0.000000000000000000, 0.5000000000000000000, 1.000000000000000000 ),
 .UNSPECIFIED. ) ;
#2791 = EDGE_CURVE ( 'NONE', #10232, #9580, #6579, .T. ) ;
#2792 = CARTESIAN_POINT ( 'NONE',  ( 163.2171132912669975, -142.4297640746490003, 81.50005036615961274 ) ) ;
#2793 = DIRECTION ( 'NONE',  ( 3.159141067834900288E-38, -6.573933234426810631E-15, 1.000000000000000000 ) ) ;
#2794 = AXIS2_PLACEMENT_3D ( 'NONE', #6405, #6293, #7272 ) ;
#2795 = VERTEX_POINT ( 'NONE', #1704 ) ;
#2796 = CARTESIAN_POINT ( 'NONE',  ( 122.2171131963781932, -140.4262129510826185, 62.75000000000000000 ) ) ;
#2797 = LINE ( 'NONE', #9444, #2920 ) ;
#2798 = ORIENTED_EDGE ( 'NONE', *, *, #11320, .F. ) ;
#2799 = VERTEX_POINT ( 'NONE', #9216 ) ;
#2800 = CARTESIAN_POINT ( 'NONE',  ( 132.4980879767500141, -114.6989756610149982, 57.54701089960399685 ) ) ;
#2801 = CARTESIAN_POINT ( 'NONE',  ( 168.6298797530100160, -114.6297640215111926, 57.75000000000000000 ) ) ;
#2802 = VERTEX_POINT ( 'NONE', #1884 ) ;
#2803 = EDGE_CURVE ( 'NONE', #3428, #4563, #2616, .T. ) ;
#2804 = FACE_OUTER_BOUND ( 'NONE', #9266, .T. ) ;
#2805 = CARTESIAN_POINT ( 'NONE',  ( 134.2171133453900040, -138.0155505122760076, 66.99999991151649681 ) ) ;
#2806 = EDGE_CURVE ( 'NONE', #4557, #8332, #11311, .T. ) ;
#2807 = DIRECTION ( 'NONE',  ( -0.7071067809181789121, 0.000000000000000000, -0.7071067814549162334 ) ) ;
#2808 = FACE_OUTER_BOUND ( 'NONE', #688, .T. ) ;
#2809 = CARTESIAN_POINT ( 'NONE',  ( 175.2067204787295509, -149.4401568957624988, 105.4430725674860412 ) ) ;
#2810 = DIRECTION ( 'NONE',  ( 1.000000000000000000, 0.000000000000000000, 0.000000000000000000 ) ) ;
#2811 = B_SPLINE_CURVE_WITH_KNOTS ( 'NONE', 3,
 ( #3217, #6987, #9812, #10733, #10614, #5019 ),
 .UNSPECIFIED., .F., .F.,
 ( 4, 2, 4 ),
 ( 0.000000000000000000, 0.5000000000000000000, 1.000000000000000000 ),
 .UNSPECIFIED. ) ;
#2812 = CARTESIAN_POINT ( 'NONE',  ( 125.4555982874533981, -137.4261365246752007, 53.38549640900540538 ) ) ;
#2813 = AXIS2_PLACEMENT_3D ( 'NONE', #1276, #10694, #7931 ) ;
#2814 = ORIENTED_EDGE ( 'NONE', *, *, #5824, .T. ) ;
#2815 = ORIENTED_EDGE ( 'NONE', *, *, #1414, .T. ) ;
#2816 = EDGE_LOOP ( 'NONE', ( #4334, #6506, #4794, #4346 ) ) ;
#2817 = ADVANCED_FACE ( 'NONE', ( #8297 ), #7673, .F. ) ;
#2818 = DIRECTION ( 'NONE',  ( -0.7071067809181789121, 0.000000000000000000, -0.7071067814549162334 ) ) ;
#2819 = DIRECTION ( 'NONE',  ( -2.602085213964869829E-17, -1.000000000000000000, 1.526556658859589750E-16 ) ) ;
#2820 = DIRECTION ( 'NONE',  ( -1.000000000000000000, 0.000000000000000000, 0.000000000000000000 ) ) ;
#2821 = CARTESIAN_POINT ( 'NONE',  ( 162.3217170650740115, -114.8297640215111954, 53.60858519209980244 ) ) ;
#2822 = EDGE_LOOP ( 'NONE', ( #5289, #3198, #3660, #7813 ) ) ;
#2823 = DIRECTION ( 'NONE',  ( 2.602085213964869829E-17, 1.000000000000000000, -1.526556658859589750E-16 ) ) ;
#2824 = ORIENTED_EDGE ( 'NONE', *, *, #8385, .T. ) ;
#2825 = VERTEX_POINT ( 'NONE', #10500 ) ;
#2826 = FACE_OUTER_BOUND ( 'NONE', #1410, .T. ) ;
#2827 = ORIENTED_EDGE ( 'NONE', *, *, #11992, .T. ) ;
#2828 = VECTOR ( 'NONE', #8697, 1000.000000000000114 ) ;
#2829 = ORIENTED_EDGE ( 'NONE', *, *, #5180, .T. ) ;
#2830 = LINE ( 'NONE', #8503, #4308 ) ;
#2831 = DIRECTION ( 'NONE',  ( -1.000000000000000000, 2.602085213965009729E-17, 8.810118433399840573E-15 ) ) ;
#2832 = CARTESIAN_POINT ( 'NONE',  ( 163.2171133453901177, -136.4297640746490003, 70.73123880945165354 ) ) ;
#2833 = CARTESIAN_POINT ( 'NONE',  ( 132.3255008394324079, -148.4297640215247895, 62.66078637172618926 ) ) ;
#2834 = AXIS2_PLACEMENT_3D ( 'NONE', #6153, #9895, #9152 ) ;
#2835 = CARTESIAN_POINT ( 'NONE',  ( 162.7106290816784622, -140.4962569927872664, 69.71606637546156549 ) ) ;
#2836 = ORIENTED_EDGE ( 'NONE', *, *, #2570, .T. ) ;
#2837 = LINE ( 'NONE', #3706, #6353 ) ;
#2838 = ADVANCED_FACE ( 'NONE', ( #3162 ), #7916, .F. ) ;
#2839 = VERTEX_POINT ( 'NONE', #4904 ) ;
#2840 = B_SPLINE_CURVE_WITH_KNOTS ( 'NONE', 3,
 ( #8956, #7919, #6879, #2131 ),
 .UNSPECIFIED., .F., .F.,
 ( 4, 4 ),
 ( 0.000000000000000000, 1.000000000000000000 ),
 .UNSPECIFIED. ) ;
#2841 = CARTESIAN_POINT ( 'NONE',  ( 134.1483379300970000, -140.4297636759210093, 107.3643376906800029 ) ) ;
#2842 = VERTEX_POINT ( 'NONE', #2128 ) ;
#2843 = CARTESIAN_POINT ( 'NONE',  ( 134.0655136687880429, -121.5740107339549638, 62.31070379655480451 ) ) ;
#2844 = VECTOR ( 'NONE', #9547, 1000.000000000000000 ) ;
#2845 = CARTESIAN_POINT ( 'NONE',  ( 162.2171133453900040, -135.4297640746490288, 71.99999985651460577 ) ) ;
#2846 = DIRECTION ( 'NONE',  ( -7.091018223718018616E-17, 0.02796071685984100053, 0.9996090227247269588 ) ) ;
#2847 = CARTESIAN_POINT ( 'NONE',  ( 175.2171132998449821, -153.4297640746490003, 100.7500000000290044 ) ) ;
#2848 = CARTESIAN_POINT ( 'NONE',  ( 132.2171133453900040, -148.6847640474429966, 80.50005035146709531 ) ) ;
#2849 = DIRECTION ( 'NONE',  ( -1.000000000000000000, 0.000000000000000000, 0.000000000000000000 ) ) ;
#2850 = PRESENTATION_LAYER_ASSIGNMENT (  '', '', ( #3242 ) ) ;
#2851 = DIRECTION ( 'NONE',  ( 2.178471594150924982E-16, -1.000000000000000000, -6.605167180779930722E-15 ) ) ;
#2852 = CARTESIAN_POINT ( 'NONE',  ( 162.0209365267924966, -114.8297640215111954, 54.47436513418860216 ) ) ;
#2853 = EDGE_CURVE ( 'NONE', #2932, #11160, #6935, .T. ) ;
#2854 = ORIENTED_EDGE ( 'NONE', *, *, #6430, .F. ) ;
#2855 = LINE ( 'NONE', #3837, #8313 ) ;
#2856 = CARTESIAN_POINT ( 'NONE',  ( 132.2171133453900040, -153.4297640746490003, 102.4571970973120045 ) ) ;
#2857 = ORIENTED_EDGE ( 'NONE', *, *, #12075, .T. ) ;
#2858 = ORIENTED_EDGE ( 'NONE', *, *, #4539, .F. ) ;
#2859 = LINE ( 'NONE', #5701, #5620 ) ;
#2860 = ADVANCED_FACE ( 'NONE', ( #11668 ), #3106, .F. ) ;
#2861 = DIRECTION ( 'NONE',  ( -4.664896225277170639E-15, 1.000000000000000000, 6.633052400461320667E-15 ) ) ;
#2862 = ORIENTED_EDGE ( 'NONE', *, *, #11593, .T. ) ;
#2863 = CIRCLE ( 'NONE', #5034, 0.9999999999999964473 ) ;
#2864 = VECTOR ( 'NONE', #7494, 1000.000000000000000 ) ;
#2865 = CARTESIAN_POINT ( 'NONE',  ( 174.2171133453904872, -149.8297640215157855, 62.75000000003060308 ) ) ;
#2866 = LINE ( 'NONE', #8236, #2582 ) ;
#2867 = CARTESIAN_POINT ( 'NONE',  ( 164.2171132912669691, -136.4297640746490288, 81.50005036068620257 ) ) ;
#2868 = FACE_OUTER_BOUND ( 'NONE', #7136, .T. ) ;
#2869 = CARTESIAN_POINT ( 'NONE',  ( 175.2171133453905156, -149.4193518720470024, 62.24960223581899044 ) ) ;
#2870 = DIRECTION ( 'NONE',  ( 2.602085213964869829E-17, 1.000000000000000000, -1.526556658859589750E-16 ) ) ;
#2871 = VECTOR ( 'NONE', #5746, 1000.000000000000000 ) ;
#2872 = COLOUR_RGB ( '',0.1882352941176470562, 0.2313725490196078538, 0.5882352941176470784 ) ;
#2873 = DIRECTION ( 'NONE',  ( -0.3198345585774038935, -0.2239505688958659257, -0.9206258728880126752 ) ) ;
#2874 = EDGE_CURVE ( 'NONE', #1774, #2641, #1079, .T. ) ;
#2875 = VERTEX_POINT ( 'NONE', #4095 ) ;
#2876 = ORIENTED_EDGE ( 'NONE', *, *, #1766, .T. ) ;
#2877 = EDGE_CURVE ( 'NONE', #207, #2611, #9575, .T. ) ;
#2878 = ORIENTED_EDGE ( 'NONE', *, *, #1441, .T. ) ;
#2879 = SURFACE_STYLE_USAGE ( .BOTH. , #6762 ) ;
#2880 = CARTESIAN_POINT ( 'NONE',  ( 160.2171133453899756, -140.9397639861740004, 93.86432591835850303 ) ) ;
#2881 = LINE ( 'NONE', #2821, #6062 ) ;
#2882 = ORIENTED_EDGE ( 'NONE', *, *, #2659, .T. ) ;
#2883 = DIRECTION ( 'NONE',  ( 7.166576360129189239E-17, -1.526556658859589750E-16, -1.000000000000000000 ) ) ;
#2884 = EDGE_CURVE ( 'NONE', #4080, #10845, #161, .T. ) ;
#2885 = ORIENTED_EDGE ( 'NONE', *, *, #10685, .F. ) ;
#2886 = ORIENTED_EDGE ( 'NONE', *, *, #3518, .F. ) ;
#2887 = AXIS2_PLACEMENT_3D ( 'NONE', #8840, #10861, #2363 ) ;
#2888 = EDGE_LOOP ( 'NONE', ( #6958, #6615 ) ) ;
#2889 = VERTEX_POINT ( 'NONE', #9516 ) ;
#2890 = CARTESIAN_POINT ( 'NONE',  ( 137.5268364872669906, -140.4297640215119998, 114.2143259181419950 ) ) ;
#2891 = DIRECTION ( 'NONE',  ( 0.000000000000000000, -1.000000000000000000, 1.526556658859589750E-16 ) ) ;
#2892 = AXIS2_PLACEMENT_3D ( 'NONE', #3285, #466, #10808 ) ;
#2893 = CARTESIAN_POINT ( 'NONE',  ( 136.7171133453900040, -138.8513368967660142, 80.50005037337290048 ) ) ;
#2894 = VECTOR ( 'NONE', #128, 1000.000000000000000 ) ;
#2895 = CARTESIAN_POINT ( 'NONE',  ( 173.2171134944019855, -148.4297640215243916, 62.75000000000000000 ) ) ;
#2896 = ORIENTED_EDGE ( 'NONE', *, *, #4916, .T. ) ;
#2897 = LINE ( 'NONE', #6672, #7526 ) ;
#2898 = ORIENTED_EDGE ( 'NONE', *, *, #3849, .T. ) ;
#2899 = DIRECTION ( 'NONE',  ( -2.306585705377189710E-17, 1.000000000000000000, 7.120231900453549156E-17 ) ) ;
#2900 = CIRCLE ( 'NONE', #8416, 1.700000000000007061 ) ;
#2901 = ORIENTED_EDGE ( 'NONE', *, *, #5180, .F. ) ;
#2902 = DIRECTION ( 'NONE',  ( -0.8191520442889919096, 0.5735764363510458264, 0.000000000000000000 ) ) ;
#2903 = DIRECTION ( 'NONE',  ( -0.4397326120323201692, 0.1821432117215256996, -0.8794652240646019248 ) ) ;
#2904 = LINE ( 'NONE', #6558, #11530 ) ;
#2905 = EDGE_CURVE ( 'NONE', #655, #10084, #5090, .T. ) ;
#2906 = CARTESIAN_POINT ( 'NONE',  ( 162.8269449219380078, -114.8297640215111954, 57.67765335951249739 ) ) ;
#2907 = CIRCLE ( 'NONE', #12173, 0.9999999999999964473 ) ;
#2908 = DIRECTION ( 'NONE',  ( -3.386353399394419756E-16, 1.000000000000000000, 6.503570184326940775E-15 ) ) ;
#2909 = AXIS2_PLACEMENT_3D ( 'NONE', #10022, #11063, #2621 ) ;
#2910 = CARTESIAN_POINT ( 'NONE',  ( 135.2171133453900040, -140.4297640215119998, 99.62127529437108819 ) ) ;
#2911 = CARTESIAN_POINT ( 'NONE',  ( 158.5171131927750139, -148.0297640746490231, 102.0997837512840078 ) ) ;
#2912 = ORIENTED_EDGE ( 'NONE', *, *, #6195, .F. ) ;
#2913 = CARTESIAN_POINT ( 'NONE',  ( 160.5100065642035077, -119.4297640746489861, 67.29289313032980147 ) ) ;
#2914 = CARTESIAN_POINT ( 'NONE',  ( 123.5677102615069884, -152.7803609907660132, 100.1005969161430045 ) ) ;
#2915 = ORIENTED_EDGE ( 'NONE', *, *, #1666, .T. ) ;
#2916 = ORIENTED_EDGE ( 'NONE', *, *, #4759, .T. ) ;
#2917 = CARTESIAN_POINT ( 'NONE',  ( 174.8171133453904815, -114.4297640215112040, 62.24960223581919649 ) ) ;
#2918 = CARTESIAN_POINT ( 'NONE',  ( 161.9171131927750196, -148.4297640746490003, 105.4997837512840135 ) ) ;
#2919 = ORIENTED_EDGE ( 'NONE', *, *, #3465, .F. ) ;
#2920 = VECTOR ( 'NONE', #3597, 1000.000000000000000 ) ;
#2921 = LINE ( 'NONE', #4958, #6808 ) ;
#2922 = ADVANCED_FACE ( 'NONE', ( #3040 ), #9115, .F. ) ;
#2923 = DIRECTION ( 'NONE',  ( 1.070962509852519958E-16, -1.526556658859589750E-16, -1.000000000000000000 ) ) ;
#2924 = PLANE ( 'NONE',  #11862 ) ;
#2925 = ADVANCED_FACE ( 'NONE', ( #10561 ), #6006, .T. ) ;
#2926 = LINE ( 'NONE', #2748, #1853 ) ;
#2927 = LINE ( 'NONE', #5892, #11754 ) ;
#2928 = VECTOR ( 'NONE', #3003, 1000.000000000000114 ) ;
#2929 = DIRECTION ( 'NONE',  ( -1.000000000000000000, 0.000000000000000000, 0.000000000000000000 ) ) ;
#2930 = ORIENTED_EDGE ( 'NONE', *, *, #2089, .F. ) ;
#2931 = ORIENTED_EDGE ( 'NONE', *, *, #2617, .F. ) ;
#2932 = VERTEX_POINT ( 'NONE', #4845 ) ;
#2933 = DIRECTION ( 'NONE',  ( 1.000000000000000000, -3.480590576041360211E-15, -4.666241877321180938E-16 ) ) ;
#2934 = ADVANCED_FACE ( 'NONE', ( #11423 ), #9693, .F. ) ;
#2935 = PRESENTATION_LAYER_ASSIGNMENT (  '', '', ( #4907 ) ) ;
#2936 = DIRECTION ( 'NONE',  ( 2.602085213964869829E-17, 1.000000000000000000, -1.526556658859589750E-16 ) ) ;
#2937 = EDGE_CURVE ( 'NONE', #8069, #745, #8716, .T. ) ;
#2938 = CARTESIAN_POINT ( 'NONE',  ( 163.0571133453900075, -153.4297640746490003, 66.54898615365620174 ) ) ;
#2939 = CARTESIAN_POINT ( 'NONE',  ( 139.1025978581049856, -140.4297705845669952, 105.3679489095639923 ) ) ;
#2940 = ADVANCED_FACE ( 'NONE', ( #5765 ), #4027, .T. ) ;
#2942 = EDGE_CURVE ( 'NONE', #6780, #6861, #6875, .T. ) ;
#2941 = EDGE_LOOP ( 'NONE', ( #2217, #3393, #2759, #5411 ) ) ;
#2943 = CARTESIAN_POINT ( 'NONE',  ( 160.2171131927750025, -148.4297640746490003, 103.7997837512839965 ) ) ;
#2944 = ORIENTED_EDGE ( 'NONE', *, *, #2874, .F. ) ;
#2945 = ORIENTED_EDGE ( 'NONE', *, *, #301, .T. ) ;
#2946 = ORIENTED_EDGE ( 'NONE', *, *, #6039, .F. ) ;
#2947 = ORIENTED_EDGE ( 'NONE', *, *, #2548, .T. ) ;
#2948 = CARTESIAN_POINT ( 'NONE',  ( 135.2171133453900040, -119.4297640746489861, 99.26432591814190687 ) ) ;
#2949 = EDGE_CURVE ( 'NONE', #11142, #5907, #1261, .T. ) ;
#2950 = LINE ( 'NONE', #5679, #10148 ) ;
#2951 = DIRECTION ( 'NONE',  ( -4.664896225277170639E-15, 1.000000000000000000, 6.633052400461320667E-15 ) ) ;
#2952 = CARTESIAN_POINT ( 'NONE',  ( 172.4131734971038554, -121.0526539574521223, 55.63033466282681871 ) ) ;
#2953 = EDGE_CURVE ( 'NONE', #5758, #6235, #7855, .T. ) ;
#2954 = ORIENTED_EDGE ( 'NONE', *, *, #7690, .T. ) ;
#2955 = DIRECTION ( 'NONE',  ( -4.120435842910679178E-17, 4.120435842910839415E-17, 1.000000000000000000 ) ) ;
#2956 = ORIENTED_EDGE ( 'NONE', *, *, #10901, .F. ) ;
#2957 = CARTESIAN_POINT ( 'NONE',  ( 122.7165570233109833, -149.1180152408723529, 54.91243863503818545 ) ) ;
#2958 = ORIENTED_EDGE ( 'NONE', *, *, #5437, .T. ) ;
#2959 = CARTESIAN_POINT ( 'NONE',  ( 134.2171133453900040, -127.9297640746490146, 66.99999991151649681 ) ) ;
#2960 = CARTESIAN_POINT ( 'NONE',  ( 163.2171132645240164, -119.4297640746489861, 70.99999985651450629 ) ) ;
#2961 = EDGE_CURVE ( 'NONE', #3807, #2875, #8952, .T. ) ;
#2962 = AXIS2_PLACEMENT_3D ( 'NONE', #9753, #6696, #1077 ) ;
#2963 = LINE ( 'NONE', #6736, #1714 ) ;
#2964 = DIRECTION ( 'NONE',  ( 2.602085213964869829E-17, 1.000000000000000000, -1.526556658859589750E-16 ) ) ;
#2965 = CARTESIAN_POINT ( 'NONE',  ( 132.4268364872669963, -140.4297640215119998, 114.2143259181419950 ) ) ;
#2966 = DIRECTION ( 'NONE',  ( -3.480590576041360211E-15, -1.000000000000000000, 1.074295325692379890E-17 ) ) ;
#2967 = ORIENTED_EDGE ( 'NONE', *, *, #1414, .F. ) ;
#2968 = DIRECTION ( 'NONE',  ( 4.727417165305209819E-14, 4.052677489049489696E-14, -1.000000000000000000 ) ) ;
#2969 = CARTESIAN_POINT ( 'NONE',  ( 134.8495688774236783, -138.6480060443096818, 67.55278631601652251 ) ) ;
#2970 = VECTOR ( 'NONE', #1807, 1000.000000000000000 ) ;
#2971 = ORIENTED_EDGE ( 'NONE', *, *, #11539, .F. ) ;
#2972 = EDGE_LOOP ( 'NONE', ( #2945, #11344, #10415, #9950 ) ) ;
#2973 = CARTESIAN_POINT ( 'NONE',  ( 132.7235968757799185, -140.4962569477129364, 67.28393290905020763 ) ) ;
#2974 = CARTESIAN_POINT ( 'NONE',  ( 136.9171131927749911, -148.0297640746490231, 102.0997837512840078 ) ) ;
#2975 = ORIENTED_EDGE ( 'NONE', *, *, #7611, .T. ) ;
#2976 = LINE ( 'NONE', #9630, #6216 ) ;
#2977 = FACE_OUTER_BOUND ( 'NONE', #716, .T. ) ;
#2978 = AXIS2_PLACEMENT_3D ( 'NONE', #2426, #9138, #8034 ) ;
#2979 = DIRECTION ( 'NONE',  ( 0.000000000000000000, 1.000000000000000000, -2.366582715663040321E-30 ) ) ;
#2980 = CARTESIAN_POINT ( 'NONE',  ( 121.2171133453899898, -140.4297640215119998, 102.7500000000290044 ) ) ;
#2981 = LINE ( 'NONE', #9578, #4069 ) ;
#2982 = DIRECTION ( 'NONE',  ( 0.000000000000000000, -1.000000000000000000, 0.000000000000000000 ) ) ;
#2983 = EDGE_CURVE ( 'NONE', #1701, #7637, #10740, .T. ) ;
#2984 = EDGE_CURVE ( 'NONE', #567, #3787, #6995, .T. ) ;
#2985 = EDGE_LOOP ( 'NONE', ( #9654, #1172, #4321, #9656 ) ) ;
#2986 = ORIENTED_EDGE ( 'NONE', *, *, #7150, .F. ) ;
#2987 = ORIENTED_EDGE ( 'NONE', *, *, #8522, .F. ) ;
#2988 = AXIS2_PLACEMENT_3D ( 'NONE', #10651, #2095, #4061 ) ;
#2989 = VECTOR ( 'NONE', #3723, 1000.000000000000000 ) ;
#2990 = FILL_AREA_STYLE_COLOUR ( '', #6208 ) ;
#2991 = FACE_OUTER_BOUND ( 'NONE', #3134, .T. ) ;
#2992 = PLANE ( 'NONE',  #8122 ) ;
#2993 = CARTESIAN_POINT ( 'NONE',  ( 163.1867387273269969, -133.4028689281082052, 51.11866876023839978 ) ) ;
#2994 = AXIS2_PLACEMENT_3D ( 'NONE', #8929, #1548, #3195 ) ;
#2995 = VERTEX_POINT ( 'NONE', #11915 ) ;
#2996 = CARTESIAN_POINT ( 'NONE',  ( 160.2171131927750025, -148.0297640746490231, 103.7997837512839965 ) ) ;
#2997 = EDGE_CURVE ( 'NONE', #8394, #10896, #1632, .T. ) ;
#2998 = EDGE_LOOP ( 'NONE', ( #4659, #2627, #5578, #11773 ) ) ;
#2999 = ORIENTED_EDGE ( 'NONE', *, *, #12055, .T. ) ;
#3000 = EDGE_LOOP ( 'NONE', ( #473, #5675, #2699, #1409 ) ) ;
#3001 = CARTESIAN_POINT ( 'NONE',  ( 164.1583628191301329, -133.3507426882382561, 54.32916630688096404 ) ) ;
#3002 = ADVANCED_FACE ( 'NONE', ( #6075 ), #5145, .T. ) ;
#3003 = DIRECTION ( 'NONE',  ( -2.145924504042759726E-07, -2.327875785249839587E-16, -0.9999999999999769074 ) ) ;
#3004 = VECTOR ( 'NONE', #2620, 1000.000000000000000 ) ;
#3005 = FACE_OUTER_BOUND ( 'NONE', #6170, .T. ) ;
#3006 = CARTESIAN_POINT ( 'NONE',  ( 135.3308413625344144, -142.0675742638916290, 110.3643259181410059 ) ) ;
#3007 = CARTESIAN_POINT ( 'NONE',  ( 134.8866450717220005, -141.1010276121810136, 110.4199042041929886 ) ) ;
#3008 = ORIENTED_EDGE ( 'NONE', *, *, #3136, .T. ) ;
#3009 = DIRECTION ( 'NONE',  ( -1.000000000000000000, 0.000000000000000000, 0.000000000000000000 ) ) ;
#3010 = CIRCLE ( 'NONE', #9513, 2.500000000000002220 ) ;
#3011 = VERTEX_POINT ( 'NONE', #3466 ) ;
#3012 = CARTESIAN_POINT ( 'NONE',  ( 170.5145437063658562, -147.7581788721652458, 53.78243126740768076 ) ) ;
#3013 = EDGE_CURVE ( 'NONE', #6770, #2386, #9817, .T. ) ;
#3014 = VERTEX_POINT ( 'NONE', #10004 ) ;
#3015 = EDGE_CURVE ( 'NONE', #3141, #8675, #9075, .T. ) ;
#3016 = CARTESIAN_POINT ( 'NONE',  ( 128.7171133751922127, -114.4297640215114029, 59.25000000000000000 ) ) ;
#3017 = DIRECTION ( 'NONE',  ( 7.823253522622061261E-15, 1.526556658859589750E-16, 1.000000000000000000 ) ) ;
#3018 = ORIENTED_EDGE ( 'NONE', *, *, #12140, .T. ) ;
#3019 = VECTOR ( 'NONE', #3639, 1000.000000000000114 ) ;
#3020 = CARTESIAN_POINT ( 'NONE',  ( 124.2171133453900040, -149.8297640215160129, 64.75000000000000000 ) ) ;
#3021 =( BOUNDED_CURVE ( )  B_SPLINE_CURVE ( 3, ( #906, #9456, #8422, #848 ),
 .UNSPECIFIED., .F., .F. ) 
 B_SPLINE_CURVE_WITH_KNOTS ( ( 4, 4 ),
 ( 4.712388980384670134, 5.497787143782139729 ),
 .UNSPECIFIED. ) 
 CURVE ( )  GEOMETRIC_REPRESENTATION_ITEM ( )  RATIONAL_B_SPLINE_CURVE ( ( 1.000000000000000000, 0.9492530216741890126, 0.9492530216741890126, 1.000000000000000000 ) ) 
 REPRESENTATION_ITEM ( '' )  );
#3022 = CARTESIAN_POINT ( 'NONE',  ( 161.2171133453899756, -119.4297640746489861, 80.50005035146730847 ) ) ;
#3023 = DIRECTION ( 'NONE',  ( 1.000000000000000000, 0.000000000000000000, 0.000000000000000000 ) ) ;
#3024 = FACE_OUTER_BOUND ( 'NONE', #9173, .T. ) ;
#3025 = DIRECTION ( 'NONE',  ( 2.602085213964869829E-17, 1.000000000000000000, -1.526556658859589750E-16 ) ) ;
#3026 = VERTEX_POINT ( 'NONE', #1389 ) ;
#3027 = CIRCLE ( 'NONE', #7961, 0.5899999999999873124 ) ;
#3028 = ORIENTED_EDGE ( 'NONE', *, *, #6947, .F. ) ;
#3029 = CARTESIAN_POINT ( 'NONE',  ( 134.2171133453900040, -138.0155505122760076, 68.99999991151649681 ) ) ;
#3030 = EDGE_CURVE ( 'NONE', #1283, #7823, #6259, .T. ) ;
#3031 = VERTEX_POINT ( 'NONE', #7241 ) ;
#3032 = CARTESIAN_POINT ( 'NONE',  ( 163.2171133453900040, -136.4297640746490288, 80.50005035808560194 ) ) ;
#3033 = ORIENTED_EDGE ( 'NONE', *, *, #6430, .T. ) ;
#3034 = LINE ( 'NONE', #7726, #8488 ) ;
#3035 = ORIENTED_EDGE ( 'NONE', *, *, #9018, .T. ) ;
#3036 = DIRECTION ( 'NONE',  ( 0.7071067811865475727, -0.7071067811865475727, 0.000000000000000000 ) ) ;
#3037 = CIRCLE ( 'NONE', #1076, 0.5999999999999894307 ) ;
#3038 = CARTESIAN_POINT ( 'NONE',  ( 163.2171133453904872, -114.4297640215112040, 58.75000011920939613 ) ) ;
#3039 = CARTESIAN_POINT ( 'NONE',  ( 161.2171133453899756, -138.0155505122760076, 68.99999991151629786 ) ) ;
#3040 = FACE_OUTER_BOUND ( 'NONE', #2628, .T. ) ;
#3041 = DIRECTION ( 'NONE',  ( 0.000000000000000000, -1.000000000000000000, -6.573933234426810631E-15 ) ) ;
#3042 = CARTESIAN_POINT ( 'NONE',  ( 134.2171133453900040, -127.9297640746490146, 67.99999991151649681 ) ) ;
#3043 = LINE ( 'NONE', #8783, #9403 ) ;
#3044 = ORIENTED_EDGE ( 'NONE', *, *, #4225, .F. ) ;
#3045 = VERTEX_POINT ( 'NONE', #10987 ) ;
#3046 = CARTESIAN_POINT ( 'NONE',  ( 165.2171133453904872, -144.0488782002692005, 62.25000000000000000 ) ) ;
#3047 = VECTOR ( 'NONE', #3863, 1000.000000000000000 ) ;
#3048 = VECTOR ( 'NONE', #6478, 1000.000000000000000 ) ;
#3049 = ORIENTED_EDGE ( 'NONE', *, *, #12141, .F. ) ;
#3050 = DIRECTION ( 'NONE',  ( 1.000000000000000000, -3.683226109728400325E-15, 7.166576360129239776E-17 ) ) ;
#3051 = CARTESIAN_POINT ( 'NONE',  ( 135.2171133453900040, -119.4297640746489861, 98.51432591814179318 ) ) ;
#3052 = ADVANCED_FACE ( 'NONE', ( #9878 ), #868, .T. ) ;
#3053 = CIRCLE ( 'NONE', #7981, 1.000000000000006217 ) ;
#3054 = PRODUCT_DEFINITION_FORMATION_WITH_SPECIFIED_SOURCE ( 'ANY', '', #8571, .NOT_KNOWN. ) ;
#3055 = LINE ( 'NONE', #2143, #4092 ) ;
#3056 = DIRECTION ( 'NONE',  ( 1.000000000000000000, 0.000000000000000000, 0.000000000000000000 ) ) ;
#3057 = VERTEX_POINT ( 'NONE', #5390 ) ;
#3058 = LINE ( 'NONE', #6830, #1541 ) ;
#3059 = ORIENTED_EDGE ( 'NONE', *, *, #10757, .F. ) ;
#3060 = ORIENTED_EDGE ( 'NONE', *, *, #9408, .T. ) ;
#3061 = ORIENTED_EDGE ( 'NONE', *, *, #9215, .F. ) ;
#3062 = VECTOR ( 'NONE', #7284, 999.9999999999997726 ) ;
#3063 = CONICAL_SURFACE ( 'NONE', #1298, 2.700000000000008171, 0.7853981633974702614 ) ;
#3064 = PLANE ( 'NONE',  #3322 ) ;
#3065 = DIRECTION ( 'NONE',  ( -1.000000000000000000, 0.000000000000000000, 0.000000000000000000 ) ) ;
#3066 = DIRECTION ( 'NONE',  ( -0.7071067811865709984, 0.000000000000000000, -0.7071067811865240360 ) ) ;
#3067 = EDGE_CURVE ( 'NONE', #6371, #3537, #4461, .T. ) ;
#3068 = CARTESIAN_POINT ( 'NONE',  ( 131.2758638716498751, -142.5750683474414870, 54.32916630688096404 ) ) ;
#3069 = AXIS2_PLACEMENT_3D ( 'NONE', #2091, #7757, #11512 ) ;
#3070 = ORIENTED_EDGE ( 'NONE', *, *, #7977, .F. ) ;
#3071 = EDGE_CURVE ( 'NONE', #1755, #10256, #2547, .T. ) ;
#3072 = CARTESIAN_POINT ( 'NONE',  ( 161.2171133453899756, -138.0155505122760076, 67.99999991151629786 ) ) ;
#3073 = ORIENTED_EDGE ( 'NONE', *, *, #4444, .T. ) ;
#3074 = DIRECTION ( 'NONE',  ( 1.000000000000000000, 0.000000000000000000, 1.224646799147351975E-16 ) ) ;
#3075 = ORIENTED_EDGE ( 'NONE', *, *, #5063, .T. ) ;
#3076 = CARTESIAN_POINT ( 'NONE',  ( 132.2183617864469909, -139.5998464671150145, 70.73221126645520940 ) ) ;
#3077 = AXIS2_PLACEMENT_3D ( 'NONE', #11554, #1081, #7676 ) ;
#3078 = CARTESIAN_POINT ( 'NONE',  ( 161.0846989896042487, -121.5769787726853366, 58.48090883923822503 ) ) ;
#3079 = CIRCLE ( 'NONE', #9768, 1.000000000000015987 ) ;
#3080 = EDGE_LOOP ( 'NONE', ( #3731, #6514, #4817 ) ) ;
#3081 = CARTESIAN_POINT ( 'NONE',  ( 163.0571133453899790, -152.9723504732989454, 67.07978435237527037 ) ) ;
#3082 = CARTESIAN_POINT ( 'NONE',  ( 132.2171133534549767, -142.4297640746490003, 81.50005035146759269 ) ) ;
#3083 = EDGE_CURVE ( 'NONE', #6304, #11558, #7116, .T. ) ;
#3084 = CARTESIAN_POINT ( 'NONE',  ( 121.2171129162049965, -140.4297640215119998, 100.7500000000290044 ) ) ;
#3085 = ADVANCED_FACE ( 'NONE', ( #10863 ), #9939, .F. ) ;
#3086 = CARTESIAN_POINT ( 'NONE',  ( 163.2171133453900040, -119.4297640746489861, 66.99999991151629786 ) ) ;
#3087 = LINE ( 'NONE', #8763, #10379 ) ;
#3088 = VECTOR ( 'NONE', #1094, 1000.000000000000000 ) ;
#3089 = ORIENTED_EDGE ( 'NONE', *, *, #7909, .F. ) ;
#3090 = AXIS2_PLACEMENT_3D ( 'NONE', #8938, #10721, #11592 ) ;
#3091 = VERTEX_POINT ( 'NONE', #3404 ) ;
#3092 = EDGE_CURVE ( 'NONE', #3350, #1283, #7178, .T. ) ;
#3093 = CARTESIAN_POINT ( 'NONE',  ( 121.1822452853583485, -150.3948960146175295, 108.7730463793269706 ) ) ;
#3094 = ORIENTED_EDGE ( 'NONE', *, *, #6649, .T. ) ;
#3095 = CARTESIAN_POINT ( 'NONE',  ( 132.9865647206445090, -139.7077518422327671, 67.05468250709876088 ) ) ;
#3096 = ORIENTED_EDGE ( 'NONE', *, *, #11180, .T. ) ;
#3097 = LINE ( 'NONE', #5940, #3354 ) ;
#3098 = VERTEX_POINT ( 'NONE', #2485 ) ;
#3099 =( BOUNDED_CURVE ( )  B_SPLINE_CURVE ( 3, ( #2405, #6178, #9920, #5244 ),
 .UNSPECIFIED., .F., .F. ) 
 B_SPLINE_CURVE_WITH_KNOTS ( ( 4, 4 ),
 ( 0.9332950502743160293, 1.564037455445230096 ),
 .UNSPECIFIED. ) 
 CURVE ( )  GEOMETRIC_REPRESENTATION_ITEM ( )  RATIONAL_B_SPLINE_CURVE ( ( 1.000000000000000000, 0.9671208724905299148, 0.9671208724905299148, 1.000000000000000000 ) ) 
 REPRESENTATION_ITEM ( '' )  );
#3100 = DIRECTION ( 'NONE',  ( -1.000000000000000000, 0.000000000000000000, 0.000000000000000000 ) ) ;
#3101 = CIRCLE ( 'NONE', #9793, 1.000000000000006217 ) ;
#3102 = AXIS2_PLACEMENT_3D ( 'NONE', #2337, #9843, #1417 ) ;
#3103 = CARTESIAN_POINT ( 'NONE',  ( 163.2171133453900040, -153.4297640746490003, 62.74999974667980496 ) ) ;
#3104 = CARTESIAN_POINT ( 'NONE',  ( 163.2171133453900040, -141.0252566916429942, 98.69164219418240691 ) ) ;
#3105 = EDGE_CURVE ( 'NONE', #10012, #7580, #6764, .T. ) ;
#3106 = PLANE ( 'NONE',  #9307 ) ;
#3107 = CARTESIAN_POINT ( 'NONE',  ( 174.7169522016930046, -135.1967472432701811, 64.75000000000000000 ) ) ;
#3108 = PLANE ( 'NONE',  #7037 ) ;
#3109 = CARTESIAN_POINT ( 'NONE',  ( 138.0808663299520163, -140.4297640215119998, 111.3643259181410059 ) ) ;
#3110 = CARTESIAN_POINT ( 'NONE',  ( 133.9421679410749846, -140.4297640215119998, 111.3643259181410059 ) ) ;
#3111 = AXIS2_PLACEMENT_3D ( 'NONE', #9506, #4083, #266 ) ;
#3112 = ORIENTED_EDGE ( 'NONE', *, *, #1869, .T. ) ;
#3113 = ORIENTED_EDGE ( 'NONE', *, *, #5525, .T. ) ;
#3114 = CARTESIAN_POINT ( 'NONE',  ( 132.8583090213540174, -139.4891250824349811, 66.96449424499870418 ) ) ;
#3115 = ORIENTED_EDGE ( 'NONE', *, *, #735, .T. ) ;
#3116 = CARTESIAN_POINT ( 'NONE',  ( 132.2171133453900040, -153.4297640746490003, 102.4571970973120045 ) ) ;
#3117 = CARTESIAN_POINT ( 'NONE',  ( 161.2171133453899756, -138.0155505122760076, 67.99999991151629786 ) ) ;
#3118 = DIRECTION ( 'NONE',  ( 3.921649879656600324E-15, 1.000000000000000000, 4.344894404274005274E-15 ) ) ;
#3119 = CIRCLE ( 'NONE', #8250, 1.000000000000009770 ) ;
#3120 = CARTESIAN_POINT ( 'NONE',  ( 160.2171133453899756, -119.4297640746489861, 68.99999991151629786 ) ) ;
#3121 = VERTEX_POINT ( 'NONE', #6319 ) ;
#3122 = CARTESIAN_POINT ( 'NONE',  ( 163.2171133453900040, -119.4297640746489861, 98.70216526821819514 ) ) ;
#3123 = VERTEX_POINT ( 'NONE', #10062 ) ;
#3124 = ORIENTED_EDGE ( 'NONE', *, *, #11371, .F. ) ;
#3125 = ORIENTED_EDGE ( 'NONE', *, *, #1302, .T. ) ;
#3126 = ADVANCED_FACE ( 'NONE', ( #11981 ), #5692, .T. ) ;
#3127 = AXIS2_PLACEMENT_3D ( 'NONE', #3109, #4283, #4968 ) ;
#3128 = CARTESIAN_POINT ( 'NONE',  ( 135.1409928779011977, -138.3982339446410208, 67.99999991151649681 ) ) ;
#3129 = CARTESIAN_POINT ( 'NONE',  ( 162.8236018428179932, -114.4297640215112040, 60.27765112427590566 ) ) ;
#3130 = DIRECTION ( 'NONE',  ( 0.000000000000000000, 0.000000000000000000, 1.000000000000000000 ) ) ;
#3131 = VECTOR ( 'NONE', #5581, 1000.000000000000000 ) ;
#3132 = ORIENTED_EDGE ( 'NONE', *, *, #1494, .F. ) ;
#3133 = PLANE ( 'NONE',  #7128 ) ;
#3134 = EDGE_LOOP ( 'NONE', ( #855, #8736, #10719, #1982 ) ) ;
#3135 = DIRECTION ( 'NONE',  ( -1.000000000000000000, -1.217253423415671858E-15, 0.000000000000000000 ) ) ;
#3136 = EDGE_CURVE ( 'NONE', #6015, #7109, #6379, .T. ) ;
#3137 = EDGE_LOOP ( 'NONE', ( #10812, #11109, #10788, #5046, #6114, #9728, #3507, #7979, #11185 ) ) ;
#3138 = ADVANCED_FACE ( 'NONE', ( #2789 ), #11294, .F. ) ;
#3139 = CARTESIAN_POINT ( 'NONE',  ( 135.0148428017970161, -141.4296897726239877, 106.3643259126279901 ) ) ;
#3140 = CARTESIAN_POINT ( 'NONE',  ( 134.2171133453900040, -138.0155505122760076, 68.99999991151649681 ) ) ;
#3141 = VERTEX_POINT ( 'NONE', #3719 ) ;
#3142 = CARTESIAN_POINT ( 'NONE',  ( 162.7616533469971785, -153.4297640746488867, 67.14091634279556331 ) ) ;
#3143 = CARTESIAN_POINT ( 'NONE',  ( 163.2171133453904872, -151.9297640215109766, 62.74960223581900465 ) ) ;
#3144 = DIRECTION ( 'NONE',  ( -0.7071067811865160424, 0.7071067811865791031, 4.648472769715919230E-15 ) ) ;
#3145 = DIRECTION ( 'NONE',  ( -1.262419606394985962E-16, 1.000000000000000000, 5.983031277196099897E-15 ) ) ;
#3146 = DIRECTION ( 'NONE',  ( 1.000000000000000000, 0.000000000000000000, 0.000000000000000000 ) ) ;
#3147 = EDGE_LOOP ( 'NONE', ( #9292, #550, #7070, #2971 ) ) ;
#3148 = VECTOR ( 'NONE', #10520, 1000.000000000000000 ) ;
#3149 = ORIENTED_EDGE ( 'NONE', *, *, #3997, .F. ) ;
#3150 = CARTESIAN_POINT ( 'NONE',  ( 160.2171131927750025, -148.0297640746490231, 103.7997837512839965 ) ) ;
#3151 = ORIENTED_EDGE ( 'NONE', *, *, #1445, .F. ) ;
#3152 = EDGE_CURVE ( 'NONE', #9684, #8226, #1935, .T. ) ;
#3153 = DIRECTION ( 'NONE',  ( 0.5000000000000011102, -0.5000000000000011102, 0.7071067811865459074 ) ) ;
#3154 = VERTEX_POINT ( 'NONE', #8279 ) ;
#3155 = CARTESIAN_POINT ( 'NONE',  ( 168.6298797530100160, -119.4297640215111898, 57.75000000000000000 ) ) ;
#3156 = ORIENTED_EDGE ( 'NONE', *, *, #3619, .F. ) ;
#3157 = EDGE_CURVE ( 'NONE', #4754, #4391, #7544, .T. ) ;
#3158 = FACE_OUTER_BOUND ( 'NONE', #6771, .T. ) ;
#3159 = DIRECTION ( 'NONE',  ( 1.000000000000000000, -3.854941057726238689E-15, 0.000000000000000000 ) ) ;
#3160 = EDGE_CURVE ( 'NONE', #8944, #1438, #7486, .T. ) ;
#3161 = FACE_OUTER_BOUND ( 'NONE', #11832, .T. ) ;
#3162 = FACE_OUTER_BOUND ( 'NONE', #5594, .T. ) ;
#3163 = B_SPLINE_SURFACE_WITH_KNOTS ( 'NONE', 3, 3, ( 
 ( #11021, #11884, #8827, #4497 ),
 ( #6297, #2521, #2700, #10039 ),
 ( #1608, #9974, #6475, #5481 ),
 ( #7338, #7275, #4558, #9233 ),
 ( #803, #8190, #1547, #742 ) ),
 .UNSPECIFIED., .F., .F., .F.,
 ( 4, 1, 4 ),
 ( 4, 4 ),
 ( 0.000000000000000000, 0.5000000000000000000, 1.000000000000000000 ),
 ( 0.2092065475536609986, 0.8092105870856380889 ),
 .UNSPECIFIED. ) ;
#3164 = FACE_OUTER_BOUND ( 'NONE', #1550, .T. ) ;
#3165 = CARTESIAN_POINT ( 'NONE',  ( 135.2171131927750309, -148.4297640746490003, 103.7997837512839965 ) ) ;
#3166 = VECTOR ( 'NONE', #3877, 1000.000000000000000 ) ;
#3167 = CARTESIAN_POINT ( 'NONE',  ( 132.2474879634529827, -147.0393531173685915, 51.11866876023830031 ) ) ;
#3168 = DIRECTION ( 'NONE',  ( 3.752643576907700278E-15, 1.000000000000000000, -1.526556658859589750E-16 ) ) ;
#3169 = ORIENTED_EDGE ( 'NONE', *, *, #10257, .T. ) ;
#3170 = EDGE_LOOP ( 'NONE', ( #6448, #6882, #5934, #4672 ) ) ;
#3171 = FACE_OUTER_BOUND ( 'NONE', #3147, .T. ) ;
#3172 =( BOUNDED_CURVE ( )  B_SPLINE_CURVE ( 3, ( #7256, #11059, #5401, #3604 ),
 .UNSPECIFIED., .F., .F. ) 
 B_SPLINE_CURVE_WITH_KNOTS ( ( 4, 4 ),
 ( 5.969905095716939947, 6.257000744063979880 ),
 .UNSPECIFIED. ) 
 CURVE ( )  GEOMETRIC_REPRESENTATION_ITEM ( )  RATIONAL_B_SPLINE_CURVE ( ( 1.000000000000000000, 0.9931431272467329263, 0.9931431272467329263, 1.000000000000000000 ) ) 
 REPRESENTATION_ITEM ( '' )  );
#3173 = VERTEX_POINT ( 'NONE', #9198 ) ;
#3174 = EDGE_CURVE ( 'NONE', #8245, #3216, #9379, .T. ) ;
#3175 = ADVANCED_FACE ( 'NONE', ( #7299 ), #6624, .T. ) ;
#3176 = AXIS2_PLACEMENT_3D ( 'NONE', #9320, #830, #3720 ) ;
#3177 = CARTESIAN_POINT ( 'NONE',  ( 162.4175166716918852, -122.6303039647071671, 62.74460178474326710 ) ) ;
#3178 = DIRECTION ( 'NONE',  ( 0.000000000000000000, -1.526556658859589750E-16, -1.000000000000000000 ) ) ;
#3179 = CARTESIAN_POINT ( 'NONE',  ( 163.2171133453900040, -135.4297640746490288, 80.50005035146730847 ) ) ;
#3180 = CARTESIAN_POINT ( 'NONE',  ( 158.4671133112319694, -140.4297640215119998, 102.7500000000329976 ) ) ;
#3181 = LINE ( 'NONE', #11688, #7754 ) ;
#3182 = ORIENTED_EDGE ( 'NONE', *, *, #1357, .F. ) ;
#3183 = DIRECTION ( 'NONE',  ( 1.000000000000000000, -2.163294677847200134E-12, 0.000000000000000000 ) ) ;
#3184 = VECTOR ( 'NONE', #11782, 1000.000000000000000 ) ;
#3185 = VERTEX_POINT ( 'NONE', #10365 ) ;
#3186 = ORIENTED_EDGE ( 'NONE', *, *, #9251, .F. ) ;
#3187 = ORIENTED_EDGE ( 'NONE', *, *, #7099, .F. ) ;
#3188 = EDGE_CURVE ( 'NONE', #6552, #6474, #4526, .T. ) ;
#3189 = CARTESIAN_POINT ( 'NONE',  ( 163.2171162736570125, -141.6950125878859978, 69.26571835470110727 ) ) ;
#3190 = DIRECTION ( 'NONE',  ( 0.000000000000000000, -1.000000000000000000, -6.573933234426810631E-15 ) ) ;
#3191 = VECTOR ( 'NONE', #4411, 1000.000000000000000 ) ;
#3192 = CARTESIAN_POINT ( 'NONE',  ( 163.1867387273269969, -141.8947298340548002, 51.11866876023830031 ) ) ;
#3193 = DIRECTION ( 'NONE',  ( -0.7071067811865475727, 0.7071067811865475727, 0.000000000000000000 ) ) ;
#3194 = EDGE_LOOP ( 'NONE', ( #3187, #4793 ) ) ;
#3195 = DIRECTION ( 'NONE',  ( -0.7071067811865614505, -0.7071067811865336949, 0.000000000000000000 ) ) ;
#3196 = ORIENTED_EDGE ( 'NONE', *, *, #9102, .T. ) ;
#3197 = CARTESIAN_POINT ( 'NONE',  ( 147.7171133453902030, -119.4297640215111898, 55.55305139829859939 ) ) ;
#3198 = ORIENTED_EDGE ( 'NONE', *, *, #5249, .T. ) ;
#3199 = AXIS2_PLACEMENT_3D ( 'NONE', #7572, #11323, #6708 ) ;
#3200 = ORIENTED_EDGE ( 'NONE', *, *, #8726, .T. ) ;
#3201 = CARTESIAN_POINT ( 'NONE',  ( 130.2171133453899756, -134.8245525410659980, 57.98985306244379956 ) ) ;
#3202 = CARTESIAN_POINT ( 'NONE',  ( 132.2171133453900040, -154.4297640215114882, 62.74960223581890517 ) ) ;
#3203 = EDGE_LOOP ( 'NONE', ( #7622, #8851, #9462, #4719 ) ) ;
#3204 = CARTESIAN_POINT ( 'NONE',  ( 161.7000493619927681, -134.9127000912514802, 81.39719993044303692 ) ) ;
#3205 = DIRECTION ( 'NONE',  ( 1.000000000000000000, -3.480590576041360211E-15, 0.000000000000000000 ) ) ;
#3206 = VECTOR ( 'NONE', #9020, 1000.000000000000000 ) ;
#3207 = DIRECTION ( 'NONE',  ( 0.9513277913954431009, 1.168631524111553039E-15, -0.3081808451521090841 ) ) ;
#3208 = EDGE_CURVE ( 'NONE', #702, #11207, #3643, .T. ) ;
#3209 = LINE ( 'NONE', #7897, #225 ) ;
#3210 = CARTESIAN_POINT ( 'NONE',  ( 162.2171133453900040, -136.4297640746490288, 66.99999991151639733 ) ) ;
#3211 = ORIENTED_EDGE ( 'NONE', *, *, #6019, .T. ) ;
#3212 = ORIENTED_EDGE ( 'NONE', *, *, #7904, .F. ) ;
#3213 = CARTESIAN_POINT ( 'NONE',  ( 129.3543469377704014, -114.6297640215114058, 57.75000000000000000 ) ) ;
#3214 = ORIENTED_EDGE ( 'NONE', *, *, #7390, .T. ) ;
#3215 = CARTESIAN_POINT ( 'NONE',  ( 132.8993799479906670, -139.9687577092312267, 67.10373673179715581 ) ) ;
#3216 = VERTEX_POINT ( 'NONE', #12099 ) ;
#3217 = CARTESIAN_POINT ( 'NONE',  ( 132.7171301269663957, -140.5155001675441895, 69.70699703576039497 ) ) ;
#3218 = ORIENTED_EDGE ( 'NONE', *, *, #4119, .F. ) ;
#3219 = VECTOR ( 'NONE', #5554, 1000.000000000000000 ) ;
#3220 = DIRECTION ( 'NONE',  ( -0.7071067811865520136, -4.734337204889509817E-15, 0.7071067811865431318 ) ) ;
#3221 = B_SPLINE_CURVE_WITH_KNOTS ( 'NONE', 3,
 ( #771, #11171, #4525, #6318, #9316, #8278 ),
 .UNSPECIFIED., .F., .F.,
 ( 4, 2, 4 ),
 ( 0.000000000000000000, 0.5000000000000000000, 1.000000000000000000 ),
 .UNSPECIFIED. ) ;
#3222 = CARTESIAN_POINT ( 'NONE',  ( 163.2171133304109958, -141.6943747366149751, 68.00273609931259955 ) ) ;
#3223 = CARTESIAN_POINT ( 'NONE',  ( 163.0571133453900075, -140.4797640480800283, 65.95898615365621254 ) ) ;
#3224 = DIRECTION ( 'NONE',  ( -0.7071067811865470176, 0.7071067811865480168, 8.659560440722029115E-17 ) ) ;
#3225 = EDGE_CURVE ( 'NONE', #2052, #10607, #1052, .T. ) ;
#3226 = CYLINDRICAL_SURFACE ( 'NONE', #7516, 0.9999999999999964473 ) ;
#3227 = DIRECTION ( 'NONE',  ( 8.810118433399939970E-15, 1.526556658859309704E-16, 1.000000000000000000 ) ) ;
#3228 = DIRECTION ( 'NONE',  ( -7.166576360129189239E-17, 1.526556658859589750E-16, 1.000000000000000000 ) ) ;
#3229 = PLANE ( 'NONE',  #1934 ) ;
#3230 = EDGE_CURVE ( 'NONE', #5121, #61, #11045, .T. ) ;
#3231 = ORIENTED_EDGE ( 'NONE', *, *, #7755, .F. ) ;
#3232 = ORIENTED_EDGE ( 'NONE', *, *, #11180, .F. ) ;
#3233 = ORIENTED_EDGE ( 'NONE', *, *, #10159, .T. ) ;
#3234 = VERTEX_POINT ( 'NONE', #6439 ) ;
#3235 = AXIS2_PLACEMENT_3D ( 'NONE', #6970, #2342, #2279 ) ;
#3236 = CARTESIAN_POINT ( 'NONE',  ( 160.5896280291759126, -120.8045981726061058, 61.40444913444744657 ) ) ;
#3237 = FACE_OUTER_BOUND ( 'NONE', #9686, .T. ) ;
#3238 = CARTESIAN_POINT ( 'NONE',  ( 163.2171133453900040, -140.4297640215119998, 81.70996282259208954 ) ) ;
#3239 = LINE ( 'NONE', #292, #7047 ) ;
#3240 = CARTESIAN_POINT ( 'NONE',  ( 133.2171133453900040, -134.4297640746490288, 69.99999991151649681 ) ) ;
#3241 = EDGE_CURVE ( 'NONE', #7479, #861, #2665, .T. ) ;
#3242 = STYLED_ITEM ( 'NONE', ( #4677 ), #5570 ) ;
#3243 = ORIENTED_EDGE ( 'NONE', *, *, #7405, .F. ) ;
#3244 =( BOUNDED_CURVE ( )  B_SPLINE_CURVE ( 3, ( #12104, #9443, #7490, #1874 ),
 .UNSPECIFIED., .F., .F. ) 
 B_SPLINE_CURVE_WITH_KNOTS ( ( 4, 4 ),
 ( 2.243214294872515083E-16, 0.7853981633974508325 ),
 .UNSPECIFIED. ) 
 CURVE ( )  GEOMETRIC_REPRESENTATION_ITEM ( )  RATIONAL_B_SPLINE_CURVE ( ( 1.000000000000000000, 0.9492530216741910110, 0.9492530216741910110, 1.000000000000000000 ) ) 
 REPRESENTATION_ITEM ( '' )  );
#3245 = DIRECTION ( 'NONE',  ( -1.000000000000000000, -1.214306505109919625E-16, 1.654361215689970176E-24 ) ) ;
#3246 = EDGE_CURVE ( 'NONE', #6410, #9765, #10123, .T. ) ;
#3247 = VERTEX_POINT ( 'NONE', #10185 ) ;
#3248 = VERTEX_POINT ( 'NONE', #6502 ) ;
#3249 = EDGE_CURVE ( 'NONE', #11393, #9238, #5773, .T. ) ;
#3250 = VERTEX_POINT ( 'NONE', #5509 ) ;
#3251 = DIRECTION ( 'NONE',  ( 1.000000000000000000, 1.214306505109919625E-16, -1.654361225106060125E-24 ) ) ;
#3252 = VECTOR ( 'NONE', #3480, 1000.000000000000000 ) ;
#3253 = VECTOR ( 'NONE', #2493, 1000.000000000000114 ) ;
#3254 = CARTESIAN_POINT ( 'NONE',  ( 133.2171133453900040, -119.4297640746489861, 71.99999991151649681 ) ) ;
#3255 = LINE ( 'NONE', #8682, #5067 ) ;
#3256 = EDGE_CURVE ( 'NONE', #11403, #8553, #3010, .T. ) ;
#3257 = ORIENTED_EDGE ( 'NONE', *, *, #10865, .T. ) ;
#3258 = CARTESIAN_POINT ( 'NONE',  ( 163.1867387273269969, -147.0393531173683925, 51.11866876023830031 ) ) ;
#3259 = ORIENTED_EDGE ( 'NONE', *, *, #8375, .F. ) ;
#3260 = CARTESIAN_POINT ( 'NONE',  ( 132.7943122313689912, -153.3473727988535131, 66.96811484820980809 ) ) ;
#3261 = ORIENTED_EDGE ( 'NONE', *, *, #4756, .T. ) ;
#3262 = ORIENTED_EDGE ( 'NONE', *, *, #3518, .T. ) ;
#3263 = ORIENTED_EDGE ( 'NONE', *, *, #8144, .T. ) ;
#3264 = DIRECTION ( 'NONE',  ( -1.000000000000000000, 0.000000000000000000, 0.000000000000000000 ) ) ;
#3265 = VECTOR ( 'NONE', #11484, 1000.000000000000000 ) ;
#3266 = DIRECTION ( 'NONE',  ( 1.917940887807219907E-15, 1.000000000000000000, -1.917940887807179675E-15 ) ) ;
#3267 = CARTESIAN_POINT ( 'NONE',  ( 135.0144879047719826, -141.4296898152430231, 110.3643259236470016 ) ) ;
#3268 = DIRECTION ( 'NONE',  ( 8.810118433399840573E-15, -8.729128531115170237E-15, 1.000000000000000000 ) ) ;
#3269 = VERTEX_POINT ( 'NONE', #5010 ) ;
#3270 = ORIENTED_EDGE ( 'NONE', *, *, #8494, .T. ) ;
#3271 = CARTESIAN_POINT ( 'NONE',  ( 132.2171133453900040, -142.4297640746490003, 71.99999989137999989 ) ) ;
#3272 = AXIS2_PLACEMENT_3D ( 'NONE', #2419, #3400, #8214 ) ;
#3273 = VERTEX_POINT ( 'NONE', #11470 ) ;
#3274 = CARTESIAN_POINT ( 'NONE',  ( 147.6669467408599985, -153.4297640746490003, 83.34999974667989875 ) ) ;
#3275 = VECTOR ( 'NONE', #9555, 1000.000000000000000 ) ;
#3276 = ORIENTED_EDGE ( 'NONE', *, *, #530, .T. ) ;
#3277 = CARTESIAN_POINT ( 'NONE',  ( 139.1053615817419882, -140.4297640215119998, 104.6051247192650067 ) ) ;
#3278 = ADVANCED_FACE ( 'NONE', ( #9557 ), #10426, .T. ) ;
#3279 = DIRECTION ( 'NONE',  ( 0.000000000000000000, 1.000000000000000000, 6.573933234426810631E-15 ) ) ;
#3280 = DIRECTION ( 'NONE',  ( -8.810118433399939970E-15, -1.526556658859619825E-16, -1.000000000000000000 ) ) ;
#3281 = AXIS2_PLACEMENT_3D ( 'NONE', #4714, #11983, #8467 ) ;
#3282 = DIRECTION ( 'NONE',  ( 0.7071067811865489050, 0.7071067811865460184, 2.734006972991429756E-15 ) ) ;
#3283 = VECTOR ( 'NONE', #189, 1000.000000000000000 ) ;
#3284 = DIRECTION ( 'NONE',  ( -2.602085213964869829E-17, -1.000000000000000000, 1.526556658859589750E-16 ) ) ;
#3285 = CARTESIAN_POINT ( 'NONE',  ( 135.6669467343540134, -152.8297640746490060, 71.34999974667979927 ) ) ;
#3286 = CARTESIAN_POINT ( 'NONE',  ( 121.2171129162049965, -149.8297648895429859, 100.7500000000290044 ) ) ;
#3287 = DIRECTION ( 'NONE',  ( -8.933825901280518326E-17, -1.000000000000000000, 8.933825901279618531E-17 ) ) ;
#3288 = ORIENTED_EDGE ( 'NONE', *, *, #8796, .F. ) ;
#3289 = ORIENTED_EDGE ( 'NONE', *, *, #7159, .T. ) ;
#3290 = CARTESIAN_POINT ( 'NONE',  ( 132.6467772118110133, -140.3091893208030001, 67.05864549323000290 ) ) ;
#3291 = CARTESIAN_POINT ( 'NONE',  ( 165.2171133453904872, -143.3164134470121951, 57.98985306244370719 ) ) ;
#3292 = VERTEX_POINT ( 'NONE', #1245 ) ;
#3293 = AXIS2_PLACEMENT_3D ( 'NONE', #392, #7898, #9168 ) ;
#3294 = EDGE_CURVE ( 'NONE', #10607, #3801, #1183, .T. ) ;
#3295 = AXIS2_PLACEMENT_3D ( 'NONE', #10137, #6335, #5282 ) ;
#3296 = CARTESIAN_POINT ( 'NONE',  ( 161.3780088134119524, -121.5831835346609751, 62.31702263994151281 ) ) ;
#3297 = PLANE ( 'NONE',  #8701 ) ;
#3298 = ADVANCED_FACE ( 'NONE', ( #5748 ), #8759, .T. ) ;
#3299 = CARTESIAN_POINT ( 'NONE',  ( 138.1026044211599810, -140.4297640215119998, 105.3643259181410059 ) ) ;
#3300 = DIRECTION ( 'NONE',  ( 0.000000000000000000, -1.000000000000000000, -6.217248937900871104E-15 ) ) ;
#3301 = PLANE ( 'NONE',  #3617 ) ;
#3302 = CARTESIAN_POINT ( 'NONE',  ( 175.2171132998449821, -153.4297640746490003, 100.7500000000290044 ) ) ;
#3303 = VECTOR ( 'NONE', #7447, 1000.000000000000000 ) ;
#3304 = VERTEX_POINT ( 'NONE', #5871 ) ;
#3305 = CARTESIAN_POINT ( 'NONE',  ( 169.9786284033270078, -148.4297640215243916, 53.38549640900530591 ) ) ;
#3306 = VERTEX_POINT ( 'NONE', #1120 ) ;
#3307 = ORIENTED_EDGE ( 'NONE', *, *, #11796, .F. ) ;
#3308 = ORIENTED_EDGE ( 'NONE', *, *, #12180, .F. ) ;
#3309 = EDGE_CURVE ( 'NONE', #5365, #5920, #2225, .T. ) ;
#3310 = FILL_AREA_STYLE_COLOUR ( '', #11591 ) ;
#3311 = EDGE_CURVE ( 'NONE', #5132, #4205, #5778, .T. ) ;
#3312 = AXIS2_PLACEMENT_3D ( 'NONE', #6202, #6323, #8903 ) ;
#3313 = ADVANCED_FACE ( 'NONE', ( #5990 ), #3611, .F. ) ;
#3314 = DIRECTION ( 'NONE',  ( 0.003622991423292248360, -1.662504594922420911E-16, -0.9999934369450366178 ) ) ;
#3315 = DIRECTION ( 'NONE',  ( 7.166576360129189239E-17, -1.074295325692399920E-17, -1.000000000000000000 ) ) ;
#3316 = EDGE_CURVE ( 'NONE', #7266, #5937, #1309, .T. ) ;
#3317 =( BOUNDED_CURVE ( )  B_SPLINE_CURVE ( 3, ( #10138, #2505, #10821, #6280 ),
 .UNSPECIFIED., .F., .F. ) 
 B_SPLINE_CURVE_WITH_KNOTS ( ( 4, 4 ),
 ( 3.330669073048315436E-15, 1.126157883263462001 ),
 .UNSPECIFIED. ) 
 CURVE ( )  GEOMETRIC_REPRESENTATION_ITEM ( )  RATIONAL_B_SPLINE_CURVE ( ( 1.000000000000000000, 0.8970770709083970562, 0.8970770709083970562, 1.000000000000000000 ) ) 
 REPRESENTATION_ITEM ( '' )  );
#3318 = CARTESIAN_POINT ( 'NONE',  ( 136.9171131927749911, -148.0297640746490231, 102.0997837512840078 ) ) ;
#3319 = VERTEX_POINT ( 'NONE', #3832 ) ;
#3320 = CARTESIAN_POINT ( 'NONE',  ( 164.5469330843241949, -147.9708210221112097, 51.18808963222615915 ) ) ;
#3321 = ORIENTED_EDGE ( 'NONE', *, *, #2937, .T. ) ;
#3322 = AXIS2_PLACEMENT_3D ( 'NONE', #4244, #6836, #11759 ) ;
#3323 = CARTESIAN_POINT ( 'NONE',  ( 132.2171133453900040, -136.4297640746490288, 80.50005035146759269 ) ) ;
#3324 = VERTEX_POINT ( 'NONE', #9500 ) ;
#3325 = EDGE_LOOP ( 'NONE', ( #4089, #10838, #11740, #2824 ) ) ;
#3326 = DIRECTION ( 'NONE',  ( 1.000000000000000000, 0.000000000000000000, 0.000000000000000000 ) ) ;
#3327 = EDGE_CURVE ( 'NONE', #3141, #6759, #2274, .T. ) ;
#3328 = ORIENTED_EDGE ( 'NONE', *, *, #10525, .T. ) ;
#3329 = EDGE_CURVE ( 'NONE', #9792, #5482, #4999, .T. ) ;
#3330 = LINE ( 'NONE', #7100, #10933 ) ;
#3331 = CARTESIAN_POINT ( 'NONE',  ( 133.2171133453900040, -136.4297640746490288, 70.99999991151649681 ) ) ;
#3332 = LINE ( 'NONE', #6243, #9325 ) ;
#3333 = LINE ( 'NONE', #8940, #8896 ) ;
#3334 = ORIENTED_EDGE ( 'NONE', *, *, #4740, .T. ) ;
#3335 = ORIENTED_EDGE ( 'NONE', *, *, #10037, .F. ) ;
#3336 = PLANE ( 'NONE',  #4818 ) ;
#3337 = ORIENTED_EDGE ( 'NONE', *, *, #2617, .T. ) ;
#3338 = DIRECTION ( 'NONE',  ( 0.3198345585774030053, -0.2239505688958659535, -0.9206258728880128972 ) ) ;
#3339 = FACE_OUTER_BOUND ( 'NONE', #487, .T. ) ;
#3340 = ADVANCED_FACE ( 'NONE', ( #3894 ), #7659, .F. ) ;
#3341 = CARTESIAN_POINT ( 'NONE',  ( 147.7171133226179904, -153.4297640746490003, 87.95716295907050153 ) ) ;
#3342 = CARTESIAN_POINT ( 'NONE',  ( 162.8094094721379861, -148.4297640746490003, 105.4997837512840135 ) ) ;
#3343 = LINE ( 'NONE', #4339, #8597 ) ;
#3344 = DIRECTION ( 'NONE',  ( -7.166576360129189239E-17, 1.526556658859589750E-16, 1.000000000000000000 ) ) ;
#3345 = LINE ( 'NONE', #1691, #4169 ) ;
#3346 = CARTESIAN_POINT ( 'NONE',  ( 138.9988306922097649, -140.5335377504622159, 105.8823132094643427 ) ) ;
#3347 = DIRECTION ( 'NONE',  ( 1.796958505534680326E-14, 1.000000000000000000, 6.573808934571190611E-15 ) ) ;
#3348 = FACE_OUTER_BOUND ( 'NONE', #2174, .T. ) ;
#3349 = ORIENTED_EDGE ( 'NONE', *, *, #10030, .T. ) ;
#3350 = VERTEX_POINT ( 'NONE', #3084 ) ;
#3351 = CARTESIAN_POINT ( 'NONE',  ( 154.4671131813890099, -149.4297640746490003, 117.6643259181420120 ) ) ;
#3352 = CARTESIAN_POINT ( 'NONE',  ( 133.2171133453900040, -136.4297640746490288, 65.99999991151649681 ) ) ;
#3353 = ORIENTED_EDGE ( 'NONE', *, *, #10685, .T. ) ;
#3354 = VECTOR ( 'NONE', #4148, 1000.000000000000000 ) ;
#3355 = CARTESIAN_POINT ( 'NONE',  ( 160.6638265106781489, -120.8752017717207821, 61.53624485682321676 ) ) ;
#3356 = LINE ( 'NONE', #7130, #8115 ) ;
#3357 = FACE_BOUND ( 'NONE', #8377, .T. ) ;
#3358 = CIRCLE ( 'NONE', #8491, 1.000000000000000888 ) ;
#3359 = DIRECTION ( 'NONE',  ( 0.000000000000000000, -1.000000000000000000, 0.000000000000000000 ) ) ;
#3360 = CARTESIAN_POINT ( 'NONE',  ( 163.1087258513479981, -148.4297640215245906, 62.66078637172618926 ) ) ;
#3361 = ADVANCED_FACE ( 'NONE', ( #5806 ), #7563, .F. ) ;
#3362 = DIRECTION ( 'NONE',  ( -0.7071067811865460184, 0.7071067811865489050, 0.000000000000000000 ) ) ;
#3363 = EDGE_CURVE ( 'NONE', #531, #9563, #260, .T. ) ;
#3364 = ORIENTED_EDGE ( 'NONE', *, *, #7168, .F. ) ;
#3365 = CARTESIAN_POINT ( 'NONE',  ( 161.2171133453899756, -119.4297640746489861, 67.99999991151629786 ) ) ;
#3366 = ORIENTED_EDGE ( 'NONE', *, *, #9875, .F. ) ;
#3367 = ORIENTED_EDGE ( 'NONE', *, *, #4924, .T. ) ;
#3368 = VERTEX_POINT ( 'NONE', #7774 ) ;
#3369 = DIRECTION ( 'NONE',  ( 0.000000000000000000, -1.000000000000000000, -6.573933234426810631E-15 ) ) ;
#3370 = CARTESIAN_POINT ( 'NONE',  ( 163.2171133453900040, -148.9797640480799998, 65.95898615365621254 ) ) ;
#3371 = CYLINDRICAL_SURFACE ( 'NONE', #9868, 0.5899999999999873124 ) ;
#3372 = DIRECTION ( 'NONE',  ( -0.9238795325112774126, 0.3826834323651122638, 0.000000000000000000 ) ) ;
#3373 = VECTOR ( 'NONE', #5250, 1000.000000000000000 ) ;
#3374 = AXIS2_PLACEMENT_3D ( 'NONE', #9660, #10774, #371 ) ;
#3375 = EDGE_CURVE ( 'NONE', #8532, #6301, #11532, .T. ) ;
#3376 = ORIENTED_EDGE ( 'NONE', *, *, #5113, .T. ) ;
#3377 = CARTESIAN_POINT ( 'NONE',  ( 162.2171133453900040, -147.4297640746490003, 70.99999991151629786 ) ) ;
#3378 = VERTEX_POINT ( 'NONE', #11837 ) ;
#3379 = CARTESIAN_POINT ( 'NONE',  ( 135.2171133453900040, -138.4595744938966106, 57.98985306244370719 ) ) ;
#3380 = EDGE_CURVE ( 'NONE', #2761, #417, #9124, .T. ) ;
#3381 = VERTEX_POINT ( 'NONE', #1621 ) ;
#3382 = ORIENTED_EDGE ( 'NONE', *, *, #5805, .T. ) ;
#3383 = PLANE ( 'NONE',  #11583 ) ;
#3384 = VECTOR ( 'NONE', #10360, 1000.000000000000000 ) ;
#3385 = VERTEX_POINT ( 'NONE', #3451 ) ;
#3386 = FACE_OUTER_BOUND ( 'NONE', #2610, .T. ) ;
#3387 = DIRECTION ( 'NONE',  ( 1.000000000000000000, -3.480590576041360211E-15, 7.166576360129239776E-17 ) ) ;
#3388 = LINE ( 'NONE', #10849, #11291 ) ;
#3389 = SPHERICAL_SURFACE ( 'NONE', #2394, 1.000000000000000000 ) ;
#3390 = EDGE_CURVE ( 'NONE', #6363, #11558, #635, .T. ) ;
#3391 = AXIS2_PLACEMENT_3D ( 'NONE', #6889, #2141, #2320 ) ;
#3392 = VERTEX_POINT ( 'NONE', #5129 ) ;
#3393 = ORIENTED_EDGE ( 'NONE', *, *, #4778, .T. ) ;
#3394 = CARTESIAN_POINT ( 'NONE',  ( 134.8189097903579921, -140.9065502926590057, 111.3643775358609957 ) ) ;
#3395 = EDGE_CURVE ( 'NONE', #6476, #4268, #6978, .T. ) ;
#3396 = EDGE_LOOP ( 'NONE', ( #9405, #6650, #2155, #3766 ) ) ;
#3397 = CARTESIAN_POINT ( 'NONE',  ( 139.0808597668969924, -145.2598994943089963, 111.3679489095640065 ) ) ;
#3398 = EDGE_CURVE ( 'NONE', #5716, #2799, #8293, .T. ) ;
#3399 = CARTESIAN_POINT ( 'NONE',  ( 163.2171133453900040, -136.4297640746490288, 72.12502505495649530 ) ) ;
#3400 = DIRECTION ( 'NONE',  ( 1.000000000000000000, -5.947210316807140508E-15, 7.166576360129279219E-17 ) ) ;
#3401 = AXIS2_PLACEMENT_3D ( 'NONE', #9439, #10244, #2849 ) ;
#3402 = CARTESIAN_POINT ( 'NONE',  ( 161.2171133453899756, -127.9297640746490146, 66.99999991151629786 ) ) ;
#3403 = CARTESIAN_POINT ( 'NONE',  ( 165.2171133453904872, -148.4297640215245906, 62.25000000000000000 ) ) ;
#3404 = CARTESIAN_POINT ( 'NONE',  ( 130.2171133453899756, -148.4297640215245906, 62.75000000000000000 ) ) ;
#3405 = FACE_OUTER_BOUND ( 'NONE', #2941, .T. ) ;
#3406 = EDGE_CURVE ( 'NONE', #10675, #3385, #8141, .T. ) ;
#3407 = CARTESIAN_POINT ( 'NONE',  ( 163.2171133453900040, -138.8513369720210164, 93.86432591814070747 ) ) ;
#3408 = CARTESIAN_POINT ( 'NONE',  ( 162.4887801542488717, -153.4178923534293801, 66.71042759395076871 ) ) ;
#3409 = CARTESIAN_POINT ( 'NONE',  ( 124.2819883672419934, -138.9803717909817919, 58.25000000000000000 ) ) ;
#3410 = CIRCLE ( 'NONE', #7368, 12.00000000000000000 ) ;
#3411 = ORIENTED_EDGE ( 'NONE', *, *, #5665, .F. ) ;
#3412 = ORIENTED_EDGE ( 'NONE', *, *, #5356, .F. ) ;
#3413 = CARTESIAN_POINT ( 'NONE',  ( 170.2171132998449821, -154.4297640746490003, 101.7500000000339924 ) ) ;
#3414 = CARTESIAN_POINT ( 'NONE',  ( 132.2171133453900040, -140.4297640215119998, 99.36759057673640427 ) ) ;
#3415 = ORIENTED_EDGE ( 'NONE', *, *, #2724, .F. ) ;
#3416 = CARTESIAN_POINT ( 'NONE',  ( 129.7106248479624071, -114.4297640215114029, 62.75000000000000000 ) ) ;
#3417 = CYLINDRICAL_SURFACE ( 'NONE', #5370, 0.9999999999999964473 ) ;
#3418 = VECTOR ( 'NONE', #847, 999.9999999999998863 ) ;
#3419 = CARTESIAN_POINT ( 'NONE',  ( 154.4671131813890099, -154.4297640746490003, 112.6643259181419978 ) ) ;
#3420 = CARTESIAN_POINT ( 'NONE',  ( 162.2171133453900040, -135.4297640746490288, 81.50005035146720900 ) ) ;
#3421 = CARTESIAN_POINT ( 'NONE',  ( 161.9171131927750196, -148.0297640746490231, 103.7997837512839965 ) ) ;
#3422 = DIRECTION ( 'NONE',  ( -0.8944271909999192971, 3.117939246701780910E-15, 0.4472135954999511553 ) ) ;
#3423 = CARTESIAN_POINT ( 'NONE',  ( 163.3148179109179807, -149.4297640215112040, 50.74999999999999289 ) ) ;
#3424 = B_SPLINE_CURVE_WITH_KNOTS ( 'NONE', 3,
 ( #12038, #6504, #11354, #7546, #7487, #10366, #12163 ),
 .UNSPECIFIED., .F., .F.,
 ( 4, 3, 4 ),
 ( 0.4883266421656509704, 0.5042773520336619741, 0.5144834035828139696 ),
 .UNSPECIFIED. ) ;
#3425 = VERTEX_POINT ( 'NONE', #10908 ) ;
#3426 = VERTEX_POINT ( 'NONE', #3267 ) ;
#3427 = CIRCLE ( 'NONE', #10514, 14.00026402016930049 ) ;
#3428 = VERTEX_POINT ( 'NONE', #11898 ) ;
#3429 =( NAMED_UNIT ( * ) SI_UNIT ( $, .STERADIAN. ) SOLID_ANGLE_UNIT ( ) );
#3430 = DIRECTION ( 'NONE',  ( 0.008142047127309334428, 6.938893903907228378E-15, -0.9999668529849260468 ) ) ;
#3431 = EDGE_CURVE ( 'NONE', #9460, #10533, #11997, .T. ) ;
#3432 = CARTESIAN_POINT ( 'NONE',  ( 164.2736018428180103, -114.4297640215112040, 60.27765112427590566 ) ) ;
#3433 = CARTESIAN_POINT ( 'NONE',  ( 162.4676893043399843, -153.4295558393690158, 66.51557073639509099 ) ) ;
#3434 = AXIS2_PLACEMENT_3D ( 'NONE', #8608, #10572, #172 ) ;
#3435 = LINE ( 'NONE', #10955, #1929 ) ;
#3436 = ORIENTED_EDGE ( 'NONE', *, *, #2193, .F. ) ;
#3437 = DIRECTION ( 'NONE',  ( 0.7071067811865431318, -4.648472763155659646E-15, 0.7071067811865520136 ) ) ;
#3438 = VERTEX_POINT ( 'NONE', #8881 ) ;
#3439 = CARTESIAN_POINT ( 'NONE',  ( 163.2171133453900040, -138.8513368967660142, 80.50005035146709531 ) ) ;
#3440 = EDGE_LOOP ( 'NONE', ( #985, #111, #11113, #8694, #2220 ) ) ;
#3441 = ORIENTED_EDGE ( 'NONE', *, *, #10179, .F. ) ;
#3442 = CONICAL_SURFACE ( 'NONE', #11510, 14.19999999999999041, 0.7853981633974913557 ) ;
#3443 = CIRCLE ( 'NONE', #116, 0.9999999999999866773 ) ;
#3444 = DIRECTION ( 'NONE',  ( 0.000000000000000000, -1.526556658859589750E-16, -1.000000000000000000 ) ) ;
#3445 = EDGE_CURVE ( 'NONE', #1376, #3807, #8019, .T. ) ;
#3446 = ORIENTED_EDGE ( 'NONE', *, *, #9485, .F. ) ;
#3447 = DIRECTION ( 'NONE',  ( 0.000000000000000000, -1.000000000000000000, 1.526556658859589750E-16 ) ) ;
#3448 = CARTESIAN_POINT ( 'NONE',  ( 163.0032086651650047, -141.2160725321140262, 67.83489431560801108 ) ) ;
#3449 = CARTESIAN_POINT ( 'NONE',  ( 175.2171133453904872, -149.3781082989492290, 61.25889761298407876 ) ) ;
#3450 = EDGE_CURVE ( 'NONE', #10704, #10715, #11741, .T. ) ;
#3451 = CARTESIAN_POINT ( 'NONE',  ( 136.9171131927749911, -148.0297640746490231, 105.4997837512840135 ) ) ;
#3452 = VECTOR ( 'NONE', #692, 1000.000000000000000 ) ;
#3453 = AXIS2_PLACEMENT_3D ( 'NONE', #4208, #7051, #7110 ) ;
#3454 = DIRECTION ( 'NONE',  ( 0.8125199200687275303, -0.3365567705908014129, -0.4759631494779816840 ) ) ;
#3455 = ORIENTED_EDGE ( 'NONE', *, *, #10243, .T. ) ;
#3456 = CARTESIAN_POINT ( 'NONE',  ( 134.2171133453900040, -138.0155505122760076, 68.99999991151649681 ) ) ;
#3457 = ORIENTED_EDGE ( 'NONE', *, *, #6331, .F. ) ;
#3458 = CARTESIAN_POINT ( 'NONE',  ( 133.2171133453900040, -119.4297640746489861, 69.99999991151649681 ) ) ;
#3459 = DIRECTION ( 'NONE',  ( 0.7071067811865530128, -0.7071067811865420216, -7.299716386910429497E-15 ) ) ;
#3460 = CARTESIAN_POINT ( 'NONE',  ( 162.2171133453900040, -119.4297640746489861, 80.50005035146730847 ) ) ;
#3461 = VECTOR ( 'NONE', #10891, 999.9999999999998863 ) ;
#3462 = EDGE_CURVE ( 'NONE', #3123, #10311, #389, .T. ) ;
#3463 = CARTESIAN_POINT ( 'NONE',  ( 157.6248169134119905, -148.4297640746490003, 105.4997837512840135 ) ) ;
#3464 = CARTESIAN_POINT ( 'NONE',  ( 136.1748657011680166, -143.3684935345730196, 107.6781076312250036 ) ) ;
#3465 = EDGE_CURVE ( 'NONE', #11280, #8056, #479, .T. ) ;
#3466 = CARTESIAN_POINT ( 'NONE',  ( 163.2171133453904872, -117.4297640215112040, 62.75000000000000000 ) ) ;
#3467 = EDGE_CURVE ( 'NONE', #5240, #840, #7896, .T. ) ;
#3468 = LINE ( 'NONE', #4341, #7327 ) ;
#3469 = CARTESIAN_POINT ( 'NONE',  ( 138.7879731111385695, -140.7226572403253897, 110.6572191369543958 ) ) ;
#3470 = AXIS2_PLACEMENT_3D ( 'NONE', #9193, #11102, #8090 ) ;
#3471 = VECTOR ( 'NONE', #11609, 1000.000000000000000 ) ;
#3472 = CARTESIAN_POINT ( 'NONE',  ( 163.2171132645240164, -142.4297640746490003, 70.99999985651450629 ) ) ;
#3473 = CARTESIAN_POINT ( 'NONE',  ( 160.2171131927750025, -154.0297640746490231, 103.7997837512839965 ) ) ;
#3474 = EDGE_LOOP ( 'NONE', ( #3411, #3957, #10949, #9622 ) ) ;
#3475 = ORIENTED_EDGE ( 'NONE', *, *, #3543, .T. ) ;
#3476 = PLANE ( 'NONE',  #1492 ) ;
#3477 = PLANE ( 'NONE',  #3943 ) ;
#3478 = ORIENTED_EDGE ( 'NONE', *, *, #6802, .F. ) ;
#3479 = ADVANCED_FACE ( 'NONE', ( #2471 ), #874, .F. ) ;
#3480 = DIRECTION ( 'NONE',  ( 1.666513234320874969E-24, -1.000000000000000000, -7.105427357601000281E-15 ) ) ;
#3481 = AXIS2_PLACEMENT_3D ( 'NONE', #4402, #8954, #2427 ) ;
#3482 = VECTOR ( 'NONE', #10648, 1000.000000000000000 ) ;
#3483 = CARTESIAN_POINT ( 'NONE',  ( 163.2171133453900040, -154.4297640746490003, 62.74999974667980496 ) ) ;
#3484 = EDGE_CURVE ( 'NONE', #10488, #10536, #10888, .T. ) ;
#3485 = CARTESIAN_POINT ( 'NONE',  ( 134.9242201265765857, -138.0155505122760076, 69.70710669270299320 ) ) ;
#3486 = LINE ( 'NONE', #11805, #5278 ) ;
#3487 = CARTESIAN_POINT ( 'NONE',  ( 147.7171133226179904, -154.4297640746490003, 102.7500000000329976 ) ) ;
#3488 = DIRECTION ( 'NONE',  ( 0.7071067811865520136, -4.562608332710570745E-15, 0.7071067811865431318 ) ) ;
#3489 = CARTESIAN_POINT ( 'NONE',  ( 160.1768364872660015, -145.4297640215119714, 114.2144502228039897 ) ) ;
#3490 = VECTOR ( 'NONE', #1967, 1000.000000000000000 ) ;
#3491 = ORIENTED_EDGE ( 'NONE', *, *, #10107, .T. ) ;
#3492 = ORIENTED_EDGE ( 'NONE', *, *, #56, .T. ) ;
#3493 = CIRCLE ( 'NONE', #7451, 2.750000000000002665 ) ;
#3494 = ORIENTED_EDGE ( 'NONE', *, *, #506, .T. ) ;
#3495 = CARTESIAN_POINT ( 'NONE',  ( 132.7943122313689912, -153.3473727988535131, 66.96811484820980809 ) ) ;
#3496 = CYLINDRICAL_SURFACE ( 'NONE', #8370, 0.5899999999999873124 ) ;
#3497 =( BOUNDED_CURVE ( )  B_SPLINE_CURVE ( 3, ( #6914, #11777, #2221, #1180 ),
 .UNSPECIFIED., .F., .T. ) 
 B_SPLINE_CURVE_WITH_KNOTS ( ( 4, 4 ),
 ( 0.000000000000000000, 0.7853981633973129428 ),
 .UNSPECIFIED. ) 
 CURVE ( )  GEOMETRIC_REPRESENTATION_ITEM ( )  RATIONAL_B_SPLINE_CURVE ( ( 1.000000000000000000, 0.9492530216742079974, 0.9492530216742079974, 1.000000000000000000 ) ) 
 REPRESENTATION_ITEM ( '' )  );
#3498 = DIRECTION ( 'NONE',  ( -3.212399512555910502E-15, -1.000000000000000000, 4.324081227642600042E-15 ) ) ;
#3499 = AXIS2_PLACEMENT_3D ( 'NONE', #2445, #546, #1593 ) ;
#3500 = CARTESIAN_POINT ( 'NONE',  ( 134.2669260382429570, -121.6707749629598254, 58.40498383181365227 ) ) ;
#3501 = AXIS2_PLACEMENT_3D ( 'NONE', #11807, #9958, #3362 ) ;
#3502 = LINE ( 'NONE', #9231, #8023 ) ;
#3503 = VERTEX_POINT ( 'NONE', #8939 ) ;
#3504 = DIRECTION ( 'NONE',  ( 3.160768215787150073E-15, 1.000000000000000000, -1.526556658859589750E-16 ) ) ;
#3505 = ORIENTED_EDGE ( 'NONE', *, *, #4914, .T. ) ;
#3506 = DIRECTION ( 'NONE',  ( -0.7071067811865580088, 0.7071067811865370256, 0.000000000000000000 ) ) ;
#3507 = ORIENTED_EDGE ( 'NONE', *, *, #10400, .F. ) ;
#3508 = VECTOR ( 'NONE', #1127, 1000.000000000000000 ) ;
#3509 = ORIENTED_EDGE ( 'NONE', *, *, #1867, .T. ) ;
#3510 = CARTESIAN_POINT ( 'NONE',  ( 139.9671133453900040, -152.4297640746490003, 59.04999999999999716 ) ) ;
#3511 = ORIENTED_EDGE ( 'NONE', *, *, #11744, .T. ) ;
#3512 = DIRECTION ( 'NONE',  ( -7.166576360129189239E-17, 1.526556658859589750E-16, 1.000000000000000000 ) ) ;
#3513 = DIRECTION ( 'NONE',  ( -2.602085213964869829E-17, -1.000000000000000000, 1.526556658859589750E-16 ) ) ;
#3514 = CARTESIAN_POINT ( 'NONE',  ( 174.3986461265209300, -149.2382465675957519, 57.82553973477514830 ) ) ;
#3515 = FACE_OUTER_BOUND ( 'NONE', #10546, .T. ) ;
#3516 = VECTOR ( 'NONE', #9536, 1000.000000000000114 ) ;
#3517 = CARTESIAN_POINT ( 'NONE',  ( 167.9954836606060269, -136.0375236264610237, 51.91664625081959628 ) ) ;
#3518 = EDGE_CURVE ( 'NONE', #12091, #7935, #3388, .T. ) ;
#3519 = EDGE_CURVE ( 'NONE', #4002, #11361, #4265, .T. ) ;
#3520 = ORIENTED_EDGE ( 'NONE', *, *, #1510, .F. ) ;
#3521 = DIRECTION ( 'NONE',  ( 1.000000000000000000, 0.000000000000000000, 0.000000000000000000 ) ) ;
#3522 = ORIENTED_EDGE ( 'NONE', *, *, #1855, .T. ) ;
#3523 = DIRECTION ( 'NONE',  ( 3.611935920203930620E-30, -7.253542152952170271E-15, 1.000000000000000000 ) ) ;
#3524 = LINE ( 'NONE', #8275, #3756 ) ;
#3525 = VECTOR ( 'NONE', #11672, 1000.000000000000000 ) ;
#3526 = DIRECTION ( 'NONE',  ( 1.778958924614220093E-14, 1.000000000000000000, 0.000000000000000000 ) ) ;
#3527 = LINE ( 'NONE', #3463, #8971 ) ;
#3528 = SPHERICAL_SURFACE ( 'NONE', #6042, 1.000000000000000000 ) ;
#3529 = CARTESIAN_POINT ( 'NONE',  ( 163.2944627930995125, -151.9297640215109766, 53.24991713246220115 ) ) ;
#3530 = CARTESIAN_POINT ( 'NONE',  ( 139.0293228659928388, -144.8923345267222089, 105.7400792413890116 ) ) ;
#3531 = CARTESIAN_POINT ( 'NONE',  ( 133.5171131927750139, -148.4297640746490003, 102.0997837512840078 ) ) ;
#3532 = VECTOR ( 'NONE', #9254, 1000.000000000000000 ) ;
#3533 = EDGE_CURVE ( 'NONE', #2371, #5473, #3332, .T. ) ;
#3534 = DIRECTION ( 'NONE',  ( -3.683226109728400325E-15, -1.000000000000000000, 1.529071664247879809E-16 ) ) ;
#3535 = CARTESIAN_POINT ( 'NONE',  ( 165.3236018428179932, -114.8297640215111954, 60.17765112427590424 ) ) ;
#3536 = ORIENTED_EDGE ( 'NONE', *, *, #9989, .T. ) ;
#3537 = VERTEX_POINT ( 'NONE', #9064 ) ;
#3538 = PLANE ( 'NONE',  #7776 ) ;
#3539 = B_SPLINE_CURVE_WITH_KNOTS ( 'NONE', 3,
 ( #379, #4192, #498, #1551, #6300, #5305, #1611, #9055, #11705, #3260 ),
 .UNSPECIFIED., .F., .F.,
 ( 4, 2, 2, 2, 4 ),
 ( 0.000000000000000000, 0.2499999999998019917, 0.3749999999997976619, 0.4999999999997933875, 1.000000000000000000 ),
 .UNSPECIFIED. ) ;
#3540 = EDGE_CURVE ( 'NONE', #1093, #3392, #7530, .T. ) ;
#3541 = CARTESIAN_POINT ( 'NONE',  ( 163.2171133453900040, -152.4297640746490003, 59.04999999999999716 ) ) ;
#3542 = ORIENTED_EDGE ( 'NONE', *, *, #5878, .F. ) ;
#3543 = EDGE_CURVE ( 'NONE', #12006, #12013, #936, .T. ) ;
#3544 = DIRECTION ( 'NONE',  ( -3.160768215787150073E-15, -1.000000000000000000, 1.526556646962079803E-16 ) ) ;
#3545 = CARTESIAN_POINT ( 'NONE',  ( 132.9140515546889958, -154.4297642689120096, 112.6643264129419890 ) ) ;
#3546 = DIRECTION ( 'NONE',  ( 0.7058246979869428062, 0.000000000000000000, 0.7083865439939137643 ) ) ;
#3547 = CARTESIAN_POINT ( 'NONE',  ( 161.1736018428180159, -117.6297640215111926, 60.27765112427590566 ) ) ;
#3548 = CARTESIAN_POINT ( 'NONE',  ( 163.4963840363369911, -132.8872201543915992, 62.75000000000000000 ) ) ;
#3549 = DIRECTION ( 'NONE',  ( 2.602085213964869829E-17, 1.000000000000000000, -1.526556658859589750E-16 ) ) ;
#3550 = DIRECTION ( 'NONE',  ( 0.9238795325112676426, 0.3826834323651360226, 0.000000000000000000 ) ) ;
#3551 = EDGE_CURVE ( 'NONE', #6587, #1458, #6368, .T. ) ;
#3552 = ORIENTED_EDGE ( 'NONE', *, *, #3329, .F. ) ;
#3553 = VERTEX_POINT ( 'NONE', #8267 ) ;
#3554 = ADVANCED_FACE ( 'NONE', ( #10287 ), #4511, .T. ) ;
#3555 = ORIENTED_EDGE ( 'NONE', *, *, #6654, .F. ) ;
#3556 = CARTESIAN_POINT ( 'NONE',  ( 173.2171134944015023, -140.4262129510823911, 58.25000000000000000 ) ) ;
#3557 = AXIS2_PLACEMENT_3D ( 'NONE', #5706, #11309, #4601 ) ;
#3558 = DIRECTION ( 'NONE',  ( -0.4397326120322761489, -0.1821432117215195934, 0.8794652240646252395 ) ) ;
#3559 = CARTESIAN_POINT ( 'NONE',  ( 133.7592178344507090, -122.2299955201589512, 58.05552851553117222 ) ) ;
#3560 = CARTESIAN_POINT ( 'NONE',  ( 162.7341773287875526, -153.3269136536244730, 98.70041558368939150 ) ) ;
#3561 = APPLICATION_PROTOCOL_DEFINITION ( 'draft international standard', 'automotive_design', 1998, #9463 ) ;
#3562 = ORIENTED_EDGE ( 'NONE', *, *, #5681, .T. ) ;
#3563 = CARTESIAN_POINT ( 'NONE',  ( 162.3677708826299977, -142.0537471289034102, 53.47602185630480420 ) ) ;
#3564 = EDGE_CURVE ( 'NONE', #7924, #2611, #695, .T. ) ;
#3565 = ORIENTED_EDGE ( 'NONE', *, *, #8591, .T. ) ;
#3566 = AXIS2_PLACEMENT_3D ( 'NONE', #274, #11608, #10677 ) ;
#3567 = CARTESIAN_POINT ( 'NONE',  ( 132.6106248479624128, -114.6297640215114058, 60.17765112427590424 ) ) ;
#3568 = ORIENTED_EDGE ( 'NONE', *, *, #9392, .T. ) ;
#3569 = ORIENTED_EDGE ( 'NONE', *, *, #8459, .T. ) ;
#3570 =( BOUNDED_SURFACE ( )  B_SPLINE_SURFACE ( 2, 2, ( 
 ( #11529, #3081, #4261 ),
 ( #4010, #10720, #3142 ),
 ( #2105, #6854, #10601 ) ),
 .UNSPECIFIED., .F., .F., .F. ) 
 B_SPLINE_SURFACE_WITH_KNOTS ( ( 3, 3 ),
 ( 3, 3 ),
 ( -2.568079549168989839, -1.570796326796709996 ),
 ( -2.300714095754889943, -1.570796326784209995 ),
 .UNSPECIFIED. ) 
 GEOMETRIC_REPRESENTATION_ITEM ( )  RATIONAL_B_SPLINE_SURFACE ( (
 ( 1.000000000000000000, 0.9341384365290580361, 1.000000000000000000),
 ( 0.8782329983124259609, 0.8203911999517969900, 0.8782329983124259609),
 ( 1.000000000000000000, 0.9341384365290580361, 1.000000000000000000) ) ) 
 REPRESENTATION_ITEM ( '' )  SURFACE ( )  );
#3571 = DIRECTION ( 'NONE',  ( 1.214306491077630042E-16, -1.000000000000000000, -6.573024952610290603E-15 ) ) ;
#3572 = ORIENTED_EDGE ( 'NONE', *, *, #6731, .T. ) ;
#3573 = DIRECTION ( 'NONE',  ( -3.833073549109210312E-15, 6.573933234426810631E-15, -1.000000000000000000 ) ) ;
#3574 = AXIS2_PLACEMENT_3D ( 'NONE', #10864, #5327, #10988 ) ;
#3575 = VECTOR ( 'NONE', #3805, 1000.000000000000114 ) ;
#3576 = DIRECTION ( 'NONE',  ( 2.428612952914219616E-16, -1.000000000000000000, 2.336840784622119857E-30 ) ) ;
#3577 = CARTESIAN_POINT ( 'NONE',  ( 172.5852781638204476, -149.1112902228798873, 54.74420834012359904 ) ) ;
#3578 = CARTESIAN_POINT ( 'NONE',  ( 162.6904533854134627, -140.4357275807685994, 69.74306681093152349 ) ) ;
#3579 = LINE ( 'NONE', #7352, #1425 ) ;
#3580 = ORIENTED_EDGE ( 'NONE', *, *, #7132, .F. ) ;
#3581 = B_SPLINE_CURVE_WITH_KNOTS ( 'NONE', 3,
 ( #2551, #10066, #9204, #11050, #4531, #8284 ),
 .UNSPECIFIED., .F., .F.,
 ( 4, 2, 4 ),
 ( 0.000000000000000000, 0.5000000000000000000, 1.000000000000000000 ),
 .UNSPECIFIED. ) ;
#3582 = DIRECTION ( 'NONE',  ( -7.166576360129189239E-17, 1.526556658859589750E-16, 1.000000000000000000 ) ) ;
#3583 = CIRCLE ( 'NONE', #3557, 0.9999999999999964473 ) ;
#3584 = VERTEX_POINT ( 'NONE', #5376 ) ;
#3585 = LINE ( 'NONE', #822, #8972 ) ;
#3586 = DIRECTION ( 'NONE',  ( -5.534080898362640505E-19, -1.000000000000000000, 1.527479348228904905E-16 ) ) ;
#3587 = DIRECTION ( 'NONE',  ( 1.000000000000000000, 0.000000000000000000, -4.697843999457050607E-15 ) ) ;
#3588 = CARTESIAN_POINT ( 'NONE',  ( 163.2171133453900040, -139.0155505122760076, 65.99999991151629786 ) ) ;
#3589 = EDGE_CURVE ( 'NONE', #6866, #10391, #4646, .T. ) ;
#3590 = CARTESIAN_POINT ( 'NONE',  ( 138.3469708054020089, -144.2945121572570031, 107.6775885006679943 ) ) ;
#3591 = AXIS2_PLACEMENT_3D ( 'NONE', #6332, #539, #6089 ) ;
#3592 = CARTESIAN_POINT ( 'NONE',  ( 122.2171131963784063, -139.6937481978259825, 62.74999999999930367 ) ) ;
#3593 = DIRECTION ( 'NONE',  ( -8.821935677471621045E-15, 1.954783668986920101E-17, -1.000000000000000000 ) ) ;
#3594 = DIRECTION ( 'NONE',  ( 0.000000000000000000, 1.000000000000000000, -1.526556658859589750E-16 ) ) ;
#3595 = ORIENTED_EDGE ( 'NONE', *, *, #3152, .T. ) ;
#3596 = DIRECTION ( 'NONE',  ( 1.654362013966960203E-24, -6.573933234426810631E-15, 1.000000000000000000 ) ) ;
#3597 = DIRECTION ( 'NONE',  ( 8.821935677471621045E-15, 2.327875578288760404E-16, 1.000000000000000000 ) ) ;
#3598 = ORIENTED_EDGE ( 'NONE', *, *, #1257, .F. ) ;
#3599 = EDGE_LOOP ( 'NONE', ( #10608, #7668, #10419, #5736 ) ) ;
#3600 = CARTESIAN_POINT ( 'NONE',  ( 134.9242201265765857, -119.4297640746489861, 69.70710669270299320 ) ) ;
#3601 = CYLINDRICAL_SURFACE ( 'NONE', #1577, 1.000000000000006217 ) ;
#3602 = VERTEX_POINT ( 'NONE', #9182 ) ;
#3603 = CIRCLE ( 'NONE', #6560, 3.900000000000000799 ) ;
#3604 = CARTESIAN_POINT ( 'NONE',  ( 163.2171133453904872, -148.3795071393267904, 61.45398638249999834 ) ) ;
#3605 = ADVANCED_FACE ( 'NONE', ( #5495 ), #1656, .T. ) ;
#3606 = LINE ( 'NONE', #10259, #1031 ) ;
#3607 = CARTESIAN_POINT ( 'NONE',  ( 158.5834021859320160, -140.4297640215119998, 104.5909950527140069 ) ) ;
#3608 = DIRECTION ( 'NONE',  ( -2.602085213964869829E-17, -1.000000000000000000, 1.526556658859589750E-16 ) ) ;
#3609 = ADVANCED_FACE ( 'NONE', ( #3515 ), #9246, .T. ) ;
#3610 = LINE ( 'NONE', #2442, #5597 ) ;
#3611 = CONICAL_SURFACE ( 'NONE', #10497, 2.549999999999996714, 0.7853981633974476129 ) ;
#3612 = CARTESIAN_POINT ( 'NONE',  ( 154.6834021859320103, -143.4297640215119714, 104.5909950527140069 ) ) ;
#3613 = LINE ( 'NONE', #6461, #2718 ) ;
#3614 = ORIENTED_EDGE ( 'NONE', *, *, #9775, .F. ) ;
#3615 = ORIENTED_EDGE ( 'NONE', *, *, #2942, .F. ) ;
#3616 = VERTEX_POINT ( 'NONE', #8328 ) ;
#3617 = AXIS2_PLACEMENT_3D ( 'NONE', #8794, #1218, #4982 ) ;
#3618 = FACE_OUTER_BOUND ( 'NONE', #224, .T. ) ;
#3619 = EDGE_CURVE ( 'NONE', #4806, #7983, #12089, .T. ) ;
#3620 = CARTESIAN_POINT ( 'NONE',  ( 164.4465137642559682, -145.1691643926979793, 98.70661940462490236 ) ) ;
#3621 = CARTESIAN_POINT ( 'NONE',  ( 163.1087258513475149, -120.4297680637882024, 62.66078637172639532 ) ) ;
#3622 = CARTESIAN_POINT ( 'NONE',  ( 160.3236515449580111, -120.6040123428311972, 60.27764156824849806 ) ) ;
#3623 = EDGE_CURVE ( 'NONE', #7458, #10836, #7287, .T. ) ;
#3625 = EDGE_CURVE ( 'NONE', #5194, #8685, #1793, .T. ) ;
#3624 = ORIENTED_EDGE ( 'NONE', *, *, #749, .F. ) ;
#3626 = LINE ( 'NONE', #2638, #2709 ) ;
#3627 = ORIENTED_EDGE ( 'NONE', *, *, #5947, .F. ) ;
#3628 = ORIENTED_EDGE ( 'NONE', *, *, #2647, .F. ) ;
#3629 = DIRECTION ( 'NONE',  ( -2.602085213964869829E-17, -1.000000000000000000, 1.526556658859589750E-16 ) ) ;
#3630 = ORIENTED_EDGE ( 'NONE', *, *, #9215, .T. ) ;
#3631 = VERTEX_POINT ( 'NONE', #875 ) ;
#3632 = ADVANCED_FACE ( 'NONE', ( #6092 ), #4234, .T. ) ;
#3633 = FACE_OUTER_BOUND ( 'NONE', #4971, .T. ) ;
#3634 = EDGE_LOOP ( 'NONE', ( #6146, #7046, #3308, #2431 ) ) ;
#3635 = AXIS2_PLACEMENT_3D ( 'NONE', #5559, #9430, #8393 ) ;
#3636 = EDGE_CURVE ( 'NONE', #10828, #8685, #2064, .T. ) ;
#3637 = CARTESIAN_POINT ( 'NONE',  ( 163.1469869765710143, -141.2594877015719703, 67.36560495250959946 ) ) ;
#3638 = CARTESIAN_POINT ( 'NONE',  ( 172.2895553697354671, -149.0968376612369752, 54.39376630871338847 ) ) ;
#3639 = DIRECTION ( 'NONE',  ( 0.5773502691896217343, -0.5773502691896297279, -0.5773502691896257311 ) ) ;
#3640 = CARTESIAN_POINT ( 'NONE',  ( 132.2171133453900040, -153.4297640746490003, 102.4571970973120045 ) ) ;
#3641 = ORIENTED_EDGE ( 'NONE', *, *, #1974, .F. ) ;
#3642 = MECHANICAL_DESIGN_GEOMETRIC_PRESENTATION_REPRESENTATION (  '', ( #7393 ), #10522 ) ;
#3643 =( BOUNDED_CURVE ( )  B_SPLINE_CURVE ( 2, ( #2731, #4585, #8340 ),
 .UNSPECIFIED., .F., .F. ) 
 B_SPLINE_CURVE_WITH_KNOTS ( ( 3, 3 ),
 ( 0.08299456234345740924, 0.5860987456314910027 ),
 .UNSPECIFIED. ) 
 CURVE ( )  GEOMETRIC_REPRESENTATION_ITEM ( )  RATIONAL_B_SPLINE_CURVE ( ( 1.012185618735119919, 1.045789100421789852, 1.039014568499990077 ) ) 
 REPRESENTATION_ITEM ( '' )  );
#3644 = CARTESIAN_POINT ( 'NONE',  ( 132.2171133453900040, -148.3795071393270177, 51.03123712248039823 ) ) ;
#3645 = ORIENTED_EDGE ( 'NONE', *, *, #1391, .F. ) ;
#3646 = CARTESIAN_POINT ( 'NONE',  ( 133.5223699658313308, -122.1224850547968970, 62.61152112133290615 ) ) ;
#3647 = CARTESIAN_POINT ( 'NONE',  ( 143.4008046154339695, -140.7226572403253897, 110.6572191369543958 ) ) ;
#3648 = CARTESIAN_POINT ( 'NONE',  ( 172.4131734971038554, -139.8632881047061858, 55.63033466282671213 ) ) ;
#3649 = PLANE ( 'NONE',  #5434 ) ;
#3650 = AXIS2_PLACEMENT_3D ( 'NONE', #5142, #7910, #10618 ) ;
#3651 = CIRCLE ( 'NONE', #4246, 2.899999999999986144 ) ;
#3652 = CARTESIAN_POINT ( 'NONE',  ( 158.7171133453899756, -139.4397640202369928, 80.50005035146709531 ) ) ;
#3653 = CARTESIAN_POINT ( 'NONE',  ( 138.3506535661560122, -144.2949860153899806, 106.3330733680300000 ) ) ;
#3654 = DIRECTION ( 'NONE',  ( 0.9513277913954432119, 2.242830061171862923E-15, -0.3081808451521089176 ) ) ;
#3655 = CARTESIAN_POINT ( 'NONE',  ( 157.6248169134119905, -148.2297640746490117, 102.0997837512840078 ) ) ;
#3656 = VERTEX_POINT ( 'NONE', #233 ) ;
#3657 = CARTESIAN_POINT ( 'NONE',  ( 162.5091324849968828, -153.4094550477670396, 66.76982771465806366 ) ) ;
#3658 = LINE ( 'NONE', #4657, #369 ) ;
#3659 = EDGE_CURVE ( 'NONE', #3768, #488, #6828, .T. ) ;
#3660 = ORIENTED_EDGE ( 'NONE', *, *, #1479, .T. ) ;
#3661 = ORIENTED_EDGE ( 'NONE', *, *, #282, .T. ) ;
#3662 = CARTESIAN_POINT ( 'NONE',  ( 129.7796740241493012, -143.6227117572545069, 51.13534865116191241 ) ) ;
#3663 = AXIS2_PLACEMENT_3D ( 'NONE', #12158, #11466, #9315 ) ;
#3664 = DIRECTION ( 'NONE',  ( 0.9238795325112872936, 0.3826834323650886160, -1.387778780781466186E-14 ) ) ;
#3665 = ORIENTED_EDGE ( 'NONE', *, *, #4462, .F. ) ;
#3666 = FACE_OUTER_BOUND ( 'NONE', #3203, .T. ) ;
#3667 = DIRECTION ( 'NONE',  ( -8.819642570807949962E-15, 5.631065177880979691E-09, -1.000000000000000000 ) ) ;
#3668 = CARTESIAN_POINT ( 'NONE',  ( 132.2171133453900040, -141.8439776370219931, 68.99999991151659628 ) ) ;
#3669 = B_SPLINE_CURVE_WITH_KNOTS ( 'NONE', 3,
 ( #5938, #7667, #6925, #8706, #2973, #10612, #5816, #4020, #11541, #2175, #3215, #5081, #6066, #208, #6747, #3958, #9565, #3095, #8833, #4894, #6985, #10672, #9683 ),
 .UNSPECIFIED., .F., .F.,
 ( 4, 2, 1, 1, 1, 1, 2, 2, 2, 1, 1, 1, 2, 2, 4 ),
 ( 0.000000000000000000, 0.007812500000000598480, 0.01562500000000119696, 0.03125000000001586925, 0.06250000000004519995, 0.1250000000001038891, 0.2500000000002318701, 0.5000000000004631850, 0.5078125000004722889, 0.5156250000004816147, 0.5312500000005064837, 0.5625000000004842793, 0.6250000000004246603, 0.7500000000002687850, 1.000000000000000000 ),
 .UNSPECIFIED. ) ;
#3670 = DIRECTION ( 'NONE',  ( 0.000000000000000000, 1.000000000000000000, -1.074295325692379890E-17 ) ) ;
#3671 = DIRECTION ( 'NONE',  ( -0.003622991423284898337, 0.000000000000000000, 0.9999934369450366178 ) ) ;
#3672 = DIRECTION ( 'NONE',  ( 0.000000000000000000, 0.000000000000000000, 1.000000000000000000 ) ) ;
#3673 = CARTESIAN_POINT ( 'NONE',  ( 130.2171133453899756, -141.4297640215180252, 58.25000000000000000 ) ) ;
#3674 = EDGE_CURVE ( 'NONE', #7436, #7935, #4805, .T. ) ;
#3675 = EDGE_CURVE ( 'NONE', #6586, #4833, #3410, .T. ) ;
#3676 = ORIENTED_EDGE ( 'NONE', *, *, #5510, .T. ) ;
#3677 = ORIENTED_EDGE ( 'NONE', *, *, #4538, .T. ) ;
#3678 = EDGE_LOOP ( 'NONE', ( #5400, #3288, #9142, #8868 ) ) ;
#3679 = VECTOR ( 'NONE', #2443, 999.9999999999998863 ) ;
#3680 = VECTOR ( 'NONE', #1749, 1000.000000000000000 ) ;
#3681 = EDGE_CURVE ( 'NONE', #8044, #9509, #4913, .T. ) ;
#3682 = DIRECTION ( 'NONE',  ( -0.7071067811865709984, 0.000000000000000000, 0.7071067811865240360 ) ) ;
#3683 = DIRECTION ( 'NONE',  ( 3.952306631074005269E-15, -1.000000000000000000, -6.049920343342720227E-15 ) ) ;
#3684 = CARTESIAN_POINT ( 'NONE',  ( 140.9671133340039830, -140.4297640215119998, 117.6643259181420120 ) ) ;
#3685 = CARTESIAN_POINT ( 'NONE',  ( 162.6737717491209025, -153.3291332696212805, 67.00196074832366833 ) ) ;
#3686 = AXIS2_PLACEMENT_3D ( 'NONE', #7619, #1708, #3672 ) ;
#3687 = VECTOR ( 'NONE', #2407, 1000.000000000000000 ) ;
#3688 = EDGE_LOOP ( 'NONE', ( #3018, #5532, #10085, #2179 ) ) ;
#3689 = CARTESIAN_POINT ( 'NONE',  ( 134.2171133453900040, -119.4297640746489861, 68.99999991151649681 ) ) ;
#3690 = EDGE_CURVE ( 'NONE', #417, #4176, #2144, .T. ) ;
#3691 = ORIENTED_EDGE ( 'NONE', *, *, #11679, .T. ) ;
#3692 = VERTEX_POINT ( 'NONE', #7808 ) ;
#3693 = DIRECTION ( 'NONE',  ( 1.000000000000000000, -2.602085213964869829E-17, 7.166576360129189239E-17 ) ) ;
#3694 = EDGE_CURVE ( 'NONE', #5300, #11223, #9519, .T. ) ;
#3695 = VERTEX_POINT ( 'NONE', #1278 ) ;
#3696 = VERTEX_POINT ( 'NONE', #293 ) ;
#3697 = EDGE_CURVE ( 'NONE', #7709, #3185, #3181, .T. ) ;
#3698 = DIRECTION ( 'NONE',  ( 2.602085213964869829E-17, 1.000000000000000000, -1.526556658859589750E-16 ) ) ;
#3699 = VECTOR ( 'NONE', #2227, 1000.000000000000000 ) ;
#3700 = EDGE_CURVE ( 'NONE', #10288, #1847, #10696, .T. ) ;
#3701 = CARTESIAN_POINT ( 'NONE',  ( 162.7170942870820056, -140.5154933373530071, 69.70699831078979969 ) ) ;
#3702 = CARTESIAN_POINT ( 'NONE',  ( 132.2171133453900040, -135.4297640746490288, 71.99999984474889914 ) ) ;
#3703 = CARTESIAN_POINT ( 'NONE',  ( 174.2350391999289911, -150.4118381109059897, 108.8158570098819951 ) ) ;
#3704 = DIRECTION ( 'NONE',  ( -2.602085213964869829E-17, -1.000000000000000000, 1.661572766674529829E-16 ) ) ;
#3705 = VERTEX_POINT ( 'NONE', #2322 ) ;
#3706 = CARTESIAN_POINT ( 'NONE',  ( 130.1106248479624128, -114.8297640215114086, 59.71382556213799830 ) ) ;
#3707 = AXIS2_PLACEMENT_3D ( 'NONE', #6999, #5951, #1145 ) ;
#3708 = ORIENTED_EDGE ( 'NONE', *, *, #4852, .F. ) ;
#3709 = CARTESIAN_POINT ( 'NONE',  ( 135.6669467343540134, -153.4297640746490003, 69.84999974667979927 ) ) ;
#3710 = EDGE_CURVE ( 'NONE', #3121, #8347, #1405, .T. ) ;
#3711 = ORIENTED_EDGE ( 'NONE', *, *, #2050, .T. ) ;
#3712 = CARTESIAN_POINT ( 'NONE',  ( 134.7906810807259319, -120.8562257708930048, 61.50132708354541933 ) ) ;
#3713 = EDGE_CURVE ( 'NONE', #10675, #6371, #7162, .T. ) ;
#3714 = LINE ( 'NONE', #1001, #7283 ) ;
#3715 = CARTESIAN_POINT ( 'NONE',  ( 173.2171134944015023, -140.4262129510822206, 57.08879711976310034 ) ) ;
#3716 = CARTESIAN_POINT ( 'NONE',  ( 160.5100065642035077, -138.0155505122760076, 69.70710669270289372 ) ) ;
#3717 = AXIS2_PLACEMENT_3D ( 'NONE', #5185, #2347, #3326 ) ;
#3718 = LINE ( 'NONE', #8217, #139 ) ;
#3719 = CARTESIAN_POINT ( 'NONE',  ( 138.3384323457480036, -144.2932744292899940, 110.3980652144450119 ) ) ;
#3720 = DIRECTION ( 'NONE',  ( -7.166576360129189239E-17, 0.000000000000000000, 1.000000000000000000 ) ) ;
#3721 = LINE ( 'NONE', #11237, #9188 ) ;
#3722 = EDGE_LOOP ( 'NONE', ( #1211, #10566, #9592, #3903, #751, #10492 ) ) ;
#3723 = DIRECTION ( 'NONE',  ( -2.428612952914209755E-16, 1.000000000000000000, 6.217248937900871104E-15 ) ) ;
#3724 = CARTESIAN_POINT ( 'NONE',  ( 165.2171133453904872, -144.0488782002692005, 57.98985306244370719 ) ) ;
#3725 = ADVANCED_FACE ( 'NONE', ( #8667 ), #6025, .T. ) ;
#3726 = ORIENTED_EDGE ( 'NONE', *, *, #6348, .F. ) ;
#3727 = ORIENTED_EDGE ( 'NONE', *, *, #1182, .F. ) ;
#3728 = VECTOR ( 'NONE', #2489, 1000.000000000000000 ) ;
#3729 = DIRECTION ( 'NONE',  ( 0.000000000000000000, -2.327875578288750051E-16, -1.000000000000000000 ) ) ;
#3730 = FACE_OUTER_BOUND ( 'NONE', #4164, .T. ) ;
#3731 = ORIENTED_EDGE ( 'NONE', *, *, #3713, .F. ) ;
#3732 = CARTESIAN_POINT ( 'NONE',  ( 132.7943122313689912, -153.3473727988535131, 66.96811484820980809 ) ) ;
#3733 = DIRECTION ( 'NONE',  ( 2.602085213964869829E-17, 1.000000000000000000, -1.661572766674529829E-16 ) ) ;
#3734 = AXIS2_PLACEMENT_3D ( 'NONE', #2479, #2542, #4580 ) ;
#3735 = CARTESIAN_POINT ( 'NONE',  ( 132.2171133453900325, -141.7130779327933681, 68.99999991151651102 ) ) ;
#3736 = DIRECTION ( 'NONE',  ( -1.000000000000000000, 3.614815666997100608E-15, 1.495620793011419899E-12 ) ) ;
#3737 = CARTESIAN_POINT ( 'NONE',  ( 163.1867387273269969, -147.0393531173683925, 51.11866876023830031 ) ) ;
#3738 = CARTESIAN_POINT ( 'NONE',  ( 132.9529035520108380, -139.8082010603689866, 69.92757152764757222 ) ) ;
#3739 = DIRECTION ( 'NONE',  ( 7.091018223718018616E-17, -0.02796071685984100053, -0.9996090227247269588 ) ) ;
#3740 = EDGE_LOOP ( 'NONE', ( #209, #51, #11332, #2986, #11689, #759, #4537 ) ) ;
#3741 = ORIENTED_EDGE ( 'NONE', *, *, #1976, .F. ) ;
#3742 = ORIENTED_EDGE ( 'NONE', *, *, #4325, .T. ) ;
#3743 = SURFACE_STYLE_USAGE ( .BOTH. , #10147 ) ;
#3744 = CARTESIAN_POINT ( 'NONE',  ( 134.5521261191209987, -140.4297640215119998, 105.3643259181410059 ) ) ;
#3745 = FACE_OUTER_BOUND ( 'NONE', #7346, .T. ) ;
#3746 = EDGE_CURVE ( 'NONE', #11707, #4441, #4009, .T. ) ;
#3747 = CARTESIAN_POINT ( 'NONE',  ( 133.2171133453900040, -153.4297640746490003, 95.20718002819110382 ) ) ;
#3748 = ORIENTED_EDGE ( 'NONE', *, *, #154, .T. ) ;
#3749 = DIRECTION ( 'NONE',  ( 0.7071067811865475727, 0.7071067811865475727, 4.648472769130805320E-15 ) ) ;
#3750 = ORIENTED_EDGE ( 'NONE', *, *, #8831, .T. ) ;
#3751 = EDGE_LOOP ( 'NONE', ( #8991, #8083 ) ) ;
#3752 = CARTESIAN_POINT ( 'NONE',  ( 154.8171131927749968, -148.4297640746490003, 102.0997837512840078 ) ) ;
#3753 = VERTEX_POINT ( 'NONE', #10760 ) ;
#3754 = ORIENTED_EDGE ( 'NONE', *, *, #8754, .T. ) ;
#3755 = LINE ( 'NONE', #2890, #7850 ) ;
#3756 = VECTOR ( 'NONE', #10056, 1000.000000000000000 ) ;
#3757 = FACE_OUTER_BOUND ( 'NONE', #5996, .T. ) ;
#3758 = CARTESIAN_POINT ( 'NONE',  ( 169.9786284033264963, -120.4297680637880035, 53.38549640900549775 ) ) ;
#3759 = ADVANCED_FACE ( 'NONE', ( #482 ), #3301, .F. ) ;
#3760 = CARTESIAN_POINT ( 'NONE',  ( 134.7171133453893788, -138.5155505122754107, 69.70710669270299320 ) ) ;
#3761 = CARTESIAN_POINT ( 'NONE',  ( 162.4859119063521007, -139.8219473906270309, 69.92493015708966198 ) ) ;
#3762 = CIRCLE ( 'NONE', #7112, 1.000000000000003553 ) ;
#3763 = VERTEX_POINT ( 'NONE', #3120 ) ;
#3764 = EDGE_CURVE ( 'NONE', #3381, #8553, #2201, .T. ) ;
#3765 = SPHERICAL_SURFACE ( 'NONE', #237, 1.000000000000000000 ) ;
#3766 = ORIENTED_EDGE ( 'NONE', *, *, #7656, .F. ) ;
#3767 = LINE ( 'NONE', #5621, #6401 ) ;
#3768 = VERTEX_POINT ( 'NONE', #11868 ) ;
#3769 = CARTESIAN_POINT ( 'NONE',  ( 134.7854785863160600, -120.8611740663524046, 61.51054984196284181 ) ) ;
#3770 = LINE ( 'NONE', #3944, #8263 ) ;
#3771 = AXIS2_PLACEMENT_3D ( 'NONE', #2980, #6754, #3913 ) ;
#3772 = LINE ( 'NONE', #1931, #7138 ) ;
#3773 = DIRECTION ( 'NONE',  ( 0.3270549272311608080, 0.08236264136435605954, 0.9414092998697785042 ) ) ;
#3774 = PLANE ( 'NONE',  #6253 ) ;
#3775 = EDGE_CURVE ( 'NONE', #3304, #10193, #8729, .T. ) ;
#3776 = DIRECTION ( 'NONE',  ( -4.832443957009299887E-15, -1.000000000000000000, -6.661338147750930565E-15 ) ) ;
#3777 = ADVANCED_FACE ( 'NONE', ( #4298 ), #4357, .T. ) ;
#3778 = CARTESIAN_POINT ( 'NONE',  ( 141.2106690963749998, -140.4297640215119998, 105.3643259181410059 ) ) ;
#3779 = CARTESIAN_POINT ( 'NONE',  ( 132.2474879634529827, -121.4473735486275956, 51.11866876023850637 ) ) ;
#3780 = VECTOR ( 'NONE', #7290, 1000.000000000000000 ) ;
#3781 = AXIS2_PLACEMENT_3D ( 'NONE', #3621, #5600, #5539 ) ;
#3782 = ORIENTED_EDGE ( 'NONE', *, *, #406, .F. ) ;
#3783 = DIRECTION ( 'NONE',  ( -2.334670139474400226E-15, 0.000000000000000000, 1.000000000000000000 ) ) ;
#3784 = EDGE_CURVE ( 'NONE', #7458, #9189, #12000, .T. ) ;
#3785 = LINE ( 'NONE', #2914, #11979 ) ;
#3786 = ORIENTED_EDGE ( 'NONE', *, *, #9550, .T. ) ;
#3787 = VERTEX_POINT ( 'NONE', #2622 ) ;
#3788 = DIRECTION ( 'NONE',  ( 1.177071316573370074E-14, 2.327875581410159747E-16, 1.000000000000000000 ) ) ;
#3789 = CYLINDRICAL_SURFACE ( 'NONE', #7311, 2.500000000000002220 ) ;
#3790 = EDGE_LOOP ( 'NONE', ( #2719, #1253, #8351, #7939, #8857 ) ) ;
#3791 = PLANE ( 'NONE',  #11911 ) ;
#3792 = DIRECTION ( 'NONE',  ( -3.049932991346550160E-15, -1.000000000000000000, 3.049932991346550160E-15 ) ) ;
#3793 = ADVANCED_FACE ( 'NONE', ( #1707 ), #9218, .T. ) ;
#3794 = DIRECTION ( 'NONE',  ( -1.504056274950594933E-15, -1.000000000000000000, -1.504056274950594933E-15 ) ) ;
#3795 = CARTESIAN_POINT ( 'NONE',  ( 163.0167801804618648, -141.2294309097206906, 68.99999991151628365 ) ) ;
#3796 = CARTESIAN_POINT ( 'NONE',  ( 175.2171133453909988, -149.2641735625587955, 64.75000000000000000 ) ) ;
#3797 = CARTESIAN_POINT ( 'NONE',  ( 132.2171133453900040, -153.4297640746490003, 60.04999999999999716 ) ) ;
#3798 = CARTESIAN_POINT ( 'NONE',  ( 131.2171133605719717, -119.4297640746489861, 62.74999974667999680 ) ) ;
#3799 = AXIS2_PLACEMENT_3D ( 'NONE', #5708, #4787, #8419 ) ;
#3800 = ORIENTED_EDGE ( 'NONE', *, *, #12178, .T. ) ;
#3801 = VERTEX_POINT ( 'NONE', #7318 ) ;
#3802 = ORIENTED_EDGE ( 'NONE', *, *, #1820, .F. ) ;
#3803 = CARTESIAN_POINT ( 'NONE',  ( 174.2171133453904872, -127.6838383413243747, 66.00407431981281547 ) ) ;
#3804 = AXIS2_PLACEMENT_3D ( 'NONE', #3968, #2979, #407 ) ;
#3805 = DIRECTION ( 'NONE',  ( -0.7071067811865474617, 0.7071067811865474617, 6.121750631620415371E-15 ) ) ;
#3806 = CARTESIAN_POINT ( 'NONE',  ( 160.2171133453899756, -138.9297640746490288, 68.99999991151629786 ) ) ;
#3807 = VERTEX_POINT ( 'NONE', #10080 ) ;
#3808 = CARTESIAN_POINT ( 'NONE',  ( 133.6669467408600269, -154.0297640746490231, 83.34999974667989875 ) ) ;
#3809 = VERTEX_POINT ( 'NONE', #11065 ) ;
#3810 = ORIENTED_EDGE ( 'NONE', *, *, #1201, .T. ) ;
#3811 = ORIENTED_EDGE ( 'NONE', *, *, #11221, .T. ) ;
#3812 = VECTOR ( 'NONE', #4388, 1000.000000000000000 ) ;
#3813 = ORIENTED_EDGE ( 'NONE', *, *, #9391, .F. ) ;
#3814 = ADVANCED_FACE ( 'NONE', ( #6395 ), #6214, .T. ) ;
#3815 = LINE ( 'NONE', #2029, #3516 ) ;
#3816 = DIRECTION ( 'NONE',  ( -7.166576360129300173E-17, 0.000000000000000000, 1.000000000000000000 ) ) ;
#3817 = LINE ( 'NONE', #4696, #11244 ) ;
#3818 = CARTESIAN_POINT ( 'NONE',  ( 134.7596747763882945, -140.8337979749774718, 110.5461665525495647 ) ) ;
#3819 = VECTOR ( 'NONE', #790, 1000.000000000000000 ) ;
#3820 = EDGE_LOOP ( 'NONE', ( #3899, #10399 ) ) ;
#3821 = CARTESIAN_POINT ( 'NONE',  ( 163.2171133453904872, -114.4297640215112040, 62.74648661845999698 ) ) ;
#3822 = ORIENTED_EDGE ( 'NONE', *, *, #11167, .F. ) ;
#3823 = CARTESIAN_POINT ( 'NONE',  ( 134.8495688774236783, -138.6480060443096818, 69.44721350701647111 ) ) ;
#3824 = ORIENTED_EDGE ( 'NONE', *, *, #9916, .F. ) ;
#3825 = EDGE_CURVE ( 'NONE', #4704, #5471, #7195, .T. ) ;
#3826 = CIRCLE ( 'NONE', #11495, 1.849999999999990541 ) ;
#3827 = CARTESIAN_POINT ( 'NONE',  ( 130.7606248479624185, -117.4297640215114029, 60.27765112427590566 ) ) ;
#3828 = DIRECTION ( 'NONE',  ( 0.7071067819528303877, 0.000000000000000000, 0.7071067804202646467 ) ) ;
#3829 = EDGE_CURVE ( 'NONE', #5412, #9, #11935, .T. ) ;
#3830 = DIRECTION ( 'NONE',  ( -4.795077207320080361E-24, 1.000000000000000000, -2.366582714832560085E-30 ) ) ;
#3831 = DIRECTION ( 'NONE',  ( 3.752643576907700278E-15, 1.000000000000000000, -1.526556658859589750E-16 ) ) ;
#3832 = CARTESIAN_POINT ( 'NONE',  ( 132.2171133453900040, -119.4297640746489861, 62.74999974667980496 ) ) ;
#3833 = AXIS2_PLACEMENT_3D ( 'NONE', #734, #8308, #5598 ) ;
#3834 = FACE_OUTER_BOUND ( 'NONE', #9100, .T. ) ;
#3835 = FACE_BOUND ( 'NONE', #11928, .T. ) ;
#3836 = VERTEX_POINT ( 'NONE', #3421 ) ;
#3837 = CARTESIAN_POINT ( 'NONE',  ( 160.2171133453899756, -119.4297640746489861, 66.99999991151629786 ) ) ;
#3838 = FACE_OUTER_BOUND ( 'NONE', #11953, .T. ) ;
#3839 = ORIENTED_EDGE ( 'NONE', *, *, #3675, .F. ) ;
#3840 = ORIENTED_EDGE ( 'NONE', *, *, #10822, .F. ) ;
#3841 = EDGE_CURVE ( 'NONE', #9680, #6371, #3610, .T. ) ;
#3842 = DIRECTION ( 'NONE',  ( 0.000000000000000000, 1.000000000000000000, -2.327875578288750051E-16 ) ) ;
#3843 = DIRECTION ( 'NONE',  ( -0.7071067809181789121, 0.000000000000000000, -0.7071067814549162334 ) ) ;
#3844 = ORIENTED_EDGE ( 'NONE', *, *, #8292, .F. ) ;
#3845 = EDGE_CURVE ( 'NONE', #5953, #8324, #3317, .T. ) ;
#3846 = VECTOR ( 'NONE', #11366, 1000.000000000000114 ) ;
#3847 = B_SPLINE_CURVE_WITH_KNOTS ( 'NONE', 3,
 ( #8407, #834, #6630, #92 ),
 .UNSPECIFIED., .F., .F.,
 ( 4, 4 ),
 ( 0.000000000000000000, 0.05812481868912310057 ),
 .UNSPECIFIED. ) ;
#3848 = VECTOR ( 'NONE', #10100, 1000.000000000000000 ) ;
#3849 = EDGE_CURVE ( 'NONE', #11536, #8117, #1647, .T. ) ;
#3850 = CARTESIAN_POINT ( 'NONE',  ( 165.2171133453904872, -141.4297640215177978, 58.25000000000000000 ) ) ;
#3851 = DIRECTION ( 'NONE',  ( 2.602085213964869829E-17, 1.000000000000000000, -1.526556658859589750E-16 ) ) ;
#3852 = EDGE_CURVE ( 'NONE', #10527, #9011, #1591, .T. ) ;
#3853 = PLANE ( 'NONE',  #3799 ) ;
#3854 = CYLINDRICAL_SURFACE ( 'NONE', #278, 2.500000000000002220 ) ;
#3855 = CARTESIAN_POINT ( 'NONE',  ( 132.7171301269663957, -140.5155001675441895, 69.70699703576039497 ) ) ;
#3856 = VECTOR ( 'NONE', #7642, 1000.000000000000000 ) ;
#3857 = PLANE ( 'NONE',  #1739 ) ;
#3858 = ORIENTED_EDGE ( 'NONE', *, *, #10632, .T. ) ;
#3859 = VERTEX_POINT ( 'NONE', #11007 ) ;
#3860 = VERTEX_POINT ( 'NONE', #727 ) ;
#3861 = EDGE_CURVE ( 'NONE', #5095, #5412, #5346, .T. ) ;
#3862 = ADVANCED_FACE ( 'NONE', ( #1527 ), #9094, .T. ) ;
#3863 = DIRECTION ( 'NONE',  ( 4.795077224196439697E-24, -1.000000000000000000, -6.573933234426810631E-15 ) ) ;
#3864 = LINE ( 'NONE', #10214, #12069 ) ;
#3865 = CYLINDRICAL_SURFACE ( 'NONE', #9993, 0.9999999999999964473 ) ;
#3866 = EDGE_LOOP ( 'NONE', ( #8318, #10579, #10630, #4432 ) ) ;
#3867 = CARTESIAN_POINT ( 'NONE',  ( 134.9242201265765857, -127.9297640746490146, 69.70710669270299320 ) ) ;
#3868 = AXIS2_PLACEMENT_3D ( 'NONE', #1528, #4299, #11066 ) ;
#3869 = ORIENTED_EDGE ( 'NONE', *, *, #9082, .F. ) ;
#3870 = ORIENTED_EDGE ( 'NONE', *, *, #7333, .T. ) ;
#3871 = AXIS2_PLACEMENT_3D ( 'NONE', #522, #10805, #5201 ) ;
#3872 = ORIENTED_EDGE ( 'NONE', *, *, #7390, .F. ) ;
#3873 = ADVANCED_FACE ( 'NONE', ( #2563 ), #4416, .T. ) ;
#3874 = EDGE_LOOP ( 'NONE', ( #3919, #6611 ) ) ;
#3875 = LINE ( 'NONE', #11335, #2535 ) ;
#3876 = CARTESIAN_POINT ( 'NONE',  ( 164.1583628191302182, -147.7047261593410781, 54.32916630688080062 ) ) ;
#3877 = DIRECTION ( 'NONE',  ( 1.000000000000000000, -2.602085213964869829E-17, 7.166576360129189239E-17 ) ) ;
#3878 = CIRCLE ( 'NONE', #354, 14.00000000000001243 ) ;
#3879 = LINE ( 'NONE', #8450, #11950 ) ;
#3880 = ORIENTED_EDGE ( 'NONE', *, *, #4538, .F. ) ;
#3881 = DIRECTION ( 'NONE',  ( -1.387778780781444098E-14, -1.526556658859589750E-16, -1.000000000000000000 ) ) ;
#3882 = ORIENTED_EDGE ( 'NONE', *, *, #6490, .T. ) ;
#3883 = CARTESIAN_POINT ( 'NONE',  ( 123.5966568808355106, -149.0767894872014097, 53.90176921929730725 ) ) ;
#3884 = VECTOR ( 'NONE', #11355, 1000.000000000000000 ) ;
#3885 = VERTEX_POINT ( 'NONE', #1827 ) ;
#3886 = AXIS2_PLACEMENT_3D ( 'NONE', #8109, #8051, #2441 ) ;
#3887 = DIRECTION ( 'NONE',  ( -1.745666764649140125E-15, -1.000000000000000000, 1.745666764649140125E-15 ) ) ;
#3888 = DIRECTION ( 'NONE',  ( -1.656711937411270011E-15, -1.000000000000000000, 1.656711941001984991E-15 ) ) ;
#3889 = PLANE ( 'NONE',  #6233 ) ;
#3890 =( BOUNDED_CURVE ( )  B_SPLINE_CURVE ( 3, ( #7165, #9923, #3517, #10794 ),
 .UNSPECIFIED., .F., .F. ) 
 B_SPLINE_CURVE_WITH_KNOTS ( ( 4, 4 ),
 ( 4.719147851734369681, 5.349890256905279529 ),
 .UNSPECIFIED. ) 
 CURVE ( )  GEOMETRIC_REPRESENTATION_ITEM ( )  RATIONAL_B_SPLINE_CURVE ( ( 1.000000000000000000, 0.9671208724905309140, 0.9671208724905309140, 1.000000000000000000 ) ) 
 REPRESENTATION_ITEM ( '' )  );
#3891 = CARTESIAN_POINT ( 'NONE',  ( 138.9784901960680941, -140.5321401553955241, 110.8484253939540451 ) ) ;
#3892 = ADVANCED_FACE ( 'NONE', ( #1955 ), #6699, .T. ) ;
#3893 = VECTOR ( 'NONE', #9340, 1000.000000000000000 ) ;
#3894 = FACE_OUTER_BOUND ( 'NONE', #8454, .T. ) ;
#3895 = EDGE_CURVE ( 'NONE', #3091, #3185, #2926, .T. ) ;
#3896 = AXIS2_PLACEMENT_3D ( 'NONE', #9093, #10943, #1464 ) ;
#3897 = DIRECTION ( 'NONE',  ( 3.160768215787150073E-15, 1.000000000000000000, -1.526556658859589750E-16 ) ) ;
#3898 = CARTESIAN_POINT ( 'NONE',  ( 147.7171133226179904, -154.4297640746490003, 87.95716295907050153 ) ) ;
#3899 = ORIENTED_EDGE ( 'NONE', *, *, #4914, .F. ) ;
#3900 = DIRECTION ( 'NONE',  ( -1.582785080566889997E-25, 1.000000000000000000, -4.885921557539250456E-25 ) ) ;
#3901 = CARTESIAN_POINT ( 'NONE',  ( 162.3315778276229651, -139.3605002968623410, 67.01120168727588577 ) ) ;
#3902 = ORIENTED_EDGE ( 'NONE', *, *, #9256, .F. ) ;
#3903 = ORIENTED_EDGE ( 'NONE', *, *, #8375, .T. ) ;
#3904 = DIRECTION ( 'NONE',  ( -1.000000000000000000, 0.000000000000000000, 2.449293572821440166E-16 ) ) ;
#3905 = CARTESIAN_POINT ( 'NONE',  ( 139.1026109842580070, -140.4297640215119998, 105.3643259181410059 ) ) ;
#3906 = VERTEX_POINT ( 'NONE', #3737 ) ;
#3907 = CONICAL_SURFACE ( 'NONE', #2333, 2.549999999999996714, 0.7853981633974419507 ) ;
#3908 = AXIS2_PLACEMENT_3D ( 'NONE', #11089, #5242, #568 ) ;
#3909 = CARTESIAN_POINT ( 'NONE',  ( 154.0148597042879999, -140.4297640215119998, 98.69164219418240691 ) ) ;
#3910 = CYLINDRICAL_SURFACE ( 'NONE', #3566, 0.9999999999999945599 ) ;
#3911 = DIRECTION ( 'NONE',  ( 0.000000000000000000, -1.000000000000000000, 1.526556658859589750E-16 ) ) ;
#3912 = EDGE_CURVE ( 'NONE', #5544, #3248, #6589, .T. ) ;
#3913 = DIRECTION ( 'NONE',  ( 2.602088489840219991E-17, 1.000000000000000000, 0.000000000000000000 ) ) ;
#3914 = CARTESIAN_POINT ( 'NONE',  ( 163.1624349640949845, -114.4297640215112040, 57.29751360743310329 ) ) ;
#3915 = CARTESIAN_POINT ( 'NONE',  ( 134.4517489958223564, -140.5570687481118739, 110.8544773326666899 ) ) ;
#3916 = ADVANCED_FACE ( 'NONE', ( #6459 ), #8359, .T. ) ;
#3917 = ORIENTED_EDGE ( 'NONE', *, *, #1655, .F. ) ;
#3918 = ORIENTED_EDGE ( 'NONE', *, *, #609, .F. ) ;
#3919 = ORIENTED_EDGE ( 'NONE', *, *, #8796, .T. ) ;
#3920 = CARTESIAN_POINT ( 'NONE',  ( 132.5102147637133783, -139.0155507300202089, 70.29309614226079361 ) ) ;
#3921 = DIRECTION ( 'NONE',  ( 1.000000000000000000, -2.602085213964869829E-17, 7.166576360129189239E-17 ) ) ;
#3922 = CARTESIAN_POINT ( 'NONE',  ( 163.2171132912669975, -136.4297640746490288, 81.50005036323310037 ) ) ;
#3923 = EDGE_CURVE ( 'NONE', #8246, #3859, #10440, .T. ) ;
#3924 = ORIENTED_EDGE ( 'NONE', *, *, #7350, .T. ) ;
#3925 = DIRECTION ( 'NONE',  ( 0.000000000000000000, -1.000000000000000000, 1.526556658859589750E-16 ) ) ;
#3926 = EDGE_CURVE ( 'NONE', #4507, #4002, #5766, .T. ) ;
#3927 = VECTOR ( 'NONE', #11168, 1000.000000000000000 ) ;
#3928 = ORIENTED_EDGE ( 'NONE', *, *, #11830, .F. ) ;
#3929 = ORIENTED_EDGE ( 'NONE', *, *, #7750, .T. ) ;
#3930 = EDGE_CURVE ( 'NONE', #1995, #11081, #2008, .T. ) ;
#3931 = ORIENTED_EDGE ( 'NONE', *, *, #11914, .F. ) ;
#3932 = VERTEX_POINT ( 'NONE', #6520 ) ;
#3933 = PLANE ( 'NONE',  #10013 ) ;
#3934 = CARTESIAN_POINT ( 'NONE',  ( 125.2801567501100095, -154.4297640215114882, 63.68695659527989505 ) ) ;
#3935 = CARTESIAN_POINT ( 'NONE',  ( 135.2171131927750309, -154.0297640746490231, 103.7997837512839965 ) ) ;
#3936 = DIRECTION ( 'NONE',  ( 3.968265012137535573E-15, 1.000000000000000000, 6.038100494773620537E-15 ) ) ;
#3937 = ADVANCED_FACE ( 'NONE', ( #5528 ), #8421, .T. ) ;
#3938 = VERTEX_POINT ( 'NONE', #162 ) ;
#3939 = CARTESIAN_POINT ( 'NONE',  ( 162.2171133453900040, -152.4297640746490003, 67.14091634279270693 ) ) ;
#3940 = ORIENTED_EDGE ( 'NONE', *, *, #8831, .F. ) ;
#3941 = CARTESIAN_POINT ( 'NONE',  ( 124.2182486213249888, -149.0516401424156641, 53.26643706489246455 ) ) ;
#3942 = ORIENTED_EDGE ( 'NONE', *, *, #2090, .F. ) ;
#3943 = AXIS2_PLACEMENT_3D ( 'NONE', #11989, #10999, #2676 ) ;
#3944 = CARTESIAN_POINT ( 'NONE',  ( 163.2171133453904872, -154.4297640215109766, 57.75000005960450267 ) ) ;
#3945 = CARTESIAN_POINT ( 'NONE',  ( 163.1409749733529964, -141.4613015873265738, 67.99999991151649681 ) ) ;
#3946 = ORIENTED_EDGE ( 'NONE', *, *, #10024, .T. ) ;
#3947 = CARTESIAN_POINT ( 'NONE',  ( 160.2171133453899756, -141.1797640215119998, 100.6909950527140012 ) ) ;
#3948 = CIRCLE ( 'NONE', #4553, 0.9999999999999964473 ) ;
#3949 = CARTESIAN_POINT ( 'NONE',  ( 139.0808663299519026, -140.4297640215119714, 111.0962178133068505 ) ) ;
#3950 = DIRECTION ( 'NONE',  ( 0.000000000000000000, -1.000000000000000000, 1.526556658859589750E-16 ) ) ;
#3951 = CARTESIAN_POINT ( 'NONE',  ( 161.2171133453899756, -138.0155505122760076, 78.81249988289620489 ) ) ;
#3952 = CARTESIAN_POINT ( 'NONE',  ( 170.6421424605040897, -153.8807304801348721, 64.17502911511354569 ) ) ;
#3953 = ORIENTED_EDGE ( 'NONE', *, *, #3225, .T. ) ;
#3954 = ORIENTED_EDGE ( 'NONE', *, *, #11320, .T. ) ;
#3955 = FACE_OUTER_BOUND ( 'NONE', #6742, .T. ) ;
#3956 = AXIS2_PLACEMENT_3D ( 'NONE', #7777, #3145, #10544 ) ;
#3957 = ORIENTED_EDGE ( 'NONE', *, *, #4518, .T. ) ;
#3958 = CARTESIAN_POINT ( 'NONE',  ( 132.9595135785439481, -139.7884261688147376, 67.06870829870128148 ) ) ;
#3959 = ORIENTED_EDGE ( 'NONE', *, *, #3694, .T. ) ;
#3960 = CARTESIAN_POINT ( 'NONE',  ( 132.7171133453900040, -134.9297640746490288, 70.99999991151649681 ) ) ;
#3961 = ORIENTED_EDGE ( 'NONE', *, *, #1520, .T. ) ;
#3962 = ORIENTED_CLOSED_SHELL ( 'NONE', *, #9252, .F. );
#3963 = ADVANCED_FACE ( 'NONE', ( #9399 ), #4605, .F. ) ;
#3964 =( BOUNDED_CURVE ( )  B_SPLINE_CURVE ( 3, ( #1171, #9724, #3068, #7760 ),
 .UNSPECIFIED., .F., .F. ) 
 B_SPLINE_CURVE_WITH_KNOTS ( ( 4, 4 ),
 ( 2.409864256128290101E-15, 1.126157883263465997 ),
 .UNSPECIFIED. ) 
 CURVE ( )  GEOMETRIC_REPRESENTATION_ITEM ( )  RATIONAL_B_SPLINE_CURVE ( ( 1.000000000000000000, 0.8970770709083960570, 0.8970770709083960570, 1.000000000000000000 ) ) 
 REPRESENTATION_ITEM ( '' )  );
#3965 = CARTESIAN_POINT ( 'NONE',  ( 134.2171133453900040, -119.4297640746489861, 69.99999991151649681 ) ) ;
#3966 = DIRECTION ( 'NONE',  ( 0.5951893636155756173, 7.213999003242654818E-15, -0.8035854786137478500 ) ) ;
#3967 = AXIS2_PLACEMENT_3D ( 'NONE', #2716, #5683, #5497 ) ;
#3968 = CARTESIAN_POINT ( 'NONE',  ( 162.8236018428179932, -117.6297640215111926, 60.27765112427590566 ) ) ;
#3969 = DIRECTION ( 'NONE',  ( -1.000000000000000000, 0.000000000000000000, -1.387778780781444413E-14 ) ) ;
#3970 = CARTESIAN_POINT ( 'NONE',  ( 162.9242201265759888, -141.1368708558350136, 68.99999991151629786 ) ) ;
#3971 = ADVANCED_BREP_SHAPE_REPRESENTATION ( 'Cowl', ( #1212, #5570, #5657, #10934 ), #6426 ) ;
#3972 = CARTESIAN_POINT ( 'NONE',  ( 134.5632570140961946, -140.6368431694300511, 110.7432879402682460 ) ) ;
#3973 = ORIENTED_EDGE ( 'NONE', *, *, #7755, .T. ) ;
#3974 = ORIENTED_EDGE ( 'NONE', *, *, #10313, .T. ) ;
#3975 = CARTESIAN_POINT ( 'NONE',  ( 132.4310176357249986, -141.2160726720400135, 67.83489290210189893 ) ) ;
#3976 = ORIENTED_EDGE ( 'NONE', *, *, #11091, .F. ) ;
#3977 = AXIS2_PLACEMENT_3D ( 'NONE', #7743, #11563, #4106 ) ;
#3978 = EDGE_CURVE ( 'NONE', #10896, #10446, #2682, .T. ) ;
#3979 = DIRECTION ( 'NONE',  ( 3.752643576899560023E-15, 1.000000000000000000, -1.526556658859879903E-16 ) ) ;
#3980 = CARTESIAN_POINT ( 'NONE',  ( 130.2171133453899756, -134.0920877878091915, 57.98985306244379956 ) ) ;
#3981 = ADVANCED_FACE ( 'NONE', ( #7443 ), #3854, .F. ) ;
#3982 = PLANE ( 'NONE',  #3391 ) ;
#3983 = FACE_OUTER_BOUND ( 'NONE', #2072, .T. ) ;
#3984 = DIRECTION ( 'NONE',  ( 1.000000000000000000, -3.480590576041360211E-15, -1.177071316573370074E-14 ) ) ;
#3985 = AXIS2_PLACEMENT_3D ( 'NONE', #8108, #10136, #7193 ) ;
#3986 = ORIENTED_EDGE ( 'NONE', *, *, #8492, .T. ) ;
#3987 = CARTESIAN_POINT ( 'NONE',  ( 163.2171133453900040, -139.0155505122760076, 70.99999991151629786 ) ) ;
#3988 = VERTEX_POINT ( 'NONE', #9455 ) ;
#3989 = ORIENTED_EDGE ( 'NONE', *, *, #6364, .T. ) ;
#3990 = ORIENTED_EDGE ( 'NONE', *, *, #5777, .T. ) ;
#3991 = CARTESIAN_POINT ( 'NONE',  ( 134.6080256774564816, -140.6814631447160480, 106.0301603255366700 ) ) ;
#3992 = EDGE_CURVE ( 'NONE', #7908, #2932, #905, .T. ) ;
#3993 = AXIS2_PLACEMENT_3D ( 'NONE', #9633, #1200, #8841 ) ;
#3994 = EDGE_CURVE ( 'NONE', #3616, #5080, #4587, .T. ) ;
#3995 = LINE ( 'NONE', #5974, #7802 ) ;
#3996 = CARTESIAN_POINT ( 'NONE',  ( 135.1106238705201292, -120.6202750613214789, 60.08918978720885917 ) ) ;
#3997 = EDGE_CURVE ( 'NONE', #1939, #805, #10724, .T. ) ;
#3998 = FACE_OUTER_BOUND ( 'NONE', #7048, .T. ) ;
#3999 = EDGE_LOOP ( 'NONE', ( #7892, #8472, #9310, #7274, #6768 ) ) ;
#4000 = CARTESIAN_POINT ( 'NONE',  ( 133.2171133453900040, -152.4297640746490003, 95.20718002819110382 ) ) ;
#4001 = VECTOR ( 'NONE', #8205, 1000.000000000000000 ) ;
#4002 = VERTEX_POINT ( 'NONE', #7562 ) ;
#4003 = CARTESIAN_POINT ( 'NONE',  ( 163.2171133453900040, -144.5297640215119941, 65.95898615365621254 ) ) ;
#4004 = VERTEX_POINT ( 'NONE', #11313 ) ;
#4005 = CARTESIAN_POINT ( 'NONE',  ( 132.2171048332870384, -139.0115525824829774, 70.70058800746559768 ) ) ;
#4006 = EDGE_CURVE ( 'NONE', #11429, #5319, #8541, .T. ) ;
#4007 = CARTESIAN_POINT ( 'NONE',  ( 122.2171131963784063, -120.4297680637884156, 62.75000000000000000 ) ) ;
#4008 = VERTEX_POINT ( 'NONE', #345 ) ;
#4009 = CIRCLE ( 'NONE', #10895, 2.750000000000002665 ) ;
#4010 = CARTESIAN_POINT ( 'NONE',  ( 162.8776912382080582, -153.4297640746488867, 66.83721180991200583 ) ) ;
#4011 = LINE ( 'NONE', #4823, #5845 ) ;
#4012 = CARTESIAN_POINT ( 'NONE',  ( 165.5236018428180103, -114.6297640215111926, 59.71382556213799830 ) ) ;
#4013 = DIRECTION ( 'NONE',  ( -2.145924504042549292E-07, -4.340136074836909266E-07, -0.9999999999998827604 ) ) ;
#4014 = CARTESIAN_POINT ( 'NONE',  ( 158.5171131927750139, -148.4297640746490003, 103.7997837512839965 ) ) ;
#4015 = VERTEX_POINT ( 'NONE', #9634 ) ;
#4016 = CIRCLE ( 'NONE', #6787, 1.000000000000000888 ) ;
#4017 = ORIENTED_EDGE ( 'NONE', *, *, #23, .T. ) ;
#4018 = CARTESIAN_POINT ( 'NONE',  ( 162.2171133453900040, -139.0155505122760076, 66.99999991151639733 ) ) ;
#4019 = ORIENTED_EDGE ( 'NONE', *, *, #321, .T. ) ;
#4020 = CARTESIAN_POINT ( 'NONE',  ( 132.7724119626279844, -140.3499508903845197, 67.22160692074304222 ) ) ;
#4021 = ORIENTED_EDGE ( 'NONE', *, *, #8004, .F. ) ;
#4022 = CARTESIAN_POINT ( 'NONE',  ( 173.2171134944015023, -120.4297680637882024, 57.08879711976319271 ) ) ;
#4023 = ORIENTED_EDGE ( 'NONE', *, *, #4996, .F. ) ;
#4024 = CARTESIAN_POINT ( 'NONE',  ( 161.2171133453899756, -138.0155505122760076, 67.99999991151629786 ) ) ;
#4025 = FACE_OUTER_BOUND ( 'NONE', #6564, .T. ) ;
#4026 = LINE ( 'NONE', #12187, #129 ) ;
#4027 = CYLINDRICAL_SURFACE ( 'NONE', #7359, 0.5899999999999971934 ) ;
#4028 = FACE_OUTER_BOUND ( 'NONE', #10161, .T. ) ;
#4029 = CARTESIAN_POINT ( 'NONE',  ( 121.2171133453899898, -154.4297640215114882, 62.75000000000000000 ) ) ;
#4030 = EDGE_CURVE ( 'NONE', #7996, #5907, #4158, .T. ) ;
#4031 = CARTESIAN_POINT ( 'NONE',  ( 135.2053871776569736, -143.4297640215119714, 104.5909950527140069 ) ) ;
#4032 = DIRECTION ( 'NONE',  ( 0.000000000000000000, 0.7071067811865475727, 0.7071067811865475727 ) ) ;
#4033 = VERTEX_POINT ( 'NONE', #9818 ) ;
#4034 = ORIENTED_EDGE ( 'NONE', *, *, #957, .F. ) ;
#4035 = CARTESIAN_POINT ( 'NONE',  ( 132.2872397338890096, -141.2594915997539999, 67.36559871253560061 ) ) ;
#4036 = VECTOR ( 'NONE', #9873, 1000.000000000000000 ) ;
#4037 =( BOUNDED_CURVE ( )  B_SPLINE_CURVE ( 2, ( #1945, #4782, #2002 ),
 .UNSPECIFIED., .F., .T. ) 
 B_SPLINE_CURVE_WITH_KNOTS ( ( 3, 3 ),
 ( 3.769814651598129895, 3.895803133736254864 ),
 .UNSPECIFIED. ) 
 CURVE ( )  GEOMETRIC_REPRESENTATION_ITEM ( )  RATIONAL_B_SPLINE_CURVE ( ( 1.309053150733130000, 1.305377805891152043, 1.301111611164825987 ) ) 
 REPRESENTATION_ITEM ( '' )  );
#4038 = AXIS2_PLACEMENT_3D ( 'NONE', #4433, #9236, #744 ) ;
#4039 = ORIENTED_EDGE ( 'NONE', *, *, #11286, .T. ) ;
#4040 = DIRECTION ( 'NONE',  ( 0.3198345585774040045, -0.2239505688958640384, -0.9206258728880131192 ) ) ;
#4041 = DIRECTION ( 'NONE',  ( 0.7071067811865475727, 0.000000000000000000, -0.7071067811865475727 ) ) ;
#4042 = DIRECTION ( 'NONE',  ( 1.110222950178881936E-16, 0.000000000000000000, -1.000000000000000000 ) ) ;
#4043 = AXIS2_PLACEMENT_3D ( 'NONE', #6055, #9799, #504 ) ;
#4044 = PRESENTATION_LAYER_ASSIGNMENT (  '', '', ( #2675 ) ) ;
#4045 = DIRECTION ( 'NONE',  ( -3.795365069985939951E-10, 0.000000000000000000, 1.000000000000000000 ) ) ;
#4046 = EDGE_CURVE ( 'NONE', #2688, #11631, #5891, .T. ) ;
#4047 = EDGE_CURVE ( 'NONE', #5276, #4004, #9756, .T. ) ;
#4048 = ORIENTED_EDGE ( 'NONE', *, *, #6336, .F. ) ;
#4049 = CARTESIAN_POINT ( 'NONE',  ( 129.9166948805590209, -154.4297640746490003, 111.1656475902200043 ) ) ;
#4050 = ORIENTED_EDGE ( 'NONE', *, *, #2497, .F. ) ;
#4051 = ORIENTED_EDGE ( 'NONE', *, *, #7603, .F. ) ;
#4052 = ORIENTED_EDGE ( 'NONE', *, *, #4942, .F. ) ;
#4053 = AXIS2_PLACEMENT_3D ( 'NONE', #11761, #3314, #6349 ) ;
#4054 = CARTESIAN_POINT ( 'NONE',  ( 162.5759154134989899, -139.4891223747929985, 70.03550506716560164 ) ) ;
#4055 = DIRECTION ( 'NONE',  ( -1.000000000000000000, 0.000000000000000000, 0.000000000000000000 ) ) ;
#4056 = FACE_OUTER_BOUND ( 'NONE', #6942, .T. ) ;
#4057 = DIRECTION ( 'NONE',  ( 3.480590576041360211E-15, 1.000000000000000000, 0.000000000000000000 ) ) ;
#4058 = EDGE_CURVE ( 'NONE', #11151, #10209, #10261, .T. ) ;
#4059 = VECTOR ( 'NONE', #324, 1000.000000000000000 ) ;
#4060 = ORIENTED_EDGE ( 'NONE', *, *, #6540, .F. ) ;
#4061 = DIRECTION ( 'NONE',  ( 0.5951893636155756173, 8.416332170449763954E-15, -0.8035854786137478500 ) ) ;
#4062 = EDGE_CURVE ( 'NONE', #1083, #123, #7917, .T. ) ;
#4063 = ORIENTED_EDGE ( 'NONE', *, *, #1888, .T. ) ;
#4064 = CARTESIAN_POINT ( 'NONE',  ( 132.2171133453900040, -136.4297640746490288, 80.50005035146759269 ) ) ;
#4065 = ADVANCED_FACE ( 'NONE', ( #10563 ), #3226, .F. ) ;
#4066 = EDGE_LOOP ( 'NONE', ( #10852, #7849, #7035, #8633, #2281 ) ) ;
#4067 = EDGE_CURVE ( 'NONE', #12093, #5121, #1545, .T. ) ;
#4068 = LINE ( 'NONE', #8013, #573 ) ;
#4069 = VECTOR ( 'NONE', #8718, 1000.000000000000000 ) ;
#4070 = CARTESIAN_POINT ( 'NONE',  ( 133.9425134960249864, -140.4297640215119998, 105.3643259181410059 ) ) ;
#4071 = CIRCLE ( 'NONE', #2103, 0.9999999999999964473 ) ;
#4072 = ORIENTED_EDGE ( 'NONE', *, *, #1367, .F. ) ;
#4073 = CARTESIAN_POINT ( 'NONE',  ( 131.2171133534549767, -142.4297640746490003, 81.50005039771909310 ) ) ;
#4074 = DIRECTION ( 'NONE',  ( -0.7071067811865474617, 0.7071067811865474617, 5.849033469756016291E-25 ) ) ;
#4075 = CARTESIAN_POINT ( 'NONE',  ( 147.7171133453900040, -152.8297640746490060, 79.38821466846520991 ) ) ;
#4076 = DIRECTION ( 'NONE',  ( -3.683226109728400325E-15, -1.000000000000000000, 1.526556658859579889E-16 ) ) ;
#4077 = ADVANCED_FACE ( 'NONE', ( #10741 ), #8900, .F. ) ;
#4078 = CARTESIAN_POINT ( 'NONE',  ( 120.2171133453899898, -154.4460613007630059, 43.25000000000059686 ) ) ;
#4079 = AXIS2_PLACEMENT_3D ( 'NONE', #2943, #9354, #921 ) ;
#4080 = VERTEX_POINT ( 'NONE', #10501 ) ;
#4081 = AXIS2_PLACEMENT_3D ( 'NONE', #9123, #10906, #10110 ) ;
#4082 = ORIENTED_EDGE ( 'NONE', *, *, #3674, .F. ) ;
#4083 = DIRECTION ( 'NONE',  ( -1.734923810071225168E-15, -1.000000000000000000, -1.734923811388140097E-15 ) ) ;
#4084 = EDGE_CURVE ( 'NONE', #4514, #4578, #649, .T. ) ;
#4085 = ORIENTED_EDGE ( 'NONE', *, *, #6670, .F. ) ;
#4086 = CARTESIAN_POINT ( 'NONE',  ( 132.2171133453900040, -139.0155505122760076, 65.99999991151649681 ) ) ;
#4087 = VERTEX_POINT ( 'NONE', #11486 ) ;
#4088 = DIRECTION ( 'NONE',  ( 1.000000000000000000, -2.602085213964869829E-17, 7.166576360129189239E-17 ) ) ;
#4089 = ORIENTED_EDGE ( 'NONE', *, *, #11827, .T. ) ;
#4090 = DIRECTION ( 'NONE',  ( 7.166576360129189239E-17, -1.526556658859589750E-16, -1.000000000000000000 ) ) ;
#4091 = TOROIDAL_SURFACE ( 'NONE', #7253, 5.250025253359289934, 1.000000000000000000 ) ;
#4092 = VECTOR ( 'NONE', #10695, 1000.000000000000114 ) ;
#4093 = DIRECTION ( 'NONE',  ( -2.602085213964869829E-17, -1.000000000000000000, 1.526556658859589750E-16 ) ) ;
#4094 = CARTESIAN_POINT ( 'NONE',  ( 136.7171133453900040, -139.4397640202369928, 80.50005037466729618 ) ) ;
#4095 = CARTESIAN_POINT ( 'NONE',  ( 163.2171133453900040, -154.4297640746490003, 58.25000000000000000 ) ) ;
#4096 = CARTESIAN_POINT ( 'NONE',  ( 163.2171133453900040, -153.4297640746490003, 62.74999974667980496 ) ) ;
#4097 = ADVANCED_FACE ( 'NONE', ( #3164 ), #4905, .T. ) ;
#4098 = DIRECTION ( 'NONE',  ( -4.664896225277480661E-15, 1.000000000000000000, 0.000000000000000000 ) ) ;
#4099 = CARTESIAN_POINT ( 'NONE',  ( 132.2171133453900040, -135.4297640746490288, 70.99999991151649681 ) ) ;
#4100 = FACE_OUTER_BOUND ( 'NONE', #8860, .T. ) ;
#4101 = ORIENTED_EDGE ( 'NONE', *, *, #628, .T. ) ;
#4102 = ORIENTED_EDGE ( 'NONE', *, *, #283, .T. ) ;
#4103 = DIRECTION ( 'NONE',  ( -0.8944271909999325088, 0.000000000000000000, -0.4472135954999246210 ) ) ;
#4104 = ORIENTED_EDGE ( 'NONE', *, *, #9725, .T. ) ;
#4105 = CARTESIAN_POINT ( 'NONE',  ( 160.3236515449580111, -120.6040123428311972, 60.27764156824849806 ) ) ;
#4106 = DIRECTION ( 'NONE',  ( 0.000000000000000000, -1.526556658859589750E-16, -1.000000000000000000 ) ) ;
#4107 = UNCERTAINTY_MEASURE_WITH_UNIT (LENGTH_MEASURE( 1.000000000000000082E-05 ), #6295, 'distance_accuracy_value', 'NONE');
#4108 = DIRECTION ( 'NONE',  ( 8.810118433399939970E-15, 1.526556658859629933E-16, 1.000000000000000000 ) ) ;
#4109 = CIRCLE ( 'NONE', #10793, 0.9999999999999964473 ) ;
#4110 = CARTESIAN_POINT ( 'NONE',  ( 131.2171133453900040, -153.4297640746490003, 102.7500000000329976 ) ) ;
#4111 = DIRECTION ( 'NONE',  ( 0.000000000000000000, -1.000000000000000000, -6.573933234426810631E-15 ) ) ;
#4112 = ORIENTED_EDGE ( 'NONE', *, *, #6070, .F. ) ;
#4113 = CARTESIAN_POINT ( 'NONE',  ( 168.6298797530100160, -114.4297640215112040, 57.75000000000000000 ) ) ;
#4114 = VERTEX_POINT ( 'NONE', #6937 ) ;
#4115 = ORIENTED_EDGE ( 'NONE', *, *, #10094, .T. ) ;
#4116 = ORIENTED_EDGE ( 'NONE', *, *, #3713, .T. ) ;
#4117 = CIRCLE ( 'NONE', #1371, 1.700000000000007061 ) ;
#4118 = CARTESIAN_POINT ( 'NONE',  ( 162.9235350938109832, -141.1365155485270009, 69.14840264444890749 ) ) ;
#4119 = EDGE_CURVE ( 'NONE', #4372, #9973, #4764, .T. ) ;
#4120 = ADVANCED_FACE ( 'NONE', ( #1202 ), #5948, .F. ) ;
#4121 = CARTESIAN_POINT ( 'NONE',  ( 168.6298797530100160, -119.4297640215111898, 57.75000000000000000 ) ) ;
#4122 = CARTESIAN_POINT ( 'NONE',  ( 173.2171134944015023, -120.9250550260163948, 57.08879711976319271 ) ) ;
#4123 = B_SPLINE_CURVE_WITH_KNOTS ( 'NONE', 3,
 ( #2182, #9572, #10213, #12068 ),
 .UNSPECIFIED., .F., .F.,
 ( 4, 4 ),
 ( 0.000000000000000000, 1.000000000000000000 ),
 .UNSPECIFIED. ) ;
#4124 = DIRECTION ( 'NONE',  ( 0.008142047127309334428, 6.938893903907228378E-15, -0.9999668529849260468 ) ) ;
#4125 = AXIS2_PLACEMENT_3D ( 'NONE', #7053, #2418, #6189 ) ;
#4126 = ORIENTED_EDGE ( 'NONE', *, *, #1078, .F. ) ;
#4127 = CARTESIAN_POINT ( 'NONE',  ( 165.2171133453904872, -134.0920877878090209, 62.25000000000000000 ) ) ;
#4128 = VERTEX_POINT ( 'NONE', #5026 ) ;
#4129 = DIRECTION ( 'NONE',  ( -0.4397326120322761489, -0.1821432117215195934, 0.8794652240646252395 ) ) ;
#4130 = ORIENTED_EDGE ( 'NONE', *, *, #5714, .F. ) ;
#4131 = ORIENTED_EDGE ( 'NONE', *, *, #4959, .T. ) ;
#4132 = CARTESIAN_POINT ( 'NONE',  ( 132.4310176577999982, -141.2160726641159840, 69.16510684089669780 ) ) ;
#4133 = ADVANCED_FACE ( 'NONE', ( #4028 ), #6877, .T. ) ;
#4134 = DIRECTION ( 'NONE',  ( -1.103783268114681861E-16, 1.000000000000000000, 7.931326066931689378E-15 ) ) ;
#4135 = ORIENTED_EDGE ( 'NONE', *, *, #6704, .T. ) ;
#4136 = DIRECTION ( 'NONE',  ( 0.8125199200687445167, -0.3365567705907691609, 0.4759631494779753558 ) ) ;
#4137 = CARTESIAN_POINT ( 'NONE',  ( 124.2171133453900040, -149.8297648895429859, 100.7500000000290044 ) ) ;
#4138 = EDGE_CURVE ( 'NONE', #3173, #12093, #953, .T. ) ;
#4139 = DIRECTION ( 'NONE',  ( -2.602085213964869829E-17, -1.000000000000000000, 1.526556658859589750E-16 ) ) ;
#4140 = CARTESIAN_POINT ( 'NONE',  ( 121.2171132380950098, -149.8297642385199993, 102.2500048832440029 ) ) ;
#4141 = DIRECTION ( 'NONE',  ( 8.821935677471621045E-15, 1.408384218142889936E-16, 1.000000000000000000 ) ) ;
#4142 = VERTEX_POINT ( 'NONE', #8953 ) ;
#4143 = ORIENTED_EDGE ( 'NONE', *, *, #10901, .T. ) ;
#4144 = CARTESIAN_POINT ( 'NONE',  ( 133.0664558081502094, -146.4785198376042104, 53.47602185630469762 ) ) ;
#4145 = ORIENTED_EDGE ( 'NONE', *, *, #7288, .T. ) ;
#4146 = FACE_OUTER_BOUND ( 'NONE', #8435, .T. ) ;
#4147 = ORIENTED_EDGE ( 'NONE', *, *, #1715, .F. ) ;
#4148 = DIRECTION ( 'NONE',  ( 7.166576360129189239E-17, -1.526556658859589750E-16, -1.000000000000000000 ) ) ;
#4149 = EDGE_LOOP ( 'NONE', ( #9959, #794, #9206, #11069, #3436, #5452, #6538 ) ) ;
#4150 = EDGE_CURVE ( 'NONE', #2722, #1013, #3468, .T. ) ;
#4151 = DIRECTION ( 'NONE',  ( -0.9999999999999998890, 0.000000000000000000, -8.327311597843549196E-09 ) ) ;
#4152 = AXIS2_PLACEMENT_3D ( 'NONE', #10376, #4836, #3843 ) ;
#4153 = PLANE ( 'NONE',  #815 ) ;
#4154 = CARTESIAN_POINT ( 'NONE',  ( 133.2171133453900040, -135.4297640746490288, 80.50005035146759269 ) ) ;
#4155 = EDGE_CURVE ( 'NONE', #6087, #6975, #2366, .T. ) ;
#4156 = CARTESIAN_POINT ( 'NONE',  ( 135.2171131927750309, -148.0297640746490231, 103.7997837512839965 ) ) ;
#4157 = EDGE_CURVE ( 'NONE', #12013, #3425, #1508, .T. ) ;
#4158 = LINE ( 'NONE', #7675, #10309 ) ;
#4159 = CARTESIAN_POINT ( 'NONE',  ( 163.2171133453900040, -152.4297640746490003, 60.25000000000000000 ) ) ;
#4160 = AXIS2_PLACEMENT_3D ( 'NONE', #1823, #7378, #6392 ) ;
#4161 = CARTESIAN_POINT ( 'NONE',  ( 132.6248169134119905, -148.0297640746490231, 102.0997837512840078 ) ) ;
#4162 = CYLINDRICAL_SURFACE ( 'NONE', #949, 0.9999999999999986677 ) ;
#4163 = ORIENTED_EDGE ( 'NONE', *, *, #4759, .F. ) ;
#4164 = EDGE_LOOP ( 'NONE', ( #2387, #565, #9595, #11874 ) ) ;
#4165 = CARTESIAN_POINT ( 'NONE',  ( 132.2770230827229909, -141.4323596058729891, 68.00216687017139350 ) ) ;
#4166 = CARTESIAN_POINT ( 'NONE',  ( 163.2171133453900040, -147.2275103831459830, 98.69164219418240691 ) ) ;
#4167 = ORIENTED_EDGE ( 'NONE', *, *, #2532, .F. ) ;
#4168 = ADVANCED_FACE ( 'NONE', ( #3405 ), #10006, .T. ) ;
#4169 = VECTOR ( 'NONE', #7180, 1000.000000000000114 ) ;
#4170 = VECTOR ( 'NONE', #916, 1000.000000000000000 ) ;
#4171 = CARTESIAN_POINT ( 'NONE',  ( 160.5445696338821620, -120.7627121840854869, 61.31027334559649233 ) ) ;
#4172 = CARTESIAN_POINT ( 'NONE',  ( 132.6106248479624128, -114.4297640215114029, 60.17765112427590424 ) ) ;
#4173 = CARTESIAN_POINT ( 'NONE',  ( 160.5100065642029961, -138.7226572934619639, 78.81249988289620489 ) ) ;
#4174 = CARTESIAN_POINT ( 'NONE',  ( 132.5100065642033940, -153.1368708558354967, 98.59091295356078888 ) ) ;
#4175 = DIRECTION ( 'NONE',  ( 1.000000000000000000, 0.000000000000000000, 0.000000000000000000 ) ) ;
#4176 = VERTEX_POINT ( 'NONE', #7058 ) ;
#4177 = FACE_OUTER_BOUND ( 'NONE', #10207, .T. ) ;
#4178 = CIRCLE ( 'NONE', #11440, 1.000000000000000888 ) ;
#4179 = CIRCLE ( 'NONE', #5752, 0.9999999999999964473 ) ;
#4180 = ORIENTED_EDGE ( 'NONE', *, *, #8353, .F. ) ;
#4181 = ORIENTED_EDGE ( 'NONE', *, *, #7523, .T. ) ;
#4182 = ORIENTED_EDGE ( 'NONE', *, *, #3697, .T. ) ;
#4183 = CARTESIAN_POINT ( 'NONE',  ( 134.4526463745169735, -140.5692295417593698, 105.8747502961924596 ) ) ;
#4184 = DIRECTION ( 'NONE',  ( 0.000000000000000000, -1.000000000000000000, 2.327875578288750051E-16 ) ) ;
#4185 = AXIS2_PLACEMENT_3D ( 'NONE', #9526, #1274, #5038 ) ;
#4186 = CARTESIAN_POINT ( 'NONE',  ( 131.9466248479623971, -154.4297640215114882, 50.25265112427569392 ) ) ;
#4187 = PLANE ( 'NONE',  #8802 ) ;
#4188 = ORIENTED_EDGE ( 'NONE', *, *, #388, .F. ) ;
#4189 = CARTESIAN_POINT ( 'NONE',  ( 163.2171133453900040, -141.8439776370219931, 68.99999991151629786 ) ) ;
#4190 = EDGE_CURVE ( 'NONE', #1943, #12047, #10807, .T. ) ;
#4191 = EDGE_LOOP ( 'NONE', ( #721, #9523, #1623, #4533, #7232 ) ) ;
#4192 = CARTESIAN_POINT ( 'NONE',  ( 132.4057069938945972, -153.0166174597246140, 67.14091634279262166 ) ) ;
#4193 = VERTEX_POINT ( 'NONE', #8222 ) ;
#4194 = VECTOR ( 'NONE', #8665, 1000.000000000000000 ) ;
#4195 = ORIENTED_EDGE ( 'NONE', *, *, #9098, .F. ) ;
#4196 = CARTESIAN_POINT ( 'NONE',  ( 132.2171133453900040, -140.7031487276439918, 70.73838858455680167 ) ) ;
#4197 = EDGE_LOOP ( 'NONE', ( #3257, #4850, #5788, #1654, #2706, #8982, #9871 ) ) ;
#4198 = CARTESIAN_POINT ( 'NONE',  ( 135.2053871776569736, -140.4297640215119998, 104.5909950527140069 ) ) ;
#4199 = LINE ( 'NONE', #8823, #9982 ) ;
#4200 = AXIS2_PLACEMENT_3D ( 'NONE', #12036, #8524, #5569 ) ;
#4201 = CARTESIAN_POINT ( 'NONE',  ( 122.2171131963785911, -120.9250549939359871, 57.08879711976319271 ) ) ;
#4202 = CARTESIAN_POINT ( 'NONE',  ( 170.2171133453900040, -154.6398243570239970, 63.75000000000000000 ) ) ;
#4203 = EDGE_CURVE ( 'NONE', #6477, #4563, #11917, .T. ) ;
#4204 = ORIENTED_EDGE ( 'NONE', *, *, #10229, .T. ) ;
#4205 = VERTEX_POINT ( 'NONE', #5266 ) ;
#4206 = DIRECTION ( 'NONE',  ( 7.116814260417668513E-15, 0.000000000000000000, -1.000000000000000000 ) ) ;
#4207 = ORIENTED_EDGE ( 'NONE', *, *, #597, .F. ) ;
#4208 = CARTESIAN_POINT ( 'NONE',  ( 160.2171131927750025, -148.2297640746490117, 103.7997837512839965 ) ) ;
#4209 = EDGE_CURVE ( 'NONE', #4250, #2581, #8296, .T. ) ;
#4210 = VERTEX_POINT ( 'NONE', #711 ) ;
#4211 = CARTESIAN_POINT ( 'NONE',  ( 132.2171133453900040, -139.4397640202369928, 80.50005035146709531 ) ) ;
#4212 = AXIS2_PLACEMENT_3D ( 'NONE', #2079, #4111, #9589 ) ;
#4213 = CARTESIAN_POINT ( 'NONE',  ( 160.2171133453899756, -138.0155505122760076, 78.81249988289620489 ) ) ;
#4214 = CARTESIAN_POINT ( 'NONE',  ( 132.6106248479624128, -114.4297640215114029, 60.17765112427590424 ) ) ;
#4215 = CARTESIAN_POINT ( 'NONE',  ( 133.0664558081502094, -138.4595744938966106, 53.47602185630480420 ) ) ;
#4216 = CARTESIAN_POINT ( 'NONE',  ( 138.9718515397022713, -144.7520142136384607, 105.8791653172954739 ) ) ;
#4217 = CARTESIAN_POINT ( 'NONE',  ( 160.2171133453899756, -119.4459165395000042, 96.26432591814179318 ) ) ;
#4218 = EDGE_CURVE ( 'NONE', #10886, #2611, #1633, .T. ) ;
#4219 = DIRECTION ( 'NONE',  ( 0.000000000000000000, 6.818862593363321148E-15, -1.000000000000000000 ) ) ;
#4220 = DIRECTION ( 'NONE',  ( -2.428612952914179680E-16, 1.000000000000000000, 6.573933234426810631E-15 ) ) ;
#4221 = ADVANCED_FACE ( 'NONE', ( #11731 ), #5203, .F. ) ;
#4222 = EDGE_LOOP ( 'NONE', ( #4207, #4435, #12123, #3125, #7751 ) ) ;
#4223 = ORIENTED_EDGE ( 'NONE', *, *, #10385, .T. ) ;
#4224 = CARTESIAN_POINT ( 'NONE',  ( 132.2171133453900040, -139.0112278823970087, 66.00000234636489438 ) ) ;
#4225 = EDGE_CURVE ( 'NONE', #2581, #4851, #8498, .T. ) ;
#4226 = CARTESIAN_POINT ( 'NONE',  ( 138.3505596011420096, -144.2949728171120114, 106.3643259181410059 ) ) ;
#4227 = ORIENTED_EDGE ( 'NONE', *, *, #112, .T. ) ;
#4228 = AXIS2_PLACEMENT_3D ( 'NONE', #7278, #2583, #3506 ) ;
#4229 = EDGE_CURVE ( 'NONE', #8226, #8662, #9076, .T. ) ;
#4230 = CARTESIAN_POINT ( 'NONE',  ( 161.0794101227063777, -121.2831760347436045, 62.07878349374728089 ) ) ;
#4231 = CARTESIAN_POINT ( 'NONE',  ( 173.2171134944019855, -120.4297639520752057, 62.75000000000000000 ) ) ;
#4232 = FACE_BOUND ( 'NONE', #2012, .T. ) ;
#4233 = DIRECTION ( 'NONE',  ( 1.000000000000000000, 0.000000000000000000, -4.666241877321180938E-16 ) ) ;
#4234 = PLANE ( 'NONE',  #10111 ) ;
#4235 = LINE ( 'NONE', #5408, #3679 ) ;
#4236 = AXIS2_PLACEMENT_3D ( 'NONE', #6467, #7389, #1775 ) ;
#4237 = ORIENTED_EDGE ( 'NONE', *, *, #7080, .T. ) ;
#4238 = PLANE ( 'NONE',  #6655 ) ;
#4239 = EDGE_CURVE ( 'NONE', #1796, #8944, #4463, .T. ) ;
#4240 = ORIENTED_EDGE ( 'NONE', *, *, #7972, .F. ) ;
#4241 = ORIENTED_EDGE ( 'NONE', *, *, #863, .F. ) ;
#4242 = EDGE_CURVE ( 'NONE', #1174, #9189, #5448, .T. ) ;
#4243 = ORIENTED_EDGE ( 'NONE', *, *, #4157, .T. ) ;
#4244 = CARTESIAN_POINT ( 'NONE',  ( 124.2171133453900040, -153.4297640746490003, 100.7500000000290044 ) ) ;
#4245 = AXIS2_PLACEMENT_3D ( 'NONE', #8337, #12097, #645 ) ;
#4246 = AXIS2_PLACEMENT_3D ( 'NONE', #5097, #9824, #6821 ) ;
#4247 = CARTESIAN_POINT ( 'NONE',  ( 163.2171133453904872, -149.7113989081723844, 51.03123712248030586 ) ) ;
#4248 = CARTESIAN_POINT ( 'NONE',  ( 135.0892184107322009, -120.6606051625073377, 59.89779211374239054 ) ) ;
#4249 = LINE ( 'NONE', #4312, #1138 ) ;
#4250 = VERTEX_POINT ( 'NONE', #2606 ) ;
#4251 = CARTESIAN_POINT ( 'NONE',  ( 174.2171132998449821, -146.9297640480800169, 100.7500000000300133 ) ) ;
#4252 = EDGE_CURVE ( 'NONE', #5319, #2114, #3345, .T. ) ;
#4253 = ORIENTED_EDGE ( 'NONE', *, *, #11726, .F. ) ;
#4254 = AXIS2_PLACEMENT_3D ( 'NONE', #4198, #10790, #2285 ) ;
#4255 = CIRCLE ( 'NONE', #3453, 3.099999999999991651 ) ;
#4256 = CARTESIAN_POINT ( 'NONE',  ( 127.4387430301741659, -136.7699883797179723, 51.91664625081959628 ) ) ;
#4257 = VERTEX_POINT ( 'NONE', #10926 ) ;
#4258 = EDGE_LOOP ( 'NONE', ( #299, #1515 ) ) ;
#4259 = LINE ( 'NONE', #8935, #8837 ) ;
#4260 = ORIENTED_EDGE ( 'NONE', *, *, #4209, .F. ) ;
#4261 = CARTESIAN_POINT ( 'NONE',  ( 163.0571133453900075, -152.9723504732990307, 67.14091634279270693 ) ) ;
#4262 = AXIS2_PLACEMENT_3D ( 'NONE', #2452, #3558, #7330 ) ;
#4263 = B_SPLINE_CURVE_WITH_KNOTS ( 'NONE', 3,
 ( #9625, #11659, #5879, #4086 ),
 .UNSPECIFIED., .F., .F.,
 ( 4, 4 ),
 ( 0.000000000000000000, 1.000000000000000000 ),
 .UNSPECIFIED. ) ;
#4264 = CARTESIAN_POINT ( 'NONE',  ( 132.9242201265763867, -127.4297640746490146, 81.20715713265418856 ) ) ;
#4265 = LINE ( 'NONE', #8079, #7948 ) ;
#4266 = FACE_OUTER_BOUND ( 'NONE', #5018, .T. ) ;
#4267 = ORIENTED_EDGE ( 'NONE', *, *, #11064, .F. ) ;
#4268 = VERTEX_POINT ( 'NONE', #2486 ) ;
#4269 = DIRECTION ( 'NONE',  ( -7.166576360129189239E-17, 0.000000000000000000, 1.000000000000000000 ) ) ;
#4270 = VECTOR ( 'NONE', #5405, 1000.000000000000000 ) ;
#4271 = ORIENTED_EDGE ( 'NONE', *, *, #3395, .T. ) ;
#4272 = DIRECTION ( 'NONE',  ( -4.727417165305189624E-14, -6.709576272139020344E-15, 1.000000000000000000 ) ) ;
#4273 = CYLINDRICAL_SURFACE ( 'NONE', #1789, 0.9999999999999964473 ) ;
#4274 = ADVANCED_FACE ( 'NONE', ( #11175 ), #6440, .F. ) ;
#4275 = CARTESIAN_POINT ( 'NONE',  ( 132.2171133453900040, -154.4297640215114882, 62.75000000000000000 ) ) ;
#4276 = EDGE_CURVE ( 'NONE', #4257, #6098, #5742, .T. ) ;
#4277 = LINE ( 'NONE', #5261, #4466 ) ;
#4278 = AXIS2_PLACEMENT_3D ( 'NONE', #1144, #9695, #11488 ) ;
#4279 = CARTESIAN_POINT ( 'NONE',  ( 133.5171131927750139, -148.0297640746490231, 102.0997837512840078 ) ) ;
#4280 = CIRCLE ( 'NONE', #5853, 12.00000000000000000 ) ;
#4281 = CARTESIAN_POINT ( 'NONE',  ( 139.0285545067251292, -144.8904172898896263, 105.7419810629407237 ) ) ;
#4282 = CARTESIAN_POINT ( 'NONE',  ( 163.2171133453900040, -153.4297640746490003, 67.14091634279270693 ) ) ;
#4283 = DIRECTION ( 'NONE',  ( -6.336404259145639923E-17, 1.000000000000000000, -6.359402734540659909E-17 ) ) ;
#4284 = LINE ( 'NONE', #9141, #10395 ) ;
#4285 = ORIENTED_EDGE ( 'NONE', *, *, #462, .F. ) ;
#4286 = ORIENTED_EDGE ( 'NONE', *, *, #12055, .F. ) ;
#4287 = LINE ( 'NONE', #5458, #8963 ) ;
#4288 = LINE ( 'NONE', #5153, #11226 ) ;
#4289 = ORIENTED_EDGE ( 'NONE', *, *, #3636, .T. ) ;
#4290 = VECTOR ( 'NONE', #7629, 1000.000000000000000 ) ;
#4291 = CARTESIAN_POINT ( 'NONE',  ( 160.8412303646386761, -121.0472532697078805, 61.80410312689372887 ) ) ;
#4292 = EDGE_CURVE ( 'NONE', #1319, #5121, #3424, .T. ) ;
#4293 = PLANE ( 'NONE',  #10476 ) ;
#4294 = FACE_OUTER_BOUND ( 'NONE', #4149, .T. ) ;
#4295 =( BOUNDED_CURVE ( )  B_SPLINE_CURVE ( 3, ( #3724, #7491, #5637, #4717 ),
 .UNSPECIFIED., .F., .F. ) 
 B_SPLINE_CURVE_WITH_KNOTS ( ( 4, 4 ),
 ( 3.552713677973315189E-15, 1.126157883263465997 ),
 .UNSPECIFIED. ) 
 CURVE ( )  GEOMETRIC_REPRESENTATION_ITEM ( )  RATIONAL_B_SPLINE_CURVE ( ( 1.000000000000000000, 0.8970770709083970562, 0.8970770709083970562, 1.000000000000000000 ) ) 
 REPRESENTATION_ITEM ( '' )  );
#4296 = DIRECTION ( 'NONE',  ( -0.7071067811865475727, 0.000000000000000000, 0.7071067811865475727 ) ) ;
#4297 = EDGE_CURVE ( 'NONE', #7167, #5490, #8466, .T. ) ;
#4298 = FACE_OUTER_BOUND ( 'NONE', #5726, .T. ) ;
#4299 = DIRECTION ( 'NONE',  ( 0.000000000000000000, 1.000000000000000000, -1.526556658859589750E-16 ) ) ;
#4300 = VECTOR ( 'NONE', #7565, 1000.000000000000000 ) ;
#4301 = EDGE_LOOP ( 'NONE', ( #11886, #6568, #238, #413 ) ) ;
#4302 = DIRECTION ( 'NONE',  ( 0.3826834323651358560, -0.9238795325112677537, -5.107025913275719297E-15 ) ) ;
#4303 = VERTEX_POINT ( 'NONE', #8526 ) ;
#4304 = VERTEX_POINT ( 'NONE', #10247 ) ;
#4305 = EDGE_LOOP ( 'NONE', ( #4116, #11617, #9283, #4566, #4626, #2886, #2829 ) ) ;
#4306 = CARTESIAN_POINT ( 'NONE',  ( 132.9671133453900040, -153.4287171616819876, 66.55091634279270352 ) ) ;
#4307 = AXIS2_PLACEMENT_3D ( 'NONE', #5813, #9562, #9744 ) ;
#4308 = VECTOR ( 'NONE', #6541, 1000.000000000000000 ) ;
#4309 = EDGE_CURVE ( 'NONE', #12030, #6661, #6683, .T. ) ;
#4310 = CARTESIAN_POINT ( 'NONE',  ( 165.2171133453900040, -120.8462228485717986, 57.98985306244389903 ) ) ;
#4311 = CARTESIAN_POINT ( 'NONE',  ( 132.8781410036404793, -123.1400131711418311, 57.77527929742462476 ) ) ;
#4312 = CARTESIAN_POINT ( 'NONE',  ( 174.2171132998449821, -149.8297646725349921, 101.2500020398940137 ) ) ;
#4313 = EDGE_CURVE ( 'NONE', #569, #122, #4559, .T. ) ;
#4314 =( NAMED_UNIT ( * ) PLANE_ANGLE_UNIT ( ) SI_UNIT ( $, .RADIAN. ) );
#4315 = ORIENTED_EDGE ( 'NONE', *, *, #10776, .T. ) ;
#4316 = CARTESIAN_POINT ( 'NONE',  ( 158.5171131927750139, -148.0297640746490231, 102.0997837512840078 ) ) ;
#4317 = ORIENTED_EDGE ( 'NONE', *, *, #7888, .F. ) ;
#4318 = AXIS2_PLACEMENT_3D ( 'NONE', #5811, #3900, #9323 ) ;
#4319 = DIRECTION ( 'NONE',  ( -1.000000000000000000, 0.000000000000000000, 7.823253522622070727E-15 ) ) ;
#4320 = ORIENTED_EDGE ( 'NONE', *, *, #8809, .T. ) ;
#4321 = ORIENTED_EDGE ( 'NONE', *, *, #4841, .F. ) ;
#4322 = DIRECTION ( 'NONE',  ( -0.9513277913954432119, 1.682122545878897094E-15, -0.3081808451521089176 ) ) ;
#4323 = B_SPLINE_CURVE_WITH_KNOTS ( 'NONE', 3,
 ( #10524, #6038, #9722, #7819 ),
 .UNSPECIFIED., .F., .F.,
 ( 4, 4 ),
 ( 0.000000000000000000, 1.000000000000000000 ),
 .UNSPECIFIED. ) ;
#4324 = ORIENTED_EDGE ( 'NONE', *, *, #7017, .T. ) ;
#4325 = EDGE_CURVE ( 'NONE', #626, #3091, #4770, .T. ) ;
#4326 = CARTESIAN_POINT ( 'NONE',  ( 162.2171133453900040, -134.4297640746490288, 81.50005035146720900 ) ) ;
#4327 = CARTESIAN_POINT ( 'NONE',  ( 171.8033865308860300, -149.0752882668116399, 53.86652683721305124 ) ) ;
#4328 = CARTESIAN_POINT ( 'NONE',  ( 123.0210531936764085, -121.0526539253715015, 55.63033466282675477 ) ) ;
#4329 = CARTESIAN_POINT ( 'NONE',  ( 172.4131734971036565, -139.1308233514491519, 55.63033466282664818 ) ) ;
#4330 = ORIENTED_EDGE ( 'NONE', *, *, #9573, .T. ) ;
#4331 = ORIENTED_EDGE ( 'NONE', *, *, #227, .T. ) ;
#4332 = B_SPLINE_CURVE_WITH_KNOTS ( 'NONE', 3,
 ( #5636, #8581, #4891, #149 ),
 .UNSPECIFIED., .F., .F.,
 ( 4, 4 ),
 ( 0.000000000000000000, 1.000000000000000000 ),
 .UNSPECIFIED. ) ;
#4333 = CARTESIAN_POINT ( 'NONE',  ( 134.8867538261060020, -141.1008301204470001, 107.3643799017460054 ) ) ;
#4334 = ORIENTED_EDGE ( 'NONE', *, *, #668, .F. ) ;
#4335 = LINE ( 'NONE', #516, #11725 ) ;
#4336 = CARTESIAN_POINT ( 'NONE',  ( 133.2171133453900040, -139.0155505122760076, 69.99999991151649681 ) ) ;
#4337 = FACE_OUTER_BOUND ( 'NONE', #2060, .T. ) ;
#4338 = DIRECTION ( 'NONE',  ( 3.160768215787110235E-15, 1.000000000000000000, -4.324081227642600042E-15 ) ) ;
#4339 = CARTESIAN_POINT ( 'NONE',  ( 132.7346621409300269, -114.4297640215114029, 53.73985315562539711 ) ) ;
#4340 = DIRECTION ( 'NONE',  ( 1.000000000000000000, -3.614156863702069910E-15, 2.231155674348849972E-14 ) ) ;
#4341 = CARTESIAN_POINT ( 'NONE',  ( 157.8268364872660072, -140.4297640215119998, 114.2144502228039897 ) ) ;
#4342 = CARTESIAN_POINT ( 'NONE',  ( 163.2171133453900040, -139.0155505122760076, 70.99999991151629786 ) ) ;
#4343 = DIRECTION ( 'NONE',  ( 0.000000000000000000, -1.526556658859589750E-16, -1.000000000000000000 ) ) ;
#4344 = CARTESIAN_POINT ( 'NONE',  ( 135.2171131927750309, -148.0297640746490231, 105.4997837512840135 ) ) ;
#4345 = EDGE_CURVE ( 'NONE', #7962, #5319, #10187, .T. ) ;
#4346 = ORIENTED_EDGE ( 'NONE', *, *, #1820, .T. ) ;
#4347 = ORIENTED_EDGE ( 'NONE', *, *, #10037, .T. ) ;
#4348 = LINE ( 'NONE', #6205, #899 ) ;
#4349 = CARTESIAN_POINT ( 'NONE',  ( 132.3199637664141619, -135.3269136536246435, 70.48293592811900510 ) ) ;
#4350 = ORIENTED_EDGE ( 'NONE', *, *, #11129, .F. ) ;
#4351 = CIRCLE ( 'NONE', #10833, 1.000000000000000888 ) ;
#4352 = LINE ( 'NONE', #10691, #11318 ) ;
#4353 = FACE_OUTER_BOUND ( 'NONE', #7213, .T. ) ;
#4354 = PLANE ( 'NONE',  #3985 ) ;
#4355 = AXIS2_PLACEMENT_3D ( 'NONE', #5023, #1259, #3159 ) ;
#4356 = CARTESIAN_POINT ( 'NONE',  ( 132.2474879634529827, -121.4473735486275956, 51.11866876023850637 ) ) ;
#4357 = PLANE ( 'NONE',  #10299 ) ;
#4358 = PLANE ( 'NONE',  #3501 ) ;
#4359 = CARTESIAN_POINT ( 'NONE',  ( 162.2171133453900040, -119.4297640746489861, 80.50005035146730847 ) ) ;
#4360 = EDGE_CURVE ( 'NONE', #7872, #2688, #2732, .T. ) ;
#4361 = ORIENTED_EDGE ( 'NONE', *, *, #9858, .F. ) ;
#4362 = EDGE_LOOP ( 'NONE', ( #9146, #3455, #1422, #120 ) ) ;
#4363 = ORIENTED_EDGE ( 'NONE', *, *, #6649, .F. ) ;
#4364 = AXIS2_PLACEMENT_3D ( 'NONE', #3951, #11533, #7840 ) ;
#4365 = EDGE_CURVE ( 'NONE', #3319, #6045, #1993, .T. ) ;
#4366 = PLANE ( 'NONE',  #11068 ) ;
#4367 =( BOUNDED_CURVE ( )  B_SPLINE_CURVE ( 3, ( #7092, #5239, #10963, #7884 ),
 .UNSPECIFIED., .F., .T. ) 
 B_SPLINE_CURVE_WITH_KNOTS ( ( 4, 4 ),
 ( 1.570796326794895004, 2.354382990517709828 ),
 .UNSPECIFIED. ) 
 CURVE ( )  GEOMETRIC_REPRESENTATION_ITEM ( )  RATIONAL_B_SPLINE_CURVE ( ( 1.000000000000000000, 0.9494838459687360288, 0.9494838459687360288, 1.000000000000000000 ) ) 
 REPRESENTATION_ITEM ( '' )  );
#4368 = CARTESIAN_POINT ( 'NONE',  ( 164.1583628191303035, -121.1664914407658813, 54.32916630688117721 ) ) ;
#4369 = CARTESIAN_POINT ( 'NONE',  ( 133.4612557603895198, -122.5452108610566739, 57.92680887462500294 ) ) ;
#4370 = CARTESIAN_POINT ( 'NONE',  ( 120.2171133453899898, -153.4297640746490003, 103.7500000343879947 ) ) ;
#4371 = AXIS2_PLACEMENT_3D ( 'NONE', #9969, #8310, #2574 ) ;
#4372 = VERTEX_POINT ( 'NONE', #9440 ) ;
#4373 = FACE_OUTER_BOUND ( 'NONE', #10936, .T. ) ;
#4374 = CARTESIAN_POINT ( 'NONE',  ( 139.0828876577280084, -140.4297640215119998, 110.8082242828500057 ) ) ;
#4375 = ORIENTED_EDGE ( 'NONE', *, *, #4225, .T. ) ;
#4376 = DIRECTION ( 'NONE',  ( -0.4001450253381057531, 5.551115123125785069E-15, -0.9164518310839727677 ) ) ;
#4377 = EDGE_CURVE ( 'NONE', #8735, #8332, #8307, .T. ) ;
#4378 = ORIENTED_EDGE ( 'NONE', *, *, #12140, .F. ) ;
#4379 = ORIENTED_EDGE ( 'NONE', *, *, #2632, .T. ) ;
#4380 = ADVANCED_FACE ( 'NONE', ( #3834 ), #9201, .T. ) ;
#4381 = DIRECTION ( 'NONE',  ( 2.449293581093249742E-16, -6.573933234426810631E-15, 1.000000000000000000 ) ) ;
#4382 = AXIS2_PLACEMENT_3D ( 'NONE', #9705, #2936, #3178 ) ;
#4383 = EDGE_LOOP ( 'NONE', ( #4954, #11342, #10252, #3844, #7613, #9383, #9478, #9700, #3364, #852 ) ) ;
#4384 = ADVANCED_FACE ( 'NONE', ( #8280 ), #7601, .T. ) ;
#4385 = DIRECTION ( 'NONE',  ( 1.000000000000000000, -2.602085213964869829E-17, 7.166576360129189239E-17 ) ) ;
#4386 = CARTESIAN_POINT ( 'NONE',  ( 163.1572032761579862, -141.4323592585799929, 68.00216929342579419 ) ) ;
#4387 = DIRECTION ( 'NONE',  ( 0.000000000000000000, -1.000000000000000000, 1.526556658859589750E-16 ) ) ;
#4388 = DIRECTION ( 'NONE',  ( -2.602085213964869829E-17, -1.000000000000000000, 1.526556658859589750E-16 ) ) ;
#4389 = DIRECTION ( 'NONE',  ( 0.7071067811865431318, 4.820201635334607396E-15, -0.7071067811865520136 ) ) ;
#4390 = VECTOR ( 'NONE', #540, 1000.000000000000000 ) ;
#4391 = VERTEX_POINT ( 'NONE', #11107 ) ;
#4392 = CARTESIAN_POINT ( 'NONE',  ( 165.2171133453904872, -148.4297640215243916, 62.75000000000000000 ) ) ;
#4393 = EDGE_CURVE ( 'NONE', #8921, #2340, #2666, .T. ) ;
#4394 = ORIENTED_EDGE ( 'NONE', *, *, #2803, .T. ) ;
#4395 = CARTESIAN_POINT ( 'NONE',  ( 132.5826324810153665, -123.0651533120260126, 62.77978171747363234 ) ) ;
#4396 = DIRECTION ( 'NONE',  ( -2.602085213964869829E-17, -1.000000000000000000, 1.526556658859589750E-16 ) ) ;
#4397 = LINE ( 'NONE', #10983, #9212 ) ;
#4398 = VECTOR ( 'NONE', #2183, 1000.000000000000000 ) ;
#4399 = DIRECTION ( 'NONE',  ( -2.602085213964869829E-17, -1.000000000000000000, 1.526556658859589750E-16 ) ) ;
#4400 = DIRECTION ( 'NONE',  ( -1.000000000000000000, 0.000000000000000000, 0.000000000000000000 ) ) ;
#4401 = CARTESIAN_POINT ( 'NONE',  ( 139.0354730467504396, -144.9079036580387196, 105.7246289116568647 ) ) ;
#4402 = CARTESIAN_POINT ( 'NONE',  ( 134.4721133453899995, -141.6947639943159913, 90.66992583901509306 ) ) ;
#4403 = CARTESIAN_POINT ( 'NONE',  ( 169.2171133453904872, -134.4297640215112040, 58.25000000000000000 ) ) ;
#4404 = CARTESIAN_POINT ( 'NONE',  ( 132.3771133453899722, -144.5297640215119941, 66.55091634279270352 ) ) ;
#4405 = ORIENTED_EDGE ( 'NONE', *, *, #12072, .F. ) ;
#4406 = VERTEX_POINT ( 'NONE', #5511 ) ;
#4407 = DIRECTION ( 'NONE',  ( 0.000000000000000000, 1.000000000000000000, 6.573933234426810631E-15 ) ) ;
#4408 = LINE ( 'NONE', #7435, #3131 ) ;
#4409 = ORIENTED_EDGE ( 'NONE', *, *, #4006, .F. ) ;
#4410 = LINE ( 'NONE', #785, #12120 ) ;
#4411 = DIRECTION ( 'NONE',  ( 2.357766133642020006E-14, 1.074295325684239986E-17, 1.000000000000000000 ) ) ;
#4412 = VECTOR ( 'NONE', #10879, 1000.000000000000000 ) ;
#4413 = DIRECTION ( 'NONE',  ( 1.070962509852519958E-16, -1.526556658859589750E-16, -1.000000000000000000 ) ) ;
#4414 = EDGE_CURVE ( 'NONE', #2558, #221, #7704, .T. ) ;
#4415 = CARTESIAN_POINT ( 'NONE',  ( 135.2171133453900040, -119.4297640746489861, 69.99999991151649681 ) ) ;
#4416 = PLANE ( 'NONE',  #2834 ) ;
#4417 = PLANE ( 'NONE',  #11743 ) ;
#4418 = CARTESIAN_POINT ( 'NONE',  ( 165.2171133453901746, -143.3164134470123088, 56.00640280175944241 ) ) ;
#4419 = ORIENTED_EDGE ( 'NONE', *, *, #9319, .T. ) ;
#4420 = ORIENTED_EDGE ( 'NONE', *, *, #6412, .T. ) ;
#4421 = EDGE_LOOP ( 'NONE', ( #4952, #6418 ) ) ;
#4422 = CARTESIAN_POINT ( 'NONE',  ( 133.2171133453900040, -139.0155505122760076, 66.99999991151649681 ) ) ;
#4423 = LINE ( 'NONE', #5474, #1484 ) ;
#4424 = ADVANCED_FACE ( 'NONE', ( #8341 ), #7425, .F. ) ;
#4425 = DIRECTION ( 'NONE',  ( 1.666513209668965069E-24, -1.000000000000000000, -6.217248937900871104E-15 ) ) ;
#4426 = CARTESIAN_POINT ( 'NONE',  ( 133.4440831901437150, -122.5631852417645433, 57.92066840044858367 ) ) ;
#4427 = EDGE_CURVE ( 'NONE', #9667, #531, #9501, .T. ) ;
#4428 = VECTOR ( 'NONE', #7071, 1000.000000000000000 ) ;
#4429 = CARTESIAN_POINT ( 'NONE',  ( 171.2171132998449821, -153.4297640746490003, 100.7500000000320028 ) ) ;
#4430 = ORIENTED_EDGE ( 'NONE', *, *, #1447, .T. ) ;
#4431 = CARTESIAN_POINT ( 'NONE',  ( 134.9242201265765857, -127.9297640746490146, 67.29289313032990094 ) ) ;
#4432 = ORIENTED_EDGE ( 'NONE', *, *, #6956, .T. ) ;
#4433 = CARTESIAN_POINT ( 'NONE',  ( 132.3771133453899722, -144.9297640480799885, 66.54898615365620174 ) ) ;
#4434 = ORIENTED_EDGE ( 'NONE', *, *, #2410, .T. ) ;
#4435 = ORIENTED_EDGE ( 'NONE', *, *, #7875, .T. ) ;
#4436 = VECTOR ( 'NONE', #1764, 1000.000000000000000 ) ;
#4437 = B_SPLINE_CURVE_WITH_KNOTS ( 'NONE', 3,
 ( #5982, #2160, #2097, #8813 ),
 .UNSPECIFIED., .F., .F.,
 ( 4, 4 ),
 ( 0.03826941495228269874, 0.04017864731057910199 ),
 .UNSPECIFIED. ) ;
#4438 =( BOUNDED_CURVE ( )  B_SPLINE_CURVE ( 3, ( #4310, #2390, #4368, #4490 ),
 .UNSPECIFIED., .F., .F. ) 
 B_SPLINE_CURVE_WITH_KNOTS ( ( 4, 4 ),
 ( 4.712388976466110435, 5.838546859729560445 ),
 .UNSPECIFIED. ) 
 CURVE ( )  GEOMETRIC_REPRESENTATION_ITEM ( )  RATIONAL_B_SPLINE_CURVE ( ( 1.000000000000000000, 0.8970770709084000538, 0.8970770709084000538, 1.000000000000000000 ) ) 
 REPRESENTATION_ITEM ( '' )  );
#4439 = CIRCLE ( 'NONE', #8761, 2.750000000000002665 ) ;
#4440 = DIRECTION ( 'NONE',  ( 2.428612984199849992E-16, -1.000000000000000000, -6.217248937900871104E-15 ) ) ;
#4441 = VERTEX_POINT ( 'NONE', #2965 ) ;
#4442 = CARTESIAN_POINT ( 'NONE',  ( 163.2171133453900040, -136.4297640746490288, 81.50005035686871224 ) ) ;
#4443 = CARTESIAN_POINT ( 'NONE',  ( 163.2171133453900040, -141.6512989659949824, 67.10419425488748857 ) ) ;
#4444 = EDGE_CURVE ( 'NONE', #8980, #11858, #10847, .T. ) ;
#4445 = DIRECTION ( 'NONE',  ( -1.000000000000000000, 0.000000000000000000, 0.000000000000000000 ) ) ;
#4446 = VECTOR ( 'NONE', #1865, 1000.000000000000000 ) ;
#4447 = MECHANICAL_DESIGN_GEOMETRIC_PRESENTATION_REPRESENTATION (  '', ( #2675 ), #11334 ) ;
#4448 = ADVANCED_FACE ( 'NONE', ( #3024 ), #8825, .T. ) ;
#4449 = LINE ( 'NONE', #9126, #3780 ) ;
#4450 = ORIENTED_EDGE ( 'NONE', *, *, #1986, .F. ) ;
#4451 = EDGE_CURVE ( 'NONE', #9749, #10012, #2782, .T. ) ;
#4452 = CARTESIAN_POINT ( 'NONE',  ( 162.2171133453900040, -119.4297640746489861, 80.50005035146730847 ) ) ;
#4453 = ORIENTED_EDGE ( 'NONE', *, *, #5912, .T. ) ;
#4454 = CYLINDRICAL_SURFACE ( 'NONE', #6817, 0.9999999999999964473 ) ;
#4455 = CARTESIAN_POINT ( 'NONE',  ( 138.1026044211599810, -140.4297640215119998, 106.3643259181410059 ) ) ;
#4456 = DIRECTION ( 'NONE',  ( -2.428612952914209755E-16, 1.000000000000000000, 6.573933234426810631E-15 ) ) ;
#4457 = AXIS2_PLACEMENT_3D ( 'NONE', #10646, #9600, #3065 ) ;
#4458 = DIRECTION ( 'NONE',  ( -1.000000000000000000, 2.602085213964869829E-17, -7.166576360129189239E-17 ) ) ;
#4459 = DIRECTION ( 'NONE',  ( 0.7071067811865592301, 0.000000000000000000, -0.7071067811865356934 ) ) ;
#4460 = EDGE_CURVE ( 'NONE', #3860, #9298, #3209, .T. ) ;
#4461 = LINE ( 'NONE', #4279, #11869 ) ;
#4462 = EDGE_CURVE ( 'NONE', #1668, #8404, #4828, .T. ) ;
#4463 = LINE ( 'NONE', #7301, #6732 ) ;
#4464 = FACE_OUTER_BOUND ( 'NONE', #1220, .T. ) ;
#4465 = AXIS2_PLACEMENT_3D ( 'NONE', #6152, #3300, #9151 ) ;
#4466 = VECTOR ( 'NONE', #3280, 1000.000000000000000 ) ;
#4467 = CARTESIAN_POINT ( 'NONE',  ( 132.2171133453900040, -153.4297640746490003, 98.58985179697670276 ) ) ;
#4468 = DIRECTION ( 'NONE',  ( 2.897277325460589953E-15, 1.000000000000000000, 2.897277325460589953E-15 ) ) ;
#4469 = EDGE_LOOP ( 'NONE', ( #5639, #8363, #808, #3505 ) ) ;
#4470 = ORIENTED_EDGE ( 'NONE', *, *, #3030, .F. ) ;
#4471 = DIRECTION ( 'NONE',  ( -1.087291533616492079E-15, -1.000000000000000000, 1.087291533616382033E-15 ) ) ;
#4472 = CARTESIAN_POINT ( 'NONE',  ( 132.7943063462900000, -153.4297640746490003, 66.13179315275620240 ) ) ;
#4473 = ORIENTED_EDGE ( 'NONE', *, *, #2853, .T. ) ;
#4474 = CARTESIAN_POINT ( 'NONE',  ( 130.2171133453899756, -134.8245525410659980, 58.25000000000000000 ) ) ;
#4475 = CIRCLE ( 'NONE', #11356, 3.099999999999991651 ) ;
#4476 = DIRECTION ( 'NONE',  ( -4.416339315364260090E-15, -4.416339315364260090E-15, -1.000000000000000000 ) ) ;
#4477 = ADVANCED_FACE ( 'NONE', ( #2226 ), #9618, .T. ) ;
#4478 = DIRECTION ( 'NONE',  ( 0.000000000000000000, -1.000000000000000000, 1.526556658859589750E-16 ) ) ;
#4479 = PLANE ( 'NONE',  #2909 ) ;
#4480 = CARTESIAN_POINT ( 'NONE',  ( 130.2171133453899756, -144.0488782002693995, 62.25000000000000000 ) ) ;
#4481 = CARTESIAN_POINT ( 'NONE',  ( 134.2171133453900040, -119.4297640746489861, 68.99999991151649681 ) ) ;
#4482 = FACE_BOUND ( 'NONE', #974, .T. ) ;
#4483 = AXIS2_PLACEMENT_3D ( 'NONE', #12074, #11140, #11083 ) ;
#4484 = ORIENTED_EDGE ( 'NONE', *, *, #11112, .T. ) ;
#4485 = EDGE_LOOP ( 'NONE', ( #3946, #6791, #3858, #10727, #7829 ) ) ;
#4486 = AXIS2_PLACEMENT_3D ( 'NONE', #6827, #10575, #1277 ) ;
#4487 = ORIENTED_EDGE ( 'NONE', *, *, #5126, .T. ) ;
#4488 = LINE ( 'NONE', #9103, #1569 ) ;
#4489 = FILL_AREA_STYLE_COLOUR ( '', #8752 ) ;
#4490 = CARTESIAN_POINT ( 'NONE',  ( 162.3677708826299977, -121.2411319091553850, 53.47602185630500315 ) ) ;
#4491 = AXIS2_PLACEMENT_3D ( 'NONE', #5768, #1958, #908 ) ;
#4492 = LINE ( 'NONE', #11818, #4774 ) ;
#4493 = AXIS2_PLACEMENT_3D ( 'NONE', #8973, #7988, #3359 ) ;
#4494 = DIRECTION ( 'NONE',  ( 0.7071067811865822117, 0.000000000000000000, 0.7071067811865128228 ) ) ;
#4495 =( NAMED_UNIT ( * ) SI_UNIT ( $, .STERADIAN. ) SOLID_ANGLE_UNIT ( ) );
#4496 = ORIENTED_EDGE ( 'NONE', *, *, #5662, .T. ) ;
#4497 = CARTESIAN_POINT ( 'NONE',  ( 139.1025978581049856, -145.2633924667839835, 105.3679489095639923 ) ) ;
#4498 = VERTEX_POINT ( 'NONE', #11652 ) ;
#4499 = CARTESIAN_POINT ( 'NONE',  ( 162.2171133453900040, -119.4297640746489861, 65.99999991151629786 ) ) ;
#4500 = ADVANCED_FACE ( 'NONE', ( #8578 ), #2168, .T. ) ;
#4501 = EDGE_LOOP ( 'NONE', ( #2164, #10764, #3974, #1070, #8231, #1227, #8040 ) ) ;
#4502 = VECTOR ( 'NONE', #2054, 999.9999999999998863 ) ;
#4503 = EDGE_LOOP ( 'NONE', ( #11814, #1313, #6984, #10968, #8016, #2013, #1042, #8511, #2022, #1969, #9116, #1613, #10156, #6929, #7899, #12015, #1300, #5000 ) ) ;
#4504 = EDGE_CURVE ( 'NONE', #2671, #3248, #9740, .T. ) ;
#4505 = AXIS2_PLACEMENT_3D ( 'NONE', #8446, #8557, #9362 ) ;
#4506 = CARTESIAN_POINT ( 'NONE',  ( 134.2171133453900040, -153.4297640746490003, 103.6640621592560052 ) ) ;
#4507 = VERTEX_POINT ( 'NONE', #391 ) ;
#4508 = DIRECTION ( 'NONE',  ( 8.821935677471621045E-15, 1.526556658859309704E-16, 1.000000000000000000 ) ) ;
#4509 = LINE ( 'NONE', #2649, #2186 ) ;
#4510 = CARTESIAN_POINT ( 'NONE',  ( 135.2171133453900040, -140.9497639741020123, 98.60072084258079883 ) ) ;
#4511 = PLANE ( 'NONE',  #11487 ) ;
#4512 = VECTOR ( 'NONE', #5293, 1000.000000000000000 ) ;
#4513 = CARTESIAN_POINT ( 'NONE',  ( 137.8094094721379861, -148.2297640746490117, 102.0997837512840078 ) ) ;
#4514 = VERTEX_POINT ( 'NONE', #8699 ) ;
#4515 =( BOUNDED_CURVE ( )  B_SPLINE_CURVE ( 3, ( #7455, #10396, #11203, #7745 ),
 .UNSPECIFIED., .F., .T. ) 
 B_SPLINE_CURVE_WITH_KNOTS ( ( 4, 4 ),
 ( 5.552870518388520082, 6.746832919186180000 ),
 .UNSPECIFIED. ) 
 CURVE ( )  GEOMETRIC_REPRESENTATION_ITEM ( )  RATIONAL_B_SPLINE_CURVE ( ( 1.000000000000000000, 0.8846909293953399978, 0.8846909293953399978, 1.000000000000000000 ) ) 
 REPRESENTATION_ITEM ( '' )  );
#4516 = DIRECTION ( 'NONE',  ( 3.683226109728400325E-15, 1.000000000000000000, -2.148562215093330474E-15 ) ) ;
#4517 = VERTEX_POINT ( 'NONE', #1185 ) ;
#4518 = EDGE_CURVE ( 'NONE', #9533, #2252, #5931, .T. ) ;
#4519 = CARTESIAN_POINT ( 'NONE',  ( 135.1105732284813996, -120.6040145420057996, 60.27763815801269942 ) ) ;
#4520 = LINE ( 'NONE', #5384, #795 ) ;
#4521 = CIRCLE ( 'NONE', #9814, 3.900000000000011458 ) ;
#4522 = DIRECTION ( 'NONE',  ( -0.7071067811865475727, -0.7071067811865475727, 1.667952063060038704E-14 ) ) ;
#4523 = EDGE_CURVE ( 'NONE', #1922, #1283, #6979, .T. ) ;
#4524 = LINE ( 'NONE', #706, #5828 ) ;
#4525 = CARTESIAN_POINT ( 'NONE',  ( 162.9066215553891368, -141.0854274805239186, 69.25381729265878050 ) ) ;
#4526 = LINE ( 'NONE', #3529, #4797 ) ;
#4527 = DIRECTION ( 'NONE',  ( 5.412240084694092007E-08, 0.000000000000000000, -0.9999999999999986677 ) ) ;
#4528 = CARTESIAN_POINT ( 'NONE',  ( 127.4387430301744359, -121.3775595628044925, 51.91664625081984497 ) ) ;
#4529 = AXIS2_PLACEMENT_3D ( 'NONE', #11462, #6789, #11288 ) ;
#4530 = ORIENTED_EDGE ( 'NONE', *, *, #680, .F. ) ;
#4531 = CARTESIAN_POINT ( 'NONE',  ( 134.7655808853620840, -140.4297640215119998, 105.4550519230944303 ) ) ;
#4532 = CARTESIAN_POINT ( 'NONE',  ( 132.3771133453899722, -140.4797640480800283, 66.55091634279260404 ) ) ;
#4533 = ORIENTED_EDGE ( 'NONE', *, *, #6815, .T. ) ;
#4534 = ORIENTED_EDGE ( 'NONE', *, *, #6115, .T. ) ;
#4535 = CARTESIAN_POINT ( 'NONE',  ( 137.9268364872669963, -140.4297640215119998, 114.2143259181419950 ) ) ;
#4536 = CARTESIAN_POINT ( 'NONE',  ( 165.2171133453904872, -134.8245525410657990, 58.25000000000000000 ) ) ;
#4537 = ORIENTED_EDGE ( 'NONE', *, *, #9050, .F. ) ;
#4538 = EDGE_CURVE ( 'NONE', #2751, #10488, #9472, .T. ) ;
#4539 = EDGE_CURVE ( 'NONE', #10536, #11656, #10467, .T. ) ;
#4540 = DIRECTION ( 'NONE',  ( 1.000000000000000000, -2.602085213964869829E-17, 7.166576360129189239E-17 ) ) ;
#4541 = DIRECTION ( 'NONE',  ( -0.008142047127308361248, 5.843279076974509312E-15, -0.9999668529849261578 ) ) ;
#4542 = EDGE_CURVE ( 'NONE', #5133, #3503, #143, .T. ) ;
#4543 = DIRECTION ( 'NONE',  ( -2.602085213964869829E-17, -1.000000000000000000, 1.526556658859589750E-16 ) ) ;
#4544 = FACE_OUTER_BOUND ( 'NONE', #1722, .T. ) ;
#4545 = DIRECTION ( 'NONE',  ( 2.428612984199849992E-16, -1.000000000000000000, -6.573933234426810631E-15 ) ) ;
#4546 = LINE ( 'NONE', #1025, #8999 ) ;
#4547 = DIRECTION ( 'NONE',  ( 3.160768215787150073E-15, 1.000000000000000000, -1.548000393165969676E-16 ) ) ;
#4548 = ORIENTED_EDGE ( 'NONE', *, *, #597, .T. ) ;
#4549 = ORIENTED_EDGE ( 'NONE', *, *, #10703, .F. ) ;
#4550 = ORIENTED_EDGE ( 'NONE', *, *, #4694, .F. ) ;
#4551 = EDGE_CURVE ( 'NONE', #3123, #9285, #6859, .T. ) ;
#4552 = DIRECTION ( 'NONE',  ( 3.973480494847761619E-15, 1.000000000000000000, 5.631063851084960468E-09 ) ) ;
#4553 = AXIS2_PLACEMENT_3D ( 'NONE', #10619, #2063, #2181 ) ;
#4554 = PLANE ( 'NONE',  #6634 ) ;
#4555 = CARTESIAN_POINT ( 'NONE',  ( 162.4718841081800065, -153.4297640746490003, 66.47410798651029040 ) ) ;
#4556 = CARTESIAN_POINT ( 'NONE',  ( 163.3148179109179807, -149.4297640215112040, 50.74999999999999289 ) ) ;
#4557 = VERTEX_POINT ( 'NONE', #7660 ) ;
#4558 = CARTESIAN_POINT ( 'NONE',  ( 138.5597693807820008, -144.3498619695079981, 107.3654771792789973 ) ) ;
#4559 = CIRCLE ( 'NONE', #11432, 1.849999999999990541 ) ;
#4560 = EDGE_LOOP ( 'NONE', ( #6029, #11442, #2916, #9651, #3276, #9343, #3415, #9944, #8618 ) ) ;
#4561 = ORIENTED_EDGE ( 'NONE', *, *, #3071, .F. ) ;
#4562 = CARTESIAN_POINT ( 'NONE',  ( 162.5268364872660243, -140.8297640215119770, 114.2144502228039897 ) ) ;
#4563 = VERTEX_POINT ( 'NONE', #6738 ) ;
#4564 = ORIENTED_EDGE ( 'NONE', *, *, #6540, .T. ) ;
#4565 = DIRECTION ( 'NONE',  ( 3.965082230804130614E-15, 1.000000000000000000, -1.074295325692379890E-17 ) ) ;
#4566 = ORIENTED_EDGE ( 'NONE', *, *, #1493, .F. ) ;
#4567 = DIRECTION ( 'NONE',  ( -8.933825901278888835E-17, -1.000000000000000000, 8.933825901279489109E-17 ) ) ;
#4568 = VECTOR ( 'NONE', #5057, 1000.000000000000000 ) ;
#4569 = CARTESIAN_POINT ( 'NONE',  ( 121.2171133453899898, -124.4297640215114029, 62.75000000000000000 ) ) ;
#4570 = CARTESIAN_POINT ( 'NONE',  ( 154.6834021859320103, -143.4297640215119714, 103.9116669097309966 ) ) ;
#4571 = DIRECTION ( 'NONE',  ( -1.000000000000000000, 0.000000000000000000, 1.177071316573370074E-14 ) ) ;
#4572 = EDGE_CURVE ( 'NONE', #7218, #3292, #10486, .T. ) ;
#4573 = DIRECTION ( 'NONE',  ( -3.683226109728400325E-15, -1.000000000000000000, 0.000000000000000000 ) ) ;
#4574 = EDGE_LOOP ( 'NONE', ( #3492, #11627, #4987, #8787, #10596, #1095, #11601, #8803, #10455, #4237, #7091, #6449, #9175, #9111, #5786, #6884, #3337, #452 ) ) ;
#4575 = CARTESIAN_POINT ( 'NONE',  ( 134.8866450682550067, -141.1010276133550292, 110.4199042040989980 ) ) ;
#4576 = AXIS2_PLACEMENT_3D ( 'NONE', #3072, #5918, #6845 ) ;
#4577 = AXIS2_PLACEMENT_3D ( 'NONE', #10371, #34, #3783 ) ;
#4578 = VERTEX_POINT ( 'NONE', #7718 ) ;
#4579 = CARTESIAN_POINT ( 'NONE',  ( 133.1522462168919674, -122.4941658088368257, 62.71827725559804634 ) ) ;
#4580 = DIRECTION ( 'NONE',  ( -0.9513277913954432119, 1.682122545878897094E-15, -0.3081808451521089176 ) ) ;
#4581 = LINE ( 'NONE', #644, #2690 ) ;
#4582 = CARTESIAN_POINT ( 'NONE',  ( 161.9171131927750196, -148.0297640746490231, 102.0997837512840078 ) ) ;
#4583 = CARTESIAN_POINT ( 'NONE',  ( 160.3126060631870189, -140.4297640215119998, 98.69164219418240691 ) ) ;
#4584 = VECTOR ( 'NONE', #11702, 1000.000000000000000 ) ;
#4585 = CARTESIAN_POINT ( 'NONE',  ( 122.6011327726860856, -151.6157431985818391, 64.74999999999933209 ) ) ;
#4586 = EDGE_CURVE ( 'NONE', #9237, #10446, #11471, .T. ) ;
#4587 =( BOUNDED_CURVE ( )  B_SPLINE_CURVE ( 3, ( #11253, #2809, #8483, #10386 ),
 .UNSPECIFIED., .F., .F. ) 
 B_SPLINE_CURVE_WITH_KNOTS ( ( 4, 4 ),
 ( 0.006138361102757159717, 0.3669682297010204430 ),
 .UNSPECIFIED. ) 
 CURVE ( )  GEOMETRIC_REPRESENTATION_ITEM ( )  RATIONAL_B_SPLINE_CURVE ( ( 1.000000000000000000, 0.9891795483901759667, 0.9891795483901759667, 1.000000000000000000 ) ) 
 REPRESENTATION_ITEM ( '' )  );
#4588 = DIRECTION ( 'NONE',  ( -2.178471594150924982E-16, 1.000000000000000000, 6.605167180779930722E-15 ) ) ;
#4589 = CARTESIAN_POINT ( 'NONE',  ( 132.2171133453900040, -138.8513368967660142, 80.50005035436720391 ) ) ;
#4590 = ORIENTED_EDGE ( 'NONE', *, *, #7099, .T. ) ;
#4591 = DIRECTION ( 'NONE',  ( 0.5773502691885941118, -0.5773502691885801230, 0.5773502691917030694 ) ) ;
#4592 = EDGE_CURVE ( 'NONE', #10336, #6803, #7103, .T. ) ;
#4593 = ORIENTED_EDGE ( 'NONE', *, *, #6944, .T. ) ;
#4594 = ORIENTED_EDGE ( 'NONE', *, *, #6815, .F. ) ;
#4595 = DIRECTION ( 'NONE',  ( -0.5000000000000011102, -0.5000000000000011102, -0.7071067811865459074 ) ) ;
#4596 = DIRECTION ( 'NONE',  ( -1.406355277898634195E-14, -2.311987314028429852E-15, -1.000000000000000000 ) ) ;
#4597 = ORIENTED_EDGE ( 'NONE', *, *, #8958, .F. ) ;
#4598 = AXIS2_PLACEMENT_3D ( 'NONE', #2938, #1900, #1034 ) ;
#4599 = B_SPLINE_CURVE_WITH_KNOTS ( 'NONE', 3,
 ( #3110, #5029, #10745, #11427, #7796, #7860, #4908, #412, #2309, #9697, #8657, #3915, #3972, #6880 ),
 .UNSPECIFIED., .F., .F.,
 ( 4, 2, 2, 1, 1, 2, 2, 4 ),
 ( 0.000000000000000000, 0.2499999999999578115, 0.3749999999998958611, 0.4374999999998856470, 0.4687499999998647193, 0.4843749999998380185, 0.4999999999998112621, 1.000000000000000000 ),
 .UNSPECIFIED. ) ;
#4600 = CARTESIAN_POINT ( 'NONE',  ( 162.2171133453900040, -152.4297640746490003, 75.35358135287509640 ) ) ;
#4601 = DIRECTION ( 'NONE',  ( 0.7071067811865475727, -0.7071067811865475727, 0.000000000000000000 ) ) ;
#4602 = CARTESIAN_POINT ( 'NONE',  ( 130.2171133453899756, -144.0488782002693995, 57.98985306244370719 ) ) ;
#4603 = EDGE_CURVE ( 'NONE', #3273, #11770, #1622, .T. ) ;
#4604 = LINE ( 'NONE', #7442, #7427 ) ;
#4605 = PLANE ( 'NONE',  #5987 ) ;
#4606 = ADVANCED_FACE ( 'NONE', ( #9804 ), #1374, .F. ) ;
#4607 = VECTOR ( 'NONE', #2108, 1000.000000000000000 ) ;
#4608 = CARTESIAN_POINT ( 'NONE',  ( 163.7685916021929984, -114.4297640215112040, 50.66271862838299711 ) ) ;
#4609 = CARTESIAN_POINT ( 'NONE',  ( 170.9798797530100103, -114.8297640215111954, 57.75000000000000000 ) ) ;
#4610 = ADVANCED_FACE ( 'NONE', ( #7959 ), #3389, .T. ) ;
#4611 = ORIENTED_EDGE ( 'NONE', *, *, #7854, .T. ) ;
#4612 = VERTEX_POINT ( 'NONE', #11716 ) ;
#4613 = EDGE_CURVE ( 'NONE', #10843, #5095, #5131, .T. ) ;
#4614 = ORIENTED_EDGE ( 'NONE', *, *, #765, .T. ) ;
#4615 = AXIS2_PLACEMENT_3D ( 'NONE', #814, #12146, #4571 ) ;
#4616 = CARTESIAN_POINT ( 'NONE',  ( 122.2171131963784063, -120.4297639199950112, 62.75000000000000000 ) ) ;
#4617 = CYLINDRICAL_SURFACE ( 'NONE', #1705, 0.9999999999999964473 ) ;
#4618 = DIRECTION ( 'NONE',  ( -1.000000000000000000, 0.000000000000000000, 0.000000000000000000 ) ) ;
#4619 = DIRECTION ( 'NONE',  ( -2.602085030010539554E-17, -1.000000000000000000, -3.135584947714430355E-25 ) ) ;
#4620 = EDGE_CURVE ( 'NONE', #10896, #7384, #3333, .T. ) ;
#4621 = AXIS2_PLACEMENT_3D ( 'NONE', #7827, #7764, #3135 ) ;
#4622 = ORIENTED_EDGE ( 'NONE', *, *, #3071, .T. ) ;
#4623 = DIRECTION ( 'NONE',  ( -5.947210316807140508E-15, -1.000000000000000000, 1.526556658859619825E-16 ) ) ;
#4624 = ADVANCED_FACE ( 'NONE', ( #6121 ), #450, .F. ) ;
#4625 = VERTEX_POINT ( 'NONE', #511 ) ;
#4626 = ORIENTED_EDGE ( 'NONE', *, *, #3674, .T. ) ;
#4627 = DIRECTION ( 'NONE',  ( 0.000000000000000000, -1.526556658859589750E-16, -1.000000000000000000 ) ) ;
#4628 = ORIENTED_EDGE ( 'NONE', *, *, #9845, .T. ) ;
#4629 = ORIENTED_EDGE ( 'NONE', *, *, #4504, .T. ) ;
#4630 = CARTESIAN_POINT ( 'NONE',  ( 138.3171131927749968, -154.4297640746490003, 103.7997837512839965 ) ) ;
#4631 = CIRCLE ( 'NONE', #9539, 6.999999999999997335 ) ;
#4632 = CARTESIAN_POINT ( 'NONE',  ( 160.2171133453899756, -143.4297640215119714, 104.0549963445609905 ) ) ;
#4633 = CARTESIAN_POINT ( 'NONE',  ( 160.2932338128784977, -138.3982339446410208, 67.99999991151629786 ) ) ;
#4634 = FACE_OUTER_BOUND ( 'NONE', #9522, .T. ) ;
#4635 = ADVANCED_FACE ( 'NONE', ( #4266 ), #2411, .T. ) ;
#4636 = CARTESIAN_POINT ( 'NONE',  ( 132.5100065642033940, -136.4297640746490288, 70.29289313032991515 ) ) ;
#4637 = CARTESIAN_POINT ( 'NONE',  ( 133.2669467408600212, -154.4297640746490003, 83.34999974667989875 ) ) ;
#4638 = VERTEX_POINT ( 'NONE', #8882 ) ;
#4639 = VECTOR ( 'NONE', #2933, 1000.000000000000000 ) ;
#4640 = AXIS2_PLACEMENT_3D ( 'NONE', #8786, #351, #4103 ) ;
#4641 = DIRECTION ( 'NONE',  ( 3.124491233548320204E-15, 1.000000000000000000, 6.351909800628989903E-14 ) ) ;
#4642 = ORIENTED_EDGE ( 'NONE', *, *, #3398, .F. ) ;
#4643 = CARTESIAN_POINT ( 'NONE',  ( 134.0664925119357349, -121.5730265760562361, 62.31000418000726881 ) ) ;
#4644 = DIRECTION ( 'NONE',  ( -1.000000000000000000, 0.000000000000000000, 0.000000000000000000 ) ) ;
#4645 = B_SPLINE_SURFACE_WITH_KNOTS ( 'NONE', 3, 3, ( 
 ( #12035, #3590, #1573, #646 ),
 ( #5325, #11913, #12098, #886 ),
 ( #7298, #3464, #2664, #6438 ),
 ( #4651, #11980, #8400, #5507 ),
 ( #9074, #10986, #12159, #10061 ) ),
 .UNSPECIFIED., .F., .F., .F.,
 ( 4, 1, 4 ),
 ( 4, 4 ),
 ( 0.1195361023232260067, 0.4500071356581010207, 0.8906351801046019645 ),
 ( 0.4944591871216950096, 0.9055845531275659166 ),
 .UNSPECIFIED. ) ;
#4646 = B_SPLINE_CURVE_WITH_KNOTS ( 'NONE', 3,
 ( #5616, #9366, #2652, #2773, #2835, #9125, #3578, #11032, #6488, #8451, #7351, #14, #3761, #1677, #7411, #11279, #6423, #5433, #11096, #8389, #10169, #9304, #6607 ),
 .UNSPECIFIED., .F., .F.,
 ( 4, 2, 1, 1, 1, 1, 2, 2, 2, 1, 1, 1, 2, 2, 4 ),
 ( 0.000000000000000000, 0.007812500000019846971, 0.01562500000003969394, 0.03125000000004043293, 0.06250000000006115941, 0.1250000000000649480, 0.2500000000000545120, 0.4999999999999671929, 0.5078124999999613642, 0.5156249999999555911, 0.5312499999999956701, 0.5625000000000101030, 0.6249999999999770184, 0.7499999999999846789, 1.000000000000000000 ),
 .UNSPECIFIED. ) ;
#4647 = CARTESIAN_POINT ( 'NONE',  ( 169.9786284033270078, -138.1586012779320072, 53.38549640900540538 ) ) ;
#4648 = CARTESIAN_POINT ( 'NONE',  ( 162.5268364872660243, -140.4297640215119998, 114.2144502228039897 ) ) ;
#4649 = AXIS2_PLACEMENT_3D ( 'NONE', #1585, #5340, #5461 ) ;
#4650 = VECTOR ( 'NONE', #9746, 1000.000000000000000 ) ;
#4651 = CARTESIAN_POINT ( 'NONE',  ( 135.1942913620800084, -141.9833878468080002, 106.3082985845010029 ) ) ;
#4652 = CARTESIAN_POINT ( 'NONE',  ( 162.2171133453900040, -119.4297640746489861, 85.35358141621330219 ) ) ;
#4653 = CARTESIAN_POINT ( 'NONE',  ( 132.2171133453900040, -119.4297640746489861, 62.74999974667980496 ) ) ;
#4654 = PLANE ( 'NONE',  #2303 ) ;
#4655 = ORIENTED_EDGE ( 'NONE', *, *, #3462, .F. ) ;
#4656 = DIRECTION ( 'NONE',  ( -3.049932991346375033E-15, -1.000000000000000000, 3.049932991346555288E-15 ) ) ;
#4657 = CARTESIAN_POINT ( 'NONE',  ( 174.2171133453904872, -149.4460613007626080, 64.75000000000000000 ) ) ;
#4658 = ORIENTED_EDGE ( 'NONE', *, *, #10465, .F. ) ;
#4659 = ORIENTED_EDGE ( 'NONE', *, *, #10338, .F. ) ;
#4660 = VECTOR ( 'NONE', #10919, 1000.000000000000000 ) ;
#4661 = CARTESIAN_POINT ( 'NONE',  ( 160.2171131927750025, -148.0297640746490231, 103.7997837512839965 ) ) ;
#4662 = ORIENTED_EDGE ( 'NONE', *, *, #3246, .T. ) ;
#4663 = EDGE_CURVE ( 'NONE', #7021, #7518, #669, .T. ) ;
#4664 = EDGE_CURVE ( 'NONE', #681, #1796, #2536, .T. ) ;
#4665 = CARTESIAN_POINT ( 'NONE',  ( 135.2171133453900040, -127.9297640746490146, 67.99999991151649681 ) ) ;
#4666 = DIRECTION ( 'NONE',  ( 3.683226109728400325E-15, 1.000000000000000000, -1.526556658859589750E-16 ) ) ;
#4667 = CYLINDRICAL_SURFACE ( 'NONE', #5568, 0.9999999999999964473 ) ;
#4668 = CIRCLE ( 'NONE', #4457, 2.349999999999990763 ) ;
#4669 = DIRECTION ( 'NONE',  ( -1.000000000000000000, -3.050476629134470034E-16, -3.280705218723690196E-15 ) ) ;
#4670 = DIRECTION ( 'NONE',  ( -1.654362013966960203E-24, 6.573933234426810631E-15, -1.000000000000000000 ) ) ;
#4671 = ORIENTED_EDGE ( 'NONE', *, *, #7690, .F. ) ;
#4672 = ORIENTED_EDGE ( 'NONE', *, *, #8204, .F. ) ;
#4673 = ORIENTED_EDGE ( 'NONE', *, *, #8061, .F. ) ;
#4674 = VECTOR ( 'NONE', #6262, 1000.000000000000000 ) ;
#4675 = EDGE_CURVE ( 'NONE', #3014, #9742, #11838, .T. ) ;
#4676 = VECTOR ( 'NONE', #7423, 1000.000000000000000 ) ;
#4677 = PRESENTATION_STYLE_ASSIGNMENT (( #3743 ) ) ;
#4678 = EDGE_CURVE ( 'NONE', #5933, #7021, #3890, .T. ) ;
#4679 = CARTESIAN_POINT ( 'NONE',  ( 165.7236018428179989, -114.4297640215112040, 59.71382556213799830 ) ) ;
#4680 = CARTESIAN_POINT ( 'NONE',  ( 139.1231655244480123, -153.4297640215119714, 99.69100161576849928 ) ) ;
#4681 = CARTESIAN_POINT ( 'NONE',  ( 162.6995645498505212, -114.4297640215112040, 53.73985315562539711 ) ) ;
#4682 = AXIS2_PLACEMENT_3D ( 'NONE', #2579, #10726, #5301 ) ;
#4683 = AXIS2_PLACEMENT_3D ( 'NONE', #3082, #1308, #6855 ) ;
#4684 = ORIENTED_EDGE ( 'NONE', *, *, #9831, .T. ) ;
#4685 = CARTESIAN_POINT ( 'NONE',  ( 161.9171131927750196, -148.4297640746490003, 103.7997837512839965 ) ) ;
#4686 = ORIENTED_EDGE ( 'NONE', *, *, #3092, .F. ) ;
#4687 = ORIENTED_EDGE ( 'NONE', *, *, #6245, .T. ) ;
#4688 = DIRECTION ( 'NONE',  ( 3.480590576041360211E-15, 1.000000000000000000, -1.074295325692379890E-17 ) ) ;
#4689 = ORIENTED_EDGE ( 'NONE', *, *, #4707, .F. ) ;
#4690 = ORIENTED_EDGE ( 'NONE', *, *, #1752, .T. ) ;
#4691 = DIRECTION ( 'NONE',  ( 0.4397326120322763710, 0.1821432117215197322, -0.8794652240646251284 ) ) ;
#4692 = EDGE_CURVE ( 'NONE', #11605, #3319, #9990, .T. ) ;
#4693 = CONICAL_SURFACE ( 'NONE', #1936, 3.299999999999997158, 0.7853981633975565257 ) ;
#4694 = EDGE_CURVE ( 'NONE', #3695, #4612, #9287, .T. ) ;
#4695 = DIRECTION ( 'NONE',  ( -7.166578434177388987E-17, -5.631063851084959641E-09, 1.000000000000000000 ) ) ;
#4696 = CARTESIAN_POINT ( 'NONE',  ( 132.6248169134119905, -148.4297640746490003, 102.0997837512840078 ) ) ;
#4697 = CARTESIAN_POINT ( 'NONE',  ( 167.1477910941036953, -139.8021477359550886, 117.6643259354419655 ) ) ;
#4698 = DIRECTION ( 'NONE',  ( -1.000000000000000000, 3.160768215787150073E-15, 8.821935677471621045E-15 ) ) ;
#4699 = EDGE_LOOP ( 'NONE', ( #2014, #5186, #8583, #7248 ) ) ;
#4700 = FACE_OUTER_BOUND ( 'NONE', #4503, .T. ) ;
#4701 = CIRCLE ( 'NONE', #6673, 4.250025253359296151 ) ;
#4702 = EDGE_LOOP ( 'NONE', ( #5721, #7632, #6511, #11786, #6251 ) ) ;
#4703 = DIRECTION ( 'NONE',  ( -3.049932991346550160E-15, -1.000000000000000000, 3.049932991346550160E-15 ) ) ;
#4704 = VERTEX_POINT ( 'NONE', #636 ) ;
#4705 = CARTESIAN_POINT ( 'NONE',  ( 133.0874150314851363, -122.5593564156064161, 62.73181646336375650 ) ) ;
#4706 = LINE ( 'NONE', #10297, #397 ) ;
#4707 = EDGE_CURVE ( 'NONE', #8514, #8861, #4449, .T. ) ;
#4708 = CARTESIAN_POINT ( 'NONE',  ( 147.7171133453900040, -152.4297640746490003, 78.47427112650861147 ) ) ;
#4709 = DIRECTION ( 'NONE',  ( -8.125761577746330715E-13, -1.526556658829089922E-16, -1.000000000000000000 ) ) ;
#4710 = AXIS2_PLACEMENT_3D ( 'NONE', #10223, #1788, #11214 ) ;
#4711 = LINE ( 'NONE', #8464, #538 ) ;
#4712 = CARTESIAN_POINT ( 'NONE',  ( 171.8132738580368084, -147.9350947612085747, 54.98313909600206273 ) ) ;
#4713 = CARTESIAN_POINT ( 'NONE',  ( 130.7906897817409799, -142.9147909025400054, 62.75000000000000000 ) ) ;
#4714 = CARTESIAN_POINT ( 'NONE',  ( 147.7171133453900040, -140.4297640215119998, 96.27798405616150035 ) ) ;
#4715 = ORIENTED_EDGE ( 'NONE', *, *, #10224, .T. ) ;
#4716 = FACE_OUTER_BOUND ( 'NONE', #253, .T. ) ;
#4717 = CARTESIAN_POINT ( 'NONE',  ( 162.3677708826299977, -142.0537471289034102, 53.47602185630480420 ) ) ;
#4718 = ORIENTED_EDGE ( 'NONE', *, *, #7588, .F. ) ;
#4719 = ORIENTED_EDGE ( 'NONE', *, *, #11766, .T. ) ;
#4720 = CIRCLE ( 'NONE', #6489, 2.500000000000002220 ) ;
#4721 = CARTESIAN_POINT ( 'NONE',  ( 132.5100065642030245, -141.1368708558350420, 67.87454564308396243 ) ) ;
#4722 = FACE_OUTER_BOUND ( 'NONE', #3688, .T. ) ;
#4723 = ORIENTED_EDGE ( 'NONE', *, *, #3398, .T. ) ;
#4724 = LINE ( 'NONE', #7669, #8962 ) ;
#4725 = DIRECTION ( 'NONE',  ( 0.7071067811865779928, -0.7071067811865170416, 1.836723418458359919E-16 ) ) ;
#4726 = VECTOR ( 'NONE', #6806, 1000.000000000000000 ) ;
#4727 = DIRECTION ( 'NONE',  ( -2.449293564549630096E-16, 6.573933234426810631E-15, -1.000000000000000000 ) ) ;
#4728 = DIRECTION ( 'NONE',  ( -1.000000000000000000, 0.000000000000000000, 0.000000000000000000 ) ) ;
#4729 = CARTESIAN_POINT ( 'NONE',  ( 175.2171133453905156, -127.6838383413243747, 66.00407431981281547 ) ) ;
#4730 = EDGE_CURVE ( 'NONE', #9568, #2041, #11097, .T. ) ;
#4731 = CARTESIAN_POINT ( 'NONE',  ( 163.6305697224680102, -114.6271460340300052, 50.45854402104249914 ) ) ;
#4732 = EDGE_CURVE ( 'NONE', #6927, #7094, #3579, .T. ) ;
#4733 = CARTESIAN_POINT ( 'NONE',  ( 162.2171133453900040, -139.0155505122760076, 69.99999991151639733 ) ) ;
#4734 = ORIENTED_EDGE ( 'NONE', *, *, #5264, .F. ) ;
#4735 = ORIENTED_EDGE ( 'NONE', *, *, #10548, .F. ) ;
#4736 = VERTEX_POINT ( 'NONE', #4637 ) ;
#4737 = CARTESIAN_POINT ( 'NONE',  ( 134.9242201265765857, -138.0155505122760076, 67.29289313032990094 ) ) ;
#4738 = CARTESIAN_POINT ( 'NONE',  ( 158.4671133453899756, -131.6797640746490003, 71.99999985651470524 ) ) ;
#4739 = DIRECTION ( 'NONE',  ( 1.000000000000000000, -2.602085213964869829E-17, 7.166576360129189239E-17 ) ) ;
#4740 = EDGE_CURVE ( 'NONE', #7954, #1701, #11811, .T. ) ;
#4741 = ORIENTED_EDGE ( 'NONE', *, *, #11022, .F. ) ;
#4742 = CARTESIAN_POINT ( 'NONE',  ( 163.2171133453900040, -119.4297640746489861, 66.99999991151629786 ) ) ;
#4743 = ORIENTED_EDGE ( 'NONE', *, *, #2410, .F. ) ;
#4744 = ORIENTED_EDGE ( 'NONE', *, *, #7446, .F. ) ;
#4745 = ADVANCED_FACE ( 'NONE', ( #1921 ), #1738, .F. ) ;
#4746 = ORIENTED_EDGE ( 'NONE', *, *, #10423, .F. ) ;
#4747 = ORIENTED_EDGE ( 'NONE', *, *, #11217, .F. ) ;
#4748 = DIRECTION ( 'NONE',  ( 0.000000000000000000, 6.573933234426810631E-15, -1.000000000000000000 ) ) ;
#4749 = VECTOR ( 'NONE', #6928, 1000.000000000000000 ) ;
#4750 = DIRECTION ( 'NONE',  ( 1.000000000000000000, 0.000000000000000000, 0.000000000000000000 ) ) ;
#4751 = CARTESIAN_POINT ( 'NONE',  ( 135.6669467343540134, -153.4297640746490003, 72.84999974667979927 ) ) ;
#4752 = CARTESIAN_POINT ( 'NONE',  ( 161.2171130129309802, -145.7328258789600000, 117.6643259181400083 ) ) ;
#4753 = AXIS2_PLACEMENT_3D ( 'NONE', #8743, #11698, #1231 ) ;
#4754 = VERTEX_POINT ( 'NONE', #9247 ) ;
#4755 = CARTESIAN_POINT ( 'NONE',  ( 138.8710998229673237, -144.6337265313727301, 110.7406452390854525 ) ) ;
#4756 = EDGE_CURVE ( 'NONE', #8659, #4704, #2837, .T. ) ;
#4757 = ORIENTED_EDGE ( 'NONE', *, *, #8930, .T. ) ;
#4758 = FACE_OUTER_BOUND ( 'NONE', #2094, .T. ) ;
#4759 = EDGE_CURVE ( 'NONE', #8707, #2825, #876, .T. ) ;
#4760 = ORIENTED_EDGE ( 'NONE', *, *, #6472, .F. ) ;
#4761 = CARTESIAN_POINT ( 'NONE',  ( 135.1106269972374037, -120.5702725032489440, 60.69203362404157076 ) ) ;
#4762 = EDGE_CURVE ( 'NONE', #7531, #7741, #7414, .T. ) ;
#4763 = CARTESIAN_POINT ( 'NONE',  ( 132.2171133453900040, -153.4297640746490003, 62.74999974667980496 ) ) ;
#4764 = CIRCLE ( 'NONE', #7902, 1.000000000000000888 ) ;
#4765 = PLANE ( 'NONE',  #60 ) ;
#4766 = CARTESIAN_POINT ( 'NONE',  ( 122.9144919146266091, -148.4297640215245906, 60.75000000000000000 ) ) ;
#4767 =( BOUNDED_CURVE ( )  B_SPLINE_CURVE ( 3, ( #8342, #4528, #9441, #3779 ),
 .UNSPECIFIED., .F., .F. ) 
 B_SPLINE_CURVE_WITH_KNOTS ( ( 4, 4 ),
 ( 5.645684026740410033, 6.276426431911310111 ),
 .UNSPECIFIED. ) 
 CURVE ( )  GEOMETRIC_REPRESENTATION_ITEM ( )  RATIONAL_B_SPLINE_CURVE ( ( 1.000000000000000000, 0.9671208724905319132, 0.9671208724905319132, 1.000000000000000000 ) ) 
 REPRESENTATION_ITEM ( '' )  );
#4768 = DIRECTION ( 'NONE',  ( -2.602085213964869829E-17, -1.000000000000000000, 1.526556658859589750E-16 ) ) ;
#4769 = DIRECTION ( 'NONE',  ( -6.331740687315499969E-17, 1.000000000000000000, -6.331740687315499969E-17 ) ) ;
#4770 = LINE ( 'NONE', #5693, #1213 ) ;
#4771 = ADVANCED_FACE ( 'NONE', ( #4700 ), #8453, .T. ) ;
#4772 = PLANE ( 'NONE',  #3281 ) ;
#4773 = CIRCLE ( 'NONE', #5945, 3.500000000000003109 ) ;
#4774 = VECTOR ( 'NONE', #11018, 1000.000000000000000 ) ;
#4775 = ORIENTED_EDGE ( 'NONE', *, *, #11955, .F. ) ;
#4776 = CARTESIAN_POINT ( 'NONE',  ( 130.1106248479624128, -114.4297640215114029, 60.17765112427590424 ) ) ;
#4777 = CARTESIAN_POINT ( 'NONE',  ( 126.8043469377704042, -114.6297640215114058, 57.75000000000000000 ) ) ;
#4778 = EDGE_CURVE ( 'NONE', #9607, #5080, #2593, .T. ) ;
#4779 = ORIENTED_EDGE ( 'NONE', *, *, #7319, .T. ) ;
#4780 = ORIENTED_EDGE ( 'NONE', *, *, #6793, .F. ) ;
#4781 = CARTESIAN_POINT ( 'NONE',  ( 163.2171133453900040, -145.4297640746490003, 71.99999985651460577 ) ) ;
#4782 = CARTESIAN_POINT ( 'NONE',  ( 132.0347794939902428, -149.1854823785816109, 50.50639933806904480 ) ) ;
#4783 = VERTEX_POINT ( 'NONE', #4513 ) ;
#4784 = CIRCLE ( 'NONE', #6551, 0.9999999999999866773 ) ;
#4785 = DIRECTION ( 'NONE',  ( 8.933825901280388903E-17, 1.000000000000000000, -8.933825901280388903E-17 ) ) ;
#4786 = LINE ( 'NONE', #2005, #7510 ) ;
#4787 = DIRECTION ( 'NONE',  ( 0.7071061596869638866, -0.7071074026855849182, -2.516956070619128802E-16 ) ) ;
#4788 = LINE ( 'NONE', #5587, #4860 ) ;
#4789 = CARTESIAN_POINT ( 'NONE',  ( 136.7171133453900040, -139.4497639943159868, 90.66992583329310662 ) ) ;
#4790 = CARTESIAN_POINT ( 'NONE',  ( 132.9595253520659526, -139.7883941673144932, 69.93129716992110900 ) ) ;
#4791 = CARTESIAN_POINT ( 'NONE',  ( 174.2171132998449821, -140.4297640215119998, 102.7500000000219842 ) ) ;
#4792 = VECTOR ( 'NONE', #4727, 1000.000000000000000 ) ;
#4793 = ORIENTED_EDGE ( 'NONE', *, *, #4313, .F. ) ;
#4794 = ORIENTED_EDGE ( 'NONE', *, *, #1734, .T. ) ;
#4795 = ORIENTED_EDGE ( 'NONE', *, *, #10559, .T. ) ;
#4796 = CARTESIAN_POINT ( 'NONE',  ( 130.1106248479624128, -117.4297640215114029, 60.17765112427590424 ) ) ;
#4797 = VECTOR ( 'NONE', #887, 1000.000000000000000 ) ;
#4798 = FACE_OUTER_BOUND ( 'NONE', #195, .T. ) ;
#4799 = CARTESIAN_POINT ( 'NONE',  ( 162.8203089162679760, -153.2310066308825753, 67.09275738724404903 ) ) ;
#4800 = ORIENTED_EDGE ( 'NONE', *, *, #2392, .F. ) ;
#4801 = CARTESIAN_POINT ( 'NONE',  ( 161.3736018428179761, -117.8297640215111954, 60.27765112427590566 ) ) ;
#4802 = VERTEX_POINT ( 'NONE', #9306 ) ;
#4803 = VERTEX_POINT ( 'NONE', #10231 ) ;
#4804 = VERTEX_POINT ( 'NONE', #9428 ) ;
#4805 = CIRCLE ( 'NONE', #2630, 1.700000000000007061 ) ;
#4806 = VERTEX_POINT ( 'NONE', #75 ) ;
#4807 = DIRECTION ( 'NONE',  ( -0.8944271909999325088, 0.000000000000000000, -0.4472135954999246210 ) ) ;
#4808 = ADVANCED_FACE ( 'NONE', ( #5555 ), #11259, .F. ) ;
#4809 = EDGE_CURVE ( 'NONE', #5300, #9157, #12148, .T. ) ;
#4810 = CARTESIAN_POINT ( 'NONE',  ( 123.5173385506730028, -152.7299892799319991, 108.8158574054239836 ) ) ;
#4811 = CARTESIAN_POINT ( 'NONE',  ( 163.1142629243655904, -136.3269136536244730, 70.48293592811882036 ) ) ;
#4812 = LINE ( 'NONE', #8561, #2894 ) ;
#4813 = ORIENTED_EDGE ( 'NONE', *, *, #4414, .F. ) ;
#4814 = CARTESIAN_POINT ( 'NONE',  ( 163.2171133453900040, -153.4297640746490003, 58.25000000000000000 ) ) ;
#4815 = ORIENTED_EDGE ( 'NONE', *, *, #3256, .T. ) ;
#4816 = CARTESIAN_POINT ( 'NONE',  ( 162.6399203444899797, -153.4297640746490003, 66.13179315275620240 ) ) ;
#4817 = ORIENTED_EDGE ( 'NONE', *, *, #3067, .F. ) ;
#4818 = AXIS2_PLACEMENT_3D ( 'NONE', #7963, #11719, #4269 ) ;
#4819 = CARTESIAN_POINT ( 'NONE',  ( 132.6106248479624128, -117.6297640215114058, 60.27765112427590566 ) ) ;
#4820 = EDGE_CURVE ( 'NONE', #7578, #6567, #5551, .T. ) ;
#4821 = DIRECTION ( 'NONE',  ( 0.000000000000000000, 1.000000000000000000, -2.327875578288750051E-16 ) ) ;
#4822 = LINE ( 'NONE', #10300, #2674 ) ;
#4823 = CARTESIAN_POINT ( 'NONE',  ( 162.6742201265759888, -140.4726572934619639, 69.70710669270289372 ) ) ;
#4824 = ADVANCED_FACE ( 'NONE', ( #10289 ), #3765, .T. ) ;
#4825 = CARTESIAN_POINT ( 'NONE',  ( 138.1874718761889937, -144.2510405795240160, 110.3700245264530082 ) ) ;
#4826 = VECTOR ( 'NONE', #7312, 1000.000000000000000 ) ;
#4827 = ADVANCED_FACE ( 'NONE', ( #9369 ), #11581, .F. ) ;
#4828 = LINE ( 'NONE', #6918, #9662 ) ;
#4829 = CARTESIAN_POINT ( 'NONE',  ( 154.0201484370539902, -140.4297640215119998, 100.6909950527140012 ) ) ;
#4830 = ORIENTED_EDGE ( 'NONE', *, *, #11232, .F. ) ;
#4831 = FACE_OUTER_BOUND ( 'NONE', #8905, .T. ) ;
#4832 = CARTESIAN_POINT ( 'NONE',  ( 130.2171133453898619, -148.4297638197814422, 56.00640280175947083 ) ) ;
#4833 = VERTEX_POINT ( 'NONE', #10529 ) ;
#4834 = ORIENTED_EDGE ( 'NONE', *, *, #10087, .F. ) ;
#4835 = CARTESIAN_POINT ( 'NONE',  ( 132.1397638976803819, -151.9297640215114882, 53.24991713246220115 ) ) ;
#4836 = DIRECTION ( 'NONE',  ( -1.745666765970135043E-15, -1.000000000000000000, 1.745666764645065067E-15 ) ) ;
#4837 = EDGE_LOOP ( 'NONE', ( #5698, #1248, #746, #10404 ) ) ;
#4838 = VECTOR ( 'NONE', #7968, 1000.000000000000000 ) ;
#4839 =( BOUNDED_CURVE ( )  B_SPLINE_CURVE ( 3, ( #5269, #9024, #11920, #7246 ),
 .UNSPECIFIED., .F., .F. ) 
 B_SPLINE_CURVE_WITH_KNOTS ( ( 4, 4 ),
 ( 5.349890256905269759, 5.665711723240839603 ),
 .UNSPECIFIED. ) 
 CURVE ( )  GEOMETRIC_REPRESENTATION_ITEM ( )  RATIONAL_B_SPLINE_CURVE ( ( 1.000000000000000000, 0.9917053244918909716, 0.9917053244918909716, 1.000000000000000000 ) ) 
 REPRESENTATION_ITEM ( '' )  );
#4840 = AXIS2_PLACEMENT_3D ( 'NONE', #12078, #2640, #11024 ) ;
#4841 = EDGE_CURVE ( 'NONE', #1661, #1428, #7914, .T. ) ;
#4842 = CARTESIAN_POINT ( 'NONE',  ( 132.2474879634529827, -142.6271945873118057, 51.11866876023830031 ) ) ;
#4843 = CARTESIAN_POINT ( 'NONE',  ( 163.1087258513475149, -120.4297680637882024, 62.66078637172639532 ) ) ;
#4844 = EDGE_CURVE ( 'NONE', #6000, #11456, #4934, .T. ) ;
#4845 = CARTESIAN_POINT ( 'NONE',  ( 163.2171133453900040, -138.8513369720210164, 93.86432591814070747 ) ) ;
#4846 = DIRECTION ( 'NONE',  ( -1.644402159549924989E-16, 1.000000000000000000, -1.650370645943659984E-16 ) ) ;
#4847 = DIRECTION ( 'NONE',  ( 0.000000000000000000, 1.000000000000000000, -1.526556658859589750E-16 ) ) ;
#4848 = AXIS2_PLACEMENT_3D ( 'NONE', #4326, #3512, #6420 ) ;
#4849 = ORIENTED_EDGE ( 'NONE', *, *, #4613, .T. ) ;
#4850 = ORIENTED_EDGE ( 'NONE', *, *, #6298, .T. ) ;
#4851 = VERTEX_POINT ( 'NONE', #11402 ) ;
#4852 = EDGE_CURVE ( 'NONE', #4015, #9057, #5856, .T. ) ;
#4853 = FACE_OUTER_BOUND ( 'NONE', #1667, .T. ) ;
#4854 = AXIS2_PLACEMENT_3D ( 'NONE', #7468, #2831, #1914 ) ;
#4855 = LINE ( 'NONE', #1215, #2020 ) ;
#4856 = CARTESIAN_POINT ( 'NONE',  ( 135.2171131927750309, -148.2297640746490117, 103.7997837512839965 ) ) ;
#4857 = LINE ( 'NONE', #3747, #7254 ) ;
#4858 = VERTEX_POINT ( 'NONE', #2156 ) ;
#4859 = CARTESIAN_POINT ( 'NONE',  ( 171.2171133453900040, -143.6632556323918095, 64.75000000000000000 ) ) ;
#4860 = VECTOR ( 'NONE', #4669, 1000.000000000000000 ) ;
#4861 = ORIENTED_EDGE ( 'NONE', *, *, #8620, .T. ) ;
#4862 = EDGE_LOOP ( 'NONE', ( #10306, #10054, #5815, #7995 ) ) ;
#4863 = AXIS2_PLACEMENT_3D ( 'NONE', #9498, #7716, #10425 ) ;
#4864 = VERTEX_POINT ( 'NONE', #9664 ) ;
#4865 = CARTESIAN_POINT ( 'NONE',  ( 132.2171133453900040, -134.4297640746490288, 81.50005035146759269 ) ) ;
#4866 = CARTESIAN_POINT ( 'NONE',  ( 163.2171133453900040, -140.7031430363830111, 70.73838323608271139 ) ) ;
#4867 = CARTESIAN_POINT ( 'NONE',  ( 139.0769737309300069, -153.4297640215119714, 112.4405461112039859 ) ) ;
#4868 = CARTESIAN_POINT ( 'NONE',  ( 136.5096806236768145, -143.3972909629136154, 110.3643259181410201 ) ) ;
#4869 = VECTOR ( 'NONE', #11965, 1000.000000000000000 ) ;
#4870 = CARTESIAN_POINT ( 'NONE',  ( 147.6669467408599985, -154.0297640746490231, 83.34999974667989875 ) ) ;
#4871 = ORIENTED_EDGE ( 'NONE', *, *, #11431, .F. ) ;
#4872 = DIRECTION ( 'NONE',  ( 1.000000000000000000, 0.000000000000000000, -1.387778780781444413E-14 ) ) ;
#4873 = ADVANCED_FACE ( 'NONE', ( #249 ), #10416, .F. ) ;
#4874 = EDGE_CURVE ( 'NONE', #8980, #4833, #5770, .T. ) ;
#4875 = ORIENTED_EDGE ( 'NONE', *, *, #6553, .T. ) ;
#4876 = B_SPLINE_CURVE_WITH_KNOTS ( 'NONE', 3,
 ( #5001, #1299, #6675, #5799, #9490, #8688, #11584, #2957, #10594, #9609, #10418, #5737, #8750, #8632, #3883, #1110, #6784, #251, #2216, #1055, #3941, #7708, #6908, #10654, #8567, #134, #5059 ),
 .UNSPECIFIED., .F., .F.,
 ( 4, 2, 2, 2, 2, 2, 1, 1, 1, 1, 1, 2, 2, 2, 2, 4 ),
 ( 0.000000000000000000, 0.1249999999997716271, 0.2499999999995432542, 0.3749999999993148814, 0.4374999999992002508, 0.4687499999991424637, 0.4843749999991144861, 0.4921874999991005528, 0.4960937499990936139, 0.4980468749990912825, 0.4990234374990894506, 0.4995117187490903388, 0.4999999999990912825, 0.6249999999993183231, 0.7499999999995453637, 1.000000000000000000 ),
 .UNSPECIFIED. ) ;
#4877 = CARTESIAN_POINT ( 'NONE',  ( 169.9786284033270078, -147.3829269371353803, 53.38549640900530591 ) ) ;
#4878 = CIRCLE ( 'NONE', #10577, 0.9999999999999964473 ) ;
#4879 = VERTEX_POINT ( 'NONE', #7762 ) ;
#4880 = VECTOR ( 'NONE', #12011, 1000.000000000000000 ) ;
#4881 = FACE_OUTER_BOUND ( 'NONE', #8054, .T. ) ;
#4882 = FACE_OUTER_BOUND ( 'NONE', #1385, .T. ) ;
#4883 = PLANE ( 'NONE',  #311 ) ;
#4884 = CARTESIAN_POINT ( 'NONE',  ( 138.7892528739459976, -140.7213774775179900, 110.6585012201539939 ) ) ;
#4885 = AXIS2_PLACEMENT_3D ( 'NONE', #10946, #2625, #791 ) ;
#4886 = CARTESIAN_POINT ( 'NONE',  ( 138.1631657345020301, -144.2438247299230056, 110.3674185062529887 ) ) ;
#4887 = CARTESIAN_POINT ( 'NONE',  ( 143.4008046154339695, -140.4297640215119998, 111.3643259181410059 ) ) ;
#4888 = DIRECTION ( 'NONE',  ( -1.000000000000000000, -9.644381700046979210E-17, -1.028189605211130024E-14 ) ) ;
#4889 = ADVANCED_FACE ( 'NONE', ( #9543 ), #3133, .T. ) ;
#4890 = ORIENTED_EDGE ( 'NONE', *, *, #6694, .F. ) ;
#4891 = CARTESIAN_POINT ( 'NONE',  ( 132.9553139575908176, -139.0155505848574649, 69.99999991151649681 ) ) ;
#4892 = CARTESIAN_POINT ( 'NONE',  ( 162.4476321890733459, -139.7076689186147291, 67.05466945666300660 ) ) ;
#4893 = ORIENTED_EDGE ( 'NONE', *, *, #3249, .F. ) ;
#4894 = CARTESIAN_POINT ( 'NONE',  ( 133.0349179191536280, -139.5635383900005309, 67.03347580462803990 ) ) ;
#4895 = EDGE_CURVE ( 'NONE', #2083, #6235, #9876, .T. ) ;
#4896 = ORIENTED_EDGE ( 'NONE', *, *, #8809, .F. ) ;
#4897 = FACE_OUTER_BOUND ( 'NONE', #2972, .T. ) ;
#4898 = ORIENTED_EDGE ( 'NONE', *, *, #10394, .T. ) ;
#4899 = VECTOR ( 'NONE', #10009, 1000.000000000000114 ) ;
#4900 = AXIS2_PLACEMENT_3D ( 'NONE', #4506, #11831, #10900 ) ;
#4901 = CYLINDRICAL_SURFACE ( 'NONE', #10920, 0.9999999999999964473 ) ;
#4902 = DIRECTION ( 'NONE',  ( 0.000000000000000000, -1.000000000000000000, 1.150608946447910180E-15 ) ) ;
#4903 = LINE ( 'NONE', #5823, #3265 ) ;
#4904 = CARTESIAN_POINT ( 'NONE',  ( 125.4555982874533981, -146.6504621838786022, 53.38549640900530591 ) ) ;
#4905 = PLANE ( 'NONE',  #4951 ) ;
#4906 = LINE ( 'NONE', #5027, #6651 ) ;
#4907 = STYLED_ITEM ( 'NONE', ( #10887 ), #1212 ) ;
#4908 = CARTESIAN_POINT ( 'NONE',  ( 134.2710900526533919, -140.4857166621322619, 111.0340912878389616 ) ) ;
#4909 = EDGE_CURVE ( 'NONE', #7709, #5290, #9867, .T. ) ;
#4910 = EDGE_LOOP ( 'NONE', ( #6524, #8922, #2374, #2896, #2231, #2522, #7585, #9486 ) ) ;
#4911 = ORIENTED_EDGE ( 'NONE', *, *, #180, .F. ) ;
#4912 = LINE ( 'NONE', #2251, #8177 ) ;
#4913 =( BOUNDED_CURVE ( )  B_SPLINE_CURVE ( 3, ( #8732, #7076, #5104, #2259 ),
 .UNSPECIFIED., .F., .F. ) 
 B_SPLINE_CURVE_WITH_KNOTS ( ( 4, 4 ),
 ( 6.166804308731429677E-17, 1.570796326794895004 ),
 .UNSPECIFIED. ) 
 CURVE ( )  GEOMETRIC_REPRESENTATION_ITEM ( )  RATIONAL_B_SPLINE_CURVE ( ( 1.000000000000000000, 0.8047378541243649375, 0.8047378541243649375, 1.000000000000000000 ) ) 
 REPRESENTATION_ITEM ( '' )  );
#4914 = EDGE_CURVE ( 'NONE', #5910, #6975, #4773, .T. ) ;
#4915 = ORIENTED_EDGE ( 'NONE', *, *, #735, .F. ) ;
#4916 = EDGE_CURVE ( 'NONE', #221, #2889, #9727, .T. ) ;
#4917 =( NAMED_UNIT ( * ) PLANE_ANGLE_UNIT ( ) SI_UNIT ( $, .RADIAN. ) );
#4918 = DIRECTION ( 'NONE',  ( 0.7071067811865159314, 0.7071067811865789920, -5.726850911313099253E-17 ) ) ;
#4919 = DIRECTION ( 'NONE',  ( 0.000000000000000000, -1.000000000000000000, 1.526556658859589750E-16 ) ) ;
#4920 = CARTESIAN_POINT ( 'NONE',  ( 129.7796740241492444, -144.3551765105113986, 51.13534865116196926 ) ) ;
#4921 = DIRECTION ( 'NONE',  ( 1.000000000000000000, 0.000000000000000000, 0.000000000000000000 ) ) ;
#4922 = ORIENTED_EDGE ( 'NONE', *, *, #6419, .T. ) ;
#4923 = DIRECTION ( 'NONE',  ( 1.000000000000000000, -2.602085213964869829E-17, 7.166576360129189239E-17 ) ) ;
#4924 = EDGE_CURVE ( 'NONE', #3091, #3269, #1981, .T. ) ;
#4925 = ORIENTED_EDGE ( 'NONE', *, *, #2629, .F. ) ;
#4926 = ORIENTED_EDGE ( 'NONE', *, *, #2089, .T. ) ;
#4927 = EDGE_LOOP ( 'NONE', ( #9477, #2120, #4135, #500, #9847, #6399, #8554, #1208, #9470, #7221, #3367, #919 ) ) ;
#4928 = PLANE ( 'NONE',  #3 ) ;
#4929 = CARTESIAN_POINT ( 'NONE',  ( 125.4555982874535971, -120.4297680637882024, 53.38549640900549775 ) ) ;
#4930 = CARTESIAN_POINT ( 'NONE',  ( 167.9954836606060269, -145.2618492856642263, 51.91664625081948969 ) ) ;
#4931 = DIRECTION ( 'NONE',  ( 5.883148992937639856E-16, 1.000000000000000000, -5.883148992938029356E-16 ) ) ;
#4932 = LINE ( 'NONE', #11700, #6652 ) ;
#4933 = ORIENTED_EDGE ( 'NONE', *, *, #854, .T. ) ;
#4934 = LINE ( 'NONE', #7825, #6543 ) ;
#4935 = ORIENTED_EDGE ( 'NONE', *, *, #7670, .F. ) ;
#4936 = FACE_OUTER_BOUND ( 'NONE', #10853, .T. ) ;
#4937 = ORIENTED_EDGE ( 'NONE', *, *, #10525, .F. ) ;
#4938 = CARTESIAN_POINT ( 'NONE',  ( 132.2769880091470043, -141.4329532045800022, 69.21067744471599781 ) ) ;
#4939 = LINE ( 'NONE', #383, #9097 ) ;
#4940 = VERTEX_POINT ( 'NONE', #11341 ) ;
#4941 = FACE_OUTER_BOUND ( 'NONE', #9548, .T. ) ;
#4942 = EDGE_CURVE ( 'NONE', #3378, #5412, #2897, .T. ) ;
#4943 = VECTOR ( 'NONE', #2770, 1000.000000000000000 ) ;
#4944 = CARTESIAN_POINT ( 'NONE',  ( 162.6399203444899797, -140.4797640480800283, 66.13179315275620240 ) ) ;
#4945 = CARTESIAN_POINT ( 'NONE',  ( 138.1144022118240002, -144.2287363896290060, 110.3648884040220111 ) ) ;
#4946 = CARTESIAN_POINT ( 'NONE',  ( 147.7171133226179904, -119.4297640746489861, 87.95716295907050153 ) ) ;
#4947 = FACE_BOUND ( 'NONE', #3820, .T. ) ;
#4948 = ORIENTED_EDGE ( 'NONE', *, *, #5977, .T. ) ;
#4949 = ORIENTED_EDGE ( 'NONE', *, *, #2101, .T. ) ;
#4950 = CARTESIAN_POINT ( 'NONE',  ( 139.1053615817419882, -140.4297640215119998, 104.6051247192650067 ) ) ;
#4951 = AXIS2_PLACEMENT_3D ( 'NONE', #3107, #219, #3041 ) ;
#4952 = ORIENTED_EDGE ( 'NONE', *, *, #11454, .T. ) ;
#4953 = CARTESIAN_POINT ( 'NONE',  ( 158.4671133112319694, -140.4297640215119998, 102.7500000000329976 ) ) ;
#4954 = ORIENTED_EDGE ( 'NONE', *, *, #11375, .T. ) ;
#4955 = CARTESIAN_POINT ( 'NONE',  ( 132.3771133453899722, -152.9723504732990307, 67.14091634279330378 ) ) ;
#4956 = ORIENTED_EDGE ( 'NONE', *, *, #5901, .F. ) ;
#4957 = ADVANCED_FACE ( 'NONE', ( #9487 ), #1051, .T. ) ;
#4958 = CARTESIAN_POINT ( 'NONE',  ( 163.2171133453900040, -145.4297640746490003, 71.99999985651460577 ) ) ;
#4959 = EDGE_CURVE ( 'NONE', #7001, #8009, #4178, .T. ) ;
#4960 = DIRECTION ( 'NONE',  ( -0.8944271909999103043, 0.000000000000000000, 0.4472135954999690299 ) ) ;
#4961 = FACE_OUTER_BOUND ( 'NONE', #4383, .T. ) ;
#4962 = VECTOR ( 'NONE', #1857, 1000.000000000000000 ) ;
#4963 = AXIS2_PLACEMENT_3D ( 'NONE', #6104, #10588, #8681 ) ;
#4964 = DIRECTION ( 'NONE',  ( -3.160768215787710164E-15, -1.000000000000000000, -6.351909800628989903E-14 ) ) ;
#4965 = EDGE_CURVE ( 'NONE', #10084, #4557, #8628, .T. ) ;
#4966 = CARTESIAN_POINT ( 'NONE',  ( 138.5139018914646840, -144.3374027870077327, 106.2912734050779875 ) ) ;
#4967 = DIRECTION ( 'NONE',  ( 1.000000000000000000, 0.000000000000000000, 0.000000000000000000 ) ) ;
#4968 = DIRECTION ( 'NONE',  ( 0.7083865439939137643, 0.000000000000000000, -0.7058246979869428062 ) ) ;
#4969 = CARTESIAN_POINT ( 'NONE',  ( 163.0571133453900075, -153.4297640746490003, 65.95898615365621254 ) ) ;
#4970 = VERTEX_POINT ( 'NONE', #11457 ) ;
#4971 = EDGE_LOOP ( 'NONE', ( #836, #5047, #3869, #7188, #4101 ) ) ;
#4972 = CARTESIAN_POINT ( 'NONE',  ( 131.5658543892301395, -147.5061392012231920, 51.12327590402934874 ) ) ;
#4973 = ORIENTED_EDGE ( 'NONE', *, *, #5777, .F. ) ;
#4974 = CIRCLE ( 'NONE', #1434, 1.000000000000003553 ) ;
#4975 = CARTESIAN_POINT ( 'NONE',  ( 147.7171133226179904, -154.4297640746490003, 102.7500000000329976 ) ) ;
#4976 = EDGE_CURVE ( 'NONE', #4988, #1458, #5302, .T. ) ;
#4977 = DIRECTION ( 'NONE',  ( -0.8125199200687529544, -0.3365567705908004137, -0.4759631494779386629 ) ) ;
#4978 = ADVANCED_FACE ( 'NONE', ( #10894 ), #1809, .F. ) ;
#4979 = CARTESIAN_POINT ( 'NONE',  ( 125.2171134314530008, -154.4297640918499894, 108.8158571660590042 ) ) ;
#4980 = DIRECTION ( 'NONE',  ( -3.350752904493059973E-15, -1.000000000000000000, 1.526556658859589750E-16 ) ) ;
#4981 = EDGE_CURVE ( 'NONE', #3906, #3304, #594, .T. ) ;
#4982 = DIRECTION ( 'NONE',  ( -1.214306495755069846E-16, 1.000000000000000000, 0.000000000000000000 ) ) ;
#4983 = VECTOR ( 'NONE', #3921, 1000.000000000000000 ) ;
#4985 = EDGE_CURVE ( 'NONE', #8801, #1774, #6962, .T. ) ;
#4984 = ORIENTED_EDGE ( 'NONE', *, *, #9046, .F. ) ;
#4986 = DIRECTION ( 'NONE',  ( 0.000000000000000000, -1.000000000000000000, -7.105427357601000281E-15 ) ) ;
#4987 = ORIENTED_EDGE ( 'NONE', *, *, #3681, .F. ) ;
#4988 = VERTEX_POINT ( 'NONE', #9053 ) ;
#4989 = EDGE_LOOP ( 'NONE', ( #7139, #6083, #3522, #2400, #9475, #11419, #658, #7521, #5978, #1162, #9902 ) ) ;
#4990 = DIRECTION ( 'NONE',  ( 0.3826834323651358560, -0.9238795325112677537, -5.107025913275719297E-15 ) ) ;
#4991 = AXIS2_PLACEMENT_3D ( 'NONE', #11611, #5825, #5946 ) ;
#4992 = EDGE_CURVE ( 'NONE', #8044, #4879, #11947, .T. ) ;
#4993 = CARTESIAN_POINT ( 'NONE',  ( 132.2171133453900040, -140.4297640215119998, 96.26432591814179318 ) ) ;
#4994 = CARTESIAN_POINT ( 'NONE',  ( 162.8236018428179932, -117.6297640215111926, 60.27765112427590566 ) ) ;
#4995 = FACE_OUTER_BOUND ( 'NONE', #671, .T. ) ;
#4996 = EDGE_CURVE ( 'NONE', #9838, #11570, #7711, .T. ) ;
#4997 = EDGE_LOOP ( 'NONE', ( #7906, #9025 ) ) ;
#4998 = DIRECTION ( 'NONE',  ( 7.166576360129139935E-17, -2.327875575167340354E-16, -1.000000000000000000 ) ) ;
#4999 = CIRCLE ( 'NONE', #6384, 24.75049366970480236 ) ;
#5000 = ORIENTED_EDGE ( 'NONE', *, *, #3930, .T. ) ;
#5001 = CARTESIAN_POINT ( 'NONE',  ( 120.2171133453899898, -149.4193518720470024, 62.24960223581899754 ) ) ;
#5002 = ORIENTED_EDGE ( 'NONE', *, *, #2255, .F. ) ;
#5003 = CARTESIAN_POINT ( 'NONE',  ( 135.7511730798276801, -142.6550185513584665, 106.3643259181409917 ) ) ;
#5004 = CARTESIAN_POINT ( 'NONE',  ( 162.8449171059519642, -123.4297640215111898, 57.77774199401579835 ) ) ;
#5005 = VERTEX_POINT ( 'NONE', #8869 ) ;
#5006 = EDGE_CURVE ( 'NONE', #9158, #5544, #7947, .T. ) ;
#5007 = AXIS2_PLACEMENT_3D ( 'NONE', #5406, #2381, #9037 ) ;
#5008 = CARTESIAN_POINT ( 'NONE',  ( 161.5100065642035077, -134.7226572934624187, 81.20715713265379065 ) ) ;
#5009 = CARTESIAN_POINT ( 'NONE',  ( 160.5846578133563582, -138.6480060443097102, 69.44721350701627216 ) ) ;
#5010 = CARTESIAN_POINT ( 'NONE',  ( 130.2171133453899756, -120.4297639227376067, 62.75000000000000000 ) ) ;
#5011 = DIRECTION ( 'NONE',  ( -1.000000000000000000, 5.947210316807140508E-15, 8.810118433399939970E-15 ) ) ;
#5012 = DIRECTION ( 'NONE',  ( -0.9513277913954431009, 1.168631524111553039E-15, -0.3081808451521090841 ) ) ;
#5013 = ORIENTED_EDGE ( 'NONE', *, *, #11353, .F. ) ;
#5014 = ORIENTED_EDGE ( 'NONE', *, *, #4252, .T. ) ;
#5015 = CARTESIAN_POINT ( 'NONE',  ( 162.5818865471806589, -140.1098588517186556, 67.13128348503153120 ) ) ;
#5016 = ORIENTED_EDGE ( 'NONE', *, *, #11760, .F. ) ;
#5017 = CARTESIAN_POINT ( 'NONE',  ( 129.1543469377703843, -114.4297640215114029, 57.75000000000000000 ) ) ;
#5018 = EDGE_LOOP ( 'NONE', ( #7785, #4896, #9130, #3708, #2876, #2777, #7065, #11905, #5164, #910 ) ) ;
#5019 = CARTESIAN_POINT ( 'NONE',  ( 132.5100065642029961, -141.1368708558350136, 68.99999991151649681 ) ) ;
#5020 = ORIENTED_EDGE ( 'NONE', *, *, #8948, .T. ) ;
#5021 = DIRECTION ( 'NONE',  ( 0.000000000000000000, -1.000000000000000000, 2.327875578288750051E-16 ) ) ;
#5022 = AXIS2_PLACEMENT_3D ( 'NONE', #6790, #2102, #5865 ) ;
#5023 = CARTESIAN_POINT ( 'NONE',  ( 147.6669467408599985, -154.4297640746490003, 83.34999974667989875 ) ) ;
#5024 = CARTESIAN_POINT ( 'NONE',  ( 132.2932338128785830, -141.4612942046570083, 89.41609849487390704 ) ) ;
#5025 = CARTESIAN_POINT ( 'NONE',  ( 132.1839079976216169, -148.4127124287246033, 50.93565738772740303 ) ) ;
#5026 = CARTESIAN_POINT ( 'NONE',  ( 162.4671133453900040, -153.4287711522630104, 66.54898615365620174 ) ) ;
#5027 = CARTESIAN_POINT ( 'NONE',  ( 163.2171133453904872, -126.4297640215112040, 61.45398638250009782 ) ) ;
#5028 = CARTESIAN_POINT ( 'NONE',  ( 120.2171133453893930, -129.9467472432703801, 64.75000000000000000 ) ) ;
#5029 = CARTESIAN_POINT ( 'NONE',  ( 134.0177602630949991, -140.4297640215119998, 111.2874547916322996 ) ) ;
#5030 = EDGE_CURVE ( 'NONE', #2571, #4193, #562, .T. ) ;
#5031 = VERTEX_POINT ( 'NONE', #9909 ) ;
#5032 = VERTEX_POINT ( 'NONE', #1420 ) ;
#5033 = CARTESIAN_POINT ( 'NONE',  ( 129.7106248479624071, -114.4297640215114029, 59.71382556213799830 ) ) ;
#5034 = AXIS2_PLACEMENT_3D ( 'NONE', #6751, #8536, #3036 ) ;
#5035 = AXIS2_PLACEMENT_3D ( 'NONE', #6269, #10070, #10871 ) ;
#5036 = EDGE_LOOP ( 'NONE', ( #6113, #6082, #5042, #10673 ) ) ;
#5037 = DIRECTION ( 'NONE',  ( 0.000000000000000000, 1.000000000000000000, 6.217248937900871104E-15 ) ) ;
#5038 = DIRECTION ( 'NONE',  ( 1.000000000000000000, 0.000000000000000000, 0.000000000000000000 ) ) ;
#5039 = DIRECTION ( 'NONE',  ( -1.000000000000000000, 0.000000000000000000, 0.000000000000000000 ) ) ;
#5040 = AXIS2_PLACEMENT_3D ( 'NONE', #10046, #3573, #11092 ) ;
#5041 = DIRECTION ( 'NONE',  ( 0.000000000000000000, 1.000000000000000000, 6.573933234426810631E-15 ) ) ;
#5042 = ORIENTED_EDGE ( 'NONE', *, *, #4242, .T. ) ;
#5043 = CARTESIAN_POINT ( 'NONE',  ( 160.2171133453899756, -140.8763835241099969, 93.86432591814070747 ) ) ;
#5044 = ADVANCED_FACE ( 'NONE', ( #11769 ), #10779, .T. ) ;
#5045 = VERTEX_POINT ( 'NONE', #5177 ) ;
#5046 = ORIENTED_EDGE ( 'NONE', *, *, #971, .T. ) ;
#5047 = ORIENTED_EDGE ( 'NONE', *, *, #12065, .T. ) ;
#5048 = AXIS2_PLACEMENT_3D ( 'NONE', #6542, #6667, #4750 ) ;
#5049 = EDGE_CURVE ( 'NONE', #5638, #8245, #10712, .T. ) ;
#5050 = CARTESIAN_POINT ( 'NONE',  ( 134.3368620322947606, -140.5112433868849564, 105.7596942511640492 ) ) ;
#5051 = CARTESIAN_POINT ( 'NONE',  ( 163.2171133453900040, -144.5297640215119941, 65.95898615365621254 ) ) ;
#5052 = DIRECTION ( 'NONE',  ( 3.480590576041360211E-15, 1.000000000000000000, 0.000000000000000000 ) ) ;
#5053 = DIRECTION ( 'NONE',  ( -1.243959016907997788E-16, 1.000000000000000000, 6.938111044284590777E-15 ) ) ;
#5054 = CIRCLE ( 'NONE', #6073, 3.099999999999991651 ) ;
#5055 = VECTOR ( 'NONE', #7115, 1000.000000000000000 ) ;
#5056 = VERTEX_POINT ( 'NONE', #6169 ) ;
#5057 = DIRECTION ( 'NONE',  ( -1.666513209668970211E-24, 1.000000000000000000, 7.105427357601000281E-15 ) ) ;
#5058 = ORIENTED_EDGE ( 'NONE', *, *, #3930, .F. ) ;
#5059 = CARTESIAN_POINT ( 'NONE',  ( 131.9466248479558033, -148.9298859776444033, 50.25265112427409520 ) ) ;
#5060 = EDGE_CURVE ( 'NONE', #7247, #3695, #7090, .T. ) ;
#5061 = ORIENTED_EDGE ( 'NONE', *, *, #9875, .T. ) ;
#5062 = ORIENTED_EDGE ( 'NONE', *, *, #2949, .T. ) ;
#5063 = EDGE_CURVE ( 'NONE', #6127, #7578, #1478, .T. ) ;
#5064 = CARTESIAN_POINT ( 'NONE',  ( 132.2872397328700060, -141.2594913791250235, 69.63440075758030900 ) ) ;
#5065 = AXIS2_PLACEMENT_3D ( 'NONE', #11176, #1692, #2667 ) ;
#5066 = DIRECTION ( 'NONE',  ( -1.000000000000000000, 0.000000000000000000, 2.449293572821440166E-16 ) ) ;
#5067 = VECTOR ( 'NONE', #2212, 1000.000000000000000 ) ;
#5068 = ORIENTED_EDGE ( 'NONE', *, *, #5510, .F. ) ;
#5069 = DIRECTION ( 'NONE',  ( 0.7071067811864749642, -0.7071067811866200703, 1.586192039559004836E-16 ) ) ;
#5070 = DIRECTION ( 'NONE',  ( 0.7071067811865475727, -0.7071067811865475727, 0.000000000000000000 ) ) ;
#5071 = DIRECTION ( 'NONE',  ( 1.000000000000000000, -3.480590576041360211E-15, 0.000000000000000000 ) ) ;
#5072 = CARTESIAN_POINT ( 'NONE',  ( 141.4671133453900040, -119.4297640746489861, 96.26432591814179318 ) ) ;
#5073 = CARTESIAN_POINT ( 'NONE',  ( 132.5893095848283849, -123.4297640215114029, 57.77774199401579835 ) ) ;
#5074 = AXIS2_PLACEMENT_3D ( 'NONE', #6919, #11535, #2169 ) ;
#5075 = ORIENTED_EDGE ( 'NONE', *, *, #9865, .F. ) ;
#5076 = AXIS2_PLACEMENT_3D ( 'NONE', #9468, #59, #2758 ) ;
#5077 = EDGE_LOOP ( 'NONE', ( #2587, #12135, #4973, #1840, #6609, #1653, #10931, #9427, #315 ) ) ;
#5078 = CARTESIAN_POINT ( 'NONE',  ( 132.6106248479624128, -117.4297640215114029, 60.27765112427590566 ) ) ;
#5079 = ADVANCED_FACE ( 'NONE', ( #11823 ), #2276, .F. ) ;
#5080 = VERTEX_POINT ( 'NONE', #7684 ) ;
#5081 = CARTESIAN_POINT ( 'NONE',  ( 132.9479619286036041, -139.8230045498123388, 67.07527280392940838 ) ) ;
#5082 = ORIENTED_EDGE ( 'NONE', *, *, #3978, .T. ) ;
#5083 = DIRECTION ( 'NONE',  ( 2.444005099427409921E-28, 1.000000000000000000, 1.761091272811659927E-14 ) ) ;
#5084 = ORIENTED_EDGE ( 'NONE', *, *, #10475, .F. ) ;
#5085 = CARTESIAN_POINT ( 'NONE',  ( 163.2171133453900040, -153.4297640746490003, 58.25000000000000000 ) ) ;
#5086 = VECTOR ( 'NONE', #11195, 1000.000000000000000 ) ;
#5087 = AXIS2_PLACEMENT_3D ( 'NONE', #6642, #1023, #1954 ) ;
#5088 = CARTESIAN_POINT ( 'NONE',  ( 162.9674195183530117, -141.0614479310189893, 67.50232843037180430 ) ) ;
#5089 = LINE ( 'NONE', #3223, #8405 ) ;
#5090 = LINE ( 'NONE', #8653, #8336 ) ;
#5091 = CARTESIAN_POINT ( 'NONE',  ( 163.2171132645240164, -119.4297640746489861, 70.99999985651450629 ) ) ;
#5092 = CARTESIAN_POINT ( 'NONE',  ( 135.1409928779011977, -138.3982339446410208, 68.99999991151649681 ) ) ;
#5093 = CARTESIAN_POINT ( 'NONE',  ( 124.2171133453900040, -153.4297640746490003, 100.7500000000290044 ) ) ;
#5094 = DIRECTION ( 'NONE',  ( 7.166576360129189239E-17, 0.000000000000000000, -1.000000000000000000 ) ) ;
#5095 = VERTEX_POINT ( 'NONE', #6763 ) ;
#5096 = ORIENTED_EDGE ( 'NONE', *, *, #4242, .F. ) ;
#5097 = CARTESIAN_POINT ( 'NONE',  ( 162.8236018428179932, -114.4297640215112040, 60.17765112427590424 ) ) ;
#5098 = ORIENTED_EDGE ( 'NONE', *, *, #11842, .T. ) ;
#5099 = FACE_OUTER_BOUND ( 'NONE', #11028, .T. ) ;
#5100 = CYLINDRICAL_SURFACE ( 'NONE', #8916, 4.999999999999998224 ) ;
#5101 = ADVANCED_FACE ( 'NONE', ( #8853 ), #7803, .F. ) ;
#5102 = CONICAL_SURFACE ( 'NONE', #8631, 1.650000000000012568, 0.7853981633974476129 ) ;
#5103 = CARTESIAN_POINT ( 'NONE',  ( 132.2171133453899472, -152.6985251767136731, 98.58985179697671697 ) ) ;
#5104 = CARTESIAN_POINT ( 'NONE',  ( 163.2171133453900609, -140.6724047617684050, 70.99999991151638312 ) ) ;
#5105 = ORIENTED_EDGE ( 'NONE', *, *, #5968, .T. ) ;
#5106 = CARTESIAN_POINT ( 'NONE',  ( 134.6491605087919936, -140.7226841648190145, 106.0714113843501991 ) ) ;
#5107 = VERTEX_POINT ( 'NONE', #10573 ) ;
#5108 = ORIENTED_EDGE ( 'NONE', *, *, #5353, .F. ) ;
#5109 = EDGE_LOOP ( 'NONE', ( #980, #11070, #6414, #8584 ) ) ;
#5110 = CARTESIAN_POINT ( 'NONE',  ( 162.4389763972010030, -139.0123064912939981, 69.99919499380389709 ) ) ;
#5111 = CARTESIAN_POINT ( 'NONE',  ( 169.9786284033270078, -137.4261365246752007, 53.38549640900540538 ) ) ;
#5112 = CARTESIAN_POINT ( 'NONE',  ( 134.9448649821993058, -120.8617738727817112, 59.38112955309345864 ) ) ;
#5113 = EDGE_CURVE ( 'NONE', #861, #222, #10452, .T. ) ;
#5114 = CARTESIAN_POINT ( 'NONE',  ( 165.2171133453900040, -120.8003612954468053, 58.51405301334870046 ) ) ;
#5115 = AXIS2_PLACEMENT_3D ( 'NONE', #7538, #1113, #10358 ) ;
#5116 = ORIENTED_EDGE ( 'NONE', *, *, #6122, .T. ) ;
#5117 = EDGE_CURVE ( 'NONE', #8603, #10884, #7345, .T. ) ;
#5118 = DIRECTION ( 'NONE',  ( 0.9238795325112872936, -0.3826834323650886160, 0.000000000000000000 ) ) ;
#5119 = EDGE_LOOP ( 'NONE', ( #3665, #6862, #1970, #11304 ) ) ;
#5120 = DIRECTION ( 'NONE',  ( 0.000000000000000000, 6.573933234426810631E-15, -1.000000000000000000 ) ) ;
#5121 = VERTEX_POINT ( 'NONE', #6825 ) ;
#5122 = ORIENTED_EDGE ( 'NONE', *, *, #1750, .F. ) ;
#5123 = CARTESIAN_POINT ( 'NONE',  ( 133.2205964306600094, -139.0123083189810131, 70.00000431329949890 ) ) ;
#5124 = EDGE_LOOP ( 'NONE', ( #1350, #4347, #11663, #973 ) ) ;
#5125 = LINE ( 'NONE', #8877, #11135 ) ;
#5126 = EDGE_CURVE ( 'NONE', #4391, #9684, #9860, .T. ) ;
#5127 = LINE ( 'NONE', #5187, #9384 ) ;
#5128 = EDGE_CURVE ( 'NONE', #3768, #9416, #2076, .T. ) ;
#5129 = CARTESIAN_POINT ( 'NONE',  ( 162.5201751491499920, -154.4297641689190073, 112.6643260194529859 ) ) ;
#5130 = ADVANCED_FACE ( 'NONE', ( #2991 ), #8664, .T. ) ;
#5131 = LINE ( 'NONE', #11900, #9669 ) ;
#5132 = VERTEX_POINT ( 'NONE', #228 ) ;
#5133 = VERTEX_POINT ( 'NONE', #2140 ) ;
#5134 = EDGE_CURVE ( 'NONE', #7962, #11023, #5903, .T. ) ;
#5135 = FACE_OUTER_BOUND ( 'NONE', #9224, .T. ) ;
#5136 = VERTEX_POINT ( 'NONE', #5836 ) ;
#5137 = CARTESIAN_POINT ( 'NONE',  ( 159.6669467343539850, -153.4297640746490003, 71.34999974667979927 ) ) ;
#5138 = EDGE_LOOP ( 'NONE', ( #5784, #5002, #5429, #11377 ) ) ;
#5139 = DIRECTION ( 'NONE',  ( 1.000000000000000000, -3.480590576041360211E-15, 7.166576360129239776E-17 ) ) ;
#5140 = ORIENTED_EDGE ( 'NONE', *, *, #7634, .F. ) ;
#5141 = CIRCLE ( 'NONE', #2379, 1.000000000000003553 ) ;
#5142 = CARTESIAN_POINT ( 'NONE',  ( 160.2171131927750025, -148.0297640746490231, 103.7997837512839965 ) ) ;
#5143 = CARTESIAN_POINT ( 'NONE',  ( 135.1768364872669963, -140.6297640215119884, 114.2143259181419950 ) ) ;
#5144 = EDGE_CURVE ( 'NONE', #8324, #3602, #4855, .T. ) ;
#5145 = PLANE ( 'NONE',  #1648 ) ;
#5146 = EDGE_CURVE ( 'NONE', #10527, #3185, #6888, .T. ) ;
#5147 = CARTESIAN_POINT ( 'NONE',  ( 138.3506535661549890, -144.2949860153909754, 106.3330733680300000 ) ) ;
#5148 = CARTESIAN_POINT ( 'NONE',  ( 132.2171133574399846, -145.4297640746490003, 70.99999984474889914 ) ) ;
#5149 = CARTESIAN_POINT ( 'NONE',  ( 138.0100065642029961, -134.2226572934619924, 67.99999991151649681 ) ) ;
#5150 = VERTEX_POINT ( 'NONE', #10692 ) ;
#5151 = ORIENTED_EDGE ( 'NONE', *, *, #3316, .F. ) ;
#5152 = CARTESIAN_POINT ( 'NONE',  ( 132.2183617872449872, -139.5998466385589722, 66.26778859083049156 ) ) ;
#5153 = CARTESIAN_POINT ( 'NONE',  ( 132.2171133453900040, -119.4297640746489861, 102.7500000000329976 ) ) ;
#5154 = EDGE_LOOP ( 'NONE', ( #4450, #12149, #8687, #3151 ) ) ;
#5155 = VECTOR ( 'NONE', #8158, 1000.000000000000000 ) ;
#5156 = DIRECTION ( 'NONE',  ( 1.000000000000000000, 0.000000000000000000, 0.000000000000000000 ) ) ;
#5157 = LINE ( 'NONE', #8047, #12062 ) ;
#5158 = ADVANCED_FACE ( 'NONE', ( #10634 ), #2198, .F. ) ;
#5159 = DIRECTION ( 'NONE',  ( -5.447383366618709780E-17, -1.000000000000000000, 1.417189263639311962E-16 ) ) ;
#5160 =( BOUNDED_CURVE ( )  B_SPLINE_CURVE ( 2, ( #605, #11871, #3423 ),
 .UNSPECIFIED., .F., .F. ) 
 B_SPLINE_CURVE_WITH_KNOTS ( ( 3, 3 ),
 ( -2.202407666357410143, -2.076419184219270075 ),
 .UNSPECIFIED. ) 
 CURVE ( )  GEOMETRIC_REPRESENTATION_ITEM ( )  RATIONAL_B_SPLINE_CURVE ( ( 1.309053150733100024, 1.305377805891122067, 1.301111611164800008 ) ) 
 REPRESENTATION_ITEM ( '' )  );
#5161 = CARTESIAN_POINT ( 'NONE',  ( 137.7600065642029961, -134.4726572934619924, 68.99999991151649681 ) ) ;
#5162 = CARTESIAN_POINT ( 'NONE',  ( 155.4671133453899756, -119.4297640746489861, 96.26432591814179318 ) ) ;
#5163 = DIRECTION ( 'NONE',  ( -0.9446187119409239497, 2.557636219198710367E-15, -0.3281699088141230014 ) ) ;
#5164 = ORIENTED_EDGE ( 'NONE', *, *, #10090, .F. ) ;
#5165 = CARTESIAN_POINT ( 'NONE',  ( 164.2171133453900040, -119.4297640746489861, 102.7500000000329976 ) ) ;
#5166 = VECTOR ( 'NONE', #3268, 1000.000000000000000 ) ;
#5167 = AXIS2_PLACEMENT_3D ( 'NONE', #6565, #8529, #9561 ) ;
#5168 = ORIENTED_EDGE ( 'NONE', *, *, #6468, .T. ) ;
#5169 = ORIENTED_EDGE ( 'NONE', *, *, #7305, .T. ) ;
#5170 = VERTEX_POINT ( 'NONE', #5959 ) ;
#5171 = CARTESIAN_POINT ( 'NONE',  ( 163.2162548112870013, -141.5088367546070174, 69.80119739069371576 ) ) ;
#5172 = CARTESIAN_POINT ( 'NONE',  ( 138.7171131927750309, -154.4297640746490003, 103.7997837512839965 ) ) ;
#5173 = VECTOR ( 'NONE', #9646, 1000.000000000000000 ) ;
#5174 = DIRECTION ( 'NONE',  ( -2.449293564549630096E-16, 1.110221023373339908E-16, -1.000000000000000000 ) ) ;
#5175 = CARTESIAN_POINT ( 'NONE',  ( 131.1606248479623957, -117.8297640215114086, 60.27765112427590566 ) ) ;
#5176 = ORIENTED_EDGE ( 'NONE', *, *, #7656, .T. ) ;
#5177 = CARTESIAN_POINT ( 'NONE',  ( 139.1231655244480123, -143.4297640215119714, 99.69100161576849928 ) ) ;
#5178 = ORIENTED_EDGE ( 'NONE', *, *, #10463, .F. ) ;
#5179 = DIRECTION ( 'NONE',  ( 4.738022480002830405E-13, -1.074295325857329935E-17, -1.000000000000000000 ) ) ;
#5180 = EDGE_CURVE ( 'NONE', #12091, #10675, #7535, .T. ) ;
#5181 = VERTEX_POINT ( 'NONE', #11622 ) ;
#5182 = VECTOR ( 'NONE', #4964, 1000.000000000000000 ) ;
#5183 = VERTEX_POINT ( 'NONE', #1088 ) ;
#5184 = ADVANCED_FACE ( 'NONE', ( #8609 ), #173, .T. ) ;
#5185 = CARTESIAN_POINT ( 'NONE',  ( 134.2171133453900040, -138.0155505122760076, 67.99999991151649681 ) ) ;
#5186 = ORIENTED_EDGE ( 'NONE', *, *, #6575, .T. ) ;
#5187 = CARTESIAN_POINT ( 'NONE',  ( 161.4671133112279904, -140.4297640215119998, 100.7500000000400036 ) ) ;
#5188 = VECTOR ( 'NONE', #11485, 1000.000000000000000 ) ;
#5189 = CARTESIAN_POINT ( 'NONE',  ( 162.4789127331891621, -139.0155505851078885, 66.99999991151628365 ) ) ;
#5190 = CARTESIAN_POINT ( 'NONE',  ( 169.9786284033270078, -137.4261365246752007, 53.38549640900540538 ) ) ;
#5191 = EDGE_LOOP ( 'NONE', ( #9914, #5969, #9823, #4253 ) ) ;
#5192 = ORIENTED_EDGE ( 'NONE', *, *, #10174, .T. ) ;
#5193 = DIRECTION ( 'NONE',  ( 1.654362013966960203E-24, -6.573933234426810631E-15, 1.000000000000000000 ) ) ;
#5194 = VERTEX_POINT ( 'NONE', #3920 ) ;
#5195 = EDGE_CURVE ( 'NONE', #5986, #10995, #9586, .T. ) ;
#5196 = DIRECTION ( 'NONE',  ( 0.000000000000000000, -1.000000000000000000, 2.692261676065480290E-15 ) ) ;
#5197 = DIRECTION ( 'NONE',  ( -7.166576360129189239E-17, 1.526556658859589750E-16, 1.000000000000000000 ) ) ;
#5198 = VECTOR ( 'NONE', #6337, 1000.000000000000000 ) ;
#5199 = ADVANCED_FACE ( 'NONE', ( #1339 ), #2437, .T. ) ;
#5200 = LINE ( 'NONE', #1505, #8382 ) ;
#5201 = DIRECTION ( 'NONE',  ( -0.5951893636155779488, 8.416332170449763954E-15, -0.8035854786137459627 ) ) ;
#5202 = DIRECTION ( 'NONE',  ( 1.666402750891234799E-24, -1.000000000000000000, 1.356837948211252164E-26 ) ) ;
#5203 = PLANE ( 'NONE',  #12040 ) ;
#5204 = PLANE ( 'NONE',  #3481 ) ;
#5205 = CARTESIAN_POINT ( 'NONE',  ( 139.9671133340039830, -140.4297640215119998, 99.26432591814179318 ) ) ;
#5206 = CARTESIAN_POINT ( 'NONE',  ( 157.6248169134119905, -148.0297640746490231, 102.0997837512840078 ) ) ;
#5207 = EDGE_LOOP ( 'NONE', ( #11986, #8409, #8876, #11357 ) ) ;
#5208 = ORIENTED_EDGE ( 'NONE', *, *, #10140, .T. ) ;
#5209 = DIRECTION ( 'NONE',  ( -1.000000000000000000, 3.480590576041360211E-15, 4.697843999457050607E-15 ) ) ;
#5210 = LINE ( 'NONE', #534, #1006 ) ;
#5211 = VERTEX_POINT ( 'NONE', #6150 ) ;
#5212 = EDGE_CURVE ( 'NONE', #10843, #2509, #5216, .T. ) ;
#5213 = VECTOR ( 'NONE', #6429, 1000.000000000000000 ) ;
#5214 = ADVANCED_FACE ( 'NONE', ( #1644 ), #3297, .T. ) ;
#5215 = CARTESIAN_POINT ( 'NONE',  ( 162.1149764890457732, -122.3262089488382429, 62.68097370577180527 ) ) ;
#5216 = LINE ( 'NONE', #10940, #3191 ) ;
#5217 = CARTESIAN_POINT ( 'NONE',  ( 162.2171133453900040, -119.4297640746489861, 81.50005035146720900 ) ) ;
#5218 = CARTESIAN_POINT ( 'NONE',  ( 174.2171133453904872, -124.4297640215111898, 62.75000000000000000 ) ) ;
#5219 = CARTESIAN_POINT ( 'NONE',  ( 130.2171133453899756, -144.0488782002693995, 58.25000000000000000 ) ) ;
#5220 = VECTOR ( 'NONE', #289, 1000.000000000000000 ) ;
#5221 = ORIENTED_EDGE ( 'NONE', *, *, #9457, .F. ) ;
#5222 = CARTESIAN_POINT ( 'NONE',  ( 161.2171130401599726, -140.4297640215119998, 103.6640618979710098 ) ) ;
#5223 = ORIENTED_EDGE ( 'NONE', *, *, #609, .T. ) ;
#5224 = ORIENTED_EDGE ( 'NONE', *, *, #7926, .F. ) ;
#5225 = ORIENTED_EDGE ( 'NONE', *, *, #5793, .T. ) ;
#5226 = EDGE_CURVE ( 'NONE', #7000, #11207, #2707, .T. ) ;
#5227 = AXIS2_PLACEMENT_3D ( 'NONE', #10134, #11187, #8352 ) ;
#5228 =( BOUNDED_CURVE ( )  B_SPLINE_CURVE ( 3, ( #1069, #4832, #11475, #4144 ),
 .UNSPECIFIED., .F., .T. ) 
 B_SPLINE_CURVE_WITH_KNOTS ( ( 4, 4 ),
 ( -9.769962616701380711E-15, 1.126157883263462001 ),
 .UNSPECIFIED. ) 
 CURVE ( )  GEOMETRIC_REPRESENTATION_ITEM ( )  RATIONAL_B_SPLINE_CURVE ( ( 1.000000000000000000, 0.8970770709083950578, 0.8970770709083950578, 1.000000000000000000 ) ) 
 REPRESENTATION_ITEM ( '' )  );
#5229 = VECTOR ( 'NONE', #5209, 1000.000000000000000 ) ;
#5230 = LINE ( 'NONE', #11817, #9758 ) ;
#5231 = CARTESIAN_POINT ( 'NONE',  ( 133.5140804249963367, -122.4898221879750935, 57.94641820636514495 ) ) ;
#5232 = DIRECTION ( 'NONE',  ( -0.7071067811865431318, 0.7071067811865520136, 4.906538933971680805E-15 ) ) ;
#5233 = SURFACE_STYLE_USAGE ( .BOTH. , #679 ) ;
#5234 = ORIENTED_EDGE ( 'NONE', *, *, #8967, .T. ) ;
#5235 = CARTESIAN_POINT ( 'NONE',  ( 163.8683723015498686, -147.5061392012229931, 51.12327590402934874 ) ) ;
#5236 = EDGE_LOOP ( 'NONE', ( #12132, #2857, #4779, #513 ) ) ;
#5237 = AXIS2_PLACEMENT_3D ( 'NONE', #11649, #1429, #1306 ) ;
#5238 = CIRCLE ( 'NONE', #6621, 3.099999999999991651 ) ;
#5239 = CARTESIAN_POINT ( 'NONE',  ( 138.3707125259940653, -141.1616559166779439, 106.3643259181409775 ) ) ;
#5240 = VERTEX_POINT ( 'NONE', #3483 ) ;
#5241 = ORIENTED_EDGE ( 'NONE', *, *, #6416, .T. ) ;
#5242 = DIRECTION ( 'NONE',  ( -1.734923811392220086E-15, -1.000000000000000000, -1.734923811392220086E-15 ) ) ;
#5243 = ORIENTED_EDGE ( 'NONE', *, *, #2721, .T. ) ;
#5244 = CARTESIAN_POINT ( 'NONE',  ( 163.1867387273269969, -142.6271945873116067, 51.11866876023830031 ) ) ;
#5245 = VECTOR ( 'NONE', #8680, 1000.000000000000000 ) ;
#5246 = CARTESIAN_POINT ( 'NONE',  ( 130.2171130507902035, -148.4297640215245906, 51.31260299732910113 ) ) ;
#5247 = EDGE_CURVE ( 'NONE', #3859, #3616, #9954, .T. ) ;
#5248 = CARTESIAN_POINT ( 'NONE',  ( 132.2171133453897482, -141.8439776370221921, 66.82842703626269554 ) ) ;
#5249 = EDGE_CURVE ( 'NONE', #11151, #3045, #2501, .T. ) ;
#5250 = DIRECTION ( 'NONE',  ( -7.166576360129239776E-17, 1.074295325692397917E-17, 1.000000000000000000 ) ) ;
#5251 = ORIENTED_EDGE ( 'NONE', *, *, #4551, .F. ) ;
#5252 = ORIENTED_EDGE ( 'NONE', *, *, #1616, .T. ) ;
#5253 = DIRECTION ( 'NONE',  ( -8.774688080854920268E-15, -1.526556658859589750E-16, -1.000000000000000000 ) ) ;
#5254 = AXIS2_PLACEMENT_3D ( 'NONE', #2130, #279, #6755 ) ;
#5255 = ORIENTED_EDGE ( 'NONE', *, *, #11522, .F. ) ;
#5256 = CARTESIAN_POINT ( 'NONE',  ( 131.1606248479623957, -114.4297640215114029, 60.27765112427590566 ) ) ;
#5257 = VECTOR ( 'NONE', #1805, 1000.000000000000114 ) ;
#5258 = CARTESIAN_POINT ( 'NONE',  ( 138.7174988776480120, -137.4493784418119731, 98.61340279257460395 ) ) ;
#5259 = CARTESIAN_POINT ( 'NONE',  ( 131.2758638716500172, -121.1664914086857436, 54.32916630688102799 ) ) ;
#5260 = DIRECTION ( 'NONE',  ( -1.656711940836460082E-15, -1.000000000000000000, 1.656711940836560070E-15 ) ) ;
#5261 = CARTESIAN_POINT ( 'NONE',  ( 160.2932338128784977, -138.3982339446410208, 78.81249988289620489 ) ) ;
#5262 = CIRCLE ( 'NONE', #11163, 0.9999999999999958922 ) ;
#5263 = CARTESIAN_POINT ( 'NONE',  ( 123.6608107134289867, -125.4297640215114029, 63.75000000000000000 ) ) ;
#5264 = EDGE_CURVE ( 'NONE', #5800, #4704, #8107, .T. ) ;
#5265 = AXIS2_PLACEMENT_3D ( 'NONE', #6040, #4057, #10709 ) ;
#5266 = CARTESIAN_POINT ( 'NONE',  ( 131.1606248479623957, -120.9297640215114029, 60.27765112427590566 ) ) ;
#5267 = DIRECTION ( 'NONE',  ( -4.738022480002830405E-13, 0.000000000000000000, 1.000000000000000000 ) ) ;
#5268 = DIRECTION ( 'NONE',  ( 2.602085213964869829E-17, 1.000000000000000000, -1.526556658859589750E-16 ) ) ;
#5269 = CARTESIAN_POINT ( 'NONE',  ( 125.4555982874533981, -146.6504621838786022, 53.38549640900530591 ) ) ;
#5270 = EDGE_CURVE ( 'NONE', #5422, #9749, #11851, .T. ) ;
#5271 = ORIENTED_EDGE ( 'NONE', *, *, #4844, .T. ) ;
#5272 = ORIENTED_EDGE ( 'NONE', *, *, #8910, .F. ) ;
#5273 = DIRECTION ( 'NONE',  ( 0.7071067804202438856, 0.000000000000000000, -0.7071067819528512599 ) ) ;
#5274 = DIRECTION ( 'NONE',  ( -0.7071067811865470176, 0.7071067811865480168, -1.586192039558949862E-16 ) ) ;
#5276 = VERTEX_POINT ( 'NONE', #9149 ) ;
#5275 = B_SPLINE_CURVE_WITH_KNOTS ( 'NONE', 3,
 ( #11008, #12001, #544, #8917 ),
 .UNSPECIFIED., .F., .F.,
 ( 4, 4 ),
 ( 0.000000000000000000, 1.000000000000000000 ),
 .UNSPECIFIED. ) ;
#5277 = CIRCLE ( 'NONE', #5861, 0.9999999999999964473 ) ;
#5278 = VECTOR ( 'NONE', #11867, 1000.000000000000000 ) ;
#5279 = CARTESIAN_POINT ( 'NONE',  ( 160.7236193677375979, -120.9326212559213047, 61.63515657860496333 ) ) ;
#5280 = PLANE ( 'NONE',  #5560 ) ;
#5281 = CARTESIAN_POINT ( 'NONE',  ( 162.3677708826299977, -121.2411319091553850, 53.47602185630500315 ) ) ;
#5282 = DIRECTION ( 'NONE',  ( -1.000000000000000000, 0.000000000000000000, 0.000000000000000000 ) ) ;
#5283 = DIRECTION ( 'NONE',  ( 0.8125199200687275303, -0.3365567705908014129, -0.4759631494779816840 ) ) ;
#5284 = ADVANCED_FACE ( 'NONE', ( #7072 ), #4293, .F. ) ;
#5285 = CARTESIAN_POINT ( 'NONE',  ( 162.2171133453900040, -153.4297640746490003, 75.35358135287509640 ) ) ;
#5286 = AXIS2_PLACEMENT_3D ( 'NONE', #2262, #7936, #7993 ) ;
#5287 = DIRECTION ( 'NONE',  ( 0.9513277913954432119, 2.242830061171862923E-15, -0.3081808451521089176 ) ) ;
#5288 = ADVANCED_FACE ( 'NONE', ( #9829 ), #10818, .F. ) ;
#5289 = ORIENTED_EDGE ( 'NONE', *, *, #5424, .T. ) ;
#5290 = VERTEX_POINT ( 'NONE', #11684 ) ;
#5291 = ADVANCED_FACE ( 'NONE', ( #3237 ), #5280, .T. ) ;
#5292 = ORIENTED_EDGE ( 'NONE', *, *, #406, .T. ) ;
#5293 = DIRECTION ( 'NONE',  ( 1.000000000000000000, 1.214306495755069846E-16, -2.449293572821430305E-16 ) ) ;
#5294 = CARTESIAN_POINT ( 'NONE',  ( 161.6346663637230563, -122.1859543307779887, 58.07712347467249003 ) ) ;
#5295 = AXIS2_PLACEMENT_3D ( 'NONE', #5308, #8196, #3444 ) ;
#5296 = CARTESIAN_POINT ( 'NONE',  ( 162.8379800399906685, -140.8779046397577019, 67.50352582596350715 ) ) ;
#5297 = CARTESIAN_POINT ( 'NONE',  ( 162.4671575029150006, -153.4289906763659985, 66.54064880640200386 ) ) ;
#5298 = CARTESIAN_POINT ( 'NONE',  ( 162.2171133453900040, -153.4297640746490003, 98.69854225301749295 ) ) ;
#5299 = EDGE_CURVE ( 'NONE', #2435, #1847, #5157, .T. ) ;
#5300 = VERTEX_POINT ( 'NONE', #8912 ) ;
#5301 = DIRECTION ( 'NONE',  ( -0.9238795325112912904, 0.3826834323650787906, 0.000000000000000000 ) ) ;
#5302 = LINE ( 'NONE', #4127, #11646 ) ;
#5303 = ORIENTED_EDGE ( 'NONE', *, *, #8981, .T. ) ;
#5304 = VECTOR ( 'NONE', #9636, 1000.000000000000000 ) ;
#5305 = CARTESIAN_POINT ( 'NONE',  ( 132.5419490052206868, -153.1686276164656704, 67.11772979891988200 ) ) ;
#5306 = ORIENTED_EDGE ( 'NONE', *, *, #9272, .T. ) ;
#5307 = EDGE_LOOP ( 'NONE', ( #879, #1282, #4147 ) ) ;
#5308 = CARTESIAN_POINT ( 'NONE',  ( 132.2171133453900040, -144.5297640215119941, 65.95898615365621254 ) ) ;
#5309 = EDGE_LOOP ( 'NONE', ( #11641, #3811, #5956, #12169 ) ) ;
#5310 = VECTOR ( 'NONE', #2494, 1000.000000000000000 ) ;
#5311 = LINE ( 'NONE', #5491, #3062 ) ;
#5312 = CARTESIAN_POINT ( 'NONE',  ( 163.2171133453900040, -141.8439742617020158, 68.00305988230249454 ) ) ;
#5313 = DIRECTION ( 'NONE',  ( 9.037533742196988780E-17, -1.000000000000000000, 2.351201561838890030E-16 ) ) ;
#5314 = DIRECTION ( 'NONE',  ( 5.947210316807140508E-15, 1.000000000000000000, -1.526556658859589750E-16 ) ) ;
#5315 = DIRECTION ( 'NONE',  ( 0.000000000000000000, -1.000000000000000000, 1.526556658859589750E-16 ) ) ;
#5316 = ORIENTED_EDGE ( 'NONE', *, *, #3825, .T. ) ;
#5317 = EDGE_LOOP ( 'NONE', ( #11034, #9581, #11701, #8733, #8443 ) ) ;
#5318 = LINE ( 'NONE', #2415, #7386 ) ;
#5319 = VERTEX_POINT ( 'NONE', #4231 ) ;
#5320 = CARTESIAN_POINT ( 'NONE',  ( 135.2171133453900040, -140.4297640215119998, 100.6910126813450006 ) ) ;
#5321 = LINE ( 'NONE', #7419, #5338 ) ;
#5322 = ADVANCED_FACE ( 'NONE', ( #2376 ), #7985, .T. ) ;
#5323 = CARTESIAN_POINT ( 'NONE',  ( 160.2171131927750025, -148.0297640746490231, 103.7997837512839965 ) ) ;
#5324 = CARTESIAN_POINT ( 'NONE',  ( 163.2171133453900040, -144.5297640215119941, 67.14091634279270693 ) ) ;
#5325 = CARTESIAN_POINT ( 'NONE',  ( 137.6727966066980002, -144.1188834710239917, 106.3073036496950010 ) ) ;
#5326 = CARTESIAN_POINT ( 'NONE',  ( 159.6669467343539850, -152.8297640746490060, 71.34999974667979927 ) ) ;
#5327 = DIRECTION ( 'NONE',  ( 1.778958924614220093E-14, 1.000000000000000000, 0.000000000000000000 ) ) ;
#5328 = FACE_OUTER_BOUND ( 'NONE', #12152, .T. ) ;
#5329 = CARTESIAN_POINT ( 'NONE',  ( 137.9140515546889958, -149.4297641540680104, 117.6643261331649910 ) ) ;
#5330 = CARTESIAN_POINT ( 'NONE',  ( 136.9171131927749911, -148.4297640746490003, 102.0997837512840078 ) ) ;
#5331 = ORIENTED_EDGE ( 'NONE', *, *, #9780, .T. ) ;
#5332 = EDGE_LOOP ( 'NONE', ( #9603, #5271, #333, #4984 ) ) ;
#5333 = LINE ( 'NONE', #2612, #5820 ) ;
#5334 = DIRECTION ( 'NONE',  ( -1.000000000000000000, 0.000000000000000000, 0.000000000000000000 ) ) ;
#5335 = EDGE_LOOP ( 'NONE', ( #9143, #11813, #9994, #1321 ) ) ;
#5336 = EDGE_CURVE ( 'NONE', #9532, #5593, #3356, .T. ) ;
#5337 = ADVANCED_FACE ( 'NONE', ( #4353 ), #3417, .T. ) ;
#5338 = VECTOR ( 'NONE', #9133, 999.9999999999998863 ) ;
#5339 = B_SPLINE_CURVE_WITH_KNOTS ( 'NONE', 3,
 ( #11753, #8671, #1281, #3987 ),
 .UNSPECIFIED., .F., .F.,
 ( 4, 4 ),
 ( 0.000000000000000000, 1.000000000000000000 ),
 .UNSPECIFIED. ) ;
#5340 = DIRECTION ( 'NONE',  ( 0.000000000000000000, 1.000000000000000000, 6.573933234426810631E-15 ) ) ;
#5341 = DIRECTION ( 'NONE',  ( -6.331740687315499969E-17, 1.000000000000000000, -6.331740687315499969E-17 ) ) ;
#5342 = UNCERTAINTY_MEASURE_WITH_UNIT (LENGTH_MEASURE( 1.000000000000000082E-05 ), #8119, 'distance_accuracy_value', 'NONE');
#5343 = DIRECTION ( 'NONE',  ( -0.9446187119409239497, -2.787047547666720077E-15, 0.3281699088141230014 ) ) ;
#5344 = CONICAL_SURFACE ( 'NONE', #7696, 2.549999999999996714, 0.7853981633974476129 ) ;
#5345 = CARTESIAN_POINT ( 'NONE',  ( 171.9168880566959956, -152.7299893177940078, 108.8158573035480003 ) ) ;
#5346 = LINE ( 'NONE', #3487, #3819 ) ;
#5347 = DIRECTION ( 'NONE',  ( -0.7071044607858147923, 0.7071044607837668750, -0.002561850210362559468 ) ) ;
#5348 = CARTESIAN_POINT ( 'NONE',  ( 162.3677708826299977, -141.3212823756466037, 53.47602185630480420 ) ) ;
#5349 = ORIENTED_EDGE ( 'NONE', *, *, #4852, .T. ) ;
#5350 = ORIENTED_EDGE ( 'NONE', *, *, #6956, .F. ) ;
#5351 = ORIENTED_EDGE ( 'NONE', *, *, #1906, .F. ) ;
#5352 = VECTOR ( 'NONE', #3593, 1000.000000000000000 ) ;
#5353 = EDGE_CURVE ( 'NONE', #6400, #7167, #1037, .T. ) ;
#5354 = CARTESIAN_POINT ( 'NONE',  ( 162.8236018428179932, -117.8297640215111954, 60.27765112427590566 ) ) ;
#5355 = FACE_OUTER_BOUND ( 'NONE', #9747, .T. ) ;
#5356 = EDGE_CURVE ( 'NONE', #4128, #9978, #9375, .T. ) ;
#5357 = DIRECTION ( 'NONE',  ( -1.000000000000000000, -1.052649931371699880E-12, 2.756002834872144992E-14 ) ) ;
#5358 = CARTESIAN_POINT ( 'NONE',  ( 134.2459465805028174, -121.6944132638123364, 58.38668473764643352 ) ) ;
#5359 = ADVANCED_FACE ( 'NONE', ( #6618 ), #946, .T. ) ;
#5360 = CARTESIAN_POINT ( 'NONE',  ( 166.0798797530100046, -114.6297640215111926, 57.75000000000000000 ) ) ;
#5361 = VECTOR ( 'NONE', #2353, 1000.000000000000000 ) ;
#5362 = AXIS2_PLACEMENT_3D ( 'NONE', #1355, #4931, #3066 ) ;
#5363 = VERTEX_POINT ( 'NONE', #5564 ) ;
#5364 = DIRECTION ( 'NONE',  ( -0.3201841039085919216, 0.2192636771836919962, 0.9216320195566870543 ) ) ;
#5365 = VERTEX_POINT ( 'NONE', #11407 ) ;
#5366 = ORIENTED_EDGE ( 'NONE', *, *, #4664, .T. ) ;
#5367 = ORIENTED_EDGE ( 'NONE', *, *, #885, .T. ) ;
#5368 = CARTESIAN_POINT ( 'NONE',  ( 162.4671133453900040, -136.4297640746490288, 80.72608250744930558 ) ) ;
#5369 = EDGE_CURVE ( 'NONE', #11710, #8246, #25, .T. ) ;
#5370 = AXIS2_PLACEMENT_3D ( 'NONE', #7191, #5341, #883 ) ;
#5371 = ORIENTED_EDGE ( 'NONE', *, *, #11249, .F. ) ;
#5372 = ADVANCED_FACE ( 'NONE', ( #2784 ), #1002, .T. ) ;
#5373 = LINE ( 'NONE', #2468, #7011 ) ;
#5374 = CARTESIAN_POINT ( 'NONE',  ( 171.4963841853490294, -139.2213453176651967, 62.75000000000000000 ) ) ;
#5375 = LINE ( 'NONE', #7349, #8015 ) ;
#5376 = CARTESIAN_POINT ( 'NONE',  ( 130.2171133453899756, -143.3164134470123940, 57.98985306244370719 ) ) ;
#5377 = DIRECTION ( 'NONE',  ( -3.683226109728390070E-15, -1.000000000000000000, -7.827405568325590594E-14 ) ) ;
#5378 = VECTOR ( 'NONE', #11251, 1000.000000000000000 ) ;
#5379 = ORIENTED_EDGE ( 'NONE', *, *, #1513, .F. ) ;
#5380 =( BOUNDED_SURFACE ( )  B_SPLINE_SURFACE ( 2, 2, ( 
 ( #4955, #7554, #270 ),
 ( #5642, #7786, #10314 ),
 ( #10435, #11544, #2059 ) ),
 .UNSPECIFIED., .F., .F., .F. ) 
 B_SPLINE_SURFACE_WITH_KNOTS ( ( 3, 3 ),
 ( 3, 3 ),
 ( -2.568079549164029807, -1.570796326792190056 ),
 ( 1.570796326795840026, 2.300714095754349930 ),
 .UNSPECIFIED. ) 
 GEOMETRIC_REPRESENTATION_ITEM ( )  RATIONAL_B_SPLINE_SURFACE ( (
 ( 1.000000000000000000, 0.9341384365312289662, 1.000000000000000000),
 ( 0.8782329983125549688, 0.8203911999538240352, 0.8782329983125549688),
 ( 1.000000000000000000, 0.9341384365312289662, 1.000000000000000000) ) ) 
 REPRESENTATION_ITEM ( '' )  SURFACE ( )  );
#5381 = CYLINDRICAL_SURFACE ( 'NONE', #1474, 3.900000000000000799 ) ;
#5382 = ORIENTED_EDGE ( 'NONE', *, *, #2349, .T. ) ;
#5383 = CARTESIAN_POINT ( 'NONE',  ( 165.2171133453904872, -134.8245525410659980, 62.25000000000000000 ) ) ;
#5384 = CARTESIAN_POINT ( 'NONE',  ( 132.2171133453900040, -141.8439776370219931, 89.41609849487390704 ) ) ;
#5385 = EDGE_CURVE ( 'NONE', #9241, #6012, #519, .T. ) ;
#5386 = CARTESIAN_POINT ( 'NONE',  ( 122.7171133453900040, -151.9297640746490003, 95.85358149672950390 ) ) ;
#5387 = VECTOR ( 'NONE', #4340, 1000.000000000000000 ) ;
#5388 = CYLINDRICAL_SURFACE ( 'NONE', #12127, 3.099999999999991651 ) ;
#5389 = CARTESIAN_POINT ( 'NONE',  ( 131.2171133453900040, -119.4297640746489861, 102.7500000000329976 ) ) ;
#5390 = CARTESIAN_POINT ( 'NONE',  ( 157.6248169134119905, -148.4297640746490003, 105.4997837512840135 ) ) ;
#5391 = CARTESIAN_POINT ( 'NONE',  ( 139.0439142051103545, -144.9303624277299321, 105.7023115176760939 ) ) ;
#5392 = DIRECTION ( 'NONE',  ( -2.357766133642020006E-14, -1.074295325684239986E-17, -1.000000000000000000 ) ) ;
#5393 = CARTESIAN_POINT ( 'NONE',  ( 126.2171133453829981, -153.4297640746490003, 102.7500000000329976 ) ) ;
#5394 = CARTESIAN_POINT ( 'NONE',  ( 124.2171133453900040, -143.6632556323920085, 64.75000000000000000 ) ) ;
#5395 = VECTOR ( 'NONE', #2288, 1000.000000000000000 ) ;
#5396 = EDGE_LOOP ( 'NONE', ( #2762, #10652, #10310, #3614 ) ) ;
#5397 = ORIENTED_EDGE ( 'NONE', *, *, #9556, .F. ) ;
#5398 = DIRECTION ( 'NONE',  ( 1.000000000000000000, -4.198030805606750742E-15, -2.449293572821720211E-16 ) ) ;
#5399 = DIRECTION ( 'NONE',  ( -7.166576360129189239E-17, 1.526556658859589750E-16, 1.000000000000000000 ) ) ;
#5400 = ORIENTED_EDGE ( 'NONE', *, *, #11221, .F. ) ;
#5401 = CARTESIAN_POINT ( 'NONE',  ( 163.1548861043206102, -148.3172800076441149, 59.07804379007166773 ) ) ;
#5402 = DIRECTION ( 'NONE',  ( 0.000000000000000000, 6.573933234426810631E-15, -1.000000000000000000 ) ) ;
#5403 = AXIS2_PLACEMENT_3D ( 'NONE', #11123, #967, #9337 ) ;
#5404 = CARTESIAN_POINT ( 'NONE',  ( 121.2171133453893930, -126.4297640215114029, 64.75000000000000000 ) ) ;
#5405 = DIRECTION ( 'NONE',  ( -0.7071067811865470176, 0.7071067811865480168, 5.849035643725129997E-25 ) ) ;
#5406 = CARTESIAN_POINT ( 'NONE',  ( 133.2171133453900040, -119.4297640746489861, 66.99999991151649681 ) ) ;
#5407 = EDGE_CURVE ( 'NONE', #10069, #5724, #3772, .T. ) ;
#5408 = CARTESIAN_POINT ( 'NONE',  ( 124.2171133453900040, -149.8297640215160129, 64.75000000000000000 ) ) ;
#5409 = ADVANCED_FACE ( 'NONE', ( #4882 ), #4765, .T. ) ;
#5410 = CARTESIAN_POINT ( 'NONE',  ( 126.2171133453869913, -153.4297640746490003, 102.7500000000359961 ) ) ;
#5411 = ORIENTED_EDGE ( 'NONE', *, *, #8062, .F. ) ;
#5412 = VERTEX_POINT ( 'NONE', #9496 ) ;
#5413 = ORIENTED_EDGE ( 'NONE', *, *, #7300, .T. ) ;
#5414 = DIRECTION ( 'NONE',  ( 0.9999999999997509770, 0.000000000000000000, -7.056358442963109413E-07 ) ) ;
#5415 = CARTESIAN_POINT ( 'NONE',  ( 132.2171133454160099, -148.1717277621289952, 62.10199259234050828 ) ) ;
#5416 = DIRECTION ( 'NONE',  ( -1.000000000000000000, 2.602085213964869829E-17, 0.000000000000000000 ) ) ;
#5417 = AXIS2_PLACEMENT_3D ( 'NONE', #11944, #4552, #5414 ) ;
#5418 = CARTESIAN_POINT ( 'NONE',  ( 123.4671133453900040, -152.6797640746490003, 100.7500000000290044 ) ) ;
#5419 = EDGE_CURVE ( 'NONE', #3234, #10154, #4974, .T. ) ;
#5420 = ORIENTED_EDGE ( 'NONE', *, *, #4895, .T. ) ;
#5421 = CARTESIAN_POINT ( 'NONE',  ( 125.2171133453899898, -154.6398243570239970, 63.75000000000000000 ) ) ;
#5422 = VERTEX_POINT ( 'NONE', #5625 ) ;
#5423 = CARTESIAN_POINT ( 'NONE',  ( 132.2171133534549767, -119.4297640746489861, 81.50005035146759269 ) ) ;
#5424 = EDGE_CURVE ( 'NONE', #8198, #11151, #4784, .T. ) ;
#5425 = ORIENTED_EDGE ( 'NONE', *, *, #3926, .T. ) ;
#5426 = ORIENTED_EDGE ( 'NONE', *, *, #7888, .T. ) ;
#5427 = AXIS2_PLACEMENT_3D ( 'NONE', #3567, #12016, #6537 ) ;
#5428 = DIRECTION ( 'NONE',  ( -2.449293589365059812E-16, 6.573933234426810631E-15, -1.000000000000000000 ) ) ;
#5429 = ORIENTED_EDGE ( 'NONE', *, *, #987, .F. ) ;
#5430 = LINE ( 'NONE', #8077, #10344 ) ;
#5431 = CARTESIAN_POINT ( 'NONE',  ( 162.9650322131490157, -139.0121079938929824, 66.81830312880370570 ) ) ;
#5432 = FACE_OUTER_BOUND ( 'NONE', #8194, .T. ) ;
#5433 = CARTESIAN_POINT ( 'NONE',  ( 162.4476619847170014, -139.7077518828927793, 69.94531730953065107 ) ) ;
#5434 = AXIS2_PLACEMENT_3D ( 'NONE', #9073, #11042, #6437 ) ;
#5435 = VECTOR ( 'NONE', #11721, 1000.000000000000000 ) ;
#5436 = CARTESIAN_POINT ( 'NONE',  ( 163.2171133453904872, -148.3795071393267904, 55.40242306637720304 ) ) ;
#5437 = EDGE_CURVE ( 'NONE', #3250, #11872, #1923, .T. ) ;
#5438 = ORIENTED_EDGE ( 'NONE', *, *, #6050, .T. ) ;
#5439 = LINE ( 'NONE', #9187, #691 ) ;
#5440 = EDGE_CURVE ( 'NONE', #8287, #4257, #1366, .T. ) ;
#5441 = ORIENTED_EDGE ( 'NONE', *, *, #1152, .T. ) ;
#5442 = LINE ( 'NONE', #7965, #1891 ) ;
#5443 = DIRECTION ( 'NONE',  ( 7.166576360129189239E-17, -1.526556658859589750E-16, -1.000000000000000000 ) ) ;
#5444 = AXIS2_PLACEMENT_3D ( 'NONE', #5599, #11262, #11202 ) ;
#5445 = CARTESIAN_POINT ( 'NONE',  ( 162.2171133453900040, -139.0155505122760076, 69.99999991151639733 ) ) ;
#5446 = LINE ( 'NONE', #2730, #5257 ) ;
#5447 = CARTESIAN_POINT ( 'NONE',  ( 170.9591537512974355, -147.3370334239331214, 54.11173932080404825 ) ) ;
#5448 = LINE ( 'NONE', #525, #9276 ) ;
#5449 = ADVANCED_FACE ( 'NONE', ( #9612 ), #10599, .T. ) ;
#5450 = CARTESIAN_POINT ( 'NONE',  ( 163.2171133453900040, -144.5297640215119941, 65.95898615365621254 ) ) ;
#5451 = VECTOR ( 'NONE', #7317, 1000.000000000000000 ) ;
#5452 = ORIENTED_EDGE ( 'NONE', *, *, #6947, .T. ) ;
#5453 = CIRCLE ( 'NONE', #2297, 0.5899999999999971934 ) ;
#5454 = CARTESIAN_POINT ( 'NONE',  ( 163.0571133453900075, -153.4297640746490003, 66.54898615365620174 ) ) ;
#5455 = FACE_OUTER_BOUND ( 'NONE', #8438, .T. ) ;
#5456 = ORIENTED_EDGE ( 'NONE', *, *, #5713, .T. ) ;
#5457 = ORIENTED_EDGE ( 'NONE', *, *, #9476, .T. ) ;
#5458 = CARTESIAN_POINT ( 'NONE',  ( 122.2171131963785911, -127.4297660426498027, 58.25000000000000000 ) ) ;
#5459 = CARTESIAN_POINT ( 'NONE',  ( 138.7879731111385695, -140.7226572403253897, 110.6572191369543958 ) ) ;
#5460 = ORIENTED_EDGE ( 'NONE', *, *, #8941, .T. ) ;
#5461 = DIRECTION ( 'NONE',  ( -1.000000000000000000, 0.000000000000000000, 0.000000000000000000 ) ) ;
#5462 = VECTOR ( 'NONE', #5634, 1000.000000000000114 ) ;
#5463 = VECTOR ( 'NONE', #10048, 1000.000000000000000 ) ;
#5464 = CARTESIAN_POINT ( 'NONE',  ( 143.4008046154339695, -141.4297640215119998, 110.3643259181410059 ) ) ;
#5465 = LINE ( 'NONE', #5526, #10874 ) ;
#5466 = LINE ( 'NONE', #11006, #1907 ) ;
#5467 = DIRECTION ( 'NONE',  ( 0.4397326120323201137, -0.1821432117215256719, 0.8794652240646018138 ) ) ;
#5468 = CARTESIAN_POINT ( 'NONE',  ( 133.1026488428297796, -139.3605003569490464, 69.98879813112522186 ) ) ;
#5469 = CIRCLE ( 'NONE', #1729, 1.700000000000007061 ) ;
#5470 = ORIENTED_EDGE ( 'NONE', *, *, #11286, .F. ) ;
#5471 = VERTEX_POINT ( 'NONE', #6224 ) ;
#5472 = VECTOR ( 'NONE', #1646, 1000.000000000000000 ) ;
#5473 = VERTEX_POINT ( 'NONE', #8755 ) ;
#5474 = CARTESIAN_POINT ( 'NONE',  ( 139.1231655244480123, -140.4297640215119998, 99.69100161576849928 ) ) ;
#5475 = ADVANCED_FACE ( 'NONE', ( #255 ), #4366, .F. ) ;
#5476 = CARTESIAN_POINT ( 'NONE',  ( 162.4671133453900040, -144.5297640215119941, 66.55091634279270352 ) ) ;
#5477 = VECTOR ( 'NONE', #10206, 1000.000000000000000 ) ;
#5478 = DIRECTION ( 'NONE',  ( 0.000000000000000000, -1.000000000000000000, -6.217248937900871104E-15 ) ) ;
#5479 = CYLINDRICAL_SURFACE ( 'NONE', #11764, 0.9999999999999866773 ) ;
#5480 = EDGE_LOOP ( 'NONE', ( #2901, #7151, #7449 ) ) ;
#5481 = CARTESIAN_POINT ( 'NONE',  ( 138.9523999185749972, -144.6058147468069990, 105.3670215684580143 ) ) ;
#5482 = VERTEX_POINT ( 'NONE', #9670 ) ;
#5483 = CARTESIAN_POINT ( 'NONE',  ( 147.7171133226179904, -119.4297640746489861, 87.95716295907050153 ) ) ;
#5484 = ORIENTED_EDGE ( 'NONE', *, *, #3083, .F. ) ;
#5485 = VECTOR ( 'NONE', #7901, 1000.000000000000000 ) ;
#5486 = VERTEX_POINT ( 'NONE', #8821 ) ;
#5487 = CIRCLE ( 'NONE', #1361, 3.099999999999991651 ) ;
#5488 = PLANE ( 'NONE',  #10593 ) ;
#5489 = ADVANCED_FACE ( 'NONE', ( #11877 ), #10033, .T. ) ;
#5490 = VERTEX_POINT ( 'NONE', #4070 ) ;
#5491 = CARTESIAN_POINT ( 'NONE',  ( 132.6214506226232004, -142.3653431143520152, 52.19509934065289514 ) ) ;
#5492 = FACE_OUTER_BOUND ( 'NONE', #5332, .T. ) ;
#5493 = DIRECTION ( 'NONE',  ( -8.821935677471621045E-15, -1.408384218142881801E-16, -1.000000000000000000 ) ) ;
#5494 = EDGE_CURVE ( 'NONE', #10311, #11492, #4939, .T. ) ;
#5495 = FACE_OUTER_BOUND ( 'NONE', #3722, .T. ) ;
#5496 = CIRCLE ( 'NONE', #185, 0.5899999999999873124 ) ;
#5497 = DIRECTION ( 'NONE',  ( 1.000000000000000000, 0.000000000000000000, 0.000000000000000000 ) ) ;
#5498 = ORIENTED_EDGE ( 'NONE', *, *, #11654, .F. ) ;
#5499 = CARTESIAN_POINT ( 'NONE',  ( 171.2171132998449821, -153.4297640746490003, 100.7500000000320028 ) ) ;
#5500 = ORIENTED_EDGE ( 'NONE', *, *, #7674, .F. ) ;
#5501 = CARTESIAN_POINT ( 'NONE',  ( 163.2171133453900040, -153.4297640746490003, 62.74999974667980496 ) ) ;
#5502 = CARTESIAN_POINT ( 'NONE',  ( 138.4982405302843063, -144.3352682148334054, 110.4406636117773388 ) ) ;
#5503 = EDGE_CURVE ( 'NONE', #4250, #4802, #5762, .T. ) ;
#5504 = CARTESIAN_POINT ( 'NONE',  ( 174.2171133453904872, -149.8297640215157855, 64.75000000000000000 ) ) ;
#5505 = EDGE_CURVE ( 'NONE', #1811, #6676, #6290, .T. ) ;
#5506 = DIRECTION ( 'NONE',  ( -0.7071067811865474617, 0.7071067811865474617, 4.648472770300617411E-15 ) ) ;
#5507 = CARTESIAN_POINT ( 'NONE',  ( 135.1923751570570005, -141.9803269269650343, 110.4195373649889973 ) ) ;
#5508 = ADVANCED_FACE ( 'NONE', ( #8635 ), #10535, .F. ) ;
#5509 = CARTESIAN_POINT ( 'NONE',  ( 173.2171134944015023, -140.4262129510822206, 57.08879711976310034 ) ) ;
#5510 = EDGE_CURVE ( 'NONE', #2701, #11775, #4631, .T. ) ;
#5511 = CARTESIAN_POINT ( 'NONE',  ( 175.2171132998439873, -140.4297640215119998, 103.7500000343809887 ) ) ;
#5512 = PLANE ( 'NONE',  #8014 ) ;
#5513 = CIRCLE ( 'NONE', #6697, 2.500000000000002220 ) ;
#5514 = ORIENTED_EDGE ( 'NONE', *, *, #476, .T. ) ;
#5515 = SPHERICAL_SURFACE ( 'NONE', #386, 1.000000000000000000 ) ;
#5516 = CYLINDRICAL_SURFACE ( 'NONE', #11779, 0.9999999999999852340 ) ;
#5517 = VERTEX_POINT ( 'NONE', #3945 ) ;
#5518 = ORIENTED_EDGE ( 'NONE', *, *, #2127, .T. ) ;
#5519 = DIRECTION ( 'NONE',  ( -0.005757296736461256850, 0.7071067811865525687, -0.7070833427074075805 ) ) ;
#5520 = DIRECTION ( 'NONE',  ( -0.5951893636155779488, 8.416332170449763954E-15, -0.8035854786137459627 ) ) ;
#5521 = ORIENTED_EDGE ( 'NONE', *, *, #9929, .T. ) ;
#5522 = ADVANCED_FACE ( 'NONE', ( #1178 ), #7712, .T. ) ;
#5523 = CARTESIAN_POINT ( 'NONE',  ( 163.2171133453900040, -136.4297640746490288, 80.50005036323319985 ) ) ;
#5524 = FACE_OUTER_BOUND ( 'NONE', #10433, .T. ) ;
#5525 = EDGE_CURVE ( 'NONE', #1477, #10160, #10911, .T. ) ;
#5526 = CARTESIAN_POINT ( 'NONE',  ( 133.0664558081502094, -138.4595744938966106, 53.47602185630480420 ) ) ;
#5527 = CARTESIAN_POINT ( 'NONE',  ( 122.2171131963784063, -140.4262129510826185, 58.25000000000000000 ) ) ;
#5528 = FACE_OUTER_BOUND ( 'NONE', #9836, .T. ) ;
#5529 = PLANE ( 'NONE',  #1720 ) ;
#5530 = CARTESIAN_POINT ( 'NONE',  ( 134.9242201265769836, -138.7226572934619639, 79.56249988289630437 ) ) ;
#5531 = EDGE_LOOP ( 'NONE', ( #4611, #7202, #6510, #5151, #3976, #5810 ) ) ;
#5532 = ORIENTED_EDGE ( 'NONE', *, *, #3764, .T. ) ;
#5533 = AXIS2_PLACEMENT_3D ( 'NONE', #3155, #9748, #6131 ) ;
#5534 = ORIENTED_EDGE ( 'NONE', *, *, #7481, .T. ) ;
#5535 = EDGE_CURVE ( 'NONE', #7185, #10600, #9925, .T. ) ;
#5536 = CARTESIAN_POINT ( 'NONE',  ( 174.2171132998449821, -149.8297648895429859, 100.7500000000290044 ) ) ;
#5537 = VECTOR ( 'NONE', #9631, 1000.000000000000000 ) ;
#5538 = CARTESIAN_POINT ( 'NONE',  ( 172.7171132998489895, -151.9297640746490003, 94.35358147955500385 ) ) ;
#5539 = DIRECTION ( 'NONE',  ( 0.5951893636155756173, 8.416332170449763954E-15, -0.8035854786137478500 ) ) ;
#5540 = CARTESIAN_POINT ( 'NONE',  ( 132.2171133574399846, -142.4297640746490003, 70.99999993839659851 ) ) ;
#5541 = ORIENTED_EDGE ( 'NONE', *, *, #7603, .T. ) ;
#5542 = FACE_OUTER_BOUND ( 'NONE', #2208, .T. ) ;
#5543 = AXIS2_PLACEMENT_3D ( 'NONE', #7243, #650, #1575 ) ;
#5544 = VERTEX_POINT ( 'NONE', #7269 ) ;
#5545 = ORIENTED_EDGE ( 'NONE', *, *, #989, .T. ) ;
#5546 = PLANE ( 'NONE',  #7591 ) ;
#5547 = ORIENTED_EDGE ( 'NONE', *, *, #8892, .T. ) ;
#5548 = ORIENTED_EDGE ( 'NONE', *, *, #11878, .T. ) ;
#5549 = LINE ( 'NONE', #4630, #969 ) ;
#5550 = CARTESIAN_POINT ( 'NONE',  ( 166.7567682144670016, -149.1703199618629867, 113.1757519026279937 ) ) ;
#5551 = CIRCLE ( 'NONE', #10075, 5.250025253359297039 ) ;
#5552 = CARTESIAN_POINT ( 'NONE',  ( 135.1559603682710531, -141.7576339184656149, 110.3643259181410201 ) ) ;
#5553 = CARTESIAN_POINT ( 'NONE',  ( 171.8202538633026677, -149.0759892081289593, 53.88383229947485376 ) ) ;
#5554 = DIRECTION ( 'NONE',  ( 3.683226109728400325E-15, 1.000000000000000000, -1.526556658859619825E-16 ) ) ;
#5555 = FACE_OUTER_BOUND ( 'NONE', #1911, .T. ) ;
#5556 = ADVANCED_FACE ( 'NONE', ( #9346 ), #11708, .T. ) ;
#5557 = ADVANCED_FACE ( 'NONE', ( #11016 ), #9160, .F. ) ;
#5558 = VERTEX_POINT ( 'NONE', #4616 ) ;
#5559 = CARTESIAN_POINT ( 'NONE',  ( 132.6106248479624128, -117.4297640215114029, 60.17765112427590424 ) ) ;
#5560 = AXIS2_PLACEMENT_3D ( 'NONE', #7009, #6276, #1401 ) ;
#5561 = ORIENTED_EDGE ( 'NONE', *, *, #6001, .F. ) ;
#5562 = LINE ( 'NONE', #9311, #1101 ) ;
#5563 = CARTESIAN_POINT ( 'NONE',  ( 154.8171131927749968, -148.4297640746490003, 105.4997837512840135 ) ) ;
#5564 = CARTESIAN_POINT ( 'NONE',  ( 163.1867387273269969, -142.6271945873116067, 51.11866876023830031 ) ) ;
#5565 = DIRECTION ( 'NONE',  ( -4.664896225277170639E-15, 1.000000000000000000, 6.633052400461320667E-15 ) ) ;
#5566 = B_SPLINE_CURVE_WITH_KNOTS ( 'NONE', 3,
 ( #10263, #6580, #3795, #9454 ),
 .UNSPECIFIED., .F., .F.,
 ( 4, 4 ),
 ( 0.000000000000000000, 1.000000000000000000 ),
 .UNSPECIFIED. ) ;
#5567 = CARTESIAN_POINT ( 'NONE',  ( 132.2171133453900040, -153.4297640746490003, 62.74999974667980496 ) ) ;
#5568 = AXIS2_PLACEMENT_3D ( 'NONE', #845, #9334, #2807 ) ;
#5569 = DIRECTION ( 'NONE',  ( 0.000000000000000000, -1.526556658859309704E-16, -1.000000000000000000 ) ) ;
#5570 = MANIFOLD_SOLID_BREP ( 'NONE', #8866 ) ;
#5571 = DIRECTION ( 'NONE',  ( 0.000000000000000000, 1.000000000000000000, 6.573933234426810631E-15 ) ) ;
#5572 = DIRECTION ( 'NONE',  ( -1.000000000000000000, 0.000000000000000000, 8.810118433399840573E-15 ) ) ;
#5573 = EDGE_CURVE ( 'NONE', #5045, #2386, #4423, .T. ) ;
#5574 = VERTEX_POINT ( 'NONE', #11199 ) ;
#5575 = DIRECTION ( 'NONE',  ( -1.000000000000000000, 0.000000000000000000, 0.000000000000000000 ) ) ;
#5576 = DIRECTION ( 'NONE',  ( -1.000000000000000000, 3.683226109728400325E-15, 0.000000000000000000 ) ) ;
#5577 = ORIENTED_EDGE ( 'NONE', *, *, #1151, .T. ) ;
#5578 = ORIENTED_EDGE ( 'NONE', *, *, #232, .F. ) ;
#5579 = CARTESIAN_POINT ( 'NONE',  ( 160.2171133453899756, -140.4297640215119998, 97.48478595266689695 ) ) ;
#5580 = EDGE_CURVE ( 'NONE', #5211, #1922, #2754, .T. ) ;
#5581 = DIRECTION ( 'NONE',  ( -4.738022480002830405E-13, 2.327875578288290046E-16, 1.000000000000000000 ) ) ;
#5582 = EDGE_LOOP ( 'NONE', ( #4550, #6402, #11084 ) ) ;
#5583 = VECTOR ( 'NONE', #11792, 1000.000000000000000 ) ;
#5584 = DIRECTION ( 'NONE',  ( -4.416339315364260090E-15, -4.416339315364260090E-15, -1.000000000000000000 ) ) ;
#5585 = LINE ( 'NONE', #964, #7915 ) ;
#5586 = DIRECTION ( 'NONE',  ( -0.7071067811865709984, 0.000000000000000000, -0.7071067811865240360 ) ) ;
#5587 = CARTESIAN_POINT ( 'NONE',  ( 138.0769671678330042, -153.4297640215119714, 112.4405461112039859 ) ) ;
#5588 = CARTESIAN_POINT ( 'NONE',  ( 172.9671132998470000, -151.6797640746470108, 100.7500000000310081 ) ) ;
#5589 = VECTOR ( 'NONE', #9988, 1000.000000000000000 ) ;
#5590 = CARTESIAN_POINT ( 'NONE',  ( 172.5197347761535127, -148.4297640215245906, 55.97801179947970240 ) ) ;
#5591 = DIRECTION ( 'NONE',  ( -0.9513277913954432119, 1.682122545878897094E-15, -0.3081808451521089176 ) ) ;
#5592 = ADVANCED_FACE ( 'NONE', ( #11261 ), #8182, .T. ) ;
#5593 = VERTEX_POINT ( 'NONE', #3556 ) ;
#5594 = EDGE_LOOP ( 'NONE', ( #9330, #6523, #10086, #2854 ) ) ;
#5595 = ADVANCED_FACE ( 'NONE', ( #6527 ), #797, .T. ) ;
#5596 = ORIENTED_EDGE ( 'NONE', *, *, #971, .F. ) ;
#5597 = VECTOR ( 'NONE', #8110, 1000.000000000000000 ) ;
#5598 = DIRECTION ( 'NONE',  ( -0.8250786056466088425, 0.5650179594528369487, 0.000000000000000000 ) ) ;
#5599 = CARTESIAN_POINT ( 'NONE',  ( 156.9591226427349966, -114.4297640215114029, 62.10199319125020168 ) ) ;
#5600 = DIRECTION ( 'NONE',  ( -4.849173379634530258E-15, 1.000000000000000000, 6.881851277481381070E-15 ) ) ;
#5601 = CARTESIAN_POINT ( 'NONE',  ( 161.2171133453899756, -138.0155505122760076, 68.99999991151629786 ) ) ;
#5602 = AXIS2_PLACEMENT_3D ( 'NONE', #6310, #6125, #9866 ) ;
#5603 = ORIENTED_EDGE ( 'NONE', *, *, #3895, .T. ) ;
#5604 = CARTESIAN_POINT ( 'NONE',  ( 134.6488776595866170, -140.7226745282806064, 110.6572452183749959 ) ) ;
#5605 = ADVANCED_FACE ( 'NONE', ( #5355 ), #3496, .T. ) ;
#5606 = ORIENTED_EDGE ( 'NONE', *, *, #11703, .T. ) ;
#5607 = ORIENTED_EDGE ( 'NONE', *, *, #2346, .F. ) ;
#5608 = CARTESIAN_POINT ( 'NONE',  ( 134.2171133453900040, -138.0155505122760076, 68.99999991151649681 ) ) ;
#5609 = ORIENTED_EDGE ( 'NONE', *, *, #10363, .T. ) ;
#5610 = ORIENTED_EDGE ( 'NONE', *, *, #5977, .F. ) ;
#5611 = DIRECTION ( 'NONE',  ( 1.000000000000000000, -3.965082230804126670E-15, 0.000000000000000000 ) ) ;
#5612 = VECTOR ( 'NONE', #3979, 1000.000000000000000 ) ;
#5613 = DIRECTION ( 'NONE',  ( 1.000000000000000000, -2.602085213964869829E-17, 7.166576360129300173E-17 ) ) ;
#5614 = CARTESIAN_POINT ( 'NONE',  ( 132.2171133453900040, -148.3795071393270177, 61.45398638249999834 ) ) ;
#5615 = CARTESIAN_POINT ( 'NONE',  ( 141.2106690963749998, -141.4297640215119998, 105.3643259181410059 ) ) ;
#5616 = CARTESIAN_POINT ( 'NONE',  ( 162.7170942870820056, -140.5154933373530071, 69.70699831078979969 ) ) ;
#5617 = ORIENTED_EDGE ( 'NONE', *, *, #3697, .F. ) ;
#5618 = VERTEX_POINT ( 'NONE', #10330 ) ;
#5619 = AXIS2_PLACEMENT_3D ( 'NONE', #403, #6930, #4151 ) ;
#5620 = VECTOR ( 'NONE', #1761, 1000.000000000000000 ) ;
#5621 = CARTESIAN_POINT ( 'NONE',  ( 153.9671133453900040, -119.4297640746489861, 99.26432591814190687 ) ) ;
#5622 = ORIENTED_EDGE ( 'NONE', *, *, #2408, .T. ) ;
#5623 = CARTESIAN_POINT ( 'NONE',  ( 133.1491349222674785, -122.4972920921877062, 62.71896417343493368 ) ) ;
#5624 = LINE ( 'NONE', #9433, #1157 ) ;
#5625 = CARTESIAN_POINT ( 'NONE',  ( 159.6669467343539850, -153.4297640746490003, 72.84999974667979927 ) ) ;
#5626 = LINE ( 'NONE', #3947, #8184 ) ;
#5627 = ADVANCED_FACE ( 'NONE', ( #3618 ), #12126, .T. ) ;
#5628 = VECTOR ( 'NONE', #5690, 1000.000000000000000 ) ;
#5629 =( BOUNDED_CURVE ( )  B_SPLINE_CURVE ( 3, ( #768, #11170, #11978, #11910 ),
 .UNSPECIFIED., .F., .F. ) 
 B_SPLINE_CURVE_WITH_KNOTS ( ( 4, 4 ),
 ( 5.916217090298649950, 6.277046964624529934 ),
 .UNSPECIFIED. ) 
 CURVE ( )  GEOMETRIC_REPRESENTATION_ITEM ( )  RATIONAL_B_SPLINE_CURVE ( ( 1.000000000000000000, 0.9891795480475920055, 0.9891795480475920055, 1.000000000000000000 ) ) 
 REPRESENTATION_ITEM ( '' )  );
#5630 = TOROIDAL_SURFACE ( 'NONE', #312, 0.9000000000000000222, 0.5999999999999999778 ) ;
#5631 = DIRECTION ( 'NONE',  ( 7.166578434177388987E-17, 5.631063851084959641E-09, -1.000000000000000000 ) ) ;
#5632 = CARTESIAN_POINT ( 'NONE',  ( 169.9786284033270078, -146.6504621838784033, 53.38549640900530591 ) ) ;
#5633 = DIRECTION ( 'NONE',  ( -1.214306505109919625E-16, 1.000000000000000000, 6.573933234426810631E-15 ) ) ;
#5634 = DIRECTION ( 'NONE',  ( 3.683226110846949869E-15, 0.9999999999999998890, -1.560792991609859804E-08 ) ) ;
#5635 = ORIENTED_EDGE ( 'NONE', *, *, #9653, .T. ) ;
#5636 = CARTESIAN_POINT ( 'NONE',  ( 132.5102147637133783, -139.0155507300202089, 70.29309614226079361 ) ) ;
#5637 = CARTESIAN_POINT ( 'NONE',  ( 164.1583628191302182, -143.3075331006983220, 54.32916630688090720 ) ) ;
#5638 = VERTEX_POINT ( 'NONE', #5536 ) ;
#5639 = ORIENTED_EDGE ( 'NONE', *, *, #4155, .F. ) ;
#5640 = DIRECTION ( 'NONE',  ( 1.324668732875176052E-16, -1.000000000000000000, -7.929348744325500640E-15 ) ) ;
#5641 = VECTOR ( 'NONE', #10466, 1000.000000000000000 ) ;
#5642 = CARTESIAN_POINT ( 'NONE',  ( 132.6725733437831138, -153.4297640746491140, 67.14091634279365906 ) ) ;
#5643 = ORIENTED_EDGE ( 'NONE', *, *, #4460, .T. ) ;
#5644 = CARTESIAN_POINT ( 'NONE',  ( 160.1768364872660015, -140.8297640215119770, 114.2144502228039897 ) ) ;
#5645 = EDGE_CURVE ( 'NONE', #7662, #5937, #9288, .T. ) ;
#5646 = LINE ( 'NONE', #6637, #2597 ) ;
#5647 = VECTOR ( 'NONE', #8112, 1000.000000000000000 ) ;
#5648 = DIRECTION ( 'NONE',  ( -0.7071067811865475727, 0.000000000000000000, 0.7071067811865475727 ) ) ;
#5649 = CIRCLE ( 'NONE', #12144, 11.54238125198780729 ) ;
#5650 = DIRECTION ( 'NONE',  ( -1.000000000000000000, 0.000000000000000000, 0.000000000000000000 ) ) ;
#5651 = EDGE_CURVE ( 'NONE', #3932, #4087, #10450, .T. ) ;
#5652 = DIRECTION ( 'NONE',  ( 1.000000000000000000, 0.000000000000000000, -1.177071316573370074E-14 ) ) ;
#5653 = CARTESIAN_POINT ( 'NONE',  ( 133.0143883390069846, -139.6248184433190715, 69.95817965087871926 ) ) ;
#5654 = DIRECTION ( 'NONE',  ( 3.683226109728400325E-15, 1.000000000000000000, -1.526556658859589750E-16 ) ) ;
#5655 = ORIENTED_EDGE ( 'NONE', *, *, #5113, .F. ) ;
#5656 = EDGE_LOOP ( 'NONE', ( #6387, #6464, #5020, #3231 ) ) ;
#5657 = MANIFOLD_SOLID_BREP ( 'NONE', #10235 ) ;
#5658 = ORIENTED_EDGE ( 'NONE', *, *, #9725, .F. ) ;
#5659 = VECTOR ( 'NONE', #6997, 1000.000000000000000 ) ;
#5660 = VECTOR ( 'NONE', #8388, 1000.000000000000000 ) ;
#5661 = DIRECTION ( 'NONE',  ( -1.000000000000000000, 3.973480495251319981E-15, 7.823253522622061261E-15 ) ) ;
#5662 = EDGE_CURVE ( 'NONE', #3537, #10675, #5718, .T. ) ;
#5663 = DIRECTION ( 'NONE',  ( 0.000000000000000000, 1.000000000000000000, 6.573933234426810631E-15 ) ) ;
#5664 = CARTESIAN_POINT ( 'NONE',  ( 135.6669467343540134, -152.8297640746490060, 70.44999974667979359 ) ) ;
#5665 = EDGE_CURVE ( 'NONE', #9533, #6954, #2139, .T. ) ;
#5666 = VECTOR ( 'NONE', #3504, 1000.000000000000000 ) ;
#5667 = VECTOR ( 'NONE', #11094, 1000.000000000000000 ) ;
#5669 = EDGE_CURVE ( 'NONE', #3292, #7476, #6823, .T. ) ;
#5668 = ORIENTED_EDGE ( 'NONE', *, *, #7267, .F. ) ;
#5670 = DIRECTION ( 'NONE',  ( -1.745666764649140125E-15, -1.000000000000000000, 1.745666764649140125E-15 ) ) ;
#5671 = VERTEX_POINT ( 'NONE', #4737 ) ;
#5672 = ORIENTED_EDGE ( 'NONE', *, *, #4203, .F. ) ;
#5673 = CARTESIAN_POINT ( 'NONE',  ( 138.0808663299520163, -141.4297640215119998, 110.3643259181410059 ) ) ;
#5674 = ORIENTED_EDGE ( 'NONE', *, *, #8964, .T. ) ;
#5675 = ORIENTED_EDGE ( 'NONE', *, *, #7147, .T. ) ;
#5676 = PLANE ( 'NONE',  #6291 ) ;
#5677 = AXIS2_PLACEMENT_3D ( 'NONE', #10095, #9166, #3372 ) ;
#5678 = EDGE_CURVE ( 'NONE', #591, #9582, #10508, .T. ) ;
#5679 = CARTESIAN_POINT ( 'NONE',  ( 162.9242201265764720, -147.4297640746490003, 70.29289313032980147 ) ) ;
#5680 = DIRECTION ( 'NONE',  ( -0.8944271909999103043, 0.000000000000000000, 0.4472135954999690299 ) ) ;
#5681 = EDGE_CURVE ( 'NONE', #9945, #5933, #11382, .T. ) ;
#5682 = EDGE_LOOP ( 'NONE', ( #4871, #8873, #9665, #8942 ) ) ;
#5683 = DIRECTION ( 'NONE',  ( 0.000000000000000000, 1.000000000000000000, -1.526556658859589750E-16 ) ) ;
#5684 = ORIENTED_EDGE ( 'NONE', *, *, #9638, .T. ) ;
#5685 = DIRECTION ( 'NONE',  ( 0.7071067811865475727, 0.000000000000000000, 0.7071067811865475727 ) ) ;
#5686 = EDGE_LOOP ( 'NONE', ( #9961, #64, #9051, #1333, #7738, #1534, #1480, #7689 ) ) ;
#5687 = CARTESIAN_POINT ( 'NONE',  ( 133.8211924928857854, -121.8207562493955862, 62.46634032126664238 ) ) ;
#5688 = DIRECTION ( 'NONE',  ( 1.734923811392159935E-15, 1.000000000000000000, 1.734923811392220086E-15 ) ) ;
#5689 = DIRECTION ( 'NONE',  ( -2.428612984199849992E-16, 1.000000000000000000, 7.105427357601000281E-15 ) ) ;
#5690 = DIRECTION ( 'NONE',  ( -2.602085213964869829E-17, -1.000000000000000000, 1.526556658859589750E-16 ) ) ;
#5691 = CARTESIAN_POINT ( 'NONE',  ( 163.2171133453900040, -136.4378403070739978, 99.26432591814179318 ) ) ;
#5692 = PLANE ( 'NONE',  #4200 ) ;
#5693 = CARTESIAN_POINT ( 'NONE',  ( 121.7171133453899898, -148.4297640215245906, 62.75000000000000000 ) ) ;
#5694 = CARTESIAN_POINT ( 'NONE',  ( 122.2171131963785911, -139.6937481978255846, 57.08879711976310034 ) ) ;
#5695 = VERTEX_POINT ( 'NONE', #1153 ) ;
#5696 = DIRECTION ( 'NONE',  ( -2.066431460680660416E-14, -1.526556658858929819E-16, -1.000000000000000000 ) ) ;
#5697 = PLANE ( 'NONE',  #6081 ) ;
#5698 = ORIENTED_EDGE ( 'NONE', *, *, #7350, .F. ) ;
#5699 = ORIENTED_EDGE ( 'NONE', *, *, #8638, .T. ) ;
#5700 = AXIS2_PLACEMENT_3D ( 'NONE', #6079, #9820, #4219 ) ;
#5701 = CARTESIAN_POINT ( 'NONE',  ( 160.2171133453899756, -119.4297640746489861, 97.01432591814169371 ) ) ;
#5702 = LINE ( 'NONE', #2119, #11035 ) ;
#5703 = ORIENTED_EDGE ( 'NONE', *, *, #1345, .T. ) ;
#5704 =( BOUNDED_CURVE ( )  B_SPLINE_CURVE ( 3, ( #4174, #10636, #5103, #7868 ),
 .UNSPECIFIED., .F., .F. ) 
 B_SPLINE_CURVE_WITH_KNOTS ( ( 4, 4 ),
 ( 5.497787143782139729, 6.283185307179570245 ),
 .UNSPECIFIED. ) 
 CURVE ( )  GEOMETRIC_REPRESENTATION_ITEM ( )  RATIONAL_B_SPLINE_CURVE ( ( 1.000000000000000000, 0.9492530216741910110, 0.9492530216741910110, 1.000000000000000000 ) ) 
 REPRESENTATION_ITEM ( '' )  );
#5705 = CYLINDRICAL_SURFACE ( 'NONE', #1688, 2.349999999999990763 ) ;
#5706 = CARTESIAN_POINT ( 'NONE',  ( 134.2171133453900040, -138.0155505122760076, 67.99999991151649681 ) ) ;
#5707 = AXIS2_PLACEMENT_3D ( 'NONE', #196, #6555, #2902 ) ;
#5708 = CARTESIAN_POINT ( 'NONE',  ( 135.1919857832270111, -145.4046399309108040, 52.05484601354490337 ) ) ;
#5709 = DIRECTION ( 'NONE',  ( -4.795077207320080361E-24, 1.000000000000000000, 0.000000000000000000 ) ) ;
#5710 = DIRECTION ( 'NONE',  ( 0.000000000000000000, -2.327875578288750051E-16, -1.000000000000000000 ) ) ;
#5711 = CARTESIAN_POINT ( 'NONE',  ( 163.2171133453900040, -147.4297640746490003, 70.99999991151629786 ) ) ;
#5712 = LINE ( 'NONE', #6645, #9211 ) ;
#5713 = EDGE_CURVE ( 'NONE', #9294, #687, #2016, .T. ) ;
#5714 = EDGE_CURVE ( 'NONE', #3098, #4498, #11322, .T. ) ;
#5715 = EDGE_LOOP ( 'NONE', ( #2147, #730, #7787, #2291 ) ) ;
#5716 = VERTEX_POINT ( 'NONE', #6705 ) ;
#5717 = VERTEX_POINT ( 'NONE', #4796 ) ;
#5718 = LINE ( 'NONE', #7682, #7969 ) ;
#5719 = CARTESIAN_POINT ( 'NONE',  ( 162.8094094721379861, -148.2297640746490117, 102.0997837512840078 ) ) ;
#5720 = DIRECTION ( 'NONE',  ( 1.000000000000000000, 0.000000000000000000, -1.387778780781405917E-14 ) ) ;
#5721 = ORIENTED_EDGE ( 'NONE', *, *, #4778, .F. ) ;
#5722 = CARTESIAN_POINT ( 'NONE',  ( 132.3255008394325785, -120.4297680637884156, 62.66078637172639532 ) ) ;
#5723 = ADVANCED_FACE ( 'NONE', ( #4853 ), #8663, .F. ) ;
#5724 = VERTEX_POINT ( 'NONE', #8490 ) ;
#5725 = ORIENTED_EDGE ( 'NONE', *, *, #8981, .F. ) ;
#5726 = EDGE_LOOP ( 'NONE', ( #6483, #1873, #7680 ) ) ;
#5727 = ORIENTED_EDGE ( 'NONE', *, *, #11400, .F. ) ;
#5728 = ADVANCED_FACE ( 'NONE', ( #226 ), #7742, .T. ) ;
#5729 = CARTESIAN_POINT ( 'NONE',  ( 163.2171133453900040, -139.0112228123850002, 70.99999747089100310 ) ) ;
#5730 = EDGE_CURVE ( 'NONE', #7908, #4804, #6887, .T. ) ;
#5731 = CARTESIAN_POINT ( 'NONE',  ( 132.3771133453899722, -144.5297640215119941, 66.54898615365620174 ) ) ;
#5732 = CARTESIAN_POINT ( 'NONE',  ( 164.2171132645239879, -142.4297640746490003, 70.99999985494321209 ) ) ;
#5733 = CARTESIAN_POINT ( 'NONE',  ( 134.8394935305394426, -140.9655748361618919, 110.4670529075764307 ) ) ;
#5734 = VERTEX_POINT ( 'NONE', #976 ) ;
#5735 = DIRECTION ( 'NONE',  ( -0.7071067811865614505, -0.7071067811865336949, 0.000000000000000000 ) ) ;
#5736 = ORIENTED_EDGE ( 'NONE', *, *, #4084, .T. ) ;
#5737 = CARTESIAN_POINT ( 'NONE',  ( 123.4123497211605098, -149.0845648738638545, 54.09601386743906204 ) ) ;
#5738 = EDGE_CURVE ( 'NONE', #11361, #8722, #55, .T. ) ;
#5739 = ORIENTED_EDGE ( 'NONE', *, *, #11162, .F. ) ;
#5740 = ADVANCED_FACE ( 'NONE', ( #5099 ), #2197, .F. ) ;
#5741 = CARTESIAN_POINT ( 'NONE',  ( 163.2171133453900040, -142.4297640746490003, 80.50005036047079443 ) ) ;
#5742 = CIRCLE ( 'NONE', #10649, 24.75049366970480236 ) ;
#5743 = VECTOR ( 'NONE', #12188, 1000.000000000000000 ) ;
#5744 = CARTESIAN_POINT ( 'NONE',  ( 162.4671133453900040, -153.4287711522630104, 66.54898615365620174 ) ) ;
#5745 = ORIENTED_EDGE ( 'NONE', *, *, #10380, .F. ) ;
#5746 = DIRECTION ( 'NONE',  ( 3.160768215787150073E-15, 1.000000000000000000, -1.526556658859589750E-16 ) ) ;
#5747 = CARTESIAN_POINT ( 'NONE',  ( 135.2171133453900040, -139.7894236642989938, 93.86432591814070747 ) ) ;
#5748 = FACE_OUTER_BOUND ( 'NONE', #10553, .T. ) ;
#5749 = DIRECTION ( 'NONE',  ( 0.000000000000000000, 0.000000000000000000, -1.000000000000000000 ) ) ;
#5750 = DIRECTION ( 'NONE',  ( 0.000000000000000000, -1.526556658859589750E-16, -1.000000000000000000 ) ) ;
#5751 = VECTOR ( 'NONE', #1121, 1000.000000000000000 ) ;
#5752 = AXIS2_PLACEMENT_3D ( 'NONE', #1067, #11994, #1765 ) ;
#5753 = ORIENTED_EDGE ( 'NONE', *, *, #3390, .T. ) ;
#5754 = DIRECTION ( 'NONE',  ( -0.008142047127310658022, 7.930164461608264384E-15, -0.9999668529849260468 ) ) ;
#5755 = DIRECTION ( 'NONE',  ( 2.602085213964869829E-17, 1.000000000000000000, -1.526556658859589750E-16 ) ) ;
#5756 = EDGE_CURVE ( 'NONE', #6047, #8921, #2436, .T. ) ;
#5757 = VERTEX_POINT ( 'NONE', #11802 ) ;
#5758 = VERTEX_POINT ( 'NONE', #8968 ) ;
#5759 = CARTESIAN_POINT ( 'NONE',  ( 132.5100065642029961, -141.1368708558350136, 67.99999991151649681 ) ) ;
#5760 = FACE_OUTER_BOUND ( 'NONE', #1347, .T. ) ;
#5761 = ORIENTED_EDGE ( 'NONE', *, *, #476, .F. ) ;
#5762 = CIRCLE ( 'NONE', #8323, 1.000000000000010880 ) ;
#5763 = CARTESIAN_POINT ( 'NONE',  ( 162.4671133453900040, -144.5297640215119941, 66.54898615365620174 ) ) ;
#5764 = CARTESIAN_POINT ( 'NONE',  ( 163.2171133453900040, -119.4297640746489861, 81.50005035713229518 ) ) ;
#5765 = FACE_OUTER_BOUND ( 'NONE', #4, .T. ) ;
#5766 = LINE ( 'NONE', #4729, #3418 ) ;
#5767 = DIRECTION ( 'NONE',  ( 2.546950083066530298E-09, 1.074293699200419879E-17, 1.000000000000000000 ) ) ;
#5768 = CARTESIAN_POINT ( 'NONE',  ( 135.2171131927750309, -148.2297640746490117, 103.7997837512839965 ) ) ;
#5769 = AXIS2_PLACEMENT_3D ( 'NONE', #11550, #5890, #3911 ) ;
#5770 = B_SPLINE_CURVE_WITH_KNOTS ( 'NONE', 2,
 ( #5797, #10591, #6726 ),
 .UNSPECIFIED., .F., .F.,
 ( 3, 3 ),
 ( -0.2160479540393169806, -0.1523858476231690073 ),
 .UNSPECIFIED. ) ;
#5771 = ORIENTED_EDGE ( 'NONE', *, *, #2884, .F. ) ;
#5772 = ORIENTED_EDGE ( 'NONE', *, *, #5385, .T. ) ;
#5773 =( BOUNDED_CURVE ( )  B_SPLINE_CURVE ( 3, ( #5632, #5447, #4712, #7363 ),
 .UNSPECIFIED., .F., .F. ) 
 B_SPLINE_CURVE_WITH_KNOTS ( ( 4, 4 ),
 ( 5.349890256905269759, 5.665711723240839603 ),
 .UNSPECIFIED. ) 
 CURVE ( )  GEOMETRIC_REPRESENTATION_ITEM ( )  RATIONAL_B_SPLINE_CURVE ( ( 1.000000000000000000, 0.9917053244918909716, 0.9917053244918909716, 1.000000000000000000 ) ) 
 REPRESENTATION_ITEM ( '' )  );
#5774 = EDGE_LOOP ( 'NONE', ( #7492, #8836, #8262, #9041 ) ) ;
#5775 = DIRECTION ( 'NONE',  ( 1.000000000000000000, -2.602085213964869829E-17, 7.166576360129189239E-17 ) ) ;
#5776 = CARTESIAN_POINT ( 'NONE',  ( 130.2171133453899756, -120.4297640215245906, 57.98985306244389903 ) ) ;
#5777 = EDGE_CURVE ( 'NONE', #9898, #10084, #11742, .T. ) ;
#5778 = CIRCLE ( 'NONE', #469, 1.450000000000006839 ) ;
#5779 = CARTESIAN_POINT ( 'NONE',  ( 121.2171133453895919, -149.4460613007626080, 64.75000000000000000 ) ) ;
#5780 = EDGE_CURVE ( 'NONE', #5183, #1395, #4352, .T. ) ;
#5781 = DIRECTION ( 'NONE',  ( 7.166576360129239776E-17, -1.074295325692399920E-17, -1.000000000000000000 ) ) ;
#5782 = ORIENTED_EDGE ( 'NONE', *, *, #4694, .T. ) ;
#5783 = DIRECTION ( 'NONE',  ( -1.504056274950594933E-15, -1.000000000000000000, -1.504056274950594933E-15 ) ) ;
#5784 = ORIENTED_EDGE ( 'NONE', *, *, #9196, .F. ) ;
#5785 = EDGE_LOOP ( 'NONE', ( #11938, #6206, #8132, #3954 ) ) ;
#5786 = ORIENTED_EDGE ( 'NONE', *, *, #1974, .T. ) ;
#5787 = VECTOR ( 'NONE', #3984, 1000.000000000000000 ) ;
#5788 = ORIENTED_EDGE ( 'NONE', *, *, #9457, .T. ) ;
#5789 = DIRECTION ( 'NONE',  ( -0.7071067811865431318, 0.7071067811865520136, 4.906538933971691060E-15 ) ) ;
#5790 = B_SPLINE_CURVE_WITH_KNOTS ( 'NONE', 3,
 ( #4422, #7142, #6346, #6223 ),
 .UNSPECIFIED., .F., .F.,
 ( 4, 4 ),
 ( 0.000000000000000000, 1.000000000000000000 ),
 .UNSPECIFIED. ) ;
#5791 = CARTESIAN_POINT ( 'NONE',  ( 132.2171133453900040, -139.4397640202369928, 80.50005035146739374 ) ) ;
#5792 = DIRECTION ( 'NONE',  ( -1.000000000000000000, 0.000000000000000000, 0.000000000000000000 ) ) ;
#5793 = EDGE_CURVE ( 'NONE', #9157, #8287, #8414, .T. ) ;
#5794 = DIRECTION ( 'NONE',  ( 2.602085213964619612E-17, 1.000000000000000000, -1.150608946447908011E-15 ) ) ;
#5795 = ORIENTED_EDGE ( 'NONE', *, *, #4046, .T. ) ;
#5796 = ADVANCED_FACE ( 'NONE', ( #2319 ), #355, .F. ) ;
#5797 = CARTESIAN_POINT ( 'NONE',  ( 131.6656350885872087, -114.4297640215114029, 50.66271862838299711 ) ) ;
#5798 = ORIENTED_EDGE ( 'NONE', *, *, #9341, .T. ) ;
#5799 = CARTESIAN_POINT ( 'NONE',  ( 120.7900476301858674, -149.2649045206491394, 58.48002888027760093 ) ) ;
#5800 = VERTEX_POINT ( 'NONE', #3416 ) ;
#5801 = AXIS2_PLACEMENT_3D ( 'NONE', #11224, #1924, #8455 ) ;
#5802 = DIRECTION ( 'NONE',  ( 5.947210316807140508E-15, 1.000000000000000000, -1.526556658859589750E-16 ) ) ;
#5803 = CARTESIAN_POINT ( 'NONE',  ( 125.4555982874533981, -147.3829269371353803, 53.38549640900530591 ) ) ;
#5804 = DIRECTION ( 'NONE',  ( -1.214306495755059738E-16, 1.000000000000000000, 6.573933234426810631E-15 ) ) ;
#5805 = EDGE_CURVE ( 'NONE', #10555, #10391, #7129, .T. ) ;
#5806 = FACE_OUTER_BOUND ( 'NONE', #5882, .T. ) ;
#5807 = ADVANCED_FACE ( 'NONE', ( #7984 ), #6149, .T. ) ;
#5808 = CARTESIAN_POINT ( 'NONE',  ( 163.2171133453900040, -138.8513369720210164, 93.86432591814070747 ) ) ;
#5809 = CARTESIAN_POINT ( 'NONE',  ( 155.4671133340039830, -119.4297640746489861, 80.50005035146739374 ) ) ;
#5810 = ORIENTED_EDGE ( 'NONE', *, *, #12058, .F. ) ;
#5811 = CARTESIAN_POINT ( 'NONE',  ( 138.4751040480451820, -114.6297640215111926, 62.10199319125020168 ) ) ;
#5812 = ADVANCED_FACE ( 'NONE', ( #6275 ), #7437, .F. ) ;
#5813 = CARTESIAN_POINT ( 'NONE',  ( 163.1087258513475149, -120.4297680637882024, 62.66078637172639532 ) ) ;
#5814 = ORIENTED_EDGE ( 'NONE', *, *, #4030, .F. ) ;
#5815 = ORIENTED_EDGE ( 'NONE', *, *, #5535, .T. ) ;
#5816 = CARTESIAN_POINT ( 'NONE',  ( 132.7437744505975274, -140.4357235000358060, 67.25693111666198831 ) ) ;
#5817 = DIRECTION ( 'NONE',  ( -2.602085213964869829E-17, -1.000000000000000000, 1.526556658859589750E-16 ) ) ;
#5818 = ORIENTED_EDGE ( 'NONE', *, *, #8424, .T. ) ;
#5819 = VECTOR ( 'NONE', #5506, 1000.000000000000114 ) ;
#5820 = VECTOR ( 'NONE', #1699, 1000.000000000000000 ) ;
#5821 = DIRECTION ( 'NONE',  ( 3.160768215787150073E-15, 1.000000000000000000, -1.526556646962079803E-16 ) ) ;
#5822 = CYLINDRICAL_SURFACE ( 'NONE', #2001, 11.54238125198780729 ) ;
#5823 = CARTESIAN_POINT ( 'NONE',  ( 158.5171131927750139, -148.4297640746490003, 105.4997837512840135 ) ) ;
#5824 = EDGE_CURVE ( 'NONE', #6595, #7001, #6453, .T. ) ;
#5825 = DIRECTION ( 'NONE',  ( -4.849173379634530258E-15, 1.000000000000000000, 6.881851277481381070E-15 ) ) ;
#5826 = CARTESIAN_POINT ( 'NONE',  ( 132.4174465102955764, -141.2294309097433427, 68.99999991151651102 ) ) ;
#5827 = FACE_OUTER_BOUND ( 'NONE', #7925, .T. ) ;
#5828 = VECTOR ( 'NONE', #7360, 1000.000000000000000 ) ;
#5829 = CONICAL_SURFACE ( 'NONE', #10737, 2.549999999999996714, 0.7853981633974476129 ) ;
#5830 = CARTESIAN_POINT ( 'NONE',  ( 124.4543469377703957, -114.8297640215114086, 57.75000000000000000 ) ) ;
#5831 = ORIENTED_EDGE ( 'NONE', *, *, #3912, .T. ) ;
#5832 = ORIENTED_EDGE ( 'NONE', *, *, #10409, .T. ) ;
#5833 = ORIENTED_EDGE ( 'NONE', *, *, #1063, .F. ) ;
#5834 = DIRECTION ( 'NONE',  ( -2.334670139474400226E-15, 2.327875578288740190E-16, 1.000000000000000000 ) ) ;
#5835 = AXIS2_PLACEMENT_3D ( 'NONE', #10034, #1199, #11548 ) ;
#5836 = CARTESIAN_POINT ( 'NONE',  ( 158.5834021859320160, -143.4297640215119714, 100.6909950527140012 ) ) ;
#5837 = DIRECTION ( 'NONE',  ( 8.810118433399840573E-15, 1.526556658859309704E-16, 1.000000000000000000 ) ) ;
#5838 = CARTESIAN_POINT ( 'NONE',  ( 125.4555982874533981, -147.3829269371353803, 53.38549640900530591 ) ) ;
#5839 = CARTESIAN_POINT ( 'NONE',  ( 157.1742201265760173, -134.9726572934629871, 67.29289313032980147 ) ) ;
#5840 = ORIENTED_EDGE ( 'NONE', *, *, #11815, .T. ) ;
#5841 = CARTESIAN_POINT ( 'NONE',  ( 163.2171133453900040, -143.9297639738429950, 98.70216526821819514 ) ) ;
#5842 = VECTOR ( 'NONE', #11252, 1000.000000000000000 ) ;
#5843 = ORIENTED_EDGE ( 'NONE', *, *, #8445, .T. ) ;
#5844 = EDGE_LOOP ( 'NONE', ( #5966, #3928, #9811, #168 ) ) ;
#5845 = VECTOR ( 'NONE', #2787, 1000.000000000000000 ) ;
#5846 = ORIENTED_EDGE ( 'NONE', *, *, #11371, .T. ) ;
#5847 = CARTESIAN_POINT ( 'NONE',  ( 166.2798797530099932, -119.4297640215111898, 57.75000000000000000 ) ) ;
#5848 = EDGE_CURVE ( 'NONE', #5593, #3250, #2678, .T. ) ;
#5849 = FACE_OUTER_BOUND ( 'NONE', #8291, .T. ) ;
#5850 = CARTESIAN_POINT ( 'NONE',  ( 173.2171134944019855, -139.6937481978255846, 62.74999999999930367 ) ) ;
#5851 = VECTOR ( 'NONE', #10387, 1000.000000000000000 ) ;
#5852 = CARTESIAN_POINT ( 'NONE',  ( 132.2171133453900040, -148.3795071393270177, 55.40242306637720304 ) ) ;
#5853 = AXIS2_PLACEMENT_3D ( 'NONE', #1232, #5053, #4124 ) ;
#5854 = LINE ( 'NONE', #873, #344 ) ;
#5855 = ORIENTED_EDGE ( 'NONE', *, *, #11321, .F. ) ;
#5856 = LINE ( 'NONE', #8686, #1625 ) ;
#5857 = ORIENTED_EDGE ( 'NONE', *, *, #56, .F. ) ;
#5858 = DIRECTION ( 'NONE',  ( -1.214306495755059738E-16, 1.000000000000000000, 6.573933234426810631E-15 ) ) ;
#5859 = B_SPLINE_CURVE_WITH_KNOTS ( 'NONE', 2,
 ( #4608, #4731, #2749 ),
 .UNSPECIFIED., .F., .F.,
 ( 3, 3 ),
 ( -0.2160479540393179798, -0.1523858476231780001 ),
 .UNSPECIFIED. ) ;
#5860 = ADVANCED_FACE ( 'NONE', ( #7377 ), #660, .F. ) ;
#5861 = AXIS2_PLACEMENT_3D ( 'NONE', #12133, #5670, #6533 ) ;
#5862 = EDGE_LOOP ( 'NONE', ( #4734, #1164, #3156, #11962, #1759, #5350, #7694, #4673, #10342, #5596, #9404, #284 ) ) ;
#5863 = ADVANCED_FACE ( 'NONE', ( #8235 ), #2559, .F. ) ;
#5864 = DIRECTION ( 'NONE',  ( -1.070962509852529942E-16, 0.000000000000000000, 1.000000000000000000 ) ) ;
#5865 = DIRECTION ( 'NONE',  ( -0.9334193986512242525, 0.000000000000000000, 0.3587871600567484331 ) ) ;
#5866 = ORIENTED_EDGE ( 'NONE', *, *, #9179, .T. ) ;
#5867 = EDGE_CURVE ( 'NONE', #7032, #531, #9331, .T. ) ;
#5868 = CARTESIAN_POINT ( 'NONE',  ( 160.2171131927750025, -154.4297640746490003, 103.7997837512839965 ) ) ;
#5869 = CARTESIAN_POINT ( 'NONE',  ( 162.9361387140300224, -114.6989756610148135, 57.54701089960399685 ) ) ;
#5870 = VECTOR ( 'NONE', #2686, 999.9999999999998863 ) ;
#5871 = CARTESIAN_POINT ( 'NONE',  ( 165.2171136399900035, -148.4297640215245906, 51.31260299732910113 ) ) ;
#5872 = DIRECTION ( 'NONE',  ( 0.7071067811865580088, -0.7071067811865370256, -6.121750630779310575E-15 ) ) ;
#5873 = CARTESIAN_POINT ( 'NONE',  ( 133.0664558081502094, -132.0969567164434011, 53.47602185630490368 ) ) ;
#5874 = ORIENTED_EDGE ( 'NONE', *, *, #6926, .F. ) ;
#5875 = ORIENTED_EDGE ( 'NONE', *, *, #4157, .F. ) ;
#5876 = CARTESIAN_POINT ( 'NONE',  ( 162.4840858911696841, -139.8164759647941651, 67.07401444468796115 ) ) ;
#5877 = ORIENTED_EDGE ( 'NONE', *, *, #10700, .F. ) ;
#5878 = EDGE_CURVE ( 'NONE', #10795, #11000, #4410, .T. ) ;
#5879 = CARTESIAN_POINT ( 'NONE',  ( 132.2171133453900040, -139.0155506031722439, 66.26179929931564061 ) ) ;
#5880 = EDGE_LOOP ( 'NONE', ( #4188, #9979, #7952, #6030, #10208, #10930, #3218, #8976, #6463, #4195, #2524, #10011, #11582, #3060, #7397, #8118 ) ) ;
#5881 = CARTESIAN_POINT ( 'NONE',  ( 171.7734159773514762, -125.4297640215112040, 63.75000000000000000 ) ) ;
#5882 = EDGE_LOOP ( 'NONE', ( #12066, #1697, #8996, #10222 ) ) ;
#5883 = EDGE_CURVE ( 'NONE', #11972, #7908, #11993, .T. ) ;
#5884 = VECTOR ( 'NONE', #7344, 1000.000000000000000 ) ;
#5885 = EDGE_CURVE ( 'NONE', #3368, #8, #7190, .T. ) ;
#5886 = CARTESIAN_POINT ( 'NONE',  ( 132.2171133453900040, -127.4297640746490146, 80.50005035146759269 ) ) ;
#5887 = DIRECTION ( 'NONE',  ( -1.214306505109929978E-16, 1.000000000000000000, 0.000000000000000000 ) ) ;
#5888 = EDGE_CURVE ( 'NONE', #11631, #1083, #6515, .T. ) ;
#5889 = DIRECTION ( 'NONE',  ( -1.000000000000000000, -1.214306509787359922E-16, 2.449293581093239882E-16 ) ) ;
#5890 = DIRECTION ( 'NONE',  ( 7.166576360129189239E-17, -1.526556658859589750E-16, -1.000000000000000000 ) ) ;
#5891 = LINE ( 'NONE', #4096, #11885 ) ;
#5892 = CARTESIAN_POINT ( 'NONE',  ( 164.2171132435119887, -154.4297640746490003, 62.74999974667980496 ) ) ;
#5893 = VECTOR ( 'NONE', #2968, 1000.000000000000000 ) ;
#5894 = DIRECTION ( 'NONE',  ( 1.000000000000000000, 0.000000000000000000, -4.666241877321180938E-16 ) ) ;
#5895 = LINE ( 'NONE', #11556, #6273 ) ;
#5896 = ORIENTED_EDGE ( 'NONE', *, *, #2010, .F. ) ;
#5897 = EDGE_LOOP ( 'NONE', ( #11405, #9370, #5941, #1833, #9853, #90 ) ) ;
#5898 = CARTESIAN_POINT ( 'NONE',  ( 132.2179660690159722, -141.5088407405840201, 67.19879956395250531 ) ) ;
#5899 = ORIENTED_EDGE ( 'NONE', *, *, #8711, .F. ) ;
#5900 = ADVANCED_FACE ( 'NONE', ( #3666 ), #10258, .F. ) ;
#5901 = EDGE_CURVE ( 'NONE', #5181, #8707, #3172, .T. ) ;
#5902 = CARTESIAN_POINT ( 'NONE',  ( 163.4876018428179805, -154.4297640215109766, 50.25265112427569392 ) ) ;
#5903 = LINE ( 'NONE', #8790, #5173 ) ;
#5904 = DIRECTION ( 'NONE',  ( 1.000000000000000000, 0.000000000000000000, -8.810118433399840573E-15 ) ) ;
#5905 = CARTESIAN_POINT ( 'NONE',  ( 134.2171133453900040, -140.4297640215119998, 117.6643259181420120 ) ) ;
#5906 = DIRECTION ( 'NONE',  ( 0.000000000000000000, 1.000000000000000000, -2.327875578288750051E-16 ) ) ;
#5907 = VERTEX_POINT ( 'NONE', #6391 ) ;
#5908 = CARTESIAN_POINT ( 'NONE',  ( 134.7599354282168633, -140.8338110199651112, 106.1824524957109475 ) ) ;
#5909 = ORIENTED_EDGE ( 'NONE', *, *, #8367, .F. ) ;
#5910 = VERTEX_POINT ( 'NONE', #9148 ) ;
#5911 = ORIENTED_EDGE ( 'NONE', *, *, #5247, .F. ) ;
#5912 = EDGE_CURVE ( 'NONE', #9794, #5150, #2498, .T. ) ;
#5913 = CARTESIAN_POINT ( 'NONE',  ( 162.7874486041309865, -140.3091834172900008, 69.94135003043980703 ) ) ;
#5914 = CARTESIAN_POINT ( 'NONE',  ( 121.2171133453899898, -119.4297640215114029, 62.75000000000000000 ) ) ;
#5915 = CARTESIAN_POINT ( 'NONE',  ( 132.2932516600345707, -141.4613015636570026, 67.99999991151649681 ) ) ;
#5916 = DIRECTION ( 'NONE',  ( -1.000000000000000000, 4.562958571373970632E-15, -7.166576360129239776E-17 ) ) ;
#5917 = ORIENTED_EDGE ( 'NONE', *, *, #4985, .T. ) ;
#5918 = DIRECTION ( 'NONE',  ( 1.387778780781444098E-14, 3.831611138354870564E-15, 1.000000000000000000 ) ) ;
#5919 = ORIENTED_EDGE ( 'NONE', *, *, #11895, .T. ) ;
#5920 = VERTEX_POINT ( 'NONE', #4474 ) ;
#5921 = VECTOR ( 'NONE', #5817, 1000.000000000000000 ) ;
#5922 = CARTESIAN_POINT ( 'NONE',  ( 133.0613206124369867, -139.4894226044879986, 69.99997596295649771 ) ) ;
#5923 = CARTESIAN_POINT ( 'NONE',  ( 162.2642973523008436, -122.8499454717674553, 57.82437741245293950 ) ) ;
#5924 = VERTEX_POINT ( 'NONE', #1702 ) ;
#5925 = CARTESIAN_POINT ( 'NONE',  ( 163.2741076752814990, -154.4297640215109766, 55.74983426492450178 ) ) ;
#5926 = AXIS2_PLACEMENT_3D ( 'NONE', #12143, #6668, #11277 ) ;
#5927 = DIRECTION ( 'NONE',  ( 1.000000000000000000, 0.000000000000000000, 1.028189605211130024E-14 ) ) ;
#5928 = ADVANCED_FACE ( 'NONE', ( #8415 ), #3442, .F. ) ;
#5929 = DIRECTION ( 'NONE',  ( 2.602085213964889859E-17, 1.000000000000000000, -1.526556658859589750E-16 ) ) ;
#5930 = EDGE_CURVE ( 'NONE', #5695, #381, #1881, .T. ) ;
#5931 = LINE ( 'NONE', #5072, #5936 ) ;
#5932 = DIRECTION ( 'NONE',  ( 2.132994088927039693E-16, -1.000000000000000000, -4.450468616900725019E-15 ) ) ;
#5933 = VERTEX_POINT ( 'NONE', #9090 ) ;
#5934 = ORIENTED_EDGE ( 'NONE', *, *, #3445, .F. ) ;
#5935 = CARTESIAN_POINT ( 'NONE',  ( 162.4859109714668364, -139.8219451261795996, 67.07506927767158800 ) ) ;
#5936 = VECTOR ( 'NONE', #1246, 1000.000000000000000 ) ;
#5937 = VERTEX_POINT ( 'NONE', #7497 ) ;
#5938 = CARTESIAN_POINT ( 'NONE',  ( 132.7171321604621994, -140.5154940670578014, 67.29299979819460020 ) ) ;
#5939 = ORIENTED_EDGE ( 'NONE', *, *, #8780, .F. ) ;
#5940 = CARTESIAN_POINT ( 'NONE',  ( 161.2171133453899756, -134.4297640746490288, 81.00005035735010495 ) ) ;
#5941 = ORIENTED_EDGE ( 'NONE', *, *, #10463, .T. ) ;
#5942 = LINE ( 'NONE', #6193, #10141 ) ;
#5943 = CARTESIAN_POINT ( 'NONE',  ( 122.9144919146266091, -148.4297640215249885, 55.97801179947970240 ) ) ;
#5944 = DIRECTION ( 'NONE',  ( 0.000000000000000000, 1.000000000000000000, 6.573933234426810631E-15 ) ) ;
#5945 = AXIS2_PLACEMENT_3D ( 'NONE', #8748, #309, #3009 ) ;
#5946 = DIRECTION ( 'NONE',  ( 0.5951893636155756173, 8.416332170449763954E-15, -0.8035854786137478500 ) ) ;
#5947 = EDGE_CURVE ( 'NONE', #5490, #2671, #1075, .T. ) ;
#5948 = CYLINDRICAL_SURFACE ( 'NONE', #824, 1.700000000000007061 ) ;
#5949 = DIRECTION ( 'NONE',  ( -1.000000000000000000, -4.664896225277480661E-15, 4.751910101198840123E-14 ) ) ;
#5950 = CARTESIAN_POINT ( 'NONE',  ( 132.2171133453900040, -152.4297640746490003, 58.25000000000000000 ) ) ;
#5951 = DIRECTION ( 'NONE',  ( 6.331740687315568994E-17, -1.000000000000000000, 6.331740687315779768E-17 ) ) ;
#5952 = EDGE_CURVE ( 'NONE', #11456, #6359, #212, .T. ) ;
#5953 = VERTEX_POINT ( 'NONE', #7557 ) ;
#5954 = ORIENTED_EDGE ( 'NONE', *, *, #4297, .T. ) ;
#5955 = CARTESIAN_POINT ( 'NONE',  ( 132.4668069991690231, -141.0614515520129828, 67.50232549644249502 ) ) ;
#5956 = ORIENTED_EDGE ( 'NONE', *, *, #9494, .T. ) ;
#5957 = VECTOR ( 'NONE', #8068, 1000.000000000000000 ) ;
#5958 = CARTESIAN_POINT ( 'NONE',  ( 162.3506503447088392, -122.5631319759638700, 62.73219476250617532 ) ) ;
#5959 = CARTESIAN_POINT ( 'NONE',  ( 157.6248169134119905, -148.4297640746490003, 102.0997837512840078 ) ) ;
#5960 = UNCERTAINTY_MEASURE_WITH_UNIT (LENGTH_MEASURE( 1.000000000000000082E-05 ), #10210, 'distance_accuracy_value', 'NONE');
#5961 = CARTESIAN_POINT ( 'NONE',  ( 135.1768364872669963, -140.4297640215119998, 114.2143259181419950 ) ) ;
#5962 = FACE_OUTER_BOUND ( 'NONE', #9042, .T. ) ;
#5963 = CARTESIAN_POINT ( 'NONE',  ( 132.2171133453900040, -114.8297640215114086, 62.24960223581919649 ) ) ;
#5964 = EDGE_CURVE ( 'NONE', #4250, #4033, #157, .T. ) ;
#5965 = CONICAL_SURFACE ( 'NONE', #11075, 0.9999999999999964473, 0.7853981633974490562 ) ;
#5966 = ORIENTED_EDGE ( 'NONE', *, *, #3188, .F. ) ;
#5967 = DIRECTION ( 'NONE',  ( 0.8191520442889919096, 0.5735764363510458264, 2.660577370389440528E-15 ) ) ;
#5968 = EDGE_CURVE ( 'NONE', #5544, #7954, #10556, .T. ) ;
#5969 = ORIENTED_EDGE ( 'NONE', *, *, #4325, .F. ) ;
#5970 = ORIENTED_EDGE ( 'NONE', *, *, #7463, .T. ) ;
#5971 = ORIENTED_EDGE ( 'NONE', *, *, #11515, .T. ) ;
#5972 = CARTESIAN_POINT ( 'NONE',  ( 163.1572032601459910, -141.4323592417149769, 68.99783041216859658 ) ) ;
#5973 = VECTOR ( 'NONE', #11852, 1000.000000000000000 ) ;
#5974 = CARTESIAN_POINT ( 'NONE',  ( 162.2171133453900040, -126.9297640746490146, 81.50005035146720900 ) ) ;
#5975 = CARTESIAN_POINT ( 'NONE',  ( 135.0144879047719826, -141.4296898152430231, 110.3643259236470016 ) ) ;
#5976 = CARTESIAN_POINT ( 'NONE',  ( 168.6298797530100160, -114.4297640215112040, 57.75000000000000000 ) ) ;
#5977 = EDGE_CURVE ( 'NONE', #8056, #4250, #2863, .T. ) ;
#5978 = ORIENTED_EDGE ( 'NONE', *, *, #321, .F. ) ;
#5979 = DIRECTION ( 'NONE',  ( -0.5951893636155756173, 7.213999003242654818E-15, -0.8035854786137478500 ) ) ;
#5980 = VECTOR ( 'NONE', #10350, 1000.000000000000000 ) ;
#5981 = ORIENTED_EDGE ( 'NONE', *, *, #9606, .T. ) ;
#5982 = CARTESIAN_POINT ( 'NONE',  ( 132.9671133453900040, -153.4287711522630104, 66.54898615365620174 ) ) ;
#5983 = ORIENTED_EDGE ( 'NONE', *, *, #7463, .F. ) ;
#5984 = CARTESIAN_POINT ( 'NONE',  ( 132.2770231015919933, -141.4323595862450134, 68.99783281565611048 ) ) ;
#5985 = DIRECTION ( 'NONE',  ( -1.405764415695050220E-14, -2.326251989482290231E-15, -1.000000000000000000 ) ) ;
#5986 = VERTEX_POINT ( 'NONE', #8592 ) ;
#5987 = AXIS2_PLACEMENT_3D ( 'NONE', #12118, #10202, #3671 ) ;
#5988 = CARTESIAN_POINT ( 'NONE',  ( 120.2171133453899898, -114.8297640215114086, 62.24960223581919649 ) ) ;
#5989 = FACE_OUTER_BOUND ( 'NONE', #5844, .T. ) ;
#5990 = FACE_OUTER_BOUND ( 'NONE', #2260, .T. ) ;
#5991 = DIRECTION ( 'NONE',  ( 0.000000000000000000, 7.425043536408391048E-15, -1.000000000000000000 ) ) ;
#5992 = FACE_OUTER_BOUND ( 'NONE', #532, .T. ) ;
#5993 = ORIENTED_EDGE ( 'NONE', *, *, #6419, .F. ) ;
#5994 = ORIENTED_EDGE ( 'NONE', *, *, #10776, .F. ) ;
#5995 = CARTESIAN_POINT ( 'NONE',  ( 132.2171133453900040, -134.4297640746490288, 80.50005035146759269 ) ) ;
#5996 = EDGE_LOOP ( 'NONE', ( #11692, #5351, #776, #7353 ) ) ;
#5997 = FACE_OUTER_BOUND ( 'NONE', #6160, .T. ) ;
#5998 = ORIENTED_EDGE ( 'NONE', *, *, #7252, .T. ) ;
#5999 = CARTESIAN_POINT ( 'NONE',  ( 134.2171133453900040, -138.0155505122760076, 68.99999991151649681 ) ) ;
#6000 = VERTEX_POINT ( 'NONE', #2122 ) ;
#6001 = EDGE_CURVE ( 'NONE', #4988, #198, #99, .T. ) ;
#6002 = LINE ( 'NONE', #4213, #4838 ) ;
#6003 = AXIS2_PLACEMENT_3D ( 'NONE', #6088, #5037, #5156 ) ;
#6004 = DIRECTION ( 'NONE',  ( 0.000000000000000000, -1.000000000000000000, 1.526556658859589750E-16 ) ) ;
#6005 = LINE ( 'NONE', #3403, #9972 ) ;
#6006 = PLANE ( 'NONE',  #3993 ) ;
#6007 = DIRECTION ( 'NONE',  ( 2.428612928938820267E-16, -1.000000000000000000, -6.573933234426810631E-15 ) ) ;
#6008 = DIRECTION ( 'NONE',  ( 2.449293572821440166E-16, -6.573933234426810631E-15, 1.000000000000000000 ) ) ;
#6009 = CARTESIAN_POINT ( 'NONE',  ( 147.6669467408599985, -153.4297640746490003, 83.34999974667989875 ) ) ;
#6010 = DIRECTION ( 'NONE',  ( 2.546952314209130396E-09, 9.244427899492896244E-34, 1.000000000000000000 ) ) ;
#6011 = VERTEX_POINT ( 'NONE', #4842 ) ;
#6012 = VERTEX_POINT ( 'NONE', #10437 ) ;
#6013 = CARTESIAN_POINT ( 'NONE',  ( 132.2171133602390114, -141.6943747439590027, 68.00273304180750245 ) ) ;
#6014 = VECTOR ( 'NONE', #3788, 1000.000000000000000 ) ;
#6015 = VERTEX_POINT ( 'NONE', #5763 ) ;
#6016 = ADVANCED_FACE ( 'NONE', ( #1019 ), #4901, .T. ) ;
#6017 = CARTESIAN_POINT ( 'NONE',  ( 174.2171133453904872, -149.8297640215157855, 53.75000000000000000 ) ) ;
#6018 = DIRECTION ( 'NONE',  ( 0.000000000000000000, -0.9999999999999998890, 1.021647526641979862E-08 ) ) ;
#6019 = EDGE_CURVE ( 'NONE', #3026, #2701, #9514, .T. ) ;
#6020 = DIRECTION ( 'NONE',  ( -2.602085213964869829E-17, -1.000000000000000000, 1.526556658859589750E-16 ) ) ;
#6021 = CIRCLE ( 'NONE', #1100, 2.349999999999990763 ) ;
#6022 =( BOUNDED_CURVE ( )  B_SPLINE_CURVE ( 3, ( #3588, #1687, #8277, #2602 ),
 .UNSPECIFIED., .F., .F. ) 
 B_SPLINE_CURVE_WITH_KNOTS ( ( 4, 4 ),
 ( 4.712388980384679904, 6.283185307179590673 ),
 .UNSPECIFIED. ) 
 CURVE ( )  GEOMETRIC_REPRESENTATION_ITEM ( )  RATIONAL_B_SPLINE_CURVE ( ( 1.000000000000000000, 0.8047378541243629391, 0.8047378541243629391, 1.000000000000000000 ) ) 
 REPRESENTATION_ITEM ( '' )  );
#6023 = AXIS2_PLACEMENT_3D ( 'NONE', #7846, #11602, #3153 ) ;
#6024 = CARTESIAN_POINT ( 'NONE',  ( 129.7106248479624071, -114.4297640215114029, 60.17765112427590424 ) ) ;
#6025 = CYLINDRICAL_SURFACE ( 'NONE', #2439, 2.500000000000002220 ) ;
#6026 = ORIENTED_EDGE ( 'NONE', *, *, #5714, .T. ) ;
#6027 = CYLINDRICAL_SURFACE ( 'NONE', #5286, 1.000000000000006217 ) ;
#6028 = B_SPLINE_SURFACE_WITH_KNOTS ( 'NONE', 3, 3, ( 
 ( #9010, #577, #4333, #8084 ),
 ( #3394, #7169, #10913, #2475 ),
 ( #6249, #2720, #10173, #1741 ),
 ( #996, #1797, #2841, #10233 ),
 ( #6614, #6493, #8515, #7416 ) ),
 .UNSPECIFIED., .F., .F., .F.,
 ( 4, 1, 4 ),
 ( 4, 4 ),
 ( 0.000000000000000000, 0.5000000000000000000, 1.000000000000000000 ),
 ( -0.09984318163540539803, 0.5001568193598699974 ),
 .UNSPECIFIED. ) ;
#6029 = ORIENTED_EDGE ( 'NONE', *, *, #8668, .T. ) ;
#6030 = ORIENTED_EDGE ( 'NONE', *, *, #2255, .T. ) ;
#6031 = EDGE_LOOP ( 'NONE', ( #41, #4757, #8273, #792 ) ) ;
#6032 = EDGE_CURVE ( 'NONE', #11519, #6143, #2976, .T. ) ;
#6033 = CIRCLE ( 'NONE', #9566, 1.849999999999990541 ) ;
#6034 = CARTESIAN_POINT ( 'NONE',  ( 162.9650320565530137, -139.0121078075430034, 70.18169676033350868 ) ) ;
#6035 = EDGE_CURVE ( 'NONE', #10995, #7476, #2004, .T. ) ;
#6036 = ADVANCED_FACE ( 'NONE', ( #2804 ), #3791, .F. ) ;
#6037 = PLANE ( 'NONE',  #11144 ) ;
#6038 = CARTESIAN_POINT ( 'NONE',  ( 134.9643990183209610, -141.3133102775949510, 110.3643345569856109 ) ) ;
#6039 = EDGE_CURVE ( 'NONE', #7374, #3692, #2921, .T. ) ;
#6040 = CARTESIAN_POINT ( 'NONE',  ( 159.6669467343539850, -153.4297640746490003, 71.34999974667979927 ) ) ;
#6041 = VECTOR ( 'NONE', #11751, 1000.000000000000000 ) ;
#6042 = AXIS2_PLACEMENT_3D ( 'NONE', #10183, #2484, #7240 ) ;
#6043 = VERTEX_POINT ( 'NONE', #3732 ) ;
#6044 = DIRECTION ( 'NONE',  ( -3.611935920203930620E-30, 7.253542152952170271E-15, -1.000000000000000000 ) ) ;
#6045 = VERTEX_POINT ( 'NONE', #6695 ) ;
#6046 = DIRECTION ( 'NONE',  ( -2.546950118497010238E-09, 4.333462626452490275E-16, -1.000000000000000000 ) ) ;
#6047 = VERTEX_POINT ( 'NONE', #2865 ) ;
#6048 = ORIENTED_EDGE ( 'NONE', *, *, #982, .F. ) ;
#6049 = CARTESIAN_POINT ( 'NONE',  ( 131.2758638716500172, -134.0832074414951478, 54.32916630688107062 ) ) ;
#6050 = EDGE_CURVE ( 'NONE', #9765, #3584, #4724, .T. ) ;
#6051 = CIRCLE ( 'NONE', #3077, 3.099999999999991651 ) ;
#6052 = CONICAL_SURFACE ( 'NONE', #9395, 9.499999999999998224, 0.7853981633974476129 ) ;
#6053 = ORIENTED_EDGE ( 'NONE', *, *, #524, .T. ) ;
#6054 = EDGE_CURVE ( 'NONE', #5005, #9372, #9738, .T. ) ;
#6055 = CARTESIAN_POINT ( 'NONE',  ( 161.2171133453899756, -138.9297640746490288, 68.99999991151629786 ) ) ;
#6056 = DIRECTION ( 'NONE',  ( 0.008142047127308361248, 5.843279076974509312E-15, -0.9999668529849261578 ) ) ;
#6057 = CARTESIAN_POINT ( 'NONE',  ( 161.2171133453899756, -138.0155505122760076, 67.99999991151629786 ) ) ;
#6058 = DIRECTION ( 'NONE',  ( -5.947210316807140508E-15, -1.000000000000000000, 0.000000000000000000 ) ) ;
#6059 = FACE_OUTER_BOUND ( 'NONE', #9054, .T. ) ;
#6060 = AXIS2_PLACEMENT_3D ( 'NONE', #9052, #11952, #8315 ) ;
#6061 = VERTEX_POINT ( 'NONE', #10316 ) ;
#6062 = VECTOR ( 'NONE', #7456, 1000.000000000000227 ) ;
#6063 = ORIENTED_EDGE ( 'NONE', *, *, #9569, .T. ) ;
#6064 = PLANE ( 'NONE',  #5602 ) ;
#6065 = EDGE_LOOP ( 'NONE', ( #6452, #11619 ) ) ;
#6066 = CARTESIAN_POINT ( 'NONE',  ( 132.9483147851870513, -139.8219473886103401, 67.07506966557707528 ) ) ;
#6067 = EDGE_LOOP ( 'NONE', ( #6354, #9056, #1999, #625 ) ) ;
#6068 = CARTESIAN_POINT ( 'NONE',  ( 132.2171133453900040, -127.4297640746490146, 80.50005035146759269 ) ) ;
#6069 = ORIENTED_EDGE ( 'NONE', *, *, #1135, .T. ) ;
#6070 = EDGE_CURVE ( 'NONE', #2722, #11519, #7003, .T. ) ;
#6071 = CARTESIAN_POINT ( 'NONE',  ( 160.1768364872660015, -140.8297640215119770, 114.2144502228039897 ) ) ;
#6072 = VECTOR ( 'NONE', #11937, 1000.000000000000000 ) ;
#6073 = AXIS2_PLACEMENT_3D ( 'NONE', #846, #3670, #5650 ) ;
#6074 = LINE ( 'NONE', #1388, #7617 ) ;
#6075 = FACE_OUTER_BOUND ( 'NONE', #10713, .T. ) ;
#6076 = DIRECTION ( 'NONE',  ( -1.765285221921220059E-15, -1.000000000000000000, -1.765285221921220059E-15 ) ) ;
#6077 = PRODUCT_RELATED_PRODUCT_CATEGORY ( 'part', '', ( #8571 ) ) ;
#6078 = LINE ( 'NONE', #4282, #5659 ) ;
#6079 = CARTESIAN_POINT ( 'NONE',  ( 120.4171133453900069, -114.6297640215114058, 51.25000000000000000 ) ) ;
#6080 = CARTESIAN_POINT ( 'NONE',  ( 164.2171132778959759, -142.4297640746490003, 76.25002511025350316 ) ) ;
#6081 = AXIS2_PLACEMENT_3D ( 'NONE', #2856, #7606, #10192 ) ;
#6082 = ORIENTED_EDGE ( 'NONE', *, *, #885, .F. ) ;
#6083 = ORIENTED_EDGE ( 'NONE', *, *, #5006, .F. ) ;
#6084 = AXIS2_PLACEMENT_3D ( 'NONE', #1412, #4990, #2266 ) ;
#6085 = CARTESIAN_POINT ( 'NONE',  ( 160.2171133453899756, -140.4297640215119998, 99.26432591814179318 ) ) ;
#6086 = DIRECTION ( 'NONE',  ( -7.166576360129189239E-17, 1.526556658859589750E-16, 1.000000000000000000 ) ) ;
#6087 = VERTEX_POINT ( 'NONE', #10378 ) ;
#6088 = CARTESIAN_POINT ( 'NONE',  ( 132.6106248479624128, -114.4297640215114029, 60.27765112427590566 ) ) ;
#6089 = DIRECTION ( 'NONE',  ( -1.000000000000000000, 0.000000000000000000, 0.000000000000000000 ) ) ;
#6090 = LINE ( 'NONE', #3238, #6953 ) ;
#6091 = CARTESIAN_POINT ( 'NONE',  ( 132.6106248479624128, -120.9297640215114029, 60.27765112427590566 ) ) ;
#6092 = FACE_OUTER_BOUND ( 'NONE', #7548, .T. ) ;
#6093 = ADVANCED_FACE ( 'NONE', ( #1951 ), #5705, .F. ) ;
#6094 = EDGE_CURVE ( 'NONE', #94, #11197, #11727, .T. ) ;
#6095 = VERTEX_POINT ( 'NONE', #4275 ) ;
#6096 = LINE ( 'NONE', #7018, #6665 ) ;
#6097 = ORIENTED_EDGE ( 'NONE', *, *, #3375, .T. ) ;
#6098 = VERTEX_POINT ( 'NONE', #9815 ) ;
#6099 = B_SPLINE_CURVE_WITH_KNOTS ( 'NONE', 3,
 ( #5915, #11578, #306, #11513 ),
 .UNSPECIFIED., .F., .F.,
 ( 4, 4 ),
 ( 0.000000000000000000, 1.000000000000000000 ),
 .UNSPECIFIED. ) ;
#6100 = EDGE_LOOP ( 'NONE', ( #1533, #7493, #10778 ) ) ;
#6101 = CARTESIAN_POINT ( 'NONE',  ( 163.2171218669100199, -139.0115481470539862, 70.70058776900660291 ) ) ;
#6102 =( BOUNDED_CURVE ( )  B_SPLINE_CURVE ( 3, ( #2660, #7174, #5259, #7237 ),
 .UNSPECIFIED., .F., .F. ) 
 B_SPLINE_CURVE_WITH_KNOTS ( ( 4, 4 ),
 ( 4.712388976466110435, 5.838546859729579985 ),
 .UNSPECIFIED. ) 
 CURVE ( )  GEOMETRIC_REPRESENTATION_ITEM ( )  RATIONAL_B_SPLINE_CURVE ( ( 1.000000000000000000, 0.8970770709083950578, 0.8970770709083950578, 1.000000000000000000 ) ) 
 REPRESENTATION_ITEM ( '' )  );
#6103 = DIRECTION ( 'NONE',  ( -7.166576360129189239E-17, 0.000000000000000000, 1.000000000000000000 ) ) ;
#6104 = CARTESIAN_POINT ( 'NONE',  ( 163.2171132912669975, -136.4297640746490288, 81.50005036323310037 ) ) ;
#6105 = CARTESIAN_POINT ( 'NONE',  ( 133.5171131927750139, -148.2297640746490117, 102.0997837512840078 ) ) ;
#6106 = CONICAL_SURFACE ( 'NONE', #5115, 2.549999999999996714, 0.7853981633974419507 ) ;
#6107 = ADVANCED_FACE ( 'NONE', ( #2301 ), #8950, .T. ) ;
#6108 = ORIENTED_EDGE ( 'NONE', *, *, #10324, .T. ) ;
#6109 = DIRECTION ( 'NONE',  ( -1.000000000000000000, 0.000000000000000000, 0.000000000000000000 ) ) ;
#6110 = ORIENTED_EDGE ( 'NONE', *, *, #9673, .F. ) ;
#6111 = CARTESIAN_POINT ( 'NONE',  ( 138.1026044211599810, -140.4297640215119998, 105.3643259181410059 ) ) ;
#6112 = EDGE_CURVE ( 'NONE', #11519, #2722, #1491, .T. ) ;
#6113 = ORIENTED_EDGE ( 'NONE', *, *, #10998, .T. ) ;
#6114 = ORIENTED_EDGE ( 'NONE', *, *, #2755, .T. ) ;
#6115 = EDGE_CURVE ( 'NONE', #6676, #8660, #1387, .T. ) ;
#6116 = PLANE ( 'NONE',  #5295 ) ;
#6117 = ORIENTED_EDGE ( 'NONE', *, *, #9913, .T. ) ;
#6118 = FACE_OUTER_BOUND ( 'NONE', #8870, .T. ) ;
#6119 = DIRECTION ( 'NONE',  ( 4.481387049642885599E-15, 4.481387049642885599E-15, 1.000000000000000000 ) ) ;
#6120 = CARTESIAN_POINT ( 'NONE',  ( 165.2171133453900040, -120.4297640215243916, 57.98985306244389903 ) ) ;
#6121 = FACE_OUTER_BOUND ( 'NONE', #3440, .T. ) ;
#6122 = EDGE_CURVE ( 'NONE', #11656, #2083, #11324, .T. ) ;
#6123 = ORIENTED_EDGE ( 'NONE', *, *, #8964, .F. ) ;
#6124 = ORIENTED_EDGE ( 'NONE', *, *, #3230, .T. ) ;
#6125 = DIRECTION ( 'NONE',  ( 7.823253522621811981E-15, -6.351909800629000000E-14, 1.000000000000000000 ) ) ;
#6126 = EDGE_CURVE ( 'NONE', #11597, #2688, #1322, .T. ) ;
#6127 = VERTEX_POINT ( 'NONE', #6871 ) ;
#6128 = DIRECTION ( 'NONE',  ( 0.000000000000000000, 1.000000000000000000, -1.526556658859589750E-16 ) ) ;
#6129 = EDGE_CURVE ( 'NONE', #4612, #3836, #8565, .T. ) ;
#6130 = ORIENTED_EDGE ( 'NONE', *, *, #774, .T. ) ;
#6131 = DIRECTION ( 'NONE',  ( -1.000000000000000000, 0.000000000000000000, 0.000000000000000000 ) ) ;
#6132 = VECTOR ( 'NONE', #10199, 1000.000000000000000 ) ;
#6133 = DIRECTION ( 'NONE',  ( 0.7071067811865474617, -0.7071067811865474617, -6.121750630779135447E-15 ) ) ;
#6134 = CYLINDRICAL_SURFACE ( 'NONE', #3871, 11.54238125198780729 ) ;
#6135 = DIRECTION ( 'NONE',  ( 2.710392293386709074E-15, 0.7071067811865431318, 0.7071067811865520136 ) ) ;
#6136 = CARTESIAN_POINT ( 'NONE',  ( 135.2171133453900040, -143.4297640215119714, 98.60072084258079883 ) ) ;
#6137 = EDGE_CURVE ( 'NONE', #10732, #3324, #339, .T. ) ;
#6138 = CARTESIAN_POINT ( 'NONE',  ( 132.2171133453900040, -134.4297640746490288, 80.50005035146759269 ) ) ;
#6139 = AXIS2_PLACEMENT_3D ( 'NONE', #2792, #88, #4527 ) ;
#6140 = DIRECTION ( 'NONE',  ( -3.965082230804130614E-15, -1.000000000000000000, 1.074294585136279967E-17 ) ) ;
#6141 = CARTESIAN_POINT ( 'NONE',  ( 162.2171133453900040, -135.4297640746490288, 69.99999991151639733 ) ) ;
#6142 = EDGE_LOOP ( 'NONE', ( #780, #10234, #3270, #2316 ) ) ;
#6143 = VERTEX_POINT ( 'NONE', #7114 ) ;
#6144 = DIRECTION ( 'NONE',  ( 0.8125199200687445167, -0.3365567705907691609, 0.4759631494779753558 ) ) ;
#6145 = DIRECTION ( 'NONE',  ( 0.000000000000000000, -1.000000000000000000, 1.526556658859589750E-16 ) ) ;
#6146 = ORIENTED_EDGE ( 'NONE', *, *, #7990, .F. ) ;
#6147 = AXIS2_PLACEMENT_3D ( 'NONE', #3640, #816, #4573 ) ;
#6148 = AXIS2_PLACEMENT_3D ( 'NONE', #6592, #7628, #2820 ) ;
#6149 = CYLINDRICAL_SURFACE ( 'NONE', #8558, 0.9999999999999852340 ) ;
#6150 = CARTESIAN_POINT ( 'NONE',  ( 121.2171133453899898, -140.4297640215119998, 102.7500000000290044 ) ) ;
#6151 = CARTESIAN_POINT ( 'NONE',  ( 131.8370611282776110, -154.4297640215114882, 49.93727809041600096 ) ) ;
#6152 = CARTESIAN_POINT ( 'NONE',  ( 162.8236018428179932, -114.4297640215112040, 60.27765112427590566 ) ) ;
#6153 = CARTESIAN_POINT ( 'NONE',  ( 163.2171133453900040, -153.4297640746490003, 62.74999974667980496 ) ) ;
#6154 = DIRECTION ( 'NONE',  ( -2.602085030010539554E-17, -1.000000000000000000, -3.135584947714430355E-25 ) ) ;
#6155 = ORIENTED_EDGE ( 'NONE', *, *, #9933, .F. ) ;
#6156 = DIRECTION ( 'NONE',  ( 0.7071067811884500509, -2.761463577148940189E-15, -0.7071067811846449835 ) ) ;
#6157 = CIRCLE ( 'NONE', #842, 3.500000000000003109 ) ;
#6158 = ORIENTED_EDGE ( 'NONE', *, *, #5885, .F. ) ;
#6159 = ORIENTED_EDGE ( 'NONE', *, *, #8930, .F. ) ;
#6160 = EDGE_LOOP ( 'NONE', ( #1498, #9250, #9717, #182 ) ) ;
#6161 = CARTESIAN_POINT ( 'NONE',  ( 132.9122595938530651, -153.4040242241320868, 66.79954996660413258 ) ) ;
#6162 = EDGE_CURVE ( 'NONE', #441, #1615, #3053, .T. ) ;
#6163 = LINE ( 'NONE', #9105, #9376 ) ;
#6164 = VECTOR ( 'NONE', #1599, 1000.000000000000000 ) ;
#6165 = FACE_OUTER_BOUND ( 'NONE', #4862, .T. ) ;
#6166 = CARTESIAN_POINT ( 'NONE',  ( 161.2171133453899756, -138.0155505122760076, 68.99999991151629786 ) ) ;
#6167 =( NAMED_UNIT ( * ) PLANE_ANGLE_UNIT ( ) SI_UNIT ( $, .RADIAN. ) );
#6168 = ORIENTED_EDGE ( 'NONE', *, *, #11501, .F. ) ;
#6169 = CARTESIAN_POINT ( 'NONE',  ( 132.8268364872670020, -145.4297640215119714, 114.2143259181419950 ) ) ;
#6170 = EDGE_LOOP ( 'NONE', ( #10581, #3727, #927, #6108 ) ) ;
#6171 = CARTESIAN_POINT ( 'NONE',  ( 175.2171132998459768, -140.4297640215119998, 100.7500000000290044 ) ) ;
#6172 = ORIENTED_EDGE ( 'NONE', *, *, #6348, .T. ) ;
#6173 = CIRCLE ( 'NONE', #4598, 0.5899999999999873124 ) ;
#6174 = ORIENTED_EDGE ( 'NONE', *, *, #6137, .F. ) ;
#6175 = CARTESIAN_POINT ( 'NONE',  ( 132.2171104391059941, -141.6950118694720118, 69.26572036788189735 ) ) ;
#6176 = EDGE_CURVE ( 'NONE', #3011, #5300, #5942, .T. ) ;
#6177 = VERTEX_POINT ( 'NONE', #8030 ) ;
#6178 = CARTESIAN_POINT ( 'NONE',  ( 167.9954836606061690, -145.9943140389212886, 51.91664625081953943 ) ) ;
#6179 = CARTESIAN_POINT ( 'NONE',  ( 120.2171133453899898, -149.4297640746490003, 103.7500000343879947 ) ) ;
#6180 = ADVANCED_FACE ( 'NONE', ( #3158 ), #10804, .T. ) ;
#6181 = VECTOR ( 'NONE', #6813, 1000.000000000000114 ) ;
#6182 = CARTESIAN_POINT ( 'NONE',  ( 124.1173371655501256, -121.1623325320954478, 54.37670245577370309 ) ) ;
#6183 = DIRECTION ( 'NONE',  ( 1.000000000000000000, -5.947210316807140508E-15, 7.166576360129279219E-17 ) ) ;
#6184 = ORIENTED_EDGE ( 'NONE', *, *, #11694, .F. ) ;
#6185 = ORIENTED_EDGE ( 'NONE', *, *, #11674, .T. ) ;
#6186 = FACE_OUTER_BOUND ( 'NONE', #10447, .T. ) ;
#6187 = ORIENTED_EDGE ( 'NONE', *, *, #11013, .F. ) ;
#6188 = CARTESIAN_POINT ( 'NONE',  ( 161.3609865296440091, -142.0836371704279770, 93.86432591814050852 ) ) ;
#6189 = DIRECTION ( 'NONE',  ( 0.000000000000000000, -1.000000000000000000, -3.233485681020080374E-15 ) ) ;
#6190 = AXIS2_PLACEMENT_3D ( 'NONE', #6057, #9802, #10972 ) ;
#6191 = CARTESIAN_POINT ( 'NONE',  ( 131.6656350885872087, -114.4297640215114029, 50.66271862838299711 ) ) ;
#6192 = EDGE_CURVE ( 'NONE', #1419, #7000, #10738, .T. ) ;
#6193 = CARTESIAN_POINT ( 'NONE',  ( 163.2171133453904872, -117.4297640215112040, 57.82508929917659657 ) ) ;
#6194 = DIRECTION ( 'NONE',  ( 0.7071067811865470176, 0.7071067811865480168, 8.659560503864239534E-17 ) ) ;
#6195 = EDGE_CURVE ( 'NONE', #805, #8134, #1848, .T. ) ;
#6196 = CARTESIAN_POINT ( 'NONE',  ( 155.4671133340039830, -140.4297640215119998, 99.26432591814179318 ) ) ;
#6197 = VECTOR ( 'NONE', #5179, 1000.000000000000000 ) ;
#6198 = EDGE_CURVE ( 'NONE', #9762, #11656, #6002, .T. ) ;
#6199 = CARTESIAN_POINT ( 'NONE',  ( 139.0508396144400933, -144.9506206253851985, 105.6821430733101153 ) ) ;
#6200 = CARTESIAN_POINT ( 'NONE',  ( 163.2171133453900040, -152.4297640746490003, 75.35358135287509640 ) ) ;
#6201 = FACE_OUTER_BOUND ( 'NONE', #6360, .T. ) ;
#6202 = CARTESIAN_POINT ( 'NONE',  ( 135.2171131927750309, -148.4297640746490003, 103.7997837512839965 ) ) ;
#6203 = ORIENTED_EDGE ( 'NONE', *, *, #4345, .F. ) ;
#6204 = ORIENTED_EDGE ( 'NONE', *, *, #4732, .F. ) ;
#6205 = CARTESIAN_POINT ( 'NONE',  ( 128.2171133453899756, -148.4297640215245906, 58.25000000000000000 ) ) ;
#6206 = ORIENTED_EDGE ( 'NONE', *, *, #6503, .T. ) ;
#6207 = ORIENTED_EDGE ( 'NONE', *, *, #928, .T. ) ;
#6208 = COLOUR_RGB ( '',0.1882352941176470562, 0.2313725490196078538, 0.5882352941176470784 ) ;
#6209 = EDGE_CURVE ( 'NONE', #5724, #8659, #7590, .T. ) ;
#6210 = CARTESIAN_POINT ( 'NONE',  ( 162.9010615679829357, -123.1146786551666992, 62.78153614753309597 ) ) ;
#6211 = CARTESIAN_POINT ( 'NONE',  ( 147.7171133453900040, -119.4297640215114029, 55.55305139829859939 ) ) ;
#6212 = DIRECTION ( 'NONE',  ( 6.530684869152344267E-15, 0.000000000000000000, 1.000000000000000000 ) ) ;
#6213 = LINE ( 'NONE', #4415, #10186 ) ;
#6214 = SPHERICAL_SURFACE ( 'NONE', #1462, 1.000000000000000000 ) ;
#6215 = CARTESIAN_POINT ( 'NONE',  ( 161.5403828798859820, -154.4297640746490003, 113.1542220326149959 ) ) ;
#6216 = VECTOR ( 'NONE', #42, 1000.000000000000000 ) ;
#6217 = VERTEX_POINT ( 'NONE', #10860 ) ;
#6218 = AXIS2_PLACEMENT_3D ( 'NONE', #12170, #1816, #3729 ) ;
#6219 = DIRECTION ( 'NONE',  ( -1.504056274950594933E-15, -1.000000000000000000, -1.504056274950594933E-15 ) ) ;
#6220 = ORIENTED_EDGE ( 'NONE', *, *, #10703, .T. ) ;
#6221 = EDGE_LOOP ( 'NONE', ( #1471, #7276, #535, #7692, #425 ) ) ;
#6222 = ORIENTED_EDGE ( 'NONE', *, *, #1869, .F. ) ;
#6223 = CARTESIAN_POINT ( 'NONE',  ( 132.5102147262684014, -139.0155507849648018, 66.70690371732840163 ) ) ;
#6224 = CARTESIAN_POINT ( 'NONE',  ( 130.1106248479624128, -117.4297640215114029, 62.75000000000000000 ) ) ;
#6225 = CARTESIAN_POINT ( 'NONE',  ( 162.7869851446800169, -140.7217757534706664, 67.38932145707991594 ) ) ;
#6226 = CARTESIAN_POINT ( 'NONE',  ( 133.5861457004557451, -122.4139844161329620, 57.97509875303570936 ) ) ;
#6227 = FACE_OUTER_BOUND ( 'NONE', #183, .T. ) ;
#6228 = SURFACE_STYLE_FILL_AREA ( #8988 ) ;
#6229 = ORIENTED_EDGE ( 'NONE', *, *, #3395, .F. ) ;
#6230 = CARTESIAN_POINT ( 'NONE',  ( 132.6248169134119905, -148.2297640746490117, 105.4997837512840135 ) ) ;
#6231 = EDGE_CURVE ( 'NONE', #1796, #11972, #2362, .T. ) ;
#6232 = ORIENTED_EDGE ( 'NONE', *, *, #7824, .F. ) ;
#6233 = AXIS2_PLACEMENT_3D ( 'NONE', #2847, #4709, #1932 ) ;
#6234 = DIRECTION ( 'NONE',  ( -8.938489473110520229E-17, -1.000000000000000000, 8.906163854055228964E-17 ) ) ;
#6235 = VERTEX_POINT ( 'NONE', #1443 ) ;
#6236 = ORIENTED_EDGE ( 'NONE', *, *, #2414, .F. ) ;
#6237 = CARTESIAN_POINT ( 'NONE',  ( 164.2171132435119887, -154.4297640746490003, 62.74999974667980496 ) ) ;
#6238 = EDGE_LOOP ( 'NONE', ( #7555, #4223, #8765, #10473 ) ) ;
#6239 = FACE_OUTER_BOUND ( 'NONE', #9446, .T. ) ;
#6240 = CARTESIAN_POINT ( 'NONE',  ( 162.3729030381670100, -139.4894203444350183, 67.00002387391050718 ) ) ;
#6241 = CIRCLE ( 'NONE', #9965, 0.5899999999999971934 ) ;
#6242 = CARTESIAN_POINT ( 'NONE',  ( 172.0434699850750349, -149.0855786274002810, 54.11936466951027569 ) ) ;
#6243 = CARTESIAN_POINT ( 'NONE',  ( 135.2171133453900040, -127.9297640746490146, 68.99999991151649681 ) ) ;
#6244 = CARTESIAN_POINT ( 'NONE',  ( 162.2171133453900040, -135.4297640746490288, 81.87502511535329575 ) ) ;
#6245 = EDGE_CURVE ( 'NONE', #10129, #11661, #5200, .T. ) ;
#6246 = ADVANCED_FACE ( 'NONE', ( #584 ), #11103, .T. ) ;
#6247 = ORIENTED_EDGE ( 'NONE', *, *, #697, .T. ) ;
#6248 = VERTEX_POINT ( 'NONE', #5324 ) ;
#6249 = CARTESIAN_POINT ( 'NONE',  ( 134.5594083207459732, -140.5614092696509942, 111.3643622578470058 ) ) ;
#6250 = VECTOR ( 'NONE', #1576, 1000.000000000000000 ) ;
#6251 = ORIENTED_EDGE ( 'NONE', *, *, #7765, .F. ) ;
#6252 = CARTESIAN_POINT ( 'NONE',  ( 132.3305152653383061, -123.3165902313097462, 62.76316553121365160 ) ) ;
#6253 = AXIS2_PLACEMENT_3D ( 'NONE', #1060, #8637, #11350 ) ;
#6254 = CARTESIAN_POINT ( 'NONE',  ( 138.8084291191469788, -140.7239393235249736, 106.0727124621350157 ) ) ;
#6255 = DIRECTION ( 'NONE',  ( -3.480590576041360211E-15, -1.000000000000000000, 1.074295325692379890E-17 ) ) ;
#6256 = DIRECTION ( 'NONE',  ( 0.9513277913954432119, 2.207159507891655087E-15, -0.3081808451521089731 ) ) ;
#6257 = CARTESIAN_POINT ( 'NONE',  ( 163.1087258513479981, -148.4297640215245906, 62.66078637172618926 ) ) ;
#6258 = AXIS2_PLACEMENT_3D ( 'NONE', #4078, #7661, #7841 ) ;
#6259 = LINE ( 'NONE', #10806, #5387 ) ;
#6260 = AXIS2_PLACEMENT_3D ( 'NONE', #1489, #10661, #5927 ) ;
#6261 = DIRECTION ( 'NONE',  ( 0.5735764363510417185, -0.8191520442889947962, -6.082239591783711614E-15 ) ) ;
#6262 = DIRECTION ( 'NONE',  ( 1.000000000000000000, -3.614519216330880483E-15, -8.125761577746330715E-13 ) ) ;
#6263 = EDGE_CURVE ( 'NONE', #6713, #2571, #2662, .T. ) ;
#6264 = DIRECTION ( 'NONE',  ( -0.8125199200687275303, -0.3365567705908014129, 0.4759631494779816840 ) ) ;
#6265 = CARTESIAN_POINT ( 'NONE',  ( 131.9466248479558033, -148.9298859776444033, 50.25265112427409520 ) ) ;
#6266 = EDGE_CURVE ( 'NONE', #271, #1755, #6377, .T. ) ;
#6267 = ORIENTED_EDGE ( 'NONE', *, *, #11682, .F. ) ;
#6268 = ORIENTED_EDGE ( 'NONE', *, *, #1855, .F. ) ;
#6269 = CARTESIAN_POINT ( 'NONE',  ( 161.2171133453899756, -138.0155505122760076, 68.99999991151629786 ) ) ;
#6270 = EDGE_CURVE ( 'NONE', #3836, #673, #8216, .T. ) ;
#6271 = CARTESIAN_POINT ( 'NONE',  ( 132.5100065642033940, -135.1368708558355820, 70.29289313032991515 ) ) ;
#6272 = ORIENTED_EDGE ( 'NONE', *, *, #3540, .T. ) ;
#6273 = VECTOR ( 'NONE', #164, 1000.000000000000000 ) ;
#6274 = EDGE_CURVE ( 'NONE', #123, #3553, #6022, .T. ) ;
#6275 = FACE_OUTER_BOUND ( 'NONE', #1563, .T. ) ;
#6276 = DIRECTION ( 'NONE',  ( -9.644381700046828834E-17, 1.000000000000000000, -2.327875578288750051E-16 ) ) ;
#6277 = CARTESIAN_POINT ( 'NONE',  ( 163.2171133453900040, -153.4297640746490003, 62.74999974667980496 ) ) ;
#6278 = ADVANCED_FACE ( 'NONE', ( #9257 ), #5388, .F. ) ;
#6279 = CARTESIAN_POINT ( 'NONE',  ( 163.0571133453900075, -152.9723504732990307, 67.14091634279270693 ) ) ;
#6280 = CARTESIAN_POINT ( 'NONE',  ( 162.3677708826299977, -132.8294214697000086, 53.47602185630480420 ) ) ;
#6281 = LINE ( 'NONE', #2624, #1346 ) ;
#6282 = AXIS2_PLACEMENT_3D ( 'NONE', #3473, #715, #9883 ) ;
#6283 = CARTESIAN_POINT ( 'NONE',  ( 163.2171133453900040, -153.4297640746490003, 98.70216526821819514 ) ) ;
#6284 = ADVANCED_FACE ( 'NONE', ( #2483 ), #3649, .F. ) ;
#6285 = ORIENTED_EDGE ( 'NONE', *, *, #7509, .T. ) ;
#6286 = EDGE_LOOP ( 'NONE', ( #8022, #93, #2416, #9837 ) ) ;
#6287 = EDGE_CURVE ( 'NONE', #10391, #2995, #6716, .T. ) ;
#6288 = VERTEX_POINT ( 'NONE', #9194 ) ;
#6289 = CARTESIAN_POINT ( 'NONE',  ( 132.2171133453900040, -152.4297640746490003, 59.04999999999999716 ) ) ;
#6290 = LINE ( 'NONE', #6852, #6164 ) ;
#6291 = AXIS2_PLACEMENT_3D ( 'NONE', #6718, #8384, #4748 ) ;
#6292 = CARTESIAN_POINT ( 'NONE',  ( 138.8097112023463922, -140.7226572403253897, 106.0714326993276018 ) ) ;
#6293 = DIRECTION ( 'NONE',  ( 0.000000000000000000, -1.000000000000000000, -6.573933234426810631E-15 ) ) ;
#6294 = CARTESIAN_POINT ( 'NONE',  ( 162.4858744474548757, -153.4297640746490003, 98.69951597857578918 ) ) ;
#6295 =( LENGTH_UNIT ( ) NAMED_UNIT ( * ) SI_UNIT ( .MILLI., .METRE. ) );
#6296 = EDGE_LOOP ( 'NONE', ( #793, #1191, #5075, #470 ) ) ;
#6297 = CARTESIAN_POINT ( 'NONE',  ( 139.0808602281299784, -145.0410161182439879, 111.3678216031710093 ) ) ;
#6298 = EDGE_CURVE ( 'NONE', #993, #7800, #5629, .T. ) ;
#6299 = ORIENTED_EDGE ( 'NONE', *, *, #2785, .T. ) ;
#6300 = CARTESIAN_POINT ( 'NONE',  ( 132.5057971757114785, -153.1334725532986738, 67.12701421695338411 ) ) ;
#6301 = VERTEX_POINT ( 'NONE', #2727 ) ;
#6302 = ORIENTED_EDGE ( 'NONE', *, *, #2905, .T. ) ;
#6303 = DIRECTION ( 'NONE',  ( 3.386353399394419756E-16, -1.000000000000000000, -6.503570184326940775E-15 ) ) ;
#6304 = VERTEX_POINT ( 'NONE', #12034 ) ;
#6305 = VECTOR ( 'NONE', #5139, 1000.000000000000000 ) ;
#6306 = LINE ( 'NONE', #1674, #3452 ) ;
#6307 = CARTESIAN_POINT ( 'NONE',  ( 162.4389765343310046, -139.0123066669160039, 67.00080478523059924 ) ) ;
#6308 = DIRECTION ( 'NONE',  ( 0.000000000000000000, -1.000000000000000000, 1.526556658859589750E-16 ) ) ;
#6309 = ORIENTED_EDGE ( 'NONE', *, *, #7782, .F. ) ;
#6310 = CARTESIAN_POINT ( 'NONE',  ( 163.2171133453900040, -141.0252566916440173, 93.86432591814070747 ) ) ;
#6311 = ORIENTED_EDGE ( 'NONE', *, *, #4138, .T. ) ;
#6312 = LINE ( 'NONE', #9190, #8185 ) ;
#6313 = CARTESIAN_POINT ( 'NONE',  ( 138.7892202435220099, -144.5523119641324001, 110.6585198368747882 ) ) ;
#6314 = FACE_OUTER_BOUND ( 'NONE', #6972, .T. ) ;
#6315 = EDGE_CURVE ( 'NONE', #7406, #684, #6498, .T. ) ;
#6316 = CARTESIAN_POINT ( 'NONE',  ( 162.9240112760539887, -139.0155507851639811, 70.29309677783101051 ) ) ;
#6317 = EDGE_CURVE ( 'NONE', #4803, #4514, #4524, .T. ) ;
#6318 = CARTESIAN_POINT ( 'NONE',  ( 162.8379799984226679, -140.8779012514982583, 69.49647835940068319 ) ) ;
#6319 = CARTESIAN_POINT ( 'NONE',  ( 160.2171133453899756, -119.4297640746489861, 96.26432591814179318 ) ) ;
#6320 = CARTESIAN_POINT ( 'NONE',  ( 132.3785352116514105, -133.3111086570584121, 51.49588092830069996 ) ) ;
#6321 = DIRECTION ( 'NONE',  ( -8.933825901280388903E-17, -1.000000000000000000, 8.933825901280388903E-17 ) ) ;
#6322 = CARTESIAN_POINT ( 'NONE',  ( 135.2171131927750309, -148.0297640746490231, 103.7997837512839965 ) ) ;
#6323 = DIRECTION ( 'NONE',  ( 0.000000000000000000, 1.000000000000000000, -1.526556658859589750E-16 ) ) ;
#6324 = ORIENTED_EDGE ( 'NONE', *, *, #6209, .T. ) ;
#6325 = EDGE_LOOP ( 'NONE', ( #11523, #4795, #6945, #11717, #7473 ) ) ;
#6326 = DIRECTION ( 'NONE',  ( 0.7071067811865474617, -0.7071067811865474617, -6.121750630779205656E-15 ) ) ;
#6327 = PLANE ( 'NONE',  #424 ) ;
#6328 = EDGE_LOOP ( 'NONE', ( #11086, #7078 ) ) ;
#6329 = TOROIDAL_SURFACE ( 'NONE', #9242, 0.9000000000000000222, 0.5999999999999999778 ) ;
#6330 = DIRECTION ( 'NONE',  ( 1.000000000000000000, 0.000000000000000000, 0.000000000000000000 ) ) ;
#6331 = EDGE_CURVE ( 'NONE', #9326, #1832, #10736, .T. ) ;
#6332 = CARTESIAN_POINT ( 'NONE',  ( 159.6669467343539850, -153.4297640746490003, 71.34999974667979927 ) ) ;
#6333 = CYLINDRICAL_SURFACE ( 'NONE', #10284, 11.54238125198780729 ) ;
#6334 = VECTOR ( 'NONE', #3733, 1000.000000000000000 ) ;
#6335 = DIRECTION ( 'NONE',  ( 0.000000000000000000, -1.000000000000000000, -6.573933234426810631E-15 ) ) ;
#6336 = EDGE_CURVE ( 'NONE', #2401, #11438, #2661, .T. ) ;
#6337 = DIRECTION ( 'NONE',  ( 1.070962509852529942E-16, -1.526556658859589750E-16, -1.000000000000000000 ) ) ;
#6338 = DIRECTION ( 'NONE',  ( -1.745666764649140125E-15, -1.000000000000000000, 1.745666764649140125E-15 ) ) ;
#6339 = CYLINDRICAL_SURFACE ( 'NONE', #6470, 24.75049366970480236 ) ;
#6340 = ORIENTED_EDGE ( 'NONE', *, *, #5299, .T. ) ;
#6341 = ORIENTED_EDGE ( 'NONE', *, *, #8826, .F. ) ;
#6342 = EDGE_LOOP ( 'NONE', ( #11319, #320, #4890, #7579 ) ) ;
#6343 = AXIS2_PLACEMENT_3D ( 'NONE', #4713, #30, #5991 ) ;
#6344 = CIRCLE ( 'NONE', #6148, 2.349999999999990763 ) ;
#6345 = VECTOR ( 'NONE', #6900, 1000.000000000000000 ) ;
#6346 = CARTESIAN_POINT ( 'NONE',  ( 132.6951290951602118, -139.0155505122760076, 66.89222786538941534 ) ) ;
#6347 = SURFACE_STYLE_FILL_AREA ( #8366 ) ;
#6348 = EDGE_CURVE ( 'NONE', #3057, #5574, #3527, .T. ) ;
#6349 = DIRECTION ( 'NONE',  ( 0.000000000000000000, -1.000000000000000000, 1.662515506103064860E-16 ) ) ;
#6350 = DIRECTION ( 'NONE',  ( -2.602085213964869829E-17, -1.000000000000000000, 1.526556658859589750E-16 ) ) ;
#6351 = CARTESIAN_POINT ( 'NONE',  ( 135.1768364872669963, -140.4297640215119998, 114.2143259181419950 ) ) ;
#6352 = EDGE_CURVE ( 'NONE', #3503, #2751, #10241, .T. ) ;
#6353 = VECTOR ( 'NONE', #938, 1000.000000000000000 ) ;
#6355 = ADVANCED_FACE ( 'NONE', ( #10001 ), #7239, .T. ) ;
#6354 = ORIENTED_EDGE ( 'NONE', *, *, #11502, .T. ) ;
#6356 = CARTESIAN_POINT ( 'NONE',  ( 172.9876829198614985, -148.7574248392400023, 58.25000000000000000 ) ) ;
#6357 = ORIENTED_EDGE ( 'NONE', *, *, #4730, .T. ) ;
#6358 = CARTESIAN_POINT ( 'NONE',  ( 161.9171131927750196, -148.2297640746490117, 102.0997837512840078 ) ) ;
#6359 = VERTEX_POINT ( 'NONE', #3020 ) ;
#6360 = EDGE_LOOP ( 'NONE', ( #9963, #1664, #2249, #8647 ) ) ;
#6361 = CARTESIAN_POINT ( 'NONE',  ( 120.2171133453899898, -114.8297640215111954, 51.25000000000000000 ) ) ;
#6362 = AXIS2_PLACEMENT_3D ( 'NONE', #3117, #290, #4977 ) ;
#6363 = VERTEX_POINT ( 'NONE', #10362 ) ;
#6364 = EDGE_CURVE ( 'NONE', #1742, #1922, #11230, .T. ) ;
#6365 = LINE ( 'NONE', #7158, #7794 ) ;
#6366 = CARTESIAN_POINT ( 'NONE',  ( 132.2171133453900040, -119.4297640746489861, 80.50005035146759269 ) ) ;
#6367 = CARTESIAN_POINT ( 'NONE',  ( 169.3163481851049710, -148.9923830343241207, 51.79984164941690494 ) ) ;
#6368 = LINE ( 'NONE', #10112, #4001 ) ;
#6369 = CARTESIAN_POINT ( 'NONE',  ( 132.6106248479624128, -117.6297640215114058, 60.27765112427590566 ) ) ;
#6370 = CIRCLE ( 'NONE', #252, 0.5899999999999873124 ) ;
#6371 = VERTEX_POINT ( 'NONE', #10482 ) ;
#6372 = FACE_OUTER_BOUND ( 'NONE', #5124, .T. ) ;
#6373 = ORIENTED_EDGE ( 'NONE', *, *, #6876, .F. ) ;
#6374 = FACE_OUTER_BOUND ( 'NONE', #3474, .T. ) ;
#6375 = CARTESIAN_POINT ( 'NONE',  ( 162.6399203444899797, -144.9297640746490003, 66.96810934369278812 ) ) ;
#6376 = VECTOR ( 'NONE', #464, 1000.000000000000000 ) ;
#6377 = LINE ( 'NONE', #1804, #5819 ) ;
#6378 = FACE_OUTER_BOUND ( 'NONE', #10590, .T. ) ;
#6379 = LINE ( 'NONE', #9318, #666 ) ;
#6380 = CARTESIAN_POINT ( 'NONE',  ( 132.2171133453900040, -119.4297640746489861, 71.99999991151649681 ) ) ;
#6381 = DIRECTION ( 'NONE',  ( -3.683226109728400325E-15, -1.000000000000000000, 1.526556644979159836E-16 ) ) ;
#6382 = CARTESIAN_POINT ( 'NONE',  ( 162.4717730058417544, -153.4251551422348427, 66.63460695224854646 ) ) ;
#6383 = LINE ( 'NONE', #3409, #4899 ) ;
#6384 = AXIS2_PLACEMENT_3D ( 'NONE', #142, #2908, #6682 ) ;
#6385 = EDGE_CURVE ( 'NONE', #3906, #5363, #2904, .T. ) ;
#6386 = VERTEX_POINT ( 'NONE', #199 ) ;
#6387 = ORIENTED_EDGE ( 'NONE', *, *, #7698, .T. ) ;
#6388 = CARTESIAN_POINT ( 'NONE',  ( 130.1106248479624128, -114.4297640215114029, 60.17765112427590424 ) ) ;
#6389 = DIRECTION ( 'NONE',  ( 0.000000000000000000, 6.573933234426810631E-15, -1.000000000000000000 ) ) ;
#6390 = ORIENTED_EDGE ( 'NONE', *, *, #11129, .T. ) ;
#6391 = CARTESIAN_POINT ( 'NONE',  ( 133.4132901639879947, -147.1833324234449947, 54.47436513418849557 ) ) ;
#6392 = DIRECTION ( 'NONE',  ( -0.5951893636155756173, 7.213999003242654818E-15, -0.8035854786137478500 ) ) ;
#6393 = DIRECTION ( 'NONE',  ( 1.000000000000000000, -3.160768215787150073E-15, -6.530684869152340322E-15 ) ) ;
#6394 = DIRECTION ( 'NONE',  ( -0.7071067811865489050, -0.7071067811865460184, 2.572787426808170379E-15 ) ) ;
#6395 = FACE_OUTER_BOUND ( 'NONE', #10393, .T. ) ;
#6396 = FACE_BOUND ( 'NONE', #1453, .T. ) ;
#6397 = FACE_OUTER_BOUND ( 'NONE', #7106, .T. ) ;
#6398 = ADVANCED_FACE ( 'NONE', ( #9377 ), #83, .F. ) ;
#6399 = ORIENTED_EDGE ( 'NONE', *, *, #6050, .F. ) ;
#6400 = VERTEX_POINT ( 'NONE', #884 ) ;
#6401 = VECTOR ( 'NONE', #11036, 1000.000000000000000 ) ;
#6402 = ORIENTED_EDGE ( 'NONE', *, *, #5060, .F. ) ;
#6403 = ADVANCED_FACE ( 'NONE', ( #947 ), #3889, .T. ) ;
#6404 = LINE ( 'NONE', #3370, #11339 ) ;
#6405 = CARTESIAN_POINT ( 'NONE',  ( 162.8236018428179932, -114.8297640215111954, 60.17765112427590424 ) ) ;
#6406 = AXIS2_PLACEMENT_3D ( 'NONE', #4600, #5584, #11929 ) ;
#6407 = ORIENTED_EDGE ( 'NONE', *, *, #2238, .F. ) ;
#6408 = DIRECTION ( 'NONE',  ( -3.683226109728400325E-15, -1.000000000000000000, 1.526556658859589750E-16 ) ) ;
#6409 = EDGE_CURVE ( 'NONE', #442, #10828, #4822, .T. ) ;
#6410 = VERTEX_POINT ( 'NONE', #9552 ) ;
#6411 = DIRECTION ( 'NONE',  ( -3.854941057726240267E-15, -1.000000000000000000, 1.074295325692379890E-17 ) ) ;
#6412 = EDGE_CURVE ( 'NONE', #11519, #12183, #11408, .T. ) ;
#6413 = ORIENTED_EDGE ( 'NONE', *, *, #11306, .T. ) ;
#6414 = ORIENTED_EDGE ( 'NONE', *, *, #11489, .T. ) ;
#6415 = VECTOR ( 'NONE', #3629, 1000.000000000000000 ) ;
#6416 = EDGE_CURVE ( 'NONE', #6410, #1818, #10424, .T. ) ;
#6417 = LINE ( 'NONE', #3510, #5884 ) ;
#6418 = ORIENTED_EDGE ( 'NONE', *, *, #12087, .F. ) ;
#6419 = EDGE_CURVE ( 'NONE', #11605, #1668, #2472, .T. ) ;
#6420 = DIRECTION ( 'NONE',  ( 0.000000000000000000, -1.000000000000000000, 1.526556658859589750E-16 ) ) ;
#6421 = DIRECTION ( 'NONE',  ( -8.821935685527880394E-15, -2.548831402726949997E-09, -1.000000000000000000 ) ) ;
#6422 = CARTESIAN_POINT ( 'NONE',  ( 130.1106248479624128, -114.8297640215114086, 60.17765112427590424 ) ) ;
#6423 = CARTESIAN_POINT ( 'NONE',  ( 162.4607834631735841, -139.7468433710109537, 69.93881432962950839 ) ) ;
#6424 = AXIS2_PLACEMENT_3D ( 'NONE', #2545, #5804, #11292 ) ;
#6425 =( BOUNDED_CURVE ( )  B_SPLINE_CURVE ( 3, ( #8600, #6584, #7503, #2812 ),
 .UNSPECIFIED., .F., .F. ) 
 B_SPLINE_CURVE_WITH_KNOTS ( ( 4, 4 ),
 ( 4.719147851734369681, 5.349890256905269759 ),
 .UNSPECIFIED. ) 
 CURVE ( )  GEOMETRIC_REPRESENTATION_ITEM ( )  RATIONAL_B_SPLINE_CURVE ( ( 1.000000000000000000, 0.9671208724905309140, 0.9671208724905309140, 1.000000000000000000 ) ) 
 REPRESENTATION_ITEM ( '' )  );
#6426 =( GEOMETRIC_REPRESENTATION_CONTEXT ( 3 ) GLOBAL_UNCERTAINTY_ASSIGNED_CONTEXT ( ( #8171 ) ) GLOBAL_UNIT_ASSIGNED_CONTEXT ( ( #12012, #6167, #4495 ) ) REPRESENTATION_CONTEXT ( 'NONE', 'WORKASPACE' ) );
#6427 = CARTESIAN_POINT ( 'NONE',  ( 138.9500043627774062, -144.7422067719859911, 110.8486056437764944 ) ) ;
#6428 = EDGE_LOOP ( 'NONE', ( #394, #3124, #6053, #2355, #1831 ) ) ;
#6429 = DIRECTION ( 'NONE',  ( -1.000000000000000000, 2.602085213964869829E-17, -7.166576360129189239E-17 ) ) ;
#6430 = EDGE_CURVE ( 'NONE', #2148, #2795, #2046, .T. ) ;
#6431 = ORIENTED_EDGE ( 'NONE', *, *, #4976, .T. ) ;
#6432 = DIRECTION ( 'NONE',  ( 5.947210316807140508E-15, 1.000000000000000000, -1.526556658859829860E-16 ) ) ;
#6433 = ADVANCED_FACE ( 'NONE', ( #26 ), #4883, .T. ) ;
#6434 = CARTESIAN_POINT ( 'NONE',  ( 138.8088568665366438, -140.7235115761350528, 106.0722862616730851 ) ) ;
#6435 = DIRECTION ( 'NONE',  ( 0.000000000000000000, -1.000000000000000000, 1.526556658859589750E-16 ) ) ;
#6436 = VECTOR ( 'NONE', #4695, 1000.000000000000000 ) ;
#6437 = DIRECTION ( 'NONE',  ( 0.000000000000000000, -1.526556658859589750E-16, -1.000000000000000000 ) ) ;
#6438 = CARTESIAN_POINT ( 'NONE',  ( 136.1709414424169893, -143.3651222717169844, 110.4189211691209920 ) ) ;
#6439 = CARTESIAN_POINT ( 'NONE',  ( 135.1115405363898958, -138.0155505122760076, 67.55278631601652251 ) ) ;
#6440 = PLANE ( 'NONE',  #3176 ) ;
#6441 = LINE ( 'NONE', #10189, #8605 ) ;
#6442 = CIRCLE ( 'NONE', #8005, 0.9999999999999964473 ) ;
#6443 = EDGE_LOOP ( 'NONE', ( #6466, #779, #3182, #9322, #9850, #8439, #8828, #1351, #12107 ) ) ;
#6444 = CIRCLE ( 'NONE', #11942, 1.450000000000006839 ) ;
#6445 = CARTESIAN_POINT ( 'NONE',  ( 121.1489955666119869, -140.4297640215119998, 108.6871770333520004 ) ) ;
#6446 = CARTESIAN_POINT ( 'NONE',  ( 133.2171133453900040, -119.4297640746489861, 66.99999991151649681 ) ) ;
#6447 = EDGE_CURVE ( 'NONE', #10194, #10515, #5626, .T. ) ;
#6448 = ORIENTED_EDGE ( 'NONE', *, *, #11463, .T. ) ;
#6449 = ORIENTED_EDGE ( 'NONE', *, *, #9409, .T. ) ;
#6450 = CARTESIAN_POINT ( 'NONE',  ( 125.4555982874533981, -146.6504621838786022, 53.38549640900530591 ) ) ;
#6451 = FACE_OUTER_BOUND ( 'NONE', #152, .T. ) ;
#6452 = ORIENTED_EDGE ( 'NONE', *, *, #8088, .F. ) ;
#6453 = LINE ( 'NONE', #9273, #12113 ) ;
#6454 = AXIS2_PLACEMENT_3D ( 'NONE', #8300, #4670, #9281 ) ;
#6455 = CIRCLE ( 'NONE', #3090, 3.099999999999991651 ) ;
#6456 = CARTESIAN_POINT ( 'NONE',  ( 175.2171133453905156, -134.4379126611370054, 62.75000000000000000 ) ) ;
#6457 = FACE_OUTER_BOUND ( 'NONE', #8452, .T. ) ;
#6458 = CARTESIAN_POINT ( 'NONE',  ( 175.2171133453905156, -154.4460613007630059, 43.25000000000059686 ) ) ;
#6459 = FACE_OUTER_BOUND ( 'NONE', #5656, .T. ) ;
#6460 = CARTESIAN_POINT ( 'NONE',  ( 132.9501407977084000, -139.8164759700137267, 69.92598537738692244 ) ) ;
#6461 = CARTESIAN_POINT ( 'NONE',  ( 133.2171133453900040, -136.4297640746490288, 69.99999991151649681 ) ) ;
#6462 = AXIS2_PLACEMENT_3D ( 'NONE', #6658, #3749, #9531 ) ;
#6463 = ORIENTED_EDGE ( 'NONE', *, *, #2240, .T. ) ;
#6464 = ORIENTED_EDGE ( 'NONE', *, *, #9409, .F. ) ;
#6465 = VECTOR ( 'NONE', #9907, 1000.000000000000000 ) ;
#6466 = ORIENTED_EDGE ( 'NONE', *, *, #2877, .T. ) ;
#6467 = CARTESIAN_POINT ( 'NONE',  ( 160.2171133453899756, -136.4297640746490288, 82.74999987335620233 ) ) ;
#6468 = EDGE_CURVE ( 'NONE', #1179, #655, #7715, .T. ) ;
#6469 = FACE_OUTER_BOUND ( 'NONE', #1612, .T. ) ;
#6470 = AXIS2_PLACEMENT_3D ( 'NONE', #9096, #7137, #5287 ) ;
#6471 = LINE ( 'NONE', #4738, #3575 ) ;
#6472 = EDGE_CURVE ( 'NONE', #8662, #8531, #9437, .T. ) ;
#6473 = DIRECTION ( 'NONE',  ( -1.000000000000000000, 0.000000000000000000, 0.000000000000000000 ) ) ;
#6474 = VERTEX_POINT ( 'NONE', #10537 ) ;
#6475 = CARTESIAN_POINT ( 'NONE',  ( 138.9454566039329961, -144.6052796959259865, 107.3670232695349966 ) ) ;
#6476 = VERTEX_POINT ( 'NONE', #7541 ) ;
#6477 = VERTEX_POINT ( 'NONE', #3716 ) ;
#6478 = DIRECTION ( 'NONE',  ( 2.602085213964864899E-17, 1.000000000000000000, -1.526556658859589750E-16 ) ) ;
#6479 = ORIENTED_EDGE ( 'NONE', *, *, #6785, .T. ) ;
#6480 = ORIENTED_EDGE ( 'NONE', *, *, #4058, .F. ) ;
#6481 = CIRCLE ( 'NONE', #2729, 14.00000000000001243 ) ;
#6482 = CARTESIAN_POINT ( 'NONE',  ( 160.2171133453904872, -138.4595744938966106, 57.98985306244370719 ) ) ;
#6483 = ORIENTED_EDGE ( 'NONE', *, *, #6035, .F. ) ;
#6484 = LINE ( 'NONE', #4810, #2286 ) ;
#6485 = CARTESIAN_POINT ( 'NONE',  ( 162.2136265828100363, -139.0123048975439985, 66.99999550041380303 ) ) ;
#6486 = EDGE_CURVE ( 'NONE', #6143, #7452, #907, .T. ) ;
#6487 = LINE ( 'NONE', #7410, #11757 ) ;
#6488 = CARTESIAN_POINT ( 'NONE',  ( 162.6347744803376258, -140.2689536460846114, 69.80736556784256663 ) ) ;
#6489 = AXIS2_PLACEMENT_3D ( 'NONE', #8344, #1996, #5575 ) ;
#6490 = EDGE_CURVE ( 'NONE', #5716, #7479, #2786, .T. ) ;
#6491 = DIRECTION ( 'NONE',  ( -2.602085213964869829E-17, -1.000000000000000000, 1.526556658859589750E-16 ) ) ;
#6492 = ORIENTED_EDGE ( 'NONE', *, *, #10620, .F. ) ;
#6493 = CARTESIAN_POINT ( 'NONE',  ( 133.9422856900339980, -140.4297640215119998, 109.3643259182910015 ) ) ;
#6494 = ORIENTED_EDGE ( 'NONE', *, *, #2238, .T. ) ;
#6495 = CARTESIAN_POINT ( 'NONE',  ( 135.0052176437901039, -120.6527139886323852, 61.11533716743912947 ) ) ;
#6496 = DIRECTION ( 'NONE',  ( -8.821935677471621045E-15, -1.526556658859589750E-16, -1.000000000000000000 ) ) ;
#6497 = CARTESIAN_POINT ( 'NONE',  ( 160.6602538742472177, -121.0778841502738175, 59.01393691396136632 ) ) ;
#6498 = LINE ( 'NONE', #9135, #1297 ) ;
#6499 =( BOUNDED_CURVE ( )  B_SPLINE_CURVE ( 3, ( #1397, #4972, #415, #10629 ),
 .UNSPECIFIED., .F., .F. ) 
 B_SPLINE_CURVE_WITH_KNOTS ( ( 4, 4 ),
 ( 4.719147851734369681, 4.896085245076289283 ),
 .UNSPECIFIED. ) 
 CURVE ( )  GEOMETRIC_REPRESENTATION_ITEM ( )  RATIONAL_B_SPLINE_CURVE ( ( 1.000000000000000000, 0.9973927977201900719, 0.9973927977201900719, 1.000000000000000000 ) ) 
 REPRESENTATION_ITEM ( '' )  );
#6500 = CARTESIAN_POINT ( 'NONE',  ( 122.2171131963785911, -139.6937481978255846, 57.08879711976310034 ) ) ;
#6501 = ADVANCED_FACE ( 'NONE', ( #7655 ), #3570, .T. ) ;
#6502 = CARTESIAN_POINT ( 'NONE',  ( 139.0808663299520163, -140.4297640215119998, 111.3643259181410059 ) ) ;
#6503 = EDGE_CURVE ( 'NONE', #3656, #3696, #124, .T. ) ;
#6504 = CARTESIAN_POINT ( 'NONE',  ( 138.1533009852339831, -144.2396081582930094, 106.3643255456750012 ) ) ;
#6505 = CARTESIAN_POINT ( 'NONE',  ( 174.2852309984259875, -140.4297640215119998, 108.6871770333523983 ) ) ;
#6506 = ORIENTED_EDGE ( 'NONE', *, *, #7977, .T. ) ;
#6507 = DIRECTION ( 'NONE',  ( 1.035913176755856192E-14, 0.000000000000000000, -1.000000000000000000 ) ) ;
#6508 = EDGE_CURVE ( 'NONE', #10750, #3705, #8757, .T. ) ;
#6509 = CARTESIAN_POINT ( 'NONE',  ( 133.7171133453900040, -139.9297640746490288, 76.37499989243640641 ) ) ;
#6510 = ORIENTED_EDGE ( 'NONE', *, *, #5645, .T. ) ;
#6511 = ORIENTED_EDGE ( 'NONE', *, *, #2170, .F. ) ;
#6512 = FACE_OUTER_BOUND ( 'NONE', #6746, .T. ) ;
#6513 = DIRECTION ( 'NONE',  ( -4.692345787041510278E-15, -1.000000000000000000, -6.998008323019100649E-15 ) ) ;
#6514 = ORIENTED_EDGE ( 'NONE', *, *, #5662, .F. ) ;
#6515 = LINE ( 'NONE', #10018, #11520 ) ;
#6516 = DIRECTION ( 'NONE',  ( 0.7071067811865475727, 0.000000000000000000, 0.7071067811865475727 ) ) ;
#6517 = ADVANCED_FACE ( 'NONE', ( #4941 ), #9614, .F. ) ;
#6518 = DIRECTION ( 'NONE',  ( 1.214306509787349814E-16, -1.000000000000000000, -6.573024952610290603E-15 ) ) ;
#6519 = CARTESIAN_POINT ( 'NONE',  ( 134.0606248479624014, -117.8297640215114086, 60.27765112427590566 ) ) ;
#6520 = CARTESIAN_POINT ( 'NONE',  ( 163.4876018428179805, -114.8297640215109965, 50.25265112427589997 ) ) ;
#6521 = FACE_OUTER_BOUND ( 'NONE', #10114, .T. ) ;
#6522 = LINE ( 'NONE', #9458, #3893 ) ;
#6523 = ORIENTED_EDGE ( 'NONE', *, *, #10543, .T. ) ;
#6524 = ORIENTED_EDGE ( 'NONE', *, *, #4276, .F. ) ;
#6525 = VECTOR ( 'NONE', #7495, 1000.000000000000000 ) ;
#6526 = VERTEX_POINT ( 'NONE', #7772 ) ;
#6527 = FACE_OUTER_BOUND ( 'NONE', #8410, .T. ) ;
#6528 = CONICAL_SURFACE ( 'NONE', #5926, 11.79999999999999893, 0.7853981633974702614 ) ;
#6529 = CARTESIAN_POINT ( 'NONE',  ( 154.6834021859320103, -140.4297640215119998, 112.4405461112039859 ) ) ;
#6530 = DIRECTION ( 'NONE',  ( -0.9999999999999998890, 0.000000000000000000, -8.327311597843549196E-09 ) ) ;
#6531 = CARTESIAN_POINT ( 'NONE',  ( 161.9171131927750196, -148.4297640746490003, 105.4997837512840135 ) ) ;
#6532 = ORIENTED_EDGE ( 'NONE', *, *, #2204, .F. ) ;
#6533 = DIRECTION ( 'NONE',  ( 0.7071067811865475727, 0.000000000000000000, 0.7071067811865475727 ) ) ;
#6534 = AXIS2_PLACEMENT_3D ( 'NONE', #4946, #3897, #9558 ) ;
#6535 = ORIENTED_EDGE ( 'NONE', *, *, #9775, .T. ) ;
#6536 = EDGE_LOOP ( 'NONE', ( #6110, #5782, #937, #804, #6924 ) ) ;
#6537 = DIRECTION ( 'NONE',  ( -1.000000000000000000, 0.000000000000000000, 0.000000000000000000 ) ) ;
#6538 = ORIENTED_EDGE ( 'NONE', *, *, #4030, .T. ) ;
#6539 = ORIENTED_EDGE ( 'NONE', *, *, #1357, .T. ) ;
#6540 = EDGE_CURVE ( 'NONE', #2641, #9945, #2165, .T. ) ;
#6541 = DIRECTION ( 'NONE',  ( -1.214306505109919625E-16, 1.000000000000000000, 6.573933234426810631E-15 ) ) ;
#6542 = CARTESIAN_POINT ( 'NONE',  ( 160.2171131927750025, -154.4297640746490003, 103.7997837512839965 ) ) ;
#6543 = VECTOR ( 'NONE', #10472, 1000.000000000000000 ) ;
#6544 = CARTESIAN_POINT ( 'NONE',  ( 132.2171133574399846, -145.4297640746490003, 70.99999984474889914 ) ) ;
#6545 = DIRECTION ( 'NONE',  ( 0.000000000000000000, 0.7071067811865475727, 0.7071067811865475727 ) ) ;
#6546 = CARTESIAN_POINT ( 'NONE',  ( 135.2171133453900040, -146.9297640480800169, 98.60072084258079883 ) ) ;
#6547 = ORIENTED_EDGE ( 'NONE', *, *, #1078, .T. ) ;
#6548 = CARTESIAN_POINT ( 'NONE',  ( 139.0291652895566870, -144.9404959384009999, 111.0465059662130329 ) ) ;
#6549 = ORIENTED_EDGE ( 'NONE', *, *, #9845, .F. ) ;
#6550 = LINE ( 'NONE', #10355, #8943 ) ;
#6551 = AXIS2_PLACEMENT_3D ( 'NONE', #2960, #3888, #3828 ) ;
#6552 = VERTEX_POINT ( 'NONE', #5925 ) ;
#6553 = EDGE_CURVE ( 'NONE', #1013, #12183, #6021, .T. ) ;
#6554 = LINE ( 'NONE', #5501, #8575 ) ;
#6555 = DIRECTION ( 'NONE',  ( -0.5735764363510459374, -0.8191520442889920206, -5.941753882927150484E-15 ) ) ;
#6556 = CARTESIAN_POINT ( 'NONE',  ( 123.9605599919992045, -148.4297640215245906, 54.70752731740250852 ) ) ;
#6557 = EDGE_CURVE ( 'NONE', #2052, #5005, #9672, .T. ) ;
#6558 = CARTESIAN_POINT ( 'NONE',  ( 163.1867387273269969, -120.4297680637882024, 51.11866876023850637 ) ) ;
#6559 = LINE ( 'NONE', #201, #3275 ) ;
#6560 = AXIS2_PLACEMENT_3D ( 'NONE', #3607, #10319, #11370 ) ;
#6561 = CARTESIAN_POINT ( 'NONE',  ( 122.4465437709187938, -148.7574248392402012, 58.25000000000000000 ) ) ;
#6562 = CARTESIAN_POINT ( 'NONE',  ( 163.2171133453900040, -153.4297640746490003, 62.74999974667980496 ) ) ;
#6563 = LINE ( 'NONE', #1872, #5462 ) ;
#6564 = EDGE_LOOP ( 'NONE', ( #9172, #9716, #3049, #5795, #4549 ) ) ;
#6565 = CARTESIAN_POINT ( 'NONE',  ( 134.2171133453900040, -138.0155505122760076, 67.99999991151649681 ) ) ;
#6566 = DIRECTION ( 'NONE',  ( 0.000000000000000000, -2.243214294872499799E-16, -1.000000000000000000 ) ) ;
#6567 = VERTEX_POINT ( 'NONE', #4073 ) ;
#6568 = ORIENTED_EDGE ( 'NONE', *, *, #462, .T. ) ;
#6569 = CARTESIAN_POINT ( 'NONE',  ( 120.2171133453899898, -140.4297640215119998, 104.9785814795580023 ) ) ;
#6570 = LINE ( 'NONE', #4022, #8461 ) ;
#6571 = ORIENTED_EDGE ( 'NONE', *, *, #6231, .F. ) ;
#6572 = EDGE_CURVE ( 'NONE', #427, #12030, #2278, .T. ) ;
#6573 = AXIS2_PLACEMENT_3D ( 'NONE', #8898, #5202, #523 ) ;
#6574 =( BOUNDED_CURVE ( )  B_SPLINE_CURVE ( 3, ( #3201, #6911, #6049, #2282 ),
 .UNSPECIFIED., .F., .F. ) 
 B_SPLINE_CURVE_WITH_KNOTS ( ( 4, 4 ),
 ( 3.575598431984815303E-15, 1.126157883263460002 ),
 .UNSPECIFIED. ) 
 CURVE ( )  GEOMETRIC_REPRESENTATION_ITEM ( )  RATIONAL_B_SPLINE_CURVE ( ( 1.000000000000000000, 0.8970770709083980554, 0.8970770709083980554, 1.000000000000000000 ) ) 
 REPRESENTATION_ITEM ( '' )  );
#6575 = EDGE_CURVE ( 'NONE', #8532, #8660, #9467, .T. ) ;
#6576 = DIRECTION ( 'NONE',  ( 0.000000000000000000, -1.000000000000000000, 1.074295325692379890E-17 ) ) ;
#6577 = CARTESIAN_POINT ( 'NONE',  ( 160.2171133453899756, -146.9297640480800169, 98.69129622261409907 ) ) ;
#6578 = EDGE_CURVE ( 'NONE', #4004, #6595, #3497, .T. ) ;
#6579 = LINE ( 'NONE', #6698, #7934 ) ;
#6580 = CARTESIAN_POINT ( 'NONE',  ( 163.0908997220556103, -141.3403586390640498, 68.99999991151628365 ) ) ;
#6581 = CARTESIAN_POINT ( 'NONE',  ( 132.2171133453900040, -145.4297640746490003, 71.99999984474899861 ) ) ;
#6582 = AXIS2_PLACEMENT_3D ( 'NONE', #202, #3950, #3023 ) ;
#6583 = DIRECTION ( 'NONE',  ( -2.449293564549630096E-16, 0.000000000000000000, -1.000000000000000000 ) ) ;
#6584 = CARTESIAN_POINT ( 'NONE',  ( 129.7796740241493012, -134.3983860980510769, 51.13534865116200478 ) ) ;
#6585 = EDGE_LOOP ( 'NONE', ( #4379, #629, #7265, #1483 ) ) ;
#6586 = VERTEX_POINT ( 'NONE', #5988 ) ;
#6587 = VERTEX_POINT ( 'NONE', #8695 ) ;
#6588 = ADVANCED_FACE ( 'NONE', ( #2350 ), #385, .T. ) ;
#6589 = CIRCLE ( 'NONE', #2245, 0.9999999999999957812 ) ;
#6590 = DIRECTION ( 'NONE',  ( 6.331740687314189720E-17, -1.000000000000000000, 6.331740687314610035E-17 ) ) ;
#6591 = CARTESIAN_POINT ( 'NONE',  ( 134.8867901064739669, -141.1007641801899979, 106.3086558945839926 ) ) ;
#6592 = CARTESIAN_POINT ( 'NONE',  ( 135.1768364872669963, -140.8297640215119770, 114.2143259181419950 ) ) ;
#6593 = FACE_OUTER_BOUND ( 'NONE', #7157, .T. ) ;
#6594 = AXIS2_PLACEMENT_3D ( 'NONE', #3379, #10840, #4376 ) ;
#6595 = VERTEX_POINT ( 'NONE', #7893 ) ;
#6596 = FACE_OUTER_BOUND ( 'NONE', #6296, .T. ) ;
#6597 = ORIENTED_EDGE ( 'NONE', *, *, #1986, .T. ) ;
#6598 = ORIENTED_EDGE ( 'NONE', *, *, #8711, .T. ) ;
#6599 = DIRECTION ( 'NONE',  ( 1.000000000000000000, -3.480590576041360211E-15, 0.000000000000000000 ) ) ;
#6600 = ORIENTED_EDGE ( 'NONE', *, *, #2170, .T. ) ;
#6601 = ORIENTED_EDGE ( 'NONE', *, *, #7475, .F. ) ;
#6602 = LINE ( 'NONE', #10, #9608 ) ;
#6603 = VECTOR ( 'NONE', #5661, 1000.000000000000000 ) ;
#6604 = CARTESIAN_POINT ( 'NONE',  ( 160.3236018428179932, -114.4297640215112040, 60.27765112427590566 ) ) ;
#6605 = DIRECTION ( 'NONE',  ( 7.310267526464300259E-25, -1.000000000000000000, -7.105427357601000281E-15 ) ) ;
#6606 = CARTESIAN_POINT ( 'NONE',  ( 133.4132901639879947, -114.8297640215114086, 54.47436513418860216 ) ) ;
#6607 = CARTESIAN_POINT ( 'NONE',  ( 162.2171133453900040, -139.0155505122760076, 69.99999991151639733 ) ) ;
#6608 = ADVANCED_FACE ( 'NONE', ( #6118 ), #258, .T. ) ;
#6609 = ORIENTED_EDGE ( 'NONE', *, *, #9271, .F. ) ;
#6610 = CARTESIAN_POINT ( 'NONE',  ( 132.2171133453900040, -138.8513368967660142, 80.50005035713219570 ) ) ;
#6611 = ORIENTED_EDGE ( 'NONE', *, *, #8426, .T. ) ;
#6612 = AXIS2_PLACEMENT_3D ( 'NONE', #9752, #521, #11665 ) ;
#6613 = CIRCLE ( 'NONE', #11715, 14.39999999999999680 ) ;
#6614 = CARTESIAN_POINT ( 'NONE',  ( 133.9421679410749846, -140.4297640215119998, 111.3643259181410059 ) ) ;
#6615 = ORIENTED_EDGE ( 'NONE', *, *, #70, .F. ) ;
#6616 = CARTESIAN_POINT ( 'NONE',  ( 133.1096606546801979, -122.5369785635631814, 62.72740825300711265 ) ) ;
#6617 = CARTESIAN_POINT ( 'NONE',  ( 132.2171133453900040, -119.4297640746489861, 80.50005035146759269 ) ) ;
#6618 = FACE_OUTER_BOUND ( 'NONE', #9159, .T. ) ;
#6619 = CARTESIAN_POINT ( 'NONE',  ( 163.1867387273269969, -120.4297680637882024, 51.11866876023850637 ) ) ;
#6620 = AXIS2_PLACEMENT_3D ( 'NONE', #1118, #8520, #6679 ) ;
#6621 = AXIS2_PLACEMENT_3D ( 'NONE', #8027, #6128, #8086 ) ;
#6622 = FACE_OUTER_BOUND ( 'NONE', #7536, .T. ) ;
#6623 = EDGE_CURVE ( 'NONE', #4858, #9563, #5125, .T. ) ;
#6624 = CYLINDRICAL_SURFACE ( 'NONE', #9698, 0.9999999999999964473 ) ;
#6625 = EDGE_CURVE ( 'NONE', #6586, #11858, #3330, .T. ) ;
#6626 = DIRECTION ( 'NONE',  ( 1.000000000000000000, -4.201500252558700412E-15, -2.449293572821720211E-16 ) ) ;
#6627 = DIRECTION ( 'NONE',  ( 1.000000000000000000, 0.000000000000000000, 0.000000000000000000 ) ) ;
#6628 = VERTEX_POINT ( 'NONE', #9176 ) ;
#6629 = DIRECTION ( 'NONE',  ( 0.000000000000000000, -1.000000000000000000, 1.074295325692379890E-17 ) ) ;
#6630 = CARTESIAN_POINT ( 'NONE',  ( 162.3021113084439833, -114.5631256603326023, 54.47752021049729620 ) ) ;
#6631 = ORIENTED_EDGE ( 'NONE', *, *, #11895, .F. ) ;
#6632 = ORIENTED_EDGE ( 'NONE', *, *, #5063, .F. ) ;
#6633 = LINE ( 'NONE', #4835, #9155 ) ;
#6634 = AXIS2_PLACEMENT_3D ( 'NONE', #798, #7731, #7511 ) ;
#6635 = VERTEX_POINT ( 'NONE', #631 ) ;
#6636 = DIRECTION ( 'NONE',  ( -1.000000000000000000, 0.000000000000000000, 0.000000000000000000 ) ) ;
#6637 = CARTESIAN_POINT ( 'NONE',  ( 161.7598597042770052, -140.4297640215119998, 93.86432591814070747 ) ) ;
#6638 = CIRCLE ( 'NONE', #1316, 0.9999999063524251941 ) ;
#6639 = DIRECTION ( 'NONE',  ( -4.832939597814259772E-15, -1.000000000000000000, -6.432020515982920536E-15 ) ) ;
#6640 = ADVANCED_FACE ( 'NONE', ( #11963 ), #1557, .T. ) ;
#6641 = VECTOR ( 'NONE', #9019, 1000.000000000000000 ) ;
#6642 = CARTESIAN_POINT ( 'NONE',  ( 147.7171131927750025, -148.4297640746490003, 103.7997837512839965 ) ) ;
#6643 = DIRECTION ( 'NONE',  ( -1.000000000000000000, 0.000000000000000000, 0.000000000000000000 ) ) ;
#6644 = PLANE ( 'NONE',  #6454 ) ;
#6645 = CARTESIAN_POINT ( 'NONE',  ( 158.5834021859320160, -143.4297640215119714, 100.6909950527140012 ) ) ;
#6646 = ADVANCED_FACE ( 'NONE', ( #8264 ), #11834, .F. ) ;
#6647 = ORIENTED_EDGE ( 'NONE', *, *, #1286, .F. ) ;
#6648 = EDGE_LOOP ( 'NONE', ( #7428, #474, #11238, #5899 ) ) ;
#6649 = EDGE_CURVE ( 'NONE', #6011, #567, #5311, .T. ) ;
#6650 = ORIENTED_EDGE ( 'NONE', *, *, #10662, .T. ) ;
#6651 = VECTOR ( 'NONE', #11613, 1000.000000000000000 ) ;
#6652 = VECTOR ( 'NONE', #8808, 1000.000000000000000 ) ;
#6653 = LINE ( 'NONE', #3806, #4290 ) ;
#6654 = EDGE_CURVE ( 'NONE', #1615, #10488, #5373, .T. ) ;
#6655 = AXIS2_PLACEMENT_3D ( 'NONE', #5841, #7749, #3183 ) ;
#6656 = AXIS2_PLACEMENT_3D ( 'NONE', #5601, #8612, #9412 ) ;
#6657 = ORIENTED_EDGE ( 'NONE', *, *, #11606, .F. ) ;
#6658 = CARTESIAN_POINT ( 'NONE',  ( 175.0171133453904986, -114.6297640215111926, 51.25000000000000000 ) ) ;
#6659 = ADVANCED_FACE ( 'NONE', ( #6239 ), #752, .F. ) ;
#6660 = ORIENTED_EDGE ( 'NONE', *, *, #4460, .F. ) ;
#6661 = VERTEX_POINT ( 'NONE', #2648 ) ;
#6662 = ORIENTED_EDGE ( 'NONE', *, *, #5419, .T. ) ;
#6663 = EDGE_LOOP ( 'NONE', ( #8100, #2280, #9928, #11273, #250 ) ) ;
#6664 = FACE_OUTER_BOUND ( 'NONE', #9730, .T. ) ;
#6665 = VECTOR ( 'NONE', #9835, 1000.000000000000000 ) ;
#6666 = CIRCLE ( 'NONE', #3868, 1.000000000000000888 ) ;
#6667 = DIRECTION ( 'NONE',  ( 0.000000000000000000, -1.000000000000000000, 1.074295325692379890E-17 ) ) ;
#6668 = DIRECTION ( 'NONE',  ( 2.428451984325845274E-16, -1.000000000000000000, -1.977322592620519858E-18 ) ) ;
#6669 = CARTESIAN_POINT ( 'NONE',  ( 163.2171133453900040, -141.8439776370219931, 68.99999991151629786 ) ) ;
#6670 = EDGE_CURVE ( 'NONE', #11656, #441, #2529, .T. ) ;
#6671 = ORIENTED_EDGE ( 'NONE', *, *, #643, .F. ) ;
#6672 = CARTESIAN_POINT ( 'NONE',  ( 131.2171133453900040, -153.4297640746490003, 102.7500000000329976 ) ) ;
#6673 = AXIS2_PLACEMENT_3D ( 'NONE', #7550, #5576, #8530 ) ;
#6674 = EDGE_LOOP ( 'NONE', ( #9542, #5699, #7960, #8129 ) ) ;
#6675 = CARTESIAN_POINT ( 'NONE',  ( 120.3520440940850307, -149.3367095071017161, 60.24253622702536859 ) ) ;
#6676 = VERTEX_POINT ( 'NONE', #4442 ) ;
#6677 = CARTESIAN_POINT ( 'NONE',  ( 138.7171133453900040, -134.9297640746490288, 67.99999991151649681 ) ) ;
#6678 = CARTESIAN_POINT ( 'NONE',  ( 160.3236515449580111, -120.6040123428311972, 60.27764156824849806 ) ) ;
#6679 = DIRECTION ( 'NONE',  ( -0.5951893636155779488, 8.416332170449763954E-15, -0.8035854786137459627 ) ) ;
#6680 = AXIS2_PLACEMENT_3D ( 'NONE', #747, #6303, #4322 ) ;
#6681 = LINE ( 'NONE', #5747, #934 ) ;
#6682 = DIRECTION ( 'NONE',  ( -0.9513277913954432119, 1.682122545878897094E-15, -0.3081808451521089176 ) ) ;
#6683 = LINE ( 'NONE', #2910, #2970 ) ;
#6684 = DIRECTION ( 'NONE',  ( -7.166576360129189239E-17, 1.526556658859589750E-16, 1.000000000000000000 ) ) ;
#6685 = EDGE_LOOP ( 'NONE', ( #1195, #4746, #6341, #6745 ) ) ;
#6686 = FACE_OUTER_BOUND ( 'NONE', #5531, .T. ) ;
#6687 = FACE_OUTER_BOUND ( 'NONE', #5335, .T. ) ;
#6688 = ORIENTED_EDGE ( 'NONE', *, *, #11400, .T. ) ;
#6689 = EDGE_LOOP ( 'NONE', ( #802, #8564, #7323, #12004 ) ) ;
#6690 = VECTOR ( 'NONE', #10585, 1000.000000000000000 ) ;
#6691 = CARTESIAN_POINT ( 'NONE',  ( 163.2171133453904872, -154.4297640215109766, 62.74960223581890517 ) ) ;
#6692 = FACE_OUTER_BOUND ( 'NONE', #121, .T. ) ;
#6693 = ORIENTED_EDGE ( 'NONE', *, *, #5369, .T. ) ;
#6694 = EDGE_CURVE ( 'NONE', #94, #3696, #6365, .T. ) ;
#6695 = CARTESIAN_POINT ( 'NONE',  ( 131.2171133605719717, -119.4297640746489861, 62.74999974667999680 ) ) ;
#6696 = DIRECTION ( 'NONE',  ( -8.933825901280388903E-17, -1.000000000000000000, 8.933825901280388903E-17 ) ) ;
#6697 = AXIS2_PLACEMENT_3D ( 'NONE', #823, #882, #4644 ) ;
#6698 = CARTESIAN_POINT ( 'NONE',  ( 157.6248169134119905, -148.2297640746490117, 102.0997837512840078 ) ) ;
#6699 = PLANE ( 'NONE',  #9718 ) ;
#6700 = DIRECTION ( 'NONE',  ( 2.602085213964899719E-17, 1.000000000000000000, -1.526556658859594927E-16 ) ) ;
#6701 = ORIENTED_EDGE ( 'NONE', *, *, #12178, .F. ) ;
#6702 = VERTEX_POINT ( 'NONE', #9002 ) ;
#6703 = ORIENTED_EDGE ( 'NONE', *, *, #5299, .F. ) ;
#6704 = EDGE_CURVE ( 'NONE', #222, #5920, #10164, .T. ) ;
#6705 = CARTESIAN_POINT ( 'NONE',  ( 122.2171131963785911, -120.9250549939359871, 57.08879711976319271 ) ) ;
#6706 = CARTESIAN_POINT ( 'NONE',  ( 130.2171133453898619, -134.0920877878089073, 56.00640280175948504 ) ) ;
#6707 = EDGE_CURVE ( 'NONE', #11598, #10232, #2588, .T. ) ;
#6708 = DIRECTION ( 'NONE',  ( 5.947210316807140508E-15, 1.000000000000000000, 0.000000000000000000 ) ) ;
#6709 = DIRECTION ( 'NONE',  ( -0.7071067811864749642, -0.7071067811866200703, 1.438641147366809744E-16 ) ) ;
#6710 = VERTEX_POINT ( 'NONE', #8325 ) ;
#6711 = LINE ( 'NONE', #7459, #3088 ) ;
#6712 = VERTEX_POINT ( 'NONE', #7222 ) ;
#6713 = VERTEX_POINT ( 'NONE', #1732 ) ;
#6714 = ORIENTED_EDGE ( 'NONE', *, *, #6707, .F. ) ;
#6715 = ORIENTED_EDGE ( 'NONE', *, *, #3992, .F. ) ;
#6716 = B_SPLINE_CURVE_WITH_KNOTS ( 'NONE', 3,
 ( #5445, #10182, #827, #6316 ),
 .UNSPECIFIED., .F., .F.,
 ( 4, 4 ),
 ( 0.000000000000000000, 1.000000000000000000 ),
 .UNSPECIFIED. ) ;
#6717 = CIRCLE ( 'NONE', #4160, 11.54238125198780729 ) ;
#6718 = CARTESIAN_POINT ( 'NONE',  ( 167.5703575941039958, -117.4297640215112040, 56.80635931419149642 ) ) ;
#6719 = EDGE_CURVE ( 'NONE', #4250, #442, #6306, .T. ) ;
#6720 = EDGE_CURVE ( 'NONE', #6982, #6248, #5430, .T. ) ;
#6721 = CARTESIAN_POINT ( 'NONE',  ( 174.2171132998449821, -140.4297640215119998, 100.7500000000290044 ) ) ;
#6722 = CARTESIAN_POINT ( 'NONE',  ( 163.2171133453900040, -136.4297640746490288, 70.99999991151629786 ) ) ;
#6723 = ADVANCED_FACE ( 'NONE', ( #7347 ), #12021, .F. ) ;
#6724 = CARTESIAN_POINT ( 'NONE',  ( 169.9786284033264963, -121.2490518569453997, 53.38549640900549775 ) ) ;
#6725 = EDGE_LOOP ( 'NONE', ( #7843, #12110 ) ) ;
#6726 = CARTESIAN_POINT ( 'NONE',  ( 131.9466248479623971, -114.8297640215111954, 50.25265112427589997 ) ) ;
#6727 = ORIENTED_EDGE ( 'NONE', *, *, #12025, .F. ) ;
#6728 = DIRECTION ( 'NONE',  ( 0.000000000000000000, 1.000000000000000000, 0.000000000000000000 ) ) ;
#6729 = ORIENTED_EDGE ( 'NONE', *, *, #6941, .T. ) ;
#6730 = DIRECTION ( 'NONE',  ( 1.214306505109929978E-16, -1.000000000000000000, -8.143165513045820519E-15 ) ) ;
#6731 = EDGE_CURVE ( 'NONE', #3031, #6702, #11724, .T. ) ;
#6732 = VECTOR ( 'NONE', #587, 1000.000000000000000 ) ;
#6733 = VECTOR ( 'NONE', #5174, 1000.000000000000000 ) ;
#6734 = CARTESIAN_POINT ( 'NONE',  ( 160.3469930388157252, -120.6625652652592038, 59.88382921457552754 ) ) ;
#6735 = DIRECTION ( 'NONE',  ( -4.664896225277170639E-15, 1.000000000000000000, 6.633052400461320667E-15 ) ) ;
#6736 = CARTESIAN_POINT ( 'NONE',  ( 134.2606248479624185, -117.6297640215114058, 60.27765112427590566 ) ) ;
#6737 = DIRECTION ( 'NONE',  ( 3.480590576041360211E-15, 1.000000000000000000, -1.074295325692379890E-17 ) ) ;
#6738 = CARTESIAN_POINT ( 'NONE',  ( 160.5100065642035077, -119.4297640746489861, 69.70710669270289372 ) ) ;
#6739 = CARTESIAN_POINT ( 'NONE',  ( 135.2171131927750309, -148.0297640746490231, 103.7997837512839965 ) ) ;
#6740 = AXIS2_PLACEMENT_3D ( 'NONE', #4000, #2955, #5735 ) ;
#6741 = AXIS2_PLACEMENT_3D ( 'NONE', #2679, #11188, #1883 ) ;
#6742 = EDGE_LOOP ( 'NONE', ( #9787, #3628, #3542 ) ) ;
#6743 = CARTESIAN_POINT ( 'NONE',  ( 159.6669467343539850, -153.4297640746490003, 71.34999974667979927 ) ) ;
#6744 = CARTESIAN_POINT ( 'NONE',  ( 160.4045934253212238, -138.3521072828668252, 67.52403676203836369 ) ) ;
#6745 = ORIENTED_EDGE ( 'NONE', *, *, #8218, .F. ) ;
#6746 = EDGE_LOOP ( 'NONE', ( #8007, #9226 ) ) ;
#6747 = CARTESIAN_POINT ( 'NONE',  ( 132.9528979380899329, -139.8082161093585398, 67.07243099593040370 ) ) ;
#6748 = CARTESIAN_POINT ( 'NONE',  ( 139.1026066088617199, -140.4297640215118861, 105.3655335852511712 ) ) ;
#6749 = ORIENTED_EDGE ( 'NONE', *, *, #283, .F. ) ;
#6750 = VECTOR ( 'NONE', #2846, 1000.000000000000227 ) ;
#6751 = CARTESIAN_POINT ( 'NONE',  ( 134.2171133453900040, -138.0155505122760076, 68.99999991151649681 ) ) ;
#6752 = DIRECTION ( 'NONE',  ( 1.000000000000000000, 1.214306505109929978E-16, -2.481541837659079719E-24 ) ) ;
#6753 = DIRECTION ( 'NONE',  ( 0.000000000000000000, -1.526556658859589750E-16, -1.000000000000000000 ) ) ;
#6754 = DIRECTION ( 'NONE',  ( -0.9999999999999770184, 2.602088489840160211E-17, 2.145924504042759991E-07 ) ) ;
#6755 = DIRECTION ( 'NONE',  ( -1.000000000000000000, 0.000000000000000000, 0.000000000000000000 ) ) ;
#6756 = EDGE_CURVE ( 'NONE', #2802, #5363, #3099, .T. ) ;
#6757 = CARTESIAN_POINT ( 'NONE',  ( 167.7174759397034904, -120.9148551324721979, 57.20538245800489818 ) ) ;
#6758 = VECTOR ( 'NONE', #10511, 1000.000000000000000 ) ;
#6759 = VERTEX_POINT ( 'NONE', #10846 ) ;
#6760 = ORIENTED_EDGE ( 'NONE', *, *, #5952, .F. ) ;
#6761 = ORIENTED_EDGE ( 'NONE', *, *, #10363, .F. ) ;
#6762 = SURFACE_SIDE_STYLE ('',( #9525 ) ) ;
#6763 = CARTESIAN_POINT ( 'NONE',  ( 126.2171133453899898, -154.4297640746490003, 102.7500000000329976 ) ) ;
#6764 = CIRCLE ( 'NONE', #8721, 0.9000000000000119016 ) ;
#6765 = CARTESIAN_POINT ( 'NONE',  ( 135.2171133453900040, -138.4595744938966106, 57.98985306244370719 ) ) ;
#6766 = LINE ( 'NONE', #3180, #1730 ) ;
#6767 = ADVANCED_FACE ( 'NONE', ( #3386 ), #10904, .F. ) ;
#6768 = ORIENTED_EDGE ( 'NONE', *, *, #7994, .F. ) ;
#6769 = LINE ( 'NONE', #4685, #9783 ) ;
#6770 = VERTEX_POINT ( 'NONE', #4867 ) ;
#6771 = EDGE_LOOP ( 'NONE', ( #4470, #1842, #2264, #10734 ) ) ;
#6772 = EDGE_CURVE ( 'NONE', #377, #1995, #11397, .T. ) ;
#6773 = EDGE_LOOP ( 'NONE', ( #5224, #1150, #3624, #4658 ) ) ;
#6774 = VECTOR ( 'NONE', #1373, 1000.000000000000000 ) ;
#6775 = LINE ( 'NONE', #10769, #6690 ) ;
#6776 = CARTESIAN_POINT ( 'NONE',  ( 139.1026109842580070, -140.4297640215119998, 105.3643259181410059 ) ) ;
#6777 = FACE_OUTER_BOUND ( 'NONE', #11148, .T. ) ;
#6778 = CARTESIAN_POINT ( 'NONE',  ( 139.0808597668969924, -145.2598994943089963, 111.3679489095640065 ) ) ;
#6779 = EDGE_CURVE ( 'NONE', #1358, #2995, #2950, .T. ) ;
#6780 = VERTEX_POINT ( 'NONE', #10285 ) ;
#6781 = CARTESIAN_POINT ( 'NONE',  ( 162.8269449219380078, -114.4297640215112040, 57.67765335951249739 ) ) ;
#6782 = ADVANCED_FACE ( 'NONE', ( #871 ), #9363, .F. ) ;
#6783 = ORIENTED_EDGE ( 'NONE', *, *, #4119, .T. ) ;
#6784 = CARTESIAN_POINT ( 'NONE',  ( 123.6255944923005217, -149.0756107926439427, 53.87205004475772796 ) ) ;
#6785 = EDGE_CURVE ( 'NONE', #9372, #5005, #10552, .T. ) ;
#6786 = ORIENTED_EDGE ( 'NONE', *, *, #5848, .F. ) ;
#6787 = AXIS2_PLACEMENT_3D ( 'NONE', #3456, #8208, #3521 ) ;
#6788 = EDGE_CURVE ( 'NONE', #4268, #4638, #1386, .T. ) ;
#6789 = DIRECTION ( 'NONE',  ( 6.331740687314189720E-17, -1.000000000000000000, 6.331740687314610035E-17 ) ) ;
#6790 = CARTESIAN_POINT ( 'NONE',  ( 134.2171133453900040, -140.4297640215119998, 103.6640621592560052 ) ) ;
#6791 = ORIENTED_EDGE ( 'NONE', *, *, #9673, .T. ) ;
#6792 = CARTESIAN_POINT ( 'NONE',  ( 174.2171133453904872, -149.8297640215157855, 63.75000000000000000 ) ) ;
#6793 = EDGE_CURVE ( 'NONE', #5924, #10669, #6241, .T. ) ;
#6794 = LINE ( 'NONE', #5691, #7429 ) ;
#6795 = CARTESIAN_POINT ( 'NONE',  ( 172.6435370580510096, -149.2489160658134324, 58.25000000000000000 ) ) ;
#6796 = DIRECTION ( 'NONE',  ( -1.000000000000000000, -4.440892105693240592E-15, 1.654332819838760099E-24 ) ) ;
#6797 = ADVANCED_FACE ( 'NONE', ( #8624 ), #10410, .F. ) ;
#6798 = CARTESIAN_POINT ( 'NONE',  ( 171.2171133453900040, -153.1834562892630345, 64.74999999999928946 ) ) ;
#6799 = ORIENTED_EDGE ( 'NONE', *, *, #8590, .F. ) ;
#6800 = ORIENTED_EDGE ( 'NONE', *, *, #7509, .F. ) ;
#6801 = FACE_OUTER_BOUND ( 'NONE', #6663, .T. ) ;
#6802 = EDGE_CURVE ( 'NONE', #10515, #207, #9480, .T. ) ;
#6803 = VERTEX_POINT ( 'NONE', #1103 ) ;
#6804 = DIRECTION ( 'NONE',  ( 3.683226109728400325E-15, 1.000000000000000000, -1.526556658859589750E-16 ) ) ;
#6805 = EDGE_LOOP ( 'NONE', ( #864, #3627, #1166, #5108, #995, #4082, #717, #2511, #2735, #7707, #11130, #4775, #2300, #1423, #52, #5658, #428, #10496, #10507, #7834, #5739, #9544, #11147, #4671, #10038, #6799, #8812, #975, #10144, #10216, #6535, #5243, #7140, #11327, #11922, #5831 ) ) ;
#6806 = DIRECTION ( 'NONE',  ( 2.602085213964869829E-17, 1.000000000000000000, -1.526556658859589750E-16 ) ) ;
#6807 = ORIENTED_EDGE ( 'NONE', *, *, #242, .T. ) ;
#6808 = VECTOR ( 'NONE', #5821, 1000.000000000000000 ) ;
#6809 = AXIS2_PLACEMENT_3D ( 'NONE', #5423, #9171, #1910 ) ;
#6810 = DIRECTION ( 'NONE',  ( 1.000000000000000000, 2.428612952914190033E-16, -2.449293589365049951E-16 ) ) ;
#6811 = DIRECTION ( 'NONE',  ( 0.000000000000000000, 1.000000000000000000, -1.526556658859589750E-16 ) ) ;
#6812 = DIRECTION ( 'NONE',  ( -0.7071067811865336949, -0.7071067811865614505, 1.387778780781423430E-14 ) ) ;
#6813 = DIRECTION ( 'NONE',  ( -0.3270549272311610856, 0.08236264136435604566, 0.9414092998697783932 ) ) ;
#6814 = DIRECTION ( 'NONE',  ( 0.000000000000000000, 1.000000000000000000, -1.526556658859589750E-16 ) ) ;
#6815 = EDGE_CURVE ( 'NONE', #2041, #9237, #187, .T. ) ;
#6816 = CARTESIAN_POINT ( 'NONE',  ( 126.8043469377704042, -119.4297640215114029, 57.75000000000000000 ) ) ;
#6817 = AXIS2_PLACEMENT_3D ( 'NONE', #11038, #1567, #8947 ) ;
#6818 = CARTESIAN_POINT ( 'NONE',  ( 160.5100065642035077, -138.0155505122760076, 67.29289313032980147 ) ) ;
#6819 = ORIENTED_EDGE ( 'NONE', *, *, #10159, .F. ) ;
#6820 = ORIENTED_EDGE ( 'NONE', *, *, #10757, .T. ) ;
#6821 = DIRECTION ( 'NONE',  ( 1.000000000000000000, 0.000000000000000000, 0.000000000000000000 ) ) ;
#6822 = ORIENTED_EDGE ( 'NONE', *, *, #3294, .T. ) ;
#6823 = LINE ( 'NONE', #113, #5612 ) ;
#6824 = VECTOR ( 'NONE', #8805, 1000.000000000000000 ) ;
#6825 = CARTESIAN_POINT ( 'NONE',  ( 138.3506535661549890, -144.2949860153909754, 106.3330733680300000 ) ) ;
#6826 = CARTESIAN_POINT ( 'NONE',  ( 142.3171131927750253, -148.4297640746490003, 102.0997837512840078 ) ) ;
#6827 = CARTESIAN_POINT ( 'NONE',  ( 132.3255008394325785, -120.4297680637884156, 62.66078637172639532 ) ) ;
#6828 = LINE ( 'NONE', #11750, #272 ) ;
#6829 = ORIENTED_EDGE ( 'NONE', *, *, #7624, .T. ) ;
#6830 = CARTESIAN_POINT ( 'NONE',  ( 132.2171133453900040, -144.5297640215119941, 65.95898615365621254 ) ) ;
#6831 = VECTOR ( 'NONE', #8901, 1000.000000000000000 ) ;
#6832 = EDGE_LOOP ( 'NONE', ( #10163, #4420, #4715, #1040 ) ) ;
#6833 = ORIENTED_EDGE ( 'NONE', *, *, #701, .T. ) ;
#6834 = VECTOR ( 'NONE', #216, 1000.000000000000000 ) ;
#6835 = ORIENTED_EDGE ( 'NONE', *, *, #4678, .T. ) ;
#6836 = DIRECTION ( 'NONE',  ( 2.231155674348849972E-14, -1.526556658860419780E-16, -1.000000000000000000 ) ) ;
#6837 = EDGE_CURVE ( 'NONE', #2509, #11755, #6484, .T. ) ;
#6838 = ADVANCED_FACE ( 'NONE', ( #11 ), #1977, .T. ) ;
#6839 = FACE_OUTER_BOUND ( 'NONE', #6689, .T. ) ;
#6840 = AXIS2_PLACEMENT_3D ( 'NONE', #6739, #3025, #5750 ) ;
#6841 = CARTESIAN_POINT ( 'NONE',  ( 134.8632734224506180, -120.9661238439201156, 59.19328639240469414 ) ) ;
#6842 = VECTOR ( 'NONE', #246, 1000.000000000000000 ) ;
#6843 = LINE ( 'NONE', #433, #551 ) ;
#6844 = ORIENTED_EDGE ( 'NONE', *, *, #9734, .F. ) ;
#6845 = DIRECTION ( 'NONE',  ( -1.000000000000000000, 0.000000000000000000, 1.387778780781444413E-14 ) ) ;
#6846 = ORIENTED_EDGE ( 'NONE', *, *, #3329, .T. ) ;
#6847 = CARTESIAN_POINT ( 'NONE',  ( 171.0141367807538870, -148.1079977088889450, 54.22421091142751948 ) ) ;
#6848 = ORIENTED_EDGE ( 'NONE', *, *, #712, .F. ) ;
#6849 = AXIS2_PLACEMENT_3D ( 'NONE', #177, #12189, #6473 ) ;
#6850 = CARTESIAN_POINT ( 'NONE',  ( 132.6467772590230254, -140.3091890018750121, 69.94135409725599573 ) ) ;
#6851 = EDGE_CURVE ( 'NONE', #11223, #8287, #8505, .T. ) ;
#6852 = CARTESIAN_POINT ( 'NONE',  ( 163.2171133453900040, -144.4297640746490003, 81.50005036323310037 ) ) ;
#6853 = EDGE_LOOP ( 'NONE', ( #2263, #1584, #8810, #9976 ) ) ;
#6854 = CARTESIAN_POINT ( 'NONE',  ( 162.2171133453861671, -153.4297640746480909, 66.75884140268755118 ) ) ;
#6855 = DIRECTION ( 'NONE',  ( -8.065104140086980555E-09, 0.000000000000000000, -1.000000000000000000 ) ) ;
#6856 = EDGE_CURVE ( 'NONE', #1998, #8198, #10347, .T. ) ;
#6857 = VECTOR ( 'NONE', #2873, 999.9999999999997726 ) ;
#6858 = CARTESIAN_POINT ( 'NONE',  ( 132.6106248479624128, -120.9297640215114029, 60.27765112427590566 ) ) ;
#6859 = LINE ( 'NONE', #11411, #7334 ) ;
#6860 = LINE ( 'NONE', #4014, #9981 ) ;
#6861 = VERTEX_POINT ( 'NONE', #5791 ) ;
#6862 = ORIENTED_EDGE ( 'NONE', *, *, #8728, .T. ) ;
#6863 = CARTESIAN_POINT ( 'NONE',  ( 162.4813231355896619, -139.8082010516571643, 67.07242829380285798 ) ) ;
#6864 = ORIENTED_EDGE ( 'NONE', *, *, #9015, .F. ) ;
#6865 = CARTESIAN_POINT ( 'NONE',  ( 160.1768364872660015, -140.6297640215119884, 114.2144502228039897 ) ) ;
#6866 = VERTEX_POINT ( 'NONE', #3701 ) ;
#6867 = CARTESIAN_POINT ( 'NONE',  ( 165.8798797530100160, -114.4297640215112040, 57.75000000000000000 ) ) ;
#6868 = VERTEX_POINT ( 'NONE', #11336 ) ;
#6869 = CIRCLE ( 'NONE', #3908, 0.9999999999999964473 ) ;
#6870 = ADVANCED_FACE ( 'NONE', ( #3757 ), #11276, .F. ) ;
#6871 = CARTESIAN_POINT ( 'NONE',  ( 131.2171133574399846, -119.4297640746489861, 70.99999984436949774 ) ) ;
#6872 = LINE ( 'NONE', #10557, #5537 ) ;
#6873 = LINE ( 'NONE', #3620, #9180 ) ;
#6874 = EDGE_CURVE ( 'NONE', #6895, #427, #71, .T. ) ;
#6875 = LINE ( 'NONE', #10622, #4398 ) ;
#6876 = EDGE_CURVE ( 'NONE', #5365, #3584, #370, .T. ) ;
#6877 = SPHERICAL_SURFACE ( 'NONE', #2006, 1.000000000000000000 ) ;
#6878 = LINE ( 'NONE', #4159, #10570 ) ;
#6879 = CARTESIAN_POINT ( 'NONE',  ( 163.0908997220573156, -141.3403586390665794, 67.99999991151629786 ) ) ;
#6880 = CARTESIAN_POINT ( 'NONE',  ( 134.6488776595866170, -140.7226745282806064, 110.6572452183749959 ) ) ;
#6881 = ORIENTED_EDGE ( 'NONE', *, *, #11022, .T. ) ;
#6882 = ORIENTED_EDGE ( 'NONE', *, *, #2961, .F. ) ;
#6883 = CARTESIAN_POINT ( 'NONE',  ( 132.9952473269109987, -139.0123102907359964, 67.00080387731209441 ) ) ;
#6884 = ORIENTED_EDGE ( 'NONE', *, *, #6315, .T. ) ;
#6885 = ADVANCED_FACE ( 'NONE', ( #3005 ), #431, .F. ) ;
#6886 = AXIS2_PLACEMENT_3D ( 'NONE', #4661, #11116, #2557 ) ;
#6887 = LINE ( 'NONE', #1898, #6603 ) ;
#6888 = LINE ( 'NONE', #5776, #2403 ) ;
#6889 = CARTESIAN_POINT ( 'NONE',  ( 122.7906896327294106, -149.2489160658136029, 62.75000000000000000 ) ) ;
#6890 =( BOUNDED_CURVE ( )  B_SPLINE_CURVE ( 3, ( #11778, #387, #505, #571 ),
 .UNSPECIFIED., .F., .T. ) 
 B_SPLINE_CURVE_WITH_KNOTS ( ( 4, 4 ),
 ( 0.3669682297010204985, 0.3768339550617140210 ),
 .UNSPECIFIED. ) 
 CURVE ( )  GEOMETRIC_REPRESENTATION_ITEM ( )  RATIONAL_B_SPLINE_CURVE ( ( 1.000000000000000000, 0.9999918889717060999, 0.9999918889717060999, 1.000000000000000000 ) ) 
 REPRESENTATION_ITEM ( '' )  );
#6891 = DIRECTION ( 'NONE',  ( -1.000000000000000000, 0.000000000000000000, 0.000000000000000000 ) ) ;
#6892 = CARTESIAN_POINT ( 'NONE',  ( 135.1106248479624128, -114.4297640215114029, 60.27765112427590566 ) ) ;
#6893 = ORIENTED_EDGE ( 'NONE', *, *, #12072, .T. ) ;
#6894 = DIRECTION ( 'NONE',  ( -0.7071067811865560104, -0.7071067811865390240, 0.000000000000000000 ) ) ;
#6895 = VERTEX_POINT ( 'NONE', #6776 ) ;
#6896 = ORIENTED_EDGE ( 'NONE', *, *, #7, .F. ) ;
#6897 = ORIENTED_EDGE ( 'NONE', *, *, #11881, .F. ) ;
#6898 = CARTESIAN_POINT ( 'NONE',  ( 134.4078804521604411, -140.5448116748966072, 105.8302447691645227 ) ) ;
#6899 = CYLINDRICAL_SURFACE ( 'NONE', #3069, 0.9999999999999852340 ) ;
#6900 = DIRECTION ( 'NONE',  ( 3.752643576907700278E-15, 1.000000000000000000, -1.526556658859589750E-16 ) ) ;
#6901 = VECTOR ( 'NONE', #11680, 1000.000000000000114 ) ;
#6902 = PLANE ( 'NONE',  #1917 ) ;
#6903 = ORIENTED_EDGE ( 'NONE', *, *, #3681, .T. ) ;
#6904 = DIRECTION ( 'NONE',  ( -1.000000000000000000, 2.602085213964869829E-17, 0.000000000000000000 ) ) ;
#6905 = EDGE_CURVE ( 'NONE', #7518, #9532, #9721, .T. ) ;
#6906 = ADVANCED_FACE ( 'NONE', ( #6839 ), #6899, .F. ) ;
#6907 = ORIENTED_EDGE ( 'NONE', *, *, #5867, .T. ) ;
#6908 = CARTESIAN_POINT ( 'NONE',  ( 126.1898613801656950, -148.9952346115308330, 51.84375610397555079 ) ) ;
#6909 = ORIENTED_EDGE ( 'NONE', *, *, #5580, .F. ) ;
#6910 = CIRCLE ( 'NONE', #4152, 0.9999999999999964473 ) ;
#6911 = CARTESIAN_POINT ( 'NONE',  ( 130.2171133453898619, -134.8245525410660832, 56.00640280175948504 ) ) ;
#6912 = DIRECTION ( 'NONE',  ( -1.000000000000000000, 4.422034925190990811E-15, -4.727417165305189624E-14 ) ) ;
#6913 = ORIENTED_EDGE ( 'NONE', *, *, #5824, .F. ) ;
#6914 = CARTESIAN_POINT ( 'NONE',  ( 163.2171133453900040, -152.4297640746490003, 98.70216526821880620 ) ) ;
#6915 = VECTOR ( 'NONE', #6605, 1000.000000000000000 ) ;
#6916 = FACE_OUTER_BOUND ( 'NONE', #11056, .T. ) ;
#6917 = DIRECTION ( 'NONE',  ( 6.573933235254571056E-15, 0.000000000000000000, 1.000000000000000000 ) ) ;
#6918 = CARTESIAN_POINT ( 'NONE',  ( 132.5100065642033940, -136.4297640746490288, 66.70710669270299320 ) ) ;
#6919 = CARTESIAN_POINT ( 'NONE',  ( 160.2171131927750025, -148.2297640746490117, 103.7997837512839965 ) ) ;
#6920 = ADVANCED_FACE ( 'NONE', ( #10587 ), #6037, .F. ) ;
#6921 = ORIENTED_EDGE ( 'NONE', *, *, #11610, .F. ) ;
#6922 = ORIENTED_EDGE ( 'NONE', *, *, #7150, .T. ) ;
#6923 = CARTESIAN_POINT ( 'NONE',  ( 126.8043469377704042, -114.8297640215114086, 57.75000000000000000 ) ) ;
#6924 = ORIENTED_EDGE ( 'NONE', *, *, #712, .T. ) ;
#6925 = CARTESIAN_POINT ( 'NONE',  ( 132.7189581845198916, -140.5101937616579733, 67.29041612653118420 ) ) ;
#6926 = EDGE_CURVE ( 'NONE', #2148, #11393, #9401, .T. ) ;
#6927 = VERTEX_POINT ( 'NONE', #11697 ) ;
#6928 = DIRECTION ( 'NONE',  ( -3.159141067834900288E-38, 6.573933234426810631E-15, -1.000000000000000000 ) ) ;
#6929 = ORIENTED_EDGE ( 'NONE', *, *, #552, .F. ) ;
#6930 = DIRECTION ( 'NONE',  ( 3.614166547220949473E-15, 0.9999999999999058531, -4.340136074837018851E-07 ) ) ;
#6931 = DIRECTION ( 'NONE',  ( 7.166576360129189239E-17, -1.150608946447910180E-15, -1.000000000000000000 ) ) ;
#6932 = CARTESIAN_POINT ( 'NONE',  ( 132.6106248479624128, -117.8297640215114086, 60.27765112427590566 ) ) ;
#6933 = VECTOR ( 'NONE', #10353, 1000.000000000000000 ) ;
#6934 = VECTOR ( 'NONE', #57, 1000.000000000000000 ) ;
#6935 = LINE ( 'NONE', #10679, #5182 ) ;
#6936 = AXIS2_PLACEMENT_3D ( 'NONE', #10274, #9466, #7512 ) ;
#6937 = CARTESIAN_POINT ( 'NONE',  ( 161.2171133453899756, -134.4297640746490288, 80.50005035146730847 ) ) ;
#6938 = FACE_OUTER_BOUND ( 'NONE', #9726, .T. ) ;
#6939 = CARTESIAN_POINT ( 'NONE',  ( 138.1026081807310106, -144.2235739806430104, 106.3643259261839944 ) ) ;
#6940 = FACE_OUTER_BOUND ( 'NONE', #10103, .T. ) ;
#6941 = EDGE_CURVE ( 'NONE', #3368, #10336, #4668, .T. ) ;
#6942 = EDGE_LOOP ( 'NONE', ( #10582, #12028, #9493, #4590 ) ) ;
#6943 = ORIENTED_EDGE ( 'NONE', *, *, #3380, .T. ) ;
#6944 = EDGE_CURVE ( 'NONE', #6803, #8, #527, .T. ) ;
#6945 = ORIENTED_EDGE ( 'NONE', *, *, #20, .T. ) ;
#6946 = AXIS2_PLACEMENT_3D ( 'NONE', #3377, #9975, #4041 ) ;
#6947 = EDGE_CURVE ( 'NONE', #4833, #7996, #10523, .T. ) ;
#6948 = CARTESIAN_POINT ( 'NONE',  ( 162.3220493634017885, -122.5343885402446773, 62.72638565070641192 ) ) ;
#6949 = CARTESIAN_POINT ( 'NONE',  ( 164.2171132435119887, -153.4297640746490003, 62.74999974667980496 ) ) ;
#6950 = FACE_OUTER_BOUND ( 'NONE', #853, .T. ) ;
#6951 = FACE_OUTER_BOUND ( 'NONE', #8649, .T. ) ;
#6952 = DIRECTION ( 'NONE',  ( -1.197050093430770098E-14, -6.709576272139159973E-15, 1.000000000000000000 ) ) ;
#6953 = VECTOR ( 'NONE', #10635, 1000.000000000000000 ) ;
#6954 = VERTEX_POINT ( 'NONE', #4993 ) ;
#6955 = DIRECTION ( 'NONE',  ( 5.947210316807890714E-15, 1.000000000000000000, 6.351909800628989903E-14 ) ) ;
#6956 = EDGE_CURVE ( 'NONE', #6000, #6526, #1415, .T. ) ;
#6957 = ORIENTED_EDGE ( 'NONE', *, *, #2392, .T. ) ;
#6958 = ORIENTED_EDGE ( 'NONE', *, *, #9275, .F. ) ;
#6959 = EDGE_CURVE ( 'NONE', #10193, #2802, #8742, .T. ) ;
#6960 = ORIENTED_EDGE ( 'NONE', *, *, #9653, .F. ) ;
#6961 = CARTESIAN_POINT ( 'NONE',  ( 134.1000900540589384, -140.4297640215119714, 105.5245849497669894 ) ) ;
#6962 =( BOUNDED_CURVE ( )  B_SPLINE_CURVE ( 3, ( #7882, #7031, #1359, #2397 ),
 .UNSPECIFIED., .F., .F. ) 
 B_SPLINE_CURVE_WITH_KNOTS ( ( 4, 4 ),
 ( 5.645684026740410033, 6.276426431911310111 ),
 .UNSPECIFIED. ) 
 CURVE ( )  GEOMETRIC_REPRESENTATION_ITEM ( )  RATIONAL_B_SPLINE_CURVE ( ( 1.000000000000000000, 0.9671208724905319132, 0.9671208724905319132, 1.000000000000000000 ) ) 
 REPRESENTATION_ITEM ( '' )  );
#6963 = DIRECTION ( 'NONE',  ( 2.602085213964869829E-17, 1.000000000000000000, -1.526556658859589750E-16 ) ) ;
#6964 = DIRECTION ( 'NONE',  ( -1.000000000000000000, -9.644381700046879370E-17, -3.280705218723690196E-15 ) ) ;
#6965 = CARTESIAN_POINT ( 'NONE',  ( 163.2171133453900040, -119.4297640746489861, 98.70216526821819514 ) ) ;
#6966 = ORIENTED_EDGE ( 'NONE', *, *, #1590, .T. ) ;
#6967 = DIRECTION ( 'NONE',  ( 4.347672017730144212E-17, 1.049620874995413908E-16, 1.000000000000000000 ) ) ;
#6968 = VECTOR ( 'NONE', #3704, 1000.000000000000000 ) ;
#6969 = ORIENTED_EDGE ( 'NONE', *, *, #10380, .T. ) ;
#6970 = CARTESIAN_POINT ( 'NONE',  ( 135.2171131927750309, -148.0297640746490231, 103.7997837512839965 ) ) ;
#6971 = ORIENTED_EDGE ( 'NONE', *, *, #11501, .T. ) ;
#6972 = EDGE_LOOP ( 'NONE', ( #1961, #5674, #7723, #3973 ) ) ;
#6973 = CARTESIAN_POINT ( 'NONE',  ( 132.3423518103480205, -140.4202136972770063, 70.18416138999550924 ) ) ;
#6974 = CARTESIAN_POINT ( 'NONE',  ( 161.9850541444506575, -122.5577616446549030, 57.92292690616205419 ) ) ;
#6975 = VERTEX_POINT ( 'NONE', #5172 ) ;
#6976 = CARTESIAN_POINT ( 'NONE',  ( 133.2171133453900040, -136.4297640746490288, 66.99999991151649681 ) ) ;
#6977 = DIRECTION ( 'NONE',  ( 1.000000000000000000, 9.644381700027818519E-17, -8.125761577746330715E-13 ) ) ;
#6978 = LINE ( 'NONE', #6120, #5589 ) ;
#6979 = LINE ( 'NONE', #4140, #1021 ) ;
#6980 = CARTESIAN_POINT ( 'NONE',  ( 163.2171132912669975, -119.4297640746489861, 81.50005036323310037 ) ) ;
#6981 = ORIENTED_EDGE ( 'NONE', *, *, #5681, .F. ) ;
#6982 = VERTEX_POINT ( 'NONE', #5051 ) ;
#6983 = DIRECTION ( 'NONE',  ( 8.933825901280388903E-17, 1.000000000000000000, -8.933825901280388903E-17 ) ) ;
#6984 = ORIENTED_EDGE ( 'NONE', *, *, #2414, .T. ) ;
#6985 = CARTESIAN_POINT ( 'NONE',  ( 133.1026052450396548, -139.3606291801243060, 67.01121164367518190 ) ) ;
#6986 = ORIENTED_EDGE ( 'NONE', *, *, #1275, .T. ) ;
#6987 = CARTESIAN_POINT ( 'NONE',  ( 132.6472529537702485, -140.7217877446992986, 69.61066198649466230 ) ) ;
#6988 = ORIENTED_EDGE ( 'NONE', *, *, #5678, .F. ) ;
#6989 = EDGE_CURVE ( 'NONE', #5056, #9530, #11732, .T. ) ;
#6990 = CARTESIAN_POINT ( 'NONE',  ( 132.6106248479624128, -114.8297640215114086, 60.17765112427590424 ) ) ;
#6991 = EDGE_CURVE ( 'NONE', #4498, #8347, #7817, .T. ) ;
#6992 = VECTOR ( 'NONE', #2254, 999.9999999999998863 ) ;
#6993 = FACE_OUTER_BOUND ( 'NONE', #3740, .T. ) ;
#6994 = LINE ( 'NONE', #8776, #11348 ) ;
#6995 = LINE ( 'NONE', #4215, #6376 ) ;
#6996 = CARTESIAN_POINT ( 'NONE',  ( 138.6758768622362936, -144.4255074086967454, 106.2045132990826062 ) ) ;
#6997 = DIRECTION ( 'NONE',  ( -3.160768215787150073E-15, -1.000000000000000000, 1.526556658859589750E-16 ) ) ;
#6998 = LINE ( 'NONE', #10809, #2150 ) ;
#6999 = CARTESIAN_POINT ( 'NONE',  ( 132.3771133453899722, -144.5297640215119941, 66.54898615365620174 ) ) ;
#7000 = VERTEX_POINT ( 'NONE', #3934 ) ;
#7001 = VERTEX_POINT ( 'NONE', #2210 ) ;
#7002 = DIRECTION ( 'NONE',  ( 3.611935920203930620E-30, -7.253542152952179738E-15, 1.000000000000000000 ) ) ;
#7003 = CIRCLE ( 'NONE', #10723, 2.349999999999990763 ) ;
#7004 = AXIS2_PLACEMENT_3D ( 'NONE', #5608, #10689, #7923 ) ;
#7005 = FACE_OUTER_BOUND ( 'NONE', #9715, .T. ) ;
#7006 = ORIENTED_EDGE ( 'NONE', *, *, #11524, .F. ) ;
#7007 = CARTESIAN_POINT ( 'NONE',  ( 160.4664188612905207, -120.6924568549281389, 61.11600069394230417 ) ) ;
#7008 = ADVANCED_FACE ( 'NONE', ( #11577 ), #7877, .F. ) ;
#7009 = CARTESIAN_POINT ( 'NONE',  ( 147.7171133226179904, -140.4297640215119998, 109.2071629590849966 ) ) ;
#7010 = LINE ( 'NONE', #6826, #4194 ) ;
#7011 = VECTOR ( 'NONE', #1617, 1000.000000000000000 ) ;
#7012 = VECTOR ( 'NONE', #457, 1000.000000000000000 ) ;
#7013 = CARTESIAN_POINT ( 'NONE',  ( 162.8094094721379861, -148.4297640746490003, 102.0997837512840078 ) ) ;
#7014 = EDGE_CURVE ( 'NONE', #8660, #6868, #3995, .T. ) ;
#7015 = CARTESIAN_POINT ( 'NONE',  ( 132.6248169134119905, -148.2297640746490117, 105.4997837512840135 ) ) ;
#7017 = EDGE_CURVE ( 'NONE', #6587, #2641, #4438, .T. ) ;
#7016 = EDGE_LOOP ( 'NONE', ( #7638, #6222, #11257, #11829 ) ) ;
#7018 = CARTESIAN_POINT ( 'NONE',  ( 132.2171133453900040, -144.4297640746490003, 81.50005035146759269 ) ) ;
#7019 = ORIENTED_EDGE ( 'NONE', *, *, #12190, .T. ) ;
#7020 = ORIENTED_EDGE ( 'NONE', *, *, #6054, .F. ) ;
#7021 = VERTEX_POINT ( 'NONE', #5111 ) ;
#7022 = AXIS2_PLACEMENT_3D ( 'NONE', #5538, #857, #7791 ) ;
#7023 = CARTESIAN_POINT ( 'NONE',  ( 134.4809309310777223, -140.5866363182663861, 105.9029131769356411 ) ) ;
#7024 = ADVANCED_FACE ( 'NONE', ( #8001 ), #8251, .T. ) ;
#7025 = DIRECTION ( 'NONE',  ( 0.000000000000000000, -1.000000000000000000, -6.217248937900871104E-15 ) ) ;
#7026 = CYLINDRICAL_SURFACE ( 'NONE', #5362, 0.5899999999999873124 ) ;
#7027 = LINE ( 'NONE', #5114, #1327 ) ;
#7028 = EDGE_CURVE ( 'NONE', #1815, #7185, #8063, .T. ) ;
#7029 = VECTOR ( 'NONE', #10859, 1000.000000000000000 ) ;
#7030 = VERTEX_POINT ( 'NONE', #4247 ) ;
#7031 = CARTESIAN_POINT ( 'NONE',  ( 167.9954836606058279, -121.3775595948846444, 51.91664625081975259 ) ) ;
#7032 = VERTEX_POINT ( 'NONE', #9047 ) ;
#7033 = CARTESIAN_POINT ( 'NONE',  ( 129.7796740241493012, -135.1308508513080255, 51.13534865116200478 ) ) ;
#7034 = ORIENTED_EDGE ( 'NONE', *, *, #4663, .T. ) ;
#7035 = ORIENTED_EDGE ( 'NONE', *, *, #4909, .F. ) ;
#7036 = CARTESIAN_POINT ( 'NONE',  ( 135.1565633113736453, -141.7581107510765150, 106.3643259181409917 ) ) ;
#7037 = AXIS2_PLACEMENT_3D ( 'NONE', #8656, #9757, #1329 ) ;
#7038 = CIRCLE ( 'NONE', #4683, 1.000000000000000888 ) ;
#7039 = ORIENTED_EDGE ( 'NONE', *, *, #9842, .T. ) ;
#7040 = EDGE_CURVE ( 'NONE', #9241, #3631, #6163, .T. ) ;
#7041 = CARTESIAN_POINT ( 'NONE',  ( 160.1768364872660015, -145.4297640215119714, 114.2144502228039897 ) ) ;
#7042 = DIRECTION ( 'NONE',  ( -0.7071067811865405783, 0.000000000000000000, -0.7071067811865544561 ) ) ;
#7043 = CARTESIAN_POINT ( 'NONE',  ( 132.2171133453900040, -139.0155505122760076, 65.99999991151649681 ) ) ;
#7044 = CARTESIAN_POINT ( 'NONE',  ( 132.2171133453900040, -119.4297640746489861, 102.7500000000329976 ) ) ;
#7045 = VECTOR ( 'NONE', #7212, 1000.000000000000000 ) ;
#7046 = ORIENTED_EDGE ( 'NONE', *, *, #11204, .F. ) ;
#7047 = VECTOR ( 'NONE', #9771, 1000.000000000000000 ) ;
#7048 = EDGE_LOOP ( 'NONE', ( #7874, #2134, #37, #5061 ) ) ;
#7049 = PLANE ( 'NONE',  #881 ) ;
#7050 = ORIENTED_EDGE ( 'NONE', *, *, #10465, .T. ) ;
#7051 = DIRECTION ( 'NONE',  ( 0.000000000000000000, 1.000000000000000000, -1.526556658859589750E-16 ) ) ;
#7052 = ORIENTED_EDGE ( 'NONE', *, *, #2647, .T. ) ;
#7053 = CARTESIAN_POINT ( 'NONE',  ( 132.2171133453900040, -119.4459165395000042, 99.26432591814190687 ) ) ;
#7054 = DIRECTION ( 'NONE',  ( -1.000000000000000000, 0.000000000000000000, 0.000000000000000000 ) ) ;
#7055 = AXIS2_PLACEMENT_3D ( 'NONE', #1650, #4302, #3550 ) ;
#7056 = DIRECTION ( 'NONE',  ( -1.000000000000000000, 0.000000000000000000, 0.000000000000000000 ) ) ;
#7057 = CARTESIAN_POINT ( 'NONE',  ( 139.1231655244480123, -153.4297640215119714, 99.69100161576849928 ) ) ;
#7058 = CARTESIAN_POINT ( 'NONE',  ( 162.7170963449785006, -140.5154995110418099, 67.29300432955899680 ) ) ;
#7059 = CARTESIAN_POINT ( 'NONE',  ( 161.4671132039350141, -149.8297648895429859, 100.7500000000400036 ) ) ;
#7060 = LINE ( 'NONE', #4161, #7472 ) ;
#7061 = CYLINDRICAL_SURFACE ( 'NONE', #3312, 1.700000000000007061 ) ;
#7062 = ADVANCED_FACE ( 'NONE', ( #2515 ), #676, .T. ) ;
#7063 = CONICAL_SURFACE ( 'NONE', #1747, 0.9999999999999964473, 0.7853981633974490562 ) ;
#7064 = EDGE_CURVE ( 'NONE', #8531, #9684, #5230, .T. ) ;
#7065 = ORIENTED_EDGE ( 'NONE', *, *, #787, .F. ) ;
#7066 = ORIENTED_EDGE ( 'NONE', *, *, #10611, .F. ) ;
#7067 = CIRCLE ( 'NONE', #2142, 1.700000000000007061 ) ;
#7068 = CARTESIAN_POINT ( 'NONE',  ( 133.2205962099530154, -139.0123085243309902, 66.99999551029250711 ) ) ;
#7069 = FACE_OUTER_BOUND ( 'NONE', #5119, .T. ) ;
#7070 = ORIENTED_EDGE ( 'NONE', *, *, #10824, .F. ) ;
#7071 = DIRECTION ( 'NONE',  ( 3.160768215787150073E-15, 1.000000000000000000, -1.526556658859589750E-16 ) ) ;
#7072 = FACE_OUTER_BOUND ( 'NONE', #8645, .T. ) ;
#7073 = LINE ( 'NONE', #9033, #3004 ) ;
#7074 = CIRCLE ( 'NONE', #1760, 1.000000000000003997 ) ;
#7075 = CARTESIAN_POINT ( 'NONE',  ( 132.5100065642033940, -135.1368708558355820, 70.29289313032991515 ) ) ;
#7076 = CARTESIAN_POINT ( 'NONE',  ( 163.2171133453900609, -141.8439776370221352, 70.17157278677015597 ) ) ;
#7077 = LINE ( 'NONE', #5285, #8595 ) ;
#7078 = ORIENTED_EDGE ( 'NONE', *, *, #598, .T. ) ;
#7079 = DIRECTION ( 'NONE',  ( -1.656711940836460082E-15, -1.000000000000000000, 1.656711940836560070E-15 ) ) ;
#7080 = EDGE_CURVE ( 'NONE', #7872, #6982, #6404, .T. ) ;
#7081 = ORIENTED_EDGE ( 'NONE', *, *, #10073, .F. ) ;
#7082 = EDGE_LOOP ( 'NONE', ( #10417, #9442, #11693 ) ) ;
#7083 = ORIENTED_EDGE ( 'NONE', *, *, #1047, .T. ) ;
#7084 = EDGE_CURVE ( 'NONE', #1314, #5482, #2481, .T. ) ;
#7085 = CARTESIAN_POINT ( 'NONE',  ( 132.8746178622214416, -153.3873894043229029, 66.86863839954351363 ) ) ;
#7086 = CARTESIAN_POINT ( 'NONE',  ( 162.8236018428179932, -117.4297640215112040, 60.27765112427590566 ) ) ;
#7087 = CARTESIAN_POINT ( 'NONE',  ( 134.5414311498792017, -121.3560335131249985, 58.68743187465045708 ) ) ;
#7088 = LINE ( 'NONE', #3318, #3482 ) ;
#7089 = ORIENTED_EDGE ( 'NONE', *, *, #5669, .F. ) ;
#7090 = LINE ( 'NONE', #4316, #11460 ) ;
#7091 = ORIENTED_EDGE ( 'NONE', *, *, #6720, .T. ) ;
#7092 = CARTESIAN_POINT ( 'NONE',  ( 138.1026044211599810, -141.4297640215119998, 106.3643259181410059 ) ) ;
#7093 = ADVANCED_FACE ( 'NONE', ( #10149 ), #1540, .T. ) ;
#7094 = VERTEX_POINT ( 'NONE', #6292 ) ;
#7095 = ORIENTED_EDGE ( 'NONE', *, *, #11931, .T. ) ;
#7096 = EDGE_CURVE ( 'NONE', #9530, #5056, #10942, .T. ) ;
#7097 = LINE ( 'NONE', #1424, #8041 ) ;
#7098 = ORIENTED_EDGE ( 'NONE', *, *, #420, .F. ) ;
#7099 = EDGE_CURVE ( 'NONE', #122, #569, #6033, .T. ) ;
#7100 = CARTESIAN_POINT ( 'NONE',  ( 120.2171133453899898, -114.8297640215114086, 62.24960223581919649 ) ) ;
#7101 = LINE ( 'NONE', #1372, #11358 ) ;
#7102 = CARTESIAN_POINT ( 'NONE',  ( 162.2171133453900040, -139.0155505122760076, 66.99999991151639733 ) ) ;
#7103 = LINE ( 'NONE', #696, #3184 ) ;
#7104 = ORIENTED_EDGE ( 'NONE', *, *, #1099, .F. ) ;
#7105 = AXIS2_PLACEMENT_3D ( 'NONE', #5999, #517, #8835 ) ;
#7106 = EDGE_LOOP ( 'NONE', ( #6357, #11658, #10711, #10687 ) ) ;
#7107 = CARTESIAN_POINT ( 'NONE',  ( 158.5834021859320160, -140.4297640215119998, 104.5909950527140069 ) ) ;
#7108 = EDGE_CURVE ( 'NONE', #4804, #7460, #10091, .T. ) ;
#7109 = VERTEX_POINT ( 'NONE', #5476 ) ;
#7110 = DIRECTION ( 'NONE',  ( -1.000000000000000000, 0.000000000000000000, 0.000000000000000000 ) ) ;
#7111 = CARTESIAN_POINT ( 'NONE',  ( 161.2171133453899756, -138.0155505122760076, 68.99999991151629786 ) ) ;
#7112 = AXIS2_PLACEMENT_3D ( 'NONE', #7409, #72, #5680 ) ;
#7113 = FACE_OUTER_BOUND ( 'NONE', #4197, .T. ) ;
#7114 = CARTESIAN_POINT ( 'NONE',  ( 162.9268364872660015, -140.4297640215119998, 114.2144502228039897 ) ) ;
#7115 = DIRECTION ( 'NONE',  ( -4.664896225277170639E-15, 1.000000000000000000, 6.633052400461320667E-15 ) ) ;
#7116 = LINE ( 'NONE', #6196, #1837 ) ;
#7117 = B_SPLINE_CURVE_WITH_KNOTS ( 'NONE', 3,
 ( #9424, #7643, #11398, #10469, #4868, #188, #11453, #3006, #5552, #5975 ),
 .UNSPECIFIED., .F., .F.,
 ( 4, 2, 2, 2, 4 ),
 ( 0.000000000000000000, 0.2500000000000000000, 0.5000000000000000000, 0.7500000000000000000, 1.000000000000000000 ),
 .UNSPECIFIED. ) ;
#7118 = DIRECTION ( 'NONE',  ( 5.947210316807140508E-15, 1.000000000000000000, -1.526556658859844897E-16 ) ) ;
#7119 = DIRECTION ( 'NONE',  ( 1.000000000000000000, 0.000000000000000000, -8.810118433399939970E-15 ) ) ;
#7120 = AXIS2_PLACEMENT_3D ( 'NONE', #5808, #203, #326 ) ;
#7121 = CARTESIAN_POINT ( 'NONE',  ( 132.2171133453900040, -123.4296722848586114, 62.74648661845989750 ) ) ;
#7122 = DIRECTION ( 'NONE',  ( 0.7071067811865631159, 0.7071067811865320296, -5.849066938289880319E-25 ) ) ;
#7123 = EDGE_LOOP ( 'NONE', ( #867, #10628, #1096, #4723, #10870, #2025, #6159 ) ) ;
#7124 = ORIENTED_EDGE ( 'NONE', *, *, #598, .F. ) ;
#7125 = CARTESIAN_POINT ( 'NONE',  ( 171.4963841853485178, -138.4888805644081913, 58.25000000000000000 ) ) ;
#7126 = DIRECTION ( 'NONE',  ( -0.7071067811865475727, 0.000000000000000000, 0.7071067811865475727 ) ) ;
#7127 = ORIENTED_EDGE ( 'NONE', *, *, #2567, .T. ) ;
#7128 = AXIS2_PLACEMENT_3D ( 'NONE', #1295, #11517, #6904 ) ;
#7129 = LINE ( 'NONE', #8911, #699 ) ;
#7130 = CARTESIAN_POINT ( 'NONE',  ( 173.2171134944015023, -127.4297660426496037, 58.25000000000000000 ) ) ;
#7131 = DIRECTION ( 'NONE',  ( 7.166576360129189239E-17, -1.526556658859589750E-16, -1.000000000000000000 ) ) ;
#7132 = EDGE_CURVE ( 'NONE', #5593, #198, #7271, .T. ) ;
#7133 = CARTESIAN_POINT ( 'NONE',  ( 163.9242200722935081, -142.4297640746490003, 80.79294358067420490 ) ) ;
#7134 = CARTESIAN_POINT ( 'NONE',  ( 132.2171133453900040, -153.4297640746490003, 61.49999987333970353 ) ) ;
#7135 = CARTESIAN_POINT ( 'NONE',  ( 132.2171133574399846, -142.4297640746490003, 70.99999993839659851 ) ) ;
#7136 = EDGE_LOOP ( 'NONE', ( #3782, #5122, #5425, #11196, #3149, #4227 ) ) ;
#7137 = DIRECTION ( 'NONE',  ( -2.181134504332795135E-16, 1.000000000000000000, 6.604345163285380259E-15 ) ) ;
#7138 = VECTOR ( 'NONE', #5689, 1000.000000000000000 ) ;
#7139 = ORIENTED_EDGE ( 'NONE', *, *, #5968, .F. ) ;
#7140 = ORIENTED_EDGE ( 'NONE', *, *, #11091, .T. ) ;
#7141 = ORIENTED_EDGE ( 'NONE', *, *, #2577, .F. ) ;
#7142 = CARTESIAN_POINT ( 'NONE',  ( 132.9553151804609854, -139.0155505122760076, 66.99999991151649681 ) ) ;
#7143 = EDGE_CURVE ( 'NONE', #8617, #5482, #1658, .T. ) ;
#7144 = DIRECTION ( 'NONE',  ( -1.000000000000000000, 0.000000000000000000, 0.000000000000000000 ) ) ;
#7145 = AXIS2_PLACEMENT_3D ( 'NONE', #8238, #10819, #11804 ) ;
#7146 = DIRECTION ( 'NONE',  ( -0.7071067811865709984, 0.000000000000000000, -0.7071067811865240360 ) ) ;
#7147 = EDGE_CURVE ( 'NONE', #1758, #2340, #9163, .T. ) ;
#7148 = CARTESIAN_POINT ( 'NONE',  ( 163.2171133453900040, -119.4297640746489861, 96.26432591814179318 ) ) ;
#7149 = ORIENTED_EDGE ( 'NONE', *, *, #10595, .F. ) ;
#7150 = EDGE_CURVE ( 'NONE', #4176, #5758, #2790, .T. ) ;
#7151 = ORIENTED_EDGE ( 'NONE', *, *, #7543, .F. ) ;
#7152 = FACE_OUTER_BOUND ( 'NONE', #6428, .T. ) ;
#7153 = ORIENTED_EDGE ( 'NONE', *, *, #11815, .F. ) ;
#7154 = VECTOR ( 'NONE', #3224, 1000.000000000000000 ) ;
#7155 = ORIENTED_EDGE ( 'NONE', *, *, #4820, .F. ) ;
#7156 = FACE_OUTER_BOUND ( 'NONE', #97, .T. ) ;
#7157 = EDGE_LOOP ( 'NONE', ( #8589, #11528, #4926, #10702 ) ) ;
#7158 = CARTESIAN_POINT ( 'NONE',  ( 132.2171133453900040, -144.5297640215119941, 67.14091634279270693 ) ) ;
#7159 = EDGE_CURVE ( 'NONE', #1972, #9508, #1927, .T. ) ;
#7160 = CARTESIAN_POINT ( 'NONE',  ( 163.2171133453900040, -138.8513368967660142, 80.50005036020991156 ) ) ;
#7161 = EDGE_CURVE ( 'NONE', #1740, #8861, #10351, .T. ) ;
#7162 = CIRCLE ( 'NONE', #2045, 1.700000000000007061 ) ;
#7163 = DIRECTION ( 'NONE',  ( -1.666513209668970211E-24, 1.000000000000000000, 7.105427357601000281E-15 ) ) ;
#7164 = ADVANCED_FACE ( 'NONE', ( #4961 ), #4554, .T. ) ;
#7165 = CARTESIAN_POINT ( 'NONE',  ( 163.1867387273269969, -132.6704041748513987, 51.11866876023839978 ) ) ;
#7166 = ORIENTED_EDGE ( 'NONE', *, *, #2791, .F. ) ;
#7167 = VERTEX_POINT ( 'NONE', #3744 ) ;
#7168 = EDGE_CURVE ( 'NONE', #10193, #7032, #725, .T. ) ;
#7169 = CARTESIAN_POINT ( 'NONE',  ( 134.8189621995599907, -140.9064506193840032, 109.3643767811250029 ) ) ;
#7170 = ORIENTED_EDGE ( 'NONE', *, *, #12180, .T. ) ;
#7171 = FACE_OUTER_BOUND ( 'NONE', #1399, .T. ) ;
#7172 = LINE ( 'NONE', #4455, #10638 ) ;
#7173 = VECTOR ( 'NONE', #2306, 1000.000000000000000 ) ;
#7174 = CARTESIAN_POINT ( 'NONE',  ( 130.2171133453900609, -121.0197522289687413, 56.00640280175956320 ) ) ;
#7175 = DIRECTION ( 'NONE',  ( -1.839127707451779632E-16, 1.000000000000000000, 6.594174199523000714E-15 ) ) ;
#7176 = LINE ( 'NONE', #7970, #10754 ) ;
#7177 = ADVANCED_FACE ( 'NONE', ( #275 ), #4617, .T. ) ;
#7178 = LINE ( 'NONE', #10924, #1244 ) ;
#7179 = EDGE_CURVE ( 'NONE', #10884, #596, #10743, .T. ) ;
#7180 = DIRECTION ( 'NONE',  ( -4.693170399087417723E-14, -0.08715574274765774954, -0.9961946980917455452 ) ) ;
#7181 = LINE ( 'NONE', #6200, #6250 ) ;
#7182 = CARTESIAN_POINT ( 'NONE',  ( 162.4971686658606416, -153.4144215368914672, 66.73705760559191447 ) ) ;
#7183 = CARTESIAN_POINT ( 'NONE',  ( 132.2171133453900040, -154.4297640746490003, 62.74999974667980496 ) ) ;
#7184 = ORIENTED_EDGE ( 'NONE', *, *, #5738, .T. ) ;
#7185 = VERTEX_POINT ( 'NONE', #10273 ) ;
#7186 = DIRECTION ( 'NONE',  ( -1.000000000000000000, 3.428366991868289935E-10, 2.449293595359300259E-16 ) ) ;
#7187 = LINE ( 'NONE', #4166, #5310 ) ;
#7188 = ORIENTED_EDGE ( 'NONE', *, *, #1152, .F. ) ;
#7189 = AXIS2_PLACEMENT_3D ( 'NONE', #4007, #6912, #7891 ) ;
#7190 = LINE ( 'NONE', #8169, #3252 ) ;
#7191 = CARTESIAN_POINT ( 'NONE',  ( 162.2171133453900040, -126.9297640746490146, 80.50005035146730847 ) ) ;
#7192 = EDGE_CURVE ( 'NONE', #10160, #7800, #4026, .T. ) ;
#7193 = DIRECTION ( 'NONE',  ( 0.000000000000000000, -1.000000000000000000, 1.526556658859589750E-16 ) ) ;
#7194 = CARTESIAN_POINT ( 'NONE',  ( 132.2171133453900040, -119.4297640746489861, 81.50005035146759269 ) ) ;
#7195 = LINE ( 'NONE', #10944, #8346 ) ;
#7196 = CARTESIAN_POINT ( 'NONE',  ( 135.2171133453900040, -140.4297640215119998, 93.86432591833310823 ) ) ;
#7197 = VECTOR ( 'NONE', #3220, 999.9999999999998863 ) ;
#7198 = AXIS2_PLACEMENT_3D ( 'NONE', #6691, #5640, #8474 ) ;
#7199 = CARTESIAN_POINT ( 'NONE',  ( 162.8236018428179932, -120.9297640215111898, 60.27765112427590566 ) ) ;
#7200 = EDGE_LOOP ( 'NONE', ( #10882, #10279, #6309, #12124, #8321, #2491 ) ) ;
#7201 = ORIENTED_EDGE ( 'NONE', *, *, #2284, .F. ) ;
#7202 = ORIENTED_EDGE ( 'NONE', *, *, #8814, .T. ) ;
#7203 = DIRECTION ( 'NONE',  ( 1.000000000000000000, 0.000000000000000000, 0.000000000000000000 ) ) ;
#7204 = DIRECTION ( 'NONE',  ( 0.3826834323650791236, 0.9238795325112911794, -2.053912595556540783E-15 ) ) ;
#7205 = VECTOR ( 'NONE', #9061, 1000.000000000000000 ) ;
#7206 = VECTOR ( 'NONE', #8646, 1000.000000000000000 ) ;
#7207 = DIRECTION ( 'NONE',  ( -4.832939597814259772E-15, -1.000000000000000000, -6.432020515982920536E-15 ) ) ;
#7208 = CARTESIAN_POINT ( 'NONE',  ( 162.4671133453900040, -153.4288862965329940, 66.54481858505810976 ) ) ;
#7209 = CARTESIAN_POINT ( 'NONE',  ( 132.2474879634529827, -132.6704041748515976, 51.11866876023839978 ) ) ;
#7210 = PRESENTATION_STYLE_ASSIGNMENT (( #5233 ) ) ;
#7211 = ORIENTED_EDGE ( 'NONE', *, *, #10179, .T. ) ;
#7212 = DIRECTION ( 'NONE',  ( 5.947210316807140508E-15, 1.000000000000000000, -1.526556658859579889E-16 ) ) ;
#7213 = EDGE_LOOP ( 'NONE', ( #835, #6097, #8703, #11225 ) ) ;
#7214 = VECTOR ( 'NONE', #1472, 1000.000000000000000 ) ;
#7215 = DIRECTION ( 'NONE',  ( -7.823253522622070727E-15, -4.324081227642570066E-15, -1.000000000000000000 ) ) ;
#7216 = ADVANCED_FACE ( 'NONE', ( #6469 ), #10331, .T. ) ;
#7217 = ORIENTED_EDGE ( 'NONE', *, *, #3316, .T. ) ;
#7218 = VERTEX_POINT ( 'NONE', #3104 ) ;
#7219 = EDGE_CURVE ( 'NONE', #575, #9794, #7422, .T. ) ;
#7220 = CARTESIAN_POINT ( 'NONE',  ( 141.2106690963749998, -141.4297640215119998, 106.3643259181410059 ) ) ;
#7221 = ORIENTED_EDGE ( 'NONE', *, *, #3895, .F. ) ;
#7222 = CARTESIAN_POINT ( 'NONE',  ( 133.6669467408600269, -153.4297640746490003, 83.34999974667989875 ) ) ;
#7223 = AXIS2_PLACEMENT_3D ( 'NONE', #2382, #11870, #10945 ) ;
#7224 = FACE_OUTER_BOUND ( 'NONE', #762, .T. ) ;
#7225 = VECTOR ( 'NONE', #8092, 1000.000000000000000 ) ;
#7226 = CARTESIAN_POINT ( 'NONE',  ( 175.0944109522625922, -149.3400037959812892, 60.32390591561480164 ) ) ;
#7227 = CARTESIAN_POINT ( 'NONE',  ( 132.6248169134119905, -148.0297640746490231, 105.4997837512840135 ) ) ;
#7228 = DIRECTION ( 'NONE',  ( 0.000000000000000000, -1.000000000000000000, -6.816794526063130539E-15 ) ) ;
#7229 = ORIENTED_EDGE ( 'NONE', *, *, #1513, .T. ) ;
#7230 = CARTESIAN_POINT ( 'NONE',  ( 162.7170963449785006, -140.5154995110418099, 67.29300432955899680 ) ) ;
#7231 = AXIS2_PLACEMENT_3D ( 'NONE', #8223, #3227, #7119 ) ;
#7232 = ORIENTED_EDGE ( 'NONE', *, *, #4586, .T. ) ;
#7233 = EDGE_CURVE ( 'NONE', #11598, #8747, #4903, .T. ) ;
#7234 = DIRECTION ( 'NONE',  ( 6.655181513076777155E-16, 0.08715574274765774954, 0.9961946980917455452 ) ) ;
#7235 = AXIS2_PLACEMENT_3D ( 'NONE', #2531, #754, #6308 ) ;
#7236 = DIRECTION ( 'NONE',  ( -0.5000000000000011102, -0.5000000000000011102, -0.7071067811865459074 ) ) ;
#7237 = CARTESIAN_POINT ( 'NONE',  ( 133.0664558081502094, -121.2411318770749915, 53.47602185630490368 ) ) ;
#7238 = EDGE_CURVE ( 'NONE', #5517, #3553, #4123, .T. ) ;
#7239 = PLANE ( 'NONE',  #6424 ) ;
#7240 = DIRECTION ( 'NONE',  ( -0.8125199200687529544, -0.3365567705908004137, -0.4759631494779386629 ) ) ;
#7241 = CARTESIAN_POINT ( 'NONE',  ( 162.6399203444899797, -144.5297640215119941, 66.13179315275620240 ) ) ;
#7242 = CIRCLE ( 'NONE', #10381, 2.750000000000002665 ) ;
#7243 = CARTESIAN_POINT ( 'NONE',  ( 134.2171133453900040, -138.0155505122760076, 68.99999991151649681 ) ) ;
#7244 = CARTESIAN_POINT ( 'NONE',  ( 133.2171133453900040, -134.4297640746490288, 80.50005035146759269 ) ) ;
#7245 = DIRECTION ( 'NONE',  ( 2.602086448421814690E-17, 1.000000000000000000, -2.104188999757570205E-24 ) ) ;
#7246 = CARTESIAN_POINT ( 'NONE',  ( 122.9144919146266091, -148.4297640215249885, 55.97801179947970240 ) ) ;
#7247 = VERTEX_POINT ( 'NONE', #9289 ) ;
#7248 = ORIENTED_EDGE ( 'NONE', *, *, #10305, .T. ) ;
#7249 = LINE ( 'NONE', #3351, #5229 ) ;
#7250 = CARTESIAN_POINT ( 'NONE',  ( 128.7171133751922127, -154.4297640215114882, 56.75000000000000000 ) ) ;
#7251 = ORIENTED_EDGE ( 'NONE', *, *, #6287, .T. ) ;
#7252 = EDGE_CURVE ( 'NONE', #5276, #3938, #6873, .T. ) ;
#7253 = AXIS2_PLACEMENT_3D ( 'NONE', #2188, #2248, #6010 ) ;
#7254 = VECTOR ( 'NONE', #5781, 1000.000000000000000 ) ;
#7255 = ADVANCED_FACE ( 'NONE', ( #8368 ), #12129, .T. ) ;
#7256 = CARTESIAN_POINT ( 'NONE',  ( 162.0209365267924966, -147.1833324234449947, 54.47436513418849557 ) ) ;
#7257 = CARTESIAN_POINT ( 'NONE',  ( 175.2171132998489895, -149.4297640746490003, 94.35358147955619756 ) ) ;
#7258 = DIRECTION ( 'NONE',  ( 0.008142047127310449856, 5.981805089575196986E-15, -0.9999668529849259357 ) ) ;
#7259 = CARTESIAN_POINT ( 'NONE',  ( 138.3385337754459954, -144.2932885930789837, 110.3643259181410059 ) ) ;
#7260 = DIRECTION ( 'NONE',  ( 1.035913176755866132E-14, 0.000000000000000000, -1.000000000000000000 ) ) ;
#7261 = LINE ( 'NONE', #9897, #9177 ) ;
#7262 = CIRCLE ( 'NONE', #1155, 2.350000000000004974 ) ;
#7263 = CARTESIAN_POINT ( 'NONE',  ( 136.9171131927749911, -148.2297640746490117, 105.4997837512840135 ) ) ;
#7264 = ORIENTED_EDGE ( 'NONE', *, *, #3829, .T. ) ;
#7265 = ORIENTED_EDGE ( 'NONE', *, *, #8197, .T. ) ;
#7266 = VERTEX_POINT ( 'NONE', #6529 ) ;
#7267 = EDGE_CURVE ( 'NONE', #7109, #9978, #1836, .T. ) ;
#7268 = CARTESIAN_POINT ( 'NONE',  ( 132.8847643922174484, -153.3919863986454857, 66.85220799620346099 ) ) ;
#7269 = CARTESIAN_POINT ( 'NONE',  ( 139.0808597668969924, -140.4297640215119998, 111.3679489095640065 ) ) ;
#7270 = VECTOR ( 'NONE', #870, 1000.000000000000000 ) ;
#7271 = LINE ( 'NONE', #10831, #8781 ) ;
#7272 = DIRECTION ( 'NONE',  ( 1.000000000000000000, 0.000000000000000000, 0.000000000000000000 ) ) ;
#7273 = LINE ( 'NONE', #5360, #1543 ) ;
#7274 = ORIENTED_EDGE ( 'NONE', *, *, #2121, .T. ) ;
#7275 = CARTESIAN_POINT ( 'NONE',  ( 138.5534817955150118, -144.3492280394030161, 109.3654812871660056 ) ) ;
#7276 = ORIENTED_EDGE ( 'NONE', *, *, #1445, .T. ) ;
#7277 = AXIS2_PLACEMENT_3D ( 'NONE', #302, #430, #7816 ) ;
#7278 = CARTESIAN_POINT ( 'NONE',  ( 161.7171133453900040, -139.9297640746490288, 74.87499989243629273 ) ) ;
#7279 = ORIENTED_EDGE ( 'NONE', *, *, #9550, .F. ) ;
#7280 = ORIENTED_EDGE ( 'NONE', *, *, #6298, .F. ) ;
#7281 = CARTESIAN_POINT ( 'NONE',  ( 132.2171133453900040, -144.5297640215119941, 67.14091634279270693 ) ) ;
#7282 = ORIENTED_EDGE ( 'NONE', *, *, #4756, .F. ) ;
#7283 = VECTOR ( 'NONE', #8460, 1000.000000000000000 ) ;
#7284 = DIRECTION ( 'NONE',  ( 0.3198345585774038935, 0.2239505688958659257, 0.9206258728880126752 ) ) ;
#7285 = CARTESIAN_POINT ( 'NONE',  ( 121.2171133453899898, -149.8297640215150182, 102.7500000000290044 ) ) ;
#7286 = CARTESIAN_POINT ( 'NONE',  ( 164.9581797555491107, -148.9312122422498419, 50.28580741592644188 ) ) ;
#7287 = LINE ( 'NONE', #10230, #675 ) ;
#7288 = EDGE_CURVE ( 'NONE', #1780, #9762, #3079, .T. ) ;
#7289 =( BOUNDED_CURVE ( )  B_SPLINE_CURVE ( 2, ( #204, #3952, #6798 ),
 .UNSPECIFIED., .F., .F. ) 
 B_SPLINE_CURVE_WITH_KNOTS ( ( 3, 3 ),
 ( 0.000000000000000000, 0.2442381172378330079 ),
 .UNSPECIFIED. ) 
 CURVE ( )  GEOMETRIC_REPRESENTATION_ITEM ( )  RATIONAL_B_SPLINE_CURVE ( ( 1.000000000000000000, 1.015612364819010072, 1.021439453501929995 ) ) 
 REPRESENTATION_ITEM ( '' )  );
#7290 = DIRECTION ( 'NONE',  ( 0.7071067811865500152, 0.7071067811865450192, 2.498001805406600244E-16 ) ) ;
#7291 = EDGE_LOOP ( 'NONE', ( #5223, #10701 ) ) ;
#7292 = PLANE ( 'NONE',  #9332 ) ;
#7293 = ORIENTED_EDGE ( 'NONE', *, *, #10243, .F. ) ;
#7294 = CARTESIAN_POINT ( 'NONE',  ( 132.2171133453900040, -119.4297640746489861, 71.99999984474889914 ) ) ;
#7295 = CARTESIAN_POINT ( 'NONE',  ( 132.9671133453900040, -144.5297640215119941, 66.54898615365620174 ) ) ;
#7296 = CARTESIAN_POINT ( 'NONE',  ( 132.2171133453900040, -141.8439776370219931, 68.99999991151659628 ) ) ;
#7297 = CARTESIAN_POINT ( 'NONE',  ( 160.2171131927750025, -154.4297640746490003, 103.7997837512839965 ) ) ;
#7298 = CARTESIAN_POINT ( 'NONE',  ( 136.1768285230070319, -143.3701826227380138, 106.3076996213039962 ) ) ;
#7299 = FACE_OUTER_BOUND ( 'NONE', #4699, .T. ) ;
#7300 = EDGE_CURVE ( 'NONE', #4507, #8722, #10558, .T. ) ;
#7301 = CARTESIAN_POINT ( 'NONE',  ( 162.2171133453900040, -119.4297640746489861, 80.50005035146730847 ) ) ;
#7302 = DIRECTION ( 'NONE',  ( 2.602085213964869829E-17, 1.000000000000000000, -1.526556658859589750E-16 ) ) ;
#7303 = CARTESIAN_POINT ( 'NONE',  ( 162.4671133453900040, -153.4287171616819876, 66.55091634279270352 ) ) ;
#7304 = LINE ( 'NONE', #3535, #1948 ) ;
#7305 = EDGE_CURVE ( 'NONE', #10256, #8320, #915, .T. ) ;
#7306 = ORIENTED_EDGE ( 'NONE', *, *, #3849, .F. ) ;
#7307 = VERTEX_POINT ( 'NONE', #585 ) ;
#7308 = CARTESIAN_POINT ( 'NONE',  ( 162.4671133453900040, -140.4797640480800283, 66.54898615365620174 ) ) ;
#7309 = DIRECTION ( 'NONE',  ( -0.3198345585774040045, 0.2239505688958640384, 0.9206258728880131192 ) ) ;
#7310 = ORIENTED_EDGE ( 'NONE', *, *, #6468, .F. ) ;
#7311 = AXIS2_PLACEMENT_3D ( 'NONE', #96, #11479, #10495 ) ;
#7312 = DIRECTION ( 'NONE',  ( -4.751910101198859687E-14, 4.052677489049489696E-14, -1.000000000000000000 ) ) ;
#7313 = LINE ( 'NONE', #12053, #7316 ) ;
#7314 = CARTESIAN_POINT ( 'NONE',  ( 161.2171130401599726, -153.4297640746490003, 103.6640618979710098 ) ) ;
#7315 = ADVANCED_FACE ( 'NONE', ( #3161 ), #7913, .F. ) ;
#7316 = VECTOR ( 'NONE', #4725, 1000.000000000000000 ) ;
#7317 = DIRECTION ( 'NONE',  ( -2.449293589365029737E-16, 7.253542152952170271E-15, -1.000000000000000000 ) ) ;
#7318 = CARTESIAN_POINT ( 'NONE',  ( 157.1171131927750082, -148.2297640746490117, 103.7997837512839965 ) ) ;
#7319 = EDGE_CURVE ( 'NONE', #8069, #8822, #6444, .T. ) ;
#7320 = DIRECTION ( 'NONE',  ( -1.205027857103396617E-08, 0.000000000000000000, 0.9999999999999998890 ) ) ;
#7321 = DIRECTION ( 'NONE',  ( -1.000000000000000000, 0.000000000000000000, 0.000000000000000000 ) ) ;
#7322 = EDGE_CURVE ( 'NONE', #9387, #4578, #9816, .T. ) ;
#7323 = ORIENTED_EDGE ( 'NONE', *, *, #7238, .T. ) ;
#7324 = ORIENTED_EDGE ( 'NONE', *, *, #6137, .T. ) ;
#7325 = ADVANCED_FACE ( 'NONE', ( #8894 ), #6134, .F. ) ;
#7326 = ORIENTED_EDGE ( 'NONE', *, *, #7928, .T. ) ;
#7327 = VECTOR ( 'NONE', #3284, 1000.000000000000000 ) ;
#7328 = DIRECTION ( 'NONE',  ( -3.160768215787150073E-15, -1.000000000000000000, 1.526556646962079803E-16 ) ) ;
#7329 = DIRECTION ( 'NONE',  ( 0.000000000000000000, -1.000000000000000000, -6.573933234426810631E-15 ) ) ;
#7330 = DIRECTION ( 'NONE',  ( -0.8125199200687529544, -0.3365567705908004137, -0.4759631494779386629 ) ) ;
#7331 = CARTESIAN_POINT ( 'NONE',  ( 134.3523569186378381, -121.5740538549382990, 58.48328751625481914 ) ) ;
#7332 = FACE_OUTER_BOUND ( 'NONE', #2985, .T. ) ;
#7333 = EDGE_CURVE ( 'NONE', #1815, #569, #10678, .T. ) ;
#7334 = VECTOR ( 'NONE', #8641, 1000.000000000000000 ) ;
#7335 = AXIS2_PLACEMENT_3D ( 'NONE', #8469, #4656, #11359 ) ;
#7336 = ORIENTED_EDGE ( 'NONE', *, *, #8795, .T. ) ;
#7337 = CIRCLE ( 'NONE', #2154, 3.099999999999991651 ) ;
#7338 = CARTESIAN_POINT ( 'NONE',  ( 138.5471919346560128, -144.3486097299980031, 111.3654853939009968 ) ) ;
#7339 = ADVANCED_FACE ( 'NONE', ( #9874 ), #1523, .F. ) ;
#7340 = ORIENTED_EDGE ( 'NONE', *, *, #4730, .F. ) ;
#7341 = DIRECTION ( 'NONE',  ( -2.602085213964869829E-17, -1.000000000000000000, 1.526556658859589750E-16 ) ) ;
#7342 = EDGE_LOOP ( 'NONE', ( #1176, #4686, #8756, #366 ) ) ;
#7343 = ORIENTED_EDGE ( 'NONE', *, *, #2502, .T. ) ;
#7344 = DIRECTION ( 'NONE',  ( 1.000000000000000000, -2.602085213964869829E-17, 7.166576360129189239E-17 ) ) ;
#7345 = CIRCLE ( 'NONE', #11451, 2.899999999999986144 ) ;
#7346 = EDGE_LOOP ( 'NONE', ( #3953, #9114, #6479, #2520 ) ) ;
#7347 = FACE_OUTER_BOUND ( 'NONE', #7847, .T. ) ;
#7348 = CARTESIAN_POINT ( 'NONE',  ( 175.2171133453905156, -149.4193518720470024, 62.24960223581899754 ) ) ;
#7349 = CARTESIAN_POINT ( 'NONE',  ( 140.9671133340039830, -119.4297640746489861, 69.99999991151649681 ) ) ;
#7350 = EDGE_CURVE ( 'NONE', #6702, #10518, #5089, .T. ) ;
#7351 = CARTESIAN_POINT ( 'NONE',  ( 162.5348491462128493, -139.9687649262108096, 69.89626168081964863 ) ) ;
#7352 = CARTESIAN_POINT ( 'NONE',  ( 141.2106690963749998, -140.7226572403253897, 106.0714326993276018 ) ) ;
#7353 = ORIENTED_EDGE ( 'NONE', *, *, #4239, .F. ) ;
#7354 = CARTESIAN_POINT ( 'NONE',  ( 124.2171133453900040, -153.1834562892635176, 64.74999999999928946 ) ) ;
#7355 = ORIENTED_EDGE ( 'NONE', *, *, #8289, .T. ) ;
#7356 = CARTESIAN_POINT ( 'NONE',  ( 134.5525628008136607, -121.0879891165397595, 61.85477070373491415 ) ) ;
#7357 = CARTESIAN_POINT ( 'NONE',  ( 132.9915805301509977, -114.4297640215114029, 54.47937835699730158 ) ) ;
#7358 = CARTESIAN_POINT ( 'NONE',  ( 163.2171133453900040, -144.5297640215119941, 67.14091634279270693 ) ) ;
#7359 = AXIS2_PLACEMENT_3D ( 'NONE', #10439, #7792, #2007 ) ;
#7360 = DIRECTION ( 'NONE',  ( -7.166576360129189239E-17, 1.526556658859589750E-16, 1.000000000000000000 ) ) ;
#7361 =( BOUNDED_CURVE ( )  B_SPLINE_CURVE ( 3, ( #11415, #3093, #9623, #7664 ),
 .UNSPECIFIED., .F., .F. ) 
 B_SPLINE_CURVE_WITH_KNOTS ( ( 4, 4 ),
 ( 5.906351361293540769, 5.916217090298649950 ),
 .UNSPECIFIED. ) 
 CURVE ( )  GEOMETRIC_REPRESENTATION_ITEM ( )  RATIONAL_B_SPLINE_CURVE ( ( 1.000000000000000000, 0.9999918889657140042, 0.9999918889657140042, 1.000000000000000000 ) ) 
 REPRESENTATION_ITEM ( '' )  );
#7362 = CARTESIAN_POINT ( 'NONE',  ( 158.5171131927750139, -148.4297640746490003, 102.0997837512840078 ) ) ;
#7363 = CARTESIAN_POINT ( 'NONE',  ( 172.5197347761535127, -148.4297640215245906, 55.97801179947970240 ) ) ;
#7364 = DIRECTION ( 'NONE',  ( 2.449293589365379794E-16, 0.000000000000000000, 1.000000000000000000 ) ) ;
#7365 = CARTESIAN_POINT ( 'NONE',  ( 125.4555982874533981, -137.4261365246752007, 53.38549640900540538 ) ) ;
#7366 = ORIENTED_EDGE ( 'NONE', *, *, #9031, .F. ) ;
#7367 = DIRECTION ( 'NONE',  ( -1.000000000000000000, 0.000000000000000000, 0.000000000000000000 ) ) ;
#7368 = AXIS2_PLACEMENT_3D ( 'NONE', #5963, #9833, #7989 ) ;
#7369 = ORIENTED_EDGE ( 'NONE', *, *, #8113, .T. ) ;
#7370 = EDGE_LOOP ( 'NONE', ( #592, #11840, #5272, #8994, #6701 ) ) ;
#7371 = CARTESIAN_POINT ( 'NONE',  ( 124.4669320541446069, -120.4297639207661916, 62.75000000000000000 ) ) ;
#7372 = B_SPLINE_CURVE_WITH_KNOTS ( 'NONE', 3,
 ( #1015, #2800, #9328, #9389 ),
 .UNSPECIFIED., .F., .F.,
 ( 4, 4 ),
 ( 0.000000000000000000, 0.06441016893578579983 ),
 .UNSPECIFIED. ) ;
#7373 = PLANE ( 'NONE',  #6886 ) ;
#7374 = VERTEX_POINT ( 'NONE', #11850 ) ;
#7375 = EDGE_CURVE ( 'NONE', #11023, #4268, #6005, .T. ) ;
#7376 = EDGE_CURVE ( 'NONE', #6954, #4015, #7176, .T. ) ;
#7377 = FACE_OUTER_BOUND ( 'NONE', #5686, .T. ) ;
#7378 = DIRECTION ( 'NONE',  ( 3.795479038480990023E-15, 1.000000000000000000, 6.166077388880450850E-15 ) ) ;
#7379 = CARTESIAN_POINT ( 'NONE',  ( 154.6834021859320103, -143.4297640215119714, 99.69100161576849928 ) ) ;
#7380 = LINE ( 'NONE', #8357, #10785 ) ;
#7381 = DIRECTION ( 'NONE',  ( 0.7083865439939137643, 0.000000000000000000, -0.7058246979869428062 ) ) ;
#7382 = CYLINDRICAL_SURFACE ( 'NONE', #11549, 3.099999999999991651 ) ;
#7383 = DIRECTION ( 'NONE',  ( -0.9238795325112774126, 0.3826834323651122638, 0.000000000000000000 ) ) ;
#7384 = VERTEX_POINT ( 'NONE', #4094 ) ;
#7385 = ORIENTED_EDGE ( 'NONE', *, *, #8059, .F. ) ;
#7386 = VECTOR ( 'NONE', #1378, 1000.000000000000000 ) ;
#7387 = EDGE_LOOP ( 'NONE', ( #6729, #5635, #891, #11392 ) ) ;
#7388 = EDGE_CURVE ( 'NONE', #9826, #4638, #6994, .T. ) ;
#7389 = DIRECTION ( 'NONE',  ( -1.000000000000000000, 5.947210316807140508E-15, 8.810118433399939970E-15 ) ) ;
#7390 = EDGE_CURVE ( 'NONE', #3306, #9416, #341, .T. ) ;
#7391 = CARTESIAN_POINT ( 'NONE',  ( 161.2171133453899756, -138.9297640746490288, 68.99999991151629786 ) ) ;
#7392 = DIRECTION ( 'NONE',  ( -7.166575421336909520E-17, 2.548831665378349982E-09, 1.000000000000000000 ) ) ;
#7393 = STYLED_ITEM ( 'NONE', ( #9645 ), #5657 ) ;
#7394 = CARTESIAN_POINT ( 'NONE',  ( 163.2171133453904872, -149.7113989081723844, 51.03123712248029875 ) ) ;
#7395 = ORIENTED_EDGE ( 'NONE', *, *, #5848, .T. ) ;
#7396 = LINE ( 'NONE', #10098, #1137 ) ;
#7397 = ORIENTED_EDGE ( 'NONE', *, *, #4360, .T. ) ;
#7398 = ORIENTED_EDGE ( 'NONE', *, *, #5134, .T. ) ;
#7399 = DIRECTION ( 'NONE',  ( 0.7071067811865822117, 0.000000000000000000, 0.7071067811865128228 ) ) ;
#7400 = ORIENTED_EDGE ( 'NONE', *, *, #3841, .T. ) ;
#7401 = EDGE_LOOP ( 'NONE', ( #10281, #10097, #4419, #1652 ) ) ;
#7402 = VECTOR ( 'NONE', #722, 1000.000000000000000 ) ;
#7403 = VECTOR ( 'NONE', #6326, 1000.000000000000114 ) ;
#7404 = CARTESIAN_POINT ( 'NONE',  ( 166.7171133155879943, -154.4297640215109766, 56.75000000000000000 ) ) ;
#7405 = EDGE_CURVE ( 'NONE', #1780, #2083, #4277, .T. ) ;
#7406 = VERTEX_POINT ( 'NONE', #463 ) ;
#7407 = EDGE_CURVE ( 'NONE', #596, #8980, #3343, .T. ) ;
#7408 = DIRECTION ( 'NONE',  ( -0.7071067811865474617, 0.7071067811865474617, -8.384891817111633449E-16 ) ) ;
#7409 = CARTESIAN_POINT ( 'NONE',  ( 161.2171133453899756, -138.0155505122760076, 68.99999991151629786 ) ) ;
#7410 = CARTESIAN_POINT ( 'NONE',  ( 163.2171133453900040, -148.6145749091940047, 98.71913840945249774 ) ) ;
#7411 = CARTESIAN_POINT ( 'NONE',  ( 162.4813287556950172, -139.8082161175102556, 69.92756882563040222 ) ) ;
#7412 = AXIS2_PLACEMENT_3D ( 'NONE', #8091, #7175, #6256 ) ;
#7413 = CIRCLE ( 'NONE', #1700, 6.999999999999997335 ) ;
#7414 = LINE ( 'NONE', #11159, #10657 ) ;
#7415 = ORIENTED_EDGE ( 'NONE', *, *, #2408, .F. ) ;
#7416 = CARTESIAN_POINT ( 'NONE',  ( 133.9425134960249864, -140.4297640215119998, 105.3643259181410059 ) ) ;
#7417 = ORIENTED_EDGE ( 'NONE', *, *, #9488, .T. ) ;
#7418 = DIRECTION ( 'NONE',  ( 1.000000000000000000, 0.000000000000000000, 0.000000000000000000 ) ) ;
#7419 = CARTESIAN_POINT ( 'NONE',  ( 163.2171133453904872, -151.9297640215109766, 53.24960223581900465 ) ) ;
#7420 = ADVANCED_FACE ( 'NONE', ( #9938 ), #1324, .F. ) ;
#7421 = CARTESIAN_POINT ( 'NONE',  ( 160.5504590586534732, -120.9396747112330246, 59.23755697945395582 ) ) ;
#7422 = CIRCLE ( 'NONE', #8587, 0.9999999999999964473 ) ;
#7423 = DIRECTION ( 'NONE',  ( 2.602085213964869829E-17, 1.000000000000000000, -1.526556658859589750E-16 ) ) ;
#7424 = DIRECTION ( 'NONE',  ( -0.003006621206021729744, 0.0004223085201736249679, 0.9999953909315969502 ) ) ;
#7425 = PLANE ( 'NONE',  #6343 ) ;
#7426 = CARTESIAN_POINT ( 'NONE',  ( 132.9671133453900040, -153.4287711522630104, 66.54898615365620174 ) ) ;
#7427 = VECTOR ( 'NONE', #3608, 1000.000000000000000 ) ;
#7428 = ORIENTED_EDGE ( 'NONE', *, *, #7824, .T. ) ;
#7429 = VECTOR ( 'NONE', #27, 1000.000000000000000 ) ;
#7430 = LINE ( 'NONE', #8643, #2989 ) ;
#7431 = FACE_OUTER_BOUND ( 'NONE', #1435, .T. ) ;
#7432 = ORIENTED_EDGE ( 'NONE', *, *, #5756, .T. ) ;
#7433 = ORIENTED_EDGE ( 'NONE', *, *, #8728, .F. ) ;
#7434 = DIRECTION ( 'NONE',  ( 7.166576360129189239E-17, 0.000000000000000000, -1.000000000000000000 ) ) ;
#7435 = CARTESIAN_POINT ( 'NONE',  ( 175.2171132998429925, -140.4297640215119998, 106.4785814967400057 ) ) ;
#7436 = VERTEX_POINT ( 'NONE', #405 ) ;
#7437 = CYLINDRICAL_SURFACE ( 'NONE', #6406, 0.9999999999999964473 ) ;
#7438 = CIRCLE ( 'NONE', #2892, 0.9000000000000119016 ) ;
#7439 = VECTOR ( 'NONE', #10168, 999.9999999999998863 ) ;
#7440 = FACE_OUTER_BOUND ( 'NONE', #2539, .T. ) ;
#7441 = CARTESIAN_POINT ( 'NONE',  ( 163.0571133453900075, -144.5297640215119941, 66.54898615365620174 ) ) ;
#7442 = CARTESIAN_POINT ( 'NONE',  ( 154.6834021859320103, -140.4297640215119998, 99.69100161576849928 ) ) ;
#7443 = FACE_OUTER_BOUND ( 'NONE', #9390, .T. ) ;
#7444 = EDGE_CURVE ( 'NONE', #9624, #5181, #8032, .T. ) ;
#7445 = DIRECTION ( 'NONE',  ( 3.160768215787150073E-15, 1.000000000000000000, -1.526556658859589750E-16 ) ) ;
#7446 = EDGE_CURVE ( 'NONE', #5933, #1774, #10739, .T. ) ;
#7447 = DIRECTION ( 'NONE',  ( 1.214306495755049877E-16, -1.000000000000000000, -8.143165513045820519E-15 ) ) ;
#7448 = CIRCLE ( 'NONE', #4483, 0.9999999999999866773 ) ;
#7449 = ORIENTED_EDGE ( 'NONE', *, *, #3406, .F. ) ;
#7450 = ORIENTED_EDGE ( 'NONE', *, *, #4592, .F. ) ;
#7451 = AXIS2_PLACEMENT_3D ( 'NONE', #2200, #8793, #10759 ) ;
#7452 = VERTEX_POINT ( 'NONE', #2422 ) ;
#7453 = DIRECTION ( 'NONE',  ( -8.933825902267958940E-17, -1.000000000000000000, 8.933825895486639428E-17 ) ) ;
#7454 = DIRECTION ( 'NONE',  ( -1.734923811392220086E-15, -1.000000000000000000, -1.734923811392220086E-15 ) ) ;
#7455 = CARTESIAN_POINT ( 'NONE',  ( 121.1991873743999975, -150.4118380298749855, 108.8158570650340096 ) ) ;
#7456 = DIRECTION ( 'NONE',  ( -0.3281699088141229459, -6.249710229795319290E-15, 0.9446187119409238386 ) ) ;
#7457 = EDGE_CURVE ( 'NONE', #1438, #10209, #6074, .T. ) ;
#7458 = VERTEX_POINT ( 'NONE', #5567 ) ;
#7459 = CARTESIAN_POINT ( 'NONE',  ( 132.1171131927750082, -154.4297640746490003, 103.7997837512839965 ) ) ;
#7460 = VERTEX_POINT ( 'NONE', #3652 ) ;
#7461 = VERTEX_POINT ( 'NONE', #1630 ) ;
#7462 = PLANE ( 'NONE',  #11308 ) ;
#7463 = EDGE_CURVE ( 'NONE', #5363, #9826, #5446, .T. ) ;
#7464 = EDGE_LOOP ( 'NONE', ( #310, #5178, #9295, #402 ) ) ;
#7465 = ORIENTED_EDGE ( 'NONE', *, *, #7179, .T. ) ;
#7466 = CIRCLE ( 'NONE', #3717, 1.000000000000000888 ) ;
#7467 = CARTESIAN_POINT ( 'NONE',  ( 157.8268364872660072, -145.4297640215119714, 114.2144502228039897 ) ) ;
#7468 = CARTESIAN_POINT ( 'NONE',  ( 162.2171133453900040, -136.4297640746490288, 82.74999987335620233 ) ) ;
#7469 = CARTESIAN_POINT ( 'NONE',  ( 131.7927195482903926, -147.3507808046219907, 49.80964333461439963 ) ) ;
#7470 = DIRECTION ( 'NONE',  ( -2.602085213964869829E-17, -1.000000000000000000, 1.526556658859589750E-16 ) ) ;
#7471 = DIRECTION ( 'NONE',  ( 1.000000000000000000, -2.602085208171029758E-17, 3.795397004524730393E-10 ) ) ;
#7472 = VECTOR ( 'NONE', #7975, 1000.000000000000000 ) ;
#7473 = ORIENTED_EDGE ( 'NONE', *, *, #4613, .F. ) ;
#7474 = CARTESIAN_POINT ( 'NONE',  ( 139.0487075593123336, -145.0044356276470978, 111.1105466040344965 ) ) ;
#7475 = EDGE_CURVE ( 'NONE', #10232, #7247, #9136, .T. ) ;
#7476 = VERTEX_POINT ( 'NONE', #4583 ) ;
#7477 = LINE ( 'NONE', #4575, #493 ) ;
#7478 = EDGE_CURVE ( 'NONE', #9238, #1085, #5649, .T. ) ;
#7479 = VERTEX_POINT ( 'NONE', #6500 ) ;
#7480 = CARTESIAN_POINT ( 'NONE',  ( 133.0402023749483646, -122.6068384297223446, 62.74067542603275882 ) ) ;
#7481 = EDGE_CURVE ( 'NONE', #5471, #6177, #8155, .T. ) ;
#7482 = LINE ( 'NONE', #9549, #1968 ) ;
#7483 = CARTESIAN_POINT ( 'NONE',  ( 160.9536451068630640, -121.4264419968764201, 58.61608051461521285 ) ) ;
#7484 = DIRECTION ( 'NONE',  ( -1.000000000000000000, 0.000000000000000000, 0.000000000000000000 ) ) ;
#7485 = CYLINDRICAL_SURFACE ( 'NONE', #8006, 4.999999999999998224 ) ;
#7486 = LINE ( 'NONE', #4652, #11675 ) ;
#7487 = CARTESIAN_POINT ( 'NONE',  ( 138.2867128259859726, -144.2780314244430144, 106.3477732560709939 ) ) ;
#7488 = ADVANCED_FACE ( 'NONE', ( #11104 ), #3528, .T. ) ;
#7489 = EDGE_LOOP ( 'NONE', ( #7504, #6988, #10477, #2456 ) ) ;
#7490 = CARTESIAN_POINT ( 'NONE',  ( 161.3199637664145314, -134.5326144956733287, 81.01711433486475755 ) ) ;
#7491 = CARTESIAN_POINT ( 'NONE',  ( 165.2171133453901746, -144.0488782002692858, 56.00640280175944241 ) ) ;
#7492 = ORIENTED_EDGE ( 'NONE', *, *, #11671, .T. ) ;
#7493 = ORIENTED_EDGE ( 'NONE', *, *, #3659, .T. ) ;
#7494 = DIRECTION ( 'NONE',  ( -1.666513209668970211E-24, 1.000000000000000000, 6.217248937900871104E-15 ) ) ;
#7495 = DIRECTION ( 'NONE',  ( -4.795077199544540083E-24, 1.000000000000000000, 6.573933234426810631E-15 ) ) ;
#7496 = ORIENTED_EDGE ( 'NONE', *, *, #7192, .F. ) ;
#7497 = CARTESIAN_POINT ( 'NONE',  ( 154.6834021859320103, -153.4297640215119714, 112.4405461112039859 ) ) ;
#7498 = CARTESIAN_POINT ( 'NONE',  ( 161.2171133453899756, -138.0155505122760076, 69.99999991151639733 ) ) ;
#7499 = CARTESIAN_POINT ( 'NONE',  ( 157.8268364872660072, -140.8297640215119770, 114.2144502228039897 ) ) ;
#7500 = LINE ( 'NONE', #1768, #5842 ) ;
#7501 = DIRECTION ( 'NONE',  ( 1.177071316573370074E-14, -3.233485681020110351E-15, 1.000000000000000000 ) ) ;
#7502 = DIRECTION ( 'NONE',  ( 0.000000000000000000, 1.000000000000000000, -1.526556658859589750E-16 ) ) ;
#7503 = CARTESIAN_POINT ( 'NONE',  ( 127.4387430301743507, -136.0375236264612226, 51.91664625081959628 ) ) ;
#7504 = ORIENTED_EDGE ( 'NONE', *, *, #10444, .T. ) ;
#7505 = ORIENTED_EDGE ( 'NONE', *, *, #1906, .T. ) ;
#7506 = AXIS2_PLACEMENT_3D ( 'NONE', #839, #4596, #3664 ) ;
#7507 = ORIENTED_EDGE ( 'NONE', *, *, #7683, .T. ) ;
#7508 =( NAMED_UNIT ( * ) PLANE_ANGLE_UNIT ( ) SI_UNIT ( $, .RADIAN. ) );
#7509 = EDGE_CURVE ( 'NONE', #4193, #3537, #8339, .T. ) ;
#7510 = VECTOR ( 'NONE', #9515, 1000.000000000000000 ) ;
#7511 = DIRECTION ( 'NONE',  ( 0.000000000000000000, 6.709576272139210460E-15, -1.000000000000000000 ) ) ;
#7512 = DIRECTION ( 'NONE',  ( 1.000000000000000000, 0.000000000000000000, 0.000000000000000000 ) ) ;
#7513 = CARTESIAN_POINT ( 'NONE',  ( 135.2171131927750309, -154.2297640746490117, 103.7997837512839965 ) ) ;
#7514 = ORIENTED_EDGE ( 'NONE', *, *, #11744, .F. ) ;
#7515 = LINE ( 'NONE', #3867, #7630 ) ;
#7516 = AXIS2_PLACEMENT_3D ( 'NONE', #11669, #6076, #2244 ) ;
#7517 = ORIENTED_EDGE ( 'NONE', *, *, #6209, .F. ) ;
#7518 = VERTEX_POINT ( 'NONE', #10003 ) ;
#7519 = CARTESIAN_POINT ( 'NONE',  ( 157.6248169134119905, -148.0297640746490231, 105.4997837512840135 ) ) ;
#7520 = ORIENTED_EDGE ( 'NONE', *, *, #7904, .T. ) ;
#7521 = ORIENTED_EDGE ( 'NONE', *, *, #6874, .F. ) ;
#7522 = CARTESIAN_POINT ( 'NONE',  ( 133.2171133453900040, -153.4297640746490003, 98.59347481217798759 ) ) ;
#7523 = EDGE_CURVE ( 'NONE', #9298, #6866, #3221, .T. ) ;
#7524 = ADVANCED_FACE ( 'NONE', ( #2546 ), #4645, .T. ) ;
#7525 = DIRECTION ( 'NONE',  ( 0.4082482904638640719, -0.4082482904638624066, 0.8164965809277259234 ) ) ;
#7526 = VECTOR ( 'NONE', #1108, 1000.000000000000000 ) ;
#7527 = VECTOR ( 'NONE', #3315, 1000.000000000000000 ) ;
#7528 = DIRECTION ( 'NONE',  ( -0.7071067814549162334, 0.000000000000000000, 0.7071067809181789121 ) ) ;
#7529 = DIRECTION ( 'NONE',  ( 1.000000000000000000, -3.965082230804126670E-15, 0.000000000000000000 ) ) ;
#7530 = LINE ( 'NONE', #1736, #3019 ) ;
#7531 = VERTEX_POINT ( 'NONE', #5389 ) ;
#7532 = CARTESIAN_POINT ( 'NONE',  ( 134.2171133453900040, -138.0155505122760076, 67.99999991151649681 ) ) ;
#7533 = ORIENTED_EDGE ( 'NONE', *, *, #10140, .F. ) ;
#7534 = LINE ( 'NONE', #9371, #11106 ) ;
#7535 = CIRCLE ( 'NONE', #4185, 1.700000000000007061 ) ;
#7536 = EDGE_LOOP ( 'NONE', ( #6532, #7217, #7336, #6268 ) ) ;
#7537 = CARTESIAN_POINT ( 'NONE',  ( 133.1332509496454293, -122.5132565907885294, 62.72242900597614579 ) ) ;
#7538 = CARTESIAN_POINT ( 'NONE',  ( 168.6298797530100160, -114.6297640215111926, 57.75000000000000000 ) ) ;
#7539 = EDGE_CURVE ( 'NONE', #167, #6710, #5453, .T. ) ;
#7540 = CARTESIAN_POINT ( 'NONE',  ( 160.2171131927750025, -148.2297640746490117, 103.7997837512839965 ) ) ;
#7541 = CARTESIAN_POINT ( 'NONE',  ( 165.2171133453904872, -144.0488782002692005, 57.98985306244370719 ) ) ;
#7542 = DIRECTION ( 'NONE',  ( 2.602085213965009729E-17, 1.000000000000000000, -1.150608946447880006E-15 ) ) ;
#7543 = EDGE_CURVE ( 'NONE', #3385, #12091, #3718, .T. ) ;
#7544 = LINE ( 'NONE', #11105, #8133 ) ;
#7545 = ADVANCED_FACE ( 'NONE', ( #6378 ), #7485, .T. ) ;
#7546 = CARTESIAN_POINT ( 'NONE',  ( 138.2544634701539792, -144.2689533927120067, 106.3527280778099851 ) ) ;
#7547 = CARTESIAN_POINT ( 'NONE',  ( 132.2171133453900040, -119.4297640746489861, 96.26432591814179318 ) ) ;
#7548 = EDGE_LOOP ( 'NONE', ( #11388, #7155, #6632, #5084, #983, #181, #4052, #2528, #4937 ) ) ;
#7549 = CARTESIAN_POINT ( 'NONE',  ( 120.2171133453899898, -149.4297640746490003, 100.7500000000290044 ) ) ;
#7550 = CARTESIAN_POINT ( 'NONE',  ( 132.2171133453900040, -142.4297640746490003, 76.25002519175579607 ) ) ;
#7551 = ORIENTED_EDGE ( 'NONE', *, *, #8899, .F. ) ;
#7552 = ORIENTED_EDGE ( 'NONE', *, *, #3208, .T. ) ;
#7553 = CARTESIAN_POINT ( 'NONE',  ( 169.9786284033270078, -138.1586012779320072, 53.38549640900540538 ) ) ;
#7554 = CARTESIAN_POINT ( 'NONE',  ( 132.3771133453901143, -152.9723504732990591, 67.07978435237576775 ) ) ;
#7555 = ORIENTED_EDGE ( 'NONE', *, *, #4377, .F. ) ;
#7556 = EDGE_CURVE ( 'NONE', #3248, #7637, #11126, .T. ) ;
#7557 = CARTESIAN_POINT ( 'NONE',  ( 165.2171133453904872, -134.8245525410657990, 57.98985306244379956 ) ) ;
#7558 = FACE_OUTER_BOUND ( 'NONE', #8689, .T. ) ;
#7559 = EDGE_CURVE ( 'NONE', #6780, #8394, #8576, .T. ) ;
#7560 = CARTESIAN_POINT ( 'NONE',  ( 129.5543469377703900, -114.4297640215114029, 57.75000000000000000 ) ) ;
#7561 = FACE_BOUND ( 'NONE', #3874, .T. ) ;
#7562 = CARTESIAN_POINT ( 'NONE',  ( 175.2171133453905156, -126.4297640215112040, 64.75000000000000000 ) ) ;
#7563 = CONICAL_SURFACE ( 'NONE', #6582, 3.299999999999997158, 0.7853981633973456944 ) ;
#7564 = CARTESIAN_POINT ( 'NONE',  ( 136.9171131927749911, -148.4297640746490003, 105.4997837512840135 ) ) ;
#7565 = DIRECTION ( 'NONE',  ( -3.795364715681070248E-10, 4.548321616152170030E-16, 1.000000000000000000 ) ) ;
#7566 = ORIENTED_EDGE ( 'NONE', *, *, #8585, .F. ) ;
#7567 = ORIENTED_EDGE ( 'NONE', *, *, #6035, .T. ) ;
#7568 = ORIENTED_EDGE ( 'NONE', *, *, #4062, .T. ) ;
#7569 = EDGE_CURVE ( 'NONE', #8822, #3753, #2963, .T. ) ;
#7570 = AXIS2_PLACEMENT_3D ( 'NONE', #8598, #7501, #5652 ) ;
#7571 = FILL_AREA_STYLE ('',( #2990 ) ) ;
#7572 = CARTESIAN_POINT ( 'NONE',  ( 160.2171133453899756, -131.6797640242459977, 91.62502517858249007 ) ) ;
#7573 = CARTESIAN_POINT ( 'NONE',  ( 162.9321047147589923, -153.1354266629131757, 67.13293443760036894 ) ) ;
#7574 = AXIS2_PLACEMENT_3D ( 'NONE', #11284, #4703, #5685 ) ;
#7575 = ORIENTED_EDGE ( 'NONE', *, *, #2222, .T. ) ;
#7576 = LINE ( 'NONE', #11328, #1925 ) ;
#7577 = ORIENTED_EDGE ( 'NONE', *, *, #5440, .F. ) ;
#7578 = VERTEX_POINT ( 'NONE', #7599 ) ;
#7579 = ORIENTED_EDGE ( 'NONE', *, *, #11201, .F. ) ;
#7580 = VERTEX_POINT ( 'NONE', #10483 ) ;
#7581 = CARTESIAN_POINT ( 'NONE',  ( 173.2171134944019855, -148.4297640215245906, 57.08879711976310034 ) ) ;
#7582 = DIRECTION ( 'NONE',  ( -3.160768215787150073E-15, -1.000000000000000000, 1.526556658859589750E-16 ) ) ;
#7583 = DIRECTION ( 'NONE',  ( -0.3201841039085919216, -0.2192636771836919962, -0.9216320195566870543 ) ) ;
#7584 = DIRECTION ( 'NONE',  ( 0.000000000000000000, -1.000000000000000000, 1.526556658859589750E-16 ) ) ;
#7585 = ORIENTED_EDGE ( 'NONE', *, *, #5901, .T. ) ;
#7586 = DIRECTION ( 'NONE',  ( 0.4397326120323201137, -0.1821432117215256719, 0.8794652240646018138 ) ) ;
#7587 = ADVANCED_FACE ( 'NONE', ( #6622 ), #9378, .F. ) ;
#7588 = EDGE_CURVE ( 'NONE', #869, #6304, #6794, .T. ) ;
#7589 = EDGE_LOOP ( 'NONE', ( #1920, #6492, #3382, #7251 ) ) ;
#7590 = CIRCLE ( 'NONE', #9947, 2.500000000000002220 ) ;
#7591 = AXIS2_PLACEMENT_3D ( 'NONE', #9296, #866, #4627 ) ;
#7592 = CARTESIAN_POINT ( 'NONE',  ( 138.3171131927749968, -148.2297640746490117, 103.7997837512839965 ) ) ;
#7593 = VERTEX_POINT ( 'NONE', #8521 ) ;
#7594 = CARTESIAN_POINT ( 'NONE',  ( 122.2171131963781932, -148.4297640215245906, 62.75000000000000000 ) ) ;
#7595 = B_SPLINE_SURFACE_WITH_KNOTS ( 'NONE', 3, 3, ( 
 ( #4224, #10568, #9417, #2136, #1149, #286 ),
 ( #8661, #5152, #1210, #5898, #7980, #6013 ),
 ( #9764, #8850, #11618, #4035, #223, #4165 ),
 ( #6883, #3114, #3290, #5955, #3975, #9701 ),
 ( #7068, #8906, #1269, #11678, #7863, #472 ) ),
 .UNSPECIFIED., .F., .F., .F.,
 ( 4, 1, 4 ),
 ( 4, 1, 1, 4 ),
 ( 0.000000000000000000, 0.5714285714285709528, 1.001528267858600163 ),
 ( -1.572324594653489838, -0.8975979010256540658, -0.4487989505128269774, 0.001528267858601050104 ),
 .UNSPECIFIED. ) ;
#7596 = CARTESIAN_POINT ( 'NONE',  ( 136.9671132267069993, -149.8297640215160129, 102.7500000000349871 ) ) ;
#7597 = VECTOR ( 'NONE', #5069, 1000.000000000000000 ) ;
#7598 = AXIS2_PLACEMENT_3D ( 'NONE', #8349, #1192, #10551 ) ;
#7599 = CARTESIAN_POINT ( 'NONE',  ( 131.2171133886560028, -142.4297640746490003, 70.99999989292740565 ) ) ;
#7600 = DIRECTION ( 'NONE',  ( 0.000000000000000000, 1.000000000000000000, 6.573933234426810631E-15 ) ) ;
#7601 = PLANE ( 'NONE',  #44 ) ;
#7602 = DIRECTION ( 'NONE',  ( -1.000000000000000000, 3.480590576041360211E-15, 0.000000000000000000 ) ) ;
#7603 = EDGE_CURVE ( 'NONE', #1594, #2614, #8696, .T. ) ;
#7604 = ORIENTED_EDGE ( 'NONE', *, *, #8076, .F. ) ;
#7605 = FACE_OUTER_BOUND ( 'NONE', #8164, .T. ) ;
#7606 = DIRECTION ( 'NONE',  ( 1.000000000000000000, -3.683226109728400325E-15, 7.166576360129239776E-17 ) ) ;
#7607 = EDGE_LOOP ( 'NONE', ( #7551, #11331, #7766, #6881 ) ) ;
#7608 = ORIENTED_EDGE ( 'NONE', *, *, #4874, .T. ) ;
#7609 = CARTESIAN_POINT ( 'NONE',  ( 126.2171133453899898, -134.4297640215112040, 58.25000000000000000 ) ) ;
#7610 = AXIS2_PLACEMENT_3D ( 'NONE', #9229, #3683, #3966 ) ;
#7611 = EDGE_CURVE ( 'NONE', #1376, #1174, #6559, .T. ) ;
#7612 = DIRECTION ( 'NONE',  ( 1.000000000000000000, 4.795077207320080361E-24, -1.654362112574570050E-24 ) ) ;
#7613 = ORIENTED_EDGE ( 'NONE', *, *, #7478, .F. ) ;
#7614 = DIRECTION ( 'NONE',  ( 2.590556446196890316E-16, -0.7071067811865520136, 0.7071067811865431318 ) ) ;
#7615 = CARTESIAN_POINT ( 'NONE',  ( 160.2932338128784977, -138.3982339446410208, 68.99999991151629786 ) ) ;
#7616 = CARTESIAN_POINT ( 'NONE',  ( 132.2932516633033799, -141.4613015650051864, 68.99999991151649681 ) ) ;
#7617 = VECTOR ( 'NONE', #1690, 1000.000000000000000 ) ;
#7618 = DIRECTION ( 'NONE',  ( -2.449293589365049951E-16, 6.709576272139220715E-15, -1.000000000000000000 ) ) ;
#7619 = CARTESIAN_POINT ( 'NONE',  ( 161.2171133453899756, -138.0155505122760076, 68.99999991151629786 ) ) ;
#7620 = DIRECTION ( 'NONE',  ( -1.000000000000000000, -9.644381717139278980E-17, -1.028189605211130024E-14 ) ) ;
#7621 = ADVANCED_FACE ( 'NONE', ( #10301 ), #3774, .F. ) ;
#7622 = ORIENTED_EDGE ( 'NONE', *, *, #12075, .F. ) ;
#7623 = ORIENTED_EDGE ( 'NONE', *, *, #8556, .T. ) ;
#7624 = EDGE_CURVE ( 'NONE', #7374, #3045, #8990, .T. ) ;
#7625 = ORIENTED_EDGE ( 'NONE', *, *, #11866, .F. ) ;
#7626 = AXIS2_PLACEMENT_3D ( 'NONE', #10248, #12039, #890 ) ;
#7627 = AXIS2_PLACEMENT_3D ( 'NONE', #11896, #5313, #2714 ) ;
#7628 = DIRECTION ( 'NONE',  ( 0.000000000000000000, -1.000000000000000000, 2.327875578288750051E-16 ) ) ;
#7629 = DIRECTION ( 'NONE',  ( -5.947210316807140508E-15, -1.000000000000000000, 1.526556658859829860E-16 ) ) ;
#7630 = VECTOR ( 'NONE', #4623, 1000.000000000000000 ) ;
#7631 = CIRCLE ( 'NONE', #5076, 1.500000000000001332 ) ;
#7632 = ORIENTED_EDGE ( 'NONE', *, *, #11162, .T. ) ;
#7633 = CARTESIAN_POINT ( 'NONE',  ( 162.3677708826299977, -132.0969567164432021, 53.47602185630490368 ) ) ;
#7634 = EDGE_CURVE ( 'NONE', #2842, #1758, #11293, .T. ) ;
#7635 = ORIENTED_EDGE ( 'NONE', *, *, #8640, .F. ) ;
#7636 = ORIENTED_EDGE ( 'NONE', *, *, #9842, .F. ) ;
#7637 = VERTEX_POINT ( 'NONE', #11468 ) ;
#7638 = ORIENTED_EDGE ( 'NONE', *, *, #5419, .F. ) ;
#7639 = CARTESIAN_POINT ( 'NONE',  ( 163.2171133453900040, -139.6473732064530111, 71.00071504642980358 ) ) ;
#7640 = AXIS2_PLACEMENT_3D ( 'NONE', #5222, #12003, #11809 ) ;
#7641 = CIRCLE ( 'NONE', #10359, 1.000000000000000888 ) ;
#7642 = DIRECTION ( 'NONE',  ( -7.166576360129189239E-17, 1.526556658859589750E-16, 1.000000000000000000 ) ) ;
#7643 = CARTESIAN_POINT ( 'NONE',  ( 137.7411471990661767, -144.1088955894966261, 110.3643259181410201 ) ) ;
#7644 = DIRECTION ( 'NONE',  ( 0.7071067811865580088, -0.7071067811865370256, 1.586192039558939754E-16 ) ) ;
#7645 = B_SPLINE_CURVE_WITH_KNOTS ( 'NONE', 3,
 ( #10915, #2478, #6252, #9070, #4395, #8149, #943, #22, #7480, #4705, #6616, #7537, #1928, #5623, #11165, #4579, #2723, #3646, #10177, #5687, #763, #8458, #8395, #10357, #11287, #880, #2843, #4643, #1743, #1861, #7356, #11227, #12153, #9432, #2780, #999, #3769, #3712, #8333, #6495, #4761, #4519 ),
 .UNSPECIFIED., .F., .F.,
 ( 4, 2, 2, 2, 2, 1, 1, 1, 2, 2, 2, 2, 1, 1, 1, 1, 2, 2, 2, 2, 1, 1, 1, 2, 2, 4 ),
 ( 0.000000000000000000, 0.06250000000008548717, 0.1250000000001709743, 0.1875000000002564615, 0.2187500000003019807, 0.2343750000003314571, 0.2421875000003500256, 0.2460937500003544109, 0.2480468750003575196, 0.2500000000003606004, 0.3750000000004262146, 0.4375000000004513612, 0.4687500000004714562, 0.4843750000004824474, 0.4921875000004848899, 0.4960937500004790612, 0.4980468750004730660, 0.5000000000004670708, 0.6250000000003126388, 0.6875000000002431388, 0.7187500000002127187, 0.7343750000001995071, 0.7421875000001971756, 0.7460937500001918465, 0.7500000000001865175, 1.000000000000000000 ),
 .UNSPECIFIED. ) ;
#7646 = ORIENTED_EDGE ( 'NONE', *, *, #11306, .F. ) ;
#7647 = DIRECTION ( 'NONE',  ( 0.7071067811865829889, -0.7071067811865120456, 0.000000000000000000 ) ) ;
#7648 = VECTOR ( 'NONE', #9205, 1000.000000000000000 ) ;
#7649 = EDGE_LOOP ( 'NONE', ( #698, #8303, #4564, #3562 ) ) ;
#7650 = CIRCLE ( 'NONE', #11194, 1.000000002926494602 ) ;
#7651 = DIRECTION ( 'NONE',  ( -1.000000000000000000, 2.602085213965009729E-17, 8.810118433399840573E-15 ) ) ;
#7652 = ORIENTED_EDGE ( 'NONE', *, *, #3784, .T. ) ;
#7653 = DIRECTION ( 'NONE',  ( -1.214306495755059738E-16, 1.000000000000000000, 6.573933234426810631E-15 ) ) ;
#7654 = CARTESIAN_POINT ( 'NONE',  ( 124.9196829844141376, -147.7581788721654448, 53.78243126740768076 ) ) ;
#7655 = FACE_OUTER_BOUND ( 'NONE', #549, .T. ) ;
#7656 = EDGE_CURVE ( 'NONE', #2889, #9326, #1901, .T. ) ;
#7657 = AXIS2_PLACEMENT_3D ( 'NONE', #6009, #6140, #528 ) ;
#7658 = DIRECTION ( 'NONE',  ( 3.921649879656600324E-15, 1.000000000000000000, 4.344894404274005274E-15 ) ) ;
#7659 = PLANE ( 'NONE',  #1058 ) ;
#7660 = CARTESIAN_POINT ( 'NONE',  ( 164.2171132912669691, -119.4297640746489861, 81.50005036068620257 ) ) ;
#7661 = DIRECTION ( 'NONE',  ( 1.000000000000000000, 2.428612952914219616E-16, -2.449293589365040091E-16 ) ) ;
#7662 = VERTEX_POINT ( 'NONE', #9438 ) ;
#7663 = CARTESIAN_POINT ( 'NONE',  ( 161.2171133453899756, -138.0155505122760076, 67.99999991151629786 ) ) ;
#7664 = CARTESIAN_POINT ( 'NONE',  ( 121.1489955666119869, -150.3616462958709974, 108.6871770333520004 ) ) ;
#7665 = VERTEX_POINT ( 'NONE', #3022 ) ;
#7666 = EDGE_LOOP ( 'NONE', ( #7095, #3990, #8304, #7310 ) ) ;
#7667 = CARTESIAN_POINT ( 'NONE',  ( 132.7174802901737678, -140.5146363136901471, 67.29250611737012377 ) ) ;
#7668 = ORIENTED_EDGE ( 'NONE', *, *, #2138, .T. ) ;
#7669 = CARTESIAN_POINT ( 'NONE',  ( 130.2171133453899756, -143.3164134470123940, 62.25000000000000000 ) ) ;
#7670 = EDGE_CURVE ( 'NONE', #11256, #3031, #9616, .T. ) ;
#7671 = CARTESIAN_POINT ( 'NONE',  ( 134.2171133453900040, -138.0155505122760076, 67.99999991151649681 ) ) ;
#7672 = CIRCLE ( 'NONE', #4529, 0.5899999999999873124 ) ;
#7673 = PLANE ( 'NONE',  #5769 ) ;
#7674 = EDGE_CURVE ( 'NONE', #6866, #1428, #4011, .T. ) ;
#7675 = CARTESIAN_POINT ( 'NONE',  ( 133.4132901639879947, -114.4297640215114029, 54.47436513418860216 ) ) ;
#7676 = DIRECTION ( 'NONE',  ( -1.000000000000000000, 0.000000000000000000, 0.000000000000000000 ) ) ;
#7677 =( BOUNDED_CURVE ( )  B_SPLINE_CURVE ( 3, ( #4752, #4697, #10526, #3703 ),
 .UNSPECIFIED., .F., .F. ) 
 B_SPLINE_CURVE_WITH_KNOTS ( ( 4, 4 ),
 ( 5.819537695261439936, 7.013500084477089835 ),
 .UNSPECIFIED. ) 
 CURVE ( )  GEOMETRIC_REPRESENTATION_ITEM ( )  RATIONAL_B_SPLINE_CURVE ( ( 1.000000000000000000, 0.8846909315656089623, 0.8846909315656089623, 1.000000000000000000 ) ) 
 REPRESENTATION_ITEM ( '' )  );
#7678 = LINE ( 'NONE', #10565, #8432 ) ;
#7679 = ORIENTED_EDGE ( 'NONE', *, *, #11660, .F. ) ;
#7680 = ORIENTED_EDGE ( 'NONE', *, *, #12190, .F. ) ;
#7681 = EDGE_LOOP ( 'NONE', ( #4949, #4241 ) ) ;
#7682 = CARTESIAN_POINT ( 'NONE',  ( 132.6248169134119905, -148.0297640746490231, 105.4997837512840135 ) ) ;
#7683 = EDGE_CURVE ( 'NONE', #8117, #9568, #1866, .T. ) ;
#7684 = CARTESIAN_POINT ( 'NONE',  ( 174.2852309984259875, -150.3616463760650106, 108.6871770333523983 ) ) ;
#7685 = EDGE_CURVE ( 'NONE', #3885, #840, #4711, .T. ) ;
#7686 = LINE ( 'NONE', #7805, #4983 ) ;
#7687 = DIRECTION ( 'NONE',  ( 0.7071067804202438856, 0.000000000000000000, -0.7071067819528512599 ) ) ;
#7688 = EDGE_CURVE ( 'NONE', #9057, #5031, #6681, .T. ) ;
#7690 = EDGE_CURVE ( 'NONE', #8245, #11330, #5127, .T. ) ;
#7689 = ORIENTED_EDGE ( 'NONE', *, *, #10328, .T. ) ;
#7691 = DIRECTION ( 'NONE',  ( -0.7071067811865475727, 0.000000000000000000, 0.7071067811865475727 ) ) ;
#7692 = ORIENTED_EDGE ( 'NONE', *, *, #9933, .T. ) ;
#7693 = ORIENTED_EDGE ( 'NONE', *, *, #7219, .T. ) ;
#7694 = ORIENTED_EDGE ( 'NONE', *, *, #767, .F. ) ;
#7695 = DIRECTION ( 'NONE',  ( 7.166576360129239776E-17, -1.074295325692399920E-17, -1.000000000000000000 ) ) ;
#7696 = AXIS2_PLACEMENT_3D ( 'NONE', #1323, #9985, #1558 ) ;
#7697 = CARTESIAN_POINT ( 'NONE',  ( 161.2171133453899756, -138.0155505122760076, 67.99999991151629786 ) ) ;
#7698 = EDGE_CURVE ( 'NONE', #8702, #10295, #4071, .T. ) ;
#7699 = DIRECTION ( 'NONE',  ( 0.000000000000000000, -1.000000000000000000, -7.105427357601000281E-15 ) ) ;
#7700 = LINE ( 'NONE', #1916, #3166 ) ;
#7701 = B_SPLINE_CURVE_WITH_KNOTS ( 'NONE', 3,
 ( #9708, #10574, #8854, #230 ),
 .UNSPECIFIED., .F., .F.,
 ( 4, 4 ),
 ( 0.000000000000000000, 1.000000000000000000 ),
 .UNSPECIFIED. ) ;
#7702 = DIRECTION ( 'NONE',  ( -0.5951893636155756173, 7.213999003242654818E-15, -0.8035854786137478500 ) ) ;
#7703 = ADVANCED_FACE ( 'NONE', ( #8018 ), #8879, .T. ) ;
#7704 = CIRCLE ( 'NONE', #11250, 24.75049366970480236 ) ;
#7705 = EDGE_LOOP ( 'NONE', ( #11428, #9639, #9798, #4741 ) ) ;
#7706 = DIRECTION ( 'NONE',  ( -2.546950118497010238E-09, 4.333462626452490275E-16, -1.000000000000000000 ) ) ;
#7707 = ORIENTED_EDGE ( 'NONE', *, *, #4309, .T. ) ;
#7708 = CARTESIAN_POINT ( 'NONE',  ( 124.8535436232114932, -149.0309267006944083, 52.74176868850346978 ) ) ;
#7709 = VERTEX_POINT ( 'NONE', #5246 ) ;
#7710 = DIRECTION ( 'NONE',  ( 0.000000000000000000, 6.573933234426810631E-15, -1.000000000000000000 ) ) ;
#7711 = CIRCLE ( 'NONE', #2994, 1.000000000000015987 ) ;
#7712 = PLANE ( 'NONE',  #10717 ) ;
#7713 = ORIENTED_EDGE ( 'NONE', *, *, #2396, .T. ) ;
#7714 = EDGE_CURVE ( 'NONE', #488, #6217, #1430, .T. ) ;
#7715 = LINE ( 'NONE', #1988, #2871 ) ;
#7716 = DIRECTION ( 'NONE',  ( 2.602086448421814690E-17, 1.000000000000000000, -2.104188999757570205E-24 ) ) ;
#7717 = CARTESIAN_POINT ( 'NONE',  ( 138.1032112538939884, -144.2252263450580188, 110.3645128941600007 ) ) ;
#7718 = CARTESIAN_POINT ( 'NONE',  ( 132.2932516633033799, -141.4613015650051864, 68.99999991151649681 ) ) ;
#7719 = FACE_OUTER_BOUND ( 'NONE', #11362, .T. ) ;
#7720 = ORIENTED_EDGE ( 'NONE', *, *, #2138, .F. ) ;
#7721 = ORIENTED_EDGE ( 'NONE', *, *, #1222, .F. ) ;
#7722 = DIRECTION ( 'NONE',  ( -0.8944271909999103043, 0.000000000000000000, -0.4472135954999690299 ) ) ;
#7723 = ORIENTED_EDGE ( 'NONE', *, *, #8441, .T. ) ;
#7724 = DIRECTION ( 'NONE',  ( -4.849173379634530258E-15, 1.000000000000000000, 6.881851277481381070E-15 ) ) ;
#7725 = ORIENTED_EDGE ( 'NONE', *, *, #5264, .T. ) ;
#7726 = CARTESIAN_POINT ( 'NONE',  ( 141.2106690963749998, -140.4297640215119998, 105.3643259181410059 ) ) ;
#7727 = ORIENTED_EDGE ( 'NONE', *, *, #1184, .T. ) ;
#7728 = VECTOR ( 'NONE', #7131, 1000.000000000000000 ) ;
#7729 = DIRECTION ( 'NONE',  ( -2.602085213964869829E-17, -1.000000000000000000, 1.526556658859589750E-16 ) ) ;
#7730 = CARTESIAN_POINT ( 'NONE',  ( 120.2171133453892082, -149.2641735625590229, 64.75000000000000000 ) ) ;
#7731 = DIRECTION ( 'NONE',  ( -4.440892105693240592E-15, 1.000000000000000000, 6.709576272139210460E-15 ) ) ;
#7732 = CARTESIAN_POINT ( 'NONE',  ( 155.4842976558709893, -143.4297640215119714, 98.67414915942629250 ) ) ;
#7733 = DIRECTION ( 'NONE',  ( -3.160768215787150073E-15, -1.000000000000000000, 1.526556658859589750E-16 ) ) ;
#7734 = DIRECTION ( 'NONE',  ( -0.3281699088141170062, 0.000000000000000000, 0.9446187119409260591 ) ) ;
#7735 = CARTESIAN_POINT ( 'NONE',  ( 132.2171133453900040, -152.4297640746490003, 98.58985179697670276 ) ) ;
#7736 = EDGE_CURVE ( 'NONE', #8283, #11822, #7773, .T. ) ;
#7737 = EDGE_CURVE ( 'NONE', #3324, #4304, #6455, .T. ) ;
#7738 = ORIENTED_EDGE ( 'NONE', *, *, #10409, .F. ) ;
#7739 = ORIENTED_EDGE ( 'NONE', *, *, #3519, .F. ) ;
#7740 = CARTESIAN_POINT ( 'NONE',  ( 132.2171133453900040, -119.4297640746489861, 65.99999991151649681 ) ) ;
#7741 = VERTEX_POINT ( 'NONE', #2223 ) ;
#7742 = PLANE ( 'NONE',  #11902 ) ;
#7743 = CARTESIAN_POINT ( 'NONE',  ( 160.2171131927750025, -148.0297640746490231, 103.7997837512839965 ) ) ;
#7744 = VECTOR ( 'NONE', #9137, 1000.000000000000000 ) ;
#7745 = CARTESIAN_POINT ( 'NONE',  ( 134.2171133769510050, -145.7328256174150169, 117.6643259181420120 ) ) ;
#7746 = CARTESIAN_POINT ( 'NONE',  ( 135.1106248479624128, -117.4297640215114029, 60.27765112427590566 ) ) ;
#7747 = CARTESIAN_POINT ( 'NONE',  ( 135.2171131927750309, -148.0297640746490231, 103.7997837512839965 ) ) ;
#7748 = ORIENTED_EDGE ( 'NONE', *, *, #2311, .F. ) ;
#7749 = DIRECTION ( 'NONE',  ( 7.837598063934172149E-15, 0.003622991423310737910, 0.9999934369450365068 ) ) ;
#7750 = EDGE_CURVE ( 'NONE', #9460, #4303, #4199, .T. ) ;
#7751 = ORIENTED_EDGE ( 'NONE', *, *, #9421, .F. ) ;
#7752 = ORIENTED_EDGE ( 'NONE', *, *, #10616, .T. ) ;
#7753 = ORIENTED_EDGE ( 'NONE', *, *, #2659, .F. ) ;
#7754 = VECTOR ( 'NONE', #6952, 1000.000000000000000 ) ;
#7755 = EDGE_CURVE ( 'NONE', #8702, #7593, #7101, .T. ) ;
#7756 = CARTESIAN_POINT ( 'NONE',  ( 163.2169599341380035, -140.6000724896209988, 70.53693065552120345 ) ) ;
#7757 = DIRECTION ( 'NONE',  ( -1.406355277898634195E-14, -2.311987314028429852E-15, -1.000000000000000000 ) ) ;
#7758 = CARTESIAN_POINT ( 'NONE',  ( 134.8495192314383075, -120.9834024678685012, 59.16527037852230819 ) ) ;
#7759 = AXIS2_PLACEMENT_3D ( 'NONE', #3439, #7215, #4319 ) ;
#7760 = CARTESIAN_POINT ( 'NONE',  ( 133.0664558081502094, -141.3212823756466037, 53.47602185630480420 ) ) ;
#7761 = ORIENTED_EDGE ( 'NONE', *, *, #11353, .T. ) ;
#7762 = CARTESIAN_POINT ( 'NONE',  ( 163.1409749705900083, -141.4613015884661991, 68.99999991151629786 ) ) ;
#7763 = ORIENTED_EDGE ( 'NONE', *, *, #3912, .F. ) ;
#7764 = DIRECTION ( 'NONE',  ( 8.607281501197631109E-16, -0.7071067811865490160, 0.7071067811865461294 ) ) ;
#7765 = EDGE_CURVE ( 'NONE', #5080, #9359, #6890, .T. ) ;
#7766 = ORIENTED_EDGE ( 'NONE', *, *, #1343, .T. ) ;
#7767 = ADVANCED_FACE ( 'NONE', ( #5989 ), #6052, .T. ) ;
#7768 = CARTESIAN_POINT ( 'NONE',  ( 132.4668070089979892, -141.0614513470140139, 69.49767416070420722 ) ) ;
#7769 = CARTESIAN_POINT ( 'NONE',  ( 162.5478022133531510, -123.1376615789305475, 57.77520866908808017 ) ) ;
#7770 = EDGE_LOOP ( 'NONE', ( #8615, #3986 ) ) ;
#7771 = ADVANCED_FACE ( 'NONE', ( #6916 ), #11712, .F. ) ;
#7772 = CARTESIAN_POINT ( 'NONE',  ( 121.2171133453899898, -124.4297640215114029, 62.75000000000000000 ) ) ;
#7773 = LINE ( 'NONE', #9003, #335 ) ;
#7774 = CARTESIAN_POINT ( 'NONE',  ( 166.2798797530099932, -114.8297640215111954, 57.75000000000000000 ) ) ;
#7775 = VECTOR ( 'NONE', #7614, 999.9999999999998863 ) ;
#7776 = AXIS2_PLACEMENT_3D ( 'NONE', #10131, #8288, #2556 ) ;
#7777 = CARTESIAN_POINT ( 'NONE',  ( 132.2171133453900040, -114.4297640215114029, 62.24960223581919649 ) ) ;
#7778 = DIRECTION ( 'NONE',  ( 0.7071067811865431318, 0.7071067811865520136, 4.993134538425421715E-15 ) ) ;
#7779 = ORIENTED_EDGE ( 'NONE', *, *, #9780, .F. ) ;
#7780 = ORIENTED_EDGE ( 'NONE', *, *, #8556, .F. ) ;
#7781 = CARTESIAN_POINT ( 'NONE',  ( 132.2171133453900040, -140.4297640215119998, 102.7500000000329976 ) ) ;
#7782 = EDGE_CURVE ( 'NONE', #2875, #5240, #10848, .T. ) ;
#7783 = ORIENTED_EDGE ( 'NONE', *, *, #11290, .T. ) ;
#7784 = CARTESIAN_POINT ( 'NONE',  ( 163.1087258513475149, -120.4297680637882024, 62.66078637172639532 ) ) ;
#7785 = ORIENTED_EDGE ( 'NONE', *, *, #3564, .F. ) ;
#7786 = CARTESIAN_POINT ( 'NONE',  ( 132.6725733437831423, -153.4297640746490003, 66.96689649118526688 ) ) ;
#7787 = ORIENTED_EDGE ( 'NONE', *, *, #7569, .T. ) ;
#7788 = VECTOR ( 'NONE', #3773, 1000.000000000000114 ) ;
#7789 = DIRECTION ( 'NONE',  ( -1.000000000000000000, 0.000000000000000000, 1.387778780781444413E-14 ) ) ;
#7790 = DIRECTION ( 'NONE',  ( 0.5951893636155756173, 8.416332170449763954E-15, -0.8035854786137478500 ) ) ;
#7791 = DIRECTION ( 'NONE',  ( 0.000000000000000000, -4.738129909535400312E-13, -1.000000000000000000 ) ) ;
#7792 = DIRECTION ( 'NONE',  ( -5.622940471541310091E-16, 1.000000000000000000, -5.622940471541500404E-16 ) ) ;
#7793 = DIRECTION ( 'NONE',  ( 7.166576360123399740E-17, -1.678744688091230111E-14, -1.000000000000000000 ) ) ;
#7794 = VECTOR ( 'NONE', #4385, 1000.000000000000000 ) ;
#7795 = DIRECTION ( 'NONE',  ( 8.421158622884340236E-19, 1.000000000000000000, -2.324350894187579990E-16 ) ) ;
#7796 = CARTESIAN_POINT ( 'NONE',  ( 134.2098312460630325, -140.4662742317970299, 111.0952164290834361 ) ) ;
#7797 = ORIENTED_EDGE ( 'NONE', *, *, #4692, .T. ) ;
#7798 = ORIENTED_EDGE ( 'NONE', *, *, #6352, .T. ) ;
#7799 = CARTESIAN_POINT ( 'NONE',  ( 163.2171133453900040, -153.4297640746490003, 60.04999999999999716 ) ) ;
#7800 = VERTEX_POINT ( 'NONE', #6179 ) ;
#7801 = DIRECTION ( 'NONE',  ( 1.000000000000000000, 9.644381700046549035E-17, -1.177071316573370074E-14 ) ) ;
#7802 = VECTOR ( 'NONE', #6963, 1000.000000000000000 ) ;
#7803 = PLANE ( 'NONE',  #3977 ) ;
#7804 = EDGE_CURVE ( 'NONE', #10845, #6567, #2113, .T. ) ;
#7805 = CARTESIAN_POINT ( 'NONE',  ( 157.6248169134119905, -148.2297640746490117, 105.4997837512840135 ) ) ;
#7806 = ADVANCED_FACE ( 'NONE', ( #9857 ), #10603, .F. ) ;
#7807 = CARTESIAN_POINT ( 'NONE',  ( 133.2171133453900040, -152.4297640746490003, 95.20718002819110382 ) ) ;
#7808 = CARTESIAN_POINT ( 'NONE',  ( 163.2171133453900040, -136.4297640746490288, 71.99999985651460577 ) ) ;
#7809 = ORIENTED_EDGE ( 'NONE', *, *, #2953, .F. ) ;
#7810 = LINE ( 'NONE', #8919, #9017 ) ;
#7811 = AXIS2_PLACEMENT_3D ( 'NONE', #7918, #10682, #7734 ) ;
#7812 = ORIENTED_EDGE ( 'NONE', *, *, #6941, .F. ) ;
#7813 = ORIENTED_EDGE ( 'NONE', *, *, #6856, .T. ) ;
#7814 = VECTOR ( 'NONE', #6194, 1000.000000000000000 ) ;
#7815 = EDGE_LOOP ( 'NONE', ( #2233, #3494, #4735, #4629, #11025 ) ) ;
#7816 = DIRECTION ( 'NONE',  ( 0.4001450253381057531, 5.551115123125785069E-15, -0.9164518310839727677 ) ) ;
#7817 = LINE ( 'NONE', #8925, #924 ) ;
#7818 = VECTOR ( 'NONE', #364, 1000.000000000000000 ) ;
#7819 = CARTESIAN_POINT ( 'NONE',  ( 134.8866450717220005, -141.1010276121810136, 110.4199042041929886 ) ) ;
#7820 = EDGE_CURVE ( 'NONE', #6780, #10845, #7038, .T. ) ;
#7821 = CIRCLE ( 'NONE', #7627, 14.00026375888599439 ) ;
#7822 = DIRECTION ( 'NONE',  ( 3.449200794039890382E-16, -0.7071067811865520136, 0.7071067811865431318 ) ) ;
#7823 = VERTEX_POINT ( 'NONE', #4137 ) ;
#7824 = EDGE_CURVE ( 'NONE', #7921, #10965, #944, .T. ) ;
#7825 = CARTESIAN_POINT ( 'NONE',  ( 121.2171133453899898, -149.8297640215160129, 53.75000000000000000 ) ) ;
#7826 = VERTEX_POINT ( 'NONE', #5009 ) ;
#7827 = CARTESIAN_POINT ( 'NONE',  ( 154.4671131813890099, -151.9297640746490003, 115.1643259181419978 ) ) ;
#7828 = AXIS2_PLACEMENT_3D ( 'NONE', #3489, #8244, #7321 ) ;
#7829 = ORIENTED_EDGE ( 'NONE', *, *, #8875, .T. ) ;
#7830 = B_SPLINE_CURVE_WITH_KNOTS ( 'NONE', 3,
 ( #7616, #10262, #3735, #3668 ),
 .UNSPECIFIED., .F., .F.,
 ( 4, 4 ),
 ( 0.000000000000000000, 1.000000000000000000 ),
 .UNSPECIFIED. ) ;
#7831 = CIRCLE ( 'NONE', #9406, 1.450000000000006839 ) ;
#7832 = CARTESIAN_POINT ( 'NONE',  ( 132.2171133453900040, -139.0112276086000236, 70.99999747635639835 ) ) ;
#7833 = CARTESIAN_POINT ( 'NONE',  ( 126.2171133453899898, -134.4297640215112040, 58.25000000000000000 ) ) ;
#7834 = ORIENTED_EDGE ( 'NONE', *, *, #2396, .F. ) ;
#7835 = CARTESIAN_POINT ( 'NONE',  ( 162.2171133453900040, -135.4297640746490288, 81.50005035146720900 ) ) ;
#7836 = DIRECTION ( 'NONE',  ( 2.602085337083254740E-17, 1.000000000000000000, -2.098608922496975401E-25 ) ) ;
#7837 = EDGE_CURVE ( 'NONE', #4879, #5517, #8758, .T. ) ;
#7838 = DIRECTION ( 'NONE',  ( 1.000000000000000000, 0.000000000000000000, 0.000000000000000000 ) ) ;
#7839 = EDGE_CURVE ( 'NONE', #7218, #10339, #6487, .T. ) ;
#7840 = DIRECTION ( 'NONE',  ( -0.9238795325112872936, -0.3826834323650886160, 1.387778780781466186E-14 ) ) ;
#7841 = DIRECTION ( 'NONE',  ( -2.449293589365040091E-16, 0.000000000000000000, -1.000000000000000000 ) ) ;
#7842 = ORIENTED_EDGE ( 'NONE', *, *, #2997, .F. ) ;
#7843 = ORIENTED_EDGE ( 'NONE', *, *, #10974, .T. ) ;
#7844 = EDGE_CURVE ( 'NONE', #8545, #1477, #7821, .T. ) ;
#7845 = ORIENTED_EDGE ( 'NONE', *, *, #6409, .T. ) ;
#7846 = CARTESIAN_POINT ( 'NONE',  ( 137.7600065642029961, -134.4726572934619924, 68.99999991151649681 ) ) ;
#7847 = EDGE_LOOP ( 'NONE', ( #7552, #3353, #6760, #5607, #10293, #8392 ) ) ;
#7848 = CYLINDRICAL_SURFACE ( 'NONE', #10245, 0.9999999999999986677 ) ;
#7849 = ORIENTED_EDGE ( 'NONE', *, *, #1117, .T. ) ;
#7850 = VECTOR ( 'NONE', #125, 1000.000000000000000 ) ;
#7851 = CARTESIAN_POINT ( 'NONE',  ( 161.2171133453899756, -119.4297640746489861, 67.99999991151629786 ) ) ;
#7852 = CARTESIAN_POINT ( 'NONE',  ( 120.2171133453899756, -149.4710642623187482, 63.49177647660724233 ) ) ;
#7853 = CARTESIAN_POINT ( 'NONE',  ( 162.0209365267924966, -114.4297640215112040, 54.47436513418860216 ) ) ;
#7854 = EDGE_CURVE ( 'NONE', #9232, #2743, #10228, .T. ) ;
#7855 = LINE ( 'NONE', #1507, #10880 ) ;
#7856 = CARTESIAN_POINT ( 'NONE',  ( 139.1023158382854490, -145.1869795143620365, 105.4457901009104290 ) ) ;
#7857 = DIRECTION ( 'NONE',  ( 0.000000000000000000, -1.000000000000000000, -6.573933234426810631E-15 ) ) ;
#7858 = VECTOR ( 'NONE', #3228, 1000.000000000000000 ) ;
#7859 = DIRECTION ( 'NONE',  ( -7.166576360129189239E-17, 1.526556658859589750E-16, 1.000000000000000000 ) ) ;
#7860 = CARTESIAN_POINT ( 'NONE',  ( 134.2511192924506247, -140.4790545290945829, 111.0540094913451128 ) ) ;
#7861 = ORIENTED_EDGE ( 'NONE', *, *, #6989, .T. ) ;
#7862 = ORIENTED_EDGE ( 'NONE', *, *, #2068, .F. ) ;
#7863 = CARTESIAN_POINT ( 'NONE',  ( 132.5106907978279764, -141.1365159544129995, 67.85159578482270604 ) ) ;
#7864 = ORIENTED_EDGE ( 'NONE', *, *, #11064, .T. ) ;
#7865 = DIRECTION ( 'NONE',  ( 0.7071067811865441310, -0.7071067811865510144, -3.213933492438080637E-15 ) ) ;
#7866 = DIRECTION ( 'NONE',  ( 0.000000000000000000, -1.000000000000000000, -6.573933234426810631E-15 ) ) ;
#7867 = CARTESIAN_POINT ( 'NONE',  ( 133.6669467408600269, -153.4297640746490003, 83.34999974667989875 ) ) ;
#7868 = CARTESIAN_POINT ( 'NONE',  ( 132.2171133453900040, -152.4297640746490003, 98.58985179697670276 ) ) ;
#7869 = DIRECTION ( 'NONE',  ( 0.000000000000000000, 1.000000000000000000, -2.327875578288750051E-16 ) ) ;
#7870 = ORIENTED_EDGE ( 'NONE', *, *, #8638, .F. ) ;
#7871 = LINE ( 'NONE', #5043, #8425 ) ;
#7872 = VERTEX_POINT ( 'NONE', #1620 ) ;
#7873 = ORIENTED_EDGE ( 'NONE', *, *, #5947, .T. ) ;
#7874 = ORIENTED_EDGE ( 'NONE', *, *, #4451, .F. ) ;
#7875 = EDGE_CURVE ( 'NONE', #1845, #12093, #1676, .T. ) ;
#7876 = CARTESIAN_POINT ( 'NONE',  ( 134.3317404746879333, -140.5090730463145690, 105.7546054809413931 ) ) ;
#7877 = CYLINDRICAL_SURFACE ( 'NONE', #9367, 2.349999999999990763 ) ;
#7878 = CARTESIAN_POINT ( 'NONE',  ( 122.2171131963784063, -148.4297640215249885, 57.08879711976310034 ) ) ;
#7879 = CIRCLE ( 'NONE', #9650, 2.350000000000004974 ) ;
#7880 = DIRECTION ( 'NONE',  ( -1.000000000000000000, 2.602085213964869829E-17, 0.000000000000000000 ) ) ;
#7881 = ORIENTED_EDGE ( 'NONE', *, *, #2037, .F. ) ;
#7882 = CARTESIAN_POINT ( 'NONE',  ( 169.9786284033264963, -121.2490518569453997, 53.38549640900549775 ) ) ;
#7883 = ORIENTED_EDGE ( 'NONE', *, *, #928, .F. ) ;
#7884 = CARTESIAN_POINT ( 'NONE',  ( 138.8084291191469788, -140.7239393235249736, 106.0727124621350157 ) ) ;
#7885 = ADVANCED_FACE ( 'NONE', ( #5432 ), #8327, .T. ) ;
#7886 = EDGE_LOOP ( 'NONE', ( #10716, #400, #192, #4317, #9345, #1128, #7779 ) ) ;
#7887 = ORIENTED_EDGE ( 'NONE', *, *, #4444, .F. ) ;
#7888 = EDGE_CURVE ( 'NONE', #1939, #4087, #1310, .T. ) ;
#7889 = AXIS2_PLACEMENT_3D ( 'NONE', #2801, #12049, #5334 ) ;
#7890 = CARTESIAN_POINT ( 'NONE',  ( 136.5178050094324931, -143.4026446965767434, 106.3643259181410059 ) ) ;
#7891 = DIRECTION ( 'NONE',  ( -4.727417165305189624E-14, 0.000000000000000000, 1.000000000000000000 ) ) ;
#7892 = ORIENTED_EDGE ( 'NONE', *, *, #506, .F. ) ;
#7893 = CARTESIAN_POINT ( 'NONE',  ( 162.9242201265764720, -153.1368708558354967, 98.70110411163470587 ) ) ;
#7894 = VECTOR ( 'NONE', #9214, 1000.000000000000000 ) ;
#7895 = CARTESIAN_POINT ( 'NONE',  ( 135.1768364872669963, -140.8297640215119770, 114.2143259181419950 ) ) ;
#7896 = LINE ( 'NONE', #1490, #5395 ) ;
#7897 = CARTESIAN_POINT ( 'NONE',  ( 162.4671133453900040, -140.6797640746490288, 68.99999991151629786 ) ) ;
#7898 = DIRECTION ( 'NONE',  ( 0.000000000000000000, -1.000000000000000000, 1.074295325692379890E-17 ) ) ;
#7899 = ORIENTED_EDGE ( 'NONE', *, *, #8892, .F. ) ;
#7900 = EDGE_LOOP ( 'NONE', ( #5727, #6647, #7604 ) ) ;
#7901 = DIRECTION ( 'NONE',  ( 2.602085213964869829E-17, 1.000000000000000000, -1.526556658859589750E-16 ) ) ;
#7902 = AXIS2_PLACEMENT_3D ( 'NONE', #9694, #2129, #3969 ) ;
#7903 = ORIENTED_EDGE ( 'NONE', *, *, #6578, .T. ) ;
#7904 = EDGE_CURVE ( 'NONE', #12018, #4033, #5375, .T. ) ;
#7905 = DIRECTION ( 'NONE',  ( 3.480590576041360211E-15, 1.000000000000000000, 0.000000000000000000 ) ) ;
#7906 = ORIENTED_EDGE ( 'NONE', *, *, #6553, .F. ) ;
#7907 = CARTESIAN_POINT ( 'NONE',  ( 132.5893095848283849, -117.4297640215114029, 57.77774199401589783 ) ) ;
#7908 = VERTEX_POINT ( 'NONE', #7160 ) ;
#7909 = EDGE_CURVE ( 'NONE', #8553, #416, #2305, .T. ) ;
#7910 = DIRECTION ( 'NONE',  ( 0.000000000000000000, -1.000000000000000000, 1.526556658859589750E-16 ) ) ;
#7911 = CARTESIAN_POINT ( 'NONE',  ( 121.2171133453899898, -149.8297640215160129, 63.75000000000000000 ) ) ;
#7912 = ADVANCED_FACE ( 'NONE', ( #694 ), #1559, .F. ) ;
#7913 = CYLINDRICAL_SURFACE ( 'NONE', #2887, 2.350000000000004974 ) ;
#7914 = CIRCLE ( 'NONE', #9481, 1.000000000000000888 ) ;
#7915 = VECTOR ( 'NONE', #3667, 1000.000000000000000 ) ;
#7916 = CYLINDRICAL_SURFACE ( 'NONE', #4991, 11.54238125198780729 ) ;
#7917 = LINE ( 'NONE', #2067, #2196 ) ;
#7918 = CARTESIAN_POINT ( 'NONE',  ( 162.5106408074620106, -114.6297640215111926, 53.67421917386259622 ) ) ;
#7919 = CARTESIAN_POINT ( 'NONE',  ( 163.0167801804629164, -141.2294309097217422, 67.99999991151629786 ) ) ;
#7920 = FACE_OUTER_BOUND ( 'NONE', #1626, .T. ) ;
#7921 = VERTEX_POINT ( 'NONE', #9181 ) ;
#7922 = ORIENTED_EDGE ( 'NONE', *, *, #6623, .F. ) ;
#7923 = DIRECTION ( 'NONE',  ( 1.000000000000000000, 0.000000000000000000, 0.000000000000000000 ) ) ;
#7924 = VERTEX_POINT ( 'NONE', #4510 ) ;
#7925 = EDGE_LOOP ( 'NONE', ( #130, #3096, #11889, #12077 ) ) ;
#7926 = EDGE_CURVE ( 'NONE', #4514, #4008, #8266, .T. ) ;
#7927 = AXIS2_PLACEMENT_3D ( 'NONE', #9732, #5985, #10658 ) ;
#7928 = EDGE_CURVE ( 'NONE', #8659, #8603, #2651, .T. ) ;
#7929 = CARTESIAN_POINT ( 'NONE',  ( 160.6522228565835917, -120.8641238971907654, 61.51613289540799911 ) ) ;
#7930 = DIRECTION ( 'NONE',  ( -4.832443957009299887E-15, -1.000000000000000000, -6.661338147750930565E-15 ) ) ;
#7931 = DIRECTION ( 'NONE',  ( -0.9334193986512242525, 0.000000000000000000, 0.3587871600567484331 ) ) ;
#7932 = CYLINDRICAL_SURFACE ( 'NONE', #2124, 0.9999999999999986677 ) ;
#7933 = CARTESIAN_POINT ( 'NONE',  ( 135.1768364872669963, -140.4297640215119998, 114.2143259181419950 ) ) ;
#7934 = VECTOR ( 'NONE', #8480, 1000.000000000000000 ) ;
#7935 = VERTEX_POINT ( 'NONE', #1735 ) ;
#7936 = DIRECTION ( 'NONE',  ( -3.049932991346375033E-15, -1.000000000000000000, 3.049932991346555288E-15 ) ) ;
#7937 = VERTEX_POINT ( 'NONE', #1979 ) ;
#7938 = ORIENTED_EDGE ( 'NONE', *, *, #9831, .F. ) ;
#7939 = ORIENTED_EDGE ( 'NONE', *, *, #5780, .F. ) ;
#7940 = EDGE_CURVE ( 'NONE', #167, #10669, #2771, .T. ) ;
#7941 = LINE ( 'NONE', #11696, #11998 ) ;
#7942 = AXIS2_PLACEMENT_3D ( 'NONE', #4156, #2066, #6753 ) ;
#7943 = DIRECTION ( 'NONE',  ( -1.000000000000000000, 2.602085213964869829E-17, -7.166576360129189239E-17 ) ) ;
#7944 = CARTESIAN_POINT ( 'NONE',  ( 134.8550475711046772, -120.9764628117478935, 59.17646738677974838 ) ) ;
#7945 = DIRECTION ( 'NONE',  ( -2.602085213964869829E-17, -1.000000000000000000, 1.526556658859589750E-16 ) ) ;
#7946 = EDGE_LOOP ( 'NONE', ( #11365, #5413, #9564, #7739 ) ) ;
#7947 = LINE ( 'NONE', #4374, #841 ) ;
#7948 = VECTOR ( 'NONE', #11780, 1000.000000000000000 ) ;
#7949 = ORIENTED_EDGE ( 'NONE', *, *, #3249, .T. ) ;
#7950 = FACE_OUTER_BOUND ( 'NONE', #338, .T. ) ;
#7951 = ORIENTED_EDGE ( 'NONE', *, *, #3225, .F. ) ;
#7952 = ORIENTED_EDGE ( 'NONE', *, *, #3623, .T. ) ;
#7953 = FACE_OUTER_BOUND ( 'NONE', #248, .T. ) ;
#7954 = VERTEX_POINT ( 'NONE', #6778 ) ;
#7955 = DIRECTION ( 'NONE',  ( 3.160768215787150073E-15, 1.000000000000000000, -1.526556658859609718E-16 ) ) ;
#7956 = ADVANCED_FACE ( 'NONE', ( #4634 ), #10412, .T. ) ;
#7957 = DIRECTION ( 'NONE',  ( 0.7071067811865475727, -0.7071067811865475727, 0.000000000000000000 ) ) ;
#7958 = ADVANCED_FACE ( 'NONE', ( #9425 ), #9541, .T. ) ;
#7959 = FACE_OUTER_BOUND ( 'NONE', #7016, .T. ) ;
#7960 = ORIENTED_EDGE ( 'NONE', *, *, #3533, .F. ) ;
#7961 = AXIS2_PLACEMENT_3D ( 'NONE', #8146, #9927, #11785 ) ;
#7962 = VERTEX_POINT ( 'NONE', #2895 ) ;
#7963 = CARTESIAN_POINT ( 'NONE',  ( 132.2171133453900040, -135.4297640746490288, 71.99999991151649681 ) ) ;
#7964 = ORIENTED_EDGE ( 'NONE', *, *, #854, .F. ) ;
#7965 = CARTESIAN_POINT ( 'NONE',  ( 122.2171131963781932, -148.4297640215245906, 62.75000000000000000 ) ) ;
#7966 = ORIENTED_EDGE ( 'NONE', *, *, #2331, .T. ) ;
#7967 = LINE ( 'NONE', #2234, #6305 ) ;
#7968 = DIRECTION ( 'NONE',  ( -8.810118433399939970E-15, -1.526556658859629933E-16, -1.000000000000000000 ) ) ;
#7969 = VECTOR ( 'NONE', #5775, 1000.000000000000000 ) ;
#7970 = CARTESIAN_POINT ( 'NONE',  ( 132.2171133453900040, -140.4297640215119998, 96.26432591814179318 ) ) ;
#7971 = CARTESIAN_POINT ( 'NONE',  ( 133.3471133518700071, -142.8197640137569806, 80.50005035146709531 ) ) ;
#7972 = EDGE_CURVE ( 'NONE', #1818, #2159, #11166, .T. ) ;
#7973 = CARTESIAN_POINT ( 'NONE',  ( 131.9378426544429885, -132.8872201543917981, 62.75000000000000000 ) ) ;
#7974 = PLANE ( 'NONE',  #7231 ) ;
#7975 = DIRECTION ( 'NONE',  ( -1.000000000000000000, 2.602085213964869829E-17, -7.166576360129189239E-17 ) ) ;
#7976 = DIRECTION ( 'NONE',  ( -1.000000000000000000, 2.602085213964869829E-17, -7.166576360129189239E-17 ) ) ;
#7977 = EDGE_CURVE ( 'NONE', #10040, #11661, #3878, .T. ) ;
#7978 = ORIENTED_EDGE ( 'NONE', *, *, #11776, .F. ) ;
#7979 = ORIENTED_EDGE ( 'NONE', *, *, #2222, .F. ) ;
#7980 = CARTESIAN_POINT ( 'NONE',  ( 132.2171104403589936, -141.6950118284609914, 67.73427934022529939 ) ) ;
#7981 = AXIS2_PLACEMENT_3D ( 'NONE', #7851, #5260, #8893 ) ;
#7982 = VECTOR ( 'NONE', #7341, 1000.000000000000000 ) ;
#7983 = VERTEX_POINT ( 'NONE', #11218 ) ;
#7984 = FACE_OUTER_BOUND ( 'NONE', #11416, .T. ) ;
#7985 = CYLINDRICAL_SURFACE ( 'NONE', #1230, 1.000000000000006217 ) ;
#7986 = PLANE ( 'NONE',  #10092 ) ;
#7987 = AXIS2_PLACEMENT_3D ( 'NONE', #6721, #5613, #3816 ) ;
#7988 = DIRECTION ( 'NONE',  ( -1.000000000000000000, 0.000000000000000000, 0.000000000000000000 ) ) ;
#7989 = DIRECTION ( 'NONE',  ( -0.008142047127309334428, 6.938893903907228378E-15, -0.9999668529849260468 ) ) ;
#7990 = EDGE_CURVE ( 'NONE', #7665, #4114, #11455, .T. ) ;
#7991 = LINE ( 'NONE', #2565, #1114 ) ;
#7992 = EDGE_LOOP ( 'NONE', ( #1470, #729, #8535, #10356, #3711, #5857, #4434, #5366, #10315, #9813, #4534, #8709 ) ) ;
#7993 = DIRECTION ( 'NONE',  ( -0.7071067811865683339, 0.000000000000000000, -0.7071067811865267005 ) ) ;
#7994 = EDGE_CURVE ( 'NONE', #10016, #6635, #11735, .T. ) ;
#7995 = ORIENTED_EDGE ( 'NONE', *, *, #10751, .F. ) ;
#7996 = VERTEX_POINT ( 'NONE', #6606 ) ;
#7997 = EDGE_CURVE ( 'NONE', #5558, #5716, #12145, .T. ) ;
#7998 = ORIENTED_EDGE ( 'NONE', *, *, #2534, .T. ) ;
#7999 = VECTOR ( 'NONE', #8864, 1000.000000000000000 ) ;
#8000 = FACE_OUTER_BOUND ( 'NONE', #1580, .T. ) ;
#8001 = FACE_OUTER_BOUND ( 'NONE', #3634, .T. ) ;
#8002 = CARTESIAN_POINT ( 'NONE',  ( 135.6669467343540134, -153.4297640746490003, 71.34999974667979927 ) ) ;
#8003 = CARTESIAN_POINT ( 'NONE',  ( 171.2171133453900040, -153.1834562892630345, 64.74999999999928946 ) ) ;
#8004 = EDGE_CURVE ( 'NONE', #8428, #9359, #7677, .T. ) ;
#8005 = AXIS2_PLACEMENT_3D ( 'NONE', #4481, #6338, #8241 ) ;
#8006 = AXIS2_PLACEMENT_3D ( 'NONE', #948, #7658, #84 ) ;
#8007 = ORIENTED_EDGE ( 'NONE', *, *, #6989, .F. ) ;
#8008 = DIRECTION ( 'NONE',  ( 2.602085213964869829E-17, 1.000000000000000000, -1.526556658829309817E-16 ) ) ;
#8009 = VERTEX_POINT ( 'NONE', #11338 ) ;
#8010 = CARTESIAN_POINT ( 'NONE',  ( 132.2474879634529827, -133.4028689281084041, 51.11866876023839978 ) ) ;
#8011 = ORIENTED_EDGE ( 'NONE', *, *, #4345, .T. ) ;
#8012 = ORIENTED_EDGE ( 'NONE', *, *, #10512, .T. ) ;
#8013 = CARTESIAN_POINT ( 'NONE',  ( 121.1489955666119869, -153.4297640746490003, 108.6871770333520004 ) ) ;
#8014 = AXIS2_PLACEMENT_3D ( 'NONE', #5450, #2607, #5572 ) ;
#8015 = VECTOR ( 'NONE', #3387, 1000.000000000000000 ) ;
#8016 = ORIENTED_EDGE ( 'NONE', *, *, #8144, .F. ) ;
#8017 = DIRECTION ( 'NONE',  ( 5.079270344852710336E-15, -1.000000000000000000, -6.573933234426810631E-15 ) ) ;
#8018 = FACE_OUTER_BOUND ( 'NONE', #10493, .T. ) ;
#8019 = LINE ( 'NONE', #449, #11685 ) ;
#8020 = DIRECTION ( 'NONE',  ( 2.602085213964889859E-17, 1.000000000000000000, -2.148562215093330474E-15 ) ) ;
#8021 = VECTOR ( 'NONE', #6684, 1000.000000000000000 ) ;
#8022 = ORIENTED_EDGE ( 'NONE', *, *, #1572, .F. ) ;
#8023 = VECTOR ( 'NONE', #8066, 1000.000000000000000 ) ;
#8024 = ORIENTED_EDGE ( 'NONE', *, *, #9251, .T. ) ;
#8025 = DIRECTION ( 'NONE',  ( -0.7071067811865475727, 0.000000000000000000, 0.7071067811865475727 ) ) ;
#8026 = ORIENTED_EDGE ( 'NONE', *, *, #7319, .F. ) ;
#8027 = CARTESIAN_POINT ( 'NONE',  ( 160.2171131927750025, -148.4297640746490003, 103.7997837512839965 ) ) ;
#8028 = DIRECTION ( 'NONE',  ( 0.000000000000000000, -1.000000000000000000, 1.526556658859589750E-16 ) ) ;
#8029 = ADVANCED_FACE ( 'NONE', ( #1852 ), #992, .F. ) ;
#8030 = CARTESIAN_POINT ( 'NONE',  ( 132.2171133453900040, -117.4297640215114029, 62.75000000000000000 ) ) ;
#8031 = AXIS2_PLACEMENT_3D ( 'NONE', #1829, #10266, #7383 ) ;
#8032 = LINE ( 'NONE', #7853, #3471 ) ;
#8033 = DIRECTION ( 'NONE',  ( -0.7071067811865580088, 0.7071067811865370256, -1.586192039558939754E-16 ) ) ;
#8034 = DIRECTION ( 'NONE',  ( 0.9334193940513797472, 0.000000000000000000, 0.3587871720236870954 ) ) ;
#8035 = CARTESIAN_POINT ( 'NONE',  ( 138.7892528739459976, -140.7213774775179900, 110.6585012201539939 ) ) ;
#8036 = CARTESIAN_POINT ( 'NONE',  ( 122.2171131963785911, -140.4262129510823911, 57.08879711976310034 ) ) ;
#8037 = CARTESIAN_POINT ( 'NONE',  ( 132.7943063462900000, -140.4797640480800283, 66.96810934369270285 ) ) ;
#8038 = CIRCLE ( 'NONE', #8242, 1.700000000000007061 ) ;
#8039 = ORIENTED_EDGE ( 'NONE', *, *, #7765, .T. ) ;
#8040 = ORIENTED_EDGE ( 'NONE', *, *, #7444, .F. ) ;
#8041 = VECTOR ( 'NONE', #11709, 1000.000000000000000 ) ;
#8042 = DIRECTION ( 'NONE',  ( -2.602085213964869829E-17, -1.000000000000000000, 1.526556658859589750E-16 ) ) ;
#8043 = CYLINDRICAL_SURFACE ( 'NONE', #29, 0.9999999999999964473 ) ;
#8044 = VERTEX_POINT ( 'NONE', #6669 ) ;
#8045 = EDGE_CURVE ( 'NONE', #2743, #5045, #4812, .T. ) ;
#8046 = CARTESIAN_POINT ( 'NONE',  ( 162.6677859897783378, -122.8812852381122838, 62.77405355605060322 ) ) ;
#8047 = CARTESIAN_POINT ( 'NONE',  ( 137.8094094721379861, -148.4297640746490003, 105.4997837512840135 ) ) ;
#8048 = EDGE_CURVE ( 'NONE', #2751, #10533, #3879, .T. ) ;
#8049 = CARTESIAN_POINT ( 'NONE',  ( 132.3255008394325785, -120.4297680637884156, 62.66078637172639532 ) ) ;
#8050 = CIRCLE ( 'NONE', #11200, 0.9999999999999958922 ) ;
#8051 = DIRECTION ( 'NONE',  ( -0.4397326120323142296, 0.1821432117215233126, 0.8794652240646053665 ) ) ;
#8052 = CARTESIAN_POINT ( 'NONE',  ( 131.2171133453900040, -154.4297640746490003, 102.7500000000329976 ) ) ;
#8053 = CARTESIAN_POINT ( 'NONE',  ( 125.4555982874535971, -120.4297680637882024, 53.38549640900549775 ) ) ;
#8054 = EDGE_LOOP ( 'NONE', ( #9777, #9084, #4597, #4915, #7652, #5096 ) ) ;
#8055 = PLANE ( 'NONE',  #1146 ) ;
#8056 = VERTEX_POINT ( 'NONE', #3760 ) ;
#8057 = EDGE_LOOP ( 'NONE', ( #264, #4143, #10765, #7104 ) ) ;
#8058 = ORIENTED_EDGE ( 'NONE', *, *, #7588, .T. ) ;
#8059 = EDGE_CURVE ( 'NONE', #2114, #8801, #193, .T. ) ;
#8060 = FACE_OUTER_BOUND ( 'NONE', #10650, .T. ) ;
#8061 = EDGE_CURVE ( 'NONE', #1419, #10767, #10470, .T. ) ;
#8062 = EDGE_CURVE ( 'NONE', #4406, #3616, #5854, .T. ) ;
#8063 = LINE ( 'NONE', #3432, #2488 ) ;
#8064 = CARTESIAN_POINT ( 'NONE',  ( 133.4772261317496884, -122.5284829741013937, 57.93260827450703943 ) ) ;
#8065 = ADVANCED_FACE ( 'NONE', ( #4995 ), #6902, .T. ) ;
#8066 = DIRECTION ( 'NONE',  ( -1.000000000000000000, -9.644381700056128764E-17, -3.997519546286559803E-13 ) ) ;
#8067 = ORIENTED_EDGE ( 'NONE', *, *, #8754, .F. ) ;
#8068 = DIRECTION ( 'NONE',  ( -2.602085213964869829E-17, -1.000000000000000000, 1.526556658859589750E-16 ) ) ;
#8069 = VERTEX_POINT ( 'NONE', #5175 ) ;
#8070 = FACE_OUTER_BOUND ( 'NONE', #11560, .T. ) ;
#8071 = ORIENTED_EDGE ( 'NONE', *, *, #9129, .T. ) ;
#8072 = ORIENTED_EDGE ( 'NONE', *, *, #5730, .T. ) ;
#8073 = CYLINDRICAL_SURFACE ( 'NONE', #4900, 14.00026375888599439 ) ;
#8074 = ADVANCED_FACE ( 'NONE', ( #8927 ), #4187, .T. ) ;
#8075 = ORIENTED_EDGE ( 'NONE', *, *, #6192, .T. ) ;
#8076 = EDGE_CURVE ( 'NONE', #12091, #350, #7088, .T. ) ;
#8077 = CARTESIAN_POINT ( 'NONE',  ( 163.2171133453900040, -144.5297640215119941, 64.94545804473619910 ) ) ;
#8078 = CARTESIAN_POINT ( 'NONE',  ( 174.6850171801198428, -149.2700729303045648, 58.60739323615164409 ) ) ;
#8079 = CARTESIAN_POINT ( 'NONE',  ( 171.7734159773514762, -126.4297640215112040, 64.75000000000000000 ) ) ;
#8080 = CARTESIAN_POINT ( 'NONE',  ( 132.5100065642033940, -153.1368708558354967, 95.20718002819110382 ) ) ;
#8081 = ORIENTED_EDGE ( 'NONE', *, *, #2310, .T. ) ;
#8082 = CONICAL_SURFACE ( 'NONE', #7889, 2.549999999999996714, 0.7853981633974419507 ) ;
#8083 = ORIENTED_EDGE ( 'NONE', *, *, #1572, .T. ) ;
#8084 = CARTESIAN_POINT ( 'NONE',  ( 134.8868227819089896, -141.1007048022750041, 105.3643790944719996 ) ) ;
#8085 = ORIENTED_EDGE ( 'NONE', *, *, #8204, .T. ) ;
#8086 = DIRECTION ( 'NONE',  ( 1.000000000000000000, 0.000000000000000000, 0.000000000000000000 ) ) ;
#8087 = DIRECTION ( 'NONE',  ( -1.000000000000000000, 0.000000000000000000, 1.387778780781444413E-14 ) ) ;
#8088 = EDGE_CURVE ( 'NONE', #381, #5695, #10370, .T. ) ;
#8089 = CIRCLE ( 'NONE', #39, 3.099999999999991651 ) ;
#8090 = DIRECTION ( 'NONE',  ( -0.7071067811865709984, 0.000000000000000000, 0.7071067811865240360 ) ) ;
#8091 = CARTESIAN_POINT ( 'NONE',  ( 138.4751040480451820, -114.4297640215112040, 62.10199319125020168 ) ) ;
#8092 = DIRECTION ( 'NONE',  ( -7.166576360129229915E-17, 1.526556658859589750E-16, 1.000000000000000000 ) ) ;
#8093 = DIRECTION ( 'NONE',  ( 1.656711940836400129E-15, 1.000000000000000000, -1.656711940836565001E-15 ) ) ;
#8094 = CARTESIAN_POINT ( 'NONE',  ( 138.5171131927750139, -154.2297640746490117, 103.7997837512839965 ) ) ;
#8095 = CARTESIAN_POINT ( 'NONE',  ( 160.2171131927750025, -148.4297640746490003, 103.7997837512839965 ) ) ;
#8096 = VECTOR ( 'NONE', #465, 1000.000000000000000 ) ;
#8097 = PLANE ( 'NONE',  #977 ) ;
#8098 = DIRECTION ( 'NONE',  ( -1.000000000000000000, 0.000000000000000000, 3.918643944603079990E-09 ) ) ;
#8099 = ORIENTED_EDGE ( 'NONE', *, *, #4592, .T. ) ;
#8100 = ORIENTED_EDGE ( 'NONE', *, *, #3775, .T. ) ;
#8101 = FACE_OUTER_BOUND ( 'NONE', #10221, .T. ) ;
#8102 = CARTESIAN_POINT ( 'NONE',  ( 132.2171133453898335, -135.4297640746490003, 70.73123880945171038 ) ) ;
#8103 = ORIENTED_EDGE ( 'NONE', *, *, #2803, .F. ) ;
#8104 = AXIS2_PLACEMENT_3D ( 'NONE', #1562, #5315, #9065 ) ;
#8105 = VECTOR ( 'NONE', #9048, 1000.000000000000000 ) ;
#8106 = CARTESIAN_POINT ( 'NONE',  ( 160.6814032550484228, -120.8920150459238982, 61.56625306477452142 ) ) ;
#8107 = LINE ( 'NONE', #10755, #10862 ) ;
#8108 = CARTESIAN_POINT ( 'NONE',  ( 139.1231655244480123, -140.4297640215119998, 99.69100161576849928 ) ) ;
#8109 = CARTESIAN_POINT ( 'NONE',  ( 134.2171133453900040, -138.0155505122760076, 68.99999991151649681 ) ) ;
#8110 = DIRECTION ( 'NONE',  ( -7.166576360129189239E-17, 1.526556658859589750E-16, 1.000000000000000000 ) ) ;
#8111 = EDGE_CURVE ( 'NONE', #6371, #6400, #3255, .T. ) ;
#8112 = DIRECTION ( 'NONE',  ( -4.422034925190670533E-15, -1.000000000000000000, -6.633052400461320667E-15 ) ) ;
#8113 = EDGE_CURVE ( 'NONE', #869, #655, #494, .T. ) ;
#8114 = DIRECTION ( 'NONE',  ( -0.7071067811865475727, 0.000000000000000000, 0.7071067811865475727 ) ) ;
#8115 = VECTOR ( 'NONE', #600, 1000.000000000000000 ) ;
#8116 = ORIENTED_EDGE ( 'NONE', *, *, #1068, .T. ) ;
#8117 = VERTEX_POINT ( 'NONE', #10589 ) ;
#8118 = ORIENTED_EDGE ( 'NONE', *, *, #6126, .F. ) ;
#8119 =( LENGTH_UNIT ( ) NAMED_UNIT ( * ) SI_UNIT ( .MILLI., .METRE. ) );
#8120 = CARTESIAN_POINT ( 'NONE',  ( 161.9280787545245062, -122.4980006437286448, 57.94387902682074554 ) ) ;
#8121 = CARTESIAN_POINT ( 'NONE',  ( 162.9242201265754773, -141.1368708558355252, 67.87452127853062223 ) ) ;
#8122 = AXIS2_PLACEMENT_3D ( 'NONE', #11996, #4413, #4478 ) ;
#8123 = LINE ( 'NONE', #1542, #7527 ) ;
#8124 = FACE_OUTER_BOUND ( 'NONE', #11317, .T. ) ;
#8125 = ADVANCED_FACE ( 'NONE', ( #3998 ), #8417, .T. ) ;
#8126 = VERTEX_POINT ( 'NONE', #6105 ) ;
#8127 = CARTESIAN_POINT ( 'NONE',  ( 164.2171133453900040, -140.4297640215119998, 102.7500000000329976 ) ) ;
#8128 = CARTESIAN_POINT ( 'NONE',  ( 126.8043469377704042, -114.6297640215114058, 57.75000000000000000 ) ) ;
#8129 = ORIENTED_EDGE ( 'NONE', *, *, #1343, .F. ) ;
#8130 = FACE_OUTER_BOUND ( 'NONE', #743, .T. ) ;
#8131 = EDGE_CURVE ( 'NONE', #3584, #3438, #3964, .T. ) ;
#8132 = ORIENTED_EDGE ( 'NONE', *, *, #2261, .T. ) ;
#8133 = VECTOR ( 'NONE', #3776, 1000.000000000000000 ) ;
#8134 = VERTEX_POINT ( 'NONE', #8003 ) ;
#8135 = DIRECTION ( 'NONE',  ( 5.412240084694092007E-08, 0.000000000000000000, -0.9999999999999986677 ) ) ;
#8136 = ORIENTED_EDGE ( 'NONE', *, *, #8270, .F. ) ;
#8137 = CARTESIAN_POINT ( 'NONE',  ( 134.7042248701330038, -140.4297640215119998, 106.3643259181410059 ) ) ;
#8138 = CARTESIAN_POINT ( 'NONE',  ( 163.2169602439639959, -140.6000728226020158, 66.46306901740619821 ) ) ;
#8139 = CARTESIAN_POINT ( 'NONE',  ( 173.3632600928543184, -149.1553237599876240, 55.80765372663520907 ) ) ;
#8140 = AXIS2_PLACEMENT_3D ( 'NONE', #2409, #11713, #3207 ) ;
#8141 = LINE ( 'NONE', #7227, #6774 ) ;
#8142 =( BOUNDED_CURVE ( )  B_SPLINE_CURVE ( 3, ( #10007, #3346, #10989, #9139 ),
 .UNSPECIFIED., .F., .F. ) 
 B_SPLINE_CURVE_WITH_KNOTS ( ( 4, 4 ),
 ( 2.356194490192344837, 3.137969654240814865 ),
 .UNSPECIFIED. ) 
 CURVE ( )  GEOMETRIC_REPRESENTATION_ITEM ( )  RATIONAL_B_SPLINE_CURVE ( ( 1.000000000000000000, 0.9497141647840159351, 0.9497141647840159351, 1.000000000000000000 ) ) 
 REPRESENTATION_ITEM ( '' )  );
#8143 = CARTESIAN_POINT ( 'NONE',  ( 173.2171134944015023, -139.6937481978253857, 57.08879711976310034 ) ) ;
#8144 = EDGE_CURVE ( 'NONE', #9838, #10592, #4932, .T. ) ;
#8145 = ORIENTED_EDGE ( 'NONE', *, *, #11141, .F. ) ;
#8146 = CARTESIAN_POINT ( 'NONE',  ( 163.0571133453900075, -144.5297640215119941, 66.55091634279270352 ) ) ;
#8147 = EDGE_CURVE ( 'NONE', #6587, #11429, #7027, .T. ) ;
#8148 = EDGE_LOOP ( 'NONE', ( #3115, #8797, #6184, #11301, #10471 ) ) ;
#8149 = CARTESIAN_POINT ( 'NONE',  ( 132.7964518190268564, -122.8512926867747836, 62.77302873394707916 ) ) ;
#8150 = ADVANCED_FACE ( 'NONE', ( #1293 ), #10777, .T. ) ;
#8151 = DIRECTION ( 'NONE',  ( 1.000000000000000000, -3.965082230804126670E-15, 0.000000000000000000 ) ) ;
#8152 = VECTOR ( 'NONE', #1080, 1000.000000000000000 ) ;
#8153 = PLANE ( 'NONE',  #2324 ) ;
#8154 = DIRECTION ( 'NONE',  ( 7.166576360129189239E-17, -1.526556658859589750E-16, -1.000000000000000000 ) ) ;
#8155 = LINE ( 'NONE', #10122, #10361 ) ;
#8156 = CARTESIAN_POINT ( 'NONE',  ( 170.4671133304890134, -114.4297640215112040, 62.75000000000000000 ) ) ;
#8157 = AXIS2_PLACEMENT_3D ( 'NONE', #4452, #9068, #8025 ) ;
#8158 = DIRECTION ( 'NONE',  ( 4.422034925190670533E-15, 1.000000000000000000, 6.633052400461320667E-15 ) ) ;
#8159 = EDGE_CURVE ( 'NONE', #6095, #1419, #9661, .T. ) ;
#8160 = CARTESIAN_POINT ( 'NONE',  ( 138.7888266734840101, -140.7218036779798354, 110.6580734727642010 ) ) ;
#8161 = CARTESIAN_POINT ( 'NONE',  ( 165.2171133453904872, -134.0920877878090209, 57.98985306244379956 ) ) ;
#8162 = DIRECTION ( 'NONE',  ( -3.415323235554928680E-10, 0.9961946980917455452, -0.08715574274765774954 ) ) ;
#8163 = ORIENTED_EDGE ( 'NONE', *, *, #11796, .T. ) ;
#8164 = EDGE_LOOP ( 'NONE', ( #147, #6662, #9885, #11644 ) ) ;
#8165 = DIRECTION ( 'NONE',  ( -2.449293581093230021E-16, 0.000000000000000000, -1.000000000000000000 ) ) ;
#8166 = CARTESIAN_POINT ( 'NONE',  ( 175.2171133453905156, -154.4297640215109766, 62.24960223581889807 ) ) ;
#8167 = ORIENTED_EDGE ( 'NONE', *, *, #4992, .F. ) ;
#8168 = MECHANICAL_DESIGN_GEOMETRIC_PRESENTATION_REPRESENTATION (  '', ( #3242 ), #2454 ) ;
#8169 = CARTESIAN_POINT ( 'NONE',  ( 166.2798797530099932, -114.4297640215112040, 57.75000000000000000 ) ) ;
#8170 = CARTESIAN_POINT ( 'NONE',  ( 125.2801567501100095, -154.4297640215114882, 63.68695659527989505 ) ) ;
#8171 = UNCERTAINTY_MEASURE_WITH_UNIT (LENGTH_MEASURE( 1.000000000000000082E-05 ), #12012, 'distance_accuracy_value', 'NONE');
#8172 = CARTESIAN_POINT ( 'NONE',  ( 161.9171131927750196, -148.0297640746490231, 102.0997837512840078 ) ) ;
#8173 = CARTESIAN_POINT ( 'NONE',  ( 163.2171133453904872, -148.3795071393267904, 61.45398638249999834 ) ) ;
#8174 = DIRECTION ( 'NONE',  ( 3.683226109728390070E-15, 1.000000000000000000, 7.827405568325590594E-14 ) ) ;
#8175 = DIRECTION ( 'NONE',  ( -0.7071067811865475727, -0.7071067811865475727, 5.726850911312385581E-17 ) ) ;
#8176 = VECTOR ( 'NONE', #11421, 1000.000000000000000 ) ;
#8177 = VECTOR ( 'NONE', #11493, 1000.000000000000000 ) ;
#8178 = CARTESIAN_POINT ( 'NONE',  ( 174.2171133453904872, -154.4460613007630059, 43.75000000000059686 ) ) ;
#8179 = EDGE_LOOP ( 'NONE', ( #453, #5832, #2038, #7752, #11300, #10190, #7279, #1029, #10655 ) ) ;
#8180 = ORIENTED_EDGE ( 'NONE', *, *, #9485, .T. ) ;
#8181 = ORIENTED_EDGE ( 'NONE', *, *, #8604, .F. ) ;
#8182 = CYLINDRICAL_SURFACE ( 'NONE', #501, 0.9999999999999964473 ) ;
#8183 = EDGE_CURVE ( 'NONE', #9009, #4210, #2393, .T. ) ;
#8184 = VECTOR ( 'NONE', #8574, 1000.000000000000000 ) ;
#8185 = VECTOR ( 'NONE', #3338, 1000.000000000000114 ) ;
#8186 = CARTESIAN_POINT ( 'NONE',  ( 158.7171133453899756, -139.3513368729310002, 80.50005035146709531 ) ) ;
#8187 = CARTESIAN_POINT ( 'NONE',  ( 162.4671133453900040, -153.4287711522630104, 66.54898615365620174 ) ) ;
#8188 = CARTESIAN_POINT ( 'NONE',  ( 138.0100065642029961, -134.2226572934619924, 66.99999991151649681 ) ) ;
#8189 = EDGE_LOOP ( 'NONE', ( #3917, #2882, #2492, #5606 ) ) ;
#8190 = CARTESIAN_POINT ( 'NONE',  ( 138.3415388542509845, -144.2937073219879949, 109.3646811029040009 ) ) ;
#8191 = EDGE_LOOP ( 'NONE', ( #1469, #8306, #5192, #1209 ) ) ;
#8192 = VECTOR ( 'NONE', #126, 1000.000000000000000 ) ;
#8193 = PLANE ( 'NONE',  #4228 ) ;
#8194 = EDGE_LOOP ( 'NONE', ( #9449, #8457, #2878, #3989, #6909, #9512 ) ) ;
#8195 = ORIENTED_EDGE ( 'NONE', *, *, #10851, .T. ) ;
#8196 = DIRECTION ( 'NONE',  ( 2.602085213964869829E-17, 1.000000000000000000, -1.526556658859589750E-16 ) ) ;
#8197 = EDGE_CURVE ( 'NONE', #8283, #3932, #4280, .T. ) ;
#8198 = VERTEX_POINT ( 'NONE', #1356 ) ;
#8199 = CARTESIAN_POINT ( 'NONE',  ( 160.2171133453899756, -127.9297640746490146, 67.99999991151629786 ) ) ;
#8200 = VECTOR ( 'NONE', #583, 1000.000000000000000 ) ;
#8201 = CARTESIAN_POINT ( 'NONE',  ( 122.2171131963785911, -120.4297680637884156, 57.08879711976319271 ) ) ;
#8202 = AXIS2_PLACEMENT_3D ( 'NONE', #4214, #11667, #10922 ) ;
#8203 = CARTESIAN_POINT ( 'NONE',  ( 171.9698522581766156, -149.0823333467703833, 54.03994705947081201 ) ) ;
#8204 = EDGE_CURVE ( 'NONE', #1971, #1376, #6843, .T. ) ;
#8205 = DIRECTION ( 'NONE',  ( 5.075305257095799993E-15, -1.000000000000000000, -6.661338147750940820E-15 ) ) ;
#8206 = DIRECTION ( 'NONE',  ( 0.7071067811846449835, -2.453552733018000093E-15, 0.7071067811884500509 ) ) ;
#8207 = EDGE_LOOP ( 'NONE', ( #7450, #7812, #11117, #8210 ) ) ;
#8208 = DIRECTION ( 'NONE',  ( 0.000000000000000000, -1.526556658859589750E-16, -1.000000000000000000 ) ) ;
#8209 = VECTOR ( 'NONE', #11047, 1000.000000000000000 ) ;
#8210 = ORIENTED_EDGE ( 'NONE', *, *, #408, .T. ) ;
#8211 = CARTESIAN_POINT ( 'NONE',  ( 138.8083963417199982, -144.5575354907408041, 106.0726899307379938 ) ) ;
#8212 = VECTOR ( 'NONE', #5493, 1000.000000000000000 ) ;
#8213 = CYLINDRICAL_SURFACE ( 'NONE', #10816, 3.900000000000011458 ) ;
#8214 = DIRECTION ( 'NONE',  ( -5.947210316807140508E-15, -1.000000000000000000, 0.000000000000000000 ) ) ;
#8215 = EDGE_CURVE ( 'NONE', #11269, #10530, #1535, .T. ) ;
#8216 = LINE ( 'NONE', #4582, #509 ) ;
#8217 = CARTESIAN_POINT ( 'NONE',  ( 136.9171131927749911, -148.0297640746490231, 102.0997837512840078 ) ) ;
#8218 = EDGE_CURVE ( 'NONE', #5638, #2235, #4249, .T. ) ;
#8219 = AXIS2_PLACEMENT_3D ( 'NONE', #3689, #9414, #8497 ) ;
#8220 = DIRECTION ( 'NONE',  ( 0.7071067811865822117, 0.000000000000000000, 0.7071067811865128228 ) ) ;
#8221 = ADVANCED_FACE ( 'NONE', ( #6227 ), #5479, .F. ) ;
#8222 = CARTESIAN_POINT ( 'NONE',  ( 133.5171131927750139, -148.2297640746490117, 105.4997837512840135 ) ) ;
#8223 = CARTESIAN_POINT ( 'NONE',  ( 163.2171133453900040, -141.4297640746490288, 69.99999991151639733 ) ) ;
#8224 = PLANE ( 'NONE',  #10602 ) ;
#8225 = CARTESIAN_POINT ( 'NONE',  ( 134.2171133453900040, -127.9297640746490146, 67.99999991151649681 ) ) ;
#8226 = VERTEX_POINT ( 'NONE', #7209 ) ;
#8227 = ORIENTED_EDGE ( 'NONE', *, *, #9791, .F. ) ;
#8228 = DIRECTION ( 'NONE',  ( 1.000000000000000000, 2.428612984199859853E-16, -2.449293581093230021E-16 ) ) ;
#8229 = EDGE_CURVE ( 'NONE', #1594, #1360, #9108, .T. ) ;
#8230 = DIRECTION ( 'NONE',  ( -1.000000000000000000, -8.405479030088098400E-17, -8.405479030087938162E-17 ) ) ;
#8231 = ORIENTED_EDGE ( 'NONE', *, *, #686, .F. ) ;
#8232 = CIRCLE ( 'NONE', #7828, 2.349999999999990763 ) ;
#8233 = AXIS2_PLACEMENT_3D ( 'NONE', #789, #2380, #4296 ) ;
#8234 = EDGE_CURVE ( 'NONE', #3705, #1740, #11077, .T. ) ;
#8235 = FACE_OUTER_BOUND ( 'NONE', #3599, .T. ) ;
#8236 = CARTESIAN_POINT ( 'NONE',  ( 135.2171133453900040, -119.4459165395000042, 96.26432591814179318 ) ) ;
#8237 = EDGE_CURVE ( 'NONE', #4210, #2626, #1544, .T. ) ;
#8238 = CARTESIAN_POINT ( 'NONE',  ( 163.1742201265759888, -139.9726572934619639, 68.99999991151629786 ) ) ;
#8239 = LINE ( 'NONE', #10079, #5472 ) ;
#8240 = DIRECTION ( 'NONE',  ( 0.5951893636155756173, 7.213999003242654818E-15, -0.8035854786137478500 ) ) ;
#8241 = DIRECTION ( 'NONE',  ( 0.7071067811865475727, 0.000000000000000000, 0.7071067811865475727 ) ) ;
#8242 = AXIS2_PLACEMENT_3D ( 'NONE', #8957, #468, #529 ) ;
#8243 = CIRCLE ( 'NONE', #6084, 1.000000000000006439 ) ;
#8244 = DIRECTION ( 'NONE',  ( 0.000000000000000000, -1.000000000000000000, 2.327875578288750051E-16 ) ) ;
#8245 = VERTEX_POINT ( 'NONE', #1719 ) ;
#8246 = VERTEX_POINT ( 'NONE', #4429 ) ;
#8247 = EDGE_LOOP ( 'NONE', ( #9059, #9805, #10325, #2946, #6829 ) ) ;
#8248 =( NAMED_UNIT ( * ) PLANE_ANGLE_UNIT ( ) SI_UNIT ( $, .RADIAN. ) );
#8249 = ADVANCED_FACE ( 'NONE', ( #7332 ), #2455, .T. ) ;
#8250 = AXIS2_PLACEMENT_3D ( 'NONE', #7697, #4691, #4807 ) ;
#8251 = PLANE ( 'NONE',  #9170 ) ;
#8252 = CARTESIAN_POINT ( 'NONE',  ( 162.8236018428179932, -114.4297640215112040, 60.27765112427590566 ) ) ;
#8253 = ORIENTED_EDGE ( 'NONE', *, *, #10548, .T. ) ;
#8254 = LINE ( 'NONE', #620, #158 ) ;
#8255 = PRODUCT_DEFINITION ( 'UNKNOWN', '', #3054, #10756 ) ;
#8256 = ORIENTED_EDGE ( 'NONE', *, *, #7017, .F. ) ;
#8257 = CIRCLE ( 'NONE', #1167, 1.450000000000006839 ) ;
#8258 = FACE_OUTER_BOUND ( 'NONE', #9788, .T. ) ;
#8259 = ORIENTED_EDGE ( 'NONE', *, *, #680, .T. ) ;
#8260 = VERTEX_POINT ( 'NONE', #2636 ) ;
#8261 = CARTESIAN_POINT ( 'NONE',  ( 132.2171133453900040, -114.4297640215114029, 62.75000000000080291 ) ) ;
#8262 = ORIENTED_EDGE ( 'NONE', *, *, #10413, .F. ) ;
#8263 = VECTOR ( 'NONE', #8634, 1000.000000000000000 ) ;
#8264 = FACE_OUTER_BOUND ( 'NONE', #3080, .T. ) ;
#8265 = CARTESIAN_POINT ( 'NONE',  ( 163.2158649176370204, -139.5998436105999758, 66.26778798588820507 ) ) ;
#8266 = LINE ( 'NONE', #12023, #5667 ) ;
#8267 = CARTESIAN_POINT ( 'NONE',  ( 163.2171133453900040, -141.8439776370219931, 67.99999991151629786 ) ) ;
#8268 = CARTESIAN_POINT ( 'NONE',  ( 139.0809763977498505, -145.2283319305556404, 111.3357572552888968 ) ) ;
#8269 = EDGE_CURVE ( 'NONE', #11492, #9285, #3435, .T. ) ;
#8270 = EDGE_CURVE ( 'NONE', #6595, #9535, #12002, .T. ) ;
#8271 = ORIENTED_EDGE ( 'NONE', *, *, #7475, .T. ) ;
#8272 = LINE ( 'NONE', #12029, #1862 ) ;
#8273 = ORIENTED_EDGE ( 'NONE', *, *, #7064, .T. ) ;
#8274 = FACE_OUTER_BOUND ( 'NONE', #3396, .T. ) ;
#8275 = CARTESIAN_POINT ( 'NONE',  ( 173.2171134944015023, -120.4297640215243916, 57.08879711976319271 ) ) ;
#8276 = DIRECTION ( 'NONE',  ( 4.697843999457050607E-15, 1.526556658859589750E-16, 1.000000000000000000 ) ) ;
#8277 = CARTESIAN_POINT ( 'NONE',  ( 163.2171133453899188, -141.8439776370219931, 66.82842703626245395 ) ) ;
#8278 = CARTESIAN_POINT ( 'NONE',  ( 162.7170942870820056, -140.5154933373530071, 69.70699831078979969 ) ) ;
#8279 = CARTESIAN_POINT ( 'NONE',  ( 161.2171133453899756, -134.4297640746490288, 69.99999991151639733 ) ) ;
#8280 = FACE_OUTER_BOUND ( 'NONE', #4927, .T. ) ;
#8281 = FACE_OUTER_BOUND ( 'NONE', #1239, .T. ) ;
#8282 = EDGE_CURVE ( 'NONE', #3378, #5211, #3502, .T. ) ;
#8283 = VERTEX_POINT ( 'NONE', #1475 ) ;
#8284 = CARTESIAN_POINT ( 'NONE',  ( 134.5521261191209987, -140.4297640215119998, 105.3643259181410059 ) ) ;
#8285 = DIRECTION ( 'NONE',  ( -1.087291533616492079E-15, -1.000000000000000000, 1.087291533616382033E-15 ) ) ;
#8286 = ORIENTED_EDGE ( 'NONE', *, *, #2532, .T. ) ;
#8287 = VERTEX_POINT ( 'NONE', #3622 ) ;
#8288 = DIRECTION ( 'NONE',  ( 2.410473851431441357E-15, 0.7071067811865441310, 0.7071067811865510144 ) ) ;
#8289 = EDGE_CURVE ( 'NONE', #3368, #381, #7273, .T. ) ;
#8290 = CARTESIAN_POINT ( 'NONE',  ( 138.0808663299520163, -141.4297640215119998, 110.3643259181410059 ) ) ;
#8291 = EDGE_LOOP ( 'NONE', ( #503, #10550, #8489, #4271 ) ) ;
#8292 = EDGE_CURVE ( 'NONE', #1085, #7962, #800, .T. ) ;
#8293 =( BOUNDED_CURVE ( )  B_SPLINE_CURVE ( 3, ( #4201, #4328, #6182, #10792 ),
 .UNSPECIFIED., .F., .F. ) 
 B_SPLINE_CURVE_WITH_KNOTS ( ( 4, 4 ),
 ( 5.216171689542710155, 5.645684026740410033 ),
 .UNSPECIFIED. ) 
 CURVE ( )  GEOMETRIC_REPRESENTATION_ITEM ( )  RATIONAL_B_SPLINE_CURVE ( ( 1.000000000000000000, 0.9846855906441770445, 0.9846855906441770445, 1.000000000000000000 ) ) 
 REPRESENTATION_ITEM ( '' )  );
#8294 = CARTESIAN_POINT ( 'NONE',  ( 135.2171131927750309, -154.4297640746490003, 103.7997837512839965 ) ) ;
#8295 = LINE ( 'NONE', #3545, #9482 ) ;
#8296 = CIRCLE ( 'NONE', #5543, 1.000000000000000888 ) ;
#8297 = FACE_OUTER_BOUND ( 'NONE', #156, .T. ) ;
#8298 = CARTESIAN_POINT ( 'NONE',  ( 169.9786284033264963, -121.2490518569453997, 53.38549640900549775 ) ) ;
#8299 = DIRECTION ( 'NONE',  ( 3.795365069985939951E-10, -4.548321542336950376E-16, -1.000000000000000000 ) ) ;
#8300 = CARTESIAN_POINT ( 'NONE',  ( 174.2171133453904872, -154.4297640215114882, 62.75000000000000000 ) ) ;
#8301 = FACE_BOUND ( 'NONE', #2330, .T. ) ;
#8302 = ADVANCED_FACE ( 'NONE', ( #8124 ), #9049, .T. ) ;
#8303 = ORIENTED_EDGE ( 'NONE', *, *, #2874, .T. ) ;
#8304 = ORIENTED_EDGE ( 'NONE', *, *, #2905, .F. ) ;
#8305 = EDGE_CURVE ( 'NONE', #6474, #7030, #10653, .T. ) ;
#8306 = ORIENTED_EDGE ( 'NONE', *, *, #6779, .T. ) ;
#8307 = CIRCLE ( 'NONE', #6139, 1.000000002926494602 ) ;
#8308 = DIRECTION ( 'NONE',  ( -0.5650179594528369487, -0.8250786056466088425, 1.366009663031041978E-15 ) ) ;
#8309 = DIRECTION ( 'NONE',  ( 0.7071067811865475727, 0.000000000000000000, -0.7071067811865475727 ) ) ;
#8310 = DIRECTION ( 'NONE',  ( 0.000000000000000000, -1.000000000000000000, -6.573933234426810631E-15 ) ) ;
#8311 = DIRECTION ( 'NONE',  ( 1.656711940836400129E-15, 1.000000000000000000, -1.656711940836565001E-15 ) ) ;
#8312 = AXIS2_PLACEMENT_3D ( 'NONE', #9862, #1433, #574 ) ;
#8313 = VECTOR ( 'NONE', #5696, 1000.000000000000000 ) ;
#8314 = ORIENTED_EDGE ( 'NONE', *, *, #972, .T. ) ;
#8315 = DIRECTION ( 'NONE',  ( 1.000000000000000000, 0.000000000000000000, -1.387778780781444413E-14 ) ) ;
#8316 = EDGE_CURVE ( 'NONE', #4441, #11707, #7242, .T. ) ;
#8317 = ORIENTED_EDGE ( 'NONE', *, *, #4663, .F. ) ;
#8318 = ORIENTED_EDGE ( 'NONE', *, *, #12125, .F. ) ;
#8319 = CYLINDRICAL_SURFACE ( 'NONE', #4038, 0.5899999999999971934 ) ;
#8320 = VERTEX_POINT ( 'NONE', #1604 ) ;
#8321 = ORIENTED_EDGE ( 'NONE', *, *, #9272, .F. ) ;
#8322 = PLANE ( 'NONE',  #9221 ) ;
#8323 = AXIS2_PLACEMENT_3D ( 'NONE', #3140, #7204, #2514 ) ;
#8324 = VERTEX_POINT ( 'NONE', #559 ) ;
#8325 = CARTESIAN_POINT ( 'NONE',  ( 132.3771133453899722, -153.4297640746490003, 65.95898615365621254 ) ) ;
#8326 = DIRECTION ( 'NONE',  ( 1.000000000000000000, 1.214306491077630042E-16, -8.271806125530280422E-25 ) ) ;
#8327 = PLANE ( 'NONE',  #7235 ) ;
#8328 = CARTESIAN_POINT ( 'NONE',  ( 175.2171132998439873, -149.4297640746490003, 103.7500000343809887 ) ) ;
#8329 = CARTESIAN_POINT ( 'NONE',  ( 139.0808597668969924, -145.2598994943089963, 111.3679489095640065 ) ) ;
#8330 = ORIENTED_EDGE ( 'NONE', *, *, #3710, .F. ) ;
#8331 = DIRECTION ( 'NONE',  ( -2.334670139474400226E-15, 2.327875578288740190E-16, 1.000000000000000000 ) ) ;
#8332 = VERTEX_POINT ( 'NONE', #11820 ) ;
#8333 = CARTESIAN_POINT ( 'NONE',  ( 134.7925574516523284, -120.8544425139299108, 61.49798528853905566 ) ) ;
#8334 = DIRECTION ( 'NONE',  ( 3.480590576041360211E-15, 1.000000000000000000, 0.000000000000000000 ) ) ;
#8335 = LINE ( 'NONE', #6375, #7029 ) ;
#8336 = VECTOR ( 'NONE', #8596, 1000.000000000000000 ) ;
#8337 = CARTESIAN_POINT ( 'NONE',  ( 135.2171131927750309, -148.2297640746490117, 103.7997837512839965 ) ) ;
#8338 = EDGE_CURVE ( 'NONE', #1147, #10154, #11961, .T. ) ;
#8339 = LINE ( 'NONE', #9195, #4676 ) ;
#8340 = CARTESIAN_POINT ( 'NONE',  ( 124.2171133453899898, -153.1834562892635176, 64.74999999999928946 ) ) ;
#8341 = FACE_OUTER_BOUND ( 'NONE', #9863, .T. ) ;
#8342 = CARTESIAN_POINT ( 'NONE',  ( 125.4555982874535971, -121.2490518248649920, 53.38549640900549775 ) ) ;
#8343 = ORIENTED_EDGE ( 'NONE', *, *, #10662, .F. ) ;
#8344 = CARTESIAN_POINT ( 'NONE',  ( 162.8236018428179932, -117.4297640215112040, 60.27765112427590566 ) ) ;
#8345 = DIRECTION ( 'NONE',  ( -1.244837565641700061E-14, -1.000000000000000000, -6.660334767718630656E-15 ) ) ;
#8346 = VECTOR ( 'NONE', #4545, 1000.000000000000000 ) ;
#8347 = VERTEX_POINT ( 'NONE', #7148 ) ;
#8348 = VERTEX_POINT ( 'NONE', #2939 ) ;
#8349 = CARTESIAN_POINT ( 'NONE',  ( 134.2171133453900040, -138.0155505122760076, 68.99999991151649681 ) ) ;
#8350 = DIRECTION ( 'NONE',  ( 1.214306495755059738E-16, -1.000000000000000000, -6.573933234426810631E-15 ) ) ;
#8351 = ORIENTED_EDGE ( 'NONE', *, *, #1655, .T. ) ;
#8352 = DIRECTION ( 'NONE',  ( -0.9238795325112872936, 0.3826834323650886160, 0.000000000000000000 ) ) ;
#8353 = EDGE_CURVE ( 'NONE', #11268, #4783, #159, .T. ) ;
#8354 = VECTOR ( 'NONE', #9912, 1000.000000000000000 ) ;
#8355 = CARTESIAN_POINT ( 'NONE',  ( 138.7892202435220099, -144.5523119641324001, 110.6585198368747882 ) ) ;
#8356 = CARTESIAN_POINT ( 'NONE',  ( 161.2171133453899756, -138.0155505122760076, 66.99999991151639733 ) ) ;
#8357 = CARTESIAN_POINT ( 'NONE',  ( 135.2171133453900040, -140.9497639930989976, 91.14747552047721513 ) ) ;
#8358 = EDGE_CURVE ( 'NONE', #3932, #9624, #2881, .T. ) ;
#8359 = PLANE ( 'NONE',  #5403 ) ;
#8360 = CARTESIAN_POINT ( 'NONE',  ( 133.0349622337342907, -139.5634112918658332, 69.96653968606327112 ) ) ;
#8361 = CARTESIAN_POINT ( 'NONE',  ( 132.2171133453900040, -134.4297640215112040, 51.03123712248049770 ) ) ;
#8362 = ORIENTED_EDGE ( 'NONE', *, *, #9537, .F. ) ;
#8363 = ORIENTED_EDGE ( 'NONE', *, *, #2055, .T. ) ;
#8364 = CONICAL_SURFACE ( 'NONE', #5801, 3.299999999999997158, 0.7853981633975565257 ) ;
#8365 = ORIENTED_EDGE ( 'NONE', *, *, #9710, .F. ) ;
#8366 = FILL_AREA_STYLE ('',( #4489 ) ) ;
#8367 = EDGE_CURVE ( 'NONE', #3763, #9762, #6653, .T. ) ;
#8368 = FACE_OUTER_BOUND ( 'NONE', #9643, .T. ) ;
#8369 = PLANE ( 'NONE',  #3199 ) ;
#8370 = AXIS2_PLACEMENT_3D ( 'NONE', #12067, #6590, #3682 ) ;
#8371 = CIRCLE ( 'NONE', #11912, 0.9999999999999731326 ) ;
#8372 = FACE_OUTER_BOUND ( 'NONE', #285, .T. ) ;
#8373 = EDGE_CURVE ( 'NONE', #10607, #9372, #11386, .T. ) ;
#8375 = EDGE_CURVE ( 'NONE', #10796, #7578, #362, .T. ) ;
#8374 = ORIENTED_EDGE ( 'NONE', *, *, #10491, .T. ) ;
#8376 = CYLINDRICAL_SURFACE ( 'NONE', #11172, 11.54238125198780729 ) ;
#8377 = EDGE_LOOP ( 'NONE', ( #6761, #9806, #5875, #9900 ) ) ;
#8378 = ORIENTED_EDGE ( 'NONE', *, *, #7820, .T. ) ;
#8379 = FACE_OUTER_BOUND ( 'NONE', #10746, .T. ) ;
#8380 = ORIENTED_EDGE ( 'NONE', *, *, #7376, .T. ) ;
#8381 = ORIENTED_EDGE ( 'NONE', *, *, #1275, .F. ) ;
#8382 = VECTOR ( 'NONE', #4399, 1000.000000000000000 ) ;
#8383 = VECTOR ( 'NONE', #7186, 1000.000000000000000 ) ;
#8384 = DIRECTION ( 'NONE',  ( -1.214306505109919625E-16, 1.000000000000000000, 6.573933234426810631E-15 ) ) ;
#8385 = EDGE_CURVE ( 'NONE', #1084, #4372, #4857, .T. ) ;
#8386 = CARTESIAN_POINT ( 'NONE',  ( 147.6669467408599985, -153.4297640746490003, 83.34999974667989875 ) ) ;
#8387 = DIRECTION ( 'NONE',  ( 2.602085213964869829E-17, 1.000000000000000000, -1.526556658859589750E-16 ) ) ;
#8388 = DIRECTION ( 'NONE',  ( -2.602085213964869829E-17, -1.000000000000000000, 1.526556658859589750E-16 ) ) ;
#8389 = CARTESIAN_POINT ( 'NONE',  ( 162.3993087931480375, -139.5635384517587454, 69.96652401079025196 ) ) ;
#8390 = AXIS2_PLACEMENT_3D ( 'NONE', #11711, #8937, #4136 ) ;
#8391 = DIRECTION ( 'NONE',  ( 1.000000000000000000, 0.000000000000000000, 0.000000000000000000 ) ) ;
#8392 = ORIENTED_EDGE ( 'NONE', *, *, #1289, .F. ) ;
#8393 = DIRECTION ( 'NONE',  ( 1.000000000000000000, 0.000000000000000000, 0.000000000000000000 ) ) ;
#8394 = VERTEX_POINT ( 'NONE', #2019 ) ;
#8395 = CARTESIAN_POINT ( 'NONE',  ( 134.0190966925303826, -121.6207379888870577, 62.34326268062861232 ) ) ;
#8396 = CARTESIAN_POINT ( 'NONE',  ( 132.3771133453899722, -153.4297640746490003, 66.54898615365620174 ) ) ;
#8397 = CARTESIAN_POINT ( 'NONE',  ( 160.5757498462368744, -120.9716768457537199, 59.18429884560516285 ) ) ;
#8398 = AXIS2_PLACEMENT_3D ( 'NONE', #3129, #7025, #11450 ) ;
#8399 = DIRECTION ( 'NONE',  ( -1.537727518322160001E-15, 6.348315136366700600E-15, -1.000000000000000000 ) ) ;
#8400 = CARTESIAN_POINT ( 'NONE',  ( 135.1930095005760109, -141.9813502137359933, 109.0491236408510076 ) ) ;
#8401 = CARTESIAN_POINT ( 'NONE',  ( 138.4751040480451820, -123.4297640215111898, 62.10199319125020168 ) ) ;
#8402 = CARTESIAN_POINT ( 'NONE',  ( 130.2171133453899756, -148.4297640215247895, 62.75000000000000000 ) ) ;
#8403 = VECTOR ( 'NONE', #7302, 1000.000000000000000 ) ;
#8404 = VERTEX_POINT ( 'NONE', #11206 ) ;
#8405 = VECTOR ( 'NONE', #1506, 1000.000000000000000 ) ;
#8406 = DIRECTION ( 'NONE',  ( -1.103783268114681861E-16, 1.000000000000000000, 7.931326066931689378E-15 ) ) ;
#8407 = CARTESIAN_POINT ( 'NONE',  ( 162.0209365267924966, -114.8297640215111954, 54.47436513418860216 ) ) ;
#8408 = ADVANCED_FACE ( 'NONE', ( #10215 ), #9199, .T. ) ;
#8409 = ORIENTED_EDGE ( 'NONE', *, *, #6115, .F. ) ;
#8410 = EDGE_LOOP ( 'NONE', ( #9357, #2689, #4594, #7340 ) ) ;
#8411 = LINE ( 'NONE', #10254, #2864 ) ;
#8412 = CARTESIAN_POINT ( 'NONE',  ( 163.0556914791290239, -133.3111086570581847, 51.49588092830069996 ) ) ;
#8413 = ORIENTED_EDGE ( 'NONE', *, *, #7714, .T. ) ;
#8414 = B_SPLINE_CURVE_WITH_KNOTS ( 'NONE', 3,
 ( #9766, #1400, #6210, #8046, #9030, #3177, #5958, #6948, #10633, #8852, #5215, #9703, #9953, #1338, #11621, #599, #10817, #536, #3296, #1460, #4230, #2375, #4291, #1521, #5279, #8106, #3355, #7929, #418, #3236, #4171, #7007, #11863, #1273, #10752, #4105 ),
 .UNSPECIFIED., .F., .F.,
 ( 4, 2, 1, 1, 1, 2, 2, 2, 1, 1, 1, 2, 2, 2, 2, 1, 1, 2, 2, 2, 2, 4 ),
 ( 0.000000000000000000, 0.1249999999998354372, 0.1874999999997615796, 0.2187499999997246647, 0.2343749999997039035, 0.2421874999996940780, 0.2499999999996842526, 0.3749999999997404299, 0.4374999999997699618, 0.4687499999997788991, 0.4843749999997757349, 0.4921874999997741251, 0.4999999999997725153, 0.6249999999998220312, 0.6874999999998423483, 0.7187499999998560041, 0.7343749999998687716, 0.7421874999998769873, 0.7499999999998852029, 0.8124999999999152900, 0.8749999999999453770, 1.000000000000000000 ),
 .UNSPECIFIED. ) ;
#8415 = FACE_OUTER_BOUND ( 'NONE', #2816, .T. ) ;
#8416 = AXIS2_PLACEMENT_3D ( 'NONE', #2996, #9293, #862 ) ;
#8417 = TOROIDAL_SURFACE ( 'NONE', #5265, 0.9000000000000000222, 0.5999999999999999778 ) ;
#8418 = CARTESIAN_POINT ( 'NONE',  ( 126.2171133453899898, -149.8297640215160129, 102.7500000000309939 ) ) ;
#8419 = DIRECTION ( 'NONE',  ( 0.000000000000000000, 3.559510282398065345E-16, -1.000000000000000000 ) ) ;
#8420 = CARTESIAN_POINT ( 'NONE',  ( 134.0606248479624014, -114.4297640215114029, 60.27765112427590566 ) ) ;
#8421 = PLANE ( 'NONE',  #7570 ) ;
#8422 = CARTESIAN_POINT ( 'NONE',  ( 132.7000493619924555, -153.3269136536245583, 98.59160148150607483 ) ) ;
#8423 = LINE ( 'NONE', #1026, #10783 ) ;
#8424 = EDGE_CURVE ( 'NONE', #2764, #8009, #750, .T. ) ;
#8425 = VECTOR ( 'NONE', #6955, 1000.000000000000000 ) ;
#8426 = EDGE_CURVE ( 'NONE', #11088, #2027, #7631, .T. ) ;
#8427 = VERTEX_POINT ( 'NONE', #5664 ) ;
#8428 = VERTEX_POINT ( 'NONE', #9291 ) ;
#8429 = VECTOR ( 'NONE', #6709, 1000.000000000000000 ) ;
#8430 = ORIENTED_EDGE ( 'NONE', *, *, #7143, .F. ) ;
#8431 = CARTESIAN_POINT ( 'NONE',  ( 134.9641834587088738, -141.3117479757981982, 106.3643171583372435 ) ) ;
#8432 = VECTOR ( 'NONE', #10504, 1000.000000000000000 ) ;
#8433 = CARTESIAN_POINT ( 'NONE',  ( 165.2171133453904872, -143.3164134470121951, 62.25000000000000000 ) ) ;
#8434 = DIRECTION ( 'NONE',  ( 0.3281699088141229459, 6.249710229795319290E-15, -0.9446187119409238386 ) ) ;
#8435 = EDGE_LOOP ( 'NONE', ( #3446, #4948, #9026, #5866 ) ) ;
#8436 = CARTESIAN_POINT ( 'NONE',  ( 133.1321153823363943, -114.5631256603330002, 54.47752021049729620 ) ) ;
#8437 = ADVANCED_FACE ( 'NONE', ( #8372 ), #10454, .F. ) ;
#8438 = EDGE_LOOP ( 'NONE', ( #2956, #10405, #9560, #1249 ) ) ;
#8439 = ORIENTED_EDGE ( 'NONE', *, *, #7854, .F. ) ;
#8440 = LINE ( 'NONE', #11270, #6415 ) ;
#8441 = EDGE_CURVE ( 'NONE', #4864, #8702, #10993, .T. ) ;
#8442 = ORIENTED_EDGE ( 'NONE', *, *, #4393, .T. ) ;
#8443 = ORIENTED_EDGE ( 'NONE', *, *, #10961, .T. ) ;
#8444 = VECTOR ( 'NONE', #4381, 1000.000000000000000 ) ;
#8445 = EDGE_CURVE ( 'NONE', #6477, #1661, #11174, .T. ) ;
#8446 = CARTESIAN_POINT ( 'NONE',  ( 163.2171132645240164, -145.4297640746490003, 70.99999985651450629 ) ) ;
#8447 = ADVANCED_FACE ( 'NONE', ( #9528 ), #3865, .T. ) ;
#8448 = CARTESIAN_POINT ( 'NONE',  ( 165.2171134190400039, -148.4297639542180036, 57.98985306244370719 ) ) ;
#8449 = CARTESIAN_POINT ( 'NONE',  ( 159.2928784776239866, -147.6570603870370064, 117.6643259181420120 ) ) ;
#8450 = CARTESIAN_POINT ( 'NONE',  ( 157.6742201265760173, -134.4726572934629871, 66.99999991151639733 ) ) ;
#8451 = CARTESIAN_POINT ( 'NONE',  ( 162.5774155216729753, -140.0968979904990590, 69.86274751403735195 ) ) ;
#8452 = EDGE_LOOP ( 'NONE', ( #5062, #619, #7575 ) ) ;
#8453 = PLANE ( 'NONE',  #6147 ) ;
#8454 = EDGE_LOOP ( 'NONE', ( #11164, #6168, #6844 ) ) ;
#8455 = DIRECTION ( 'NONE',  ( -1.000000000000000000, 0.000000000000000000, 0.000000000000000000 ) ) ;
#8456 = ADVANCED_FACE ( 'NONE', ( #9351 ), #4693, .F. ) ;
#8457 = ORIENTED_EDGE ( 'NONE', *, *, #3861, .F. ) ;
#8458 = CARTESIAN_POINT ( 'NONE',  ( 133.9670733397155686, -121.6732302687995144, 62.37820670760361708 ) ) ;
#8459 = EDGE_CURVE ( 'NONE', #1832, #4970, #2695, .T. ) ;
#8460 = DIRECTION ( 'NONE',  ( -7.166576360129189239E-17, 1.526556658859589750E-16, 1.000000000000000000 ) ) ;
#8461 = VECTOR ( 'NONE', #2861, 1000.000000000000000 ) ;
#8462 = DIRECTION ( 'NONE',  ( 0.000000000000000000, -1.526556658859589750E-16, -1.000000000000000000 ) ) ;
#8463 = DIRECTION ( 'NONE',  ( 3.683226109728400325E-15, 1.000000000000000000, -1.526556658859589750E-16 ) ) ;
#8464 = CARTESIAN_POINT ( 'NONE',  ( 164.2171132435119887, -153.4297640746490003, 62.74999974667980496 ) ) ;
#8465 = CARTESIAN_POINT ( 'NONE',  ( 132.9620950571425908, -132.1700309009922307, 53.17562527652629711 ) ) ;
#8466 = LINE ( 'NONE', #3778, #9855 ) ;
#8467 = DIRECTION ( 'NONE',  ( 0.000000000000000000, -2.327875578288750051E-16, -1.000000000000000000 ) ) ;
#8468 = ORIENTED_EDGE ( 'NONE', *, *, #11141, .T. ) ;
#8469 = CARTESIAN_POINT ( 'NONE',  ( 161.2171133453899756, -127.9297640746490146, 67.99999991151629786 ) ) ;
#8470 = DIRECTION ( 'NONE',  ( 4.347672017730144212E-17, 1.049620874995413908E-16, 1.000000000000000000 ) ) ;
#8471 = ADVANCED_FACE ( 'NONE', ( #6593 ), #10335, .F. ) ;
#8472 = ORIENTED_EDGE ( 'NONE', *, *, #180, .T. ) ;
#8473 = ORIENTED_EDGE ( 'NONE', *, *, #9352, .F. ) ;
#8474 = DIRECTION ( 'NONE',  ( 0.008142047127310658022, 7.930164461608264384E-15, -0.9999668529849260468 ) ) ;
#8475 = LINE ( 'NONE', #2918, #4726 ) ;
#8476 = ORIENTED_EDGE ( 'NONE', *, *, #6266, .F. ) ;
#8477 = DIRECTION ( 'NONE',  ( 5.079270344852710336E-15, -1.000000000000000000, -6.573933234426810631E-15 ) ) ;
#8478 = AXIS2_PLACEMENT_3D ( 'NONE', #11739, #6086, #6145 ) ;
#8479 = DIRECTION ( 'NONE',  ( 0.000000000000000000, -1.000000000000000000, 1.074295325692379890E-17 ) ) ;
#8480 = DIRECTION ( 'NONE',  ( -1.000000000000000000, 2.602085213964869829E-17, -7.166576360129189239E-17 ) ) ;
#8481 = B_SPLINE_SURFACE_WITH_KNOTS ( 'NONE', 3, 3, ( 
 ( #5312, #9062, #4443, #1733, #11093, #12085 ),
 ( #3222, #10109, #11155, #8138, #8265, #8839 ),
 ( #4386, #2469, #3637, #1675, #12022, #5431 ),
 ( #11030, #3448, #5088, #753, #693, #6307 ),
 ( #2713, #10970, #404, #10047, #6240, #6485 ) ),
 .UNSPECIFIED., .F., .F., .F.,
 ( 4, 1, 4 ),
 ( 4, 1, 1, 4 ),
 ( 0.000000000000000000, 0.5714285714285709528, 1.001529977480069888 ),
 ( -0.001529977480062370138, 0.4487989505128399670, 0.8975979010256750490, 1.572326304274999975 ),
 .UNSPECIFIED. ) ;
#8482 = LINE ( 'NONE', #1826, #732 ) ;
#8483 = CARTESIAN_POINT ( 'NONE',  ( 174.8926951490393833, -149.7541822254520696, 107.1068005216297649 ) ) ;
#8484 = CARTESIAN_POINT ( 'NONE',  ( 123.9605599919992045, -148.4297640215245906, 54.70752731740250852 ) ) ;
#8485 = LINE ( 'NONE', #3798, #4300 ) ;
#8486 = ORIENTED_EDGE ( 'NONE', *, *, #2567, .F. ) ;
#8487 = ORIENTED_EDGE ( 'NONE', *, *, #7305, .F. ) ;
#8488 = VECTOR ( 'NONE', #1073, 1000.000000000000000 ) ;
#8489 = ORIENTED_EDGE ( 'NONE', *, *, #10841, .F. ) ;
#8490 = CARTESIAN_POINT ( 'NONE',  ( 132.6072817688421992, -114.8297640215114086, 57.67765335951249739 ) ) ;
#8491 = AXIS2_PLACEMENT_3D ( 'NONE', #2241, #6811, #8537 ) ;
#8492 = EDGE_CURVE ( 'NONE', #4205, #5132, #7831, .T. ) ;
#8493 = CARTESIAN_POINT ( 'NONE',  ( 147.7171131080249893, -149.8297644555290162, 101.7500000000299991 ) ) ;
#8494 = EDGE_CURVE ( 'NONE', #7741, #10912, #9648, .T. ) ;
#8495 = CARTESIAN_POINT ( 'NONE',  ( 163.0571133453900075, -152.9723504732990307, 67.14091634279270693 ) ) ;
#8496 = EDGE_LOOP ( 'NONE', ( #9418, #1454, #5655, #9356 ) ) ;
#8497 = DIRECTION ( 'NONE',  ( 0.7071067811865475727, 0.000000000000000000, 0.7071067811865475727 ) ) ;
#8498 = CIRCLE ( 'NONE', #3574, 1.000000000000000888 ) ;
#8499 = EDGE_LOOP ( 'NONE', ( #11643, #1710, #2074, #2229, #6229, #10133, #7922, #6957, #9489, #2999, #5561, #6431 ) ) ;
#8500 = ORIENTED_EDGE ( 'NONE', *, *, #1919, .F. ) ;
#8501 = ORIENTED_EDGE ( 'NONE', *, *, #7539, .T. ) ;
#8502 = ORIENTED_EDGE ( 'NONE', *, *, #10445, .T. ) ;
#8503 = CARTESIAN_POINT ( 'NONE',  ( 174.2171133453904872, -119.4297640215111898, 62.75000000000000000 ) ) ;
#8504 = B_SPLINE_CURVE_WITH_KNOTS ( 'NONE', 3,
 ( #11254, #8542, #5468, #8360, #5653, #12059, #1956, #4790, #3738, #6460, #10139, #1770, #10265, #11314, #3855 ),
 .UNSPECIFIED., .F., .F.,
 ( 4, 2, 2, 1, 1, 1, 2, 2, 4 ),
 ( 0.000000000000000000, 0.2500000000000625056, 0.3750000000000722200, 0.4375000000000770495, 0.4687500000000354716, 0.4843750000000586198, 0.4921875000000329736, 0.5000000000000073275, 1.000000000000000000 ),
 .UNSPECIFIED. ) ;
#8505 = LINE ( 'NONE', #6604, #8983 ) ;
#8506 = AXIS2_PLACEMENT_3D ( 'NONE', #2214, #1235, #5979 ) ;
#8507 = CONICAL_SURFACE ( 'NONE', #6936, 3.299999999999997158, 0.7853981633973456944 ) ;
#8508 = DIRECTION ( 'NONE',  ( 0.000000000000000000, 1.000000000000000000, -1.074295325692379890E-17 ) ) ;
#8509 = EDGE_CURVE ( 'NONE', #2825, #5181, #3055, .T. ) ;
#8510 = DIRECTION ( 'NONE',  ( -7.166576360129189239E-17, 1.526556658859589750E-16, 1.000000000000000000 ) ) ;
#8511 = ORIENTED_EDGE ( 'NONE', *, *, #987, .T. ) ;
#8512 = EDGE_CURVE ( 'NONE', #2739, #12073, #3493, .T. ) ;
#8513 = DIRECTION ( 'NONE',  ( 1.000000000000000000, -4.557170478708180873E-15, -4.666241877321180938E-16 ) ) ;
#8514 = VERTEX_POINT ( 'NONE', #11687 ) ;
#8515 = CARTESIAN_POINT ( 'NONE',  ( 133.9424008712060186, -140.4297640215119998, 107.3643259182869940 ) ) ;
#8516 = VECTOR ( 'NONE', #8008, 1000.000000000000000 ) ;
#8517 = ORIENTED_EDGE ( 'NONE', *, *, #4539, .T. ) ;
#8518 = PLANE ( 'NONE',  #5707 ) ;
#8519 = DIRECTION ( 'NONE',  ( -1.000000000000000000, 0.000000000000000000, -7.166576360130759565E-17 ) ) ;
#8520 = DIRECTION ( 'NONE',  ( -4.692345787041510278E-15, -1.000000000000000000, -6.998008323019100649E-15 ) ) ;
#8521 = CARTESIAN_POINT ( 'NONE',  ( 163.0571133453900075, -144.5297640215119941, 67.14091634279270693 ) ) ;
#8522 = EDGE_CURVE ( 'NONE', #8117, #9237, #3239, .T. ) ;
#8523 = AXIS2_PLACEMENT_3D ( 'NONE', #3299, #8913, #3546 ) ;
#8524 = DIRECTION ( 'NONE',  ( 2.602085213964869829E-17, 1.000000000000000000, -1.526556658859309704E-16 ) ) ;
#8525 = ADVANCED_FACE ( 'NONE', ( #5962 ), #1404, .F. ) ;
#8526 = CARTESIAN_POINT ( 'NONE',  ( 162.9242201265764720, -119.4297640746489861, 66.70710669270279425 ) ) ;
#8527 = CARTESIAN_POINT ( 'NONE',  ( 135.9671133340039830, -140.4297640215119998, 100.7500000000290044 ) ) ;
#8528 = ORIENTED_EDGE ( 'NONE', *, *, #7844, .T. ) ;
#8529 = DIRECTION ( 'NONE',  ( 0.4397326120323201137, -0.1821432117215256719, 0.8794652240646018138 ) ) ;
#8530 = DIRECTION ( 'NONE',  ( 0.000000000000000000, 0.000000000000000000, 1.000000000000000000 ) ) ;
#8531 = VERTEX_POINT ( 'NONE', #422 ) ;
#8532 = VERTEX_POINT ( 'NONE', #1341 ) ;
#8533 = CYLINDRICAL_SURFACE ( 'NONE', #9739, 0.9999999999999986677 ) ;
#8534 = DIRECTION ( 'NONE',  ( -0.7071067811865560104, -0.7071067811865390240, 0.000000000000000000 ) ) ;
#8535 = ORIENTED_EDGE ( 'NONE', *, *, #11682, .T. ) ;
#8536 = DIRECTION ( 'NONE',  ( -0.7071067811865475727, -0.7071067811865475727, 2.517874784805353577E-14 ) ) ;
#8537 = DIRECTION ( 'NONE',  ( 1.000000000000000000, 0.000000000000000000, 0.000000000000000000 ) ) ;
#8538 = ADVANCED_FACE ( 'NONE', ( #3983 ), #9588, .F. ) ;
#8539 = DIRECTION ( 'NONE',  ( -1.000000000000000000, 0.000000000000000000, 1.038940419595570144E-15 ) ) ;
#8540 = DIRECTION ( 'NONE',  ( 0.000000000000000000, -1.000000000000000000, 1.074295325692379890E-17 ) ) ;
#8541 = LINE ( 'NONE', #105, #7173 ) ;
#8542 = CARTESIAN_POINT ( 'NONE',  ( 133.1555774844073596, -139.2001580952240261, 69.99999991151646839 ) ) ;
#8543 =( BOUNDED_CURVE ( )  B_SPLINE_CURVE ( 3, ( #6141, #1579, #10868, #11985 ),
 .UNSPECIFIED., .F., .F. ) 
 B_SPLINE_CURVE_WITH_KNOTS ( ( 4, 4 ),
 ( 4.712388980384689674, 5.497787143782160157 ),
 .UNSPECIFIED. ) 
 CURVE ( )  GEOMETRIC_REPRESENTATION_ITEM ( )  RATIONAL_B_SPLINE_CURVE ( ( 1.000000000000000000, 0.9492530216741880134, 0.9492530216741880134, 1.000000000000000000 ) ) 
 REPRESENTATION_ITEM ( '' )  );
#8544 = LINE ( 'NONE', #5530, #166 ) ;
#8545 = VERTEX_POINT ( 'NONE', #5905 ) ;
#8546 = ORIENTED_EDGE ( 'NONE', *, *, #11351, .T. ) ;
#8547 = ORIENTED_EDGE ( 'NONE', *, *, #2460, .T. ) ;
#8548 = FACE_OUTER_BOUND ( 'NONE', #6685, .T. ) ;
#8549 = CARTESIAN_POINT ( 'NONE',  ( 163.0006084838202582, -153.0598279401597210, 67.14091634279269272 ) ) ;
#8550 = EDGE_LOOP ( 'NONE', ( #2862, #11648, #7465, #10728, #3073, #962, #11888 ) ) ;
#8551 = CARTESIAN_POINT ( 'NONE',  ( 132.9915805301509977, -114.4297640215114029, 54.47937835699730158 ) ) ;
#8552 = ORIENTED_EDGE ( 'NONE', *, *, #10510, .F. ) ;
#8553 = VERTEX_POINT ( 'NONE', #7746 ) ;
#8554 = ORIENTED_EDGE ( 'NONE', *, *, #10413, .T. ) ;
#8555 = VERTEX_POINT ( 'NONE', #7013 ) ;
#8556 = EDGE_CURVE ( 'NONE', #11770, #10592, #5704, .T. ) ;
#8557 = DIRECTION ( 'NONE',  ( -8.933825898460540270E-17, -1.000000000000000000, 8.933825917823488641E-17 ) ) ;
#8558 = AXIS2_PLACEMENT_3D ( 'NONE', #12174, #9213, #10939 ) ;
#8559 = DIRECTION ( 'NONE',  ( 0.7071067811865592301, 0.000000000000000000, -0.7071067811865356934 ) ) ;
#8560 = CARTESIAN_POINT ( 'NONE',  ( 163.3171131927749968, -154.0297640746490231, 103.7997837512839965 ) ) ;
#8561 = CARTESIAN_POINT ( 'NONE',  ( 143.4201394235330156, -143.4297640215119714, 99.69100161576849928 ) ) ;
#8562 = ORIENTED_EDGE ( 'NONE', *, *, #5503, .T. ) ;
#8563 = DIRECTION ( 'NONE',  ( 1.000000000000000000, -2.602085213964869829E-17, 1.070962509852659981E-16 ) ) ;
#8564 = ORIENTED_EDGE ( 'NONE', *, *, #7837, .T. ) ;
#8565 = CIRCLE ( 'NONE', #3650, 1.700000000000007061 ) ;
#8566 = VECTOR ( 'NONE', #8042, 1000.000000000000000 ) ;
#8567 = CARTESIAN_POINT ( 'NONE',  ( 129.0373065367358834, -148.9439222131804286, 50.57637576545867120 ) ) ;
#8568 = ORIENTED_EDGE ( 'NONE', *, *, #4229, .F. ) ;
#8569 = ADVANCED_FACE ( 'NONE', ( #11565 ), #7932, .T. ) ;
#8570 = DIRECTION ( 'NONE',  ( 0.000000000000000000, 1.000000000000000000, -2.336840784686309836E-30 ) ) ;
#8571 = PRODUCT ( 'Cowl', 'Cowl', '', ( #801 ) ) ;
#8572 = DIRECTION ( 'NONE',  ( -1.000000000000000000, 2.602085213964869829E-17, 0.000000000000000000 ) ) ;
#8573 = ADVANCED_FACE ( 'NONE', ( #11499 ), #9832, .T. ) ;
#8574 = DIRECTION ( 'NONE',  ( -5.947210316807140508E-15, -1.000000000000000000, 1.526556658858979862E-16 ) ) ;
#8575 = VECTOR ( 'NONE', #9253, 1000.000000000000000 ) ;
#8576 = LINE ( 'NONE', #2848, #10167 ) ;
#8577 = CARTESIAN_POINT ( 'NONE',  ( 138.0920337882469937, -144.2216771345159998, 110.3643260063079907 ) ) ;
#8578 = FACE_OUTER_BOUND ( 'NONE', #9682, .T. ) ;
#8579 = PLANE ( 'NONE',  #6840 ) ;
#8580 = ORIENTED_EDGE ( 'NONE', *, *, #1696, .T. ) ;
#8581 = CARTESIAN_POINT ( 'NONE',  ( 132.6951266866267360, -139.0155506574388937, 70.10777300790667255 ) ) ;
#8582 = CARTESIAN_POINT ( 'NONE',  ( 162.2786491929783494, -139.2001580550409869, 66.99999991151618417 ) ) ;
#8583 = ORIENTED_EDGE ( 'NONE', *, *, #7014, .T. ) ;
#8584 = ORIENTED_EDGE ( 'NONE', *, *, #1734, .F. ) ;
#8585 = EDGE_CURVE ( 'NONE', #11872, #2795, #1054, .T. ) ;
#8586 = DIRECTION ( 'NONE',  ( -2.449293572821440166E-16, 6.573933234426810631E-15, -1.000000000000000000 ) ) ;
#8587 = AXIS2_PLACEMENT_3D ( 'NONE', #2065, #7454, #8309 ) ;
#8588 = DIRECTION ( 'NONE',  ( 1.917940887807219907E-15, 1.000000000000000000, -1.917940887807179675E-15 ) ) ;
#8589 = ORIENTED_EDGE ( 'NONE', *, *, #11992, .F. ) ;
#8590 = EDGE_CURVE ( 'NONE', #9898, #3216, #6766, .T. ) ;
#8591 = EDGE_CURVE ( 'NONE', #6012, #6011, #2315, .T. ) ;
#8592 = CARTESIAN_POINT ( 'NONE',  ( 163.2171133453900040, -140.4297640215119998, 98.70216526821819514 ) ) ;
#8593 = FACE_OUTER_BOUND ( 'NONE', #11258, .T. ) ;
#8594 = ADVANCED_FACE ( 'NONE', ( #6951 ), #9217, .T. ) ;
#8595 = VECTOR ( 'NONE', #9095, 1000.000000000000000 ) ;
#8596 = DIRECTION ( 'NONE',  ( 1.000000000000000000, -4.557170478708180873E-15, -4.666241877321180938E-16 ) ) ;
#8597 = VECTOR ( 'NONE', #9754, 1000.000000000000227 ) ;
#8598 = CARTESIAN_POINT ( 'NONE',  ( 163.2171133453900040, -140.4297640215119998, 99.26432591814170792 ) ) ;
#8599 = CARTESIAN_POINT ( 'NONE',  ( 165.3236018428179932, -117.4297640215112040, 62.75000000000000000 ) ) ;
#8600 = CARTESIAN_POINT ( 'NONE',  ( 132.2474879634529827, -132.6704041748515976, 51.11866876023839978 ) ) ;
#8601 = EDGE_LOOP ( 'NONE', ( #4815, #9297, #6207, #4484, #8314, #5534, #12042 ) ) ;
#8602 = ORIENTED_EDGE ( 'NONE', *, *, #8147, .F. ) ;
#8603 = VERTEX_POINT ( 'NONE', #6024 ) ;
#8604 = EDGE_CURVE ( 'NONE', #10336, #3368, #10775, .T. ) ;
#8605 = VECTOR ( 'NONE', #1808, 1000.000000000000114 ) ;
#8606 = AXIS2_PLACEMENT_3D ( 'NONE', #5976, #11635, #11579 ) ;
#8607 = EDGE_CURVE ( 'NONE', #2052, #4304, #3486, .T. ) ;
#8608 = CARTESIAN_POINT ( 'NONE',  ( 133.5171131927750139, -148.4297640746490003, 102.0997837512840078 ) ) ;
#8609 = FACE_OUTER_BOUND ( 'NONE', #5077, .T. ) ;
#8610 = DIRECTION ( 'NONE',  ( -0.7071067811865336949, -0.7071067811865614505, 1.387778780781423430E-14 ) ) ;
#8611 =( BOUNDED_CURVE ( )  B_SPLINE_CURVE ( 3, ( #896, #3662, #1072, #6450 ),
 .UNSPECIFIED., .F., .F. ) 
 B_SPLINE_CURVE_WITH_KNOTS ( ( 4, 4 ),
 ( 4.719147851734359911, 5.349890256905269759 ),
 .UNSPECIFIED. ) 
 CURVE ( )  GEOMETRIC_REPRESENTATION_ITEM ( )  RATIONAL_B_SPLINE_CURVE ( ( 1.000000000000000000, 0.9671208724905309140, 0.9671208724905309140, 1.000000000000000000 ) ) 
 REPRESENTATION_ITEM ( '' )  );
#8612 = DIRECTION ( 'NONE',  ( 2.444005099427409921E-28, 1.000000000000000000, 1.761091272811659927E-14 ) ) ;
#8613 = AXIS2_PLACEMENT_3D ( 'NONE', #5421, #3437, #9110 ) ;
#8614 = AXIS2_PLACEMENT_3D ( 'NONE', #7807, #9709, #8731 ) ;
#8615 = ORIENTED_EDGE ( 'NONE', *, *, #3311, .T. ) ;
#8616 = DIRECTION ( 'NONE',  ( -4.795080281032449633E-24, 1.000000000000000000, 6.573933234426810631E-15 ) ) ;
#8617 = VERTEX_POINT ( 'NONE', #9957 ) ;
#8618 = ORIENTED_EDGE ( 'NONE', *, *, #4809, .T. ) ;
#8619 = VERTEX_POINT ( 'NONE', #7194 ) ;
#8620 = EDGE_CURVE ( 'NONE', #9533, #8619, #8239, .T. ) ;
#8621 = DIRECTION ( 'NONE',  ( 2.602085213964869829E-17, 1.000000000000000000, -1.526556658859589750E-16 ) ) ;
#8622 = CARTESIAN_POINT ( 'NONE',  ( 163.2171133453900040, -141.6512988156069923, 69.89580533161981180 ) ) ;
#8623 = AXIS2_PLACEMENT_3D ( 'NONE', #6080, #1331, #9821 ) ;
#8624 = FACE_OUTER_BOUND ( 'NONE', #1074, .T. ) ;
#8625 = LINE ( 'NONE', #11337, #4943 ) ;
#8626 = CARTESIAN_POINT ( 'NONE',  ( 126.2171133453899898, -154.6398243570239970, 62.75000000000000000 ) ) ;
#8627 = ORIENTED_EDGE ( 'NONE', *, *, #10865, .F. ) ;
#8628 = LINE ( 'NONE', #191, #9088 ) ;
#8629 = VECTOR ( 'NONE', #10810, 1000.000000000000000 ) ;
#8630 = VERTEX_POINT ( 'NONE', #9035 ) ;
#8631 = AXIS2_PLACEMENT_3D ( 'NONE', #4819, #8570, #136 ) ;
#8632 = CARTESIAN_POINT ( 'NONE',  ( 123.5579249464393143, -149.0783826876738090, 53.94182949450360098 ) ) ;
#8633 = ORIENTED_EDGE ( 'NONE', *, *, #11553, .F. ) ;
#8634 = DIRECTION ( 'NONE',  ( -2.481542626519989715E-24, 6.573933234426810631E-15, -1.000000000000000000 ) ) ;
#8635 = FACE_OUTER_BOUND ( 'NONE', #2569, .T. ) ;
#8636 = DIRECTION ( 'NONE',  ( 1.000000000000000000, 4.795077207320080361E-24, 0.000000000000000000 ) ) ;
#8637 = DIRECTION ( 'NONE',  ( -1.000000000000000000, -5.079270344852710336E-15, -3.323076563243509988E-29 ) ) ;
#8638 = EDGE_CURVE ( 'NONE', #9794, #5473, #6213, .T. ) ;
#8639 = CARTESIAN_POINT ( 'NONE',  ( 154.6834021859320103, -140.4297640215119998, 112.4405461112039859 ) ) ;
#8640 = EDGE_CURVE ( 'NONE', #9359, #2096, #11999, .T. ) ;
#8641 = DIRECTION ( 'NONE',  ( 8.271814108300169675E-25, -6.573933234426810631E-15, 1.000000000000000000 ) ) ;
#8642 = ORIENTED_EDGE ( 'NONE', *, *, #7569, .F. ) ;
#8643 = CARTESIAN_POINT ( 'NONE',  ( 120.2171133453899898, -134.4379126611372044, 62.75000000000000000 ) ) ;
#8644 = DIRECTION ( 'NONE',  ( -1.000000000000000000, 0.000000000000000000, 0.000000000000000000 ) ) ;
#8645 = EDGE_LOOP ( 'NONE', ( #10429, #438, #1698, #3212, #1242 ) ) ;
#8646 = DIRECTION ( 'NONE',  ( 7.310267526464300259E-25, -1.000000000000000000, -7.105427357601000281E-15 ) ) ;
#8647 = ORIENTED_EDGE ( 'NONE', *, *, #3363, .F. ) ;
#8648 = PLANE ( 'NONE',  #1991 ) ;
#8649 = EDGE_LOOP ( 'NONE', ( #11283, #10747, #5610, #2919 ) ) ;
#8650 = CARTESIAN_POINT ( 'NONE',  ( 133.9425134960249864, -140.4297640215119998, 105.3643259181410059 ) ) ;
#8651 = CARTESIAN_POINT ( 'NONE',  ( 137.8094094721379861, -148.2297640746490117, 105.4997837512840135 ) ) ;
#8652 = DIRECTION ( 'NONE',  ( -0.7071067811865475727, 0.000000000000000000, 0.7071067811865475727 ) ) ;
#8653 = CARTESIAN_POINT ( 'NONE',  ( 164.2171133453900040, -119.4297640746489861, 102.7500000000329976 ) ) ;
#8654 = EDGE_CURVE ( 'NONE', #222, #4391, #663, .T. ) ;
#8655 = DIRECTION ( 'NONE',  ( -3.160768215787150073E-15, -1.000000000000000000, 1.412984285350369912E-16 ) ) ;
#8656 = CARTESIAN_POINT ( 'NONE',  ( 158.7171133453899756, -136.4297640746490288, 82.74999987335620233 ) ) ;
#8657 = CARTESIAN_POINT ( 'NONE',  ( 134.3102857609942191, -140.5004340795346991, 110.9950738882595545 ) ) ;
#8658 = ADVANCED_FACE ( 'NONE', ( #602 ), #1706, .T. ) ;
#8659 = VERTEX_POINT ( 'NONE', #726 ) ;
#8660 = VERTEX_POINT ( 'NONE', #3420 ) ;
#8661 = CARTESIAN_POINT ( 'NONE',  ( 132.2171048338250046, -139.0115528356840002, 66.29941180195488926 ) ) ;
#8662 = VERTEX_POINT ( 'NONE', #4356 ) ;
#8663 = PLANE ( 'NONE',  #3434 ) ;
#8664 = SPHERICAL_SURFACE ( 'NONE', #6362, 1.000000000000000000 ) ;
#8665 = DIRECTION ( 'NONE',  ( -1.000000000000000000, 2.602085213964869829E-17, -7.166576360129189239E-17 ) ) ;
#8666 = CARTESIAN_POINT ( 'NONE',  ( 132.2474879634529827, -142.6271945873118057, 51.11866876023830031 ) ) ;
#8667 = FACE_OUTER_BOUND ( 'NONE', #1226, .T. ) ;
#8668 = EDGE_CURVE ( 'NONE', #9157, #6098, #9795, .T. ) ;
#8669 = CIRCLE ( 'NONE', #214, 1.000000000000000888 ) ;
#8670 = VERTEX_POINT ( 'NONE', #1526 ) ;
#8671 = CARTESIAN_POINT ( 'NONE',  ( 163.1093402489997857, -139.0155506942013801, 70.47801325275302986 ) ) ;
#8672 = EDGE_CURVE ( 'NONE', #2027, #8630, #11346, .T. ) ;
#8673 = ORIENTED_EDGE ( 'NONE', *, *, #11977, .T. ) ;
#8674 = ORIENTED_EDGE ( 'NONE', *, *, #8269, .F. ) ;
#8675 = VERTEX_POINT ( 'NONE', #7259 ) ;
#8676 = LINE ( 'NONE', #3414, #1188 ) ;
#8677 = AXIS2_PLACEMENT_3D ( 'NONE', #9333, #786, #4541 ) ;
#8678 = CYLINDRICAL_SURFACE ( 'NONE', #7277, 4.999999999999998224 ) ;
#8679 =( BOUNDED_CURVE ( )  B_SPLINE_CURVE ( 2, ( #11483, #7852, #7730 ),
 .UNSPECIFIED., .F., .F. ) 
 B_SPLINE_CURVE_WITH_KNOTS ( ( 3, 3 ),
 ( 11.35862437446940021, 12.74041508487450081 ),
 .UNSPECIFIED. ) 
 CURVE ( )  GEOMETRIC_REPRESENTATION_ITEM ( )  RATIONAL_B_SPLINE_CURVE ( ( 4.185684084654189618, 4.194718453426870219, 4.158805892647730040 ) ) 
 REPRESENTATION_ITEM ( '' )  );
#8680 = DIRECTION ( 'NONE',  ( -4.664896225277170639E-15, 1.000000000000000000, 6.633052400461320667E-15 ) ) ;
#8681 = DIRECTION ( 'NONE',  ( 0.7071067804202438856, 0.000000000000000000, -0.7071067819528512599 ) ) ;
#8682 = CARTESIAN_POINT ( 'NONE',  ( 133.5171131927750139, -148.4297640746490003, 103.7997837512839965 ) ) ;
#8683 = EDGE_CURVE ( 'NONE', #9962, #122, #2504, .T. ) ;
#8684 = AXIS2_PLACEMENT_3D ( 'NONE', #8762, #2109, #10665 ) ;
#8685 = VERTEX_POINT ( 'NONE', #7075 ) ;
#8686 = CARTESIAN_POINT ( 'NONE',  ( 135.2171133453900040, -140.4297640215119998, 95.04570738794581075 ) ) ;
#8687 = ORIENTED_EDGE ( 'NONE', *, *, #8445, .F. ) ;
#8688 = CARTESIAN_POINT ( 'NONE',  ( 121.7727462951963417, -149.1752593384588295, 56.29285484195707312 ) ) ;
#8689 = EDGE_LOOP ( 'NONE', ( #8071, #5521, #4375, #5460, #2654 ) ) ;
#8690 = LINE ( 'NONE', #8753, #10406 ) ;
#8691 = VECTOR ( 'NONE', #8020, 1000.000000000000000 ) ;
#8692 = CIRCLE ( 'NONE', #2794, 2.500000000000002220 ) ;
#8693 = CARTESIAN_POINT ( 'NONE',  ( 161.0401287937982886, -121.5259736981101639, 58.52538077368098612 ) ) ;
#8694 = ORIENTED_EDGE ( 'NONE', *, *, #9256, .T. ) ;
#8695 = CARTESIAN_POINT ( 'NONE',  ( 165.2171133453900040, -120.8462228485717986, 57.98985306244389903 ) ) ;
#8696 = LINE ( 'NONE', #1181, #10950 ) ;
#8697 = DIRECTION ( 'NONE',  ( -0.8191520442889919096, 0.5735764363510458264, 2.861211755468670037E-15 ) ) ;
#8698 = B_SPLINE_CURVE_WITH_KNOTS ( 'NONE', 3,
 ( #6313, #2600, #5502, #9312 ),
 .UNSPECIFIED., .F., .F.,
 ( 4, 4 ),
 ( 0.000000000000000000, 1.000000000000000000 ),
 .UNSPECIFIED. ) ;
#8699 = CARTESIAN_POINT ( 'NONE',  ( 132.5100065642029961, -141.1368708558350136, 68.99999991151649681 ) ) ;
#8700 = DIRECTION ( 'NONE',  ( 2.602085213964869829E-17, 1.000000000000000000, -1.526556658859589750E-16 ) ) ;
#8701 = AXIS2_PLACEMENT_3D ( 'NONE', #6211, #1461, #5402 ) ;
#8702 = VERTEX_POINT ( 'NONE', #6279 ) ;
#8703 = ORIENTED_EDGE ( 'NONE', *, *, #11013, .T. ) ;
#8704 = DIRECTION ( 'NONE',  ( 1.000000000000000000, 0.000000000000000000, 0.000000000000000000 ) ) ;
#8705 = ORIENTED_EDGE ( 'NONE', *, *, #2090, .T. ) ;
#8706 = CARTESIAN_POINT ( 'NONE',  ( 132.7208082640323425, -140.5046344414098485, 67.28782122404319921 ) ) ;
#8707 = VERTEX_POINT ( 'NONE', #8173 ) ;
#8708 = DIRECTION ( 'NONE',  ( 0.000000000000000000, -0.7071067811865520136, 0.7071067811865431318 ) ) ;
#8709 = ORIENTED_EDGE ( 'NONE', *, *, #6575, .F. ) ;
#8710 = ADVANCED_FACE ( 'NONE', ( #1589, #11934 ), #4479, .F. ) ;
#8711 = EDGE_CURVE ( 'NONE', #7921, #4441, #5466, .T. ) ;
#8712 = AXIS2_PLACEMENT_3D ( 'NONE', #788, #3794, #5648 ) ;
#8713 = DIRECTION ( 'NONE',  ( -1.666513209668970211E-24, 1.000000000000000000, 0.000000000000000000 ) ) ;
#8714 = CARTESIAN_POINT ( 'NONE',  ( 139.0769737309300069, -140.4297640215119998, 112.4405461112039859 ) ) ;
#8715 = CARTESIAN_POINT ( 'NONE',  ( 134.9214992269345146, -141.2003955978606200, 106.3433669822574217 ) ) ;
#8716 = LINE ( 'NONE', #276, #7154 ) ;
#8717 = CARTESIAN_POINT ( 'NONE',  ( 160.2171131927750025, -148.4297640746490003, 103.7997837512839965 ) ) ;
#8718 = DIRECTION ( 'NONE',  ( 1.000000000000000000, -2.602085234388459868E-17, 7.166576360160149565E-17 ) ) ;
#8719 = LINE ( 'NONE', #9759, #3525 ) ;
#8720 = CYLINDRICAL_SURFACE ( 'NONE', #11567, 0.9999999999999964473 ) ;
#8721 = AXIS2_PLACEMENT_3D ( 'NONE', #5326, #648, #4400 ) ;
#8722 = VERTEX_POINT ( 'NONE', #5218 ) ;
#8723 = ORIENTED_EDGE ( 'NONE', *, *, #2101, .F. ) ;
#8724 = DIRECTION ( 'NONE',  ( -2.449293581093249742E-16, 6.573933234426810631E-15, -1.000000000000000000 ) ) ;
#8725 = ORIENTED_EDGE ( 'NONE', *, *, #3465, .T. ) ;
#8726 = EDGE_CURVE ( 'NONE', #3768, #15, #541, .T. ) ;
#8727 = DIRECTION ( 'NONE',  ( 5.075800897900750411E-15, -1.000000000000000000, -6.432020515982920536E-15 ) ) ;
#8728 = EDGE_CURVE ( 'NONE', #1668, #10750, #332, .T. ) ;
#8729 = CIRCLE ( 'NONE', #10502, 11.54238125198780729 ) ;
#8730 = CARTESIAN_POINT ( 'NONE',  ( 160.2422409075530254, -145.4046399309106050, 52.05484601354490337 ) ) ;
#8731 = DIRECTION ( 'NONE',  ( -0.7071067811865614505, -0.7071067811865336949, 0.000000000000000000 ) ) ;
#8732 = CARTESIAN_POINT ( 'NONE',  ( 163.2171133453900040, -141.8439776370219931, 68.99999991151629786 ) ) ;
#8733 = ORIENTED_EDGE ( 'NONE', *, *, #5730, .F. ) ;
#8734 = CARTESIAN_POINT ( 'NONE',  ( 134.2171133453900040, -138.0155505122760076, 67.99999991151649681 ) ) ;
#8735 = VERTEX_POINT ( 'NONE', #7133 ) ;
#8736 = ORIENTED_EDGE ( 'NONE', *, *, #1803, .F. ) ;
#8737 = EDGE_LOOP ( 'NONE', ( #10825, #10042, #5470, #5234 ) ) ;
#8738 = VECTOR ( 'NONE', #8299, 1000.000000000000000 ) ;
#8739 = CARTESIAN_POINT ( 'NONE',  ( 163.0032086462690017, -141.2160725253330327, 69.16510543892299268 ) ) ;
#8740 = EDGE_CURVE ( 'NONE', #6177, #11403, #12177, .T. ) ;
#8741 = ADVANCED_FACE ( 'NONE', ( #2868 ), #10384, .T. ) ;
#8742 = LINE ( 'NONE', #9782, #5245 ) ;
#8743 = CARTESIAN_POINT ( 'NONE',  ( 138.4751040480451820, -114.8297640215111954, 62.10199319125020168 ) ) ;
#8744 = VECTOR ( 'NONE', #564, 1000.000000000000000 ) ;
#8745 = ADVANCED_FACE ( 'NONE', ( #4544 ), #9336, .F. ) ;
#8746 = CARTESIAN_POINT ( 'NONE',  ( 120.2171133453899898, -127.6838383413246021, 66.00407431981281547 ) ) ;
#8747 = VERTEX_POINT ( 'NONE', #903 ) ;
#8748 = CARTESIAN_POINT ( 'NONE',  ( 135.2171131927750309, -154.4297640746490003, 103.7997837512839965 ) ) ;
#8749 = ORIENTED_EDGE ( 'NONE', *, *, #10005, .T. ) ;
#8750 = CARTESIAN_POINT ( 'NONE',  ( 123.4799673821802912, -149.0816431722603284, 54.02345023874615748 ) ) ;
#8751 = ORIENTED_EDGE ( 'NONE', *, *, #1305, .T. ) ;
#8752 = COLOUR_RGB ( '',0.1882352941176470562, 0.2313725490196078538, 0.5882352941176470784 ) ;
#8753 = CARTESIAN_POINT ( 'NONE',  ( 121.2171133453899898, -149.8297640215160129, 62.75000000000000000 ) ) ;
#8754 = EDGE_CURVE ( 'NONE', #4142, #6087, #5054, .T. ) ;
#8755 = CARTESIAN_POINT ( 'NONE',  ( 135.2171133453900040, -119.4297640746489861, 68.99999991151649681 ) ) ;
#8756 = ORIENTED_EDGE ( 'NONE', *, *, #1035, .F. ) ;
#8757 = LINE ( 'NONE', #6976, #518 ) ;
#8758 = LINE ( 'NONE', #11650, #8212 ) ;
#8759 = PLANE ( 'NONE',  #2420 ) ;
#8760 = VECTOR ( 'NONE', #6810, 1000.000000000000000 ) ;
#8761 = AXIS2_PLACEMENT_3D ( 'NONE', #95, #3842, #10375 ) ;
#8762 = CARTESIAN_POINT ( 'NONE',  ( 159.6669467343539850, -153.4297640746490003, 70.44999974667979359 ) ) ;
#8763 = CARTESIAN_POINT ( 'NONE',  ( 171.1798797530100273, -114.6297640215111926, 57.75000000000000000 ) ) ;
#8764 = ORIENTED_EDGE ( 'NONE', *, *, #5049, .T. ) ;
#8765 = ORIENTED_EDGE ( 'NONE', *, *, #11654, .T. ) ;
#8766 = CARTESIAN_POINT ( 'NONE',  ( 163.2171133453900040, -136.4297640746490288, 80.50005036323319985 ) ) ;
#8767 = EDGE_LOOP ( 'NONE', ( #1785, #1071, #3572, #3924 ) ) ;
#8768 = DIRECTION ( 'NONE',  ( -1.000000000000000000, 0.000000000000000000, 0.000000000000000000 ) ) ;
#8769 = EDGE_LOOP ( 'NONE', ( #8771, #9207, #2071 ) ) ;
#8770 = FACE_OUTER_BOUND ( 'NONE', #1566, .T. ) ;
#8771 = ORIENTED_EDGE ( 'NONE', *, *, #6959, .F. ) ;
#8772 = AXIS2_PLACEMENT_3D ( 'NONE', #811, #1488, #570 ) ;
#8773 = VECTOR ( 'NONE', #1683, 1000.000000000000114 ) ;
#8774 = DIRECTION ( 'NONE',  ( 1.387778780781444098E-14, 3.831611138354870564E-15, 1.000000000000000000 ) ) ;
#8775 = PLANE ( 'NONE',  #12026 ) ;
#8776 = CARTESIAN_POINT ( 'NONE',  ( 162.3677708826299977, -138.4595744938966106, 53.47602185630480420 ) ) ;
#8777 = DIRECTION ( 'NONE',  ( 0.3118089932630119243, 0.3118084451452189376, 0.8975247323926109910 ) ) ;
#8778 = DIRECTION ( 'NONE',  ( -0.8125199200687275303, -0.3365567705908014129, 0.4759631494779816840 ) ) ;
#8779 = CARTESIAN_POINT ( 'NONE',  ( 156.7171131927750025, -154.4297640746490003, 103.7997837512839965 ) ) ;
#8780 = EDGE_CURVE ( 'NONE', #4879, #9298, #5566, .T. ) ;
#8781 = VECTOR ( 'NONE', #736, 1000.000000000000114 ) ;
#8782 = LINE ( 'NONE', #1393, #5304 ) ;
#8783 = CARTESIAN_POINT ( 'NONE',  ( 124.2171133453900040, -153.4297640746490003, 100.7500000000290044 ) ) ;
#8784 = VERTEX_POINT ( 'NONE', #5527 ) ;
#8785 = ORIENTED_EDGE ( 'NONE', *, *, #7407, .F. ) ;
#8786 = CARTESIAN_POINT ( 'NONE',  ( 161.2171133453899756, -138.0155505122760076, 67.99999991151629786 ) ) ;
#8787 = ORIENTED_EDGE ( 'NONE', *, *, #9796, .F. ) ;
#8788 = CARTESIAN_POINT ( 'NONE',  ( 164.2171133453900040, -153.4297640746490003, 102.7500000000329976 ) ) ;
#8789 = AXIS2_PLACEMENT_3D ( 'NONE', #3341, #6255, #9014 ) ;
#8790 = CARTESIAN_POINT ( 'NONE',  ( 173.7171133453904872, -148.4297640215243916, 62.75000000000000000 ) ) ;
#8791 = UNCERTAINTY_MEASURE_WITH_UNIT (LENGTH_MEASURE( 1.000000000000000082E-05 ), #11496, 'distance_accuracy_value', 'NONE');
#8792 = CYLINDRICAL_SURFACE ( 'NONE', #9106, 2.349999999999990763 ) ;
#8793 = DIRECTION ( 'NONE',  ( 0.000000000000000000, 1.000000000000000000, 6.573933234426810631E-15 ) ) ;
#8794 = CARTESIAN_POINT ( 'NONE',  ( 121.2171133453899898, -154.4460613007630059, 43.75000000000059686 ) ) ;
#8795 = EDGE_CURVE ( 'NONE', #5937, #6770, #4788, .T. ) ;
#8796 = EDGE_CURVE ( 'NONE', #2027, #11088, #11970, .T. ) ;
#8797 = ORIENTED_EDGE ( 'NONE', *, *, #1271, .F. ) ;
#8798 = DIRECTION ( 'NONE',  ( 2.602085213964869829E-17, 1.000000000000000000, -1.526556658859589750E-16 ) ) ;
#8799 = CIRCLE ( 'NONE', #342, 0.9999999999999964473 ) ;
#8800 = ORIENTED_EDGE ( 'NONE', *, *, #10680, .F. ) ;
#8801 = VERTEX_POINT ( 'NONE', #8298 ) ;
#8802 = AXIS2_PLACEMENT_3D ( 'NONE', #2272, #8867, #3193 ) ;
#8803 = ORIENTED_EDGE ( 'NONE', *, *, #4046, .F. ) ;
#8804 = LINE ( 'NONE', #4929, #11385 ) ;
#8805 = DIRECTION ( 'NONE',  ( -4.832443957009299887E-15, -1.000000000000000000, -6.661338147750930565E-15 ) ) ;
#8806 = LINE ( 'NONE', #2092, #6345 ) ;
#8807 = AXIS2_PLACEMENT_3D ( 'NONE', #5540, #4619, #11326 ) ;
#8808 = DIRECTION ( 'NONE',  ( -7.166576360129239776E-17, 1.074295325692399920E-17, 1.000000000000000000 ) ) ;
#8809 = EDGE_CURVE ( 'NONE', #5031, #7924, #7380, .T. ) ;
#8810 = ORIENTED_EDGE ( 'NONE', *, *, #8048, .T. ) ;
#8811 = CARTESIAN_POINT ( 'NONE',  ( 130.2171133453899756, -151.4297640215179968, 62.75000000000000000 ) ) ;
#8812 = ORIENTED_EDGE ( 'NONE', *, *, #11931, .F. ) ;
#8813 = CARTESIAN_POINT ( 'NONE',  ( 132.9623425825990068, -153.4297640746490003, 66.47410798651019093 ) ) ;
#8814 = EDGE_CURVE ( 'NONE', #2743, #7662, #4604, .T. ) ;
#8815 = EDGE_LOOP ( 'NONE', ( #10980, #11771, #4182, #8195 ) ) ;
#8816 = AXIS2_PLACEMENT_3D ( 'NONE', #9760, #5094, #2982 ) ;
#8817 = VERTEX_POINT ( 'NONE', #9279 ) ;
#8818 = VECTOR ( 'NONE', #3422, 1000.000000000000000 ) ;
#8819 = EDGE_CURVE ( 'NONE', #5132, #8822, #11190, .T. ) ;
#8820 = CARTESIAN_POINT ( 'NONE',  ( 132.2171133602460031, -141.6943747435429941, 68.99726660810848955 ) ) ;
#8821 = CARTESIAN_POINT ( 'NONE',  ( 163.2171133453904872, -154.4297640215109766, 55.74960223581889807 ) ) ;
#8822 = VERTEX_POINT ( 'NONE', #6519 ) ;
#8823 = CARTESIAN_POINT ( 'NONE',  ( 162.9242201265764720, -136.4297640746490288, 66.70710669270279425 ) ) ;
#8824 = CIRCLE ( 'NONE', #2525, 0.9999999999999964473 ) ;
#8825 = PLANE ( 'NONE',  #6534 ) ;
#8826 = EDGE_CURVE ( 'NONE', #2235, #9712, #8482, .T. ) ;
#8827 = CARTESIAN_POINT ( 'NONE',  ( 139.0953518277050023, -145.2622270632869856, 107.3679489089350056 ) ) ;
#8828 = ORIENTED_EDGE ( 'NONE', *, *, #9319, .F. ) ;
#8829 = EDGE_LOOP ( 'NONE', ( #4935, #4430, #8081, #3691, #6299 ) ) ;
#8830 = DIRECTION ( 'NONE',  ( 0.000000000000000000, -1.000000000000000000, -6.573933234426810631E-15 ) ) ;
#8831 = EDGE_CURVE ( 'NONE', #2386, #7662, #7500, .T. ) ;
#8832 = ORIENTED_EDGE ( 'NONE', *, *, #9879, .T. ) ;
#8833 = CARTESIAN_POINT ( 'NONE',  ( 133.0143474550984592, -139.6249341556010677, 67.04183634390481927 ) ) ;
#8834 = ORIENTED_EDGE ( 'NONE', *, *, #10119, .F. ) ;
#8835 = DIRECTION ( 'NONE',  ( 0.8125199200687445167, -0.3365567705907691609, 0.4759631494779753558 ) ) ;
#8836 = ORIENTED_EDGE ( 'NONE', *, *, #10171, .T. ) ;
#8837 = VECTOR ( 'NONE', #10718, 1000.000000000000000 ) ;
#8838 = DIRECTION ( 'NONE',  ( -1.070962509852659981E-16, -3.936716910086240211E-15, 1.000000000000000000 ) ) ;
#8839 = CARTESIAN_POINT ( 'NONE',  ( 163.2171218664500145, -139.0115483637760292, 66.29941204237439933 ) ) ;
#8840 = CARTESIAN_POINT ( 'NONE',  ( 126.8043469377704042, -114.4297640215114029, 57.75000000000000000 ) ) ;
#8841 = DIRECTION ( 'NONE',  ( -2.172710010179970092E-15, 0.000000000000000000, 1.000000000000000000 ) ) ;
#8842 = DIRECTION ( 'NONE',  ( 0.7071067819528303877, 0.000000000000000000, 0.7071067804202646467 ) ) ;
#8843 = ADVANCED_FACE ( 'NONE', ( #2808 ), #10320, .F. ) ;
#8844 = CARTESIAN_POINT ( 'NONE',  ( 132.2932516600345707, -141.4613015636570026, 67.99999991151649681 ) ) ;
#8845 = CIRCLE ( 'NONE', #7657, 14.00000000000001243 ) ;
#8846 = PLANE ( 'NONE',  #9034 ) ;
#8847 = DIRECTION ( 'NONE',  ( 1.000000000000000000, -2.602085213964869829E-17, 7.166576360129189239E-17 ) ) ;
#8848 = ORIENTED_EDGE ( 'NONE', *, *, #8061, .T. ) ;
#8849 = ORIENTED_EDGE ( 'NONE', *, *, #4084, .F. ) ;
#8850 = CARTESIAN_POINT ( 'NONE',  ( 132.4147943853299978, -139.5180864107449850, 66.73743546226290846 ) ) ;
#8851 = ORIENTED_EDGE ( 'NONE', *, *, #3311, .F. ) ;
#8852 = CARTESIAN_POINT ( 'NONE',  ( 162.2945193050416890, -122.5067167208784724, 62.72058959771567288 ) ) ;
#8853 = FACE_OUTER_BOUND ( 'NONE', #5582, .T. ) ;
#8854 = CARTESIAN_POINT ( 'NONE',  ( 132.2431406728790364, -141.5822297320284804, 67.99999991151651102 ) ) ;
#8855 = CARTESIAN_POINT ( 'NONE',  ( 167.9954836606060269, -136.7699883797177449, 51.91664625081959628 ) ) ;
#8856 = DIRECTION ( 'NONE',  ( 0.7071067811865580088, -0.7071067811865370256, 1.942890293094024932E-16 ) ) ;
#8857 = ORIENTED_EDGE ( 'NONE', *, *, #2460, .F. ) ;
#8858 = CARTESIAN_POINT ( 'NONE',  ( 134.8396709919759360, -140.9655100597527166, 106.2615340354118558 ) ) ;
#8859 = ORIENTED_EDGE ( 'NONE', *, *, #2021, .F. ) ;
#8860 = EDGE_LOOP ( 'NONE', ( #4689, #1772, #118, #911 ) ) ;
#8861 = VERTEX_POINT ( 'NONE', #46 ) ;
#8862 = CARTESIAN_POINT ( 'NONE',  ( 162.3729028819879829, -139.4894202283319942, 69.99997594841140369 ) ) ;
#8863 = ADVANCED_FACE ( 'NONE', ( #11312, #7561, #11908, #1629 ), #826, .F. ) ;
#8864 = DIRECTION ( 'NONE',  ( 4.751910101198859687E-14, -4.052677489049489696E-14, 1.000000000000000000 ) ) ;
#8865 = CARTESIAN_POINT ( 'NONE',  ( 134.8820000464368150, -120.9424932001272879, 59.23269130668355587 ) ) ;
#8866 = CLOSED_SHELL ( 'NONE', ( #10771, #617, #8471, #5214, #2644, #3725, #9713, #9200, #543, #6355, #5900, #11903, #5475, #2034, #11518, #755, #9626, #5508, #4384, #1379, #3002, #3759, #1949, #11640, #11041, #9861, #6723, #9687, #11380, #2512, #7325, #2925, #7545, #2860, #213, #4424, #4221, #2463, #1375, #6398, #11449, #8843, #11274, #7420, #104, #9286, #165, #8408, #2717, #1718, #8538, #10027, #2650, #4808, #5796, #235, #7315, #4978 ) ) ;
#8867 = DIRECTION ( 'NONE',  ( -0.4082482904638640719, -0.4082482904638640719, 0.8164965809277250353 ) ) ;
#8868 = ORIENTED_EDGE ( 'NONE', *, *, #2189, .T. ) ;
#8869 = CARTESIAN_POINT ( 'NONE',  ( 163.7171131927750025, -154.4297640746490003, 103.7997837512839965 ) ) ;
#8870 = EDGE_LOOP ( 'NONE', ( #5672, #5843, #10402, #7170, #4394 ) ) ;
#8871 = CARTESIAN_POINT ( 'NONE',  ( 169.9786284033270078, -146.6504621838784033, 53.38549640900530591 ) ) ;
#8872 = ORIENTED_EDGE ( 'NONE', *, *, #6122, .F. ) ;
#8873 = ORIENTED_EDGE ( 'NONE', *, *, #6625, .F. ) ;
#8874 = CARTESIAN_POINT ( 'NONE',  ( 137.4322607913653087, -143.9713729753453322, 106.3643259181410059 ) ) ;
#8875 = EDGE_CURVE ( 'NONE', #3836, #10795, #2294, .T. ) ;
#8876 = ORIENTED_EDGE ( 'NONE', *, *, #5505, .F. ) ;
#8877 = CARTESIAN_POINT ( 'NONE',  ( 165.2171133453904872, -141.4297640215177978, 58.25000000000000000 ) ) ;
#8878 = VECTOR ( 'NONE', #4093, 1000.000000000000000 ) ;
#8879 = PLANE ( 'NONE',  #10958 ) ;
#8880 = ADVANCED_FACE ( 'NONE', ( #7113 ), #1686, .T. ) ;
#8881 = CARTESIAN_POINT ( 'NONE',  ( 133.0664558081502094, -141.3212823756466037, 53.47602185630480420 ) ) ;
#8882 = CARTESIAN_POINT ( 'NONE',  ( 162.3677708826299977, -146.4785198376040114, 53.47602185630469762 ) ) ;
#8883 = ORIENTED_EDGE ( 'NONE', *, *, #8088, .T. ) ;
#8884 = ORIENTED_EDGE ( 'NONE', *, *, #1819, .F. ) ;
#8885 = DIRECTION ( 'NONE',  ( -2.602085213964759820E-17, -1.000000000000000000, -1.851855715756635050E-31 ) ) ;
#8886 = VECTOR ( 'NONE', #11853, 1000.000000000000114 ) ;
#8887 = CIRCLE ( 'NONE', #11049, 2.750000000000002665 ) ;
#8888 = ORIENTED_EDGE ( 'NONE', *, *, #3241, .F. ) ;
#8889 = CYLINDRICAL_SURFACE ( 'NONE', #9948, 11.54238125198780729 ) ;
#8890 = ORIENTED_EDGE ( 'NONE', *, *, #7736, .T. ) ;
#8891 = CARTESIAN_POINT ( 'NONE',  ( 132.6248169134119905, -148.2297640746490117, 102.0997837512840078 ) ) ;
#8892 = EDGE_CURVE ( 'NONE', #8817, #7307, #1456, .T. ) ;
#8893 = DIRECTION ( 'NONE',  ( -0.7071067811865683339, 0.000000000000000000, -0.7071067811865267005 ) ) ;
#8894 = FACE_OUTER_BOUND ( 'NONE', #1038, .T. ) ;
#8895 = ADVANCED_FACE ( 'NONE', ( #6314 ), #2480, .T. ) ;
#8896 = VECTOR ( 'NONE', #2289, 1000.000000000000000 ) ;
#8897 = AXIS2_PLACEMENT_3D ( 'NONE', #2745, #3792, #6516 ) ;
#8898 = CARTESIAN_POINT ( 'NONE',  ( 163.2171133453904872, -114.6297640215111926, 62.24960223581919649 ) ) ;
#8899 = EDGE_CURVE ( 'NONE', #1147, #9368, #11040, .T. ) ;
#8900 = PLANE ( 'NONE',  #3771 ) ;
#8901 = DIRECTION ( 'NONE',  ( 2.602085213964869829E-17, 1.000000000000000000, -1.526556658859589750E-16 ) ) ;
#8902 = DIRECTION ( 'NONE',  ( -1.000000000000000000, -9.644381700046828834E-17, -7.166576360131229184E-17 ) ) ;
#8903 = DIRECTION ( 'NONE',  ( 1.000000000000000000, 0.000000000000000000, 0.000000000000000000 ) ) ;
#8904 = ORIENTED_EDGE ( 'NONE', *, *, #5336, .F. ) ;
#8905 = EDGE_LOOP ( 'NONE', ( #8749, #4893, #5874, #11413, #926, #4800, #8227 ) ) ;
#8906 = CARTESIAN_POINT ( 'NONE',  ( 133.0613204299699817, -139.4894227401340174, 67.00002385924609882 ) ) ;
#8907 = LINE ( 'NONE', #9887, #6901 ) ;
#8908 = ORIENTED_EDGE ( 'NONE', *, *, #4916, .F. ) ;
#8909 = VECTOR ( 'NONE', #8969, 1000.000000000000000 ) ;
#8910 = EDGE_CURVE ( 'NONE', #9712, #687, #9999, .T. ) ;
#8911 = CARTESIAN_POINT ( 'NONE',  ( 162.2171133453900040, -147.4297640746490003, 69.99999991151639733 ) ) ;
#8912 = CARTESIAN_POINT ( 'NONE',  ( 163.2171133453904872, -117.4297640215112040, 62.74648661845999698 ) ) ;
#8913 = DIRECTION ( 'NONE',  ( -8.938489473110520229E-17, -1.000000000000000000, 8.906163854055228964E-17 ) ) ;
#8914 = DIRECTION ( 'NONE',  ( 0.5000000000000011102, -0.5000000000000011102, 0.7071067811865459074 ) ) ;
#8915 = CARTESIAN_POINT ( 'NONE',  ( 135.2171131927750309, -140.4297640215119998, 103.7997837512839965 ) ) ;
#8916 = AXIS2_PLACEMENT_3D ( 'NONE', #6765, #3118, #11498 ) ;
#8917 = CARTESIAN_POINT ( 'NONE',  ( 162.9240113076430134, -139.0155507307715936, 66.70690307604189684 ) ) ;
#8918 = ORIENTED_EDGE ( 'NONE', *, *, #1520, .F. ) ;
#8919 = CARTESIAN_POINT ( 'NONE',  ( 133.2171133453900040, -134.4297640746490288, 70.99999991151649681 ) ) ;
#8920 = EDGE_LOOP ( 'NONE', ( #1712, #5082, #11329, #4320, #10800, #6236 ) ) ;
#8921 = VERTEX_POINT ( 'NONE', #5504 ) ;
#8922 = ORIENTED_EDGE ( 'NONE', *, *, #11776, .T. ) ;
#8923 = CARTESIAN_POINT ( 'NONE',  ( 162.2136263939000003, -139.0123047217780083, 70.00000432309799692 ) ) ;
#8924 = VECTOR ( 'NONE', #9617, 1000.000000000000000 ) ;
#8925 = CARTESIAN_POINT ( 'NONE',  ( 163.2171133453900040, -136.4378403070739978, 96.26432591814179318 ) ) ;
#8926 = CARTESIAN_POINT ( 'NONE',  ( 174.2171132998449821, -149.8297640215160129, 102.7500000000219842 ) ) ;
#8927 = FACE_OUTER_BOUND ( 'NONE', #3790, .T. ) ;
#8928 = ORIENTED_EDGE ( 'NONE', *, *, #5888, .T. ) ;
#8929 = CARTESIAN_POINT ( 'NONE',  ( 133.2171133453900040, -152.4297640746490003, 67.14091634279270693 ) ) ;
#8930 = EDGE_CURVE ( 'NONE', #4754, #8531, #6102, .T. ) ;
#8931 = ORIENTED_EDGE ( 'NONE', *, *, #2037, .T. ) ;
#8932 = DIRECTION ( 'NONE',  ( -0.8125199200687529544, -0.3365567705908004137, -0.4759631494779386629 ) ) ;
#8933 = ORIENTED_EDGE ( 'NONE', *, *, #8668, .F. ) ;
#8934 = ORIENTED_EDGE ( 'NONE', *, *, #8159, .T. ) ;
#8935 = CARTESIAN_POINT ( 'NONE',  ( 140.0086933871159829, -140.4297640215119998, 102.7500000000329976 ) ) ;
#8936 = EDGE_LOOP ( 'NONE', ( #8528, #10583, #8627, #8547, #1124 ) ) ;
#8937 = DIRECTION ( 'NONE',  ( -0.4397326120323142296, 0.1821432117215233126, 0.8794652240646053665 ) ) ;
#8938 = CARTESIAN_POINT ( 'NONE',  ( 160.2171131927750025, -148.2297640746490117, 103.7997837512839965 ) ) ;
#8939 = CARTESIAN_POINT ( 'NONE',  ( 161.2171133453899756, -119.4297640746489861, 66.99999991151629786 ) ) ;
#8940 = CARTESIAN_POINT ( 'NONE',  ( 136.7171133453900040, -139.4397640202369928, 80.50005035146709531 ) ) ;
#8941 = EDGE_CURVE ( 'NONE', #4851, #2371, #7641, .T. ) ;
#8942 = ORIENTED_EDGE ( 'NONE', *, *, #3619, .T. ) ;
#8943 = VECTOR ( 'NONE', #8331, 1000.000000000000000 ) ;
#8944 = VERTEX_POINT ( 'NONE', #3460 ) ;
#8945 = FACE_OUTER_BOUND ( 'NONE', #923, .T. ) ;
#8946 = ORIENTED_EDGE ( 'NONE', *, *, #7267, .T. ) ;
#8947 = DIRECTION ( 'NONE',  ( 0.7071067811865475727, 0.000000000000000000, -0.7071067811865475727 ) ) ;
#8948 = EDGE_CURVE ( 'NONE', #6248, #7593, #705, .T. ) ;
#8949 = PLANE ( 'NONE',  #9435 ) ;
#8950 = CYLINDRICAL_SURFACE ( 'NONE', #6612, 4.999999999999998224 ) ;
#8951 = DIRECTION ( 'NONE',  ( -2.602085213964869829E-17, -1.000000000000000000, 1.526556658859589750E-16 ) ) ;
#8952 = LINE ( 'NONE', #11730, #7744 ) ;
#8953 = CARTESIAN_POINT ( 'NONE',  ( 132.1171131927750082, -154.0297640746490231, 103.7997837512839965 ) ) ;
#8954 = DIRECTION ( 'NONE',  ( 0.7071067811865461294, -0.7071067811865490160, 1.802296205367370370E-09 ) ) ;
#8955 = ADVANCED_FACE ( 'NONE', ( #4337 ), #8153, .T. ) ;
#8956 = CARTESIAN_POINT ( 'NONE',  ( 162.9242201265759888, -141.1368708558350136, 67.99999991151629786 ) ) ;
#8957 = CARTESIAN_POINT ( 'NONE',  ( 160.2171131927750025, -140.4297640215119998, 103.7997837512839965 ) ) ;
#8958 = EDGE_CURVE ( 'NONE', #10730, #3807, #4581, .T. ) ;
#8959 = ORIENTED_EDGE ( 'NONE', *, *, #10510, .T. ) ;
#8960 = ORIENTED_EDGE ( 'NONE', *, *, #10445, .F. ) ;
#8961 = CYLINDRICAL_SURFACE ( 'NONE', #1288, 0.5899999999999971934 ) ;
#8962 = VECTOR ( 'NONE', #10498, 1000.000000000000000 ) ;
#8963 = VECTOR ( 'NONE', #9208, 1000.000000000000000 ) ;
#8964 = EDGE_CURVE ( 'NONE', #11695, #4864, #8335, .T. ) ;
#8965 = CARTESIAN_POINT ( 'NONE',  ( 163.2171133453900040, -136.4297640746490288, 72.12502505495649530 ) ) ;
#8966 = ORIENTED_EDGE ( 'NONE', *, *, #8183, .T. ) ;
#8967 = EDGE_CURVE ( 'NONE', #6061, #6586, #4397, .T. ) ;
#8968 = CARTESIAN_POINT ( 'NONE',  ( 162.9242201265759888, -141.1368708558350136, 67.99999991151629786 ) ) ;
#8969 = DIRECTION ( 'NONE',  ( -2.602085213964874759E-17, -1.000000000000000000, 1.526556658859589750E-16 ) ) ;
#8970 = CARTESIAN_POINT ( 'NONE',  ( 120.2171133453899898, -140.4297640215119998, 100.7500000000290044 ) ) ;
#8971 = VECTOR ( 'NONE', #9016, 1000.000000000000000 ) ;
#8972 = VECTOR ( 'NONE', #10296, 1000.000000000000000 ) ;
#8973 = CARTESIAN_POINT ( 'NONE',  ( 135.6669467343540134, -153.4297640746490003, 72.24999974667979075 ) ) ;
#8974 = CARTESIAN_POINT ( 'NONE',  ( 134.2171133453900040, -138.0155505122760076, 67.99999991151649681 ) ) ;
#8975 = DIRECTION ( 'NONE',  ( -0.3281699088141229459, 0.000000000000000000, 0.9446187119409238386 ) ) ;
#8976 = ORIENTED_EDGE ( 'NONE', *, *, #8385, .F. ) ;
#8977 = PLANE ( 'NONE',  #4885 ) ;
#8978 = ADVANCED_FACE ( 'NONE', ( #766 ), #10059, .T. ) ;
#8979 = EDGE_LOOP ( 'NONE', ( #6324, #2171, #986, #11677 ) ) ;
#8980 = VERTEX_POINT ( 'NONE', #6191 ) ;
#8981 = EDGE_CURVE ( 'NONE', #5170, #9580, #9932, .T. ) ;
#8982 = ORIENTED_EDGE ( 'NONE', *, *, #5212, .T. ) ;
#8983 = VECTOR ( 'NONE', #10226, 1000.000000000000000 ) ;
#8984 = CARTESIAN_POINT ( 'NONE',  ( 132.9481040724980403, -153.4191902887739900, 66.71557465116015351 ) ) ;
#8985 = CARTESIAN_POINT ( 'NONE',  ( 171.2171133453900040, -149.8297640215157855, 64.75000000000000000 ) ) ;
#8986 = CARTESIAN_POINT ( 'NONE',  ( 133.8302812796108867, -122.1534984122963152, 58.09398553505165097 ) ) ;
#8987 = DIRECTION ( 'NONE',  ( -1.000000000000000000, 2.602085213965229747E-17, 2.357766133642020006E-14 ) ) ;
#8988 = FILL_AREA_STYLE ('',( #11767 ) ) ;
#8989 = AXIS2_PLACEMENT_3D ( 'NONE', #728, #5163, #8975 ) ;
#8990 = CIRCLE ( 'NONE', #4863, 1.000000000000003997 ) ;
#8991 = ORIENTED_EDGE ( 'NONE', *, *, #5270, .T. ) ;
#8992 = CARTESIAN_POINT ( 'NONE',  ( 131.2171133574399846, -145.4297640746490003, 70.99999984436949774 ) ) ;
#8993 = ADVANCED_FACE ( 'NONE', ( #10081 ), #4358, .T. ) ;
#8994 = ORIENTED_EDGE ( 'NONE', *, *, #10423, .T. ) ;
#8995 = LINE ( 'NONE', #11887, #8744 ) ;
#8996 = ORIENTED_EDGE ( 'NONE', *, *, #6557, .T. ) ;
#8997 = ORIENTED_EDGE ( 'NONE', *, *, #1201, .F. ) ;
#8998 = CARTESIAN_POINT ( 'NONE',  ( 163.2171133453900040, -119.4297640746489861, 99.26432591814179318 ) ) ;
#8999 = VECTOR ( 'NONE', #11192, 1000.000000000000000 ) ;
#9000 = AXIS2_PLACEMENT_3D ( 'NONE', #2833, #3936, #7702 ) ;
#9001 = ORIENTED_EDGE ( 'NONE', *, *, #1750, .T. ) ;
#9002 = CARTESIAN_POINT ( 'NONE',  ( 163.0571133453900075, -144.5297640215119941, 65.95898615365621254 ) ) ;
#9003 = CARTESIAN_POINT ( 'NONE',  ( 175.2171133453905156, -114.8297640215111954, 62.24960223581919649 ) ) ;
#9004 = CARTESIAN_POINT ( 'NONE',  ( 134.2171133453900040, -138.0155505122760076, 68.99999991151649681 ) ) ;
#9005 = CARTESIAN_POINT ( 'NONE',  ( 136.7171133453900040, -141.0252566916429942, 93.86432591814070747 ) ) ;
#9006 = CIRCLE ( 'NONE', #1532, 1.000000000000000888 ) ;
#9007 = ORIENTED_EDGE ( 'NONE', *, *, #10974, .F. ) ;
#9008 = VECTOR ( 'NONE', #8434, 1000.000000000000227 ) ;
#9009 = VERTEX_POINT ( 'NONE', #1649 ) ;
#9010 = CARTESIAN_POINT ( 'NONE',  ( 134.8866111097949840, -141.1010892613510066, 111.3643815217409951 ) ) ;
#9011 = VERTEX_POINT ( 'NONE', #5219 ) ;
#9012 = PLANE ( 'NONE',  #2087 ) ;
#9013 = CARTESIAN_POINT ( 'NONE',  ( 175.2171133453905156, -114.8297640215111954, 51.25000000000000000 ) ) ;
#9014 = DIRECTION ( 'NONE',  ( -1.000000000000000000, 3.480590576041360211E-15, 0.000000000000000000 ) ) ;
#9015 = EDGE_CURVE ( 'NONE', #11081, #10796, #6638, .T. ) ;
#9016 = DIRECTION ( 'NONE',  ( 2.602085213964869829E-17, 1.000000000000000000, -1.526556658859589750E-16 ) ) ;
#9017 = VECTOR ( 'NONE', #426, 1000.000000000000000 ) ;
#9018 = EDGE_CURVE ( 'NONE', #3859, #11330, #10881, .T. ) ;
#9019 = DIRECTION ( 'NONE',  ( -8.271814108300169675E-25, 6.573933234426810631E-15, -1.000000000000000000 ) ) ;
#9020 = DIRECTION ( 'NONE',  ( -1.000000000000000000, -1.214306505109919625E-16, 1.654361215689970176E-24 ) ) ;
#9021 = DIRECTION ( 'NONE',  ( 0.000000000000000000, 7.425043536408380004E-15, -1.000000000000000000 ) ) ;
#9022 = LINE ( 'NONE', #4217, #6831 ) ;
#9023 = CARTESIAN_POINT ( 'NONE',  ( 161.2171133453899756, -138.9297640746490288, 69.99999991151639733 ) ) ;
#9024 = CARTESIAN_POINT ( 'NONE',  ( 124.4750729394826010, -147.3370334239333204, 54.11173932080414772 ) ) ;
#9025 = ORIENTED_EDGE ( 'NONE', *, *, #10224, .F. ) ;
#9026 = ORIENTED_EDGE ( 'NONE', *, *, #6719, .T. ) ;
#9027 = DIRECTION ( 'NONE',  ( -0.4397326120323142296, 0.1821432117215233126, 0.8794652240646053665 ) ) ;
#9028 = FACE_BOUND ( 'NONE', #6725, .T. ) ;
#9029 = ORIENTED_EDGE ( 'NONE', *, *, #2942, .T. ) ;
#9030 = CARTESIAN_POINT ( 'NONE',  ( 162.5517783488527357, -122.7650638304541104, 62.76479166323228753 ) ) ;
#9031 = EDGE_CURVE ( 'NONE', #4142, #5910, #7261, .T. ) ;
#9032 = DIRECTION ( 'NONE',  ( 2.602085213964869829E-17, 1.000000000000000000, -1.526556658859589750E-16 ) ) ;
#9033 = CARTESIAN_POINT ( 'NONE',  ( 132.2474879634529827, -120.4297680637884156, 51.11866876023850637 ) ) ;
#9034 = AXIS2_PLACEMENT_3D ( 'NONE', #1450, #11733, #5894 ) ;
#9035 = CARTESIAN_POINT ( 'NONE',  ( 135.6669467343540134, -152.8297640746490060, 72.24999974667979075 ) ) ;
#9036 = ADVANCED_FACE ( 'NONE', ( #483, #1466, #10823, #2506 ), #9038, .T. ) ;
#9037 = DIRECTION ( 'NONE',  ( 0.000000000000000000, -1.000000000000000000, 1.526556658859589750E-16 ) ) ;
#9038 = PLANE ( 'NONE',  #8989 ) ;
#9039 = DIRECTION ( 'NONE',  ( -0.7071067811865683339, 0.000000000000000000, -0.7071067811865267005 ) ) ;
#9040 = ORIENTED_EDGE ( 'NONE', *, *, #5146, .F. ) ;
#9041 = ORIENTED_EDGE ( 'NONE', *, *, #3246, .F. ) ;
#9042 = EDGE_LOOP ( 'NONE', ( #11011, #11381, #4023, #3263, #7780 ) ) ;
#9043 = AXIS2_PLACEMENT_3D ( 'NONE', #3960, #11662, #1384 ) ;
#9044 = DIRECTION ( 'NONE',  ( 1.000000000000000000, 0.000000000000000000, 0.000000000000000000 ) ) ;
#9045 = CARTESIAN_POINT ( 'NONE',  ( 161.1877084999080978, -121.6936111588422733, 58.38749367646416744 ) ) ;
#9046 = EDGE_CURVE ( 'NONE', #10767, #6359, #4235, .T. ) ;
#9047 = CARTESIAN_POINT ( 'NONE',  ( 171.4736666987809883, -148.4297640215243916, 54.70752731740250852 ) ) ;
#9048 = DIRECTION ( 'NONE',  ( -2.602085213964889859E-17, -1.000000000000000000, 2.148562215093330474E-15 ) ) ;
#9049 = PLANE ( 'NONE',  #10978 ) ;
#9050 = EDGE_CURVE ( 'NONE', #123, #9460, #5275, .T. ) ;
#9051 = ORIENTED_EDGE ( 'NONE', *, *, #1063, .T. ) ;
#9052 = CARTESIAN_POINT ( 'NONE',  ( 162.2171133453900040, -152.4297640746490003, 67.14091634279270693 ) ) ;
#9053 = CARTESIAN_POINT ( 'NONE',  ( 165.2171133453904872, -134.0920877878090209, 58.25000000000000000 ) ) ;
#9054 = EDGE_LOOP ( 'NONE', ( #10377, #6311, #9265, #6124, #12017, #446, #5761, #1926 ) ) ;
#9055 = CARTESIAN_POINT ( 'NONE',  ( 132.6513570401425568, -153.2626413082892327, 67.07889004633364038 ) ) ;
#9056 = ORIENTED_EDGE ( 'NONE', *, *, #2884, .T. ) ;
#9057 = VERTEX_POINT ( 'NONE', #7196 ) ;
#9058 = CARTESIAN_POINT ( 'NONE',  ( 132.2171133453900040, -114.4297640215114029, 62.74648661845999698 ) ) ;
#9059 = ORIENTED_EDGE ( 'NONE', *, *, #5249, .F. ) ;
#9060 = EDGE_CURVE ( 'NONE', #3234, #5671, #6666, .T. ) ;
#9061 = DIRECTION ( 'NONE',  ( 5.947210316807140508E-15, 1.000000000000000000, -1.526556658859589750E-16 ) ) ;
#9062 = CARTESIAN_POINT ( 'NONE',  ( 163.2171133453900040, -141.8446366215789851, 67.70283760321498789 ) ) ;
#9063 = CARTESIAN_POINT ( 'NONE',  ( 160.1768364872660015, -140.4297640215119998, 114.2144502228039897 ) ) ;
#9064 = CARTESIAN_POINT ( 'NONE',  ( 133.5171131927750139, -148.0297640746490231, 105.4997837512840135 ) ) ;
#9065 = DIRECTION ( 'NONE',  ( 1.000000000000000000, 0.000000000000000000, 0.000000000000000000 ) ) ;
#9066 = EDGE_LOOP ( 'NONE', ( #10893, #329, #11052, #1609 ) ) ;
#9067 = VECTOR ( 'NONE', #6496, 1000.000000000000000 ) ;
#9068 = DIRECTION ( 'NONE',  ( -1.504056274950594933E-15, -1.000000000000000000, -1.504056274950594933E-15 ) ) ;
#9069 = EDGE_LOOP ( 'NONE', ( #6819, #2080, #7201, #3214 ) ) ;
#9070 = CARTESIAN_POINT ( 'NONE',  ( 132.4880302999870878, -123.1594404694903346, 62.77589327070201364 ) ) ;
#9071 = FACE_OUTER_BOUND ( 'NONE', #76, .T. ) ;
#9072 = CARTESIAN_POINT ( 'NONE',  ( 135.1409928779011977, -138.3982339446410208, 79.56249988289630437 ) ) ;
#9073 = CARTESIAN_POINT ( 'NONE',  ( 147.7171131927750025, -148.4297640746490003, 103.7997837512839965 ) ) ;
#9074 = CARTESIAN_POINT ( 'NONE',  ( 134.8867893806400104, -141.1007620968209721, 106.3086558945000064 ) ) ;
#9075 = LINE ( 'NONE', #586, #5973 ) ;
#9076 = LINE ( 'NONE', #10063, #5155 ) ;
#9077 = DIRECTION ( 'NONE',  ( 1.000000000000000000, -2.602085213957639734E-17, 4.738022480002830405E-13 ) ) ;
#9078 = VECTOR ( 'NONE', #11793, 1000.000000000000000 ) ;
#9079 = CARTESIAN_POINT ( 'NONE',  ( 161.2171133453899756, -138.0155505122760076, 68.99999991151629786 ) ) ;
#9080 = LINE ( 'NONE', #5394, #769 ) ;
#9081 = EDGE_CURVE ( 'NONE', #2096, #3392, #10025, .T. ) ;
#9082 = EDGE_CURVE ( 'NONE', #2842, #8670, #7991, .T. ) ;
#9083 = ORIENTED_EDGE ( 'NONE', *, *, #5878, .T. ) ;
#9084 = ORIENTED_EDGE ( 'NONE', *, *, #3445, .T. ) ;
#9085 = CARTESIAN_POINT ( 'NONE',  ( 163.9671133453900040, -137.1797640746490288, 69.99999991151639733 ) ) ;
#9086 = FACE_OUTER_BOUND ( 'NONE', #9127, .T. ) ;
#9087 = ORIENTED_EDGE ( 'NONE', *, *, #4047, .T. ) ;
#9088 = VECTOR ( 'NONE', #7706, 1000.000000000000000 ) ;
#9089 = AXIS2_PLACEMENT_3D ( 'NONE', #8493, #9527, #6530 ) ;
#9090 = CARTESIAN_POINT ( 'NONE',  ( 163.1867387273269969, -132.6704041748513987, 51.11866876023839978 ) ) ;
#9091 = DIRECTION ( 'NONE',  ( -8.933825898460540270E-17, -1.000000000000000000, 8.933825917823488641E-17 ) ) ;
#9092 = CARTESIAN_POINT ( 'NONE',  ( 160.2171133453899756, -140.4297640215119998, 93.86432591835850303 ) ) ;
#9093 = CARTESIAN_POINT ( 'NONE',  ( 163.2171133453904872, -148.1717277621499989, 62.10199259233939983 ) ) ;
#9094 = PLANE ( 'NONE',  #5007 ) ;
#9095 = DIRECTION ( 'NONE',  ( 8.821935677471621045E-15, 1.074295325689379908E-17, 1.000000000000000000 ) ) ;
#9096 = CARTESIAN_POINT ( 'NONE',  ( 138.4751040480451820, -114.4297640215112040, 62.10199319125020168 ) ) ;
#9097 = VECTOR ( 'NONE', #2219, 1000.000000000000000 ) ;
#9098 = EDGE_CURVE ( 'NONE', #8009, #9535, #7077, .T. ) ;
#9099 = ORIENTED_EDGE ( 'NONE', *, *, #8229, .F. ) ;
#9100 = EDGE_LOOP ( 'NONE', ( #8058, #7998, #5168, #10869 ) ) ;
#9101 = ORIENTED_EDGE ( 'NONE', *, *, #6263, .F. ) ;
#9102 = EDGE_CURVE ( 'NONE', #5107, #2839, #604, .T. ) ;
#9103 = CARTESIAN_POINT ( 'NONE',  ( 163.2171133453900040, -136.4297640746490288, 80.50005036323319985 ) ) ;
#9104 =( NAMED_UNIT ( * ) SI_UNIT ( $, .STERADIAN. ) SOLID_ANGLE_UNIT ( ) );
#9105 = CARTESIAN_POINT ( 'NONE',  ( 123.9605599919992045, -148.4297640215245906, 62.75000000000000000 ) ) ;
#9106 = AXIS2_PLACEMENT_3D ( 'NONE', #5961, #4919, #5039 ) ;
#9107 = CARTESIAN_POINT ( 'NONE',  ( 133.6450896556712848, -122.3515242695432050, 58.00132596168636923 ) ) ;
#9108 = LINE ( 'NONE', #5418, #12162 ) ;
#9109 = ORIENTED_EDGE ( 'NONE', *, *, #3659, .F. ) ;
#9110 = DIRECTION ( 'NONE',  ( -6.573933225976710897E-15, -1.000000000000000000, 0.000000000000000000 ) ) ;
#9111 = ORIENTED_EDGE ( 'NONE', *, *, #4047, .F. ) ;
#9112 = FACE_OUTER_BOUND ( 'NONE', #1546, .T. ) ;
#9113 = EDGE_CURVE ( 'NONE', #417, #2751, #10165, .T. ) ;
#9114 = ORIENTED_EDGE ( 'NONE', *, *, #8373, .T. ) ;
#9115 = CONICAL_SURFACE ( 'NONE', #3804, 1.650000000000012568, 0.7853981633974476129 ) ;
#9116 = ORIENTED_EDGE ( 'NONE', *, *, #4692, .F. ) ;
#9117 = EDGE_CURVE ( 'NONE', #10339, #3292, #6281, .T. ) ;
#9118 = DIRECTION ( 'NONE',  ( -7.166576360129189239E-17, 0.000000000000000000, 1.000000000000000000 ) ) ;
#9119 = ORIENTED_EDGE ( 'NONE', *, *, #611, .F. ) ;
#9120 = ADVANCED_FACE ( 'NONE', ( #667 ), #4417, .T. ) ;
#9121 = CARTESIAN_POINT ( 'NONE',  ( 130.2171133453899756, -141.4297640215180252, 58.25000000000000000 ) ) ;
#9122 = DIRECTION ( 'NONE',  ( -0.5735764363510417185, -0.8191520442889947962, -5.941753882927170206E-15 ) ) ;
#9123 = CARTESIAN_POINT ( 'NONE',  ( 132.6106248479624128, -117.4297640215114029, 60.27765112427590566 ) ) ;
#9124 = CIRCLE ( 'NONE', #6190, 0.9999999999999964473 ) ;
#9125 = CARTESIAN_POINT ( 'NONE',  ( 162.7040288122394429, -140.4764410850318370, 69.72510911429475300 ) ) ;
#9126 = CARTESIAN_POINT ( 'NONE',  ( 138.5100065642029961, -134.7226572934619924, 67.29289313032990094 ) ) ;
#9127 = EDGE_LOOP ( 'NONE', ( #5068, #1904, #8934, #8075, #12079 ) ) ;
#9128 = CARTESIAN_POINT ( 'NONE',  ( 138.3505596011430043, -144.2949728171110166, 106.3643259181410059 ) ) ;
#9129 = EDGE_CURVE ( 'NONE', #5473, #11720, #6442, .T. ) ;
#9130 = ORIENTED_EDGE ( 'NONE', *, *, #7688, .F. ) ;
#9131 = FACE_OUTER_BOUND ( 'NONE', #7589, .T. ) ;
#9132 = ADVANCED_FACE ( 'NONE', ( #6396, #6521 ), #6644, .F. ) ;
#9133 = DIRECTION ( 'NONE',  ( 8.586443817493241142E-17, -0.7071067811865520136, 0.7071067811865431318 ) ) ;
#9134 = CARTESIAN_POINT ( 'NONE',  ( 132.2171133453900040, -139.0155505122760076, 70.99999991151649681 ) ) ;
#9135 = CARTESIAN_POINT ( 'NONE',  ( 163.2171133453900040, -146.1405504857070241, 80.50005035146709531 ) ) ;
#9136 = LINE ( 'NONE', #7362, #3680 ) ;
#9137 = DIRECTION ( 'NONE',  ( 1.000000000000000000, -3.480590577404350138E-15, -1.038940419595570144E-15 ) ) ;
#9138 = DIRECTION ( 'NONE',  ( -5.447383366618709780E-17, -1.000000000000000000, 1.417189263639311962E-16 ) ) ;
#9139 = CARTESIAN_POINT ( 'NONE',  ( 139.1025978581049856, -140.4297705845669952, 105.3679489095639923 ) ) ;
#9140 = DIRECTION ( 'NONE',  ( 3.752643576907700278E-15, 1.000000000000000000, -1.526556658859589750E-16 ) ) ;
#9141 = CARTESIAN_POINT ( 'NONE',  ( 134.2171133453900040, -153.4297640746490003, 117.6643259181420120 ) ) ;
#9142 = ORIENTED_EDGE ( 'NONE', *, *, #8672, .T. ) ;
#9143 = ORIENTED_EDGE ( 'NONE', *, *, #10697, .T. ) ;
#9144 = LINE ( 'NONE', #7125, #3253 ) ;
#9145 = CARTESIAN_POINT ( 'NONE',  ( 160.9736018428179989, -117.4297640215112040, 60.27765112427590566 ) ) ;
#9146 = ORIENTED_EDGE ( 'NONE', *, *, #7839, .T. ) ;
#9147 = VECTOR ( 'NONE', #10089, 1000.000000000000000 ) ;
#9148 = CARTESIAN_POINT ( 'NONE',  ( 131.7171131927750025, -154.4297640746490003, 103.7997837512839965 ) ) ;
#9149 = CARTESIAN_POINT ( 'NONE',  ( 163.2171133453900040, -143.9397639738429859, 98.70216526821880620 ) ) ;
#9150 = CARTESIAN_POINT ( 'NONE',  ( 163.2171133453904872, -114.4297640215112040, 62.24960223581919649 ) ) ;
#9151 = DIRECTION ( 'NONE',  ( -1.000000000000000000, 0.000000000000000000, 0.000000000000000000 ) ) ;
#9152 = DIRECTION ( 'NONE',  ( 3.160768215787150073E-15, 1.000000000000000000, 0.000000000000000000 ) ) ;
#9153 = CARTESIAN_POINT ( 'NONE',  ( 162.2171133453900040, -135.4297640746490288, 81.00005035735010495 ) ) ;
#9154 = AXIS2_PLACEMENT_3D ( 'NONE', #8294, #2744, #6330 ) ;
#9155 = VECTOR ( 'NONE', #5519, 1000.000000000000000 ) ;
#9156 = CARTESIAN_POINT ( 'NONE',  ( 163.2171133453900040, -152.4297640746490003, 67.14091634279270693 ) ) ;
#9157 = VERTEX_POINT ( 'NONE', #2684 ) ;
#9158 = VERTEX_POINT ( 'NONE', #10203 ) ;
#9159 = EDGE_LOOP ( 'NONE', ( #5367, #5306, #8085, #2975 ) ) ;
#9160 = PLANE ( 'NONE',  #3833 ) ;
#9161 = AXIS2_PLACEMENT_3D ( 'NONE', #8386, #2891, #1790 ) ;
#9162 = EDGE_CURVE ( 'NONE', #5757, #5136, #968, .T. ) ;
#9163 = LINE ( 'NONE', #8985, #3461 ) ;
#9164 = LINE ( 'NONE', #1717, #1810 ) ;
#9165 = EDGE_CURVE ( 'NONE', #4970, #3932, #5859, .T. ) ;
#9166 = DIRECTION ( 'NONE',  ( 0.3826834323651126524, 0.9238795325112774126, -1.573741137406160658E-14 ) ) ;
#9167 = ORIENTED_EDGE ( 'NONE', *, *, #3764, .F. ) ;
#9168 = DIRECTION ( 'NONE',  ( -1.000000000000000000, 0.000000000000000000, 0.000000000000000000 ) ) ;
#9169 = ORIENTED_EDGE ( 'NONE', *, *, #7252, .F. ) ;
#9170 = AXIS2_PLACEMENT_3D ( 'NONE', #2633, #11017, #9968 ) ;
#9171 = DIRECTION ( 'NONE',  ( -1.745666765970135043E-15, -1.000000000000000000, 1.745666764645065067E-15 ) ) ;
#9172 = ORIENTED_EDGE ( 'NONE', *, *, #7685, .T. ) ;
#9173 = EDGE_LOOP ( 'NONE', ( #436, #4925, #11285, #8330, #6897, #3822, #7369, #6302, #2202, #5498, #1014, #2449, #10613, #10219, #6480, #499, #8546, #6220, #8928, #7636, #9884, #984, #9844, #2702, #2526, #6155, #8103, #1763, #6187 ) ) ;
#9174 = FACE_OUTER_BOUND ( 'NONE', #11676, .T. ) ;
#9175 = ORIENTED_EDGE ( 'NONE', *, *, #9392, .F. ) ;
#9176 = CARTESIAN_POINT ( 'NONE',  ( 161.9171131927750196, -148.2297640746490117, 105.4997837512840135 ) ) ;
#9177 = VECTOR ( 'NONE', #1406, 1000.000000000000000 ) ;
#9178 = CARTESIAN_POINT ( 'NONE',  ( 134.8867901064739669, -141.1007641801899979, 106.3086558945839926 ) ) ;
#9179 = EDGE_CURVE ( 'NONE', #442, #4940, #8504, .T. ) ;
#9180 = VECTOR ( 'NONE', #11136, 1000.000000000000114 ) ;
#9181 = CARTESIAN_POINT ( 'NONE',  ( 132.8268364872670020, -140.8297640215119770, 114.2143259181419950 ) ) ;
#9182 = CARTESIAN_POINT ( 'NONE',  ( 162.3677708826299977, -141.3212823756466037, 53.47602185630480420 ) ) ;
#9183 = EDGE_CURVE ( 'NONE', #9509, #11756, #9219, .T. ) ;
#9184 = CARTESIAN_POINT ( 'NONE',  ( 174.2852309984259875, -153.4297640746490003, 108.6871770333523983 ) ) ;
#9185 = ORIENTED_EDGE ( 'NONE', *, *, #9488, .F. ) ;
#9186 = EDGE_CURVE ( 'NONE', #1084, #11770, #3021, .T. ) ;
#9187 = CARTESIAN_POINT ( 'NONE',  ( 132.2171133453900040, -148.9797640480799998, 67.14091634279270693 ) ) ;
#9188 = VECTOR ( 'NONE', #2793, 1000.000000000000000 ) ;
#9189 = VERTEX_POINT ( 'NONE', #3797 ) ;
#9190 = CARTESIAN_POINT ( 'NONE',  ( 162.2292162226659968, -141.2242653582854075, 53.87484368887859887 ) ) ;
#9191 = AXIS2_PLACEMENT_3D ( 'NONE', #5615, #9484, #6545 ) ;
#9192 = CARTESIAN_POINT ( 'NONE',  ( 164.6736018428180159, -117.4297640215112040, 60.27765112427590566 ) ) ;
#9193 = CARTESIAN_POINT ( 'NONE',  ( 163.0571133453900075, -144.9297640746490003, 66.55091634279270352 ) ) ;
#9194 = CARTESIAN_POINT ( 'NONE',  ( 171.2171132998459768, -149.8297648895429859, 100.7500000000320028 ) ) ;
#9195 = CARTESIAN_POINT ( 'NONE',  ( 133.5171131927750139, -148.4297640746490003, 105.4997837512840135 ) ) ;
#9196 = EDGE_CURVE ( 'NONE', #6710, #5924, #4546, .T. ) ;
#9197 = AXIS2_PLACEMENT_3D ( 'NONE', #327, #11472, #9741 ) ;
#9198 = CARTESIAN_POINT ( 'NONE',  ( 139.1025978581049856, -145.2633924667839835, 105.3679489095639923 ) ) ;
#9199 = CONICAL_SURFACE ( 'NONE', #558, 9.499999999999998224, 0.7853981633974476129 ) ;
#9200 = ADVANCED_FACE ( 'NONE', ( #12179 ), #5529, .T. ) ;
#9201 = PLANE ( 'NONE',  #11835 ) ;
#9202 = CARTESIAN_POINT ( 'NONE',  ( 132.2171133453900040, -145.4297640746490003, 71.99999984474899861 ) ) ;
#9203 = EDGE_LOOP ( 'NONE', ( #1349, #4350, #4530, #4048, #4405 ) ) ;
#9204 = CARTESIAN_POINT ( 'NONE',  ( 135.4469831423034520, -140.4389616320859488, 105.4996427513884782 ) ) ;
#9205 = DIRECTION ( 'NONE',  ( 1.666513209668965069E-24, -1.000000000000000000, -6.217248937900871104E-15 ) ) ;
#9206 = ORIENTED_EDGE ( 'NONE', *, *, #10394, .F. ) ;
#9207 = ORIENTED_EDGE ( 'NONE', *, *, #7168, .T. ) ;
#9208 = DIRECTION ( 'NONE',  ( -4.422034925190680788E-15, -1.000000000000000000, -6.573933234426810631E-15 ) ) ;
#9209 = CARTESIAN_POINT ( 'NONE',  ( 138.3496274320166322, -141.1610029194473839, 110.3643259181409917 ) ) ;
#9210 = ORIENTED_EDGE ( 'NONE', *, *, #1681, .F. ) ;
#9211 = VECTOR ( 'NONE', #7620, 1000.000000000000000 ) ;
#9212 = VECTOR ( 'NONE', #4456, 1000.000000000000000 ) ;
#9213 = DIRECTION ( 'NONE',  ( 4.347672017730144212E-17, 1.049620874995413908E-16, 1.000000000000000000 ) ) ;
#9214 = DIRECTION ( 'NONE',  ( -1.000000000000000000, -9.644381700046828834E-17, -7.166576360129189239E-17 ) ) ;
#9215 = EDGE_CURVE ( 'NONE', #7826, #3860, #932, .T. ) ;
#9216 = CARTESIAN_POINT ( 'NONE',  ( 125.4555982874535971, -121.2490518248649920, 53.38549640900549775 ) ) ;
#9217 = SPHERICAL_SURFACE ( 'NONE', #3886, 1.000000000000000000 ) ;
#9218 = PLANE ( 'NONE',  #12088 ) ;
#9219 = LINE ( 'NONE', #5711, #2111 ) ;
#9220 = AXIS2_PLACEMENT_3D ( 'NONE', #3029, #2230, #7722 ) ;
#9221 = AXIS2_PLACEMENT_3D ( 'NONE', #7281, #2466, #1486 ) ;
#9222 = DIRECTION ( 'NONE',  ( -1.214306505109929978E-16, 1.000000000000000000, 0.000000000000000000 ) ) ;
#9223 = ORIENTED_EDGE ( 'NONE', *, *, #8338, .F. ) ;
#9224 = EDGE_LOOP ( 'NONE', ( #3580, #8904, #3511, #308 ) ) ;
#9225 =( BOUNDED_CURVE ( )  B_SPLINE_CURVE ( 3, ( #10227, #4811, #2832, #6722 ),
 .UNSPECIFIED., .F., .F. ) 
 B_SPLINE_CURVE_WITH_KNOTS ( ( 4, 4 ),
 ( 5.497787143782160157, 6.283185307179590673 ),
 .UNSPECIFIED. ) 
 CURVE ( )  GEOMETRIC_REPRESENTATION_ITEM ( )  RATIONAL_B_SPLINE_CURVE ( ( 1.000000000000000000, 0.9492530216741940086, 0.9492530216741940086, 1.000000000000000000 ) ) 
 REPRESENTATION_ITEM ( '' )  );
#9226 = ORIENTED_EDGE ( 'NONE', *, *, #7096, .F. ) ;
#9227 = DIRECTION ( 'NONE',  ( -2.602085213964869829E-17, -1.000000000000000000, 1.526556658859589750E-16 ) ) ;
#9228 = VECTOR ( 'NONE', #9140, 1000.000000000000000 ) ;
#9229 = CARTESIAN_POINT ( 'NONE',  ( 163.1087258513479981, -148.4297640215245906, 62.66078637172618926 ) ) ;
#9230 = CARTESIAN_POINT ( 'NONE',  ( 134.2958864715409391, -121.6380733764015076, 58.43082918487189659 ) ) ;
#9231 = CARTESIAN_POINT ( 'NONE',  ( 136.9671133340049778, -140.4297640215119998, 102.7500000000349871 ) ) ;
#9232 = VERTEX_POINT ( 'NONE', #3612 ) ;
#9233 = CARTESIAN_POINT ( 'NONE',  ( 138.5660591573050056, -144.3504862742459807, 105.3654730696599984 ) ) ;
#9234 = ORIENTED_EDGE ( 'NONE', *, *, #9098, .T. ) ;
#9235 = ORIENTED_EDGE ( 'NONE', *, *, #972, .F. ) ;
#9236 = DIRECTION ( 'NONE',  ( -5.622940471541310091E-16, 1.000000000000000000, -5.622940471541500404E-16 ) ) ;
#9237 = VERTEX_POINT ( 'NONE', #1828 ) ;
#9238 = VERTEX_POINT ( 'NONE', #5590 ) ;
#9239 = ADVANCED_FACE ( 'NONE', ( #11373 ), #7382, .F. ) ;
#9240 = DIRECTION ( 'NONE',  ( 1.000000000000000000, -2.602085213964869829E-17, 7.166576360129189239E-17 ) ) ;
#9241 = VERTEX_POINT ( 'NONE', #8484 ) ;
#9242 = AXIS2_PLACEMENT_3D ( 'NONE', #1801, #8334, #1568 ) ;
#9243 = CARTESIAN_POINT ( 'NONE',  ( 163.0571133453900075, -144.5297640215119941, 66.54898615365620174 ) ) ;
#9244 = FACE_OUTER_BOUND ( 'NONE', #9066, .T. ) ;
#9245 = CARTESIAN_POINT ( 'NONE',  ( 138.8084291191469788, -140.4297640215119998, 106.0727124621350157 ) ) ;
#9246 = PLANE ( 'NONE',  #4615 ) ;
#9247 = CARTESIAN_POINT ( 'NONE',  ( 130.2171133453899756, -120.8462228164914052, 57.98985306244389903 ) ) ;
#9248 = ORIENTED_EDGE ( 'NONE', *, *, #3230, .F. ) ;
#9249 = FACE_OUTER_BOUND ( 'NONE', #7370, .T. ) ;
#9250 = ORIENTED_EDGE ( 'NONE', *, *, #6112, .T. ) ;
#9251 = EDGE_CURVE ( 'NONE', #2799, #1595, #10322, .T. ) ;
#9252 = CLOSED_SHELL ( 'NONE', ( #3777, #3873, #5522, #7093, #10074 ) ) ;
#9253 = DIRECTION ( 'NONE',  ( -2.602085213964869829E-17, -1.000000000000000000, 1.526556658859589750E-16 ) ) ;
#9254 = DIRECTION ( 'NONE',  ( 1.000000000000000000, -2.602085213964869829E-17, 7.166576360129189239E-17 ) ) ;
#9255 = CARTESIAN_POINT ( 'NONE',  ( 134.2171133453900040, -138.0155505122760076, 68.99999991151649681 ) ) ;
#9256 = EDGE_CURVE ( 'NONE', #10288, #3385, #48, .T. ) ;
#9257 = FACE_OUTER_BOUND ( 'NONE', #1495, .T. ) ;
#9258 = CARTESIAN_POINT ( 'NONE',  ( 132.3771133453899722, -153.4297640746490003, 66.54898615365620174 ) ) ;
#9259 = DIRECTION ( 'NONE',  ( 0.000000000000000000, 1.000000000000000000, 6.573933234426810631E-15 ) ) ;
#9260 = DIRECTION ( 'NONE',  ( -1.000000000000000000, -9.644381700046828834E-17, -7.166576360129189239E-17 ) ) ;
#9261 = LINE ( 'NONE', #3531, #8403 ) ;
#9262 = EDGE_LOOP ( 'NONE', ( #3595, #8502, #6063, #1304, #3376, #1984, #4487 ) ) ;
#9263 = DIRECTION ( 'NONE',  ( 1.177071316573370074E-14, 2.327875578288740190E-16, 1.000000000000000000 ) ) ;
#9264 = DIRECTION ( 'NONE',  ( 0.000000000000000000, 1.000000000000000000, 6.938893903907170002E-15 ) ) ;
#9265 = ORIENTED_EDGE ( 'NONE', *, *, #4067, .T. ) ;
#9266 = EDGE_LOOP ( 'NONE', ( #9640, #4655, #10282, #8674 ) ) ;
#9268 = AXIS2_PLACEMENT_3D ( 'NONE', #5374, #9122, #812 ) ;
#9267 = DIRECTION ( 'NONE',  ( 3.160768215787150073E-15, 1.000000000000000000, -1.526556646962079803E-16 ) ) ;
#9269 = CYLINDRICAL_SURFACE ( 'NONE', #7506, 0.9999999999999852340 ) ;
#9270 = ORIENTED_EDGE ( 'NONE', *, *, #818, .F. ) ;
#9271 = EDGE_CURVE ( 'NONE', #840, #9294, #2927, .T. ) ;
#9272 = EDGE_CURVE ( 'NONE', #211, #1971, #6878, .T. ) ;
#9273 = CARTESIAN_POINT ( 'NONE',  ( 162.9242201265764720, -153.1368708558354967, 75.35358135287509640 ) ) ;
#9274 = CARTESIAN_POINT ( 'NONE',  ( 135.2171131927750309, -154.4297640746490003, 103.7997837512839965 ) ) ;
#9275 = EDGE_CURVE ( 'NONE', #300, #9918, #9382, .T. ) ;
#9276 = VECTOR ( 'NONE', #11046, 999.9999999999998863 ) ;
#9277 = CARTESIAN_POINT ( 'NONE',  ( 131.2758638716499604, -143.3075331006987767, 54.32916630688090720 ) ) ;
#9278 = CONICAL_SURFACE ( 'NONE', #1619, 1.650000000000012568, 0.7853981633974476129 ) ;
#9279 = CARTESIAN_POINT ( 'NONE',  ( 132.2171133453900040, -139.0155505122760076, 70.99999991151649681 ) ) ;
#9280 = DIRECTION ( 'NONE',  ( 0.7071067811865489050, 0.7071067811865460184, -5.746860552494859653E-13 ) ) ;
#9281 = DIRECTION ( 'NONE',  ( -1.000000000000000000, 0.000000000000000000, 1.654362013966960203E-24 ) ) ;
#9282 = LINE ( 'NONE', #11255, #2516 ) ;
#9283 = ORIENTED_EDGE ( 'NONE', *, *, #5353, .T. ) ;
#9284 = ORIENTED_EDGE ( 'NONE', *, *, #6129, .F. ) ;
#9285 = VERTEX_POINT ( 'NONE', #8599 ) ;
#9286 = ADVANCED_FACE ( 'NONE', ( #10564, #9520 ), #9635, .T. ) ;
#9287 = CIRCLE ( 'NONE', #8104, 1.700000000000007061 ) ;
#9288 = LINE ( 'NONE', #856, #2073 ) ;
#9289 = CARTESIAN_POINT ( 'NONE',  ( 158.5171131927750139, -148.0297640746490231, 102.0997837512840078 ) ) ;
#9290 = DIRECTION ( 'NONE',  ( 0.000000000000000000, 1.000000000000000000, -1.526556658859589750E-16 ) ) ;
#9291 = CARTESIAN_POINT ( 'NONE',  ( 161.2171130129309802, -145.7328258789600000, 117.6643259181400083 ) ) ;
#9292 = ORIENTED_EDGE ( 'NONE', *, *, #9892, .F. ) ;
#9293 = DIRECTION ( 'NONE',  ( 0.000000000000000000, -1.000000000000000000, 1.526556658859589750E-16 ) ) ;
#9294 = VERTEX_POINT ( 'NONE', #2069 ) ;
#9295 = ORIENTED_EDGE ( 'NONE', *, *, #3174, .F. ) ;
#9296 = CARTESIAN_POINT ( 'NONE',  ( 147.7171131927750025, -148.4297640746490003, 103.7997837512839965 ) ) ;
#9297 = ORIENTED_EDGE ( 'NONE', *, *, #7909, .T. ) ;
#9298 = VERTEX_POINT ( 'NONE', #3970 ) ;
#9299 = PLANE ( 'NONE',  #4710 ) ;
#9300 = AXIS2_PLACEMENT_3D ( 'NONE', #9770, #1402, #8610 ) ;
#9301 = DIRECTION ( 'NONE',  ( 2.602085213964869829E-17, 1.000000000000000000, -1.526556658859589750E-16 ) ) ;
#9302 = FACE_OUTER_BOUND ( 'NONE', #10369, .T. ) ;
#9303 = CARTESIAN_POINT ( 'NONE',  ( 171.8111202271939248, -149.0756094131910459, 53.87445658197892584 ) ) ;
#9304 = CARTESIAN_POINT ( 'NONE',  ( 162.2786780131324917, -139.2002445155032717, 69.99999991151631207 ) ) ;
#9305 = ADVANCED_FACE ( 'NONE', ( #6938 ), #11425, .T. ) ;
#9306 = CARTESIAN_POINT ( 'NONE',  ( 135.0296332654587559, -138.3521072828667968, 69.47596306099445940 ) ) ;
#9307 = AXIS2_PLACEMENT_3D ( 'NONE', #343, #9755, #2243 ) ;
#9308 = ORIENTED_EDGE ( 'NONE', *, *, #1903, .F. ) ;
#9309 = CYLINDRICAL_SURFACE ( 'NONE', #7574, 0.9999999999999964473 ) ;
#9310 = ORIENTED_EDGE ( 'NONE', *, *, #1715, .T. ) ;
#9311 = CARTESIAN_POINT ( 'NONE',  ( 155.4707796389569978, -140.4297640215119998, 98.67410018344509126 ) ) ;
#9312 = CARTESIAN_POINT ( 'NONE',  ( 138.3384323457480036, -144.2932744292899940, 110.3980652144450119 ) ) ;
#9313 = DIRECTION ( 'NONE',  ( -2.602085213964869829E-17, -1.000000000000000000, 1.526556658859589750E-16 ) ) ;
#9314 = VECTOR ( 'NONE', #1751, 1000.000000000000000 ) ;
#9315 = DIRECTION ( 'NONE',  ( -0.7071067811865475727, 0.000000000000000000, 0.7071067811865475727 ) ) ;
#9316 = CARTESIAN_POINT ( 'NONE',  ( 162.7869845560377939, -140.7217708543893195, 69.61068219505010291 ) ) ;
#9317 = EDGE_CURVE ( 'NONE', #12005, #11722, #4475, .T. ) ;
#9318 = CARTESIAN_POINT ( 'NONE',  ( 162.4671133453900040, -144.5297640215119941, 73.93349942512109862 ) ) ;
#9319 = EDGE_CURVE ( 'NONE', #5136, #9232, #2499, .T. ) ;
#9320 = CARTESIAN_POINT ( 'NONE',  ( 158.5171131927750139, -148.4297640746490003, 102.0997837512840078 ) ) ;
#9321 = LINE ( 'NONE', #9202, #739 ) ;
#9322 = ORIENTED_EDGE ( 'NONE', *, *, #11001, .F. ) ;
#9323 = DIRECTION ( 'NONE',  ( 0.9513277913954432119, 0.000000000000000000, -0.3081808451521090841 ) ) ;
#9324 = EDGE_CURVE ( 'NONE', #2083, #10857, #5262, .T. ) ;
#9325 = VECTOR ( 'NONE', #5314, 1000.000000000000000 ) ;
#9326 = VERTEX_POINT ( 'NONE', #3914 ) ;
#9327 = ORIENTED_EDGE ( 'NONE', *, *, #2284, .T. ) ;
#9328 = CARTESIAN_POINT ( 'NONE',  ( 132.3853615647905713, -114.5646313534462024, 57.41995013618239341 ) ) ;
#9329 = CARTESIAN_POINT ( 'NONE',  ( 163.2171133453900040, -139.0155505122760076, 65.99999991151629786 ) ) ;
#9330 = ORIENTED_EDGE ( 'NONE', *, *, #6926, .T. ) ;
#9331 = LINE ( 'NONE', #12114, #4436 ) ;
#9332 = AXIS2_PLACEMENT_3D ( 'NONE', #5499, #761, #2778 ) ;
#9333 = CARTESIAN_POINT ( 'NONE',  ( 132.2171133453900040, -151.9297640215114882, 62.74960223581900465 ) ) ;
#9334 = DIRECTION ( 'NONE',  ( -8.933825902267958940E-17, -1.000000000000000000, 8.933825895486639428E-17 ) ) ;
#9335 = ADVANCED_FACE ( 'NONE', ( #2009 ), #2246, .T. ) ;
#9336 = PLANE ( 'NONE',  #5087 ) ;
#9337 = DIRECTION ( 'NONE',  ( 1.000000000000000000, 0.000000000000000000, -8.810118433399840573E-15 ) ) ;
#9338 = ADVANCED_FACE ( 'NONE', ( #5827 ), #3108, .T. ) ;
#9339 = CARTESIAN_POINT ( 'NONE',  ( 135.2171131927750309, -154.4297640746490003, 103.7997837512839965 ) ) ;
#9340 = DIRECTION ( 'NONE',  ( 2.602085213964869829E-17, 1.000000000000000000, -1.526556658859589750E-16 ) ) ;
#9341 = EDGE_CURVE ( 'NONE', #11536, #9057, #2981, .T. ) ;
#9342 = EDGE_LOOP ( 'NONE', ( #6921, #295, #8872, #2858 ) ) ;
#9343 = ORIENTED_EDGE ( 'NONE', *, *, #628, .F. ) ;
#9344 = EDGE_CURVE ( 'NONE', #1815, #9962, #10957, .T. ) ;
#9345 = ORIENTED_EDGE ( 'NONE', *, *, #3997, .T. ) ;
#9346 = FACE_OUTER_BOUND ( 'NONE', #7886, .T. ) ;
#9347 = CARTESIAN_POINT ( 'NONE',  ( 162.4671133453900040, -144.9297640746490003, 66.55091634279270352 ) ) ;
#9348 = CARTESIAN_POINT ( 'NONE',  ( 171.2171133453900040, -149.8297640215157855, 64.75000000000000000 ) ) ;
#9349 = VECTOR ( 'NONE', #8838, 1000.000000000000000 ) ;
#9350 = VECTOR ( 'NONE', #9267, 1000.000000000000000 ) ;
#9351 = FACE_OUTER_BOUND ( 'NONE', #4469, .T. ) ;
#9352 = EDGE_CURVE ( 'NONE', #3801, #5574, #6051, .T. ) ;
#9353 = ORIENTED_EDGE ( 'NONE', *, *, #3136, .F. ) ;
#9354 = DIRECTION ( 'NONE',  ( 0.000000000000000000, 1.000000000000000000, -1.526556658859589750E-16 ) ) ;
#9355 = ADVANCED_FACE ( 'NONE', ( #10503 ), #10624, .T. ) ;
#9356 = ORIENTED_EDGE ( 'NONE', *, *, #11660, .T. ) ;
#9357 = ORIENTED_EDGE ( 'NONE', *, *, #7683, .F. ) ;
#9358 = CARTESIAN_POINT ( 'NONE',  ( 147.6669467408599985, -154.4297640746490003, 83.34999974667989875 ) ) ;
#9359 = VERTEX_POINT ( 'NONE', #1264 ) ;
#9360 = ORIENTED_EDGE ( 'NONE', *, *, #7388, .T. ) ;
#9361 = VECTOR ( 'NONE', #4458, 1000.000000000000000 ) ;
#9362 = DIRECTION ( 'NONE',  ( 0.7071067819528303877, 0.000000000000000000, 0.7071067804202646467 ) ) ;
#9363 = PLANE ( 'NONE',  #7987 ) ;
#9364 = CARTESIAN_POINT ( 'NONE',  ( 136.7171133453900040, -136.4297640746490288, 82.74999987335620233 ) ) ;
#9365 = EDGE_CURVE ( 'NONE', #8707, #6098, #4906, .T. ) ;
#9366 = CARTESIAN_POINT ( 'NONE',  ( 162.7167402937640475, -140.5146208414055877, 69.70750032962217801 ) ) ;
#9367 = AXIS2_PLACEMENT_3D ( 'NONE', #1354, #7699, #243 ) ;
#9368 = VERTEX_POINT ( 'NONE', #5092 ) ;
#9369 = FACE_OUTER_BOUND ( 'NONE', #2765, .T. ) ;
#9370 = ORIENTED_EDGE ( 'NONE', *, *, #8590, .T. ) ;
#9371 = CARTESIAN_POINT ( 'NONE',  ( 157.6248169134119905, -148.2297640746490117, 105.4997837512840135 ) ) ;
#9372 = VERTEX_POINT ( 'NONE', #8779 ) ;
#9373 = LINE ( 'NONE', #10236, #719 ) ;
#9374 = LINE ( 'NONE', #6677, #770 ) ;
#9375 = LINE ( 'NONE', #5744, #6750 ) ;
#9376 = VECTOR ( 'NONE', #9905, 1000.000000000000000 ) ;
#9377 = FACE_OUTER_BOUND ( 'NONE', #1642, .T. ) ;
#9378 = PLANE ( 'NONE',  #2500 ) ;
#9379 = LINE ( 'NONE', #1005, #10102 ) ;
#9380 = DIRECTION ( 'NONE',  ( -1.000000000000000000, 4.836409044766210230E-15, 2.449293589365379794E-16 ) ) ;
#9381 = SPHERICAL_SURFACE ( 'NONE', #7626, 1.000000000000000000 ) ;
#9382 = CIRCLE ( 'NONE', #2696, 2.350000000000004974 ) ;
#9383 = ORIENTED_EDGE ( 'NONE', *, *, #10005, .F. ) ;
#9384 = VECTOR ( 'NONE', #6977, 1000.000000000000000 ) ;
#9385 = SPHERICAL_SURFACE ( 'NONE', #5167, 1.000000000000000000 ) ;
#9386 = CARTESIAN_POINT ( 'NONE',  ( 160.2171131927750025, -148.0297640746490231, 105.4997837512840135 ) ) ;
#9387 = VERTEX_POINT ( 'NONE', #8844 ) ;
#9388 = EDGE_LOOP ( 'NONE', ( #9109, #2172, #10659 ) ) ;
#9389 = CARTESIAN_POINT ( 'NONE',  ( 132.2717917266852226, -114.4297640215114029, 57.29751360743310329 ) ) ;
#9390 = EDGE_LOOP ( 'NONE', ( #7748, #8908, #515, #1724 ) ) ;
#9391 = EDGE_CURVE ( 'NONE', #7637, #3809, #2631, .T. ) ;
#9392 = EDGE_CURVE ( 'NONE', #4004, #10295, #7181, .T. ) ;
#9393 = CARTESIAN_POINT ( 'NONE',  ( 160.2171131927750025, -154.4297640746490003, 103.7997837512839965 ) ) ;
#9394 = VECTOR ( 'NONE', #3245, 1000.000000000000000 ) ;
#9395 = AXIS2_PLACEMENT_3D ( 'NONE', #3143, #11531, #6056 ) ;
#9396 = DIRECTION ( 'NONE',  ( 1.000000000000000000, -2.602085193540409578E-17, -7.823253522621811981E-15 ) ) ;
#9397 = CARTESIAN_POINT ( 'NONE',  ( 163.9242200716875004, -119.4297640746489861, 80.79294358128031206 ) ) ;
#9398 = DIRECTION ( 'NONE',  ( -0.6679462968491048924, -0.7071067811865749952, 0.2320511679038241015 ) ) ;
#9399 = FACE_OUTER_BOUND ( 'NONE', #4989, .T. ) ;
#9400 = DIRECTION ( 'NONE',  ( -4.422034925190670533E-15, -1.000000000000000000, -6.633052400461320667E-15 ) ) ;
#9401 =( BOUNDED_CURVE ( )  B_SPLINE_CURVE ( 3, ( #10772, #1169, #4930, #9840 ),
 .UNSPECIFIED., .F., .F. ) 
 B_SPLINE_CURVE_WITH_KNOTS ( ( 4, 4 ),
 ( 4.719147851734359911, 5.349890256905269759 ),
 .UNSPECIFIED. ) 
 CURVE ( )  GEOMETRIC_REPRESENTATION_ITEM ( )  RATIONAL_B_SPLINE_CURVE ( ( 1.000000000000000000, 0.9671208724905309140, 0.9671208724905309140, 1.000000000000000000 ) ) 
 REPRESENTATION_ITEM ( '' )  );
#9402 = LINE ( 'NONE', #4791, #5477 ) ;
#9403 = VECTOR ( 'NONE', #3168, 1000.000000000000000 ) ;
#9404 = ORIENTED_EDGE ( 'NONE', *, *, #7481, .F. ) ;
#9405 = ORIENTED_EDGE ( 'NONE', *, *, #2311, .T. ) ;
#9406 = AXIS2_PLACEMENT_3D ( 'NONE', #6091, #5041, #231 ) ;
#9407 = ORIENTED_EDGE ( 'NONE', *, *, #3450, .T. ) ;
#9408 = EDGE_CURVE ( 'NONE', #10518, #7872, #1392, .T. ) ;
#9409 = EDGE_CURVE ( 'NONE', #6248, #10295, #6078, .T. ) ;
#9410 = CIRCLE ( 'NONE', #174, 0.5899999999999971934 ) ;
#9411 = LINE ( 'NONE', #3684, #6934 ) ;
#9412 = DIRECTION ( 'NONE',  ( -1.000000000000000000, 0.000000000000000000, 1.387778780781444413E-14 ) ) ;
#9413 = ORIENTED_EDGE ( 'NONE', *, *, #3208, .F. ) ;
#9414 = DIRECTION ( 'NONE',  ( -1.745666764649140125E-15, -1.000000000000000000, 1.745666764649140125E-15 ) ) ;
#9415 = ORIENTED_EDGE ( 'NONE', *, *, #1289, .T. ) ;
#9416 = VERTEX_POINT ( 'NONE', #7244 ) ;
#9417 = CARTESIAN_POINT ( 'NONE',  ( 132.2171133453900040, -140.7031490526360074, 66.26161093264740032 ) ) ;
#9418 = ORIENTED_EDGE ( 'NONE', *, *, #10680, .T. ) ;
#9419 = EDGE_LOOP ( 'NONE', ( #7166, #6714, #8486, #8473, #9983 ) ) ;
#9420 = CARTESIAN_POINT ( 'NONE',  ( 121.2171140382200036, -140.4297640215119998, 105.9785843229069968 ) ) ;
#9421 = EDGE_CURVE ( 'NONE', #7094, #8348, #8142, .T. ) ;
#9422 = ADVANCED_FACE ( 'NONE', ( #2550 ), #10927, .T. ) ;
#9423 = DIRECTION ( 'NONE',  ( 6.331740687315568994E-17, -1.000000000000000000, 6.331740687315779768E-17 ) ) ;
#9424 = CARTESIAN_POINT ( 'NONE',  ( 138.0808703739280077, -144.2180896904359884, 110.3643259274530095 ) ) ;
#9425 = FACE_OUTER_BOUND ( 'NONE', #4191, .T. ) ;
#9426 = AXIS2_PLACEMENT_3D ( 'NONE', #11943, #11875, #7203 ) ;
#9427 = ORIENTED_EDGE ( 'NONE', *, *, #6856, .F. ) ;
#9428 = CARTESIAN_POINT ( 'NONE',  ( 158.7171133453899756, -138.8513368967660142, 80.50005035391500030 ) ) ;
#9429 = ORIENTED_EDGE ( 'NONE', *, *, #4150, .T. ) ;
#9430 = DIRECTION ( 'NONE',  ( 0.000000000000000000, 1.000000000000000000, 6.573933234426810631E-15 ) ) ;
#9431 = ORIENTED_EDGE ( 'NONE', *, *, #6905, .T. ) ;
#9432 = CARTESIAN_POINT ( 'NONE',  ( 134.7199220932112098, -120.9240604070459426, 61.62082475992549035 ) ) ;
#9433 = CARTESIAN_POINT ( 'NONE',  ( 132.2171133453900040, -153.4297640746490003, 62.74999974667980496 ) ) ;
#9434 = EDGE_CURVE ( 'NONE', #9416, #488, #8799, .T. ) ;
#9435 = AXIS2_PLACEMENT_3D ( 'NONE', #1320, #5197, #8028 ) ;
#9436 = CARTESIAN_POINT ( 'NONE',  ( 172.7831830532590232, -151.8636943212360109, 99.18393024661740753 ) ) ;
#9437 = LINE ( 'NONE', #1003, #7788 ) ;
#9438 = CARTESIAN_POINT ( 'NONE',  ( 154.6834021859320103, -153.4297640215119714, 99.69100161576849928 ) ) ;
#9439 = CARTESIAN_POINT ( 'NONE',  ( 135.1768364872669963, -140.4297640215119998, 114.2143259181419950 ) ) ;
#9440 = CARTESIAN_POINT ( 'NONE',  ( 133.2171133453900040, -153.4297640746490003, 67.14091634279270693 ) ) ;
#9441 = CARTESIAN_POINT ( 'NONE',  ( 129.7796740241491591, -121.4459142464170611, 51.13534865116216110 ) ) ;
#9442 = ORIENTED_EDGE ( 'NONE', *, *, #3841, .F. ) ;
#9443 = CARTESIAN_POINT ( 'NONE',  ( 161.2171133453899756, -134.4297640746490288, 80.76881145353203806 ) ) ;
#9444 = CARTESIAN_POINT ( 'NONE',  ( 163.2171133453900040, -140.4297640215119998, 79.51399190142069529 ) ) ;
#9445 = ORIENTED_EDGE ( 'NONE', *, *, #11489, .F. ) ;
#9446 = EDGE_LOOP ( 'NONE', ( #1876, #4034, #2112 ) ) ;
#9447 = PLANE ( 'NONE',  #6218 ) ;
#9448 = DIRECTION ( 'NONE',  ( -0.7071067811865405783, 0.000000000000000000, -0.7071067811865544561 ) ) ;
#9449 = ORIENTED_EDGE ( 'NONE', *, *, #4942, .T. ) ;
#9450 = CARTESIAN_POINT ( 'NONE',  ( 160.1768364872660015, -140.4297640215119998, 114.2144502228039897 ) ) ;
#9451 = LINE ( 'NONE', #6456, #6132 ) ;
#9452 = LINE ( 'NONE', #10383, #4792 ) ;
#9453 = B_SPLINE_SURFACE_WITH_KNOTS ( 'NONE', 3, 3, ( 
 ( #11774, #317, #10844, #4196, #2402, #7832 ),
 ( #8820, #6175, #382, #9917, #3076, #4005 ),
 ( #5984, #4938, #5064, #6973, #10656, #9797 ),
 ( #1368, #4132, #7768, #6850, #10598, #11525 ),
 ( #11586, #2162, #9668, #9731, #5922, #5123 ) ),
 .UNSPECIFIED., .F., .F., .F.,
 ( 4, 1, 4 ),
 ( 4, 1, 1, 4 ),
 ( 0.000000000000000000, 0.5714285714285709528, 1.001528364657990000 ),
 ( -0.001528364657997959876, 0.4487989505128259782, 0.8975979010256510682, 1.572324691452889889 ),
 .UNSPECIFIED. ) ;
#9454 = CARTESIAN_POINT ( 'NONE',  ( 162.9242201265759888, -141.1368708558350136, 68.99999991151629786 ) ) ;
#9455 = CARTESIAN_POINT ( 'NONE',  ( 134.9242201265769836, -138.7226572934619639, 67.99999991151649681 ) ) ;
#9456 = CARTESIAN_POINT ( 'NONE',  ( 132.9483522433253313, -153.4297640746489151, 98.59250108661967715 ) ) ;
#9457 = EDGE_CURVE ( 'NONE', #7800, #1594, #9941, .T. ) ;
#9458 = CARTESIAN_POINT ( 'NONE',  ( 137.8094094721379861, -148.4297640746490003, 102.0997837512840078 ) ) ;
#9459 = ORIENTED_EDGE ( 'NONE', *, *, #229, .T. ) ;
#9460 = VERTEX_POINT ( 'NONE', #713 ) ;
#9461 = VECTOR ( 'NONE', #7309, 1000.000000000000114 ) ;
#9462 = ORIENTED_EDGE ( 'NONE', *, *, #8819, .T. ) ;
#9463 = APPLICATION_CONTEXT ( 'automotive_design' ) ;
#9464 = CARTESIAN_POINT ( 'NONE',  ( 132.9671133453900040, -144.9297640480799885, 66.54898615365620174 ) ) ;
#9465 = AXIS2_PLACEMENT_3D ( 'NONE', #3038, #6752, #5887 ) ;
#9466 = DIRECTION ( 'NONE',  ( 0.000000000000000000, -1.000000000000000000, 1.526556658859589750E-16 ) ) ;
#9467 =( BOUNDED_CURVE ( )  B_SPLINE_CURVE ( 3, ( #5008, #3204, #9735, #7835 ),
 .UNSPECIFIED., .F., .F. ) 
 B_SPLINE_CURVE_WITH_KNOTS ( ( 4, 4 ),
 ( 0.7853981633974509435, 1.570796326794895004 ),
 .UNSPECIFIED. ) 
 CURVE ( )  GEOMETRIC_REPRESENTATION_ITEM ( )  RATIONAL_B_SPLINE_CURVE ( ( 1.000000000000000000, 0.9492530216741910110, 0.9492530216741910110, 1.000000000000000000 ) ) 
 REPRESENTATION_ITEM ( '' )  );
#9468 = CARTESIAN_POINT ( 'NONE',  ( 135.6669467343540134, -153.4297640746490003, 71.34999974667979927 ) ) ;
#9469 = ADVANCED_FACE ( 'NONE', ( #4464 ), #7974, .T. ) ;
#9470 = ORIENTED_EDGE ( 'NONE', *, *, #5146, .T. ) ;
#9471 = DIRECTION ( 'NONE',  ( -0.5951893636155779488, 8.416332170449763954E-15, -0.8035854786137459627 ) ) ;
#9472 = CIRCLE ( 'NONE', #445, 1.000000000000000888 ) ;
#9473 = CIRCLE ( 'NONE', #435, 3.099999999999991651 ) ;
#9474 = EDGE_LOOP ( 'NONE', ( #5225, #12083, #10782, #8933 ) ) ;
#9475 = ORIENTED_EDGE ( 'NONE', *, *, #5573, .F. ) ;
#9476 = EDGE_CURVE ( 'NONE', #2932, #10249, #1509, .T. ) ;
#9477 = ORIENTED_EDGE ( 'NONE', *, *, #3157, .T. ) ;
#9478 = ORIENTED_EDGE ( 'NONE', *, *, #4427, .T. ) ;
#9479 = CARTESIAN_POINT ( 'NONE',  ( 121.1489955666119869, -150.3616462958709974, 108.6871770333520004 ) ) ;
#9480 = LINE ( 'NONE', #4632, #5641 ) ;
#9481 = AXIS2_PLACEMENT_3D ( 'NONE', #9604, #7647, #2036 ) ;
#9482 = VECTOR ( 'NONE', #11248, 1000.000000000000114 ) ;
#9483 = LINE ( 'NONE', #7469, #11825 ) ;
#9484 = DIRECTION ( 'NONE',  ( 1.000000000000000000, 1.238902669958819951E-17, -1.238902669958819951E-17 ) ) ;
#9485 = EDGE_CURVE ( 'NONE', #8056, #4940, #9819, .T. ) ;
#9486 = ORIENTED_EDGE ( 'NONE', *, *, #9365, .T. ) ;
#9487 = FACE_OUTER_BOUND ( 'NONE', #7200, .T. ) ;
#9488 = EDGE_CURVE ( 'NONE', #3098, #3121, #9022, .T. ) ;
#9489 = ORIENTED_EDGE ( 'NONE', *, *, #1669, .F. ) ;
#9490 = CARTESIAN_POINT ( 'NONE',  ( 121.0926601533641076, -149.2326144869206530, 57.68812983068337275 ) ) ;
#9491 = EDGE_CURVE ( 'NONE', #6288, #5638, #9881, .T. ) ;
#9492 = AXIS2_PLACEMENT_3D ( 'NONE', #478, #4476, #11864 ) ;
#9493 = ORIENTED_EDGE ( 'NONE', *, *, #8683, .T. ) ;
#9494 = EDGE_CURVE ( 'NONE', #8427, #8630, #7438, .T. ) ;
#9495 = DIRECTION ( 'NONE',  ( 0.7071067811865475727, 0.000000000000000000, 0.7071067811865475727 ) ) ;
#9496 = CARTESIAN_POINT ( 'NONE',  ( 131.2171133453900040, -154.4297640746490003, 102.7500000000329976 ) ) ;
#9497 = CARTESIAN_POINT ( 'NONE',  ( 160.1768364872660015, -140.4297640215119998, 114.2144502228039897 ) ) ;
#9498 = CARTESIAN_POINT ( 'NONE',  ( 163.2171132645240164, -142.4297640746490003, 70.99999985651450629 ) ) ;
#9499 = VECTOR ( 'NONE', #4543, 1000.000000000000000 ) ;
#9500 = CARTESIAN_POINT ( 'NONE',  ( 162.8094094721379861, -148.2297640746490117, 105.4997837512840135 ) ) ;
#9501 = LINE ( 'NONE', #1064, #2388 ) ;
#9502 = ADVANCED_FACE ( 'NONE', ( #5328 ), #1449, .T. ) ;
#9503 = CARTESIAN_POINT ( 'NONE',  ( 160.2171133453899756, -138.0155505122760076, 68.99999991151629786 ) ) ;
#9504 = ORIENTED_EDGE ( 'NONE', *, *, #6263, .T. ) ;
#9505 = DIRECTION ( 'NONE',  ( 0.9238795325112774126, 0.3826834323651122638, 0.000000000000000000 ) ) ;
#9506 = CARTESIAN_POINT ( 'NONE',  ( 132.2171133574399846, -119.4297640746489861, 70.99999984474889914 ) ) ;
#9507 = ADVANCED_FACE ( 'NONE', ( #651 ), #5204, .T. ) ;
#9508 = VERTEX_POINT ( 'NONE', #588 ) ;
#9509 = VERTEX_POINT ( 'NONE', #4342 ) ;
#9510 = CARTESIAN_POINT ( 'NONE',  ( 157.6742201265760173, -134.4726572934629871, 67.99999991151629786 ) ) ;
#9511 = PLANE ( 'NONE',  #9043 ) ;
#9512 = ORIENTED_EDGE ( 'NONE', *, *, #8282, .F. ) ;
#9513 = AXIS2_PLACEMENT_3D ( 'NONE', #1806, #9259, #11594 ) ;
#9514 = LINE ( 'NONE', #11247, #7775 ) ;
#9515 = DIRECTION ( 'NONE',  ( 0.7071067811863189778, -2.468745622722510181E-15, -0.7071067811867760566 ) ) ;
#9516 = CARTESIAN_POINT ( 'NONE',  ( 162.8269449219380078, -114.8297640215111954, 57.67765335951249739 ) ) ;
#9517 = DIRECTION ( 'NONE',  ( -9.644381700046828834E-17, 1.000000000000000000, -2.327875578288750051E-16 ) ) ;
#9518 = EDGE_CURVE ( 'NONE', #3057, #10732, #9774, .T. ) ;
#9519 = CIRCLE ( 'NONE', #4212, 2.500000000000002220 ) ;
#9520 = FACE_OUTER_BOUND ( 'NONE', #5862, .T. ) ;
#9521 = CARTESIAN_POINT ( 'NONE',  ( 132.1688411408504180, -149.5724500696289851, 50.89228828393677873 ) ) ;
#9522 = EDGE_LOOP ( 'NONE', ( #1912, #11503, #1487, #4019, #11616, #11246, #5954 ) ) ;
#9523 = ORIENTED_EDGE ( 'NONE', *, *, #4620, .T. ) ;
#9524 = ORIENTED_EDGE ( 'NONE', *, *, #4981, .F. ) ;
#9525 = SURFACE_STYLE_FILL_AREA ( #7571 ) ;
#9526 = CARTESIAN_POINT ( 'NONE',  ( 135.2171131927750309, -148.0297640746490231, 103.7997837512839965 ) ) ;
#9527 = DIRECTION ( 'NONE',  ( 3.614166547220949473E-15, 0.9999999999999058531, -4.340136074837018851E-07 ) ) ;
#9528 = FACE_OUTER_BOUND ( 'NONE', #6238, .T. ) ;
#9529 = VECTOR ( 'NONE', #925, 1000.000000000000000 ) ;
#9530 = VERTEX_POINT ( 'NONE', #11108 ) ;
#9531 = DIRECTION ( 'NONE',  ( 0.000000000000000000, 6.573933234426801165E-15, -1.000000000000000000 ) ) ;
#9532 = VERTEX_POINT ( 'NONE', #10126 ) ;
#9533 = VERTEX_POINT ( 'NONE', #7547 ) ;
#9534 = EDGE_LOOP ( 'NONE', ( #78, #6943, #9743, #6922, #954 ) ) ;
#9535 = VERTEX_POINT ( 'NONE', #32 ) ;
#9536 = DIRECTION ( 'NONE',  ( 0.7071067811865460184, -0.7071067811865489050, -2.474288458320079781E-15 ) ) ;
#9537 = EDGE_CURVE ( 'NONE', #10446, #5031, #6441, .T. ) ;
#9538 = ADVANCED_FACE ( 'NONE', ( #1754 ), #5512, .T. ) ;
#9539 = AXIS2_PLACEMENT_3D ( 'NONE', #3202, #4134, #197 ) ;
#9540 = LINE ( 'NONE', #8449, #623 ) ;
#9541 = PLANE ( 'NONE',  #12154 ) ;
#9542 = ORIENTED_EDGE ( 'NONE', *, *, #5912, .F. ) ;
#9543 = FACE_OUTER_BOUND ( 'NONE', #12168, .T. ) ;
#9544 = ORIENTED_EDGE ( 'NONE', *, *, #10292, .F. ) ;
#9545 = AXIS2_PLACEMENT_3D ( 'NONE', #1746, #1571, #10060 ) ;
#9546 = AXIS2_PLACEMENT_3D ( 'NONE', #2314, #9027, #6144 ) ;
#9547 = DIRECTION ( 'NONE',  ( 3.683226109728400325E-15, 1.000000000000000000, -1.526556644979159836E-16 ) ) ;
#9548 = EDGE_LOOP ( 'NONE', ( #2228, #7951, #11629, #6893, #9776, #11901, #5303, #5382 ) ) ;
#9549 = CARTESIAN_POINT ( 'NONE',  ( 163.2171133453904872, -134.4297640215110050, 51.03123712248049770 ) ) ;
#9550 = EDGE_CURVE ( 'NONE', #8126, #9680, #9261, .T. ) ;
#9551 = DIRECTION ( 'NONE',  ( 2.602085213964869829E-17, 1.000000000000000000, -1.526556658859589750E-16 ) ) ;
#9552 = CARTESIAN_POINT ( 'NONE',  ( 122.9144919146266091, -148.4297640215245906, 58.25000000000000000 ) ) ;
#9553 = VECTOR ( 'NONE', #6735, 1000.000000000000000 ) ;
#9554 = AXIS2_PLACEMENT_3D ( 'NONE', #3274, #2359, #9870 ) ;
#9555 = DIRECTION ( 'NONE',  ( -7.166576360129239776E-17, 1.074295325692399920E-17, 1.000000000000000000 ) ) ;
#9556 = EDGE_CURVE ( 'NONE', #2799, #8662, #4767, .T. ) ;
#9557 = FACE_OUTER_BOUND ( 'NONE', #2598, .T. ) ;
#9558 = DIRECTION ( 'NONE',  ( 1.000000000000000000, -3.160768215787150073E-15, 0.000000000000000000 ) ) ;
#9559 = LINE ( 'NONE', #2911, #8021 ) ;
#9560 = ORIENTED_EDGE ( 'NONE', *, *, #1099, .T. ) ;
#9561 = DIRECTION ( 'NONE',  ( 0.8125199200687275303, -0.3365567705908014129, -0.4759631494779816840 ) ) ;
#9562 = DIRECTION ( 'NONE',  ( -4.849173379634530258E-15, 1.000000000000000000, 6.881851277481381070E-15 ) ) ;
#9563 = VERTEX_POINT ( 'NONE', #10304 ) ;
#9564 = ORIENTED_EDGE ( 'NONE', *, *, #5738, .F. ) ;
#9565 = CARTESIAN_POINT ( 'NONE',  ( 132.9734432388114556, -139.7468433400931076, 67.06118548819704017 ) ) ;
#9566 = AXIS2_PLACEMENT_3D ( 'NONE', #7086, #11945, #11879 ) ;
#9567 = CARTESIAN_POINT ( 'NONE',  ( 132.3248874922289531, -139.0155505122760076, 70.47801084380756720 ) ) ;
#9568 = VERTEX_POINT ( 'NONE', #4589 ) ;
#9569 = EDGE_CURVE ( 'NONE', #1595, #7479, #2237, .T. ) ;
#9570 = DIRECTION ( 'NONE',  ( 0.7071067811865475727, 0.000000000000000000, 0.7071067811865475727 ) ) ;
#9571 = CARTESIAN_POINT ( 'NONE',  ( 132.2171133453900040, -153.4297640215119714, 65.95898615365621254 ) ) ;
#9572 = CARTESIAN_POINT ( 'NONE',  ( 163.1910860220582720, -141.5822297526627267, 67.99999991151645418 ) ) ;
#9573 = EDGE_CURVE ( 'NONE', #12047, #1133, #10368, .T. ) ;
#9574 = VECTOR ( 'NONE', #6394, 1000.000000000000114 ) ;
#9575 = LINE ( 'NONE', #7732, #11481 ) ;
#9576 = VECTOR ( 'NONE', #8951, 1000.000000000000000 ) ;
#9577 = CARTESIAN_POINT ( 'NONE',  ( 132.3433269686887286, -141.3403586391177384, 68.99999991151651102 ) ) ;
#9578 = CARTESIAN_POINT ( 'NONE',  ( 133.6793669926550194, -140.4297640215119998, 93.86432591814070747 ) ) ;
#9579 = CARTESIAN_POINT ( 'NONE',  ( 160.3226861543900554, -138.0155505122759791, 67.55278631601636619 ) ) ;
#9580 = VERTEX_POINT ( 'NONE', #3655 ) ;
#9581 = ORIENTED_EDGE ( 'NONE', *, *, #1068, .F. ) ;
#9582 = VERTEX_POINT ( 'NONE', #7426 ) ;
#9583 = AXIS2_PLACEMENT_3D ( 'NONE', #4029, #6008, #1203 ) ;
#9584 = VECTOR ( 'NONE', #7822, 999.9999999999998863 ) ;
#9585 = EDGE_CURVE ( 'NONE', #8555, #2401, #1008, .T. ) ;
#9586 = LINE ( 'NONE', #1154, #1821 ) ;
#9587 = CARTESIAN_POINT ( 'NONE',  ( 165.2171133453904872, -151.4297640215179968, 62.75000000000000000 ) ) ;
#9588 = CYLINDRICAL_SURFACE ( 'NONE', #4486, 11.54238125198780729 ) ;
#9589 = DIRECTION ( 'NONE',  ( -1.000000000000000000, 0.000000000000000000, 0.000000000000000000 ) ) ;
#9590 = VECTOR ( 'NONE', #11389, 1000.000000000000000 ) ;
#9591 = AXIS2_PLACEMENT_3D ( 'NONE', #6531, #4739, #117 ) ;
#9592 = ORIENTED_EDGE ( 'NONE', *, *, #9015, .T. ) ;
#9593 = DIRECTION ( 'NONE',  ( -1.000000000000000000, 0.000000000000000000, 0.000000000000000000 ) ) ;
#9594 = ORIENTED_EDGE ( 'NONE', *, *, #6991, .F. ) ;
#9595 = ORIENTED_EDGE ( 'NONE', *, *, #11760, .T. ) ;
#9596 = ORIENTED_EDGE ( 'NONE', *, *, #10632, .F. ) ;
#9597 = DIRECTION ( 'NONE',  ( -1.765285221921220059E-15, -1.000000000000000000, -1.765285221921220059E-15 ) ) ;
#9598 = CARTESIAN_POINT ( 'NONE',  ( 162.8750653670250017, -140.9916158943559878, 69.44736542250640809 ) ) ;
#9599 = CIRCLE ( 'NONE', #11376, 24.75049366970480236 ) ;
#9600 = DIRECTION ( 'NONE',  ( 0.000000000000000000, -1.000000000000000000, -6.573933234426810631E-15 ) ) ;
#9601 = CARTESIAN_POINT ( 'NONE',  ( 134.8460502105142780, -120.9877505744258457, 59.15832283222040644 ) ) ;
#9602 = DIRECTION ( 'NONE',  ( -1.000000000000000000, 3.160768215787150073E-15, 8.821935677471621045E-15 ) ) ;
#9603 = ORIENTED_EDGE ( 'NONE', *, *, #767, .T. ) ;
#9604 = CARTESIAN_POINT ( 'NONE',  ( 161.2171133453899756, -138.0155505122760076, 68.99999991151629786 ) ) ;
#9605 = AXIS2_PLACEMENT_3D ( 'NONE', #6509, #2670, #6566 ) ;
#9606 = EDGE_CURVE ( 'NONE', #12047, #1995, #9321, .T. ) ;
#9607 = VERTEX_POINT ( 'NONE', #6505 ) ;
#9608 = VECTOR ( 'NONE', #11447, 1000.000000000000000 ) ;
#9609 = CARTESIAN_POINT ( 'NONE',  ( 123.1841818300372893, -149.0948118813255689, 54.34855271757444939 ) ) ;
#9610 = ORIENTED_EDGE ( 'NONE', *, *, #3636, .F. ) ;
#9611 = DIRECTION ( 'NONE',  ( -0.7071067811865779928, -0.7071067811865170416, 1.188109768467263855E-16 ) ) ;
#9612 = FACE_OUTER_BOUND ( 'NONE', #1556, .T. ) ;
#9613 = ORIENTED_EDGE ( 'NONE', *, *, #1135, .F. ) ;
#9614 = CYLINDRICAL_SURFACE ( 'NONE', #10538, 3.099999999999991651 ) ;
#9615 = CONICAL_SURFACE ( 'NONE', #4318, 24.95049366970479809, 0.7853981633974469467 ) ;
#9616 = LINE ( 'NONE', #4944, #11156 ) ;
#9617 = DIRECTION ( 'NONE',  ( -2.602085213964869829E-17, -1.000000000000000000, 1.526556658859589750E-16 ) ) ;
#9618 = PLANE ( 'NONE',  #7120 ) ;
#9619 = PLANE ( 'NONE',  #6258 ) ;
#9620 = ADVANCED_FACE ( 'NONE', ( #11296 ), #9381, .T. ) ;
#9621 = EDGE_LOOP ( 'NONE', ( #5547, #12172, #8849, #11638, #2677, #5379, #2295 ) ) ;
#9622 = ORIENTED_EDGE ( 'NONE', *, *, #7376, .F. ) ;
#9623 = CARTESIAN_POINT ( 'NONE',  ( 121.1655145303082151, -150.3781652595672824, 108.7301527105119590 ) ) ;
#9624 = VERTEX_POINT ( 'NONE', #2852 ) ;
#9625 = CARTESIAN_POINT ( 'NONE',  ( 132.5102147262684014, -139.0155507849648018, 66.70690371732840163 ) ) ;
#9626 = ADVANCED_FACE ( 'NONE', ( #8281 ), #4654, .F. ) ;
#9627 = ORIENTED_EDGE ( 'NONE', *, *, #7233, .F. ) ;
#9628 = CARTESIAN_POINT ( 'NONE',  ( 175.2171133453905156, -114.8297640215111954, 62.75000000000000000 ) ) ;
#9629 = ORIENTED_EDGE ( 'NONE', *, *, #1305, .F. ) ;
#9630 = CARTESIAN_POINT ( 'NONE',  ( 162.7268364872659845, -140.6297640215119884, 114.2144502228039897 ) ) ;
#9631 = DIRECTION ( 'NONE',  ( 3.683226109728400325E-15, 1.000000000000000000, 3.233485681020080374E-15 ) ) ;
#9632 = DIRECTION ( 'NONE',  ( -1.230233151429590160E-14, -7.323824219251069642E-15, -1.000000000000000000 ) ) ;
#9633 = CARTESIAN_POINT ( 'NONE',  ( 132.2141051759060133, -147.0622138173933990, 51.61840511973850454 ) ) ;
#9634 = CARTESIAN_POINT ( 'NONE',  ( 135.2171133453900040, -140.4297640215119998, 96.26432591814179318 ) ) ;
#9635 = PLANE ( 'NONE',  #9583 ) ;
#9636 = DIRECTION ( 'NONE',  ( 1.000000000000000000, 1.428297779119530297E-14, -8.774688080854920268E-15 ) ) ;
#9637 = DIRECTION ( 'NONE',  ( -7.166576360129189239E-17, 0.000000000000000000, 1.000000000000000000 ) ) ;
#9638 = EDGE_CURVE ( 'NONE', #11822, #1755, #3721, .T. ) ;
#9639 = ORIENTED_EDGE ( 'NONE', *, *, #11914, .T. ) ;
#9640 = ORIENTED_EDGE ( 'NONE', *, *, #5494, .F. ) ;
#9641 = LINE ( 'NONE', #3046, #2663 ) ;
#9642 = EDGE_CURVE ( 'NONE', #7384, #2041, #6563, .T. ) ;
#9643 = EDGE_LOOP ( 'NONE', ( #622, #1160, #1396, #9908, #11568 ) ) ;
#9644 = ADVANCED_FACE ( 'NONE', ( #1938 ), #4772, .T. ) ;
#9645 = PRESENTATION_STYLE_ASSIGNMENT (( #2879 ) ) ;
#9646 = DIRECTION ( 'NONE',  ( -1.000000000000000000, -4.444361552645199728E-15, 1.654332826113469965E-24 ) ) ;
#9647 = PLANE ( 'NONE',  #69 ) ;
#9648 = LINE ( 'NONE', #1217, #10578 ) ;
#9649 = CARTESIAN_POINT ( 'NONE',  ( 132.9483522433253313, -134.6985251767137584, 69.99999991151659628 ) ) ;
#9650 = AXIS2_PLACEMENT_3D ( 'NONE', #11800, #595, #1098 ) ;
#9651 = ORIENTED_EDGE ( 'NONE', *, *, #686, .T. ) ;
#9652 = CARTESIAN_POINT ( 'NONE',  ( 163.2171133453900040, -119.4297640746489861, 71.99999985651460577 ) ) ;
#9653 = EDGE_CURVE ( 'NONE', #10336, #5695, #3087, .T. ) ;
#9654 = ORIENTED_EDGE ( 'NONE', *, *, #1000, .F. ) ;
#9655 = ORIENTED_EDGE ( 'NONE', *, *, #6670, .T. ) ;
#9656 = ORIENTED_EDGE ( 'NONE', *, *, #10271, .T. ) ;
#9657 = CIRCLE ( 'NONE', #4355, 14.39999999999999680 ) ;
#9658 = CARTESIAN_POINT ( 'NONE',  ( 162.9233690313130296, -141.1360191063800187, 68.99847168005020137 ) ) ;
#9659 = DIRECTION ( 'NONE',  ( -1.214306495755059738E-16, 1.000000000000000000, 6.573933234426810631E-15 ) ) ;
#9660 = CARTESIAN_POINT ( 'NONE',  ( 135.6669467343540134, -152.8297640746490060, 71.34999974667979927 ) ) ;
#9661 = LINE ( 'NONE', #11514, #2698 ) ;
#9662 = VECTOR ( 'NONE', #4076, 1000.000000000000000 ) ;
#9663 = EDGE_LOOP ( 'NONE', ( #2213, #1946, #8116, #3641, #5998, #8959 ) ) ;
#9664 = CARTESIAN_POINT ( 'NONE',  ( 162.6399132083545283, -153.3473760166015154, 66.96811501498449104 ) ) ;
#9665 = ORIENTED_EDGE ( 'NONE', *, *, #918, .F. ) ;
#9666 = CARTESIAN_POINT ( 'NONE',  ( 132.6248169134119905, -148.4297640746490003, 105.4997837512840135 ) ) ;
#9667 = VERTEX_POINT ( 'NONE', #10606 ) ;
#9668 = CARTESIAN_POINT ( 'NONE',  ( 132.5591594490289822, -140.9916190221100294, 69.44736843504719559 ) ) ;
#9669 = VECTOR ( 'NONE', #8206, 1000.000000000000000 ) ;
#9670 = CARTESIAN_POINT ( 'NONE',  ( 132.2171133453900040, -123.4297640215114029, 61.45398638250009782 ) ) ;
#9671 = ORIENTED_EDGE ( 'NONE', *, *, #11810, .T. ) ;
#9672 = LINE ( 'NONE', #1243, #7597 ) ;
#9673 = EDGE_CURVE ( 'NONE', #3695, #12184, #6860, .T. ) ;
#9674 = DIRECTION ( 'NONE',  ( -1.000000000000000000, 0.000000000000000000, 0.000000000000000000 ) ) ;
#9675 = CARTESIAN_POINT ( 'NONE',  ( 160.2171131927750025, -148.0297640746490231, 103.7997837512839965 ) ) ;
#9676 = CARTESIAN_POINT ( 'NONE',  ( 161.2171133453899756, -138.0155505122760076, 67.99999991151629786 ) ) ;
#9677 = PLANE ( 'NONE',  #2508 ) ;
#9678 = AXIS2_PLACEMENT_3D ( 'NONE', #11588, #319, #3430 ) ;
#9679 = ORIENTED_EDGE ( 'NONE', *, *, #6486, .F. ) ;
#9680 = VERTEX_POINT ( 'NONE', #263 ) ;
#9681 = CARTESIAN_POINT ( 'NONE',  ( 162.4862393945917063, -139.8229288359542295, 67.07525815431802130 ) ) ;
#9682 = EDGE_LOOP ( 'NONE', ( #2003, #11589, #5420, #8286 ) ) ;
#9683 = CARTESIAN_POINT ( 'NONE',  ( 133.2171133453900040, -139.0155505122760076, 66.99999991151649681 ) ) ;
#9684 = VERTEX_POINT ( 'NONE', #5873 ) ;
#9685 = FACE_OUTER_BOUND ( 'NONE', #6853, .T. ) ;
#9686 = EDGE_LOOP ( 'NONE', ( #6026, #3059, #9210, #5840 ) ) ;
#9687 = ADVANCED_FACE ( 'NONE', ( #10545 ), #9619, .F. ) ;
#9688 = VECTOR ( 'NONE', #4108, 1000.000000000000000 ) ;
#9689 = CARTESIAN_POINT ( 'NONE',  ( 171.2171133453900040, -153.1834562892630345, 64.74999999999928946 ) ) ;
#9690 = EDGE_CURVE ( 'NONE', #6371, #5032, #5469, .T. ) ;
#9691 = DIRECTION ( 'NONE',  ( -0.4397326120323201692, 0.1821432117215256996, -0.8794652240646019248 ) ) ;
#9692 = DIRECTION ( 'NONE',  ( -8.489861531809030498E-31, 6.709576272139220715E-15, -1.000000000000000000 ) ) ;
#9693 = PLANE ( 'NONE',  #7942 ) ;
#9694 = CARTESIAN_POINT ( 'NONE',  ( 132.2171133453900040, -153.4297640746490003, 67.14091634279270693 ) ) ;
#9695 = DIRECTION ( 'NONE',  ( -9.644381657525778976E-17, 1.000000000000000000, -6.863727291319010168E-31 ) ) ;
#9696 = PLANE ( 'NONE',  #5700 ) ;
#9697 = CARTESIAN_POINT ( 'NONE',  ( 134.3085541820774722, -140.4997574232812667, 110.9967960746291027 ) ) ;
#9698 = AXIS2_PLACEMENT_3D ( 'NONE', #829, #4769, #773 ) ;
#9699 = ORIENTED_EDGE ( 'NONE', *, *, #6287, .F. ) ;
#9700 = ORIENTED_EDGE ( 'NONE', *, *, #5867, .F. ) ;
#9701 = CARTESIAN_POINT ( 'NONE',  ( 132.4311401170380122, -141.2155435568629969, 68.00169815498549042 ) ) ;
#9702 = ORIENTED_EDGE ( 'NONE', *, *, #8494, .F. ) ;
#9703 = CARTESIAN_POINT ( 'NONE',  ( 161.9544263235315213, -122.1643879280747882, 62.62776153979550742 ) ) ;
#9704 = ADVANCED_FACE ( 'NONE', ( #89 ), #11412, .T. ) ;
#9705 = CARTESIAN_POINT ( 'NONE',  ( 147.7171131927750025, -148.4297640746490003, 103.7997837512839965 ) ) ;
#9706 = ADVANCED_FACE ( 'NONE', ( #7719, #2051, #3835, #4947 ), #9677, .T. ) ;
#9707 = AXIS2_PLACEMENT_3D ( 'NONE', #2352, #1560, #572 ) ;
#9708 = CARTESIAN_POINT ( 'NONE',  ( 132.2171133453900040, -141.8439776370219931, 67.99999991151649681 ) ) ;
#9709 = DIRECTION ( 'NONE',  ( -4.120435842910679178E-17, 4.120435842910839415E-17, 1.000000000000000000 ) ) ;
#9710 = EDGE_CURVE ( 'NONE', #2537, #8944, #10666, .T. ) ;
#9711 = DIRECTION ( 'NONE',  ( -1.000000000000000000, 0.000000000000000000, 0.000000000000000000 ) ) ;
#9713 = ADVANCED_FACE ( 'NONE', ( #5992 ), #11762, .F. ) ;
#9712 = VERTEX_POINT ( 'NONE', #1186 ) ;
#9714 = CARTESIAN_POINT ( 'NONE',  ( 122.7906896327294106, -149.2489160658136029, 58.25000000000000000 ) ) ;
#9715 = EDGE_LOOP ( 'NONE', ( #3918, #6172, #7127, #11401, #6971, #9083, #6749, #6390, #6174 ) ) ;
#9716 = ORIENTED_EDGE ( 'NONE', *, *, #3467, .F. ) ;
#9717 = ORIENTED_EDGE ( 'NONE', *, *, #98, .T. ) ;
#9718 = AXIS2_PLACEMENT_3D ( 'NONE', #11372, #9517, #5710 ) ;
#9719 = CARTESIAN_POINT ( 'NONE',  ( 134.5610227208983645, -140.6414563196905476, 105.9828794016084146 ) ) ;
#9720 = EDGE_CURVE ( 'NONE', #5422, #7580, #556, .T. ) ;
#9721 = LINE ( 'NONE', #5850, #7999 ) ;
#9722 = CARTESIAN_POINT ( 'NONE',  ( 134.9217847406376336, -141.2019685370803472, 110.3847684630111559 ) ) ;
#9723 = VECTOR ( 'NONE', #6046, 1000.000000000000000 ) ;
#9724 = CARTESIAN_POINT ( 'NONE',  ( 130.2171133453899188, -143.3164134470124509, 56.00640280175950636 ) ) ;
#9725 = EDGE_CURVE ( 'NONE', #2614, #3350, #1312, .T. ) ;
#9726 = EDGE_LOOP ( 'NONE', ( #3569, #11783, #10798, #109 ) ) ;
#9727 = LINE ( 'NONE', #6781, #4568 ) ;
#9728 = ORIENTED_EDGE ( 'NONE', *, *, #6019, .F. ) ;
#9729 = LINE ( 'NONE', #4064, #2844 ) ;
#9730 = EDGE_LOOP ( 'NONE', ( #6903, #10899, #9699, #10099, #11736, #5939, #8167 ) ) ;
#9731 = CARTESIAN_POINT ( 'NONE',  ( 132.7968125158670034, -140.2809473668339990, 69.86841549703709120 ) ) ;
#9732 = CARTESIAN_POINT ( 'NONE',  ( 161.2171133453899756, -138.0155505122760076, 78.81249988289620489 ) ) ;
#9733 = EDGE_LOOP ( 'NONE', ( #7006, #6864, #5058, #367, #4330 ) ) ;
#9734 = EDGE_CURVE ( 'NONE', #3695, #8747, #9559, .T. ) ;
#9735 = CARTESIAN_POINT ( 'NONE',  ( 161.9483522433255018, -135.1610029725843560, 81.50005035146735111 ) ) ;
#9736 = DIRECTION ( 'NONE',  ( -8.065104140086980555E-09, 0.000000000000000000, -1.000000000000000000 ) ) ;
#9737 = CARTESIAN_POINT ( 'NONE',  ( 135.1768364872669963, -140.6297640215119884, 114.2143259181419950 ) ) ;
#9738 = CIRCLE ( 'NONE', #11125, 3.500000000000003109 ) ;
#9739 = AXIS2_PLACEMENT_3D ( 'NONE', #9510, #11183, #4595 ) ;
#9740 = LINE ( 'NONE', #4887, #2589 ) ;
#9741 = DIRECTION ( 'NONE',  ( 0.000000000000000000, -1.000000000000000000, 0.000000000000000000 ) ) ;
#9742 = VERTEX_POINT ( 'NONE', #10428 ) ;
#9743 = ORIENTED_EDGE ( 'NONE', *, *, #3690, .T. ) ;
#9744 = DIRECTION ( 'NONE',  ( 0.5951893636155756173, 8.416332170449763954E-15, -0.8035854786137478500 ) ) ;
#9745 = EDGE_LOOP ( 'NONE', ( #4126, #6232, #63, #7861 ) ) ;
#9746 = DIRECTION ( 'NONE',  ( 1.000000000000000000, 9.644381700046818973E-17, -4.666241877321180938E-16 ) ) ;
#9747 = EDGE_LOOP ( 'NONE', ( #6123, #7864, #8946, #2815 ) ) ;
#9748 = DIRECTION ( 'NONE',  ( 0.000000000000000000, -1.000000000000000000, -6.573933234426810631E-15 ) ) ;
#9749 = VERTEX_POINT ( 'NONE', #1994 ) ;
#9750 = AXIS2_PLACEMENT_3D ( 'NONE', #9497, #140, #7484 ) ;
#9751 = VECTOR ( 'NONE', #7234, 1000.000000000000114 ) ;
#9752 = CARTESIAN_POINT ( 'NONE',  ( 160.2171133453904872, -138.4595744938966106, 57.98985306244370719 ) ) ;
#9753 = CARTESIAN_POINT ( 'NONE',  ( 132.2171133453900040, -134.4297640746490288, 80.50005035146759269 ) ) ;
#9754 = DIRECTION ( 'NONE',  ( -0.3281699088141229459, 6.170010459091448547E-15, -0.9446187119409238386 ) ) ;
#9755 = DIRECTION ( 'NONE',  ( -0.5735764363510417185, 0.8191520442889947962, 6.082239591783707670E-15 ) ) ;
#9756 = LINE ( 'NONE', #409, #632 ) ;
#9757 = DIRECTION ( 'NONE',  ( -1.000000000000000000, 3.160768215787150073E-15, 8.821935677471621045E-15 ) ) ;
#9758 = VECTOR ( 'NONE', #7207, 1000.000000000000000 ) ;
#9759 = CARTESIAN_POINT ( 'NONE',  ( 139.1025978581049856, -140.4297640215119998, 105.3679489095639923 ) ) ;
#9760 = CARTESIAN_POINT ( 'NONE',  ( 133.2171133453900040, -152.4297640746490003, 67.14091634279270693 ) ) ;
#9761 = ADVANCED_FACE ( 'NONE', ( #1065 ), #8579, .F. ) ;
#9762 = VERTEX_POINT ( 'NONE', #9503 ) ;
#9763 = ORIENTED_EDGE ( 'NONE', *, *, #4313, .T. ) ;
#9764 = CARTESIAN_POINT ( 'NONE',  ( 132.4691912308220196, -139.0121118390970025, 66.81830451150800343 ) ) ;
#9765 = VERTEX_POINT ( 'NONE', #144 ) ;
#9766 = CARTESIAN_POINT ( 'NONE',  ( 163.2171133453904872, -123.4296722848583983, 62.74648661845989750 ) ) ;
#9767 = AXIS2_PLACEMENT_3D ( 'NONE', #5386, #4522, #2544 ) ;
#9768 = AXIS2_PLACEMENT_3D ( 'NONE', #3039, #9632, #6812 ) ;
#9769 = DIRECTION ( 'NONE',  ( -8.821935677471690464E-15, -2.383741352455649954E-14, -1.000000000000000000 ) ) ;
#9770 = CARTESIAN_POINT ( 'NONE',  ( 161.2171133453899756, -138.0155505122760076, 68.99999991151629786 ) ) ;
#9771 = DIRECTION ( 'NONE',  ( 1.000000000000000000, -3.973480495251319981E-15, 7.166576360129249636E-17 ) ) ;
#9772 = ORIENTED_EDGE ( 'NONE', *, *, #774, .F. ) ;
#9773 = CARTESIAN_POINT ( 'NONE',  ( 134.8867901064739669, -141.1007641801899979, 106.3086558945839926 ) ) ;
#9774 = CIRCLE ( 'NONE', #1325, 3.099999999999991651 ) ;
#9775 = EDGE_CURVE ( 'NONE', #10194, #5757, #1122, .T. ) ;
#9776 = ORIENTED_EDGE ( 'NONE', *, *, #9585, .F. ) ;
#9777 = ORIENTED_EDGE ( 'NONE', *, *, #7611, .F. ) ;
#9778 = AXIS2_PLACEMENT_3D ( 'NONE', #10834, #9602, #307 ) ;
#9779 = ORIENTED_EDGE ( 'NONE', *, *, #7624, .F. ) ;
#9780 = EDGE_CURVE ( 'NONE', #8670, #8134, #7289, .T. ) ;
#9781 = CARTESIAN_POINT ( 'NONE',  ( 163.1572383906650145, -141.4329535362309969, 69.21067577145331029 ) ) ;
#9782 = CARTESIAN_POINT ( 'NONE',  ( 169.9786284033264963, -120.4297680637880035, 53.38549640900549775 ) ) ;
#9783 = VECTOR ( 'NONE', #2823, 1000.000000000000000 ) ;
#9784 = CYLINDRICAL_SURFACE ( 'NONE', #4963, 0.9999999999999964473 ) ;
#9785 = AXIS2_PLACEMENT_3D ( 'NONE', #4110, #481, #4233 ) ;
#9786 = DIRECTION ( 'NONE',  ( -4.426875795218227847E-16, 0.08715574274765784668, 0.9961946980917455452 ) ) ;
#9787 = ORIENTED_EDGE ( 'NONE', *, *, #8875, .F. ) ;
#9788 = EDGE_LOOP ( 'NONE', ( #7517, #5098, #512, #2084 ) ) ;
#9789 =( BOUNDED_CURVE ( )  B_SPLINE_CURVE ( 3, ( #10897, #4256, #7033, #8010 ),
 .UNSPECIFIED., .F., .F. ) 
 B_SPLINE_CURVE_WITH_KNOTS ( ( 4, 4 ),
 ( 0.9332950502743140309, 1.564037455445220104 ),
 .UNSPECIFIED. ) 
 CURVE ( )  GEOMETRIC_REPRESENTATION_ITEM ( )  RATIONAL_B_SPLINE_CURVE ( ( 1.000000000000000000, 0.9671208724905309140, 0.9671208724905309140, 1.000000000000000000 ) ) 
 REPRESENTATION_ITEM ( '' )  );
#9790 = CARTESIAN_POINT ( 'NONE',  ( 132.2171133453900040, -117.4297640215114029, 62.74648661845999698 ) ) ;
#9791 = EDGE_CURVE ( 'NONE', #9667, #4858, #2110, .T. ) ;
#9792 = VERTEX_POINT ( 'NONE', #5073 ) ;
#9793 = AXIS2_PLACEMENT_3D ( 'NONE', #3365, #7079, #9039 ) ;
#9794 = VERTEX_POINT ( 'NONE', #682 ) ;
#9795 = CIRCLE ( 'NONE', #3896, 24.75044811293481217 ) ;
#9796 = EDGE_CURVE ( 'NONE', #3553, #8044, #7396, .T. ) ;
#9797 = CARTESIAN_POINT ( 'NONE',  ( 132.4691914154539916, -139.0121116213800008, 70.18169539077049990 ) ) ;
#9798 = ORIENTED_EDGE ( 'NONE', *, *, #9892, .T. ) ;
#9799 = DIRECTION ( 'NONE',  ( 2.897277325460580092E-15, 1.000000000000000000, 2.897277325460580092E-15 ) ) ;
#9800 = DIRECTION ( 'NONE',  ( 3.480590576041360211E-15, 1.000000000000000000, -1.074295325692379890E-17 ) ) ;
#9801 = VECTOR ( 'NONE', #10308, 1000.000000000000000 ) ;
#9802 = DIRECTION ( 'NONE',  ( 0.7071067811865475727, -0.7071067811865475727, 1.586192039560628656E-16 ) ) ;
#9803 = AXIS2_PLACEMENT_3D ( 'NONE', #11275, #186, #10346 ) ;
#9804 = FACE_OUTER_BOUND ( 'NONE', #10051, .T. ) ;
#9805 = ORIENTED_EDGE ( 'NONE', *, *, #4058, .T. ) ;
#9806 = ORIENTED_EDGE ( 'NONE', *, *, #2767, .F. ) ;
#9807 = DIRECTION ( 'NONE',  ( -0.7071067811865160424, -0.7071067811865791031, -4.475281559100260094E-15 ) ) ;
#9808 = ADVANCED_FACE ( 'NONE', ( #6059 ), #3163, .F. ) ;
#9809 = EDGE_LOOP ( 'NONE', ( #11100, #7725, #7282, #7326 ) ) ;
#9810 = CARTESIAN_POINT ( 'NONE',  ( 137.8094094721379861, -148.4297640746490003, 102.0997837512840078 ) ) ;
#9811 = ORIENTED_EDGE ( 'NONE', *, *, #530, .F. ) ;
#9812 = CARTESIAN_POINT ( 'NONE',  ( 132.5962589188493723, -140.8779172725420494, 69.49644290045694106 ) ) ;
#9813 = ORIENTED_EDGE ( 'NONE', *, *, #489, .F. ) ;
#9814 = AXIS2_PLACEMENT_3D ( 'NONE', #4031, #7795, #10744 ) ;
#9815 = CARTESIAN_POINT ( 'NONE',  ( 163.2171133453904872, -123.4297640215111898, 61.45398638250009782 ) ) ;
#9816 = LINE ( 'NONE', #5024, #7225 ) ;
#9817 = LINE ( 'NONE', #7057, #11282 ) ;
#9818 = CARTESIAN_POINT ( 'NONE',  ( 134.2171133453900040, -119.4297640746489861, 69.99999991151649681 ) ) ;
#9819 = LINE ( 'NONE', #2367, #548 ) ;
#9820 = DIRECTION ( 'NONE',  ( 0.7071067811865480168, -0.7071067811865470176, -4.821663979746488122E-15 ) ) ;
#9821 = DIRECTION ( 'NONE',  ( 0.000000000000000000, -1.000000000000000000, 0.000000000000000000 ) ) ;
#9822 = ORIENTED_EDGE ( 'NONE', *, *, #918, .T. ) ;
#9823 = ORIENTED_EDGE ( 'NONE', *, *, #11235, .T. ) ;
#9824 = DIRECTION ( 'NONE',  ( 0.000000000000000000, 1.000000000000000000, 6.573933234426810631E-15 ) ) ;
#9825 = PLANE ( 'NONE',  #8478 ) ;
#9826 = VERTEX_POINT ( 'NONE', #3563 ) ;
#9827 = CIRCLE ( 'NONE', #10421, 14.00000000000001243 ) ;
#9828 = DIRECTION ( 'NONE',  ( -8.810118433399840573E-15, -1.526556646961799758E-16, -1.000000000000000000 ) ) ;
#9829 = FACE_OUTER_BOUND ( 'NONE', #1679, .T. ) ;
#9830 = PLANE ( 'NONE',  #1442 ) ;
#9831 = EDGE_CURVE ( 'NONE', #8702, #7001, #10967, .T. ) ;
#9832 = PLANE ( 'NONE',  #9785 ) ;
#9833 = DIRECTION ( 'NONE',  ( 1.184492984081859879E-16, -1.000000000000000000, -6.940088366890780303E-15 ) ) ;
#9834 = ORIENTED_EDGE ( 'NONE', *, *, #4620, .F. ) ;
#9835 = DIRECTION ( 'NONE',  ( 3.683226109728400325E-15, 1.000000000000000000, -1.526556658859589750E-16 ) ) ;
#9836 = EDGE_LOOP ( 'NONE', ( #5484, #4718, #10031, #5753 ) ) ;
#9837 = ORIENTED_EDGE ( 'NONE', *, *, #9720, .F. ) ;
#9838 = VERTEX_POINT ( 'NONE', #1662 ) ;
#9839 = CARTESIAN_POINT ( 'NONE',  ( 162.6374109600690190, -140.2809427744770119, 69.86841196633079676 ) ) ;
#9840 = CARTESIAN_POINT ( 'NONE',  ( 169.9786284033270078, -146.6504621838784033, 53.38549640900530591 ) ) ;
#9841 = LINE ( 'NONE', #245, #12041 ) ;
#9842 = EDGE_CURVE ( 'NONE', #4303, #1083, #7448, .T. ) ;
#9843 = DIRECTION ( 'NONE',  ( 0.000000000000000000, -1.000000000000000000, -6.573933234426810631E-15 ) ) ;
#9844 = ORIENTED_EDGE ( 'NONE', *, *, #10257, .F. ) ;
#9845 = EDGE_CURVE ( 'NONE', #3906, #4638, #8254, .T. ) ;
#9846 = CARTESIAN_POINT ( 'NONE',  ( 163.1409749705900083, -141.4613015884661991, 68.99999991151629786 ) ) ;
#9847 = ORIENTED_EDGE ( 'NONE', *, *, #6876, .T. ) ;
#9848 = VECTOR ( 'NONE', #3513, 1000.000000000000000 ) ;
#9849 = CARTESIAN_POINT ( 'NONE',  ( 161.2171133453899756, -138.0155505122760076, 67.99999991151629786 ) ) ;
#9850 = ORIENTED_EDGE ( 'NONE', *, *, #8045, .F. ) ;
#9851 = ORIENTED_EDGE ( 'NONE', *, *, #11703, .F. ) ;
#9852 = DIRECTION ( 'NONE',  ( -1.000000000000000000, -2.428612952914219616E-16, 2.449293572821420444E-16 ) ) ;
#9853 = ORIENTED_EDGE ( 'NONE', *, *, #8910, .T. ) ;
#9854 = CARTESIAN_POINT ( 'NONE',  ( 162.3677708826299977, -138.4595744938966106, 53.47602185630480420 ) ) ;
#9855 = VECTOR ( 'NONE', #9260, 1000.000000000000000 ) ;
#9856 = EDGE_CURVE ( 'NONE', #377, #8817, #3626, .T. ) ;
#9857 = FACE_OUTER_BOUND ( 'NONE', #5396, .T. ) ;
#9858 = EDGE_CURVE ( 'NONE', #5671, #575, #2290, .T. ) ;
#9859 = CARTESIAN_POINT ( 'NONE',  ( 162.9240113076430134, -139.0155507307715936, 66.70690307604189684 ) ) ;
#9860 =( BOUNDED_CURVE ( )  B_SPLINE_CURVE ( 3, ( #3980, #6706, #11497, #11434 ),
 .UNSPECIFIED., .F., .F. ) 
 B_SPLINE_CURVE_WITH_KNOTS ( ( 4, 4 ),
 ( 2.187819651203244988E-15, 1.126157883263460002 ),
 .UNSPECIFIED. ) 
 CURVE ( )  GEOMETRIC_REPRESENTATION_ITEM ( )  RATIONAL_B_SPLINE_CURVE ( ( 1.000000000000000000, 0.8970770709083980554, 0.8970770709083980554, 1.000000000000000000 ) ) 
 REPRESENTATION_ITEM ( '' )  );
#9861 = ADVANCED_FACE ( 'NONE', ( #4373 ), #1723, .T. ) ;
#9862 = CARTESIAN_POINT ( 'NONE',  ( 136.9171131927749911, -148.4297640746490003, 105.4997837512840135 ) ) ;
#9863 = EDGE_LOOP ( 'NONE', ( #2753, #4662, #5438, #1814, #5609, #8163, #11297 ) ) ;
#9864 = EDGE_LOOP ( 'NONE', ( #2637, #12063, #1097, #3940 ) ) ;
#9865 = EDGE_CURVE ( 'NONE', #10533, #5133, #10217, .T. ) ;
#9866 = DIRECTION ( 'NONE',  ( 0.000000000000000000, -1.000000000000000000, -6.351909800629000000E-14 ) ) ;
#9867 = CIRCLE ( 'NONE', #8506, 11.54238125198780729 ) ;
#9868 = AXIS2_PLACEMENT_3D ( 'NONE', #9906, #799, #7146 ) ;
#9869 = ORIENTED_EDGE ( 'NONE', *, *, #11232, .T. ) ;
#9870 = DIRECTION ( 'NONE',  ( 1.000000000000000000, 0.000000000000000000, 0.000000000000000000 ) ) ;
#9871 = ORIENTED_EDGE ( 'NONE', *, *, #6837, .T. ) ;
#9872 = CARTESIAN_POINT ( 'NONE',  ( 160.2171133453899756, -119.4297640746489861, 67.99999991151629786 ) ) ;
#9873 = DIRECTION ( 'NONE',  ( 2.602085213964869829E-17, 1.000000000000000000, -1.526556658859589750E-16 ) ) ;
#9874 = FACE_OUTER_BOUND ( 'NONE', #6648, .T. ) ;
#9875 = EDGE_CURVE ( 'NONE', #7580, #10012, #11960, .T. ) ;
#9876 = CIRCLE ( 'NONE', #4576, 1.000000000000000888 ) ;
#9877 = AXIS2_PLACEMENT_3D ( 'NONE', #6743, #6629, #11239 ) ;
#9878 = FACE_OUTER_BOUND ( 'NONE', #6585, .T. ) ;
#9879 = EDGE_CURVE ( 'NONE', #2537, #2705, #353, .T. ) ;
#9880 = CARTESIAN_POINT ( 'NONE',  ( 139.0641310390018361, -144.9924891401026628, 105.6404199936603305 ) ) ;
#9881 = LINE ( 'NONE', #7059, #4674 ) ;
#9882 = FACE_OUTER_BOUND ( 'NONE', #7666, .T. ) ;
#9883 = DIRECTION ( 'NONE',  ( 1.000000000000000000, 0.000000000000000000, 0.000000000000000000 ) ) ;
#9884 = ORIENTED_EDGE ( 'NONE', *, *, #11515, .F. ) ;
#9885 = ORIENTED_EDGE ( 'NONE', *, *, #10338, .T. ) ;
#9886 = DIRECTION ( 'NONE',  ( 2.602085213964879690E-17, 1.000000000000000000, -1.150608946447880006E-15 ) ) ;
#9887 = CARTESIAN_POINT ( 'NONE',  ( 131.3421128954029768, -149.8297617971959994, 107.8749995500799912 ) ) ;
#9888 = EDGE_LOOP ( 'NONE', ( #6631, #5252, #384, #9413, #10780, #4039, #10690 ) ) ;
#9889 = AXIS2_PLACEMENT_3D ( 'NONE', #4708, #9551, #8462 ) ;
#9890 = CARTESIAN_POINT ( 'NONE',  ( 163.2171133453900040, -119.4297640746489861, 71.99999985651460577 ) ) ;
#9891 = CARTESIAN_POINT ( 'NONE',  ( 124.7920842302762878, -153.8807304801348721, 64.17502911511354569 ) ) ;
#9892 = EDGE_CURVE ( 'NONE', #4802, #9368, #10184, .T. ) ;
#9893 = CARTESIAN_POINT ( 'NONE',  ( 132.2171133453900040, -154.4297640215114882, 55.74960223581889807 ) ) ;
#9894 = DIRECTION ( 'NONE',  ( -2.495099115867419794E-14, 1.526556658860509759E-16, 1.000000000000000000 ) ) ;
#9895 = DIRECTION ( 'NONE',  ( -1.000000000000000000, 3.160768215787150073E-15, 8.821935677471621045E-15 ) ) ;
#9896 = VECTOR ( 'NONE', #421, 1000.000000000000000 ) ;
#9897 = CARTESIAN_POINT ( 'NONE',  ( 131.9171131927750196, -154.2297640746490117, 103.7997837512839965 ) ) ;
#9898 = VERTEX_POINT ( 'NONE', #8127 ) ;
#9899 = DIRECTION ( 'NONE',  ( 0.000000000000000000, -1.000000000000000000, 3.905299242813860453E-15 ) ) ;
#9900 = ORIENTED_EDGE ( 'NONE', *, *, #3543, .F. ) ;
#9901 = ORIENTED_EDGE ( 'NONE', *, *, #9018, .F. ) ;
#9902 = ORIENTED_EDGE ( 'NONE', *, *, #12128, .F. ) ;
#9903 = CARTESIAN_POINT ( 'NONE',  ( 132.9169541041156890, -153.4060238891452741, 66.78914049875372427 ) ) ;
#9904 = AXIS2_PLACEMENT_3D ( 'NONE', #4075, #6737, #5071 ) ;
#9905 = DIRECTION ( 'NONE',  ( 1.021793147355250147E-15, -6.709576272139220715E-15, 1.000000000000000000 ) ) ;
#9906 = CARTESIAN_POINT ( 'NONE',  ( 163.0571133453900075, -140.4797640480800283, 66.54898615365620174 ) ) ;
#9907 = DIRECTION ( 'NONE',  ( 1.000000000000000000, 8.450232042328190427E-24, -3.833073549109210312E-15 ) ) ;
#9908 = ORIENTED_EDGE ( 'NONE', *, *, #10073, .T. ) ;
#9909 = CARTESIAN_POINT ( 'NONE',  ( 135.2171133453900040, -140.9497639861740197, 93.86432591833310823 ) ) ;
#9910 = AXIS2_PLACEMENT_3D ( 'NONE', #11966, #7471, #11158 ) ;
#9911 = ORIENTED_EDGE ( 'NONE', *, *, #920, .F. ) ;
#9912 = DIRECTION ( 'NONE',  ( 3.683226109728400325E-15, 1.000000000000000000, -1.526556644979159836E-16 ) ) ;
#9913 = EDGE_CURVE ( 'NONE', #8134, #2340, #10960, .T. ) ;
#9914 = ORIENTED_EDGE ( 'NONE', *, *, #4924, .F. ) ;
#9915 = ORIENTED_EDGE ( 'NONE', *, *, #6198, .F. ) ;
#9916 = EDGE_CURVE ( 'NONE', #7996, #596, #10449, .T. ) ;
#9917 = CARTESIAN_POINT ( 'NONE',  ( 132.2172604132880167, -140.6000793078410140, 70.53693373439169534 ) ) ;
#9918 = VERTEX_POINT ( 'NONE', #981 ) ;
#9919 = AXIS2_PLACEMENT_3D ( 'NONE', #3197, #11826, #5120 ) ;
#9920 = CARTESIAN_POINT ( 'NONE',  ( 165.6545526666308774, -144.3551765105111429, 51.13534865116196926 ) ) ;
#9921 = CARTESIAN_POINT ( 'NONE',  ( 162.2171133453900040, -152.4297640746490003, 67.14091634279270693 ) ) ;
#9922 = DIRECTION ( 'NONE',  ( -0.7071067811865475727, -0.7071067811865475727, 2.517874784805353577E-14 ) ) ;
#9923 = CARTESIAN_POINT ( 'NONE',  ( 165.6545526666312185, -134.3983860980510769, 51.13534865116200478 ) ) ;
#9924 = VERTEX_POINT ( 'NONE', #119 ) ;
#9925 = CIRCLE ( 'NONE', #888, 1.450000000000006839 ) ;
#9926 = ORIENTED_EDGE ( 'NONE', *, *, #6490, .F. ) ;
#9927 = DIRECTION ( 'NONE',  ( 6.331740687314189720E-17, -1.000000000000000000, 6.331740687314610035E-17 ) ) ;
#9928 = ORIENTED_EDGE ( 'NONE', *, *, #6756, .T. ) ;
#9929 = EDGE_CURVE ( 'NONE', #11720, #2581, #7515, .T. ) ;
#9930 = CARTESIAN_POINT ( 'NONE',  ( 132.2474879634529827, -133.4028689281084041, 51.11866876023839978 ) ) ;
#9931 = DIRECTION ( 'NONE',  ( 8.933825901280388903E-17, 1.000000000000000000, -8.933825901280388903E-17 ) ) ;
#9932 = LINE ( 'NONE', #1592, #1713 ) ;
#9933 = EDGE_CURVE ( 'NONE', #4563, #3763, #4878, .T. ) ;
#9934 = CARTESIAN_POINT ( 'NONE',  ( 162.4671133453900040, -135.6797640746490288, 80.50005035146730847 ) ) ;
#9935 = VECTOR ( 'NONE', #4040, 1000.000000000000114 ) ;
#9936 =( BOUNDED_CURVE ( )  B_SPLINE_CURVE ( 3, ( #4602, #1767, #9277, #1825 ),
 .UNSPECIFIED., .F., .F. ) 
 B_SPLINE_CURVE_WITH_KNOTS ( ( 4, 4 ),
 ( 3.797643036909780347E-15, 1.126157883263463999 ),
 .UNSPECIFIED. ) 
 CURVE ( )  GEOMETRIC_REPRESENTATION_ITEM ( )  RATIONAL_B_SPLINE_CURVE ( ( 1.000000000000000000, 0.8970770709083970562, 0.8970770709083970562, 1.000000000000000000 ) ) 
 REPRESENTATION_ITEM ( '' )  );
#9937 = CIRCLE ( 'NONE', #5035, 1.000000000000000888 ) ;
#9938 = FACE_OUTER_BOUND ( 'NONE', #8979, .T. ) ;
#9939 = CYLINDRICAL_SURFACE ( 'NONE', #1452, 0.9999999999999866773 ) ;
#9940 = CARTESIAN_POINT ( 'NONE',  ( 138.8933350577826502, -144.6422299044262161, 105.9879951180135009 ) ) ;
#9941 = LINE ( 'NONE', #1634, #1123 ) ;
#9942 = FACE_OUTER_BOUND ( 'NONE', #5154, .T. ) ;
#9943 = CARTESIAN_POINT ( 'NONE',  ( 157.1171131927750082, -154.0297640746490231, 103.7997837512839965 ) ) ;
#9944 = ORIENTED_EDGE ( 'NONE', *, *, #6176, .T. ) ;
#9945 = VERTEX_POINT ( 'NONE', #7633 ) ;
#9946 = CARTESIAN_POINT ( 'NONE',  ( 161.6669467408600269, -154.0297640746490231, 83.34999974667989875 ) ) ;
#9947 = AXIS2_PLACEMENT_3D ( 'NONE', #6990, #3279, #7054 ) ;
#9948 = AXIS2_PLACEMENT_3D ( 'NONE', #7784, #7724, #2117 ) ;
#9949 = CARTESIAN_POINT ( 'NONE',  ( 165.2171133453902883, -134.0920877878089925, 56.00640280175950636 ) ) ;
#9950 = ORIENTED_EDGE ( 'NONE', *, *, #9856, .T. ) ;
#9951 = ADVANCED_FACE ( 'NONE', ( #5542 ), #11208, .T. ) ;
#9952 = ADVANCED_FACE ( 'NONE', ( #2760 ), #11267, .F. ) ;
#9953 = CARTESIAN_POINT ( 'NONE',  ( 161.7257617206424811, -121.9337593674883209, 62.52536300299465921 ) ) ;
#9954 = LINE ( 'NONE', #7257, #451 ) ;
#9955 = DIRECTION ( 'NONE',  ( 1.166032394594869733E-16, -1.000000000000000000, -5.981053954589910371E-15 ) ) ;
#9956 = VECTOR ( 'NONE', #11029, 1000.000000000000000 ) ;
#9957 = CARTESIAN_POINT ( 'NONE',  ( 132.2171133453900040, -148.3795071393270177, 61.45398638249999834 ) ) ;
#9958 = DIRECTION ( 'NONE',  ( -0.7071067811865490160, -0.7071067811865461294, 1.802302207019979885E-09 ) ) ;
#9959 = ORIENTED_EDGE ( 'NONE', *, *, #2949, .F. ) ;
#9960 = CARTESIAN_POINT ( 'NONE',  ( 165.3236018428179932, -114.8297640215111954, 60.17765112427590424 ) ) ;
#9961 = ORIENTED_EDGE ( 'NONE', *, *, #9989, .F. ) ;
#9962 = VERTEX_POINT ( 'NONE', #4801 ) ;
#9963 = ORIENTED_EDGE ( 'NONE', *, *, #4427, .F. ) ;
#9964 = EDGE_CURVE ( 'NONE', #3836, #5734, #6769, .T. ) ;
#9965 = AXIS2_PLACEMENT_3D ( 'NONE', #5731, #9423, #8559 ) ;
#9966 = CARTESIAN_POINT ( 'NONE',  ( 124.9671133602909947, -114.4297640215114029, 62.75000000000000000 ) ) ;
#9967 = DIRECTION ( 'NONE',  ( -2.449293572821440166E-16, 6.573933234426810631E-15, -1.000000000000000000 ) ) ;
#9968 = DIRECTION ( 'NONE',  ( -7.166576360129189239E-17, 0.000000000000000000, 1.000000000000000000 ) ) ;
#9969 = CARTESIAN_POINT ( 'NONE',  ( 132.6106248479624128, -117.4297640215114029, 60.27765112427590566 ) ) ;
#9970 = DIRECTION ( 'NONE',  ( -7.166575230788227164E-17, 4.340136074837018322E-07, 0.9999999999999057421 ) ) ;
#9971 = VECTOR ( 'NONE', #10742, 1000.000000000000000 ) ;
#9972 = VECTOR ( 'NONE', #9692, 1000.000000000000000 ) ;
#9973 = VERTEX_POINT ( 'NONE', #1841 ) ;
#9974 = CARTESIAN_POINT ( 'NONE',  ( 138.9385092535989941, -144.6047504812530065, 109.3670249572529940 ) ) ;
#9975 = DIRECTION ( 'NONE',  ( -1.504056274950594933E-15, -1.000000000000000000, -1.504056274950594933E-15 ) ) ;
#9976 = ORIENTED_EDGE ( 'NONE', *, *, #10976, .T. ) ;
#9977 = DIRECTION ( 'NONE',  ( 0.7058246979869428062, 0.000000000000000000, 0.7083865439939137643 ) ) ;
#9978 = VERTEX_POINT ( 'NONE', #1039 ) ;
#9979 = ORIENTED_EDGE ( 'NONE', *, *, #3784, .F. ) ;
#9980 = CYLINDRICAL_SURFACE ( 'NONE', #176, 4.999999999999998224 ) ;
#9981 = VECTOR ( 'NONE', #8700, 1000.000000000000000 ) ;
#9982 = VECTOR ( 'NONE', #7955, 1000.000000000000000 ) ;
#9983 = ORIENTED_EDGE ( 'NONE', *, *, #2349, .F. ) ;
#9984 = DIRECTION ( 'NONE',  ( 7.166576360129189239E-17, -1.526556658859589750E-16, -1.000000000000000000 ) ) ;
#9985 = DIRECTION ( 'NONE',  ( 0.000000000000000000, 1.000000000000000000, -1.526556658859589750E-16 ) ) ;
#9986 = CARTESIAN_POINT ( 'NONE',  ( 163.4876018428244890, -148.9298859776444033, 50.25265112427409520 ) ) ;
#9987 = EDGE_CURVE ( 'NONE', #6567, #6386, #2023, .T. ) ;
#9988 = DIRECTION ( 'NONE',  ( 5.075305257095799993E-15, -1.000000000000000000, -6.661338147750940820E-15 ) ) ;
#9989 = EDGE_CURVE ( 'NONE', #4142, #6713, #6711, .T. ) ;
#9990 = LINE ( 'NONE', #7044, #5361 ) ;
#9991 = VECTOR ( 'NONE', #1206, 1000.000000000000000 ) ;
#9992 = ORIENTED_EDGE ( 'NONE', *, *, #10087, .T. ) ;
#9993 = AXIS2_PLACEMENT_3D ( 'NONE', #3922, #979, #7687 ) ;
#9994 = ORIENTED_EDGE ( 'NONE', *, *, #1222, .T. ) ;
#9995 = DIRECTION ( 'NONE',  ( -1.000000000000000000, 0.000000000000000000, 8.774688080854920268E-15 ) ) ;
#9996 = ORIENTED_EDGE ( 'NONE', *, *, #8509, .F. ) ;
#9997 = CARTESIAN_POINT ( 'NONE',  ( 124.0543469377704042, -114.4297640215114029, 57.75000000000000000 ) ) ;
#9998 = CARTESIAN_POINT ( 'NONE',  ( 138.8097112023463922, -140.7226572403253897, 106.0714326993276018 ) ) ;
#9999 = LINE ( 'NONE', #1745, #137 ) ;
#10000 = B_SPLINE_CURVE_WITH_KNOTS ( 'NONE', 3,
 ( #5759, #4721, #12108, #11115, #11243, #960 ),
 .UNSPECIFIED., .F., .F.,
 ( 4, 2, 4 ),
 ( 0.000000000000000000, 0.5000000000000000000, 1.000000000000000000 ),
 .UNSPECIFIED. ) ;
#10001 = FACE_OUTER_BOUND ( 'NONE', #7770, .T. ) ;
#10002 = VECTOR ( 'NONE', #2429, 1000.000000000000000 ) ;
#10003 = CARTESIAN_POINT ( 'NONE',  ( 173.2171134944015023, -139.6937481978253857, 57.08879711976310034 ) ) ;
#10004 = CARTESIAN_POINT ( 'NONE',  ( 132.9671133453900040, -153.4287171616819876, 66.55091634279270352 ) ) ;
#10005 = EDGE_CURVE ( 'NONE', #9667, #9238, #179, .T. ) ;
#10006 = CYLINDRICAL_SURFACE ( 'NONE', #2978, 14.00026402016930049 ) ;
#10007 = CARTESIAN_POINT ( 'NONE',  ( 138.8097112023463922, -140.7226572403253897, 106.0714326993276018 ) ) ;
#10008 = LINE ( 'NONE', #5393, #9228 ) ;
#10009 = DIRECTION ( 'NONE',  ( 0.8191520442889946851, 0.5735764363510417185, 3.063276079361639030E-15 ) ) ;
#10010 = ADVANCED_FACE ( 'NONE', ( #6596 ), #2, .T. ) ;
#10011 = ORIENTED_EDGE ( 'NONE', *, *, #1447, .F. ) ;
#10012 = VERTEX_POINT ( 'NONE', #11439 ) ;
#10013 = AXIS2_PLACEMENT_3D ( 'NONE', #10407, #929, #10464 ) ;
#10014 = CARTESIAN_POINT ( 'NONE',  ( 162.9242201265759888, -141.1368708558350136, 68.81249981955798489 ) ) ;
#10015 = CARTESIAN_POINT ( 'NONE',  ( 131.2171133453900040, -153.4297640746490003, 102.7500000000329976 ) ) ;
#10016 = VERTEX_POINT ( 'NONE', #5604 ) ;
#10017 =( BOUNDED_CURVE ( )  B_SPLINE_CURVE ( 3, ( #11860, #9949, #3001, #1457 ),
 .UNSPECIFIED., .F., .F. ) 
 B_SPLINE_CURVE_WITH_KNOTS ( ( 4, 4 ),
 ( 1.942890292266870154E-15, 1.126157883263469994 ),
 .UNSPECIFIED. ) 
 CURVE ( )  GEOMETRIC_REPRESENTATION_ITEM ( )  RATIONAL_B_SPLINE_CURVE ( ( 1.000000000000000000, 0.8970770709083960570, 0.8970770709083960570, 1.000000000000000000 ) ) 
 REPRESENTATION_ITEM ( '' )  );
#10018 = CARTESIAN_POINT ( 'NONE',  ( 163.2171133453900040, -119.4297640746489861, 98.70216526821819514 ) ) ;
#10019 = DIRECTION ( 'NONE',  ( 7.166576360129189239E-17, -1.526556658859589750E-16, -1.000000000000000000 ) ) ;
#10020 = FACE_OUTER_BOUND ( 'NONE', #4702, .T. ) ;
#10021 = CIRCLE ( 'NONE', #10803, 1.000000000000000888 ) ;
#10022 = CARTESIAN_POINT ( 'NONE',  ( 166.7171133155879943, -114.4297640215112040, 59.25000000000000000 ) ) ;
#10023 = DIRECTION ( 'NONE',  ( -1.000000000000000000, 5.947210316806860462E-15, 0.000000000000000000 ) ) ;
#10024 = EDGE_CURVE ( 'NONE', #10795, #3695, #2900, .T. ) ;
#10025 = LINE ( 'NONE', #6215, #8818 ) ;
#10026 = DIRECTION ( 'NONE',  ( -1.000000000000000000, -1.214306505109929978E-16, 1.654360732067990138E-24 ) ) ;
#10027 = ADVANCED_FACE ( 'NONE', ( #1905 ), #8376, .F. ) ;
#10028 = ORIENTED_EDGE ( 'NONE', *, *, #6772, .F. ) ;
#10029 = ORIENTED_EDGE ( 'NONE', *, *, #3467, .T. ) ;
#10030 = EDGE_CURVE ( 'NONE', #6217, #8619, #5277, .T. ) ;
#10031 = ORIENTED_EDGE ( 'NONE', *, *, #11167, .T. ) ;
#10032 = VECTOR ( 'NONE', #5274, 1000.000000000000000 ) ;
#10033 = CYLINDRICAL_SURFACE ( 'NONE', #9678, 12.00000000000000000 ) ;
#10034 = CARTESIAN_POINT ( 'NONE',  ( 134.2171133453900040, -138.0155505122760076, 67.99999991151649681 ) ) ;
#10035 = FACE_OUTER_BOUND ( 'NONE', #9864, .T. ) ;
#10036 = CARTESIAN_POINT ( 'NONE',  ( 163.2653855499295616, -149.5724500696290704, 50.89228828393679294 ) ) ;
#10037 = EDGE_CURVE ( 'NONE', #11720, #4033, #1336, .T. ) ;
#10038 = ORIENTED_EDGE ( 'NONE', *, *, #3174, .T. ) ;
#10039 = CARTESIAN_POINT ( 'NONE',  ( 139.1025983215369877, -145.0438718335330179, 105.3678209961860119 ) ) ;
#10040 = VERTEX_POINT ( 'NONE', #3808 ) ;
#10041 = SPHERICAL_SURFACE ( 'NONE', #1272, 1.000000000000000000 ) ;
#10042 = ORIENTED_EDGE ( 'NONE', *, *, #2193, .T. ) ;
#10043 = ORIENTED_EDGE ( 'NONE', *, *, #4252, .F. ) ;
#10044 = DIRECTION ( 'NONE',  ( 1.000000000000000000, 9.644381700046828834E-17, 7.166576360129189239E-17 ) ) ;
#10045 = ORIENTED_EDGE ( 'NONE', *, *, #1531, .F. ) ;
#10046 = CARTESIAN_POINT ( 'NONE',  ( 120.7172744890874156, -135.1967472432701811, 64.75000000000000000 ) ) ;
#10047 = CARTESIAN_POINT ( 'NONE',  ( 162.6374111171329844, -140.2809429988070065, 67.13158768437979518 ) ) ;
#10048 = DIRECTION ( 'NONE',  ( 2.334670139474400226E-15, -2.327875578288740190E-16, -1.000000000000000000 ) ) ;
#10049 = CARTESIAN_POINT ( 'NONE',  ( 132.2171133453897482, -140.6724047617682345, 65.99999991151646839 ) ) ;
#10050 = CARTESIAN_POINT ( 'NONE',  ( 132.9671133453900040, -140.4797640480800283, 66.55091634279260404 ) ) ;
#10051 = EDGE_LOOP ( 'NONE', ( #5331, #6117, #2056, #5140, #1908 ) ) ;
#10052 = VECTOR ( 'NONE', #5399, 1000.000000000000000 ) ;
#10053 = LINE ( 'NONE', #9128, #10903 ) ;
#10054 = ORIENTED_EDGE ( 'NONE', *, *, #7028, .T. ) ;
#10055 = CARTESIAN_POINT ( 'NONE',  ( 132.2171133453900040, -140.4297640215119998, 96.26432591814179318 ) ) ;
#10056 = DIRECTION ( 'NONE',  ( 5.075305257095799993E-15, -1.000000000000000000, -6.661338147750940820E-15 ) ) ;
#10057 = EDGE_CURVE ( 'NONE', #10965, #11707, #7576, .T. ) ;
#10058 = CIRCLE ( 'NONE', #4753, 24.75049366970480236 ) ;
#10059 = PLANE ( 'NONE',  #3272 ) ;
#10060 = DIRECTION ( 'NONE',  ( 0.7083865439939137643, 0.000000000000000000, -0.7058246979869428062 ) ) ;
#10061 = CARTESIAN_POINT ( 'NONE',  ( 134.8860815986990076, -141.0994079359610112, 110.4199048807069943 ) ) ;
#10062 = CARTESIAN_POINT ( 'NONE',  ( 165.3236018428179932, -117.4297640215112040, 60.17765112427590424 ) ) ;
#10063 = CARTESIAN_POINT ( 'NONE',  ( 132.2474879634529827, -120.4297680637884156, 51.11866876023850637 ) ) ;
#10064 = DIRECTION ( 'NONE',  ( -0.7071067814549162334, 0.000000000000000000, 0.7071067809181789121 ) ) ;
#10065 = AXIS2_PLACEMENT_3D ( 'NONE', #5091, #1390, #8842 ) ;
#10066 = CARTESIAN_POINT ( 'NONE',  ( 135.6693161213918870, -140.4297640215119998, 105.4547668847849593 ) ) ;
#10067 = CARTESIAN_POINT ( 'NONE',  ( 162.8094094721379861, -148.4297640746490003, 105.4997837512840135 ) ) ;
#10068 = VERTEX_POINT ( 'NONE', #11504 ) ;
#10069 = VERTEX_POINT ( 'NONE', #2146 ) ;
#10070 = DIRECTION ( 'NONE',  ( 0.7071067811865829889, -0.7071067811865120456, 0.000000000000000000 ) ) ;
#10071 = FACE_OUTER_BOUND ( 'NONE', #4997, .T. ) ;
#10072 = ORIENTED_EDGE ( 'NONE', *, *, #1637, .T. ) ;
#10073 = EDGE_CURVE ( 'NONE', #10873, #3988, #9006, .T. ) ;
#10074 = ADVANCED_FACE ( 'NONE', ( #4177 ), #4238, .T. ) ;
#10075 = AXIS2_PLACEMENT_3D ( 'NONE', #10113, #2776, #16 ) ;
#10076 = DIRECTION ( 'NONE',  ( 8.821935677471621045E-15, 5.048319222053880719E-16, 1.000000000000000000 ) ) ;
#10077 = DIRECTION ( 'NONE',  ( 0.7071067819528303877, 0.000000000000000000, 0.7071067804202646467 ) ) ;
#10078 = LINE ( 'NONE', #8172, #7728 ) ;
#10079 = CARTESIAN_POINT ( 'NONE',  ( 132.2171133453900040, -119.4297640746489861, 102.7500000000329976 ) ) ;
#10080 = CARTESIAN_POINT ( 'NONE',  ( 132.2171133453900040, -154.4297640746490003, 58.25000000000000000 ) ) ;
#10081 = FACE_OUTER_BOUND ( 'NONE', #9663, .T. ) ;
#10082 = CARTESIAN_POINT ( 'NONE',  ( 158.7171133453899756, -138.8513369720210164, 93.86432591814070747 ) ) ;
#10083 = AXIS2_PLACEMENT_3D ( 'NONE', #11229, #4821, #11289 ) ;
#10084 = VERTEX_POINT ( 'NONE', #5165 ) ;
#10085 = ORIENTED_EDGE ( 'NONE', *, *, #3256, .F. ) ;
#10086 = ORIENTED_EDGE ( 'NONE', *, *, #8585, .T. ) ;
#10087 = EDGE_CURVE ( 'NONE', #9285, #3011, #11690, .T. ) ;
#10088 = SURFACE_SIDE_STYLE ('',( #2513 ) ) ;
#10089 = DIRECTION ( 'NONE',  ( -2.602085213964869829E-17, -1.000000000000000000, 1.526556658859589750E-16 ) ) ;
#10090 = EDGE_CURVE ( 'NONE', #10886, #12030, #485, .T. ) ;
#10091 = LINE ( 'NONE', #8186, #323 ) ;
#10092 = AXIS2_PLACEMENT_3D ( 'NONE', #6151, #5343, #601 ) ;
#10093 = CARTESIAN_POINT ( 'NONE',  ( 132.3771133453899722, -140.4797640480800283, 67.14091634279260745 ) ) ;
#10094 = EDGE_CURVE ( 'NONE', #1972, #6927, #11205, .T. ) ;
#10095 = CARTESIAN_POINT ( 'NONE',  ( 134.2171133453900040, -138.0155505122760076, 67.99999991151649681 ) ) ;
#10096 = APPLICATION_PROTOCOL_DEFINITION ( 'draft international standard', 'automotive_design', 1998, #2541 ) ;
#10097 = ORIENTED_EDGE ( 'NONE', *, *, #9162, .T. ) ;
#10098 = CARTESIAN_POINT ( 'NONE',  ( 163.2171133453900040, -141.8439776370219931, 68.81249981955798489 ) ) ;
#10099 = ORIENTED_EDGE ( 'NONE', *, *, #3589, .F. ) ;
#10100 = DIRECTION ( 'NONE',  ( -1.000000000000000000, 2.602085213964869829E-17, -7.166576360129189239E-17 ) ) ;
#10101 = ORIENTED_EDGE ( 'NONE', *, *, #10094, .F. ) ;
#10102 = VECTOR ( 'NONE', #950, 1000.000000000000000 ) ;
#10103 = EDGE_LOOP ( 'NONE', ( #6204, #10101, #3289, #1018, #5846, #4548 ) ) ;
#10104 = CARTESIAN_POINT ( 'NONE',  ( 163.2171132912669975, -142.4297640746490003, 81.50005036615961274 ) ) ;
#10105 = ADVANCED_FACE ( 'NONE', ( #11628 ), #1348, .F. ) ;
#10106 = ORIENTED_EDGE ( 'NONE', *, *, #4365, .T. ) ;
#10107 = EDGE_CURVE ( 'NONE', #11940, #2509, #11569, .T. ) ;
#10108 = DIRECTION ( 'NONE',  ( 7.166576360129189239E-17, -1.526556658859589750E-16, -1.000000000000000000 ) ) ;
#10109 = CARTESIAN_POINT ( 'NONE',  ( 163.2171162725820182, -141.6950125527820035, 67.73428136996520266 ) ) ;
#10110 = DIRECTION ( 'NONE',  ( 1.000000000000000000, 0.000000000000000000, 0.000000000000000000 ) ) ;
#10111 = AXIS2_PLACEMENT_3D ( 'NONE', #10637, #360, #4045 ) ;
#10112 = CARTESIAN_POINT ( 'NONE',  ( 165.2171133453900040, -120.4297640215243916, 57.98985306244389903 ) ) ;
#10113 = CARTESIAN_POINT ( 'NONE',  ( 131.2171133554479923, -142.4297640746490003, 76.25002519137619572 ) ) ;
#10114 = EDGE_LOOP ( 'NONE', ( #8705, #11272, #9992, #1411, #5441, #1783, #1280, #7083, #2325, #9001, #1381, #4622 ) ) ;
#10115 = CARTESIAN_POINT ( 'NONE',  ( 163.9242200464769894, -119.4297640746489861, 71.70710663693481024 ) ) ;
#10116 = ORIENTED_EDGE ( 'NONE', *, *, #146, .F. ) ;
#10117 = CARTESIAN_POINT ( 'NONE',  ( 163.2171133453904872, -154.4297640215109766, 62.74960223581890517 ) ) ;
#10118 = CARTESIAN_POINT ( 'NONE',  ( 139.9671133453900040, -119.4297640746489861, 99.26432591814190687 ) ) ;
#10119 = EDGE_CURVE ( 'NONE', #1811, #8347, #1161, .T. ) ;
#10120 = DIRECTION ( 'NONE',  ( 0.000000000000000000, 0.000000000000000000, 1.000000000000000000 ) ) ;
#10121 = DIRECTION ( 'NONE',  ( 1.000000000000000000, 0.000000000000000000, 0.000000000000000000 ) ) ;
#10122 = CARTESIAN_POINT ( 'NONE',  ( 124.1161575500394036, -117.4297640215114029, 62.75000000000000000 ) ) ;
#10123 = LINE ( 'NONE', #6561, #2623 ) ;
#10124 = AXIS2_PLACEMENT_3D ( 'NONE', #6111, #6234, #9977 ) ;
#10125 = DIRECTION ( 'NONE',  ( 0.7071067811866240671, -0.7071067811864709673, 7.202359833232989270E-17 ) ) ;
#10126 = CARTESIAN_POINT ( 'NONE',  ( 173.2171134944015023, -139.6937481978255846, 58.25000000000000000 ) ) ;
#10127 = CARTESIAN_POINT ( 'NONE',  ( 161.2171133453899756, -138.0155505122760076, 68.99999991151629786 ) ) ;
#10128 = DIRECTION ( 'NONE',  ( -1.000000000000000000, 3.480590576041360211E-15, -7.166576360129239776E-17 ) ) ;
#10129 = VERTEX_POINT ( 'NONE', #10762 ) ;
#10130 = ORIENTED_EDGE ( 'NONE', *, *, #11249, .T. ) ;
#10131 = CARTESIAN_POINT ( 'NONE',  ( 139.9671133340039830, -152.9297640746490003, 59.54999999999999716 ) ) ;
#10132 = DIRECTION ( 'NONE',  ( 1.214306495755059738E-16, -1.000000000000000000, -6.573933234426810631E-15 ) ) ;
#10133 = ORIENTED_EDGE ( 'NONE', *, *, #11606, .T. ) ;
#10134 = CARTESIAN_POINT ( 'NONE',  ( 133.2171133453900040, -141.8439776370219931, 89.41609849487390704 ) ) ;
#10135 = CARTESIAN_POINT ( 'NONE',  ( 158.7171133453899756, -139.4397639861740288, 93.86432591814070747 ) ) ;
#10136 = DIRECTION ( 'NONE',  ( 7.166576360129189239E-17, -1.526556658859589750E-16, -1.000000000000000000 ) ) ;
#10137 = CARTESIAN_POINT ( 'NONE',  ( 168.6298797530100160, -114.8297640215111954, 57.75000000000000000 ) ) ;
#10138 = CARTESIAN_POINT ( 'NONE',  ( 165.2171133453904872, -134.8245525410657990, 57.98985306244379956 ) ) ;
#10139 = CARTESIAN_POINT ( 'NONE',  ( 132.9483157182782804, -139.8219451290341340, 69.92493054483097126 ) ) ;
#10140 = EDGE_CURVE ( 'NONE', #15, #8619, #6096, .T. ) ;
#10141 = VECTOR ( 'NONE', #11607, 1000.000000000000000 ) ;
#10142 = CIRCLE ( 'NONE', #10531, 1.450000000000006839 ) ;
#10143 = LINE ( 'NONE', #6283, #1344 ) ;
#10144 = ORIENTED_EDGE ( 'NONE', *, *, #3083, .T. ) ;
#10145 = EDGE_LOOP ( 'NONE', ( #7184, #2338, #7432, #5994 ) ) ;
#10146 = ORIENTED_EDGE ( 'NONE', *, *, #7096, .T. ) ;
#10147 = SURFACE_SIDE_STYLE ('',( #6347 ) ) ;
#10148 = VECTOR ( 'NONE', #7582, 1000.000000000000000 ) ;
#10149 = FACE_OUTER_BOUND ( 'NONE', #11987, .T. ) ;
#10150 = PLANE ( 'NONE',  #11260 ) ;
#10151 = CARTESIAN_POINT ( 'NONE',  ( 162.2171133453900040, -136.4297640746490288, 65.99999991151629786 ) ) ;
#10152 =( NAMED_UNIT ( * ) SI_UNIT ( $, .STERADIAN. ) SOLID_ANGLE_UNIT ( ) );
#10153 = EDGE_CURVE ( 'NONE', #11197, #5924, #3058, .T. ) ;
#10154 = VERTEX_POINT ( 'NONE', #2326 ) ;
#10155 = DIRECTION ( 'NONE',  ( -0.8191520442889919096, 0.5735764363510458264, 2.861211755468670037E-15 ) ) ;
#10156 = ORIENTED_EDGE ( 'NONE', *, *, #3450, .F. ) ;
#10157 = VECTOR ( 'NONE', #9301, 1000.000000000000000 ) ;
#10158 = CARTESIAN_POINT ( 'NONE',  ( 132.8268364872670020, -140.4297640215119998, 114.2143259181419950 ) ) ;
#10159 = EDGE_CURVE ( 'NONE', #10828, #9416, #7810, .T. ) ;
#10160 = VERTEX_POINT ( 'NONE', #10580 ) ;
#10161 = EDGE_LOOP ( 'NONE', ( #3061, #10373, #2404, #7141 ) ) ;
#10162 = DIRECTION ( 'NONE',  ( 0.000000000000000000, 6.573933234426810631E-15, -1.000000000000000000 ) ) ;
#10163 = ORIENTED_EDGE ( 'NONE', *, *, #6112, .F. ) ;
#10164 = LINE ( 'NONE', #9121, #9956 ) ;
#10165 = CIRCLE ( 'NONE', #7223, 0.9999999999999964473 ) ;
#10166 = LINE ( 'NONE', #4569, #10839 ) ;
#10167 = VECTOR ( 'NONE', #11409, 1000.000000000000000 ) ;
#10168 = DIRECTION ( 'NONE',  ( -0.7071067811865631159, 0.7071067811865320296, 1.731912100307730094E-16 ) ) ;
#10169 = CARTESIAN_POINT ( 'NONE',  ( 162.3316214668390387, -139.3606292424780975, 69.98878817454480838 ) ) ;
#10170 = CARTESIAN_POINT ( 'NONE',  ( 138.7892202435220099, -144.5523119641324001, 110.6585198368747882 ) ) ;
#10171 = EDGE_CURVE ( 'NONE', #3631, #9011, #2203, .T. ) ;
#10172 = ORIENTED_EDGE ( 'NONE', *, *, #11574, .F. ) ;
#10173 = CARTESIAN_POINT ( 'NONE',  ( 134.5595047504050115, -140.5613489760789889, 107.3643611944959986 ) ) ;
#10174 = EDGE_CURVE ( 'NONE', #2995, #9509, #5339, .T. ) ;
#10175 = AXIS2_PLACEMENT_3D ( 'NONE', #3042, #346, #11670 ) ;
#10176 = EDGE_LOOP ( 'NONE', ( #2360, #10326, #2461, #4473, #6820, #637, #8834, #2476 ) ) ;
#10177 = CARTESIAN_POINT ( 'NONE',  ( 133.7504351258774022, -121.8923281946690054, 62.50428302271338055 ) ) ;
#10178 = AXIS2_PLACEMENT_3D ( 'NONE', #7895, #2166, #9674 ) ;
#10179 = EDGE_CURVE ( 'NONE', #2444, #2668, #7871, .T. ) ;
#10180 = CARTESIAN_POINT ( 'NONE',  ( 138.8092842277201555, -140.7230842149517969, 106.0718596739538242 ) ) ;
#10181 = DIRECTION ( 'NONE',  ( 1.000000000000000000, 0.000000000000000000, 0.000000000000000000 ) ) ;
#10182 = CARTESIAN_POINT ( 'NONE',  ( 162.4789115064674263, -139.0155505122760076, 69.99999991151631207 ) ) ;
#10183 = CARTESIAN_POINT ( 'NONE',  ( 161.2171133453899756, -138.0155505122760076, 67.99999991151629786 ) ) ;
#10184 = CIRCLE ( 'NONE', #4682, 1.000000000000010880 ) ;
#10185 = CARTESIAN_POINT ( 'NONE',  ( 163.2171133453904872, -154.4297640215109766, 62.75000000000000000 ) ) ;
#10186 = VECTOR ( 'NONE', #9894, 1000.000000000000000 ) ;
#10187 = LINE ( 'NONE', #889, #434 ) ;
#10188 = ADVANCED_FACE ( 'NONE', ( #10699 ), #6027, .T. ) ;
#10189 = CARTESIAN_POINT ( 'NONE',  ( 134.6192200968930024, -141.5476572346709929, 93.86432591814070747 ) ) ;
#10190 = ORIENTED_EDGE ( 'NONE', *, *, #11152, .T. ) ;
#10191 = DIRECTION ( 'NONE',  ( 0.4397326120323102328, 0.1821432117215494584, 0.8794652240646019248 ) ) ;
#10192 = DIRECTION ( 'NONE',  ( -3.683226109728400325E-15, -1.000000000000000000, 0.000000000000000000 ) ) ;
#10193 = VERTEX_POINT ( 'NONE', #3305 ) ;
#10194 = VERTEX_POINT ( 'NONE', #236 ) ;
#10195 = LINE ( 'NONE', #5579, #6014 ) ;
#10196 = CYLINDRICAL_SURFACE ( 'NONE', #2575, 11.54238125198780729 ) ;
#10197 = ORIENTED_EDGE ( 'NONE', *, *, #8316, .T. ) ;
#10198 = DIRECTION ( 'NONE',  ( 0.000000000000000000, -1.000000000000000000, 1.526556658859589750E-16 ) ) ;
#10199 = DIRECTION ( 'NONE',  ( -4.795077212951289722E-24, 1.000000000000000000, 6.217248937900871104E-15 ) ) ;
#10200 = CARTESIAN_POINT ( 'NONE',  ( 162.4718841081800065, -153.4297640746490003, 66.47410798651029040 ) ) ;
#10201 = DIRECTION ( 'NONE',  ( 1.000000000000000000, 4.795077207320080361E-24, -9.183549615799120136E-41 ) ) ;
#10202 = DIRECTION ( 'NONE',  ( -0.9999934369450366178, 2.546761119514528688E-17, -0.003622991423284898337 ) ) ;
#10203 = CARTESIAN_POINT ( 'NONE',  ( 139.0769737309300069, -140.4297640215119998, 112.4405461112039859 ) ) ;
#10204 = CIRCLE ( 'NONE', #9220, 1.000000000000003553 ) ;
#10205 = VECTOR ( 'NONE', #5428, 1000.000000000000000 ) ;
#10206 = DIRECTION ( 'NONE',  ( -2.602085213964869829E-17, -1.000000000000000000, 1.526556658859589750E-16 ) ) ;
#10207 = EDGE_LOOP ( 'NONE', ( #12122, #10688, #11474 ) ) ;
#10208 = ORIENTED_EDGE ( 'NONE', *, *, #7539, .F. ) ;
#10209 = VERTEX_POINT ( 'NONE', #9652 ) ;
#10210 =( LENGTH_UNIT ( ) NAMED_UNIT ( * ) SI_UNIT ( .MILLI., .METRE. ) );
#10211 = ADVANCED_FACE ( 'NONE', ( #1221 ), #1468, .T. ) ;
#10212 = VECTOR ( 'NONE', #9263, 1000.000000000000000 ) ;
#10213 = CARTESIAN_POINT ( 'NONE',  ( 163.2171133453899756, -141.7130779431224425, 67.99999991151636891 ) ) ;
#10214 = CARTESIAN_POINT ( 'NONE',  ( 132.2171133453900040, -143.9497639792939765, 96.56356145895560417 ) ) ;
#10215 = FACE_OUTER_BOUND ( 'NONE', #9888, .T. ) ;
#10216 = ORIENTED_EDGE ( 'NONE', *, *, #1494, .T. ) ;
#10217 = LINE ( 'NONE', #3210, #5666 ) ;
#10218 = ORIENTED_EDGE ( 'NONE', *, *, #4190, .F. ) ;
#10219 = ORIENTED_EDGE ( 'NONE', *, *, #7457, .T. ) ;
#10220 = FACE_OUTER_BOUND ( 'NONE', #8737, .T. ) ;
#10221 = EDGE_LOOP ( 'NONE', ( #3261, #5316, #9235, #6966 ) ) ;
#10222 = ORIENTED_EDGE ( 'NONE', *, *, #6054, .T. ) ;
#10223 = CARTESIAN_POINT ( 'NONE',  ( 133.5171131927750139, -148.4297640746490003, 102.0997837512840078 ) ) ;
#10224 = EDGE_CURVE ( 'NONE', #12183, #1013, #8232, .T. ) ;
#10225 = ORIENTED_EDGE ( 'NONE', *, *, #9865, .T. ) ;
#10226 = DIRECTION ( 'NONE',  ( 1.666513209668965069E-24, -1.000000000000000000, -6.217248937900871104E-15 ) ) ;
#10227 = CARTESIAN_POINT ( 'NONE',  ( 162.9242201265764720, -136.1368708558355820, 70.29289313032980147 ) ) ;
#10228 = LINE ( 'NONE', #4570, #5463 ) ;
#10229 = EDGE_CURVE ( 'NONE', #4612, #7247, #10826, .T. ) ;
#10230 = CARTESIAN_POINT ( 'NONE',  ( 132.2171133453900040, -153.4297640746490003, 95.20718002819110382 ) ) ;
#10231 = CARTESIAN_POINT ( 'NONE',  ( 132.5100065642029961, -141.1368708558350136, 67.99999991151649681 ) ) ;
#10232 = VERTEX_POINT ( 'NONE', #11067 ) ;
#10233 = CARTESIAN_POINT ( 'NONE',  ( 134.1484283603950018, -140.4297640215119998, 105.3643375137029921 ) ) ;
#10234 = ORIENTED_EDGE ( 'NONE', *, *, #17, .F. ) ;
#10235 = CLOSED_SHELL ( 'NONE', ( #132, #8710, #10105, #11390, #1651, #3479, #1787, #10240, #1536, #6885, #1427, #11060, #3052, #12156, #2157, #7164, #9355, #7621, #9951, #257, #10211, #6433, #6036, #3298, #4606, #4097, #8741, #1140, #665, #11916, #5557, #914, #1963, #2343, #1605, #3793, #6107, #10597, #4827, #5489, #9305, #1517, #3981, #1033, #9132, #850, #7767, #9036, #2564, #5556, #1799, #2838, #10923, #2922, #2258, #8658, #7008, #613 ) ) ;
#10236 = CARTESIAN_POINT ( 'NONE',  ( 161.2171133453899756, -138.9297640746490288, 69.99999991151639733 ) ) ;
#10237 = FACE_OUTER_BOUND ( 'NONE', #5309, .T. ) ;
#10238 = ADVANCED_FACE ( 'NONE', ( #6397 ), #8977, .T. ) ;
#10239 = DIRECTION ( 'NONE',  ( 7.166576360130759565E-17, 3.794803977225790103E-15, -1.000000000000000000 ) ) ;
#10240 = ADVANCED_FACE ( 'NONE', ( #2507 ), #6339, .F. ) ;
#10241 = LINE ( 'NONE', #3402, #4660 ) ;
#10242 = DIRECTION ( 'NONE',  ( 1.000000000000000000, 1.214306495755069846E-16, -2.449293572821430305E-16 ) ) ;
#10243 = EDGE_CURVE ( 'NONE', #10339, #5986, #10143, .T. ) ;
#10244 = DIRECTION ( 'NONE',  ( 0.000000000000000000, -1.000000000000000000, 1.526556658859589750E-16 ) ) ;
#10245 = AXIS2_PLACEMENT_3D ( 'NONE', #11604, #3459, #7236 ) ;
#10246 = ADVANCED_FACE ( 'NONE', ( #670, #8301, #10883, #4482 ), #1709, .T. ) ;
#10247 = CARTESIAN_POINT ( 'NONE',  ( 163.3171131927749968, -148.2297640746490117, 103.7997837512839965 ) ) ;
#10248 = CARTESIAN_POINT ( 'NONE',  ( 161.2171133453899756, -138.0155505122760076, 68.99999991151629786 ) ) ;
#10249 = VERTEX_POINT ( 'NONE', #10082 ) ;
#10250 = FACE_OUTER_BOUND ( 'NONE', #608, .T. ) ;
#10251 = DIRECTION ( 'NONE',  ( -0.9238795325112872936, 0.3826834323650886160, 0.000000000000000000 ) ) ;
#10252 = ORIENTED_EDGE ( 'NONE', *, *, #5134, .F. ) ;
#10253 = ORIENTED_EDGE ( 'NONE', *, *, #4762, .F. ) ;
#10254 = CARTESIAN_POINT ( 'NONE',  ( 162.8449171059519642, -114.4297640215112040, 57.77774199401589783 ) ) ;
#10255 = CARTESIAN_POINT ( 'NONE',  ( 162.8269449219380078, -117.4297640215112040, 57.67765335951249739 ) ) ;
#10256 = VERTEX_POINT ( 'NONE', #12060 ) ;
#10257 = EDGE_CURVE ( 'NONE', #1615, #3503, #3101, .T. ) ;
#10258 = CYLINDRICAL_SURFACE ( 'NONE', #1287, 1.450000000000006839 ) ;
#10259 = CARTESIAN_POINT ( 'NONE',  ( 165.2171133453900040, -120.4297640215243916, 57.98985306244389903 ) ) ;
#10260 = EDGE_CURVE ( 'NONE', #74, #3602, #11925, .T. ) ;
#10261 = CIRCLE ( 'NONE', #10065, 0.9999999999999866773 ) ;
#10262 = CARTESIAN_POINT ( 'NONE',  ( 132.2431406728797469, -141.5822297320248708, 68.99999991151651102 ) ) ;
#10263 = CARTESIAN_POINT ( 'NONE',  ( 163.1409749705900083, -141.4613015884661991, 68.99999991151629786 ) ) ;
#10264 = DIRECTION ( 'NONE',  ( 0.000000000000000000, -1.000000000000000000, -7.105427357601000281E-15 ) ) ;
#10265 = CARTESIAN_POINT ( 'NONE',  ( 132.8523438101085787, -140.1098478659861541, 69.86871848171207944 ) ) ;
#10266 = DIRECTION ( 'NONE',  ( 0.3826834323651126524, 0.9238795325112774126, -1.573741137406160658E-14 ) ) ;
#10267 = ORIENTED_EDGE ( 'NONE', *, *, #8441, .F. ) ;
#10268 = ORIENTED_EDGE ( 'NONE', *, *, #7192, .T. ) ;
#10269 = ORIENTED_EDGE ( 'NONE', *, *, #9081, .T. ) ;
#10270 = VECTOR ( 'NONE', #5377, 1000.000000000000000 ) ;
#10271 = EDGE_CURVE ( 'NONE', #1661, #7937, #10389, .T. ) ;
#10272 = DIRECTION ( 'NONE',  ( -1.000000000000000000, 0.000000000000000000, 0.000000000000000000 ) ) ;
#10273 = CARTESIAN_POINT ( 'NONE',  ( 164.2736018428180103, -120.9297640215111898, 60.27765112427590566 ) ) ;
#10274 = CARTESIAN_POINT ( 'NONE',  ( 160.2171131927750025, -154.2297640746490117, 103.7997837512839965 ) ) ;
#10275 = CARTESIAN_POINT ( 'NONE',  ( 162.6399132083545283, -153.3473760166015154, 66.96811501498449104 ) ) ;
#10276 = ORIENTED_EDGE ( 'NONE', *, *, #787, .T. ) ;
#10277 = CARTESIAN_POINT ( 'NONE',  ( 133.4132901639879947, -114.8297640215114086, 54.47436513418860216 ) ) ;
#10278 = ORIENTED_EDGE ( 'NONE', *, *, #4190, .T. ) ;
#10279 = ORIENTED_EDGE ( 'NONE', *, *, #12141, .T. ) ;
#10280 = LINE ( 'NONE', #10158, #7982 ) ;
#10281 = ORIENTED_EDGE ( 'NONE', *, *, #2721, .F. ) ;
#10282 = ORIENTED_EDGE ( 'NONE', *, *, #4551, .T. ) ;
#10283 = CYLINDRICAL_SURFACE ( 'NONE', #4505, 0.9999999999999866773 ) ;
#10284 = AXIS2_PLACEMENT_3D ( 'NONE', #8049, #662, #2503 ) ;
#10285 = CARTESIAN_POINT ( 'NONE',  ( 132.2171133453900040, -142.4297640746490003, 80.50005038256131229 ) ) ;
#10286 = DIRECTION ( 'NONE',  ( -3.973480495251319981E-15, -1.000000000000000000, 0.000000000000000000 ) ) ;
#10287 = FACE_OUTER_BOUND ( 'NONE', #10176, .T. ) ;
#10288 = VERTEX_POINT ( 'NONE', #7263 ) ;
#10289 = FACE_OUTER_BOUND ( 'NONE', #2998, .T. ) ;
#10290 = ADVANCED_FACE ( 'NONE', ( #2384 ), #8055, .T. ) ;
#10291 = VECTOR ( 'NONE', #3282, 1000.000000000000114 ) ;
#10292 = EDGE_CURVE ( 'NONE', #4406, #9607, #758, .T. ) ;
#10293 = ORIENTED_EDGE ( 'NONE', *, *, #8237, .F. ) ;
#10294 = DIRECTION ( 'NONE',  ( -1.000000000000000000, 2.602085213964869829E-17, -7.166576360129189239E-17 ) ) ;
#10295 = VERTEX_POINT ( 'NONE', #9156 ) ;
#10296 = DIRECTION ( 'NONE',  ( 3.752643576907700278E-15, 1.000000000000000000, -1.526556658859589750E-16 ) ) ;
#10297 = CARTESIAN_POINT ( 'NONE',  ( 133.4669467408600099, -154.2297640746490117, 83.34999974667989875 ) ) ;
#10298 = CARTESIAN_POINT ( 'NONE',  ( 124.4200899100262774, -148.1079977088891440, 54.22421091142751948 ) ) ;
#10299 = AXIS2_PLACEMENT_3D ( 'NONE', #1465, #12057, #10023 ) ;
#10300 = CARTESIAN_POINT ( 'NONE',  ( 133.2171133453900040, -136.4297640746490288, 69.99999991151649681 ) ) ;
#10301 = FACE_OUTER_BOUND ( 'NONE', #8499, .T. ) ;
#10302 = DIRECTION ( 'NONE',  ( -0.3198345585774040045, -0.2239505688958640384, -0.9206258728880131192 ) ) ;
#10303 = DIRECTION ( 'NONE',  ( 0.9513277913954432119, 2.242830061171862923E-15, -0.3081808451521089176 ) ) ;
#10304 = CARTESIAN_POINT ( 'NONE',  ( 165.2171133453904872, -144.0488782002692005, 58.25000000000000000 ) ) ;
#10305 = EDGE_CURVE ( 'NONE', #6868, #6301, #2907, .T. ) ;
#10306 = ORIENTED_EDGE ( 'NONE', *, *, #9344, .F. ) ;
#10307 = CARTESIAN_POINT ( 'NONE',  ( 162.8236018428179932, -120.9297640215111898, 57.67765112427589713 ) ) ;
#10308 = DIRECTION ( 'NONE',  ( 2.602085213964869829E-17, 1.000000000000000000, -1.526556658859589750E-16 ) ) ;
#10309 = VECTOR ( 'NONE', #6007, 1000.000000000000000 ) ;
#10310 = ORIENTED_EDGE ( 'NONE', *, *, #9162, .F. ) ;
#10311 = VERTEX_POINT ( 'NONE', #9960 ) ;
#10312 = LINE ( 'NONE', #6569, #11511 ) ;
#10313 = EDGE_CURVE ( 'NONE', #4087, #6474, #5160, .T. ) ;
#10314 = CARTESIAN_POINT ( 'NONE',  ( 132.5565354525720068, -153.4297640746491140, 66.83721180991184951 ) ) ;
#10315 = ORIENTED_EDGE ( 'NONE', *, *, #6231, .T. ) ;
#10316 = CARTESIAN_POINT ( 'NONE',  ( 120.2171133453899898, -149.4193518720470024, 62.24960223581899754 ) ) ;
#10317 = VECTOR ( 'NONE', #1565, 999.9999999999998863 ) ;
#10318 = CARTESIAN_POINT ( 'NONE',  ( 174.8171133453904815, -114.4297640215112040, 62.75000000000000000 ) ) ;
#10319 = DIRECTION ( 'NONE',  ( -9.644381700046989071E-17, 1.000000000000000000, -6.863727321580560227E-31 ) ) ;
#10320 = PLANE ( 'NONE',  #760 ) ;
#10321 = DIRECTION ( 'NONE',  ( 8.821935659673131464E-15, -5.631065177880979691E-09, 1.000000000000000000 ) ) ;
#10322 = LINE ( 'NONE', #1889, #145 ) ;
#10323 = CARTESIAN_POINT ( 'NONE',  ( 132.2171133453900040, -149.7113989081725833, 51.03123712248031296 ) ) ;
#10324 = EDGE_CURVE ( 'NONE', #10600, #7185, #2133, .T. ) ;
#10325 = ORIENTED_EDGE ( 'NONE', *, *, #11878, .F. ) ;
#10326 = ORIENTED_EDGE ( 'NONE', *, *, #5883, .T. ) ;
#10327 = PRESENTATION_LAYER_ASSIGNMENT (  '', '', ( #7393 ) ) ;
#10328 = EDGE_CURVE ( 'NONE', #393, #6713, #566, .T. ) ;
#10329 = VERTEX_POINT ( 'NONE', #1771 ) ;
#10330 = CARTESIAN_POINT ( 'NONE',  ( 161.2171130401599726, -140.4297640215119998, 117.6643259181400083 ) ) ;
#10331 = PLANE ( 'NONE',  #7022 ) ;
#10332 = FACE_OUTER_BOUND ( 'NONE', #9388, .T. ) ;
#10333 = VECTOR ( 'NONE', #8477, 1000.000000000000000 ) ;
#10334 = CONICAL_SURFACE ( 'NONE', #5427, 2.700000000000008171, 0.7853981633974702614 ) ;
#10335 = CYLINDRICAL_SURFACE ( 'NONE', #1337, 2.350000000000004974 ) ;
#10336 = VERTEX_POINT ( 'NONE', #4609 ) ;
#10337 = CARTESIAN_POINT ( 'NONE',  ( 161.2171133453899756, -119.4297640746489861, 68.99999991151629786 ) ) ;
#10338 = EDGE_CURVE ( 'NONE', #10154, #1740, #10586, .T. ) ;
#10339 = VERTEX_POINT ( 'NONE', #49 ) ;
#10340 = ORIENTED_EDGE ( 'NONE', *, *, #4377, .T. ) ;
#10341 = CARTESIAN_POINT ( 'NONE',  ( 165.3236018428175100, -114.8297640215111954, 62.75000000000000000 ) ) ;
#10342 = ORIENTED_EDGE ( 'NONE', *, *, #8159, .F. ) ;
#10343 = ORIENTED_EDGE ( 'NONE', *, *, #6447, .F. ) ;
#10344 = VECTOR ( 'NONE', #4508, 1000.000000000000000 ) ;
#10345 = VECTOR ( 'NONE', #11974, 1000.000000000000000 ) ;
#10346 = DIRECTION ( 'NONE',  ( -0.8944271909999103043, 0.000000000000000000, 0.4472135954999690299 ) ) ;
#10347 = LINE ( 'NONE', #12142, #10157 ) ;
#10348 = LINE ( 'NONE', #2032, #1610 ) ;
#10349 = CARTESIAN_POINT ( 'NONE',  ( 122.2171131963785911, -120.6723095570157938, 59.97769068304420159 ) ) ;
#10350 = DIRECTION ( 'NONE',  ( 0.7071067811865470176, 0.7071067811865480168, 4.475281559684950386E-15 ) ) ;
#10351 = CIRCLE ( 'NONE', #5835, 1.000000000000000888 ) ;
#10352 = ORIENTED_EDGE ( 'NONE', *, *, #3431, .T. ) ;
#10353 = DIRECTION ( 'NONE',  ( -2.481541851140569860E-24, 1.110221023373339908E-16, -1.000000000000000000 ) ) ;
#10354 = ORIENTED_EDGE ( 'NONE', *, *, #6270, .F. ) ;
#10355 = CARTESIAN_POINT ( 'NONE',  ( 154.6834021859320103, -140.4297640215119998, 104.4490822874270037 ) ) ;
#10356 = ORIENTED_EDGE ( 'NONE', *, *, #10620, .T. ) ;
#10357 = CARTESIAN_POINT ( 'NONE',  ( 134.0443146464219524, -121.5953362799476878, 62.32573954726343146 ) ) ;
#10358 = DIRECTION ( 'NONE',  ( -1.000000000000000000, 0.000000000000000000, 0.000000000000000000 ) ) ;
#10359 = AXIS2_PLACEMENT_3D ( 'NONE', #9255, #3526, #10120 ) ;
#10360 = DIRECTION ( 'NONE',  ( 0.5773502691895937566, 0.5773502691893187544, -0.5773502691899647932 ) ) ;
#10361 = VECTOR ( 'NONE', #10242, 1000.000000000000000 ) ;
#10362 = CARTESIAN_POINT ( 'NONE',  ( 160.2171133453899756, -119.4297640746489861, 99.26432591814190687 ) ) ;
#10363 = EDGE_CURVE ( 'NONE', #3438, #12006, #11374, .T. ) ;
#10364 = CARTESIAN_POINT ( 'NONE',  ( 154.6834021859320103, -140.4297640215119998, 112.4405461112039859 ) ) ;
#10365 = CARTESIAN_POINT ( 'NONE',  ( 130.2171132717400042, -148.4297639542180036, 57.98985306244370719 ) ) ;
#10366 = CARTESIAN_POINT ( 'NONE',  ( 138.3188148104420065, -144.2867134908119908, 106.3412257261460070 ) ) ;
#10367 = DIRECTION ( 'NONE',  ( 0.000000000000000000, 6.709576272139210460E-15, -1.000000000000000000 ) ) ;
#10368 = CIRCLE ( 'NONE', #5065, 0.9999999999999964473 ) ;
#10369 = EDGE_LOOP ( 'NONE', ( #7887, #7608, #3839, #2358 ) ) ;
#10370 = CIRCLE ( 'NONE', #8606, 2.750000000000002665 ) ;
#10371 = CARTESIAN_POINT ( 'NONE',  ( 154.6834021859320103, -140.4297640215119998, 99.69100161576849928 ) ) ;
#10372 = CARTESIAN_POINT ( 'NONE',  ( 161.3736018428179761, -114.4297640215112040, 60.27765112427590566 ) ) ;
#10373 = ORIENTED_EDGE ( 'NONE', *, *, #1000, .T. ) ;
#10374 = ORIENTED_EDGE ( 'NONE', *, *, #17, .T. ) ;
#10375 = DIRECTION ( 'NONE',  ( -1.000000000000000000, 0.000000000000000000, 0.000000000000000000 ) ) ;
#10376 = CARTESIAN_POINT ( 'NONE',  ( 132.2171133534549767, -119.4297640746489861, 81.50005035146759269 ) ) ;
#10377 = ORIENTED_EDGE ( 'NONE', *, *, #12128, .T. ) ;
#10378 = CARTESIAN_POINT ( 'NONE',  ( 138.3171131927749968, -154.0297640746490231, 103.7997837512839965 ) ) ;
#10379 = VECTOR ( 'NONE', #7778, 999.9999999999998863 ) ;
#10380 = EDGE_CURVE ( 'NONE', #7996, #5724, #9599, .T. ) ;
#10381 = AXIS2_PLACEMENT_3D ( 'NONE', #6351, #11882, #11138 ) ;
#10382 = CARTESIAN_POINT ( 'NONE',  ( 132.5100065642033940, -119.4297640746489861, 66.70710669270309268 ) ) ;
#10383 = CARTESIAN_POINT ( 'NONE',  ( 132.2171133453900040, -154.4297640215114882, 57.75000005960450267 ) ) ;
#10384 = PLANE ( 'NONE',  #11154 ) ;
#10385 = EDGE_CURVE ( 'NONE', #8735, #2705, #9282, .T. ) ;
#10386 = CARTESIAN_POINT ( 'NONE',  ( 174.2852309984259875, -150.3616463760650106, 108.6871770333523983 ) ) ;
#10387 = DIRECTION ( 'NONE',  ( -2.602085213964869829E-17, -1.000000000000000000, 1.526556658859589750E-16 ) ) ;
#10388 = LINE ( 'NONE', #8361, #3303 ) ;
#10389 = CIRCLE ( 'NONE', #7055, 1.000000000000006439 ) ;
#10390 = EDGE_LOOP ( 'NONE', ( #2931, #4933, #10340, #8012, #11494, #9779 ) ) ;
#10391 = VERTEX_POINT ( 'NONE', #4733 ) ;
#10392 = VECTOR ( 'NONE', #2681, 1000.000000000000000 ) ;
#10393 = EDGE_LOOP ( 'NONE', ( #8884, #9223, #11444, #7081 ) ) ;
#10394 = EDGE_CURVE ( 'NONE', #10068, #3026, #1776, .T. ) ;
#10395 = VECTOR ( 'NONE', #1636, 1000.000000000000000 ) ;
#10396 = CARTESIAN_POINT ( 'NONE',  ( 123.3815487399483999, -141.5651030275591609, 114.3304048840476099 ) ) ;
#10397 = DIRECTION ( 'NONE',  ( -1.490884257281830064E-31, 1.000000000000000000, -1.074295325687549966E-17 ) ) ;
#10398 = EDGE_CURVE ( 'NONE', #10515, #5136, #5712, .T. ) ;
#10400 = EDGE_CURVE ( 'NONE', #11142, #3026, #10388, .T. ) ;
#10399 = ORIENTED_EDGE ( 'NONE', *, *, #1666, .F. ) ;
#10401 = CARTESIAN_POINT ( 'NONE',  ( 131.2171133534549767, -136.4297640746490288, 81.50005035108789286 ) ) ;
#10402 = ORIENTED_EDGE ( 'NONE', *, *, #1391, .T. ) ;
#10403 = ORIENTED_EDGE ( 'NONE', *, *, #2570, .F. ) ;
#10404 = ORIENTED_EDGE ( 'NONE', *, *, #9408, .F. ) ;
#10405 = ORIENTED_EDGE ( 'NONE', *, *, #8215, .T. ) ;
#10406 = VECTOR ( 'NONE', #9852, 1000.000000000000000 ) ;
#10407 = CARTESIAN_POINT ( 'NONE',  ( 132.2171133453900040, -138.8513369720210164, 93.86432591814079274 ) ) ;
#10408 =( BOUNDED_CURVE ( )  B_SPLINE_CURVE ( 3, ( #6254, #6434, #10180, #9998 ),
 .UNSPECIFIED., .F., .F. ) 
 B_SPLINE_CURVE_WITH_KNOTS ( ( 4, 4 ),
 ( 2.354382990517709828, 2.356194490192344837 ),
 .UNSPECIFIED. ) 
 CURVE ( )  GEOMETRIC_REPRESENTATION_ITEM ( )  RATIONAL_B_SPLINE_CURVE ( ( 1.000000000000000000, 0.9999997265390959678, 0.9999997265390959678, 1.000000000000000000 ) ) 
 REPRESENTATION_ITEM ( '' )  );
#10409 = EDGE_CURVE ( 'NONE', #12005, #4783, #6522, .T. ) ;
#10410 = PLANE ( 'NONE',  #2093 ) ;
#10411 = CYLINDRICAL_SURFACE ( 'NONE', #1204, 0.9999999999999964473 ) ;
#10412 = CYLINDRICAL_SURFACE ( 'NONE', #9191, 0.9999999999999964473 ) ;
#10413 = EDGE_CURVE ( 'NONE', #9765, #9011, #11128, .T. ) ;
#10414 = MECHANICAL_DESIGN_GEOMETRIC_PRESENTATION_REPRESENTATION (  '', ( #4907 ), #12186 ) ;
#10415 = ORIENTED_EDGE ( 'NONE', *, *, #102, .T. ) ;
#10416 = CYLINDRICAL_SURFACE ( 'NONE', #6740, 1.000000000000015987 ) ;
#10417 = ORIENTED_EDGE ( 'NONE', *, *, #9690, .F. ) ;
#10418 = CARTESIAN_POINT ( 'NONE',  ( 123.2761899705246407, -149.0905776111097509, 54.24469429941090937 ) ) ;
#10419 = ORIENTED_EDGE ( 'NONE', *, *, #6317, .T. ) ;
#10420 = DIRECTION ( 'NONE',  ( -0.7071067811865500152, -0.7071067811865450192, 5.726850911312339975E-17 ) ) ;
#10421 = AXIS2_PLACEMENT_3D ( 'NONE', #1744, #642, #8151 ) ;
#10422 = CARTESIAN_POINT ( 'NONE',  ( 160.3238987826740072, -120.6206696585354479, 60.07849394778440910 ) ) ;
#10423 = EDGE_CURVE ( 'NONE', #9712, #6288, #12121, .T. ) ;
#10424 = LINE ( 'NONE', #4766, #2086 ) ;
#10425 = DIRECTION ( 'NONE',  ( 8.086545322250028744E-08, 0.000000000000000000, 0.9999999999999968914 ) ) ;
#10426 = PLANE ( 'NONE',  #9904 ) ;
#10427 = DIRECTION ( 'NONE',  ( -1.000000000000000000, 0.000000000000000000, 0.000000000000000000 ) ) ;
#10428 = CARTESIAN_POINT ( 'NONE',  ( 132.9671133453900040, -144.5297640215119941, 66.55091634279270352 ) ) ;
#10429 = ORIENTED_EDGE ( 'NONE', *, *, #6409, .F. ) ;
#10430 = PLANE ( 'NONE',  #4577 ) ;
#10431 = CYLINDRICAL_SURFACE ( 'NONE', #10985, 0.5899999999999971934 ) ;
#10432 = EDGE_LOOP ( 'NONE', ( #8859, #741, #4363, #11603 ) ) ;
#10433 = EDGE_LOOP ( 'NONE', ( #267, #10698, #7978, #7577 ) ) ;
#10434 = CARTESIAN_POINT ( 'NONE',  ( 120.6171133453899955, -114.4297640215114029, 62.24960223581919649 ) ) ;
#10435 = CARTESIAN_POINT ( 'NONE',  ( 133.2171133453900040, -153.4297640746490003, 67.14091634279360221 ) ) ;
#10436 = ORIENTED_EDGE ( 'NONE', *, *, #4155, .T. ) ;
#10437 = CARTESIAN_POINT ( 'NONE',  ( 125.4555982874533981, -147.3829269371353803, 53.38549640900530591 ) ) ;
#10438 = CARTESIAN_POINT ( 'NONE',  ( 162.2171133453900040, -135.4297640746490288, 80.50005035146730847 ) ) ;
#10439 = CARTESIAN_POINT ( 'NONE',  ( 132.3771133453899722, -144.9297640480799885, 66.54898615365620174 ) ) ;
#10440 = LINE ( 'NONE', #5588, #11299 ) ;
#10441 = CARTESIAN_POINT ( 'NONE',  ( 161.2171133453899756, -138.0155505122760076, 67.99999991151629786 ) ) ;
#10442 = CONICAL_SURFACE ( 'NONE', #8677, 9.499999999999998224, 0.7853981633974476129 ) ;
#10443 = CARTESIAN_POINT ( 'NONE',  ( 132.1194087798621979, -149.4297640215114029, 50.75000000000000000 ) ) ;
#10444 = EDGE_CURVE ( 'NONE', #3014, #9582, #8423, .T. ) ;
#10445 = EDGE_CURVE ( 'NONE', #8226, #1595, #6425, .T. ) ;
#10446 = VERTEX_POINT ( 'NONE', #2011 ) ;
#10447 = EDGE_LOOP ( 'NONE', ( #8253, #12137, #8468, #4115, #5577, #7873 ) ) ;
#10448 = ORIENTED_EDGE ( 'NONE', *, *, #9434, .F. ) ;
#10449 = B_SPLINE_CURVE_WITH_KNOTS ( 'NONE', 3,
 ( #10277, #1781, #8436, #8551 ),
 .UNSPECIFIED., .F., .F.,
 ( 4, 4 ),
 ( 0.000000000000000000, 0.05812481868912310057 ),
 .UNSPECIFIED. ) ;
#10450 = LINE ( 'NONE', #5902, #3047 ) ;
#10451 = AXIS2_PLACEMENT_3D ( 'NONE', #3103, #2923, #6004 ) ;
#10452 = LINE ( 'NONE', #356, #11265 ) ;
#10453 = CARTESIAN_POINT ( 'NONE',  ( 135.2171133453900040, -138.0155505122760076, 68.99999991151649681 ) ) ;
#10454 = PLANE ( 'NONE',  #9591 ) ;
#10455 = ORIENTED_EDGE ( 'NONE', *, *, #4360, .F. ) ;
#10456 = DIRECTION ( 'NONE',  ( -4.692345787041510278E-15, -1.000000000000000000, -6.998008323019100649E-15 ) ) ;
#10457 = VECTOR ( 'NONE', #10125, 1000.000000000000000 ) ;
#10458 = EDGE_CURVE ( 'NONE', #10828, #12018, #3613, .T. ) ;
#10459 = ORIENTED_EDGE ( 'NONE', *, *, #10851, .F. ) ;
#10460 = EDGE_LOOP ( 'NONE', ( #4628, #2568, #563, #9524 ) ) ;
#10461 = EDGE_LOOP ( 'NONE', ( #2555, #6597, #7098, #11839 ) ) ;
#10462 = ORIENTED_EDGE ( 'NONE', *, *, #2121, .F. ) ;
#10463 = EDGE_CURVE ( 'NONE', #3216, #2235, #9402, .T. ) ;
#10464 = DIRECTION ( 'NONE',  ( 0.000000000000000000, -1.000000000000000000, -7.827405568325590594E-14 ) ) ;
#10465 = EDGE_CURVE ( 'NONE', #4008, #3988, #8544, .T. ) ;
#10466 = DIRECTION ( 'NONE',  ( -1.177071316573370074E-14, -2.327875578288760404E-16, -1.000000000000000000 ) ) ;
#10467 = CIRCLE ( 'NONE', #53, 1.000000000000000888 ) ;
#10468 = AXIS2_PLACEMENT_3D ( 'NONE', #1812, #8406, #5754 ) ;
#10469 = CARTESIAN_POINT ( 'NONE',  ( 136.7963618311871414, -143.6068114026627711, 110.3643259181410059 ) ) ;
#10470 = LINE ( 'NONE', #8626, #3283 ) ;
#10471 = ORIENTED_EDGE ( 'NONE', *, *, #1737, .F. ) ;
#10472 = DIRECTION ( 'NONE',  ( 2.449293572821440166E-16, 2.396324645586549975E-30, 1.000000000000000000 ) ) ;
#10473 = ORIENTED_EDGE ( 'NONE', *, *, #2806, .T. ) ;
#10474 = LINE ( 'NONE', #2039, #2646 ) ;
#10475 = EDGE_CURVE ( 'NONE', #6045, #6127, #8485, .T. ) ;
#10476 = AXIS2_PLACEMENT_3D ( 'NONE', #723, #10019, #1524 ) ;
#10477 = ORIENTED_EDGE ( 'NONE', *, *, #2768, .T. ) ;
#10478 =( BOUNDED_CURVE ( )  B_SPLINE_CURVE ( 3, ( #991, #872, #1851, #5614 ),
 .UNSPECIFIED., .F., .F. ) 
 B_SPLINE_CURVE_WITH_KNOTS ( ( 4, 4 ),
 ( 5.969905095716939947, 6.257000744063979880 ),
 .UNSPECIFIED. ) 
 CURVE ( )  GEOMETRIC_REPRESENTATION_ITEM ( )  RATIONAL_B_SPLINE_CURVE ( ( 1.000000000000000000, 0.9931431272467329263, 0.9931431272467329263, 1.000000000000000000 ) ) 
 REPRESENTATION_ITEM ( '' )  );
#10479 = ADVANCED_FACE ( 'NONE', ( #107 ), #3857, .T. ) ;
#10480 = CARTESIAN_POINT ( 'NONE',  ( 161.9171131927750196, -148.0297640746490231, 102.0997837512840078 ) ) ;
#10481 = CARTESIAN_POINT ( 'NONE',  ( 160.4445636097503041, -120.8012448425873373, 59.50846352191415178 ) ) ;
#10482 = CARTESIAN_POINT ( 'NONE',  ( 133.5171131927750139, -148.0297640746490231, 103.7997837512839965 ) ) ;
#10483 = CARTESIAN_POINT ( 'NONE',  ( 159.6669467343539850, -152.8297640746490060, 72.24999974667979075 ) ) ;
#10484 = VECTOR ( 'NONE', #1645, 1000.000000000000000 ) ;
#10485 = DIRECTION ( 'NONE',  ( 0.000000000000000000, 1.000000000000000000, -1.526556658859589750E-16 ) ) ;
#10486 = LINE ( 'NONE', #2049, #5751 ) ;
#10487 = CARTESIAN_POINT ( 'NONE',  ( 135.2171131927750309, -148.0297640746490231, 103.7997837512839965 ) ) ;
#10488 = VERTEX_POINT ( 'NONE', #6818 ) ;
#10489 = LINE ( 'NONE', #4776, #11058 ) ;
#10490 = LINE ( 'NONE', #3213, #4502 ) ;
#10491 = EDGE_CURVE ( 'NONE', #10669, #591, #11186, .T. ) ;
#10492 = ORIENTED_EDGE ( 'NONE', *, *, #7804, .F. ) ;
#10493 = EDGE_LOOP ( 'NONE', ( #1467, #1284 ) ) ;
#10494 = CARTESIAN_POINT ( 'NONE',  ( 132.9140514547540306, -154.4297641857220071, 112.6643260315770050 ) ) ;
#10495 = DIRECTION ( 'NONE',  ( 1.000000000000000000, 0.000000000000000000, 0.000000000000000000 ) ) ;
#10496 = ORIENTED_EDGE ( 'NONE', *, *, #5525, .F. ) ;
#10497 = AXIS2_PLACEMENT_3D ( 'NONE', #9737, #10485, #86 ) ;
#10498 = DIRECTION ( 'NONE',  ( -2.449293589365029737E-16, 7.253542152952179738E-15, -1.000000000000000000 ) ) ;
#10499 = DIRECTION ( 'NONE',  ( -4.849173379634530258E-15, 1.000000000000000000, 6.881851277481381070E-15 ) ) ;
#10500 = CARTESIAN_POINT ( 'NONE',  ( 163.2171133453904872, -148.3795071393267904, 51.03123712248039823 ) ) ;
#10501 = CARTESIAN_POINT ( 'NONE',  ( 131.5100065725368097, -119.4297640746489861, 80.79294357001271010 ) ) ;
#10502 = AXIS2_PLACEMENT_3D ( 'NONE', #3360, #664, #8240 ) ;
#10503 = FACE_OUTER_BOUND ( 'NONE', #234, .T. ) ;
#10504 = DIRECTION ( 'NONE',  ( -3.795364715681070248E-10, 4.548321616152170030E-16, 1.000000000000000000 ) ) ;
#10505 = ORIENTED_EDGE ( 'NONE', *, *, #6793, .T. ) ;
#10506 = ORIENTED_EDGE ( 'NONE', *, *, #10057, .F. ) ;
#10507 = ORIENTED_EDGE ( 'NONE', *, *, #7844, .F. ) ;
#10508 = LINE ( 'NONE', #9464, #110 ) ;
#10509 = DIRECTION ( 'NONE',  ( -1.000000000000000000, 0.000000000000000000, 0.000000000000000000 ) ) ;
#10510 = EDGE_CURVE ( 'NONE', #3938, #2444, #1266, .T. ) ;
#10511 = DIRECTION ( 'NONE',  ( -7.166576360131349978E-17, 1.074295325692399920E-17, 1.000000000000000000 ) ) ;
#10512 = EDGE_CURVE ( 'NONE', #8332, #1998, #1553, .T. ) ;
#10513 = DIRECTION ( 'NONE',  ( 1.000000000000000000, 9.644381700046818973E-17, -4.666241877321180938E-16 ) ) ;
#10514 = AXIS2_PLACEMENT_3D ( 'NONE', #19, #1859, #12092 ) ;
#10515 = VERTEX_POINT ( 'NONE', #2070 ) ;
#10516 = CARTESIAN_POINT ( 'NONE',  ( 171.3180691407409881, -117.4297640215112040, 62.75000000000000000 ) ) ;
#10517 = ORIENTED_EDGE ( 'NONE', *, *, #8059, .T. ) ;
#10518 = VERTEX_POINT ( 'NONE', #4969 ) ;
#10519 = ORIENTED_EDGE ( 'NONE', *, *, #12007, .T. ) ;
#10520 = DIRECTION ( 'NONE',  ( -8.821935677471621045E-15, -1.526556658859589750E-16, -1.000000000000000000 ) ) ;
#10521 = CARTESIAN_POINT ( 'NONE',  ( 163.1469869776160238, -141.2594875125739975, 69.63439456774700886 ) ) ;
#10522 =( GEOMETRIC_REPRESENTATION_CONTEXT ( 3 ) GLOBAL_UNCERTAINTY_ASSIGNED_CONTEXT ( ( #8791 ) ) GLOBAL_UNIT_ASSIGNED_CONTEXT ( ( #11496, #4917, #1214 ) ) REPRESENTATION_CONTEXT ( 'NONE', 'WORKASPACE' ) );
#10523 = LINE ( 'NONE', #2335, #11542 ) ;
#10524 = CARTESIAN_POINT ( 'NONE',  ( 135.0144879047719826, -141.4296898152430231, 110.3643259236470016 ) ) ;
#10525 = EDGE_CURVE ( 'NONE', #6386, #7531, #7678, .T. ) ;
#10526 = CARTESIAN_POINT ( 'NONE',  ( 172.0526777491759560, -141.5651031800581450, 114.3304048858544206 ) ) ;
#10527 = VERTEX_POINT ( 'NONE', #2132 ) ;
#10528 = ADVANCED_FACE ( 'NONE', ( #6940 ), #8720, .T. ) ;
#10529 = CARTESIAN_POINT ( 'NONE',  ( 131.9466248479623971, -114.8297640215111954, 50.25265112427589997 ) ) ;
#10530 = VERTEX_POINT ( 'NONE', #5830 ) ;
#10531 = AXIS2_PLACEMENT_3D ( 'NONE', #656, #4407, #153 ) ;
#10532 = CARTESIAN_POINT ( 'NONE',  ( 135.6669467343540134, -153.4297640746490003, 70.44999974667979359 ) ) ;
#10533 = VERTEX_POINT ( 'NONE', #11673 ) ;
#10534 = FACE_OUTER_BOUND ( 'NONE', #8550, .T. ) ;
#10535 = PLANE ( 'NONE',  #7189 ) ;
#10536 = VERTEX_POINT ( 'NONE', #9579 ) ;
#10537 = CARTESIAN_POINT ( 'NONE',  ( 163.3148179109179807, -149.4297640215112040, 50.75000000000000000 ) ) ;
#10538 = AXIS2_PLACEMENT_3D ( 'NONE', #5868, #447, #10660 ) ;
#10539 = VECTOR ( 'NONE', #703, 1000.000000000000000 ) ;
#10540 = CARTESIAN_POINT ( 'NONE',  ( 169.2171133453904872, -154.6398243570239970, 62.75000000000000000 ) ) ;
#10541 = ADVANCED_FACE ( 'NONE', ( #4100 ), #4162, .T. ) ;
#10542 = DIRECTION ( 'NONE',  ( 2.449293589365029737E-16, -7.253542152952170271E-15, 1.000000000000000000 ) ) ;
#10543 = EDGE_CURVE ( 'NONE', #11393, #11872, #5895, .T. ) ;
#10544 = DIRECTION ( 'NONE',  ( -0.008142047127310449856, 5.981805089575196986E-15, -0.9999668529849259357 ) ) ;
#10545 = FACE_OUTER_BOUND ( 'NONE', #11417, .T. ) ;
#10546 = EDGE_LOOP ( 'NONE', ( #9594, #4130, #7417, #2656 ) ) ;
#10547 = EDGE_LOOP ( 'NONE', ( #380, #8271, #11758, #2554, #9627 ) ) ;
#10548 = EDGE_CURVE ( 'NONE', #2671, #10016, #4599, .T. ) ;
#10549 = CARTESIAN_POINT ( 'NONE',  ( 137.5268364872669906, -140.8297640215119770, 114.2143259181419950 ) ) ;
#10550 = ORIENTED_EDGE ( 'NONE', *, *, #7388, .F. ) ;
#10551 = DIRECTION ( 'NONE',  ( -0.8944271909999103043, 0.000000000000000000, -0.4472135954999690299 ) ) ;
#10552 = CIRCLE ( 'NONE', #5048, 3.500000000000003109 ) ;
#10553 = EDGE_LOOP ( 'NONE', ( #5169, #8343, #11212, #3942 ) ) ;
#10554 = DIRECTION ( 'NONE',  ( 2.708929954949970077E-15, -0.7071067811865431318, -0.7071067811865520136 ) ) ;
#10555 = VERTEX_POINT ( 'NONE', #11615 ) ;
#10556 = LINE ( 'NONE', #2061, #115 ) ;
#10557 = CARTESIAN_POINT ( 'NONE',  ( 132.2171133453900040, -136.4378403070739978, 99.26432591814179318 ) ) ;
#10558 = LINE ( 'NONE', #2126, #1116 ) ;
#10559 = EDGE_CURVE ( 'NONE', #1360, #7823, #3043, .T. ) ;
#10560 = AXIS2_PLACEMENT_3D ( 'NONE', #2185, #5949, #4098 ) ;
#10561 = FACE_OUTER_BOUND ( 'NONE', #8815, .T. ) ;
#10562 = VECTOR ( 'NONE', #5631, 1000.000000000000000 ) ;
#10563 = FACE_OUTER_BOUND ( 'NONE', #1225, .T. ) ;
#10564 = FACE_BOUND ( 'NONE', #5191, .T. ) ;
#10565 = CARTESIAN_POINT ( 'NONE',  ( 131.2171133605719717, -119.4297640746489861, 62.74999974667999680 ) ) ;
#10566 = ORIENTED_EDGE ( 'NONE', *, *, #10802, .F. ) ;
#10567 = EDGE_LOOP ( 'NONE', ( #2215, #2467, #1581, #256 ) ) ;
#10568 = CARTESIAN_POINT ( 'NONE',  ( 132.2171133453900040, -139.6473765617450056, 65.99928563167848949 ) ) ;
#10569 = ORIENTED_EDGE ( 'NONE', *, *, #68, .T. ) ;
#10570 = VECTOR ( 'NONE', #7793, 1000.000000000000000 ) ;
#10571 = AXIS2_PLACEMENT_3D ( 'NONE', #2351, #7836, #9736 ) ;
#10572 = DIRECTION ( 'NONE',  ( -1.000000000000000000, 2.602085213964869829E-17, -7.166576360129189239E-17 ) ) ;
#10573 = CARTESIAN_POINT ( 'NONE',  ( 125.4555982874533981, -138.1586012779320072, 53.38549640900540538 ) ) ;
#10574 = CARTESIAN_POINT ( 'NONE',  ( 132.2171133453900325, -141.7130779327951586, 67.99999991151651102 ) ) ;
#10575 = DIRECTION ( 'NONE',  ( -4.692345787041510278E-15, -1.000000000000000000, -6.998008323019100649E-15 ) ) ;
#10576 = DIRECTION ( 'NONE',  ( 0.000000000000000000, -1.000000000000000000, 1.526556658859589750E-16 ) ) ;
#10577 = AXIS2_PLACEMENT_3D ( 'NONE', #10337, #5783, #7691 ) ;
#10578 = VECTOR ( 'NONE', #4980, 1000.000000000000000 ) ;
#10579 = ORIENTED_EDGE ( 'NONE', *, *, #2346, .T. ) ;
#10580 = CARTESIAN_POINT ( 'NONE',  ( 120.2171133453899898, -140.4297640215119998, 103.7500000343879947 ) ) ;
#10581 = ORIENTED_EDGE ( 'NONE', *, *, #7028, .F. ) ;
#10582 = ORIENTED_EDGE ( 'NONE', *, *, #7333, .F. ) ;
#10583 = ORIENTED_EDGE ( 'NONE', *, *, #784, .T. ) ;
#10584 = ADVANCED_FACE ( 'NONE', ( #10626 ), #4091, .T. ) ;
#10585 = DIRECTION ( 'NONE',  ( -2.428612984199849992E-16, 1.000000000000000000, 6.217248937900871104E-15 ) ) ;
#10586 = CIRCLE ( 'NONE', #8031, 0.9999999999999958922 ) ;
#10587 = FACE_OUTER_BOUND ( 'NONE', #9069, .T. ) ;
#10588 = DIRECTION ( 'NONE',  ( -6.331740684495599567E-17, 1.000000000000000000, -6.331740670771968823E-17 ) ) ;
#10589 = CARTESIAN_POINT ( 'NONE',  ( 132.2171133453900040, -138.8513369720210164, 93.86432591814070747 ) ) ;
#10590 = EDGE_LOOP ( 'NONE', ( #1267, #6373, #6130, #877 ) ) ;
#10591 = CARTESIAN_POINT ( 'NONE',  ( 131.8036569683124242, -114.6271460340300052, 50.45854402104249914 ) ) ;
#10592 = VERTEX_POINT ( 'NONE', #7735 ) ;
#10593 = AXIS2_PLACEMENT_3D ( 'NONE', #7404, #1614, #10162 ) ;
#10594 = CARTESIAN_POINT ( 'NONE',  ( 122.9056427644091514, -149.1081920281289968, 54.67498683438151375 ) ) ;
#10595 = EDGE_CURVE ( 'NONE', #3273, #11570, #361, .T. ) ;
#10596 = ORIENTED_EDGE ( 'NONE', *, *, #6274, .F. ) ;
#10597 = ADVANCED_FACE ( 'NONE', ( #7920 ), #3229, .F. ) ;
#10598 = CARTESIAN_POINT ( 'NONE',  ( 132.8583091431789853, -139.4891249362130168, 70.03550555044358816 ) ) ;
#10599 = CYLINDRICAL_SURFACE ( 'NONE', #7927, 0.9999999999999852340 ) ;
#10600 = VERTEX_POINT ( 'NONE', #1451 ) ;
#10601 = CARTESIAN_POINT ( 'NONE',  ( 162.2171133453900040, -153.4297640746490003, 67.14091634280130449 ) ) ;
#10602 = AXIS2_PLACEMENT_3D ( 'NONE', #6322, #5268, #4343 ) ;
#10603 = PLANE ( 'NONE',  #6260 ) ;
#10604 = CARTESIAN_POINT ( 'NONE',  ( 161.5100065642035077, -126.9297640746490146, 81.20715713265379065 ) ) ;
#10605 = DIRECTION ( 'NONE',  ( 0.000000000000000000, 0.000000000000000000, -1.000000000000000000 ) ) ;
#10606 = CARTESIAN_POINT ( 'NONE',  ( 172.5197347761535127, -148.4297640215245906, 58.25000000000000000 ) ) ;
#10607 = VERTEX_POINT ( 'NONE', #9943 ) ;
#10608 = ORIENTED_EDGE ( 'NONE', *, *, #7322, .F. ) ;
#10609 = DIRECTION ( 'NONE',  ( 0.000000000000000000, -1.000000000000000000, -6.573933234426810631E-15 ) ) ;
#10610 = ORIENTED_EDGE ( 'NONE', *, *, #10631, .T. ) ;
#10611 = EDGE_CURVE ( 'NONE', #10607, #2052, #11968, .T. ) ;
#10612 = CARTESIAN_POINT ( 'NONE',  ( 132.7301978223943593, -140.4764396076640480, 67.27488967150006260 ) ) ;
#10613 = ORIENTED_EDGE ( 'NONE', *, *, #3160, .T. ) ;
#10614 = CARTESIAN_POINT ( 'NONE',  ( 132.5100065642030529, -141.1368708558350704, 69.12545468177334840 ) ) ;
#10615 = ORIENTED_EDGE ( 'NONE', *, *, #9913, .F. ) ;
#10616 = EDGE_CURVE ( 'NONE', #1959, #350, #2369, .T. ) ;
#10617 = ADVANCED_FACE ( 'NONE', ( #3348 ), #10929, .T. ) ;
#10618 = DIRECTION ( 'NONE',  ( 1.000000000000000000, 0.000000000000000000, 0.000000000000000000 ) ) ;
#10619 = CARTESIAN_POINT ( 'NONE',  ( 161.2171133453899756, -138.0155505122760076, 67.99999991151629786 ) ) ;
#10620 = EDGE_CURVE ( 'NONE', #10555, #1358, #8543, .T. ) ;
#10621 = CARTESIAN_POINT ( 'NONE',  ( 135.0148428017970161, -141.4296897726239877, 106.3643259126279901 ) ) ;
#10622 = CARTESIAN_POINT ( 'NONE',  ( 132.2171133453900040, -136.4297640746490288, 80.50005035146759269 ) ) ;
#10623 = CARTESIAN_POINT ( 'NONE',  ( 161.2171133453899756, -138.0155505122760076, 68.99999991151629786 ) ) ;
#10624 = PLANE ( 'NONE',  #10560 ) ;
#10625 = CARTESIAN_POINT ( 'NONE',  ( 127.7167507510765745, -120.9148551644310032, 57.20538172603340143 ) ) ;
#10626 = FACE_OUTER_BOUND ( 'NONE', #10390, .T. ) ;
#10627 = ORIENTED_EDGE ( 'NONE', *, *, #7559, .F. ) ;
#10628 = ORIENTED_EDGE ( 'NONE', *, *, #11726, .T. ) ;
#10629 = CARTESIAN_POINT ( 'NONE',  ( 130.2171130507902035, -148.4297640215245906, 51.31260299732910113 ) ) ;
#10630 = ORIENTED_EDGE ( 'NONE', *, *, #4844, .F. ) ;
#10631 = EDGE_CURVE ( 'NONE', #673, #4612, #2490, .T. ) ;
#10632 = EDGE_CURVE ( 'NONE', #12184, #5734, #8038, .T. ) ;
#10633 = CARTESIAN_POINT ( 'NONE',  ( 162.3029944091221068, -122.5152361518667163, 62.72240401869903792 ) ) ;
#10634 = FACE_OUTER_BOUND ( 'NONE', #7681, .T. ) ;
#10635 = DIRECTION ( 'NONE',  ( 8.821935677471621045E-15, 2.327875578288760404E-16, 1.000000000000000000 ) ) ;
#10636 = CARTESIAN_POINT ( 'NONE',  ( 132.3199637664142188, -152.9468280580464921, 98.59022442561544608 ) ) ;
#10637 = CARTESIAN_POINT ( 'NONE',  ( 131.2171133453900040, -153.4297640746490003, 102.7500000000329976 ) ) ;
#10638 = VECTOR ( 'NONE', #4396, 1000.000000000000000 ) ;
#10639 = EDGE_LOOP ( 'NONE', ( #8751, #10130, #10278, #5981 ) ) ;
#10640 = DIRECTION ( 'NONE',  ( 8.821935677471621045E-15, 5.048319222053880719E-16, 1.000000000000000000 ) ) ;
#10641 = EDGE_LOOP ( 'NONE', ( #6848, #9596 ) ) ;
#10642 = ORIENTED_EDGE ( 'NONE', *, *, #5128, .F. ) ;
#10643 = VERTEX_POINT ( 'NONE', #6265 ) ;
#10644 = EDGE_CURVE ( 'NONE', #8545, #5183, #4284, .T. ) ;
#10645 = CARTESIAN_POINT ( 'NONE',  ( 134.3849136435467244, -140.5330264121182040, 105.8074267042253354 ) ) ;
#10646 = CARTESIAN_POINT ( 'NONE',  ( 168.6298797530100160, -114.8297640215111954, 57.75000000000000000 ) ) ;
#10647 = FACE_OUTER_BOUND ( 'NONE', #8767, .T. ) ;
#10648 = DIRECTION ( 'NONE',  ( 7.166576360129189239E-17, -1.526556658859589750E-16, -1.000000000000000000 ) ) ;
#10649 = AXIS2_PLACEMENT_3D ( 'NONE', #8401, #2851, #10303 ) ;
#10650 = EDGE_LOOP ( 'NONE', ( #11071, #5514, #1482, #11478, #4911, #3813 ) ) ;
#10651 = CARTESIAN_POINT ( 'NONE',  ( 163.1087258513475149, -120.4297680637882024, 62.66078637172639532 ) ) ;
#10652 = ORIENTED_EDGE ( 'NONE', *, *, #10398, .T. ) ;
#10653 =( BOUNDED_CURVE ( )  B_SPLINE_CURVE ( 2, ( #4556, #10036, #7394 ),
 .UNSPECIFIED., .F., .F. ) 
 B_SPLINE_CURVE_WITH_KNOTS ( ( 3, 3 ),
 ( -2.076419184219270075, -2.003208984424249994 ),
 .UNSPECIFIED. ) 
 CURVE ( )  GEOMETRIC_REPRESENTATION_ITEM ( )  RATIONAL_B_SPLINE_CURVE ( ( 1.301111611164800008, 1.298632583217339986, 1.295954048034060113 ) ) 
 REPRESENTATION_ITEM ( '' )  );
#10654 = CARTESIAN_POINT ( 'NONE',  ( 126.8908107416238664, -148.9802559640886557, 51.47035830995924499 ) ) ;
#10655 = ORIENTED_EDGE ( 'NONE', *, *, #2026, .F. ) ;
#10656 = CARTESIAN_POINT ( 'NONE',  ( 132.4147945540659919, -139.5180862481649910, 70.26256449493351397 ) ) ;
#10657 = VECTOR ( 'NONE', #8513, 1000.000000000000000 ) ;
#10658 = DIRECTION ( 'NONE',  ( -0.9238795325112872936, -0.3826834323650886160, 1.387778780781466186E-14 ) ) ;
#10659 = ORIENTED_EDGE ( 'NONE', *, *, #9434, .T. ) ;
#10660 = DIRECTION ( 'NONE',  ( 1.000000000000000000, 0.000000000000000000, 0.000000000000000000 ) ) ;
#10661 = DIRECTION ( 'NONE',  ( -1.028189605211130024E-14, 1.526556658859589750E-16, 1.000000000000000000 ) ) ;
#10662 = EDGE_CURVE ( 'NONE', #10311, #8320, #7304, .T. ) ;
#10663 = CARTESIAN_POINT ( 'NONE',  ( 130.2171133453899756, -134.8245525410659980, 62.25000000000000000 ) ) ;
#10664 = EDGE_CURVE ( 'NONE', #3656, #6043, #11051, .T. ) ;
#10665 = DIRECTION ( 'NONE',  ( 0.000000000000000000, 1.000000000000000000, 0.000000000000000000 ) ) ;
#10666 = LINE ( 'NONE', #5809, #3699 ) ;
#10667 = AXIS2_PLACEMENT_3D ( 'NONE', #11930, #9091, #10077 ) ;
#10668 = EDGE_LOOP ( 'NONE', ( #5771, #3661, #5371, #7646, #10671, #3615, #8378 ) ) ;
#10669 = VERTEX_POINT ( 'NONE', #2609 ) ;
#10670 = DIRECTION ( 'NONE',  ( 0.000000000000000000, -1.526556658859589750E-16, -1.000000000000000000 ) ) ;
#10671 = ORIENTED_EDGE ( 'NONE', *, *, #11576, .F. ) ;
#10672 = CARTESIAN_POINT ( 'NONE',  ( 133.1555486915659685, -139.2002444737482563, 66.99999991151652523 ) ) ;
#10673 = ORIENTED_EDGE ( 'NONE', *, *, #388, .T. ) ;
#10674 = LINE ( 'NONE', #5258, #616 ) ;
#10675 = VERTEX_POINT ( 'NONE', #4344 ) ;
#10676 = VECTOR ( 'NONE', #6518, 1000.000000000000000 ) ;
#10677 = DIRECTION ( 'NONE',  ( -0.4999999999999754086, -0.5000000000000032196, 0.7071067811865627828 ) ) ;
#10678 = LINE ( 'NONE', #2242, #7814 ) ;
#10679 = CARTESIAN_POINT ( 'NONE',  ( 163.2171133453900040, -147.2275103831470062, 93.86432591814029536 ) ) ;
#10680 = EDGE_CURVE ( 'NONE', #8784, #5920, #6383, .T. ) ;
#10681 = CARTESIAN_POINT ( 'NONE',  ( 139.0722501612106328, -145.0222082872122371, 105.6107563695919396 ) ) ;
#10682 = DIRECTION ( 'NONE',  ( -0.6679462968491048924, 0.7071067811865749952, -0.2320511679038241015 ) ) ;
#10683 = CARTESIAN_POINT ( 'NONE',  ( 162.9242201265764720, -136.1368708558355820, 70.29289313032980147 ) ) ;
#10684 = CARTESIAN_POINT ( 'NONE',  ( 160.2171133453899756, -140.9397640047999971, 86.55664895877600884 ) ) ;
#10685 = EDGE_CURVE ( 'NONE', #11207, #6359, #9080, .T. ) ;
#10686 = VECTOR ( 'NONE', #8777, 1000.000000000000114 ) ;
#10687 = ORIENTED_EDGE ( 'NONE', *, *, #11576, .T. ) ;
#10688 = ORIENTED_EDGE ( 'NONE', *, *, #4572, .T. ) ;
#10689 = DIRECTION ( 'NONE',  ( 0.000000000000000000, -1.526556658859589750E-16, -1.000000000000000000 ) ) ;
#10690 = ORIENTED_EDGE ( 'NONE', *, *, #331, .T. ) ;
#10691 = CARTESIAN_POINT ( 'NONE',  ( 144.7398171248910046, -156.2555293443139988, 117.6643259181420120 ) ) ;
#10692 = CARTESIAN_POINT ( 'NONE',  ( 135.2171133453900040, -138.0155505122760076, 67.99999991151649681 ) ) ;
#10693 = VECTOR ( 'NONE', #7163, 1000.000000000000000 ) ;
#10694 = DIRECTION ( 'NONE',  ( 4.777459570806679680E-17, -1.000000000000000000, 1.242902181604709870E-16 ) ) ;
#10695 = DIRECTION ( 'NONE',  ( -0.3118089932630119243, 0.3118084451452189376, 0.8975247323926109910 ) ) ;
#10696 = LINE ( 'NONE', #7015, #11095 ) ;
#10697 = EDGE_CURVE ( 'NONE', #9742, #3656, #9410, .T. ) ;
#10698 = ORIENTED_EDGE ( 'NONE', *, *, #1510, .T. ) ;
#10699 = FACE_OUTER_BOUND ( 'NONE', #1109, .T. ) ;
#10700 = EDGE_CURVE ( 'NONE', #2839, #1818, #4839, .T. ) ;
#10701 = ORIENTED_EDGE ( 'NONE', *, *, #9518, .F. ) ;
#10702 = ORIENTED_EDGE ( 'NONE', *, *, #9275, .T. ) ;
#10703 = EDGE_CURVE ( 'NONE', #3885, #11631, #10992, .T. ) ;
#10704 = VERTEX_POINT ( 'NONE', #1695 ) ;
#10705 = VECTOR ( 'NONE', #10321, 1000.000000000000000 ) ;
#10706 = CARTESIAN_POINT ( 'NONE',  ( 133.9425134960249864, -140.4297640215119998, 105.3643259181410059 ) ) ;
#10707 = CARTESIAN_POINT ( 'NONE',  ( 134.2171133453900040, -119.4297640746489861, 66.99999991151649681 ) ) ;
#10708 = CONICAL_SURFACE ( 'NONE', #2253, 24.95049366970479809, 0.7853981633974469467 ) ;
#10709 = DIRECTION ( 'NONE',  ( 0.000000000000000000, 0.000000000000000000, 1.000000000000000000 ) ) ;
#10710 = ADVANCED_FACE ( 'NONE', ( #2552 ), #7061, .F. ) ;
#10711 = ORIENTED_EDGE ( 'NONE', *, *, #375, .F. ) ;
#10712 = LINE ( 'NONE', #4251, #8516 ) ;
#10713 = EDGE_LOOP ( 'NONE', ( #8966, #484, #1043, #3741 ) ) ;
#10714 = LINE ( 'NONE', #624, #6197 ) ;
#10715 = VERTEX_POINT ( 'NONE', #590 ) ;
#10716 = ORIENTED_EDGE ( 'NONE', *, *, #12065, .F. ) ;
#10717 = AXIS2_PLACEMENT_3D ( 'NONE', #11464, #3017, #11527 ) ;
#10718 = DIRECTION ( 'NONE',  ( 1.000000000000000000, 9.644381700046818973E-17, -4.666241877321180938E-16 ) ) ;
#10719 = ORIENTED_EDGE ( 'NONE', *, *, #4895, .F. ) ;
#10720 = CARTESIAN_POINT ( 'NONE',  ( 162.7616533469949331, -153.4297640746490003, 66.96689649118616217 ) ) ;
#10721 = DIRECTION ( 'NONE',  ( 0.000000000000000000, 1.000000000000000000, -1.526556658859589750E-16 ) ) ;
#10722 = CARTESIAN_POINT ( 'NONE',  ( 132.2171133453900040, -141.8439776370219931, 67.99999991151649681 ) ) ;
#10723 = AXIS2_PLACEMENT_3D ( 'NONE', #5644, #963, #6636 ) ;
#10724 =( BOUNDED_CURVE ( )  B_SPLINE_CURVE ( 2, ( #2869, #47, #3796 ),
 .UNSPECIFIED., .F., .F. ) 
 B_SPLINE_CURVE_WITH_KNOTS ( ( 3, 3 ),
 ( 11.35862437446940021, 12.74041508487450081 ),
 .UNSPECIFIED. ) 
 CURVE ( )  GEOMETRIC_REPRESENTATION_ITEM ( )  RATIONAL_B_SPLINE_CURVE ( ( 4.185684084654189618, 4.194718453426870219, 4.158805892647730040 ) ) 
 REPRESENTATION_ITEM ( '' )  );
#10725 = CARTESIAN_POINT ( 'NONE',  ( 161.2171133453899756, -138.0155505122760076, 67.99999991151629786 ) ) ;
#10726 = DIRECTION ( 'NONE',  ( 0.3826834323650791236, 0.9238795325112911794, -2.053912595556540783E-15 ) ) ;
#10727 = ORIENTED_EDGE ( 'NONE', *, *, #9964, .F. ) ;
#10728 = ORIENTED_EDGE ( 'NONE', *, *, #7407, .T. ) ;
#10729 = CARTESIAN_POINT ( 'NONE',  ( 163.2171133453900040, -152.7297640746490117, 59.35000000000000142 ) ) ;
#10730 = VERTEX_POINT ( 'NONE', #7183 ) ;
#10731 = FACE_OUTER_BOUND ( 'NONE', #8769, .T. ) ;
#10732 = VERTEX_POINT ( 'NONE', #10067 ) ;
#10733 = CARTESIAN_POINT ( 'NONE',  ( 132.5276117638599942, -141.0854348679041834, 69.25377890424547900 ) ) ;
#10734 = ORIENTED_EDGE ( 'NONE', *, *, #20, .F. ) ;
#10735 = ADVANCED_FACE ( 'NONE', ( #3838 ), #5697, .T. ) ;
#10736 = CIRCLE ( 'NONE', #7412, 25.15049366970479738 ) ;
#10737 = AXIS2_PLACEMENT_3D ( 'NONE', #6865, #1318, #8768 ) ;
#10738 = LINE ( 'NONE', #11790, #7197 ) ;
#10739 = LINE ( 'NONE', #2302, #5055 ) ;
#10740 = LINE ( 'NONE', #2304, #5583 ) ;
#10741 = FACE_OUTER_BOUND ( 'NONE', #7342, .T. ) ;
#10742 = DIRECTION ( 'NONE',  ( -1.000000000000000000, 3.973480495251319981E-15, 7.823253522622061261E-15 ) ) ;
#10743 = CIRCLE ( 'NONE', #5444, 25.15049366970479738 ) ;
#10744 = DIRECTION ( 'NONE',  ( 0.9999934369450366178, 0.000000000000000000, 0.003622991423289741685 ) ) ;
#10745 = CARTESIAN_POINT ( 'NONE',  ( 134.0871892461775872, -140.4385307314738327, 111.2178932168793892 ) ) ;
#10746 = EDGE_LOOP ( 'NONE', ( #11752, #3328, #10829, #10374, #11681, #4050, #11540, #4861, #672, #2035, #9327, #7520, #3335, #1, #7870, #11491, #9911, #4285, #7433, #5993, #7797, #10106, #1980, #11957, #287, #10218, #2447 ) ) ;
#10747 = ORIENTED_EDGE ( 'NONE', *, *, #5503, .F. ) ;
#10748 = SPHERICAL_SURFACE ( 'NONE', #9546, 1.000000000000000000 ) ;
#10749 = CARTESIAN_POINT ( 'NONE',  ( 132.6248169134119905, -148.4297640746490003, 105.4997837512840135 ) ) ;
#10750 = VERTEX_POINT ( 'NONE', #6446 ) ;
#10751 = EDGE_CURVE ( 'NONE', #9962, #10600, #11240, .T. ) ;
#10752 = CARTESIAN_POINT ( 'NONE',  ( 160.3234552958779773, -120.5857930034647438, 60.49232126305443558 ) ) ;
#10753 = AXIS2_PLACEMENT_3D ( 'NONE', #5323, #6435, #10181 ) ;
#10754 = VECTOR ( 'NONE', #1260, 1000.000000000000000 ) ;
#10755 = CARTESIAN_POINT ( 'NONE',  ( 137.6872469723192012, -122.4063861458673870, 62.75000000000000000 ) ) ;
#10756 = PRODUCT_DEFINITION_CONTEXT ( 'detailed design', #9463, 'design' ) ;
#10757 = EDGE_CURVE ( 'NONE', #11160, #4498, #2797, .T. ) ;
#10758 = FACE_OUTER_BOUND ( 'NONE', #363, .T. ) ;
#10759 = DIRECTION ( 'NONE',  ( -1.000000000000000000, 0.000000000000000000, 0.000000000000000000 ) ) ;
#10760 = CARTESIAN_POINT ( 'NONE',  ( 134.4606248479624355, -117.4297640215114029, 60.27765112427590566 ) ) ;
#10761 = ORIENTED_EDGE ( 'NONE', *, *, #9638, .F. ) ;
#10762 = CARTESIAN_POINT ( 'NONE',  ( 161.6669467408600269, -153.4297640746490003, 83.34999974667989875 ) ) ;
#10763 = VECTOR ( 'NONE', #2307, 1000.000000000000000 ) ;
#10764 = ORIENTED_EDGE ( 'NONE', *, *, #5651, .T. ) ;
#10765 = ORIENTED_EDGE ( 'NONE', *, *, #8512, .T. ) ;
#10766 = VECTOR ( 'NONE', #5794, 1000.000000000000000 ) ;
#10767 = VERTEX_POINT ( 'NONE', #1813 ) ;
#10768 = ADVANCED_FACE ( 'NONE', ( #1011 ), #1757, .T. ) ;
#10769 = CARTESIAN_POINT ( 'NONE',  ( 132.5893095848283849, -114.4297640215114029, 57.77774199401589783 ) ) ;
#10770 = EDGE_CURVE ( 'NONE', #6759, #11571, #778, .T. ) ;
#10771 = ADVANCED_FACE ( 'NONE', ( #5455 ), #3907, .F. ) ;
#10772 = CARTESIAN_POINT ( 'NONE',  ( 163.1867387273269969, -141.8947298340548002, 51.11866876023830031 ) ) ;
#10773 = VECTOR ( 'NONE', #10155, 1000.000000000000114 ) ;
#10774 = DIRECTION ( 'NONE',  ( 0.000000000000000000, -1.000000000000000000, 1.074295325692379890E-17 ) ) ;
#10775 = CIRCLE ( 'NONE', #3295, 2.349999999999990763 ) ;
#10776 = EDGE_CURVE ( 'NONE', #11361, #8921, #3658, .T. ) ;
#10777 = PLANE ( 'NONE',  #9778 ) ;
#10778 = ORIENTED_EDGE ( 'NONE', *, *, #1903, .T. ) ;
#10779 = CYLINDRICAL_SURFACE ( 'NONE', #1631, 0.9999999999999852340 ) ;
#10780 = ORIENTED_EDGE ( 'NONE', *, *, #1867, .F. ) ;
#10781 = CYLINDRICAL_SURFACE ( 'NONE', #6594, 4.999999999999998224 ) ;
#10782 = ORIENTED_EDGE ( 'NONE', *, *, #4276, .T. ) ;
#10783 = VECTOR ( 'NONE', #3739, 1000.000000000000227 ) ;
#10784 = ORIENTED_EDGE ( 'NONE', *, *, #11671, .F. ) ;
#10785 = VECTOR ( 'NONE', #12117, 1000.000000000000000 ) ;
#10786 = CARTESIAN_POINT ( 'NONE',  ( 137.7598281236740547, -144.1151450817504269, 106.3643259181410201 ) ) ;
#10787 = ADVANCED_FACE ( 'NONE', ( #7431 ), #5516, .F. ) ;
#10788 = ORIENTED_EDGE ( 'NONE', *, *, #8740, .F. ) ;
#10789 = EDGE_CURVE ( 'NONE', #1360, #10843, #3785, .T. ) ;
#10790 = DIRECTION ( 'NONE',  ( 8.421158622756780118E-19, 1.000000000000000000, -2.324350894152370169E-16 ) ) ;
#10791 = CARTESIAN_POINT ( 'NONE',  ( 163.2171133453900040, -154.4297640746490003, 58.25000000000000000 ) ) ;
#10792 = CARTESIAN_POINT ( 'NONE',  ( 125.4555982874535971, -121.2490518248649920, 53.38549640900549775 ) ) ;
#10793 = AXIS2_PLACEMENT_3D ( 'NONE', #6617, #3887, #9495 ) ;
#10794 = CARTESIAN_POINT ( 'NONE',  ( 169.9786284033270078, -137.4261365246752007, 53.38549640900540538 ) ) ;
#10795 = VERTEX_POINT ( 'NONE', #9386 ) ;
#10796 = VERTEX_POINT ( 'NONE', #956 ) ;
#10797 = LINE ( 'NONE', #10729, #10317 ) ;
#10798 = ORIENTED_EDGE ( 'NONE', *, *, #8358, .T. ) ;
#10799 = CARTESIAN_POINT ( 'NONE',  ( 136.9171131927749911, -148.0297640746490231, 103.7997837512839965 ) ) ;
#10800 = ORIENTED_EDGE ( 'NONE', *, *, #395, .F. ) ;
#10801 = FACE_OUTER_BOUND ( 'NONE', #7705, .T. ) ;
#10802 = EDGE_CURVE ( 'NONE', #11081, #6780, #4701, .T. ) ;
#10803 = AXIS2_PLACEMENT_3D ( 'NONE', #9079, #1512, #1694 ) ;
#10804 = PLANE ( 'NONE',  #5619 ) ;
#10805 = DIRECTION ( 'NONE',  ( -4.692345787041510278E-15, -1.000000000000000000, -6.998008323019100649E-15 ) ) ;
#10806 = CARTESIAN_POINT ( 'NONE',  ( 135.9671132267079940, -149.8297648895429859, 100.7500000000290044 ) ) ;
#10807 = LINE ( 'NONE', #6380, #9078 ) ;
#10808 = DIRECTION ( 'NONE',  ( -1.000000000000000000, 0.000000000000000000, 0.000000000000000000 ) ) ;
#10809 = CARTESIAN_POINT ( 'NONE',  ( 133.5171131927750139, -148.2297640746490117, 102.0997837512840078 ) ) ;
#10810 = DIRECTION ( 'NONE',  ( 2.602085213964869829E-17, 1.000000000000000000, -1.526556658859589750E-16 ) ) ;
#10811 = VERTEX_POINT ( 'NONE', #2737 ) ;
#10812 = ORIENTED_EDGE ( 'NONE', *, *, #7084, .F. ) ;
#10813 = LINE ( 'NONE', #5033, #2465 ) ;
#10814 = DIRECTION ( 'NONE',  ( 7.166576360129159657E-17, -2.327875578288750051E-16, -1.000000000000000000 ) ) ;
#10815 = ORIENTED_EDGE ( 'NONE', *, *, #4229, .T. ) ;
#10816 = AXIS2_PLACEMENT_3D ( 'NONE', #12095, #3586, #11975 ) ;
#10817 = CARTESIAN_POINT ( 'NONE',  ( 161.4028028154777132, -121.6081457349689856, 62.33435170090507427 ) ) ;
#10818 = CYLINDRICAL_SURFACE ( 'NONE', #9492, 0.9999999999999964473 ) ;
#10819 = DIRECTION ( 'NONE',  ( -0.7071067811865605623, 0.7071067811865345831, 9.547918011776444066E-15 ) ) ;
#10820 = DIRECTION ( 'NONE',  ( -0.7071067811865470176, 0.7071067811865480168, -1.586192039558949862E-16 ) ) ;
#10821 = CARTESIAN_POINT ( 'NONE',  ( 164.1583628191304172, -134.0832074414950625, 54.32916630688102089 ) ) ;
#10822 = EDGE_CURVE ( 'NONE', #9624, #1832, #3847, .T. ) ;
#10823 = FACE_BOUND ( 'NONE', #11921, .T. ) ;
#10824 = EDGE_CURVE ( 'NONE', #4008, #11280, #8824, .T. ) ;
#10825 = ORIENTED_EDGE ( 'NONE', *, *, #3675, .T. ) ;
#10826 = LINE ( 'NONE', #1530, #6072 ) ;
#10827 = EDGE_LOOP ( 'NONE', ( #6981, #11508, #1027, #7514, #11182, #8317, #1711 ) ) ;
#10828 = VERTEX_POINT ( 'NONE', #1941 ) ;
#10829 = ORIENTED_EDGE ( 'NONE', *, *, #4762, .T. ) ;
#10830 = SURFACE_STYLE_USAGE ( .BOTH. , #10088 ) ;
#10831 = CARTESIAN_POINT ( 'NONE',  ( 171.1522383235380005, -138.9803717909815930, 58.25000000000000000 ) ) ;
#10832 = CARTESIAN_POINT ( 'NONE',  ( 134.6924327872729350, -121.1776522315265368, 58.88362219580003654 ) ) ;
#10833 = AXIS2_PLACEMENT_3D ( 'NONE', #11364, #8534, #11303 ) ;
#10834 = CARTESIAN_POINT ( 'NONE',  ( 163.2171133453900040, -153.4297640746490003, 62.74999974667980496 ) ) ;
#10835 = ADVANCED_FACE ( 'NONE', ( #6687 ), #10431, .T. ) ;
#10836 = VERTEX_POINT ( 'NONE', #11111 ) ;
#10837 = DIRECTION ( 'NONE',  ( -7.166576360129189239E-17, 1.526556658859589750E-16, 1.000000000000000000 ) ) ;
#10838 = ORIENTED_EDGE ( 'NONE', *, *, #4603, .T. ) ;
#10839 = VECTOR ( 'NONE', #8326, 1000.000000000000000 ) ;
#10840 = DIRECTION ( 'NONE',  ( 3.921649879656600324E-15, 1.000000000000000000, 4.344894404274005274E-15 ) ) ;
#10841 = EDGE_CURVE ( 'NONE', #6476, #9826, #4295, .T. ) ;
#10842 = ORIENTED_EDGE ( 'NONE', *, *, #2107, .F. ) ;
#10843 = VERTEX_POINT ( 'NONE', #35 ) ;
#10844 = CARTESIAN_POINT ( 'NONE',  ( 132.2171133453900040, -141.6513018934749937, 69.89581016746400621 ) ) ;
#10845 = VERTEX_POINT ( 'NONE', #893 ) ;
#10846 = CARTESIAN_POINT ( 'NONE',  ( 138.0808703739280077, -144.2180896904359884, 110.3643259274530095 ) ) ;
#10847 = CIRCLE ( 'NONE', #3956, 11.59999999999999964 ) ;
#10848 = LINE ( 'NONE', #10791, #3687 ) ;
#10849 = CARTESIAN_POINT ( 'NONE',  ( 136.9171131927749911, -148.4297640746490003, 103.7997837512839965 ) ) ;
#10850 = CARTESIAN_POINT ( 'NONE',  ( 134.2171133453900040, -138.0155505122760076, 67.99999991151649681 ) ) ;
#10851 = EDGE_CURVE ( 'NONE', #3185, #3787, #5228, .T. ) ;
#10852 = ORIENTED_EDGE ( 'NONE', *, *, #8591, .F. ) ;
#10853 = EDGE_LOOP ( 'NONE', ( #12106, #2578, #5745, #18 ) ) ;
#10854 = PLANE ( 'NONE',  #288 ) ;
#10855 = EDGE_CURVE ( 'NONE', #4802, #11280, #10204, .T. ) ;
#10856 = VECTOR ( 'NONE', #6491, 1000.000000000000000 ) ;
#10857 = VERTEX_POINT ( 'NONE', #6744 ) ;
#10858 = LINE ( 'NONE', #2540, #5435 ) ;
#10859 = DIRECTION ( 'NONE',  ( -2.602085213964884620E-17, -1.000000000000000000, 1.526556658859309704E-16 ) ) ;
#10860 = CARTESIAN_POINT ( 'NONE',  ( 132.9242201265763867, -119.4297640746489861, 81.20715713265418856 ) ) ;
#10861 = DIRECTION ( 'NONE',  ( 0.000000000000000000, -1.000000000000000000, -7.105427357601000281E-15 ) ) ;
#10862 = VECTOR ( 'NONE', #2560, 1000.000000000000114 ) ;
#10863 = FACE_OUTER_BOUND ( 'NONE', #909, .T. ) ;
#10864 = CARTESIAN_POINT ( 'NONE',  ( 134.2171133453900040, -138.0155505122760076, 68.99999991151649681 ) ) ;
#10865 = EDGE_CURVE ( 'NONE', #11755, #993, #7361, .T. ) ;
#10866 = CARTESIAN_POINT ( 'NONE',  ( 175.2171132998449821, -153.4297640746490003, 100.7500000000290044 ) ) ;
#10867 = CARTESIAN_POINT ( 'NONE',  ( 162.4838881378031488, -153.4199215565553231, 66.69196498401396411 ) ) ;
#10868 = CARTESIAN_POINT ( 'NONE',  ( 162.7341773287872968, -135.9468280580465489, 70.10285033254066889 ) ) ;
#10869 = ORIENTED_EDGE ( 'NONE', *, *, #8113, .F. ) ;
#10870 = ORIENTED_EDGE ( 'NONE', *, *, #9556, .T. ) ;
#10871 = DIRECTION ( 'NONE',  ( 0.000000000000000000, 0.000000000000000000, 1.000000000000000000 ) ) ;
#10872 = CARTESIAN_POINT ( 'NONE',  ( 132.2171133453900040, -144.5297640215119941, 67.14091634279270693 ) ) ;
#10873 = VERTEX_POINT ( 'NONE', #2969 ) ;
#10874 = VECTOR ( 'NONE', #6639, 1000.000000000000000 ) ;
#10875 = DIRECTION ( 'NONE',  ( 1.654360732067990138E-24, 2.366582714832560085E-30, 1.000000000000000000 ) ) ;
#10876 = CARTESIAN_POINT ( 'NONE',  ( 143.4008046154339695, -141.4297640215119998, 111.3643259181410059 ) ) ;
#10877 = FACE_OUTER_BOUND ( 'NONE', #11394, .T. ) ;
#10878 = CARTESIAN_POINT ( 'NONE',  ( 132.2171133453900040, -134.4297640746490288, 81.50005035146759269 ) ) ;
#10879 = DIRECTION ( 'NONE',  ( 2.449293589365029737E-16, -7.253542152952179738E-15, 1.000000000000000000 ) ) ;
#10880 = VECTOR ( 'NONE', #8033, 1000.000000000000000 ) ;
#10881 = LINE ( 'NONE', #3302, #6041 ) ;
#10882 = ORIENTED_EDGE ( 'NONE', *, *, #6126, .T. ) ;
#10883 = FACE_BOUND ( 'NONE', #10641, .T. ) ;
#10884 = VERTEX_POINT ( 'NONE', #11599 ) ;
#10885 = ORIENTED_EDGE ( 'NONE', *, *, #7997, .F. ) ;
#10886 = VERTEX_POINT ( 'NONE', #11657 ) ;
#10887 = PRESENTATION_STYLE_ASSIGNMENT (( #10830 ) ) ;
#10888 = CIRCLE ( 'NONE', #9707, 1.000000000000000888 ) ;
#10889 = CARTESIAN_POINT ( 'NONE',  ( 161.4352161145990294, -121.9697438203973832, 58.19274094942350217 ) ) ;
#10890 = EDGE_CURVE ( 'NONE', #10530, #11269, #7262, .T. ) ;
#10891 = DIRECTION ( 'NONE',  ( 0.7071067811865520136, 3.390633300880749659E-24, 0.7071067811865431318 ) ) ;
#10892 = CARTESIAN_POINT ( 'NONE',  ( 162.4692427256910037, -153.4297640746490003, 66.49475237883689260 ) ) ;
#10893 = ORIENTED_EDGE ( 'NONE', *, *, #6070, .T. ) ;
#10894 = FACE_OUTER_BOUND ( 'NONE', #8057, .T. ) ;
#10895 = AXIS2_PLACEMENT_3D ( 'NONE', #7933, #5906, #9711 ) ;
#10896 = VERTEX_POINT ( 'NONE', #1190 ) ;
#10897 = CARTESIAN_POINT ( 'NONE',  ( 125.4555982874533981, -138.1586012779320072, 53.38549640900540538 ) ) ;
#10898 = ORIENTED_EDGE ( 'NONE', *, *, #7159, .F. ) ;
#10899 = ORIENTED_EDGE ( 'NONE', *, *, #10174, .F. ) ;
#10900 = DIRECTION ( 'NONE',  ( -0.9334193986512242525, 0.000000000000000000, 0.3587871600567484331 ) ) ;
#10901 = EDGE_CURVE ( 'NONE', #11269, #2739, #10490, .T. ) ;
#10902 = ORIENTED_EDGE ( 'NONE', *, *, #6694, .T. ) ;
#10903 = VECTOR ( 'NONE', #11971, 1000.000000000000114 ) ;
#10904 = CYLINDRICAL_SURFACE ( 'NONE', #9161, 14.00000000000001243 ) ;
#10905 = CARTESIAN_POINT ( 'NONE',  ( 163.2171133453900040, -152.4297640746490003, 58.25000000000000000 ) ) ;
#10906 = DIRECTION ( 'NONE',  ( 0.000000000000000000, 1.000000000000000000, 6.573933234426810631E-15 ) ) ;
#10907 = EDGE_CURVE ( 'NONE', #7461, #427, #1315, .T. ) ;
#10908 = CARTESIAN_POINT ( 'NONE',  ( 133.0664558081502094, -132.8294214697002076, 53.47602185630480420 ) ) ;
#10909 = DIRECTION ( 'NONE',  ( 0.4397326120323201137, -0.1821432117215256719, 0.8794652240646018138 ) ) ;
#10910 = EDGE_LOOP ( 'NONE', ( #2145, #2642 ) ) ;
#10911 = CIRCLE ( 'NONE', #5022, 14.00026375888599439 ) ;
#10912 = VERTEX_POINT ( 'NONE', #7781 ) ;
#10913 = CARTESIAN_POINT ( 'NONE',  ( 134.8190145212520008, -140.9063528306099897, 107.3643760300449941 ) ) ;
#10914 = ORIENTED_EDGE ( 'NONE', *, *, #552, .T. ) ;
#10915 = CARTESIAN_POINT ( 'NONE',  ( 132.2171133453900040, -123.4296722848586114, 62.74648661845989750 ) ) ;
#10916 = LINE ( 'NONE', #3647, #1603 ) ;
#10917 = CARTESIAN_POINT ( 'NONE',  ( 132.2171133453899188, -140.6724047617684050, 70.99999991151651102 ) ) ;
#10918 = ADVANCED_FACE ( 'NONE', ( #150 ), #7063, .T. ) ;
#10919 = DIRECTION ( 'NONE',  ( -5.947210316807140508E-15, -1.000000000000000000, 1.526556658859589750E-16 ) ) ;
#10920 = AXIS2_PLACEMENT_3D ( 'NONE', #5886, #4785, #9570 ) ;
#10921 = AXIS2_PLACEMENT_3D ( 'NONE', #12048, #2372, #5273 ) ;
#10922 = DIRECTION ( 'NONE',  ( 1.000000000000000000, 0.000000000000000000, 0.000000000000000000 ) ) ;
#10923 = ADVANCED_FACE ( 'NONE', ( #6801 ), #330, .F. ) ;
#10924 = CARTESIAN_POINT ( 'NONE',  ( 121.2171129162049965, -146.9297640480800169, 100.7500000000290044 ) ) ;
#10925 = ADVANCED_FACE ( 'NONE', ( #3955 ), #1997, .F. ) ;
#10926 = CARTESIAN_POINT ( 'NONE',  ( 162.8449171059519642, -123.4297640215111898, 57.77774199401579835 ) ) ;
#10927 = CYLINDRICAL_SURFACE ( 'NONE', #1915, 0.9999999999999964473 ) ;
#10928 = CARTESIAN_POINT ( 'NONE',  ( 162.5063956636805074, -153.4105948771461101, 66.76279457439827070 ) ) ;
#10929 = CYLINDRICAL_SURFACE ( 'NONE', #11575, 0.9999999999999964473 ) ;
#10930 = ORIENTED_EDGE ( 'NONE', *, *, #697, .F. ) ;
#10931 = ORIENTED_EDGE ( 'NONE', *, *, #11351, .F. ) ;
#10932 = DIRECTION ( 'NONE',  ( 0.7071067811865121566, 0.000000000000000000, 0.7071067811865827668 ) ) ;
#10933 = VECTOR ( 'NONE', #10969, 1000.000000000000000 ) ;
#10934 = AXIS2_PLACEMENT_3D ( 'NONE', #10956, #11821, #11079 ) ;
#10935 = LINE ( 'NONE', #10749, #1596 ) ;
#10936 = EDGE_LOOP ( 'NONE', ( #2265, #11242, #8848, #2585, #2885 ) ) ;
#10937 = B_SPLINE_CURVE_WITH_KNOTS ( 'NONE', 3,
 ( #7303, #11919, #6382, #10867, #3408, #7182, #833, #10928, #3657, #714, #2428, #1578 ),
 .UNSPECIFIED., .F., .F.,
 ( 4, 2, 2, 2, 2, 4 ),
 ( 0.000000000000000000, 0.2500000000000741074, 0.3750000000000498490, 0.4375000000000053846, 0.4999999999999609201, 1.000000000000000000 ),
 .UNSPECIFIED. ) ;
#10938 = EDGE_CURVE ( 'NONE', #1133, #6127, #11193, .T. ) ;
#10939 = DIRECTION ( 'NONE',  ( 0.9238795325112872936, -0.3826834323650886160, 0.000000000000000000 ) ) ;
#10940 = CARTESIAN_POINT ( 'NONE',  ( 125.2171133453899898, -154.4297640746490003, 95.85358149672940442 ) ) ;
#10941 = FACE_OUTER_BOUND ( 'NONE', #4222, .T. ) ;
#10942 = CIRCLE ( 'NONE', #11933, 2.349999999999990763 ) ;
#10943 = DIRECTION ( 'NONE',  ( -1.000000000000000000, 3.597042547877590250E-16, 1.373411163994924147E-14 ) ) ;
#10944 = CARTESIAN_POINT ( 'NONE',  ( 130.1106248479624128, -134.4297640215114029, 62.75000000000000000 ) ) ;
#10945 = DIRECTION ( 'NONE',  ( -0.7071067811865475727, -0.7071067811865475727, 1.387778780781450566E-14 ) ) ;
#10946 = CARTESIAN_POINT ( 'NONE',  ( 132.2171133453900040, -139.4397640202369928, 80.50005039844729993 ) ) ;
#10947 = ORIENTED_EDGE ( 'NONE', *, *, #5805, .F. ) ;
#10948 = EDGE_LOOP ( 'NONE', ( #4181, #11857, #2118, #3630, #5643 ) ) ;
#10949 = ORIENTED_EDGE ( 'NONE', *, *, #1766, .F. ) ;
#10950 = VECTOR ( 'NONE', #3831, 1000.000000000000000 ) ;
#10951 = CARTESIAN_POINT ( 'NONE',  ( 132.8189989741819659, -153.3606918639254104, 66.94341671580077957 ) ) ;
#10952 = CARTESIAN_POINT ( 'NONE',  ( 161.9747141500970997, -122.5469320602605734, 57.92663650204645620 ) ) ;
#10953 = CARTESIAN_POINT ( 'NONE',  ( 162.9242201265759888, -141.1368708558350136, 67.99999991151629786 ) ) ;
#10954 = CARTESIAN_POINT ( 'NONE',  ( 134.2404762642690343, -121.7005698407425882, 58.38197185070119133 ) ) ;
#10955 = CARTESIAN_POINT ( 'NONE',  ( 165.3236018428175100, -134.4297640215112040, 62.75000000000000000 ) ) ;
#10956 = CARTESIAN_POINT ( 'NONE',  ( 0.000000000000000000, 0.000000000000000000, 0.000000000000000000 ) ) ;
#10957 = CIRCLE ( 'NONE', #5254, 1.450000000000006839 ) ;
#10958 = AXIS2_PLACEMENT_3D ( 'NONE', #448, #9800, #3205 ) ;
#10959 = EDGE_LOOP ( 'NONE', ( #2149, #3800, #2161, #8764, #2954, #9901 ) ) ;
#10960 = LINE ( 'NONE', #4859, #2123 ) ;
#10961 = EDGE_CURVE ( 'NONE', #7908, #684, #1250, .T. ) ;
#10962 = ORIENTED_EDGE ( 'NONE', *, *, #5883, .F. ) ;
#10963 = CARTESIAN_POINT ( 'NONE',  ( 138.6185049453466434, -140.9138634973253659, 106.2619497842571832 ) ) ;
#10964 = ORIENTED_EDGE ( 'NONE', *, *, #1207, .F. ) ;
#10965 = VERTEX_POINT ( 'NONE', #10549 ) ;
#10966 = CARTESIAN_POINT ( 'NONE',  ( 135.2171131927750309, -148.4297640746490003, 103.7997837512839965 ) ) ;
#10967 = CIRCLE ( 'NONE', #6060, 1.000000000000000888 ) ;
#10968 = ORIENTED_EDGE ( 'NONE', *, *, #1413, .T. ) ;
#10969 = DIRECTION ( 'NONE',  ( 0.7071067811865470176, 0.7071067811865480168, -1.731912100307729847E-16 ) ) ;
#10970 = CARTESIAN_POINT ( 'NONE',  ( 162.9235351307489736, -141.1365155672880007, 67.85159711416079631 ) ) ;
#10971 = CARTESIAN_POINT ( 'NONE',  ( 172.1909358263226295, -149.0922163325724057, 54.28142504509381894 ) ) ;
#10972 = DIRECTION ( 'NONE',  ( -0.7071067811865475727, -0.7071067811865475727, 1.387778780781450566E-14 ) ) ;
#10973 = CARTESIAN_POINT ( 'NONE',  ( 171.3168895252301525, -138.3631970503246578, 54.37670245577359651 ) ) ;
#10974 = EDGE_CURVE ( 'NONE', #3753, #745, #3826, .T. ) ;
#10975 = VECTOR ( 'NONE', #5967, 1000.000000000000114 ) ;
#10976 = EDGE_CURVE ( 'NONE', #10533, #4176, #11633, .T. ) ;
#10977 = ORIENTED_EDGE ( 'NONE', *, *, #5030, .F. ) ;
#10978 = AXIS2_PLACEMENT_3D ( 'NONE', #4370, #8987, #2576 ) ;
#10979 = CARTESIAN_POINT ( 'NONE',  ( 129.9106248479624242, -114.6297640215114058, 59.71382556213799830 ) ) ;
#10980 = ORIENTED_EDGE ( 'NONE', *, *, #2021, .T. ) ;
#10981 = CARTESIAN_POINT ( 'NONE',  ( 130.2171133453899756, -120.8003612955077983, 58.51405264597029543 ) ) ;
#10982 = CARTESIAN_POINT ( 'NONE',  ( 171.4736666987809883, -148.4297640215243916, 58.25000000000000000 ) ) ;
#10983 = CARTESIAN_POINT ( 'NONE',  ( 120.2171133453899898, -154.4297640215114882, 62.24960223581889807 ) ) ;
#10984 = DIRECTION ( 'NONE',  ( 0.000000000000000000, 1.000000000000000000, -1.526556658859589750E-16 ) ) ;
#10985 = AXIS2_PLACEMENT_3D ( 'NONE', #4532, #8285, #12044 ) ;
#10986 = CARTESIAN_POINT ( 'NONE',  ( 134.8865541154499965, -141.1003099013559847, 107.6790730568420003 ) ) ;
#10987 = CARTESIAN_POINT ( 'NONE',  ( 163.9242200464769894, -142.4297640746490003, 71.70710663693481024 ) ) ;
#10988 = DIRECTION ( 'NONE',  ( 0.000000000000000000, 0.000000000000000000, 1.000000000000000000 ) ) ;
#10989 = CARTESIAN_POINT ( 'NONE',  ( 139.1016288696750678, -140.4307395729969130, 105.6354025017135143 ) ) ;
#10990 = ADVANCED_FACE ( 'NONE', ( #700 ), #2538, .T. ) ;
#10991 = DIRECTION ( 'NONE',  ( 8.086545322250028744E-08, 0.000000000000000000, 0.9999999999999968914 ) ) ;
#10992 = LINE ( 'NONE', #11734, #11383 ) ;
#10993 = B_SPLINE_CURVE_WITH_KNOTS ( 'NONE', 3,
 ( #10275, #3685, #1092, #1036, #4799, #7573, #8549, #8495 ),
 .UNSPECIFIED., .F., .F.,
 ( 4, 2, 2, 4 ),
 ( 0.000000000000000000, 0.2500000000000259237, 0.5000000000000518474, 1.000000000000000000 ),
 .UNSPECIFIED. ) ;
#10994 = ORIENTED_EDGE ( 'NONE', *, *, #6198, .T. ) ;
#10995 = VERTEX_POINT ( 'NONE', #1497 ) ;
#10996 = VECTOR ( 'NONE', #10044, 1000.000000000000000 ) ;
#10997 = LINE ( 'NONE', #10014, #304 ) ;
#10998 = EDGE_CURVE ( 'NONE', #11597, #211, #10797, .T. ) ;
#10999 = DIRECTION ( 'NONE',  ( -9.644381700046828834E-17, 1.000000000000000000, -2.327875578288750051E-16 ) ) ;
#11000 = VERTEX_POINT ( 'NONE', #514 ) ;
#11001 = EDGE_CURVE ( 'NONE', #5045, #7461, #5318, .T. ) ;
#11002 = CARTESIAN_POINT ( 'NONE',  ( 173.2171134944019855, -140.4262129510826185, 62.75000000000000000 ) ) ;
#11003 = DIRECTION ( 'NONE',  ( -4.738022480002830405E-13, 1.074295325857329935E-17, 1.000000000000000000 ) ) ;
#11004 = LINE ( 'NONE', #3419, #10484 ) ;
#11005 = VECTOR ( 'NONE', #3347, 1000.000000000000000 ) ;
#11006 = CARTESIAN_POINT ( 'NONE',  ( 132.6268364872670134, -140.6297640215119884, 114.2143259181419950 ) ) ;
#11007 = CARTESIAN_POINT ( 'NONE',  ( 175.2171132998449821, -149.4297640746490003, 100.7500000000290044 ) ) ;
#11008 = CARTESIAN_POINT ( 'NONE',  ( 163.2171133453900040, -139.0155505122760076, 65.99999991151629786 ) ) ;
#11009 = CARTESIAN_POINT ( 'NONE',  ( 165.2171133453904872, -143.3164134470121951, 57.98985306244370719 ) ) ;
#11010 = EDGE_CURVE ( 'NONE', #61, #8675, #10053, .T. ) ;
#11011 = ORIENTED_EDGE ( 'NONE', *, *, #4603, .F. ) ;
#11012 = ORIENTED_EDGE ( 'NONE', *, *, #6756, .F. ) ;
#11013 = EDGE_CURVE ( 'NONE', #6301, #7665, #2062, .T. ) ;
#11014 = ORIENTED_EDGE ( 'NONE', *, *, #9102, .F. ) ;
#11015 = DIRECTION ( 'NONE',  ( 0.000000000000000000, 1.000000000000000000, -2.327875578288750051E-16 ) ) ;
#11016 = FACE_OUTER_BOUND ( 'NONE', #10460, .T. ) ;
#11017 = DIRECTION ( 'NONE',  ( -1.000000000000000000, 2.602085213964869829E-17, -7.166576360129189239E-17 ) ) ;
#11018 = DIRECTION ( 'NONE',  ( 1.000000000000000000, -3.480590576041360211E-15, 7.166576360129589833E-17 ) ) ;
#11019 = DIRECTION ( 'NONE',  ( 4.751910101198850221E-14, -6.709576272139000623E-15, 1.000000000000000000 ) ) ;
#11020 = ORIENTED_EDGE ( 'NONE', *, *, #5212, .F. ) ;
#11021 = CARTESIAN_POINT ( 'NONE',  ( 139.0808597668969924, -145.2598994943089963, 111.3679489095640065 ) ) ;
#11022 = EDGE_CURVE ( 'NONE', #2371, #9368, #4016, .T. ) ;
#11023 = VERTEX_POINT ( 'NONE', #4392 ) ;
#11024 = DIRECTION ( 'NONE',  ( -0.008142047127309334428, 6.938893903907228378E-15, -0.9999668529849260468 ) ) ;
#11025 = ORIENTED_EDGE ( 'NONE', *, *, #7556, .T. ) ;
#11026 = ORIENTED_EDGE ( 'NONE', *, *, #6176, .F. ) ;
#11027 = LINE ( 'NONE', #6361, #10205 ) ;
#11028 = EDGE_LOOP ( 'NONE', ( #4743, #5548, #374, #7505 ) ) ;
#11029 = DIRECTION ( 'NONE',  ( -4.836409044766210230E-15, -1.000000000000000000, -6.573933234426810631E-15 ) ) ;
#11030 = CARTESIAN_POINT ( 'NONE',  ( 163.0030860468909850, -141.2155428102259975, 68.00170005319560573 ) ) ;
#11031 = CARTESIAN_POINT ( 'NONE',  ( 171.8050323528340186, -149.0753565997530359, 53.86821415691985493 ) ) ;
#11032 = CARTESIAN_POINT ( 'NONE',  ( 162.6618176852376791, -140.3499591119662568, 69.77838982420973934 ) ) ;
#11033 = CARTESIAN_POINT ( 'NONE',  ( 139.0179919258798975, -144.9089448466640420, 111.0149320771998873 ) ) ;
#11034 = ORIENTED_EDGE ( 'NONE', *, *, #6315, .F. ) ;
#11035 = VECTOR ( 'NONE', #7612, 1000.000000000000000 ) ;
#11036 = DIRECTION ( 'NONE',  ( -1.000000000000000000, 3.480590576041360211E-15, 1.177071316573370074E-14 ) ) ;
#11037 = EDGE_LOOP ( 'NONE', ( #9308, #8413, #3349, #7533 ) ) ;
#11038 = CARTESIAN_POINT ( 'NONE',  ( 162.2171133453900040, -147.4297640746490003, 70.99999991151629786 ) ) ;
#11039 = LINE ( 'NONE', #3399, #9067 ) ;
#11040 = LINE ( 'NONE', #9072, #2100 ) ;
#11041 = ADVANCED_FACE ( 'NONE', ( #11904 ), #7049, .F. ) ;
#11042 = DIRECTION ( 'NONE',  ( 2.602085213964869829E-17, 1.000000000000000000, -1.526556658859589750E-16 ) ) ;
#11043 = ADVANCED_FACE ( 'NONE', ( #8945 ), #6064, .T. ) ;
#11044 = DIRECTION ( 'NONE',  ( 0.5951893636155756173, 7.213999003242654818E-15, -0.8035854786137478500 ) ) ;
#11045 = LINE ( 'NONE', #3653, #2430 ) ;
#11046 = DIRECTION ( 'NONE',  ( -9.412800631152650587E-17, -0.7071067811865510144, 0.7071067811865441310 ) ) ;
#11047 = DIRECTION ( 'NONE',  ( 2.602085213964869829E-17, 1.000000000000000000, -1.526556658859589750E-16 ) ) ;
#11048 = VECTOR ( 'NONE', #7118, 1000.000000000000000 ) ;
#11049 = AXIS2_PLACEMENT_3D ( 'NONE', #12070, #5663, #1838 ) ;
#11050 = CARTESIAN_POINT ( 'NONE',  ( 134.9872432432466951, -140.4390001865184558, 105.4999247511795488 ) ) ;
#11051 = LINE ( 'NONE', #8037, #10002 ) ;
#11052 = ORIENTED_EDGE ( 'NONE', *, *, #6486, .T. ) ;
#11053 = ORIENTED_EDGE ( 'NONE', *, *, #8111, .F. ) ;
#11054 = CARTESIAN_POINT ( 'NONE',  ( 121.1991873743999975, -150.4118380298749855, 108.8158570650340096 ) ) ;
#11055 = FACE_OUTER_BOUND ( 'NONE', #3999, .T. ) ;
#11056 = EDGE_LOOP ( 'NONE', ( #11801, #7229, #7845, #4289 ) ) ;
#11057 = AXIS2_PLACEMENT_3D ( 'NONE', #8128, #496, #6109 ) ;
#11058 = VECTOR ( 'NONE', #1940, 1000.000000000000000 ) ;
#11059 = CARTESIAN_POINT ( 'NONE',  ( 162.7534076111809895, -147.9158022202488496, 56.73544044089115346 ) ) ;
#11060 = ADVANCED_FACE ( 'NONE', ( #5135 ), #10854, .T. ) ;
#11061 = DIRECTION ( 'NONE',  ( 3.683226109728400325E-15, 1.000000000000000000, -2.692261676065480290E-15 ) ) ;
#11062 = CYLINDRICAL_SURFACE ( 'NONE', #8523, 0.9999999999999957812 ) ;
#11063 = DIRECTION ( 'NONE',  ( 1.214306505109919625E-16, -1.000000000000000000, -6.573933234426810631E-15 ) ) ;
#11064 = EDGE_CURVE ( 'NONE', #11695, #7109, #3027, .T. ) ;
#11065 = CARTESIAN_POINT ( 'NONE',  ( 138.7879731111385695, -140.7226572403253897, 110.6572191369543958 ) ) ;
#11066 = DIRECTION ( 'NONE',  ( 1.000000000000000000, 0.000000000000000000, 0.000000000000000000 ) ) ;
#11067 = CARTESIAN_POINT ( 'NONE',  ( 158.5171131927750139, -148.2297640746490117, 102.0997837512840078 ) ) ;
#11068 = AXIS2_PLACEMENT_3D ( 'NONE', #7833, #9967, #5066 ) ;
#11069 = ORIENTED_EDGE ( 'NONE', *, *, #331, .F. ) ;
#11070 = ORIENTED_EDGE ( 'NONE', *, *, #668, .T. ) ;
#11071 = ORIENTED_EDGE ( 'NONE', *, *, #2983, .F. ) ;
#11072 = DIRECTION ( 'NONE',  ( -1.154753161494889741E-16, 1.000000000000000000, 5.842532534022360181E-15 ) ) ;
#11073 = ADVANCED_FACE ( 'NONE', ( #1437 ), #5381, .T. ) ;
#11074 = DIRECTION ( 'NONE',  ( 3.160768215787140212E-15, 1.000000000000000000, -1.150608946447910180E-15 ) ) ;
#11075 = AXIS2_PLACEMENT_3D ( 'NONE', #11384, #11263, #1964 ) ;
#11076 = CYLINDRICAL_SURFACE ( 'NONE', #1224, 1.450000000000006839 ) ;
#11077 = LINE ( 'NONE', #8188, #4880 ) ;
#11078 = ADVANCED_FACE ( 'NONE', ( #11841 ), #3336, .T. ) ;
#11079 = DIRECTION ( 'NONE',  ( 1.000000000000000000, 0.000000000000000000, 0.000000000000000000 ) ) ;
#11080 = B_SPLINE_CURVE_WITH_KNOTS ( 'NONE', 3,
 ( #2153, #3996, #4248, #2211, #11763, #5112, #2271, #8865, #6841, #7944, #7758, #9601, #1170, #10832, #7087, #1659, #11880, #7331, #9230, #3500, #2453, #5358, #10954, #2391, #1473, #8986, #3559, #9107, #6226, #5231, #8064, #4369, #557, #4426, #2517, #4311, #12010 ),
 .UNSPECIFIED., .F., .F.,
 ( 4, 2, 2, 1, 1, 1, 2, 2, 2, 2, 1, 1, 1, 2, 2, 2, 2, 1, 1, 1, 2, 2, 4 ),
 ( 0.000000000000000000, 0.1250000000000901779, 0.1875000000001385558, 0.2187500000001652289, 0.2343750000001769696, 0.2421875000001857126, 0.2460937500001838252, 0.2500000000001819656, 0.3750000000001962874, 0.4375000000002063905, 0.4687500000002156608, 0.4843750000002213230, 0.4921875000002231548, 0.4960937500002207678, 0.5000000000002183809, 0.6250000000001662004, 0.6875000000001373346, 0.7187500000001174616, 0.7343750000001029177, 0.7421875000000975886, 0.7460937500000972555, 0.7500000000000969225, 1.000000000000000000 ),
 .UNSPECIFIED. ) ;
#11082 = ADVANCED_FACE ( 'NONE', ( #6186 ), #6028, .F. ) ;
#11081 = VERTEX_POINT ( 'NONE', #3271 ) ;
#11083 = DIRECTION ( 'NONE',  ( 0.7071067811865822117, 0.000000000000000000, 0.7071067811865128228 ) ) ;
#11084 = ORIENTED_EDGE ( 'NONE', *, *, #10229, .F. ) ;
#11085 = CARTESIAN_POINT ( 'NONE',  ( 121.2171133453899898, -149.8297640215160129, 64.75000000000000000 ) ) ;
#11086 = ORIENTED_EDGE ( 'NONE', *, *, #1257, .T. ) ;
#11087 = VECTOR ( 'NONE', #10542, 1000.000000000000000 ) ;
#11088 = VERTEX_POINT ( 'NONE', #3709 ) ;
#11089 = CARTESIAN_POINT ( 'NONE',  ( 134.2171133453900040, -119.4297640746489861, 67.99999991151649681 ) ) ;
#11090 = ORIENTED_EDGE ( 'NONE', *, *, #9117, .T. ) ;
#11091 = EDGE_CURVE ( 'NONE', #10329, #7266, #6550, .T. ) ;
#11092 = DIRECTION ( 'NONE',  ( -1.000000000000000000, 0.000000000000000000, 3.833073549109210312E-15 ) ) ;
#11093 = CARTESIAN_POINT ( 'NONE',  ( 163.2171133453900040, -139.6473733615439698, 65.99928481612660391 ) ) ;
#11094 = DIRECTION ( 'NONE',  ( 0.7071067811865500152, 0.7071067811865450192, -5.726850911312339975E-17 ) ) ;
#11095 = VECTOR ( 'NONE', #1159, 1000.000000000000000 ) ;
#11096 = CARTESIAN_POINT ( 'NONE',  ( 162.4198792555772002, -139.6249342119541268, 69.95816347125121126 ) ) ;
#11097 = LINE ( 'NONE', #6610, #4962 ) ;
#11098 = ORIENTED_EDGE ( 'NONE', *, *, #3694, .F. ) ;
#11099 = LINE ( 'NONE', #2655, #5213 ) ;
#11100 = ORIENTED_EDGE ( 'NONE', *, *, #11593, .F. ) ;
#11101 = CARTESIAN_POINT ( 'NONE',  ( 158.5171131927750139, -140.4297640215119998, 103.7997837512839965 ) ) ;
#11102 = DIRECTION ( 'NONE',  ( 6.331740687314189720E-17, -1.000000000000000000, 6.331740687314610035E-17 ) ) ;
#11103 = CYLINDRICAL_SURFACE ( 'NONE', #9545, 0.9999999999999957812 ) ;
#11104 = FACE_OUTER_BOUND ( 'NONE', #9342, .T. ) ;
#11105 = CARTESIAN_POINT ( 'NONE',  ( 130.2171133453899756, -120.4297640215245906, 57.98985306244389903 ) ) ;
#11106 = VECTOR ( 'NONE', #940, 1000.000000000000000 ) ;
#11107 = CARTESIAN_POINT ( 'NONE',  ( 130.2171133453899756, -134.0920877878091915, 57.98985306244379956 ) ) ;
#11108 = CARTESIAN_POINT ( 'NONE',  ( 137.5268364872669906, -145.4297640215119714, 114.2143259181419950 ) ) ;
#11109 = ORIENTED_EDGE ( 'NONE', *, *, #904, .F. ) ;
#11110 = CARTESIAN_POINT ( 'NONE',  ( 162.2171133453900040, -119.4297640746489861, 71.99999985651460577 ) ) ;
#11111 = CARTESIAN_POINT ( 'NONE',  ( 132.2171133453900040, -153.4297640741879718, 65.95898615365621254 ) ) ;
#11112 = EDGE_CURVE ( 'NONE', #10069, #5717, #100, .T. ) ;
#11113 = ORIENTED_EDGE ( 'NONE', *, *, #146, .T. ) ;
#11114 = ORIENTED_EDGE ( 'NONE', *, *, #1919, .T. ) ;
#11115 = CARTESIAN_POINT ( 'NONE',  ( 132.5962603303372589, -140.8779152948707747, 67.50355603236565116 ) ) ;
#11116 = DIRECTION ( 'NONE',  ( 2.602085213964869829E-17, 1.000000000000000000, -1.526556658859589750E-16 ) ) ;
#11117 = ORIENTED_EDGE ( 'NONE', *, *, #5885, .T. ) ;
#11118 = AXIS2_PLACEMENT_3D ( 'NONE', #9890, #9828, #11683 ) ;
#11119 = DIRECTION ( 'NONE',  ( 1.000000000000000000, 0.000000000000000000, 0.000000000000000000 ) ) ;
#11120 = CARTESIAN_POINT ( 'NONE',  ( 132.2171133453900040, -153.4297640746490003, 62.74999974667980496 ) ) ;
#11121 = CARTESIAN_POINT ( 'NONE',  ( 163.1742201265759888, -139.9726572934619639, 69.99999991151639733 ) ) ;
#11122 = CARTESIAN_POINT ( 'NONE',  ( 132.2171133453900040, -117.4297640215114029, 57.82508929917659657 ) ) ;
#11123 = CARTESIAN_POINT ( 'NONE',  ( 163.2171133453900040, -153.4297640746490003, 67.14091634279270693 ) ) ;
#11124 = CARTESIAN_POINT ( 'NONE',  ( 158.5834021859320160, -140.4297640215119998, 100.6909950527140012 ) ) ;
#11125 = AXIS2_PLACEMENT_3D ( 'NONE', #9393, #6576, #1136 ) ;
#11126 =( BOUNDED_CURVE ( )  B_SPLINE_CURVE ( 3, ( #1119, #3949, #3891, #4884 ),
 .UNSPECIFIED., .F., .F. ) 
 B_SPLINE_CURVE_WITH_KNOTS ( ( 4, 4 ),
 ( 0.000000000000000000, 0.7835866637228170450 ),
 .UNSPECIFIED. ) 
 CURVE ( )  GEOMETRIC_REPRESENTATION_ITEM ( )  RATIONAL_B_SPLINE_CURVE ( ( 1.000000000000000000, 0.9494838459687360288, 0.9494838459687360288, 1.000000000000000000 ) ) 
 REPRESENTATION_ITEM ( '' )  );
#11127 = CIRCLE ( 'NONE', #10921, 0.9999999999999964473 ) ;
#11128 = LINE ( 'NONE', #3673, #5086 ) ;
#11129 = EDGE_CURVE ( 'NONE', #6628, #3324, #7534, .T. ) ;
#11130 = ORIENTED_EDGE ( 'NONE', *, *, #1367, .T. ) ;
#11131 = EDGE_LOOP ( 'NONE', ( #832, #9248, #12103, #9270, #10898, #8145, #10462, #10842, #2446, #2752 ) ) ;
#11132 = ORIENTED_EDGE ( 'NONE', *, *, #8292, .T. ) ;
#11133 = ADVANCED_FACE ( 'NONE', ( #6372 ), #9309, .T. ) ;
#11134 = CARTESIAN_POINT ( 'NONE',  ( 162.8236018428179932, -120.9297640215111898, 60.27765112427590566 ) ) ;
#11135 = VECTOR ( 'NONE', #8017, 1000.000000000000000 ) ;
#11136 = DIRECTION ( 'NONE',  ( -0.7071044607880542232, 0.7071044607815272220, -0.002561850210385671189 ) ) ;
#11137 = CARTESIAN_POINT ( 'NONE',  ( 137.8094094721379861, -148.4297640746490003, 105.4997837512840135 ) ) ;
#11138 = DIRECTION ( 'NONE',  ( -1.000000000000000000, 0.000000000000000000, 0.000000000000000000 ) ) ;
#11139 = ORIENTED_EDGE ( 'NONE', *, *, #10907, .F. ) ;
#11140 = DIRECTION ( 'NONE',  ( 1.656711940836400129E-15, 1.000000000000000000, -1.656711940836565001E-15 ) ) ;
#11141 = EDGE_CURVE ( 'NONE', #6635, #1972, #7477, .T. ) ;
#11142 = VERTEX_POINT ( 'NONE', #3644 ) ;
#11143 = ORIENTED_EDGE ( 'NONE', *, *, #1752, .F. ) ;
#11144 = AXIS2_PLACEMENT_3D ( 'NONE', #3254, #7943, #6103 ) ;
#11145 = LINE ( 'NONE', #11954, #9529 ) ;
#11146 = ADVANCED_FACE ( 'NONE', ( #4758 ), #8364, .F. ) ;
#11147 = ORIENTED_EDGE ( 'NONE', *, *, #227, .F. ) ;
#11148 = EDGE_LOOP ( 'NONE', ( #11220, #7964, #1564, #10962, #8997, #8832 ) ) ;
#11149 = ADVANCED_FACE ( 'NONE', ( #9249 ), #7292, .T. ) ;
#11150 = DIRECTION ( 'NONE',  ( -2.602084387755749958E-17, -1.000000000000000000, -1.408310542716836016E-24 ) ) ;
#11151 = VERTEX_POINT ( 'NONE', #10115 ) ;
#11152 = EDGE_CURVE ( 'NONE', #5032, #9680, #2595, .T. ) ;
#11153 = CARTESIAN_POINT ( 'NONE',  ( 165.2171133453901746, -148.4297638197811295, 56.00640280175944241 ) ) ;
#11154 = AXIS2_PLACEMENT_3D ( 'NONE', #6458, #10201, #5709 ) ;
#11155 = CARTESIAN_POINT ( 'NONE',  ( 163.2162550798749976, -141.5088369389110028, 67.19880229951461104 ) ) ;
#11156 = VECTOR ( 'NONE', #7542, 1000.000000000000000 ) ;
#11157 = CARTESIAN_POINT ( 'NONE',  ( 172.7822751489702569, -149.1217100315074617, 54.99574613886262853 ) ) ;
#11158 = DIRECTION ( 'NONE',  ( 3.795397004524730393E-10, -1.016886897623617344E-32, -1.000000000000000000 ) ) ;
#11159 = CARTESIAN_POINT ( 'NONE',  ( 164.2171133453900040, -119.4297640746489861, 102.7500000000329976 ) ) ;
#11160 = VERTEX_POINT ( 'NONE', #77 ) ;
#11161 = LINE ( 'NONE', #878, #2448 ) ;
#11162 = EDGE_CURVE ( 'NONE', #9607, #5618, #3427, .T. ) ;
#11163 = AXIS2_PLACEMENT_3D ( 'NONE', #10441, #220, #163 ) ;
#11164 = ORIENTED_EDGE ( 'NONE', *, *, #10024, .F. ) ;
#11165 = CARTESIAN_POINT ( 'NONE',  ( 133.1522250784615835, -122.4941872295622858, 62.71828048869105032 ) ) ;
#11166 = CIRCLE ( 'NONE', #9000, 11.54238125198780729 ) ;
#11167 = EDGE_CURVE ( 'NONE', #869, #6363, #3767, .T. ) ;
#11168 = DIRECTION ( 'NONE',  ( -1.000000000000000000, 3.480590576041360211E-15, -7.166576360129239776E-17 ) ) ;
#11169 = CARTESIAN_POINT ( 'NONE',  ( 160.5655371539734801, -120.9587752255456650, 59.20558156445598286 ) ) ;
#11170 = CARTESIAN_POINT ( 'NONE',  ( 120.5415314378487182, -149.7541821671075581, 107.1068005179749036 ) ) ;
#11171 = CARTESIAN_POINT ( 'NONE',  ( 162.9242201265759320, -141.1368708558349852, 69.12548070705307168 ) ) ;
#11172 = AXIS2_PLACEMENT_3D ( 'NONE', #5722, #10456, #9471 ) ;
#11173 = DIRECTION ( 'NONE',  ( 0.000000000000000000, 1.000000000000000000, -1.074295325692379890E-17 ) ) ;
#11174 = CIRCLE ( 'NONE', #6656, 1.000000000000000888 ) ;
#11175 = FACE_OUTER_BOUND ( 'NONE', #10547, .T. ) ;
#11176 = CARTESIAN_POINT ( 'NONE',  ( 132.2171133574399846, -119.4297640746489861, 70.99999984474889914 ) ) ;
#11177 = ORIENTED_EDGE ( 'NONE', *, *, #920, .T. ) ;
#11178 = FACE_OUTER_BOUND ( 'NONE', #10910, .T. ) ;
#11179 = CARTESIAN_POINT ( 'NONE',  ( 133.2171133453900040, -141.8439776370219931, 89.41609849487390704 ) ) ;
#11180 = EDGE_CURVE ( 'NONE', #1638, #10249, #11161, .T. ) ;
#11181 = ORIENTED_EDGE ( 'NONE', *, *, #3152, .F. ) ;
#11182 = ORIENTED_EDGE ( 'NONE', *, *, #6905, .F. ) ;
#11183 = DIRECTION ( 'NONE',  ( 0.7071067811865530128, -0.7071067811865420216, -7.299716386910429497E-15 ) ) ;
#11184 = LINE ( 'NONE', #11927, #10052 ) ;
#11185 = ORIENTED_EDGE ( 'NONE', *, *, #7143, .T. ) ;
#11186 = CIRCLE ( 'NONE', #3707, 0.5899999999999971934 ) ;
#11187 = DIRECTION ( 'NONE',  ( 4.347672017730144212E-17, 1.049620874995413908E-16, 1.000000000000000000 ) ) ;
#11188 = DIRECTION ( 'NONE',  ( 0.000000000000000000, -1.000000000000000000, -6.217248937900871104E-15 ) ) ;
#11189 = DIRECTION ( 'NONE',  ( -1.038940419595570144E-15, -1.526556658859589750E-16, -1.000000000000000000 ) ) ;
#11190 = LINE ( 'NONE', #8420, #10392 ) ;
#11191 = CARTESIAN_POINT ( 'NONE',  ( 162.8236018428179932, -114.4297640215112040, 60.17765112427590424 ) ) ;
#11192 = DIRECTION ( 'NONE',  ( 2.602085213964879690E-17, 1.000000000000000000, -1.150608946447910180E-15 ) ) ;
#11193 = CIRCLE ( 'NONE', #3111, 0.9999999999999964473 ) ;
#11194 = AXIS2_PLACEMENT_3D ( 'NONE', #10104, #11150, #8135 ) ;
#11195 = DIRECTION ( 'NONE',  ( -4.836409044766210230E-15, -1.000000000000000000, -6.573933234426810631E-15 ) ) ;
#11196 = ORIENTED_EDGE ( 'NONE', *, *, #11674, .F. ) ;
#11197 = VERTEX_POINT ( 'NONE', #1680 ) ;
#11198 = ORIENTED_EDGE ( 'NONE', *, *, #11909, .T. ) ;
#11199 = CARTESIAN_POINT ( 'NONE',  ( 157.6248169134119905, -148.2297640746490117, 105.4997837512840135 ) ) ;
#11200 = AXIS2_PLACEMENT_3D ( 'NONE', #7663, #91, #9505 ) ;
#11201 = EDGE_CURVE ( 'NONE', #9838, #94, #5439, .T. ) ;
#11202 = DIRECTION ( 'NONE',  ( -0.9513277913954432119, 1.655369630918741316E-15, -0.3081808451521089731 ) ) ;
#11203 = CARTESIAN_POINT ( 'NONE',  ( 128.2864353382909144, -139.8021475220603236, 117.6643259359682929 ) ) ;
#11204 = EDGE_CURVE ( 'NONE', #3428, #7665, #8272, .T. ) ;
#11205 = B_SPLINE_CURVE_WITH_KNOTS ( 'NONE', 3,
 ( #9773, #8858, #5908, #5106 ),
 .UNSPECIFIED., .F., .F.,
 ( 4, 4 ),
 ( 0.000000000000000000, 1.000000000000000000 ),
 .UNSPECIFIED. ) ;
#11206 = CARTESIAN_POINT ( 'NONE',  ( 132.5102147262684014, -139.0155507849648018, 66.70690371732840163 ) ) ;
#11207 = VERTEX_POINT ( 'NONE', #7354 ) ;
#11208 = PLANE ( 'NONE',  #6462 ) ;
#11209 = ORIENTED_EDGE ( 'NONE', *, *, #1182, .T. ) ;
#11210 = ORIENTED_EDGE ( 'NONE', *, *, #8270, .T. ) ;
#11211 = DIRECTION ( 'NONE',  ( 1.000000000000000000, -3.854941057726238689E-15, 0.000000000000000000 ) ) ;
#11212 = ORIENTED_EDGE ( 'NONE', *, *, #5494, .T. ) ;
#11213 = EDGE_LOOP ( 'NONE', ( #398, #9702, #10253, #9459 ) ) ;
#11214 = DIRECTION ( 'NONE',  ( 0.000000000000000000, -1.000000000000000000, 1.526556658859589750E-16 ) ) ;
#11215 = DIRECTION ( 'NONE',  ( -0.7071067811865460184, -0.7071067811865489050, 0.000000000000000000 ) ) ;
#11216 = DIRECTION ( 'NONE',  ( 0.7071067811870770381, 0.7071067811860179964, -3.429821205509520493E-15 ) ) ;
#11217 = EDGE_CURVE ( 'NONE', #4783, #1959, #11099, .T. ) ;
#11218 = CARTESIAN_POINT ( 'NONE',  ( 120.6171133453899955, -114.4297640215114029, 62.75000000000000000 ) ) ;
#11219 = DIRECTION ( 'NONE',  ( 4.422034925190670533E-15, 1.000000000000000000, 6.633052400461320667E-15 ) ) ;
#11220 = ORIENTED_EDGE ( 'NONE', *, *, #10385, .F. ) ;
#11221 = EDGE_CURVE ( 'NONE', #11088, #8427, #3037, .T. ) ;
#11222 = DIRECTION ( 'NONE',  ( 1.666513209668970211E-24, -1.000000000000000000, -6.217248937900871104E-15 ) ) ;
#11223 = VERTEX_POINT ( 'NONE', #1237 ) ;
#11224 = CARTESIAN_POINT ( 'NONE',  ( 135.2171131927750309, -154.2297640746490117, 103.7997837512839965 ) ) ;
#11225 = ORIENTED_EDGE ( 'NONE', *, *, #7990, .T. ) ;
#11226 = VECTOR ( 'NONE', #7695, 1000.000000000000000 ) ;
#11227 = CARTESIAN_POINT ( 'NONE',  ( 134.6079972660751309, -121.0333091782852222, 61.78372988111341613 ) ) ;
#11228 = DIRECTION ( 'NONE',  ( 0.7071067811865592301, 0.000000000000000000, -0.7071067811865356934 ) ) ;
#11229 = CARTESIAN_POINT ( 'NONE',  ( 135.2171131927750309, -140.4297640215119998, 103.7997837512839965 ) ) ;
#11230 = LINE ( 'NONE', #7596, #1503 ) ;
#11231 = CARTESIAN_POINT ( 'NONE',  ( 163.1624349640949845, -114.4297640215112040, 57.29751360743310329 ) ) ;
#11232 = EDGE_CURVE ( 'NONE', #9582, #9973, #4437, .T. ) ;
#11233 = CARTESIAN_POINT ( 'NONE',  ( 160.2171131927750025, -154.0297640746490231, 103.7997837512839965 ) ) ;
#11234 = VECTOR ( 'NONE', #1440, 1000.000000000000000 ) ;
#11235 = EDGE_CURVE ( 'NONE', #626, #5558, #10474, .T. ) ;
#11236 = DIRECTION ( 'NONE',  ( -1.000000000000000000, -1.428297808763890023E-14, 1.769190290007900252E-14 ) ) ;
#11237 = CARTESIAN_POINT ( 'NONE',  ( 174.8171133453904815, -114.4297640215112040, 51.25000000000000000 ) ) ;
#11238 = ORIENTED_EDGE ( 'NONE', *, *, #3746, .T. ) ;
#11239 = DIRECTION ( 'NONE',  ( -1.000000000000000000, 0.000000000000000000, 0.000000000000000000 ) ) ;
#11240 = LINE ( 'NONE', #10372, #7648 ) ;
#11241 = ORIENTED_EDGE ( 'NONE', *, *, #4959, .F. ) ;
#11242 = ORIENTED_EDGE ( 'NONE', *, *, #6192, .F. ) ;
#11244 = VECTOR ( 'NONE', #8387, 1000.000000000000000 ) ;
#11243 = CARTESIAN_POINT ( 'NONE',  ( 132.6472548163004319, -140.7217841845748296, 67.38933583636293179 ) ) ;
#11245 = LINE ( 'NONE', #10015, #5921 ) ;
#11246 = ORIENTED_EDGE ( 'NONE', *, *, #1493, .T. ) ;
#11247 = CARTESIAN_POINT ( 'NONE',  ( 132.2171133453900040, -151.9297640215114882, 53.24960223581900465 ) ) ;
#11248 = DIRECTION ( 'NONE',  ( 0.5773502691896257311, 0.5773502691896248429, 0.5773502691896267303 ) ) ;
#11249 = EDGE_CURVE ( 'NONE', #3768, #1943, #9729, .T. ) ;
#11250 = AXIS2_PLACEMENT_3D ( 'NONE', #951, #4588, #3654 ) ;
#11251 = DIRECTION ( 'NONE',  ( -0.7071067811865580088, 0.7071067811865370256, 6.121750630779310575E-15 ) ) ;
#11252 = DIRECTION ( 'NONE',  ( 1.000000000000000000, 9.644381633923828598E-17, 7.166576360129189239E-17 ) ) ;
#11253 = CARTESIAN_POINT ( 'NONE',  ( 175.2171132998439873, -149.4297640746490003, 103.7500000343809887 ) ) ;
#11254 = CARTESIAN_POINT ( 'NONE',  ( 133.2171133453900040, -139.0155505122760076, 69.99999991151649681 ) ) ;
#11255 = CARTESIAN_POINT ( 'NONE',  ( 163.9242200716875004, -136.4297640746490288, 80.79294358128031206 ) ) ;
#11256 = VERTEX_POINT ( 'NONE', #4816 ) ;
#11257 = ORIENTED_EDGE ( 'NONE', *, *, #1684, .F. ) ;
#11258 = EDGE_LOOP ( 'NONE', ( #5500, #821, #11861, #2275 ) ) ;
#11259 = CONICAL_SURFACE ( 'NONE', #11843, 1.650000000000012568, 0.7853981633974476129 ) ;
#11260 = AXIS2_PLACEMENT_3D ( 'NONE', #11946, #6350, #5416 ) ;
#11261 = FACE_OUTER_BOUND ( 'NONE', #6067, .T. ) ;
#11262 = DIRECTION ( 'NONE',  ( 3.640861314418780125E-16, -1.000000000000000000, -6.495325448384240705E-15 ) ) ;
#11263 = DIRECTION ( 'NONE',  ( 8.933825901280388903E-17, 1.000000000000000000, -8.933825901280388903E-17 ) ) ;
#11264 = DIRECTION ( 'NONE',  ( -1.000000000000000000, 0.000000000000000000, 0.000000000000000000 ) ) ;
#11265 = VECTOR ( 'NONE', #419, 1000.000000000000114 ) ;
#11266 = VERTEX_POINT ( 'NONE', #9666 ) ;
#11267 = CYLINDRICAL_SURFACE ( 'NONE', #4079, 1.700000000000007061 ) ;
#11268 = VERTEX_POINT ( 'NONE', #7592 ) ;
#11269 = VERTEX_POINT ( 'NONE', #194 ) ;
#11270 = CARTESIAN_POINT ( 'NONE',  ( 163.2171133453900040, -153.4297640746490003, 58.25000000000000000 ) ) ;
#11271 = EDGE_CURVE ( 'NONE', #7032, #2802, #11446, .T. ) ;
#11272 = ORIENTED_EDGE ( 'NONE', *, *, #8269, .T. ) ;
#11273 = ORIENTED_EDGE ( 'NONE', *, *, #6385, .F. ) ;
#11274 = ADVANCED_FACE ( 'NONE', ( #4936 ), #10708, .F. ) ;
#11275 = CARTESIAN_POINT ( 'NONE',  ( 161.2171133453899756, -138.0155505122760076, 68.99999991151629786 ) ) ;
#11276 = PLANE ( 'NONE',  #4854 ) ;
#11277 = DIRECTION ( 'NONE',  ( -0.008142047127308708193, 0.000000000000000000, -0.9999668529849260468 ) ) ;
#11278 = CARTESIAN_POINT ( 'NONE',  ( 134.6488776595866170, -140.7226745282806064, 110.6572452183749959 ) ) ;
#11279 = CARTESIAN_POINT ( 'NONE',  ( 162.4747131181956661, -139.7884261850966254, 69.93129152145232297 ) ) ;
#11280 = VERTEX_POINT ( 'NONE', #3823 ) ;
#11281 = DIRECTION ( 'NONE',  ( 1.000000000000000000, 9.644381700046818973E-17, 7.166576360129179378E-17 ) ) ;
#11282 = VECTOR ( 'NONE', #2364, 1000.000000000000000 ) ;
#11283 = ORIENTED_EDGE ( 'NONE', *, *, #10855, .F. ) ;
#11284 = CARTESIAN_POINT ( 'NONE',  ( 134.2171133453900040, -127.9297640746490146, 68.99999991151649681 ) ) ;
#11285 = ORIENTED_EDGE ( 'NONE', *, *, #10119, .T. ) ;
#11286 = EDGE_CURVE ( 'NONE', #6061, #10643, #4876, .T. ) ;
#11287 = CARTESIAN_POINT ( 'NONE',  ( 134.0567269529472583, -121.5828465332321855, 62.31696999077047394 ) ) ;
#11288 = DIRECTION ( 'NONE',  ( -0.7071067811865709984, 0.000000000000000000, 0.7071067811865240360 ) ) ;
#11289 = DIRECTION ( 'NONE',  ( 1.000000000000000000, 0.000000000000000000, 0.000000000000000000 ) ) ;
#11290 = EDGE_CURVE ( 'NONE', #6982, #6702, #313, .T. ) ;
#11291 = VECTOR ( 'NONE', #507, 1000.000000000000000 ) ;
#11292 = DIRECTION ( 'NONE',  ( 0.000000000000000000, 6.573933234426810631E-15, -1.000000000000000000 ) ) ;
#11293 = LINE ( 'NONE', #10540, #2691 ) ;
#11294 = CYLINDRICAL_SURFACE ( 'NONE', #3401, 2.349999999999990763 ) ;
#11295 = CARTESIAN_POINT ( 'NONE',  ( 163.2171133453900040, -153.4297640746490003, 99.71420182220740003 ) ) ;
#11296 = FACE_OUTER_BOUND ( 'NONE', #10461, .T. ) ;
#11297 = ORIENTED_EDGE ( 'NONE', *, *, #10700, .T. ) ;
#11298 = DIRECTION ( 'NONE',  ( 0.5735764363510459374, 0.8191520442889920206, 5.941753882927151273E-15 ) ) ;
#11299 = VECTOR ( 'NONE', #9280, 1000.000000000000114 ) ;
#11300 = ORIENTED_EDGE ( 'NONE', *, *, #1286, .T. ) ;
#11301 = ORIENTED_EDGE ( 'NONE', *, *, #4365, .F. ) ;
#11302 = LINE ( 'NONE', #4781, #9350 ) ;
#11303 = DIRECTION ( 'NONE',  ( 0.000000000000000000, 0.000000000000000000, -1.000000000000000000 ) ) ;
#11304 = ORIENTED_EDGE ( 'NONE', *, *, #1207, .T. ) ;
#11305 = ADVANCED_FACE ( 'NONE', ( #11404 ), #1175, .T. ) ;
#11306 = EDGE_CURVE ( 'NONE', #9568, #3768, #11521, .T. ) ;
#11307 = DIRECTION ( 'NONE',  ( 1.000000000000000000, 1.666513209668970211E-24, -8.271814108300059472E-25 ) ) ;
#11308 = AXIS2_PLACEMENT_3D ( 'NONE', #5483, #4688, #6599 ) ;
#11309 = DIRECTION ( 'NONE',  ( 4.049495114233359677E-17, 4.049495114233359677E-17, 1.000000000000000000 ) ) ;
#11310 = ADVANCED_FACE ( 'NONE', ( #7950 ), #10041, .T. ) ;
#11311 = LINE ( 'NONE', #2867, #9499 ) ;
#11312 = FACE_OUTER_BOUND ( 'NONE', #5880, .T. ) ;
#11313 = CARTESIAN_POINT ( 'NONE',  ( 163.2171133453900040, -152.4297640746490003, 98.70216526821880620 ) ) ;
#11314 = CARTESIAN_POINT ( 'NONE',  ( 132.7758416606403102, -140.3391932823986963, 69.79029300724872087 ) ) ;
#11315 = CARTESIAN_POINT ( 'NONE',  ( 133.2050104681143807, -141.2242653582856065, 53.87484368887859887 ) ) ;
#11316 = EDGE_LOOP ( 'NONE', ( #3112, #1786, #2385, #7693, #4453 ) ) ;
#11317 = EDGE_LOOP ( 'NONE', ( #5221, #7496, #9671, #4051 ) ) ;
#11318 = VECTOR ( 'NONE', #7865, 999.9999999999998863 ) ;
#11319 = ORIENTED_EDGE ( 'NONE', *, *, #4996, .T. ) ;
#11320 = EDGE_CURVE ( 'NONE', #11570, #6043, #3539, .T. ) ;
#11321 = EDGE_CURVE ( 'NONE', #5107, #12013, #9789, .T. ) ;
#11322 = LINE ( 'NONE', #1087, #294 ) ;
#11323 = DIRECTION ( 'NONE',  ( -1.000000000000000000, 5.947210316807140508E-15, 1.177071316573370074E-14 ) ) ;
#11324 = CIRCLE ( 'NONE', #2464, 1.000000000000000888 ) ;
#11325 = AXIS2_PLACEMENT_3D ( 'NONE', #7609, #8586, #3904 ) ;
#11326 = DIRECTION ( 'NONE',  ( -1.205027857103396617E-08, 0.000000000000000000, 0.9999999999999998890 ) ) ;
#11327 = ORIENTED_EDGE ( 'NONE', *, *, #2204, .T. ) ;
#11328 = CARTESIAN_POINT ( 'NONE',  ( 137.7268364872670077, -140.6297640215119884, 114.2143259181419950 ) ) ;
#11329 = ORIENTED_EDGE ( 'NONE', *, *, #9537, .T. ) ;
#11330 = VERTEX_POINT ( 'NONE', #6171 ) ;
#11331 = ORIENTED_EDGE ( 'NONE', *, *, #1684, .T. ) ;
#11332 = ORIENTED_EDGE ( 'NONE', *, *, #1292, .F. ) ;
#11333 = VECTOR ( 'NONE', #11590, 1000.000000000000000 ) ;
#11334 =( GEOMETRIC_REPRESENTATION_CONTEXT ( 3 ) GLOBAL_UNCERTAINTY_ASSIGNED_CONTEXT ( ( #4107 ) ) GLOBAL_UNIT_ASSIGNED_CONTEXT ( ( #6295, #4314, #10152 ) ) REPRESENTATION_CONTEXT ( 'NONE', 'WORKASPACE' ) );
#11335 = CARTESIAN_POINT ( 'NONE',  ( 124.2543469377704071, -114.6297640215114058, 57.75000000000000000 ) ) ;
#11336 = CARTESIAN_POINT ( 'NONE',  ( 162.2171133453900040, -119.4297640746489861, 81.50005035146720900 ) ) ;
#11337 = CARTESIAN_POINT ( 'NONE',  ( 164.2171133453900040, -153.4297640746490003, 102.7500000000329976 ) ) ;
#11338 = CARTESIAN_POINT ( 'NONE',  ( 162.2171133453900040, -153.4297640746490003, 67.14091634279270693 ) ) ;
#11339 = VECTOR ( 'NONE', #11074, 1000.000000000000000 ) ;
#11340 = ORIENTED_EDGE ( 'NONE', *, *, #4985, .F. ) ;
#11341 = CARTESIAN_POINT ( 'NONE',  ( 132.7171301269663957, -140.5155001675441895, 69.70699703576039497 ) ) ;
#11342 = ORIENTED_EDGE ( 'NONE', *, *, #7375, .F. ) ;
#11343 = CARTESIAN_POINT ( 'NONE',  ( 171.4736666987809883, -148.4297640215243916, 54.70752731740250852 ) ) ;
#11344 = ORIENTED_EDGE ( 'NONE', *, *, #3625, .T. ) ;
#11345 = DIRECTION ( 'NONE',  ( 0.000000000000000000, 1.000000000000000000, -2.327875578288750051E-16 ) ) ;
#11346 = CIRCLE ( 'NONE', #4493, 0.5999999999999894307 ) ;
#11347 = CARTESIAN_POINT ( 'NONE',  ( 171.3168895252303514, -139.0956618035816916, 54.37670245577365336 ) ) ;
#11348 = VECTOR ( 'NONE', #1444, 1000.000000000000000 ) ;
#11349 = DIRECTION ( 'NONE',  ( -1.000000000000000000, 3.613993049433370307E-15, -3.997519546286559803E-13 ) ) ;
#11350 = DIRECTION ( 'NONE',  ( -5.079270344852710336E-15, 1.000000000000000000, 0.000000000000000000 ) ) ;
#11351 = EDGE_CURVE ( 'NONE', #8198, #3885, #11642, .T. ) ;
#11352 = CARTESIAN_POINT ( 'NONE',  ( 138.0808703739280077, -144.2180896904359884, 110.3643259274530095 ) ) ;
#11353 = EDGE_CURVE ( 'NONE', #2096, #11710, #10714, .T. ) ;
#11354 = CARTESIAN_POINT ( 'NONE',  ( 138.2040619886570028, -144.2547656287569851, 106.3604718094210000 ) ) ;
#11355 = DIRECTION ( 'NONE',  ( 1.000000000000000000, 9.644381700047268870E-17, 2.231155674348849972E-14 ) ) ;
#11356 = AXIS2_PLACEMENT_3D ( 'NONE', #3165, #4847, #4967 ) ;
#11357 = ORIENTED_EDGE ( 'NONE', *, *, #2629, .T. ) ;
#11358 = VECTOR ( 'NONE', #2287, 1000.000000000000000 ) ;
#11359 = DIRECTION ( 'NONE',  ( -0.7071067811865683339, 0.000000000000000000, -0.7071067811865267005 ) ) ;
#11360 = DIRECTION ( 'NONE',  ( 0.7071067811865475727, -0.7071067811865475727, 0.000000000000000000 ) ) ;
#11361 = VERTEX_POINT ( 'NONE', #1362 ) ;
#11362 = EDGE_LOOP ( 'NONE', ( #731, #5456, #4063, #5013, #10269, #7753, #3491, #11020, #4849, #178, #7264, #1436, #939, #414, #11473, #10029 ) ) ;
#11363 = CARTESIAN_POINT ( 'NONE',  ( 132.5100065642033940, -153.1368708558354967, 98.59091295356078888 ) ) ;
#11364 = CARTESIAN_POINT ( 'NONE',  ( 134.2171133453900040, -138.0155505122760076, 67.99999991151649681 ) ) ;
#11365 = ORIENTED_EDGE ( 'NONE', *, *, #3926, .F. ) ;
#11366 = DIRECTION ( 'NONE',  ( -5.759249156619006965E-05, 1.526571642384948852E-16, 0.9999999983415523985 ) ) ;
#11367 = VECTOR ( 'NONE', #4888, 1000.000000000000000 ) ;
#11368 = AXIS2_PLACEMENT_3D ( 'NONE', #6166, #618, #738 ) ;
#11369 = CARTESIAN_POINT ( 'NONE',  ( 162.4426461606290104, -114.4297640215112040, 54.47937835699730158 ) ) ;
#11370 = DIRECTION ( 'NONE',  ( 7.116814260417668513E-15, 0.000000000000000000, -1.000000000000000000 ) ) ;
#11371 = EDGE_CURVE ( 'NONE', #9924, #1845, #4367, .T. ) ;
#11372 = CARTESIAN_POINT ( 'NONE',  ( 147.7171133226179904, -143.4297640215119714, 108.1323322036940056 ) ) ;
#11373 = FACE_OUTER_BOUND ( 'NONE', #1421, .T. ) ;
#11374 = LINE ( 'NONE', #11315, #6857 ) ;
#11375 = EDGE_CURVE ( 'NONE', #3304, #4268, #8995, .T. ) ;
#11376 = AXIS2_PLACEMENT_3D ( 'NONE', #12182, #1892, #5591 ) ;
#11377 = ORIENTED_EDGE ( 'NONE', *, *, #10153, .T. ) ;
#11378 = ORIENTED_EDGE ( 'NONE', *, *, #1696, .F. ) ;
#11379 = VECTOR ( 'NONE', #2562, 1000.000000000000000 ) ;
#11380 = ADVANCED_FACE ( 'NONE', ( #8130 ), #10781, .T. ) ;
#11381 = ORIENTED_EDGE ( 'NONE', *, *, #10595, .T. ) ;
#11382 = LINE ( 'NONE', #1032, #9935 ) ;
#11383 = VECTOR ( 'NONE', #10128, 1000.000000000000000 ) ;
#11384 = CARTESIAN_POINT ( 'NONE',  ( 132.2171133453900040, -134.4297640746490288, 80.50005035146759269 ) ) ;
#11385 = VECTOR ( 'NONE', #2088, 1000.000000000000000 ) ;
#11386 = LINE ( 'NONE', #1839, #8429 ) ;
#11387 = ADVANCED_FACE ( 'NONE', ( #2459 ), #2399, .T. ) ;
#11388 = ORIENTED_EDGE ( 'NONE', *, *, #9987, .F. ) ;
#11389 = DIRECTION ( 'NONE',  ( 2.602085213964869829E-17, 1.000000000000000000, -1.526556658859589750E-16 ) ) ;
#11390 = ADVANCED_FACE ( 'NONE', ( #8070 ), #2523, .T. ) ;
#11391 = ORIENTED_EDGE ( 'NONE', *, *, #6331, .T. ) ;
#11392 = ORIENTED_EDGE ( 'NONE', *, *, #8289, .F. ) ;
#11393 = VERTEX_POINT ( 'NONE', #8871 ) ;
#11394 = EDGE_LOOP ( 'NONE', ( #33, #65, #3750, #11883 ) ) ;
#11395 = CONICAL_SURFACE ( 'NONE', #9426, 14.19999999999999041, 0.7853981633974913557 ) ;
#11396 = FACE_BOUND ( 'NONE', #3194, .T. ) ;
#11397 = LINE ( 'NONE', #2769, #3856 ) ;
#11398 = CARTESIAN_POINT ( 'NONE',  ( 137.4159627262618528, -143.9646058557705715, 110.3643259181410485 ) ) ;
#11399 = CARTESIAN_POINT ( 'NONE',  ( 173.2171134944015023, -120.9250550260163948, 57.08879711976319271 ) ) ;
#11400 = EDGE_CURVE ( 'NONE', #5032, #12091, #11699, .T. ) ;
#11401 = ORIENTED_EDGE ( 'NONE', *, *, #7233, .T. ) ;
#11402 = CARTESIAN_POINT ( 'NONE',  ( 135.1115405363898958, -138.0155505122760360, 69.44721350701647111 ) ) ;
#11403 = VERTEX_POINT ( 'NONE', #9790 ) ;
#11404 = FACE_OUTER_BOUND ( 'NONE', #8189, .T. ) ;
#11405 = ORIENTED_EDGE ( 'NONE', *, *, #2040, .T. ) ;
#11406 = LINE ( 'NONE', #2959, #1748 ) ;
#11407 = CARTESIAN_POINT ( 'NONE',  ( 130.2171133453899756, -134.8245525410659980, 57.98985306244379956 ) ) ;
#11408 = LINE ( 'NONE', #4648, #5628 ) ;
#11409 = DIRECTION ( 'NONE',  ( -3.683226109728400325E-15, -1.000000000000000000, -3.794803977225790103E-15 ) ) ;
#11410 = CARTESIAN_POINT ( 'NONE',  ( 157.1171131927750082, -154.4297640746490003, 103.7997837512839965 ) ) ;
#11411 = CARTESIAN_POINT ( 'NONE',  ( 165.3236018428179932, -117.4297640215112040, 60.27765112427590566 ) ) ;
#11412 = PLANE ( 'NONE',  #5074 ) ;
#11413 = ORIENTED_EDGE ( 'NONE', *, *, #12061, .F. ) ;
#11414 = LINE ( 'NONE', #2796, #5893 ) ;
#11415 = CARTESIAN_POINT ( 'NONE',  ( 121.1991873743999975, -150.4118380298749855, 108.8158570650340096 ) ) ;
#11416 = EDGE_LOOP ( 'NONE', ( #10072, #2177, #11580, #7050 ) ) ;
#11417 = EDGE_LOOP ( 'NONE', ( #9822, #1960, #3509, #9415, #11768, #1519 ) ) ;
#11418 = CARTESIAN_POINT ( 'NONE',  ( 132.2171133453900040, -139.0155505122760076, 70.73819930063760353 ) ) ;
#11419 = ORIENTED_EDGE ( 'NONE', *, *, #11001, .T. ) ;
#11420 = ADVANCED_FACE ( 'NONE', ( #7152 ), #439, .T. ) ;
#11421 = DIRECTION ( 'NONE',  ( 3.683226109728400325E-15, 1.000000000000000000, -1.526556658859589750E-16 ) ) ;
#11422 = FACE_OUTER_BOUND ( 'NONE', #4560, .T. ) ;
#11423 = FACE_OUTER_BOUND ( 'NONE', #7082, .T. ) ;
#11424 = CARTESIAN_POINT ( 'NONE',  ( 138.8083963417199982, -144.5575354907408041, 106.0726899307379938 ) ) ;
#11425 = PLANE ( 'NONE',  #7811 ) ;
#11426 = VECTOR ( 'NONE', #2530, 1000.000000000000000 ) ;
#11427 = CARTESIAN_POINT ( 'NONE',  ( 134.1805066037708514, -140.4584754149003345, 111.1245150949834510 ) ) ;
#11428 = ORIENTED_EDGE ( 'NONE', *, *, #8941, .F. ) ;
#11429 = VERTEX_POINT ( 'NONE', #685 ) ;
#11430 = ORIENTED_EDGE ( 'NONE', *, *, #5437, .F. ) ;
#11431 = EDGE_CURVE ( 'NONE', #11858, #7983, #11145, .T. ) ;
#11432 = AXIS2_PLACEMENT_3D ( 'NONE', #1937, #5571, #10427 ) ;
#11433 = CARTESIAN_POINT ( 'NONE',  ( 132.2171133453900040, -146.9297640480800169, 96.26432591814190687 ) ) ;
#11434 = CARTESIAN_POINT ( 'NONE',  ( 133.0664558081502094, -132.0969567164434011, 53.47602185630490368 ) ) ;
#11435 = ADVANCED_FACE ( 'NONE', ( #2826 ), #8193, .T. ) ;
#11436 = FACE_OUTER_BOUND ( 'NONE', #5897, .T. ) ;
#11437 = CARTESIAN_POINT ( 'NONE',  ( 165.6545526666312185, -135.1308508513077982, 51.13534865116200478 ) ) ;
#11438 = VERTEX_POINT ( 'NONE', #6358 ) ;
#11439 = CARTESIAN_POINT ( 'NONE',  ( 159.6669467343539850, -152.8297640746490060, 70.44999974667979359 ) ) ;
#11440 = AXIS2_PLACEMENT_3D ( 'NONE', #3939, #3881, #4872 ) ;
#11441 = VECTOR ( 'NONE', #492, 1000.000000000000000 ) ;
#11442 = ORIENTED_EDGE ( 'NONE', *, *, #9365, .F. ) ;
#11443 = ORIENTED_EDGE ( 'NONE', *, *, #3700, .F. ) ;
#11444 = ORIENTED_EDGE ( 'NONE', *, *, #1637, .F. ) ;
#11445 = LINE ( 'NONE', #2434, #10032 ) ;
#11446 =( BOUNDED_CURVE ( )  B_SPLINE_CURVE ( 3, ( #11343, #6847, #3012, #4877 ),
 .UNSPECIFIED., .F., .F. ) 
 B_SPLINE_CURVE_WITH_KNOTS ( ( 4, 4 ),
 ( 0.7601751309728290718, 0.9332950502743160293 ),
 .UNSPECIFIED. ) 
 CURVE ( )  GEOMETRIC_REPRESENTATION_ITEM ( )  RATIONAL_B_SPLINE_CURVE ( ( 1.000000000000000000, 0.9975040168349320613, 0.9975040168349320613, 1.000000000000000000 ) ) 
 REPRESENTATION_ITEM ( '' )  );
#11447 = DIRECTION ( 'NONE',  ( -8.821935685527880394E-15, -2.548831402726949997E-09, -1.000000000000000000 ) ) ;
#11448 = ADVANCED_FACE ( 'NONE', ( #8379 ), #7462, .T. ) ;
#11449 = ADVANCED_FACE ( 'NONE', ( #10220 ), #2703, .T. ) ;
#11450 = DIRECTION ( 'NONE',  ( -1.000000000000000000, 0.000000000000000000, 0.000000000000000000 ) ) ;
#11451 = AXIS2_PLACEMENT_3D ( 'NONE', #4172, #7866, #10509 ) ;
#11452 = CIRCLE ( 'NONE', #10468, 6.999999999999997335 ) ;
#11453 = CARTESIAN_POINT ( 'NONE',  ( 135.7474204125896620, -142.6514474391506155, 110.3643259181410201 ) ) ;
#11454 = EDGE_CURVE ( 'NONE', #8555, #5170, #6, .T. ) ;
#11455 = LINE ( 'NONE', #73, #5660 ) ;
#11456 = VERTEX_POINT ( 'NONE', #11085 ) ;
#11457 = CARTESIAN_POINT ( 'NONE',  ( 163.7685916021929984, -114.4297640215112040, 50.66271862838299711 ) ) ;
#11458 = VERTEX_POINT ( 'NONE', #12136 ) ;
#11459 = CARTESIAN_POINT ( 'NONE',  ( 156.9591226427349966, -114.6297640215114058, 62.10199319125020168 ) ) ;
#11460 = VECTOR ( 'NONE', #10837, 1000.000000000000000 ) ;
#11461 = ORIENTED_EDGE ( 'NONE', *, *, #9113, .F. ) ;
#11462 = CARTESIAN_POINT ( 'NONE',  ( 163.0571133453900075, -144.5297640215119941, 66.55091634279270352 ) ) ;
#11463 = EDGE_CURVE ( 'NONE', #1971, #2875, #8440, .T. ) ;
#11464 = CARTESIAN_POINT ( 'NONE',  ( 160.3126060631870189, -141.0252566916429942, 98.69164219418240691 ) ) ;
#11465 = ORIENTED_EDGE ( 'NONE', *, *, #3845, .T. ) ;
#11466 = DIRECTION ( 'NONE',  ( 1.734923811392220086E-15, 1.000000000000000000, 1.734923811392220086E-15 ) ) ;
#11467 = B_SPLINE_CURVE_WITH_KNOTS ( 'NONE', 3,
 ( #3139, #7036, #1240, #5003, #2218, #7890, #11645, #8874, #10786, #444 ),
 .UNSPECIFIED., .F., .F.,
 ( 4, 2, 2, 2, 4 ),
 ( 0.000000000000000000, 0.2500000000000000000, 0.5000000000000000000, 0.7500000000000000000, 1.000000000000000000 ),
 .UNSPECIFIED. ) ;
#11468 = CARTESIAN_POINT ( 'NONE',  ( 138.7892528739459976, -140.7213774775179900, 110.6585012201539939 ) ) ;
#11469 = AXIS2_PLACEMENT_3D ( 'NONE', #2440, #6393, #6212 ) ;
#11470 = CARTESIAN_POINT ( 'NONE',  ( 132.5100065642033940, -153.1368708558354967, 67.14091634279270693 ) ) ;
#11471 = LINE ( 'NONE', #9005, #10270 ) ;
#11472 = DIRECTION ( 'NONE',  ( -1.000000000000000000, 0.000000000000000000, 0.000000000000000000 ) ) ;
#11473 = ORIENTED_EDGE ( 'NONE', *, *, #7782, .T. ) ;
#11474 = ORIENTED_EDGE ( 'NONE', *, *, #9117, .F. ) ;
#11475 = CARTESIAN_POINT ( 'NONE',  ( 131.2758638716500172, -147.7047261593414191, 54.32916630688080062 ) ) ;
#11476 = ORIENTED_EDGE ( 'NONE', *, *, #7714, .F. ) ;
#11477 = LINE ( 'NONE', #2058, #7012 ) ;
#11478 = ORIENTED_EDGE ( 'NONE', *, *, #10770, .T. ) ;
#11479 = DIRECTION ( 'NONE',  ( 0.000000000000000000, 1.000000000000000000, 6.217248937900871104E-15 ) ) ;
#11480 = ORIENTED_EDGE ( 'NONE', *, *, #8316, .F. ) ;
#11481 = VECTOR ( 'NONE', #1142, 1000.000000000000114 ) ;
#11482 = CARTESIAN_POINT ( 'NONE',  ( 121.2171133453899898, -149.8297640215160129, 64.75000000000000000 ) ) ;
#11483 = CARTESIAN_POINT ( 'NONE',  ( 120.2171133453899898, -149.4193518720470024, 62.24960223581899044 ) ) ;
#11484 = DIRECTION ( 'NONE',  ( 2.602085213964869829E-17, 1.000000000000000000, -1.526556658859589750E-16 ) ) ;
#11485 = DIRECTION ( 'NONE',  ( -2.602085213964874759E-17, -1.000000000000000000, 1.526556658859589750E-16 ) ) ;
#11486 = CARTESIAN_POINT ( 'NONE',  ( 163.4876018428244890, -148.9298859776444033, 50.25265112427409520 ) ) ;
#11487 = AXIS2_PLACEMENT_3D ( 'NONE', #12024, #4698, #756 ) ;
#11488 = DIRECTION ( 'NONE',  ( 7.116814260417668513E-15, 0.000000000000000000, -1.000000000000000000 ) ) ;
#11489 = EDGE_CURVE ( 'NONE', #4736, #898, #6613, .T. ) ;
#11490 = DIRECTION ( 'NONE',  ( 0.5000000000000011102, -0.5000000000000011102, -0.7071067811865459074 ) ) ;
#11491 = ORIENTED_EDGE ( 'NONE', *, *, #7219, .F. ) ;
#11492 = VERTEX_POINT ( 'NONE', #10341 ) ;
#11493 = DIRECTION ( 'NONE',  ( 3.683226109728400325E-15, 1.000000000000000000, -1.526556644979159836E-16 ) ) ;
#11494 = ORIENTED_EDGE ( 'NONE', *, *, #1479, .F. ) ;
#11495 = AXIS2_PLACEMENT_3D ( 'NONE', #5078, #8830, #8704 ) ;
#11496 =( LENGTH_UNIT ( ) NAMED_UNIT ( * ) SI_UNIT ( .MILLI., .METRE. ) );
#11497 = CARTESIAN_POINT ( 'NONE',  ( 131.2758638716497899, -133.3507426882381708, 54.32916630688094983 ) ) ;
#11498 = DIRECTION ( 'NONE',  ( -0.4001450253381057531, 5.551115123125785069E-15, -0.9164518310839727677 ) ) ;
#11499 = FACE_OUTER_BOUND ( 'NONE', #11213, .T. ) ;
#11500 = DIRECTION ( 'NONE',  ( 0.5000000000000002220, 0.7071067811865472397, 0.5000000000000002220 ) ) ;
#11501 = EDGE_CURVE ( 'NONE', #8747, #10795, #1665, .T. ) ;
#11502 = EDGE_CURVE ( 'NONE', #6386, #4080, #1485, .T. ) ;
#11503 = ORIENTED_EDGE ( 'NONE', *, *, #4732, .T. ) ;
#11504 = CARTESIAN_POINT ( 'NONE',  ( 132.1194087798621979, -149.4297640215114029, 50.75000000000000000 ) ) ;
#11505 = ORIENTED_EDGE ( 'NONE', *, *, #11610, .T. ) ;
#11506 = ORIENTED_EDGE ( 'NONE', *, *, #7972, .T. ) ;
#11507 = ADVANCED_FACE ( 'NONE', ( #9112 ), #8319, .T. ) ;
#11508 = ORIENTED_EDGE ( 'NONE', *, *, #68, .F. ) ;
#11509 = CARTESIAN_POINT ( 'NONE',  ( 163.0030860213580013, -141.2155427740420066, 68.99829967784410201 ) ) ;
#11510 = AXIS2_PLACEMENT_3D ( 'NONE', #2618, #10198, #11119 ) ;
#11511 = VECTOR ( 'NONE', #38, 1000.000000000000000 ) ;
#11512 = DIRECTION ( 'NONE',  ( 0.9238795325112872936, 0.3826834323650886160, -1.387778780781466186E-14 ) ) ;
#11513 = CARTESIAN_POINT ( 'NONE',  ( 132.5100065642029961, -141.1368708558350136, 67.99999991151649681 ) ) ;
#11514 = CARTESIAN_POINT ( 'NONE',  ( 124.9671133602909947, -154.4297640215114882, 62.75000000000000000 ) ) ;
#11515 = EDGE_CURVE ( 'NONE', #5133, #4303, #3443, .T. ) ;
#11516 = ORIENTED_EDGE ( 'NONE', *, *, #11321, .T. ) ;
#11517 = DIRECTION ( 'NONE',  ( -2.602085213964869829E-17, -1.000000000000000000, 1.526556658859589750E-16 ) ) ;
#11518 = ADVANCED_FACE ( 'NONE', ( #8258 ), #10334, .F. ) ;
#11519 = VERTEX_POINT ( 'NONE', #4562 ) ;
#11520 = VECTOR ( 'NONE', #10076, 1000.000000000000000 ) ;
#11521 = LINE ( 'NONE', #3323, #8354 ) ;
#11522 = EDGE_CURVE ( 'NONE', #7921, #5056, #10280, .T. ) ;
#11523 = ORIENTED_EDGE ( 'NONE', *, *, #10789, .F. ) ;
#11524 = EDGE_CURVE ( 'NONE', #10796, #1133, #1725, .T. ) ;
#11525 = CARTESIAN_POINT ( 'NONE',  ( 132.9952474871190020, -139.0123100855540201, 69.99919589431179645 ) ) ;
#11526 = B_SPLINE_SURFACE_WITH_KNOTS ( 'NONE', 3, 3, ( 
 ( #5729, #7639, #4866, #8622, #2332, #490 ),
 ( #6101, #2151, #7756, #5171, #3189, #1352 ),
 ( #6034, #368, #1228, #10521, #9781, #5972 ),
 ( #5110, #4054, #5913, #11573, #8739, #11509 ),
 ( #8923, #8862, #9839, #9598, #4118, #9658 ) ),
 .UNSPECIFIED., .F., .F., .F.,
 ( 4, 1, 4 ),
 ( 4, 1, 1, 4 ),
 ( 0.000000000000000000, 0.5714285714285709528, 1.001530060333600147 ),
 ( -1.572326387128500036, -0.8975979010256570634, -0.4487989505128309742, 0.001530060333594069873 ),
 .UNSPECIFIED. ) ;
#11527 = DIRECTION ( 'NONE',  ( 1.000000000000000000, 0.000000000000000000, -7.823253522622061261E-15 ) ) ;
#11528 = ORIENTED_EDGE ( 'NONE', *, *, #10890, .F. ) ;
#11529 = CARTESIAN_POINT ( 'NONE',  ( 163.0978766674359974, -152.9723504732990307, 67.03422700578749982 ) ) ;
#11530 = VECTOR ( 'NONE', #5565, 1000.000000000000000 ) ;
#11531 = DIRECTION ( 'NONE',  ( -1.154753161494889741E-16, 1.000000000000000000, 5.842532534022360181E-15 ) ) ;
#11532 = LINE ( 'NONE', #10604, #11876 ) ;
#11533 = DIRECTION ( 'NONE',  ( -1.405764415695050220E-14, -2.326251989482290231E-15, -1.000000000000000000 ) ) ;
#11534 = ADVANCED_FACE ( 'NONE', ( #1784 ), #5546, .F. ) ;
#11535 = DIRECTION ( 'NONE',  ( -2.602085213964869829E-17, -1.000000000000000000, 1.526556658859589750E-16 ) ) ;
#11536 = VERTEX_POINT ( 'NONE', #1844 ) ;
#11537 = ORIENTED_EDGE ( 'NONE', *, *, #9341, .F. ) ;
#11538 = CARTESIAN_POINT ( 'NONE',  ( 162.4747013327138347, -139.7883941508423788, 67.06870265019151134 ) ) ;
#11539 = EDGE_CURVE ( 'NONE', #9368, #4008, #1091, .T. ) ;
#11540 = ORIENTED_EDGE ( 'NONE', *, *, #4518, .F. ) ;
#11541 = CARTESIAN_POINT ( 'NONE',  ( 132.7994557802945792, -140.2689437751486992, 67.19263099388237492 ) ) ;
#11542 = VECTOR ( 'NONE', #2152, 1000.000000000000227 ) ;
#11543 = ORIENTED_EDGE ( 'NONE', *, *, #5651, .F. ) ;
#11544 = CARTESIAN_POINT ( 'NONE',  ( 133.2171133453900609, -153.4297640746490572, 66.75884140268442479 ) ) ;
#11545 = ORIENTED_EDGE ( 'NONE', *, *, #10938, .T. ) ;
#11546 = DIRECTION ( 'NONE',  ( -0.7071067811865474617, 0.7071067811865474617, -1.586192039558948629E-16 ) ) ;
#11547 = PLANE ( 'NONE',  #10451 ) ;
#11548 = DIRECTION ( 'NONE',  ( 0.000000000000000000, 0.000000000000000000, -1.000000000000000000 ) ) ;
#11549 = AXIS2_PLACEMENT_3D ( 'NONE', #9339, #7502, #2810 ) ;
#11550 = CARTESIAN_POINT ( 'NONE',  ( 158.5171131927750139, -148.4297640746490003, 102.0997837512840078 ) ) ;
#11551 = AXIS2_PLACEMENT_3D ( 'NONE', #2756, #2693, #1777 ) ;
#11552 = CARTESIAN_POINT ( 'NONE',  ( 139.1025978581049856, -145.2633924667839835, 105.3679489095639923 ) ) ;
#11553 = EDGE_CURVE ( 'NONE', #1317, #7709, #6499, .T. ) ;
#11554 = CARTESIAN_POINT ( 'NONE',  ( 160.2171131927750025, -148.2297640746490117, 103.7997837512839965 ) ) ;
#11555 = PLANE ( 'NONE',  #2341 ) ;
#11556 = CARTESIAN_POINT ( 'NONE',  ( 169.9786284033264963, -120.4297680637880035, 53.38549640900549775 ) ) ;
#11557 = EDGE_LOOP ( 'NONE', ( #11053, #1236, #6688, #3262, #7727 ) ) ;
#11558 = VERTEX_POINT ( 'NONE', #6085 ) ;
#11559 = CARTESIAN_POINT ( 'NONE',  ( 158.5171131927750139, -148.2297640746490117, 105.4997837512840135 ) ) ;
#11560 = EDGE_LOOP ( 'NONE', ( #2594, #11572 ) ) ;
#11561 = AXIS2_PLACEMENT_3D ( 'NONE', #4113, #4986, #9593 ) ;
#11562 = DIRECTION ( 'NONE',  ( -3.683226109728400325E-15, -1.000000000000000000, 0.000000000000000000 ) ) ;
#11563 = DIRECTION ( 'NONE',  ( 2.602085213964869829E-17, 1.000000000000000000, -1.526556658859589750E-16 ) ) ;
#11564 = LINE ( 'NONE', #7867, #1238 ) ;
#11565 = FACE_OUTER_BOUND ( 'NONE', #2672, .T. ) ;
#11566 = CARTESIAN_POINT ( 'NONE',  ( 132.6106248479624128, -114.4297640215114029, 60.27765112427590566 ) ) ;
#11567 = AXIS2_PLACEMENT_3D ( 'NONE', #281, #1394, #4032 ) ;
#11568 = ORIENTED_EDGE ( 'NONE', *, *, #749, .T. ) ;
#11569 = LINE ( 'NONE', #4049, #7818 ) ;
#11570 = VERTEX_POINT ( 'NONE', #11738 ) ;
#11571 = VERTEX_POINT ( 'NONE', #5673 ) ;
#11572 = ORIENTED_EDGE ( 'NONE', *, *, #6944, .F. ) ;
#11573 = CARTESIAN_POINT ( 'NONE',  ( 162.9674195099729843, -141.0614477555140240, 69.49767125025390158 ) ) ;
#11574 = EDGE_CURVE ( 'NONE', #8320, #9326, #3651, .T. ) ;
#11575 = AXIS2_PLACEMENT_3D ( 'NONE', #8225, #4468, #11856 ) ;
#11576 = EDGE_CURVE ( 'NONE', #6861, #9568, #4912, .T. ) ;
#11577 = FACE_OUTER_BOUND ( 'NONE', #12138, .T. ) ;
#11578 = CARTESIAN_POINT ( 'NONE',  ( 132.3433269686866822, -141.3403586391207796, 67.99999991151645418 ) ) ;
#11579 = DIRECTION ( 'NONE',  ( -1.000000000000000000, 0.000000000000000000, 0.000000000000000000 ) ) ;
#11580 = ORIENTED_EDGE ( 'NONE', *, *, #11539, .T. ) ;
#11581 = CYLINDRICAL_SURFACE ( 'NONE', #2988, 11.54238125198780729 ) ;
#11582 = ORIENTED_EDGE ( 'NONE', *, *, #2425, .F. ) ;
#11583 = AXIS2_PLACEMENT_3D ( 'NONE', #5368, #9240, #9118 ) ;
#11584 = CARTESIAN_POINT ( 'NONE',  ( 122.1500543701825592, -149.1501942237256344, 55.68898322643203613 ) ) ;
#11585 = ORIENTED_EDGE ( 'NONE', *, *, #10841, .T. ) ;
#11586 = CARTESIAN_POINT ( 'NONE',  ( 132.5108567147170220, -141.1360200526030155, 68.99847337170940875 ) ) ;
#11587 = ADVANCED_FACE ( 'NONE', ( #2192 ), #7595, .T. ) ;
#11588 = CARTESIAN_POINT ( 'NONE',  ( 163.2171133453904872, -154.4297640215109766, 62.24960223581889807 ) ) ;
#11589 = ORIENTED_EDGE ( 'NONE', *, *, #7405, .T. ) ;
#11590 = DIRECTION ( 'NONE',  ( 5.075800897900750411E-15, -1.000000000000000000, -6.432020515982920536E-15 ) ) ;
#11591 = COLOUR_RGB ( '',0.1882352941176470562, 0.2313725490196078538, 0.5882352941176470784 ) ;
#11592 = DIRECTION ( 'NONE',  ( -1.000000000000000000, 0.000000000000000000, 0.000000000000000000 ) ) ;
#11593 = EDGE_CURVE ( 'NONE', #5800, #8603, #10813, .T. ) ;
#11594 = DIRECTION ( 'NONE',  ( 1.000000000000000000, 0.000000000000000000, 0.000000000000000000 ) ) ;
#11595 = DIRECTION ( 'NONE',  ( 1.778958924614190116E-14, 1.000000000000000000, 0.000000000000000000 ) ) ;
#11596 = DIRECTION ( 'NONE',  ( 0.000000000000000000, -1.000000000000000000, 1.526556658859589750E-16 ) ) ;
#11597 = VERTEX_POINT ( 'NONE', #7799 ) ;
#11598 = VERTEX_POINT ( 'NONE', #11559 ) ;
#11599 = CARTESIAN_POINT ( 'NONE',  ( 132.2717917266852226, -114.4297640215114029, 57.29751360743310329 ) ) ;
#11600 = AXIS2_PLACEMENT_3D ( 'NONE', #40, #8588, #9448 ) ;
#11601 = ORIENTED_EDGE ( 'NONE', *, *, #5888, .F. ) ;
#11602 = DIRECTION ( 'NONE',  ( -0.7071067811865490160, -0.7071067811865460184, 1.665334536937740135E-15 ) ) ;
#11603 = ORIENTED_EDGE ( 'NONE', *, *, #2615, .F. ) ;
#11604 = CARTESIAN_POINT ( 'NONE',  ( 157.6742201265760173, -134.4726572934629871, 67.99999991151629786 ) ) ;
#11605 = VERTEX_POINT ( 'NONE', #7740 ) ;
#11606 = EDGE_CURVE ( 'NONE', #6476, #9563, #9641, .T. ) ;
#11607 = DIRECTION ( 'NONE',  ( -2.481542635936070113E-24, 6.573933234426810631E-15, -1.000000000000000000 ) ) ;
#11608 = DIRECTION ( 'NONE',  ( -0.7071067811865605623, 0.7071067811865345831, 9.547918011776444066E-15 ) ) ;
#11609 = DIRECTION ( 'NONE',  ( 7.192615532033639685E-24, -1.000000000000000000, -6.573933234426810631E-15 ) ) ;
#11610 = EDGE_CURVE ( 'NONE', #10857, #10536, #510, .T. ) ;
#11611 = CARTESIAN_POINT ( 'NONE',  ( 163.1087258513475149, -120.4297680637882024, 62.66078637172639532 ) ) ;
#11612 = CARTESIAN_POINT ( 'NONE',  ( 139.0930724166267964, -145.1167262610990178, 105.5162160053152718 ) ) ;
#11613 = DIRECTION ( 'NONE',  ( -1.666513209668970211E-24, 1.000000000000000000, 6.661338147750930565E-15 ) ) ;
#11614 = CARTESIAN_POINT ( 'NONE',  ( 124.1173371655501256, -139.0956618035817485, 54.37670245577359651 ) ) ;
#11615 = CARTESIAN_POINT ( 'NONE',  ( 162.2171133453900040, -135.4297640746490288, 69.99999991151639733 ) ) ;
#11616 = ORIENTED_EDGE ( 'NONE', *, *, #247, .T. ) ;
#11617 = ORIENTED_EDGE ( 'NONE', *, *, #8111, .T. ) ;
#11618 = CARTESIAN_POINT ( 'NONE',  ( 132.3423518083260149, -140.4202140495609683, 66.81583792319159443 ) ) ;
#11619 = ORIENTED_EDGE ( 'NONE', *, *, #5930, .F. ) ;
#11620 = ADVANCED_FACE ( 'NONE', ( #3171 ), #10748, .T. ) ;
#11621 = CARTESIAN_POINT ( 'NONE',  ( 161.4897813083393885, -121.6957625855250598, 62.39253851982253707 ) ) ;
#11622 = CARTESIAN_POINT ( 'NONE',  ( 162.0209365267924966, -147.1833324234449947, 54.47436513418849557 ) ) ;
#11623 = LINE ( 'NONE', #9587, #9896 ) ;
#11624 = CARTESIAN_POINT ( 'NONE',  ( 169.9786284033270078, -138.1586012779320072, 53.38549640900540538 ) ) ;
#11625 = CARTESIAN_POINT ( 'NONE',  ( 132.5100065642033940, -135.1368708558355820, 70.29289313032991515 ) ) ;
#11626 = CIRCLE ( 'NONE', #5533, 2.349999999999990763 ) ;
#11627 = ORIENTED_EDGE ( 'NONE', *, *, #9183, .F. ) ;
#11628 = FACE_OUTER_BOUND ( 'NONE', #8207, .T. ) ;
#11629 = ORIENTED_EDGE ( 'NONE', *, *, #8607, .T. ) ;
#11630 = ORIENTED_EDGE ( 'NONE', *, *, #8062, .T. ) ;
#11631 = VERTEX_POINT ( 'NONE', #1334 ) ;
#11632 = CARTESIAN_POINT ( 'NONE',  ( 134.2301530247285370, -140.4666556104702408, 105.6536585574300631 ) ) ;
#11633 = B_SPLINE_CURVE_WITH_KNOTS ( 'NONE', 3,
 ( #4018, #8582, #3901, #396, #2115, #4892, #206, #11538, #6863, #5876, #5935, #9681, #5015, #454, #7230 ),
 .UNSPECIFIED., .F., .F.,
 ( 4, 2, 2, 1, 1, 1, 2, 2, 4 ),
 ( 0.000000000000000000, 0.2499999999995483613, 0.3749999999993225419, 0.4374999999992301714, 0.4687499999991839861, 0.4843749999991608379, 0.4921874999991525113, 0.4999999999991442401, 1.000000000000000000 ),
 .UNSPECIFIED. ) ;
#11634 = LINE ( 'NONE', #4186, #11441 ) ;
#11635 = DIRECTION ( 'NONE',  ( 0.000000000000000000, 1.000000000000000000, 6.573933234426810631E-15 ) ) ;
#11636 = VECTOR ( 'NONE', #1753, 1000.000000000000000 ) ;
#11637 = AXIS2_PLACEMENT_3D ( 'NONE', #8002, #5052, #3130 ) ;
#11638 = ORIENTED_EDGE ( 'NONE', *, *, #456, .F. ) ;
#11639 = CARTESIAN_POINT ( 'NONE',  ( 163.1910860178875282, -141.5822297319619452, 68.99999991151629786 ) ) ;
#11640 = ADVANCED_FACE ( 'NONE', ( #8101 ), #3476, .T. ) ;
#11641 = ORIENTED_EDGE ( 'NONE', *, *, #8426, .F. ) ;
#11642 = LINE ( 'NONE', #1481, #9723 ) ;
#11643 = ORIENTED_EDGE ( 'NONE', *, *, #3551, .F. ) ;
#11644 = ORIENTED_EDGE ( 'NONE', *, *, #772, .F. ) ;
#11645 = CARTESIAN_POINT ( 'NONE',  ( 136.8075515762444070, -143.6131423475101769, 106.3643259181410201 ) ) ;
#11646 = VECTOR ( 'NONE', #6044, 1000.000000000000000 ) ;
#11647 = CARTESIAN_POINT ( 'NONE',  ( 161.1390429161156419, -121.6386533349500212, 58.43056657114417618 ) ) ;
#11648 = ORIENTED_EDGE ( 'NONE', *, *, #5117, .T. ) ;
#11649 = CARTESIAN_POINT ( 'NONE',  ( 132.3771133453899722, -144.5297640215119941, 66.55091634279270352 ) ) ;
#11650 = CARTESIAN_POINT ( 'NONE',  ( 163.1409928779009988, -141.4612942046570083, 68.81249981955798489 ) ) ;
#11651 = CARTESIAN_POINT ( 'NONE',  ( 160.2171133453899756, -140.4297640215119998, 99.26432591814179318 ) ) ;
#11652 = CARTESIAN_POINT ( 'NONE',  ( 163.2171133453900040, -140.4297640215119998, 96.26432591814179318 ) ) ;
#11653 = DIRECTION ( 'NONE',  ( 0.7071067804202438856, 0.000000000000000000, -0.7071067819528512599 ) ) ;
#11654 = EDGE_CURVE ( 'NONE', #2705, #4557, #11127, .T. ) ;
#11655 = EDGE_LOOP ( 'NONE', ( #7625, #7720, #2779, #9407, #205, #10964, #2474 ) ) ;
#11656 = VERTEX_POINT ( 'NONE', #593 ) ;
#11657 = CARTESIAN_POINT ( 'NONE',  ( 135.2171133453900040, -143.4297640215119714, 100.6910126813450006 ) ) ;
#11658 = ORIENTED_EDGE ( 'NONE', *, *, #9642, .F. ) ;
#11659 = CARTESIAN_POINT ( 'NONE',  ( 132.3248864417801656, -139.0155506940685086, 66.52198657027977902 ) ) ;
#11660 = EDGE_CURVE ( 'NONE', #861, #8784, #4287, .T. ) ;
#11661 = VERTEX_POINT ( 'NONE', #9946 ) ;
#11662 = DIRECTION ( 'NONE',  ( 0.7071067811865475727, -0.7071067811865475727, 1.586192039558947890E-16 ) ) ;
#11663 = ORIENTED_EDGE ( 'NONE', *, *, #5964, .F. ) ;
#11664 = VECTOR ( 'NONE', #12176, 1000.000000000000000 ) ;
#11665 = DIRECTION ( 'NONE',  ( 0.4001450253381057531, 5.551115123125785069E-15, -0.9164518310839727677 ) ) ;
#11666 = CARTESIAN_POINT ( 'NONE',  ( 136.9171131927749911, -148.2297640746490117, 102.0997837512840078 ) ) ;
#11667 = DIRECTION ( 'NONE',  ( 0.000000000000000000, 1.000000000000000000, 7.105427357601000281E-15 ) ) ;
#11668 = FACE_OUTER_BOUND ( 'NONE', #2028, .T. ) ;
#11669 = CARTESIAN_POINT ( 'NONE',  ( 133.2171133453900040, -136.4297640746490288, 65.99999991151649681 ) ) ;
#11670 = DIRECTION ( 'NONE',  ( 0.7071067811865475727, 0.000000000000000000, -0.7071067811865475727 ) ) ;
#11671 = EDGE_CURVE ( 'NONE', #6410, #3631, #4348, .T. ) ;
#11672 = DIRECTION ( 'NONE',  ( 2.602085213964869829E-17, 1.000000000000000000, -1.526556658859589750E-16 ) ) ;
#11673 = CARTESIAN_POINT ( 'NONE',  ( 162.2171133453900040, -139.0155505122760076, 66.99999991151639733 ) ) ;
#11674 = EDGE_CURVE ( 'NONE', #805, #4002, #5333, .T. ) ;
#11675 = VECTOR ( 'NONE', #28, 1000.000000000000000 ) ;
#11676 = EDGE_LOOP ( 'NONE', ( #1107, #5668, #9353, #1554 ) ) ;
#11677 = ORIENTED_EDGE ( 'NONE', *, *, #5407, .T. ) ;
#11678 = CARTESIAN_POINT ( 'NONE',  ( 132.5591593420090248, -140.9916192006610061, 67.55263121616749800 ) ) ;
#11679 = EDGE_CURVE ( 'NONE', #4128, #6015, #11923, .T. ) ;
#11680 = DIRECTION ( 'NONE',  ( 0.7071067811846112328, 3.068939624242000717E-07, 0.7071067811884171883 ) ) ;
#11681 = ORIENTED_EDGE ( 'NONE', *, *, #560, .F. ) ;
#11682 = EDGE_CURVE ( 'NONE', #3154, #10555, #1516, .T. ) ;
#11683 = DIRECTION ( 'NONE',  ( -1.000000000000000000, 0.000000000000000000, 8.810118433399840573E-15 ) ) ;
#11684 = CARTESIAN_POINT ( 'NONE',  ( 125.4555982874533981, -148.4297640215245906, 53.38549640900530591 ) ) ;
#11685 = VECTOR ( 'NONE', #4139, 1000.000000000000000 ) ;
#11686 = LINE ( 'NONE', #3051, #6758 ) ;
#11687 = CARTESIAN_POINT ( 'NONE',  ( 132.7171321604621994, -140.5154940670578014, 67.29299979819460020 ) ) ;
#11688 = CARTESIAN_POINT ( 'NONE',  ( 130.2171130507902035, -148.4297640215245906, 57.18420255986910661 ) ) ;
#11689 = ORIENTED_EDGE ( 'NONE', *, *, #10976, .F. ) ;
#11690 = LINE ( 'NONE', #10516, #9394 ) ;
#11691 = ADVANCED_FACE ( 'NONE', ( #11859 ), #3538, .T. ) ;
#11692 = ORIENTED_EDGE ( 'NONE', *, *, #4664, .F. ) ;
#11693 = ORIENTED_EDGE ( 'NONE', *, *, #11152, .F. ) ;
#11694 = EDGE_CURVE ( 'NONE', #6045, #9, #1455, .T. ) ;
#11695 = VERTEX_POINT ( 'NONE', #781 ) ;
#11696 = CARTESIAN_POINT ( 'NONE',  ( 170.4671133304890134, -154.4297640215109766, 62.75000000000000000 ) ) ;
#11697 = CARTESIAN_POINT ( 'NONE',  ( 134.6491605087919936, -140.7226841648190145, 106.0714113843501991 ) ) ;
#11698 = DIRECTION ( 'NONE',  ( 2.178471594150924982E-16, -1.000000000000000000, -6.605167180779930722E-15 ) ) ;
#11699 = CIRCLE ( 'NONE', #3235, 1.700000000000007061 ) ;
#11700 = CARTESIAN_POINT ( 'NONE',  ( 132.2171133453900040, -152.4297640746490003, 95.20718002819110382 ) ) ;
#11701 = ORIENTED_EDGE ( 'NONE', *, *, #7108, .F. ) ;
#11702 = DIRECTION ( 'NONE',  ( 1.000000000000000000, -2.602085213964869829E-17, 7.166576360129189239E-17 ) ) ;
#11703 = EDGE_CURVE ( 'NONE', #1093, #1395, #7249, .T. ) ;
#11704 = ORIENTED_EDGE ( 'NONE', *, *, #5030, .T. ) ;
#11705 = CARTESIAN_POINT ( 'NONE',  ( 132.7273600566730920, -153.3112640083010092, 67.03505563330955397 ) ) ;
#11706 = ORIENTED_EDGE ( 'NONE', *, *, #5144, .T. ) ;
#11707 = VERTEX_POINT ( 'NONE', #4535 ) ;
#11708 = CONICAL_SURFACE ( 'NONE', #1870, 9.499999999999998224, 0.7853981633974476129 ) ;
#11709 = DIRECTION ( 'NONE',  ( 2.602085213964869829E-17, 1.000000000000000000, -1.526556658859589750E-16 ) ) ;
#11710 = VERTEX_POINT ( 'NONE', #3413 ) ;
#11711 = CARTESIAN_POINT ( 'NONE',  ( 134.2171133453900040, -138.0155505122760076, 68.99999991151649681 ) ) ;
#11712 = CYLINDRICAL_SURFACE ( 'NONE', #740, 1.000000000000006217 ) ;
#11713 = DIRECTION ( 'NONE',  ( -1.902335516806544655E-16, -1.000000000000000000, -4.379266297407600859E-15 ) ) ;
#11714 = VECTOR ( 'NONE', #6133, 1000.000000000000114 ) ;
#11715 = AXIS2_PLACEMENT_3D ( 'NONE', #9358, #6411, #11211 ) ;
#11716 = CARTESIAN_POINT ( 'NONE',  ( 160.2171131927750025, -148.0297640746490231, 102.0997837512840078 ) ) ;
#11717 = ORIENTED_EDGE ( 'NONE', *, *, #1441, .F. ) ;
#11718 = ORIENTED_EDGE ( 'NONE', *, *, #6654, .T. ) ;
#11719 = DIRECTION ( 'NONE',  ( -1.000000000000000000, 2.602085213964869829E-17, -7.166576360129189239E-17 ) ) ;
#11720 = VERTEX_POINT ( 'NONE', #3600 ) ;
#11721 = DIRECTION ( 'NONE',  ( 2.602085213964869829E-17, 1.000000000000000000, -1.526556658859589750E-16 ) ) ;
#11722 = VERTEX_POINT ( 'NONE', #718 ) ;
#11723 = CARTESIAN_POINT ( 'NONE',  ( 132.2171133453900040, -135.4297640746490288, 70.99999991151649681 ) ) ;
#11724 = CIRCLE ( 'NONE', #11924, 0.5899999999999873124 ) ;
#11725 = VECTOR ( 'NONE', #641, 999.9999999999998863 ) ;
#11726 = EDGE_CURVE ( 'NONE', #3269, #5558, #1582, .T. ) ;
#11727 = LINE ( 'NONE', #1258, #1090 ) ;
#11728 = ADVANCED_FACE ( 'NONE', ( #1640 ), #8961, .T. ) ;
#11729 = DIRECTION ( 'NONE',  ( 1.000000000000000000, 0.000000000000000000, 0.000000000000000000 ) ) ;
#11730 = CARTESIAN_POINT ( 'NONE',  ( 132.2171133453900040, -154.4297640746490003, 58.25000000000000000 ) ) ;
#11731 = FACE_OUTER_BOUND ( 'NONE', #9262, .T. ) ;
#11732 = CIRCLE ( 'NONE', #1899, 2.349999999999990763 ) ;
#11733 = DIRECTION ( 'NONE',  ( 4.666241877321180938E-16, 1.526556658859569782E-16, 1.000000000000000000 ) ) ;
#11734 = CARTESIAN_POINT ( 'NONE',  ( 164.2171132435119887, -119.4297640746489861, 62.74999974667980496 ) ) ;
#11735 = B_SPLINE_CURVE_WITH_KNOTS ( 'NONE', 3,
 ( #11278, #3818, #5733, #3007 ),
 .UNSPECIFIED., .F., .F.,
 ( 4, 4 ),
 ( 0.000000000000000000, 1.000000000000000000 ),
 .UNSPECIFIED. ) ;
#11736 = ORIENTED_EDGE ( 'NONE', *, *, #7523, .F. ) ;
#11737 = ORIENTED_EDGE ( 'NONE', *, *, #2791, .T. ) ;
#11738 = CARTESIAN_POINT ( 'NONE',  ( 132.3771133453899722, -152.9723504732990307, 67.14091634279270693 ) ) ;
#11739 = CARTESIAN_POINT ( 'NONE',  ( 157.6248169134119905, -148.4297640746490003, 105.4997837512840135 ) ) ;
#11740 = ORIENTED_EDGE ( 'NONE', *, *, #9186, .F. ) ;
#11741 =( BOUNDED_CURVE ( )  B_SPLINE_CURVE ( 3, ( #10722, #5248, #10049, #7043 ),
 .UNSPECIFIED., .F., .F. ) 
 B_SPLINE_CURVE_WITH_KNOTS ( ( 4, 4 ),
 ( 4.240545301862365315E-16, 1.570796326794895004 ),
 .UNSPECIFIED. ) 
 CURVE ( )  GEOMETRIC_REPRESENTATION_ITEM ( )  RATIONAL_B_SPLINE_CURVE ( ( 1.000000000000000000, 0.8047378541243659367, 0.8047378541243659367, 1.000000000000000000 ) ) 
 REPRESENTATION_ITEM ( '' )  );
#11742 = LINE ( 'NONE', #8788, #4428 ) ;
#11743 = AXIS2_PLACEMENT_3D ( 'NONE', #9153, #8175, #11936 ) ;
#11744 = EDGE_CURVE ( 'NONE', #9532, #4988, #9144, .T. ) ;
#11745 = AXIS2_PLACEMENT_3D ( 'NONE', #5143, #11791, #7056 ) ;
#11746 = DIRECTION ( 'NONE',  ( -1.000000000000000000, -8.405479030088098400E-17, -8.405479030087938162E-17 ) ) ;
#11747 = DIRECTION ( 'NONE',  ( 0.9334193940513797472, 0.000000000000000000, 0.3587871720236870954 ) ) ;
#11748 = CARTESIAN_POINT ( 'NONE',  ( 130.2171133453899756, -134.0920877878091915, 62.25000000000000000 ) ) ;
#11749 = EDGE_CURVE ( 'NONE', #1428, #7826, #9937, .T. ) ;
#11750 = CARTESIAN_POINT ( 'NONE',  ( 132.9242201265763867, -134.4297640746490288, 81.20715713265418856 ) ) ;
#11751 = DIRECTION ( 'NONE',  ( 3.752643576907700278E-15, 1.000000000000000000, -1.526556658859589750E-16 ) ) ;
#11752 = ORIENTED_EDGE ( 'NONE', *, *, #11502, .F. ) ;
#11753 = CARTESIAN_POINT ( 'NONE',  ( 162.9240112760539887, -139.0155507851639811, 70.29309677783101051 ) ) ;
#11754 = VECTOR ( 'NONE', #5767, 1000.000000000000000 ) ;
#11755 = VERTEX_POINT ( 'NONE', #11054 ) ;
#11756 = VERTEX_POINT ( 'NONE', #2433 ) ;
#11757 = VECTOR ( 'NONE', #2591, 1000.000000000000114 ) ;
#11758 = ORIENTED_EDGE ( 'NONE', *, *, #5060, .T. ) ;
#11759 = DIRECTION ( 'NONE',  ( 0.000000000000000000, -1.000000000000000000, 1.526556658860419780E-16 ) ) ;
#11760 = EDGE_CURVE ( 'NONE', #9298, #5758, #10997, .T. ) ;
#11761 = CARTESIAN_POINT ( 'NONE',  ( 163.2171133453900040, -153.4297640746490003, 98.70216526821819514 ) ) ;
#11762 = CONICAL_SURFACE ( 'NONE', #2318, 23.75049366970479880, 0.7853981633974532750 ) ;
#11763 = CARTESIAN_POINT ( 'NONE',  ( 134.9951354102913683, -120.7954219240870231, 59.52014131862847535 ) ) ;
#11764 = AXIS2_PLACEMENT_3D ( 'NONE', #10151, #8311, #4494 ) ;
#11765 = CARTESIAN_POINT ( 'NONE',  ( 135.2171131927750309, -148.2297640746490117, 103.7997837512839965 ) ) ;
#11766 = EDGE_CURVE ( 'NONE', #8822, #8069, #10142, .T. ) ;
#11767 = FILL_AREA_STYLE_COLOUR ( '', #2872 ) ;
#11768 = ORIENTED_EDGE ( 'NONE', *, *, #8183, .F. ) ;
#11769 = FACE_OUTER_BOUND ( 'NONE', #7607, .T. ) ;
#11770 = VERTEX_POINT ( 'NONE', #11363 ) ;
#11771 = ORIENTED_EDGE ( 'NONE', *, *, #11553, .T. ) ;
#11772 = AXIS2_PLACEMENT_3D ( 'NONE', #8178, #10026, #9222 ) ;
#11773 = ORIENTED_EDGE ( 'NONE', *, *, #7161, .F. ) ;
#11774 = CARTESIAN_POINT ( 'NONE',  ( 132.2171133453900040, -141.8439742688830165, 68.99694316647179448 ) ) ;
#11775 = VERTEX_POINT ( 'NONE', #2673 ) ;
#11776 = EDGE_CURVE ( 'NONE', #4257, #2558, #8411, .T. ) ;
#11777 = CARTESIAN_POINT ( 'NONE',  ( 163.2171133453903451, -152.6985251767136731, 98.70216526821883463 ) ) ;
#11778 = CARTESIAN_POINT ( 'NONE',  ( 174.2852309984259875, -150.3616463760650106, 108.6871770333523983 ) ) ;
#11779 = AXIS2_PLACEMENT_3D ( 'NONE', #11179, #8470, #10251 ) ;
#11780 = DIRECTION ( 'NONE',  ( -1.000000000000000000, -2.428612916362670047E-16, -3.588144190172699795E-15 ) ) ;
#11781 = VECTOR ( 'NONE', #3571, 1000.000000000000000 ) ;
#11782 = DIRECTION ( 'NONE',  ( 1.666513234320874969E-24, -1.000000000000000000, -7.105427357601000281E-15 ) ) ;
#11783 = ORIENTED_EDGE ( 'NONE', *, *, #9165, .T. ) ;
#11784 = ORIENTED_EDGE ( 'NONE', *, *, #11235, .F. ) ;
#11785 = DIRECTION ( 'NONE',  ( -0.7071067811865709984, 0.000000000000000000, 0.7071067811865240360 ) ) ;
#11786 = ORIENTED_EDGE ( 'NONE', *, *, #8004, .T. ) ;
#11787 = LINE ( 'NONE', #3397, #10345 ) ;
#11788 = PLANE ( 'NONE',  #4125 ) ;
#11789 = VECTOR ( 'NONE', #3534, 1000.000000000000000 ) ;
#11790 = CARTESIAN_POINT ( 'NONE',  ( 127.8421133528405988, -154.4297640215114882, 61.12499999254929861 ) ) ;
#11791 = DIRECTION ( 'NONE',  ( 0.000000000000000000, 1.000000000000000000, -1.526556658859589750E-16 ) ) ;
#11792 = DIRECTION ( 'NONE',  ( 2.602085213964884620E-17, 1.000000000000000000, -1.526556658859589750E-16 ) ) ;
#11793 = DIRECTION ( 'NONE',  ( 7.166576360129189239E-17, -1.526556658859589750E-16, -1.000000000000000000 ) ) ;
#11794 = CARTESIAN_POINT ( 'NONE',  ( 155.4671133340039830, -153.4297640746490003, 65.95898615365631201 ) ) ;
#11795 = LINE ( 'NONE', #5028, #11005 ) ;
#11796 = EDGE_CURVE ( 'NONE', #12006, #2839, #8611, .T. ) ;
#11797 = ORIENTED_EDGE ( 'NONE', *, *, #2984, .T. ) ;
#11798 = ORIENTED_EDGE ( 'NONE', *, *, #6578, .F. ) ;
#11799 = CARTESIAN_POINT ( 'NONE',  ( 131.2171133605709770, -153.4297640746490003, 62.74999974667999680 ) ) ;
#11800 = CARTESIAN_POINT ( 'NONE',  ( 126.8043469377704042, -119.4297640215114029, 57.75000000000000000 ) ) ;
#11801 = ORIENTED_EDGE ( 'NONE', *, *, #3625, .F. ) ;
#11802 = CARTESIAN_POINT ( 'NONE',  ( 158.5834021859320160, -140.4297640215119998, 100.6909950527140012 ) ) ;
#11803 = DIRECTION ( 'NONE',  ( 0.000000000000000000, 0.7071067811865405783, -0.7071067811865544561 ) ) ;
#11804 = DIRECTION ( 'NONE',  ( -0.4999999999999754086, -0.5000000000000032196, 0.7071067811865627828 ) ) ;
#11805 = CARTESIAN_POINT ( 'NONE',  ( 163.3171131927749968, -154.4297640746490003, 103.7997837512839965 ) ) ;
#11806 = CARTESIAN_POINT ( 'NONE',  ( 132.2171133453900040, -146.1405505233339852, 93.86432591814029536 ) ) ;
#11807 = CARTESIAN_POINT ( 'NONE',  ( 160.9621133453899802, -141.6847640177189760, 81.48827271726611343 ) ) ;
#11808 = ORIENTED_EDGE ( 'NONE', *, *, #2783, .T. ) ;
#11809 = DIRECTION ( 'NONE',  ( 0.9334193940513797472, 0.000000000000000000, 0.3587871720236870954 ) ) ;
#11810 = EDGE_CURVE ( 'NONE', #10160, #2614, #10312, .T. ) ;
#11811 = B_SPLINE_CURVE_WITH_KNOTS ( 'NONE', 3,
 ( #8329, #8268, #12027, #994, #1678, #757, #7474, #12090, #6548, #11033, #2653, #6427, #4755, #10170 ),
 .UNSPECIFIED., .F., .F.,
 ( 4, 2, 2, 2, 2, 2, 4 ),
 ( 0.000000000000000000, 0.1249999999999951150, 0.2499999999999902300, 0.3749999999999853451, 0.4374999999999906741, 0.4999999999999960032, 1.000000000000000000 ),
 .UNSPECIFIED. ) ;
#11812 = ORIENTED_EDGE ( 'NONE', *, *, #395, .T. ) ;
#11813 = ORIENTED_EDGE ( 'NONE', *, *, #10664, .T. ) ;
#11814 = ORIENTED_EDGE ( 'NONE', *, *, #10802, .T. ) ;
#11815 = EDGE_CURVE ( 'NONE', #2668, #3098, #10195, .T. ) ;
#11816 = CYLINDRICAL_SURFACE ( 'NONE', #3127, 0.9999999999999957812 ) ;
#11817 = CARTESIAN_POINT ( 'NONE',  ( 133.0664558081502094, -138.4595744938966106, 53.47602185630480420 ) ) ;
#11818 = CARTESIAN_POINT ( 'NONE',  ( 139.9671133340039830, -153.4297640746490003, 65.95898615365621254 ) ) ;
#11819 = VECTOR ( 'NONE', #4088, 1000.000000000000000 ) ;
#11820 = CARTESIAN_POINT ( 'NONE',  ( 164.2171132922429706, -142.4297640746490003, 81.50005036263719660 ) ) ;
#11821 = DIRECTION ( 'NONE',  ( 0.000000000000000000, 0.000000000000000000, 1.000000000000000000 ) ) ;
#11822 = VERTEX_POINT ( 'NONE', #2917 ) ;
#11823 = FACE_OUTER_BOUND ( 'NONE', #8191, .T. ) ;
#11824 = ORIENTED_EDGE ( 'NONE', *, *, #5678, .T. ) ;
#11825 = VECTOR ( 'NONE', #7583, 1000.000000000000227 ) ;
#11826 = DIRECTION ( 'NONE',  ( -1.214306509787359922E-16, 1.000000000000000000, 6.573933234426810631E-15 ) ) ;
#11827 = EDGE_CURVE ( 'NONE', #4372, #3273, #8371, .T. ) ;
#11828 = ORIENTED_EDGE ( 'NONE', *, *, #2733, .F. ) ;
#11829 = ORIENTED_EDGE ( 'NONE', *, *, #8338, .T. ) ;
#11830 = EDGE_CURVE ( 'NONE', #5486, #6552, #2268, .T. ) ;
#11831 = DIRECTION ( 'NONE',  ( 4.777459570806679680E-17, -1.000000000000000000, 1.242902181604709870E-16 ) ) ;
#11832 = EDGE_LOOP ( 'NONE', ( #1496, #2827, #455, #2930 ) ) ;
#11833 = ADVANCED_FACE ( 'NONE', ( #6512 ), #9447, .T. ) ;
#11834 = PLANE ( 'NONE',  #8772 ) ;
#11835 = AXIS2_PLACEMENT_3D ( 'NONE', #6562, #775, #12101 ) ;
#11836 = CARTESIAN_POINT ( 'NONE',  ( 166.4636218892495947, -148.9439769065069186, 50.59377347001434089 ) ) ;
#11837 = CARTESIAN_POINT ( 'NONE',  ( 131.2171133453900040, -140.4297640215119998, 102.7500000000329976 ) ) ;
#11838 = LINE ( 'NONE', #10050, #8691 ) ;
#11839 = ORIENTED_EDGE ( 'NONE', *, *, #7288, .F. ) ;
#11840 = ORIENTED_EDGE ( 'NONE', *, *, #1888, .F. ) ;
#11841 = FACE_OUTER_BOUND ( 'NONE', #10639, .T. ) ;
#11842 = EDGE_CURVE ( 'NONE', #5724, #10884, #7372, .T. ) ;
#11843 = AXIS2_PLACEMENT_3D ( 'NONE', #6369, #1795, #8391 ) ;
#11844 = CIRCLE ( 'NONE', #3374, 0.9000000000000119016 ) ;
#11845 = ORIENTED_EDGE ( 'NONE', *, *, #9317, .F. ) ;
#11846 = CYLINDRICAL_SURFACE ( 'NONE', #9554, 14.00000000000001243 ) ;
#11847 = FACE_OUTER_BOUND ( 'NONE', #7387, .T. ) ;
#11848 = DIRECTION ( 'NONE',  ( 1.070962509852529942E-16, -1.074294580218999947E-17, -1.000000000000000000 ) ) ;
#11849 = CARTESIAN_POINT ( 'NONE',  ( 157.6248169134119905, -148.2297640746490117, 102.0997837512840078 ) ) ;
#11850 = CARTESIAN_POINT ( 'NONE',  ( 163.2171133453900040, -142.4297640746490003, 71.99999985749009568 ) ) ;
#11851 = CIRCLE ( 'NONE', #3591, 1.500000000000001332 ) ;
#11852 = DIRECTION ( 'NONE',  ( 0.003006263965839149448, -0.0004197990262394879013, -0.9999953930622607068 ) ) ;
#11853 = DIRECTION ( 'NONE',  ( 0.3198345585774040045, 0.2239505688958640384, 0.9206258728880131192 ) ) ;
#11854 = DIRECTION ( 'NONE',  ( 0.7071067811865475727, 0.000000000000000000, 0.7071067811865475727 ) ) ;
#11855 = CARTESIAN_POINT ( 'NONE',  ( 160.7171133453899756, -138.5155505122760076, 69.70710669270289372 ) ) ;
#11856 = DIRECTION ( 'NONE',  ( 0.7071067811865475727, 0.000000000000000000, -0.7071067811865475727 ) ) ;
#11857 = ORIENTED_EDGE ( 'NONE', *, *, #7674, .T. ) ;
#11858 = VERTEX_POINT ( 'NONE', #10434 ) ;
#11859 = FACE_OUTER_BOUND ( 'NONE', #5036, .T. ) ;
#11860 = CARTESIAN_POINT ( 'NONE',  ( 165.2171133453904872, -134.0920877878090209, 57.98985306244379956 ) ) ;
#11861 = ORIENTED_EDGE ( 'NONE', *, *, #2733, .T. ) ;
#11862 = AXIS2_PLACEMENT_3D ( 'NONE', #902, #11189, #8539 ) ;
#11863 = CARTESIAN_POINT ( 'NONE',  ( 160.4337132514382915, -120.6643942019319127, 61.01736953567998256 ) ) ;
#11864 = DIRECTION ( 'NONE',  ( 0.7071067811865475727, -0.7071067811865475727, 0.000000000000000000 ) ) ;
#11865 = FACE_OUTER_BOUND ( 'NONE', #4066, .T. ) ;
#11866 = EDGE_CURVE ( 'NONE', #4803, #8514, #10000, .T. ) ;
#11867 = DIRECTION ( 'NONE',  ( 2.602085213964869829E-17, 1.000000000000000000, -1.526556658859589750E-16 ) ) ;
#11868 = CARTESIAN_POINT ( 'NONE',  ( 132.2171133453900040, -135.4297640746490288, 80.50005035146759269 ) ) ;
#11869 = VECTOR ( 'NONE', #3344, 1000.000000000000000 ) ;
#11870 = DIRECTION ( 'NONE',  ( 0.7071067811865475727, -0.7071067811865475727, 1.586192039560628656E-16 ) ) ;
#11871 = CARTESIAN_POINT ( 'NONE',  ( 163.3994471967899926, -149.1854823785812130, 50.50639933806905191 ) ) ;
#11872 = VERTEX_POINT ( 'NONE', #7553 ) ;
#11873 = ORIENTED_EDGE ( 'NONE', *, *, #6731, .F. ) ;
#11874 = ORIENTED_EDGE ( 'NONE', *, *, #1292, .T. ) ;
#11875 = DIRECTION ( 'NONE',  ( 0.000000000000000000, -1.000000000000000000, 1.526556658859589750E-16 ) ) ;
#11876 = VECTOR ( 'NONE', #5929, 1000.000000000000000 ) ;
#11877 = FACE_OUTER_BOUND ( 'NONE', #12081, .T. ) ;
#11878 = EDGE_CURVE ( 'NONE', #3692, #10209, #11302, .T. ) ;
#11879 = DIRECTION ( 'NONE',  ( -1.000000000000000000, 0.000000000000000000, 0.000000000000000000 ) ) ;
#11880 = CARTESIAN_POINT ( 'NONE',  ( 134.3982738042368510, -121.5215519536615432, 58.52946413436970374 ) ) ;
#11881 = EDGE_CURVE ( 'NONE', #6363, #3121, #2859, .T. ) ;
#11882 = DIRECTION ( 'NONE',  ( 0.000000000000000000, 1.000000000000000000, -2.327875578288750051E-16 ) ) ;
#11883 = ORIENTED_EDGE ( 'NONE', *, *, #8814, .F. ) ;
#11884 = CARTESIAN_POINT ( 'NONE',  ( 139.0881057973019779, -145.2610627444949785, 109.3679489089380041 ) ) ;
#11885 = VECTOR ( 'NONE', #1262, 1000.000000000000000 ) ;
#11886 = ORIENTED_EDGE ( 'NONE', *, *, #6508, .F. ) ;
#11887 = CARTESIAN_POINT ( 'NONE',  ( 165.2171136399900035, -148.4297640215245906, 57.18420255986910661 ) ) ;
#11888 = ORIENTED_EDGE ( 'NONE', *, *, #1165, .T. ) ;
#11889 = ORIENTED_EDGE ( 'NONE', *, *, #1673, .T. ) ;
#11890 = LINE ( 'NONE', #2643, #8444 ) ;
#11891 = ORIENTED_EDGE ( 'NONE', *, *, #3030, .T. ) ;
#11892 = VECTOR ( 'NONE', #7651, 1000.000000000000000 ) ;
#11893 = CARTESIAN_POINT ( 'NONE',  ( 158.5171131927750139, -148.2297640746490117, 102.0997837512840078 ) ) ;
#11894 = LINE ( 'NONE', #8201, #11426 ) ;
#11895 = EDGE_CURVE ( 'NONE', #11775, #10068, #6633, .T. ) ;
#11896 = CARTESIAN_POINT ( 'NONE',  ( 134.2171133453900040, -140.4297640215119998, 103.6640621592560052 ) ) ;
#11897 = ADVANCED_FACE ( 'NONE', ( #837 ), #8533, .T. ) ;
#11898 = CARTESIAN_POINT ( 'NONE',  ( 161.2171133453899756, -119.4297640746489861, 69.99999991151629786 ) ) ;
#11899 = EDGE_CURVE ( 'NONE', #7452, #6143, #4439, .T. ) ;
#11900 = CARTESIAN_POINT ( 'NONE',  ( 124.2171133453900040, -154.4297640746490003, 100.7500000000290044 ) ) ;
#11901 = ORIENTED_EDGE ( 'NONE', *, *, #12087, .T. ) ;
#11902 = AXIS2_PLACEMENT_3D ( 'NONE', #3116, #3050, #11562 ) ;
#11903 = ADVANCED_FACE ( 'NONE', ( #2000 ), #1944, .F. ) ;
#11904 = FACE_OUTER_BOUND ( 'NONE', #9809, .T. ) ;
#11905 = ORIENTED_EDGE ( 'NONE', *, *, #4309, .F. ) ;
#11906 = LINE ( 'NONE', #5256, #10539 ) ;
#11907 = LINE ( 'NONE', #5563, #3532 ) ;
#11908 = FACE_BOUND ( 'NONE', #3751, .T. ) ;
#11909 = EDGE_CURVE ( 'NONE', #8404, #10715, #4263, .T. ) ;
#11910 = CARTESIAN_POINT ( 'NONE',  ( 120.2171133453899898, -149.4297640746490003, 103.7500000343879947 ) ) ;
#11911 = AXIS2_PLACEMENT_3D ( 'NONE', #1196, #11307, #8713 ) ;
#11912 = AXIS2_PLACEMENT_3D ( 'NONE', #1878, #7434, #2741 ) ;
#11913 = CARTESIAN_POINT ( 'NONE',  ( 137.6691431475520062, -144.1177663871559957, 107.6777075694749897 ) ) ;
#11914 = EDGE_CURVE ( 'NONE', #4851, #4802, #11926, .T. ) ;
#11915 = CARTESIAN_POINT ( 'NONE',  ( 162.9240112760539887, -139.0155507851639811, 70.29309677783101051 ) ) ;
#11916 = ADVANCED_FACE ( 'NONE', ( #10731 ), #8889, .F. ) ;
#11917 = LINE ( 'NONE', #2549, #11048 ) ;
#11918 = DIRECTION ( 'NONE',  ( -6.331740688303089727E-17, 1.000000000000000000, -6.331740693109270398E-17 ) ) ;
#11919 = CARTESIAN_POINT ( 'NONE',  ( 162.4671133453900040, -153.4275055010904794, 66.59371018661846620 ) ) ;
#11920 = CARTESIAN_POINT ( 'NONE',  ( 123.6209528327432565, -147.9350947612087737, 54.98313909600206273 ) ) ;
#11921 = EDGE_LOOP ( 'NONE', ( #6549, #170, #5970, #9360 ) ) ;
#11922 = ORIENTED_EDGE ( 'NONE', *, *, #5006, .T. ) ;
#11923 = LINE ( 'NONE', #7308, #1689 ) ;
#11924 = AXIS2_PLACEMENT_3D ( 'NONE', #9243, #4567, #12084 ) ;
#11925 =( BOUNDED_CURVE ( )  B_SPLINE_CURVE ( 3, ( #11009, #4418, #2566, #5348 ),
 .UNSPECIFIED., .F., .F. ) 
 B_SPLINE_CURVE_WITH_KNOTS ( ( 4, 4 ),
 ( 2.164934897191910140E-15, 1.126157883263465997 ),
 .UNSPECIFIED. ) 
 CURVE ( )  GEOMETRIC_REPRESENTATION_ITEM ( )  RATIONAL_B_SPLINE_CURVE ( ( 1.000000000000000000, 0.8970770709083970562, 0.8970770709083970562, 1.000000000000000000 ) ) 
 REPRESENTATION_ITEM ( '' )  );
#11926 = CIRCLE ( 'NONE', #7598, 1.000000000000003553 ) ;
#11927 = CARTESIAN_POINT ( 'NONE',  ( 136.9171131927749911, -148.2297640746490117, 102.0997837512840078 ) ) ;
#11928 = EDGE_LOOP ( 'NONE', ( #3802, #9445 ) ) ;
#11929 = DIRECTION ( 'NONE',  ( 0.7071067811865475727, -0.7071067811865475727, 0.000000000000000000 ) ) ;
#11930 = CARTESIAN_POINT ( 'NONE',  ( 163.2171132645240164, -145.4297640746490003, 70.99999985651450629 ) ) ;
#11931 = EDGE_CURVE ( 'NONE', #1179, #9898, #399, .T. ) ;
#11932 = CARTESIAN_POINT ( 'NONE',  ( 133.9421679410749846, -140.4297640215119998, 111.3643259181410059 ) ) ;
#11933 = AXIS2_PLACEMENT_3D ( 'NONE', #1716, #491, #7144 ) ;
#11934 = FACE_OUTER_BOUND ( 'NONE', #1909, .T. ) ;
#11935 = LINE ( 'NONE', #8052, #8738 ) ;
#11936 = DIRECTION ( 'NONE',  ( -0.7071067811865475727, 0.7071067811865475727, 0.000000000000000000 ) ) ;
#11937 = DIRECTION ( 'NONE',  ( -1.000000000000000000, 2.602085213964869829E-17, -7.166576360129189239E-17 ) ) ;
#11938 = ORIENTED_EDGE ( 'NONE', *, *, #10664, .F. ) ;
#11939 = ORIENTED_EDGE ( 'NONE', *, *, #11454, .F. ) ;
#11940 = VERTEX_POINT ( 'NONE', #10494 ) ;
#11941 = VECTOR ( 'NONE', #12056, 1000.000000000000000 ) ;
#11942 = AXIS2_PLACEMENT_3D ( 'NONE', #6932, #5944, #11729 ) ;
#11943 = CARTESIAN_POINT ( 'NONE',  ( 147.6669467408599985, -154.2297640746490117, 83.34999974667989875 ) ) ;
#11944 = CARTESIAN_POINT ( 'NONE',  ( 132.2171133453900040, -138.8513368967660142, 80.50005035713219570 ) ) ;
#11945 = DIRECTION ( 'NONE',  ( 0.000000000000000000, 1.000000000000000000, 6.573933234426810631E-15 ) ) ;
#11946 = CARTESIAN_POINT ( 'NONE',  ( 147.7171133226179904, -153.4297640215119714, 108.1270888575590021 ) ) ;
#11947 = B_SPLINE_CURVE_WITH_KNOTS ( 'NONE', 3,
 ( #4189, #621, #11639, #9846 ),
 .UNSPECIFIED., .F., .F.,
 ( 4, 4 ),
 ( 0.000000000000000000, 1.000000000000000000 ),
 .UNSPECIFIED. ) ;
#11948 = CARTESIAN_POINT ( 'NONE',  ( 162.9242201265764720, -153.1368708558354967, 98.70110411163470587 ) ) ;
#11949 = VECTOR ( 'NONE', #2870, 1000.000000000000000 ) ;
#11950 = VECTOR ( 'NONE', #7644, 1000.000000000000000 ) ;
#11951 = ORIENTED_EDGE ( 'NONE', *, *, #154, .F. ) ;
#11952 = DIRECTION ( 'NONE',  ( -1.387778780781444098E-14, -1.526556658859589750E-16, -1.000000000000000000 ) ) ;
#11953 = EDGE_LOOP ( 'NONE', ( #5208, #545, #1369, #942, #2898, #7507, #6413, #3200 ) ) ;
#11954 = CARTESIAN_POINT ( 'NONE',  ( 120.6171133453899955, -114.4297640215114029, 51.25000000000000000 ) ) ;
#11955 = EDGE_CURVE ( 'NONE', #10912, #4625, #11477, .T. ) ;
#11956 = EDGE_LOOP ( 'NONE', ( #9996, #4163, #4956 ) ) ;
#11957 = ORIENTED_EDGE ( 'NONE', *, *, #10938, .F. ) ;
#11958 = ADVANCED_FACE ( 'NONE', ( #2232 ), #5630, .T. ) ;
#11959 = LINE ( 'NONE', #9058, #12181 ) ;
#11960 = CIRCLE ( 'NONE', #3293, 0.9000000000000119016 ) ;
#11961 = CIRCLE ( 'NONE', #5677, 0.9999999999999958922 ) ;
#11962 = ORIENTED_EDGE ( 'NONE', *, *, #1570, .F. ) ;
#11963 = FACE_OUTER_BOUND ( 'NONE', #5207, .T. ) ;
#11964 = PLANE ( 'NONE',  #9268 ) ;
#11965 = DIRECTION ( 'NONE',  ( -2.602085213964869829E-17, -1.000000000000000000, 1.526556658859589750E-16 ) ) ;
#11966 = CARTESIAN_POINT ( 'NONE',  ( 132.2171133554479923, -142.4297640746490003, 76.25002519175579607 ) ) ;
#11967 = CARTESIAN_POINT ( 'NONE',  ( 135.2171133453900040, -129.9297640480800169, 91.62502517574999672 ) ) ;
#11968 = CIRCLE ( 'NONE', #6282, 3.099999999999991651 ) ;
#11969 = ORIENTED_EDGE ( 'NONE', *, *, #5669, .T. ) ;
#11970 = CIRCLE ( 'NONE', #537, 1.500000000000001332 ) ;
#11971 = DIRECTION ( 'NONE',  ( -0.003006442570248029581, 0.0004210540680237879617, 0.9999953919976548589 ) ) ;
#11972 = VERTEX_POINT ( 'NONE', #3032 ) ;
#11973 = ADVANCED_FACE ( 'NONE', ( #5997 ), #5829, .F. ) ;
#11974 = DIRECTION ( 'NONE',  ( 0.003622990809360209039, -0.0005821581597580258649, -0.9999932674920728459 ) ) ;
#11975 = DIRECTION ( 'NONE',  ( 0.9999934369450366178, 0.000000000000000000, 0.003622991423289741685 ) ) ;
#11976 = DIRECTION ( 'NONE',  ( -3.752643576907700278E-15, -1.000000000000000000, 1.526556658859589750E-16 ) ) ;
#11977 = EDGE_CURVE ( 'NONE', #10715, #11605, #334, .T. ) ;
#11978 = CARTESIAN_POINT ( 'NONE',  ( 120.2275061350741936, -149.4401568643332041, 105.4430725632575871 ) ) ;
#11979 = VECTOR ( 'NONE', #4591, 1000.000000000000000 ) ;
#11980 = CARTESIAN_POINT ( 'NONE',  ( 135.1936597273389964, -141.9823607537929888, 107.6787123395070012 ) ) ;
#11981 = FACE_OUTER_BOUND ( 'NONE', #11990, .T. ) ;
#11982 = CARTESIAN_POINT ( 'NONE',  ( 139.0317907242089177, -144.8985288992460596, 105.7339337421175287 ) ) ;
#11983 = DIRECTION ( 'NONE',  ( -9.644381700046828834E-17, 1.000000000000000000, -2.327875578288750051E-16 ) ) ;
#11984 = FACE_OUTER_BOUND ( 'NONE', #7900, .T. ) ;
#11985 = CARTESIAN_POINT ( 'NONE',  ( 162.9242201265764720, -136.1368708558355820, 70.29289313032980147 ) ) ;
#11986 = ORIENTED_EDGE ( 'NONE', *, *, #7014, .F. ) ;
#11987 = EDGE_LOOP ( 'NONE', ( #7293, #11090, #11969, #7019 ) ) ;
#11988 = DIRECTION ( 'NONE',  ( -8.821935677471621045E-15, -1.408384218142889936E-16, -1.000000000000000000 ) ) ;
#11989 = CARTESIAN_POINT ( 'NONE',  ( 147.7171133226179904, -145.4297640215119714, 108.4643259181420092 ) ) ;
#11990 = EDGE_LOOP ( 'NONE', ( #6671, #1671, #690, #7783, #11873, #1856, #3008, #4267 ) ) ;
#11991 = EDGE_CURVE ( 'NONE', #8514, #3705, #3669, .T. ) ;
#11992 = EDGE_CURVE ( 'NONE', #11269, #9918, #1252, .T. ) ;
#11993 = LINE ( 'NONE', #5523, #707 ) ;
#11994 = DIRECTION ( 'NONE',  ( 4.049495114233359677E-17, 4.049495114233359677E-17, 1.000000000000000000 ) ) ;
#11995 = ADVANCED_FACE ( 'NONE', ( #4146 ), #2296, .T. ) ;
#11996 = CARTESIAN_POINT ( 'NONE',  ( 164.2171133453900040, -153.4297640746490003, 102.7500000000329976 ) ) ;
#11997 = B_SPLINE_CURVE_WITH_KNOTS ( 'NONE', 3,
 ( #9859, #2533, #5189, #7102 ),
 .UNSPECIFIED., .F., .F.,
 ( 4, 4 ),
 ( 0.000000000000000000, 1.000000000000000000 ),
 .UNSPECIFIED. ) ;
#11998 = VECTOR ( 'NONE', #3251, 1000.000000000000000 ) ;
#11999 = LINE ( 'NONE', #5345, #9574 ) ;
#12000 = LINE ( 'NONE', #7134, #5198 ) ;
#12001 = CARTESIAN_POINT ( 'NONE',  ( 163.2171133453899756, -139.0155505122760076, 66.26180052586055069 ) ) ;
#12002 =( BOUNDED_CURVE ( )  B_SPLINE_CURVE ( 3, ( #11948, #3560, #6294, #5298 ),
 .UNSPECIFIED., .F., .F. ) 
 B_SPLINE_CURVE_WITH_KNOTS ( ( 4, 4 ),
 ( 0.7853981633973129428, 1.570796326794895004 ),
 .UNSPECIFIED. ) 
 CURVE ( )  GEOMETRIC_REPRESENTATION_ITEM ( )  RATIONAL_B_SPLINE_CURVE ( ( 1.000000000000000000, 0.9492530216741740245, 0.9492530216741740245, 1.000000000000000000 ) ) 
 REPRESENTATION_ITEM ( '' )  );
#12003 = DIRECTION ( 'NONE',  ( -6.554525582486420045E-17, -1.000000000000000000, 1.705222977452164889E-16 ) ) ;
#12004 = ORIENTED_EDGE ( 'NONE', *, *, #9796, .T. ) ;
#12005 = VERTEX_POINT ( 'NONE', #9810 ) ;
#12006 = VERTEX_POINT ( 'NONE', #1382 ) ;
#12007 = EDGE_CURVE ( 'NONE', #2159, #626, #5442, .T. ) ;
#12008 = AXIS2_PLACEMENT_3D ( 'NONE', #3016, #7653, #7710 ) ;
#12009 = CARTESIAN_POINT ( 'NONE',  ( 163.2171133453900040, -140.4297640215119998, 102.7500000000329976 ) ) ;
#12010 = CARTESIAN_POINT ( 'NONE',  ( 132.5893095848283849, -123.4297640215114029, 57.77774199401579835 ) ) ;
#12011 = DIRECTION ( 'NONE',  ( 0.7071067811865500152, 0.7071067811865450192, -5.726850911312339975E-17 ) ) ;
#12012 =( LENGTH_UNIT ( ) NAMED_UNIT ( * ) SI_UNIT ( .MILLI., .METRE. ) );
#12013 = VERTEX_POINT ( 'NONE', #9930 ) ;
#12014 = DIRECTION ( 'NONE',  ( -1.504056278375975119E-15, -1.000000000000000000, -1.504056275116030108E-15 ) ) ;
#12015 = ORIENTED_EDGE ( 'NONE', *, *, #9856, .F. ) ;
#12016 = DIRECTION ( 'NONE',  ( 0.000000000000000000, 1.000000000000000000, -2.336840784686309836E-30 ) ) ;
#12017 = ORIENTED_EDGE ( 'NONE', *, *, #11010, .T. ) ;
#12018 = VERTEX_POINT ( 'NONE', #3458 ) ;
#12019 = DIRECTION ( 'NONE',  ( 1.000000000000000000, 0.000000000000000000, 0.000000000000000000 ) ) ;
#12020 = ORIENTED_EDGE ( 'NONE', *, *, #7750, .F. ) ;
#12021 = PLANE ( 'NONE',  #5040 ) ;
#12022 = CARTESIAN_POINT ( 'NONE',  ( 163.0194293394349927, -139.5180835393749987, 66.73743310967620346 ) ) ;
#12023 = CARTESIAN_POINT ( 'NONE',  ( 138.4671133453900040, -135.1797640746490288, 68.99999991151649681 ) ) ;
#12024 = CARTESIAN_POINT ( 'NONE',  ( 163.2171133453900040, -153.4297640746490003, 62.74999974667980496 ) ) ;
#12025 = EDGE_CURVE ( 'NONE', #2444, #1638, #579, .T. ) ;
#12026 = AXIS2_PLACEMENT_3D ( 'NONE', #9571, #6931, #4902 ) ;
#12027 = CARTESIAN_POINT ( 'NONE',  ( 139.0795373572632343, -145.1967174145495107, 111.3035600114917116 ) ) ;
#12028 = ORIENTED_EDGE ( 'NONE', *, *, #9344, .T. ) ;
#12029 = CARTESIAN_POINT ( 'NONE',  ( 161.2171133453899756, -119.4297640746489861, 80.50005035146730847 ) ) ;
#12030 = VERTEX_POINT ( 'NONE', #5320 ) ;
#12031 = CARTESIAN_POINT ( 'NONE',  ( 162.8236018428179932, -114.6297640215111926, 60.17765112427590424 ) ) ;
#12032 = CARTESIAN_POINT ( 'NONE',  ( 133.0664558081500104, -142.0537471289035807, 53.47602185630480420 ) ) ;
#12033 = DIRECTION ( 'NONE',  ( -7.166576360129229915E-17, 1.526556658859589750E-16, 1.000000000000000000 ) ) ;
#12034 = CARTESIAN_POINT ( 'NONE',  ( 163.2171133453900040, -140.4297640215119998, 99.26432591814170792 ) ) ;
#12035 = CARTESIAN_POINT ( 'NONE',  ( 138.3512704065659875, -144.2951370031900069, 106.3071858958710010 ) ) ;
#12036 = CARTESIAN_POINT ( 'NONE',  ( 163.2171133453900040, -144.5297640215119941, 67.14091634279270693 ) ) ;
#12037 = ADVANCED_FACE ( 'NONE', ( #7171 ), #11846, .F. ) ;
#12038 = CARTESIAN_POINT ( 'NONE',  ( 138.1026081807310106, -144.2235739806430104, 106.3643259261839944 ) ) ;
#12039 = DIRECTION ( 'NONE',  ( 0.4397326120323102328, 0.1821432117215494584, 0.8794652240646019248 ) ) ;
#12040 = AXIS2_PLACEMENT_3D ( 'NONE', #7973, #6261, #9021 ) ;
#12041 = VECTOR ( 'NONE', #6964, 1000.000000000000000 ) ;
#12042 = ORIENTED_EDGE ( 'NONE', *, *, #8740, .T. ) ;
#12043 = LINE ( 'NONE', #9023, #3728 ) ;
#12044 = DIRECTION ( 'NONE',  ( 0.7071067811865121566, 0.000000000000000000, 0.7071067811865827668 ) ) ;
#12045 = EDGE_CURVE ( 'NONE', #4754, #3269, #1499, .T. ) ;
#12046 = ORIENTED_EDGE ( 'NONE', *, *, #7064, .F. ) ;
#12047 = VERTEX_POINT ( 'NONE', #7294 ) ;
#12048 = CARTESIAN_POINT ( 'NONE',  ( 163.2171132912669975, -119.4297640746489861, 81.50005036323310037 ) ) ;
#12049 = DIRECTION ( 'NONE',  ( 0.000000000000000000, 1.000000000000000000, 6.938893903907150280E-15 ) ) ;
#12050 = ORIENTED_EDGE ( 'NONE', *, *, #6572, .F. ) ;
#12051 = AXIS2_PLACEMENT_3D ( 'NONE', #1126, #11298, #6507 ) ;
#12052 = CARTESIAN_POINT ( 'NONE',  ( 132.6106248479624128, -114.4297640215114029, 60.27765112427590566 ) ) ;
#12053 = CARTESIAN_POINT ( 'NONE',  ( 161.8669467408599871, -154.2297640746490117, 83.34999974667989875 ) ) ;
#12054 = CARTESIAN_POINT ( 'NONE',  ( 132.9671133453900040, -144.5297640215119941, 65.95898615365621254 ) ) ;
#12055 = EDGE_CURVE ( 'NONE', #5953, #198, #1627, .T. ) ;
#12056 = DIRECTION ( 'NONE',  ( -2.449293564549630096E-16, 6.573933234426810631E-15, -1.000000000000000000 ) ) ;
#12057 = DIRECTION ( 'NONE',  ( -5.947210316806860462E-15, -1.000000000000000000, 2.383741352455649954E-14 ) ) ;
#12058 = EDGE_CURVE ( 'NONE', #9232, #10329, #10858, .T. ) ;
#12059 = CARTESIAN_POINT ( 'NONE',  ( 132.9865944874844672, -139.7076689583317091, 69.94533036011075922 ) ) ;
#12060 = CARTESIAN_POINT ( 'NONE',  ( 165.7236018428179989, -114.4297640215112040, 62.75000000000000000 ) ) ;
#12061 = EDGE_CURVE ( 'NONE', #3602, #2148, #6312, .T. ) ;
#12062 = VECTOR ( 'NONE', #9032, 1000.000000000000000 ) ;
#12063 = ORIENTED_EDGE ( 'NONE', *, *, #8795, .F. ) ;
#12064 = ORIENTED_EDGE ( 'NONE', *, *, #2768, .F. ) ;
#12065 = EDGE_CURVE ( 'NONE', #6552, #8670, #7413, .T. ) ;
#12066 = ORIENTED_EDGE ( 'NONE', *, *, #8373, .F. ) ;
#12067 = CARTESIAN_POINT ( 'NONE',  ( 163.0571133453900075, -144.9297640746490003, 66.55091634279270352 ) ) ;
#12068 = CARTESIAN_POINT ( 'NONE',  ( 163.2171133453900040, -141.8439776370219931, 67.99999991151629786 ) ) ;
#12069 = VECTOR ( 'NONE', #7392, 1000.000000000000000 ) ;
#12070 = CARTESIAN_POINT ( 'NONE',  ( 126.8043469377704042, -114.4297640215114029, 57.75000000000000000 ) ) ;
#12071 = CARTESIAN_POINT ( 'NONE',  ( 123.6608107134289867, -126.4297640215114029, 64.75000000000000000 ) ) ;
#12072 = EDGE_CURVE ( 'NONE', #4304, #2401, #4255, .T. ) ;
#12073 = VERTEX_POINT ( 'NONE', #9997 ) ;
#12074 = CARTESIAN_POINT ( 'NONE',  ( 162.2171133453900040, -119.4297640746489861, 65.99999991151629786 ) ) ;
#12075 = EDGE_CURVE ( 'NONE', #4205, #8069, #11906, .T. ) ;
#12076 = EDGE_LOOP ( 'NONE', ( #6715, #8072, #2298, #1877 ) ) ;
#12077 = ORIENTED_EDGE ( 'NONE', *, *, #7108, .T. ) ;
#12078 = CARTESIAN_POINT ( 'NONE',  ( 132.2171133453900040, -154.4297640215114882, 62.24960223581889807 ) ) ;
#12079 = ORIENTED_EDGE ( 'NONE', *, *, #1616, .F. ) ;
#12080 = AXIS2_PLACEMENT_3D ( 'NONE', #11233, #11173, #2605 ) ;
#12081 = EDGE_LOOP ( 'NONE', ( #190, #607, #5426, #11543 ) ) ;
#12082 = FACE_OUTER_BOUND ( 'NONE', #6342, .T. ) ;
#12083 = ORIENTED_EDGE ( 'NONE', *, *, #5440, .T. ) ;
#12084 = DIRECTION ( 'NONE',  ( -0.7071067811865709984, 0.000000000000000000, -0.7071067811865240360 ) ) ;
#12085 = CARTESIAN_POINT ( 'NONE',  ( 163.2171133453900040, -139.0112230467360064, 66.00000235187438591 ) ) ;
#12086 = CARTESIAN_POINT ( 'NONE',  ( 171.8842757002882422, -149.0786759369587173, 53.95005602851298221 ) ) ;
#12087 = EDGE_CURVE ( 'NONE', #8555, #5170, #5238, .T. ) ;
#12088 = AXIS2_PLACEMENT_3D ( 'NONE', #3548, #542, #7260 ) ;
#12089 = LINE ( 'NONE', #2715, #5980 ) ;
#12090 = CARTESIAN_POINT ( 'NONE',  ( 139.0343538704894399, -144.9563911279512070, 111.0624291536347528 ) ) ;
#12091 = VERTEX_POINT ( 'NONE', #10799 ) ;
#12092 = DIRECTION ( 'NONE',  ( 0.9334193940513797472, 0.000000000000000000, 0.3587871720236870954 ) ) ;
#12093 = VERTEX_POINT ( 'NONE', #8211 ) ;
#12094 = DIRECTION ( 'NONE',  ( 0.000000000000000000, 1.000000000000000000, -2.366582715663040321E-30 ) ) ;
#12095 = CARTESIAN_POINT ( 'NONE',  ( 135.2053871776569736, -140.4297640215119998, 104.5909950527140069 ) ) ;
#12096 = CARTESIAN_POINT ( 'NONE',  ( 160.5169614281717543, -120.8968702565002076, 59.31253087613750807 ) ) ;
#12097 = DIRECTION ( 'NONE',  ( 0.000000000000000000, 1.000000000000000000, -1.526556658859589750E-16 ) ) ;
#12098 = CARTESIAN_POINT ( 'NONE',  ( 137.6654927396820085, -144.1166558226969983, 109.0481090310950094 ) ) ;
#12099 = CARTESIAN_POINT ( 'NONE',  ( 174.2171132998449821, -140.4297640215119998, 102.7500000000219842 ) ) ;
#12100 = AXIS2_PLACEMENT_3D ( 'NONE', #1624, #5253, #9995 ) ;
#12101 = DIRECTION ( 'NONE',  ( 3.160768215787150073E-15, 1.000000000000000000, 0.000000000000000000 ) ) ;
#12102 = CARTESIAN_POINT ( 'NONE',  ( 124.1173371655500546, -138.3631970503249988, 54.37670245577365336 ) ) ;
#12103 = ORIENTED_EDGE ( 'NONE', *, *, #4292, .F. ) ;
#12104 = CARTESIAN_POINT ( 'NONE',  ( 161.2171133453899756, -134.4297640746490288, 80.50005035146730847 ) ) ;
#12105 = CARTESIAN_POINT ( 'NONE',  ( 138.0808663299520163, -140.4297640215119998, 110.3643259181410059 ) ) ;
#12106 = ORIENTED_EDGE ( 'NONE', *, *, #7179, .F. ) ;
#12107 = ORIENTED_EDGE ( 'NONE', *, *, #6802, .T. ) ;
#12108 = CARTESIAN_POINT ( 'NONE',  ( 132.5276122351373260, -141.0854346613496091, 67.74622128222198114 ) ) ;
#12109 = CARTESIAN_POINT ( 'NONE',  ( 160.2171133453899756, -143.4297640215119714, 98.69129622261429802 ) ) ;
#12110 = ORIENTED_EDGE ( 'NONE', *, *, #2269, .T. ) ;
#12111 = ADVANCED_FACE ( 'NONE', ( #6374 ), #9012, .T. ) ;
#12112 = ADVANCED_FACE ( 'NONE', ( #9131 ), #4454, .F. ) ;
#12113 = VECTOR ( 'NONE', #1643, 1000.000000000000000 ) ;
#12114 = CARTESIAN_POINT ( 'NONE',  ( 171.4736666987809883, -148.4297640215245906, 62.75000000000000000 ) ) ;
#12115 = LINE ( 'NONE', #5464, #7894 ) ;
#12116 = CARTESIAN_POINT ( 'NONE',  ( 160.5846578133563014, -138.6480060443097102, 67.55278631601636619 ) ) ;
#12117 = DIRECTION ( 'NONE',  ( -7.166574844285479059E-17, 2.548831665378360322E-09, 1.000000000000000000 ) ) ;
#12118 = CARTESIAN_POINT ( 'NONE',  ( 139.0769737309310017, -140.4297640215119998, 112.4405461112039859 ) ) ;
#12119 = CARTESIAN_POINT ( 'NONE',  ( 132.2171133453900040, -114.4297640215114029, 58.75000011920939613 ) ) ;
#12120 = VECTOR ( 'NONE', #4540, 1000.000000000000000 ) ;
#12121 = LINE ( 'NONE', #1082, #5870 ) ;
#12122 = ORIENTED_EDGE ( 'NONE', *, *, #7839, .F. ) ;
#12123 = ORIENTED_EDGE ( 'NONE', *, *, #4138, .F. ) ;
#12124 = ORIENTED_EDGE ( 'NONE', *, *, #11463, .F. ) ;
#12125 = EDGE_CURVE ( 'NONE', #2626, #6526, #4335, .T. ) ;
#12126 = PLANE ( 'NONE',  #4236 ) ;
#12127 = AXIS2_PLACEMENT_3D ( 'NONE', #7297, #10984, #10121 ) ;
#12128 = EDGE_CURVE ( 'NONE', #7954, #3173, #11787, .T. ) ;
#12129 = CYLINDRICAL_SURFACE ( 'NONE', #11551, 0.9999999999999986677 ) ;
#12130 = FACE_OUTER_BOUND ( 'NONE', #6031, .T. ) ;
#12131 = CARTESIAN_POINT ( 'NONE',  ( 126.8043469377704042, -114.4297640215114029, 57.75000000000000000 ) ) ;
#12132 = ORIENTED_EDGE ( 'NONE', *, *, #8492, .F. ) ;
#12133 = CARTESIAN_POINT ( 'NONE',  ( 132.2171133453900040, -119.4297640746489861, 80.50005035146759269 ) ) ;
#12134 = ORIENTED_EDGE ( 'NONE', *, *, #10491, .F. ) ;
#12135 = ORIENTED_EDGE ( 'NONE', *, *, #4965, .F. ) ;
#12136 = CARTESIAN_POINT ( 'NONE',  ( 160.3226861543900839, -138.0155505122760076, 69.44721350701627216 ) ) ;
#12137 = ORIENTED_EDGE ( 'NONE', *, *, #7994, .T. ) ;
#12138 = EDGE_LOOP ( 'NONE', ( #8181, #8099, #4593, #6158 ) ) ;
#12139 = LINE ( 'NONE', #9420, #2928 ) ;
#12140 = EDGE_CURVE ( 'NONE', #1314, #3381, #7645, .T. ) ;
#12141 = EDGE_CURVE ( 'NONE', #2688, #5240, #6554, .T. ) ;
#12142 = CARTESIAN_POINT ( 'NONE',  ( 164.2171132645239879, -145.4297640746490003, 70.99999985396770796 ) ) ;
#12143 = CARTESIAN_POINT ( 'NONE',  ( 132.2171133453900040, -114.6297640215114058, 62.24960223581919649 ) ) ;
#12144 = AXIS2_PLACEMENT_3D ( 'NONE', #6257, #828, #11044 ) ;
#12145 = LINE ( 'NONE', #10349, #1721 ) ;
#12146 = DIRECTION ( 'NONE',  ( -1.177071316573370074E-14, -2.692261676065440058E-15, -1.000000000000000000 ) ) ;
#12147 = ORIENTED_EDGE ( 'NONE', *, *, #3551, .T. ) ;
#12148 = LINE ( 'NONE', #3821, #1030 ) ;
#12149 = ORIENTED_EDGE ( 'NONE', *, *, #10271, .F. ) ;
#12150 = DIRECTION ( 'NONE',  ( 3.527838984652520264E-05, 6.407619911600919078E-05, -0.9999999973248380192 ) ) ;
#12151 = VECTOR ( 'NONE', #10640, 1000.000000000000000 ) ;
#12152 = EDGE_LOOP ( 'NONE', ( #5911, #3035, #4331, #11630 ) ) ;
#12153 = CARTESIAN_POINT ( 'NONE',  ( 134.6838316943605491, -120.9591641793796839, 61.67541928160979126 ) ) ;
#12154 = AXIS2_PLACEMENT_3D ( 'NONE', #9364, #1918, #10286 ) ;
#12155 = PLANE ( 'NONE',  #1380 ) ;
#12156 = ADVANCED_FACE ( 'NONE', ( #8274 ), #3063, .F. ) ;
#12157 = CARTESIAN_POINT ( 'NONE',  ( 160.8995318825783158, -121.3633921266094688, 58.67888709761198385 ) ) ;
#12158 = CARTESIAN_POINT ( 'NONE',  ( 133.2171133453900040, -119.4297640746489861, 65.99999991151649681 ) ) ;
#12159 = CARTESIAN_POINT ( 'NONE',  ( 134.8863181874829991, -141.0998585157470018, 109.0494877551829944 ) ) ;
#12160 = VECTOR ( 'NONE', #8798, 1000.000000000000000 ) ;
#12161 = DIRECTION ( 'NONE',  ( -7.166576360129189239E-17, 1.526556658859309704E-16, 1.000000000000000000 ) ) ;
#12162 = VECTOR ( 'NONE', #1660, 1000.000000000000114 ) ;
#12163 = CARTESIAN_POINT ( 'NONE',  ( 138.3506535661549890, -144.2949860153909754, 106.3330733680300000 ) ) ;
#12164 = DIRECTION ( 'NONE',  ( -4.198030805606740487E-15, -1.000000000000000000, -6.709576272139210460E-15 ) ) ;
#12165 = ORIENTED_EDGE ( 'NONE', *, *, #6270, .T. ) ;
#12166 = DIRECTION ( 'NONE',  ( 0.000000000000000000, 6.573933234426810631E-15, -1.000000000000000000 ) ) ;
#12167 = CARTESIAN_POINT ( 'NONE',  ( 134.2171133453900040, -138.0155505122760076, 68.99999991151649681 ) ) ;
#12168 = EDGE_LOOP ( 'NONE', ( #1843, #578, #10977, #9101, #336 ) ) ;
#12169 = ORIENTED_EDGE ( 'NONE', *, *, #8672, .F. ) ;
#12170 = CARTESIAN_POINT ( 'NONE',  ( 147.7171133226179904, -145.4297640215119714, 108.4643259181420092 ) ) ;
#12171 = CARTESIAN_POINT ( 'NONE',  ( 138.5979303133494795, -140.9127000381143375, 110.4671763391653059 ) ) ;
#12172 = ORIENTED_EDGE ( 'NONE', *, *, #2772, .F. ) ;
#12173 = AXIS2_PLACEMENT_3D ( 'NONE', #4359, #6219, #8114 ) ;
#12174 = CARTESIAN_POINT ( 'NONE',  ( 134.2171133453900040, -138.0155505122760076, 79.56249988289630437 ) ) ;
#12175 = LINE ( 'NONE', #6577, #6334 ) ;
#12176 = DIRECTION ( 'NONE',  ( -7.166576360129189239E-17, 1.526556658859589750E-16, 1.000000000000000000 ) ) ;
#12177 = LINE ( 'NONE', #11122, #11941 ) ;
#12178 = EDGE_CURVE ( 'NONE', #8246, #6288, #3585, .T. ) ;
#12179 = FACE_OUTER_BOUND ( 'NONE', #3137, .T. ) ;
#12180 = EDGE_CURVE ( 'NONE', #3154, #3428, #9373, .T. ) ;
#12181 = VECTOR ( 'NONE', #4440, 1000.000000000000000 ) ;
#12182 = CARTESIAN_POINT ( 'NONE',  ( 156.9591226427349966, -114.8297640215114086, 62.10199319125020168 ) ) ;
#12183 = VERTEX_POINT ( 'NONE', #1800 ) ;
#12184 = VERTEX_POINT ( 'NONE', #11101 ) ;
#12185 = ORIENTED_EDGE ( 'NONE', *, *, #7940, .F. ) ;
#12186 =( GEOMETRIC_REPRESENTATION_CONTEXT ( 3 ) GLOBAL_UNCERTAINTY_ASSIGNED_CONTEXT ( ( #5342 ) ) GLOBAL_UNIT_ASSIGNED_CONTEXT ( ( #8119, #8248, #3429 ) ) REPRESENTATION_CONTEXT ( 'NONE', 'WORKASPACE' ) );
#12187 = CARTESIAN_POINT ( 'NONE',  ( 120.2171133453899898, -153.4297640746490003, 103.7500000343879947 ) ) ;
#12188 = DIRECTION ( 'NONE',  ( -3.611935920203930620E-30, 7.253542152952179738E-15, -1.000000000000000000 ) ) ;
#12189 = DIRECTION ( 'NONE',  ( 0.000000000000000000, 1.000000000000000000, -1.526556658859589750E-16 ) ) ;
#12190 = EDGE_CURVE ( 'NONE', #7476, #5986, #5562, .T. ) ;
ENDSEC;
END-ISO-10303-21;
