ISO-10303-21;
HEADER;
FILE_DESCRIPTION (( 'STEP AP214' ),
    '1' );
FILE_NAME ('Sherpa_Mini_Mount.STEP',
    '2026-08-22T21:59:29',
    ( '' ),
    ( '' ),
    'SwSTEP 2.0',
    'SolidWorks 2020',
    '' );
FILE_SCHEMA (( 'AUTOMOTIVE_DESIGN' ));
ENDSEC;

DATA;
#1 = AXIS2_PLACEMENT_3D ( 'NONE', #2813, #1402, #703 ) ;
#2 = CARTESIAN_POINT ( 'NONE',  ( 122.9653061524710012, -119.4194928209239919, 111.2143259181415971 ) ) ;
#3 = EDGE_LOOP ( 'NONE', ( #550, #485, #1057, #169 ) ) ;
#4 = ORIENTED_EDGE ( 'NONE', *, *, #2383, .F. ) ;
#5 = LINE ( 'NONE', #2576, #1811 ) ;
#6 = ORIENTED_EDGE ( 'NONE', *, *, #734, .F. ) ;
#7 = VECTOR ( 'NONE', #1785, 1000.000000000000000 ) ;
#8 = CARTESIAN_POINT ( 'NONE',  ( 147.6948783421452163, -130.7794928209240197, 110.7558258704579970 ) ) ;
#9 = CARTESIAN_POINT ( 'NONE',  ( 172.8003443241907178, -133.8344424950966811, 111.5311083092636721 ) ) ;
#10 = CARTESIAN_POINT ( 'NONE',  ( 125.9448783421450173, -130.8294928209240027, 111.1643259181415999 ) ) ;
#11 = EDGE_CURVE ( 'NONE', #317, #2865, #2231, .T. ) ;
#12 = AXIS2_PLACEMENT_3D ( 'NONE', #1714, #605, #1243 ) ;
#13 = LINE ( 'NONE', #2610, #1611 ) ;
#14 = DIRECTION ( 'NONE',  ( 0.000000000000000000, 1.999664487579840037E-15, 1.000000000000000000 ) ) ;
#15 = CYLINDRICAL_SURFACE ( 'NONE', #940, 1.700000000000007061 ) ;
#16 = ORIENTED_EDGE ( 'NONE', *, *, #2728, .T. ) ;
#17 = EDGE_LOOP ( 'NONE', ( #2212, #635 ) ) ;
#18 =( NAMED_UNIT ( * ) SI_UNIT ( $, .STERADIAN. ) SOLID_ANGLE_UNIT ( ) );
#19 = DIRECTION ( 'NONE',  ( -1.126208581372299938E-16, -1.000000000000000000, 1.777619882654805179E-15 ) ) ;
#20 = CARTESIAN_POINT ( 'NONE',  ( 171.5147428593942607, -134.8276181320358944, 113.1507170677527938 ) ) ;
#21 = LINE ( 'NONE', #2595, #1492 ) ;
#22 = CARTESIAN_POINT ( 'NONE',  ( 161.8768364872665018, -123.4194853061869992, 114.2144502228033929 ) ) ;
#23 = DIRECTION ( 'NONE',  ( -3.461415318997995026E-31, 1.814603282406019986E-15, 1.000000000000000000 ) ) ;
#24 = ADVANCED_FACE ( 'NONE', ( #2880 ), #587, .T. ) ;
#25 = ORIENTED_EDGE ( 'NONE', *, *, #2412, .F. ) ;
#26 = EDGE_CURVE ( 'NONE', #107, #1764, #1716, .T. ) ;
#27 = FACE_OUTER_BOUND ( 'NONE', #1148, .T. ) ;
#28 = FACE_OUTER_BOUND ( 'NONE', #2401, .T. ) ;
#29 = ORIENTED_EDGE ( 'NONE', *, *, #2728, .F. ) ;
#30 =( BOUNDED_CURVE ( )  B_SPLINE_CURVE ( 2, ( #891, #2294, #377 ),
 .UNSPECIFIED., .F., .T. ) 
 B_SPLINE_CURVE_WITH_KNOTS ( ( 3, 3 ),
 ( 0.09989765738848779830, 0.1490407792203140014 ),
 .UNSPECIFIED. ) 
 CURVE ( )  GEOMETRIC_REPRESENTATION_ITEM ( )  RATIONAL_B_SPLINE_CURVE ( ( 1.027925948668060085, 1.031337134676459932, 1.031346410118870072 ) ) 
 REPRESENTATION_ITEM ( '' )  );
#31 = ORIENTED_EDGE ( 'NONE', *, *, #2361, .T. ) ;
#32 = STYLED_ITEM ( 'NONE', ( #2938 ), #1794 ) ;
#33 = EDGE_CURVE ( 'NONE', #2890, #1783, #2317, .T. ) ;
#34 = ORIENTED_EDGE ( 'NONE', *, *, #2857, .T. ) ;
#35 = DIRECTION ( 'NONE',  ( -0.8660864527872216279, 0.000000000000000000, 0.4998942451143517651 ) ) ;
#36 = CARTESIAN_POINT ( 'NONE',  ( 168.6859131410376449, -135.2637947232299496, 115.5057036852088146 ) ) ;
#37 = CARTESIAN_POINT ( 'NONE',  ( 147.4284727520480089, -123.3367099249736043, 110.7643259181415942 ) ) ;
#38 = DIRECTION ( 'NONE',  ( 1.414213562373095264E-15, 0.7071067811865385799, -0.7071067811865564545 ) ) ;
#39 = CARTESIAN_POINT ( 'NONE',  ( 122.4544854776743819, -119.6980699616571826, 110.9357487774082074 ) ) ;
#40 = CIRCLE ( 'NONE', #2996, 4.099999999999992539 ) ;
#41 = ORIENTED_EDGE ( 'NONE', *, *, #866, .T. ) ;
#42 = LINE ( 'NONE', #224, #536 ) ;
#43 = VECTOR ( 'NONE', #424, 1000.000000000000000 ) ;
#44 = CARTESIAN_POINT ( 'NONE',  ( 142.1864964797669870, -117.7640024461608022, 112.1439125464696076 ) ) ;
#45 = EDGE_CURVE ( 'NONE', #351, #2030, #2016, .T. ) ;
#46 = EDGE_CURVE ( 'NONE', #2378, #2418, #1765, .T. ) ;
#47 = VERTEX_POINT ( 'NONE', #770 ) ;
#48 = ORIENTED_EDGE ( 'NONE', *, *, #1675, .T. ) ;
#49 = VECTOR ( 'NONE', #532, 1000.000000000000000 ) ;
#50 = ORIENTED_EDGE ( 'NONE', *, *, #2850, .T. ) ;
#51 = DIRECTION ( 'NONE',  ( 2.000000000730910155E-15, 1.000000000000000000, -1.999664450567655061E-15 ) ) ;
#52 = DIRECTION ( 'NONE',  ( -1.000000000000000000, 0.000000000000000000, 0.000000000000000000 ) ) ;
#53 = DIRECTION ( 'NONE',  ( 1.000000000000000000, -1.126208581372299938E-16, 2.064807597183435195E-24 ) ) ;
#54 = EDGE_CURVE ( 'NONE', #2979, #70, #283, .T. ) ;
#55 = DIRECTION ( 'NONE',  ( -1.000000000000000000, 2.000000000000000155E-15, -4.171264647938739709E-44 ) ) ;
#56 = CARTESIAN_POINT ( 'NONE',  ( 166.9992654910941781, -127.0530396228789556, 116.4146518131962011 ) ) ;
#57 = ORIENTED_EDGE ( 'NONE', *, *, #761, .F. ) ;
#58 = CARTESIAN_POINT ( 'NONE',  ( 125.9448783421450173, -130.8294928209240027, 117.2643259181417932 ) ) ;
#59 = CARTESIAN_POINT ( 'NONE',  ( 147.6948783421405835, -123.3367099249736043, 113.9014131133686050 ) ) ;
#60 = EDGE_CURVE ( 'NONE', #2392, #212, #2120, .T. ) ;
#61 = ORIENTED_EDGE ( 'NONE', *, *, #3005, .T. ) ;
#62 = LINE ( 'NONE', #1439, #1827 ) ;
#63 = DIRECTION ( 'NONE',  ( 0.000000000000000000, 1.000000000000000000, -2.000000000000000155E-15 ) ) ;
#64 = CARTESIAN_POINT ( 'NONE',  ( 124.3307144058128841, -135.0299349893703322, 113.5771212624796078 ) ) ;
#65 = EDGE_CURVE ( 'NONE', #2030, #351, #741, .T. ) ;
#66 = LINE ( 'NONE', #1685, #1873 ) ;
#67 = VERTEX_POINT ( 'NONE', #2281 ) ;
#68 = LINE ( 'NONE', #888, #494 ) ;
#69 = ORIENTED_EDGE ( 'NONE', *, *, #2719, .T. ) ;
#70 = VERTEX_POINT ( 'NONE', #594 ) ;
#71 = FACE_OUTER_BOUND ( 'NONE', #1616, .T. ) ;
#72 = AXIS2_PLACEMENT_3D ( 'NONE', #1750, #788, #329 ) ;
#73 = VECTOR ( 'NONE', #2199, 1000.000000000000000 ) ;
#74 = ORIENTED_EDGE ( 'NONE', *, *, #263, .F. ) ;
#75 = CARTESIAN_POINT ( 'NONE',  ( 160.1768364872664847, -140.4194928209240061, 114.2144502228033929 ) ) ;
#76 = DIRECTION ( 'NONE',  ( 1.000000000000000000, 0.000000000000000000, 0.000000000000000000 ) ) ;
#77 = EDGE_CURVE ( 'NONE', #306, #1294, #1140, .T. ) ;
#78 = ADVANCED_FACE ( 'NONE', ( #1365, #1073, #2742 ), #1322, .F. ) ;
#79 = CARTESIAN_POINT ( 'NONE',  ( 145.9948783421405949, -120.5367099249736071, 113.9014131133686050 ) ) ;
#80 = DIRECTION ( 'NONE',  ( -9.746457490355561572E-15, -1.000000000000000000, 1.777619882654805179E-15 ) ) ;
#81 = DIRECTION ( 'NONE',  ( -1.000000000000000000, 0.000000000000000000, 0.000000000000000000 ) ) ;
#82 = ORIENTED_EDGE ( 'NONE', *, *, #904, .T. ) ;
#83 = PLANE ( 'NONE',  #1717 ) ;
#84 = LINE ( 'NONE', #2196, #1575 ) ;
#85 = EDGE_LOOP ( 'NONE', ( #545, #1003 ) ) ;
#86 = VECTOR ( 'NONE', #1775, 1000.000000000000000 ) ;
#87 = EDGE_LOOP ( 'NONE', ( #2984, #926, #82, #375, #2215, #1325, #1284, #695 ) ) ;
#88 = CARTESIAN_POINT ( 'NONE',  ( 134.2171133453901746, -140.4194928209240061, 117.6643259181417989 ) ) ;
#89 = EDGE_CURVE ( 'NONE', #699, #2632, #1094, .T. ) ;
#90 = CONICAL_SURFACE ( 'NONE', #2259, 1.908500000000007413, 0.7853981633974476129 ) ;
#91 = ORIENTED_EDGE ( 'NONE', *, *, #1501, .T. ) ;
#92 = AXIS2_PLACEMENT_3D ( 'NONE', #2961, #353, #551 ) ;
#93 = LINE ( 'NONE', #1769, #1126 ) ;
#94 = LINE ( 'NONE', #2618, #2073 ) ;
#95 = ORIENTED_EDGE ( 'NONE', *, *, #1621, .T. ) ;
#96 = DIRECTION ( 'NONE',  ( -1.000000000000000000, 1.126208581372299938E-16, 3.355042688683229948E-30 ) ) ;
#97 = LINE ( 'NONE', #2637, #1025 ) ;
#98 = ADVANCED_FACE ( 'NONE', ( #2527 ), #2514, .T. ) ;
#99 = CARTESIAN_POINT ( 'NONE',  ( 130.4448780872231737, -130.8295253205115785, 117.1465554922913981 ) ) ;
#100 = VECTOR ( 'NONE', #253, 1000.000000000000000 ) ;
#101 = CARTESIAN_POINT ( 'NONE',  ( 146.7356462116945863, -123.3367099249736043, 111.1643295077162037 ) ) ;
#102 = CARTESIAN_POINT ( 'NONE',  ( 147.6948783421452163, -130.7794928209240197, 111.1643259181415999 ) ) ;
#103 = CIRCLE ( 'NONE', #12, 3.000000000000002665 ) ;
#104 = ORIENTED_EDGE ( 'NONE', *, *, #1712, .F. ) ;
#105 = DIRECTION ( 'NONE',  ( 2.000000000000000155E-15, 1.000000000000000000, -1.982503765188874878E-15 ) ) ;
#106 = CONICAL_SURFACE ( 'NONE', #749, 1.908499999999993424, 0.7853981633974476129 ) ;
#107 = VERTEX_POINT ( 'NONE', #1560 ) ;
#108 = CARTESIAN_POINT ( 'NONE',  ( 145.5948783421406176, -116.3307771246486055, 113.9014131133686050 ) ) ;
#109 = LINE ( 'NONE', #1680, #2124 ) ;
#110 = VERTEX_POINT ( 'NONE', #413 ) ;
#111 = PLANE ( 'NONE',  #1366 ) ;
#112 = DIRECTION ( 'NONE',  ( -2.060936357395569985E-16, 2.190929530496220303E-15, 1.000000000000000000 ) ) ;
#113 = CARTESIAN_POINT ( 'NONE',  ( 128.5664592101365145, -134.4880101588055652, 116.4738648918377066 ) ) ;
#114 = ORIENTED_EDGE ( 'NONE', *, *, #1088, .T. ) ;
#115 = LINE ( 'NONE', #829, #293 ) ;
#116 = EDGE_CURVE ( 'NONE', #2347, #3023, #457, .T. ) ;
#117 = DIRECTION ( 'NONE',  ( -1.000000000000000000, 0.000000000000000000, 0.000000000000000000 ) ) ;
#118 = DIRECTION ( 'NONE',  ( 0.8660254037844387076, 1.442774304938601760E-15, 0.4999999999999998890 ) ) ;
#119 = ORIENTED_EDGE ( 'NONE', *, *, #585, .T. ) ;
#120 = ORIENTED_EDGE ( 'NONE', *, *, #1762, .F. ) ;
#121 = CONICAL_SURFACE ( 'NONE', #465, 4.299999999999998046, 0.7853981633974461696 ) ;
#122 = CARTESIAN_POINT ( 'NONE',  ( 153.2812230762085051, -119.1164906083429997, 120.0500394018360026 ) ) ;
#123 = DIRECTION ( 'NONE',  ( 0.000000000000000000, -1.000000000000000000, 1.664999024517570156E-15 ) ) ;
#124 = ORIENTED_EDGE ( 'NONE', *, *, #2579, .F. ) ;
#125 = EDGE_CURVE ( 'NONE', #3045, #2453, #2498, .T. ) ;
#126 = CARTESIAN_POINT ( 'NONE',  ( 150.8448783421405324, -124.2281013729487995, 117.4643259181415971 ) ) ;
#127 = CARTESIAN_POINT ( 'NONE',  ( 173.0755671827859885, -140.3613023009094150, 111.1061353981270088 ) ) ;
#128 = CARTESIAN_POINT ( 'NONE',  ( 126.7665287475883105, -135.2525933391112005, 115.5171737625059052 ) ) ;
#129 = EDGE_CURVE ( 'NONE', #599, #1193, #2988, .T. ) ;
#130 = ORIENTED_EDGE ( 'NONE', *, *, #60, .T. ) ;
#131 = FACE_OUTER_BOUND ( 'NONE', #2673, .T. ) ;
#132 = CARTESIAN_POINT ( 'NONE',  ( 147.7171132624399945, -123.4194853061869992, 114.2228501013815958 ) ) ;
#133 = EDGE_CURVE ( 'NONE', #1737, #2533, #30, .T. ) ;
#134 = EDGE_CURVE ( 'NONE', #2128, #564, #2759, .T. ) ;
#135 = VECTOR ( 'NONE', #1066, 1000.000000000000000 ) ;
#136 = ORIENTED_EDGE ( 'NONE', *, *, #191, .F. ) ;
#137 = CARTESIAN_POINT ( 'NONE',  ( 151.3774489204974714, -119.5230338252570021, 111.1107849138085868 ) ) ;
#138 = CIRCLE ( 'NONE', #2308, 1.700000000000007061 ) ;
#139 = CARTESIAN_POINT ( 'NONE',  ( 147.4284727520480089, -120.5367099249736071, 110.7643259181415942 ) ) ;
#140 = ORIENTED_EDGE ( 'NONE', *, *, #2907, .F. ) ;
#141 = ORIENTED_EDGE ( 'NONE', *, *, #1031, .T. ) ;
#142 = VECTOR ( 'NONE', #855, 1000.000000000000000 ) ;
#143 = CARTESIAN_POINT ( 'NONE',  ( 145.2363783421450023, -130.7794928209240197, 110.9643259181415971 ) ) ;
#144 = CARTESIAN_POINT ( 'NONE',  ( 129.1065170382013605, -127.6266717505646966, 116.6983099295519679 ) ) ;
#145 = DIRECTION ( 'NONE',  ( 0.7071067811865370256, 1.334578589881233975E-15, 0.7071067811865580088 ) ) ;
#146 = PRODUCT_DEFINITION ( 'UNKNOWN', '', #1748, #589 ) ;
#147 = CARTESIAN_POINT ( 'NONE',  ( 169.4448783421449889, -130.8294928209240027, 117.4643259181415971 ) ) ;
#148 = CARTESIAN_POINT ( 'NONE',  ( 123.8363783421449966, -130.8294928209240027, 117.6643259181415999 ) ) ;
#149 = VECTOR ( 'NONE', #2117, 1000.000000000000114 ) ;
#150 = CONICAL_SURFACE ( 'NONE', #442, 4.299999999999998046, 0.7853981633974574939 ) ;
#151 = DIRECTION ( 'NONE',  ( 0.3778731135162390897, 0.6546800402034332889, 0.6546800402034373967 ) ) ;
#152 = EDGE_LOOP ( 'NONE', ( #50, #972, #789, #2218 ) ) ;
#153 = EDGE_CURVE ( 'NONE', #2914, #2453, #1845, .T. ) ;
#154 = VERTEX_POINT ( 'NONE', #1351 ) ;
#155 = CYLINDRICAL_SURFACE ( 'NONE', #1659, 2.258499999999996621 ) ;
#156 = CARTESIAN_POINT ( 'NONE',  ( 154.9188847484625171, -119.4194928209239919, 117.2143259181415971 ) ) ;
#157 = VERTEX_POINT ( 'NONE', #179 ) ;
#158 = EDGE_LOOP ( 'NONE', ( #29, #1647, #314, #2959 ) ) ;
#159 = CARTESIAN_POINT ( 'NONE',  ( 165.0434267150640721, -129.8819669203505498, 117.1313322252611897 ) ) ;
#160 = CARTESIAN_POINT ( 'NONE',  ( 124.0837787965608641, -126.7317879145060715, 113.3248311637104564 ) ) ;
#161 = LINE ( 'NONE', #2551, #2882 ) ;
#162 = CARTESIAN_POINT ( 'NONE',  ( 167.7363783421450023, -130.8294928209240027, 117.2643259181415942 ) ) ;
#163 = DIRECTION ( 'NONE',  ( 0.6124587630980010688, 0.7071067811865512365, -0.3534038249714643309 ) ) ;
#164 = EDGE_CURVE ( 'NONE', #2869, #1656, #785, .T. ) ;
#165 = CARTESIAN_POINT ( 'NONE',  ( 153.9366816054954938, -116.7307771246486112, 115.5460070986860046 ) ) ;
#166 = ORIENTED_EDGE ( 'NONE', *, *, #1144, .T. ) ;
#167 = CARTESIAN_POINT ( 'NONE',  ( 125.9448783421450173, -130.8294928209240027, 110.7643259181415942 ) ) ;
#168 = FACE_OUTER_BOUND ( 'NONE', #158, .T. ) ;
#169 = ORIENTED_EDGE ( 'NONE', *, *, #316, .F. ) ;
#170 = SURFACE_STYLE_USAGE ( .BOTH. , #2288 ) ;
#171 = CARTESIAN_POINT ( 'NONE',  ( 126.6681399543611519, -126.3890109599948062, 115.4548269756838295 ) ) ;
#172 = EDGE_CURVE ( 'NONE', #1802, #473, #2247, .T. ) ;
#173 = CARTESIAN_POINT ( 'NONE',  ( 123.6189463532621602, -134.6832517334770500, 112.8130165708633825 ) ) ;
#174 = VECTOR ( 'NONE', #2815, 1000.000000000000000 ) ;
#175 = ADVANCED_FACE ( 'NONE', ( #1833, #2777 ), #1146, .T. ) ;
#176 = AXIS2_PLACEMENT_3D ( 'NONE', #1718, #1048, #2184 ) ;
#177 = CARTESIAN_POINT ( 'NONE',  ( 173.7448783421450003, -130.8294928209240027, 117.4643259181415971 ) ) ;
#178 = CARTESIAN_POINT ( 'NONE',  ( 151.0448783421404926, -120.1367099249736015, 117.6643259181415999 ) ) ;
#179 = CARTESIAN_POINT ( 'NONE',  ( 172.8833321446835214, -140.0194928209240288, 110.7643259181415942 ) ) ;
#180 = FILL_AREA_STYLE ('',( #1095 ) ) ;
#181 = ORIENTED_EDGE ( 'NONE', *, *, #1004, .T. ) ;
#182 = DIRECTION ( 'NONE',  ( -1.000000000000000000, 0.000000000000000000, 0.000000000000000000 ) ) ;
#183 = ADVANCED_FACE ( 'NONE', ( #426, #2309 ), #194, .T. ) ;
#184 = DIRECTION ( 'NONE',  ( -1.000000000000000000, 0.000000000000000000, 0.000000000000000000 ) ) ;
#185 = VECTOR ( 'NONE', #2698, 1000.000000000000114 ) ;
#186 = ORIENTED_EDGE ( 'NONE', *, *, #2626, .F. ) ;
#187 = VECTOR ( 'NONE', #2241, 1000.000000000000000 ) ;
#188 = CARTESIAN_POINT ( 'NONE',  ( 160.1768364872664847, -119.4194853061869992, 114.2144502228033929 ) ) ;
#189 = CARTESIAN_POINT ( 'NONE',  ( 128.8739659630078904, -127.4111597948846253, 116.6050687793319725 ) ) ;
#190 = FACE_OUTER_BOUND ( 'NONE', #379, .T. ) ;
#191 = EDGE_CURVE ( 'NONE', #569, #285, #2360, .T. ) ;
#192 = AXIS2_PLACEMENT_3D ( 'NONE', #992, #1911, #745 ) ;
#193 = CARTESIAN_POINT ( 'NONE',  ( 171.1533783421450039, -130.8294928209240027, 111.1643259181415999 ) ) ;
#194 = PLANE ( 'NONE',  #2905 ) ;
#195 = ORIENTED_EDGE ( 'NONE', *, *, #1527, .T. ) ;
#196 = ORIENTED_EDGE ( 'NONE', *, *, #904, .F. ) ;
#197 = DIRECTION ( 'NONE',  ( -1.000000000000000000, 0.000000000000000000, 0.000000000000000000 ) ) ;
#198 = ORIENTED_EDGE ( 'NONE', *, *, #1169, .T. ) ;
#199 = VECTOR ( 'NONE', #2316, 1000.000000000000114 ) ;
#200 = DIRECTION ( 'NONE',  ( 1.000000000000000000, -1.126208581372299938E-16, 2.064807597183435195E-24 ) ) ;
#201 = VERTEX_POINT ( 'NONE', #2833 ) ;
#202 = CARTESIAN_POINT ( 'NONE',  ( 171.1510253573064801, -126.6654524699595612, 113.5294105185380147 ) ) ;
#203 = CARTESIAN_POINT ( 'NONE',  ( 172.4948349369014693, -134.1408801017839778, 111.9614252177980518 ) ) ;
#204 = LINE ( 'NONE', #841, #916 ) ;
#205 = CARTESIAN_POINT ( 'NONE',  ( 143.9766000114324243, -116.7307771246486112, 111.1106872249574025 ) ) ;
#206 = CARTESIAN_POINT ( 'NONE',  ( 144.2766423089130114, -116.5575964712406005, 110.9375065715494060 ) ) ;
#207 = DIRECTION ( 'NONE',  ( 0.000000000000000000, -1.777619882654805179E-15, -1.000000000000000000 ) ) ;
#208 = DIRECTION ( 'NONE',  ( 0.000000000000000000, 0.000000000000000000, 1.000000000000000000 ) ) ;
#209 = EDGE_CURVE ( 'NONE', #1259, #1217, #42, .T. ) ;
#210 = EDGE_LOOP ( 'NONE', ( #534, #1910, #3053, #119 ) ) ;
#211 = ORIENTED_EDGE ( 'NONE', *, *, #2458, .T. ) ;
#212 = VERTEX_POINT ( 'NONE', #1654 ) ;
#213 = PLANE ( 'NONE',  #1707 ) ;
#214 = ORIENTED_EDGE ( 'NONE', *, *, #2862, .F. ) ;
#215 = FACE_OUTER_BOUND ( 'NONE', #87, .T. ) ;
#216 = CARTESIAN_POINT ( 'NONE',  ( 166.8389087797086177, -134.5059666404269763, 116.4878672318362476 ) ) ;
#217 = EDGE_CURVE ( 'NONE', #675, #2978, #738, .T. ) ;
#218 = LINE ( 'NONE', #493, #174 ) ;
#219 = AXIS2_PLACEMENT_3D ( 'NONE', #1777, #1573, #669 ) ;
#220 = DIRECTION ( 'NONE',  ( 0.000000000000000000, 1.777619882654805179E-15, 1.000000000000000000 ) ) ;
#221 = EDGE_CURVE ( 'NONE', #2155, #2975, #2121, .T. ) ;
#222 = DIRECTION ( 'NONE',  ( -1.000000000000000000, 0.000000000000000000, 0.000000000000000000 ) ) ;
#223 = CIRCLE ( 'NONE', #1116, 14.00026375888610630 ) ;
#224 = CARTESIAN_POINT ( 'NONE',  ( 171.1533783421450039, -130.8294928209240027, 110.7558258704579970 ) ) ;
#225 = EDGE_LOOP ( 'NONE', ( #458, #1690 ) ) ;
#226 = ORIENTED_EDGE ( 'NONE', *, *, #959, .F. ) ;
#227 = CARTESIAN_POINT ( 'NONE',  ( 127.6533783421450181, -130.8294928209240027, 117.2643259181417932 ) ) ;
#228 = ADVANCED_FACE ( 'NONE', ( #27 ), #1670, .T. ) ;
#229 = EDGE_LOOP ( 'NONE', ( #580, #186 ) ) ;
#230 = DIRECTION ( 'NONE',  ( 1.000000000000000000, 0.000000000000000000, 0.000000000000000000 ) ) ;
#231 = CARTESIAN_POINT ( 'NONE',  ( 172.3094372536252763, -134.3002337176750984, 112.2064008855759027 ) ) ;
#232 = DIRECTION ( 'NONE',  ( -0.7746840410057810322, -0.4471379186621024515, 0.4471379186621019519 ) ) ;
#233 = AXIS2_PLACEMENT_3D ( 'NONE', #1099, #2099, #1597 ) ;
#234 = FACE_OUTER_BOUND ( 'NONE', #297, .T. ) ;
#235 = LINE ( 'NONE', #1227, #2080 ) ;
#236 = VECTOR ( 'NONE', #1932, 999.9999999999998863 ) ;
#237 = DIRECTION ( 'NONE',  ( 2.897750109453115257E-15, 1.000000000000000000, 0.000000000000000000 ) ) ;
#238 = ORIENTED_EDGE ( 'NONE', *, *, #153, .F. ) ;
#239 = VERTEX_POINT ( 'NONE', #2613 ) ;
#240 = VERTEX_POINT ( 'NONE', #924 ) ;
#241 = VECTOR ( 'NONE', #3007, 1000.000000000000000 ) ;
#242 = ORIENTED_EDGE ( 'NONE', *, *, #2470, .T. ) ;
#243 = AXIS2_PLACEMENT_3D ( 'NONE', #1567, #1520, #123 ) ;
#244 = PLANE ( 'NONE',  #2310 ) ;
#245 = CYLINDRICAL_SURFACE ( 'NONE', #921, 1.708500000000001684 ) ;
#246 = CARTESIAN_POINT ( 'NONE',  ( 152.0308494608300123, -119.4194928209239919, 122.2151394227116015 ) ) ;
#247 = DIRECTION ( 'NONE',  ( 0.8661474891674492138, -9.330303626752302557E-15, -0.4997884822691730511 ) ) ;
#248 = EDGE_CURVE ( 'NONE', #1411, #1737, #660, .T. ) ;
#249 = AXIS2_PLACEMENT_3D ( 'NONE', #1857, #690, #2262 ) ;
#250 = LINE ( 'NONE', #1443, #577 ) ;
#251 = LINE ( 'NONE', #266, #2376 ) ;
#252 = ORIENTED_EDGE ( 'NONE', *, *, #1942, .F. ) ;
#253 = DIRECTION ( 'NONE',  ( 0.7071067811865470176, -2.741831519122640287E-15, -0.7071067811865480168 ) ) ;
#254 = LINE ( 'NONE', #1838, #2856 ) ;
#255 = EDGE_CURVE ( 'NONE', #1193, #1909, #969, .T. ) ;
#256 = VERTEX_POINT ( 'NONE', #2805 ) ;
#257 = VERTEX_POINT ( 'NONE', #2125 ) ;
#258 = ORIENTED_EDGE ( 'NONE', *, *, #1410, .T. ) ;
#259 = ORIENTED_EDGE ( 'NONE', *, *, #685, .T. ) ;
#260 = DIRECTION ( 'NONE',  ( 0.8716112679235968885, -2.614607736541994806E-15, -0.4901977127941539725 ) ) ;
#261 = CARTESIAN_POINT ( 'NONE',  ( 135.1768364872676216, -119.4194928209239919, 114.2143259181413981 ) ) ;
#262 = DIRECTION ( 'NONE',  ( 1.000000000000000000, 0.000000000000000000, -2.000000000000030132E-15 ) ) ;
#263 = EDGE_CURVE ( 'NONE', #461, #2544, #722, .T. ) ;
#264 = FACE_BOUND ( 'NONE', #1786, .T. ) ;
#265 = EDGE_CURVE ( 'NONE', #2334, #1062, #1189, .T. ) ;
#266 = CARTESIAN_POINT ( 'NONE',  ( 127.6533783421450181, -130.8294928209240027, 110.7558258704579970 ) ) ;
#267 = AXIS2_PLACEMENT_3D ( 'NONE', #1664, #747, #1440 ) ;
#268 = VERTEX_POINT ( 'NONE', #2 ) ;
#269 = CARTESIAN_POINT ( 'NONE',  ( 145.2363783421450023, -130.7794928209240197, 117.4643259181417960 ) ) ;
#270 = DIRECTION ( 'NONE',  ( -2.000000000000000155E-15, -1.000000000000000000, 1.999664487579840037E-15 ) ) ;
#271 = AXIS2_PLACEMENT_3D ( 'NONE', #1269, #1491, #81 ) ;
#272 = ORIENTED_EDGE ( 'NONE', *, *, #2895, .F. ) ;
#273 = ORIENTED_EDGE ( 'NONE', *, *, #2420, .F. ) ;
#274 = FACE_BOUND ( 'NONE', #2677, .T. ) ;
#275 = DIRECTION ( 'NONE',  ( -1.000000000000000000, 0.000000000000000000, 0.000000000000000000 ) ) ;
#276 = DIRECTION ( 'NONE',  ( 0.000000000000000000, 1.000000000000000000, -1.999664487579840037E-15 ) ) ;
#277 = VECTOR ( 'NONE', #649, 1000.000000000000114 ) ;
#278 = VERTEX_POINT ( 'NONE', #1877 ) ;
#279 = CARTESIAN_POINT ( 'NONE',  ( 150.7775335275894975, -119.8694928209240089, 110.7643259181415942 ) ) ;
#280 = CIRCLE ( 'NONE', #2896, 2.099999999999990763 ) ;
#281 = ORIENTED_EDGE ( 'NONE', *, *, #2761, .F. ) ;
#282 = CARTESIAN_POINT ( 'NONE',  ( 144.3448783421405892, -120.1367099249736015, 117.6643259181415999 ) ) ;
#283 = LINE ( 'NONE', #1233, #3009 ) ;
#284 = ORIENTED_EDGE ( 'NONE', *, *, #2327, .F. ) ;
#285 = VERTEX_POINT ( 'NONE', #2791 ) ;
#286 = CARTESIAN_POINT ( 'NONE',  ( 138.1768364872676216, -119.4194928209239919, 114.2143259181413981 ) ) ;
#287 = CARTESIAN_POINT ( 'NONE',  ( 165.0442453971610632, -131.9179341540350094, 117.1326392330784216 ) ) ;
#288 = ADVANCED_FACE ( 'NONE', ( #1642 ), #15, .F. ) ;
#289 =( GEOMETRIC_REPRESENTATION_CONTEXT ( 3 ) GLOBAL_UNCERTAINTY_ASSIGNED_CONTEXT ( ( #3034 ) ) GLOBAL_UNIT_ASSIGNED_CONTEXT ( ( #960, #2145, #18 ) ) REPRESENTATION_CONTEXT ( 'NONE', 'WORKASPACE' ) );
#290 = AXIS2_PLACEMENT_3D ( 'NONE', #2160, #51, #2634 ) ;
#291 = DIRECTION ( 'NONE',  ( -2.000000000000000155E-15, -1.000000000000000000, 2.011235154672819943E-15 ) ) ;
#292 = CARTESIAN_POINT ( 'NONE',  ( 124.7519689084525254, -135.1699482512493660, 113.9809300632727229 ) ) ;
#293 = VECTOR ( 'NONE', #2708, 1000.000000000000000 ) ;
#294 = LINE ( 'NONE', #1948, #1823 ) ;
#295 = EDGE_LOOP ( 'NONE', ( #702, #140, #737, #2823 ) ) ;
#296 = LINE ( 'NONE', #1998, #402 ) ;
#297 = EDGE_LOOP ( 'NONE', ( #1133, #1880, #1190, #2363 ) ) ;
#298 = DIRECTION ( 'NONE',  ( -2.010593969653189800E-15, -1.000000000000000000, 1.777619882654805179E-15 ) ) ;
#299 = EDGE_CURVE ( 'NONE', #1521, #1732, #692, .T. ) ;
#300 = ORIENTED_EDGE ( 'NONE', *, *, #856, .T. ) ;
#301 = DIRECTION ( 'NONE',  ( 0.000000000000000000, -1.000000000000000000, 1.777619882654805179E-15 ) ) ;
#302 = CARTESIAN_POINT ( 'NONE',  ( 165.4577529847804556, -132.9343432438657544, 117.0074580094385510 ) ) ;
#303 = DIRECTION ( 'NONE',  ( -0.3695312769210653547, -0.6570565559284696766, 0.6570565559284107238 ) ) ;
#304 = LINE ( 'NONE', #763, #330 ) ;
#305 = CARTESIAN_POINT ( 'NONE',  ( 128.6691736948957896, -134.4125603785049634, 116.5186075533611785 ) ) ;
#306 = VERTEX_POINT ( 'NONE', #1215 ) ;
#307 = CARTESIAN_POINT ( 'NONE',  ( 164.9696019957391684, -130.2824063986908243, 117.1521616293296546 ) ) ;
#308 = EDGE_CURVE ( 'NONE', #387, #47, #955, .T. ) ;
#309 = ORIENTED_EDGE ( 'NONE', *, *, #1813, .F. ) ;
#310 = DIRECTION ( 'NONE',  ( 0.8716112679235968885, -2.614607736541994806E-15, -0.4901977127941539725 ) ) ;
#311 = DIRECTION ( 'NONE',  ( 1.000000000000000000, -2.000000000000000155E-15, 3.674846925059025351E-44 ) ) ;
#312 = DIRECTION ( 'NONE',  ( 0.000000000000000000, 2.000000000000000155E-15, 1.000000000000000000 ) ) ;
#313 = AXIS2_PLACEMENT_3D ( 'NONE', #2147, #3035, #262 ) ;
#314 = ORIENTED_EDGE ( 'NONE', *, *, #1214, .T. ) ;
#315 = CONICAL_SURFACE ( 'NONE', #2190, 2.458500000000002572, 0.7853981633974476129 ) ;
#316 = EDGE_CURVE ( 'NONE', #1217, #1139, #1422, .T. ) ;
#317 = VERTEX_POINT ( 'NONE', #468 ) ;
#318 = DIRECTION ( 'NONE',  ( 0.000000000000000000, 1.000000000000000000, -1.777619882654805179E-15 ) ) ;
#319 = CARTESIAN_POINT ( 'NONE',  ( 122.3586593486218135, -133.4503142200632055, 111.1061354002890056 ) ) ;
#320 =( BOUNDED_CURVE ( )  B_SPLINE_CURVE ( 3, ( #2660, #546, #1349, #2292 ),
 .UNSPECIFIED., .F., .T. ) 
 B_SPLINE_CURVE_WITH_KNOTS ( ( 4, 4 ),
 ( 2.883227165523820190, 2.892918742960719936 ),
 .UNSPECIFIED. ) 
 CURVE ( )  GEOMETRIC_REPRESENTATION_ITEM ( )  RATIONAL_B_SPLINE_CURVE ( ( 1.000000000000000000, 0.9999921727925480397, 0.9999921727925480397, 1.000000000000000000 ) ) 
 REPRESENTATION_ITEM ( '' )  );
#321 = VERTEX_POINT ( 'NONE', #2599 ) ;
#322 = LINE ( 'NONE', #2224, #135 ) ;
#323 = LINE ( 'NONE', #2934, #236 ) ;
#324 = CARTESIAN_POINT ( 'NONE',  ( 129.9373880964756438, -132.9238795906494488, 116.9949584104996347 ) ) ;
#325 = CARTESIAN_POINT ( 'NONE',  ( 140.6907205911738004, -119.8694928209240089, 117.6643259181415999 ) ) ;
#326 = CARTESIAN_POINT ( 'NONE',  ( 172.9794496637349823, -140.4194928209240061, 110.9352306581342162 ) ) ;
#327 = CONICAL_SURFACE ( 'NONE', #732, 4.299999999999998046, 0.7853981633974574939 ) ;
#328 = ORIENTED_EDGE ( 'NONE', *, *, #2721, .F. ) ;
#329 = DIRECTION ( 'NONE',  ( 3.965007530377729245E-15, 1.982503765188864623E-15, 1.000000000000000000 ) ) ;
#330 = VECTOR ( 'NONE', #1759, 1000.000000000000000 ) ;
#331 = ORIENTED_EDGE ( 'NONE', *, *, #2127, .T. ) ;
#332 = VECTOR ( 'NONE', #2393, 1000.000000000000000 ) ;
#333 = LINE ( 'NONE', #122, #482 ) ;
#334 = DIRECTION ( 'NONE',  ( 0.000000000000000000, -1.777619882654805179E-15, -1.000000000000000000 ) ) ;
#335 = ORIENTED_EDGE ( 'NONE', *, *, #2313, .F. ) ;
#336 = FACE_OUTER_BOUND ( 'NONE', #835, .T. ) ;
#337 = CARTESIAN_POINT ( 'NONE',  ( 144.7448783421405949, -125.6281013729488052, 117.2643259181415942 ) ) ;
#338 = EDGE_CURVE ( 'NONE', #107, #614, #1420, .T. ) ;
#339 = DIRECTION ( 'NONE',  ( 0.000000000000000000, 1.000000000000000000, -1.465743804162677925E-15 ) ) ;
#340 = EDGE_CURVE ( 'NONE', #1280, #2128, #2557, .T. ) ;
#341 = CIRCLE ( 'NONE', #989, 1.708500000000001684 ) ;
#342 = CARTESIAN_POINT ( 'NONE',  ( 166.8387732144101676, -127.1598791721839348, 116.4866232485799458 ) ) ;
#343 = EDGE_LOOP ( 'NONE', ( #406, #368, #2386, #2052 ) ) ;
#344 = DIRECTION ( 'NONE',  ( 0.000000000000000000, 1.777619882654805179E-15, 1.000000000000000000 ) ) ;
#345 = VERTEX_POINT ( 'NONE', #101 ) ;
#346 = VECTOR ( 'NONE', #2526, 999.9999999999998863 ) ;
#347 = ORIENTED_EDGE ( 'NONE', *, *, #389, .T. ) ;
#348 = LINE ( 'NONE', #1735, #1898 ) ;
#350 = EDGE_CURVE ( 'NONE', #1862, #956, #1234, .T. ) ;
#349 = VECTOR ( 'NONE', #509, 1000.000000000000000 ) ;
#351 = VERTEX_POINT ( 'NONE', #753 ) ;
#352 = ORIENTED_EDGE ( 'NONE', *, *, #1541, .T. ) ;
#353 = DIRECTION ( 'NONE',  ( 1.414213562373068640E-15, 0.7071067811865270336, -0.7071067811865680008 ) ) ;
#354 = PLANE ( 'NONE',  #1468 ) ;
#355 = ORIENTED_EDGE ( 'NONE', *, *, #2176, .F. ) ;
#356 = LINE ( 'NONE', #1301, #86 ) ;
#357 = CARTESIAN_POINT ( 'NONE',  ( 126.7081157450182474, -126.3958505505838303, 115.4802624474146029 ) ) ;
#358 = CARTESIAN_POINT ( 'NONE',  ( 127.2302384954003571, -135.1428911039543834, 115.7970712560747586 ) ) ;
#359 = EDGE_CURVE ( 'NONE', #285, #1783, #294, .T. ) ;
#360 = EDGE_CURVE ( 'NONE', #1997, #201, #1241, .T. ) ;
#361 = ORIENTED_EDGE ( 'NONE', *, *, #1677, .T. ) ;
#362 = CARTESIAN_POINT ( 'NONE',  ( 144.7448783421405949, -120.5367099249736071, 111.1643295077162037 ) ) ;
#363 = CARTESIAN_POINT ( 'NONE',  ( 139.3439795008901854, -118.6311074304708058, 115.3310439787995989 ) ) ;
#364 = ORIENTED_EDGE ( 'NONE', *, *, #172, .F. ) ;
#365 = CIRCLE ( 'NONE', #370, 1.700000000000007061 ) ;
#366 = FACE_OUTER_BOUND ( 'NONE', #849, .T. ) ;
#367 = CARTESIAN_POINT ( 'NONE',  ( 122.3953779031837996, -128.0634402845799968, 111.1643259181415999 ) ) ;
#368 = ORIENTED_EDGE ( 'NONE', *, *, #1942, .T. ) ;
#369 = EDGE_LOOP ( 'NONE', ( #3028, #1423, #844, #1513, #666, #1000, #931, #803, #2423, #1720 ) ) ;
#370 = AXIS2_PLACEMENT_3D ( 'NONE', #533, #1246, #2450 ) ;
#371 = LINE ( 'NONE', #1250, #1860 ) ;
#372 = CARTESIAN_POINT ( 'NONE',  ( 147.6948783421429994, -123.3367099249736043, 110.7643259181415942 ) ) ;
#373 = FACE_OUTER_BOUND ( 'NONE', #2877, .T. ) ;
#374 = FACE_OUTER_BOUND ( 'NONE', #1691, .T. ) ;
#375 = ORIENTED_EDGE ( 'NONE', *, *, #3047, .F. ) ;
#376 = CARTESIAN_POINT ( 'NONE',  ( 122.5508943902813996, -140.0194928209240288, 110.7643259181415942 ) ) ;
#377 = CARTESIAN_POINT ( 'NONE',  ( 122.5508943902813854, -133.1296825814636122, 110.7643259181415942 ) ) ;
#378 = DIRECTION ( 'NONE',  ( -1.000000000000000000, 0.000000000000000000, 0.000000000000000000 ) ) ;
#379 = EDGE_LOOP ( 'NONE', ( #2844, #592, #853, #502 ) ) ;
#380 = VECTOR ( 'NONE', #2298, 1000.000000000000000 ) ;
#381 = VERTEX_POINT ( 'NONE', #1746 ) ;
#382 = FACE_OUTER_BOUND ( 'NONE', #446, .T. ) ;
#383 = AXIS2_PLACEMENT_3D ( 'NONE', #1605, #2063, #1319 ) ;
#384 = DIRECTION ( 'NONE',  ( 0.000000000000000000, 1.999664487579840037E-15, 1.000000000000000000 ) ) ;
#385 = ORIENTED_EDGE ( 'NONE', *, *, #2082, .T. ) ;
#386 = VECTOR ( 'NONE', #2416, 1000.000000000000114 ) ;
#387 = VERTEX_POINT ( 'NONE', #279 ) ;
#388 = CARTESIAN_POINT ( 'NONE',  ( 124.6478419593122453, -126.4987053874546064, 113.8996653702458417 ) ) ;
#389 = EDGE_CURVE ( 'NONE', #1436, #1342, #1084, .T. ) ;
#390 = CARTESIAN_POINT ( 'NONE',  ( 169.4448783421449889, -130.8294928209240027, 110.9643259181415971 ) ) ;
#391 = AXIS2_PLACEMENT_3D ( 'NONE', #1002, #560, #1734 ) ;
#392 = LINE ( 'NONE', #1589, #2556 ) ;
#393 = CARTESIAN_POINT ( 'NONE',  ( 121.4448783421450031, -130.8294928209240027, 110.7643259181415942 ) ) ;
#394 = AXIS2_PLACEMENT_3D ( 'NONE', #2094, #2573, #1608 ) ;
#395 = CIRCLE ( 'NONE', #2659, 1.708500000000001684 ) ;
#396 = CARTESIAN_POINT ( 'NONE',  ( 125.9448783421450173, -130.8294928209240027, 110.7643259181415942 ) ) ;
#397 = CARTESIAN_POINT ( 'NONE',  ( 172.9797410556965076, -119.6980699632515979, 110.9357487758139911 ) ) ;
#398 = EDGE_LOOP ( 'NONE', ( #1103, #1923, #2939, #1357 ) ) ;
#399 = VECTOR ( 'NONE', #1902, 1000.000000000000000 ) ;
#400 = ORIENTED_EDGE ( 'NONE', *, *, #11, .F. ) ;
#401 = EDGE_CURVE ( 'NONE', #1964, #681, #66, .T. ) ;
#402 = VECTOR ( 'NONE', #2432, 1000.000000000000000 ) ;
#403 = CARTESIAN_POINT ( 'NONE',  ( 134.4448783421433973, -119.6694928209239919, 117.4643259181415971 ) ) ;
#404 = EDGE_CURVE ( 'NONE', #1819, #1193, #2194, .T. ) ;
#405 = LINE ( 'NONE', #1311, #2766 ) ;
#406 = ORIENTED_EDGE ( 'NONE', *, *, #221, .T. ) ;
#407 = CARTESIAN_POINT ( 'NONE',  ( 171.0238253073846977, -126.6148950670875024, 113.6562981839805957 ) ) ;
#408 = CARTESIAN_POINT ( 'NONE',  ( 127.8677518070212358, -126.7613674710623144, 116.1419200840574035 ) ) ;
#409 = DIRECTION ( 'NONE',  ( 0.000000000000000000, 1.000000000000000000, -1.999664487579840037E-15 ) ) ;
#410 = CARTESIAN_POINT ( 'NONE',  ( 169.4448783421449889, -130.8294928209240027, 117.4643259181415971 ) ) ;
#411 = DIRECTION ( 'NONE',  ( 0.000000000000000000, 1.999664487579840037E-15, 1.000000000000000000 ) ) ;
#412 = ADVANCED_FACE ( 'NONE', ( #2274 ), #936, .F. ) ;
#413 = CARTESIAN_POINT ( 'NONE',  ( 173.0755671831449831, -133.3883539018567888, 111.1061354007505884 ) ) ;
#414 = APPLICATION_PROTOCOL_DEFINITION ( 'draft international standard', 'automotive_design', 1998, #2200 ) ;
#415 = VERTEX_POINT ( 'NONE', #1493 ) ;
#416 = DIRECTION ( 'NONE',  ( -0.8659032670396755726, 7.315514041852066420E-16, -0.5002114874030947345 ) ) ;
#417 = PLANE ( 'NONE',  #243 ) ;
#418 = ORIENTED_EDGE ( 'NONE', *, *, #3022, .T. ) ;
#419 = ORIENTED_EDGE ( 'NONE', *, *, #2001, .F. ) ;
#420 = CARTESIAN_POINT ( 'NONE',  ( 168.6561801370033038, -126.4003201564441525, 115.5244128856075321 ) ) ;
#421 = CARTESIAN_POINT ( 'NONE',  ( 123.9261564036840326, -126.8054275919692486, 113.1579376226849263 ) ) ;
#422 = DIRECTION ( 'NONE',  ( -1.000000000000000000, 0.000000000000000000, 0.000000000000000000 ) ) ;
#423 = VECTOR ( 'NONE', #1392, 1000.000000000000000 ) ;
#424 = DIRECTION ( 'NONE',  ( -1.126208581372299938E-16, -1.000000000000000000, 1.777619845642624937E-15 ) ) ;
#425 = DIRECTION ( 'NONE',  ( -1.000000000000000000, 0.000000000000000000, 0.000000000000000000 ) ) ;
#426 = FACE_BOUND ( 'NONE', #17, .T. ) ;
#427 = CARTESIAN_POINT ( 'NONE',  ( 147.8296834947207685, -123.3367099249736043, 110.6883463701182109 ) ) ;
#428 = ORIENTED_EDGE ( 'NONE', *, *, #873, .T. ) ;
#429 = CARTESIAN_POINT ( 'NONE',  ( 135.1768364872676216, -119.4194928209239919, 114.2143259181413981 ) ) ;
#430 = CARTESIAN_POINT ( 'NONE',  ( 147.6948783421452163, -140.4194928209240061, 111.1643259181415999 ) ) ;
#431 = VECTOR ( 'NONE', #96, 1000.000000000000000 ) ;
#432 = ORIENTED_EDGE ( 'NONE', *, *, #2496, .F. ) ;
#433 = CIRCLE ( 'NONE', #682, 3.000000000000002665 ) ;
#434 = CARTESIAN_POINT ( 'NONE',  ( 172.1965373704690307, -127.2690510137737050, 112.3508727398578202 ) ) ;
#435 = CARTESIAN_POINT ( 'NONE',  ( 167.3093972532108751, -134.7894976754328411, 116.2693171943821113 ) ) ;
#436 = DIRECTION ( 'NONE',  ( -2.086009798106411761E-15, 0.7071067811865490160, 0.7071067811865461294 ) ) ;
#437 = ADVANCED_FACE ( 'NONE', ( #1447 ), #83, .T. ) ;
#438 = DIRECTION ( 'NONE',  ( -1.000000000000000000, 0.000000000000000000, 0.000000000000000000 ) ) ;
#439 = AXIS2_PLACEMENT_3D ( 'NONE', #1109, #1339, #2973 ) ;
#440 = PRODUCT_CONTEXT ( 'NONE', #2200, 'mechanical' ) ;
#441 = VERTEX_POINT ( 'NONE', #325 ) ;
#442 = AXIS2_PLACEMENT_3D ( 'NONE', #1237, #505, #1504 ) ;
#443 = ORIENTED_EDGE ( 'NONE', *, *, #2412, .T. ) ;
#444 = EDGE_CURVE ( 'NONE', #1139, #1217, #2954, .T. ) ;
#445 = DIRECTION ( 'NONE',  ( 0.000000000000000000, -1.777619882654805179E-15, -1.000000000000000000 ) ) ;
#446 = EDGE_LOOP ( 'NONE', ( #1446, #1629, #2348, #2467, #868, #2710 ) ) ;
#447 = CIRCLE ( 'NONE', #2170, 2.258499999999996621 ) ;
#448 = ORIENTED_EDGE ( 'NONE', *, *, #2578, .F. ) ;
#449 = CARTESIAN_POINT ( 'NONE',  ( 140.4309862314253792, -119.4194928209239919, 117.2143259181415971 ) ) ;
#450 = CARTESIAN_POINT ( 'NONE',  ( 167.0534654836762343, -134.6482888190758729, 116.3923016616138995 ) ) ;
#451 = DIRECTION ( 'NONE',  ( -1.000000000000000000, 0.000000000000000000, 0.000000000000000000 ) ) ;
#452 = PLANE ( 'NONE',  #1508 ) ;
#453 = CARTESIAN_POINT ( 'NONE',  ( 147.6948783421452163, -130.7794928209240197, 117.4643259181417960 ) ) ;
#454 = EDGE_CURVE ( 'NONE', #278, #2500, #1788, .T. ) ;
#455 = CARTESIAN_POINT ( 'NONE',  ( 135.1768364872676216, -123.4194853061869992, 114.2143259181413981 ) ) ;
#456 = ORIENTED_EDGE ( 'NONE', *, *, #444, .F. ) ;
#457 =( BOUNDED_CURVE ( )  B_SPLINE_CURVE ( 2, ( #1780, #2483, #2263 ),
 .UNSPECIFIED., .F., .T. ) 
 B_SPLINE_CURVE_WITH_KNOTS ( ( 3, 3 ),
 ( 1.197037936742020081, 1.230256879913469881 ),
 .UNSPECIFIED. ) 
 CURVE ( )  GEOMETRIC_REPRESENTATION_ITEM ( )  RATIONAL_B_SPLINE_CURVE ( ( 1.003528044466539981, 1.002698650652759982, 1.001820506900680030 ) ) 
 REPRESENTATION_ITEM ( '' )  );
#458 = ORIENTED_EDGE ( 'NONE', *, *, #65, .F. ) ;
#459 = DIRECTION ( 'NONE',  ( 1.000000000000000000, 0.000000000000000000, 0.000000000000000000 ) ) ;
#460 = VERTEX_POINT ( 'NONE', #1358 ) ;
#461 = VERTEX_POINT ( 'NONE', #3049 ) ;
#462 = DIRECTION ( 'NONE',  ( -1.000000000000000000, 0.000000000000000000, 0.000000000000000000 ) ) ;
#463 = CARTESIAN_POINT ( 'NONE',  ( 169.5273061309230798, -135.3343774108215314, 114.9342218029382110 ) ) ;
#464 = FACE_OUTER_BOUND ( 'NONE', #2249, .T. ) ;
#465 = AXIS2_PLACEMENT_3D ( 'NONE', #520, #2411, #1223 ) ;
#466 = CARTESIAN_POINT ( 'NONE',  ( 134.4448783421433973, -119.6694928209239919, 110.9643259181415971 ) ) ;
#467 = FACE_OUTER_BOUND ( 'NONE', #752, .T. ) ;
#468 = CARTESIAN_POINT ( 'NONE',  ( 154.6590038554344915, -119.8694928209240089, 117.6643259181415999 ) ) ;
#469 = EDGE_CURVE ( 'NONE', #787, #1732, #1326, .T. ) ;
#470 = ORIENTED_EDGE ( 'NONE', *, *, #2868, .F. ) ;
#471 = EDGE_LOOP ( 'NONE', ( #16, #1614, #2451, #1098 ) ) ;
#472 = ORIENTED_EDGE ( 'NONE', *, *, #1583, .T. ) ;
#473 = VERTEX_POINT ( 'NONE', #449 ) ;
#474 = DIRECTION ( 'NONE',  ( -1.000000000000000000, 0.000000000000000000, 0.000000000000000000 ) ) ;
#475 = PLANE ( 'NONE',  #2148 ) ;
#476 = DIRECTION ( 'NONE',  ( 2.060936357395554947E-16, -3.080613658162890380E-15, -1.000000000000000000 ) ) ;
#477 = CARTESIAN_POINT ( 'NONE',  ( 140.6327561259255958, -119.7690671037144057, 117.5639002009321956 ) ) ;
#478 = VECTOR ( 'NONE', #303, 1000.000000000000000 ) ;
#479 = EDGE_CURVE ( 'NONE', #956, #2418, #653, .T. ) ;
#480 = CARTESIAN_POINT ( 'NONE',  ( 147.7171133226179904, -128.3751349727861850, 111.1643295077162037 ) ) ;
#481 = CARTESIAN_POINT ( 'NONE',  ( 122.5508943902813996, -133.1296825814636122, 110.7643259181415942 ) ) ;
#482 = VECTOR ( 'NONE', #1534, 1000.000000000000000 ) ;
#483 = DIRECTION ( 'NONE',  ( 2.060936357395554947E-16, -3.080613658162890380E-15, -1.000000000000000000 ) ) ;
#484 = CARTESIAN_POINT ( 'NONE',  ( 150.6448783421405153, -120.5367099249736071, 117.6643295077162037 ) ) ;
#485 = ORIENTED_EDGE ( 'NONE', *, *, #1088, .F. ) ;
#486 = VECTOR ( 'NONE', #2658, 1000.000000000000000 ) ;
#487 = ADVANCED_FACE ( 'NONE', ( #2980 ), #918, .F. ) ;
#488 = ADVANCED_FACE ( 'NONE', ( #2074, #215 ), #933, .F. ) ;
#489 = ORIENTED_EDGE ( 'NONE', *, *, #2352, .T. ) ;
#490 = AXIS2_PLACEMENT_3D ( 'NONE', #2767, #613, #1344 ) ;
#491 = CARTESIAN_POINT ( 'NONE',  ( 147.9612839322335844, -123.3367099249736043, 110.7643259181415942 ) ) ;
#492 = CARTESIAN_POINT ( 'NONE',  ( 168.7661460313244675, -135.2769814574191685, 115.4547893868875548 ) ) ;
#493 = CARTESIAN_POINT ( 'NONE',  ( 167.5363783421450137, -130.8294928209240027, 117.4643259181415971 ) ) ;
#494 = VECTOR ( 'NONE', #2513, 1000.000000000000000 ) ;
#495 = AXIS2_PLACEMENT_3D ( 'NONE', #860, #1793, #2047 ) ;
#496 = DIRECTION ( 'NONE',  ( 2.060936357395564808E-16, 1.491260498375597747E-16, -1.000000000000000000 ) ) ;
#497 = LINE ( 'NONE', #2874, #1043 ) ;
#498 = DIRECTION ( 'NONE',  ( -1.000000000000000000, 0.000000000000000000, 0.000000000000000000 ) ) ;
#499 = CARTESIAN_POINT ( 'NONE',  ( 121.1948783421414078, -119.4194928209239919, 110.7643259181407984 ) ) ;
#500 = ORIENTED_EDGE ( 'NONE', *, *, #1792, .T. ) ;
#501 = EDGE_CURVE ( 'NONE', #2628, #609, #1962, .T. ) ;
#502 = ORIENTED_EDGE ( 'NONE', *, *, #401, .F. ) ;
#503 = VERTEX_POINT ( 'NONE', #1118 ) ;
#504 = CARTESIAN_POINT ( 'NONE',  ( 172.9794496637349823, -140.4194928209240061, 110.9352306581342162 ) ) ;
#505 = DIRECTION ( 'NONE',  ( 0.000000000000000000, 2.000000000000000155E-15, 1.000000000000000000 ) ) ;
#506 = CARTESIAN_POINT ( 'NONE',  ( 147.6948783421405835, -126.3307771246486055, 113.9014131133686050 ) ) ;
#507 = EDGE_CURVE ( 'NONE', #1432, #257, #634, .T. ) ;
#508 = FACE_BOUND ( 'NONE', #1852, .T. ) ;
#509 = DIRECTION ( 'NONE',  ( 2.000000000000000155E-15, 1.000000000000000000, -1.777619882654805179E-15 ) ) ;
#510 = MANIFOLD_SOLID_BREP ( 'NONE', #1715 ) ;
#511 = ORIENTED_EDGE ( 'NONE', *, *, #2578, .T. ) ;
#512 = CARTESIAN_POINT ( 'NONE',  ( 165.9249548540225305, -128.0254948519414029, 116.8491781506961900 ) ) ;
#513 = ORIENTED_EDGE ( 'NONE', *, *, #2089, .T. ) ;
#514 = CARTESIAN_POINT ( 'NONE',  ( 125.9448783421450173, -130.8294928209240027, 117.4643259181415971 ) ) ;
#515 = ORIENTED_EDGE ( 'NONE', *, *, #2217, .T. ) ;
#516 = EDGE_LOOP ( 'NONE', ( #500, #2013, #2898, #2792, #583 ) ) ;
#517 = ORIENTED_EDGE ( 'NONE', *, *, #1253, .F. ) ;
#518 = CARTESIAN_POINT ( 'NONE',  ( 173.5448783421450116, -130.8294928209240027, 117.6643259181415999 ) ) ;
#519 = DIRECTION ( 'NONE',  ( -0.5002114874030947345, 0.000000000000000000, 0.8659032670396755726 ) ) ;
#520 = CARTESIAN_POINT ( 'NONE',  ( 125.9448783421450173, -130.8294928209240027, 117.4643259181415971 ) ) ;
#521 = LINE ( 'NONE', #1286, #2601 ) ;
#522 = CARTESIAN_POINT ( 'NONE',  ( 126.8573858980945062, -135.2349381583871377, 115.5738904993544622 ) ) ;
#523 = VECTOR ( 'NONE', #2240, 1000.000000000000000 ) ;
#524 = ADVANCED_FACE ( 'NONE', ( #2751 ), #2174, .T. ) ;
#525 = EDGE_LOOP ( 'NONE', ( #986, #2002, #1261, #91, #1966 ) ) ;
#526 = EDGE_CURVE ( 'NONE', #1580, #157, #1662, .T. ) ;
#527 = CARTESIAN_POINT ( 'NONE',  ( 166.0012237942761146, -127.9333094715725565, 116.8215939749677545 ) ) ;
#528 = CIRCLE ( 'NONE', #2509, 2.658500000000008079 ) ;
#529 = ORIENTED_EDGE ( 'NONE', *, *, #2000, .F. ) ;
#530 = CARTESIAN_POINT ( 'NONE',  ( 147.6948783421405835, -126.3307771246486055, 113.9014131133686050 ) ) ;
#531 = VERTEX_POINT ( 'NONE', #1220 ) ;
#532 = DIRECTION ( 'NONE',  ( -3.211950541631954801E-31, 1.827076521274325054E-15, 1.000000000000000000 ) ) ;
#533 = CARTESIAN_POINT ( 'NONE',  ( 147.6948783421405835, -116.7307771246486112, 113.9014131133686050 ) ) ;
#534 = ORIENTED_EDGE ( 'NONE', *, *, #338, .F. ) ;
#535 = PLANE ( 'NONE',  #290 ) ;
#536 = VECTOR ( 'NONE', #2139, 1000.000000000000000 ) ;
#537 = EDGE_CURVE ( 'NONE', #990, #2311, #2130, .T. ) ;
#538 = VECTOR ( 'NONE', #598, 1000.000000000000000 ) ;
#539 = LINE ( 'NONE', #1538, #431 ) ;
#540 = DIRECTION ( 'NONE',  ( -1.000000000000000000, 0.000000000000000000, 0.000000000000000000 ) ) ;
#541 = CARTESIAN_POINT ( 'NONE',  ( 125.0621583057283317, -135.2478317371219703, 114.2598883427467911 ) ) ;
#542 = CIRCLE ( 'NONE', #2276, 2.108499999999999375 ) ;
#543 = EDGE_LOOP ( 'NONE', ( #2931, #1029 ) ) ;
#544 = CARTESIAN_POINT ( 'NONE',  ( 164.9448783421449889, -130.8294928209240027, 117.1589186399969975 ) ) ;
#545 = ORIENTED_EDGE ( 'NONE', *, *, #2217, .F. ) ;
#546 = CARTESIAN_POINT ( 'NONE',  ( 173.0514721550659090, -128.1712933360529405, 111.1444261170029506 ) ) ;
#547 = ADVANCED_FACE ( 'NONE', ( #2870 ), #758, .T. ) ;
#548 = ORIENTED_EDGE ( 'NONE', *, *, #761, .T. ) ;
#549 = CARTESIAN_POINT ( 'NONE',  ( 173.9448783421450173, -130.8294928209240027, 117.2643259181417932 ) ) ;
#550 = ORIENTED_EDGE ( 'NONE', *, *, #209, .F. ) ;
#551 = DIRECTION ( 'NONE',  ( -1.000000000000000000, 0.000000000000000000, -1.999999999999904703E-15 ) ) ;
#552 = FACE_OUTER_BOUND ( 'NONE', #1052, .T. ) ;
#553 = DIRECTION ( 'NONE',  ( 7.963497249188391927E-17, 0.7071067811865575647, 0.7071067811865374697 ) ) ;
#554 = FACE_OUTER_BOUND ( 'NONE', #1548, .T. ) ;
#555 = CARTESIAN_POINT ( 'NONE',  ( 130.3164542303865119, -131.9064554012403221, 117.1100168785958715 ) ) ;
#556 = EDGE_LOOP ( 'NONE', ( #2399, #2946, #1375, #1397 ) ) ;
#557 = CARTESIAN_POINT ( 'NONE',  ( 165.0741644390221268, -129.7495843540520752, 117.1225914369138081 ) ) ;
#558 = CARTESIAN_POINT ( 'NONE',  ( 135.1768364872676216, -123.4194853061869992, 114.2143259181413981 ) ) ;
#559 = VERTEX_POINT ( 'NONE', #1692 ) ;
#560 = DIRECTION ( 'NONE',  ( 0.000000000000000000, -1.999664487579840037E-15, -1.000000000000000000 ) ) ;
#561 = CARTESIAN_POINT ( 'NONE',  ( 121.4448783421450031, -130.8294928209240027, 117.2643259181417932 ) ) ;
#562 = CIRCLE ( 'NONE', #1400, 2.258499999999996621 ) ;
#563 = AXIS2_PLACEMENT_3D ( 'NONE', #2958, #2499, #378 ) ;
#564 = VERTEX_POINT ( 'NONE', #1007 ) ;
#565 = EDGE_CURVE ( 'NONE', #257, #2558, #1706, .T. ) ;
#566 = DIRECTION ( 'NONE',  ( 0.000000000000000000, 1.000000000000000000, -3.080613658162890380E-15 ) ) ;
#567 = ADVANCED_FACE ( 'NONE', ( #2409 ), #1438, .T. ) ;
#568 = CARTESIAN_POINT ( 'NONE',  ( 147.6948783421452163, -130.7794928209240197, 117.2643259181417932 ) ) ;
#569 = VERTEX_POINT ( 'NONE', #518 ) ;
#570 = DIRECTION ( 'NONE',  ( 0.000000000000000000, 1.777619882654805179E-15, 1.000000000000000000 ) ) ;
#571 = PLANE ( 'NONE',  #1072 ) ;
#572 = CARTESIAN_POINT ( 'NONE',  ( 121.4448783421450031, -130.8294928209240027, 111.1643259181415999 ) ) ;
#573 = ADVANCED_FACE ( 'NONE', ( #2826 ), #714, .F. ) ;
#574 = DIRECTION ( 'NONE',  ( -1.000000000000000000, 0.000000000000000000, 0.000000000000000000 ) ) ;
#575 = DIRECTION ( 'NONE',  ( 0.7746840410057810322, 0.4471379186621014523, -0.4471379186621029511 ) ) ;
#576 = CONICAL_SURFACE ( 'NONE', #2644, 4.299999999999998046, 0.7853981633974574939 ) ;
#577 = VECTOR ( 'NONE', #1652, 1000.000000000000000 ) ;
#578 = ORIENTED_EDGE ( 'NONE', *, *, #209, .T. ) ;
#579 = CARTESIAN_POINT ( 'NONE',  ( 161.2171132998454937, -119.8694928209240089, 117.6643259181415999 ) ) ;
#580 = ORIENTED_EDGE ( 'NONE', *, *, #2352, .F. ) ;
#581 = CARTESIAN_POINT ( 'NONE',  ( 173.5448783421450116, -130.8294928209240027, 110.7643259181415942 ) ) ;
#582 = FACE_OUTER_BOUND ( 'NONE', #1479, .T. ) ;
#583 = ORIENTED_EDGE ( 'NONE', *, *, #2966, .T. ) ;
#584 = EDGE_CURVE ( 'NONE', #694, #2389, #2606, .T. ) ;
#585 = EDGE_CURVE ( 'NONE', #2963, #614, #1816, .T. ) ;
#586 = DIRECTION ( 'NONE',  ( 0.3695312730357322994, 0.6570565570210127326, 0.6570565570209947470 ) ) ;
#587 = CONICAL_SURFACE ( 'NONE', #391, 4.299999999999998046, 0.7853981633974461696 ) ;
#588 = DIRECTION ( 'NONE',  ( 0.000000000000000000, -2.000000000000000155E-15, -1.000000000000000000 ) ) ;
#589 = PRODUCT_DEFINITION_CONTEXT ( 'detailed design', #1607, 'design' ) ;
#590 = CARTESIAN_POINT ( 'NONE',  ( 129.3405607411853566, -133.7820432100209302, 116.7875954956958964 ) ) ;
#591 = AXIS2_PLACEMENT_3D ( 'NONE', #499, #270, #1434 ) ;
#592 = ORIENTED_EDGE ( 'NONE', *, *, #2690, .T. ) ;
#593 = FACE_OUTER_BOUND ( 'NONE', #2056, .T. ) ;
#594 = CARTESIAN_POINT ( 'NONE',  ( 163.1768364872664847, -123.4194853061869992, 114.2144502228033929 ) ) ;
#595 = EDGE_CURVE ( 'NONE', #2915, #1656, #2617, .T. ) ;
#596 = EDGE_LOOP ( 'NONE', ( #1090, #2103, #400, #1448, #2612, #1399, #355, #2421 ) ) ;
#597 = LINE ( 'NONE', #2916, #1374 ) ;
#598 = DIRECTION ( 'NONE',  ( -0.7071067811865470176, -2.563797941968290119E-30, -0.7071067811865480168 ) ) ;
#599 = VERTEX_POINT ( 'NONE', #491 ) ;
#600 = DIRECTION ( 'NONE',  ( -0.7071067811865475727, 1.336602045889141586E-15, 0.7071067811865475727 ) ) ;
#601 = DIRECTION ( 'NONE',  ( 4.096684184088614971E-15, 2.048342092044307485E-15, 1.000000000000000000 ) ) ;
#602 = EDGE_CURVE ( 'NONE', #1737, #2186, #1426, .T. ) ;
#603 = CARTESIAN_POINT ( 'NONE',  ( 132.1768364872675932, -123.4194853061869992, 114.2143259181413981 ) ) ;
#604 = DIRECTION ( 'NONE',  ( 1.000000000000000000, 0.000000000000000000, 0.000000000000000000 ) ) ;
#605 = DIRECTION ( 'NONE',  ( 0.000000000000000000, -1.000000000000000000, 1.999664450567655061E-15 ) ) ;
#606 = DIRECTION ( 'NONE',  ( 0.000000000000000000, 2.190929530496220303E-15, 1.000000000000000000 ) ) ;
#607 = CARTESIAN_POINT ( 'NONE',  ( 150.6448783421405153, -123.3367099249736043, 111.1643295077162037 ) ) ;
#608 = ORIENTED_EDGE ( 'NONE', *, *, #1641, .F. ) ;
#609 = VERTEX_POINT ( 'NONE', #286 ) ;
#610 = ADVANCED_FACE ( 'NONE', ( #2380, #1207, #1940, #2364, #2885 ), #244, .F. ) ;
#611 = AXIS2_PLACEMENT_3D ( 'NONE', #977, #247, #2090 ) ;
#612 = LINE ( 'NONE', #2454, #185 ) ;
#613 = DIRECTION ( 'NONE',  ( 0.000000000000000000, 1.777619882654805179E-15, 1.000000000000000000 ) ) ;
#614 = VERTEX_POINT ( 'NONE', #2473 ) ;
#615 =( GEOMETRIC_REPRESENTATION_CONTEXT ( 3 ) GLOBAL_UNCERTAINTY_ASSIGNED_CONTEXT ( ( #1183 ) ) GLOBAL_UNIT_ASSIGNED_CONTEXT ( ( #2760, #2974, #1781 ) ) REPRESENTATION_CONTEXT ( 'NONE', 'WORKASPACE' ) );
#616 = VERTEX_POINT ( 'NONE', #581 ) ;
#617 = CARTESIAN_POINT ( 'NONE',  ( 128.0328543721660139, -126.8442502289416609, 116.2244460966171857 ) ) ;
#618 = UNCERTAINTY_MEASURE_WITH_UNIT (LENGTH_MEASURE( 1.000000000000000082E-05 ), #2050, 'distance_accuracy_value', 'NONE');
#619 = FACE_OUTER_BOUND ( 'NONE', #1236, .T. ) ;
#620 = FACE_OUTER_BOUND ( 'NONE', #1678, .T. ) ;
#621 = ORIENTED_EDGE ( 'NONE', *, *, #799, .T. ) ;
#622 = CARTESIAN_POINT ( 'NONE',  ( 122.3586593486218135, -140.4194928209240061, 111.1061354002890056 ) ) ;
#623 = ADVANCED_FACE ( 'NONE', ( #1503 ), #1078, .T. ) ;
#624 = EDGE_CURVE ( 'NONE', #1595, #2197, #333, .T. ) ;
#625 = DIRECTION ( 'NONE',  ( 1.000000000000000000, 0.000000000000000000, 0.000000000000000000 ) ) ;
#626 = CARTESIAN_POINT ( 'NONE',  ( 134.2171133453901746, -119.8694928209240089, 103.6640621592554083 ) ) ;
#627 = AXIS2_PLACEMENT_3D ( 'NONE', #1267, #1978, #2920 ) ;
#628 = ORIENTED_EDGE ( 'NONE', *, *, #134, .T. ) ;
#629 = CARTESIAN_POINT ( 'NONE',  ( 160.1495269189940132, -119.4194928209239919, 117.2143259181415971 ) ) ;
#630 = VECTOR ( 'NONE', #1089, 1000.000000000000000 ) ;
#631 = ORIENTED_EDGE ( 'NONE', *, *, #2919, .T. ) ;
#632 = LINE ( 'NONE', #2962, #7 ) ;
#633 = ORIENTED_EDGE ( 'NONE', *, *, #3006, .T. ) ;
#634 = CIRCLE ( 'NONE', #2415, 4.100000000000006750 ) ;
#635 = ORIENTED_EDGE ( 'NONE', *, *, #3006, .F. ) ;
#636 = CARTESIAN_POINT ( 'NONE',  ( 168.5627329882771619, -126.4178107465335472, 115.5825981545743133 ) ) ;
#637 = CARTESIAN_POINT ( 'NONE',  ( 130.1058123857959572, -129.1101785556417383, 117.0471536714728700 ) ) ;
#638 = CARTESIAN_POINT ( 'NONE',  ( 134.2171133453901746, -119.8694928209240089, 117.6643259181415999 ) ) ;
#639 = EDGE_CURVE ( 'NONE', #1631, #559, #2667, .T. ) ;
#640 = CARTESIAN_POINT ( 'NONE',  ( 148.6541104725868081, -124.5559224488799970, 111.1643295077162037 ) ) ;
#641 = DIRECTION ( 'NONE',  ( -1.000000000000000000, 0.000000000000000000, 0.000000000000000000 ) ) ;
#642 =( BOUNDED_CURVE ( )  B_SPLINE_CURVE ( 2, ( #1142, #1606, #2555 ),
 .UNSPECIFIED., .F., .T. ) 
 B_SPLINE_CURVE_WITH_KNOTS ( ( 3, 3 ),
 ( 0.03344306281349079812, 0.06660905511838749460 ),
 .UNSPECIFIED. ) 
 CURVE ( )  GEOMETRIC_REPRESENTATION_ITEM ( )  RATIONAL_B_SPLINE_CURVE ( ( 1.001809433952190131, 1.002682072593540141, 1.003505952771630128 ) ) 
 REPRESENTATION_ITEM ( '' )  );
#643 = VECTOR ( 'NONE', #1901, 1000.000000000000000 ) ;
#644 = VECTOR ( 'NONE', #1151, 1000.000000000000114 ) ;
#645 = CARTESIAN_POINT ( 'NONE',  ( 153.9302518834149964, -118.2050542662660177, 112.5850620554259933 ) ) ;
#646 = SURFACE_STYLE_USAGE ( .BOTH. , #2484 ) ;
#647 = ORIENTED_EDGE ( 'NONE', *, *, #1004, .F. ) ;
#648 = CONICAL_SURFACE ( 'NONE', #1725, 2.458500000000002572, 0.7853981633975182231 ) ;
#649 = DIRECTION ( 'NONE',  ( -0.7746840410057812543, 0.4471379186621015633, 0.4471379186621025625 ) ) ;
#650 = DIRECTION ( 'NONE',  ( 0.000000000000000000, -1.000000000000000000, 1.999664487579840037E-15 ) ) ;
#651 = ORIENTED_EDGE ( 'NONE', *, *, #800, .T. ) ;
#652 = ORIENTED_EDGE ( 'NONE', *, *, #2169, .F. ) ;
#653 = LINE ( 'NONE', #3018, #1562 ) ;
#654 = CARTESIAN_POINT ( 'NONE',  ( 129.5041088985633166, -128.0642141678555959, 116.8485917388866540 ) ) ;
#655 = DIRECTION ( 'NONE',  ( 0.000000000000000000, -1.777619882654805179E-15, -1.000000000000000000 ) ) ;
#656 = CYLINDRICAL_SURFACE ( 'NONE', #1559, 1.700000000000007061 ) ;
#657 = CARTESIAN_POINT ( 'NONE',  ( 151.6132594256654897, -114.6830632827426086, 115.6166120762357821 ) ) ;
#658 = CARTESIAN_POINT ( 'NONE',  ( 147.6948783421452163, -130.3294928209240027, 117.6643259181415999 ) ) ;
#659 = FACE_OUTER_BOUND ( 'NONE', #1839, .T. ) ;
#660 =( BOUNDED_CURVE ( )  B_SPLINE_CURVE ( 3, ( #1394, #1407, #2340, #2374 ),
 .UNSPECIFIED., .F., .T. ) 
 B_SPLINE_CURVE_WITH_KNOTS ( ( 4, 4 ),
 ( 1.904990925873479846, 1.947028949242884943 ),
 .UNSPECIFIED. ) 
 CURVE ( )  GEOMETRIC_REPRESENTATION_ITEM ( )  RATIONAL_B_SPLINE_CURVE ( ( 1.000000000000000000, 0.9998527391376920148, 0.9998527391376920148, 1.000000000000000000 ) ) 
 REPRESENTATION_ITEM ( '' )  );
#661 = ORIENTED_EDGE ( 'NONE', *, *, #687, .F. ) ;
#662 = LINE ( 'NONE', #2976, #380 ) ;
#663 = DIRECTION ( 'NONE',  ( -1.000000000000000000, 0.000000000000000000, 0.000000000000000000 ) ) ;
#664 = EDGE_CURVE ( 'NONE', #1964, #1836, #2208, .T. ) ;
#665 = AXIS2_PLACEMENT_3D ( 'NONE', #1931, #1456, #52 ) ;
#666 = ORIENTED_EDGE ( 'NONE', *, *, #1093, .T. ) ;
#667 = CARTESIAN_POINT ( 'NONE',  ( 171.5658625829737218, -126.8555052710886315, 113.0969376463429796 ) ) ;
#668 = CYLINDRICAL_SURFACE ( 'NONE', #1276, 1.700000000000007061 ) ;
#669 = DIRECTION ( 'NONE',  ( -1.000000000000000000, 0.000000000000000000, 0.000000000000000000 ) ) ;
#670 = ORIENTED_EDGE ( 'NONE', *, *, #2690, .F. ) ;
#671 = DIRECTION ( 'NONE',  ( 0.000000000000000000, -1.000000000000000000, -1.491260498375601938E-16 ) ) ;
#672 = LINE ( 'NONE', #393, #1878 ) ;
#673 = EDGE_CURVE ( 'NONE', #2533, #2273, #2202, .T. ) ;
#674 = CARTESIAN_POINT ( 'NONE',  ( 150.1533783421450039, -130.7794928209240197, 110.9643259181415971 ) ) ;
#675 = VERTEX_POINT ( 'NONE', #1487 ) ;
#676 = ORIENTED_EDGE ( 'NONE', *, *, #2328, .T. ) ;
#677 = DIRECTION ( 'NONE',  ( -2.000000000000000155E-15, -1.000000000000000000, 1.777619845810184909E-15 ) ) ;
#678 = CARTESIAN_POINT ( 'NONE',  ( 150.6448783421405153, -120.5367099249736071, 111.1643295077162037 ) ) ;
#679 = AXIS2_PLACEMENT_3D ( 'NONE', #1632, #1881, #459 ) ;
#680 = ORIENTED_EDGE ( 'NONE', *, *, #2630, .T. ) ;
#681 = VERTEX_POINT ( 'NONE', #108 ) ;
#682 = AXIS2_PLACEMENT_3D ( 'NONE', #952, #2135, #2384 ) ;
#683 = CARTESIAN_POINT ( 'NONE',  ( 168.1868042082782324, -126.5080139340000471, 115.8069622768141755 ) ) ;
#684 = CARTESIAN_POINT ( 'NONE',  ( 169.2072176781861685, -135.3242569448384245, 115.1611365572738919 ) ) ;
#685 = EDGE_CURVE ( 'NONE', #1909, #1065, #597, .T. ) ;
#686 = FACE_OUTER_BOUND ( 'NONE', #1920, .T. ) ;
#687 = EDGE_CURVE ( 'NONE', #2590, #503, #805, .T. ) ;
#688 = ORIENTED_EDGE ( 'NONE', *, *, #2669, .T. ) ;
#689 = DIRECTION ( 'NONE',  ( 0.000000000000000000, -1.000000000000000000, 1.777619882654805179E-15 ) ) ;
#690 = DIRECTION ( 'NONE',  ( 0.000000000000000000, -1.777619882654805179E-15, -1.000000000000000000 ) ) ;
#691 = VECTOR ( 'NONE', #2081, 1000.000000000000000 ) ;
#692 = LINE ( 'NONE', #269, #2368 ) ;
#693 = AXIS2_PLACEMENT_3D ( 'NONE', #2820, #939, #237 ) ;
#694 = VERTEX_POINT ( 'NONE', #137 ) ;
#695 = ORIENTED_EDGE ( 'NONE', *, *, #858, .F. ) ;
#696 = CONICAL_SURFACE ( 'NONE', #1876, 1.908500000000035168, 0.7853981633975083421 ) ;
#697 = ORIENTED_EDGE ( 'NONE', *, *, #602, .F. ) ;
#698 = DIRECTION ( 'NONE',  ( -3.117118850594270085E-15, 1.000000000000000000, -1.465743804162677925E-15 ) ) ;
#699 = VERTEX_POINT ( 'NONE', #1518 ) ;
#700 = VECTOR ( 'NONE', #1449, 1000.000000000000000 ) ;
#701 = VECTOR ( 'NONE', #1257, 1000.000000000000000 ) ;
#702 = ORIENTED_EDGE ( 'NONE', *, *, #1053, .F. ) ;
#703 = DIRECTION ( 'NONE',  ( -1.000000000000000000, 1.126208581372299938E-16, 0.000000000000000000 ) ) ;
#704 = CARTESIAN_POINT ( 'NONE',  ( 166.3026759038440616, -134.0515686670658226, 116.7081001228325476 ) ) ;
#705 = CARTESIAN_POINT ( 'NONE',  ( 172.8833321446835214, -133.0626599547967999, 110.7643259181415942 ) ) ;
#706 = DIRECTION ( 'NONE',  ( -1.000000000000000000, 1.126208581372299938E-16, 3.355042688683229948E-30 ) ) ;
#707 = CARTESIAN_POINT ( 'NONE',  ( 140.8837363330046060, -116.3307771246486055, 117.2643259181415942 ) ) ;
#708 = CARTESIAN_POINT ( 'NONE',  ( 147.6948783421405835, -120.5367099249736071, 113.9014131133686050 ) ) ;
#709 = ORIENTED_EDGE ( 'NONE', *, *, #2679, .F. ) ;
#710 = ORIENTED_EDGE ( 'NONE', *, *, #988, .F. ) ;
#711 = ORIENTED_EDGE ( 'NONE', *, *, #2739, .T. ) ;
#712 = ADVANCED_FACE ( 'NONE', ( #1974 ), #2900, .T. ) ;
#713 = EDGE_LOOP ( 'NONE', ( #1297, #1296, #124, #2748, #2971 ) ) ;
#714 = CYLINDRICAL_SURFACE ( 'NONE', #2462, 3.000000000000002665 ) ;
#715 = DIRECTION ( 'NONE',  ( -6.353925752010229458E-16, -1.000000000000000000, 0.000000000000000000 ) ) ;
#716 = CARTESIAN_POINT ( 'NONE',  ( 150.6448783421405153, -120.5367099249736071, 111.1643295077162037 ) ) ;
#717 = DIRECTION ( 'NONE',  ( -0.3778731135162353705, 0.6546800402034349542, -0.6546800402034379518 ) ) ;
#718 = VECTOR ( 'NONE', #2133, 1000.000000000000000 ) ;
#719 = CARTESIAN_POINT ( 'NONE',  ( 147.6948783421452163, -127.9194928209240203, 117.6643259181415999 ) ) ;
#720 = CARTESIAN_POINT ( 'NONE',  ( 172.9797410556965076, -119.6980699632515979, 110.9357487758139911 ) ) ;
#721 = VECTOR ( 'NONE', #2542, 1000.000000000000000 ) ;
#722 = LINE ( 'NONE', #2329, #643 ) ;
#723 = EDGE_CURVE ( 'NONE', #1764, #787, #93, .T. ) ;
#724 = EDGE_CURVE ( 'NONE', #958, #2343, #2600, .T. ) ;
#725 = EDGE_LOOP ( 'NONE', ( #2114, #2233, #944, #2697 ) ) ;
#726 = ORIENTED_EDGE ( 'NONE', *, *, #1156, .T. ) ;
#727 = ORIENTED_EDGE ( 'NONE', *, *, #133, .T. ) ;
#728 = DIRECTION ( 'NONE',  ( 0.000000000000000000, 2.190929530496220303E-15, 1.000000000000000000 ) ) ;
#729 = CIRCLE ( 'NONE', #2156, 1.700000000000007061 ) ;
#730 = CARTESIAN_POINT ( 'NONE',  ( 172.0726505110784785, -134.4880786614396584, 112.5089290545337519 ) ) ;
#731 = CARTESIAN_POINT ( 'NONE',  ( 173.9448783421450173, -130.8294928209240027, 111.1643259181415999 ) ) ;
#732 = AXIS2_PLACEMENT_3D ( 'NONE', #410, #2788, #604 ) ;
#733 = PLANE ( 'NONE',  #1180 ) ;
#734 = EDGE_CURVE ( 'NONE', #2589, #1610, #2682, .T. ) ;
#735 = CARTESIAN_POINT ( 'NONE',  ( 144.7448783421405949, -123.3367099249733911, 117.2643259181415942 ) ) ;
#736 = VECTOR ( 'NONE', #112, 1000.000000000000000 ) ;
#737 = ORIENTED_EDGE ( 'NONE', *, *, #1532, .F. ) ;
#738 = LINE ( 'NONE', #1433, #1767 ) ;
#739 = LINE ( 'NONE', #678, #2324 ) ;
#740 = ORIENTED_EDGE ( 'NONE', *, *, #65, .T. ) ;
#741 = CIRCLE ( 'NONE', #439, 2.108500000000041119 ) ;
#742 = ADVANCED_FACE ( 'NONE', ( #366 ), #1298, .T. ) ;
#743 = CIRCLE ( 'NONE', #1037, 14.00026402017000926 ) ;
#744 = ORIENTED_EDGE ( 'NONE', *, *, #2458, .F. ) ;
#745 = DIRECTION ( 'NONE',  ( -1.000000000000000000, 0.000000000000000000, 0.000000000000000000 ) ) ;
#746 = DIRECTION ( 'NONE',  ( 0.000000000000000000, -1.000000000000000000, 2.157830498458855016E-15 ) ) ;
#747 = DIRECTION ( 'NONE',  ( -2.060653174824315043E-15, -1.000000000000000000, 1.999292171814474938E-15 ) ) ;
#748 = EDGE_LOOP ( 'NONE', ( #2580, #2344, #273, #2138, #2086 ) ) ;
#749 = AXIS2_PLACEMENT_3D ( 'NONE', #1382, #2326, #2093 ) ;
#750 = DIRECTION ( 'NONE',  ( -1.000000000000000000, 0.000000000000000000, 0.000000000000000000 ) ) ;
#751 = CARTESIAN_POINT ( 'NONE',  ( 151.3774489204974714, -121.5819928209240004, 111.1107849138085868 ) ) ;
#752 = EDGE_LOOP ( 'NONE', ( #697, #727, #2390, #1205 ) ) ;
#753 = CARTESIAN_POINT ( 'NONE',  ( 171.5533783421450096, -130.8294928209240027, 117.6643259181415999 ) ) ;
#754 = ORIENTED_EDGE ( 'NONE', *, *, #778, .T. ) ;
#755 = DIRECTION ( 'NONE',  ( 0.000000000000000000, 1.000000000000000000, -1.465743804162677925E-15 ) ) ;
#756 = ORIENTED_EDGE ( 'NONE', *, *, #308, .F. ) ;
#757 = ORIENTED_EDGE ( 'NONE', *, *, #2459, .F. ) ;
#758 = CYLINDRICAL_SURFACE ( 'NONE', #1134, 4.500000000000003553 ) ;
#759 = CARTESIAN_POINT ( 'NONE',  ( 145.0363783421450137, -130.7794928209240197, 117.6643259181415999 ) ) ;
#760 = DIRECTION ( 'NONE',  ( 1.993453134885404846E-15, 1.000000000000000000, -1.777660033337099919E-15 ) ) ;
#761 = EDGE_CURVE ( 'NONE', #2475, #2518, #821, .T. ) ;
#762 = EDGE_CURVE ( 'NONE', #1062, #2334, #729, .T. ) ;
#763 = CARTESIAN_POINT ( 'NONE',  ( 149.1698783421430221, -123.7367099249733968, 117.6643259181415999 ) ) ;
#764 = CARTESIAN_POINT ( 'NONE',  ( 126.3271043955817277, -135.3327955727125698, 115.2401857444513240 ) ) ;
#765 = CIRCLE ( 'NONE', #1011, 2.099999999999990763 ) ;
#766 = CARTESIAN_POINT ( 'NONE',  ( 167.7199091464896128, -126.6663647554667165, 116.0653286886663693 ) ) ;
#767 = ORIENTED_EDGE ( 'NONE', *, *, #2986, .F. ) ;
#768 = DIRECTION ( 'NONE',  ( -1.000000000000000000, 0.000000000000000000, 0.000000000000000000 ) ) ;
#769 = ADVANCED_FACE ( 'NONE', ( #2020 ), #576, .T. ) ;
#770 = CARTESIAN_POINT ( 'NONE',  ( 150.7775335275894975, -116.7307771246486112, 110.7643259181415942 ) ) ;
#771 = CARTESIAN_POINT ( 'NONE',  ( 169.4448783421449889, -130.8294928209240027, 110.9643259181415971 ) ) ;
#772 = ORIENTED_EDGE ( 'NONE', *, *, #565, .F. ) ;
#773 = ORIENTED_EDGE ( 'NONE', *, *, #1984, .T. ) ;
#774 = DIRECTION ( 'NONE',  ( 0.5773502691896350569, 0.5773502691896091887, 0.5773502691896331696 ) ) ;
#775 = CARTESIAN_POINT ( 'NONE',  ( 165.7385679501509230, -133.3959199274279399, 116.9149370548938691 ) ) ;
#776 =( BOUNDED_CURVE ( )  B_SPLINE_CURVE ( 2, ( #1381, #2723, #2512 ),
 .UNSPECIFIED., .F., .T. ) 
 B_SPLINE_CURVE_WITH_KNOTS ( ( 3, 3 ),
 ( 0.1493087605132679963, 0.1984518823450970026 ),
 .UNSPECIFIED. ) 
 CURVE ( )  GEOMETRIC_REPRESENTATION_ITEM ( )  RATIONAL_B_SPLINE_CURVE ( ( 1.031346410118729962, 1.031337134676330036, 1.027925948667939959 ) ) 
 REPRESENTATION_ITEM ( '' )  );
#777 = LINE ( 'NONE', #795, #736 ) ;
#778 = EDGE_CURVE ( 'NONE', #1312, #2865, #612, .T. ) ;
#779 = CARTESIAN_POINT ( 'NONE',  ( 127.6930905968023637, -134.9828337932793545, 116.0541304744030811 ) ) ;
#780 = CIRCLE ( 'NONE', #1956, 2.658500000000008079 ) ;
#781 = CARTESIAN_POINT ( 'NONE',  ( 165.3366922278299853, -128.9720394639594190, 117.0448956418662618 ) ) ;
#782 = VECTOR ( 'NONE', #1211, 1000.000000000000000 ) ;
#783 = ORIENTED_EDGE ( 'NONE', *, *, #401, .T. ) ;
#784 = DIRECTION ( 'NONE',  ( 0.000000000000000000, -1.000000000000000000, 7.406326719219040709E-15 ) ) ;
#785 = CIRCLE ( 'NONE', #2517, 4.500000000000003553 ) ;
#786 = AXIS2_PLACEMENT_3D ( 'NONE', #261, #1391, #2828 ) ;
#787 = VERTEX_POINT ( 'NONE', #1343 ) ;
#788 = DIRECTION ( 'NONE',  ( -2.000000000000000155E-15, -1.000000000000000000, 1.982503765188874878E-15 ) ) ;
#789 = ORIENTED_EDGE ( 'NONE', *, *, #1484, .T. ) ;
#790 = CARTESIAN_POINT ( 'NONE',  ( 147.6948783421405835, -116.7307771246486112, 113.9014131133686050 ) ) ;
#791 = DIRECTION ( 'NONE',  ( -1.000000000000000000, 2.000000000000000155E-15, 5.990650441056819560E-47 ) ) ;
#792 = AXIS2_PLACEMENT_3D ( 'NONE', #2087, #2997, #902 ) ;
#793 = VECTOR ( 'NONE', #993, 1000.000000000000000 ) ;
#794 = LINE ( 'NONE', #2947, #3052 ) ;
#795 = CARTESIAN_POINT ( 'NONE',  ( 173.9448783421450173, -130.8294928209240027, 110.7643259181415942 ) ) ;
#796 = CARTESIAN_POINT ( 'NONE',  ( 130.3469972185305039, -131.7745079729587019, 117.1188097629259914 ) ) ;
#797 = CARTESIAN_POINT ( 'NONE',  ( 166.4353414719997204, -127.4740268325447516, 116.6573098343846198 ) ) ;
#798 = DIRECTION ( 'NONE',  ( 0.000000000000000000, -1.000000000000000000, 1.999664450567655061E-15 ) ) ;
#799 = EDGE_CURVE ( 'NONE', #1783, #2890, #1557, .T. ) ;
#800 = EDGE_CURVE ( 'NONE', #321, #1047, #1866, .T. ) ;
#801 = CARTESIAN_POINT ( 'NONE',  ( 134.4448783421433973, -119.8694928209240089, 117.6643259181415999 ) ) ;
#802 = DIRECTION ( 'NONE',  ( -1.000000000000000000, 2.000000000000000155E-15, 0.000000000000000000 ) ) ;
#803 = ORIENTED_EDGE ( 'NONE', *, *, #248, .T. ) ;
#804 = ORIENTED_EDGE ( 'NONE', *, *, #2696, .F. ) ;
#805 = LINE ( 'NONE', #1248, #1417 ) ;
#806 = FACE_OUTER_BOUND ( 'NONE', #3010, .T. ) ;
#807 = ORIENTED_EDGE ( 'NONE', *, *, #1564, .F. ) ;
#808 = ADVANCED_FACE ( 'NONE', ( #1801 ), #155, .F. ) ;
#809 = DIRECTION ( 'NONE',  ( -2.060936357395569985E-16, 2.190929530496220303E-15, 1.000000000000000000 ) ) ;
#810 = DIRECTION ( 'NONE',  ( 1.126208581372299938E-16, 1.000000000000000000, -1.777619882654805179E-15 ) ) ;
#811 = CARTESIAN_POINT ( 'NONE',  ( 130.2432561240366624, -132.1681028204902759, 117.0885658234626021 ) ) ;
#812 = DIRECTION ( 'NONE',  ( -1.000000000000000000, 0.000000000000000000, 0.000000000000000000 ) ) ;
#813 = PLANE ( 'NONE',  #2372 ) ;
#814 = DIRECTION ( 'NONE',  ( 0.000000000000000000, 1.777619882654805179E-15, 1.000000000000000000 ) ) ;
#815 = DIRECTION ( 'NONE',  ( 0.000000000000000000, 1.814603282406019986E-15, 1.000000000000000000 ) ) ;
#816 = EDGE_CURVE ( 'NONE', #614, #2963, #780, .T. ) ;
#817 = AXIS2_PLACEMENT_3D ( 'NONE', #2258, #1086, #2736 ) ;
#818 = EDGE_CURVE ( 'NONE', #2264, #2429, #2284, .T. ) ;
#819 = ORIENTED_EDGE ( 'NONE', *, *, #2862, .T. ) ;
#820 = VERTEX_POINT ( 'NONE', #898 ) ;
#821 = LINE ( 'NONE', #1754, #2110 ) ;
#822 = CARTESIAN_POINT ( 'NONE',  ( 172.9729169627026693, -133.2171723132827310, 110.9236149861700511 ) ) ;
#823 = VERTEX_POINT ( 'NONE', #1150 ) ;
#824 = CARTESIAN_POINT ( 'NONE',  ( 122.3953779031837996, -128.0634402845799968, 111.1643259181415999 ) ) ;
#825 = DIRECTION ( 'NONE',  ( -2.950063347725260263E-15, 1.000000000000000000, -1.999664487579840037E-15 ) ) ;
#826 = DIRECTION ( 'NONE',  ( -1.000000000000000000, 0.000000000000000000, 0.000000000000000000 ) ) ;
#827 = EDGE_CURVE ( 'NONE', #415, #2253, #2780, .T. ) ;
#828 = VERTEX_POINT ( 'NONE', #2560 ) ;
#829 = CARTESIAN_POINT ( 'NONE',  ( 146.2448783421444034, -116.3307771246486055, 111.1643259181415999 ) ) ;
#830 = AXIS2_PLACEMENT_3D ( 'NONE', #167, #3029, #1161 ) ;
#831 = AXIS2_PLACEMENT_3D ( 'NONE', #2291, #671, #2970 ) ;
#832 = ORIENTED_EDGE ( 'NONE', *, *, #359, .F. ) ;
#833 = ORIENTED_EDGE ( 'NONE', *, *, #2398, .F. ) ;
#834 = AXIS2_PLACEMENT_3D ( 'NONE', #2948, #840, #601 ) ;
#835 = EDGE_LOOP ( 'NONE', ( #25, #328, #242, #419 ) ) ;
#836 = DIRECTION ( 'NONE',  ( -2.000000000000000155E-15, -1.000000000000000000, 1.777619882654805179E-15 ) ) ;
#837 = CARTESIAN_POINT ( 'NONE',  ( 125.9448783421450173, -130.8294928209240027, 110.7643259181415942 ) ) ;
#838 = ORIENTED_EDGE ( 'NONE', *, *, #1287, .T. ) ;
#839 = CARTESIAN_POINT ( 'NONE',  ( 172.8833321446835214, -119.8694928209240089, 110.7643259181415942 ) ) ;
#840 = DIRECTION ( 'NONE',  ( -2.000000000000000155E-15, -1.000000000000000000, 2.048342092044314979E-15 ) ) ;
#841 = CARTESIAN_POINT ( 'NONE',  ( 151.0448783421404926, -123.7367099249736100, 117.6643259181415999 ) ) ;
#842 = CIRCLE ( 'NONE', #2956, 2.108499999999999375 ) ;
#843 = CARTESIAN_POINT ( 'NONE',  ( 135.1768364872676216, -119.4194853061872124, 114.2143259181413981 ) ) ;
#844 = ORIENTED_EDGE ( 'NONE', *, *, #2982, .F. ) ;
#845 = DIRECTION ( 'NONE',  ( -1.000000000000000000, 0.000000000000000000, 0.000000000000000000 ) ) ;
#846 = CIRCLE ( 'NONE', #1238, 3.000000000000002665 ) ;
#847 = DIRECTION ( 'NONE',  ( -4.447602346903865182E-31, 1.777619882654805179E-15, 1.000000000000000000 ) ) ;
#848 = LINE ( 'NONE', #1352, #2244 ) ;
#849 = EDGE_LOOP ( 'NONE', ( #1017, #2801, #2404, #2616, #2266, #1867 ) ) ;
#850 = CARTESIAN_POINT ( 'NONE',  ( 127.8533783421449925, -130.8294928209240027, 110.9643259181415971 ) ) ;
#851 = ORIENTED_EDGE ( 'NONE', *, *, #404, .T. ) ;
#852 = DIRECTION ( 'NONE',  ( -0.3780558345608603377, -0.6546272931808168050, 0.6546272931808208018 ) ) ;
#853 = ORIENTED_EDGE ( 'NONE', *, *, #1435, .T. ) ;
#854 = CARTESIAN_POINT ( 'NONE',  ( 124.1432103424340028, -137.1882260221061927, 107.9330591193241986 ) ) ;
#855 = DIRECTION ( 'NONE',  ( 1.000000000000000000, -1.126208581372299938E-16, -3.355042688683229948E-30 ) ) ;
#856 = EDGE_CURVE ( 'NONE', #257, #2533, #2452, .T. ) ;
#857 = DIRECTION ( 'NONE',  ( 1.000000000000000000, 0.000000000000000000, 0.000000000000000000 ) ) ;
#858 = EDGE_CURVE ( 'NONE', #2429, #828, #913, .T. ) ;
#859 = DIRECTION ( 'NONE',  ( 1.126208574062001857E-16, 1.000000000000000000, 1.491260498375601938E-16 ) ) ;
#860 = CARTESIAN_POINT ( 'NONE',  ( 125.9448783421450173, -130.8294928209240027, 117.6643259181415999 ) ) ;
#861 =( BOUNDED_CURVE ( )  B_SPLINE_CURVE ( 3, ( #2537, #1069, #1778, #1791 ),
 .UNSPECIFIED., .F., .T. ) 
 B_SPLINE_CURVE_WITH_KNOTS ( ( 4, 4 ),
 ( 1.005432527488721917, 1.010347218084789889 ),
 .UNSPECIFIED. ) 
 CURVE ( )  GEOMETRIC_REPRESENTATION_ITEM ( )  RATIONAL_B_SPLINE_CURVE ( ( 1.000000000000000000, 0.9999979871523749786, 0.9999979871523749786, 1.000000000000000000 ) ) 
 REPRESENTATION_ITEM ( '' )  );
#862 = DIRECTION ( 'NONE',  ( 2.000000000000000155E-15, 1.000000000000000000, -1.777619882654805179E-15 ) ) ;
#863 = LINE ( 'NONE', #1545, #1546 ) ;
#864 = EDGE_LOOP ( 'NONE', ( #2142, #181, #1906, #513, #838 ) ) ;
#865 = DIRECTION ( 'NONE',  ( 0.000000000000000000, 1.827076521274325054E-15, 1.000000000000000000 ) ) ;
#866 = EDGE_CURVE ( 'NONE', #2865, #1436, #2529, .T. ) ;
#867 = LINE ( 'NONE', #2747, #1719 ) ;
#868 = ORIENTED_EDGE ( 'NONE', *, *, #995, .F. ) ;
#869 = ORIENTED_EDGE ( 'NONE', *, *, #263, .T. ) ;
#870 = DIRECTION ( 'NONE',  ( 0.000000000000000000, 1.777619882654805179E-15, 1.000000000000000000 ) ) ;
#871 = CARTESIAN_POINT ( 'NONE',  ( 125.0643024806150407, -126.3948847129339157, 114.2718231029764127 ) ) ;
#872 = CARTESIAN_POINT ( 'NONE',  ( 161.2171130401609958, -119.6694928209239919, 103.6640618979713935 ) ) ;
#873 = EDGE_CURVE ( 'NONE', #285, #569, #1270, .T. ) ;
#874 = CARTESIAN_POINT ( 'NONE',  ( 135.1768364872676216, -140.4194928209240061, 114.2143259181415971 ) ) ;
#875 = DIRECTION ( 'NONE',  ( -7.963497249188227992E-17, -0.7071067811865554553, 0.7071067811865395791 ) ) ;
#876 = DIRECTION ( 'NONE',  ( -3.224600990947250170E-15, 1.000000000000000000, -1.777619882654805179E-15 ) ) ;
#877 = ORIENTED_EDGE ( 'NONE', *, *, #1429, .T. ) ;
#878 = AXIS2_PLACEMENT_3D ( 'NONE', #1522, #1038, #2717 ) ;
#879 = ORIENTED_EDGE ( 'NONE', *, *, #1864, .F. ) ;
#880 = CARTESIAN_POINT ( 'NONE',  ( 160.2041460555389847, -119.4194928209239919, 117.2143259181415971 ) ) ;
#881 = VECTOR ( 'NONE', #80, 1000.000000000000000 ) ;
#882 = CARTESIAN_POINT ( 'NONE',  ( 164.9448783421449889, -130.8294928209240027, 117.2643259181417932 ) ) ;
#883 = ORIENTED_EDGE ( 'NONE', *, *, #1541, .F. ) ;
#884 = CARTESIAN_POINT ( 'NONE',  ( 171.1129443156445973, -126.6499052806880883, 113.5677067595219825 ) ) ;
#885 = CARTESIAN_POINT ( 'NONE',  ( 129.2819195910585677, -127.8109493942760935, 116.7656413336497963 ) ) ;
#886 = CARTESIAN_POINT ( 'NONE',  ( 125.9448783421450173, -130.8294928209240027, 117.6643259181415999 ) ) ;
#887 = CARTESIAN_POINT ( 'NONE',  ( 171.1533783421450039, -130.8294928209240027, 117.2643259181415942 ) ) ;
#888 = CARTESIAN_POINT ( 'NONE',  ( 144.5766846063935986, -123.6944928209239976, 110.7643259181415942 ) ) ;
#889 = AXIS2_PLACEMENT_3D ( 'NONE', #2917, #746, #1975 ) ;
#890 = AXIS2_PLACEMENT_3D ( 'NONE', #2732, #1615, #1687 ) ;
#891 = CARTESIAN_POINT ( 'NONE',  ( 122.3586593486218135, -133.4503142200632055, 111.1061354002890056 ) ) ;
#892 = CARTESIAN_POINT ( 'NONE',  ( 125.9448783421450173, -130.8294928209240027, 110.9643259181415971 ) ) ;
#893 = EDGE_CURVE ( 'NONE', #1764, #1521, #1905, .T. ) ;
#894 = CIRCLE ( 'NONE', #1525, 4.500000000000003553 ) ;
#895 = EDGE_LOOP ( 'NONE', ( #1408, #1721, #1075, #48 ) ) ;
#896 = EDGE_LOOP ( 'NONE', ( #1396, #1551, #927, #1882, #2521 ) ) ;
#897 = VECTOR ( 'NONE', #2123, 1000.000000000000114 ) ;
#898 = CARTESIAN_POINT ( 'NONE',  ( 121.8448783421449946, -130.8294928209240027, 117.6643259181415999 ) ) ;
#899 = DIRECTION ( 'NONE',  ( -1.000000000000000000, 0.000000000000000000, 0.000000000000000000 ) ) ;
#900 = ORIENTED_EDGE ( 'NONE', *, *, #2620, .F. ) ;
#901 = ORIENTED_EDGE ( 'NONE', *, *, #1872, .F. ) ;
#902 = DIRECTION ( 'NONE',  ( -1.000000000000000000, 0.000000000000000000, 0.000000000000000000 ) ) ;
#903 = CARTESIAN_POINT ( 'NONE',  ( 167.5363783421450137, -130.8294928209240027, 110.9643259181415971 ) ) ;
#904 = EDGE_CURVE ( 'NONE', #2978, #256, #1114, .T. ) ;
#905 = CARTESIAN_POINT ( 'NONE',  ( 122.3953779031839986, -133.5955453572678095, 111.1643259181415999 ) ) ;
#906 = DIRECTION ( 'NONE',  ( -1.000000000000000000, 0.000000000000000000, 0.000000000000000000 ) ) ;
#907 = ADVANCED_FACE ( 'NONE', ( #3013 ), #213, .T. ) ;
#908 = LINE ( 'NONE', #622, #2126 ) ;
#909 = DIRECTION ( 'NONE',  ( 0.000000000000000000, 1.000000000000000000, -1.999664450567655061E-15 ) ) ;
#910 = VERTEX_POINT ( 'NONE', #1566 ) ;
#911 = ORIENTED_EDGE ( 'NONE', *, *, #2361, .F. ) ;
#912 = EDGE_CURVE ( 'NONE', #2318, #321, #662, .T. ) ;
#913 = LINE ( 'NONE', #1549, #2553 ) ;
#914 = EDGE_CURVE ( 'NONE', #1939, #2543, #1918, .T. ) ;
#915 = LINE ( 'NONE', #2794, #644 ) ;
#916 = VECTOR ( 'NONE', #2720, 1000.000000000000000 ) ;
#917 = EDGE_LOOP ( 'NONE', ( #331, #2300, #2605, #1848 ) ) ;
#918 = CYLINDRICAL_SURFACE ( 'NONE', #1028, 3.000000000000002665 ) ;
#919 = CARTESIAN_POINT ( 'NONE',  ( 171.2181887917828931, -134.9652845310043290, 113.4613140941060720 ) ) ;
#920 = LINE ( 'NONE', #1871, #2342 ) ;
#921 = AXIS2_PLACEMENT_3D ( 'NONE', #2927, #815, #2693 ) ;
#922 = CARTESIAN_POINT ( 'NONE',  ( 122.3708511897123401, -140.3807291995861135, 111.1255622968036221 ) ) ;
#923 = DIRECTION ( 'NONE',  ( -1.000000000000000000, 0.000000000000000000, 0.000000000000000000 ) ) ;
#924 = CARTESIAN_POINT ( 'NONE',  ( 172.4689203724094853, -119.4194928209239919, 111.2143259181415971 ) ) ;
#925 = ORIENTED_EDGE ( 'NONE', *, *, #404, .F. ) ;
#926 = ORIENTED_EDGE ( 'NONE', *, *, #217, .T. ) ;
#927 = ORIENTED_EDGE ( 'NONE', *, *, #2269, .T. ) ;
#928 = CARTESIAN_POINT ( 'NONE',  ( 146.0940333016378077, -117.6065717732581959, 109.8885312695320096 ) ) ;
#929 = ORIENTED_EDGE ( 'NONE', *, *, #595, .T. ) ;
#930 = AXIS2_PLACEMENT_3D ( 'NONE', #2702, #2460, #1285 ) ;
#931 = ORIENTED_EDGE ( 'NONE', *, *, #2569, .T. ) ;
#932 = VECTOR ( 'NONE', #810, 1000.000000000000000 ) ;
#933 = PLANE ( 'NONE',  #1 ) ;
#934 = CARTESIAN_POINT ( 'NONE',  ( 168.8597514035538154, -135.2908140702092226, 115.3945594629473277 ) ) ;
#935 = LINE ( 'NONE', #2829, #1441 ) ;
#936 = CONICAL_SURFACE ( 'NONE', #2650, 1.908499999999993424, 0.7853981633974476129 ) ;
#937 = LINE ( 'NONE', #2818, #881 ) ;
#938 = DIRECTION ( 'NONE',  ( 0.4998942451143638666, 7.320938325838476610E-16, 0.8660864527872146335 ) ) ;
#939 = DIRECTION ( 'NONE',  ( -0.8660864527872147445, 2.509702113360011969E-15, 0.4998942451143639221 ) ) ;
#940 = AXIS2_PLACEMENT_3D ( 'NONE', #2585, #2387, #1188 ) ;
#941 = ADVANCED_FACE ( 'NONE', ( #382 ), #2519, .T. ) ;
#942 = ORIENTED_EDGE ( 'NONE', *, *, #2479, .T. ) ;
#943 = VECTOR ( 'NONE', #2474, 1000.000000000000000 ) ;
#944 = ORIENTED_EDGE ( 'NONE', *, *, #2045, .F. ) ;
#945 = PLANE ( 'NONE',  #1221 ) ;
#946 = AXIS2_PLACEMENT_3D ( 'NONE', #1337, #411, #438 ) ;
#947 = ORIENTED_EDGE ( 'NONE', *, *, #89, .F. ) ;
#948 = FACE_OUTER_BOUND ( 'NONE', #2359, .T. ) ;
#949 = CARTESIAN_POINT ( 'NONE',  ( 166.4419615248255298, -134.1835150938832442, 116.6532232187553433 ) ) ;
#950 = DIRECTION ( 'NONE',  ( 1.000000000000000000, -2.000000000000000155E-15, 4.930380657635409445E-32 ) ) ;
#951 = EDGE_CURVE ( 'NONE', #699, #2628, #1758, .T. ) ;
#952 = CARTESIAN_POINT ( 'NONE',  ( 160.1768364872664847, -119.4194928209239919, 114.2144502228033929 ) ) ;
#953 = ADVANCED_FACE ( 'NONE', ( #2346 ), #975, .T. ) ;
#954 = DIRECTION ( 'NONE',  ( -0.7746840410057721504, 0.4471379186621235458, 0.4471379186620960122 ) ) ;
#955 = LINE ( 'NONE', #2153, #2510 ) ;
#956 = VERTEX_POINT ( 'NONE', #227 ) ;
#957 = ORIENTED_EDGE ( 'NONE', *, *, #988, .T. ) ;
#958 = VERTEX_POINT ( 'NONE', #2112 ) ;
#959 = EDGE_CURVE ( 'NONE', #2334, #1836, #5, .T. ) ;
#960 =( LENGTH_UNIT ( ) NAMED_UNIT ( * ) SI_UNIT ( .MILLI., .METRE. ) );
#961 = DIRECTION ( 'NONE',  ( -1.000000000000000000, -2.950063347725260263E-15, 8.799331027317239701E-30 ) ) ;
#962 = CARTESIAN_POINT ( 'NONE',  ( 173.0388486260299885, -133.5375137954643776, 111.1643259181415999 ) ) ;
#963 = LINE ( 'NONE', #477, #1893 ) ;
#964 = AXIS2_PLACEMENT_3D ( 'NONE', #2445, #339, #826 ) ;
#965 = DIRECTION ( 'NONE',  ( 4.447602346903865182E-31, -1.777619882654805179E-15, -1.000000000000000000 ) ) ;
#966 = CARTESIAN_POINT ( 'NONE',  ( 122.3586593486219982, -119.8694928209240089, 111.1061354002890056 ) ) ;
#967 = ADVANCED_FACE ( 'NONE', ( #1398 ), #945, .T. ) ;
#968 = ORIENTED_EDGE ( 'NONE', *, *, #734, .T. ) ;
#969 = LINE ( 'NONE', #2109, #2762 ) ;
#970 = DIRECTION ( 'NONE',  ( 1.000000000000000000, 0.000000000000000000, 0.000000000000000000 ) ) ;
#971 = LINE ( 'NONE', #2563, #399 ) ;
#972 = ORIENTED_EDGE ( 'NONE', *, *, #818, .T. ) ;
#973 = ORIENTED_EDGE ( 'NONE', *, *, #164, .T. ) ;
#974 = DIRECTION ( 'NONE',  ( 0.000000000000000000, -1.000000000000000000, 5.333781999182710225E-15 ) ) ;
#975 = CONICAL_SURFACE ( 'NONE', #679, 4.299999999999998046, 0.7853981633974335130 ) ;
#976 = CARTESIAN_POINT ( 'NONE',  ( 171.3562764263175779, -134.9039791257567344, 113.3187190010725800 ) ) ;
#977 = CARTESIAN_POINT ( 'NONE',  ( 155.3031990012569850, -119.4694928209239890, 117.9142201592761836 ) ) ;
#978 = PRODUCT_RELATED_PRODUCT_CATEGORY ( 'part', '', ( #1379 ) ) ;
#979 = CONICAL_SURFACE ( 'NONE', #2011, 1.908500000000035168, 0.7853981633975083421 ) ;
#980 = CARTESIAN_POINT ( 'NONE',  ( 147.6948783421452163, -130.3294928209240027, 117.6643259181415999 ) ) ;
#981 = CARTESIAN_POINT ( 'NONE',  ( 128.0533783421450096, -130.8294928209240027, 117.6643259181415999 ) ) ;
#982 = AXIS2_PLACEMENT_3D ( 'NONE', #2929, #1063, #1955 ) ;
#983 = DIRECTION ( 'NONE',  ( -1.000000000000000000, 1.126208581372299938E-16, 3.355042688683229948E-30 ) ) ;
#984 = ORIENTED_EDGE ( 'NONE', *, *, #359, .T. ) ;
#985 = DIRECTION ( 'NONE',  ( 0.9999811603206388844, -1.982503728189825225E-15, 0.006138322554965944602 ) ) ;
#986 = ORIENTED_EDGE ( 'NONE', *, *, #827, .F. ) ;
#987 = STYLED_ITEM ( 'NONE', ( #2059 ), #510 ) ;
#988 = EDGE_CURVE ( 'NONE', #2418, #2378, #2062, .T. ) ;
#989 = AXIS2_PLACEMENT_3D ( 'NONE', #58, #2419, #2782 ) ;
#990 = VERTEX_POINT ( 'NONE', #2443 ) ;
#991 = ORIENTED_EDGE ( 'NONE', *, *, #2758, .T. ) ;
#992 = CARTESIAN_POINT ( 'NONE',  ( 147.6948783421452163, -130.7794928209240197, 110.7643259181415942 ) ) ;
#993 = DIRECTION ( 'NONE',  ( -1.871730193681115000E-15, -1.000000000000000000, 1.777619882654805179E-15 ) ) ;
#994 = CYLINDRICAL_SURFACE ( 'NONE', #1060, 14.00026375888610630 ) ;
#995 = EDGE_CURVE ( 'NONE', #1939, #1312, #322, .T. ) ;
#996 = DIRECTION ( 'NONE',  ( 4.022470309345628053E-15, 2.011235154672814026E-15, 1.000000000000000000 ) ) ;
#997 = CARTESIAN_POINT ( 'NONE',  ( 172.4689203724094853, -119.4194928209239919, 111.2143259181415971 ) ) ;
#998 = ORIENTED_EDGE ( 'NONE', *, *, #2772, .T. ) ;
#999 = CARTESIAN_POINT ( 'NONE',  ( 167.2497104038098712, -126.9025349190945917, 116.2979872780877173 ) ) ;
#1000 = ORIENTED_EDGE ( 'NONE', *, *, #1564, .T. ) ;
#1001 = LINE ( 'NONE', #1373, #199 ) ;
#1002 = CARTESIAN_POINT ( 'NONE',  ( 125.9448783421450173, -130.8294928209240027, 117.4643259181415971 ) ) ;
#1003 = ORIENTED_EDGE ( 'NONE', *, *, #2825, .F. ) ;
#1004 = EDGE_CURVE ( 'NONE', #154, #3023, #1315, .T. ) ;
#1005 = EDGE_CURVE ( 'NONE', #1510, #2963, #2254, .T. ) ;
#1006 = ORIENTED_EDGE ( 'NONE', *, *, #2313, .T. ) ;
#1007 = CARTESIAN_POINT ( 'NONE',  ( 140.5657734630246125, -116.5143013078888004, 117.4478501013818033 ) ) ;
#1008 = CARTESIAN_POINT ( 'NONE',  ( 169.4448783421449889, -130.8294928209240027, 111.1643259181415999 ) ) ;
#1009 = DIRECTION ( 'NONE',  ( 1.871730193681115000E-15, 1.000000000000000000, -1.777619882654805179E-15 ) ) ;
#1010 = CARTESIAN_POINT ( 'NONE',  ( 128.2436816028965723, -134.6965757588741042, 116.3260700605661526 ) ) ;
#1011 = AXIS2_PLACEMENT_3D ( 'NONE', #2536, #409, #2773 ) ;
#1012 = CARTESIAN_POINT ( 'NONE',  ( 147.6750576010179827, -126.3307771246486055, 114.2143259181415971 ) ) ;
#1013 = PLANE ( 'NONE',  #3016 ) ;
#1014 = AXIS2_PLACEMENT_3D ( 'NONE', #1655, #208, #970 ) ;
#1015 = ORIENTED_EDGE ( 'NONE', *, *, #2603, .T. ) ;
#1016 = FACE_OUTER_BOUND ( 'NONE', #1684, .T. ) ;
#1017 = ORIENTED_EDGE ( 'NONE', *, *, #1277, .T. ) ;
#1018 = CARTESIAN_POINT ( 'NONE',  ( 147.6948783421452163, -140.2194928209240175, 110.9643259181415971 ) ) ;
#1019 = PLANE ( 'NONE',  #1671 ) ;
#1020 = ADVANCED_FACE ( 'NONE', ( #1489 ), #111, .T. ) ;
#1021 = FACE_OUTER_BOUND ( 'NONE', #1752, .T. ) ;
#1022 = FACE_BOUND ( 'NONE', #1805, .T. ) ;
#1023 = CARTESIAN_POINT ( 'NONE',  ( 128.1881183301578915, -134.7291459415364727, 116.2997081649564564 ) ) ;
#1024 = DIRECTION ( 'NONE',  ( 0.000000000000000000, -1.777619882654805179E-15, -1.000000000000000000 ) ) ;
#1025 = VECTOR ( 'NONE', #1009, 1000.000000000000000 ) ;
#1026 = ORIENTED_EDGE ( 'NONE', *, *, #639, .T. ) ;
#1027 = CARTESIAN_POINT ( 'NONE',  ( 154.7840567348669936, -116.5142402523567995, 117.4477890458500013 ) ) ;
#1028 = AXIS2_PLACEMENT_3D ( 'NONE', #188, #2797, #462 ) ;
#1029 = ORIENTED_EDGE ( 'NONE', *, *, #816, .F. ) ;
#1030 = DIRECTION ( 'NONE',  ( 1.000000000000000000, 0.000000000000000000, 0.000000000000000000 ) ) ;
#1031 = EDGE_CURVE ( 'NONE', #381, #1656, #2206, .T. ) ;
#1032 = EDGE_LOOP ( 'NONE', ( #1817, #1700 ) ) ;
#1033 = DIRECTION ( 'NONE',  ( -4.447602346903865182E-31, 1.777619882654805179E-15, 1.000000000000000000 ) ) ;
#1034 = DIRECTION ( 'NONE',  ( 0.000000000000000000, -1.777619882654805179E-15, -1.000000000000000000 ) ) ;
#1035 = AXIS2_PLACEMENT_3D ( 'NONE', #455, #3040, #1889 ) ;
#1036 = ORIENTED_EDGE ( 'NONE', *, *, #1218, .F. ) ;
#1037 = AXIS2_PLACEMENT_3D ( 'NONE', #2546, #3030, #985 ) ;
#1038 = DIRECTION ( 'NONE',  ( 0.000000000000000000, 2.190929530496220303E-15, 1.000000000000000000 ) ) ;
#1039 = CARTESIAN_POINT ( 'NONE',  ( 122.5508943902813996, -128.5293030603840236, 110.7643259181415942 ) ) ;
#1040 = VECTOR ( 'NONE', #575, 1000.000000000000114 ) ;
#1041 = CARTESIAN_POINT ( 'NONE',  ( 130.4203475905332539, -131.3752945321440109, 117.1397640520340957 ) ) ;
#1042 = ADVANCED_FACE ( 'NONE', ( #336 ), #2189, .F. ) ;
#1043 = VECTOR ( 'NONE', #23, 1000.000000000000000 ) ;
#1044 = EDGE_CURVE ( 'NONE', #2641, #2475, #2902, .T. ) ;
#1045 = DIRECTION ( 'NONE',  ( -0.7071067811865545671, 0.7071067811865405783, -1.559943769763913824E-15 ) ) ;
#1046 = FACE_OUTER_BOUND ( 'NONE', #2040, .T. ) ;
#1047 = VERTEX_POINT ( 'NONE', #2007 ) ;
#1048 = DIRECTION ( 'NONE',  ( 0.000000000000000000, 1.000000000000000000, -1.999664487579840037E-15 ) ) ;
#1049 = ORIENTED_EDGE ( 'NONE', *, *, #2228, .F. ) ;
#1050 = CARTESIAN_POINT ( 'NONE',  ( 122.5508943902813996, -140.4194928209240061, 110.7643259181415942 ) ) ;
#1051 = CARTESIAN_POINT ( 'NONE',  ( 166.1246644106547876, -133.8669759504405476, 116.7760363920784243 ) ) ;
#1052 = EDGE_LOOP ( 'NONE', ( #2222, #2091, #1972, #2116 ) ) ;
#1053 = EDGE_CURVE ( 'NONE', #2311, #1997, #539, .T. ) ;
#1054 = DIRECTION ( 'NONE',  ( 1.000000000000000000, -2.000000000000000155E-15, 4.930380657635409445E-32 ) ) ;
#1055 = DIRECTION ( 'NONE',  ( -1.000000000000000000, 0.000000000000000000, 0.000000000000000000 ) ) ;
#1056 = CARTESIAN_POINT ( 'NONE',  ( 128.4072796152130422, -134.5949991802710315, 116.4020606506772282 ) ) ;
#1057 = ORIENTED_EDGE ( 'NONE', *, *, #2169, .T. ) ;
#1058 = CARTESIAN_POINT ( 'NONE',  ( 146.2448783421444034, -116.5307771246485942, 110.9643259181415971 ) ) ;
#1059 = EDGE_CURVE ( 'NONE', #1259, #1585, #794, .T. ) ;
#1060 = AXIS2_PLACEMENT_3D ( 'NONE', #1704, #105, #2894 ) ;
#1061 = CARTESIAN_POINT ( 'NONE',  ( 125.9448783421450173, -130.8294928209240027, 117.6643259181415999 ) ) ;
#1062 = VERTEX_POINT ( 'NONE', #79 ) ;
#1063 = DIRECTION ( 'NONE',  ( -0.4999999999999998890, 3.569682854993289490E-15, 0.8660254037844387076 ) ) ;
#1064 = CARTESIAN_POINT ( 'NONE',  ( 173.0755671831449831, -133.3883539018567888, 111.1061354007505884 ) ) ;
#1065 = VERTEX_POINT ( 'NONE', #2686 ) ;
#1066 = DIRECTION ( 'NONE',  ( 1.000000000000000000, -2.000000000000000155E-15, -4.930380657627229365E-32 ) ) ;
#1067 = CARTESIAN_POINT ( 'NONE',  ( 130.0529424822950091, -128.9871701293987485, 117.0308437860014408 ) ) ;
#1068 = CARTESIAN_POINT ( 'NONE',  ( 126.7579702702877569, -135.2541745804963682, 115.5117890004361101 ) ) ;
#1069 = CARTESIAN_POINT ( 'NONE',  ( 173.0511357974122006, -140.4001260771953525, 111.1449591744127190 ) ) ;
#1070 = DIRECTION ( 'NONE',  ( 0.000000000000000000, -1.000000000000000000, 5.333781999182710225E-15 ) ) ;
#1071 = VECTOR ( 'NONE', #1988, 1000.000000000000114 ) ;
#1072 = AXIS2_PLACEMENT_3D ( 'NONE', #1728, #1490, #2671 ) ;
#1073 = FACE_BOUND ( 'NONE', #1953, .T. ) ;
#1074 =( NAMED_UNIT ( * ) SI_UNIT ( $, .STERADIAN. ) SOLID_ANGLE_UNIT ( ) );
#1075 = ORIENTED_EDGE ( 'NONE', *, *, #1903, .T. ) ;
#1076 = ADVANCED_FACE ( 'NONE', ( #2670 ), #1083, .T. ) ;
#1077 = ORIENTED_EDGE ( 'NONE', *, *, #2377, .F. ) ;
#1078 = PLANE ( 'NONE',  #982 ) ;
#1079 = CARTESIAN_POINT ( 'NONE',  ( 140.6907205911738004, -123.6944928209239976, 117.6643259181415999 ) ) ;
#1080 = ORIENTED_EDGE ( 'NONE', *, *, #1044, .T. ) ;
#1081 = ORIENTED_EDGE ( 'NONE', *, *, #1630, .T. ) ;
#1082 = VECTOR ( 'NONE', #311, 1000.000000000000000 ) ;
#1083 = CYLINDRICAL_SURFACE ( 'NONE', #878, 4.500000000000003553 ) ;
#1084 = CIRCLE ( 'NONE', #1466, 14.00026402017000926 ) ;
#1085 = CARTESIAN_POINT ( 'NONE',  ( 129.2498545614362513, -127.7754912836192887, 116.7535482693841828 ) ) ;
#1086 = DIRECTION ( 'NONE',  ( -2.000000000000000155E-15, -1.000000000000000000, 1.999664487579840037E-15 ) ) ;
#1087 = AXIS2_PLACEMENT_3D ( 'NONE', #837, #1989, #1329 ) ;
#1088 = EDGE_CURVE ( 'NONE', #1345, #1259, #2892, .T. ) ;
#1089 = DIRECTION ( 'NONE',  ( 0.8660254037844387076, -1.637839353224294734E-15, -0.4999999999999998890 ) ) ;
#1090 = ORIENTED_EDGE ( 'NONE', *, *, #1658, .F. ) ;
#1091 = CARTESIAN_POINT ( 'NONE',  ( 122.9653061524710012, -119.4194928209239919, 111.2143259181415971 ) ) ;
#1092 = CONICAL_SURFACE ( 'NONE', #1424, 2.458500000000002572, 0.7853981633974476129 ) ;
#1093 = EDGE_CURVE ( 'NONE', #1879, #1782, #2645, .T. ) ;
#1094 = LINE ( 'NONE', #1795, #691 ) ;
#1095 = FILL_AREA_STYLE_COLOUR ( '', #2738 ) ;
#1096 =( BOUNDED_CURVE ( )  B_SPLINE_CURVE ( 2, ( #1682, #2338, #1622 ),
 .UNSPECIFIED., .F., .T. ) 
 B_SPLINE_CURVE_WITH_KNOTS ( ( 3, 3 ),
 ( 0.09934722737727678943, 0.1486096581275120065 ),
 .UNSPECIFIED. ) 
 CURVE ( )  GEOMETRIC_REPRESENTATION_ITEM ( )  RATIONAL_B_SPLINE_CURVE ( ( 1.029638086189200052, 1.033362158706230050, 1.033492115254480037 ) ) 
 REPRESENTATION_ITEM ( '' )  );
#1097 = ORIENTED_EDGE ( 'NONE', *, *, #1031, .F. ) ;
#1098 = ORIENTED_EDGE ( 'NONE', *, *, #537, .F. ) ;
#1099 = CARTESIAN_POINT ( 'NONE',  ( 169.4448783421449889, -130.8294928209240027, 117.2643259181417932 ) ) ;
#1100 = CYLINDRICAL_SURFACE ( 'NONE', #1087, 4.500000000000003553 ) ;
#1101 = ORIENTED_EDGE ( 'NONE', *, *, #507, .F. ) ;
#1102 = EDGE_CURVE ( 'NONE', #268, #2628, #371, .T. ) ;
#1103 = ORIENTED_EDGE ( 'NONE', *, *, #2781, .F. ) ;
#1104 = CARTESIAN_POINT ( 'NONE',  ( 125.9448783421450173, -130.8294928209240027, 110.7643259181415942 ) ) ;
#1105 = CARTESIAN_POINT ( 'NONE',  ( 128.9691907589254356, -127.4948904499035649, 116.6439077200264336 ) ) ;
#1106 = FACE_OUTER_BOUND ( 'NONE', #1147, .T. ) ;
#1107 = LINE ( 'NONE', #2078, #43 ) ;
#1108 = CARTESIAN_POINT ( 'NONE',  ( 146.2198783421430051, -120.3367099249736185, 117.4643259181415971 ) ) ;
#1109 = CARTESIAN_POINT ( 'NONE',  ( 169.4448783421449889, -130.8294928209240027, 117.6643259181415999 ) ) ;
#1110 = SURFACE_STYLE_FILL_AREA ( #180 ) ;
#1111 = ORIENTED_EDGE ( 'NONE', *, *, #1372, .T. ) ;
#1112 = ORIENTED_EDGE ( 'NONE', *, *, #2256, .F. ) ;
#1113 = AXIS2_PLACEMENT_3D ( 'NONE', #2969, #2076, #422 ) ;
#1114 = LINE ( 'NONE', #2332, #2065 ) ;
#1115 = CARTESIAN_POINT ( 'NONE',  ( 169.4448783421449889, -130.8294928209240027, 117.4643259181415971 ) ) ;
#1116 = AXIS2_PLACEMENT_3D ( 'NONE', #626, #2743, #2727 ) ;
#1117 = VERTEX_POINT ( 'NONE', #2426 ) ;
#1118 = CARTESIAN_POINT ( 'NONE',  ( 143.9167304314879914, -119.4194928209239919, 111.2143259181415971 ) ) ;
#1119 = CARTESIAN_POINT ( 'NONE',  ( 128.1132826964175990, -126.8876143407912451, 116.2637291271095563 ) ) ;
#1120 = CARTESIAN_POINT ( 'NONE',  ( 147.6948783421405835, -116.5307771246485942, 113.9014131133686050 ) ) ;
#1121 = EDGE_CURVE ( 'NONE', #1909, #2724, #356, .T. ) ;
#1122 = DIRECTION ( 'NONE',  ( 0.000000000000000000, 1.000000000000000000, -1.777619882654805179E-15 ) ) ;
#1123 = EDGE_CURVE ( 'NONE', #2273, #2186, #2967, .T. ) ;
#1124 = CARTESIAN_POINT ( 'NONE',  ( 153.7634521076620047, -116.5307771246485942, 115.6459647951398040 ) ) ;
#1125 = DIRECTION ( 'NONE',  ( 0.000000000000000000, 1.777619882654805179E-15, 1.000000000000000000 ) ) ;
#1126 = VECTOR ( 'NONE', #1739, 1000.000000000000000 ) ;
#1127 = VECTOR ( 'NONE', #859, 1000.000000000000000 ) ;
#1128 = ORIENTED_EDGE ( 'NONE', *, *, #46, .F. ) ;
#1129 = ADVANCED_FACE ( 'NONE', ( #1021 ), #327, .T. ) ;
#1130 = DIRECTION ( 'NONE',  ( -0.3695312769210645221, 0.6570565559284669011, 0.6570565559284139434 ) ) ;
#1131 = CIRCLE ( 'NONE', #2455, 1.708500000000001684 ) ;
#1132 = CARTESIAN_POINT ( 'NONE',  ( 160.2041460555389847, -119.4194928209239919, 117.2143259181415971 ) ) ;
#1133 = ORIENTED_EDGE ( 'NONE', *, *, #723, .F. ) ;
#1134 = AXIS2_PLACEMENT_3D ( 'NONE', #1883, #728, #230 ) ;
#1135 = ORIENTED_EDGE ( 'NONE', *, *, #255, .F. ) ;
#1136 = CARTESIAN_POINT ( 'NONE',  ( 172.0954790257517288, -127.1926595538384106, 112.4774552973322841 ) ) ;
#1137 = CARTESIAN_POINT ( 'NONE',  ( 129.3031784109141142, -127.8347169955082734, 116.7736295707093603 ) ) ;
#1138 = CARTESIAN_POINT ( 'NONE',  ( 146.2448783421444034, -116.5307771246483952, 117.4643259181415971 ) ) ;
#1139 = VERTEX_POINT ( 'NONE', #162 ) ;
#1140 = CIRCLE ( 'NONE', #1516, 1.700000000000007061 ) ;
#1141 = FACE_BOUND ( 'NONE', #295, .T. ) ;
#1142 = CARTESIAN_POINT ( 'NONE',  ( 122.4544854776743819, -119.6980699616571826, 110.9357487774082074 ) ) ;
#1143 = CIRCLE ( 'NONE', #2320, 1.700000000000007061 ) ;
#1144 = EDGE_CURVE ( 'NONE', #2733, #616, #40, .T. ) ;
#1145 = EDGE_CURVE ( 'NONE', #2941, #1117, #1457, .T. ) ;
#1146 = PLANE ( 'NONE',  #2899 ) ;
#1147 = EDGE_LOOP ( 'NONE', ( #1162, #754, #773, #1890, #2035 ) ) ;
#1148 = EDGE_LOOP ( 'NONE', ( #2796, #767, #2006, #2096, #432, #281 ) ) ;
#1149 = VECTOR ( 'NONE', #1683, 1000.000000000000000 ) ;
#1150 = CARTESIAN_POINT ( 'NONE',  ( 154.9091096142995241, -119.4194928209239919, 117.2312521735580049 ) ) ;
#1151 = DIRECTION ( 'NONE',  ( -0.7071067811865460184, -1.420936952397295761E-15, -0.7071067811865489050 ) ) ;
#1152 = ORIENTED_EDGE ( 'NONE', *, *, #2269, .F. ) ;
#1153 = CARTESIAN_POINT ( 'NONE',  ( 172.5454318023174380, -127.5444600691849644, 111.9058674465773322 ) ) ;
#1154 = CARTESIAN_POINT ( 'NONE',  ( 168.6992850608225751, -135.2660697341288767, 115.4972591420526982 ) ) ;
#1155 = FACE_OUTER_BOUND ( 'NONE', #2287, .T. ) ;
#1156 = EDGE_CURVE ( 'NONE', #345, #2724, #3024, .T. ) ;
#1157 = CARTESIAN_POINT ( 'NONE',  ( 173.0388486260299885, -140.4194928209240061, 111.1643259181415999 ) ) ;
#1158 = CARTESIAN_POINT ( 'NONE',  ( 144.3448783421405892, -123.7367099249733968, 117.6643259181415999 ) ) ;
#1159 = DIRECTION ( 'NONE',  ( 1.000000000000000000, 0.000000000000000000, 0.000000000000000000 ) ) ;
#1160 = ORIENTED_EDGE ( 'NONE', *, *, #2100, .F. ) ;
#1161 = DIRECTION ( 'NONE',  ( -1.000000000000000000, 0.000000000000000000, 0.000000000000000000 ) ) ;
#1162 = ORIENTED_EDGE ( 'NONE', *, *, #2806, .T. ) ;
#1163 = CONICAL_SURFACE ( 'NONE', #2540, 13.80026402017000997, 0.7853981633974560506 ) ;
#1164 = ORIENTED_EDGE ( 'NONE', *, *, #1983, .F. ) ;
#1165 = CARTESIAN_POINT ( 'NONE',  ( 173.0388486260299885, -128.1214718463834004, 111.1643259181415999 ) ) ;
#1166 = CARTESIAN_POINT ( 'NONE',  ( 168.1882152375610815, -135.1566894795909946, 115.8082545262936520 ) ) ;
#1167 = DIRECTION ( 'NONE',  ( 0.000000000000000000, 1.000000000000000000, -3.403587628962950227E-15 ) ) ;
#1168 = EDGE_CURVE ( 'NONE', #1342, #1580, #861, .T. ) ;
#1169 = EDGE_CURVE ( 'NONE', #345, #1065, #1363, .T. ) ;
#1170 = LINE ( 'NONE', #2107, #2405 ) ;
#1171 = CARTESIAN_POINT ( 'NONE',  ( 173.0388486260299885, -133.5375137954643776, 111.1643259181415999 ) ) ;
#1172 = CARTESIAN_POINT ( 'NONE',  ( 169.4448783421449889, -130.8294928209240027, 117.6643259181415999 ) ) ;
#1173 = ORIENTED_EDGE ( 'NONE', *, *, #2420, .T. ) ;
#1174 = ORIENTED_EDGE ( 'NONE', *, *, #1168, .T. ) ;
#1175 = CARTESIAN_POINT ( 'NONE',  ( 149.1698783421430221, -123.5367099249736071, 117.4643259181415971 ) ) ;
#1176 = VECTOR ( 'NONE', #2025, 1000.000000000000000 ) ;
#1177 = ADVANCED_FACE ( 'NONE', ( #620 ), #1543, .T. ) ;
#1178 = EDGE_CURVE ( 'NONE', #1432, #1879, #776, .T. ) ;
#1179 = ORIENTED_EDGE ( 'NONE', *, *, #89, .T. ) ;
#1180 = AXIS2_PLACEMENT_3D ( 'NONE', #719, #965, #1915 ) ;
#1181 = CARTESIAN_POINT ( 'NONE',  ( 171.2879799733944992, -137.1828273438946155, 107.9276604411124083 ) ) ;
#1182 = CARTESIAN_POINT ( 'NONE',  ( 167.5563980073498271, -134.9139186398329855, 116.1470446860443246 ) ) ;
#1183 = UNCERTAINTY_MEASURE_WITH_UNIT (LENGTH_MEASURE( 1.000000000000000082E-05 ), #2760, 'distance_accuracy_value', 'NONE');
#1184 = CARTESIAN_POINT ( 'NONE',  ( 146.2448783421444034, -116.7307771246486112, 117.6643259181415999 ) ) ;
#1185 = AXIS2_PLACEMENT_3D ( 'NONE', #1699, #1024, #2640 ) ;
#1186 = FACE_OUTER_BOUND ( 'NONE', #2457, .T. ) ;
#1187 = DIRECTION ( 'NONE',  ( 0.000000000000000000, 1.000000000000000000, -1.777619882654805179E-15 ) ) ;
#1188 = DIRECTION ( 'NONE',  ( -1.000000000000000000, 0.000000000000000000, 0.000000000000000000 ) ) ;
#1189 = CIRCLE ( 'NONE', #2265, 1.700000000000007061 ) ;
#1190 = ORIENTED_EDGE ( 'NONE', *, *, #299, .T. ) ;
#1191 = ADVANCED_FACE ( 'NONE', ( #2775 ), #656, .F. ) ;
#1192 = CIRCLE ( 'NONE', #2021, 3.000000000000002665 ) ;
#1193 = VERTEX_POINT ( 'NONE', #2012 ) ;
#1194 = CIRCLE ( 'NONE', #495, 4.099999999999992539 ) ;
#1195 = ORIENTED_EDGE ( 'NONE', *, *, #1253, .T. ) ;
#1196 = CARTESIAN_POINT ( 'NONE',  ( 147.6448783421406006, -120.7367099249736100, 110.6393840924473864 ) ) ;
#1197 = CARTESIAN_POINT ( 'NONE',  ( 145.4055544572193810, -122.9718810834485936, 107.6619376556171943 ) ) ;
#1198 = CARTESIAN_POINT ( 'NONE',  ( 154.4663788690315016, -116.3307771246486055, 117.2643259181415942 ) ) ;
#1199 = EDGE_CURVE ( 'NONE', #345, #828, #392, .T. ) ;
#1200 = DIRECTION ( 'NONE',  ( -1.650591889603809915E-15, -1.000000000000000000, 2.157830498458855016E-15 ) ) ;
#1201 = CARTESIAN_POINT ( 'NONE',  ( 153.5902226098284871, -116.3307771246486055, 115.7459224915936034 ) ) ;
#1202 = ORIENTED_EDGE ( 'NONE', *, *, #1232, .T. ) ;
#1203 = CARTESIAN_POINT ( 'NONE',  ( 142.6874692454772173, -116.7307771246486112, 113.3422684061035994 ) ) ;
#1204 = CYLINDRICAL_SURFACE ( 'NONE', #2371, 1.700000000000007061 ) ;
#1205 = ORIENTED_EDGE ( 'NONE', *, *, #1123, .T. ) ;
#1206 = EDGE_LOOP ( 'NONE', ( #2866, #1112, #869, #515 ) ) ;
#1207 = FACE_BOUND ( 'NONE', #543, .T. ) ;
#1208 = FACE_OUTER_BOUND ( 'NONE', #2333, .T. ) ;
#1209 = DIRECTION ( 'NONE',  ( -1.000000000000000000, 0.000000000000000000, 0.000000000000000000 ) ) ;
#1210 = CIRCLE ( 'NONE', #1943, 1.708500000000001684 ) ;
#1211 = DIRECTION ( 'NONE',  ( 2.000000000000000155E-15, 1.000000000000000000, -1.777619882654805179E-15 ) ) ;
#1212 = CARTESIAN_POINT ( 'NONE',  ( 173.0755671831449831, -133.3883539018567888, 111.1061354007505884 ) ) ;
#1213 =( GEOMETRIC_REPRESENTATION_CONTEXT ( 3 ) GLOBAL_UNCERTAINTY_ASSIGNED_CONTEXT ( ( #618 ) ) GLOBAL_UNIT_ASSIGNED_CONTEXT ( ( #2050, #2711, #1074 ) ) REPRESENTATION_CONTEXT ( 'NONE', 'WORKASPACE' ) );
#1214 = EDGE_CURVE ( 'NONE', #1612, #2978, #1107, .T. ) ;
#1215 = CARTESIAN_POINT ( 'NONE',  ( 158.4768364872664961, -123.4194853061869992, 114.2144502228033929 ) ) ;
#1216 = DIRECTION ( 'NONE',  ( 0.000000000000000000, 1.999664487579840037E-15, 1.000000000000000000 ) ) ;
#1217 = VERTEX_POINT ( 'NONE', #887 ) ;
#1218 = EDGE_CURVE ( 'NONE', #2273, #157, #1829, .T. ) ;
#1219 = ORIENTED_EDGE ( 'NONE', *, *, #1864, .T. ) ;
#1220 = CARTESIAN_POINT ( 'NONE',  ( 123.8363783421449966, -130.8294928209240027, 110.7643259181415942 ) ) ;
#1221 = AXIS2_PLACEMENT_3D ( 'NONE', #1175, #553, #1727 ) ;
#1222 = FACE_OUTER_BOUND ( 'NONE', #85, .T. ) ;
#1223 = DIRECTION ( 'NONE',  ( 1.000000000000000000, 0.000000000000000000, 0.000000000000000000 ) ) ;
#1224 = ADVANCED_FACE ( 'NONE', ( #374 ), #979, .F. ) ;
#1225 = AXIS2_PLACEMENT_3D ( 'NONE', #1874, #1667, #750 ) ;
#1226 = CARTESIAN_POINT ( 'NONE',  ( 147.6948783421405835, -116.3307771246486055, 113.9014131133686050 ) ) ;
#1227 = CARTESIAN_POINT ( 'NONE',  ( 136.6986143915883929, -119.4194928209239919, 110.7478448197092007 ) ) ;
#1228 = CARTESIAN_POINT ( 'NONE',  ( 167.0808007177897423, -127.0011863944165214, 116.3774827675364207 ) ) ;
#1229 = ORIENTED_EDGE ( 'NONE', *, *, #2100, .T. ) ;
#1230 = LINE ( 'NONE', #2375, #2609 ) ;
#1231 = ADVANCED_FACE ( 'NONE', ( #1809 ), #1843, .F. ) ;
#1232 = EDGE_CURVE ( 'NONE', #1819, #256, #2756, .T. ) ;
#1233 = CARTESIAN_POINT ( 'NONE',  ( 163.1768364872664847, -119.4194853061869992, 114.2144502228033929 ) ) ;
#1234 = CIRCLE ( 'NONE', #2260, 1.708500000000001684 ) ;
#1235 = AXIS2_PLACEMENT_3D ( 'NONE', #1008, #334, #76 ) ;
#1236 = EDGE_LOOP ( 'NONE', ( #2990, #2528, #364, #2577, #6 ) ) ;
#1237 = CARTESIAN_POINT ( 'NONE',  ( 125.9448783421450173, -130.8294928209240027, 110.9643259181415971 ) ) ;
#1238 = AXIS2_PLACEMENT_3D ( 'NONE', #558, #798, #2924 ) ;
#1239 = CARTESIAN_POINT ( 'NONE',  ( 147.6948783421405835, -116.5307771246485942, 113.9014131133686050 ) ) ;
#1240 = CARTESIAN_POINT ( 'NONE',  ( 124.5976797458524032, -135.1253422556156067, 113.8379957282739099 ) ) ;
#1241 = LINE ( 'NONE', #2889, #386 ) ;
#1242 = VERTEX_POINT ( 'NONE', #2525 ) ;
#1243 = DIRECTION ( 'NONE',  ( -1.000000000000000000, 0.000000000000000000, 0.000000000000000000 ) ) ;
#1244 = ORIENTED_EDGE ( 'NONE', *, *, #350, .F. ) ;
#1245 = EDGE_LOOP ( 'NONE', ( #1370, #1450, #2431, #879 ) ) ;
#1246 = DIRECTION ( 'NONE',  ( 0.000000000000000000, -1.000000000000000000, 1.999664487579840037E-15 ) ) ;
#1247 = ORIENTED_EDGE ( 'NONE', *, *, #444, .T. ) ;
#1248 = CARTESIAN_POINT ( 'NONE',  ( 141.2292880923212124, -119.4194928209239919, 115.8664883735590081 ) ) ;
#1249 = DIRECTION ( 'NONE',  ( 1.126208581372299938E-16, 1.000000000000000000, -1.777619834083399944E-15 ) ) ;
#1250 = CARTESIAN_POINT ( 'NONE',  ( 127.8198783421424025, -119.4194928209239919, 111.2143259181415971 ) ) ;
#1251 = DIRECTION ( 'NONE',  ( 0.000000000000000000, -1.000000000000000000, 1.999664487579840037E-15 ) ) ;
#1252 = CARTESIAN_POINT ( 'NONE',  ( 129.4725524794245075, -133.6240519533451163, 116.8360069253709810 ) ) ;
#1253 = EDGE_CURVE ( 'NONE', #569, #2890, #2306, .T. ) ;
#1254 = AXIS2_PLACEMENT_3D ( 'NONE', #506, #1167, #451 ) ;
#1255 = CARTESIAN_POINT ( 'NONE',  ( 161.2171130401609958, -140.4194928209240061, 103.6640618979713935 ) ) ;
#1256 = ORIENTED_EDGE ( 'NONE', *, *, #54, .T. ) ;
#1257 = DIRECTION ( 'NONE',  ( 1.000000000000000000, -2.000000000000000155E-15, 4.171264647938739709E-44 ) ) ;
#1258 = CONICAL_SURFACE ( 'NONE', #2790, 4.299999999999998046, 0.7853981633974335130 ) ;
#1259 = VERTEX_POINT ( 'NONE', #193 ) ;
#1260 = LINE ( 'NONE', #1414, #73 ) ;
#1261 = ORIENTED_EDGE ( 'NONE', *, *, #2497, .T. ) ;
#1262 = CARTESIAN_POINT ( 'NONE',  ( 169.4448783421449889, -130.8294928209240027, 117.4643259181415971 ) ) ;
#1263 = CARTESIAN_POINT ( 'NONE',  ( 165.3391216773527788, -132.6925211858846012, 117.0441578859755367 ) ) ;
#1264 = EDGE_LOOP ( 'NONE', ( #136, #2157 ) ) ;
#1265 = ADVANCED_FACE ( 'NONE', ( #1141, #508, #2841 ), #733, .F. ) ;
#1266 = EDGE_CURVE ( 'NONE', #201, #990, #250, .T. ) ;
#1267 = CARTESIAN_POINT ( 'NONE',  ( 125.9448783421450173, -130.8294928209240027, 117.6643259181415999 ) ) ;
#1268 = FACE_OUTER_BOUND ( 'NONE', #2615, .T. ) ;
#1269 = CARTESIAN_POINT ( 'NONE',  ( 169.4448783421449889, -130.8294928209240027, 110.7558258704579970 ) ) ;
#1270 = CIRCLE ( 'NONE', #2800, 4.099999999999992539 ) ;
#1271 = CARTESIAN_POINT ( 'NONE',  ( 165.4556118954391479, -128.7287539521520330, 117.0081364463321449 ) ) ;
#1272 = CARTESIAN_POINT ( 'NONE',  ( 134.4448783421433973, -119.8694928209240089, 117.6643259181415999 ) ) ;
#1273 = VECTOR ( 'NONE', #774, 999.9999999999998863 ) ;
#1274 = EDGE_LOOP ( 'NONE', ( #1164, #1331, #2995, #628, #804, #548 ) ) ;
#1275 = DIRECTION ( 'NONE',  ( -2.000000000000000155E-15, -1.000000000000000000, 1.999664487579840037E-15 ) ) ;
#1276 = AXIS2_PLACEMENT_3D ( 'NONE', #2607, #2350, #1637 ) ;
#1277 = EDGE_CURVE ( 'NONE', #1804, #2186, #2434, .T. ) ;
#1278 = ORIENTED_EDGE ( 'NONE', *, *, #2185, .T. ) ;
#1279 = AXIS2_PLACEMENT_3D ( 'NONE', #1499, #2449, #1985 ) ;
#1280 = VERTEX_POINT ( 'NONE', #205 ) ;
#1281 = DIRECTION ( 'NONE',  ( 0.7071067811865470176, -2.741831519122640287E-15, -0.7071067811865480168 ) ) ;
#1282 = CIRCLE ( 'NONE', #1235, 4.500000000000003553 ) ;
#1283 = DIRECTION ( 'NONE',  ( 0.000000000000000000, -1.000000000000000000, 2.157830498458855016E-15 ) ) ;
#1284 = ORIENTED_EDGE ( 'NONE', *, *, #1199, .T. ) ;
#1285 = DIRECTION ( 'NONE',  ( -1.000000000000000000, 0.000000000000000000, 0.000000000000000000 ) ) ;
#1286 = CARTESIAN_POINT ( 'NONE',  ( 150.6448783421405153, -120.5367099249736071, 111.1643295077162037 ) ) ;
#1287 = EDGE_CURVE ( 'NONE', #67, #2649, #1096, .T. ) ;
#1288 = CARTESIAN_POINT ( 'NONE',  ( 128.9666332155240411, -134.1738397396320579, 116.6442851569296408 ) ) ;
#1289 = CIRCLE ( 'NONE', #1831, 4.500000000000003553 ) ;
#1290 = CARTESIAN_POINT ( 'NONE',  ( 167.1642198427446147, -126.9516829852390885, 116.3384562737449670 ) ) ;
#1291 = ORIENTED_EDGE ( 'NONE', *, *, #1961, .F. ) ;
#1292 = CARTESIAN_POINT ( 'NONE',  ( 151.0774912240434844, -123.6944928209239976, 110.9375554159749981 ) ) ;
#1293 =( BOUNDED_CURVE ( )  B_SPLINE_CURVE ( 2, ( #2236, #822, #1064 ),
 .UNSPECIFIED., .F., .T. ) 
 B_SPLINE_CURVE_WITH_KNOTS ( ( 3, 3 ),
 ( 0.1521721338596900008, 0.2014345652900179917 ),
 .UNSPECIFIED. ) 
 CURVE ( )  GEOMETRIC_REPRESENTATION_ITEM ( )  RATIONAL_B_SPLINE_CURVE ( ( 1.033492115254510013, 1.033362158704470124, 1.029638086086400062 ) ) 
 REPRESENTATION_ITEM ( '' )  );
#1294 = VERTEX_POINT ( 'NONE', #22 ) ;
#1295 = FACE_OUTER_BOUND ( 'NONE', #398, .T. ) ;
#1296 = ORIENTED_EDGE ( 'NONE', *, *, #125, .F. ) ;
#1297 = ORIENTED_EDGE ( 'NONE', *, *, #2459, .T. ) ;
#1298 = PLANE ( 'NONE',  #1321 ) ;
#1299 = CARTESIAN_POINT ( 'NONE',  ( 122.3586593486218135, -128.2086714217844019, 111.1061354002890056 ) ) ;
#1300 = EDGE_LOOP ( 'NONE', ( #226, #1907, #1219, #272 ) ) ;
#1301 = CARTESIAN_POINT ( 'NONE',  ( 147.4284727520480089, -124.3281013729487938, 110.7643259181415942 ) ) ;
#1302 = CARTESIAN_POINT ( 'NONE',  ( 128.0872882523197802, -126.8733728810196055, 116.2511010497254063 ) ) ;
#1303 = CARTESIAN_POINT ( 'NONE',  ( 126.8044400016936351, -135.2454212634634132, 115.5409396173279788 ) ) ;
#1304 = CARTESIAN_POINT ( 'NONE',  ( 147.6948783421452163, -130.7794928209240197, 110.9643259181415971 ) ) ;
#1305 = ADVANCED_FACE ( 'NONE', ( #234 ), #2846, .F. ) ;
#1306 = VECTOR ( 'NONE', #961, 1000.000000000000000 ) ;
#1307 = CARTESIAN_POINT ( 'NONE',  ( 125.9448783421450173, -130.8294928209240027, 117.2643259181417932 ) ) ;
#1308 =( BOUNDED_CURVE ( )  B_SPLINE_CURVE ( 3, ( #1212, #1900, #2397, #1171 ),
 .UNSPECIFIED., .F., .T. ) 
 B_SPLINE_CURVE_WITH_KNOTS ( ( 4, 4 ),
 ( 3.390242085702310337, 3.399932850289169917 ),
 .UNSPECIFIED. ) 
 CURVE ( )  GEOMETRIC_REPRESENTATION_ITEM ( )  RATIONAL_B_SPLINE_CURVE ( ( 1.000000000000000000, 0.9999921741054549340, 0.9999921741054549340, 1.000000000000000000 ) ) 
 REPRESENTATION_ITEM ( '' )  );
#1309 = ORIENTED_EDGE ( 'NONE', *, *, #1581, .T. ) ;
#1310 = DIRECTION ( 'NONE',  ( -1.414213562373029986E-15, -0.7071067811865150432, -0.7071067811865799912 ) ) ;
#1311 = CARTESIAN_POINT ( 'NONE',  ( 145.4363783421450194, -130.7794928209240197, 110.7558258704579970 ) ) ;
#1312 = VERTEX_POINT ( 'NONE', #2149 ) ;
#1313 = ORIENTED_EDGE ( 'NONE', *, *, #2626, .T. ) ;
#1314 = ADVANCED_FACE ( 'NONE', ( #1186 ), #452, .T. ) ;
#1315 = LINE ( 'NONE', #839, #2695 ) ;
#1316 = CARTESIAN_POINT ( 'NONE',  ( 171.5533783421450096, -130.8294928209240027, 110.7643259181415942 ) ) ;
#1317 = CYLINDRICAL_SURFACE ( 'NONE', #219, 3.000000000000002665 ) ;
#1318 = EDGE_CURVE ( 'NONE', #609, #239, #13, .T. ) ;
#1319 = DIRECTION ( 'NONE',  ( -0.4901977173289711609, 0.000000000000000000, 0.8716112653731972193 ) ) ;
#1320 = DIRECTION ( 'NONE',  ( 0.000000000000000000, -1.000000000000000000, 1.999664487579840037E-15 ) ) ;
#1321 = AXIS2_PLACEMENT_3D ( 'NONE', #1018, #1310, #1784 ) ;
#1322 = PLANE ( 'NONE',  #1919 ) ;
#1323 = DIRECTION ( 'NONE',  ( 0.000000000000000000, 2.000000000000000155E-15, 1.000000000000000000 ) ) ;
#1324 = ADVANCED_FACE ( 'NONE', ( #2353 ), #2622, .F. ) ;
#1325 = ORIENTED_EDGE ( 'NONE', *, *, #1156, .F. ) ;
#1326 = CIRCLE ( 'NONE', #792, 2.658500000000008079 ) ;
#1327 = EDGE_LOOP ( 'NONE', ( #114, #2692, #34, #2547 ) ) ;
#1328 = CARTESIAN_POINT ( 'NONE',  ( 160.1677330463757016, -119.4196585616175241, 117.2144916588352430 ) ) ;
#1329 = DIRECTION ( 'NONE',  ( 1.000000000000000000, 0.000000000000000000, 0.000000000000000000 ) ) ;
#1330 = ORIENTED_EDGE ( 'NONE', *, *, #1532, .T. ) ;
#1331 = ORIENTED_EDGE ( 'NONE', *, *, #2097, .F. ) ;
#1332 = VECTOR ( 'NONE', #1384, 1000.000000000000227 ) ;
#1333 = CARTESIAN_POINT ( 'NONE',  ( 123.3687704028900498, -127.1347044075438504, 112.5177778011811967 ) ) ;
#1334 = CARTESIAN_POINT ( 'NONE',  ( 123.2248227992587459, -134.4143259662616003, 112.3345823187513446 ) ) ;
#1335 = VECTOR ( 'NONE', #1672, 1000.000000000000000 ) ;
#1336 = DIRECTION ( 'NONE',  ( -1.000000000000000000, 0.000000000000000000, 0.000000000000000000 ) ) ;
#1337 = CARTESIAN_POINT ( 'NONE',  ( 125.9448783421450173, -130.8294928209240027, 117.4643259181415971 ) ) ;
#1338 = CONICAL_SURFACE ( 'NONE', #946, 1.908499999999993424, 0.7853981633974362886 ) ;
#1339 = DIRECTION ( 'NONE',  ( 0.000000000000000000, 1.777619882654805179E-15, 1.000000000000000000 ) ) ;
#1340 = DIRECTION ( 'NONE',  ( -0.7071067811865391350, 2.828189881638720808E-15, 0.7071067811865560104 ) ) ;
#1341 = ORIENTED_EDGE ( 'NONE', *, *, #1362, .F. ) ;
#1342 = VERTEX_POINT ( 'NONE', #1157 ) ;
#1343 = CARTESIAN_POINT ( 'NONE',  ( 150.3533783421450210, -130.7794928209240197, 117.6643259181415999 ) ) ;
#1344 = DIRECTION ( 'NONE',  ( 1.000000000000000000, 0.000000000000000000, 0.000000000000000000 ) ) ;
#1345 = VERTEX_POINT ( 'NONE', #2570 ) ;
#1346 = SURFACE_STYLE_FILL_AREA ( #2522 ) ;
#1347 = CARTESIAN_POINT ( 'NONE',  ( 125.9092651963407121, -126.3241024406440687, 114.9359331396327946 ) ) ;
#1348 = CARTESIAN_POINT ( 'NONE',  ( 123.2861168117795216, -134.4600429250052684, 112.4117336250142074 ) ) ;
#1349 = CARTESIAN_POINT ( 'NONE',  ( 173.0637117697864369, -128.2210136918824617, 111.1250291251736684 ) ) ;
#1350 = EDGE_CURVE ( 'NONE', #157, #2733, #2830, .T. ) ;
#1351 = CARTESIAN_POINT ( 'NONE',  ( 172.8833321446835214, -119.8694928209240089, 110.7643259181415942 ) ) ;
#1352 = CARTESIAN_POINT ( 'NONE',  ( 141.8634429937569905, -118.7625648391179993, 119.6961136326110022 ) ) ;
#1353 = ORIENTED_EDGE ( 'NONE', *, *, #1657, .T. ) ;
#1354 = CIRCLE ( 'NONE', #267, 13.55026402017001352 ) ;
#1355 = CARTESIAN_POINT ( 'NONE',  ( 160.1859399281576088, -119.4196585616175241, 117.2144916588352430 ) ) ;
#1356 = CARTESIAN_POINT ( 'NONE',  ( 149.3948783421407995, -126.3307771246486055, 113.9014131133686050 ) ) ;
#1357 = ORIENTED_EDGE ( 'NONE', *, *, #1812, .F. ) ;
#1358 = CARTESIAN_POINT ( 'NONE',  ( 143.9766000114324243, -119.5231315141082007, 111.1106872249574025 ) ) ;
#1359 = CARTESIAN_POINT ( 'NONE',  ( 125.6970096051859542, -126.3303930856539665, 114.7765778954113358 ) ) ;
#1360 = EDGE_CURVE ( 'NONE', #1732, #787, #528, .T. ) ;
#1361 = PLANE ( 'NONE',  #2737 ) ;
#1362 = EDGE_CURVE ( 'NONE', #1294, #2343, #2369, .T. ) ;
#1363 = LINE ( 'NONE', #2740, #1127 ) ;
#1364 = DIRECTION ( 'NONE',  ( 0.000000000000000000, 1.000000000000000000, -1.999664487579840037E-15 ) ) ;
#1365 = FACE_BOUND ( 'NONE', #3017, .T. ) ;
#1366 = AXIS2_PLACEMENT_3D ( 'NONE', #126, #600, #1474 ) ;
#1367 = EDGE_LOOP ( 'NONE', ( #252, #633, #61, #2810 ) ) ;
#1368 = ORIENTED_EDGE ( 'NONE', *, *, #2942, .T. ) ;
#1369 = CIRCLE ( 'NONE', #834, 13.55026375888609991 ) ;
#1370 = ORIENTED_EDGE ( 'NONE', *, *, #265, .F. ) ;
#1371 = DIRECTION ( 'NONE',  ( 1.000000000000000000, 0.000000000000000000, -2.000000000000030132E-15 ) ) ;
#1372 = EDGE_CURVE ( 'NONE', #2979, #1939, #433, .T. ) ;
#1373 = CARTESIAN_POINT ( 'NONE',  ( 149.4957046271284185, -119.4194928209239919, 107.8496691562852021 ) ) ;
#1374 = VECTOR ( 'NONE', #2439, 1000.000000000000000 ) ;
#1375 = ORIENTED_EDGE ( 'NONE', *, *, #1266, .T. ) ;
#1376 = CARTESIAN_POINT ( 'NONE',  ( 168.3661826951896785, -126.4613112269030495, 115.7016282504679339 ) ) ;
#1377 = CARTESIAN_POINT ( 'NONE',  ( 171.2413343071807219, -134.9553076996571690, 113.4376310911666508 ) ) ;
#1378 = DIRECTION ( 'NONE',  ( 1.000000000000000000, 0.000000000000000000, 2.950063347725255136E-15 ) ) ;
#1379 = PRODUCT ( 'Sherpa_Mini_Mount', 'Sherpa_Mini_Mount', '', ( #440 ) ) ;
#1380 = MECHANICAL_DESIGN_GEOMETRIC_PRESENTATION_REPRESENTATION (  '', ( #987 ), #289 ) ;
#1381 = CARTESIAN_POINT ( 'NONE',  ( 122.5508943902814138, -128.5293030603840236, 110.7643259181415942 ) ) ;
#1382 = CARTESIAN_POINT ( 'NONE',  ( 125.9448783421450173, -130.8294928209240027, 110.9643259181415971 ) ) ;
#1383 = AXIS2_PLACEMENT_3D ( 'NONE', #1708, #1283, #1488 ) ;
#1384 = DIRECTION ( 'NONE',  ( -0.5002114874030946234, 2.558604376796018362E-16, 0.8659032670396754616 ) ) ;
#1385 = ORIENTED_EDGE ( 'NONE', *, *, #1834, .F. ) ;
#1386 = ORIENTED_EDGE ( 'NONE', *, *, #1214, .F. ) ;
#1387 = DIRECTION ( 'NONE',  ( 0.000000000000000000, -1.777619882654805179E-15, -1.000000000000000000 ) ) ;
#1388 = ORIENTED_EDGE ( 'NONE', *, *, #77, .F. ) ;
#1389 = ORIENTED_EDGE ( 'NONE', *, *, #856, .F. ) ;
#1390 = CARTESIAN_POINT ( 'NONE',  ( 171.8246167562946027, -127.0089513096975793, 112.8021880671639821 ) ) ;
#1391 = DIRECTION ( 'NONE',  ( 0.000000000000000000, -1.000000000000000000, 1.999664487579840037E-15 ) ) ;
#1392 = DIRECTION ( 'NONE',  ( 1.000000000000000000, 2.950063347725260263E-15, -8.799331027317239701E-30 ) ) ;
#1393 = FACE_OUTER_BOUND ( 'NONE', #2312, .T. ) ;
#1394 = CARTESIAN_POINT ( 'NONE',  ( 122.3953779031839986, -133.5955453572678095, 111.1643259181415999 ) ) ;
#1395 = ADVANCED_FACE ( 'NONE', ( #264, #1887 ), #1856, .T. ) ;
#1396 = ORIENTED_EDGE ( 'NONE', *, *, #507, .T. ) ;
#1397 = ORIENTED_EDGE ( 'NONE', *, *, #537, .T. ) ;
#1398 = FACE_OUTER_BOUND ( 'NONE', #1926, .T. ) ;
#1399 = ORIENTED_EDGE ( 'NONE', *, *, #1904, .F. ) ;
#1400 = AXIS2_PLACEMENT_3D ( 'NONE', #2840, #2619, #275 ) ;
#1401 = ORIENTED_EDGE ( 'NONE', *, *, #1984, .F. ) ;
#1402 = DIRECTION ( 'NONE',  ( -1.126208581372299938E-16, -1.000000000000000000, 3.080613658162890380E-15 ) ) ;
#1403 = LINE ( 'NONE', #1197, #3002 ) ;
#1404 = LINE ( 'NONE', #1184, #423 ) ;
#1405 = DIRECTION ( 'NONE',  ( -1.000000000000000000, 0.000000000000000000, 0.000000000000000000 ) ) ;
#1406 = CARTESIAN_POINT ( 'NONE',  ( 134.4448783421433973, -119.8694928209240089, 110.7643259181415942 ) ) ;
#1407 = CARTESIAN_POINT ( 'NONE',  ( 122.3827725365109558, -133.5470422513336075, 111.1444549071507595 ) ) ;
#1408 = ORIENTED_EDGE ( 'NONE', *, *, #639, .F. ) ;
#1409 = ORIENTED_EDGE ( 'NONE', *, *, #673, .F. ) ;
#1410 = EDGE_CURVE ( 'NONE', #675, #2429, #1170, .T. ) ;
#1411 = VERTEX_POINT ( 'NONE', #3054 ) ;
#1412 = AXIS2_PLACEMENT_3D ( 'NONE', #2207, #291, #996 ) ;
#1413 = CARTESIAN_POINT ( 'NONE',  ( 144.2766423089130114, -123.6944928209239976, 110.9375065715494060 ) ) ;
#1414 = CARTESIAN_POINT ( 'NONE',  ( 151.0448783421404926, -124.2281013729487995, 117.6643259181415999 ) ) ;
#1415 = CARTESIAN_POINT ( 'NONE',  ( 166.2344213910271264, -133.9840201541052238, 116.7345616600353821 ) ) ;
#1416 = CARTESIAN_POINT ( 'NONE',  ( 164.9448783421449889, -130.8294928209240027, 110.7643259181415942 ) ) ;
#1417 = VECTOR ( 'NONE', #2187, 1000.000000000000227 ) ;
#1418 = CARTESIAN_POINT ( 'NONE',  ( 172.8833321446835214, -134.1694928209240345, 110.7643259181415942 ) ) ;
#1419 = DIRECTION ( 'NONE',  ( -0.8716112653731973303, 8.810711452851572703E-16, -0.4901977173289712164 ) ) ;
#1420 = LINE ( 'NONE', #674, #100 ) ;
#1421 = DIRECTION ( 'NONE',  ( -1.000000000000000000, 0.000000000000000000, 0.000000000000000000 ) ) ;
#1422 = CIRCLE ( 'NONE', #394, 1.708500000000001684 ) ;
#1423 = ORIENTED_EDGE ( 'NONE', *, *, #1688, .T. ) ;
#1424 = AXIS2_PLACEMENT_3D ( 'NONE', #1304, #2953, #845 ) ;
#1425 = ORIENTED_EDGE ( 'NONE', *, *, #1812, .T. ) ;
#1426 = LINE ( 'NONE', #1679, #2604 ) ;
#1427 = DIRECTION ( 'NONE',  ( 0.7745092898762898637, 0.4472892575813409155, 0.4472892575813308680 ) ) ;
#1428 = PLANE ( 'NONE',  #313 ) ;
#1429 = EDGE_CURVE ( 'NONE', #1595, #317, #937, .T. ) ;
#1430 = DIRECTION ( 'NONE',  ( -1.000000000000000000, 0.000000000000000000, -1.999999999999974912E-15 ) ) ;
#1431 = CARTESIAN_POINT ( 'NONE',  ( 169.4448783421449889, -130.8294928209240027, 110.7643259181415942 ) ) ;
#1432 = VERTEX_POINT ( 'NONE', #1039 ) ;
#1433 = CARTESIAN_POINT ( 'NONE',  ( 150.6448783421405153, -123.3367099249736043, 117.6643295077162037 ) ) ;
#1434 = DIRECTION ( 'NONE',  ( -1.000000000000000000, 2.000000000000000155E-15, 0.000000000000000000 ) ) ;
#1435 = EDGE_CURVE ( 'NONE', #1517, #681, #280, .T. ) ;
#1436 = VERTEX_POINT ( 'NONE', #1709 ) ;
#1437 = ORIENTED_EDGE ( 'NONE', *, *, #1372, .F. ) ;
#1438 = PLANE ( 'NONE',  #2068 ) ;
#1439 = CARTESIAN_POINT ( 'NONE',  ( 134.2171133453901746, -140.4194928209240061, 117.6643259181417989 ) ) ;
#1440 = DIRECTION ( 'NONE',  ( 0.9999811603206387733, -2.048342052547007527E-15, 0.006138322554966779004 ) ) ;
#1441 = VECTOR ( 'NONE', #1651, 1000.000000000000000 ) ;
#1442 = ADVANCED_FACE ( 'NONE', ( #554 ), #571, .F. ) ;
#1443 = CARTESIAN_POINT ( 'NONE',  ( 146.2198783421430051, -120.5367099249736071, 117.2643259181415942 ) ) ;
#1444 = ADVANCED_FACE ( 'NONE', ( #1022, #1743 ), #2162, .T. ) ;
#1445 = DIRECTION ( 'NONE',  ( 1.000000000000000000, 0.000000000000000000, 0.000000000000000000 ) ) ;
#1446 = ORIENTED_EDGE ( 'NONE', *, *, #2669, .F. ) ;
#1447 = FACE_OUTER_BOUND ( 'NONE', #2562, .T. ) ;
#1448 = ORIENTED_EDGE ( 'NONE', *, *, #1429, .F. ) ;
#1449 = DIRECTION ( 'NONE',  ( -1.000000000000000000, 2.000000000000000155E-15, 9.698149732619699885E-47 ) ) ;
#1450 = ORIENTED_EDGE ( 'NONE', *, *, #959, .T. ) ;
#1451 = ORIENTED_EDGE ( 'NONE', *, *, #3022, .F. ) ;
#1452 = ORIENTED_EDGE ( 'NONE', *, *, #2696, .T. ) ;
#1453 = DIRECTION ( 'NONE',  ( -2.000000000000000155E-15, -1.000000000000000000, 1.758782946112024891E-15 ) ) ;
#1454 = AXIS2_PLACEMENT_3D ( 'NONE', #429, #2070, #197 ) ;
#1455 = CARTESIAN_POINT ( 'NONE',  ( 154.7840567348669936, -123.6944928209239976, 117.4477890458500013 ) ) ;
#1456 = DIRECTION ( 'NONE',  ( 0.000000000000000000, -1.000000000000000000, 1.999664450567655061E-15 ) ) ;
#1457 = CIRCLE ( 'NONE', #3056, 1.700000000000007061 ) ;
#1458 = DIRECTION ( 'NONE',  ( 0.000000000000000000, 1.777619882654805179E-15, 1.000000000000000000 ) ) ;
#1459 = FACE_OUTER_BOUND ( 'NONE', #2716, .T. ) ;
#1460 = ORIENTED_EDGE ( 'NONE', *, *, #1630, .F. ) ;
#1461 = CARTESIAN_POINT ( 'NONE',  ( 166.2498326039082883, -127.6498992170057534, 116.7297432614621044 ) ) ;
#1462 = DIRECTION ( 'NONE',  ( 0.000000000000000000, 1.777619882654805179E-15, 1.000000000000000000 ) ) ;
#1463 = ORIENTED_EDGE ( 'NONE', *, *, #2437, .T. ) ;
#1464 = EDGE_CURVE ( 'NONE', #212, #2392, #138, .T. ) ;
#1465 = ORIENTED_EDGE ( 'NONE', *, *, #1464, .T. ) ;
#1466 = AXIS2_PLACEMENT_3D ( 'NONE', #1255, #1935, #2447 ) ;
#1467 = DIRECTION ( 'NONE',  ( -1.000000000000000000, 0.000000000000000000, 0.000000000000000000 ) ) ;
#1468 = AXIS2_PLACEMENT_3D ( 'NONE', #2945, #1803, #2530 ) ;
#1469 = EDGE_LOOP ( 'NONE', ( #2069, #2408, #1601, #851 ) ) ;
#1470 = ORIENTED_EDGE ( 'NONE', *, *, #299, .F. ) ;
#1471 = DIRECTION ( 'NONE',  ( -0.4998942451143518206, -6.039053463445779494E-16, -0.8660864527872217389 ) ) ;
#1472 = CARTESIAN_POINT ( 'NONE',  ( 165.9000806250577682, -133.6138945853084579, 116.8593165818973745 ) ) ;
#1473 = EDGE_CURVE ( 'NONE', #2198, #2914, #323, .T. ) ;
#1474 = DIRECTION ( 'NONE',  ( 1.890240740792049865E-15, 1.000000000000000000, 0.000000000000000000 ) ) ;
#1475 = DIRECTION ( 'NONE',  ( 0.000000000000000000, 1.000000000000000000, -3.080613658162890380E-15 ) ) ;
#1476 = CARTESIAN_POINT ( 'NONE',  ( 123.8782521894638222, -134.8320965666466975, 113.1077815387255185 ) ) ;
#1477 = ORIENTED_EDGE ( 'NONE', *, *, #2001, .T. ) ;
#1478 = CARTESIAN_POINT ( 'NONE',  ( 165.1912200326889035, -129.3555826293643065, 117.0885331791465944 ) ) ;
#1479 = EDGE_LOOP ( 'NONE', ( #2883, #2036, #69, #740 ) ) ;
#1480 = FACE_BOUND ( 'NONE', #2937, .T. ) ;
#1481 = ORIENTED_EDGE ( 'NONE', *, *, #501, .T. ) ;
#1482 = LINE ( 'NONE', #1895, #1695 ) ;
#1483 = ADVANCED_FACE ( 'NONE', ( #1268 ), #90, .F. ) ;
#1484 = EDGE_CURVE ( 'NONE', #2429, #201, #2654, .T. ) ;
#1485 = ORIENTED_EDGE ( 'NONE', *, *, #1753, .F. ) ;
#1486 = ORIENTED_EDGE ( 'NONE', *, *, #308, .T. ) ;
#1487 = CARTESIAN_POINT ( 'NONE',  ( 150.6448783421405153, -123.3367099249736043, 117.2643259181415942 ) ) ;
#1488 = DIRECTION ( 'NONE',  ( -1.000000000000000000, 0.000000000000000000, 0.000000000000000000 ) ) ;
#1489 = FACE_OUTER_BOUND ( 'NONE', #471, .T. ) ;
#1490 = DIRECTION ( 'NONE',  ( 2.060936357395564808E-16, 1.491260498375597747E-16, -1.000000000000000000 ) ) ;
#1491 = DIRECTION ( 'NONE',  ( 0.000000000000000000, 1.814603282406019986E-15, 1.000000000000000000 ) ) ;
#1492 = VECTOR ( 'NONE', #950, 1000.000000000000000 ) ;
#1493 = CARTESIAN_POINT ( 'NONE',  ( 144.5766846063935986, -116.7307771246486112, 110.7643259181415942 ) ) ;
#1494 = ADVANCED_FACE ( 'NONE', ( #2687 ), #1958, .T. ) ;
#1495 = ORIENTED_EDGE ( 'NONE', *, *, #129, .T. ) ;
#1496 = CARTESIAN_POINT ( 'NONE',  ( 133.4768364872676045, -123.4194853061869992, 114.2143259181413981 ) ) ;
#1497 = EDGE_LOOP ( 'NONE', ( #2505, #472, #1495, #3031 ) ) ;
#1498 = VECTOR ( 'NONE', #118, 1000.000000000000000 ) ;
#1499 = CARTESIAN_POINT ( 'NONE',  ( 169.4448783421449889, -130.8294928209240027, 117.2643259181417932 ) ) ;
#1500 = DIRECTION ( 'NONE',  ( -1.000000000000000000, 0.000000000000000000, 0.000000000000000000 ) ) ;
#1501 = EDGE_CURVE ( 'NONE', #460, #1280, #97, .T. ) ;
#1502 = ORIENTED_EDGE ( 'NONE', *, *, #1102, .T. ) ;
#1503 = FACE_OUTER_BOUND ( 'NONE', #1469, .T. ) ;
#1504 = DIRECTION ( 'NONE',  ( -1.000000000000000000, 0.000000000000000000, 0.000000000000000000 ) ) ;
#1505 = EDGE_LOOP ( 'NONE', ( #2433, #211, #284, #1229, #2811, #238 ) ) ;
#1506 = CARTESIAN_POINT ( 'NONE',  ( 145.4363783421450194, -130.7794928209240197, 117.2643259181417932 ) ) ;
#1507 = CARTESIAN_POINT ( 'NONE',  ( 129.1506748572661536, -133.9981975830886824, 116.7166882620556692 ) ) ;
#1508 = AXIS2_PLACEMENT_3D ( 'NONE', #466, #38, #1430 ) ;
#1509 = DIRECTION ( 'NONE',  ( 1.000000000000000000, 2.950063347725400286E-15, 0.000000000000000000 ) ) ;
#1510 = VERTEX_POINT ( 'NONE', #1993 ) ;
#1511 = CARTESIAN_POINT ( 'NONE',  ( 144.7448783421405949, -120.5367099249736071, 117.6643295077162037 ) ) ;
#1512 = VECTOR ( 'NONE', #2852, 1000.000000000000114 ) ;
#1513 = ORIENTED_EDGE ( 'NONE', *, *, #2328, .F. ) ;
#1514 = LINE ( 'NONE', #2422, #1306 ) ;
#1515 = ORIENTED_EDGE ( 'NONE', *, *, #2407, .F. ) ;
#1516 = AXIS2_PLACEMENT_3D ( 'NONE', #1530, #909, #2015 ) ;
#1517 = VERTEX_POINT ( 'NONE', #2873 ) ;
#1518 = CARTESIAN_POINT ( 'NONE',  ( 132.1768364872675932, -119.4194928209239919, 114.2143259181413981 ) ) ;
#1519 = CIRCLE ( 'NONE', #2466, 3.000000000000002665 ) ;
#1520 = DIRECTION ( 'NONE',  ( 0.7071067811865510144, 1.177332100905354913E-15, 0.7071067811865441310 ) ) ;
#1521 = VERTEX_POINT ( 'NONE', #1506 ) ;
#1522 = CARTESIAN_POINT ( 'NONE',  ( 169.4448783421449889, -130.8294928209240027, 110.7643259181415942 ) ) ;
#1523 = CARTESIAN_POINT ( 'NONE',  ( 129.9356327742622170, -128.7449753615300381, 116.9937318533333865 ) ) ;
#1524 = ADVANCED_FACE ( 'NONE', ( #2461 ), #2754, .F. ) ;
#1525 = AXIS2_PLACEMENT_3D ( 'NONE', #2757, #1844, #641 ) ;
#1526 = DIRECTION ( 'NONE',  ( -0.4901977173289711609, 0.000000000000000000, 0.8716112653731972193 ) ) ;
#1527 = EDGE_CURVE ( 'NONE', #2201, #1065, #521, .T. ) ;
#1528 = CIRCLE ( 'NONE', #2476, 2.108500000000013141 ) ;
#1529 = CARTESIAN_POINT ( 'NONE',  ( 150.9465282893425240, -116.3307771246486055, 111.1643259181415999 ) ) ;
#1530 = CARTESIAN_POINT ( 'NONE',  ( 160.1768364872664847, -123.4194853061869992, 114.2144502228033929 ) ) ;
#1531 = LINE ( 'NONE', #2295, #2296 ) ;
#1532 = EDGE_CURVE ( 'NONE', #2264, #2158, #304, .T. ) ;
#1533 = ORIENTED_EDGE ( 'NONE', *, *, #164, .F. ) ;
#1534 = DIRECTION ( 'NONE',  ( 0.3780558345608595050, 0.6546272931808180262, -0.6546272931808200246 ) ) ;
#1535 = LINE ( 'NONE', #1079, #3011 ) ;
#1536 = ORIENTED_EDGE ( 'NONE', *, *, #1892, .F. ) ;
#1537 = ORIENTED_EDGE ( 'NONE', *, *, #818, .F. ) ;
#1538 = CARTESIAN_POINT ( 'NONE',  ( 146.2198783421430051, -120.1367099249736015, 117.6643259181415999 ) ) ;
#1539 = CARTESIAN_POINT ( 'NONE',  ( 127.5866635126870818, -126.6384792156697330, 115.9953965776020652 ) ) ;
#1540 = DIRECTION ( 'NONE',  ( 9.746457490355561572E-15, 1.000000000000000000, -1.777619882654810307E-15 ) ) ;
#1541 = EDGE_CURVE ( 'NONE', #2543, #461, #1908, .T. ) ;
#1542 = EDGE_CURVE ( 'NONE', #2783, #2890, #777, .T. ) ;
#1543 = PLANE ( 'NONE',  #383 ) ;
#1544 = DIRECTION ( 'NONE',  ( -1.000000000000000000, 0.000000000000000000, 0.000000000000000000 ) ) ;
#1545 = CARTESIAN_POINT ( 'NONE',  ( 133.4768364872676045, -119.4194853061872124, 114.2143259181413981 ) ) ;
#1546 = VECTOR ( 'NONE', #2515, 1000.000000000000000 ) ;
#1547 = ORIENTED_EDGE ( 'NONE', *, *, #995, .T. ) ;
#1548 = EDGE_LOOP ( 'NONE', ( #198, #2481, #120, #2765 ) ) ;
#1549 = CARTESIAN_POINT ( 'NONE',  ( 144.7448783421405949, -123.3367099249733911, 117.6643295077162037 ) ) ;
#1550 = CARTESIAN_POINT ( 'NONE',  ( 135.1768364872676216, -140.4194928209240061, 114.2143259181415971 ) ) ;
#1551 = ORIENTED_EDGE ( 'NONE', *, *, #565, .T. ) ;
#1552 = EDGE_LOOP ( 'NONE', ( #1736, #2574, #1425, #1954 ) ) ;
#1553 = CARTESIAN_POINT ( 'NONE',  ( 123.1682197615699579, -127.2882275585362493, 112.2625242827130592 ) ) ;
#1554 = CARTESIAN_POINT ( 'NONE',  ( 122.8951747276552879, -134.1614190222687171, 111.9147287485963886 ) ) ;
#1555 = DIRECTION ( 'NONE',  ( 1.000000000000000000, 0.000000000000000000, 0.000000000000000000 ) ) ;
#1556 = CARTESIAN_POINT ( 'NONE',  ( 122.7098958150727981, -119.5556897889409953, 111.0781289501244089 ) ) ;
#1557 = CIRCLE ( 'NONE', #233, 4.500000000000003553 ) ;
#1558 = EDGE_CURVE ( 'NONE', #1631, #2559, #1131, .T. ) ;
#1559 = AXIS2_PLACEMENT_3D ( 'NONE', #843, #2261, #1336 ) ;
#1560 = CARTESIAN_POINT ( 'NONE',  ( 149.9533783421451858, -130.7794928209240197, 111.1643259181415999 ) ) ;
#1561 = FACE_OUTER_BOUND ( 'NONE', #917, .T. ) ;
#1562 = VECTOR ( 'NONE', #1840, 999.9999999999998863 ) ;
#1563 = VECTOR ( 'NONE', #476, 1000.000000000000000 ) ;
#1564 = EDGE_CURVE ( 'NONE', #1782, #381, #2005, .T. ) ;
#1565 = ORIENTED_EDGE ( 'NONE', *, *, #912, .F. ) ;
#1566 = CARTESIAN_POINT ( 'NONE',  ( 145.9948783421405949, -126.3307771246486055, 113.9014131133686050 ) ) ;
#1567 = CARTESIAN_POINT ( 'NONE',  ( 144.5448783421406063, -125.6281013729488052, 117.4643259181415971 ) ) ;
#1568 = ORIENTED_EDGE ( 'NONE', *, *, #2516, .T. ) ;
#1569 = FILL_AREA_STYLE_COLOUR ( '', #2755 ) ;
#1570 = AXIS2_PLACEMENT_3D ( 'NONE', #396, #606, #625 ) ;
#1571 = CARTESIAN_POINT ( 'NONE',  ( 123.5353998577383408, -127.0237809296444169, 112.7181592495872167 ) ) ;
#1572 = EDGE_CURVE ( 'NONE', #1345, #1242, #2718, .T. ) ;
#1573 = DIRECTION ( 'NONE',  ( 0.000000000000000000, -1.000000000000000000, -1.491260498375601938E-16 ) ) ;
#1574 = AXIS2_PLACEMENT_3D ( 'NONE', #568, #2175, #2668 ) ;
#1575 = VECTOR ( 'NONE', #2910, 999.9999999999997726 ) ;
#1576 = AXIS2_PLACEMENT_3D ( 'NONE', #514, #1216, #1599 ) ;
#1577 = DIRECTION ( 'NONE',  ( -7.397659605037268610E-15, -1.000000000000000000, -1.491260498375601938E-16 ) ) ;
#1578 = CARTESIAN_POINT ( 'NONE',  ( 160.1768364872664847, -119.4194928209239919, 114.2144502228033929 ) ) ;
#1579 = DIRECTION ( 'NONE',  ( 0.7745092898762933054, -0.4472892575813256499, 0.4472892575813400828 ) ) ;
#1580 = VERTEX_POINT ( 'NONE', #127 ) ;
#1581 = EDGE_CURVE ( 'NONE', #1610, #268, #1369, .T. ) ;
#1582 = CARTESIAN_POINT ( 'NONE',  ( 147.6948783421452163, -130.7794928209240197, 117.2643259181417932 ) ) ;
#1583 = EDGE_CURVE ( 'NONE', #2724, #599, #2490, .T. ) ;
#1584 = CARTESIAN_POINT ( 'NONE',  ( 135.1768364872676216, -119.4194928209239919, 117.2143259181415971 ) ) ;
#1585 = VERTEX_POINT ( 'NONE', #1316 ) ;
#1586 = CARTESIAN_POINT ( 'NONE',  ( 170.1664361149978504, -126.3810574312634287, 114.4339599788766577 ) ) ;
#1587 = CARTESIAN_POINT ( 'NONE',  ( 129.6637810212740192, -128.2819699437607426, 116.9039967989401561 ) ) ;
#1588 = DIRECTION ( 'NONE',  ( -1.000000000000000000, 0.000000000000000000, 0.000000000000000000 ) ) ;
#1589 = CARTESIAN_POINT ( 'NONE',  ( 144.7448783421405949, -123.3367099249736043, 111.1643295077162037 ) ) ;
#1590 = DIRECTION ( 'NONE',  ( 2.000000000000000155E-15, 1.000000000000000000, -1.758782946112024891E-15 ) ) ;
#1591 = DIRECTION ( 'NONE',  ( 1.000000000000000000, 0.000000000000000000, 0.000000000000000000 ) ) ;
#1592 = DIRECTION ( 'NONE',  ( 0.000000000000000000, -2.000000000000000155E-15, -1.000000000000000000 ) ) ;
#1593 = VECTOR ( 'NONE', #2583, 1000.000000000000000 ) ;
#1594 = ORIENTED_EDGE ( 'NONE', *, *, #2446, .F. ) ;
#1595 = VERTEX_POINT ( 'NONE', #2257 ) ;
#1596 = AXIS2_PLACEMENT_3D ( 'NONE', #390, #2303, #1588 ) ;
#1597 = DIRECTION ( 'NONE',  ( 1.000000000000000000, 0.000000000000000000, 0.000000000000000000 ) ) ;
#1598 = ORIENTED_EDGE ( 'NONE', *, *, #153, .T. ) ;
#1599 = DIRECTION ( 'NONE',  ( -1.000000000000000000, 0.000000000000000000, 0.000000000000000000 ) ) ;
#1600 = CONICAL_SURFACE ( 'NONE', #1945, 4.299999999999998046, 0.7853981633974574939 ) ;
#1601 = ORIENTED_EDGE ( 'NONE', *, *, #1232, .F. ) ;
#1602 = CARTESIAN_POINT ( 'NONE',  ( 169.5300865490643787, -126.3088972448482252, 114.9422109580100368 ) ) ;
#1603 = CARTESIAN_POINT ( 'NONE',  ( 171.9062915616826217, -134.6021865713444186, 112.7093632632904843 ) ) ;
#1604 = LINE ( 'NONE', #2983, #2442 ) ;
#1605 = CARTESIAN_POINT ( 'NONE',  ( 122.4547768694515923, -140.4194928209240061, 110.9352306592152075 ) ) ;
#1606 = CARTESIAN_POINT ( 'NONE',  ( 122.4068675500064387, -119.7830948034765726, 111.0204173115975834 ) ) ;
#1607 = APPLICATION_CONTEXT ( 'automotive_design' ) ;
#1608 = DIRECTION ( 'NONE',  ( -1.000000000000000000, 0.000000000000000000, 0.000000000000000000 ) ) ;
#1609 = EDGE_LOOP ( 'NONE', ( #1644, #2676 ) ) ;
#1610 = VERTEX_POINT ( 'NONE', #2735 ) ;
#1611 = VECTOR ( 'NONE', #1899, 1000.000000000000000 ) ;
#1612 = VERTEX_POINT ( 'NONE', #716 ) ;
#1613 = DIRECTION ( 'NONE',  ( 0.5773502691895961991, 0.5773502691896250649, -0.5773502691896561512 ) ) ;
#1614 = ORIENTED_EDGE ( 'NONE', *, *, #2630, .F. ) ;
#1615 = DIRECTION ( 'NONE',  ( 0.000000000000000000, 1.777619882654805179E-15, 1.000000000000000000 ) ) ;
#1616 = EDGE_LOOP ( 'NONE', ( #529, #2684, #2330, #688, #352, #2545, #1111, #1547, #2851 ) ) ;
#1617 = CARTESIAN_POINT ( 'NONE',  ( 168.6390188651539006, -126.4034077317541005, 115.5351625361792571 ) ) ;
#1618 = CARTESIAN_POINT ( 'NONE',  ( 167.7251919076445006, -134.9893195977995219, 116.0603639385567476 ) ) ;
#1619 = LINE ( 'NONE', #2337, #2685 ) ;
#1620 = AXIS2_PLACEMENT_3D ( 'NONE', #1636, #2349, #2041 ) ;
#1621 = EDGE_CURVE ( 'NONE', #609, #1802, #2651, .T. ) ;
#1622 = CARTESIAN_POINT ( 'NONE',  ( 172.8833321446835214, -128.5963256870512055, 110.7643259181415942 ) ) ;
#1623 = EDGE_CURVE ( 'NONE', #1797, #823, #2088, .T. ) ;
#1624 = DIRECTION ( 'NONE',  ( 0.000000000000000000, -1.777619882654805179E-15, -1.000000000000000000 ) ) ;
#1625 = AXIS2_PLACEMENT_3D ( 'NONE', #2653, #2425, #519 ) ;
#1626 = DIRECTION ( 'NONE',  ( 9.746457490355561572E-15, 1.000000000000000000, -1.777619882654805179E-15 ) ) ;
#1627 = ORIENTED_EDGE ( 'NONE', *, *, #1892, .T. ) ;
#1628 = ORIENTED_EDGE ( 'NONE', *, *, #1318, .T. ) ;
#1629 = ORIENTED_EDGE ( 'NONE', *, *, #1872, .T. ) ;
#1630 = EDGE_CURVE ( 'NONE', #201, #2201, #3033, .T. ) ;
#1631 = VERTEX_POINT ( 'NONE', #2366 ) ;
#1632 = CARTESIAN_POINT ( 'NONE',  ( 169.4448783421449889, -130.8294928209240027, 110.9643259181415971 ) ) ;
#1633 = ORIENTED_EDGE ( 'NONE', *, *, #2982, .T. ) ;
#1634 = EDGE_LOOP ( 'NONE', ( #1152, #2173, #309, #1097, #807 ) ) ;
#1635 = ADVANCED_FACE ( 'NONE', ( #1208 ), #668, .F. ) ;
#1636 = CARTESIAN_POINT ( 'NONE',  ( 135.1768364872676216, -119.4194928209239919, 114.2143259181413981 ) ) ;
#1637 = DIRECTION ( 'NONE',  ( -1.000000000000000000, 0.000000000000000000, 0.000000000000000000 ) ) ;
#1638 = LINE ( 'NONE', #1416, #1593 ) ;
#1639 = CARTESIAN_POINT ( 'NONE',  ( 122.3830907325360755, -140.4001260779132849, 111.1449591751309924 ) ) ;
#1640 = LINE ( 'NONE', #2819, #1977 ) ;
#1641 = EDGE_CURVE ( 'NONE', #387, #694, #1403, .T. ) ;
#1642 = FACE_OUTER_BOUND ( 'NONE', #1367, .T. ) ;
#1643 = ORIENTED_EDGE ( 'NONE', *, *, #827, .T. ) ;
#1644 = ORIENTED_EDGE ( 'NONE', *, *, #2516, .F. ) ;
#1645 = ORIENTED_EDGE ( 'NONE', *, *, #1916, .F. ) ;
#1646 = AXIS2_PLACEMENT_3D ( 'NONE', #2635, #760, #2872 ) ;
#1647 = ORIENTED_EDGE ( 'NONE', *, *, #2018, .T. ) ;
#1648 = CARTESIAN_POINT ( 'NONE',  ( 151.2610527530329989, -119.7247516554484008, 110.9090670836170034 ) ) ;
#1649 = LINE ( 'NONE', #2131, #721 ) ;
#1650 = CARTESIAN_POINT ( 'NONE',  ( 169.7400569172594373, -135.3258195122416510, 114.7744140971444295 ) ) ;
#1651 = DIRECTION ( 'NONE',  ( -2.000000000000000155E-15, -1.000000000000000000, 1.777619845810184909E-15 ) ) ;
#1652 = DIRECTION ( 'NONE',  ( 1.000000000000000000, -1.126208581372299938E-16, -3.355042688683229948E-30 ) ) ;
#1653 = CARTESIAN_POINT ( 'NONE',  ( 151.4371946359275114, -119.4194928209239919, 111.2143259181415971 ) ) ;
#1654 = CARTESIAN_POINT ( 'NONE',  ( 145.9948783421405949, -123.3367099249736043, 113.9014131133686050 ) ) ;
#1655 = CARTESIAN_POINT ( 'NONE',  ( 0.000000000000000000, 0.000000000000000000, 0.000000000000000000 ) ) ;
#1656 = VERTEX_POINT ( 'NONE', #2336 ) ;
#1657 = EDGE_CURVE ( 'NONE', #2768, #278, #2341, .T. ) ;
#1658 = EDGE_CURVE ( 'NONE', #1436, #2875, #109, .T. ) ;
#1659 = AXIS2_PLACEMENT_3D ( 'NONE', #2054, #865, #2037 ) ;
#1660 = ORIENTED_EDGE ( 'NONE', *, *, #1675, .F. ) ;
#1661 = AXIS2_PLACEMENT_3D ( 'NONE', #980, #3037, #689 ) ;
#1662 = LINE ( 'NONE', #1181, #149 ) ;
#1663 = CARTESIAN_POINT ( 'NONE',  ( 172.9242086455802792, -133.6896591026670080, 111.3450186954630823 ) ) ;
#1664 = CARTESIAN_POINT ( 'NONE',  ( 161.2171130401609958, -119.4194928209239919, 103.6640618979713935 ) ) ;
#1665 = VECTOR ( 'NONE', #836, 1000.000000000000000 ) ;
#1666 = ADVANCED_FACE ( 'NONE', ( #1723 ), #150, .T. ) ;
#1667 = DIRECTION ( 'NONE',  ( 0.000000000000000000, 1.999664487579840037E-15, 1.000000000000000000 ) ) ;
#1668 = LINE ( 'NONE', #2859, #349 ) ;
#1669 = ORIENTED_EDGE ( 'NONE', *, *, #1991, .F. ) ;
#1670 = PLANE ( 'NONE',  #693 ) ;
#1671 = AXIS2_PLACEMENT_3D ( 'NONE', #1455, #2410, #1957 ) ;
#1672 = DIRECTION ( 'NONE',  ( 2.060936357395554947E-16, -3.080613658162890380E-15, -1.000000000000000000 ) ) ;
#1673 = ORIENTED_EDGE ( 'NONE', *, *, #33, .T. ) ;
#1674 = CIRCLE ( 'NONE', #1724, 1.700000000000007061 ) ;
#1675 = EDGE_CURVE ( 'NONE', #531, #559, #842, .T. ) ;
#1676 = CIRCLE ( 'NONE', #249, 4.500000000000003553 ) ;
#1677 = EDGE_CURVE ( 'NONE', #1521, #1764, #2165, .T. ) ;
#1678 = EDGE_LOOP ( 'NONE', ( #676, #911, #2023, #2824, #1686 ) ) ;
#1679 = CARTESIAN_POINT ( 'NONE',  ( 122.3586593486218135, -140.4194928209240061, 111.1061354002890056 ) ) ;
#1680 = CARTESIAN_POINT ( 'NONE',  ( 147.6948783421452163, -140.4194928209240061, 117.6643259181417989 ) ) ;
#1681 = LINE ( 'NONE', #2854, #718 ) ;
#1682 = CARTESIAN_POINT ( 'NONE',  ( 173.0755671827859885, -128.2706317463573953, 111.1061353981270088 ) ) ;
#1683 = DIRECTION ( 'NONE',  ( -3.440092821394299955E-15, 1.000000000000000000, -3.403587628962950227E-15 ) ) ;
#1684 = EDGE_LOOP ( 'NONE', ( #166, #511, #1173, #833, #1536 ) ) ;
#1685 = CARTESIAN_POINT ( 'NONE',  ( 145.7948783421406063, -116.5307771246485942, 113.9014131133686050 ) ) ;
#1686 = ORIENTED_EDGE ( 'NONE', *, *, #1178, .T. ) ;
#1687 = DIRECTION ( 'NONE',  ( 1.000000000000000000, 0.000000000000000000, 0.000000000000000000 ) ) ;
#1688 = EDGE_CURVE ( 'NONE', #2875, #2589, #62, .T. ) ;
#1689 = ORIENTED_EDGE ( 'NONE', *, *, #60, .F. ) ;
#1690 = ORIENTED_EDGE ( 'NONE', *, *, #45, .F. ) ;
#1691 = EDGE_LOOP ( 'NONE', ( #1247, #1015, #2646, #2237 ) ) ;
#1692 = CARTESIAN_POINT ( 'NONE',  ( 128.0533783421450096, -130.8294928209240027, 110.7643259181415942 ) ) ;
#1693 = CARTESIAN_POINT ( 'NONE',  ( 140.4408263348751973, -123.6944928209239976, 117.2313742846220066 ) ) ;
#1694 = FACE_OUTER_BOUND ( 'NONE', #2731, .T. ) ;
#1695 = VECTOR ( 'NONE', #298, 1000.000000000000000 ) ;
#1696 = CARTESIAN_POINT ( 'NONE',  ( 125.9448783421450173, -130.8294928209240027, 111.1643259181415999 ) ) ;
#1697 = CARTESIAN_POINT ( 'NONE',  ( 125.9017040760634956, -135.3497883157623107, 114.9401777596032588 ) ) ;
#1698 = ORIENTED_EDGE ( 'NONE', *, *, #858, .T. ) ;
#1699 = CARTESIAN_POINT ( 'NONE',  ( 169.4448783421449889, -130.8294928209240027, 117.2643259181415942 ) ) ;
#1700 = ORIENTED_EDGE ( 'NONE', *, *, #2024, .F. ) ;
#1701 = CARTESIAN_POINT ( 'NONE',  ( 169.4448783421449889, -130.8294928209240027, 111.1643259181415999 ) ) ;
#1702 = ADVANCED_FACE ( 'NONE', ( #552 ), #2440, .F. ) ;
#1703 = DIRECTION ( 'NONE',  ( -1.000000000000000000, 0.000000000000000000, 0.000000000000000000 ) ) ;
#1704 = CARTESIAN_POINT ( 'NONE',  ( 134.2171133453900040, -140.4194928209240061, 103.6640621592554083 ) ) ;
#1705 = ORIENTED_EDGE ( 'NONE', *, *, #1558, .F. ) ;
#1706 = LINE ( 'NONE', #2633, #332 ) ;
#1707 = AXIS2_PLACEMENT_3D ( 'NONE', #2502, #416, #2764 ) ;
#1708 = CARTESIAN_POINT ( 'NONE',  ( 160.1768364872664847, -119.4194928210632014, 114.2144502228033929 ) ) ;
#1709 = CARTESIAN_POINT ( 'NONE',  ( 161.2171132998454937, -140.4194928209240061, 117.6643259181417989 ) ) ;
#1710 = VECTOR ( 'NONE', #151, 1000.000000000000114 ) ;
#1711 = CARTESIAN_POINT ( 'NONE',  ( 124.2539319648244742, -134.9995416244169917, 113.4998475272194298 ) ) ;
#1712 = EDGE_CURVE ( 'NONE', #2500, #2783, #1282, .T. ) ;
#1713 = DIRECTION ( 'NONE',  ( -0.7071067811865540120, -1.420936952397279984E-15, -0.7071067811865410224 ) ) ;
#1714 = CARTESIAN_POINT ( 'NONE',  ( 160.1768364872664847, -123.4194853061869992, 114.2144502228033929 ) ) ;
#1715 = CLOSED_SHELL ( 'NONE', ( #1265, #2816, #2849, #78, #742, #487, #1395, #175, #1773, #2043, #1798, #24, #288, #1726, #1129, #183, #1042, #808, #2955, #1858, #547, #2586, #1305, #573, #1944, #1494, #2362, #2209, #1483, #1177, #3046, #2539, #567, #953, #2171, #907, #228, #2627, #712, #2636, #2239, #1774, #1314, #2779, #1635, #437, #1733, #488, #2115, #2965, #1442, #623, #1324, #2181, #610, #524, #2134, #1444, #1952, #1524, #2136, #1826, #1020, #967, #1800, #2267, #2925, #941, #2638, #2621, #2550, #2657, #2906, #1666, #2572, #2991, #412, #2597, #2532, #1076, #98, #2552, #2950, #2587, #769, #1702, #1191, #2832, #1224, #2305, #1231 ) ) ;
#1716 = LINE ( 'NONE', #2662, #49 ) ;
#1717 = AXIS2_PLACEMENT_3D ( 'NONE', #1012, #2624, #1509 ) ;
#1718 = CARTESIAN_POINT ( 'NONE',  ( 147.6948783421405835, -126.3307771246486055, 113.9014131133686050 ) ) ;
#1719 = VECTOR ( 'NONE', #852, 1000.000000000000114 ) ;
#1720 = ORIENTED_EDGE ( 'NONE', *, *, #1277, .F. ) ;
#1721 = ORIENTED_EDGE ( 'NONE', *, *, #1558, .T. ) ;
#1722 = CARTESIAN_POINT ( 'NONE',  ( 134.2171133453901746, -119.8694928209240089, 117.6643259181415999 ) ) ;
#1723 = FACE_OUTER_BOUND ( 'NONE', #896, .T. ) ;
#1724 = AXIS2_PLACEMENT_3D ( 'NONE', #2776, #1364, #923 ) ;
#1725 = AXIS2_PLACEMENT_3D ( 'NONE', #453, #14, #222 ) ;
#1726 = ADVANCED_FACE ( 'NONE', ( #806 ), #2853, .F. ) ;
#1727 = DIRECTION ( 'NONE',  ( 1.000000000000000000, 0.000000000000000000, -1.126208581372321878E-16 ) ) ;
#1728 = CARTESIAN_POINT ( 'NONE',  ( 147.7171133226179904, -128.3751349727861850, 111.1643295077162037 ) ) ;
#1729 = CARTESIAN_POINT ( 'NONE',  ( 129.7288921227868173, -133.2687999103528682, 116.9256088266945426 ) ) ;
#1730 = CARTESIAN_POINT ( 'NONE',  ( 166.7352174134738902, -127.2352829948939785, 116.5314496894799561 ) ) ;
#1731 = PLANE ( 'NONE',  #2472 ) ;
#1732 = VERTEX_POINT ( 'NONE', #759 ) ;
#1733 = ADVANCED_FACE ( 'NONE', ( #2221 ), #1941, .T. ) ;
#1734 = DIRECTION ( 'NONE',  ( 1.000000000000000000, 0.000000000000000000, 0.000000000000000000 ) ) ;
#1735 = CARTESIAN_POINT ( 'NONE',  ( 158.4768364872664961, -119.4194928210632014, 114.2144502228033929 ) ) ;
#1736 = ORIENTED_EDGE ( 'NONE', *, *, #26, .F. ) ;
#1737 = VERTEX_POINT ( 'NONE', #319 ) ;
#1738 = EDGE_LOOP ( 'NONE', ( #3012, #1077, #1950, #141, #1533 ) ) ;
#1739 = DIRECTION ( 'NONE',  ( 0.7071067811865969777, -8.683284873122109488E-17, 0.7071067811864980568 ) ) ;
#1740 = CARTESIAN_POINT ( 'NONE',  ( 166.1044678034402864, -133.8447006810357607, 116.7835795186105514 ) ) ;
#1741 = ORIENTED_EDGE ( 'NONE', *, *, #624, .F. ) ;
#1742 = CARTESIAN_POINT ( 'NONE',  ( 146.2448783421444034, -116.3307771246483924, 117.2643259181415942 ) ) ;
#1743 = FACE_OUTER_BOUND ( 'NONE', #2179, .T. ) ;
#1744 = CARTESIAN_POINT ( 'NONE',  ( 129.4078850643995509, -133.7026431627308511, 116.8124176314892395 ) ) ;
#1745 = VECTOR ( 'NONE', #2290, 1000.000000000000000 ) ;
#1746 = CARTESIAN_POINT ( 'NONE',  ( 130.4448780872231737, -130.8295253205115785, 117.1465554922913981 ) ) ;
#1747 = FACE_OUTER_BOUND ( 'NONE', #864, .T. ) ;
#1748 = PRODUCT_DEFINITION_FORMATION_WITH_SPECIFIED_SOURCE ( 'ANY', '', #1379, .NOT_KNOWN. ) ;
#1749 = DIRECTION ( 'NONE',  ( 0.000000000000000000, 1.777619882654805179E-15, 1.000000000000000000 ) ) ;
#1750 = CARTESIAN_POINT ( 'NONE',  ( 134.2171133453900040, -140.4194928209240061, 103.6640621592554083 ) ) ;
#1751 = EDGE_LOOP ( 'NONE', ( #1633, #968, #1309, #2182, #31 ) ) ;
#1752 = EDGE_LOOP ( 'NONE', ( #832, #428, #1195, #1673 ) ) ;
#1753 = EDGE_CURVE ( 'NONE', #2128, #2590, #2203, .T. ) ;
#1754 = CARTESIAN_POINT ( 'NONE',  ( 143.0338305522929829, -116.3307771246486055, 113.5423530010649955 ) ) ;
#1755 = CARTESIAN_POINT ( 'NONE',  ( 149.3948783421406006, -116.7307771246486112, 113.9014131133686050 ) ) ;
#1756 = ORIENTED_EDGE ( 'NONE', *, *, #2531, .F. ) ;
#1757 = CARTESIAN_POINT ( 'NONE',  ( 169.4448783421449889, -130.8294928209240027, 111.1643259181415999 ) ) ;
#1758 = CIRCLE ( 'NONE', #1454, 3.000000000000002665 ) ;
#1759 = DIRECTION ( 'NONE',  ( 1.000000000000000000, -1.126208581372299938E-16, -3.355042688683229948E-30 ) ) ;
#1760 = CARTESIAN_POINT ( 'NONE',  ( 127.3472630069837095, -135.1064440973161425, 115.8636466495654105 ) ) ;
#1761 = VECTOR ( 'NONE', #1200, 1000.000000000000000 ) ;
#1762 = EDGE_CURVE ( 'NONE', #828, #2201, #94, .T. ) ;
#1763 = DIRECTION ( 'NONE',  ( 1.126208581372299938E-16, 1.000000000000000000, -3.080613658162890380E-15 ) ) ;
#1764 = VERTEX_POINT ( 'NONE', #2394 ) ;
#1765 = CIRCLE ( 'NONE', #2951, 2.108499999999999375 ) ;
#1766 = ORIENTED_EDGE ( 'NONE', *, *, #2089, .F. ) ;
#1767 = VECTOR ( 'NONE', #483, 1000.000000000000000 ) ;
#1768 = EDGE_LOOP ( 'NONE', ( #1437, #1256, #2283, #74, #883, #1925 ) ) ;
#1769 = CARTESIAN_POINT ( 'NONE',  ( 150.1533783421450039, -130.7794928209240197, 117.4643259181417960 ) ) ;
#1770 = VECTOR ( 'NONE', #2930, 1000.000000000000000 ) ;
#1771 = LINE ( 'NONE', #2022, #538 ) ;
#1772 = ORIENTED_EDGE ( 'NONE', *, *, #1991, .T. ) ;
#1773 = ADVANCED_FACE ( 'NONE', ( #274, #1222 ), #535, .T. ) ;
#1774 = ADVANCED_FACE ( 'NONE', ( #1930 ), #1019, .T. ) ;
#1775 = DIRECTION ( 'NONE',  ( -3.449842705759640286E-15, -1.000000000000000000, 1.777619882654805179E-15 ) ) ;
#1776 = CARTESIAN_POINT ( 'NONE',  ( 126.7347652463924277, -126.4005290789251319, 115.4971556321267059 ) ) ;
#1777 = CARTESIAN_POINT ( 'NONE',  ( 135.1768364872676216, -119.4194928209239919, 114.2143259181413981 ) ) ;
#1778 = CARTESIAN_POINT ( 'NONE',  ( 173.0633753409670419, -140.3807291981473782, 111.1255622953649578 ) ) ;
#1779 = DIRECTION ( 'NONE',  ( -1.000000000000000000, 1.126208581372295993E-16, -2.060936357395519941E-16 ) ) ;
#1780 = CARTESIAN_POINT ( 'NONE',  ( 173.0755671827865001, -119.8694928209240089, 111.1061353981270088 ) ) ;
#1781 =( NAMED_UNIT ( * ) SI_UNIT ( $, .STERADIAN. ) SOLID_ANGLE_UNIT ( ) );
#1782 = VERTEX_POINT ( 'NONE', #367 ) ;
#1783 = VERTEX_POINT ( 'NONE', #882 ) ;
#1784 = DIRECTION ( 'NONE',  ( 0.000000000000000000, -0.7071067811865799912, 0.7071067811865150432 ) ) ;
#1785 = DIRECTION ( 'NONE',  ( -0.7745092898762918621, -0.4472892575813363636, -0.4472892575813318672 ) ) ;
#1786 = EDGE_LOOP ( 'NONE', ( #1128, #710 ) ) ;
#1787 = DIRECTION ( 'NONE',  ( 0.7071067811865470176, -2.741831519122640287E-15, -0.7071067811865480168 ) ) ;
#1788 = B_SPLINE_CURVE_WITH_KNOTS ( 'NONE', 3,
 ( #544, #2923, #307, #159, #557, #1965, #1478, #781, #1271, #2908, #2211, #2861, #512, #527, #2689, #2464, #2400, #1461, #797, #1730, #342, #56, #1228, #1290, #2164, #999, #2876, #766, #2784, #683, #1376, #1869, #636, #2321, #1617, #420, #2548, #1602, #1586, #2534, #2581, #1853, #407, #884, #202, #1822, #2769, #2335, #667, #1390, #2104, #1136, #2301, #434, #3032, #1153, #2566, #1165 ),
 .UNSPECIFIED., .F., .F.,
 ( 4, 2, 2, 2, 2, 2, 1, 1, 2, 2, 2, 2, 1, 2, 2, 2, 2, 1, 1, 2, 2, 2, 2, 1, 1, 1, 2, 2, 2, 1, 1, 2, 2, 4 ),
 ( 0.000000000000000000, 0.06250000000006337986, 0.09375000000009250933, 0.1250000000001216527, 0.1875000000001821321, 0.2187500000002097211, 0.2343750000002253198, 0.2421875000002312317, 0.2460937500002325917, 0.2500000000002339795, 0.3125000000001947886, 0.3437500000001732503, 0.3593750000001624811, 0.3671875000001562084, 0.3750000000001498801, 0.4375000000001151301, 0.4687500000000996425, 0.4843750000000920375, 0.4921875000000887068, 0.4960937500000895950, 0.5000000000000903722, 0.6250000000000619504, 0.6875000000000452971, 0.7187500000000373035, 0.7343750000000361933, 0.7421875000000365263, 0.7460937500000367484, 0.7500000000000368594, 0.8125000000000218714, 0.8437500000000133227, 0.8593750000000072164, 0.8671875000000058842, 0.8750000000000045519, 1.000000000000000000 ),
 .UNSPECIFIED. ) ;
#1789 = CARTESIAN_POINT ( 'NONE',  ( 126.7462606651225059, -126.4025903445245262, 115.5044196720643441 ) ) ;
#1790 = PLANE ( 'NONE',  #817 ) ;
#1791 = CARTESIAN_POINT ( 'NONE',  ( 173.0755671827859885, -140.3613023009094150, 111.1061353981270088 ) ) ;
#1792 = EDGE_CURVE ( 'NONE', #1802, #699, #1192, .T. ) ;
#1793 = DIRECTION ( 'NONE',  ( 0.000000000000000000, -1.777619882654805179E-15, -1.000000000000000000 ) ) ;
#1794 = ADVANCED_BREP_SHAPE_REPRESENTATION ( 'Sherpa_Mini_Mount', ( #510, #1014 ), #615 ) ;
#1795 = CARTESIAN_POINT ( 'NONE',  ( 132.1768364872675932, -119.4194928209239919, 114.2143259181413981 ) ) ;
#1796 = DIRECTION ( 'NONE',  ( -1.000000000000000000, 0.000000000000000000, 0.000000000000000000 ) ) ;
#1797 = VERTEX_POINT ( 'NONE', #156 ) ;
#1798 = ADVANCED_FACE ( 'NONE', ( #582 ), #696, .F. ) ;
#1799 = ORIENTED_EDGE ( 'NONE', *, *, #191, .T. ) ;
#1800 = ADVANCED_FACE ( 'NONE', ( #2715 ), #417, .T. ) ;
#1801 = FACE_OUTER_BOUND ( 'NONE', #1552, .T. ) ;
#1802 = VERTEX_POINT ( 'NONE', #1584 ) ;
#1803 = DIRECTION ( 'NONE',  ( 1.000000000000000000, -1.126208581372295993E-16, 2.060936357395519941E-16 ) ) ;
#1804 = VERTEX_POINT ( 'NONE', #2520 ) ;
#1805 = EDGE_LOOP ( 'NONE', ( #900, #1821 ) ) ;
#1806 = DIRECTION ( 'NONE',  ( -1.000000000000000000, 0.000000000000000000, 0.000000000000000000 ) ) ;
#1807 = CARTESIAN_POINT ( 'NONE',  ( 123.1311265241521937, -127.3176074079461984, 112.2146245850149313 ) ) ;
#1808 = DIRECTION ( 'NONE',  ( -2.023546937953664908E-15, -1.000000000000000000, 1.999519946156385095E-15 ) ) ;
#1809 = FACE_OUTER_BOUND ( 'NONE', #1768, .T. ) ;
#1810 = DIRECTION ( 'NONE',  ( -1.000000000000000000, 1.126208581372270109E-16, 0.000000000000000000 ) ) ;
#1811 = VECTOR ( 'NONE', #698, 1000.000000000000000 ) ;
#1812 = EDGE_CURVE ( 'NONE', #1510, #1521, #405, .T. ) ;
#1813 = EDGE_CURVE ( 'NONE', #1656, #2869, #1922, .T. ) ;
#1814 = VECTOR ( 'NONE', #2046, 1000.000000000000000 ) ;
#1815 = DIRECTION ( 'NONE',  ( 0.3778731135162356480, -0.6546800402034343991, 0.6546800402034383959 ) ) ;
#1816 = CIRCLE ( 'NONE', #192, 2.658500000000008079 ) ;
#1817 = ORIENTED_EDGE ( 'NONE', *, *, #2151, .F. ) ;
#1818 = DIRECTION ( 'NONE',  ( 1.414213562373113605E-15, 0.7071067811865490160, 0.7071067811865461294 ) ) ;
#1819 = VERTEX_POINT ( 'NONE', #2004 ) ;
#1820 = CARTESIAN_POINT ( 'NONE',  ( 145.9948783421405949, -126.3307771246486055, 113.9014131133686050 ) ) ;
#1821 = ORIENTED_EDGE ( 'NONE', *, *, #1435, .F. ) ;
#1822 = CARTESIAN_POINT ( 'NONE',  ( 171.1763871800118011, -126.6759378876992628, 113.5038066069235612 ) ) ;
#1823 = VECTOR ( 'NONE', #1713, 1000.000000000000000 ) ;
#1824 = CARTESIAN_POINT ( 'NONE',  ( 129.3130196822873756, -127.8458318704369674, 116.7773147912660079 ) ) ;
#1825 = CARTESIAN_POINT ( 'NONE',  ( 171.3533783421450210, -130.8294928209240027, 117.4643259181415971 ) ) ;
#1826 = ADVANCED_FACE ( 'NONE', ( #168 ), #354, .F. ) ;
#1827 = VECTOR ( 'NONE', #2456, 1000.000000000000000 ) ;
#1828 = ORIENTED_EDGE ( 'NONE', *, *, #1961, .T. ) ;
#1829 = LINE ( 'NONE', #2029, #1814 ) ;
#1830 = LINE ( 'NONE', #657, #346 ) ;
#1831 = AXIS2_PLACEMENT_3D ( 'NONE', #1917, #1624, #1445 ) ;
#1832 = AXIS2_PLACEMENT_3D ( 'NONE', #2831, #1419, #1526 ) ;
#1833 = FACE_BOUND ( 'NONE', #225, .T. ) ;
#1834 = EDGE_CURVE ( 'NONE', #2488, #2392, #2271, .T. ) ;
#1835 = ORIENTED_EDGE ( 'NONE', *, *, #2398, .T. ) ;
#1836 = VERTEX_POINT ( 'NONE', #1755 ) ;
#1837 = DIRECTION ( 'NONE',  ( 2.060936357395554947E-16, -3.080613658162890380E-15, -1.000000000000000000 ) ) ;
#1838 = CARTESIAN_POINT ( 'NONE',  ( 136.8768364872676102, -119.4194853061872124, 114.2143259181413981 ) ) ;
#1839 = EDGE_LOOP ( 'NONE', ( #772, #300, #2701, #2787, #2648 ) ) ;
#1840 = DIRECTION ( 'NONE',  ( 0.7071067811865391350, -8.683284873098230422E-17, 0.7071067811865560104 ) ) ;
#1841 = CARTESIAN_POINT ( 'NONE',  ( 126.2284751521707591, -126.3374763192546197, 115.1621512558447193 ) ) ;
#1842 = DIRECTION ( 'NONE',  ( 0.9999811603206388844, -2.011235116593586997E-15, 0.006138322554965862203 ) ) ;
#1843 = CYLINDRICAL_SURFACE ( 'NONE', #831, 3.000000000000002665 ) ;
#1844 = DIRECTION ( 'NONE',  ( 0.000000000000000000, -1.777619882654805179E-15, -1.000000000000000000 ) ) ;
#1845 = LINE ( 'NONE', #645, #2113 ) ;
#1846 = AXIS2_PLACEMENT_3D ( 'NONE', #886, #655, #857 ) ;
#1847 = ORIENTED_EDGE ( 'NONE', *, *, #340, .F. ) ;
#1848 = ORIENTED_EDGE ( 'NONE', *, *, #1005, .F. ) ;
#1849 = DIRECTION ( 'NONE',  ( 1.000000000000000000, 0.000000000000000000, 0.000000000000000000 ) ) ;
#1850 = LINE ( 'NONE', #430, #700 ) ;
#1851 = EDGE_CURVE ( 'NONE', #1117, #2941, #2417, .T. ) ;
#1852 = EDGE_LOOP ( 'NONE', ( #1865, #1987 ) ) ;
#1853 = CARTESIAN_POINT ( 'NONE',  ( 170.8445733161676685, -126.5499408853516456, 113.8304227736178973 ) ) ;
#1854 = CARTESIAN_POINT ( 'NONE',  ( 168.4276252750314313, -135.2187105594099705, 115.6682125566086938 ) ) ;
#1855 = DIRECTION ( 'NONE',  ( -0.3781471975159389487, 0.6546009078098239398, 0.6546009078097859701 ) ) ;
#1856 = PLANE ( 'NONE',  #1661 ) ;
#1857 = CARTESIAN_POINT ( 'NONE',  ( 125.9448783421450173, -130.8294928209240027, 111.1643259181415999 ) ) ;
#1858 = ADVANCED_FACE ( 'NONE', ( #2503 ), #1100, .T. ) ;
#1859 = DIRECTION ( 'NONE',  ( 1.000000000000000000, -2.000000000730910155E-15, 0.000000000000000000 ) ) ;
#1860 = VECTOR ( 'NONE', #1054, 1000.000000000000000 ) ;
#1861 = SHAPE_DEFINITION_REPRESENTATION ( #2561, #1794 ) ;
#1862 = VERTEX_POINT ( 'NONE', #2038 ) ;
#1863 = ORIENTED_EDGE ( 'NONE', *, *, #2986, .T. ) ;
#1864 = EDGE_CURVE ( 'NONE', #1062, #1964, #2977, .T. ) ;
#1865 = ORIENTED_EDGE ( 'NONE', *, *, #1360, .F. ) ;
#1866 = LINE ( 'NONE', #2793, #2255 ) ;
#1867 = ORIENTED_EDGE ( 'NONE', *, *, #2045, .T. ) ;
#1868 = ORIENTED_EDGE ( 'NONE', *, *, #2470, .F. ) ;
#1869 = CARTESIAN_POINT ( 'NONE',  ( 168.4564558968843357, -126.4397711377764324, 115.6477223444177724 ) ) ;
#1870 = CARTESIAN_POINT ( 'NONE',  ( 166.5385220810794067, -134.2672785796229675, 116.6140345983131112 ) ) ;
#1871 = CARTESIAN_POINT ( 'NONE',  ( 143.6436875648890066, -114.7377678665367995, 115.6713166600300013 ) ) ;
#1872 = EDGE_CURVE ( 'NONE', #1797, #317, #867, .T. ) ;
#1873 = VECTOR ( 'NONE', #1045, 1000.000000000000114 ) ;
#1874 = CARTESIAN_POINT ( 'NONE',  ( 147.6948783421452163, -130.7794928209240197, 117.4643259181417960 ) ) ;
#1875 = CARTESIAN_POINT ( 'NONE',  ( 145.9948783421405949, -126.3307771246486055, 113.9014131133686050 ) ) ;
#1876 = AXIS2_PLACEMENT_3D ( 'NONE', #1115, #384, #184 ) ;
#1877 = CARTESIAN_POINT ( 'NONE',  ( 164.9448783421449889, -130.8294928209240027, 117.1589186399969975 ) ) ;
#1878 = VECTOR ( 'NONE', #2803, 1000.000000000000000 ) ;
#1879 = VERTEX_POINT ( 'NONE', #1299 ) ;
#1880 = ORIENTED_EDGE ( 'NONE', *, *, #893, .T. ) ;
#1881 = DIRECTION ( 'NONE',  ( 0.000000000000000000, 2.000000000000000155E-15, 1.000000000000000000 ) ) ;
#1882 = ORIENTED_EDGE ( 'NONE', *, *, #1093, .F. ) ;
#1883 = CARTESIAN_POINT ( 'NONE',  ( 169.4448783421449889, -130.8294928209240027, 110.7643259181415942 ) ) ;
#1884 = PLANE ( 'NONE',  #2391 ) ;
#1885 = CARTESIAN_POINT ( 'NONE',  ( 168.7193431165247546, -135.2694374119735414, 115.4845684454875538 ) ) ;
#1886 = LINE ( 'NONE', #2395, #2932 ) ;
#1887 = FACE_OUTER_BOUND ( 'NONE', #229, .T. ) ;
#1888 = PLANE ( 'NONE',  #1832 ) ;
#1889 = DIRECTION ( 'NONE',  ( -1.000000000000000000, 0.000000000000000000, 0.000000000000000000 ) ) ;
#1890 = ORIENTED_EDGE ( 'NONE', *, *, #116, .T. ) ;
#1891 = ORIENTED_EDGE ( 'NONE', *, *, #1542, .F. ) ;
#1892 = EDGE_CURVE ( 'NONE', #2733, #110, #1293, .T. ) ;
#1893 = VECTOR ( 'NONE', #717, 1000.000000000000000 ) ;
#1894 = ORIENTED_EDGE ( 'NONE', *, *, #1641, .T. ) ;
#1895 = CARTESIAN_POINT ( 'NONE',  ( 122.5508943902813996, -134.1694928209240345, 110.7643259181415942 ) ) ;
#1896 = CARTESIAN_POINT ( 'NONE',  ( 171.6469006498483338, -134.7554563010048412, 113.0045157657586827 ) ) ;
#1897 = CARTESIAN_POINT ( 'NONE',  ( 173.0388486260299885, -133.5375137954643776, 111.1643259181415999 ) ) ;
#1898 = VECTOR ( 'NONE', #1986, 1000.000000000000000 ) ;
#1899 = DIRECTION ( 'NONE',  ( -1.126208574062001857E-16, -1.000000000000000000, -1.491260498375601938E-16 ) ) ;
#1900 = CARTESIAN_POINT ( 'NONE',  ( 173.0637117672823706, -133.4379719525544203, 111.1250291246752369 ) ) ;
#1901 = DIRECTION ( 'NONE',  ( -1.126208574062001857E-16, -1.000000000000000000, -1.491260498375601938E-16 ) ) ;
#1902 = DIRECTION ( 'NONE',  ( -2.000000000000000155E-15, -1.000000000000000000, 1.777619845810184909E-15 ) ) ;
#1903 = EDGE_CURVE ( 'NONE', #2559, #531, #1771, .T. ) ;
#1904 = EDGE_CURVE ( 'NONE', #441, #2144, #1535, .T. ) ;
#1905 = CIRCLE ( 'NONE', #2008, 2.258499999999996621 ) ;
#1906 = ORIENTED_EDGE ( 'NONE', *, *, #116, .F. ) ;
#1907 = ORIENTED_EDGE ( 'NONE', *, *, #762, .F. ) ;
#1908 = CIRCLE ( 'NONE', #2066, 3.000000000000002665 ) ;
#1909 = VERTEX_POINT ( 'NONE', #139 ) ;
#1910 = ORIENTED_EDGE ( 'NONE', *, *, #2781, .T. ) ;
#1911 = DIRECTION ( 'NONE',  ( 0.000000000000000000, -1.777619882654805179E-15, -1.000000000000000000 ) ) ;
#1912 = DIRECTION ( 'NONE',  ( -0.5001057476828271176, 2.731849637018275456E-15, 0.8659643417223370498 ) ) ;
#1913 = CYLINDRICAL_SURFACE ( 'NONE', #1254, 1.700000000000007061 ) ;
#1914 = VECTOR ( 'NONE', #1929, 1000.000000000000114 ) ;
#1915 = DIRECTION ( 'NONE',  ( 0.000000000000000000, -1.000000000000000000, 1.777619882654805179E-15 ) ) ;
#1916 = EDGE_CURVE ( 'NONE', #2914, #47, #632, .T. ) ;
#1917 = CARTESIAN_POINT ( 'NONE',  ( 169.4448783421449889, -130.8294928209240027, 111.1643259181415999 ) ) ;
#1918 =( BOUNDED_CURVE ( )  B_SPLINE_CURVE ( 3, ( #880, #1355, #1328, #629 ),
 .UNSPECIFIED., .F., .T. ) 
 B_SPLINE_CURVE_WITH_KNOTS ( ( 4, 4 ),
 ( 3.132489338433634973, 3.150695968745850006 ),
 .UNSPECIFIED. ) 
 CURVE ( )  GEOMETRIC_REPRESENTATION_ITEM ( )  RATIONAL_B_SPLINE_CURVE ( ( 1.000000000000000000, 0.9999723767418190468, 0.9999723767418190468, 1.000000000000000000 ) ) 
 REPRESENTATION_ITEM ( '' )  );
#1919 = AXIS2_PLACEMENT_3D ( 'NONE', #2033, #862, #2726 ) ;
#1920 = EDGE_LOOP ( 'NONE', ( #347, #1174, #2734, #1835, #1353, #2102, #2591, #1766, #1401, #41 ) ) ;
#1921 = CARTESIAN_POINT ( 'NONE',  ( 125.9448783421450173, -130.8294928209240027, 117.2643259181417932 ) ) ;
#1922 = CIRCLE ( 'NONE', #490, 4.500000000000003553 ) ;
#1923 = ORIENTED_EDGE ( 'NONE', *, *, #26, .T. ) ;
#1924 = DIRECTION ( 'NONE',  ( 0.000000000000000000, 1.000000000000000000, -1.999664450567655061E-15 ) ) ;
#1925 = ORIENTED_EDGE ( 'NONE', *, *, #914, .F. ) ;
#1926 = EDGE_LOOP ( 'NONE', ( #1330, #680, #258, #1537 ) ) ;
#1927 = EDGE_CURVE ( 'NONE', #616, #2649, #2270, .T. ) ;
#1928 = ORIENTED_EDGE ( 'NONE', *, *, #624, .T. ) ;
#1929 = DIRECTION ( 'NONE',  ( 0.7071067811865460184, -1.493611291757511880E-15, -0.7071067811865489050 ) ) ;
#1930 = FACE_OUTER_BOUND ( 'NONE', #2315, .T. ) ;
#1931 = CARTESIAN_POINT ( 'NONE',  ( 160.1768364872664847, -123.4194853061869992, 114.2144502228033929 ) ) ;
#1932 = DIRECTION ( 'NONE',  ( 0.3780558345608743265, -0.6546272931808158058, -0.6546272931808138074 ) ) ;
#1933 = LINE ( 'NONE', #751, #2771 ) ;
#1934 = EDGE_LOOP ( 'NONE', ( #448, #2234, #2485, #1976, #3015 ) ) ;
#1935 = DIRECTION ( 'NONE',  ( 1.993453135111564957E-15, 1.000000000000000000, -1.777660070180335343E-15 ) ) ;
#1936 = ORIENTED_EDGE ( 'NONE', *, *, #2721, .T. ) ;
#1937 = CARTESIAN_POINT ( 'NONE',  ( 144.6358480295970139, -115.9352584237665980, 111.5598446190236075 ) ) ;
#1938 = DIRECTION ( 'NONE',  ( 0.000000000000000000, 1.000000000000000000, -3.080613658162890380E-15 ) ) ;
#1939 = VERTEX_POINT ( 'NONE', #1132 ) ;
#1940 = FACE_BOUND ( 'NONE', #1609, .T. ) ;
#1941 = PLANE ( 'NONE',  #1625 ) ;
#1942 = EDGE_CURVE ( 'NONE', #2975, #2941, #254, .T. ) ;
#1943 = AXIS2_PLACEMENT_3D ( 'NONE', #10, #3051, #1209 ) ;
#1944 = ADVANCED_FACE ( 'NONE', ( #2388 ), #2402, .F. ) ;
#1945 = AXIS2_PLACEMENT_3D ( 'NONE', #892, #1323, #2282 ) ;
#1946 = CARTESIAN_POINT ( 'NONE',  ( 122.8399636344751826, -127.5706808665209877, 111.8238184633223824 ) ) ;
#1947 = CARTESIAN_POINT ( 'NONE',  ( 124.2928148559248456, -135.0150663246292027, 113.5390814415472249 ) ) ;
#1948 = CARTESIAN_POINT ( 'NONE',  ( 165.1448783421450059, -130.8294928209240027, 117.4643259181415971 ) ) ;
#1949 = DIRECTION ( 'NONE',  ( -2.060936357395519941E-16, 0.000000000000000000, 1.000000000000000000 ) ) ;
#1950 = ORIENTED_EDGE ( 'NONE', *, *, #2569, .F. ) ;
#1951 = CARTESIAN_POINT ( 'NONE',  ( 130.0448783421450116, -130.8294928209240027, 117.6643259181415999 ) ) ;
#1952 = ADVANCED_FACE ( 'NONE', ( #2140 ), #1204, .F. ) ;
#1953 = EDGE_LOOP ( 'NONE', ( #2077, #2807 ) ) ;
#1954 = ORIENTED_EDGE ( 'NONE', *, *, #893, .F. ) ;
#1955 = DIRECTION ( 'NONE',  ( 7.139365709986580559E-15, 1.000000000000000000, 0.000000000000000000 ) ) ;
#1956 = AXIS2_PLACEMENT_3D ( 'NONE', #2809, #445, #182 ) ;
#1957 = DIRECTION ( 'NONE',  ( 0.000000000000000000, -1.000000000000000000, -1.509898008418525169E-14 ) ) ;
#1958 = CONICAL_SURFACE ( 'NONE', #1412, 13.80026375888609991, 0.7853981633974610466 ) ;
#1959 = CARTESIAN_POINT ( 'NONE',  ( 130.4448783421450173, -130.8294928209240027, 110.7643259181415942 ) ) ;
#1960 = DIRECTION ( 'NONE',  ( -1.000000000000000000, 0.000000000000000000, 0.000000000000000000 ) ) ;
#1961 = EDGE_CURVE ( 'NONE', #820, #2869, #915, .T. ) ;
#1962 = CIRCLE ( 'NONE', #1620, 3.000000000000002665 ) ;
#1963 = CARTESIAN_POINT ( 'NONE',  ( 127.0523456162268303, -135.1904269718507692, 115.6922883316448889 ) ) ;
#1964 = VERTEX_POINT ( 'NONE', #2085 ) ;
#1965 = CARTESIAN_POINT ( 'NONE',  ( 165.1478252911887239, -129.4870137410849509, 117.1012626497523570 ) ) ;
#1966 = ORIENTED_EDGE ( 'NONE', *, *, #2097, .T. ) ;
#1967 = CARTESIAN_POINT ( 'NONE',  ( 140.4408263348751973, -116.7307771246486112, 117.2313742846220066 ) ) ;
#1968 = ORIENTED_EDGE ( 'NONE', *, *, #1318, .F. ) ;
#1969 = AXIS2_PLACEMENT_3D ( 'NONE', #1172, #207, #1159 ) ;
#1970 = CARTESIAN_POINT ( 'NONE',  ( 121.1948783421414078, -119.4194928209239919, 110.7643259181407984 ) ) ;
#1971 = AXIS2_PLACEMENT_3D ( 'NONE', #1550, #2057, #2994 ) ;
#1972 = ORIENTED_EDGE ( 'NONE', *, *, #724, .F. ) ;
#1973 = ORIENTED_EDGE ( 'NONE', *, *, #1623, .T. ) ;
#1974 = FACE_OUTER_BOUND ( 'NONE', #2373, .T. ) ;
#1975 = DIRECTION ( 'NONE',  ( -1.000000000000000000, 0.000000000000000000, 0.000000000000000000 ) ) ;
#1976 = ORIENTED_EDGE ( 'NONE', *, *, #2227, .F. ) ;
#1977 = VECTOR ( 'NONE', #954, 1000.000000000000227 ) ;
#1978 = DIRECTION ( 'NONE',  ( 0.000000000000000000, 1.777619882654805179E-15, 1.000000000000000000 ) ) ;
#1979 = DIRECTION ( 'NONE',  ( 1.000000000000000000, 2.950063347725260263E-15, 0.000000000000000000 ) ) ;
#1980 = CARTESIAN_POINT ( 'NONE',  ( 130.4448623219828391, -131.1046573636409960, 117.1465510813739854 ) ) ;
#1981 = CARTESIAN_POINT ( 'NONE',  ( 148.2510967648973974, -120.5367099249736071, 110.9316494350945987 ) ) ;
#1982 = DIRECTION ( 'NONE',  ( -1.000000000000000000, 0.000000000000000000, 2.950063347725245275E-15 ) ) ;
#1983 = EDGE_CURVE ( 'NONE', #2253, #2518, #2878, .T. ) ;
#1984 = EDGE_CURVE ( 'NONE', #2865, #2347, #743, .T. ) ;
#1985 = DIRECTION ( 'NONE',  ( 1.000000000000000000, 0.000000000000000000, 0.000000000000000000 ) ) ;
#1986 = DIRECTION ( 'NONE',  ( -1.650591889603809915E-15, -1.000000000000000000, 2.157830498458855016E-15 ) ) ;
#1987 = ORIENTED_EDGE ( 'NONE', *, *, #469, .F. ) ;
#1988 = DIRECTION ( 'NONE',  ( 1.414213562372556866E-15, 0.7071067811862774555, -0.7071067811868174680 ) ) ;
#1989 = DIRECTION ( 'NONE',  ( 0.000000000000000000, 2.190929530496220303E-15, 1.000000000000000000 ) ) ;
#1990 = ORIENTED_EDGE ( 'NONE', *, *, #724, .T. ) ;
#1991 = EDGE_CURVE ( 'NONE', #1259, #1345, #395, .T. ) ;
#1992 = CARTESIAN_POINT ( 'NONE',  ( 122.3586593486218135, -128.2086714217844019, 111.1061354002890056 ) ) ;
#1993 = CARTESIAN_POINT ( 'NONE',  ( 145.4363783421450194, -130.7794928209240197, 111.1643259181415999 ) ) ;
#1994 = CARTESIAN_POINT ( 'NONE',  ( 127.9166314964886340, -134.8814012117587993, 116.1688001334294285 ) ) ;
#1995 = CIRCLE ( 'NONE', #665, 3.000000000000002665 ) ;
#1996 = CIRCLE ( 'NONE', #563, 1.700000000000007061 ) ;
#1997 = VERTEX_POINT ( 'NONE', #282 ) ;
#1998 = CARTESIAN_POINT ( 'NONE',  ( 167.7363783421450023, -130.8294928209240027, 110.7558258704579970 ) ) ;
#1999 = DIRECTION ( 'NONE',  ( -1.000000000000000000, 0.000000000000000000, 0.000000000000000000 ) ) ;
#2000 = EDGE_CURVE ( 'NONE', #2389, #240, #1230, .T. ) ;
#2001 = EDGE_CURVE ( 'NONE', #956, #1862, #341, .T. ) ;
#2002 = ORIENTED_EDGE ( 'NONE', *, *, #2228, .T. ) ;
#2003 = DIRECTION ( 'NONE',  ( -1.000000000000000000, 0.000000000000000000, 0.000000000000000000 ) ) ;
#2004 = CARTESIAN_POINT ( 'NONE',  ( 148.6541104725870071, -120.5367099249736071, 111.1643295077162037 ) ) ;
#2005 = B_SPLINE_CURVE_WITH_KNOTS ( 'NONE', 3,
 ( #2396, #2413, #2177, #1946, #2887, #2752, #1807, #1553, #1333, #1571, #2785, #421, #160, #2507, #2042, #2998, #2026, #388, #871, #1359, #1347, #1841, #2275, #2535, #171, #357, #1776, #1789, #2302, #2770, #1539, #2060, #408, #2968, #617, #1302, #1119, #2981, #2289, #189, #1105, #144, #2478, #1085, #885, #1137, #1824, #654, #1587, #2009, #1523, #1067, #637, #2523, #2075, #3019 ),
 .UNSPECIFIED., .F., .F.,
 ( 4, 2, 1, 2, 2, 2, 1, 1, 1, 2, 2, 2, 2, 1, 1, 1, 2, 2, 2, 2, 1, 2, 2, 2, 2, 1, 1, 2, 2, 2, 2, 2, 4 ),
 ( 0.000000000000000000, 0.06250000000001555700, 0.09375000000002334244, 0.1093750000000268952, 0.1250000000000304479, 0.1875000000000533462, 0.2187500000000657530, 0.2343750000000729417, 0.2421875000000765499, 0.2460937500000772715, 0.2500000000000779932, 0.3750000000001026401, 0.4375000000001149636, 0.4687500000001212364, 0.4843750000001234568, 0.4921875000001217360, 0.4960937500001222356, 0.5000000000001227907, 0.5625000000000909273, 0.5937500000000742739, 0.6093750000000632827, 0.6171875000000598410, 0.6250000000000562883, 0.6875000000000074385, 0.7187499999999811262, 0.7343749999999701350, 0.7421874999999673594, 0.7460937499999663602, 0.7499999999999652500, 0.8124999999999825695, 0.8437499999999884537, 0.8749999999999943379, 1.000000000000000000 ),
 .UNSPECIFIED. ) ;
#2006 = ORIENTED_EDGE ( 'NONE', *, *, #134, .F. ) ;
#2007 = CARTESIAN_POINT ( 'NONE',  ( 122.4544854776743819, -119.6980699616571826, 110.9357487774082074 ) ) ;
#2008 = AXIS2_PLACEMENT_3D ( 'NONE', #1582, #1387, #3044 ) ;
#2009 = CARTESIAN_POINT ( 'NONE',  ( 129.8716233379162759, -128.6269328515911639, 116.9730603076124709 ) ) ;
#2010 = CARTESIAN_POINT ( 'NONE',  ( 130.2001969876574776, -132.2988700614443189, 117.0757850574558603 ) ) ;
#2011 = AXIS2_PLACEMENT_3D ( 'NONE', #147, #2985, #906 ) ;
#2012 = CARTESIAN_POINT ( 'NONE',  ( 147.9612839322335844, -120.5367099249736071, 110.7643259181415942 ) ) ;
#2013 = ORIENTED_EDGE ( 'NONE', *, *, #951, .T. ) ;
#2014 = DIRECTION ( 'NONE',  ( -2.086009798106414916E-15, 0.7071067811865455743, -0.7071067811865495711 ) ) ;
#2015 = DIRECTION ( 'NONE',  ( -1.000000000000000000, 0.000000000000000000, 0.000000000000000000 ) ) ;
#2016 = CIRCLE ( 'NONE', #2855, 2.108500000000041119 ) ;
#2017 = AXIS2_PLACEMENT_3D ( 'NONE', #1413, #1471, #35 ) ;
#2018 = EDGE_CURVE ( 'NONE', #990, #1612, #2847, .T. ) ;
#2019 = EDGE_LOOP ( 'NONE', ( #1565, #1049, #214, #756, #2821, #1594, #2631, #2795, #2129, #1036, #1409, #1389, #1101, #470 ) ) ;
#2020 = FACE_OUTER_BOUND ( 'NONE', #2358, .T. ) ;
#2021 = AXIS2_PLACEMENT_3D ( 'NONE', #2299, #650, #2700 ) ;
#2022 = CARTESIAN_POINT ( 'NONE',  ( 124.0363783421449995, -130.8294928209240027, 110.9643259181415971 ) ) ;
#2023 = ORIENTED_EDGE ( 'NONE', *, *, #800, .F. ) ;
#2024 = EDGE_CURVE ( 'NONE', #239, #2632, #1519, .T. ) ;
#2025 = DIRECTION ( 'NONE',  ( -1.000000000000000000, -2.950063347725260263E-15, 8.799331027317239701E-30 ) ) ;
#2026 = CARTESIAN_POINT ( 'NONE',  ( 124.2313583738025500, -126.6684975348984779, 113.4769315840095345 ) ) ;
#2027 = AXIS2_PLACEMENT_3D ( 'NONE', #1124, #163, #2789 ) ;
#2028 = FACE_OUTER_BOUND ( 'NONE', #2707, .T. ) ;
#2029 = CARTESIAN_POINT ( 'NONE',  ( 147.6948783421452163, -140.0194928209240288, 110.7643259181415942 ) ) ;
#2030 = VERTEX_POINT ( 'NONE', #2625 ) ;
#2031 = CARTESIAN_POINT ( 'NONE',  ( 125.9448783421450173, -130.8294928209240027, 110.7643259181415942 ) ) ;
#2032 = EDGE_CURVE ( 'NONE', #1294, #306, #1143, .T. ) ;
#2033 = CARTESIAN_POINT ( 'NONE',  ( 147.6948783421452163, -140.4194928209240061, 114.4643259181415971 ) ) ;
#2034 = LINE ( 'NONE', #427, #1498 ) ;
#2035 = ORIENTED_EDGE ( 'NONE', *, *, #2407, .T. ) ;
#2036 = ORIENTED_EDGE ( 'NONE', *, *, #316, .T. ) ;
#2037 = DIRECTION ( 'NONE',  ( -1.000000000000000000, 0.000000000000000000, 0.000000000000000000 ) ) ;
#2038 = CARTESIAN_POINT ( 'NONE',  ( 124.2363783421450023, -130.8294928209240027, 117.2643259181417932 ) ) ;
#2039 = ORIENTED_EDGE ( 'NONE', *, *, #687, .T. ) ;
#2040 = EDGE_LOOP ( 'NONE', ( #2912, #1278, #3041, #2501, #819, #1643 ) ) ;
#2041 = DIRECTION ( 'NONE',  ( -1.000000000000000000, 0.000000000000000000, 0.000000000000000000 ) ) ;
#2042 = CARTESIAN_POINT ( 'NONE',  ( 124.1979553835788863, -126.6823942306696864, 113.4428212297259080 ) ) ;
#2043 = ADVANCED_FACE ( 'NONE', ( #28 ), #2911, .F. ) ;
#2044 = CARTESIAN_POINT ( 'NONE',  ( 123.4916091777789973, -134.6043633263516597, 112.6640994234677464 ) ) ;
#2045 = EDGE_CURVE ( 'NONE', #1342, #1804, #1850, .T. ) ;
#2046 = DIRECTION ( 'NONE',  ( 1.000000000000000000, -2.000000000000000155E-15, -9.698149732619699885E-47 ) ) ;
#2047 = DIRECTION ( 'NONE',  ( 1.000000000000000000, 0.000000000000000000, 0.000000000000000000 ) ) ;
#2048 = VECTOR ( 'NONE', #1855, 1000.000000000000114 ) ;
#2049 = DIRECTION ( 'NONE',  ( -0.4997884822691730511, -3.206412058252115760E-15, -0.8661474891674492138 ) ) ;
#2050 =( LENGTH_UNIT ( ) NAMED_UNIT ( * ) SI_UNIT ( .MILLI., .METRE. ) );
#2051 = AXIS2_PLACEMENT_3D ( 'NONE', #8, #2593, #1500 ) ;
#2052 = ORIENTED_EDGE ( 'NONE', *, *, #3005, .F. ) ;
#2053 = ORIENTED_EDGE ( 'NONE', *, *, #1044, .F. ) ;
#2054 = CARTESIAN_POINT ( 'NONE',  ( 147.6948783421452163, -130.7794928209240197, 110.7558258704579970 ) ) ;
#2055 = EDGE_CURVE ( 'NONE', #2389, #823, #1001, .T. ) ;
#2056 = EDGE_LOOP ( 'NONE', ( #2836, #1081, #195, #2729, #1135, #925, #385, #2681 ) ) ;
#2057 = DIRECTION ( 'NONE',  ( 0.000000000000000000, 1.000000000000000000, -1.777619882654805179E-15 ) ) ;
#2058 = ORIENTED_EDGE ( 'NONE', *, *, #2496, .T. ) ;
#2059 = PRESENTATION_STYLE_ASSIGNMENT (( #170 ) ) ;
#2060 = CARTESIAN_POINT ( 'NONE',  ( 127.7002003275654261, -126.6847639908796879, 116.0557129818381696 ) ) ;
#2061 = DIRECTION ( 'NONE',  ( -1.000000000000000000, 0.000000000000000000, 0.000000000000000000 ) ) ;
#2062 = CIRCLE ( 'NONE', #627, 2.108499999999999375 ) ;
#2063 = DIRECTION ( 'NONE',  ( -0.8716112653731973303, 8.810711452851572703E-16, -0.4901977173289712164 ) ) ;
#2064 = FACE_OUTER_BOUND ( 'NONE', #1505, .T. ) ;
#2065 = VECTOR ( 'NONE', #2992, 1000.000000000000000 ) ;
#2066 = AXIS2_PLACEMENT_3D ( 'NONE', #2225, #1251, #2191 ) ;
#2067 = CARTESIAN_POINT ( 'NONE',  ( 127.8198783421424025, -119.4194928209239919, 117.2143259181415971 ) ) ;
#2068 = AXIS2_PLACEMENT_3D ( 'NONE', #504, #260, #974 ) ;
#2069 = ORIENTED_EDGE ( 'NONE', *, *, #129, .F. ) ;
#2070 = DIRECTION ( 'NONE',  ( 0.000000000000000000, -1.000000000000000000, 1.999664487579840037E-15 ) ) ;
#2071 = DIRECTION ( 'NONE',  ( 0.000000000000000000, -1.000000000000000000, 1.999664450567655061E-15 ) ) ;
#2072 = ORIENTED_EDGE ( 'NONE', *, *, #1762, .T. ) ;
#2073 = VECTOR ( 'NONE', #1249, 1000.000000000000000 ) ;
#2074 = FACE_BOUND ( 'NONE', #2494, .T. ) ;
#2075 = CARTESIAN_POINT ( 'NONE',  ( 130.4449084267929777, -130.2822653074547361, 117.1465639809309351 ) ) ;
#2076 = DIRECTION ( 'NONE',  ( 0.000000000000000000, 1.814603282406019986E-15, 1.000000000000000000 ) ) ;
#2077 = ORIENTED_EDGE ( 'NONE', *, *, #1851, .T. ) ;
#2078 = CARTESIAN_POINT ( 'NONE',  ( 150.6448783421405153, -122.8910898319120122, 111.1643295077162037 ) ) ;
#2079 = DIRECTION ( 'NONE',  ( -1.000000000000000000, 0.000000000000000000, 0.000000000000000000 ) ) ;
#2080 = VECTOR ( 'NONE', #938, 1000.000000000000114 ) ;
#2081 = DIRECTION ( 'NONE',  ( -1.126208574062001857E-16, -1.000000000000000000, -1.491260498375601938E-16 ) ) ;
#2082 = EDGE_CURVE ( 'NONE', #1819, #1612, #739, .T. ) ;
#2083 = ORIENTED_EDGE ( 'NONE', *, *, #2679, .T. ) ;
#2084 = CARTESIAN_POINT ( 'NONE',  ( 144.3448783421405892, -123.7367099249733968, 117.6643259181415999 ) ) ;
#2085 = CARTESIAN_POINT ( 'NONE',  ( 145.9948783421405949, -116.7307771246486112, 113.9014131133686050 ) ) ;
#2086 = ORIENTED_EDGE ( 'NONE', *, *, #799, .F. ) ;
#2087 = CARTESIAN_POINT ( 'NONE',  ( 147.6948783421452163, -130.7794928209240197, 117.6643259181415999 ) ) ;
#2088 = LINE ( 'NONE', #246, #2511 ) ;
#2089 = EDGE_CURVE ( 'NONE', #2347, #67, #971, .T. ) ;
#2090 = DIRECTION ( 'NONE',  ( 0.000000000000000000, -1.000000000000000000, 1.866850469300580014E-14 ) ) ;
#2091 = ORIENTED_EDGE ( 'NONE', *, *, #1362, .T. ) ;
#2092 = CARTESIAN_POINT ( 'NONE',  ( 161.8768364872665018, -119.4194928210632014, 114.2144502228033929 ) ) ;
#2093 = DIRECTION ( 'NONE',  ( -1.000000000000000000, 0.000000000000000000, 0.000000000000000000 ) ) ;
#2094 = CARTESIAN_POINT ( 'NONE',  ( 169.4448783421449889, -130.8294928209240027, 117.2643259181415942 ) ) ;
#2095 = CONICAL_SURFACE ( 'NONE', #1596, 1.908500000000007413, 0.7853981633974476129 ) ;
#2096 = ORIENTED_EDGE ( 'NONE', *, *, #1753, .T. ) ;
#2097 = EDGE_CURVE ( 'NONE', #1280, #2253, #2154, .T. ) ;
#2098 = MECHANICAL_DESIGN_GEOMETRIC_PRESENTATION_REPRESENTATION (  '', ( #32 ), #1213 ) ;
#2099 = DIRECTION ( 'NONE',  ( 0.000000000000000000, 1.777619882654805179E-15, 1.000000000000000000 ) ) ;
#2100 = EDGE_CURVE ( 'NONE', #2197, #3045, #84, .T. ) ;
#2101 = ORIENTED_EDGE ( 'NONE', *, *, #2000, .T. ) ;
#2102 = ORIENTED_EDGE ( 'NONE', *, *, #454, .T. ) ;
#2103 = ORIENTED_EDGE ( 'NONE', *, *, #866, .F. ) ;
#2104 = CARTESIAN_POINT ( 'NONE',  ( 171.9515872265284600, -127.0901360402313998, 112.6533907138122004 ) ) ;
#2105 = CARTESIAN_POINT ( 'NONE',  ( 169.0469312713732677, -135.3134573833836498, 115.2713959593041011 ) ) ;
#2106 = CARTESIAN_POINT ( 'NONE',  ( 172.8833321446835214, -128.5963256870512055, 110.7643259181415942 ) ) ;
#2107 = CARTESIAN_POINT ( 'NONE',  ( 149.1698783421430221, -123.3367099249733911, 117.2643259181415942 ) ) ;
#2108 = DIRECTION ( 'NONE',  ( 9.746457490355561572E-15, 1.000000000000000000, -1.777619882654810307E-15 ) ) ;
#2109 = CARTESIAN_POINT ( 'NONE',  ( 147.6948783421429994, -120.5367099249736071, 110.7643259181415942 ) ) ;
#2110 = VECTOR ( 'NONE', #2714, 1000.000000000000227 ) ;
#2111 = ORIENTED_EDGE ( 'NONE', *, *, #46, .T. ) ;
#2112 = CARTESIAN_POINT ( 'NONE',  ( 158.4768364872664961, -140.4194928209240061, 114.2144502228033929 ) ) ;
#2113 = VECTOR ( 'NONE', #1579, 1000.000000000000227 ) ;
#2114 = ORIENTED_EDGE ( 'NONE', *, *, #1658, .T. ) ;
#2115 = ADVANCED_FACE ( 'NONE', ( #2448 ), #1013, .F. ) ;
#2116 = ORIENTED_EDGE ( 'NONE', *, *, #2942, .F. ) ;
#2117 = DIRECTION ( 'NONE',  ( -0.3695312730357174780, 0.6570565570210388229, -0.6570565570209769835 ) ) ;
#2118 = CARTESIAN_POINT ( 'NONE',  ( 144.7448783421405949, -120.5367099249736071, 117.6643295077162037 ) ) ;
#2119 = DIRECTION ( 'NONE',  ( -1.126208581372299938E-16, -1.000000000000000000, 1.777619882654805179E-15 ) ) ;
#2120 = CIRCLE ( 'NONE', #2706, 1.700000000000007061 ) ;
#2121 = CIRCLE ( 'NONE', #1035, 1.700000000000007061 ) ;
#2122 = CARTESIAN_POINT ( 'NONE',  ( 147.6948783421452163, -130.7794928209240197, 117.6643259181415999 ) ) ;
#2123 = DIRECTION ( 'NONE',  ( 0.4997884822691730511, 3.206412058252115760E-15, 0.8661474891674492138 ) ) ;
#2124 = VECTOR ( 'NONE', #791, 1000.000000000000000 ) ;
#2125 = CARTESIAN_POINT ( 'NONE',  ( 121.8448783421449946, -130.8294928209240027, 110.7643259181415942 ) ) ;
#2127 = EDGE_CURVE ( 'NONE', #1510, #107, #447, .T. ) ;
#2126 = VECTOR ( 'NONE', #1590, 1000.000000000000000 ) ;
#2128 = VERTEX_POINT ( 'NONE', #1967 ) ;
#2129 = ORIENTED_EDGE ( 'NONE', *, *, #1350, .F. ) ;
#2130 = LINE ( 'NONE', #2838, #1273 ) ;
#2131 = CARTESIAN_POINT ( 'NONE',  ( 127.8198783421424025, -119.4194928209239919, 117.2143259181415971 ) ) ;
#2132 = CARTESIAN_POINT ( 'NONE',  ( 172.2723193917440199, -134.3305336613946679, 112.2544047996670002 ) ) ;
#2133 = DIRECTION ( 'NONE',  ( 1.000000000000000000, -2.000000000000000155E-15, -4.930380657627229365E-32 ) ) ;
#2134 = ADVANCED_FACE ( 'NONE', ( #1046 ), #813, .T. ) ;
#2135 = DIRECTION ( 'NONE',  ( 0.000000000000000000, -1.000000000000000000, 1.999664487579840037E-15 ) ) ;
#2136 = ADVANCED_FACE ( 'NONE', ( #1480, #593 ), #2675, .F. ) ;
#2137 = CARTESIAN_POINT ( 'NONE',  ( 172.7243307141860384, -119.5556897895893940, 111.0781289494762092 ) ) ;
#2138 = ORIENTED_EDGE ( 'NONE', *, *, #1542, .T. ) ;
#2139 = DIRECTION ( 'NONE',  ( -3.461415318997995026E-31, 1.814603282406019986E-15, 1.000000000000000000 ) ) ;
#2140 = FACE_OUTER_BOUND ( 'NONE', #1300, .T. ) ;
#2141 = EDGE_LOOP ( 'NONE', ( #2193, #1698, #2072, #1460 ) ) ;
#2142 = ORIENTED_EDGE ( 'NONE', *, *, #2446, .T. ) ;
#2143 = CIRCLE ( 'NONE', #1846, 4.099999999999992539 ) ;
#2144 = VERTEX_POINT ( 'NONE', #2691 ) ;
#2145 =( NAMED_UNIT ( * ) PLANE_ANGLE_UNIT ( ) SI_UNIT ( $, .RADIAN. ) );
#2146 = CARTESIAN_POINT ( 'NONE',  ( 171.2759766202328535, -134.9402026703299953, 113.4020582380315716 ) ) ;
#2147 = CARTESIAN_POINT ( 'NONE',  ( 134.4448783421433973, -119.6694928209239919, 117.4643259181415971 ) ) ;
#2148 = AXIS2_PLACEMENT_3D ( 'NONE', #1970, #1275, #802 ) ;
#2149 = CARTESIAN_POINT ( 'NONE',  ( 161.2171132914990039, -119.4194928209239919, 117.2143259181413981 ) ) ;
#2150 = CARTESIAN_POINT ( 'NONE',  ( 149.3948783421407995, -123.3367099249736043, 113.9014131133686050 ) ) ;
#2151 = EDGE_CURVE ( 'NONE', #2632, #239, #846, .T. ) ;
#2152 = ORIENTED_EDGE ( 'NONE', *, *, #2286, .T. ) ;
#2153 = CARTESIAN_POINT ( 'NONE',  ( 150.7775335275894975, -125.8069928209239947, 110.7643259181415942 ) ) ;
#2154 = LINE ( 'NONE', #44, #1040 ) ;
#2155 = VERTEX_POINT ( 'NONE', #1496 ) ;
#2156 = AXIS2_PLACEMENT_3D ( 'NONE', #2250, #566, #2424 ) ;
#2157 = ORIENTED_EDGE ( 'NONE', *, *, #873, .F. ) ;
#2158 = VERTEX_POINT ( 'NONE', #2891 ) ;
#2159 = DIRECTION ( 'NONE',  ( 0.000000000000000000, -1.000000000000000000, -1.491260498375601938E-16 ) ) ;
#2160 = CARTESIAN_POINT ( 'NONE',  ( 147.7171132624399945, -123.4194853061869992, 114.2228501013815958 ) ) ;
#2161 = FACE_OUTER_BOUND ( 'NONE', #369, .T. ) ;
#2162 = PLANE ( 'NONE',  #2804 ) ;
#2163 = CARTESIAN_POINT ( 'NONE',  ( 160.1768364872664847, -140.4194928209240061, 114.2144502228033929 ) ) ;
#2164 = CARTESIAN_POINT ( 'NONE',  ( 167.2202453266117743, -126.9192028945175537, 116.3120164703656769 ) ) ;
#2165 = CIRCLE ( 'NONE', #1574, 2.258499999999996621 ) ;
#2166 = ORIENTED_EDGE ( 'NONE', *, *, #2024, .T. ) ;
#2167 = DIRECTION ( 'NONE',  ( 1.000000000000000000, -2.000000000000000155E-15, 4.930380657635409445E-32 ) ) ;
#2168 = DIRECTION ( 'NONE',  ( -1.126208574062001857E-16, -1.000000000000000000, -1.491260498375601938E-16 ) ) ;
#2169 = EDGE_CURVE ( 'NONE', #1345, #1139, #296, .T. ) ;
#2170 = AXIS2_PLACEMENT_3D ( 'NONE', #102, #344, #1544 ) ;
#2171 = ADVANCED_FACE ( 'NONE', ( #1747 ), #1731, .T. ) ;
#2172 = ORIENTED_EDGE ( 'NONE', *, *, #526, .T. ) ;
#2173 = ORIENTED_EDGE ( 'NONE', *, *, #2280, .T. ) ;
#2174 = PLANE ( 'NONE',  #2017 ) ;
#2175 = DIRECTION ( 'NONE',  ( 0.000000000000000000, -1.777619882654805179E-15, -1.000000000000000000 ) ) ;
#2176 = EDGE_CURVE ( 'NONE', #2589, #441, #2725, .T. ) ;
#2177 = CARTESIAN_POINT ( 'NONE',  ( 122.6371754077383258, -127.7721602055815424, 111.5360069856830449 ) ) ;
#2178 = CARTESIAN_POINT ( 'NONE',  ( 124.4193907197931992, -135.0633894851555681, 113.6651075252597849 ) ) ;
#2179 = EDGE_LOOP ( 'NONE', ( #2661, #57, #2053, #744 ) ) ;
#2180 = DIRECTION ( 'NONE',  ( 0.000000000000000000, -1.777619882654805179E-15, -1.000000000000000000 ) ) ;
#2181 = ADVANCED_FACE ( 'NONE', ( #131 ), #2465, .T. ) ;
#2182 = ORIENTED_EDGE ( 'NONE', *, *, #2383, .T. ) ;
#2183 = EDGE_LOOP ( 'NONE', ( #2926, #1628, #2166, #947, #2964 ) ) ;
#2184 = DIRECTION ( 'NONE',  ( -1.000000000000000000, 0.000000000000000000, 0.000000000000000000 ) ) ;
#2185 = EDGE_CURVE ( 'NONE', #2518, #2198, #115, .T. ) ;
#2186 = VERTEX_POINT ( 'NONE', #2246 ) ;
#2187 = DIRECTION ( 'NONE',  ( 0.5002114874030946234, -2.731938987584798761E-15, -0.8659032670396754616 ) ) ;
#2188 = CARTESIAN_POINT ( 'NONE',  ( 164.9448783421449889, -130.8294928209240027, 117.1589186399969975 ) ) ;
#2189 = CYLINDRICAL_SURFACE ( 'NONE', #930, 1.708500000000001684 ) ;
#2190 = AXIS2_PLACEMENT_3D ( 'NONE', #2248, #1592, #1796 ) ;
#2191 = DIRECTION ( 'NONE',  ( -1.000000000000000000, 0.000000000000000000, 0.000000000000000000 ) ) ;
#2192 = FACE_OUTER_BOUND ( 'NONE', #1245, .T. ) ;
#2193 = ORIENTED_EDGE ( 'NONE', *, *, #1484, .F. ) ;
#2194 = LINE ( 'NONE', #1981, #486 ) ;
#2195 = ORIENTED_EDGE ( 'NONE', *, *, #762, .T. ) ;
#2196 = CARTESIAN_POINT ( 'NONE',  ( 155.8246351158555001, -118.3160667198152112, 115.6459625783912060 ) ) ;
#2197 = VERTEX_POINT ( 'NONE', #1027 ) ;
#2198 = VERTEX_POINT ( 'NONE', #1529 ) ;
#2199 = DIRECTION ( 'NONE',  ( 1.126208581372299938E-16, 1.000000000000000000, -1.777619882654805179E-15 ) ) ;
#2200 = APPLICATION_CONTEXT ( 'automotive_design' ) ;
#2201 = VERTEX_POINT ( 'NONE', #362 ) ;
#2202 = LINE ( 'NONE', #1050, #1665 ) ;
#2203 = LINE ( 'NONE', #1693, #793 ) ;
#2204 = ORIENTED_EDGE ( 'NONE', *, *, #2772, .F. ) ;
#2205 = AXIS2_PLACEMENT_3D ( 'NONE', #1239, #63, #1960 ) ;
#2206 = LINE ( 'NONE', #1959, #2843 ) ;
#2207 = CARTESIAN_POINT ( 'NONE',  ( 134.2171133453901746, -119.6694928209239919, 103.6640621592554083 ) ) ;
#2208 = CIRCLE ( 'NONE', #2704, 1.700000000000007061 ) ;
#2209 = ADVANCED_FACE ( 'NONE', ( #2213 ), #1092, .F. ) ;
#2210 = CARTESIAN_POINT ( 'NONE',  ( 157.1768364872664847, -123.4194853061869992, 114.2144502228033929 ) ) ;
#2211 = CARTESIAN_POINT ( 'NONE',  ( 165.7414590452731886, -128.2701052750780377, 116.9134009531793765 ) ) ;
#2212 = ORIENTED_EDGE ( 'NONE', *, *, #221, .F. ) ;
#2213 = FACE_OUTER_BOUND ( 'NONE', #210, .T. ) ;
#2214 = EDGE_LOOP ( 'NONE', ( #1936, #1026, #2152, #2713 ) ) ;
#2215 = ORIENTED_EDGE ( 'NONE', *, *, #1583, .F. ) ;
#2216 = FACE_OUTER_BOUND ( 'NONE', #3, .T. ) ;
#2217 = EDGE_CURVE ( 'NONE', #2544, #70, #103, .T. ) ;
#2218 = ORIENTED_EDGE ( 'NONE', *, *, #360, .F. ) ;
#2219 = AXIS2_PLACEMENT_3D ( 'NONE', #1578, #1320, #2079 ) ;
#2220 = DIRECTION ( 'NONE',  ( 0.000000000000000000, -1.000000000000000000, 1.999664487579840037E-15 ) ) ;
#2221 = FACE_OUTER_BOUND ( 'NONE', #1274, .T. ) ;
#2222 = ORIENTED_EDGE ( 'NONE', *, *, #77, .T. ) ;
#2223 = CIRCLE ( 'NONE', #2864, 1.700000000000007061 ) ;
#2224 = CARTESIAN_POINT ( 'NONE',  ( 127.8198783421424025, -119.4194928209239919, 117.2143259181415971 ) ) ;
#2225 = CARTESIAN_POINT ( 'NONE',  ( 160.1768364872664847, -119.4194928209239919, 114.2144502228033929 ) ) ;
#2226 = CARTESIAN_POINT ( 'NONE',  ( 129.5343702869444087, -133.5436979276808813, 116.8580416267231783 ) ) ;
#2227 = EDGE_CURVE ( 'NONE', #2500, #67, #320, .T. ) ;
#2228 = EDGE_CURVE ( 'NONE', #415, #2318, #68, .T. ) ;
#2229 = DIRECTION ( 'NONE',  ( 0.5001057476828429937, -6.413614841989004323E-15, -0.8659643417223278350 ) ) ;
#2230 = ORIENTED_EDGE ( 'NONE', *, *, #1121, .F. ) ;
#2231 = LINE ( 'NONE', #801, #1082 ) ;
#2232 = CARTESIAN_POINT ( 'NONE',  ( 136.8768364872676102, -123.4194853061869992, 114.2143259181415971 ) ) ;
#2233 = ORIENTED_EDGE ( 'NONE', *, *, #2867, .T. ) ;
#2234 = ORIENTED_EDGE ( 'NONE', *, *, #1927, .T. ) ;
#2235 = DIRECTION ( 'NONE',  ( 0.000000000000000000, -1.999664487579840037E-15, -1.000000000000000000 ) ) ;
#2236 = CARTESIAN_POINT ( 'NONE',  ( 172.8833321446835214, -133.0626599547967999, 110.7643259181415942 ) ) ;
#2237 = ORIENTED_EDGE ( 'NONE', *, *, #2719, .F. ) ;
#2238 = B_SPLINE_CURVE_WITH_KNOTS ( 'NONE', 2,
 ( #720, #2137, #997 ),
 .UNSPECIFIED., .F., .F.,
 ( 3, 3 ),
 ( 0.2449335186305779954, 0.3093872504255519851 ),
 .UNSPECIFIED. ) ;
#2239 = ADVANCED_FACE ( 'NONE', ( #2064 ), #2987, .T. ) ;
#2240 = DIRECTION ( 'NONE',  ( -0.7071067811865470176, -2.169367489357780013E-30, -0.7071067811865480168 ) ) ;
#2241 = DIRECTION ( 'NONE',  ( -0.7071067811865470176, -2.563797941968290119E-30, -0.7071067811865480168 ) ) ;
#2242 = CARTESIAN_POINT ( 'NONE',  ( 126.7816997439337428, -135.2497468046085771, 115.5266963567425478 ) ) ;
#2243 = CIRCLE ( 'NONE', #2629, 2.108500000000013141 ) ;
#2244 = VECTOR ( 'NONE', #1815, 1000.000000000000000 ) ;
#2245 = ORIENTED_EDGE ( 'NONE', *, *, #501, .F. ) ;
#2246 = CARTESIAN_POINT ( 'NONE',  ( 122.3586593486218135, -140.3613023030711986, 111.1061354002890056 ) ) ;
#2247 = LINE ( 'NONE', #2067, #241 ) ;
#2248 = CARTESIAN_POINT ( 'NONE',  ( 147.6948783421452163, -130.7794928209240197, 110.9643259181415971 ) ) ;
#2249 = EDGE_LOOP ( 'NONE', ( #2712, #2774, #130, #2884 ) ) ;
#2250 = CARTESIAN_POINT ( 'NONE',  ( 147.6948783421405835, -120.5367099249736071, 113.9014131133686050 ) ) ;
#2251 = DIRECTION ( 'NONE',  ( 1.871730193681115000E-15, 1.000000000000000000, -1.777619882654805179E-15 ) ) ;
#2252 = ORIENTED_EDGE ( 'NONE', *, *, #2895, .T. ) ;
#2253 = VERTEX_POINT ( 'NONE', #206 ) ;
#2254 = LINE ( 'NONE', #143, #523 ) ;
#2255 = VECTOR ( 'NONE', #1130, 999.9999999999998863 ) ;
#2256 = EDGE_CURVE ( 'NONE', #461, #2979, #2860, .T. ) ;
#2257 = CARTESIAN_POINT ( 'NONE',  ( 154.6590038554344915, -116.7307771246486112, 117.6643259181415999 ) ) ;
#2258 = CARTESIAN_POINT ( 'NONE',  ( 121.1948783421414078, -119.4194928209239919, 110.7643259181407984 ) ) ;
#2259 = AXIS2_PLACEMENT_3D ( 'NONE', #2921, #588, #1055 ) ;
#2260 = AXIS2_PLACEMENT_3D ( 'NONE', #1921, #2180, #812 ) ;
#2261 = DIRECTION ( 'NONE',  ( 0.000000000000000000, -1.000000000000000000, 2.157830498458860144E-15 ) ) ;
#2262 = DIRECTION ( 'NONE',  ( -1.000000000000000000, 0.000000000000000000, 0.000000000000000000 ) ) ;
#2263 = CARTESIAN_POINT ( 'NONE',  ( 172.9797410556965076, -119.6980699632515979, 110.9357487758139911 ) ) ;
#2264 = VERTEX_POINT ( 'NONE', #1158 ) ;
#2265 = AXIS2_PLACEMENT_3D ( 'NONE', #708, #2845, #498 ) ;
#2266 = ORIENTED_EDGE ( 'NONE', *, *, #1168, .F. ) ;
#2267 = ADVANCED_FACE ( 'NONE', ( #2538 ), #2495, .T. ) ;
#2268 = CARTESIAN_POINT ( 'NONE',  ( 169.4448783421449889, -130.8294928209240027, 117.6643259181415999 ) ) ;
#2269 = EDGE_CURVE ( 'NONE', #2558, #1782, #894, .T. ) ;
#2270 = CIRCLE ( 'NONE', #890, 4.099999999999992539 ) ;
#2271 = LINE ( 'NONE', #1356, #943 ) ;
#2272 = ORIENTED_EDGE ( 'NONE', *, *, #2032, .F. ) ;
#2273 = VERTEX_POINT ( 'NONE', #376 ) ;
#2274 = FACE_OUTER_BOUND ( 'NONE', #2214, .T. ) ;
#2275 = CARTESIAN_POINT ( 'NONE',  ( 126.3882884222510228, -126.3498657200911879, 115.2720578465206245 ) ) ;
#2276 = AXIS2_PLACEMENT_3D ( 'NONE', #2031, #3038, #425 ) ;
#2277 = CARTESIAN_POINT ( 'NONE',  ( 122.6275297181902744, -133.8934511122901938, 111.5302380283903432 ) ) ;
#2278 = DIRECTION ( 'NONE',  ( -1.000000000000000000, 1.126208581372299938E-16, -2.064807597183435195E-24 ) ) ;
#2279 = CARTESIAN_POINT ( 'NONE',  ( 173.0755671827865001, -119.8694928209240089, 111.1061353981270088 ) ) ;
#2280 = EDGE_CURVE ( 'NONE', #2558, #2869, #672, .T. ) ;
#2281 = CARTESIAN_POINT ( 'NONE',  ( 173.0755671827859885, -128.2706317463573953, 111.1061353981270088 ) ) ;
#2282 = DIRECTION ( 'NONE',  ( -1.000000000000000000, 0.000000000000000000, 0.000000000000000000 ) ) ;
#2283 = ORIENTED_EDGE ( 'NONE', *, *, #2825, .T. ) ;
#2284 = LINE ( 'NONE', #2084, #2940 ) ;
#2285 = DIRECTION ( 'NONE',  ( -3.211950541631954801E-31, 1.827076521274325054E-15, 1.000000000000000000 ) ) ;
#2286 = EDGE_CURVE ( 'NONE', #559, #531, #542, .T. ) ;
#2287 = EDGE_LOOP ( 'NONE', ( #2928, #1080, #1452, #1863, #2406, #1928 ) ) ;
#2288 = SURFACE_SIDE_STYLE ('',( #1346 ) ) ;
#2289 = CARTESIAN_POINT ( 'NONE',  ( 128.5776664765348869, -127.1723384660938052, 116.4800673176936101 ) ) ;
#2290 = DIRECTION ( 'NONE',  ( 0.7071067811865899833, -8.683284873119189470E-17, 0.7071067811865050512 ) ) ;
#2291 = CARTESIAN_POINT ( 'NONE',  ( 160.1768364872664847, -119.4194853061869992, 114.2144502228033929 ) ) ;
#2292 = CARTESIAN_POINT ( 'NONE',  ( 173.0755671827859885, -128.2706317463573953, 111.1061353981270088 ) ) ;
#2293 = VECTOR ( 'NONE', #19, 1000.000000000000000 ) ;
#2294 = CARTESIAN_POINT ( 'NONE',  ( 122.4610394681751018, -133.2818822424913492, 110.9240952511851361 ) ) ;
#2295 = CARTESIAN_POINT ( 'NONE',  ( 124.0363783421449995, -130.8294928209240027, 117.4643259181415971 ) ) ;
#2296 = VECTOR ( 'NONE', #1340, 999.9999999999998863 ) ;
#2297 = ORIENTED_EDGE ( 'NONE', *, *, #2579, .T. ) ;
#2298 = DIRECTION ( 'NONE',  ( -1.000000000000000000, 2.000000000000000155E-15, -4.171264647938739709E-44 ) ) ;
#2299 = CARTESIAN_POINT ( 'NONE',  ( 135.1768364872676216, -119.4194928209239919, 114.2143259181413981 ) ) ;
#2300 = ORIENTED_EDGE ( 'NONE', *, *, #338, .T. ) ;
#2301 = CARTESIAN_POINT ( 'NONE',  ( 172.1562356960508851, -127.2382713442382141, 112.4015693656117492 ) ) ;
#2302 = CARTESIAN_POINT ( 'NONE',  ( 127.0038510031072434, -126.4501132438252995, 115.6664900532712750 ) ) ;
#2303 = DIRECTION ( 'NONE',  ( 0.000000000000000000, -2.000000000000000155E-15, -1.000000000000000000 ) ) ;
#2304 = VECTOR ( 'NONE', #677, 1000.000000000000000 ) ;
#2305 = ADVANCED_FACE ( 'NONE', ( #3025 ), #1338, .F. ) ;
#2306 = LINE ( 'NONE', #177, #2699 ) ;
#2307 = CARTESIAN_POINT ( 'NONE',  ( 149.3948783421406006, -120.5367099249736071, 113.9014131133686050 ) ) ;
#2308 = AXIS2_PLACEMENT_3D ( 'NONE', #2444, #1475, #2903 ) ;
#2309 = FACE_OUTER_BOUND ( 'NONE', #1032, .T. ) ;
#2310 = AXIS2_PLACEMENT_3D ( 'NONE', #2943, #1033, #301 ) ;
#2311 = VERTEX_POINT ( 'NONE', #178 ) ;
#2312 = EDGE_LOOP ( 'NONE', ( #361, #2379, #2897, #1470 ) ) ;
#2313 = EDGE_CURVE ( 'NONE', #910, #2488, #1674, .T. ) ;
#2314 = CARTESIAN_POINT ( 'NONE',  ( 161.2171132998454937, -140.4194928209240061, 117.6643259181417989 ) ) ;
#2315 = EDGE_LOOP ( 'NONE', ( #1973, #2297, #1160, #1741, #877, #901 ) ) ;
#2316 = DIRECTION ( 'NONE',  ( 0.4997884822691730511, 7.324274105562342300E-16, 0.8661474891674492138 ) ) ;
#2317 = CIRCLE ( 'NONE', #1279, 4.500000000000003553 ) ;
#2318 = VERTEX_POINT ( 'NONE', #3004 ) ;
#2319 = B_SPLINE_CURVE_WITH_KNOTS ( 'NONE', 2,
 ( #1091, #1556, #39 ),
 .UNSPECIFIED., .F., .F.,
 ( 3, 3 ),
 ( 0.2605229803598100302, 0.3249767113459849921 ),
 .UNSPECIFIED. ) ;
#2320 = AXIS2_PLACEMENT_3D ( 'NONE', #2614, #1924, #768 ) ;
#2321 = CARTESIAN_POINT ( 'NONE',  ( 168.6084785608164509, -126.4090783744447890, 115.5542020223596325 ) ) ;
#2322 = CARTESIAN_POINT ( 'NONE',  ( 170.3739912684031026, -135.2542311887960409, 114.2683721771504111 ) ) ;
#2323 = CARTESIAN_POINT ( 'NONE',  ( 135.1768368125312065, -119.4194928209239919, 111.2143259181413981 ) ) ;
#2324 = VECTOR ( 'NONE', #200, 1000.000000000000000 ) ;
#2325 = DIRECTION ( 'NONE',  ( -1.000000000000000000, 0.000000000000000000, 0.000000000000000000 ) ) ;
#2326 = DIRECTION ( 'NONE',  ( 0.000000000000000000, -2.000000000000000155E-15, -1.000000000000000000 ) ) ;
#2327 = EDGE_CURVE ( 'NONE', #2197, #2641, #1830, .T. ) ;
#2328 = EDGE_CURVE ( 'NONE', #1879, #2471, #908, .T. ) ;
#2329 = CARTESIAN_POINT ( 'NONE',  ( 157.1768364872664847, -119.4194853061869992, 114.2144502228033929 ) ) ;
#2330 = ORIENTED_EDGE ( 'NONE', *, *, #1623, .F. ) ;
#2331 = ORIENTED_EDGE ( 'NONE', *, *, #1059, .F. ) ;
#2332 = CARTESIAN_POINT ( 'NONE',  ( 144.7448783421405949, -123.3367099249736043, 111.1643295077162037 ) ) ;
#2333 = EDGE_LOOP ( 'NONE', ( #1385, #335, #942, #1465 ) ) ;
#2334 = VERTEX_POINT ( 'NONE', #2307 ) ;
#2335 = CARTESIAN_POINT ( 'NONE',  ( 171.3869400656467121, -126.7651058086271831, 113.2896441602363211 ) ) ;
#2336 = CARTESIAN_POINT ( 'NONE',  ( 130.4448783421450173, -130.8294928209240027, 117.2643259181417932 ) ) ;
#2337 = CARTESIAN_POINT ( 'NONE',  ( 149.5948783421406176, -116.5307771246485942, 113.9014131133686050 ) ) ;
#2338 = CARTESIAN_POINT ( 'NONE',  ( 172.9729169614660123, -128.4418133306986647, 110.9236149839708077 ) ) ;
#2339 = LINE ( 'NONE', #1406, #3020 ) ;
#2340 = CARTESIAN_POINT ( 'NONE',  ( 122.3705312156560865, -133.4986247422610575, 111.1250552110505936 ) ) ;
#2341 = B_SPLINE_CURVE_WITH_KNOTS ( 'NONE', 3,
 ( #962, #1663, #9, #2381, #203, #3050, #231, #2132, #730, #1603, #1896, #20, #976, #2146, #1377, #919, #2839, #2582, #2322, #1650, #463, #684, #2105, #934, #492, #1885, #1154, #36, #2549, #1854, #1166, #2798, #1618, #1182, #2814, #2567, #2594, #435, #450, #216, #1870, #949, #704, #1415, #2901, #1051, #1740, #1472, #775, #302, #1263, #287, #2886, #2188 ),
 .UNSPECIFIED., .F., .F.,
 ( 4, 2, 1, 2, 2, 2, 1, 1, 1, 2, 2, 2, 2, 1, 1, 1, 1, 2, 2, 2, 2, 1, 2, 2, 2, 2, 1, 2, 2, 2, 2, 4 ),
 ( 0.000000000000000000, 0.06249999999993922917, 0.09374999999990725474, 0.1093749999998884920, 0.1249999999998697292, 0.1874999999998075983, 0.2187499999997783995, 0.2343749999997638556, 0.2421874999997575828, 0.2460937499997545297, 0.2499999999997514766, 0.3749999999997301603, 0.4374999999997185585, 0.4687499999997117306, 0.4843749999997056244, 0.4921874999997034594, 0.4960937499997027933, 0.4980468749996996292, 0.4999999999996964650, 0.5624999999996769251, 0.5937499999996628253, 0.6093749999996596056, 0.6171874999996593836, 0.6249999999996590505, 0.6874999999997005729, 0.7187499999997232214, 0.7343749999997322142, 0.7421874999997363220, 0.7499999999997403188, 0.8124999999998048228, 0.8749999999998693268, 1.000000000000000000 ),
 .UNSPECIFIED. ) ;
#2342 = VECTOR ( 'NONE', #232, 1000.000000000000114 ) ;
#2343 = VERTEX_POINT ( 'NONE', #2972 ) ;
#2344 = ORIENTED_EDGE ( 'NONE', *, *, #1657, .F. ) ;
#2345 = PRESENTATION_LAYER_ASSIGNMENT (  '', '', ( #32 ) ) ;
#2346 = FACE_OUTER_BOUND ( 'NONE', #1934, .T. ) ;
#2347 = VERTEX_POINT ( 'NONE', #2279 ) ;
#2348 = ORIENTED_EDGE ( 'NONE', *, *, #11, .T. ) ;
#2349 = DIRECTION ( 'NONE',  ( 0.000000000000000000, -1.000000000000000000, 1.999664487579840037E-15 ) ) ;
#2350 = DIRECTION ( 'NONE',  ( 0.000000000000000000, 1.000000000000000000, -3.403587628962950227E-15 ) ) ;
#2351 = FACE_OUTER_BOUND ( 'NONE', #713, .T. ) ;
#2352 = EDGE_CURVE ( 'NONE', #2915, #820, #1194, .T. ) ;
#2353 = FACE_OUTER_BOUND ( 'NONE', #2438, .T. ) ;
#2354 = DIRECTION ( 'NONE',  ( 0.000000000000000000, -1.777619882654805179E-15, -1.000000000000000000 ) ) ;
#2355 = DIRECTION ( 'NONE',  ( -0.7071067811865969777, 2.828189881638720414E-15, 0.7071067811864980568 ) ) ;
#2356 = APPLICATION_PROTOCOL_DEFINITION ( 'draft international standard', 'automotive_design', 1998, #1607 ) ;
#2357 = ORIENTED_EDGE ( 'NONE', *, *, #2497, .F. ) ;
#2358 = EDGE_LOOP ( 'NONE', ( #1799, #984, #621, #517 ) ) ;
#2359 = EDGE_LOOP ( 'NONE', ( #2848, #726, #2230, #259 ) ) ;
#2360 = CIRCLE ( 'NONE', #1969, 4.099999999999992539 ) ;
#2361 = EDGE_CURVE ( 'NONE', #1047, #2471, #642, .T. ) ;
#2362 = ADVANCED_FACE ( 'NONE', ( #2741 ), #106, .F. ) ;
#2363 = ORIENTED_EDGE ( 'NONE', *, *, #1360, .T. ) ;
#2364 = FACE_BOUND ( 'NONE', #1497, .T. ) ;
#2365 = CYLINDRICAL_SURFACE ( 'NONE', #2051, 2.258499999999996621 ) ;
#2366 = CARTESIAN_POINT ( 'NONE',  ( 127.6533783421450181, -130.8294928209240027, 111.1643259181415999 ) ) ;
#2367 = PLANE ( 'NONE',  #611 ) ;
#2368 = VECTOR ( 'NONE', #2355, 1000.000000000000000 ) ;
#2369 = LINE ( 'NONE', #2092, #1761 ) ;
#2370 = LINE ( 'NONE', #1201, #897 ) ;
#2371 = AXIS2_PLACEMENT_3D ( 'NONE', #530, #755, #663 ) ;
#2372 = AXIS2_PLACEMENT_3D ( 'NONE', #1058, #2014, #1982 ) ;
#2373 = EDGE_LOOP ( 'NONE', ( #2083, #2204, #2357, #3027, #651, #4, #1502 ) ) ;
#2374 = CARTESIAN_POINT ( 'NONE',  ( 122.3586593486218135, -133.4503142200632055, 111.1061354002890056 ) ) ;
#2375 = CARTESIAN_POINT ( 'NONE',  ( 127.8198783421424025, -119.4194928209239919, 111.2143259181415971 ) ) ;
#2376 = VECTOR ( 'NONE', #2842, 1000.000000000000000 ) ;
#2377 = EDGE_CURVE ( 'NONE', #1411, #2558, #1676, .T. ) ;
#2378 = VERTEX_POINT ( 'NONE', #148 ) ;
#2379 = ORIENTED_EDGE ( 'NONE', *, *, #723, .T. ) ;
#2380 = FACE_BOUND ( 'NONE', #2822, .T. ) ;
#2381 = CARTESIAN_POINT ( 'NONE',  ( 172.5992253929194646, -134.0405747115814847, 111.8168822332431773 ) ) ;
#2382 = CARTESIAN_POINT ( 'NONE',  ( 143.3405841033693946, -118.4221407001221849, 112.2116780389431909 ) ) ;
#2383 = EDGE_CURVE ( 'NONE', #268, #1047, #2319, .T. ) ;
#2384 = DIRECTION ( 'NONE',  ( -1.000000000000000000, 0.000000000000000000, 0.000000000000000000 ) ) ;
#2385 = DIRECTION ( 'NONE',  ( -1.000000000000000000, 0.000000000000000000, 0.000000000000000000 ) ) ;
#2386 = ORIENTED_EDGE ( 'NONE', *, *, #1851, .F. ) ;
#2387 = DIRECTION ( 'NONE',  ( 0.000000000000000000, -1.000000000000000000, 2.157830498458860144E-15 ) ) ;
#2388 = FACE_OUTER_BOUND ( 'NONE', #516, .T. ) ;
#2389 = VERTEX_POINT ( 'NONE', #1653 ) ;
#2390 = ORIENTED_EDGE ( 'NONE', *, *, #673, .T. ) ;
#2391 = AXIS2_PLACEMENT_3D ( 'NONE', #1196, #2827, #715 ) ;
#2392 = VERTEX_POINT ( 'NONE', #2150 ) ;
#2393 = DIRECTION ( 'NONE',  ( -0.7071067811865540120, 1.493848534864966019E-15, 0.7071067811865410224 ) ) ;
#2394 = CARTESIAN_POINT ( 'NONE',  ( 149.9533783421451858, -130.7794928209240197, 117.2643259181417932 ) ) ;
#2395 = CARTESIAN_POINT ( 'NONE',  ( 150.6448783421405153, -124.2281013729487995, 117.2643259181415942 ) ) ;
#2396 = CARTESIAN_POINT ( 'NONE',  ( 122.3953779031837996, -128.0634402845799968, 111.1643259181415999 ) ) ;
#2397 = CARTESIAN_POINT ( 'NONE',  ( 173.0514721530604163, -133.4876923063000618, 111.1444261157106581 ) ) ;
#2398 = EDGE_CURVE ( 'NONE', #110, #2768, #1308, .T. ) ;
#2399 = ORIENTED_EDGE ( 'NONE', *, *, #1053, .T. ) ;
#2400 = CARTESIAN_POINT ( 'NONE',  ( 166.0691018518323006, -127.8545178156493876, 116.7966825706886453 ) ) ;
#2401 = EDGE_LOOP ( 'NONE', ( #2694, #1477, #418, #2111 ) ) ;
#2402 = PLANE ( 'NONE',  #591 ) ;
#2403 = AXIS2_PLACEMENT_3D ( 'NONE', #75, #318, #2003 ) ;
#2404 = ORIENTED_EDGE ( 'NONE', *, *, #1218, .T. ) ;
#2405 = VECTOR ( 'NONE', #706, 1000.000000000000000 ) ;
#2406 = ORIENTED_EDGE ( 'NONE', *, *, #2680, .T. ) ;
#2407 = EDGE_CURVE ( 'NONE', #3023, #240, #2238, .T. ) ;
#2408 = ORIENTED_EDGE ( 'NONE', *, *, #3047, .T. ) ;
#2409 = FACE_OUTER_BOUND ( 'NONE', #2749, .T. ) ;
#2410 = DIRECTION ( 'NONE',  ( 0.8659643417223378270, -7.551086724249562140E-15, 0.5001057476828258963 ) ) ;
#2411 = DIRECTION ( 'NONE',  ( 0.000000000000000000, -1.999664487579840037E-15, -1.000000000000000000 ) ) ;
#2412 = EDGE_CURVE ( 'NONE', #1631, #956, #251, .T. ) ;
#2413 = CARTESIAN_POINT ( 'NONE',  ( 122.5118127899173714, -127.9140267517056344, 111.3478477876995498 ) ) ;
#2414 = CARTESIAN_POINT ( 'NONE',  ( 125.2710948689900476, -135.2846493871770406, 114.4366429083562480 ) ) ;
#2415 = AXIS2_PLACEMENT_3D ( 'NONE', #1104, #870, #1806 ) ;
#2416 = DIRECTION ( 'NONE',  ( 0.5773502691896370553, -0.5773502691896030825, -0.5773502691896370553 ) ) ;
#2417 = CIRCLE ( 'NONE', #1971, 1.700000000000007061 ) ;
#2418 = VERTEX_POINT ( 'NONE', #981 ) ;
#2419 = DIRECTION ( 'NONE',  ( 0.000000000000000000, -1.777619882654805179E-15, -1.000000000000000000 ) ) ;
#2420 = EDGE_CURVE ( 'NONE', #2783, #2768, #1289, .T. ) ;
#2421 = ORIENTED_EDGE ( 'NONE', *, *, #1688, .F. ) ;
#2422 = CARTESIAN_POINT ( 'NONE',  ( 146.2448783421444034, -116.7307771246486112, 110.7643259181415942 ) ) ;
#2423 = ORIENTED_EDGE ( 'NONE', *, *, #602, .T. ) ;
#2424 = DIRECTION ( 'NONE',  ( -1.000000000000000000, 0.000000000000000000, 0.000000000000000000 ) ) ;
#2425 = DIRECTION ( 'NONE',  ( -0.6122860719753350223, 0.7071067811865539010, -0.3537029347701343696 ) ) ;
#2426 = CARTESIAN_POINT ( 'NONE',  ( 133.4768364872676045, -140.4194928209240061, 114.2143259181415971 ) ) ;
#2427 = CARTESIAN_POINT ( 'NONE',  ( 144.7948783421437895, -116.3307771246486055, 117.6643259181420120 ) ) ;
#2428 = CYLINDRICAL_SURFACE ( 'NONE', #964, 1.700000000000007061 ) ;
#2429 = VERTEX_POINT ( 'NONE', #735 ) ;
#2430 = CARTESIAN_POINT ( 'NONE',  ( 125.9448783421450173, -130.8294928209240027, 110.9643259181415971 ) ) ;
#2431 = ORIENTED_EDGE ( 'NONE', *, *, #664, .F. ) ;
#2432 = DIRECTION ( 'NONE',  ( -3.461415318997995026E-31, 1.814603282406019986E-15, 1.000000000000000000 ) ) ;
#2433 = ORIENTED_EDGE ( 'NONE', *, *, #1473, .F. ) ;
#2434 =( BOUNDED_CURVE ( )  B_SPLINE_CURVE ( 3, ( #2596, #1639, #922, #2858 ),
 .UNSPECIFIED., .F., .T. ) 
 B_SPLINE_CURVE_WITH_KNOTS ( ( 4, 4 ),
 ( 1.005432537750163835, 1.010347228223724025 ),
 .UNSPECIFIED. ) 
 CURVE ( )  GEOMETRIC_REPRESENTATION_ITEM ( )  RATIONAL_B_SPLINE_CURVE ( ( 1.000000000000000000, 0.9999979871524750097, 0.9999979871524750097, 1.000000000000000000 ) ) 
 REPRESENTATION_ITEM ( '' )  );
#2435 = CARTESIAN_POINT ( 'NONE',  ( 169.4448783421449889, -130.8294928209240027, 117.6643259181415999 ) ) ;
#2436 = DIRECTION ( 'NONE',  ( 0.000000000000000000, -1.777619882654805179E-15, -1.000000000000000000 ) ) ;
#2437 = EDGE_CURVE ( 'NONE', #154, #387, #2339, .T. ) ;
#2438 = EDGE_LOOP ( 'NONE', ( #1202, #196, #1386, #2837 ) ) ;
#2439 = DIRECTION ( 'NONE',  ( -0.8660254037844387076, 1.637839353224294734E-15, 0.4999999999999998890 ) ) ;
#2440 = CYLINDRICAL_SURFACE ( 'NONE', #889, 1.700000000000007061 ) ;
#2441 = ORIENTED_EDGE ( 'NONE', *, *, #2151, .T. ) ;
#2442 = VECTOR ( 'NONE', #145, 1000.000000000000000 ) ;
#2443 = CARTESIAN_POINT ( 'NONE',  ( 150.6448783421405153, -120.5367099249736071, 117.2643259181415942 ) ) ;
#2444 = CARTESIAN_POINT ( 'NONE',  ( 147.6948783421405835, -123.3367099249736043, 113.9014131133686050 ) ) ;
#2445 = CARTESIAN_POINT ( 'NONE',  ( 147.6948783421405835, -126.3307771246486055, 113.9014131133686050 ) ) ;
#2446 = EDGE_CURVE ( 'NONE', #2649, #154, #1668, .T. ) ;
#2447 = DIRECTION ( 'NONE',  ( 0.9999811603206388844, -1.982503728189825225E-15, 0.006138322554965944602 ) ) ;
#2448 = FACE_OUTER_BOUND ( 'NONE', #2141, .T. ) ;
#2449 = DIRECTION ( 'NONE',  ( 0.000000000000000000, 1.777619882654805179E-15, 1.000000000000000000 ) ) ;
#2450 = DIRECTION ( 'NONE',  ( -1.000000000000000000, 0.000000000000000000, 0.000000000000000000 ) ) ;
#2451 = ORIENTED_EDGE ( 'NONE', *, *, #2907, .T. ) ;
#2452 = CIRCLE ( 'NONE', #830, 4.100000000000006750 ) ;
#2453 = VERTEX_POINT ( 'NONE', #2611 ) ;
#2454 = CARTESIAN_POINT ( 'NONE',  ( 161.2171132924265180, -119.4694928209239890, 117.2643259181413953 ) ) ;
#2455 = AXIS2_PLACEMENT_3D ( 'NONE', #1696, #1458, #540 ) ;
#2456 = DIRECTION ( 'NONE',  ( 2.000000000000000155E-15, 1.000000000000000000, -1.758782946112024891E-15 ) ) ;
#2457 = EDGE_LOOP ( 'NONE', ( #1463, #1894, #2588, #2101, #1515, #647 ) ) ;
#2458 = EDGE_CURVE ( 'NONE', #2198, #2641, #2370, .T. ) ;
#2459 = EDGE_CURVE ( 'NONE', #694, #2453, #1933, .T. ) ;
#2460 = DIRECTION ( 'NONE',  ( 0.000000000000000000, 1.814603282406019986E-15, 1.000000000000000000 ) ) ;
#2461 = FACE_OUTER_BOUND ( 'NONE', #2602, .T. ) ;
#2462 = AXIS2_PLACEMENT_3D ( 'NONE', #2652, #2159, #474 ) ;
#2463 = CYLINDRICAL_SURFACE ( 'NONE', #271, 1.708500000000001684 ) ;
#2464 = CARTESIAN_POINT ( 'NONE',  ( 166.0570625979440820, -127.8682868683423948, 116.8011248759607668 ) ) ;
#2465 = PLANE ( 'NONE',  #2960 ) ;
#2466 = AXIS2_PLACEMENT_3D ( 'NONE', #3014, #2071, #899 ) ;
#2467 = ORIENTED_EDGE ( 'NONE', *, *, #778, .F. ) ;
#2468 = CARTESIAN_POINT ( 'NONE',  ( 145.0363783421451842, -130.7794928209240197, 110.7643259181415942 ) ) ;
#2469 = ORIENTED_EDGE ( 'NONE', *, *, #2286, .F. ) ;
#2470 = EDGE_CURVE ( 'NONE', #2559, #1862, #497, .T. ) ;
#2471 = VERTEX_POINT ( 'NONE', #966 ) ;
#2472 = AXIS2_PLACEMENT_3D ( 'NONE', #326, #310, #1070 ) ;
#2473 = CARTESIAN_POINT ( 'NONE',  ( 150.3533783421450210, -130.7794928209240197, 110.7643259181415942 ) ) ;
#2474 = DIRECTION ( 'NONE',  ( -3.440092821394299955E-15, 1.000000000000000000, -3.403587628962950227E-15 ) ) ;
#2475 = VERTEX_POINT ( 'NONE', #707 ) ;
#2476 = AXIS2_PLACEMENT_3D ( 'NONE', #1431, #2354, #2385 ) ;
#2477 = DIRECTION ( 'NONE',  ( -1.000000000000000000, 0.000000000000000000, 0.000000000000000000 ) ) ;
#2478 = CARTESIAN_POINT ( 'NONE',  ( 129.1738029420848761, -127.6941087304284395, 116.7245465810456864 ) ) ;
#2479 = EDGE_CURVE ( 'NONE', #910, #212, #3055, .T. ) ;
#2480 = CARTESIAN_POINT ( 'NONE',  ( 128.1588590427446945, -134.7458856313652973, 116.2857036221082723 ) ) ;
#2481 = ORIENTED_EDGE ( 'NONE', *, *, #1527, .F. ) ;
#2482 = CARTESIAN_POINT ( 'NONE',  ( 144.7448783421405949, -123.3367099249733911, 117.6643295077162037 ) ) ;
#2483 = CARTESIAN_POINT ( 'NONE',  ( 173.0273589822970735, -119.7830948040508332, 111.0204173099847225 ) ) ;
#2484 = SURFACE_SIDE_STYLE ('',( #1110 ) ) ;
#2485 = ORIENTED_EDGE ( 'NONE', *, *, #1287, .F. ) ;
#2486 = DIRECTION ( 'NONE',  ( -1.000000000000000000, 0.000000000000000000, 0.000000000000000000 ) ) ;
#2487 = EDGE_LOOP ( 'NONE', ( #2879, #991, #2744, #1891, #104 ) ) ;
#2488 = VERTEX_POINT ( 'NONE', #2584 ) ;
#2489 = CARTESIAN_POINT ( 'NONE',  ( 122.3705320532386196, -128.1603575395940595, 111.1250565177165157 ) ) ;
#2490 = LINE ( 'NONE', #372, #142 ) ;
#2491 = DIRECTION ( 'NONE',  ( 0.000000000000000000, 1.000000000000000000, -2.000000000000000155E-15 ) ) ;
#2492 = AXIS2_PLACEMENT_3D ( 'NONE', #1120, #2491, #2061 ) ;
#2493 = CARTESIAN_POINT ( 'NONE',  ( 169.4448783421449889, -130.8294928209240027, 110.7643259181415942 ) ) ;
#2494 = EDGE_LOOP ( 'NONE', ( #3042, #1689 ) ) ;
#2495 = PLANE ( 'NONE',  #2817 ) ;
#2496 = EDGE_CURVE ( 'NONE', #473, #2590, #235, .T. ) ;
#2497 = EDGE_CURVE ( 'NONE', #2318, #460, #1640, .T. ) ;
#2498 = LINE ( 'NONE', #165, #2656 ) ;
#2499 = DIRECTION ( 'NONE',  ( 0.000000000000000000, 1.000000000000000000, -1.999664450567655061E-15 ) ) ;
#2500 = VERTEX_POINT ( 'NONE', #2598 ) ;
#2501 = ORIENTED_EDGE ( 'NONE', *, *, #1916, .T. ) ;
#2502 = CARTESIAN_POINT ( 'NONE',  ( 144.0322045347422204, -119.4694928209239890, 111.0144316618430054 ) ) ;
#2503 = FACE_OUTER_BOUND ( 'NONE', #1738, .T. ) ;
#2504 = ORIENTED_EDGE ( 'NONE', *, *, #2531, .T. ) ;
#2505 = ORIENTED_EDGE ( 'NONE', *, *, #1121, .T. ) ;
#2506 = AXIS2_PLACEMENT_3D ( 'NONE', #403, #1818, #1371 ) ;
#2507 = CARTESIAN_POINT ( 'NONE',  ( 124.1635578161866960, -126.6969196062493808, 113.4075366225072656 ) ) ;
#2508 = CARTESIAN_POINT ( 'NONE',  ( 123.2456267253424329, -134.4300251305130587, 112.3608962175074026 ) ) ;
#2509 = AXIS2_PLACEMENT_3D ( 'NONE', #2122, #220, #1405 ) ;
#2510 = VECTOR ( 'NONE', #1626, 1000.000000000000000 ) ;
#2511 = VECTOR ( 'NONE', #1912, 1000.000000000000114 ) ;
#2512 = CARTESIAN_POINT ( 'NONE',  ( 122.3586593486217993, -128.2086714217844019, 111.1061354002890056 ) ) ;
#2513 = DIRECTION ( 'NONE',  ( -1.871730193681115000E-15, -1.000000000000000000, 1.777619882654805179E-15 ) ) ;
#2514 = CYLINDRICAL_SURFACE ( 'NONE', #1570, 4.500000000000003553 ) ;
#2515 = DIRECTION ( 'NONE',  ( -1.650591889603809915E-15, -1.000000000000000000, 2.157830498458860144E-15 ) ) ;
#2516 = EDGE_CURVE ( 'NONE', #1242, #1585, #1528, .T. ) ;
#2517 = AXIS2_PLACEMENT_3D ( 'NONE', #1307, #1125, #1591 ) ;
#2518 = VERTEX_POINT ( 'NONE', #2623 ) ;
#2519 = PLANE ( 'NONE',  #2506 ) ;
#2520 = CARTESIAN_POINT ( 'NONE',  ( 122.3953779031837996, -140.4194928209240061, 111.1643259181415999 ) ) ;
#2521 = ORIENTED_EDGE ( 'NONE', *, *, #1178, .F. ) ;
#2522 = FILL_AREA_STYLE ('',( #1569 ) ) ;
#2523 = CARTESIAN_POINT ( 'NONE',  ( 130.3473716020993436, -129.7519333737022293, 117.1204087340312725 ) ) ;
#2524 = LINE ( 'NONE', #1825, #1745 ) ;
#2525 = CARTESIAN_POINT ( 'NONE',  ( 167.3363783421450250, -130.8294928209240027, 110.7643259181415942 ) ) ;
#2526 = DIRECTION ( 'NONE',  ( -0.7745092898762947486, 0.4472892575813293137, -0.4472892575813338101 ) ) ;
#2527 = FACE_OUTER_BOUND ( 'NONE', #1634, .T. ) ;
#2528 = ORIENTED_EDGE ( 'NONE', *, *, #2761, .T. ) ;
#2529 = LINE ( 'NONE', #2314, #2304 ) ;
#2530 = DIRECTION ( 'NONE',  ( -2.060936357395519941E-16, 0.000000000000000000, 1.000000000000000000 ) ) ;
#2531 = EDGE_CURVE ( 'NONE', #2343, #958, #2223, .T. ) ;
#2532 = ADVANCED_FACE ( 'NONE', ( #1393 ), #648, .F. ) ;
#2533 = VERTEX_POINT ( 'NONE', #481 ) ;
#2534 = CARTESIAN_POINT ( 'NONE',  ( 170.3770262569534566, -126.4205508129147546, 114.2556563255649564 ) ) ;
#2535 = CARTESIAN_POINT ( 'NONE',  ( 126.5748559460399036, -126.3742993287469432, 115.3948055487268789 ) ) ;
#2536 = CARTESIAN_POINT ( 'NONE',  ( 147.6948783421405835, -116.3307771246486055, 113.9014131133686050 ) ) ;
#2537 = CARTESIAN_POINT ( 'NONE',  ( 173.0388486260299885, -140.4194928209240061, 111.1643259181415999 ) ) ;
#2538 = FACE_OUTER_BOUND ( 'NONE', #556, .T. ) ;
#2539 = ADVANCED_FACE ( 'NONE', ( #467 ), #1888, .T. ) ;
#2540 = AXIS2_PLACEMENT_3D ( 'NONE', #872, #1808, #1842 ) ;
#2541 = DIRECTION ( 'NONE',  ( 0.000000000000000000, -1.000000000000000000, 1.777619882654805179E-15 ) ) ;
#2542 = DIRECTION ( 'NONE',  ( 1.000000000000000000, -2.000000000000000155E-15, -4.930380657627229365E-32 ) ) ;
#2543 = VERTEX_POINT ( 'NONE', #2935 ) ;
#2544 = VERTEX_POINT ( 'NONE', #2210 ) ;
#2545 = ORIENTED_EDGE ( 'NONE', *, *, #2256, .T. ) ;
#2546 = CARTESIAN_POINT ( 'NONE',  ( 161.2171130401609958, -119.8694928209240089, 103.6640618979713935 ) ) ;
#2547 = ORIENTED_EDGE ( 'NONE', *, *, #1572, .F. ) ;
#2548 = CARTESIAN_POINT ( 'NONE',  ( 169.0998161178956138, -126.3225503986231075, 115.2454531823488821 ) ) ;
#2549 = CARTESIAN_POINT ( 'NONE',  ( 168.6801950480326298, -135.2628112586530165, 115.5093091027783032 ) ) ;
#2550 = ADVANCED_FACE ( 'NONE', ( #2192 ), #2428, .F. ) ;
#2551 = CARTESIAN_POINT ( 'NONE',  ( 154.9091096142995241, -123.6944928209239976, 117.2312521735580049 ) ) ;
#2552 = ADVANCED_FACE ( 'NONE', ( #1459 ), #2463, .F. ) ;
#2553 = VECTOR ( 'NONE', #1837, 1000.000000000000000 ) ;
#2554 = CARTESIAN_POINT ( 'NONE',  ( 147.2136599193839857, -123.3367099249736043, 110.8883481649054090 ) ) ;
#2555 = CARTESIAN_POINT ( 'NONE',  ( 122.3586593486219982, -119.8694928209240089, 111.1061354002890056 ) ) ;
#2556 = VECTOR ( 'NONE', #2278, 1000.000000000000000 ) ;
#2557 = LINE ( 'NONE', #1203, #1332 ) ;
#2558 = VERTEX_POINT ( 'NONE', #572 ) ;
#2559 = VERTEX_POINT ( 'NONE', #2672 ) ;
#2560 = CARTESIAN_POINT ( 'NONE',  ( 144.7448783421405949, -123.3367099249736043, 111.1643295077162037 ) ) ;
#2561 = PRODUCT_DEFINITION_SHAPE ( 'NONE', 'NONE',  #146 ) ;
#2562 = EDGE_LOOP ( 'NONE', ( #1006, #631 ) ) ;
#2563 = CARTESIAN_POINT ( 'NONE',  ( 173.0755671827859885, -140.4194928209240061, 111.1061353981270088 ) ) ;
#2564 = VECTOR ( 'NONE', #876, 1000.000000000000000 ) ;
#2565 = ORIENTED_EDGE ( 'NONE', *, *, #2032, .T. ) ;
#2566 = CARTESIAN_POINT ( 'NONE',  ( 172.8103020522981410, -127.8181545522417650, 111.5245555255861660 ) ) ;
#2567 = CARTESIAN_POINT ( 'NONE',  ( 167.3901560636155637, -134.8321990557191157, 116.2299626628014835 ) ) ;
#2568 = LINE ( 'NONE', #2382, #2048 ) ;
#2569 = EDGE_CURVE ( 'NONE', #381, #1411, #2722, .T. ) ;
#2570 = CARTESIAN_POINT ( 'NONE',  ( 167.7363783421450023, -130.8294928209240027, 111.1643259181415999 ) ) ;
#2571 = DIRECTION ( 'NONE',  ( -1.000000000000000000, 0.000000000000000000, 0.000000000000000000 ) ) ;
#2572 = ADVANCED_FACE ( 'NONE', ( #2999 ), #2095, .F. ) ;
#2573 = DIRECTION ( 'NONE',  ( 0.000000000000000000, -1.777619882654805179E-15, -1.000000000000000000 ) ) ;
#2574 = ORIENTED_EDGE ( 'NONE', *, *, #2127, .F. ) ;
#2575 = EDGE_LOOP ( 'NONE', ( #1968, #2245, #2665, #1179, #2441 ) ) ;
#2576 = CARTESIAN_POINT ( 'NONE',  ( 149.3948783421407995, -126.3307771246486055, 113.9014131133686050 ) ) ;
#2577 = ORIENTED_EDGE ( 'NONE', *, *, #2966, .F. ) ;
#2578 = EDGE_CURVE ( 'NONE', #616, #2783, #1604, .T. ) ;
#2579 = EDGE_CURVE ( 'NONE', #823, #3045, #161, .T. ) ;
#2580 = ORIENTED_EDGE ( 'NONE', *, *, #2758, .F. ) ;
#2581 = CARTESIAN_POINT ( 'NONE',  ( 170.6893233611688174, -126.5029508646611021, 113.9744569813275064 ) ) ;
#2582 = CARTESIAN_POINT ( 'NONE',  ( 170.7909236258437033, -135.1452861362246551, 113.8954501889263611 ) ) ;
#2583 = DIRECTION ( 'NONE',  ( -2.060936357395569985E-16, 2.190929530496220303E-15, 1.000000000000000000 ) ) ;
#2584 = CARTESIAN_POINT ( 'NONE',  ( 149.3948783421407995, -126.3307771246486055, 113.9014131133686050 ) ) ;
#2585 = CARTESIAN_POINT ( 'NONE',  ( 135.1768364872676216, -119.4194853061872124, 114.2143259181413981 ) ) ;
#2586 = ADVANCED_FACE ( 'NONE', ( #1106 ), #1163, .T. ) ;
#2587 = ADVANCED_FACE ( 'NONE', ( #2028 ), #2753, .F. ) ;
#2588 = ORIENTED_EDGE ( 'NONE', *, *, #584, .T. ) ;
#2589 = VERTEX_POINT ( 'NONE', #638 ) ;
#2590 = VERTEX_POINT ( 'NONE', #3021 ) ;
#2591 = ORIENTED_EDGE ( 'NONE', *, *, #2227, .T. ) ;
#2592 = CARTESIAN_POINT ( 'NONE',  ( 130.2448783421450287, -130.8294928209240027, 117.4643259181415971 ) ) ;
#2593 = DIRECTION ( 'NONE',  ( 0.000000000000000000, 1.827076521274325054E-15, 1.000000000000000000 ) ) ;
#2594 = CARTESIAN_POINT ( 'NONE',  ( 167.3353674970093437, -134.8034547595508457, 116.2567297885430690 ) ) ;
#2595 = CARTESIAN_POINT ( 'NONE',  ( 127.8198783421424025, -119.4194928209239919, 111.2143259181415971 ) ) ;
#2596 = CARTESIAN_POINT ( 'NONE',  ( 122.3953779031837996, -140.4194928209240061, 111.1643259181415999 ) ) ;
#2597 = ADVANCED_FACE ( 'NONE', ( #2949 ), #1317, .F. ) ;
#2598 = CARTESIAN_POINT ( 'NONE',  ( 173.0388486260299885, -128.1214718463834004, 111.1643259181415999 ) ) ;
#2599 = CARTESIAN_POINT ( 'NONE',  ( 122.5508943902813996, -119.8694928209240089, 110.7643259181415942 ) ) ;
#2600 = CIRCLE ( 'NONE', #2403, 1.700000000000007061 ) ;
#2601 = VECTOR ( 'NONE', #53, 1000.000000000000000 ) ;
#2602 = EDGE_LOOP ( 'NONE', ( #670, #2252, #783, #2808 ) ) ;
#2603 = EDGE_CURVE ( 'NONE', #1217, #351, #2524, .T. ) ;
#2604 = VECTOR ( 'NONE', #1453, 1000.000000000000000 ) ;
#2605 = ORIENTED_EDGE ( 'NONE', *, *, #816, .T. ) ;
#2606 = LINE ( 'NONE', #1648, #1512 ) ;
#2607 = CARTESIAN_POINT ( 'NONE',  ( 147.6948783421405835, -126.3307771246486055, 113.9014131133686050 ) ) ;
#2608 = DIRECTION ( 'NONE',  ( 0.7071067811865574537, 0.7071067811865374697, -1.181887749358691162E-15 ) ) ;
#2609 = VECTOR ( 'NONE', #2167, 1000.000000000000000 ) ;
#2610 = CARTESIAN_POINT ( 'NONE',  ( 138.1768364872676216, -119.4194928209239919, 114.2143259181413981 ) ) ;
#2611 = CARTESIAN_POINT ( 'NONE',  ( 151.3774489204974714, -116.7307771246486112, 111.1107849138085868 ) ) ;
#2612 = ORIENTED_EDGE ( 'NONE', *, *, #2680, .F. ) ;
#2613 = CARTESIAN_POINT ( 'NONE',  ( 138.1768364872676216, -123.4194853061869992, 114.2143259181413981 ) ) ;
#2614 = CARTESIAN_POINT ( 'NONE',  ( 160.1768364872664847, -123.4194853061869992, 114.2144502228033929 ) ) ;
#2615 = EDGE_LOOP ( 'NONE', ( #2331, #1772, #3048, #1568 ) ) ;
#2616 = ORIENTED_EDGE ( 'NONE', *, *, #526, .F. ) ;
#2617 = LINE ( 'NONE', #2592, #1914 ) ;
#2618 = CARTESIAN_POINT ( 'NONE',  ( 144.7448783421405949, -120.9823300180354124, 111.1643295077162037 ) ) ;
#2619 = DIRECTION ( 'NONE',  ( 0.000000000000000000, 1.777619882654805179E-15, 1.000000000000000000 ) ) ;
#2620 = EDGE_CURVE ( 'NONE', #681, #1517, #765, .T. ) ;
#2621 = ADVANCED_FACE ( 'NONE', ( #190 ), #2834, .F. ) ;
#2622 = PLANE ( 'NONE',  #3000 ) ;
#2623 = CARTESIAN_POINT ( 'NONE',  ( 144.4075595928366056, -116.3307771246486055, 111.1643259181415999 ) ) ;
#2624 = DIRECTION ( 'NONE',  ( -2.950063347725400286E-15, 1.000000000000000000, -1.999664487579840037E-15 ) ) ;
#2625 = CARTESIAN_POINT ( 'NONE',  ( 167.3363783421450250, -130.8294928209240027, 117.6643259181415999 ) ) ;
#2626 = EDGE_CURVE ( 'NONE', #820, #2915, #2143, .T. ) ;
#2627 = ADVANCED_FACE ( 'NONE', ( #1155 ), #1361, .T. ) ;
#2628 = VERTEX_POINT ( 'NONE', #2323 ) ;
#2629 = AXIS2_PLACEMENT_3D ( 'NONE', #2678, #2436, #1467 ) ;
#2630 = EDGE_CURVE ( 'NONE', #2158, #675, #204, .T. ) ;
#2631 = ORIENTED_EDGE ( 'NONE', *, *, #1927, .F. ) ;
#2632 = VERTEX_POINT ( 'NONE', #603 ) ;
#2633 = CARTESIAN_POINT ( 'NONE',  ( 121.6448783421449917, -130.8294928209240027, 110.9643259181415971 ) ) ;
#2634 = DIRECTION ( 'NONE',  ( 1.000000000000000000, -2.000000000730910155E-15, 0.000000000000000000 ) ) ;
#2635 = CARTESIAN_POINT ( 'NONE',  ( 161.2171130401609958, -140.4194928209240061, 103.6640618979713935 ) ) ;
#2636 = ADVANCED_FACE ( 'NONE', ( #373 ), #1790, .F. ) ;
#2637 = CARTESIAN_POINT ( 'NONE',  ( 143.9766000114321969, -123.6944928209239976, 111.1106872249574025 ) ) ;
#2638 = ADVANCED_FACE ( 'NONE', ( #619 ), #1428, .T. ) ;
#2639 = CARTESIAN_POINT ( 'NONE',  ( 128.3264133957331978, -134.6469472787573238, 116.3649855904773034 ) ) ;
#2640 = DIRECTION ( 'NONE',  ( -1.000000000000000000, 0.000000000000000000, 0.000000000000000000 ) ) ;
#2641 = VERTEX_POINT ( 'NONE', #1198 ) ;
#2642 = DIRECTION ( 'NONE',  ( -1.650591889603809915E-15, -1.000000000000000000, 2.157830498458860144E-15 ) ) ;
#2643 = ORIENTED_EDGE ( 'NONE', *, *, #265, .T. ) ;
#2644 = AXIS2_PLACEMENT_3D ( 'NONE', #1262, #2235, #2730 ) ;
#2645 =( BOUNDED_CURVE ( )  B_SPLINE_CURVE ( 3, ( #1992, #2489, #2933, #824 ),
 .UNSPECIFIED., .F., .T. ) 
 B_SPLINE_CURVE_WITH_KNOTS ( ( 4, 4 ),
 ( 0.2981598565026590264, 0.3089752122017859759 ),
 .UNSPECIFIED. ) 
 CURVE ( )  GEOMETRIC_REPRESENTATION_ITEM ( )  RATIONAL_B_SPLINE_CURVE ( ( 1.000000000000000000, 0.9999902523638459773, 0.9999902523638459773, 1.000000000000000000 ) ) 
 REPRESENTATION_ITEM ( '' )  );
#2646 = ORIENTED_EDGE ( 'NONE', *, *, #45, .T. ) ;
#2647 = CARTESIAN_POINT ( 'NONE',  ( 144.3448783421405892, -125.6281013729488052, 117.6643259181415999 ) ) ;
#2648 = ORIENTED_EDGE ( 'NONE', *, *, #2377, .T. ) ;
#2649 = VERTEX_POINT ( 'NONE', #2106 ) ;
#2650 = AXIS2_PLACEMENT_3D ( 'NONE', #2430, #2674, #574 ) ;
#2651 = CIRCLE ( 'NONE', #786, 3.000000000000002665 ) ;
#2652 = CARTESIAN_POINT ( 'NONE',  ( 135.1768364872676216, -119.4194928209239919, 114.2143259181413981 ) ) ;
#2653 = CARTESIAN_POINT ( 'NONE',  ( 142.8606498988851854, -116.5307771246485942, 113.4423107035841980 ) ) ;
#2654 = LINE ( 'NONE', #337, #932 ) ;
#2655 = CARTESIAN_POINT ( 'NONE',  ( 124.0572998923900627, -134.9194171473182280, 113.3001990018661189 ) ) ;
#2656 = VECTOR ( 'NONE', #2049, 1000.000000000000114 ) ;
#2657 = ADVANCED_FACE ( 'NONE', ( #464 ), #1913, .F. ) ;
#2658 = DIRECTION ( 'NONE',  ( -0.8660254037844387076, -1.442774304938601760E-15, -0.4999999999999998890 ) ) ;
#2659 = AXIS2_PLACEMENT_3D ( 'NONE', #1701, #1462, #1421 ) ;
#2660 = CARTESIAN_POINT ( 'NONE',  ( 173.0388486260299885, -128.1214718463834004, 111.1643259181415999 ) ) ;
#2661 = ORIENTED_EDGE ( 'NONE', *, *, #2185, .F. ) ;
#2662 = CARTESIAN_POINT ( 'NONE',  ( 149.9533783421451858, -130.7794928209240197, 110.7558258704579970 ) ) ;
#2663 = CARTESIAN_POINT ( 'NONE',  ( 136.8768364872676102, -140.4194928209240061, 114.2143259181415971 ) ) ;
#2664 = AXIS2_PLACEMENT_3D ( 'NONE', #1511, #1763, #2936 ) ;
#2665 = ORIENTED_EDGE ( 'NONE', *, *, #951, .F. ) ;
#2666 = ORIENTED_EDGE ( 'NONE', *, *, #350, .T. ) ;
#2667 = LINE ( 'NONE', #850, #3001 ) ;
#2668 = DIRECTION ( 'NONE',  ( -1.000000000000000000, 0.000000000000000000, 0.000000000000000000 ) ) ;
#2669 = EDGE_CURVE ( 'NONE', #1797, #2543, #1681, .T. ) ;
#2670 = FACE_OUTER_BOUND ( 'NONE', #2487, .T. ) ;
#2671 = DIRECTION ( 'NONE',  ( 0.000000000000000000, -1.000000000000000000, -1.491260498375597747E-16 ) ) ;
#2672 = CARTESIAN_POINT ( 'NONE',  ( 124.2363783421450023, -130.8294928209240027, 111.1643259181415999 ) ) ;
#2673 = EDGE_LOOP ( 'NONE', ( #1645, #1598, #757, #608, #1486 ) ) ;
#2674 = DIRECTION ( 'NONE',  ( 0.000000000000000000, -2.000000000000000155E-15, -1.000000000000000000 ) ) ;
#2675 = PLANE ( 'NONE',  #2664 ) ;
#2676 = ORIENTED_EDGE ( 'NONE', *, *, #2857, .F. ) ;
#2677 = EDGE_LOOP ( 'NONE', ( #1388, #2272 ) ) ;
#2678 = CARTESIAN_POINT ( 'NONE',  ( 169.4448783421449889, -130.8294928209240027, 110.7643259181415942 ) ) ;
#2679 = EDGE_CURVE ( 'NONE', #2628, #503, #21, .T. ) ;
#2680 = EDGE_CURVE ( 'NONE', #2144, #1595, #1404, .T. ) ;
#2681 = ORIENTED_EDGE ( 'NONE', *, *, #2018, .F. ) ;
#2682 = LINE ( 'NONE', #1722, #1071 ) ;
#2683 = CARTESIAN_POINT ( 'NONE',  ( 125.9448783421450173, -130.8294928209240027, 110.7643259181415942 ) ) ;
#2684 = ORIENTED_EDGE ( 'NONE', *, *, #2055, .T. ) ;
#2685 = VECTOR ( 'NONE', #2608, 1000.000000000000114 ) ;
#2686 = CARTESIAN_POINT ( 'NONE',  ( 146.7356462116945863, -120.5367099249736071, 111.1643295077162037 ) ) ;
#2687 = FACE_OUTER_BOUND ( 'NONE', #1751, .T. ) ;
#2688 = CARTESIAN_POINT ( 'NONE',  ( 129.3641444104285085, -133.7546455653705380, 116.7963361740328310 ) ) ;
#2689 = CARTESIAN_POINT ( 'NONE',  ( 166.0346312964211393, -127.8942377380791982, 116.8093672675755670 ) ) ;
#2690 = EDGE_CURVE ( 'NONE', #1836, #1517, #1619, .T. ) ;
#2691 = CARTESIAN_POINT ( 'NONE',  ( 140.6907205911738004, -116.7307771246486112, 117.6643259181415999 ) ) ;
#2692 = ORIENTED_EDGE ( 'NONE', *, *, #1059, .T. ) ;
#2693 = DIRECTION ( 'NONE',  ( -1.000000000000000000, 0.000000000000000000, 0.000000000000000000 ) ) ;
#2694 = ORIENTED_EDGE ( 'NONE', *, *, #479, .F. ) ;
#2695 = VECTOR ( 'NONE', #586, 1000.000000000000227 ) ;
#2696 = EDGE_CURVE ( 'NONE', #2475, #564, #920, .T. ) ;
#2697 = ORIENTED_EDGE ( 'NONE', *, *, #389, .F. ) ;
#2698 = DIRECTION ( 'NONE',  ( 1.311582874309663909E-08, -0.7071067811863660513, 0.7071067811867288722 ) ) ;
#2699 = VECTOR ( 'NONE', #3003, 1000.000000000000000 ) ;
#2700 = DIRECTION ( 'NONE',  ( -1.000000000000000000, 0.000000000000000000, 0.000000000000000000 ) ) ;
#2701 = ORIENTED_EDGE ( 'NONE', *, *, #133, .F. ) ;
#2702 = CARTESIAN_POINT ( 'NONE',  ( 125.9448783421450173, -130.8294928209240027, 110.7558258704579970 ) ) ;
#2703 = DIRECTION ( 'NONE',  ( -1.000000000000000000, 0.000000000000000000, 0.000000000000000000 ) ) ;
#2704 = AXIS2_PLACEMENT_3D ( 'NONE', #790, #2220, #2486 ) ;
#2705 = CARTESIAN_POINT ( 'NONE',  ( 130.0554359372335682, -132.6813971284223328, 117.0318591987019659 ) ) ;
#2706 = AXIS2_PLACEMENT_3D ( 'NONE', #59, #1938, #1703 ) ;
#2707 = EDGE_LOOP ( 'NONE', ( #1705, #443, #1244, #1868 ) ) ;
#2708 = DIRECTION ( 'NONE',  ( 1.000000000000000000, 2.950063347725260263E-15, -8.799331027317239701E-30 ) ) ;
#2709 = PRESENTATION_LAYER_ASSIGNMENT (  '', '', ( #987 ) ) ;
#2710 = ORIENTED_EDGE ( 'NONE', *, *, #914, .T. ) ;
#2711 =( NAMED_UNIT ( * ) PLANE_ANGLE_UNIT ( ) SI_UNIT ( $, .RADIAN. ) );
#2712 = ORIENTED_EDGE ( 'NONE', *, *, #2919, .F. ) ;
#2713 = ORIENTED_EDGE ( 'NONE', *, *, #1903, .F. ) ;
#2714 = DIRECTION ( 'NONE',  ( 0.5002114874030946234, -2.558604376796018362E-16, -0.8659032670396754616 ) ) ;
#2715 = FACE_OUTER_BOUND ( 'NONE', #152, .T. ) ;
#2716 = EDGE_LOOP ( 'NONE', ( #1669, #578, #456, #652 ) ) ;
#2717 = DIRECTION ( 'NONE',  ( 1.000000000000000000, 0.000000000000000000, 0.000000000000000000 ) ) ;
#2718 = LINE ( 'NONE', #903, #187 ) ;
#2719 = EDGE_CURVE ( 'NONE', #1139, #2030, #218, .T. ) ;
#2720 = DIRECTION ( 'NONE',  ( -0.5773502691896460481, 0.5773502691895960881, -0.5773502691896350569 ) ) ;
#2721 = EDGE_CURVE ( 'NONE', #2559, #1631, #1210, .T. ) ;
#2722 = B_SPLINE_CURVE_WITH_KNOTS ( 'NONE', 3,
 ( #99, #1980, #1041, #796, #555, #811, #2010, #2705, #324, #1729, #2922, #2226, #1252, #1744, #2688, #590, #1507, #1288, #305, #113, #1056, #2639, #1010, #1023, #2480, #1994, #779, #1760, #358, #1963, #2904, #522, #1303, #2242, #128, #1068, #764, #1697, #2414, #541, #292, #1240, #2178, #64, #1947, #2888, #1711, #2655, #1476, #173, #2044, #2786, #1348, #2508, #1334, #1554, #2277, #905 ),
 .UNSPECIFIED., .F., .F.,
 ( 4, 2, 2, 2, 2, 2, 1, 2, 2, 2, 2, 1, 2, 2, 2, 2, 1, 1, 1, 2, 2, 2, 2, 1, 1, 1, 2, 2, 2, 1, 1, 2, 2, 4 ),
 ( 0.000000000000000000, 0.06250000000002202405, 0.09375000000002989275, 0.1250000000000377753, 0.1875000000000535127, 0.2187500000000621725, 0.2343750000000655309, 0.2421875000000695832, 0.2500000000000736078, 0.3125000000000661138, 0.3437500000000642819, 0.3593750000000669464, 0.3671875000000673350, 0.3750000000000676681, 0.4375000000000786593, 0.4687500000000815459, 0.4843750000000803801, 0.4921875000000803246, 0.4960937500000803246, 0.4980468750000803801, 0.5000000000000803801, 0.6250000000001179057, 0.6875000000001368905, 0.7187500000001457723, 0.7343750000001502132, 0.7421875000001504352, 0.7460937500001502132, 0.7500000000001499911, 0.8125000000001211253, 0.8437500000001055822, 0.8593750000000968114, 0.8671875000000910383, 0.8750000000000853762, 1.000000000000000000 ),
 .UNSPECIFIED. ) ;
#2723 = CARTESIAN_POINT ( 'NONE',  ( 122.4610394681752155, -128.3771033993564288, 110.9240952511849656 ) ) ;
#2724 = VERTEX_POINT ( 'NONE', #37 ) ;
#2725 = LINE ( 'NONE', #1272, #701 ) ;
#2726 = DIRECTION ( 'NONE',  ( 1.000000000000000000, -2.000000000000000155E-15, 0.000000000000000000 ) ) ;
#2727 = DIRECTION ( 'NONE',  ( 3.965007530377729245E-15, 1.982503765188864623E-15, 1.000000000000000000 ) ) ;
#2728 = EDGE_CURVE ( 'NONE', #990, #675, #1886, .T. ) ;
#2729 = ORIENTED_EDGE ( 'NONE', *, *, #685, .F. ) ;
#2730 = DIRECTION ( 'NONE',  ( 1.000000000000000000, 0.000000000000000000, 0.000000000000000000 ) ) ;
#2731 = EDGE_LOOP ( 'NONE', ( #489, #1828, #973, #2778 ) ) ;
#2732 = CARTESIAN_POINT ( 'NONE',  ( 169.4448783421449889, -130.8294928209240027, 110.7643259181415942 ) ) ;
#2733 = VERTEX_POINT ( 'NONE', #705 ) ;
#2734 = ORIENTED_EDGE ( 'NONE', *, *, #2739, .F. ) ;
#2735 = CARTESIAN_POINT ( 'NONE',  ( 134.2171133453901746, -119.4194928209239919, 117.2143259181413981 ) ) ;
#2736 = DIRECTION ( 'NONE',  ( -1.000000000000000000, 2.000000000000000155E-15, 0.000000000000000000 ) ) ;
#2737 = AXIS2_PLACEMENT_3D ( 'NONE', #1138, #436, #1378 ) ;
#2738 = COLOUR_RGB ( '',0.1882352941176470562, 0.2313725490196078538, 0.5882352941176470784 ) ;
#2739 = EDGE_CURVE ( 'NONE', #110, #1580, #935, .T. ) ;
#2740 = CARTESIAN_POINT ( 'NONE',  ( 146.7356462116945863, -124.5559224488799970, 111.1643295077162037 ) ) ;
#2741 = FACE_OUTER_BOUND ( 'NONE', #895, .T. ) ;
#2742 = FACE_OUTER_BOUND ( 'NONE', #725, .T. ) ;
#2743 = DIRECTION ( 'NONE',  ( 2.000000000000000155E-15, 1.000000000000000000, -1.982503765188874878E-15 ) ) ;
#2744 = ORIENTED_EDGE ( 'NONE', *, *, #33, .F. ) ;
#2745 = DIRECTION ( 'NONE',  ( 0.000000000000000000, -1.777619882654805179E-15, -1.000000000000000000 ) ) ;
#2746 = EDGE_LOOP ( 'NONE', ( #2666, #2835, #957, #1451 ) ) ;
#2747 = CARTESIAN_POINT ( 'NONE',  ( 152.8263519881679997, -123.0428440075419871, 120.8376771047595923 ) ) ;
#2748 = ORIENTED_EDGE ( 'NONE', *, *, #2055, .F. ) ;
#2749 = EDGE_LOOP ( 'NONE', ( #2172, #2909, #1627, #711 ) ) ;
#2750 = AXIS2_PLACEMENT_3D ( 'NONE', #1757, #570, #2477 ) ;
#2751 = FACE_OUTER_BOUND ( 'NONE', #525, .T. ) ;
#2752 = CARTESIAN_POINT ( 'NONE',  ( 123.0559059172087615, -127.3791069475702642, 112.1162021452342117 ) ) ;
#2753 = CYLINDRICAL_SURFACE ( 'NONE', #1113, 1.708500000000001684 ) ;
#2754 = CONICAL_SURFACE ( 'NONE', #2205, 1.900000000000012790, 0.7853981633974602694 ) ;
#2755 = COLOUR_RGB ( '',0.1882352941176470562, 0.2313725490196078538, 0.5882352941176470784 ) ;
#2756 = LINE ( 'NONE', #640, #2944 ) ;
#2757 = CARTESIAN_POINT ( 'NONE',  ( 125.9448783421450173, -130.8294928209240027, 111.1643259181415999 ) ) ;
#2758 = EDGE_CURVE ( 'NONE', #278, #1783, #1638, .T. ) ;
#2759 = LINE ( 'NONE', #363, #1710 ) ;
#2760 =( LENGTH_UNIT ( ) NAMED_UNIT ( * ) SI_UNIT ( .MILLI., .METRE. ) );
#2761 = EDGE_CURVE ( 'NONE', #441, #473, #963, .T. ) ;
#2762 = VECTOR ( 'NONE', #983, 1000.000000000000000 ) ;
#2763 = ORIENTED_EDGE ( 'NONE', *, *, #1501, .F. ) ;
#2764 = DIRECTION ( 'NONE',  ( -0.5002114874030947345, 0.000000000000000000, 0.8659032670396755726 ) ) ;
#2765 = ORIENTED_EDGE ( 'NONE', *, *, #1199, .F. ) ;
#2766 = VECTOR ( 'NONE', #2285, 1000.000000000000000 ) ;
#2767 = CARTESIAN_POINT ( 'NONE',  ( 125.9448783421450173, -130.8294928209240027, 117.2643259181417932 ) ) ;
#2768 = VERTEX_POINT ( 'NONE', #1897 ) ;
#2769 = CARTESIAN_POINT ( 'NONE',  ( 171.1901336105858320, -126.6816978949113803, 113.4898710800374317 ) ) ;
#2770 = CARTESIAN_POINT ( 'NONE',  ( 127.2410162764754631, -126.5139775247749441, 115.8053391849355762 ) ) ;
#2772 = EDGE_CURVE ( 'NONE', #460, #503, #2568, .T. ) ;
#2771 = VECTOR ( 'NONE', #2108, 1000.000000000000000 ) ;
#2773 = DIRECTION ( 'NONE',  ( -1.000000000000000000, 0.000000000000000000, 0.000000000000000000 ) ) ;
#2774 = ORIENTED_EDGE ( 'NONE', *, *, #1834, .T. ) ;
#2775 = FACE_OUTER_BOUND ( 'NONE', #343, .T. ) ;
#2776 = CARTESIAN_POINT ( 'NONE',  ( 147.6948783421405835, -126.3307771246486055, 113.9014131133686050 ) ) ;
#2777 = FACE_OUTER_BOUND ( 'NONE', #1264, .T. ) ;
#2778 = ORIENTED_EDGE ( 'NONE', *, *, #595, .F. ) ;
#2779 = ADVANCED_FACE ( 'NONE', ( #2351 ), #2367, .T. ) ;
#2780 = LINE ( 'NONE', #928, #277 ) ;
#2781 = EDGE_CURVE ( 'NONE', #107, #1510, #562, .T. ) ;
#2782 = DIRECTION ( 'NONE',  ( -1.000000000000000000, 0.000000000000000000, 0.000000000000000000 ) ) ;
#2783 = VERTEX_POINT ( 'NONE', #731 ) ;
#2784 = CARTESIAN_POINT ( 'NONE',  ( 168.0687769060479013, -126.5439791105230114, 115.8738813294113612 ) ) ;
#2785 = CARTESIAN_POINT ( 'NONE',  ( 123.7943959791576845, -126.8752382771373419, 113.0124000318817821 ) ) ;
#2786 = CARTESIAN_POINT ( 'NONE',  ( 123.3471468046953845, -134.5045113679260282, 112.4878151555032133 ) ) ;
#2787 = ORIENTED_EDGE ( 'NONE', *, *, #248, .F. ) ;
#2788 = DIRECTION ( 'NONE',  ( 0.000000000000000000, -1.999664487579840037E-15, -1.000000000000000000 ) ) ;
#2789 = DIRECTION ( 'NONE',  ( -0.4997884822691749385, 0.000000000000000000, -0.8661474891674481036 ) ) ;
#2790 = AXIS2_PLACEMENT_3D ( 'NONE', #771, #312, #1030 ) ;
#2791 = CARTESIAN_POINT ( 'NONE',  ( 165.3448783421449946, -130.8294928209240027, 117.6643259181415999 ) ) ;
#2792 = ORIENTED_EDGE ( 'NONE', *, *, #1581, .F. ) ;
#2793 = CARTESIAN_POINT ( 'NONE',  ( 122.5508943902813996, -119.8694928209240089, 110.7643259181415942 ) ) ;
#2794 = CARTESIAN_POINT ( 'NONE',  ( 121.6448783421449917, -130.8294928209240027, 117.4643259181415971 ) ) ;
#2795 = ORIENTED_EDGE ( 'NONE', *, *, #1144, .F. ) ;
#2796 = ORIENTED_EDGE ( 'NONE', *, *, #1904, .T. ) ;
#2797 = DIRECTION ( 'NONE',  ( 0.000000000000000000, -1.000000000000000000, -1.491260498375601938E-16 ) ) ;
#2798 = CARTESIAN_POINT ( 'NONE',  ( 167.8396345289674514, -135.0347727117602119, 115.9996678302410089 ) ) ;
#2799 = CYLINDRICAL_SURFACE ( 'NONE', #1646, 14.00026402017000926 ) ;
#2800 = AXIS2_PLACEMENT_3D ( 'NONE', #2268, #2745, #1849 ) ;
#2801 = ORIENTED_EDGE ( 'NONE', *, *, #1123, .F. ) ;
#2802 = DIRECTION ( 'NONE',  ( 0.000000000000000000, -1.000000000000000000, -1.491260498375597747E-16 ) ) ;
#2803 = DIRECTION ( 'NONE',  ( -2.060936357395569985E-16, 2.190929530496220303E-15, 1.000000000000000000 ) ) ;
#2804 = AXIS2_PLACEMENT_3D ( 'NONE', #2427, #825, #1979 ) ;
#2805 = CARTESIAN_POINT ( 'NONE',  ( 148.6541104725868081, -123.3367099249736043, 111.1643295077162037 ) ) ;
#2806 = EDGE_CURVE ( 'NONE', #240, #1312, #1354, .T. ) ;
#2807 = ORIENTED_EDGE ( 'NONE', *, *, #1145, .T. ) ;
#2808 = ORIENTED_EDGE ( 'NONE', *, *, #2620, .T. ) ;
#2809 = CARTESIAN_POINT ( 'NONE',  ( 147.6948783421452163, -130.7794928209240197, 110.7643259181415942 ) ) ;
#2810 = ORIENTED_EDGE ( 'NONE', *, *, #1145, .F. ) ;
#2811 = ORIENTED_EDGE ( 'NONE', *, *, #125, .T. ) ;
#2812 = VECTOR ( 'NONE', #2863, 1000.000000000000114 ) ;
#2813 = CARTESIAN_POINT ( 'NONE',  ( 150.6448783421405153, -123.3367099249736043, 117.6643295077162037 ) ) ;
#2814 = CARTESIAN_POINT ( 'NONE',  ( 167.4727181581173170, -134.8744128390933099, 116.1892941472744809 ) ) ;
#2815 = DIRECTION ( 'NONE',  ( -0.7071067811865899833, 2.828189881638720414E-15, 0.7071067811865050512 ) ) ;
#2816 = ADVANCED_FACE ( 'NONE', ( #686 ), #2799, .T. ) ;
#2817 = AXIS2_PLACEMENT_3D ( 'NONE', #1108, #875, #1810 ) ;
#2818 = CARTESIAN_POINT ( 'NONE',  ( 154.6590038554344915, -123.6944928209239976, 117.6643259181415999 ) ) ;
#2819 = CARTESIAN_POINT ( 'NONE',  ( 142.0096238357630227, -118.3878175193795954, 112.2460012196860077 ) ) ;
#2820 = CARTESIAN_POINT ( 'NONE',  ( 140.5657734630246125, -123.6944928209239976, 117.4478501013818033 ) ) ;
#2821 = ORIENTED_EDGE ( 'NONE', *, *, #2437, .F. ) ;
#2822 = EDGE_LOOP ( 'NONE', ( #1660, #2469 ) ) ;
#2823 = ORIENTED_EDGE ( 'NONE', *, *, #2850, .F. ) ;
#2824 = ORIENTED_EDGE ( 'NONE', *, *, #2868, .T. ) ;
#2825 = EDGE_CURVE ( 'NONE', #70, #2544, #1995, .T. ) ;
#2826 = FACE_OUTER_BOUND ( 'NONE', #2575, .T. ) ;
#2827 = DIRECTION ( 'NONE',  ( 0.4999999999999998890, -3.176962876005114236E-16, 0.8660254037844387076 ) ) ;
#2828 = DIRECTION ( 'NONE',  ( -1.000000000000000000, 0.000000000000000000, 0.000000000000000000 ) ) ;
#2829 = CARTESIAN_POINT ( 'NONE',  ( 173.0755671827859885, -140.4194928209240061, 111.1061353981270088 ) ) ;
#2830 = LINE ( 'NONE', #1418, #782 ) ;
#2831 = CARTESIAN_POINT ( 'NONE',  ( 122.4547768694515923, -140.4194928209240061, 110.9352306592152075 ) ) ;
#2832 = ADVANCED_FACE ( 'NONE', ( #1694 ), #121, .T. ) ;
#2833 = CARTESIAN_POINT ( 'NONE',  ( 144.7448783421405949, -120.5367099249736071, 117.2643259181415942 ) ) ;
#2834 = CONICAL_SURFACE ( 'NONE', #2492, 1.900000000000012790, 0.7853981633974602694 ) ;
#2835 = ORIENTED_EDGE ( 'NONE', *, *, #479, .T. ) ;
#2836 = ORIENTED_EDGE ( 'NONE', *, *, #1266, .F. ) ;
#2837 = ORIENTED_EDGE ( 'NONE', *, *, #2082, .F. ) ;
#2838 = CARTESIAN_POINT ( 'NONE',  ( 150.6448783421405153, -120.5367099249736071, 117.2643259181415942 ) ) ;
#2839 = CARTESIAN_POINT ( 'NONE',  ( 171.2075937083396582, -134.9698039376646932, 113.4721204540965829 ) ) ;
#2840 = CARTESIAN_POINT ( 'NONE',  ( 147.6948783421452163, -130.7794928209240197, 111.1643259181415999 ) ) ;
#2841 = FACE_OUTER_BOUND ( 'NONE', #596, .T. ) ;
#2842 = DIRECTION ( 'NONE',  ( -3.461415318997995026E-31, 1.814603282406019986E-15, 1.000000000000000000 ) ) ;
#2843 = VECTOR ( 'NONE', #809, 1000.000000000000000 ) ;
#2844 = ORIENTED_EDGE ( 'NONE', *, *, #664, .T. ) ;
#2845 = DIRECTION ( 'NONE',  ( 0.000000000000000000, 1.000000000000000000, -3.080613658162890380E-15 ) ) ;
#2846 = CONICAL_SURFACE ( 'NONE', #1225, 2.458500000000002572, 0.7853981633975182231 ) ;
#2847 = LINE ( 'NONE', #484, #1335 ) ;
#2848 = ORIENTED_EDGE ( 'NONE', *, *, #1169, .F. ) ;
#2849 = ADVANCED_FACE ( 'NONE', ( #2161 ), #994, .T. ) ;
#2850 = EDGE_CURVE ( 'NONE', #1997, #2264, #2881, .T. ) ;
#2851 = ORIENTED_EDGE ( 'NONE', *, *, #2806, .F. ) ;
#2852 = DIRECTION ( 'NONE',  ( 0.3777817554269262690, 0.6547064018575695643, 0.6547064018575536881 ) ) ;
#2853 = CYLINDRICAL_SURFACE ( 'NONE', #1383, 1.700000000000007061 ) ;
#2854 = CARTESIAN_POINT ( 'NONE',  ( 127.8198783421424025, -119.4194928209239919, 117.2143259181415971 ) ) ;
#2855 = AXIS2_PLACEMENT_3D ( 'NONE', #2435, #814, #117 ) ;
#2856 = VECTOR ( 'NONE', #2642, 1000.000000000000000 ) ;
#2857 = EDGE_CURVE ( 'NONE', #1585, #1242, #2243, .T. ) ;
#2858 = CARTESIAN_POINT ( 'NONE',  ( 122.3586593486218135, -140.3613023030711986, 111.1061354002890056 ) ) ;
#2859 = CARTESIAN_POINT ( 'NONE',  ( 172.8833321446835214, -134.1694928209240345, 110.7643259181415942 ) ) ;
#2860 = CIRCLE ( 'NONE', #2219, 3.000000000000002665 ) ;
#2861 = CARTESIAN_POINT ( 'NONE',  ( 165.8624839749168700, -128.1062560389163991, 116.8712473058406545 ) ) ;
#2862 = EDGE_CURVE ( 'NONE', #47, #415, #1514, .T. ) ;
#2863 = DIRECTION ( 'NONE',  ( 0.3778731135162451960, 0.6546800402034355093, 0.6546800402034316235 ) ) ;
#2864 = AXIS2_PLACEMENT_3D ( 'NONE', #2163, #1187, #2571 ) ;
#2865 = VERTEX_POINT ( 'NONE', #579 ) ;
#2866 = ORIENTED_EDGE ( 'NONE', *, *, #54, .F. ) ;
#2867 = EDGE_CURVE ( 'NONE', #2875, #1804, #3036, .T. ) ;
#2868 = EDGE_CURVE ( 'NONE', #321, #1432, #1482, .T. ) ;
#2869 = VERTEX_POINT ( 'NONE', #561 ) ;
#2870 = FACE_OUTER_BOUND ( 'NONE', #748, .T. ) ;
#2871 = DIRECTION ( 'NONE',  ( -1.000000000000000000, 0.000000000000000000, 0.000000000000000000 ) ) ;
#2872 = DIRECTION ( 'NONE',  ( 0.9999811603206388844, -1.982503728189825225E-15, 0.006138322554965944602 ) ) ;
#2873 = CARTESIAN_POINT ( 'NONE',  ( 149.7948783421405778, -116.3307771246486055, 113.9014131133686050 ) ) ;
#2874 = CARTESIAN_POINT ( 'NONE',  ( 124.2363783421450023, -130.8294928209240027, 110.7558258704579970 ) ) ;
#2875 = VERTEX_POINT ( 'NONE', #88 ) ;
#2876 = CARTESIAN_POINT ( 'NONE',  ( 167.4942992290178552, -126.7672753392622980, 116.1805506693106622 ) ) ;
#2877 = EDGE_LOOP ( 'NONE', ( #3043, #2058, #2039, #709, #1481, #95 ) ) ;
#2878 = LINE ( 'NONE', #1937, #2812 ) ;
#2879 = ORIENTED_EDGE ( 'NONE', *, *, #454, .F. ) ;
#2880 = FACE_OUTER_BOUND ( 'NONE', #2918, .T. ) ;
#2881 = LINE ( 'NONE', #2647, #2293 ) ;
#2882 = VECTOR ( 'NONE', #1540, 1000.000000000000000 ) ;
#2883 = ORIENTED_EDGE ( 'NONE', *, *, #2603, .F. ) ;
#2884 = ORIENTED_EDGE ( 'NONE', *, *, #2479, .F. ) ;
#2885 = FACE_OUTER_BOUND ( 'NONE', #2019, .T. ) ;
#2886 = CARTESIAN_POINT ( 'NONE',  ( 164.9449622854407380, -131.3829899248092374, 117.1588954518363153 ) ) ;
#2887 = CARTESIAN_POINT ( 'NONE',  ( 122.9450439245004389, -127.4727713170220369, 111.9691139229387318 ) ) ;
#2888 = CARTESIAN_POINT ( 'NONE',  ( 124.2675722067314297, -135.0050358762038343, 113.5136478086000267 ) ) ;
#2889 = CARTESIAN_POINT ( 'NONE',  ( 144.3448783421405892, -120.1367099249736015, 117.6643259181415999 ) ) ;
#2890 = VERTEX_POINT ( 'NONE', #549 ) ;
#2891 = CARTESIAN_POINT ( 'NONE',  ( 151.0448783421404926, -123.7367099249736100, 117.6643259181415999 ) ) ;
#2892 = CIRCLE ( 'NONE', #2750, 1.708500000000001684 ) ;
#2893 = ORIENTED_EDGE ( 'NONE', *, *, #1813, .T. ) ;
#2894 = DIRECTION ( 'NONE',  ( 3.965007530377729245E-15, 1.982503765188864623E-15, 1.000000000000000000 ) ) ;
#2895 = EDGE_CURVE ( 'NONE', #1836, #1964, #365, .T. ) ;
#2896 = AXIS2_PLACEMENT_3D ( 'NONE', #1226, #276, #2703 ) ;
#2897 = ORIENTED_EDGE ( 'NONE', *, *, #469, .T. ) ;
#2898 = ORIENTED_EDGE ( 'NONE', *, *, #1102, .F. ) ;
#2899 = AXIS2_PLACEMENT_3D ( 'NONE', #658, #847, #2541 ) ;
#2900 = PLANE ( 'NONE',  #92 ) ;
#2901 = CARTESIAN_POINT ( 'NONE',  ( 166.1682829815958371, -133.9141086918168071, 116.7596280101781900 ) ) ;
#2902 = LINE ( 'NONE', #1742, #1176 ) ;
#2903 = DIRECTION ( 'NONE',  ( -1.000000000000000000, 0.000000000000000000, 0.000000000000000000 ) ) ;
#2904 = CARTESIAN_POINT ( 'NONE',  ( 126.9628105699788847, -135.2124112452837039, 115.6386668766488839 ) ) ;
#2905 = AXIS2_PLACEMENT_3D ( 'NONE', #132, #3026, #1859 ) ;
#2906 = ADVANCED_FACE ( 'NONE', ( #1016 ), #1258, .T. ) ;
#2907 = EDGE_CURVE ( 'NONE', #2158, #2311, #1260, .T. ) ;
#2908 = CARTESIAN_POINT ( 'NONE',  ( 165.6659996376077970, -128.3824405821348194, 116.9388595251862171 ) ) ;
#2909 = ORIENTED_EDGE ( 'NONE', *, *, #1350, .T. ) ;
#2910 = DIRECTION ( 'NONE',  ( 0.3780558345608553417, -0.6546272931808088114, -0.6546272931808317930 ) ) ;
#2911 = CONICAL_SURFACE ( 'NONE', #1576, 1.908499999999993424, 0.7853981633974362886 ) ;
#2912 = ORIENTED_EDGE ( 'NONE', *, *, #1983, .T. ) ;
#2913 = CARTESIAN_POINT ( 'NONE',  ( 151.0774912240434844, -116.5575476268149941, 110.9375554159749981 ) ) ;
#2914 = VERTEX_POINT ( 'NONE', #2913 ) ;
#2915 = VERTEX_POINT ( 'NONE', #1951 ) ;
#2916 = CARTESIAN_POINT ( 'NONE',  ( 147.4850731895606089, -120.5367099249736071, 110.7316476403073864 ) ) ;
#2917 = CARTESIAN_POINT ( 'NONE',  ( 160.1768364872664847, -119.4194928210632014, 114.2144502228033929 ) ) ;
#2918 = EDGE_LOOP ( 'NONE', ( #1291, #1313, #929, #2893 ) ) ;
#2919 = EDGE_CURVE ( 'NONE', #2488, #910, #3039, .T. ) ;
#2920 = DIRECTION ( 'NONE',  ( -1.000000000000000000, 0.000000000000000000, 0.000000000000000000 ) ) ;
#2921 = CARTESIAN_POINT ( 'NONE',  ( 169.4448783421449889, -130.8294928209240027, 110.9643259181415971 ) ) ;
#2922 = CARTESIAN_POINT ( 'NONE',  ( 129.6541605275056384, -133.3806394546478202, 116.9001496696999851 ) ) ;
#2923 = CARTESIAN_POINT ( 'NONE',  ( 164.9449174898688852, -130.5537550901775035, 117.1589078259861054 ) ) ;
#2924 = DIRECTION ( 'NONE',  ( -1.000000000000000000, 0.000000000000000000, 0.000000000000000000 ) ) ;
#2925 = ADVANCED_FACE ( 'NONE', ( #71 ), #475, .F. ) ;
#2926 = ORIENTED_EDGE ( 'NONE', *, *, #1621, .F. ) ;
#2927 = CARTESIAN_POINT ( 'NONE',  ( 169.4448783421449889, -130.8294928209240027, 110.7558258704579970 ) ) ;
#2928 = ORIENTED_EDGE ( 'NONE', *, *, #2327, .T. ) ;
#2929 = CARTESIAN_POINT ( 'NONE',  ( 150.4948783421405096, -120.7367099249736100, 112.2270973327187988 ) ) ;
#2930 = DIRECTION ( 'NONE',  ( -3.117118850594270085E-15, 1.000000000000000000, -1.465743804162677925E-15 ) ) ;
#2931 = ORIENTED_EDGE ( 'NONE', *, *, #585, .F. ) ;
#2932 = VECTOR ( 'NONE', #2119, 1000.000000000000000 ) ;
#2933 = CARTESIAN_POINT ( 'NONE',  ( 122.3827716907335486, -128.1119466886345037, 111.1444535460758942 ) ) ;
#2934 = CARTESIAN_POINT ( 'NONE',  ( 150.3315149097609833, -115.2658430404730012, 112.2292600023169911 ) ) ;
#2935 = CARTESIAN_POINT ( 'NONE',  ( 160.1495269189940132, -119.4194928209239919, 117.2143259181415971 ) ) ;
#2936 = DIRECTION ( 'NONE',  ( 0.000000000000000000, -3.080613658162890380E-15, -1.000000000000000000 ) ) ;
#2937 = EDGE_LOOP ( 'NONE', ( #2195, #2643 ) ) ;
#2938 = PRESENTATION_STYLE_ASSIGNMENT (( #646 ) ) ;
#2939 = ORIENTED_EDGE ( 'NONE', *, *, #1677, .F. ) ;
#2940 = VECTOR ( 'NONE', #1613, 999.9999999999998863 ) ;
#2941 = VERTEX_POINT ( 'NONE', #2663 ) ;
#2942 = EDGE_CURVE ( 'NONE', #306, #958, #348, .T. ) ;
#2943 = CARTESIAN_POINT ( 'NONE',  ( 147.6948783421452163, -127.9194928209240203, 110.7643259181415942 ) ) ;
#2944 = VECTOR ( 'NONE', #1577, 1000.000000000000000 ) ;
#2945 = CARTESIAN_POINT ( 'NONE',  ( 150.6448783421405153, -120.5367099249736071, 117.6643295077162037 ) ) ;
#2946 = ORIENTED_EDGE ( 'NONE', *, *, #360, .T. ) ;
#2947 = CARTESIAN_POINT ( 'NONE',  ( 171.3533783421450210, -130.8294928209240027, 110.9643259181415971 ) ) ;
#2948 = CARTESIAN_POINT ( 'NONE',  ( 134.2171133453901746, -119.4194928209239919, 103.6640621592554083 ) ) ;
#2949 = FACE_OUTER_BOUND ( 'NONE', #2183, .T. ) ;
#2950 = ADVANCED_FACE ( 'NONE', ( #1295 ), #2365, .F. ) ;
#2951 = AXIS2_PLACEMENT_3D ( 'NONE', #1061, #1749, #1999 ) ;
#2952 = DIRECTION ( 'NONE',  ( 0.000000000000000000, 1.777619882654805179E-15, 1.000000000000000000 ) ) ;
#2953 = DIRECTION ( 'NONE',  ( 0.000000000000000000, -2.000000000000000155E-15, -1.000000000000000000 ) ) ;
#2954 = CIRCLE ( 'NONE', #1185, 1.708500000000001684 ) ;
#2955 = ADVANCED_FACE ( 'NONE', ( #2216 ), #245, .F. ) ;
#2956 = AXIS2_PLACEMENT_3D ( 'NONE', #2683, #1034, #2871 ) ;
#2957 = CARTESIAN_POINT ( 'NONE',  ( 147.9612839322335844, -124.3281013729487938, 110.7643259181415942 ) ) ;
#2958 = CARTESIAN_POINT ( 'NONE',  ( 135.1768364872676216, -123.4194853061869992, 114.2143259181413981 ) ) ;
#2959 = ORIENTED_EDGE ( 'NONE', *, *, #217, .F. ) ;
#2960 = AXIS2_PLACEMENT_3D ( 'NONE', #1292, #2229, #784 ) ;
#2961 = CARTESIAN_POINT ( 'NONE',  ( 134.4448783421433973, -119.6694928209239919, 110.9643259181415971 ) ) ;
#2962 = CARTESIAN_POINT ( 'NONE',  ( 148.4010836884490061, -118.1032080278315988, 109.3918950149586067 ) ) ;
#2963 = VERTEX_POINT ( 'NONE', #2468 ) ;
#2964 = ORIENTED_EDGE ( 'NONE', *, *, #1792, .F. ) ;
#2965 = ADVANCED_FACE ( 'NONE', ( #948 ), #1884, .T. ) ;
#2966 = EDGE_CURVE ( 'NONE', #1610, #1802, #1649, .T. ) ;
#2967 = LINE ( 'NONE', #854, #478 ) ;
#2968 = CARTESIAN_POINT ( 'NONE',  ( 127.9508394966942859, -126.8014632904955761, 116.1839567077908839 ) ) ;
#2969 = CARTESIAN_POINT ( 'NONE',  ( 125.9448783421450173, -130.8294928209240027, 110.7558258704579970 ) ) ;
#2970 = DIRECTION ( 'NONE',  ( -1.000000000000000000, 0.000000000000000000, 0.000000000000000000 ) ) ;
#2971 = ORIENTED_EDGE ( 'NONE', *, *, #584, .F. ) ;
#2972 = CARTESIAN_POINT ( 'NONE',  ( 161.8768364872665018, -140.4194928209240061, 114.2144502228033929 ) ) ;
#2973 = DIRECTION ( 'NONE',  ( -1.000000000000000000, 0.000000000000000000, 0.000000000000000000 ) ) ;
#2974 =( NAMED_UNIT ( * ) PLANE_ANGLE_UNIT ( ) SI_UNIT ( $, .RADIAN. ) );
#2975 = VERTEX_POINT ( 'NONE', #2232 ) ;
#2976 = CARTESIAN_POINT ( 'NONE',  ( 134.4448783421433973, -119.8694928209240089, 110.7643259181415942 ) ) ;
#2977 = LINE ( 'NONE', #1820, #1770 ) ;
#2978 = VERTEX_POINT ( 'NONE', #607 ) ;
#2979 = VERTEX_POINT ( 'NONE', #3008 ) ;
#2980 = FACE_OUTER_BOUND ( 'NONE', #1206, .T. ) ;
#2981 = CARTESIAN_POINT ( 'NONE',  ( 128.3659418150510021, -127.0296184285873977, 116.3854347016970365 ) ) ;
#2982 = EDGE_CURVE ( 'NONE', #2471, #2589, #223, .T. ) ;
#2983 = CARTESIAN_POINT ( 'NONE',  ( 173.7448783421450003, -130.8294928209240027, 110.9643259181415971 ) ) ;
#2984 = ORIENTED_EDGE ( 'NONE', *, *, #1410, .F. ) ;
#2985 = DIRECTION ( 'NONE',  ( 0.000000000000000000, 1.999664487579840037E-15, 1.000000000000000000 ) ) ;
#2986 = EDGE_CURVE ( 'NONE', #564, #2144, #848, .T. ) ;
#2987 = PLANE ( 'NONE',  #2027 ) ;
#2988 = LINE ( 'NONE', #2957, #2564 ) ;
#2989 = CARTESIAN_POINT ( 'NONE',  ( 154.9091096143000073, -116.7307771246486112, 117.2312521735580049 ) ) ;
#2990 = ORIENTED_EDGE ( 'NONE', *, *, #2176, .T. ) ;
#2991 = ADVANCED_FACE ( 'NONE', ( #1561 ), #315, .F. ) ;
#2992 = DIRECTION ( 'NONE',  ( -1.000000000000000000, 1.126208581372299938E-16, -2.064807597183435195E-24 ) ) ;
#2993 = EDGE_LOOP ( 'NONE', ( #661, #1485, #1847, #2763, #998 ) ) ;
#2994 = DIRECTION ( 'NONE',  ( -1.000000000000000000, 0.000000000000000000, 0.000000000000000000 ) ) ;
#2995 = ORIENTED_EDGE ( 'NONE', *, *, #340, .T. ) ;
#2996 = AXIS2_PLACEMENT_3D ( 'NONE', #2493, #2952, #1555 ) ;
#2997 = DIRECTION ( 'NONE',  ( 0.000000000000000000, 1.777619882654805179E-15, 1.000000000000000000 ) ) ;
#2998 = CARTESIAN_POINT ( 'NONE',  ( 124.2209329034104996, -126.6728035769725551, 113.4663084218943538 ) ) ;
#2999 = FACE_OUTER_BOUND ( 'NONE', #1327, .T. ) ;
#3000 = AXIS2_PLACEMENT_3D ( 'NONE', #480, #496, #2802 ) ;
#3001 = VECTOR ( 'NONE', #1281, 1000.000000000000000 ) ;
#3002 = VECTOR ( 'NONE', #1427, 999.9999999999998863 ) ;
#3003 = DIRECTION ( 'NONE',  ( 0.7071067811865540120, -1.493611291757498075E-15, -0.7071067811865410224 ) ) ;
#3004 = CARTESIAN_POINT ( 'NONE',  ( 144.5766846063935986, -119.8694928209240089, 110.7643259181415942 ) ) ;
#3005 = EDGE_CURVE ( 'NONE', #2155, #1117, #863, .T. ) ;
#3006 = EDGE_CURVE ( 'NONE', #2975, #2155, #1996, .T. ) ;
#3007 = DIRECTION ( 'NONE',  ( 1.000000000000000000, -2.000000000000000155E-15, -4.849076072857410133E-32 ) ) ;
#3008 = CARTESIAN_POINT ( 'NONE',  ( 163.1768364872664847, -119.4194928209239919, 114.2144502228033929 ) ) ;
#3009 = VECTOR ( 'NONE', #2168, 1000.000000000000000 ) ;
#3010 = EDGE_LOOP ( 'NONE', ( #1341, #2565, #1368, #1756 ) ) ;
#3011 = VECTOR ( 'NONE', #2251, 1000.000000000000000 ) ;
#3012 = ORIENTED_EDGE ( 'NONE', *, *, #2280, .F. ) ;
#3013 = FACE_OUTER_BOUND ( 'NONE', #2993, .T. ) ;
#3014 = CARTESIAN_POINT ( 'NONE',  ( 135.1768364872676216, -123.4194853061869992, 114.2143259181413981 ) ) ;
#3015 = ORIENTED_EDGE ( 'NONE', *, *, #1712, .T. ) ;
#3016 = AXIS2_PLACEMENT_3D ( 'NONE', #2482, #1779, #1949 ) ;
#3017 = EDGE_LOOP ( 'NONE', ( #1990, #2504 ) ) ;
#3018 = CARTESIAN_POINT ( 'NONE',  ( 127.8533783421449925, -130.8294928209240027, 117.4643259181415971 ) ) ;
#3019 = CARTESIAN_POINT ( 'NONE',  ( 130.4448780872231737, -130.8295253205115785, 117.1465554922913981 ) ) ;
#3020 = VECTOR ( 'NONE', #55, 1000.000000000000000 ) ;
#3021 = CARTESIAN_POINT ( 'NONE',  ( 140.4408263348751973, -119.4194928209239919, 117.2313742846220066 ) ) ;
#3022 = EDGE_CURVE ( 'NONE', #1862, #2378, #1531, .T. ) ;
#3023 = VERTEX_POINT ( 'NONE', #397 ) ;
#3024 = LINE ( 'NONE', #2554, #630 ) ;
#3025 = FACE_OUTER_BOUND ( 'NONE', #2746, .T. ) ;
#3026 = DIRECTION ( 'NONE',  ( 2.000000000730910155E-15, 1.000000000000000000, -1.999664450567655061E-15 ) ) ;
#3027 = ORIENTED_EDGE ( 'NONE', *, *, #912, .T. ) ;
#3028 = ORIENTED_EDGE ( 'NONE', *, *, #2867, .F. ) ;
#3029 = DIRECTION ( 'NONE',  ( 0.000000000000000000, 1.777619882654805179E-15, 1.000000000000000000 ) ) ;
#3030 = DIRECTION ( 'NONE',  ( 1.994816090840049946E-15, 1.000000000000000000, -1.999696308685860290E-15 ) ) ;
#3031 = ORIENTED_EDGE ( 'NONE', *, *, #255, .T. ) ;
#3032 = CARTESIAN_POINT ( 'NONE',  ( 172.2172286874835265, -127.2851339177147594, 112.3246524066083794 ) ) ;
#3033 = LINE ( 'NONE', #2118, #1563 ) ;
#3034 = UNCERTAINTY_MEASURE_WITH_UNIT (LENGTH_MEASURE( 1.000000000000000082E-05 ), #960, 'distance_accuracy_value', 'NONE');
#3035 = DIRECTION ( 'NONE',  ( 1.414213562373113605E-15, 0.7071067811865490160, 0.7071067811865461294 ) ) ;
#3036 = CIRCLE ( 'NONE', #72, 14.00026375888610630 ) ;
#3037 = DIRECTION ( 'NONE',  ( -4.447602346903865182E-31, 1.777619882654805179E-15, 1.000000000000000000 ) ) ;
#3038 = DIRECTION ( 'NONE',  ( 0.000000000000000000, -1.777619882654805179E-15, -1.000000000000000000 ) ) ;
#3039 = CIRCLE ( 'NONE', #176, 1.700000000000007061 ) ;
#3040 = DIRECTION ( 'NONE',  ( 0.000000000000000000, 1.000000000000000000, -1.999664450567655061E-15 ) ) ;
#3041 = ORIENTED_EDGE ( 'NONE', *, *, #1473, .T. ) ;
#3042 = ORIENTED_EDGE ( 'NONE', *, *, #1464, .F. ) ;
#3043 = ORIENTED_EDGE ( 'NONE', *, *, #172, .T. ) ;
#3044 = DIRECTION ( 'NONE',  ( -1.000000000000000000, 0.000000000000000000, 0.000000000000000000 ) ) ;
#3045 = VERTEX_POINT ( 'NONE', #2989 ) ;
#3046 = ADVANCED_FACE ( 'NONE', ( #659 ), #1600, .T. ) ;
#3047 = EDGE_CURVE ( 'NONE', #599, #256, #2034, .T. ) ;
#3048 = ORIENTED_EDGE ( 'NONE', *, *, #1572, .T. ) ;
#3049 = CARTESIAN_POINT ( 'NONE',  ( 157.1768364872664847, -119.4194928209239919, 114.2144502228033929 ) ) ;
#3050 = CARTESIAN_POINT ( 'NONE',  ( 172.3844183705461148, -134.2370444149266575, 112.1081428718670878 ) ) ;
#3051 = DIRECTION ( 'NONE',  ( 0.000000000000000000, 1.777619882654805179E-15, 1.000000000000000000 ) ) ;
#3052 = VECTOR ( 'NONE', #1787, 1000.000000000000000 ) ;
#3053 = ORIENTED_EDGE ( 'NONE', *, *, #1005, .T. ) ;
#3054 = CARTESIAN_POINT ( 'NONE',  ( 122.3953779031839986, -133.5955453572678095, 111.1643259181415999 ) ) ;
#3055 = LINE ( 'NONE', #1875, #1149 ) ;
#3056 = AXIS2_PLACEMENT_3D ( 'NONE', #874, #1122, #2325 ) ;
ENDSEC;
END-ISO-10303-21;
