ISO-10303-21;
HEADER;
FILE_DESCRIPTION (( 'STEP AP214' ),
    '1' );
FILE_NAME ('sherpamini_housing_front.STEP',
    '2026-08-22T22:15:34',
    ( '' ),
    ( '' ),
    'SwSTEP 2.0',
    'SolidWorks 2020',
    '' );
FILE_SCHEMA (( 'AUTOMOTIVE_DESIGN' ));
ENDSEC;

DATA;
#1 = DIRECTION ( 'NONE',  ( 0.000000000000000000, 0.000000000000000000, -1.000000000000000000 ) ) ;
#2 = DIRECTION ( 'NONE',  ( -1.000000000000000000, 0.000000000000000000, 0.000000000000000000 ) ) ;
#3 = ORIENTED_EDGE ( 'NONE', *, *, #37, .F. ) ;
#4 = CARTESIAN_POINT ( 'NONE',  ( -2.704876660260604915, 6.348999159697000572, 3.761490701236984702 ) ) ;
#5 = CARTESIAN_POINT ( 'NONE',  ( -2.520612139441565258, -6.948411726856530635, 2.750000000000000000 ) ) ;
#6 = CARTESIAN_POINT ( 'NONE',  ( 6.838258079601216011, 3.511250909443999202, 2.093304328123280822 ) ) ;
#7 = CIRCLE ( 'NONE', #1776, 1.000000000000000888 ) ;
#8 = LINE ( 'NONE', #1286, #2978 ) ;
#9 = ADVANCED_FACE ( 'NONE', ( #2057 ), #3017, .T. ) ;
#10 = ORIENTED_EDGE ( 'NONE', *, *, #619, .F. ) ;
#11 = LINE ( 'NONE', #1709, #2727 ) ;
#12 = ORIENTED_EDGE ( 'NONE', *, *, #1393, .F. ) ;
#13 = AXIS2_PLACEMENT_3D ( 'NONE', #2431, #2195, #1747 ) ;
#14 = EDGE_CURVE ( 'NONE', #81, #2098, #2310, .T. ) ;
#15 = DIRECTION ( 'NONE',  ( -0.7074370710668456130, 0.000000000000000000, -0.7067763369555907227 ) ) ;
#16 = CARTESIAN_POINT ( 'NONE',  ( -0.9793097202388139078, -10.54516129032258043, 1.778679656440369961 ) ) ;
#17 = ORIENTED_EDGE ( 'NONE', *, *, #255, .T. ) ;
#18 = CARTESIAN_POINT ( 'NONE',  ( -2.960975514165539835, -10.63086887404372050, 2.750000000000000000 ) ) ;
#19 = LINE ( 'NONE', #288, #971 ) ;
#20 = CYLINDRICAL_SURFACE ( 'NONE', #2079, 3.700000000000000178 ) ;
#21 = EDGE_CURVE ( 'NONE', #1710, #2380, #1371, .T. ) ;
#22 = DIRECTION ( 'NONE',  ( 0.000000000000000000, -0.7071067811865474617, -0.7071067811865474617 ) ) ;
#23 = AXIS2_PLACEMENT_3D ( 'NONE', #2767, #1576, #2311 ) ;
#24 = ADVANCED_FACE ( 'NONE', ( #2874 ), #3100, .F. ) ;
#25 = ORIENTED_EDGE ( 'NONE', *, *, #368, .T. ) ;
#26 = DIRECTION ( 'NONE',  ( -0.000000000000000000, -0.000000000000000000, -1.000000000000000000 ) ) ;
#27 = AXIS2_PLACEMENT_3D ( 'NONE', #1673, #2894, #2643 ) ;
#28 = ORIENTED_EDGE ( 'NONE', *, *, #1256, .F. ) ;
#29 = EDGE_CURVE ( 'NONE', #1802, #1547, #2334, .T. ) ;
#30 = AXIS2_PLACEMENT_3D ( 'NONE', #1821, #1329, #2294 ) ;
#31 = CARTESIAN_POINT ( 'NONE',  ( 0.000000000000000000, 0.000000000000000000, 3.899999999999999911 ) ) ;
#32 = CARTESIAN_POINT ( 'NONE',  ( 3.025850921499969814, 9.130868874043720496, 2.750000000000000000 ) ) ;
#33 = EDGE_LOOP ( 'NONE', ( #3108, #1445, #1024, #3066 ) ) ;
#34 = ORIENTED_EDGE ( 'NONE', *, *, #2361, .T. ) ;
#35 = DIRECTION ( 'NONE',  ( 0.000000000000000000, 0.000000000000000000, 1.000000000000000000 ) ) ;
#36 = DIRECTION ( 'NONE',  ( -3.244920097310259983E-16, -1.000000000000000000, 0.000000000000000000 ) ) ;
#37 = EDGE_CURVE ( 'NONE', #2947, #590, #7, .T. ) ;
#38 = CARTESIAN_POINT ( 'NONE',  ( 6.689628581883809488, 3.981158414061244599, 1.995711849486314859 ) ) ;
#39 = AXIS2_PLACEMENT_3D ( 'NONE', #3005, #2810, #2249 ) ;
#40 = ADVANCED_FACE ( 'NONE', ( #2371 ), #446, .F. ) ;
#41 = EDGE_CURVE ( 'NONE', #63, #1472, #1407, .T. ) ;
#42 = ORIENTED_EDGE ( 'NONE', *, *, #2438, .T. ) ;
#43 = STYLED_ITEM ( 'NONE', ( #323 ), #2977 ) ;
#44 = CARTESIAN_POINT ( 'NONE',  ( -3.367250037115409829E-15, 9.000000000000000000, 0.000000000000000000 ) ) ;
#45 = EDGE_LOOP ( 'NONE', ( #2634, #230, #792, #1077, #972, #1119 ) ) ;
#46 = CARTESIAN_POINT ( 'NONE',  ( 2.143660559047679726E-15, -9.000000000000000000, 2.750000000000000000 ) ) ;
#47 = ORIENTED_EDGE ( 'NONE', *, *, #693, .T. ) ;
#48 = CONICAL_SURFACE ( 'NONE', #550, 4.200000000000000178, 0.9505468408120733015 ) ;
#49 = DIRECTION ( 'NONE',  ( 0.000000000000000000, 0.000000000000000000, -1.000000000000000000 ) ) ;
#50 = ORIENTED_EDGE ( 'NONE', *, *, #1351, .T. ) ;
#51 = ORIENTED_EDGE ( 'NONE', *, *, #2112, .F. ) ;
#52 = DIRECTION ( 'NONE',  ( 1.000000000000000000, 0.000000000000000000, 0.000000000000000000 ) ) ;
#53 = DIRECTION ( 'NONE',  ( 1.000000000000000000, 0.000000000000000000, 0.000000000000000000 ) ) ;
#54 = AXIS2_PLACEMENT_3D ( 'NONE', #2227, #791, #2919 ) ;
#55 = CARTESIAN_POINT ( 'NONE',  ( 6.876867714545968013, 3.353737336985386008, 2.129210579527813785 ) ) ;
#56 = VERTEX_POINT ( 'NONE', #1145 ) ;
#57 = CARTESIAN_POINT ( 'NONE',  ( 6.783590502166059188, -4.177009542990920643, 1.812218156921605150 ) ) ;
#58 = EDGE_CURVE ( 'NONE', #963, #2531, #2635, .T. ) ;
#59 = EDGE_CURVE ( 'NONE', #1674, #1423, #551, .T. ) ;
#60 = SURFACE_STYLE_USAGE ( .BOTH. , #2231 ) ;
#61 = ORIENTED_EDGE ( 'NONE', *, *, #201, .F. ) ;
#62 = FACE_OUTER_BOUND ( 'NONE', #1457, .T. ) ;
#63 = VERTEX_POINT ( 'NONE', #1903 ) ;
#64 = DIRECTION ( 'NONE',  ( -1.000000000000000000, 0.000000000000000000, 0.000000000000000000 ) ) ;
#65 = EDGE_LOOP ( 'NONE', ( #754, #781, #2096, #2205 ) ) ;
#66 = B_SPLINE_CURVE_WITH_KNOTS ( 'NONE', 3,
 ( #1304, #1084, #88, #2532, #2781, #1600, #2321, #2569, #2055, #1574, #2555, #2544 ),
 .UNSPECIFIED., .F., .F.,
 ( 4, 2, 2, 2, 2, 4 ),
 ( 0.000000000000000000, 0.0001463566433416165716, 0.0002927132866832331433, 0.0005854265733664662866, 0.0008781398600496994299, 0.001170853146732932573 ),
 .UNSPECIFIED. ) ;
#67 = ORIENTED_EDGE ( 'NONE', *, *, #2580, .F. ) ;
#68 = CARTESIAN_POINT ( 'NONE',  ( 13.10000000000000142, -6.100000000000000533, 1.778679656440369961 ) ) ;
#69 = CARTESIAN_POINT ( 'NONE',  ( -4.384789741815654729, -0.1896433470507594976, 0.000000000000000000 ) ) ;
#70 = DIRECTION ( 'NONE',  ( 3.066586833366750248E-16, 0.7071067811865475727, -0.7071067811865475727 ) ) ;
#71 = CIRCLE ( 'NONE', #1940, 4.100000000000000533 ) ;
#72 = VERTEX_POINT ( 'NONE', #2844 ) ;
#73 = DIRECTION ( 'NONE',  ( 1.000000000000000000, 0.000000000000000000, 0.000000000000000000 ) ) ;
#74 = CONICAL_SURFACE ( 'NONE', #2906, 4.400000000000000355, 0.7853981633974469467 ) ;
#75 =( NAMED_UNIT ( * ) SI_UNIT ( $, .STERADIAN. ) SOLID_ANGLE_UNIT ( ) );
#76 = ORIENTED_EDGE ( 'NONE', *, *, #3069, .F. ) ;
#77 = CARTESIAN_POINT ( 'NONE',  ( -3.367250037115409829E-15, 9.000000000000000000, 3.899999999999999911 ) ) ;
#78 = VERTEX_POINT ( 'NONE', #223 ) ;
#79 = VECTOR ( 'NONE', #2553, 1000.000000000000000 ) ;
#80 = DIRECTION ( 'NONE',  ( -1.000000000000000000, 0.000000000000000000, 0.000000000000000000 ) ) ;
#81 = VERTEX_POINT ( 'NONE', #2118 ) ;
#82 = ORIENTED_EDGE ( 'NONE', *, *, #942, .T. ) ;
#83 = CARTESIAN_POINT ( 'NONE',  ( -2.554981314935454773, 6.490008164971070137, 3.737529078131344829 ) ) ;
#84 = CIRCLE ( 'NONE', #783, 6.974873734152920335 ) ;
#85 = FACE_OUTER_BOUND ( 'NONE', #559, .T. ) ;
#86 = DIRECTION ( 'NONE',  ( 0.000000000000000000, 0.000000000000000000, 1.000000000000000000 ) ) ;
#87 = ORIENTED_EDGE ( 'NONE', *, *, #912, .F. ) ;
#88 = CARTESIAN_POINT ( 'NONE',  ( 3.430725922014607576, -7.187962120452618286, 2.750000000000000444 ) ) ;
#89 = AXIS2_PLACEMENT_3D ( 'NONE', #2009, #2043, #414 ) ;
#90 = VECTOR ( 'NONE', #2, 1000.000000000000000 ) ;
#91 = CIRCLE ( 'NONE', #2166, 1.983518366117779763 ) ;
#92 = CARTESIAN_POINT ( 'NONE',  ( 3.013601946781398144, -6.521293436458223347, 3.408374578556786272 ) ) ;
#93 = ORIENTED_EDGE ( 'NONE', *, *, #2847, .T. ) ;
#94 = CARTESIAN_POINT ( 'NONE',  ( -3.367250037115409829E-15, 9.000000000000000000, 3.399999999999999911 ) ) ;
#95 = LINE ( 'NONE', #2648, #2932 ) ;
#96 = ORIENTED_EDGE ( 'NONE', *, *, #1091, .F. ) ;
#97 = CIRCLE ( 'NONE', #900, 4.400000000000000355 ) ;
#98 = ORIENTED_EDGE ( 'NONE', *, *, #1998, .T. ) ;
#99 = EDGE_CURVE ( 'NONE', #1428, #325, #2350, .T. ) ;
#100 = AXIS2_PLACEMENT_3D ( 'NONE', #2239, #35, #52 ) ;
#101 = CARTESIAN_POINT ( 'NONE',  ( 1.699999999999996403, 9.000000000000000000, 2.449999999999999734 ) ) ;
#102 = DIRECTION ( 'NONE',  ( 0.7071067811865470176, 8.659560562354926695E-17, -0.7071067811865480168 ) ) ;
#103 = CARTESIAN_POINT ( 'NONE',  ( -3.367250037115409829E-15, 9.000000000000000000, 2.750000000000000000 ) ) ;
#104 = VECTOR ( 'NONE', #2899, 1000.000000000000000 ) ;
#105 = ORIENTED_EDGE ( 'NONE', *, *, #250, .T. ) ;
#106 = CARTESIAN_POINT ( 'NONE',  ( 13.10000000000000142, -9.799999999999998934, 2.449999999999999734 ) ) ;
#107 = ORIENTED_EDGE ( 'NONE', *, *, #1982, .T. ) ;
#108 = CARTESIAN_POINT ( 'NONE',  ( 2.660008091915559980, -6.400755900239480489, 3.760675847041319741 ) ) ;
#109 = DIRECTION ( 'NONE',  ( 0.000000000000000000, 0.7071067811865441310, -0.7071067811865510144 ) ) ;
#110 = EDGE_CURVE ( 'NONE', #1514, #1510, #1634, .T. ) ;
#111 = LINE ( 'NONE', #780, #2522 ) ;
#112 = DIRECTION ( 'NONE',  ( 0.000000000000000000, 0.000000000000000000, -1.000000000000000000 ) ) ;
#113 = ORIENTED_EDGE ( 'NONE', *, *, #1913, .T. ) ;
#114 = DIRECTION ( 'NONE',  ( 0.000000000000000000, 0.000000000000000000, 1.000000000000000000 ) ) ;
#115 = DIRECTION ( 'NONE',  ( -0.000000000000000000, -0.000000000000000000, -1.000000000000000000 ) ) ;
#116 = CARTESIAN_POINT ( 'NONE',  ( -3.012654403384065649, 7.686541644939441476, 2.956720435869834240 ) ) ;
#117 = VERTEX_POINT ( 'NONE', #2888 ) ;
#118 = DIRECTION ( 'NONE',  ( 1.000000000000000000, 0.000000000000000000, 0.000000000000000000 ) ) ;
#119 = EDGE_LOOP ( 'NONE', ( #384, #17 ) ) ;
#120 = CARTESIAN_POINT ( 'NONE',  ( -9.540979117872440597E-15, 0.000000000000000000, 3.299999999999999822 ) ) ;
#121 = LINE ( 'NONE', #2101, #2624 ) ;
#122 = AXIS2_PLACEMENT_3D ( 'NONE', #3096, #933, #2898 ) ;
#123 = CARTESIAN_POINT ( 'NONE',  ( -0.9793097202388139078, -13.50000000000000000, 2.750000000000000000 ) ) ;
#124 = ORIENTED_EDGE ( 'NONE', *, *, #460, .T. ) ;
#125 = DIRECTION ( 'NONE',  ( -0.000000000000000000, -0.000000000000000000, -1.000000000000000000 ) ) ;
#126 = CARTESIAN_POINT ( 'NONE',  ( -8.000000000000000000, 0.000000000000000000, 1.778679656440369961 ) ) ;
#127 = ADVANCED_FACE ( 'NONE', ( #683, #1208, #2146, #2163 ), #3130, .T. ) ;
#128 = ORIENTED_EDGE ( 'NONE', *, *, #844, .F. ) ;
#129 = DIRECTION ( 'NONE',  ( 0.000000000000000000, 0.000000000000000000, 1.000000000000000000 ) ) ;
#130 = CARTESIAN_POINT ( 'NONE',  ( 9.099999999999999645, -11.09999999999999964, 2.750000000000000000 ) ) ;
#131 = CARTESIAN_POINT ( 'NONE',  ( -3.996264068490210430, -9.172839506172840274, 0.000000000000000000 ) ) ;
#132 = ADVANCED_FACE ( 'NONE', ( #964 ), #3086, .F. ) ;
#133 = ADVANCED_FACE ( 'NONE', ( #1384 ), #245, .T. ) ;
#134 = DIRECTION ( 'NONE',  ( 1.000000000000000000, 0.000000000000000000, 0.000000000000000000 ) ) ;
#135 =( GEOMETRIC_REPRESENTATION_CONTEXT ( 3 ) GLOBAL_UNCERTAINTY_ASSIGNED_CONTEXT ( ( #1010 ) ) GLOBAL_UNIT_ASSIGNED_CONTEXT ( ( #2246, #1040, #1289 ) ) REPRESENTATION_CONTEXT ( 'NONE', 'WORKASPACE' ) );
#136 = CARTESIAN_POINT ( 'NONE',  ( 2.891253528295061326, 7.258496975147663122, 2.749999999999999556 ) ) ;
#137 = VERTEX_POINT ( 'NONE', #1167 ) ;
#138 = ORIENTED_EDGE ( 'NONE', *, *, #193, .F. ) ;
#139 = B_SPLINE_CURVE_WITH_KNOTS ( 'NONE', 3,
 ( #1018, #1990, #1239, #306 ),
 .UNSPECIFIED., .F., .F.,
 ( 4, 4 ),
 ( 0.000000000000000000, 1.000000000000000000 ),
 .UNSPECIFIED. ) ;
#140 = CARTESIAN_POINT ( 'NONE',  ( 2.430054104092030265, 6.553733291289719709, 3.681738666161484819 ) ) ;
#141 = CONICAL_SURFACE ( 'NONE', #395, 3.500000000000000000, 0.7853981633974490562 ) ;
#142 = CARTESIAN_POINT ( 'NONE',  ( 3.503663762606381127, -7.140930362476921367, 2.709168465837133777 ) ) ;
#143 = CARTESIAN_POINT ( 'NONE',  ( -2.871955655696895260, 7.370223297630905890, 3.182766934451741303 ) ) ;
#144 = AXIS2_PLACEMENT_3D ( 'NONE', #1902, #1166, #2133 ) ;
#145 = ORIENTED_EDGE ( 'NONE', *, *, #214, .T. ) ;
#146 = AXIS2_PLACEMENT_3D ( 'NONE', #2490, #1220, #2949 ) ;
#147 = CARTESIAN_POINT ( 'NONE',  ( -3.414376594825399902, -0.1476727149216315871, 2.750000000000000000 ) ) ;
#148 = ORIENTED_EDGE ( 'NONE', *, *, #2837, .T. ) ;
#149 = DIRECTION ( 'NONE',  ( 1.000000000000000000, 0.000000000000000000, 0.000000000000000000 ) ) ;
#150 = DIRECTION ( 'NONE',  ( 1.000000000000000000, 0.000000000000000000, 0.000000000000000000 ) ) ;
#151 = ADVANCED_FACE ( 'NONE', ( #2417 ), #210, .F. ) ;
#152 = CARTESIAN_POINT ( 'NONE',  ( -3.367250037115409829E-15, 9.000000000000000000, 2.750000000000000000 ) ) ;
#153 = VECTOR ( 'NONE', #1492, 1000.000000000000000 ) ;
#154 = ORIENTED_EDGE ( 'NONE', *, *, #2122, .F. ) ;
#155 = ADVANCED_FACE ( 'NONE', ( #2180 ), #852, .T. ) ;
#156 = EDGE_LOOP ( 'NONE', ( #661, #676, #2217, #825 ) ) ;
#157 = AXIS2_PLACEMENT_3D ( 'NONE', #2545, #373, #1588 ) ;
#158 = DIRECTION ( 'NONE',  ( 3.321028505608954788E-16, -1.000000000000000000, 0.000000000000000000 ) ) ;
#159 = LINE ( 'NONE', #3012, #834 ) ;
#160 = LINE ( 'NONE', #1123, #229 ) ;
#161 = VERTEX_POINT ( 'NONE', #2459 ) ;
#162 = DIRECTION ( 'NONE',  ( 0.000000000000000000, 0.000000000000000000, -1.000000000000000000 ) ) ;
#163 = EDGE_CURVE ( 'NONE', #2105, #331, #2175, .T. ) ;
#164 = EDGE_LOOP ( 'NONE', ( #3136, #585, #2656, #2766 ) ) ;
#165 = DIRECTION ( 'NONE',  ( -8.659560562354980929E-17, -0.7071067811865510144, -0.7071067811865441310 ) ) ;
#166 = CARTESIAN_POINT ( 'NONE',  ( -2.100373237363865275, -6.519892691078539748, 3.399999999999930189 ) ) ;
#167 = DIRECTION ( 'NONE',  ( 0.000000000000000000, 0.000000000000000000, 1.000000000000000000 ) ) ;
#168 = CARTESIAN_POINT ( 'NONE',  ( 5.100000000000000533, -11.09999999999999964, 0.000000000000000000 ) ) ;
#169 = AXIS2_PLACEMENT_3D ( 'NONE', #2903, #1635, #907 ) ;
#170 = ORIENTED_EDGE ( 'NONE', *, *, #3035, .F. ) ;
#171 = ORIENTED_EDGE ( 'NONE', *, *, #2847, .F. ) ;
#172 = AXIS2_PLACEMENT_3D ( 'NONE', #521, #299, #756 ) ;
#173 = CARTESIAN_POINT ( 'NONE',  ( 2.000000000000000000, -2.721928133726600141, 2.750000000000000000 ) ) ;
#174 = AXIS2_PLACEMENT_3D ( 'NONE', #910, #1879, #2124 ) ;
#175 = CARTESIAN_POINT ( 'NONE',  ( -4.200000000000009059, 0.000000000000000000, 2.500000000000000000 ) ) ;
#176 = FACE_OUTER_BOUND ( 'NONE', #2717, .T. ) ;
#177 = AXIS2_PLACEMENT_3D ( 'NONE', #2182, #966, #1937 ) ;
#178 = VERTEX_POINT ( 'NONE', #1699 ) ;
#179 = DIRECTION ( 'NONE',  ( -0.000000000000000000, -0.000000000000000000, -1.000000000000000000 ) ) ;
#180 = DIRECTION ( 'NONE',  ( 0.000000000000000000, 0.000000000000000000, -1.000000000000000000 ) ) ;
#181 = DIRECTION ( 'NONE',  ( -1.000000000000000000, 0.000000000000000000, 0.000000000000000000 ) ) ;
#182 = FACE_OUTER_BOUND ( 'NONE', #1043, .T. ) ;
#183 = FACE_OUTER_BOUND ( 'NONE', #2742, .T. ) ;
#184 = AXIS2_PLACEMENT_3D ( 'NONE', #2581, #1109, #3043 ) ;
#185 = CARTESIAN_POINT ( 'NONE',  ( 2.805417647185301178, 7.208510061407372937, 2.749999999999999556 ) ) ;
#186 = VERTEX_POINT ( 'NONE', #2902 ) ;
#187 = AXIS2_PLACEMENT_3D ( 'NONE', #1548, #2519, #873 ) ;
#188 = ORIENTED_EDGE ( 'NONE', *, *, #1391, .F. ) ;
#189 = CIRCLE ( 'NONE', #1960, 6.974873734152920335 ) ;
#190 = FACE_OUTER_BOUND ( 'NONE', #1093, .T. ) ;
#191 = LINE ( 'NONE', #1161, #1288 ) ;
#192 = CARTESIAN_POINT ( 'NONE',  ( 6.866666666666669805, -0.9977753031397190719, 2.750000000000000000 ) ) ;
#193 = EDGE_CURVE ( 'NONE', #1510, #1008, #399, .T. ) ;
#194 = ORIENTED_EDGE ( 'NONE', *, *, #1814, .T. ) ;
#195 = VECTOR ( 'NONE', #22, 1000.000000000000114 ) ;
#196 = CARTESIAN_POINT ( 'NONE',  ( -2.430036776043809965, -6.553738315397660052, 3.681728387591450158 ) ) ;
#197 = DIRECTION ( 'NONE',  ( 1.000000000000000000, 0.000000000000000000, 0.000000000000000000 ) ) ;
#198 = CARTESIAN_POINT ( 'NONE',  ( 2.415959857696144741, 6.787159227905970482, 3.826084213838642611 ) ) ;
#199 = LINE ( 'NONE', #2653, #1034 ) ;
#200 = CARTESIAN_POINT ( 'NONE',  ( -2.250119524841259988, -6.646711032156249033, 3.180237854316008583 ) ) ;
#201 = EDGE_CURVE ( 'NONE', #1228, #379, #760, .T. ) ;
#202 = CIRCLE ( 'NONE', #1974, 1.699999999999999956 ) ;
#203 = EDGE_LOOP ( 'NONE', ( #2342, #421, #2807, #2780 ) ) ;
#204 = EDGE_LOOP ( 'NONE', ( #2872, #2320, #1133, #96 ) ) ;
#205 = CARTESIAN_POINT ( 'NONE',  ( -2.390550319728318662, 6.788615823390593995, 2.962787196886397911 ) ) ;
#206 = LINE ( 'NONE', #679, #1740 ) ;
#207 = PLANE ( 'NONE',  #1752 ) ;
#208 = VERTEX_POINT ( 'NONE', #2443 ) ;
#209 = CARTESIAN_POINT ( 'NONE',  ( -3.367250037115409829E-15, 9.000000000000000000, 1.778679656440369961 ) ) ;
#210 = CYLINDRICAL_SURFACE ( 'NONE', #1766, 4.100000000000000533 ) ;
#211 = CARTESIAN_POINT ( 'NONE',  ( 3.503699465701252791, 7.140983975831895592, 2.709115104966345555 ) ) ;
#212 = DIRECTION ( 'NONE',  ( -0.7071067811865470176, 0.000000000000000000, -0.7071067811865480168 ) ) ;
#213 = FACE_BOUND ( 'NONE', #119, .T. ) ;
#214 = EDGE_CURVE ( 'NONE', #1423, #1205, #2022, .T. ) ;
#215 = ORIENTED_EDGE ( 'NONE', *, *, #432, .F. ) ;
#216 = EDGE_LOOP ( 'NONE', ( #145, #956, #1219, #2435 ) ) ;
#217 = DIRECTION ( 'NONE',  ( 0.000000000000000000, 0.000000000000000000, -1.000000000000000000 ) ) ;
#218 = AXIS2_PLACEMENT_3D ( 'NONE', #1662, #1, #726 ) ;
#219 = CARTESIAN_POINT ( 'NONE',  ( 3.922806269977005211, -4.096135965461075834, 3.899999999999999911 ) ) ;
#220 = FACE_OUTER_BOUND ( 'NONE', #1436, .T. ) ;
#221 = ORIENTED_EDGE ( 'NONE', *, *, #2509, .F. ) ;
#222 = CARTESIAN_POINT ( 'NONE',  ( -2.710512301737849850, -6.340452363414540216, 3.760230733399934966 ) ) ;
#223 = CARTESIAN_POINT ( 'NONE',  ( 5.532912107038729488, 5.777384534339799593, 1.779224147354490304 ) ) ;
#224 = CARTESIAN_POINT ( 'NONE',  ( -3.430765575327230810, -7.187997273207961335, 2.750000000000000888 ) ) ;
#225 = EDGE_CURVE ( 'NONE', #1279, #1593, #653, .T. ) ;
#226 = DIRECTION ( 'NONE',  ( 0.000000000000000000, 0.000000000000000000, -1.000000000000000000 ) ) ;
#227 = CARTESIAN_POINT ( 'NONE',  ( 5.495797077051489232, 5.814059830587179789, 2.750000000000000000 ) ) ;
#228 = EDGE_CURVE ( 'NONE', #137, #2691, #1280, .T. ) ;
#229 = VECTOR ( 'NONE', #665, 1000.000000000000000 ) ;
#230 = ORIENTED_EDGE ( 'NONE', *, *, #588, .T. ) ;
#231 = DIRECTION ( 'NONE',  ( 1.000000000000000000, 0.000000000000000000, 0.000000000000000000 ) ) ;
#232 = ORIENTED_EDGE ( 'NONE', *, *, #689, .T. ) ;
#233 = CYLINDRICAL_SURFACE ( 'NONE', #1300, 1.699999999999999956 ) ;
#234 = ADVANCED_FACE ( 'NONE', ( #1460 ), #719, .F. ) ;
#235 = DIRECTION ( 'NONE',  ( -0.000000000000000000, -0.000000000000000000, -1.000000000000000000 ) ) ;
#236 = DIRECTION ( 'NONE',  ( 1.000000000000000000, 0.000000000000000000, 0.000000000000000000 ) ) ;
#237 = ORIENTED_EDGE ( 'NONE', *, *, #2726, .T. ) ;
#238 = CARTESIAN_POINT ( 'NONE',  ( 2.124133745387724925, 6.540015181335319561, 3.432079868820579804 ) ) ;
#239 = DIRECTION ( 'NONE',  ( -1.000000000000000000, -4.336808689942020201E-16, 0.000000000000000000 ) ) ;
#240 = DIRECTION ( 'NONE',  ( 1.000000000000000000, 0.000000000000000000, 0.000000000000000000 ) ) ;
#241 = CARTESIAN_POINT ( 'NONE',  ( 5.100000000000000533, -8.800000000000000711, 2.449999999999999734 ) ) ;
#242 = CARTESIAN_POINT ( 'NONE',  ( -3.476242029407019984, 7.100317809367650668, 2.750000000000000000 ) ) ;
#243 = AXIS2_PLACEMENT_3D ( 'NONE', #2421, #891, #2829 ) ;
#244 = ADVANCED_FACE ( 'NONE', ( #997 ), #2341, .F. ) ;
#245 = CONICAL_SURFACE ( 'NONE', #1610, 5.878679656440360723, 0.7853981633974532750 ) ;
#246 = VERTEX_POINT ( 'NONE', #18 ) ;
#247 = CARTESIAN_POINT ( 'NONE',  ( -1.699999999999997735, -9.000000000000000000, 2.750000000000000000 ) ) ;
#248 = ORIENTED_EDGE ( 'NONE', *, *, #1582, .T. ) ;
#249 = LINE ( 'NONE', #1021, #3021 ) ;
#250 = EDGE_CURVE ( 'NONE', #1392, #1276, #286, .T. ) ;
#251 = CARTESIAN_POINT ( 'NONE',  ( -3.931388661155780451, -10.67283950617284027, 1.778679656440369961 ) ) ;
#252 = DIRECTION ( 'NONE',  ( 0.000000000000000000, 0.000000000000000000, -1.000000000000000000 ) ) ;
#253 = ORIENTED_EDGE ( 'NONE', *, *, #265, .T. ) ;
#254 = CARTESIAN_POINT ( 'NONE',  ( -2.423507581573649983, 6.138337720475210091, 3.899999999999999911 ) ) ;
#255 = EDGE_CURVE ( 'NONE', #2316, #632, #416, .T. ) ;
#256 = LINE ( 'NONE', #1209, #1027 ) ;
#257 = CARTESIAN_POINT ( 'NONE',  ( 6.744735227894565810, 3.824873888292203095, 2.026554078217074562 ) ) ;
#258 = CLOSED_SHELL ( 'NONE', ( #2414, #1809, #2574, #2472, #1148, #3039, #1912, #292, #1370, #1104, #2912, #1924, #264, #132, #1976, #3123, #459, #1723, #2961, #151, #814, #127, #1485, #482, #1612, #2285, #40, #1254, #1142, #9, #903, #528, #1705, #1817, #1326, #3107, #2496, #809, #1638, #1908, #133, #234, #1896, #1281, #2388, #865, #1503, #2801, #1702, #3084, #1484, #3002, #2734, #393, #2138, #1345, #1374, #2308, #1270, #3008, #366, #2026, #1379, #1942, #3038, #2942, #2480, #2629, #1410, #1581, #663, #1023, #560, #155, #2941, #2244, #1665, #362, #2075, #2232, #694, #1788, #2210, #2865, #1005, #24, #794, #1741, #1975, #2292, #1322, #420, #1605, #924, #1558, #2960, #922, #1248, #1315, #2282, #244 ) ) ;
#259 = EDGE_CURVE ( 'NONE', #706, #1789, #2917, .T. ) ;
#260 = LINE ( 'NONE', #1223, #1459 ) ;
#261 = ORIENTED_EDGE ( 'NONE', *, *, #1711, .F. ) ;
#262 = DIRECTION ( 'NONE',  ( 1.000000000000000000, 3.244920097310259983E-16, 0.000000000000000000 ) ) ;
#263 = ORIENTED_EDGE ( 'NONE', *, *, #1957, .T. ) ;
#264 = ADVANCED_FACE ( 'NONE', ( #1969 ), #511, .F. ) ;
#265 = EDGE_CURVE ( 'NONE', #339, #724, #1377, .T. ) ;
#266 = CARTESIAN_POINT ( 'NONE',  ( 13.10000000000000142, -7.071320343559640342, 2.750000000000000000 ) ) ;
#267 = LINE ( 'NONE', #2680, #104 ) ;
#268 = ORIENTED_EDGE ( 'NONE', *, *, #769, .T. ) ;
#269 = VERTEX_POINT ( 'NONE', #1803 ) ;
#270 = DIRECTION ( 'NONE',  ( -1.000000000000000000, 0.000000000000000000, 0.000000000000000000 ) ) ;
#271 = LINE ( 'NONE', #334, #2093 ) ;
#272 = CARTESIAN_POINT ( 'NONE',  ( 4.400000000000000355, 5.388445916248354013E-16, 0.000000000000000000 ) ) ;
#273 = ORIENTED_EDGE ( 'NONE', *, *, #2774, .F. ) ;
#274 = CARTESIAN_POINT ( 'NONE',  ( -3.361690436066470777, 7.256997100616002783, 2.749999999999999556 ) ) ;
#275 = CONICAL_SURFACE ( 'NONE', #1089, 5.671572875253799495, 1.178097245096171974 ) ;
#276 = ORIENTED_EDGE ( 'NONE', *, *, #1742, .T. ) ;
#277 = CARTESIAN_POINT ( 'NONE',  ( 3.261333713551653801, 6.786367056513917362, 3.068822896831520097 ) ) ;
#278 = VERTEX_POINT ( 'NONE', #352 ) ;
#279 = PRODUCT_DEFINITION_CONTEXT ( 'detailed design', #1312, 'design' ) ;
#280 = CIRCLE ( 'NONE', #2913, 4.999999999999999112 ) ;
#281 = CARTESIAN_POINT ( 'NONE',  ( 2.143660559047679726E-15, -9.000000000000000000, 2.750000000000000000 ) ) ;
#282 = VERTEX_POINT ( 'NONE', #3011 ) ;
#283 = EDGE_CURVE ( 'NONE', #632, #2316, #2194, .T. ) ;
#284 = EDGE_CURVE ( 'NONE', #1259, #877, #2394, .T. ) ;
#285 = ORIENTED_EDGE ( 'NONE', *, *, #37, .T. ) ;
#286 = LINE ( 'NONE', #525, #968 ) ;
#287 = VECTOR ( 'NONE', #2025, 1000.000000000000000 ) ;
#288 = CARTESIAN_POINT ( 'NONE',  ( -3.931388661155775122, -10.67283950617284027, 2.750000000000000000 ) ) ;
#289 = CARTESIAN_POINT ( 'NONE',  ( 1.999999999999996669, 9.000000000000000000, 0.000000000000000000 ) ) ;
#290 = ORIENTED_EDGE ( 'NONE', *, *, #2672, .F. ) ;
#291 = CARTESIAN_POINT ( 'NONE',  ( -2.520612139441570143, 6.948411726856530635, 2.750000000000000000 ) ) ;
#292 = ADVANCED_FACE ( 'NONE', ( #2293 ), #817, .F. ) ;
#293 =( NAMED_UNIT ( * ) SI_UNIT ( $, .STERADIAN. ) SOLID_ANGLE_UNIT ( ) );
#294 = AXIS2_PLACEMENT_3D ( 'NONE', #2339, #3070, #1577 ) ;
#295 = EDGE_LOOP ( 'NONE', ( #2674, #2823, #3015, #2090 ) ) ;
#296 = CARTESIAN_POINT ( 'NONE',  ( -3.931388661155780451, -10.67283950617284027, 1.778679656440369961 ) ) ;
#297 = ORIENTED_EDGE ( 'NONE', *, *, #265, .F. ) ;
#298 = AXIS2_PLACEMENT_3D ( 'NONE', #2335, #2843, #1429 ) ;
#299 = DIRECTION ( 'NONE',  ( 0.000000000000000000, 0.000000000000000000, 1.000000000000000000 ) ) ;
#300 = ORIENTED_EDGE ( 'NONE', *, *, #1504, .T. ) ;
#301 = CARTESIAN_POINT ( 'NONE',  ( 2.143660559047679726E-15, -9.000000000000000000, 0.000000000000000000 ) ) ;
#302 = DIRECTION ( 'NONE',  ( 0.000000000000000000, 0.000000000000000000, -1.000000000000000000 ) ) ;
#303 = AXIS2_PLACEMENT_3D ( 'NONE', #3117, #939, #2876 ) ;
#304 = CARTESIAN_POINT ( 'NONE',  ( 5.770671150899013391, 5.539977722453784281, 1.786235943462506581 ) ) ;
#305 = ORIENTED_EDGE ( 'NONE', *, *, #1647, .T. ) ;
#306 = CARTESIAN_POINT ( 'NONE',  ( -2.100373237363865275, -6.519892691078539748, 3.399999999999930189 ) ) ;
#307 = FILL_AREA_STYLE_COLOUR ( '', #2819 ) ;
#308 = DIRECTION ( 'NONE',  ( 0.000000000000000000, 0.000000000000000000, -1.000000000000000000 ) ) ;
#309 = EDGE_CURVE ( 'NONE', #1838, #137, #2645, .T. ) ;
#310 = EDGE_LOOP ( 'NONE', ( #1746, #113, #2328, #419, #2085, #2199, #2704, #2577, #2539 ) ) ;
#311 = CARTESIAN_POINT ( 'NONE',  ( 7.000000000000000888, -2.323472410678447897, 2.412499509873045067 ) ) ;
#312 = ORIENTED_EDGE ( 'NONE', *, *, #3081, .T. ) ;
#313 = CARTESIAN_POINT ( 'NONE',  ( -3.996264068490214427, 9.172839506172840274, 1.778679656440369961 ) ) ;
#314 = AXIS2_PLACEMENT_3D ( 'NONE', #2225, #2965, #2276 ) ;
#315 = ORIENTED_EDGE ( 'NONE', *, *, #1391, .T. ) ;
#316 = ORIENTED_EDGE ( 'NONE', *, *, #383, .F. ) ;
#317 = CARTESIAN_POINT ( 'NONE',  ( -2.423507581573649983, 6.138337720475210091, 3.899999999999999911 ) ) ;
#318 = DIRECTION ( 'NONE',  ( 0.000000000000000000, 0.000000000000000000, -1.000000000000000000 ) ) ;
#319 = DIRECTION ( 'NONE',  ( 0.000000000000000000, 0.000000000000000000, -1.000000000000000000 ) ) ;
#320 = CONICAL_SURFACE ( 'NONE', #2900, 5.878679656440350065, 0.7853981633974532750 ) ;
#321 = VERTEX_POINT ( 'NONE', #1790 ) ;
#322 = CARTESIAN_POINT ( 'NONE',  ( -9.540979117872440597E-15, 0.000000000000000000, 2.571428571428575172 ) ) ;
#323 = PRESENTATION_STYLE_ASSIGNMENT (( #2703 ) ) ;
#324 = DIRECTION ( 'NONE',  ( 1.000000000000000000, 0.000000000000000000, 0.000000000000000000 ) ) ;
#325 = VERTEX_POINT ( 'NONE', #1078 ) ;
#326 = CARTESIAN_POINT ( 'NONE',  ( 2.520612139441565258, 6.948411726856530635, 2.750000000000000000 ) ) ;
#327 = DIRECTION ( 'NONE',  ( 1.000000000000000000, 1.850371707708594366E-15, 0.000000000000000000 ) ) ;
#328 = ORIENTED_EDGE ( 'NONE', *, *, #3055, .F. ) ;
#329 = CIRCLE ( 'NONE', #735, 1.000000000000000000 ) ;
#330 = DIRECTION ( 'NONE',  ( 1.000000000000000000, 0.000000000000000000, 0.000000000000000000 ) ) ;
#331 = VERTEX_POINT ( 'NONE', #2016 ) ;
#332 = EDGE_LOOP ( 'NONE', ( #2379, #2453, #1298, #862 ) ) ;
#333 = DIRECTION ( 'NONE',  ( -0.000000000000000000, -0.000000000000000000, -1.000000000000000000 ) ) ;
#334 = CARTESIAN_POINT ( 'NONE',  ( 1.999999999999996669, 9.000000000000000000, 0.000000000000000000 ) ) ;
#335 = DIRECTION ( 'NONE',  ( -0.000000000000000000, -0.000000000000000000, -1.000000000000000000 ) ) ;
#336 = EDGE_CURVE ( 'NONE', #2722, #1029, #1681, .T. ) ;
#337 = ORIENTED_EDGE ( 'NONE', *, *, #620, .F. ) ;
#338 = CYLINDRICAL_SURFACE ( 'NONE', #1308, 1.250000000000000222 ) ;
#339 = VERTEX_POINT ( 'NONE', #804 ) ;
#340 = AXIS2_PLACEMENT_3D ( 'NONE', #77, #1146, #888 ) ;
#341 = CIRCLE ( 'NONE', #1048, 4.100000000000000533 ) ;
#342 = DIRECTION ( 'NONE',  ( 1.000000000000000000, 0.000000000000000000, 0.000000000000000000 ) ) ;
#343 = VECTOR ( 'NONE', #217, 1000.000000000000000 ) ;
#344 = FACE_OUTER_BOUND ( 'NONE', #295, .T. ) ;
#345 = EDGE_LOOP ( 'NONE', ( #1640, #2696, #1185, #1867, #232 ) ) ;
#346 = CARTESIAN_POINT ( 'NONE',  ( -2.000000000000006217, 9.000000000000000000, 2.750000000000000000 ) ) ;
#347 = CYLINDRICAL_SURFACE ( 'NONE', #1567, 3.500000000000000000 ) ;
#348 = EDGE_CURVE ( 'NONE', #1360, #1880, #1777, .T. ) ;
#349 = AXIS2_PLACEMENT_3D ( 'NONE', #1002, #2495, #73 ) ;
#350 = CIRCLE ( 'NONE', #750, 1.699999999999999956 ) ;
#351 = EDGE_LOOP ( 'NONE', ( #406, #469, #1136, #3094 ) ) ;
#352 = CARTESIAN_POINT ( 'NONE',  ( -4.100000000000011191, 5.021051876504149357E-16, 3.899999999999999911 ) ) ;
#353 = CARTESIAN_POINT ( 'NONE',  ( 9.099999999999999645, -9.799999999999998934, 0.2999999999999999889 ) ) ;
#354 = CARTESIAN_POINT ( 'NONE',  ( 7.876547467006089320, -6.100000000000000533, 1.778679656440369961 ) ) ;
#355 = CONICAL_SURFACE ( 'NONE', #1869, 2.000000000000000000, 0.7853981633974476129 ) ;
#356 = VERTEX_POINT ( 'NONE', #1299 ) ;
#357 = LINE ( 'NONE', #147, #1967 ) ;
#358 = EDGE_CURVE ( 'NONE', #2380, #2410, #2996, .T. ) ;
#359 = ORIENTED_EDGE ( 'NONE', *, *, #99, .F. ) ;
#360 = CARTESIAN_POINT ( 'NONE',  ( 2.369407537784709916, -6.575320913637670017, 3.648430495574185084 ) ) ;
#361 = DIRECTION ( 'NONE',  ( -0.000000000000000000, -0.000000000000000000, -1.000000000000000000 ) ) ;
#362 = ADVANCED_FACE ( 'NONE', ( #1555 ), #684, .T. ) ;
#363 = PLANE ( 'NONE',  #174 ) ;
#364 = EDGE_CURVE ( 'NONE', #2700, #692, #970, .T. ) ;
#365 = ORIENTED_EDGE ( 'NONE', *, *, #1086, .T. ) ;
#366 = ADVANCED_FACE ( 'NONE', ( #1498 ), #1240, .F. ) ;
#367 = EDGE_CURVE ( 'NONE', #547, #1176, #1227, .T. ) ;
#368 = EDGE_CURVE ( 'NONE', #788, #2201, #2944, .T. ) ;
#369 = CARTESIAN_POINT ( 'NONE',  ( 6.783590502166059188, -4.177009542990920643, 1.812218156921605150 ) ) ;
#370 = CARTESIAN_POINT ( 'NONE',  ( -3.367250037115409829E-15, 9.000000000000000000, 0.000000000000000000 ) ) ;
#371 = ORIENTED_EDGE ( 'NONE', *, *, #358, .T. ) ;
#372 = CARTESIAN_POINT ( 'NONE',  ( 6.866666666666669805, 0.9977753031397190719, 2.839899744476969801 ) ) ;
#373 = DIRECTION ( 'NONE',  ( 0.000000000000000000, 0.000000000000000000, -1.000000000000000000 ) ) ;
#374 = CARTESIAN_POINT ( 'NONE',  ( 5.100000000000000533, -8.500000000000000000, 0.000000000000000000 ) ) ;
#375 = CARTESIAN_POINT ( 'NONE',  ( 2.000000000000000000, -2.721928133726600141, 0.000000000000000000 ) ) ;
#376 = CIRCLE ( 'NONE', #1891, 1.699999999999999956 ) ;
#377 = CARTESIAN_POINT ( 'NONE',  ( 13.10000000000000142, -13.50000000000000000, 1.778679656440369961 ) ) ;
#378 = B_SPLINE_SURFACE_WITH_KNOTS ( 'NONE', 1, 3, ( 
 ( #2416, #238, #2179, #1395, #2141, #1883, #408, #140, #2344, #439, #1108, #3042, #2820, #648 ),
 ( #2080, #864, #1342, #1613, #1595, #1868, #1361, #1629, #1644, #1121, #2803, #2579, #695, #2614 ) ),
 .UNSPECIFIED., .F., .F., .F.,
 ( 2, 2 ),
 ( 4, 2, 2, 2, 2, 2, 4 ),
 ( 0.000000000000000000, 1.000000000000000000 ),
 ( -0.5395663298106739836, -0.2731814901788760519, -0.1399890703629770028, -0.006796650547078290222, 0.1263957692688205958, 0.2595881890847195339, 0.5259730287165169660 ),
 .UNSPECIFIED. ) ;
#379 = VERTEX_POINT ( 'NONE', #2170 ) ;
#380 = CARTESIAN_POINT ( 'NONE',  ( 2.025827388421460241E-15, -6.100000000000000533, 2.750000000000000000 ) ) ;
#381 = CARTESIAN_POINT ( 'NONE',  ( 2.143660559047679726E-15, -9.000000000000000000, 3.399999999999999911 ) ) ;
#382 = CARTESIAN_POINT ( 'NONE',  ( -5.533288710217219908, 5.777777777777780344, 2.750000000000000000 ) ) ;
#383 = EDGE_CURVE ( 'NONE', #1373, #1276, #2762, .T. ) ;
#384 = ORIENTED_EDGE ( 'NONE', *, *, #283, .T. ) ;
#385 = EDGE_CURVE ( 'NONE', #495, #807, #1495, .T. ) ;
#386 = CARTESIAN_POINT ( 'NONE',  ( 0.000000000000000000, 0.000000000000000000, 3.899999999999999911 ) ) ;
#387 = ORIENTED_EDGE ( 'NONE', *, *, #14, .F. ) ;
#388 = CARTESIAN_POINT ( 'NONE',  ( -8.991594154102969583, -9.388888888888889284, 2.750000000000000000 ) ) ;
#389 = LINE ( 'NONE', #2313, #3083 ) ;
#390 = CARTESIAN_POINT ( 'NONE',  ( -3.367250037115409829E-15, 9.000000000000000000, 3.899999999999999911 ) ) ;
#391 = ORIENTED_EDGE ( 'NONE', *, *, #2274, .F. ) ;
#392 = ORIENTED_EDGE ( 'NONE', *, *, #520, .F. ) ;
#393 = ADVANCED_FACE ( 'NONE', ( #62 ), #1025, .F. ) ;
#394 = DIRECTION ( 'NONE',  ( 1.000000000000000000, 0.000000000000000000, 0.000000000000000000 ) ) ;
#395 = AXIS2_PLACEMENT_3D ( 'NONE', #2375, #450, #480 ) ;
#396 = CARTESIAN_POINT ( 'NONE',  ( 2.871499212374865717, -7.369190946642381057, 3.183501172602165585 ) ) ;
#397 = DIRECTION ( 'NONE',  ( -1.000000000000000000, 0.000000000000000000, 0.000000000000000000 ) ) ;
#398 = VERTEX_POINT ( 'NONE', #722 ) ;
#399 = CIRCLE ( 'NONE', #146, 4.400000000000000355 ) ;
#400 = LINE ( 'NONE', #3000, #2126 ) ;
#401 = ORIENTED_EDGE ( 'NONE', *, *, #2693, .F. ) ;
#402 = LINE ( 'NONE', #1309, #1854 ) ;
#403 = DIRECTION ( 'NONE',  ( 0.000000000000000000, 0.000000000000000000, 1.000000000000000000 ) ) ;
#404 = DIRECTION ( 'NONE',  ( -0.000000000000000000, -0.000000000000000000, -1.000000000000000000 ) ) ;
#405 = CARTESIAN_POINT ( 'NONE',  ( -9.540979117872440597E-15, 0.000000000000000000, 3.899999999999999911 ) ) ;
#406 = ORIENTED_EDGE ( 'NONE', *, *, #2478, .F. ) ;
#407 = EDGE_LOOP ( 'NONE', ( #1648, #2974 ) ) ;
#408 = CARTESIAN_POINT ( 'NONE',  ( 2.355918047736449861, 6.575228357805659840, 3.637762989442245409 ) ) ;
#409 = CARTESIAN_POINT ( 'NONE',  ( 7.876547467006089320, -4.850000000000000533, 0.000000000000000000 ) ) ;
#410 = CARTESIAN_POINT ( 'NONE',  ( -2.100373237363865275, -6.519892691078539748, 3.399999999999930189 ) ) ;
#411 = ORIENTED_EDGE ( 'NONE', *, *, #2040, .T. ) ;
#412 = CARTESIAN_POINT ( 'NONE',  ( -2.355935375784674601, -6.575223333697720385, 3.637773268012280070 ) ) ;
#413 = DIRECTION ( 'NONE',  ( -1.000000000000000000, 0.000000000000000000, 0.000000000000000000 ) ) ;
#414 = DIRECTION ( 'NONE',  ( 1.000000000000000000, 1.159886683403532453E-14, 0.000000000000000000 ) ) ;
#415 = DIRECTION ( 'NONE',  ( -1.000000000000000000, 0.000000000000000000, 0.000000000000000000 ) ) ;
#416 = CIRCLE ( 'NONE', #2591, 2.000000000000000000 ) ;
#417 = CARTESIAN_POINT ( 'NONE',  ( -2.740379024503995176, 6.295157644768259786, 3.753553390593205030 ) ) ;
#418 = CARTESIAN_POINT ( 'NONE',  ( 13.10000000000000142, -13.50000000000000000, 2.750000000000000000 ) ) ;
#419 = ORIENTED_EDGE ( 'NONE', *, *, #2122, .T. ) ;
#420 = ADVANCED_FACE ( 'NONE', ( #2219 ), #1798, .F. ) ;
#421 = ORIENTED_EDGE ( 'NONE', *, *, #606, .F. ) ;
#422 = FACE_OUTER_BOUND ( 'NONE', #2851, .T. ) ;
#423 = CIRCLE ( 'NONE', #2202, 2.000000000000000000 ) ;
#424 = CARTESIAN_POINT ( 'NONE',  ( 6.701237973604870390, -4.424385626745319655, 2.750000000000000000 ) ) ;
#425 = CARTESIAN_POINT ( 'NONE',  ( -2.740379024503535099, -6.295157644767879646, 3.753553390593779682 ) ) ;
#426 = EDGE_CURVE ( 'NONE', #812, #2489, #2312, .T. ) ;
#427 = EDGE_LOOP ( 'NONE', ( #2664, #2578, #1070, #2782 ) ) ;
#428 = CARTESIAN_POINT ( 'NONE',  ( -2.256974167483854821, -6.581982483224009250, 3.564467320100054959 ) ) ;
#429 = DIRECTION ( 'NONE',  ( -1.000000000000000000, 0.000000000000000000, 0.000000000000000000 ) ) ;
#430 = VECTOR ( 'NONE', #467, 999.9999999999998863 ) ;
#431 = CARTESIAN_POINT ( 'NONE',  ( 2.025827388421460241E-15, -6.100000000000000533, 0.000000000000000000 ) ) ;
#432 = EDGE_CURVE ( 'NONE', #945, #1477, #2711, .T. ) ;
#433 = CARTESIAN_POINT ( 'NONE',  ( 4.167345393055605918, 4.351480080889560398, 3.753553390593269867 ) ) ;
#434 = FACE_BOUND ( 'NONE', #1785, .T. ) ;
#435 = VECTOR ( 'NONE', #2685, 1000.000000000000114 ) ;
#436 = VERTEX_POINT ( 'NONE', #766 ) ;
#437 = ORIENTED_EDGE ( 'NONE', *, *, #827, .F. ) ;
#438 = PRESENTATION_LAYER_ASSIGNMENT (  '', '', ( #643 ) ) ;
#439 = CARTESIAN_POINT ( 'NONE',  ( 2.541563330120915065, 6.496499636561640756, 3.731301773312510228 ) ) ;
#440 = LINE ( 'NONE', #1677, #3110 ) ;
#441 = CARTESIAN_POINT ( 'NONE',  ( 13.10000000000000142, -13.50000000000000000, 1.778679656440369961 ) ) ;
#442 = ORIENTED_EDGE ( 'NONE', *, *, #769, .F. ) ;
#443 = VECTOR ( 'NONE', #642, 1000.000000000000000 ) ;
#444 = EDGE_CURVE ( 'NONE', #1710, #466, #1690, .T. ) ;
#445 = CARTESIAN_POINT ( 'NONE',  ( -2.423507581573644654, -6.138337720475200321, 3.899999999999999911 ) ) ;
#446 = CYLINDRICAL_SURFACE ( 'NONE', #1978, 5.000000000000000000 ) ;
#447 = LINE ( 'NONE', #3087, #2345 ) ;
#448 = AXIS2_PLACEMENT_3D ( 'NONE', #106, #2037, #461 ) ;
#449 = CARTESIAN_POINT ( 'NONE',  ( -5.533288710217219908, 5.777777777777780344, 1.778679656440369961 ) ) ;
#450 = DIRECTION ( 'NONE',  ( 0.000000000000000000, 0.000000000000000000, 1.000000000000000000 ) ) ;
#451 = EDGE_LOOP ( 'NONE', ( #855, #2626, #2315, #1105 ) ) ;
#452 = AXIS2_PLACEMENT_3D ( 'NONE', #558, #70, #1033 ) ;
#453 = ORIENTED_EDGE ( 'NONE', *, *, #1022, .F. ) ;
#454 = CARTESIAN_POINT ( 'NONE',  ( -2.100373237363834633, 6.519892691078520208, 3.399999999999999911 ) ) ;
#455 = EDGE_CURVE ( 'NONE', #1727, #474, #831, .T. ) ;
#456 = CARTESIAN_POINT ( 'NONE',  ( 5.100000000000000533, -9.799999999999998934, 0.000000000000000000 ) ) ;
#457 = CARTESIAN_POINT ( 'NONE',  ( -8.991594154102969583, -9.388888888888889284, 0.000000000000000000 ) ) ;
#458 = ORIENTED_EDGE ( 'NONE', *, *, #1550, .T. ) ;
#459 = ADVANCED_FACE ( 'NONE', ( #1481 ), #1200, .F. ) ;
#460 = EDGE_CURVE ( 'NONE', #2430, #2193, #1452, .T. ) ;
#461 = DIRECTION ( 'NONE',  ( 1.000000000000000000, 0.000000000000000000, 0.000000000000000000 ) ) ;
#462 = DIRECTION ( 'NONE',  ( 1.000000000000000000, 0.000000000000000000, 0.000000000000000000 ) ) ;
#463 = CARTESIAN_POINT ( 'NONE',  ( -3.179160352889793817, -7.331040390624440128, 2.749999999999999556 ) ) ;
#464 = CARTESIAN_POINT ( 'NONE',  ( -2.752991734705510396, -7.272708331333953780, 2.355561714373067606 ) ) ;
#465 = CARTESIAN_POINT ( 'NONE',  ( -2.661071885804081827, 6.415431789414173913, 3.771284192739430718 ) ) ;
#466 = VERTEX_POINT ( 'NONE', #1738 ) ;
#467 = DIRECTION ( 'NONE',  ( 0.7071067811865510144, 0.000000000000000000, 0.7071067811865441310 ) ) ;
#468 = VECTOR ( 'NONE', #1051, 1000.000000000000114 ) ;
#469 = ORIENTED_EDGE ( 'NONE', *, *, #720, .T. ) ;
#470 = DIRECTION ( 'NONE',  ( -1.000000000000000000, -1.232108328068929811E-16, 0.000000000000000000 ) ) ;
#471 = FACE_OUTER_BOUND ( 'NONE', #1775, .T. ) ;
#472 = FACE_OUTER_BOUND ( 'NONE', #1126, .T. ) ;
#473 = VECTOR ( 'NONE', #2373, 1000.000000000000000 ) ;
#474 = VERTEX_POINT ( 'NONE', #1980 ) ;
#475 = DIRECTION ( 'NONE',  ( 1.000000000000000000, 0.000000000000000000, 0.000000000000000000 ) ) ;
#476 = CARTESIAN_POINT ( 'NONE',  ( 13.10000000000000142, -9.799999999999998934, 0.3000000000000104805 ) ) ;
#477 = CARTESIAN_POINT ( 'NONE',  ( 2.297196696837711549, -6.598901047964729649, 3.607356830687640681 ) ) ;
#478 = EDGE_CURVE ( 'NONE', #807, #117, #11, .T. ) ;
#479 = VECTOR ( 'NONE', #1318, 1000.000000000000000 ) ;
#480 = DIRECTION ( 'NONE',  ( 1.000000000000000000, 0.000000000000000000, 0.000000000000000000 ) ) ;
#481 = CONICAL_SURFACE ( 'NONE', #1545, 1.578679656440349577, 0.7853981633974539411 ) ;
#482 = ADVANCED_FACE ( 'NONE', ( #2675 ), #1467, .T. ) ;
#483 = AXIS2_PLACEMENT_3D ( 'NONE', #3061, #2822, #2582 ) ;
#484 = VERTEX_POINT ( 'NONE', #2571 ) ;
#485 = CARTESIAN_POINT ( 'NONE',  ( 0.000000000000000000, 0.000000000000000000, 3.753553390593269867 ) ) ;
#486 = ORIENTED_EDGE ( 'NONE', *, *, #824, .F. ) ;
#487 = EDGE_CURVE ( 'NONE', #398, #737, #111, .T. ) ;
#488 = FACE_OUTER_BOUND ( 'NONE', #451, .T. ) ;
#489 = CIRCLE ( 'NONE', #89, 7.328427124746199617 ) ;
#490 = AXIS2_PLACEMENT_3D ( 'NONE', #1696, #2662, #1218 ) ;
#491 = DIRECTION ( 'NONE',  ( 1.000000000000000000, 0.000000000000000000, 0.000000000000000000 ) ) ;
#492 = DIRECTION ( 'NONE',  ( -1.000000000000000000, 0.000000000000000000, 0.000000000000000000 ) ) ;
#493 = EDGE_CURVE ( 'NONE', #186, #2261, #1150, .T. ) ;
#494 = AXIS2_PLACEMENT_3D ( 'NONE', #1272, #2411, #1454 ) ;
#495 = VERTEX_POINT ( 'NONE', #2498 ) ;
#496 = B_SPLINE_CURVE_WITH_KNOTS ( 'NONE', 3,
 ( #2066, #853, #2790, #1583 ),
 .UNSPECIFIED., .F., .F.,
 ( 4, 4 ),
 ( 0.000000000000000000, 1.000000000000000000 ),
 .UNSPECIFIED. ) ;
#497 = DIRECTION ( 'NONE',  ( 0.000000000000000000, 0.000000000000000000, 1.000000000000000000 ) ) ;
#498 = CARTESIAN_POINT ( 'NONE',  ( 2.344088795226753508, 6.726292484112847525, 3.042332005817378615 ) ) ;
#499 = DIRECTION ( 'NONE',  ( 1.000000000000000000, 0.000000000000000000, 0.000000000000000000 ) ) ;
#500 = DIRECTION ( 'NONE',  ( 0.000000000000000000, 0.000000000000000000, -1.000000000000000000 ) ) ;
#501 = AXIS2_PLACEMENT_3D ( 'NONE', #1877, #1655, #2654 ) ;
#502 = EDGE_CURVE ( 'NONE', #2504, #1360, #2771, .T. ) ;
#503 = EDGE_CURVE ( 'NONE', #2948, #325, #911, .T. ) ;
#504 = ORIENTED_EDGE ( 'NONE', *, *, #672, .F. ) ;
#505 = CARTESIAN_POINT ( 'NONE',  ( 2.740379024503535099, 6.295157644767879646, 3.753553390593779682 ) ) ;
#506 = VERTEX_POINT ( 'NONE', #1275 ) ;
#507 = CIRCLE ( 'NONE', #2922, 2.954838709677420461 ) ;
#508 = CARTESIAN_POINT ( 'NONE',  ( 2.100373237363865275, 6.519892691078539748, 3.399999999999930189 ) ) ;
#509 = DIRECTION ( 'NONE',  ( 0.000000000000000000, 0.000000000000000000, -1.000000000000000000 ) ) ;
#510 = ORIENTED_EDGE ( 'NONE', *, *, #348, .F. ) ;
#511 = CYLINDRICAL_SURFACE ( 'NONE', #2089, 1.650000000000000355 ) ;
#512 = CARTESIAN_POINT ( 'NONE',  ( 9.099999999999999645, -11.09999999999999964, 0.000000000000000000 ) ) ;
#513 = DIRECTION ( 'NONE',  ( -0.000000000000000000, -0.000000000000000000, -1.000000000000000000 ) ) ;
#514 = CARTESIAN_POINT ( 'NONE',  ( -3.476242029407019984, 7.100317809367650668, 2.750000000000000000 ) ) ;
#515 = ORIENTED_EDGE ( 'NONE', *, *, #2059, .F. ) ;
#516 = B_SPLINE_CURVE_WITH_KNOTS ( 'NONE', 3,
 ( #905, #682, #1650, #667, #919, #951 ),
 .UNSPECIFIED., .F., .F.,
 ( 4, 2, 4 ),
 ( 0.000000000000000000, 0.5000000000000000000, 1.000000000000000000 ),
 .UNSPECIFIED. ) ;
#517 = CARTESIAN_POINT ( 'NONE',  ( -3.922806269977005211, 4.096135965461081163, 3.899999999999999911 ) ) ;
#518 = EDGE_LOOP ( 'NONE', ( #598, #2128, #2479, #51 ) ) ;
#519 = EDGE_CURVE ( 'NONE', #56, #1796, #2367, .T. ) ;
#520 = EDGE_CURVE ( 'NONE', #2360, #1373, #402, .T. ) ;
#521 = CARTESIAN_POINT ( 'NONE',  ( 2.143660559047679726E-15, -9.000000000000000000, 2.449999999999999734 ) ) ;
#522 = FACE_OUTER_BOUND ( 'NONE', #624, .T. ) ;
#523 = ORIENTED_EDGE ( 'NONE', *, *, #2056, .T. ) ;
#524 = ORIENTED_EDGE ( 'NONE', *, *, #1486, .T. ) ;
#525 = CARTESIAN_POINT ( 'NONE',  ( -5.671572875253799495, 0.000000000000000000, 3.899999999999999911 ) ) ;
#526 = CARTESIAN_POINT ( 'NONE',  ( -3.013601946781400809, 6.521293436458225123, 3.408374578556781387 ) ) ;
#527 = FACE_OUTER_BOUND ( 'NONE', #1968, .T. ) ;
#528 = ADVANCED_FACE ( 'NONE', ( #1385 ), #798, .F. ) ;
#529 = VERTEX_POINT ( 'NONE', #346 ) ;
#530 = FACE_OUTER_BOUND ( 'NONE', #1364, .T. ) ;
#531 = ORIENTED_EDGE ( 'NONE', *, *, #519, .T. ) ;
#532 = DIRECTION ( 'NONE',  ( -1.000000000000000000, 0.000000000000000000, 0.000000000000000000 ) ) ;
#533 = AXIS2_PLACEMENT_3D ( 'NONE', #1726, #2958, #1243 ) ;
#534 = EDGE_LOOP ( 'NONE', ( #1124, #523, #2068, #61 ) ) ;
#535 = FACE_OUTER_BOUND ( 'NONE', #2976, .T. ) ;
#536 = ORIENTED_EDGE ( 'NONE', *, *, #2593, .T. ) ;
#537 = ORIENTED_EDGE ( 'NONE', *, *, #2678, .F. ) ;
#538 = DIRECTION ( 'NONE',  ( 0.000000000000000000, 0.000000000000000000, 1.000000000000000000 ) ) ;
#539 = CARTESIAN_POINT ( 'NONE',  ( 7.000000000000000000, -3.209887799597442637, 2.091251715876391692 ) ) ;
#540 = LINE ( 'NONE', #1222, #153 ) ;
#541 = EDGE_CURVE ( 'NONE', #2360, #2497, #489, .T. ) ;
#542 = ORIENTED_EDGE ( 'NONE', *, *, #2770, .T. ) ;
#543 = LINE ( 'NONE', #870, #1565 ) ;
#544 = CARTESIAN_POINT ( 'NONE',  ( -3.367250037115409829E-15, 9.000000000000000000, 2.750000000000000000 ) ) ;
#545 = CARTESIAN_POINT ( 'NONE',  ( 7.876547467006089320, -6.100000000000000533, 0.000000000000000000 ) ) ;
#546 = CIRCLE ( 'NONE', #898, 1.699999999999999956 ) ;
#547 = VERTEX_POINT ( 'NONE', #1860 ) ;
#548 = CARTESIAN_POINT ( 'NONE',  ( 9.099999999999999645, -11.09999999999999964, 0.000000000000000000 ) ) ;
#549 = VERTEX_POINT ( 'NONE', #1786 ) ;
#550 = AXIS2_PLACEMENT_3D ( 'NONE', #749, #2448, #1939 ) ;
#551 = CIRCLE ( 'NONE', #1211, 8.000000000000000000 ) ;
#552 = CARTESIAN_POINT ( 'NONE',  ( 5.100000000000000533, -9.799999999999998934, 0.2999999999999999889 ) ) ;
#553 = ORIENTED_EDGE ( 'NONE', *, *, #1055, .T. ) ;
#554 = ORIENTED_EDGE ( 'NONE', *, *, #2804, .T. ) ;
#555 = CARTESIAN_POINT ( 'NONE',  ( -2.100373237363839962, 6.519892691078539748, 3.399999999999999911 ) ) ;
#556 = DIRECTION ( 'NONE',  ( 1.000000000000000000, -4.336808689942020201E-16, 0.000000000000000000 ) ) ;
#557 = AXIS2_PLACEMENT_3D ( 'NONE', #2951, #1955, #2686 ) ;
#558 = CARTESIAN_POINT ( 'NONE',  ( -3.816391647148974030E-15, -8.800000000000000711, 2.449999999999999734 ) ) ;
#559 = EDGE_LOOP ( 'NONE', ( #1951, #1398, #128, #504 ) ) ;
#560 = ADVANCED_FACE ( 'NONE', ( #1128 ), #1959, .F. ) ;
#561 = CARTESIAN_POINT ( 'NONE',  ( -2.806949226585659041, 7.209480336367595221, 2.750000000000000000 ) ) ;
#562 = FACE_OUTER_BOUND ( 'NONE', #2706, .T. ) ;
#563 = EDGE_LOOP ( 'NONE', ( #2266, #154, #879, #2732 ) ) ;
#564 = DIRECTION ( 'NONE',  ( 0.000000000000000000, 0.000000000000000000, 1.000000000000000000 ) ) ;
#565 = ORIENTED_EDGE ( 'NONE', *, *, #2693, .T. ) ;
#566 = PRODUCT_RELATED_PRODUCT_CATEGORY ( 'part', '', ( #932 ) ) ;
#567 = EDGE_CURVE ( 'NONE', #995, #398, #991, .T. ) ;
#568 = DIRECTION ( 'NONE',  ( 0.000000000000000000, 0.000000000000000000, 1.000000000000000000 ) ) ;
#569 = VECTOR ( 'NONE', #572, 999.9999999999998863 ) ;
#570 = ORIENTED_EDGE ( 'NONE', *, *, #2486, .T. ) ;
#571 = VERTEX_POINT ( 'NONE', #1620 ) ;
#572 = DIRECTION ( 'NONE',  ( 0.7071067811865510144, 0.000000000000000000, 0.7071067811865441310 ) ) ;
#573 = CARTESIAN_POINT ( 'NONE',  ( 6.783590502166059188, -4.177009542990920643, 1.812218156921605150 ) ) ;
#574 = CARTESIAN_POINT ( 'NONE',  ( -2.100373237363832413, 6.519892691078511326, 3.399999999999991473 ) ) ;
#575 = VECTOR ( 'NONE', #36, 1000.000000000000000 ) ;
#576 = ORIENTED_EDGE ( 'NONE', *, *, #2593, .F. ) ;
#577 = DIRECTION ( 'NONE',  ( -0.7071067811865480168, 8.659560562354939021E-17, 0.7071067811865470176 ) ) ;
#578 = EDGE_LOOP ( 'NONE', ( #2525, #1692, #1247, #2280 ) ) ;
#579 = EDGE_CURVE ( 'NONE', #787, #706, #586, .T. ) ;
#580 = DIRECTION ( 'NONE',  ( 1.000000000000000000, 0.000000000000000000, 0.000000000000000000 ) ) ;
#581 = AXIS2_PLACEMENT_3D ( 'NONE', #1773, #568, #2503 ) ;
#582 = SHAPE_DEFINITION_REPRESENTATION ( #1614, #2977 ) ;
#583 = DIRECTION ( 'NONE',  ( 0.000000000000000000, 0.000000000000000000, -1.000000000000000000 ) ) ;
#584 = AXIS2_PLACEMENT_3D ( 'NONE', #209, #162, #1177 ) ;
#585 = ORIENTED_EDGE ( 'NONE', *, *, #588, .F. ) ;
#586 = LINE ( 'NONE', #548, #1296 ) ;
#587 = LINE ( 'NONE', #743, #1311 ) ;
#588 = EDGE_CURVE ( 'NONE', #2201, #282, #599, .T. ) ;
#589 = AXIS2_PLACEMENT_3D ( 'NONE', #2165, #2890, #415 ) ;
#590 = VERTEX_POINT ( 'NONE', #2028 ) ;
#591 = EDGE_CURVE ( 'NONE', #3121, #1029, #2736, .T. ) ;
#592 = CIRCLE ( 'NONE', #1399, 1.000000000000000888 ) ;
#593 = DIRECTION ( 'NONE',  ( -0.7071067811865510144, 8.659560562354977232E-17, 0.7071067811865441310 ) ) ;
#594 = CARTESIAN_POINT ( 'NONE',  ( -3.931388661155775122, -10.67283950617284027, 0.000000000000000000 ) ) ;
#595 = CARTESIAN_POINT ( 'NONE',  ( 7.000000000000000000, 1.496662954709575999, 2.750000000000000000 ) ) ;
#596 = ORIENTED_EDGE ( 'NONE', *, *, #2450, .T. ) ;
#597 = CARTESIAN_POINT ( 'NONE',  ( -3.931388661155775122, -10.67283950617284027, 1.778679656440369961 ) ) ;
#598 = ORIENTED_EDGE ( 'NONE', *, *, #603, .F. ) ;
#599 = CIRCLE ( 'NONE', #2271, 6.974873734152920335 ) ;
#600 = AXIS2_PLACEMENT_3D ( 'NONE', #876, #1863, #2103 ) ;
#601 = CARTESIAN_POINT ( 'NONE',  ( 2.423507581573649983, -6.138337720475200321, 3.899999999999999911 ) ) ;
#602 = DIRECTION ( 'NONE',  ( 0.000000000000000000, 0.7071067811865510144, 0.7071067811865441310 ) ) ;
#603 = EDGE_CURVE ( 'NONE', #1642, #2835, #2054, .T. ) ;
#604 = CARTESIAN_POINT ( 'NONE',  ( 7.000000000000000888, 1.995896479313775451, 2.503386685620389684 ) ) ;
#605 = VECTOR ( 'NONE', #1212, 1000.000000000000000 ) ;
#606 = EDGE_CURVE ( 'NONE', #724, #506, #1291, .T. ) ;
#607 = AXIS2_PLACEMENT_3D ( 'NONE', #2262, #1560, #2069 ) ;
#608 = ORIENTED_EDGE ( 'NONE', *, *, #1152, .F. ) ;
#609 = CARTESIAN_POINT ( 'NONE',  ( -9.540979117872440597E-15, 0.000000000000000000, 3.000000000000000000 ) ) ;
#610 = DIRECTION ( 'NONE',  ( 1.000000000000000000, 0.000000000000000000, 0.000000000000000000 ) ) ;
#611 = CARTESIAN_POINT ( 'NONE',  ( 5.495797077051489232, 5.814059830587179789, 1.778679656440369961 ) ) ;
#612 = VECTOR ( 'NONE', #1471, 1000.000000000000000 ) ;
#613 = ORIENTED_EDGE ( 'NONE', *, *, #2174, .F. ) ;
#614 = CARTESIAN_POINT ( 'NONE',  ( -3.996264068490210430, -9.172839506172840274, 1.778679656440369961 ) ) ;
#615 = ORIENTED_EDGE ( 'NONE', *, *, #3071, .F. ) ;
#616 = DIRECTION ( 'NONE',  ( -0.000000000000000000, -0.000000000000000000, -1.000000000000000000 ) ) ;
#617 = CARTESIAN_POINT ( 'NONE',  ( 3.996264068490205101, 9.172839506172840274, 0.000000000000000000 ) ) ;
#618 = CARTESIAN_POINT ( 'NONE',  ( 8.991594154102980241, -9.388888888888889284, 3.753553390593269867 ) ) ;
#619 = EDGE_CURVE ( 'NONE', #692, #1328, #1704, .T. ) ;
#620 = EDGE_CURVE ( 'NONE', #1295, #3041, #1602, .T. ) ;
#621 = VERTEX_POINT ( 'NONE', #2666 ) ;
#622 = FACE_OUTER_BOUND ( 'NONE', #310, .T. ) ;
#623 = DIRECTION ( 'NONE',  ( 0.000000000000000000, 0.000000000000000000, -1.000000000000000000 ) ) ;
#624 = EDGE_LOOP ( 'NONE', ( #2788, #3054, #171, #1482 ) ) ;
#625 = DIRECTION ( 'NONE',  ( -0.000000000000000000, -0.000000000000000000, 1.000000000000000000 ) ) ;
#626 = ORIENTED_EDGE ( 'NONE', *, *, #1224, .T. ) ;
#627 = DIRECTION ( 'NONE',  ( 0.000000000000000000, 0.000000000000000000, -1.000000000000000000 ) ) ;
#628 = CARTESIAN_POINT ( 'NONE',  ( -3.996264068490214427, 9.172839506172840274, 0.000000000000000000 ) ) ;
#629 = VECTOR ( 'NONE', #2176, 1000.000000000000114 ) ;
#630 = CARTESIAN_POINT ( 'NONE',  ( 7.000000000000000000, 1.496662954709575999, 2.620467589171050271 ) ) ;
#631 = VERTEX_POINT ( 'NONE', #2889 ) ;
#632 = VERTEX_POINT ( 'NONE', #921 ) ;
#633 = CARTESIAN_POINT ( 'NONE',  ( 10.10000000000000142, -9.799999999999998934, 2.449999999999999734 ) ) ;
#634 = CARTESIAN_POINT ( 'NONE',  ( 3.012663736166365958, -7.686562627067105247, 2.956705441799173606 ) ) ;
#635 = CARTESIAN_POINT ( 'NONE',  ( -3.023284790497057006, 6.529307540030046653, 3.396141665819054190 ) ) ;
#636 = ORIENTED_EDGE ( 'NONE', *, *, #2374, .T. ) ;
#637 = CARTESIAN_POINT ( 'NONE',  ( -3.025850921499969814, -9.130868874043720496, 2.750000000000000000 ) ) ;
#638 = AXIS2_PLACEMENT_3D ( 'NONE', #1886, #1380, #2385 ) ;
#639 = ORIENTED_EDGE ( 'NONE', *, *, #1083, .T. ) ;
#640 = DIRECTION ( 'NONE',  ( 1.000000000000000000, 0.000000000000000000, 0.000000000000000000 ) ) ;
#641 = DIRECTION ( 'NONE',  ( -1.000000000000000000, 0.000000000000000000, 0.000000000000000000 ) ) ;
#642 = DIRECTION ( 'NONE',  ( 0.000000000000000000, 0.000000000000000000, -1.000000000000000000 ) ) ;
#643 = STYLED_ITEM ( 'NONE', ( #2956 ), #3119 ) ;
#644 = DIRECTION ( 'NONE',  ( -1.000000000000000000, 0.000000000000000000, 0.000000000000000000 ) ) ;
#645 = B_SPLINE_CURVE_WITH_KNOTS ( 'NONE', 3,
 ( #2805, #866, #1079, #1805 ),
 .UNSPECIFIED., .F., .F.,
 ( 4, 4 ),
 ( 0.000000000000000000, 0.001488428501439805884 ),
 .UNSPECIFIED. ) ;
#646 = ORIENTED_EDGE ( 'NONE', *, *, #1413, .T. ) ;
#647 = EDGE_LOOP ( 'NONE', ( #1013, #542, #1505, #2458, #2014, #1290, #1999 ) ) ;
#648 = CARTESIAN_POINT ( 'NONE',  ( 2.740379024503389882, 6.295157644769089345, 3.753553390593395100 ) ) ;
#649 = VECTOR ( 'NONE', #500, 1000.000000000000000 ) ;
#650 = DIRECTION ( 'NONE',  ( 1.000000000000000000, 0.000000000000000000, 0.000000000000000000 ) ) ;
#651 = DIRECTION ( 'NONE',  ( -1.000000000000000000, 0.000000000000000000, 0.000000000000000000 ) ) ;
#652 = ORIENTED_EDGE ( 'NONE', *, *, #1579, .F. ) ;
#653 = CIRCLE ( 'NONE', #3135, 5.000000000000001776 ) ;
#654 = CARTESIAN_POINT ( 'NONE',  ( -2.100373237363770240, -6.519892691078480240, 3.400000000000034994 ) ) ;
#655 = DIRECTION ( 'NONE',  ( 1.000000000000000000, 0.000000000000000000, 0.000000000000000000 ) ) ;
#656 = DIRECTION ( 'NONE',  ( 1.000000000000000000, 0.000000000000000000, 0.000000000000000000 ) ) ;
#657 = CARTESIAN_POINT ( 'NONE',  ( 6.721652352261918040, -0.7091623375428324216, 3.021746070915007909 ) ) ;
#658 = FACE_BOUND ( 'NONE', #2916, .T. ) ;
#659 = DIRECTION ( 'NONE',  ( 1.000000000000000000, 3.550673520623058442E-15, 0.000000000000000000 ) ) ;
#660 = EDGE_LOOP ( 'NONE', ( #2207, #2296, #1096, #949 ) ) ;
#661 = ORIENTED_EDGE ( 'NONE', *, *, #816, .F. ) ;
#662 = LINE ( 'NONE', #677, #1199 ) ;
#663 = ADVANCED_FACE ( 'NONE', ( #1179 ), #1479, .T. ) ;
#664 = DIRECTION ( 'NONE',  ( 0.000000000000000000, 0.000000000000000000, 1.000000000000000000 ) ) ;
#665 = DIRECTION ( 'NONE',  ( -1.000000000000000000, 4.336808689942020201E-16, 0.000000000000000000 ) ) ;
#666 = ORIENTED_EDGE ( 'NONE', *, *, #1957, .F. ) ;
#667 = CARTESIAN_POINT ( 'NONE',  ( 2.540095231295523615, 6.513608360788495588, 3.741539368030960766 ) ) ;
#668 = CARTESIAN_POINT ( 'NONE',  ( -2.100373237363834633, 6.519892691078520208, 3.399999999999999911 ) ) ;
#669 = CARTESIAN_POINT ( 'NONE',  ( 2.870859236324527330, 7.367735769283724423, 3.184531789160782278 ) ) ;
#670 = CARTESIAN_POINT ( 'NONE',  ( -9.540979117872440597E-15, 0.000000000000000000, 2.571428571428575172 ) ) ;
#671 = DIRECTION ( 'NONE',  ( 0.000000000000000000, 0.000000000000000000, -1.000000000000000000 ) ) ;
#672 = EDGE_CURVE ( 'NONE', #787, #621, #3053, .T. ) ;
#673 = CARTESIAN_POINT ( 'NONE',  ( 5.100000000000000533, -8.800000000000000711, 0.2999999999999999889 ) ) ;
#674 = CIRCLE ( 'NONE', #122, 3.700000000000000178 ) ;
#675 = VERTEX_POINT ( 'NONE', #2638 ) ;
#676 = ORIENTED_EDGE ( 'NONE', *, *, #1938, .F. ) ;
#677 = CARTESIAN_POINT ( 'NONE',  ( 7.000000000000000000, 2.271444068117179671E-15, 0.000000000000000000 ) ) ;
#678 = AXIS2_PLACEMENT_3D ( 'NONE', #2516, #1544, #1100 ) ;
#679 = CARTESIAN_POINT ( 'NONE',  ( 7.000000000000000000, -2.721928133726600141, 2.750000000000000000 ) ) ;
#680 = CARTESIAN_POINT ( 'NONE',  ( 11.15000000000000036, -9.799999999999998934, 0.000000000000000000 ) ) ;
#681 = EDGE_LOOP ( 'NONE', ( #553, #98, #1414, #2139 ) ) ;
#682 = CARTESIAN_POINT ( 'NONE',  ( 2.177521181847313247, 6.585228363179415290, 3.504160059893204782 ) ) ;
#683 = FACE_BOUND ( 'NONE', #407, .T. ) ;
#684 = CONICAL_SURFACE ( 'NONE', #2864, 5.671572875253799495, 1.178097245096172418 ) ;
#685 = DIRECTION ( 'NONE',  ( -0.7071067811865465735, 0.000000000000000000, -0.7071067811865485719 ) ) ;
#686 = CARTESIAN_POINT ( 'NONE',  ( 6.599999999999999645, 1.556567716407616958E-21, 3.178679656440357881 ) ) ;
#687 = EDGE_CURVE ( 'NONE', #321, #1802, #447, .T. ) ;
#688 = DIRECTION ( 'NONE',  ( 0.000000000000000000, 0.000000000000000000, 1.000000000000000000 ) ) ;
#689 = EDGE_CURVE ( 'NONE', #2036, #787, #256, .T. ) ;
#690 = ORIENTED_EDGE ( 'NONE', *, *, #895, .T. ) ;
#691 = CIRCLE ( 'NONE', #840, 1.950000000000000400 ) ;
#692 = VERTEX_POINT ( 'NONE', #2621 ) ;
#693 = EDGE_CURVE ( 'NONE', #729, #1008, #2181, .T. ) ;
#694 = ADVANCED_FACE ( 'NONE', ( #938 ), #723, .F. ) ;
#695 = CARTESIAN_POINT ( 'NONE',  ( 2.423507581573644654, 6.138337720475210091, 3.899999999999999911 ) ) ;
#696 = CARTESIAN_POINT ( 'NONE',  ( -3.367250037115409829E-15, 9.000000000000000000, 0.2999999999999999889 ) ) ;
#697 = CARTESIAN_POINT ( 'NONE',  ( 3.476242029407015099, 7.100317809367660438, 2.750000000000000000 ) ) ;
#698 = EDGE_LOOP ( 'NONE', ( #1520, #1756, #47, #138 ) ) ;
#699 = AXIS2_PLACEMENT_3D ( 'NONE', #1590, #859, #2559 ) ;
#700 = CARTESIAN_POINT ( 'NONE',  ( -9.540979117872440597E-15, 0.000000000000000000, 3.753553390593269867 ) ) ;
#701 = CARTESIAN_POINT ( 'NONE',  ( -2.740379024503920125, 6.295157644768190508, 3.753553390593324934 ) ) ;
#702 = LINE ( 'NONE', #431, #1434 ) ;
#703 = VECTOR ( 'NONE', #2389, 1000.000000000000000 ) ;
#704 = CYLINDRICAL_SURFACE ( 'NONE', #589, 1.000000000000000000 ) ;
#705 = DIRECTION ( 'NONE',  ( 0.000000000000000000, 0.000000000000000000, 1.000000000000000000 ) ) ;
#706 = VERTEX_POINT ( 'NONE', #1875 ) ;
#707 = AXIS2_PLACEMENT_3D ( 'NONE', #670, #1636, #2150 ) ;
#708 = ORIENTED_EDGE ( 'NONE', *, *, #502, .T. ) ;
#709 = CYLINDRICAL_SURFACE ( 'NONE', #2617, 5.000000000000000000 ) ;
#710 = DIRECTION ( 'NONE',  ( 1.000000000000000000, 0.000000000000000000, 0.000000000000000000 ) ) ;
#711 = LINE ( 'NONE', #2993, #612 ) ;
#712 = ORIENTED_EDGE ( 'NONE', *, *, #1844, .T. ) ;
#713 = FACE_OUTER_BOUND ( 'NONE', #1601, .T. ) ;
#714 = DIRECTION ( 'NONE',  ( -0.000000000000000000, -0.000000000000000000, 1.000000000000000000 ) ) ;
#715 = CARTESIAN_POINT ( 'NONE',  ( 2.177521181848311560, -6.585228363180256395, 3.504160059891755274 ) ) ;
#716 = CARTESIAN_POINT ( 'NONE',  ( -5.671572875253799495, 0.000000000000000000, 3.899999999999999911 ) ) ;
#717 = EDGE_CURVE ( 'NONE', #812, #3113, #702, .T. ) ;
#718 = CARTESIAN_POINT ( 'NONE',  ( 3.996264068490210430, 9.172839506172840274, 1.778679656440369961 ) ) ;
#719 = CONICAL_SURFACE ( 'NONE', #13, 7.121320343559648158, 0.7853981633974532750 ) ;
#720 = EDGE_CURVE ( 'NONE', #137, #269, #3131, .T. ) ;
#721 = EDGE_LOOP ( 'NONE', ( #3, #636, #996, #1303 ) ) ;
#722 = CARTESIAN_POINT ( 'NONE',  ( 5.100000000000000533, -10.80000000000000071, 2.449999999999999734 ) ) ;
#723 = CONICAL_SURFACE ( 'NONE', #169, 7.328427124746199617, 1.178097245096173307 ) ;
#724 = VERTEX_POINT ( 'NONE', #1193 ) ;
#725 = DIRECTION ( 'NONE',  ( -1.000000000000000000, 0.000000000000000000, 0.000000000000000000 ) ) ;
#726 = DIRECTION ( 'NONE',  ( -1.000000000000000000, 0.000000000000000000, 0.000000000000000000 ) ) ;
#727 = CYLINDRICAL_SURFACE ( 'NONE', #490, 1.000000000000000000 ) ;
#728 = AXIS2_PLACEMENT_3D ( 'NONE', #2861, #226, #2100 ) ;
#729 = VERTEX_POINT ( 'NONE', #2602 ) ;
#730 = CARTESIAN_POINT ( 'NONE',  ( -2.423507581573649983, 6.138337720475200321, 3.899999999999999911 ) ) ;
#731 = DIRECTION ( 'NONE',  ( 0.8137334712067338938, 9.965360908723913963E-17, -0.5812381937190979064 ) ) ;
#732 = DIRECTION ( 'NONE',  ( -0.000000000000000000, -0.000000000000000000, -1.000000000000000000 ) ) ;
#733 = AXIS2_PLACEMENT_3D ( 'NONE', #2904, #732, #1302 ) ;
#734 = CARTESIAN_POINT ( 'NONE',  ( 14.75000000000000178, -9.799999999999998934, 0.3000000000000104805 ) ) ;
#735 = AXIS2_PLACEMENT_3D ( 'NONE', #552, #1246, #785 ) ;
#736 = CIRCLE ( 'NONE', #986, 1.299999999999999156 ) ;
#737 = VERTEX_POINT ( 'NONE', #2372 ) ;
#738 = CARTESIAN_POINT ( 'NONE',  ( 3.476242029407015099, 7.100317809367660438, 2.750000000000000000 ) ) ;
#739 = ORIENTED_EDGE ( 'NONE', *, *, #3081, .F. ) ;
#740 = AXIS2_PLACEMENT_3D ( 'NONE', #2099, #2352, #1528 ) ;
#741 = AXIS2_PLACEMENT_3D ( 'NONE', #152, #1338, #2088 ) ;
#742 = CARTESIAN_POINT ( 'NONE',  ( -1.700000000000003286, 9.000000000000000000, 0.2999999999999999889 ) ) ;
#743 = CARTESIAN_POINT ( 'NONE',  ( 4.167345393055610359, -4.351480080889555069, 3.753553390593269867 ) ) ;
#744 = ORIENTED_EDGE ( 'NONE', *, *, #2774, .T. ) ;
#745 = CARTESIAN_POINT ( 'NONE',  ( -2.423507581573649983, 6.138337720475200321, 3.899999999999999911 ) ) ;
#746 = DIRECTION ( 'NONE',  ( 0.000000000000000000, 0.000000000000000000, -1.000000000000000000 ) ) ;
#747 = FACE_OUTER_BOUND ( 'NONE', #681, .T. ) ;
#748 = CONICAL_SURFACE ( 'NONE', #1103, 1.699999999999999956, 0.7853981633974532750 ) ;
#749 = CARTESIAN_POINT ( 'NONE',  ( -9.540979117872440597E-15, 0.000000000000000000, 2.500000000000000000 ) ) ;
#750 = AXIS2_PLACEMENT_3D ( 'NONE', #1781, #2309, #118 ) ;
#751 = EDGE_CURVE ( 'NONE', #2114, #877, #2427, .T. ) ;
#752 = VERTEX_POINT ( 'NONE', #1652 ) ;
#753 = CARTESIAN_POINT ( 'NONE',  ( 2.000000000000000000, 2.239230772285469850, 0.000000000000000000 ) ) ;
#754 = ORIENTED_EDGE ( 'NONE', *, *, #2612, .F. ) ;
#755 = EDGE_CURVE ( 'NONE', #1552, #3010, #2994, .T. ) ;
#756 = DIRECTION ( 'NONE',  ( 1.000000000000000000, 0.000000000000000000, 0.000000000000000000 ) ) ;
#757 = CARTESIAN_POINT ( 'NONE',  ( 2.143660559047679726E-15, -9.000000000000000000, 0.000000000000000000 ) ) ;
#758 = ORIENTED_EDGE ( 'NONE', *, *, #941, .T. ) ;
#759 = ORIENTED_EDGE ( 'NONE', *, *, #2678, .T. ) ;
#760 = LINE ( 'NONE', #68, #1916 ) ;
#761 = DIRECTION ( 'NONE',  ( 0.4890782461571969164, 0.5106882308569538065, -0.7071067811865439090 ) ) ;
#762 = CARTESIAN_POINT ( 'NONE',  ( -2.100373237363834633, 6.519892691078520208, 3.399999999999999911 ) ) ;
#763 = ORIENTED_EDGE ( 'NONE', *, *, #912, .T. ) ;
#764 = CARTESIAN_POINT ( 'NONE',  ( -2.520612139441570143, 6.948411726856530635, 2.750000000000000000 ) ) ;
#765 = ORIENTED_EDGE ( 'NONE', *, *, #1358, .T. ) ;
#766 = CARTESIAN_POINT ( 'NONE',  ( -0.9793097202388139078, -13.50000000000000000, 0.000000000000000000 ) ) ;
#767 = ORIENTED_EDGE ( 'NONE', *, *, #2546, .F. ) ;
#768 = DIRECTION ( 'NONE',  ( 0.000000000000000000, 0.000000000000000000, -1.000000000000000000 ) ) ;
#769 = EDGE_CURVE ( 'NONE', #2700, #1001, #19, .T. ) ;
#770 = VERTEX_POINT ( 'NONE', #2017 ) ;
#771 = VECTOR ( 'NONE', #1174, 1000.000000000000000 ) ;
#772 = EDGE_LOOP ( 'NONE', ( #2422, #1882 ) ) ;
#773 = CARTESIAN_POINT ( 'NONE',  ( -2.423507581573649983, 6.138337720475210091, 3.899999999999999911 ) ) ;
#774 = CARTESIAN_POINT ( 'NONE',  ( 0.000000000000000000, 0.000000000000000000, 0.2999999999999964917 ) ) ;
#775 = CARTESIAN_POINT ( 'NONE',  ( 3.476242029407019984, -7.100317809367650668, 2.750000000000000000 ) ) ;
#776 = ORIENTED_EDGE ( 'NONE', *, *, #2478, .T. ) ;
#777 = DIRECTION ( 'NONE',  ( 1.000000000000000000, 0.000000000000000000, 0.000000000000000000 ) ) ;
#778 = CARTESIAN_POINT ( 'NONE',  ( 13.10000000000000142, -9.799999999999998934, 0.000000000000000000 ) ) ;
#779 = EDGE_LOOP ( 'NONE', ( #1085, #1319, #1984, #1542, #3093, #904, #1030, #2256, #188, #76, #1961, #3056, #2070 ) ) ;
#780 = CARTESIAN_POINT ( 'NONE',  ( 5.100000000000000533, -10.80000000000000071, 2.449999999999999734 ) ) ;
#781 = ORIENTED_EDGE ( 'NONE', *, *, #1458, .F. ) ;
#782 = EDGE_CURVE ( 'NONE', #1514, #729, #71, .T. ) ;
#783 = AXIS2_PLACEMENT_3D ( 'NONE', #1412, #934, #1900 ) ;
#784 = EDGE_CURVE ( 'NONE', #282, #2466, #2842, .T. ) ;
#785 = DIRECTION ( 'NONE',  ( 1.000000000000000000, 0.000000000000000000, 0.000000000000000000 ) ) ;
#786 = EDGE_CURVE ( 'NONE', #913, #2948, #2688, .T. ) ;
#787 = VERTEX_POINT ( 'NONE', #512 ) ;
#788 = VERTEX_POINT ( 'NONE', #2510 ) ;
#789 = DIRECTION ( 'NONE',  ( 1.000000000000000000, 0.000000000000000000, 0.000000000000000000 ) ) ;
#790 = CARTESIAN_POINT ( 'NONE',  ( 7.000000000000000000, 2.239230772285469850, 0.000000000000000000 ) ) ;
#791 = DIRECTION ( 'NONE',  ( -0.000000000000000000, -0.000000000000000000, -1.000000000000000000 ) ) ;
#792 = ORIENTED_EDGE ( 'NONE', *, *, #784, .T. ) ;
#793 = DIRECTION ( 'NONE',  ( -1.000000000000000000, 0.000000000000000000, 0.000000000000000000 ) ) ;
#794 = ADVANCED_FACE ( 'NONE', ( #85 ), #2245, .F. ) ;
#795 = DIRECTION ( 'NONE',  ( 0.000000000000000000, 0.000000000000000000, -1.000000000000000000 ) ) ;
#796 = DIRECTION ( 'NONE',  ( 0.000000000000000000, 0.000000000000000000, 1.000000000000000000 ) ) ;
#797 = EDGE_LOOP ( 'NONE', ( #1468, #646, #763, #524 ) ) ;
#798 = CYLINDRICAL_SURFACE ( 'NONE', #340, 3.250000000000000000 ) ;
#799 = ORIENTED_EDGE ( 'NONE', *, *, #755, .T. ) ;
#800 = DIRECTION ( 'NONE',  ( -1.000000000000000000, 0.000000000000000000, 0.000000000000000000 ) ) ;
#801 = ORIENTED_EDGE ( 'NONE', *, *, #1931, .F. ) ;
#802 = EDGE_CURVE ( 'NONE', #339, #752, #1236, .T. ) ;
#803 = ORIENTED_EDGE ( 'NONE', *, *, #2074, .F. ) ;
#804 = CARTESIAN_POINT ( 'NONE',  ( 4.100000000000000533, -9.799999999999998934, 0.2999999999999999889 ) ) ;
#805 = CARTESIAN_POINT ( 'NONE',  ( -3.261554532630970726, 6.786689642058905569, 3.068495305140794382 ) ) ;
#806 = CARTESIAN_POINT ( 'NONE',  ( -2.740379024503954764, 6.295157644768221594, 3.753553390593267203 ) ) ;
#807 = VERTEX_POINT ( 'NONE', #790 ) ;
#808 = DIRECTION ( 'NONE',  ( 0.9990660171225526076, 0.04320987654321093580, 0.000000000000000000 ) ) ;
#809 = ADVANCED_FACE ( 'NONE', ( #1475 ), #320, .T. ) ;
#810 = CARTESIAN_POINT ( 'NONE',  ( 2.304933174783065031, -6.585453014709579556, 3.604485115333055489 ) ) ;
#811 = CARTESIAN_POINT ( 'NONE',  ( 6.866666666666669805, 0.9977753031397190719, 2.839899744476969801 ) ) ;
#812 = VERTEX_POINT ( 'NONE', #2209 ) ;
#813 = CARTESIAN_POINT ( 'NONE',  ( 2.390399277593760807, 6.788430250757475193, 2.963034308855875931 ) ) ;
#814 = ADVANCED_FACE ( 'NONE', ( #1987 ), #2950, .F. ) ;
#815 = DIRECTION ( 'NONE',  ( 0.000000000000000000, 0.000000000000000000, -1.000000000000000000 ) ) ;
#816 = EDGE_CURVE ( 'NONE', #675, #1477, #271, .T. ) ;
#817 = CONICAL_SURFACE ( 'NONE', #1225, 4.400000000000000355, 0.7853981633974469467 ) ;
#818 = ORIENTED_EDGE ( 'NONE', *, *, #336, .T. ) ;
#819 = DIRECTION ( 'NONE',  ( -1.000000000000000000, 0.000000000000000000, 0.000000000000000000 ) ) ;
#820 = CARTESIAN_POINT ( 'NONE',  ( 0.000000000000000000, 0.000000000000000000, 3.899999999999999911 ) ) ;
#821 = CARTESIAN_POINT ( 'NONE',  ( -2.343903643603381770, 6.726135681416024248, 3.042603727399352476 ) ) ;
#822 = ORIENTED_EDGE ( 'NONE', *, *, #2708, .T. ) ;
#823 = DIRECTION ( 'NONE',  ( 1.000000000000000000, 1.232108328068929811E-16, 0.000000000000000000 ) ) ;
#824 = EDGE_CURVE ( 'NONE', #807, #2893, #1536, .T. ) ;
#825 = ORIENTED_EDGE ( 'NONE', *, *, #1582, .F. ) ;
#826 = CARTESIAN_POINT ( 'NONE',  ( 2.423507581573649983, -6.138337720475200321, 3.899999999999999911 ) ) ;
#827 = EDGE_CURVE ( 'NONE', #2343, #495, #280, .T. ) ;
#828 = FACE_OUTER_BOUND ( 'NONE', #2222, .T. ) ;
#829 = CIRCLE ( 'NONE', #1946, 5.971320343559640698 ) ;
#830 = CARTESIAN_POINT ( 'NONE',  ( -9.540979117872440597E-15, 0.000000000000000000, 3.899999999999999911 ) ) ;
#831 = B_SPLINE_CURVE_WITH_KNOTS ( 'NONE', 3,
 ( #738, #277, #2657, #505 ),
 .UNSPECIFIED., .F., .F.,
 ( 4, 4 ),
 ( 0.000000000000000000, 0.001488428501439801981 ),
 .UNSPECIFIED. ) ;
#832 = AXIS2_PLACEMENT_3D ( 'NONE', #2409, #2925, #1944 ) ;
#833 = ORIENTED_EDGE ( 'NONE', *, *, #21, .T. ) ;
#834 = VECTOR ( 'NONE', #3027, 1000.000000000000000 ) ;
#835 = CARTESIAN_POINT ( 'NONE',  ( 2.250066944127224300, -6.646666502177978053, 3.180315019838670487 ) ) ;
#836 = LINE ( 'NONE', #2277, #1649 ) ;
#837 = DIRECTION ( 'NONE',  ( 1.000000000000000000, 0.000000000000000000, 0.000000000000000000 ) ) ;
#838 = ORIENTED_EDGE ( 'NONE', *, *, #3103, .T. ) ;
#839 = DIRECTION ( 'NONE',  ( 1.000000000000000000, 0.000000000000000000, 0.000000000000000000 ) ) ;
#840 = AXIS2_PLACEMENT_3D ( 'NONE', #1660, #1408, #2869 ) ;
#841 = ORIENTED_EDGE ( 'NONE', *, *, #1118, .T. ) ;
#842 = CARTESIAN_POINT ( 'NONE',  ( 13.10000000000000142, -9.799999999999998934, 0.3000000000000104805 ) ) ;
#843 = DIRECTION ( 'NONE',  ( 0.7071067811865480168, 0.000000000000000000, 0.7071067811865470176 ) ) ;
#844 = EDGE_CURVE ( 'NONE', #621, #506, #1719, .T. ) ;
#845 = EDGE_CURVE ( 'NONE', #2220, #1001, #1266, .T. ) ;
#846 = CARTESIAN_POINT ( 'NONE',  ( 2.740379024503995176, -6.295157644768250016, 3.753553390593205030 ) ) ;
#847 = EDGE_CURVE ( 'NONE', #549, #78, #1733, .T. ) ;
#848 = CIRCLE ( 'NONE', #2572, 7.028679656440369961 ) ;
#849 = CIRCLE ( 'NONE', #3029, 6.025126265847090323 ) ;
#850 = ORIENTED_EDGE ( 'NONE', *, *, #1422, .F. ) ;
#851 = EDGE_CURVE ( 'NONE', #1373, #1328, #2698, .T. ) ;
#852 = B_SPLINE_SURFACE_WITH_KNOTS ( 'NONE', 1, 3, ( 
 ( #701, #4, #1667, #83, #1506, #2729, #1031, #1473, #1760, #555 ),
 ( #730, #1986, #317, #1014, #773, #254, #1935, #745, #1521, #1490 ) ),
 .UNSPECIFIED., .F., .F., .F.,
 ( 2, 2 ),
 ( 4, 2, 2, 2, 4 ),
 ( 0.000000000000000000, 1.000000000000000000 ),
 ( 1.570796326794899889, 1.987153877397439983, 2.403511427999974970, 2.819868978602515064, 3.236226529205055158 ),
 .UNSPECIFIED. ) ;
#853 = CARTESIAN_POINT ( 'NONE',  ( -2.529131395883741362, 6.190611028572861940, 3.851184463531091673 ) ) ;
#854 = CARTESIAN_POINT ( 'NONE',  ( -8.991594154102969583, -9.388888888888889284, 3.899999999999999911 ) ) ;
#855 = ORIENTED_EDGE ( 'NONE', *, *, #1622, .F. ) ;
#856 = DIRECTION ( 'NONE',  ( -1.000000000000000000, 0.000000000000000000, 0.000000000000000000 ) ) ;
#857 = ORIENTED_EDGE ( 'NONE', *, *, #1878, .T. ) ;
#858 = DIRECTION ( 'NONE',  ( -0.7071067811865510144, 8.659560562354977232E-17, 0.7071067811865441310 ) ) ;
#859 = DIRECTION ( 'NONE',  ( 0.000000000000000000, 0.000000000000000000, -1.000000000000000000 ) ) ;
#860 = DIRECTION ( 'NONE',  ( 0.000000000000000000, 0.000000000000000000, -1.000000000000000000 ) ) ;
#861 = B_SPLINE_CURVE_WITH_KNOTS ( 'NONE', 3,
 ( #3013, #1052, #1806, #2778 ),
 .UNSPECIFIED., .F., .F.,
 ( 4, 4 ),
 ( 0.000000000000000000, 1.000000000000000000 ),
 .UNSPECIFIED. ) ;
#862 = ORIENTED_EDGE ( 'NONE', *, *, #2032, .T. ) ;
#863 = ORIENTED_EDGE ( 'NONE', *, *, #29, .F. ) ;
#864 = CARTESIAN_POINT ( 'NONE',  ( 2.423507581573644654, 6.138337720475210091, 3.899999999999999911 ) ) ;
#865 = ADVANCED_FACE ( 'NONE', ( #1970 ), #1491, .T. ) ;
#866 = CARTESIAN_POINT ( 'NONE',  ( -3.261333713551652469, -6.786367056513905816, 3.068822896831521874 ) ) ;
#867 = CARTESIAN_POINT ( 'NONE',  ( -3.285440589030918623, 6.813247250357016505, 3.035316059042687087 ) ) ;
#868 = EDGE_LOOP ( 'NONE', ( #2852, #759, #576, #801 ) ) ;
#869 =( NAMED_UNIT ( * ) PLANE_ANGLE_UNIT ( ) SI_UNIT ( $, .RADIAN. ) );
#870 = CARTESIAN_POINT ( 'NONE',  ( -3.686287386450715076E-15, -8.500000000000000000, 2.750000000000000000 ) ) ;
#871 = ORIENTED_EDGE ( 'NONE', *, *, #2048, .T. ) ;
#872 = VECTOR ( 'NONE', #731, 1000.000000000000000 ) ;
#873 = DIRECTION ( 'NONE',  ( 0.9990660171225526076, 0.04320987654321160887, 4.336808689942020818E-17 ) ) ;
#874 = CARTESIAN_POINT ( 'NONE',  ( 0.000000000000000000, 0.000000000000000000, 3.899999999999999911 ) ) ;
#875 = PLANE ( 'NONE',  #1763 ) ;
#876 = CARTESIAN_POINT ( 'NONE',  ( 6.000000000000000000, -1.496662954709577997, 0.000000000000000000 ) ) ;
#877 = VERTEX_POINT ( 'NONE', #1522 ) ;
#878 = AXIS2_PLACEMENT_3D ( 'NONE', #854, #2529, #837 ) ;
#879 = ORIENTED_EDGE ( 'NONE', *, *, #1878, .F. ) ;
#880 = PLANE ( 'NONE',  #1858 ) ;
#881 = VECTOR ( 'NONE', #2365, 1000.000000000000000 ) ;
#882 = PLANE ( 'NONE',  #1143 ) ;
#883 = CARTESIAN_POINT ( 'NONE',  ( 4.861464223839360166, -5.076268640762480189, 2.750000000000000000 ) ) ;
#884 = EDGE_LOOP ( 'NONE', ( #2447, #1264, #2336 ) ) ;
#885 = CARTESIAN_POINT ( 'NONE',  ( -2.228995237327024981, -6.578420378124920198, 3.540097539814759831 ) ) ;
#886 = AXIS2_PLACEMENT_3D ( 'NONE', #2159, #2884, #1175 ) ;
#887 = ORIENTED_EDGE ( 'NONE', *, *, #1047, .T. ) ;
#888 = DIRECTION ( 'NONE',  ( -1.000000000000000000, 0.000000000000000000, 0.000000000000000000 ) ) ;
#889 = CARTESIAN_POINT ( 'NONE',  ( -3.503699465701248794, -7.140983975831887598, 2.709115104966343335 ) ) ;
#890 = B_SPLINE_CURVE_WITH_KNOTS ( 'NONE', 3,
 ( #1991, #1767, #3046, #2940 ),
 .UNSPECIFIED., .F., .F.,
 ( 4, 4 ),
 ( 0.000000000000000000, 0.0005664946621240882652 ),
 .UNSPECIFIED. ) ;
#891 = DIRECTION ( 'NONE',  ( 0.000000000000000000, 0.000000000000000000, 1.000000000000000000 ) ) ;
#892 = VECTOR ( 'NONE', #1061, 999.9999999999998863 ) ;
#893 = AXIS2_PLACEMENT_3D ( 'NONE', #2045, #1678, #974 ) ;
#894 = CARTESIAN_POINT ( 'NONE',  ( 3.457316446690592127, 7.145927602211834540, 2.750000000000000444 ) ) ;
#895 = EDGE_CURVE ( 'NONE', #770, #81, #736, .T. ) ;
#896 = ORIENTED_EDGE ( 'NONE', *, *, #2597, .T. ) ;
#897 = ORIENTED_EDGE ( 'NONE', *, *, #2612, .T. ) ;
#898 = AXIS2_PLACEMENT_3D ( 'NONE', #2575, #404, #1369 ) ;
#899 = DIRECTION ( 'NONE',  ( 1.000000000000000000, 3.321028505608954788E-16, 0.000000000000000000 ) ) ;
#900 = AXIS2_PLACEMENT_3D ( 'NONE', #2535, #1074, #1088 ) ;
#901 = DIRECTION ( 'NONE',  ( 0.000000000000000000, 0.000000000000000000, 1.000000000000000000 ) ) ;
#902 = CYLINDRICAL_SURFACE ( 'NONE', #886, 3.250000000000000000 ) ;
#903 = ADVANCED_FACE ( 'NONE', ( #2777, #622 ), #882, .T. ) ;
#904 = ORIENTED_EDGE ( 'NONE', *, *, #786, .T. ) ;
#905 = CARTESIAN_POINT ( 'NONE',  ( 2.100373237363865275, 6.519892691078539748, 3.399999999999930189 ) ) ;
#906 = CARTESIAN_POINT ( 'NONE',  ( -2.423507581573674852, 6.138337720475210091, 3.899999999999999911 ) ) ;
#907 = DIRECTION ( 'NONE',  ( 1.000000000000000000, 0.000000000000000000, 0.000000000000000000 ) ) ;
#908 = CARTESIAN_POINT ( 'NONE',  ( -3.367250037115409829E-15, 9.000000000000000000, 0.000000000000000000 ) ) ;
#909 = CARTESIAN_POINT ( 'NONE',  ( 14.75000000000000178, -9.799999999999998934, 2.750000000000000000 ) ) ;
#910 = CARTESIAN_POINT ( 'NONE',  ( 4.683753385137379944E-15, -10.80000000000000071, 2.750000000000000000 ) ) ;
#911 = B_SPLINE_CURVE_WITH_KNOTS ( 'NONE', 3,
 ( #2586, #311, #1042, #1755 ),
 .UNSPECIFIED., .F., .F.,
 ( 4, 4 ),
 ( 0.003199387008043216851, 0.004465248254388976684 ),
 .UNSPECIFIED. ) ;
#912 = EDGE_CURVE ( 'NONE', #2333, #729, #159, .T. ) ;
#913 = VERTEX_POINT ( 'NONE', #369 ) ;
#914 = ORIENTED_EDGE ( 'NONE', *, *, #3035, .T. ) ;
#915 = CARTESIAN_POINT ( 'NONE',  ( 7.876547467006089320, -6.100000000000000533, 1.778679656440369961 ) ) ;
#916 = CARTESIAN_POINT ( 'NONE',  ( 2.567502818257198172, -6.977083909493301483, 2.682912165553502870 ) ) ;
#917 = DIRECTION ( 'NONE',  ( -0.000000000000000000, -0.000000000000000000, -1.000000000000000000 ) ) ;
#918 = EDGE_LOOP ( 'NONE', ( #2608, #2144, #2039, #2437 ) ) ;
#919 = CARTESIAN_POINT ( 'NONE',  ( 2.661071885798389491, 6.415431789409274721, 3.771284192746654274 ) ) ;
#920 = DIRECTION ( 'NONE',  ( 0.000000000000000000, 0.000000000000000000, -1.000000000000000000 ) ) ;
#921 = CARTESIAN_POINT ( 'NONE',  ( -1.999999999999997780, -9.000000000000000000, 0.000000000000000000 ) ) ;
#922 = ADVANCED_FACE ( 'NONE', ( #1834 ), #2515, .F. ) ;
#923 = FACE_OUTER_BOUND ( 'NONE', #1107, .T. ) ;
#924 = ADVANCED_FACE ( 'NONE', ( #1556 ), #1551, .F. ) ;
#925 = LINE ( 'NONE', #227, #605 ) ;
#926 = EDGE_CURVE ( 'NONE', #3082, #1113, #1801, .T. ) ;
#927 = EDGE_CURVE ( 'NONE', #1029, #3113, #1615, .T. ) ;
#928 = AXIS2_PLACEMENT_3D ( 'NONE', #2304, #125, #1094 ) ;
#929 = ORIENTED_EDGE ( 'NONE', *, *, #2708, .F. ) ;
#930 = ORIENTED_EDGE ( 'NONE', *, *, #1844, .F. ) ;
#931 = DIRECTION ( 'NONE',  ( 0.000000000000000000, 0.000000000000000000, -1.000000000000000000 ) ) ;
#932 = PRODUCT ( 'sherpamini_housing_front', 'sherpamini_housing_front', '', ( #1004 ) ) ;
#933 = DIRECTION ( 'NONE',  ( 0.000000000000000000, 0.000000000000000000, -1.000000000000000000 ) ) ;
#934 = DIRECTION ( 'NONE',  ( -0.000000000000000000, -0.000000000000000000, 1.000000000000000000 ) ) ;
#935 = ORIENTED_EDGE ( 'NONE', *, *, #3069, .T. ) ;
#936 = CARTESIAN_POINT ( 'NONE',  ( -2.423507581573644654, -6.138337720475200321, 3.899999999999999911 ) ) ;
#937 = DIRECTION ( 'NONE',  ( -1.000000000000000000, 0.000000000000000000, 0.000000000000000000 ) ) ;
#938 = FACE_OUTER_BOUND ( 'NONE', #959, .T. ) ;
#939 = DIRECTION ( 'NONE',  ( 0.000000000000000000, 0.000000000000000000, 1.000000000000000000 ) ) ;
#940 = CARTESIAN_POINT ( 'NONE',  ( -2.423507581575150116, -6.138337720472120118, 3.899999999999999911 ) ) ;
#941 = EDGE_CURVE ( 'NONE', #506, #706, #592, .T. ) ;
#942 = EDGE_CURVE ( 'NONE', #571, #2691, #2610, .T. ) ;
#943 = ORIENTED_EDGE ( 'NONE', *, *, #1579, .T. ) ;
#944 = MECHANICAL_DESIGN_GEOMETRIC_PRESENTATION_REPRESENTATION (  '', ( #643 ), #135 ) ;
#945 = VERTEX_POINT ( 'NONE', #1122 ) ;
#946 = CARTESIAN_POINT ( 'NONE',  ( 2.000000000000000000, 2.239230772285469850, 2.750000000000000000 ) ) ;
#947 = CARTESIAN_POINT ( 'NONE',  ( 2.740379024503951211, -6.295157644768219818, 3.753553390593271200 ) ) ;
#948 = CARTESIAN_POINT ( 'NONE',  ( 0.000000000000000000, 0.000000000000000000, 3.753553390593269867 ) ) ;
#949 = ORIENTED_EDGE ( 'NONE', *, *, #519, .F. ) ;
#950 = AXIS2_PLACEMENT_3D ( 'NONE', #955, #1403, #3118 ) ;
#951 = CARTESIAN_POINT ( 'NONE',  ( 2.740379024503535099, 6.295157644767879646, 3.753553390593779682 ) ) ;
#952 = DIRECTION ( 'NONE',  ( 0.000000000000000000, 0.000000000000000000, 1.000000000000000000 ) ) ;
#953 = CARTESIAN_POINT ( 'NONE',  ( -2.651454357484436919, -7.091740523622625858, 2.750000000000000000 ) ) ;
#954 = CARTESIAN_POINT ( 'NONE',  ( 6.650315748823989459, -0.4544299697470877697, 3.113369188439151003 ) ) ;
#955 = CARTESIAN_POINT ( 'NONE',  ( 0.000000000000000000, 0.000000000000000000, 0.000000000000000000 ) ) ;
#956 = ORIENTED_EDGE ( 'NONE', *, *, #1931, .T. ) ;
#957 = DIRECTION ( 'NONE',  ( -1.000000000000000000, 0.000000000000000000, 0.000000000000000000 ) ) ;
#958 = VECTOR ( 'NONE', #212, 1000.000000000000000 ) ;
#959 = EDGE_LOOP ( 'NONE', ( #857, #2816, #1519, #3030 ) ) ;
#960 = LINE ( 'NONE', #2397, #343 ) ;
#961 = CARTESIAN_POINT ( 'NONE',  ( 3.023255125877257310, -6.529282987861671828, 3.396179142874622858 ) ) ;
#962 = DIRECTION ( 'NONE',  ( 0.000000000000000000, 0.000000000000000000, 1.000000000000000000 ) ) ;
#963 = VERTEX_POINT ( 'NONE', #2821 ) ;
#964 = FACE_OUTER_BOUND ( 'NONE', #1995, .T. ) ;
#965 = CARTESIAN_POINT ( 'NONE',  ( 3.283600000024225363, 6.810466825740316921, 3.038071356338129636 ) ) ;
#966 = DIRECTION ( 'NONE',  ( -0.000000000000000000, -0.000000000000000000, -1.000000000000000000 ) ) ;
#967 = DIRECTION ( 'NONE',  ( -0.000000000000000000, -0.000000000000000000, -1.000000000000000000 ) ) ;
#968 = VECTOR ( 'NONE', #978, 1000.000000000000000 ) ;
#969 = ORIENTED_EDGE ( 'NONE', *, *, #2446, .F. ) ;
#970 = LINE ( 'NONE', #296, #1092 ) ;
#971 = VECTOR ( 'NONE', #318, 1000.000000000000000 ) ;
#972 = ORIENTED_EDGE ( 'NONE', *, *, #1152, .T. ) ;
#973 = FACE_OUTER_BOUND ( 'NONE', #868, .T. ) ;
#974 = DIRECTION ( 'NONE',  ( 1.000000000000000000, -4.336808689942020201E-16, 0.000000000000000000 ) ) ;
#975 = CONICAL_SURFACE ( 'NONE', #1691, 2.000000000000000000, 0.7853981633974476129 ) ;
#976 = ORIENTED_EDGE ( 'NONE', *, *, #2125, .F. ) ;
#977 = CIRCLE ( 'NONE', #678, 5.971320343559640698 ) ;
#978 = DIRECTION ( 'NONE',  ( -0.9238795325112869605, 0.000000000000000000, -0.3826834323650895042 ) ) ;
#979 = CARTESIAN_POINT ( 'NONE',  ( 8.991594154102969583, 9.388888888888889284, 0.000000000000000000 ) ) ;
#980 = EDGE_CURVE ( 'NONE', #1176, #2316, #836, .T. ) ;
#981 = DIRECTION ( 'NONE',  ( 0.000000000000000000, 0.000000000000000000, -1.000000000000000000 ) ) ;
#982 = CIRCLE ( 'NONE', #1037, 3.250000000000000000 ) ;
#983 = CARTESIAN_POINT ( 'NONE',  ( 9.099999999999999645, -8.500000000000000000, 2.750000000000000000 ) ) ;
#984 = CIRCLE ( 'NONE', #1846, 5.971320343559639809 ) ;
#985 = EDGE_CURVE ( 'NONE', #3010, #2298, #645, .T. ) ;
#986 = AXIS2_PLACEMENT_3D ( 'NONE', #2491, #1282, #650 ) ;
#987 = ORIENTED_EDGE ( 'NONE', *, *, #1622, .T. ) ;
#988 = DIRECTION ( 'NONE',  ( -0.000000000000000000, -0.000000000000000000, 1.000000000000000000 ) ) ;
#989 = EDGE_LOOP ( 'NONE', ( #1053, #822, #124, #2322 ) ) ;
#990 = EDGE_CURVE ( 'NONE', #2201, #1423, #1068, .T. ) ;
#991 = CIRCLE ( 'NONE', #1404, 1.000000000000000000 ) ;
#992 = VECTOR ( 'NONE', #2301, 1000.000000000000000 ) ;
#993 = CARTESIAN_POINT ( 'NONE',  ( -3.367250037115409829E-15, 9.000000000000000000, 2.750000000000000000 ) ) ;
#994 = DIRECTION ( 'NONE',  ( -0.000000000000000000, -0.000000000000000000, -1.000000000000000000 ) ) ;
#995 = VERTEX_POINT ( 'NONE', #1362 ) ;
#996 = ORIENTED_EDGE ( 'NONE', *, *, #1019, .F. ) ;
#997 = FACE_OUTER_BOUND ( 'NONE', #2269, .T. ) ;
#998 = CARTESIAN_POINT ( 'NONE',  ( -5.533288710217209250, -5.777777777777780344, 1.778679656440369961 ) ) ;
#999 = DIRECTION ( 'NONE',  ( 0.000000000000000000, 0.000000000000000000, 1.000000000000000000 ) ) ;
#1000 = CONICAL_SURFACE ( 'NONE', #699, 2.000000000000000000, 0.7853981633974476129 ) ;
#1001 = VERTEX_POINT ( 'NONE', #594 ) ;
#1002 = CARTESIAN_POINT ( 'NONE',  ( 2.143660559047679726E-15, -9.000000000000000000, 2.750000000000000000 ) ) ;
#1003 = CIRCLE ( 'NONE', #2473, 6.974873734152920335 ) ;
#1004 = PRODUCT_CONTEXT ( 'NONE', #1154, 'mechanical' ) ;
#1005 = ADVANCED_FACE ( 'NONE', ( #2997 ), #2046, .F. ) ;
#1006 = ORIENTED_EDGE ( 'NONE', *, *, #385, .T. ) ;
#1007 = DIRECTION ( 'NONE',  ( 0.000000000000000000, 0.000000000000000000, -1.000000000000000000 ) ) ;
#1008 = VERTEX_POINT ( 'NONE', #1571 ) ;
#1009 = CONICAL_SURFACE ( 'NONE', #1419, 7.121320343559651711, 0.7853981633974539411 ) ;
#1010 = UNCERTAINTY_MEASURE_WITH_UNIT (LENGTH_MEASURE( 1.000000000000000082E-05 ), #2246, 'distance_accuracy_value', 'NONE');
#1011 = CARTESIAN_POINT ( 'NONE',  ( 4.813857645835639687E-15, -11.09999999999999964, 2.750000000000000000 ) ) ;
#1012 = ORIENTED_EDGE ( 'NONE', *, *, #689, .F. ) ;
#1013 = ORIENTED_EDGE ( 'NONE', *, *, #455, .T. ) ;
#1014 = CARTESIAN_POINT ( 'NONE',  ( -2.423507581573649983, 6.138337720475210091, 3.899999999999999911 ) ) ;
#1015 = CARTESIAN_POINT ( 'NONE',  ( 7.000000000000000000, -2.721928133726620125, 2.268094275448299779 ) ) ;
#1016 = DIRECTION ( 'NONE',  ( -1.000000000000000000, 0.000000000000000000, 0.000000000000000000 ) ) ;
#1017 = ORIENTED_EDGE ( 'NONE', *, *, #503, .F. ) ;
#1018 = CARTESIAN_POINT ( 'NONE',  ( -2.423507581575150116, -6.138337720472120118, 3.899999999999999911 ) ) ;
#1019 = EDGE_CURVE ( 'NONE', #1293, #770, #2702, .T. ) ;
#1020 = CARTESIAN_POINT ( 'NONE',  ( 7.876547467006089320, -7.071320343559640342, 2.750000000000000000 ) ) ;
#1021 = CARTESIAN_POINT ( 'NONE',  ( 9.099999999999999645, -10.80000000000000071, 2.449999999999999734 ) ) ;
#1022 = EDGE_CURVE ( 'NONE', #63, #282, #496, .T. ) ;
#1023 = ADVANCED_FACE ( 'NONE', ( #1343 ), #2982, .T. ) ;
#1024 = ORIENTED_EDGE ( 'NONE', *, *, #2538, .F. ) ;
#1025 = CYLINDRICAL_SURFACE ( 'NONE', #533, 1.650000000000000355 ) ;
#1026 = ORIENTED_EDGE ( 'NONE', *, *, #460, .F. ) ;
#1027 = VECTOR ( 'NONE', #2845, 1000.000000000000000 ) ;
#1028 = CARTESIAN_POINT ( 'NONE',  ( 5.100000000000000533, -9.799999999999998934, 0.000000000000000000 ) ) ;
#1029 = VERTEX_POINT ( 'NONE', #2158 ) ;
#1030 = ORIENTED_EDGE ( 'NONE', *, *, #503, .T. ) ;
#1031 = CARTESIAN_POINT ( 'NONE',  ( -2.304937614548484781, 6.585453456529279492, 3.604488900207765134 ) ) ;
#1032 = DIRECTION ( 'NONE',  ( -0.4890782461571969164, -0.5106882308569538065, -0.7071067811865439090 ) ) ;
#1033 = DIRECTION ( 'NONE',  ( -1.000000000000000000, 4.336808689942020201E-16, 0.000000000000000000 ) ) ;
#1034 = VECTOR ( 'NONE', #1386, 999.9999999999998863 ) ;
#1035 = ORIENTED_EDGE ( 'NONE', *, *, #58, .T. ) ;
#1036 = DIRECTION ( 'NONE',  ( 1.000000000000000000, 0.000000000000000000, 0.000000000000000000 ) ) ;
#1037 = AXIS2_PLACEMENT_3D ( 'NONE', #1572, #335, #1779 ) ;
#1038 = AXIS2_PLACEMENT_3D ( 'NONE', #2709, #1518, #1713 ) ;
#1039 = SURFACE_SIDE_STYLE ('',( #1496 ) ) ;
#1040 =( NAMED_UNIT ( * ) PLANE_ANGLE_UNIT ( ) SI_UNIT ( $, .RADIAN. ) );
#1041 = ORIENTED_EDGE ( 'NONE', *, *, #2866, .T. ) ;
#1042 = CARTESIAN_POINT ( 'NONE',  ( 7.000000000000000888, -1.910988952923665884, 2.533838921722721960 ) ) ;
#1043 = EDGE_LOOP ( 'NONE', ( #1249, #194, #1201, #1672 ) ) ;
#1044 = EDGE_CURVE ( 'NONE', #1305, #945, #440, .T. ) ;
#1045 = CARTESIAN_POINT ( 'NONE',  ( -6.025126265847079665, 0.000000000000000000, 3.753553390593269867 ) ) ;
#1046 = ORIENTED_EDGE ( 'NONE', *, *, #1163, .T. ) ;
#1047 = EDGE_CURVE ( 'NONE', #246, #2700, #1411, .T. ) ;
#1048 = AXIS2_PLACEMENT_3D ( 'NONE', #2063, #3022, #1578 ) ;
#1049 = ORIENTED_EDGE ( 'NONE', *, *, #2216, .F. ) ;
#1050 = DIRECTION ( 'NONE',  ( 1.000000000000000000, 0.000000000000000000, 0.000000000000000000 ) ) ;
#1051 = DIRECTION ( 'NONE',  ( -0.7071067811865474617, 0.000000000000000000, -0.7071067811865474617 ) ) ;
#1052 = CARTESIAN_POINT ( 'NONE',  ( 2.634755210195301345, 6.242884336667581913, 3.802368927062179882 ) ) ;
#1053 = ORIENTED_EDGE ( 'NONE', *, *, #367, .F. ) ;
#1054 = PLANE ( 'NONE',  #1717 ) ;
#1055 = EDGE_CURVE ( 'NONE', #379, #1825, #674, .T. ) ;
#1056 = EDGE_CURVE ( 'NONE', #2242, #3113, #1331, .T. ) ;
#1057 = CARTESIAN_POINT ( 'NONE',  ( 0.000000000000000000, 0.000000000000000000, 0.000000000000000000 ) ) ;
#1058 = DIRECTION ( 'NONE',  ( -1.000000000000000000, 0.000000000000000000, 0.000000000000000000 ) ) ;
#1059 = VECTOR ( 'NONE', #2733, 1000.000000000000000 ) ;
#1060 = ORIENTED_EDGE ( 'NONE', *, *, #845, .T. ) ;
#1061 = DIRECTION ( 'NONE',  ( 8.659560562354980929E-17, 0.7071067811865510144, -0.7071067811865441310 ) ) ;
#1062 = CARTESIAN_POINT ( 'NONE',  ( 6.000000000000000000, 1.496662954709577997, 2.750000000000000000 ) ) ;
#1063 = AXIS2_PLACEMENT_3D ( 'NONE', #2665, #2475, #1718 ) ;
#1064 = ORIENTED_EDGE ( 'NONE', *, *, #1165, .F. ) ;
#1065 = EDGE_CURVE ( 'NONE', #2531, #56, #2839, .T. ) ;
#1066 = EDGE_CURVE ( 'NONE', #752, #2036, #1184, .T. ) ;
#1067 = DIRECTION ( 'NONE',  ( 1.000000000000000000, 0.000000000000000000, 0.000000000000000000 ) ) ;
#1068 = LINE ( 'NONE', #2528, #2854 ) ;
#1069 = LINE ( 'NONE', #595, #79 ) ;
#1070 = ORIENTED_EDGE ( 'NONE', *, *, #1393, .T. ) ;
#1071 = FACE_OUTER_BOUND ( 'NONE', #3063, .T. ) ;
#1072 = ORIENTED_EDGE ( 'NONE', *, *, #383, .T. ) ;
#1073 = CARTESIAN_POINT ( 'NONE',  ( 2.423507581573624670, -6.138337720475210091, 3.899999999999999911 ) ) ;
#1074 = DIRECTION ( 'NONE',  ( 0.000000000000000000, 0.000000000000000000, 1.000000000000000000 ) ) ;
#1075 = DIRECTION ( 'NONE',  ( -0.000000000000000000, -0.000000000000000000, 1.000000000000000000 ) ) ;
#1076 = PLANE ( 'NONE',  #893 ) ;
#1077 = ORIENTED_EDGE ( 'NONE', *, *, #2174, .T. ) ;
#1078 = CARTESIAN_POINT ( 'NONE',  ( 7.000000000000000000, -1.496662954709579996, 2.620467589171044942 ) ) ;
#1079 = CARTESIAN_POINT ( 'NONE',  ( -3.013684782010082053, -6.521361995896221231, 3.408269927872319194 ) ) ;
#1080 = CARTESIAN_POINT ( 'NONE',  ( 2.100373237363865275, 6.519892691078539748, 3.399999999999930189 ) ) ;
#1081 = AXIS2_PLACEMENT_3D ( 'NONE', #456, #2412, #2596 ) ;
#1082 = ORIENTED_EDGE ( 'NONE', *, *, #2450, .F. ) ;
#1083 = EDGE_CURVE ( 'NONE', #2948, #1972, #206, .T. ) ;
#1084 = CARTESIAN_POINT ( 'NONE',  ( 3.457343008526724493, -7.145863589395866633, 2.749999999999999556 ) ) ;
#1085 = ORIENTED_EDGE ( 'NONE', *, *, #847, .F. ) ;
#1086 = EDGE_CURVE ( 'NONE', #675, #1305, #376, .T. ) ;
#1087 = CARTESIAN_POINT ( 'NONE',  ( 2.208084685433784333, -6.392707700877413579, 3.566666666666671759 ) ) ;
#1088 = DIRECTION ( 'NONE',  ( 1.000000000000000000, 0.000000000000000000, 0.000000000000000000 ) ) ;
#1089 = AXIS2_PLACEMENT_3D ( 'NONE', #874, #627, #641 ) ;
#1090 = CARTESIAN_POINT ( 'NONE',  ( 2.143660559047679726E-15, -9.000000000000000000, 0.3000000000000094813 ) ) ;
#1091 = EDGE_CURVE ( 'NONE', #72, #63, #2149, .T. ) ;
#1092 = VECTOR ( 'NONE', #1214, 1000.000000000000114 ) ;
#1093 = EDGE_LOOP ( 'NONE', ( #1238, #2644, #2983, #1082, #2583 ) ) ;
#1094 = DIRECTION ( 'NONE',  ( 1.000000000000000000, 0.000000000000000000, 0.000000000000000000 ) ) ;
#1095 = DIRECTION ( 'NONE',  ( -1.000000000000000000, 0.000000000000000000, 0.000000000000000000 ) ) ;
#1096 = ORIENTED_EDGE ( 'NONE', *, *, #1383, .T. ) ;
#1097 = DIRECTION ( 'NONE',  ( 0.000000000000000000, 0.000000000000000000, -1.000000000000000000 ) ) ;
#1098 = CIRCLE ( 'NONE', #1245, 1.950000000000000400 ) ;
#1099 = DIRECTION ( 'NONE',  ( 0.000000000000000000, 0.7071067811865474617, -0.7071067811865474617 ) ) ;
#1100 = DIRECTION ( 'NONE',  ( 1.000000000000000000, 0.000000000000000000, 0.000000000000000000 ) ) ;
#1101 = LINE ( 'NONE', #2286, #2526 ) ;
#1102 = DIRECTION ( 'NONE',  ( -0.000000000000000000, -0.000000000000000000, -1.000000000000000000 ) ) ;
#1103 = AXIS2_PLACEMENT_3D ( 'NONE', #1784, #2042, #3020 ) ;
#1104 = ADVANCED_FACE ( 'NONE', ( #3111 ), #1585, .F. ) ;
#1105 = ORIENTED_EDGE ( 'NONE', *, *, #1938, .T. ) ;
#1106 = CIRCLE ( 'NONE', #607, 1.950000000000000400 ) ;
#1107 = EDGE_LOOP ( 'NONE', ( #3106, #1963, #215, #2368 ) ) ;
#1108 = CARTESIAN_POINT ( 'NONE',  ( 2.576000438061825104, 6.472022084804419428, 3.742078949044000069 ) ) ;
#1109 = DIRECTION ( 'NONE',  ( -0.000000000000000000, -0.000000000000000000, -1.000000000000000000 ) ) ;
#1110 = CARTESIAN_POINT ( 'NONE',  ( -2.664537926786868738, 7.053386956689816856, 3.492616598929710658 ) ) ;
#1111 = ORIENTED_EDGE ( 'NONE', *, *, #980, .T. ) ;
#1112 = DIRECTION ( 'NONE',  ( -1.000000000000000000, 0.000000000000000000, 0.000000000000000000 ) ) ;
#1113 = VERTEX_POINT ( 'NONE', #219 ) ;
#1114 = CIRCLE ( 'NONE', #54, 4.100000000000000533 ) ;
#1115 = CARTESIAN_POINT ( 'NONE',  ( -1.699999999999997735, -9.000000000000000000, 2.449999999999999734 ) ) ;
#1116 = LINE ( 'NONE', #2813, #443 ) ;
#1117 = CARTESIAN_POINT ( 'NONE',  ( 9.099999999999999645, -10.80000000000000071, 2.449999999999999734 ) ) ;
#1118 = EDGE_CURVE ( 'NONE', #1838, #2333, #2346, .T. ) ;
#1119 = ORIENTED_EDGE ( 'NONE', *, *, #214, .F. ) ;
#1120 = ORIENTED_EDGE ( 'NONE', *, *, #603, .T. ) ;
#1121 = CARTESIAN_POINT ( 'NONE',  ( 2.423507581573644654, 6.138337720475210091, 3.899999999999999911 ) ) ;
#1122 = CARTESIAN_POINT ( 'NONE',  ( -2.000000000000003553, 9.000000000000000000, 0.000000000000000000 ) ) ;
#1123 = CARTESIAN_POINT ( 'NONE',  ( 5.100000000000000533, -8.500000000000000000, 0.000000000000000000 ) ) ;
#1124 = ORIENTED_EDGE ( 'NONE', *, *, #1569, .T. ) ;
#1125 = CARTESIAN_POINT ( 'NONE',  ( -2.423507581573644654, -6.138337720475200321, 3.899999999999999911 ) ) ;
#1126 = EDGE_LOOP ( 'NONE', ( #237, #765, #253, #2753 ) ) ;
#1127 = VECTOR ( 'NONE', #165, 999.9999999999998863 ) ;
#1128 = FACE_OUTER_BOUND ( 'NONE', #204, .T. ) ;
#1129 = CARTESIAN_POINT ( 'NONE',  ( -2.566592584435692270, -6.975621667073458099, 2.684522161253814598 ) ) ;
#1130 = DIRECTION ( 'NONE',  ( -1.000000000000000000, -4.336808689942020201E-16, 0.000000000000000000 ) ) ;
#1131 = DIRECTION ( 'NONE',  ( -8.659560562354980929E-17, -0.7071067811865510144, -0.7071067811865441310 ) ) ;
#1132 = CONICAL_SURFACE ( 'NONE', #172, 1.699999999999999956, 0.7853981633974532750 ) ;
#1133 = ORIENTED_EDGE ( 'NONE', *, *, #41, .F. ) ;
#1134 = EDGE_CURVE ( 'NONE', #1001, #436, #1996, .T. ) ;
#1135 = VECTOR ( 'NONE', #319, 1000.000000000000000 ) ;
#1136 = ORIENTED_EDGE ( 'NONE', *, *, #2540, .F. ) ;
#1137 = CARTESIAN_POINT ( 'NONE',  ( 7.000000000000000000, -2.721928133726620125, 2.268094275448299779 ) ) ;
#1138 = CIRCLE ( 'NONE', #1038, 8.000000000000000000 ) ;
#1139 = DIRECTION ( 'NONE',  ( -1.000000000000000000, 0.000000000000000000, 0.000000000000000000 ) ) ;
#1140 = CARTESIAN_POINT ( 'NONE',  ( -8.991594154102969583, -9.388888888888889284, 3.899999999999999911 ) ) ;
#1141 = ORIENTED_EDGE ( 'NONE', *, *, #619, .T. ) ;
#1142 = ADVANCED_FACE ( 'NONE', ( #2870 ), #3125, .F. ) ;
#1143 = AXIS2_PLACEMENT_3D ( 'NONE', #820, #2081, #2331 ) ;
#1144 = CARTESIAN_POINT ( 'NONE',  ( 6.000000000000000000, 1.496662954709577997, 0.000000000000000000 ) ) ;
#1145 = CARTESIAN_POINT ( 'NONE',  ( 15.05000000000000071, -9.799999999999998934, 0.000000000000000000 ) ) ;
#1146 = DIRECTION ( 'NONE',  ( 0.000000000000000000, 0.000000000000000000, -1.000000000000000000 ) ) ;
#1147 = CARTESIAN_POINT ( 'NONE',  ( -3.283600000023854992, -6.810466825740372876, 3.038071356338442275 ) ) ;
#1148 = ADVANCED_FACE ( 'NONE', ( #471 ), #2811, .F. ) ;
#1149 = LINE ( 'NONE', #909, #3026 ) ;
#1150 = CIRCLE ( 'NONE', #740, 5.000000000000000000 ) ;
#1151 = CIRCLE ( 'NONE', #1554, 7.328427124746199617 ) ;
#1152 = EDGE_CURVE ( 'NONE', #2570, #1205, #1442, .T. ) ;
#1153 = CARTESIAN_POINT ( 'NONE',  ( 3.361145778192740519, 7.257466403869766047, 2.750000000000000000 ) ) ;
#1154 = APPLICATION_CONTEXT ( 'automotive_design' ) ;
#1155 = ORIENTED_EDGE ( 'NONE', *, *, #3024, .F. ) ;
#1156 = EDGE_LOOP ( 'NONE', ( #3098, #929, #2881, #1451 ) ) ;
#1157 = CIRCLE ( 'NONE', #2673, 4.100000000000000533 ) ;
#1158 = CARTESIAN_POINT ( 'NONE',  ( -2.520612139441570143, 6.948411726856530635, 2.750000000000000000 ) ) ;
#1159 = CIRCLE ( 'NONE', #2927, 1.000000000000000000 ) ;
#1160 =( BOUNDED_SURFACE ( )  B_SPLINE_SURFACE ( 3, 2, ( 
 ( #2846, #1905, #2419 ),
 ( #3102, #1892, #2622 ),
 ( #1147, #2120, #1129 ),
 ( #889, #1621, #464 ) ),
 .UNSPECIFIED., .F., .F., .F. ) 
 B_SPLINE_SURFACE_WITH_KNOTS ( ( 4, 4 ),
 ( 3, 3 ),
 ( 0.003553465254338369385, 0.005099371783003982077 ),
 ( 0.000000000000000000, 1.000000000000000000 ),
 .UNSPECIFIED. ) 
 GEOMETRIC_REPRESENTATION_ITEM ( )  RATIONAL_B_SPLINE_SURFACE ( (
 ( 1.000000000000000000, 0.6441170323684350940, 1.000000000000000000),
 ( 1.000000000000000000, 0.6147394726135868570, 1.000000000000000000),
 ( 1.000000000000000000, 0.5808924112528799366, 1.000000000000000000),
 ( 1.000000000000000000, 0.5422975168584067696, 1.000000000000000000) ) ) 
 REPRESENTATION_ITEM ( '' )  SURFACE ( )  );
#1161 = CARTESIAN_POINT ( 'NONE',  ( 6.812149160653920177, -4.194594594594594383, 1.778679656440369961 ) ) ;
#1162 = CARTESIAN_POINT ( 'NONE',  ( -0.9793097202388139078, -10.54516129032258043, 2.750000000000000000 ) ) ;
#1163 = EDGE_CURVE ( 'NONE', #161, #208, #1630, .T. ) ;
#1164 = ORIENTED_EDGE ( 'NONE', *, *, #2168, .T. ) ;
#1165 = EDGE_CURVE ( 'NONE', #484, #913, #191, .T. ) ;
#1166 = DIRECTION ( 'NONE',  ( 0.000000000000000000, 0.000000000000000000, -1.000000000000000000 ) ) ;
#1167 = CARTESIAN_POINT ( 'NONE',  ( 3.499999999999990674, 0.000000000000000000, 3.000000000000000000 ) ) ;
#1168 = CARTESIAN_POINT ( 'NONE',  ( 2.661071885804047632, -6.415431789414149044, 3.771284192739475571 ) ) ;
#1169 = CARTESIAN_POINT ( 'NONE',  ( 6.866666666666330521, -0.9977753031398810535, 2.839899744477480059 ) ) ;
#1170 = CARTESIAN_POINT ( 'NONE',  ( -2.423507581575150116, -6.138337720472120118, 3.899999999999999911 ) ) ;
#1171 = ORIENTED_EDGE ( 'NONE', *, *, #1163, .F. ) ;
#1172 = ORIENTED_EDGE ( 'NONE', *, *, #1954, .F. ) ;
#1173 = FACE_OUTER_BOUND ( 'NONE', #2500, .T. ) ;
#1174 = DIRECTION ( 'NONE',  ( -0.8137334712067338938, 0.000000000000000000, -0.5812381937190979064 ) ) ;
#1175 = DIRECTION ( 'NONE',  ( -1.000000000000000000, 0.000000000000000000, 0.000000000000000000 ) ) ;
#1176 = VERTEX_POINT ( 'NONE', #1983 ) ;
#1177 = DIRECTION ( 'NONE',  ( -0.9990660171225526076, 0.04320987654321022109, 5.421010862427525868E-17 ) ) ;
#1178 = CARTESIAN_POINT ( 'NONE',  ( 0.000000000000000000, 0.000000000000000000, 2.750000000000000000 ) ) ;
#1179 = FACE_OUTER_BOUND ( 'NONE', #518, .T. ) ;
#1180 = DIRECTION ( 'NONE',  ( 1.000000000000000000, 0.000000000000000000, 0.000000000000000000 ) ) ;
#1181 = EDGE_CURVE ( 'NONE', #1934, #1727, #984, .T. ) ;
#1182 = EDGE_CURVE ( 'NONE', #1642, #72, #2763, .T. ) ;
#1183 = CARTESIAN_POINT ( 'NONE',  ( -1.699999999999997735, -9.000000000000000000, 2.449999999999999734 ) ) ;
#1184 = CIRCLE ( 'NONE', #1081, 1.300000000000000044 ) ;
#1185 = ORIENTED_EDGE ( 'NONE', *, *, #1336, .T. ) ;
#1186 = ORIENTED_EDGE ( 'NONE', *, *, #1680, .T. ) ;
#1187 = CARTESIAN_POINT ( 'NONE',  ( -2.250066944127225188, 6.646666502177978053, 3.180315019838669599 ) ) ;
#1188 = CARTESIAN_POINT ( 'NONE',  ( 2.415959857696495572, -6.787159227906338188, 3.826084213838185644 ) ) ;
#1189 = DIRECTION ( 'NONE',  ( 0.000000000000000000, 0.000000000000000000, -1.000000000000000000 ) ) ;
#1190 = ORIENTED_EDGE ( 'NONE', *, *, #1019, .T. ) ;
#1191 = CARTESIAN_POINT ( 'NONE',  ( -2.423507581573644654, -6.138337720475200321, 3.899999999999999911 ) ) ;
#1192 = CARTESIAN_POINT ( 'NONE',  ( 4.400000000000000355, 5.388445916248354013E-16, 0.000000000000000000 ) ) ;
#1193 = CARTESIAN_POINT ( 'NONE',  ( 5.100000000000000533, -8.800000000000000711, 0.2999999999999999889 ) ) ;
#1194 = CARTESIAN_POINT ( 'NONE',  ( 1.699999999999996403, 9.000000000000000000, 2.449999999999999734 ) ) ;
#1195 = CIRCLE ( 'NONE', #2814, 6.025126265847079665 ) ;
#1196 = CARTESIAN_POINT ( 'NONE',  ( -9.540979117872440597E-15, 0.000000000000000000, 2.500000000000000000 ) ) ;
#1197 = B_SPLINE_CURVE_WITH_KNOTS ( 'NONE', 3,
 ( #2646, #92, #2157, #2882 ),
 .UNSPECIFIED., .F., .F.,
 ( 4, 4 ),
 ( 0.0002091162153445955032, 0.001692438737996264896 ),
 .UNSPECIFIED. ) ;
#1198 = ORIENTED_EDGE ( 'NONE', *, *, #1469, .F. ) ;
#1199 = VECTOR ( 'NONE', #2364, 1000.000000000000000 ) ;
#1200 = CYLINDRICAL_SURFACE ( 'NONE', #2456, 1.699999999999999956 ) ;
#1201 = ORIENTED_EDGE ( 'NONE', *, *, #985, .F. ) ;
#1202 = CARTESIAN_POINT ( 'NONE',  ( 2.423507581573624670, -6.138337720475210091, 3.899999999999999911 ) ) ;
#1203 = CARTESIAN_POINT ( 'NONE',  ( 2.664478341604794132, -7.053323140889415477, 3.492696532457808978 ) ) ;
#1204 = DIRECTION ( 'NONE',  ( 0.000000000000000000, 0.000000000000000000, 1.000000000000000000 ) ) ;
#1205 = VERTEX_POINT ( 'NONE', #313 ) ;
#1206 = CIRCLE ( 'NONE', #2019, 4.000000000000000000 ) ;
#1207 = DIRECTION ( 'NONE',  ( -0.000000000000000000, -0.000000000000000000, -1.000000000000000000 ) ) ;
#1208 = FACE_BOUND ( 'NONE', #2793, .T. ) ;
#1209 = CARTESIAN_POINT ( 'NONE',  ( 4.813857645835639687E-15, -11.09999999999999964, 0.000000000000000000 ) ) ;
#1210 = CARTESIAN_POINT ( 'NONE',  ( 6.349926929586051649, 4.726719938672301780, 1.869508279397386508 ) ) ;
#1211 = AXIS2_PLACEMENT_3D ( 'NONE', #2859, #2402, #1874 ) ;
#1212 = DIRECTION ( 'NONE',  ( 0.000000000000000000, 0.000000000000000000, -1.000000000000000000 ) ) ;
#1213 = EDGE_LOOP ( 'NONE', ( #28, #2237, #1774, #1012 ) ) ;
#1214 = DIRECTION ( 'NONE',  ( -0.04320987654320918719, 0.9990660171225526076, 0.000000000000000000 ) ) ;
#1215 = ORIENTED_EDGE ( 'NONE', *, *, #2216, .T. ) ;
#1216 = SURFACE_STYLE_FILL_AREA ( #2973 ) ;
#1217 = DIRECTION ( 'NONE',  ( 0.7064463555603889278, 0.03055399671793660246, -0.7071067811865510144 ) ) ;
#1218 = DIRECTION ( 'NONE',  ( -1.000000000000000000, 0.000000000000000000, 0.000000000000000000 ) ) ;
#1219 = ORIENTED_EDGE ( 'NONE', *, *, #493, .F. ) ;
#1220 = DIRECTION ( 'NONE',  ( 0.000000000000000000, 0.000000000000000000, 1.000000000000000000 ) ) ;
#1221 = DIRECTION ( 'NONE',  ( 0.000000000000000000, 0.000000000000000000, 1.000000000000000000 ) ) ;
#1222 = CARTESIAN_POINT ( 'NONE',  ( 13.10000000000000142, -6.100000000000000533, 2.750000000000000000 ) ) ;
#1223 = CARTESIAN_POINT ( 'NONE',  ( -1.700000000000003286, 9.000000000000000000, 2.449999999999999734 ) ) ;
#1224 = EDGE_CURVE ( 'NONE', #356, #2471, #1138, .T. ) ;
#1225 = AXIS2_PLACEMENT_3D ( 'NONE', #2508, #2776, #819 ) ;
#1226 = EDGE_LOOP ( 'NONE', ( #1497, #2764 ) ) ;
#1227 = LINE ( 'NONE', #2467, #2607 ) ;
#1228 = VERTEX_POINT ( 'NONE', #266 ) ;
#1229 = EDGE_CURVE ( 'NONE', #1789, #339, #329, .T. ) ;
#1230 = CARTESIAN_POINT ( 'NONE',  ( 9.099999999999999645, -8.500000000000000000, 2.750000000000000000 ) ) ;
#1231 = CARTESIAN_POINT ( 'NONE',  ( -9.540979117872440597E-15, 0.000000000000000000, 2.500000000000000000 ) ) ;
#1232 = VERTEX_POINT ( 'NONE', #2252 ) ;
#1233 = VECTOR ( 'NONE', #858, 999.9999999999998863 ) ;
#1234 = ORIENTED_EDGE ( 'NONE', *, *, #1814, .F. ) ;
#1235 = CARTESIAN_POINT ( 'NONE',  ( -9.540979117872440597E-15, 0.000000000000000000, 3.299999999999999822 ) ) ;
#1236 = LINE ( 'NONE', #1251, #468 ) ;
#1237 = FACE_OUTER_BOUND ( 'NONE', #1488, .T. ) ;
#1238 = ORIENTED_EDGE ( 'NONE', *, *, #1465, .F. ) ;
#1239 = CARTESIAN_POINT ( 'NONE',  ( -2.208084685433754135, -6.392707700877379828, 3.566666666666680641 ) ) ;
#1240 = CONICAL_SURFACE ( 'NONE', #832, 3.371320343559655264, 0.7853981633974532750 ) ;
#1241 = VECTOR ( 'NONE', #761, 1000.000000000000114 ) ;
#1242 = ORIENTED_EDGE ( 'NONE', *, *, #802, .T. ) ;
#1243 = DIRECTION ( 'NONE',  ( -1.000000000000000000, 0.000000000000000000, 0.000000000000000000 ) ) ;
#1244 = ORIENTED_EDGE ( 'NONE', *, *, #1134, .F. ) ;
#1245 = AXIS2_PLACEMENT_3D ( 'NONE', #2990, #796, #324 ) ;
#1246 = DIRECTION ( 'NONE',  ( -0.000000000000000000, -0.000000000000000000, -1.000000000000000000 ) ) ;
#1247 = ORIENTED_EDGE ( 'NONE', *, *, #444, .T. ) ;
#1248 = ADVANCED_FACE ( 'NONE', ( #2487 ), #2221, .T. ) ;
#1249 = ORIENTED_EDGE ( 'NONE', *, *, #2405, .F. ) ;
#1250 = CARTESIAN_POINT ( 'NONE',  ( 4.683753385137379944E-15, -10.80000000000000071, 0.2999999999999999889 ) ) ;
#1251 = CARTESIAN_POINT ( 'NONE',  ( 3.800000000000000266, -9.799999999999998934, 0.000000000000000000 ) ) ;
#1252 = CARTESIAN_POINT ( 'NONE',  ( 3.922806269977005211, 4.096135965461081163, 3.899999999999999911 ) ) ;
#1253 = AXIS2_PLACEMENT_3D ( 'NONE', #1813, #167, #1827 ) ;
#1254 = ADVANCED_FACE ( 'NONE', ( #973 ), #2946, .T. ) ;
#1255 = EDGE_LOOP ( 'NONE', ( #2451, #2554, #170, #2424 ) ) ;
#1256 = EDGE_CURVE ( 'NONE', #1789, #2036, #1277, .T. ) ;
#1257 = LINE ( 'NONE', #1703, #2172 ) ;
#1258 = VECTOR ( 'NONE', #1857, 999.9999999999998863 ) ;
#1259 = VERTEX_POINT ( 'NONE', #1997 ) ;
#1260 = DIRECTION ( 'NONE',  ( 0.000000000000000000, 0.000000000000000000, -1.000000000000000000 ) ) ;
#1261 = ORIENTED_EDGE ( 'NONE', *, *, #2509, .T. ) ;
#1262 = VECTOR ( 'NONE', #1402, 1000.000000000000000 ) ;
#1263 = DIRECTION ( 'NONE',  ( 0.000000000000000000, 0.000000000000000000, -1.000000000000000000 ) ) ;
#1264 = ORIENTED_EDGE ( 'NONE', *, *, #1182, .T. ) ;
#1265 = DIRECTION ( 'NONE',  ( -1.000000000000000000, -4.336808689942020201E-16, 0.000000000000000000 ) ) ;
#1266 = LINE ( 'NONE', #69, #435 ) ;
#1267 = FACE_OUTER_BOUND ( 'NONE', #1989, .T. ) ;
#1268 = ORIENTED_EDGE ( 'NONE', *, *, #1435, .T. ) ;
#1269 = DIRECTION ( 'NONE',  ( -0.000000000000000000, -0.000000000000000000, 1.000000000000000000 ) ) ;
#1270 = ADVANCED_FACE ( 'NONE', ( #2203 ), #481, .T. ) ;
#1271 = FILL_AREA_STYLE ('',( #307 ) ) ;
#1272 = CARTESIAN_POINT ( 'NONE',  ( 7.876547467006089320, -4.850000000000000533, 0.000000000000000000 ) ) ;
#1273 = AXIS2_PLACEMENT_3D ( 'NONE', #1535, #114, #1067 ) ;
#1274 = ORIENTED_EDGE ( 'NONE', *, *, #717, .T. ) ;
#1275 = CARTESIAN_POINT ( 'NONE',  ( 9.099999999999999645, -8.800000000000000711, 0.2999999999999999889 ) ) ;
#1276 = VERTEX_POINT ( 'NONE', #1045 ) ;
#1277 = LINE ( 'NONE', #2929, #2910 ) ;
#1278 = ORIENTED_EDGE ( 'NONE', *, *, #2306, .F. ) ;
#1279 = VERTEX_POINT ( 'NONE', #1744 ) ;
#1280 = LINE ( 'NONE', #2697, #2325 ) ;
#1281 = ADVANCED_FACE ( 'NONE', ( #535 ), #2359, .T. ) ;
#1282 = DIRECTION ( 'NONE',  ( -0.000000000000000000, -0.000000000000000000, -1.000000000000000000 ) ) ;
#1283 = DIRECTION ( 'NONE',  ( 0.000000000000000000, 0.000000000000000000, 1.000000000000000000 ) ) ;
#1284 = CIRCLE ( 'NONE', #581, 2.221320343559639809 ) ;
#1285 = ORIENTED_EDGE ( 'NONE', *, *, #985, .T. ) ;
#1286 = CARTESIAN_POINT ( 'NONE',  ( 5.100000000000000533, -8.800000000000000711, 2.449999999999999734 ) ) ;
#1287 = AXIS2_PLACEMENT_3D ( 'NONE', #370, #2278, #1557 ) ;
#1288 = VECTOR ( 'NONE', #2130, 1000.000000000000114 ) ;
#1289 =( NAMED_UNIT ( * ) SI_UNIT ( $, .STERADIAN. ) SOLID_ANGLE_UNIT ( ) );
#1290 = ORIENTED_EDGE ( 'NONE', *, *, #2438, .F. ) ;
#1291 = LINE ( 'NONE', #2992, #3074 ) ;
#1292 = DIRECTION ( 'NONE',  ( -0.000000000000000000, -0.000000000000000000, -1.000000000000000000 ) ) ;
#1293 = VERTEX_POINT ( 'NONE', #1230 ) ;
#1294 = AXIS2_PLACEMENT_3D ( 'NONE', #1140, #1363, #1663 ) ;
#1295 = VERTEX_POINT ( 'NONE', #1501 ) ;
#1296 = VECTOR ( 'NONE', #1770, 1000.000000000000114 ) ;
#1297 = CONICAL_SURFACE ( 'NONE', #3076, 1.878679656440350065, 0.7853981633974532750 ) ;
#1298 = ORIENTED_EDGE ( 'NONE', *, *, #2254, .F. ) ;
#1299 = CARTESIAN_POINT ( 'NONE',  ( -8.000000000000000000, 0.000000000000000000, 0.000000000000000000 ) ) ;
#1300 = AXIS2_PLACEMENT_3D ( 'NONE', #2719, #1768, #725 ) ;
#1301 = CARTESIAN_POINT ( 'NONE',  ( 5.100000000000000533, -9.799999999999998934, 2.449999999999999734 ) ) ;
#1302 = DIRECTION ( 'NONE',  ( 1.000000000000000000, 0.000000000000000000, 0.000000000000000000 ) ) ;
#1303 = ORIENTED_EDGE ( 'NONE', *, *, #2613, .T. ) ;
#1304 = CARTESIAN_POINT ( 'NONE',  ( 3.476242029407019984, -7.100317809367650668, 2.750000000000000000 ) ) ;
#1305 = VERTEX_POINT ( 'NONE', #742 ) ;
#1306 = DIRECTION ( 'NONE',  ( 1.000000000000000000, 0.000000000000000000, 0.000000000000000000 ) ) ;
#1307 = CYLINDRICAL_SURFACE ( 'NONE', #294, 1.000000000000000000 ) ;
#1308 = AXIS2_PLACEMENT_3D ( 'NONE', #1541, #1320, #856 ) ;
#1309 = CARTESIAN_POINT ( 'NONE',  ( -3.922806269976999882, -4.096135965461081163, 3.899999999999999911 ) ) ;
#1310 = DIRECTION ( 'NONE',  ( 1.000000000000000000, 0.000000000000000000, 0.000000000000000000 ) ) ;
#1311 = VECTOR ( 'NONE', #2440, 1000.000000000000000 ) ;
#1312 = APPLICATION_CONTEXT ( 'automotive_design' ) ;
#1313 = ORIENTED_EDGE ( 'NONE', *, *, #2274, .T. ) ;
#1314 = B_SPLINE_CURVE_WITH_KNOTS ( 'NONE', 3,
 ( #2590, #2561, #3052, #185, #136, #1626, #3072, #1591, #1153, #2076, #894, #1372 ),
 .UNSPECIFIED., .F., .F.,
 ( 4, 2, 2, 2, 2, 4 ),
 ( 0.000000000000000000, 0.0002891939875380098433, 0.0005783879750760196866, 0.0008675819626140294756, 0.001012178956383035346, 0.001156775950152041325 ),
 .UNSPECIFIED. ) ;
#1315 = ADVANCED_FACE ( 'NONE', ( #1964 ), #1132, .F. ) ;
#1316 = CARTESIAN_POINT ( 'NONE',  ( 2.390550319728318218, -6.788615823390593107, 2.962787196886398355 ) ) ;
#1317 = DIRECTION ( 'NONE',  ( 0.000000000000000000, 0.000000000000000000, 1.000000000000000000 ) ) ;
#1318 = DIRECTION ( 'NONE',  ( 1.000000000000000000, 3.321028505608954788E-16, 0.000000000000000000 ) ) ;
#1319 = ORIENTED_EDGE ( 'NONE', *, *, #2849, .T. ) ;
#1320 = DIRECTION ( 'NONE',  ( 0.000000000000000000, 0.000000000000000000, -1.000000000000000000 ) ) ;
#1321 = ORIENTED_EDGE ( 'NONE', *, *, #1608, .T. ) ;
#1322 = ADVANCED_FACE ( 'NONE', ( #2191 ), #74, .F. ) ;
#1323 = B_SPLINE_CURVE_WITH_KNOTS ( 'NONE', 3,
 ( #1669, #2639, #1988, #55, #6, #257, #38, #2241, #1210, #1720, #304, #1971 ),
 .UNSPECIFIED., .F., .F.,
 ( 4, 2, 2, 2, 2, 4 ),
 ( 2.582131669350735077E-17, 0.0009934575496962528163, 0.001490186324544365672, 0.001986915099392479178, 0.002980372649088705757, 0.003973830198784933203 ),
 .UNSPECIFIED. ) ;
#1324 = CARTESIAN_POINT ( 'NONE',  ( 2.423507581573649983, -6.138337720475200321, 3.899999999999999911 ) ) ;
#1325 = DIRECTION ( 'NONE',  ( 3.244920097310259983E-16, 1.000000000000000000, 0.000000000000000000 ) ) ;
#1326 = ADVANCED_FACE ( 'NONE', ( #1728 ), #1487, .F. ) ;
#1327 = FACE_OUTER_BOUND ( 'NONE', #1657, .T. ) ;
#1328 = VERTEX_POINT ( 'NONE', #2661 ) ;
#1329 = DIRECTION ( 'NONE',  ( 0.000000000000000000, 0.000000000000000000, 1.000000000000000000 ) ) ;
#1330 = DIRECTION ( 'NONE',  ( -1.000000000000000000, 0.000000000000000000, 0.000000000000000000 ) ) ;
#1331 = CIRCLE ( 'NONE', #2449, 1.249999999999999334 ) ;
#1332 = ORIENTED_EDGE ( 'NONE', *, *, #591, .T. ) ;
#1333 = CARTESIAN_POINT ( 'NONE',  ( 1.663346242893055060E-15, -13.50000000000000000, 0.000000000000000000 ) ) ;
#1334 = EDGE_LOOP ( 'NONE', ( #105, #316, #392, #2514 ) ) ;
#1335 = CARTESIAN_POINT ( 'NONE',  ( 5.532912107038729488, 5.777384534339799593, 1.779224147354490304 ) ) ;
#1336 = EDGE_CURVE ( 'NONE', #2155, #752, #1538, .T. ) ;
#1337 = CARTESIAN_POINT ( 'NONE',  ( 11.14999999999999680, -9.799999999999998934, 2.750000000000000000 ) ) ;
#1338 = DIRECTION ( 'NONE',  ( -0.000000000000000000, -0.000000000000000000, -1.000000000000000000 ) ) ;
#1339 = VECTOR ( 'NONE', #2423, 1000.000000000000000 ) ;
#1340 = EDGE_LOOP ( 'NONE', ( #914, #1268, #1120, #1895 ) ) ;
#1341 = CONICAL_SURFACE ( 'NONE', #483, 1.699999999999999956, 0.7853981633974532750 ) ;
#1342 = CARTESIAN_POINT ( 'NONE',  ( 2.423507581573644654, 6.138337720475210091, 3.899999999999999911 ) ) ;
#1343 = FACE_OUTER_BOUND ( 'NONE', #1985, .T. ) ;
#1344 = CARTESIAN_POINT ( 'NONE',  ( -3.503650211397609127, 7.140910013890341190, 2.709188718967486587 ) ) ;
#1345 = ADVANCED_FACE ( 'NONE', ( #1455 ), #2428, .F. ) ;
#1346 = ORIENTED_EDGE ( 'NONE', *, *, #2672, .T. ) ;
#1347 = DIRECTION ( 'NONE',  ( 0.000000000000000000, 0.000000000000000000, 1.000000000000000000 ) ) ;
#1348 = CARTESIAN_POINT ( 'NONE',  ( -3.500000000000009770, 4.286263797015736595E-16, 3.299999999999999822 ) ) ;
#1349 = EDGE_LOOP ( 'NONE', ( #2474, #897, #1859, #510 ) ) ;
#1350 = CARTESIAN_POINT ( 'NONE',  ( 2.100373237368715174, -6.519892691082660008, 3.400000000006629719 ) ) ;
#1351 = EDGE_CURVE ( 'NONE', #484, #3121, #1284, .T. ) ;
#1352 = EDGE_CURVE ( 'NONE', #2098, #2947, #3057, .T. ) ;
#1353 = B_SPLINE_CURVE_WITH_KNOTS ( 'NONE', 3,
 ( #2848, #200, #2121, #2356 ),
 .UNSPECIFIED., .F., .F.,
 ( 4, 4 ),
 ( 0.0006644922471904050063, 0.001548228169818145024 ),
 .UNSPECIFIED. ) ;
#1354 = FACE_OUTER_BOUND ( 'NONE', #156, .T. ) ;
#1355 = LINE ( 'NONE', #418, #2818 ) ;
#1356 = CIRCLE ( 'NONE', #243, 3.250000000000000000 ) ;
#1357 = ORIENTED_EDGE ( 'NONE', *, *, #364, .T. ) ;
#1358 = EDGE_CURVE ( 'NONE', #995, #339, #2404, .T. ) ;
#1359 = VECTOR ( 'NONE', #714, 1000.000000000000000 ) ;
#1360 = VERTEX_POINT ( 'NONE', #1194 ) ;
#1361 = CARTESIAN_POINT ( 'NONE',  ( 2.423507581573644654, 6.138337720475210091, 3.899999999999999911 ) ) ;
#1362 = CARTESIAN_POINT ( 'NONE',  ( 4.100000000000000533, -9.799999999999998934, 2.449999999999999734 ) ) ;
#1363 = DIRECTION ( 'NONE',  ( 0.000000000000000000, 0.000000000000000000, 1.000000000000000000 ) ) ;
#1364 = EDGE_LOOP ( 'NONE', ( #1278, #2408, #767, #2725 ) ) ;
#1365 = CARTESIAN_POINT ( 'NONE',  ( -2.468546267156459972, -6.537419377910720364, 3.701139825852655552 ) ) ;
#1366 = VERTEX_POINT ( 'NONE', #2136 ) ;
#1367 = DIRECTION ( 'NONE',  ( 0.000000000000000000, 0.000000000000000000, 1.000000000000000000 ) ) ;
#1368 = CARTESIAN_POINT ( 'NONE',  ( 2.423507581573649983, -6.138337720475200321, 3.899999999999999911 ) ) ;
#1369 = DIRECTION ( 'NONE',  ( 1.000000000000000000, 0.000000000000000000, 0.000000000000000000 ) ) ;
#1370 = ADVANCED_FACE ( 'NONE', ( #923 ), #975, .F. ) ;
#1371 = CIRCLE ( 'NONE', #2891, 1.650000000000000355 ) ;
#1372 = CARTESIAN_POINT ( 'NONE',  ( 3.476242029407015099, 7.100317809367660438, 2.750000000000000000 ) ) ;
#1373 = VERTEX_POINT ( 'NONE', #1923 ) ;
#1374 = ADVANCED_FACE ( 'NONE', ( #2587 ), #2351, .T. ) ;
#1375 = ORIENTED_EDGE ( 'NONE', *, *, #2928, .F. ) ;
#1376 = CYLINDRICAL_SURFACE ( 'NONE', #1654, 5.000000000000000000 ) ;
#1377 = CIRCLE ( 'NONE', #314, 1.000000000000000000 ) ;
#1378 = DIRECTION ( 'NONE',  ( 0.000000000000000000, 0.000000000000000000, -1.000000000000000000 ) ) ;
#1379 = ADVANCED_FACE ( 'NONE', ( #2828 ), #704, .T. ) ;
#1380 = DIRECTION ( 'NONE',  ( 0.000000000000000000, 0.000000000000000000, 1.000000000000000000 ) ) ;
#1381 = ORIENTED_EDGE ( 'NONE', *, *, #2168, .F. ) ;
#1382 = CARTESIAN_POINT ( 'NONE',  ( 2.348405643325404718E-15, -7.071320343559640342, 2.750000000000000000 ) ) ;
#1383 = EDGE_CURVE ( 'NONE', #963, #1796, #199, .T. ) ;
#1384 = FACE_OUTER_BOUND ( 'NONE', #779, .T. ) ;
#1385 = FACE_OUTER_BOUND ( 'NONE', #1340, .T. ) ;
#1386 = DIRECTION ( 'NONE',  ( -0.7071067811865431318, 0.000000000000000000, -0.7071067811865520136 ) ) ;
#1387 = CARTESIAN_POINT ( 'NONE',  ( -5.533288710217209250, -5.777777777777780344, 0.000000000000000000 ) ) ;
#1388 = FACE_OUTER_BOUND ( 'NONE', #563, .T. ) ;
#1389 = CIRCLE ( 'NONE', #1639, 1.650000000000000355 ) ;
#1390 = EDGE_LOOP ( 'NONE', ( #2817, #2926, #626, #2235 ) ) ;
#1391 = EDGE_CURVE ( 'NONE', #178, #1366, #3023, .T. ) ;
#1392 = VERTEX_POINT ( 'NONE', #716 ) ;
#1393 = EDGE_CURVE ( 'NONE', #2193, #632, #2354, .T. ) ;
#1394 = AXIS2_PLACEMENT_3D ( 'NONE', #1928, #2690, #1994 ) ;
#1395 = CARTESIAN_POINT ( 'NONE',  ( 2.228995237327024981, 6.578420378124920198, 3.540097539814759831 ) ) ;
#1396 = CARTESIAN_POINT ( 'NONE',  ( 2.100373237363829748, -6.519892691078509550, 3.399999999999995026 ) ) ;
#1397 = CARTESIAN_POINT ( 'NONE',  ( 0.000000000000000000, 0.000000000000000000, 2.750000000000000000 ) ) ;
#1398 = ORIENTED_EDGE ( 'NONE', *, *, #941, .F. ) ;
#1399 = AXIS2_PLACEMENT_3D ( 'NONE', #353, #115, #1852 ) ;
#1400 = CARTESIAN_POINT ( 'NONE',  ( -2.423507581573644654, -6.138337720475200321, 3.899999999999999911 ) ) ;
#1401 = CARTESIAN_POINT ( 'NONE',  ( 7.000000000000000000, -1.496662954709575999, 2.750000000000000000 ) ) ;
#1402 = DIRECTION ( 'NONE',  ( -0.6390115233556828978, -0.6672463290359289534, 0.3826834323650898928 ) ) ;
#1403 = DIRECTION ( 'NONE',  ( 0.000000000000000000, 0.000000000000000000, 1.000000000000000000 ) ) ;
#1404 = AXIS2_PLACEMENT_3D ( 'NONE', #2288, #1515, #2975 ) ;
#1405 = ORIENTED_EDGE ( 'NONE', *, *, #751, .T. ) ;
#1406 = ORIENTED_EDGE ( 'NONE', *, *, #591, .F. ) ;
#1407 = B_SPLINE_CURVE_WITH_KNOTS ( 'NONE', 1,
 ( #906, #668 ),
 .UNSPECIFIED., .F., .F.,
 ( 2, 2 ),
 ( 0.000000000000000000, 1.000000000000000000 ),
 .UNSPECIFIED. ) ;
#1408 = DIRECTION ( 'NONE',  ( -0.000000000000000000, -0.000000000000000000, -1.000000000000000000 ) ) ;
#1409 = CIRCLE ( 'NONE', #448, 1.650000000000000355 ) ;
#1410 = ADVANCED_FACE ( 'NONE', ( #182 ), #1160, .T. ) ;
#1411 = LINE ( 'NONE', #2615, #629 ) ;
#1412 = CARTESIAN_POINT ( 'NONE',  ( -8.991594154102969583, -9.388888888888889284, 3.753553390593269867 ) ) ;
#1413 = EDGE_CURVE ( 'NONE', #269, #2333, #2633, .T. ) ;
#1414 = ORIENTED_EDGE ( 'NONE', *, *, #426, .F. ) ;
#1415 = CARTESIAN_POINT ( 'NONE',  ( -8.000000000000000000, 0.000000000000000000, 2.750000000000000000 ) ) ;
#1416 = DIRECTION ( 'NONE',  ( 1.000000000000000000, 0.000000000000000000, 0.000000000000000000 ) ) ;
#1417 = CARTESIAN_POINT ( 'NONE',  ( 4.199999999999990408, 5.143516556418882928E-16, 2.500000000000000000 ) ) ;
#1418 = CARTESIAN_POINT ( 'NONE',  ( 7.000000000000000000, -1.496662954709575999, 0.000000000000000000 ) ) ;
#1419 = AXIS2_PLACEMENT_3D ( 'NONE', #1965, #1204, #2521 ) ;
#1420 = LINE ( 'NONE', #2167, #1911 ) ;
#1421 = CIRCLE ( 'NONE', #303, 1.699999999999999956 ) ;
#1422 = EDGE_CURVE ( 'NONE', #549, #1466, #2603, .T. ) ;
#1423 = VERTEX_POINT ( 'NONE', #449 ) ;
#1424 = ORIENTED_EDGE ( 'NONE', *, *, #2112, .T. ) ;
#1425 = DIRECTION ( 'NONE',  ( 1.000000000000000000, 4.336808689942020201E-16, 0.000000000000000000 ) ) ;
#1426 = DIRECTION ( 'NONE',  ( 1.000000000000000000, 0.000000000000000000, 0.000000000000000000 ) ) ;
#1427 = DIRECTION ( 'NONE',  ( -0.000000000000000000, -0.000000000000000000, -1.000000000000000000 ) ) ;
#1428 = VERTEX_POINT ( 'NONE', #1418 ) ;
#1429 = DIRECTION ( 'NONE',  ( -0.6916610887771520444, -0.7222222222222219878, 2.710505431213761085E-17 ) ) ;
#1430 = CARTESIAN_POINT ( 'NONE',  ( 8.991594154102969583, 9.388888888888889284, 2.750000000000000000 ) ) ;
#1431 = CARTESIAN_POINT ( 'NONE',  ( -3.318745218370771521, -7.283726914066167346, 2.750000000000000000 ) ) ;
#1432 = DIRECTION ( 'NONE',  ( 0.000000000000000000, 0.000000000000000000, 1.000000000000000000 ) ) ;
#1433 = CARTESIAN_POINT ( 'NONE',  ( -2.177521181848309340, 6.585228363180251954, 3.504160059891759271 ) ) ;
#1434 = VECTOR ( 'NONE', #3116, 1000.000000000000000 ) ;
#1435 = EDGE_CURVE ( 'NONE', #1472, #1642, #3037, .T. ) ;
#1436 = EDGE_LOOP ( 'NONE', ( #2995, #1261, #2943, #1321 ) ) ;
#1437 = DIRECTION ( 'NONE',  ( 0.000000000000000000, 0.000000000000000000, -1.000000000000000000 ) ) ;
#1438 = AXIS2_PLACEMENT_3D ( 'NONE', #251, #1217, #15 ) ;
#1439 = EDGE_LOOP ( 'NONE', ( #1041, #2880, #2186, #1406 ) ) ;
#1440 = CARTESIAN_POINT ( 'NONE',  ( 6.720839928060835966, 0.7066039178577822044, 3.022786228520554896 ) ) ;
#1441 = VECTOR ( 'NONE', #2998, 1000.000000000000000 ) ;
#1442 = LINE ( 'NONE', #3079, #2260 ) ;
#1443 = CARTESIAN_POINT ( 'NONE',  ( 1.999999999999999112, 9.000000000000000000, 2.750000000000000000 ) ) ;
#1444 = AXIS2_PLACEMENT_3D ( 'NONE', #1011, #2455, #2914 ) ;
#1445 = ORIENTED_EDGE ( 'NONE', *, *, #259, .T. ) ;
#1446 = FACE_OUTER_BOUND ( 'NONE', #884, .T. ) ;
#1447 = CARTESIAN_POINT ( 'NONE',  ( 9.099999999999999645, -9.799999999999998934, 2.449999999999999734 ) ) ;
#1448 = CARTESIAN_POINT ( 'NONE',  ( -3.457316446690593459, -7.145927602211824770, 2.750000000000000444 ) ) ;
#1449 = CARTESIAN_POINT ( 'NONE',  ( 4.100000000000000533, -9.799999999999998934, 2.750000000000000000 ) ) ;
#1450 = PLANE ( 'NONE',  #950 ) ;
#1451 = ORIENTED_EDGE ( 'NONE', *, *, #2153, .F. ) ;
#1452 = LINE ( 'NONE', #247, #2061 ) ;
#1453 = ORIENTED_EDGE ( 'NONE', *, *, #2056, .F. ) ;
#1454 = DIRECTION ( 'NONE',  ( 1.000000000000000000, 0.000000000000000000, 0.000000000000000000 ) ) ;
#1455 = FACE_OUTER_BOUND ( 'NONE', #2052, .T. ) ;
#1456 = LINE ( 'NONE', #123, #1856 ) ;
#1457 = EDGE_LOOP ( 'NONE', ( #969, #833, #2659, #1035 ) ) ;
#1458 = EDGE_CURVE ( 'NONE', #1360, #2504, #1421, .T. ) ;
#1459 = VECTOR ( 'NONE', #2923, 999.9999999999998863 ) ;
#1460 = FACE_OUTER_BOUND ( 'NONE', #647, .T. ) ;
#1461 = CARTESIAN_POINT ( 'NONE',  ( 2.566592584435636759, 6.975621667073371057, 2.684522161253514838 ) ) ;
#1462 = CARTESIAN_POINT ( 'NONE',  ( 4.100000000000000533, 5.021051876504148371E-16, 0.2999999999999964917 ) ) ;
#1463 = AXIS2_PLACEMENT_3D ( 'NONE', #2620, #2390, #655 ) ;
#1464 = CARTESIAN_POINT ( 'NONE',  ( -8.991594154102980241, 9.388888888888889284, 3.899999999999999911 ) ) ;
#1465 = EDGE_CURVE ( 'NONE', #117, #78, #1323, .T. ) ;
#1466 = VERTEX_POINT ( 'NONE', #1252 ) ;
#1467 = PLANE ( 'NONE',  #2668 ) ;
#1468 = ORIENTED_EDGE ( 'NONE', *, *, #2589, .F. ) ;
#1469 = EDGE_CURVE ( 'NONE', #325, #1366, #2833, .T. ) ;
#1470 = CARTESIAN_POINT ( 'NONE',  ( 0.000000000000000000, 0.000000000000000000, 0.000000000000000000 ) ) ;
#1471 = DIRECTION ( 'NONE',  ( 0.000000000000000000, 0.000000000000000000, -1.000000000000000000 ) ) ;
#1472 = VERTEX_POINT ( 'NONE', #762 ) ;
#1473 = CARTESIAN_POINT ( 'NONE',  ( -2.189485536311565284, 6.573964361902760345, 3.506066679148579723 ) ) ;
#1474 = EDGE_CURVE ( 'NONE', #379, #812, #540, .T. ) ;
#1475 = FACE_OUTER_BOUND ( 'NONE', #1493, .T. ) ;
#1476 = CYLINDRICAL_SURFACE ( 'NONE', #557, 1.000000000000000888 ) ;
#1477 = VERTEX_POINT ( 'NONE', #289 ) ;
#1478 = LINE ( 'NONE', #2198, #1059 ) ;
#1479 =( BOUNDED_SURFACE ( )  B_SPLINE_SURFACE ( 3, 2, ( 
 ( #1936, #198, #2147 ),
 ( #2135, #1890, #498 ),
 ( #965, #669, #1461 ),
 ( #211, #1684, #3101 ) ),
 .UNSPECIFIED., .F., .F., .F. ) 
 B_SPLINE_SURFACE_WITH_KNOTS ( ( 4, 4 ),
 ( 3, 3 ),
 ( 0.003553465254338363747, 0.005099371783003972536 ),
 ( 0.000000000000000000, 1.000000000000000000 ),
 .UNSPECIFIED. ) 
 GEOMETRIC_REPRESENTATION_ITEM ( )  RATIONAL_B_SPLINE_SURFACE ( (
 ( 1.000000000000000000, 0.6441170323684344279, 1.000000000000000000),
 ( 1.000000000000000000, 0.6147394726135859688, 1.000000000000000000),
 ( 1.000000000000000000, 0.5808924112528792705, 1.000000000000000000),
 ( 1.000000000000000000, 0.5422975168584061034, 1.000000000000000000) ) ) 
 REPRESENTATION_ITEM ( '' )  SURFACE ( )  );
#1480 = VERTEX_POINT ( 'NONE', #1523 ) ;
#1481 = FACE_OUTER_BOUND ( 'NONE', #1592, .T. ) ;
#1482 = ORIENTED_EDGE ( 'NONE', *, *, #1624, .F. ) ;
#1483 = UNCERTAINTY_MEASURE_WITH_UNIT (LENGTH_MEASURE( 1.000000000000000082E-05 ), #2006, 'distance_accuracy_value', 'NONE');
#1484 = ADVANCED_FACE ( 'NONE', ( #747 ), #20, .T. ) ;
#1485 = ADVANCED_FACE ( 'NONE', ( #527 ), #1701, .F. ) ;
#1486 = EDGE_CURVE ( 'NONE', #729, #1514, #1114, .T. ) ;
#1487 = CYLINDRICAL_SURFACE ( 'NONE', #2655, 1.699999999999999956 ) ;
#1488 = EDGE_LOOP ( 'NONE', ( #1573, #758, #1617, #2562, #285 ) ) ;
#1489 = VERTEX_POINT ( 'NONE', #241 ) ;
#1490 = CARTESIAN_POINT ( 'NONE',  ( -2.423507581573649983, 6.138337720475210091, 3.899999999999999911 ) ) ;
#1491 = PLANE ( 'NONE',  #2106 ) ;
#1492 = DIRECTION ( 'NONE',  ( 0.000000000000000000, 0.000000000000000000, -1.000000000000000000 ) ) ;
#1493 = EDGE_LOOP ( 'NONE', ( #1679, #1072, #148, #1929 ) ) ;
#1494 = CARTESIAN_POINT ( 'NONE',  ( -3.430725922014609353, 7.187962120452608517, 2.750000000000000000 ) ) ;
#1495 = CIRCLE ( 'NONE', #1897, 5.000000000000000000 ) ;
#1496 = SURFACE_STYLE_FILL_AREA ( #1271 ) ;
#1497 = ORIENTED_EDGE ( 'NONE', *, *, #2270, .T. ) ;
#1498 = FACE_OUTER_BOUND ( 'NONE', #3025, .T. ) ;
#1499 = EDGE_LOOP ( 'NONE', ( #1807, #596, #437, #537 ) ) ;
#1500 = CONICAL_SURFACE ( 'NONE', #2972, 1.000000000000000888, 0.7853981633974482790 ) ;
#1501 = CARTESIAN_POINT ( 'NONE',  ( -0.9793097202388150180, -12.52867965644036019, 2.750000000000000000 ) ) ;
#1502 = ORIENTED_EDGE ( 'NONE', *, *, #827, .T. ) ;
#1503 = ADVANCED_FACE ( 'NONE', ( #1237 ), #1476, .F. ) ;
#1504 = EDGE_CURVE ( 'NONE', #529, #1880, #2787, .T. ) ;
#1505 = ORIENTED_EDGE ( 'NONE', *, *, #847, .T. ) ;
#1506 = CARTESIAN_POINT ( 'NONE',  ( -2.494601268531360105, 6.527382656312100018, 3.714942157467399753 ) ) ;
#1507 = DIRECTION ( 'NONE',  ( 0.000000000000000000, 0.000000000000000000, 1.000000000000000000 ) ) ;
#1508 = CARTESIAN_POINT ( 'NONE',  ( 2.000000000000004885, -9.000000000000000000, 2.750000000000000000 ) ) ;
#1509 = AXIS2_PLACEMENT_3D ( 'NONE', #1196, #688, #2623 ) ;
#1510 = VERTEX_POINT ( 'NONE', #272 ) ;
#1511 = DIRECTION ( 'NONE',  ( 0.000000000000000000, 0.000000000000000000, 1.000000000000000000 ) ) ;
#1512 = CONICAL_SURFACE ( 'NONE', #144, 4.200000000000000178, 0.9505468408120733015 ) ;
#1513 = APPLICATION_PROTOCOL_DEFINITION ( 'draft international standard', 'automotive_design', 1998, #1312 ) ;
#1514 = VERTEX_POINT ( 'NONE', #1462 ) ;
#1515 = DIRECTION ( 'NONE',  ( 0.000000000000000000, 0.000000000000000000, 1.000000000000000000 ) ) ;
#1516 = ORIENTED_EDGE ( 'NONE', *, *, #1056, .T. ) ;
#1517 = AXIS2_PLACEMENT_3D ( 'NONE', #2477, #1749, #2003 ) ;
#1518 = DIRECTION ( 'NONE',  ( 0.000000000000000000, 0.000000000000000000, 1.000000000000000000 ) ) ;
#1519 = ORIENTED_EDGE ( 'NONE', *, *, #2013, .F. ) ;
#1520 = ORIENTED_EDGE ( 'NONE', *, *, #110, .F. ) ;
#1521 = CARTESIAN_POINT ( 'NONE',  ( -2.423507581573649983, 6.138337720475210091, 3.899999999999999911 ) ) ;
#1522 = CARTESIAN_POINT ( 'NONE',  ( 2.100373237363834633, -6.519892691078509550, 3.399999999999999911 ) ) ;
#1523 = CARTESIAN_POINT ( 'NONE',  ( 13.10000000000000142, -12.52867965644036019, 2.750000000000000000 ) ) ;
#1524 = ORIENTED_EDGE ( 'NONE', *, *, #2462, .T. ) ;
#1525 = DIRECTION ( 'NONE',  ( 0.000000000000000000, 0.000000000000000000, -1.000000000000000000 ) ) ;
#1526 = VECTOR ( 'NONE', #593, 999.9999999999998863 ) ;
#1527 = ORIENTED_EDGE ( 'NONE', *, *, #1742, .F. ) ;
#1528 = DIRECTION ( 'NONE',  ( 1.000000000000000000, 0.000000000000000000, 0.000000000000000000 ) ) ;
#1529 = CARTESIAN_POINT ( 'NONE',  ( -3.367250037115409829E-15, 9.000000000000000000, 0.2999999999999999889 ) ) ;
#1530 = VERTEX_POINT ( 'NONE', #1508 ) ;
#1531 = AXIS2_PLACEMENT_3D ( 'NONE', #2744, #2918, #1953 ) ;
#1532 = DIRECTION ( 'NONE',  ( 0.000000000000000000, 0.000000000000000000, 1.000000000000000000 ) ) ;
#1533 = ORIENTED_EDGE ( 'NONE', *, *, #487, .F. ) ;
#1534 = ORIENTED_EDGE ( 'NONE', *, *, #2520, .F. ) ;
#1535 = CARTESIAN_POINT ( 'NONE',  ( 2.143660559047679726E-15, -9.000000000000000000, 0.000000000000000000 ) ) ;
#1536 = LINE ( 'NONE', #2226, #575 ) ;
#1537 = CARTESIAN_POINT ( 'NONE',  ( -2.415959857696498236, 6.787159227906339964, 3.826084213838182091 ) ) ;
#1538 = CIRCLE ( 'NONE', #2251, 1.300000000000000044 ) ;
#1539 = ORIENTED_EDGE ( 'NONE', *, *, #751, .F. ) ;
#1540 = CONICAL_SURFACE ( 'NONE', #1794, 5.671572875253810153, 1.178097245096173307 ) ;
#1541 = CARTESIAN_POINT ( 'NONE',  ( 7.876547467006089320, -4.850000000000000533, 2.750000000000000000 ) ) ;
#1542 = ORIENTED_EDGE ( 'NONE', *, *, #2247, .F. ) ;
#1543 = CIRCLE ( 'NONE', #1843, 3.250000000000000000 ) ;
#1544 = DIRECTION ( 'NONE',  ( 0.000000000000000000, 0.000000000000000000, 1.000000000000000000 ) ) ;
#1545 = AXIS2_PLACEMENT_3D ( 'NONE', #1948, #768, #64 ) ;
#1546 = PLANE ( 'NONE',  #2275 ) ;
#1547 = VERTEX_POINT ( 'NONE', #775 ) ;
#1548 = CARTESIAN_POINT ( 'NONE',  ( -8.991594154102969583, -9.388888888888889284, 1.778679656440369961 ) ) ;
#1549 = LINE ( 'NONE', #2930, #2683 ) ;
#1550 = EDGE_CURVE ( 'NONE', #208, #2722, #2329, .T. ) ;
#1551 = CONICAL_SURFACE ( 'NONE', #30, 1.650000000000000355, 0.7853981633974532750 ) ;
#1552 = VERTEX_POINT ( 'NONE', #2211 ) ;
#1553 = EDGE_CURVE ( 'NONE', #1392, #2360, #2386, .T. ) ;
#1554 = AXIS2_PLACEMENT_3D ( 'NONE', #3036, #1102, #659 ) ;
#1555 = FACE_OUTER_BOUND ( 'NONE', #2712, .T. ) ;
#1556 = FACE_OUTER_BOUND ( 'NONE', #578, .T. ) ;
#1557 = DIRECTION ( 'NONE',  ( 1.000000000000000000, 0.000000000000000000, 0.000000000000000000 ) ) ;
#1558 = ADVANCED_FACE ( 'NONE', ( #1267 ), #2731, .F. ) ;
#1559 = ORIENTED_EDGE ( 'NONE', *, *, #2739, .T. ) ;
#1560 = DIRECTION ( 'NONE',  ( -0.000000000000000000, -0.000000000000000000, -1.000000000000000000 ) ) ;
#1561 = EDGE_LOOP ( 'NONE', ( #554, #2568, #2758, #3048 ) ) ;
#1562 = CIRCLE ( 'NONE', #2827, 7.328427124746199617 ) ;
#1563 = CARTESIAN_POINT ( 'NONE',  ( 5.508233051145126957, 5.801898789827519387, 1.778679656440369961 ) ) ;
#1564 = DIRECTION ( 'NONE',  ( 1.000000000000000000, -3.244920097310259983E-16, 0.000000000000000000 ) ) ;
#1565 = VECTOR ( 'NONE', #2297, 1000.000000000000000 ) ;
#1566 = CARTESIAN_POINT ( 'NONE',  ( 7.000000000000000000, 2.239230772285540016, 2.429247402752475082 ) ) ;
#1567 = AXIS2_PLACEMENT_3D ( 'NONE', #1231, #2204, #1310 ) ;
#1568 = ORIENTED_EDGE ( 'NONE', *, *, #284, .F. ) ;
#1569 = EDGE_CURVE ( 'NONE', #1228, #1480, #2230, .T. ) ;
#1570 = CARTESIAN_POINT ( 'NONE',  ( 2.520612139441570143, -6.948411726856530635, 2.750000000000000000 ) ) ;
#1571 = CARTESIAN_POINT ( 'NONE',  ( -4.400000000000000355, 0.000000000000000000, 0.000000000000000000 ) ) ;
#1572 = CARTESIAN_POINT ( 'NONE',  ( 2.143660559047679726E-15, -9.000000000000000000, 2.750000000000000000 ) ) ;
#1573 = ORIENTED_EDGE ( 'NONE', *, *, #2254, .T. ) ;
#1574 = CARTESIAN_POINT ( 'NONE',  ( 2.652702074295852253, -7.092874717753026914, 2.750000000000000444 ) ) ;
#1575 = EDGE_LOOP ( 'NONE', ( #1198, #359, #803, #261 ) ) ;
#1576 = DIRECTION ( 'NONE',  ( -0.000000000000000000, -0.000000000000000000, -1.000000000000000000 ) ) ;
#1577 = DIRECTION ( 'NONE',  ( -1.000000000000000000, 0.000000000000000000, 0.000000000000000000 ) ) ;
#1578 = DIRECTION ( 'NONE',  ( 1.000000000000000000, 0.000000000000000000, 0.000000000000000000 ) ) ;
#1579 = EDGE_CURVE ( 'NONE', #1580, #278, #1694, .T. ) ;
#1580 = VERTEX_POINT ( 'NONE', #2035 ) ;
#1581 = ADVANCED_FACE ( 'NONE', ( #2319 ), #1686, .T. ) ;
#1582 = EDGE_CURVE ( 'NONE', #1477, #945, #2357, .T. ) ;
#1583 = CARTESIAN_POINT ( 'NONE',  ( -2.740379024503995176, 6.295157644768259786, 3.753553390593205030 ) ) ;
#1584 = CARTESIAN_POINT ( 'NONE',  ( 8.991594154102969583, 9.388888888888889284, 3.899999999999999911 ) ) ;
#1585 = CONICAL_SURFACE ( 'NONE', #218, 1.300000000000000044, 0.7853981633974482790 ) ;
#1586 = ORIENTED_EDGE ( 'NONE', *, *, #1083, .F. ) ;
#1587 = LINE ( 'NONE', #1808, #2779 ) ;
#1588 = DIRECTION ( 'NONE',  ( -1.000000000000000000, 0.000000000000000000, 0.000000000000000000 ) ) ;
#1589 = CARTESIAN_POINT ( 'NONE',  ( 6.626547467006089320, -4.850000000000000533, 0.000000000000000000 ) ) ;
#1590 = CARTESIAN_POINT ( 'NONE',  ( -3.367250037115409829E-15, 9.000000000000000000, 0.000000000000000000 ) ) ;
#1591 = CARTESIAN_POINT ( 'NONE',  ( 3.318745218370768413, 7.283726914066181557, 2.750000000000000000 ) ) ;
#1592 = EDGE_LOOP ( 'NONE', ( #2963, #1823, #411, #1026 ) ) ;
#1593 = VERTEX_POINT ( 'NONE', #611 ) ;
#1594 = VECTOR ( 'NONE', #2131, 1000.000000000000000 ) ;
#1595 = CARTESIAN_POINT ( 'NONE',  ( 2.423507581573644654, 6.138337720475210091, 3.899999999999999911 ) ) ;
#1596 = CARTESIAN_POINT ( 'NONE',  ( 2.752961498620598135, -7.272660141398732847, 2.355615075243857603 ) ) ;
#1597 = LINE ( 'NONE', #192, #1594 ) ;
#1598 = EDGE_CURVE ( 'NONE', #2835, #2543, #1543, .T. ) ;
#1599 = ORIENTED_EDGE ( 'NONE', *, *, #2361, .F. ) ;
#1600 = CARTESIAN_POINT ( 'NONE',  ( 3.180517800447167254, -7.330777505653176540, 2.750000000000000444 ) ) ;
#1601 = EDGE_LOOP ( 'NONE', ( #1524, #1234, #67 ) ) ;
#1602 = LINE ( 'NONE', #2337, #1127 ) ;
#1603 = CARTESIAN_POINT ( 'NONE',  ( 5.520606396853279918, 5.789672014032205105, 1.778861237370568116 ) ) ;
#1604 = CARTESIAN_POINT ( 'NONE',  ( -2.740379024503535099, -6.295157644767879646, 3.753553390593779682 ) ) ;
#1605 = ADVANCED_FACE ( 'NONE', ( #2492 ), #1947, .F. ) ;
#1606 = FACE_OUTER_BOUND ( 'NONE', #33, .T. ) ;
#1607 = CONICAL_SURFACE ( 'NONE', #2425, 1.699999999999999956, 0.7853981633974532750 ) ;
#1608 = EDGE_CURVE ( 'NONE', #1552, #1259, #982, .T. ) ;
#1609 = ORIENTED_EDGE ( 'NONE', *, *, #2971, .T. ) ;
#1610 = AXIS2_PLACEMENT_3D ( 'NONE', #2637, #180, #413 ) ;
#1611 = ORIENTED_EDGE ( 'NONE', *, *, #2270, .F. ) ;
#1612 = ADVANCED_FACE ( 'NONE', ( #3044 ), #2542, .F. ) ;
#1613 = CARTESIAN_POINT ( 'NONE',  ( 2.423507581573644654, 6.138337720475210091, 3.899999999999999911 ) ) ;
#1614 = PRODUCT_DEFINITION_SHAPE ( 'NONE', 'NONE',  #1688 ) ;
#1615 = LINE ( 'NONE', #2050, #1956 ) ;
#1616 = DIRECTION ( 'NONE',  ( -1.000000000000000000, 0.000000000000000000, 0.000000000000000000 ) ) ;
#1617 = ORIENTED_EDGE ( 'NONE', *, *, #2378, .F. ) ;
#1618 = CARTESIAN_POINT ( 'NONE',  ( -2.423507581573644654, -6.138337720475200321, 3.899999999999999911 ) ) ;
#1619 = CARTESIAN_POINT ( 'NONE',  ( 4.683753385137379944E-15, -10.80000000000000071, 0.2999999999999999889 ) ) ;
#1620 = CARTESIAN_POINT ( 'NONE',  ( -3.500000000000009770, 4.286263797015736595E-16, 3.299999999999999822 ) ) ;
#1621 = CARTESIAN_POINT ( 'NONE',  ( -3.012688324705554699, -7.686617909415496719, 2.956665937502258146 ) ) ;
#1622 = EDGE_CURVE ( 'NONE', #1360, #675, #2295, .T. ) ;
#1623 = CARTESIAN_POINT ( 'NONE',  ( -2.540095231299854817, 6.513608360792376040, 3.741539368025234680 ) ) ;
#1624 = EDGE_CURVE ( 'NONE', #631, #2893, #1069, .T. ) ;
#1625 = VECTOR ( 'NONE', #1099, 1000.000000000000114 ) ;
#1626 = CARTESIAN_POINT ( 'NONE',  ( 3.077008613833393191, 7.319976108315350061, 2.749999999999999556 ) ) ;
#1627 = ORIENTED_EDGE ( 'NONE', *, *, #720, .F. ) ;
#1628 = ORIENTED_EDGE ( 'NONE', *, *, #2501, .F. ) ;
#1629 = CARTESIAN_POINT ( 'NONE',  ( 2.423507581573644654, 6.138337720475210091, 3.899999999999999911 ) ) ;
#1630 = LINE ( 'NONE', #424, #881 ) ;
#1631 = FACE_OUTER_BOUND ( 'NONE', #1390, .T. ) ;
#1632 = ORIENTED_EDGE ( 'NONE', *, *, #3064, .T. ) ;
#1633 = CARTESIAN_POINT ( 'NONE',  ( 2.520612139441565258, 6.948411726856530635, 2.750000000000000000 ) ) ;
#1634 = LINE ( 'NONE', #1192, #2831 ) ;
#1635 = DIRECTION ( 'NONE',  ( 0.000000000000000000, 0.000000000000000000, 1.000000000000000000 ) ) ;
#1636 = DIRECTION ( 'NONE',  ( -0.000000000000000000, -0.000000000000000000, 1.000000000000000000 ) ) ;
#1637 = FACE_OUTER_BOUND ( 'NONE', #2488, .T. ) ;
#1638 = ADVANCED_FACE ( 'NONE', ( #2761 ), #2255, .F. ) ;
#1639 = AXIS2_PLACEMENT_3D ( 'NONE', #842, #2023, #2534 ) ;
#1640 = ORIENTED_EDGE ( 'NONE', *, *, #672, .T. ) ;
#1641 = EDGE_CURVE ( 'NONE', #1029, #379, #2806, .T. ) ;
#1642 = VERTEX_POINT ( 'NONE', #1080 ) ;
#1643 = AXIS2_PLACEMENT_3D ( 'NONE', #2452, #26, #231 ) ;
#1644 = CARTESIAN_POINT ( 'NONE',  ( 2.423507581573644654, 6.138337720475210091, 3.899999999999999911 ) ) ;
#1645 = DIRECTION ( 'NONE',  ( -0.7064463555603959222, 0.03055399671793719921, -0.7071067811865440200 ) ) ;
#1646 = CARTESIAN_POINT ( 'NONE',  ( -2.177521181848264042, -6.585228363180219091, 3.504160059891805901 ) ) ;
#1647 = EDGE_CURVE ( 'NONE', #1423, #186, #2791, .T. ) ;
#1648 = ORIENTED_EDGE ( 'NONE', *, *, #3007, .T. ) ;
#1649 = VECTOR ( 'NONE', #102, 1000.000000000000000 ) ;
#1650 = CARTESIAN_POINT ( 'NONE',  ( 2.297196696835732244, 6.598901047962899113, 3.607356830690484184 ) ) ;
#1651 = DIRECTION ( 'NONE',  ( -1.000000000000000000, 0.000000000000000000, 0.000000000000000000 ) ) ;
#1652 = CARTESIAN_POINT ( 'NONE',  ( 3.800000000000000266, -9.799999999999998934, 0.000000000000000000 ) ) ;
#1653 = DIRECTION ( 'NONE',  ( 0.000000000000000000, 0.000000000000000000, -1.000000000000000000 ) ) ;
#1654 = AXIS2_PLACEMENT_3D ( 'NONE', #173, #3095, #2129 ) ;
#1655 = DIRECTION ( 'NONE',  ( 0.000000000000000000, 0.000000000000000000, 1.000000000000000000 ) ) ;
#1656 = B_SPLINE_CURVE_WITH_KNOTS ( 'NONE', 3,
 ( #630, #1845, #604, #1566 ),
 .UNSPECIFIED., .F., .F.,
 ( 4, 4 ),
 ( 0.002008116205386979453, 0.002771800587837951104 ),
 .UNSPECIFIED. ) ;
#1657 = EDGE_LOOP ( 'NONE', ( #1609, #42, #1375, #608 ) ) ;
#1658 = ORIENTED_EDGE ( 'NONE', *, *, #717, .F. ) ;
#1659 = CONICAL_SURFACE ( 'NONE', #501, 1.000000000000000888, 0.7853981633974482790 ) ;
#1660 = CARTESIAN_POINT ( 'NONE',  ( 13.10000000000000142, -9.799999999999998934, 2.750000000000000000 ) ) ;
#1661 = VECTOR ( 'NONE', #3085, 1000.000000000000000 ) ;
#1662 = CARTESIAN_POINT ( 'NONE',  ( 5.100000000000000533, -9.799999999999998934, 0.000000000000000000 ) ) ;
#1663 = DIRECTION ( 'NONE',  ( 1.000000000000000000, 0.000000000000000000, 0.000000000000000000 ) ) ;
#1664 = ORIENTED_EDGE ( 'NONE', *, *, #1724, .F. ) ;
#1665 = ADVANCED_FACE ( 'NONE', ( #2051 ), #2102, .F. ) ;
#1666 = CARTESIAN_POINT ( 'NONE',  ( -2.423507581573644654, -6.138337720475200321, 3.899999999999999911 ) ) ;
#1667 = CARTESIAN_POINT ( 'NONE',  ( -2.660010584605199568, 6.400753781940020204, 3.760676396403419552 ) ) ;
#1668 = CARTESIAN_POINT ( 'NONE',  ( -2.891253528295065767, -7.258496975147657793, 2.749999999999999556 ) ) ;
#1669 = CARTESIAN_POINT ( 'NONE',  ( 7.000000000000000000, 2.239230772285540016, 2.429247402752475082 ) ) ;
#1670 = CARTESIAN_POINT ( 'NONE',  ( -1.700000000000003286, 9.000000000000000000, 2.449999999999999734 ) ) ;
#1671 = AXIS2_PLACEMENT_3D ( 'NONE', #2445, #2699, #2461 ) ;
#1672 = ORIENTED_EDGE ( 'NONE', *, *, #755, .F. ) ;
#1673 = CARTESIAN_POINT ( 'NONE',  ( -3.367250037115409829E-15, 9.000000000000000000, 0.000000000000000000 ) ) ;
#1674 = VERTEX_POINT ( 'NONE', #126 ) ;
#1675 = CARTESIAN_POINT ( 'NONE',  ( 6.599999999999998757, 0.1843506403912859304, 3.178679656440359214 ) ) ;
#1676 = EDGE_CURVE ( 'NONE', #474, #72, #861, .T. ) ;
#1677 = CARTESIAN_POINT ( 'NONE',  ( -2.000000000000003553, 9.000000000000000000, 0.000000000000000000 ) ) ;
#1678 = DIRECTION ( 'NONE',  ( -3.066586833366750248E-16, -0.7071067811865475727, -0.7071067811865475727 ) ) ;
#1679 = ORIENTED_EDGE ( 'NONE', *, *, #851, .F. ) ;
#1680 = EDGE_CURVE ( 'NONE', #186, #356, #3062, .T. ) ;
#1681 = CIRCLE ( 'NONE', #2896, 1.249999999999999112 ) ;
#1682 = CARTESIAN_POINT ( 'NONE',  ( -2.666828283567810320, -6.395200612034180665, 3.762339110054825131 ) ) ;
#1683 = CARTESIAN_POINT ( 'NONE',  ( 7.876547467006089320, -4.850000000000000533, 2.750000000000000000 ) ) ;
#1684 = CARTESIAN_POINT ( 'NONE',  ( 3.012688324705556475, 7.686617909415502936, 2.956665937502262143 ) ) ;
#1685 = CARTESIAN_POINT ( 'NONE',  ( -1.999999999999997780, -9.000000000000000000, 0.000000000000000000 ) ) ;
#1686 =( BOUNDED_SURFACE ( )  B_SPLINE_SURFACE ( 3, 2, ( 
 ( #574, #1537, #806 ),
 ( #821, #1110, #635 ),
 ( #2082, #143, #867 ),
 ( #1822, #116, #1344 ) ),
 .UNSPECIFIED., .F., .F., .F. ) 
 B_SPLINE_SURFACE_WITH_KNOTS ( ( 4, 4 ),
 ( 3, 3 ),
 ( 0.003949531622797645969, 0.005495095879875603988 ),
 ( 0.000000000000000000, 1.000000000000000000 ),
 .UNSPECIFIED. ) 
 GEOMETRIC_REPRESENTATION_ITEM ( )  RATIONAL_B_SPLINE_SURFACE ( (
 ( 1.000000000000000000, 0.6441170323683917953, 1.000000000000000000),
 ( 1.000000000000000000, 0.6147895054643905954, 1.000000000000000000),
 ( 1.000000000000000000, 0.5805790380243099902, 1.000000000000000000),
 ( 1.000000000000000000, 0.5423061398288243629, 1.000000000000000000) ) ) 
 REPRESENTATION_ITEM ( '' )  SURFACE ( )  );
#1687 = CARTESIAN_POINT ( 'NONE',  ( -2.000000000000000444, -9.000000000000000000, 2.750000000000000000 ) ) ;
#1688 = PRODUCT_DEFINITION ( 'UNKNOWN', '', #2117, #279 ) ;
#1689 = EDGE_LOOP ( 'NONE', ( #744, #2533, #666, #1453 ) ) ;
#1690 = LINE ( 'NONE', #3137, #430 ) ;
#1691 = AXIS2_PLACEMENT_3D ( 'NONE', #908, #1653, #1876 ) ;
#1692 = ORIENTED_EDGE ( 'NONE', *, *, #21, .F. ) ;
#1693 = DIRECTION ( 'NONE',  ( 0.000000000000000000, 0.000000000000000000, -1.000000000000000000 ) ) ;
#1694 = CIRCLE ( 'NONE', #733, 4.100000000000000533 ) ;
#1695 = CARTESIAN_POINT ( 'NONE',  ( 15.05000000000000071, -9.799999999999998934, 0.000000000000000000 ) ) ;
#1696 = CARTESIAN_POINT ( 'NONE',  ( 5.100000000000000533, -9.799999999999998934, 2.750000000000000000 ) ) ;
#1697 = AXIS2_PLACEMENT_3D ( 'NONE', #2110, #664, #710 ) ;
#1698 = ORIENTED_EDGE ( 'NONE', *, *, #2770, .F. ) ;
#1699 = CARTESIAN_POINT ( 'NONE',  ( 6.599999999999999645, 1.556567716407616958E-21, 3.178679656440357881 ) ) ;
#1700 = CARTESIAN_POINT ( 'NONE',  ( 2.740379024503995176, -6.295157644768250016, 3.753553390593205030 ) ) ;
#1701 = CYLINDRICAL_SURFACE ( 'NONE', #1671, 4.999999999999999112 ) ;
#1702 = ADVANCED_FACE ( 'NONE', ( #1918 ), #3080, .T. ) ;
#1703 = CARTESIAN_POINT ( 'NONE',  ( 5.100000000000000533, -10.80000000000000071, 2.750000000000000000 ) ) ;
#1704 = CIRCLE ( 'NONE', #187, 4.999999999999996447 ) ;
#1705 = ADVANCED_FACE ( 'NONE', ( #220 ), #902, .F. ) ;
#1706 = AXIS2_PLACEMENT_3D ( 'NONE', #1090, #2537, #2815 ) ;
#1707 = ORIENTED_EDGE ( 'NONE', *, *, #1624, .T. ) ;
#1708 = AXIS2_PLACEMENT_3D ( 'NONE', #1057, #1347, #2024 ) ;
#1709 = CARTESIAN_POINT ( 'NONE',  ( 7.000000000000000000, 2.239230772285469850, 2.750000000000000000 ) ) ;
#1710 = VERTEX_POINT ( 'NONE', #3126 ) ;
#1711 = EDGE_CURVE ( 'NONE', #1366, #1232, #1597, .T. ) ;
#1712 = CIRCLE ( 'NONE', #349, 2.000000000000000000 ) ;
#1713 = DIRECTION ( 'NONE',  ( 1.000000000000000000, 0.000000000000000000, 0.000000000000000000 ) ) ;
#1714 = DIRECTION ( 'NONE',  ( 1.000000000000000000, 0.000000000000000000, 0.000000000000000000 ) ) ;
#1715 = EDGE_CURVE ( 'NONE', #621, #2155, #160, .T. ) ;
#1716 = ORIENTED_EDGE ( 'NONE', *, *, #2837, .F. ) ;
#1717 = AXIS2_PLACEMENT_3D ( 'NONE', #2987, #808, #2281 ) ;
#1718 = DIRECTION ( 'NONE',  ( 0.6916610887771530436, -0.7222222222222209886, 4.336808689942017736E-17 ) ) ;
#1719 = LINE ( 'NONE', #2460, #2064 ) ;
#1720 = CARTESIAN_POINT ( 'NONE',  ( 5.984232710501182773, 5.278203683352987063, 1.806100792728519089 ) ) ;
#1721 = CARTESIAN_POINT ( 'NONE',  ( -2.652702074295862023, 7.092874717753036684, 2.750000000000000444 ) ) ;
#1722 = CIRCLE ( 'NONE', #2536, 3.750000000000000000 ) ;
#1723 = ADVANCED_FACE ( 'NONE', ( #1631 ), #3097, .T. ) ;
#1724 = EDGE_CURVE ( 'NONE', #1276, #2201, #1195, .T. ) ;
#1725 = ORIENTED_EDGE ( 'NONE', *, *, #782, .T. ) ;
#1726 = CARTESIAN_POINT ( 'NONE',  ( 13.10000000000000142, -9.799999999999998934, 2.750000000000000000 ) ) ;
#1727 = VERTEX_POINT ( 'NONE', #697 ) ;
#1728 = FACE_OUTER_BOUND ( 'NONE', #989, .T. ) ;
#1729 = CARTESIAN_POINT ( 'NONE',  ( 5.100000000000000533, -8.500000000000000000, 2.750000000000000000 ) ) ;
#1730 = ORIENTED_EDGE ( 'NONE', *, *, #1711, .T. ) ;
#1731 = ORIENTED_EDGE ( 'NONE', *, *, #2682, .F. ) ;
#1732 = DIRECTION ( 'NONE',  ( -0.9990660171225526076, -0.04320987654321052640, 4.336808689942016503E-17 ) ) ;
#1733 = LINE ( 'NONE', #2985, #1241 ) ;
#1734 = CARTESIAN_POINT ( 'NONE',  ( 13.10000000000000142, -9.799999999999998934, 2.750000000000000000 ) ) ;
#1735 = ORIENTED_EDGE ( 'NONE', *, *, #567, .F. ) ;
#1736 = LINE ( 'NONE', #2953, #3134 ) ;
#1737 = ORIENTED_EDGE ( 'NONE', *, *, #895, .F. ) ;
#1738 = CARTESIAN_POINT ( 'NONE',  ( 15.05000000000000426, -9.799999999999998934, 2.750000000000000000 ) ) ;
#1739 = ORIENTED_EDGE ( 'NONE', *, *, #2540, .T. ) ;
#1740 = VECTOR ( 'NONE', #1378, 1000.000000000000000 ) ;
#1741 = ADVANCED_FACE ( 'NONE', ( #2095 ), #2263, .F. ) ;
#1742 = EDGE_CURVE ( 'NONE', #331, #1232, #2966, .T. ) ;
#1743 = UNCERTAINTY_MEASURE_WITH_UNIT (LENGTH_MEASURE( 1.000000000000000082E-05 ), #2264, 'distance_accuracy_value', 'NONE');
#1744 = CARTESIAN_POINT ( 'NONE',  ( 3.996264068490210430, 9.172839506172840274, 1.778679656440369961 ) ) ;
#1745 = ORIENTED_EDGE ( 'NONE', *, *, #1352, .F. ) ;
#1746 = ORIENTED_EDGE ( 'NONE', *, *, #541, .T. ) ;
#1747 = DIRECTION ( 'NONE',  ( 1.000000000000000000, 0.000000000000000000, 0.000000000000000000 ) ) ;
#1748 = DIRECTION ( 'NONE',  ( -0.000000000000000000, -0.000000000000000000, -1.000000000000000000 ) ) ;
#1749 = DIRECTION ( 'NONE',  ( 0.000000000000000000, 0.000000000000000000, 1.000000000000000000 ) ) ;
#1750 = ORIENTED_EDGE ( 'NONE', *, *, #2291, .T. ) ;
#1751 = CARTESIAN_POINT ( 'NONE',  ( -3.318975404246077954, 7.283549300103880242, 2.750000000000000000 ) ) ;
#1752 = AXIS2_PLACEMENT_3D ( 'NONE', #1871, #2840, #2366 ) ;
#1753 = DIRECTION ( 'NONE',  ( -1.232108328068929811E-16, 1.000000000000000000, 0.000000000000000000 ) ) ;
#1754 = ORIENTED_EDGE ( 'NONE', *, *, #1134, .T. ) ;
#1755 = CARTESIAN_POINT ( 'NONE',  ( 7.000000000000000000, -1.496662954709579996, 2.620467589171044942 ) ) ;
#1756 = ORIENTED_EDGE ( 'NONE', *, *, #1486, .F. ) ;
#1757 = CARTESIAN_POINT ( 'NONE',  ( 8.991594154102969583, 9.388888888888889284, 2.750000000000000000 ) ) ;
#1758 = EDGE_LOOP ( 'NONE', ( #1534, #315, #1730, #1527 ) ) ;
#1759 = ORIENTED_EDGE ( 'NONE', *, *, #1569, .F. ) ;
#1760 = CARTESIAN_POINT ( 'NONE',  ( -2.138855814446189996, 6.552483125660859997, 3.451956634236650334 ) ) ;
#1761 = CARTESIAN_POINT ( 'NONE',  ( -3.816391647148974030E-15, -8.800000000000000711, 2.750000000000000000 ) ) ;
#1762 = CARTESIAN_POINT ( 'NONE',  ( -3.367250037115409829E-15, 9.000000000000000000, 2.750000000000000000 ) ) ;
#1763 = AXIS2_PLACEMENT_3D ( 'NONE', #3034, #1564, #1325 ) ;
#1764 = ORIENTED_EDGE ( 'NONE', *, *, #309, .T. ) ;
#1765 = LINE ( 'NONE', #983, #195 ) ;
#1766 = AXIS2_PLACEMENT_3D ( 'NONE', #1178, #3115, #937 ) ;
#1767 = CARTESIAN_POINT ( 'NONE',  ( 6.947679679169196376, 1.138510952300916701, 2.739491327383282826 ) ) ;
#1768 = DIRECTION ( 'NONE',  ( 0.000000000000000000, 0.000000000000000000, -1.000000000000000000 ) ) ;
#1769 = ORIENTED_EDGE ( 'NONE', *, *, #2613, .F. ) ;
#1770 = DIRECTION ( 'NONE',  ( 0.000000000000000000, 0.7071067811865474617, 0.7071067811865474617 ) ) ;
#1771 = B_SPLINE_CURVE_WITH_KNOTS ( 'NONE', 3,
 ( #417, #465, #1623, #1862, #1433, #2892 ),
 .UNSPECIFIED., .F., .F.,
 ( 4, 2, 4 ),
 ( 0.000000000000000000, 0.5000000000000000000, 1.000000000000000000 ),
 .UNSPECIFIED. ) ;
#1772 = ORIENTED_EDGE ( 'NONE', *, *, #2682, .T. ) ;
#1773 = CARTESIAN_POINT ( 'NONE',  ( 7.876547467006089320, -4.850000000000000533, 2.750000000000000000 ) ) ;
#1774 = ORIENTED_EDGE ( 'NONE', *, *, #579, .F. ) ;
#1775 = EDGE_LOOP ( 'NONE', ( #1836, #371, #2004, #2681 ) ) ;
#1776 = AXIS2_PLACEMENT_3D ( 'NONE', #1447, #2825, #2585 ) ;
#1777 = LINE ( 'NONE', #101, #569 ) ;
#1778 = DIRECTION ( 'NONE',  ( -1.000000000000000000, 0.000000000000000000, 0.000000000000000000 ) ) ;
#1779 = DIRECTION ( 'NONE',  ( 1.000000000000000000, 0.000000000000000000, 0.000000000000000000 ) ) ;
#1780 = EDGE_LOOP ( 'NONE', ( #2728, #2083, #2933, #2911 ) ) ;
#1781 = CARTESIAN_POINT ( 'NONE',  ( 2.143660559047679726E-15, -9.000000000000000000, 2.449999999999999734 ) ) ;
#1782 = DIRECTION ( 'NONE',  ( 0.000000000000000000, 0.000000000000000000, 1.000000000000000000 ) ) ;
#1783 = APPLICATION_PROTOCOL_DEFINITION ( 'draft international standard', 'automotive_design', 1998, #1154 ) ;
#1784 = CARTESIAN_POINT ( 'NONE',  ( -3.367250037115409829E-15, 9.000000000000000000, 2.449999999999999734 ) ) ;
#1785 = EDGE_LOOP ( 'NONE', ( #2563, #531 ) ) ;
#1786 = CARTESIAN_POINT ( 'NONE',  ( 4.167345393055610359, 4.351480080889560398, 3.753553390593269867 ) ) ;
#1787 = LINE ( 'NONE', #2177, #90 ) ;
#1788 = ADVANCED_FACE ( 'NONE', ( #2567 ), #1850, .F. ) ;
#1789 = VERTEX_POINT ( 'NONE', #2856 ) ;
#1790 = CARTESIAN_POINT ( 'NONE',  ( 4.167345393055610359, -4.351480080889555069, 3.753553390593269867 ) ) ;
#1791 = DIRECTION ( 'NONE',  ( 1.000000000000000000, 0.000000000000000000, 0.000000000000000000 ) ) ;
#1792 = DIRECTION ( 'NONE',  ( -0.000000000000000000, -0.000000000000000000, -1.000000000000000000 ) ) ;
#1793 = EDGE_LOOP ( 'NONE', ( #1739, #3045, #1725, #87 ) ) ;
#1794 = AXIS2_PLACEMENT_3D ( 'NONE', #405, #2576, #2358 ) ;
#1795 = LINE ( 'NONE', #1348, #2530 ) ;
#1796 = VERTEX_POINT ( 'NONE', #680 ) ;
#1797 = CARTESIAN_POINT ( 'NONE',  ( 2.423507581573649983, -6.138337720475200321, 3.899999999999999911 ) ) ;
#1798 = CONICAL_SURFACE ( 'NONE', #1394, 2.000000000000000000, 0.7853981633974476129 ) ;
#1799 = LINE ( 'NONE', #1842, #2279 ) ;
#1800 = DIRECTION ( 'NONE',  ( 0.000000000000000000, 0.000000000000000000, 1.000000000000000000 ) ) ;
#1801 = CIRCLE ( 'NONE', #184, 7.328427124746199617 ) ;
#1802 = VERTEX_POINT ( 'NONE', #883 ) ;
#1803 = CARTESIAN_POINT ( 'NONE',  ( 4.099999999999990763, 5.021051876504142455E-16, 2.571428571428575172 ) ) ;
#1804 =( GEOMETRIC_REPRESENTATION_CONTEXT ( 3 ) GLOBAL_UNCERTAINTY_ASSIGNED_CONTEXT ( ( #1743 ) ) GLOBAL_UNIT_ASSIGNED_CONTEXT ( ( #2264, #2955, #75 ) ) REPRESENTATION_CONTEXT ( 'NONE', 'WORKASPACE' ) );
#1805 = CARTESIAN_POINT ( 'NONE',  ( -2.740379024503535099, -6.295157644767879646, 3.753553390593779682 ) ) ;
#1806 = CARTESIAN_POINT ( 'NONE',  ( 2.529131395885221956, 6.190611028569859897, 3.851184463531090341 ) ) ;
#1807 = ORIENTED_EDGE ( 'NONE', *, *, #225, .T. ) ;
#1808 = CARTESIAN_POINT ( 'NONE',  ( 0.000000000000000000, -12.52867965644036019, 2.750000000000000000 ) ) ;
#1809 = ADVANCED_FACE ( 'NONE', ( #2598 ), #1341, .F. ) ;
#1810 = ORIENTED_EDGE ( 'NONE', *, *, #2148, .F. ) ;
#1811 = VECTOR ( 'NONE', #843, 1000.000000000000000 ) ;
#1812 = CARTESIAN_POINT ( 'NONE',  ( 2.423507581573649983, -6.138337720475200321, 3.899999999999999911 ) ) ;
#1813 = CARTESIAN_POINT ( 'NONE',  ( 2.143660559047679726E-15, -9.000000000000000000, 2.449999999999999734 ) ) ;
#1814 = EDGE_CURVE ( 'NONE', #2188, #2298, #1847, .T. ) ;
#1815 = CIRCLE ( 'NONE', #298, 8.000000000000000000 ) ;
#1816 = CARTESIAN_POINT ( 'NONE',  ( -3.816391647148974030E-15, -8.800000000000000711, 2.449999999999999734 ) ) ;
#1817 = ADVANCED_FACE ( 'NONE', ( #2616, #176 ), #207, .T. ) ;
#1818 = CIRCLE ( 'NONE', #2287, 5.000000000000000000 ) ;
#1819 = EDGE_LOOP ( 'NONE', ( #2348, #2689, #1611, #3128 ) ) ;
#1820 = AXIS2_PLACEMENT_3D ( 'NONE', #2716, #999, #499 ) ;
#1821 = CARTESIAN_POINT ( 'NONE',  ( 13.10000000000000142, -9.799999999999998934, 2.449999999999999734 ) ) ;
#1822 = CARTESIAN_POINT ( 'NONE',  ( -2.752950022420787679, 7.272641851249890266, 2.355635328374211301 ) ) ;
#1823 = ORIENTED_EDGE ( 'NONE', *, *, #367, .T. ) ;
#1824 = DIRECTION ( 'NONE',  ( -0.04320987654320918719, 0.9990660171225526076, 0.000000000000000000 ) ) ;
#1825 = VERTEX_POINT ( 'NONE', #441 ) ;
#1826 = CARTESIAN_POINT ( 'NONE',  ( 2.315796133503727816, -6.265522710676308726, 3.733333333333342718 ) ) ;
#1827 = DIRECTION ( 'NONE',  ( 1.000000000000000000, 0.000000000000000000, 0.000000000000000000 ) ) ;
#1828 = DIRECTION ( 'NONE',  ( -0.000000000000000000, -0.000000000000000000, 1.000000000000000000 ) ) ;
#1829 = ORIENTED_EDGE ( 'NONE', *, *, #2190, .F. ) ;
#1830 = EDGE_CURVE ( 'NONE', #2298, #1373, #84, .T. ) ;
#1831 = EDGE_LOOP ( 'NONE', ( #2250, #615, #2047, #1599 ) ) ;
#1832 = DIRECTION ( 'NONE',  ( -1.000000000000000000, 0.000000000000000000, 0.000000000000000000 ) ) ;
#1833 = AXIS2_PLACEMENT_3D ( 'NONE', #2444, #302, #1778 ) ;
#1834 = FACE_OUTER_BOUND ( 'NONE', #2841, .T. ) ;
#1835 = DIRECTION ( 'NONE',  ( 0.000000000000000000, 0.000000000000000000, -1.000000000000000000 ) ) ;
#1836 = ORIENTED_EDGE ( 'NONE', *, *, #2804, .F. ) ;
#1837 = DIRECTION ( 'NONE',  ( 0.000000000000000000, 0.000000000000000000, 1.000000000000000000 ) ) ;
#1838 = VERTEX_POINT ( 'NONE', #2871 ) ;
#1839 = AXIS2_PLACEMENT_3D ( 'NONE', #2740, #1532, #330 ) ;
#1840 = DIRECTION ( 'NONE',  ( -0.6390115233556828978, -0.6672463290359289534, -0.3826834323650898928 ) ) ;
#1841 = CARTESIAN_POINT ( 'NONE',  ( 5.495797077051489232, 5.814059830587179789, 1.778679656440369961 ) ) ;
#1842 = CARTESIAN_POINT ( 'NONE',  ( -3.996264068490210430, -9.172839506172840274, 2.750000000000000000 ) ) ;
#1843 = AXIS2_PLACEMENT_3D ( 'NONE', #103, #1792, #2511 ) ;
#1844 = EDGE_CURVE ( 'NONE', #2471, #2220, #1818, .T. ) ;
#1845 = CARTESIAN_POINT ( 'NONE',  ( 7.000000000000000888, 1.748010717636735656, 2.567914957035117851 ) ) ;
#1846 = AXIS2_PLACEMENT_3D ( 'NONE', #1757, #2470, #2692 ) ;
#1847 = B_SPLINE_CURVE_WITH_KNOTS ( 'NONE', 3,
 ( #410, #1646, #2143, #3112, #2347, #425 ),
 .UNSPECIFIED., .F., .F.,
 ( 4, 2, 4 ),
 ( 0.000000000000000000, 0.5000000000000000000, 1.000000000000000000 ),
 .UNSPECIFIED. ) ;
#1848 = ORIENTED_EDGE ( 'NONE', *, *, #2189, .F. ) ;
#1849 = ORIENTED_EDGE ( 'NONE', *, *, #2353, .F. ) ;
#1850 = CONICAL_SURFACE ( 'NONE', #1294, 7.328427124746199617, 1.178097245096172418 ) ;
#1851 = DIRECTION ( 'NONE',  ( -0.000000000000000000, -0.000000000000000000, -1.000000000000000000 ) ) ;
#1852 = DIRECTION ( 'NONE',  ( 1.000000000000000000, 0.000000000000000000, 0.000000000000000000 ) ) ;
#1853 = DIRECTION ( 'NONE',  ( 0.000000000000000000, 0.000000000000000000, -1.000000000000000000 ) ) ;
#1854 = VECTOR ( 'NONE', #1840, 1000.000000000000000 ) ;
#1855 = ORIENTED_EDGE ( 'NONE', *, *, #2060, .T. ) ;
#1856 = VECTOR ( 'NONE', #860, 1000.000000000000000 ) ;
#1857 = DIRECTION ( 'NONE',  ( -0.7071067811865510144, 0.000000000000000000, -0.7071067811865441310 ) ) ;
#1858 = AXIS2_PLACEMENT_3D ( 'NONE', #915, #2381, #2318 ) ;
#1859 = ORIENTED_EDGE ( 'NONE', *, *, #2048, .F. ) ;
#1860 = CARTESIAN_POINT ( 'NONE',  ( 1.700000000000002176, -9.000000000000000000, 2.449999999999999734 ) ) ;
#1861 = CARTESIAN_POINT ( 'NONE',  ( 6.787832892906481952, -0.8608254233218384233, 2.937607189148809361 ) ) ;
#1862 = CARTESIAN_POINT ( 'NONE',  ( -2.297196696837716878, 6.598901047964731426, 3.607356830687630911 ) ) ;
#1863 = DIRECTION ( 'NONE',  ( -0.000000000000000000, -0.000000000000000000, -1.000000000000000000 ) ) ;
#1864 = CIRCLE ( 'NONE', #2376, 5.000000000000000000 ) ;
#1865 = ORIENTED_EDGE ( 'NONE', *, *, #2032, .F. ) ;
#1866 = AXIS2_PLACEMENT_3D ( 'NONE', #1683, #2134, #429 ) ;
#1867 = ORIENTED_EDGE ( 'NONE', *, *, #1066, .T. ) ;
#1868 = CARTESIAN_POINT ( 'NONE',  ( 2.423507581573644654, 6.138337720475210091, 3.899999999999999911 ) ) ;
#1869 = AXIS2_PLACEMENT_3D ( 'NONE', #757, #509, #492 ) ;
#1870 = CARTESIAN_POINT ( 'NONE',  ( 2.343877128386587572, -6.726113225995835165, 3.042642640171208779 ) ) ;
#1871 = CARTESIAN_POINT ( 'NONE',  ( 0.000000000000000000, 0.000000000000000000, 2.750000000000000000 ) ) ;
#1872 = VERTEX_POINT ( 'NONE', #1729 ) ;
#1873 = CARTESIAN_POINT ( 'NONE',  ( -2.541580527275810297, -6.496489999045399699, 3.731308877127169854 ) ) ;
#1874 = DIRECTION ( 'NONE',  ( -1.000000000000000000, 0.000000000000000000, 2.710505431213761085E-17 ) ) ;
#1875 = CARTESIAN_POINT ( 'NONE',  ( 9.099999999999999645, -10.80000000000000071, 0.2999999999999999889 ) ) ;
#1876 = DIRECTION ( 'NONE',  ( -1.000000000000000000, 0.000000000000000000, 0.000000000000000000 ) ) ;
#1877 = CARTESIAN_POINT ( 'NONE',  ( 9.099999999999999645, -9.799999999999998934, 2.449999999999999734 ) ) ;
#1878 = EDGE_CURVE ( 'NONE', #321, #1113, #587, .T. ) ;
#1879 = DIRECTION ( 'NONE',  ( 4.336808689942020201E-16, -1.000000000000000000, 0.000000000000000000 ) ) ;
#1880 = VERTEX_POINT ( 'NONE', #1443 ) ;
#1881 = EDGE_CURVE ( 'NONE', #547, #1530, #1549, .T. ) ;
#1882 = ORIENTED_EDGE ( 'NONE', *, *, #2153, .T. ) ;
#1883 = CARTESIAN_POINT ( 'NONE',  ( 2.320413559590924546, 6.580453711693670549, 3.613327508409200028 ) ) ;
#1884 = EDGE_CURVE ( 'NONE', #1489, #724, #267, .T. ) ;
#1885 = DIRECTION ( 'NONE',  ( 0.000000000000000000, 0.000000000000000000, 1.000000000000000000 ) ) ;
#1886 = CARTESIAN_POINT ( 'NONE',  ( 8.599999999999999645, 0.000000000000000000, 0.000000000000000000 ) ) ;
#1887 = ORIENTED_EDGE ( 'NONE', *, *, #1598, .F. ) ;
#1888 = DIRECTION ( 'NONE',  ( -0.000000000000000000, -0.000000000000000000, -1.000000000000000000 ) ) ;
#1889 = DIRECTION ( 'NONE',  ( 3.066586833366750248E-16, -0.7071067811865475727, 0.7071067811865475727 ) ) ;
#1890 = CARTESIAN_POINT ( 'NONE',  ( 2.664659259182044160, 7.053516904761063522, 3.492453831201090875 ) ) ;
#1891 = AXIS2_PLACEMENT_3D ( 'NONE', #696, #235, #2647 ) ;
#1892 = CARTESIAN_POINT ( 'NONE',  ( -2.664659259182460715, -7.053516904761905515, 3.492453831201075776 ) ) ;
#1893 = DIRECTION ( 'NONE',  ( 1.000000000000000000, 0.000000000000000000, 0.000000000000000000 ) ) ;
#1894 = ORIENTED_EDGE ( 'NONE', *, *, #364, .F. ) ;
#1895 = ORIENTED_EDGE ( 'NONE', *, *, #1598, .T. ) ;
#1896 = ADVANCED_FACE ( 'NONE', ( #1949 ), #3092, .F. ) ;
#1897 = AXIS2_PLACEMENT_3D ( 'NONE', #753, #2705, #2909 ) ;
#1898 = DIRECTION ( 'NONE',  ( 1.000000000000000000, 0.000000000000000000, 0.000000000000000000 ) ) ;
#1899 = DIRECTION ( 'NONE',  ( 1.000000000000000000, 0.000000000000000000, 0.000000000000000000 ) ) ;
#1900 = DIRECTION ( 'NONE',  ( -1.000000000000000000, 0.000000000000000000, 0.000000000000000000 ) ) ;
#1901 = ORIENTED_EDGE ( 'NONE', *, *, #59, .F. ) ;
#1902 = CARTESIAN_POINT ( 'NONE',  ( -9.540979117872440597E-15, 0.000000000000000000, 2.500000000000000000 ) ) ;
#1903 = CARTESIAN_POINT ( 'NONE',  ( -2.423507581573674852, 6.138337720475210091, 3.899999999999999911 ) ) ;
#1904 = CARTESIAN_POINT ( 'NONE',  ( -2.582368212670304253, -7.024286165164803641, 2.750000000000000444 ) ) ;
#1905 = CARTESIAN_POINT ( 'NONE',  ( -2.415959857696141189, -6.787159227905963377, 3.826084213838639059 ) ) ;
#1906 = AXIS2_PLACEMENT_3D ( 'NONE', #544, #795, #1977 ) ;
#1907 = CARTESIAN_POINT ( 'NONE',  ( -3.500000000000009770, 4.286263797015736595E-16, 2.500000000000000000 ) ) ;
#1908 = ADVANCED_FACE ( 'NONE', ( #2413 ), #1009, .F. ) ;
#1909 = ORIENTED_EDGE ( 'NONE', *, *, #1065, .T. ) ;
#1910 = ORIENTED_EDGE ( 'NONE', *, *, #942, .F. ) ;
#1911 = VECTOR ( 'NONE', #2877, 1000.000000000000000 ) ;
#1912 = ADVANCED_FACE ( 'NONE', ( #2268 ), #355, .F. ) ;
#1913 = EDGE_CURVE ( 'NONE', #2497, #3082, #1722, .T. ) ;
#1914 = CARTESIAN_POINT ( 'NONE',  ( 6.599999999999999645, 1.556567716407616958E-21, 3.178679656440357881 ) ) ;
#1915 = CIRCLE ( 'NONE', #584, 3.999999999999997335 ) ;
#1916 = VECTOR ( 'NONE', #2257, 999.9999999999998863 ) ;
#1917 = CARTESIAN_POINT ( 'NONE',  ( -8.991594154102980241, 9.388888888888889284, 2.750000000000000000 ) ) ;
#1918 = FACE_OUTER_BOUND ( 'NONE', #2248, .T. ) ;
#1919 = EDGE_LOOP ( 'NONE', ( #2463, #276, #2676, #2387, #3122, #838, #1516, #1658, #2065, #401, #1244, #2253, #930, #2213, #2986, #2999, #536, #1502, #1006, #2713, #93 ) ) ;
#1920 = CARTESIAN_POINT ( 'NONE',  ( -2.156878424080445278, -6.560628958863460980, 3.471550510249425070 ) ) ;
#1921 = DIRECTION ( 'NONE',  ( -0.000000000000000000, -0.000000000000000000, -1.000000000000000000 ) ) ;
#1922 = CARTESIAN_POINT ( 'NONE',  ( -4.400000000000000355, 0.000000000000000000, 0.000000000000000000 ) ) ;
#1923 = CARTESIAN_POINT ( 'NONE',  ( -4.167345393055605918, -4.351480080889560398, 3.753553390593269867 ) ) ;
#1924 = ADVANCED_FACE ( 'NONE', ( #2192 ), #347, .F. ) ;
#1925 = LINE ( 'NONE', #1907, #2723 ) ;
#1926 = AXIS2_PLACEMENT_3D ( 'NONE', #1619, #1889, #239 ) ;
#1927 = ORIENTED_EDGE ( 'NONE', *, *, #2189, .T. ) ;
#1928 = CARTESIAN_POINT ( 'NONE',  ( 2.143660559047679726E-15, -9.000000000000000000, 0.000000000000000000 ) ) ;
#1929 = ORIENTED_EDGE ( 'NONE', *, *, #2830, .F. ) ;
#1930 = CARTESIAN_POINT ( 'NONE',  ( 6.626777720992272691, 0.3700344718129908728, 3.143604219956556367 ) ) ;
#1931 = EDGE_CURVE ( 'NONE', #1205, #2261, #95, .T. ) ;
#1932 = DIRECTION ( 'NONE',  ( -0.000000000000000000, -0.000000000000000000, -1.000000000000000000 ) ) ;
#1933 = FACE_OUTER_BOUND ( 'NONE', #203, .T. ) ;
#1934 = VERTEX_POINT ( 'NONE', #32 ) ;
#1935 = CARTESIAN_POINT ( 'NONE',  ( -2.423507581573649983, 6.138337720475200321, 3.899999999999999911 ) ) ;
#1936 = CARTESIAN_POINT ( 'NONE',  ( 2.740379024503534655, 6.295157644767879646, 3.753553390593784567 ) ) ;
#1937 = DIRECTION ( 'NONE',  ( 1.000000000000000000, 0.000000000000000000, 0.000000000000000000 ) ) ;
#1938 = EDGE_CURVE ( 'NONE', #1305, #675, #202, .T. ) ;
#1939 = DIRECTION ( 'NONE',  ( -1.000000000000000000, 0.000000000000000000, 0.000000000000000000 ) ) ;
#1940 = AXIS2_PLACEMENT_3D ( 'NONE', #774, #1748, #53 ) ;
#1941 = EDGE_CURVE ( 'NONE', #2380, #963, #711, .T. ) ;
#1942 = ADVANCED_FACE ( 'NONE', ( #522 ), #2499, .T. ) ;
#1943 = ORIENTED_EDGE ( 'NONE', *, *, #927, .F. ) ;
#1944 = DIRECTION ( 'NONE',  ( 1.000000000000000000, 0.000000000000000000, 0.000000000000000000 ) ) ;
#1945 = ORIENTED_EDGE ( 'NONE', *, *, #228, .F. ) ;
#1946 = AXIS2_PLACEMENT_3D ( 'NONE', #388, #1782, #342 ) ;
#1947 = CONICAL_SURFACE ( 'NONE', #2407, 1.950000000000000400, 0.7853981633974419507 ) ;
#1948 = CARTESIAN_POINT ( 'NONE',  ( 13.10000000000000142, -9.799999999999998934, 3.899999999999999911 ) ) ;
#1949 = FACE_OUTER_BOUND ( 'NONE', #45, .T. ) ;
#1950 = AXIS2_PLACEMENT_3D ( 'NONE', #993, #49, #80 ) ;
#1951 = ORIENTED_EDGE ( 'NONE', *, *, #579, .T. ) ;
#1952 = DIRECTION ( 'NONE',  ( 1.000000000000000000, 0.000000000000000000, 0.000000000000000000 ) ) ;
#1953 = DIRECTION ( 'NONE',  ( -1.000000000000000000, 0.000000000000000000, 0.000000000000000000 ) ) ;
#1954 = EDGE_CURVE ( 'NONE', #3041, #2700, #507, .T. ) ;
#1955 = DIRECTION ( 'NONE',  ( 0.000000000000000000, 0.000000000000000000, -1.000000000000000000 ) ) ;
#1956 = VECTOR ( 'NONE', #2760, 1000.000000000000000 ) ;
#1957 = EDGE_CURVE ( 'NONE', #1825, #3041, #1787, .T. ) ;
#1958 = FACE_OUTER_BOUND ( 'NONE', #2078, .T. ) ;
#1959 = CONICAL_SURFACE ( 'NONE', #2113, 3.250000000000000000, 0.7853981633974476129 ) ;
#1960 = AXIS2_PLACEMENT_3D ( 'NONE', #618, #1828, #3006 ) ;
#1961 = ORIENTED_EDGE ( 'NONE', *, *, #3139, .T. ) ;
#1962 = DIRECTION ( 'NONE',  ( -3.244920097310259983E-16, 1.000000000000000000, 0.000000000000000000 ) ) ;
#1963 = ORIENTED_EDGE ( 'NONE', *, *, #816, .T. ) ;
#1964 = FACE_OUTER_BOUND ( 'NONE', #1156, .T. ) ;
#1965 = CARTESIAN_POINT ( 'NONE',  ( 8.991594154102980241, -9.388888888888889284, 3.899999999999999911 ) ) ;
#1966 = ORIENTED_EDGE ( 'NONE', *, *, #1181, .F. ) ;
#1967 = VECTOR ( 'NONE', #1824, 1000.000000000000114 ) ;
#1968 = EDGE_LOOP ( 'NONE', ( #3138, #1141, #1632, #712 ) ) ;
#1969 = FACE_OUTER_BOUND ( 'NONE', #1561, .T. ) ;
#1970 = FACE_OUTER_BOUND ( 'NONE', #332, .T. ) ;
#1971 = CARTESIAN_POINT ( 'NONE',  ( 5.532912107038729488, 5.777384534339799593, 1.779224147354490304 ) ) ;
#1972 = VERTEX_POINT ( 'NONE', #2289 ) ;
#1973 = CARTESIAN_POINT ( 'NONE',  ( -3.457343008526726713, 7.145863589395861304, 2.749999999999999556 ) ) ;
#1974 = AXIS2_PLACEMENT_3D ( 'NONE', #1529, #994, #236 ) ;
#1975 = ADVANCED_FACE ( 'NONE', ( #1933 ), #1076, .T. ) ;
#1976 = ADVANCED_FACE ( 'NONE', ( #472 ), #727, .F. ) ;
#1977 = DIRECTION ( 'NONE',  ( -1.000000000000000000, 0.000000000000000000, 0.000000000000000000 ) ) ;
#1978 = AXIS2_PLACEMENT_3D ( 'NONE', #1430, #920, #1651 ) ;
#1979 = ORIENTED_EDGE ( 'NONE', *, *, #283, .F. ) ;
#1980 = CARTESIAN_POINT ( 'NONE',  ( 2.740379024503535099, 6.295157644767879646, 3.753553390593779682 ) ) ;
#1981 = ORIENTED_EDGE ( 'NONE', *, *, #687, .F. ) ;
#1982 = EDGE_CURVE ( 'NONE', #3041, #436, #1456, .T. ) ;
#1983 = CARTESIAN_POINT ( 'NONE',  ( 1.700000000000002176, -9.000000000000000000, 0.3000000000000094813 ) ) ;
#1984 = ORIENTED_EDGE ( 'NONE', *, *, #687, .T. ) ;
#1985 = EDGE_LOOP ( 'NONE', ( #739, #1405, #1568, #2649 ) ) ;
#1986 = CARTESIAN_POINT ( 'NONE',  ( -2.423507581573649983, 6.138337720475200321, 3.899999999999999911 ) ) ;
#1987 = FACE_OUTER_BOUND ( 'NONE', #797, .T. ) ;
#1988 = CARTESIAN_POINT ( 'NONE',  ( 6.969326914681458263, 2.879265432895752319, 2.244508105704385859 ) ) ;
#1989 = EDGE_LOOP ( 'NONE', ( #2592, #1865, #1769, #290 ) ) ;
#1990 = CARTESIAN_POINT ( 'NONE',  ( -2.315796133503690513, -6.265522710676280305, 3.733333333333343607 ) ) ;
#1991 = CARTESIAN_POINT ( 'NONE',  ( 6.866666666666669805, 0.9977753031397190719, 2.839899744476969801 ) ) ;
#1992 = DIRECTION ( 'NONE',  ( -1.000000000000000000, 0.000000000000000000, 0.000000000000000000 ) ) ;
#1993 = ORIENTED_EDGE ( 'NONE', *, *, #250, .F. ) ;
#1994 = DIRECTION ( 'NONE',  ( -1.000000000000000000, 0.000000000000000000, 0.000000000000000000 ) ) ;
#1995 = EDGE_LOOP ( 'NONE', ( #458, #570, #2809, #1046 ) ) ;
#1996 = CIRCLE ( 'NONE', #2658, 2.954838709677419573 ) ;
#1997 = CARTESIAN_POINT ( 'NONE',  ( 2.520612139441570143, -6.948411726856530635, 2.750000000000000000 ) ) ;
#1998 = EDGE_CURVE ( 'NONE', #1825, #2489, #1355, .T. ) ;
#1999 = ORIENTED_EDGE ( 'NONE', *, *, #1181, .T. ) ;
#2000 = ORIENTED_EDGE ( 'NONE', *, *, #1676, .T. ) ;
#2001 = DIRECTION ( 'NONE',  ( 0.000000000000000000, 0.000000000000000000, -1.000000000000000000 ) ) ;
#2002 = DIRECTION ( 'NONE',  ( -1.000000000000000000, 0.000000000000000000, 0.000000000000000000 ) ) ;
#2003 = DIRECTION ( 'NONE',  ( -0.8515186450817293640, 0.5243243243243402851, 1.734723475976808327E-16 ) ) ;
#2004 = ORIENTED_EDGE ( 'NONE', *, *, #3007, .F. ) ;
#2005 = DIRECTION ( 'NONE',  ( 0.000000000000000000, 0.7071067811865474617, 0.7071067811865474617 ) ) ;
#2006 =( LENGTH_UNIT ( ) NAMED_UNIT ( * ) SI_UNIT ( .MILLI., .METRE. ) );
#2007 = CARTESIAN_POINT ( 'NONE',  ( 6.788204760028563101, 0.8614714301687631526, 2.937146292955080007 ) ) ;
#2008 = ORIENTED_EDGE ( 'NONE', *, *, #1608, .F. ) ;
#2009 = CARTESIAN_POINT ( 'NONE',  ( -8.991594154102969583, -9.388888888888889284, 3.899999999999999911 ) ) ;
#2010 = ORIENTED_EDGE ( 'NONE', *, *, #1474, .T. ) ;
#2011 = CIRCLE ( 'NONE', #494, 1.249999999999999334 ) ;
#2012 = DIRECTION ( 'NONE',  ( 0.000000000000000000, 0.000000000000000000, -1.000000000000000000 ) ) ;
#2013 = EDGE_CURVE ( 'NONE', #2114, #3082, #2606, .T. ) ;
#2014 = ORIENTED_EDGE ( 'NONE', *, *, #225, .F. ) ;
#2015 = EDGE_LOOP ( 'NONE', ( #1981, #1855, #312, #863 ) ) ;
#2016 = CARTESIAN_POINT ( 'NONE',  ( 6.599999999999999645, 0.000000000000000000, 0.000000000000000000 ) ) ;
#2017 = CARTESIAN_POINT ( 'NONE',  ( 10.40000000000000213, -9.799999999999998934, 2.750000000000000000 ) ) ;
#2018 = DIRECTION ( 'NONE',  ( 1.000000000000000000, 0.000000000000000000, 0.000000000000000000 ) ) ;
#2019 = AXIS2_PLACEMENT_3D ( 'NONE', #44, #967, #777 ) ;
#2020 = ORIENTED_EDGE ( 'NONE', *, *, #1550, .F. ) ;
#2021 = DIRECTION ( 'NONE',  ( -1.000000000000000000, 0.000000000000000000, 0.000000000000000000 ) ) ;
#2022 = CIRCLE ( 'NONE', #1063, 5.000000000000000000 ) ;
#2023 = DIRECTION ( 'NONE',  ( -0.000000000000000000, -0.000000000000000000, -1.000000000000000000 ) ) ;
#2024 = DIRECTION ( 'NONE',  ( 1.000000000000000000, 0.000000000000000000, 0.000000000000000000 ) ) ;
#2025 = DIRECTION ( 'NONE',  ( 0.000000000000000000, 0.000000000000000000, -1.000000000000000000 ) ) ;
#2026 = ADVANCED_FACE ( 'NONE', ( #1327 ), #1297, .T. ) ;
#2027 = ORIENTED_EDGE ( 'NONE', *, *, #990, .T. ) ;
#2028 = CARTESIAN_POINT ( 'NONE',  ( 9.099999999999999645, -8.800000000000000711, 2.449999999999999734 ) ) ;
#2029 = DIRECTION ( 'NONE',  ( -1.000000000000000000, 0.000000000000000000, 0.000000000000000000 ) ) ;
#2030 = ORIENTED_EDGE ( 'NONE', *, *, #2206, .T. ) ;
#2031 = B_SPLINE_CURVE_WITH_KNOTS ( 'NONE', 3,
 ( #811, #2007, #1440, #1930, #1675, #1914 ),
 .UNSPECIFIED., .F., .F.,
 ( 4, 2, 4 ),
 ( 0.0002916414089273428154, 0.0008463441116683164799, 0.001401046814409289982 ),
 .UNSPECIFIED. ) ;
#2032 = EDGE_CURVE ( 'NONE', #590, #1489, #2340, .T. ) ;
#2033 = DIRECTION ( 'NONE',  ( 0.000000000000000000, 0.000000000000000000, 1.000000000000000000 ) ) ;
#2034 = DIRECTION ( 'NONE',  ( -0.4890782461571969164, 0.5106882308569538065, -0.7071067811865439090 ) ) ;
#2035 = CARTESIAN_POINT ( 'NONE',  ( 4.099999999999991651, 0.000000000000000000, 3.899999999999999911 ) ) ;
#2036 = VERTEX_POINT ( 'NONE', #168 ) ;
#2037 = DIRECTION ( 'NONE',  ( 0.000000000000000000, 0.000000000000000000, 1.000000000000000000 ) ) ;
#2038 = B_SPLINE_CURVE_WITH_KNOTS ( 'NONE', 3,
 ( #1335, #1603, #1563, #1841 ),
 .UNSPECIFIED., .F., .F.,
 ( 4, 4 ),
 ( 6.774311733017761698E-18, 5.218140737984794142E-05 ),
 .UNSPECIFIED. ) ;
#2039 = ORIENTED_EDGE ( 'NONE', *, *, #1256, .T. ) ;
#2040 = EDGE_CURVE ( 'NONE', #1176, #2193, #2669, .T. ) ;
#2041 = CARTESIAN_POINT ( 'NONE',  ( 2.494601268534585081, -6.527382656310280140, 3.714942157468714701 ) ) ;
#2042 = DIRECTION ( 'NONE',  ( 0.000000000000000000, 0.000000000000000000, 1.000000000000000000 ) ) ;
#2043 = DIRECTION ( 'NONE',  ( -0.000000000000000000, -0.000000000000000000, -1.000000000000000000 ) ) ;
#2044 = EDGE_CURVE ( 'NONE', #278, #1580, #341, .T. ) ;
#2045 = CARTESIAN_POINT ( 'NONE',  ( -3.686287386450715076E-15, -8.500000000000000000, 0.000000000000000000 ) ) ;
#2046 = CONICAL_SURFACE ( 'NONE', #2302, 3.250000000000000000, 0.7853981633974476129 ) ;
#2047 = ORIENTED_EDGE ( 'NONE', *, *, #487, .T. ) ;
#2048 = EDGE_CURVE ( 'NONE', #1880, #529, #2115, .T. ) ;
#2049 = CARTESIAN_POINT ( 'NONE',  ( 2.100373237363834633, -6.519892691078509550, 3.399999999999999911 ) ) ;
#2050 = CARTESIAN_POINT ( 'NONE',  ( 7.876547467006089320, -6.100000000000000533, 2.750000000000000000 ) ) ;
#2051 = FACE_OUTER_BOUND ( 'NONE', #2773, .T. ) ;
#2052 = EDGE_LOOP ( 'NONE', ( #1559, #2132, #1894, #2363 ) ) ;
#2053 = VECTOR ( 'NONE', #3091, 1000.000000000000114 ) ;
#2054 = B_SPLINE_CURVE_WITH_KNOTS ( 'NONE', 3,
 ( #2721, #2484, #813, #326 ),
 .UNSPECIFIED., .F., .F.,
 ( 4, 4 ),
 ( 0.0006644922471904050063, 0.001548228169818145024 ),
 .UNSPECIFIED. ) ;
#2055 = CARTESIAN_POINT ( 'NONE',  ( 2.806949226585616408, -7.209480336367569464, 2.750000000000000000 ) ) ;
#2056 = EDGE_CURVE ( 'NONE', #1480, #1825, #2549, .T. ) ;
#2057 = FACE_OUTER_BOUND ( 'NONE', #2512, .T. ) ;
#2058 = LINE ( 'NONE', #1115, #1233 ) ;
#2059 = EDGE_CURVE ( 'NONE', #1466, #72, #1151, .T. ) ;
#2060 = EDGE_CURVE ( 'NONE', #321, #2114, #189, .T. ) ;
#2061 = VECTOR ( 'NONE', #2187, 1000.000000000000000 ) ;
#2062 = CARTESIAN_POINT ( 'NONE',  ( 11.44999999999999929, -9.799999999999998934, 2.449999999999999734 ) ) ;
#2063 = CARTESIAN_POINT ( 'NONE',  ( -9.540979117872440597E-15, 0.000000000000000000, 3.899999999999999911 ) ) ;
#2064 = VECTOR ( 'NONE', #2476, 1000.000000000000114 ) ;
#2065 = ORIENTED_EDGE ( 'NONE', *, *, #426, .T. ) ;
#2066 = CARTESIAN_POINT ( 'NONE',  ( -2.423507581573674852, 6.138337720475210091, 3.899999999999999911 ) ) ;
#2067 = CARTESIAN_POINT ( 'NONE',  ( 13.10000000000000142, -9.799999999999998934, 0.000000000000000000 ) ) ;
#2068 = ORIENTED_EDGE ( 'NONE', *, *, #1055, .F. ) ;
#2069 = DIRECTION ( 'NONE',  ( 1.000000000000000000, 0.000000000000000000, 0.000000000000000000 ) ) ;
#2070 = ORIENTED_EDGE ( 'NONE', *, *, #1465, .T. ) ;
#2071 = CIRCLE ( 'NONE', #2878, 3.500000000000000000 ) ;
#2072 = CARTESIAN_POINT ( 'NONE',  ( -1.699999999999997735, -9.000000000000000000, 0.3000000000000094813 ) ) ;
#2073 = DIRECTION ( 'NONE',  ( 0.000000000000000000, 0.000000000000000000, -1.000000000000000000 ) ) ;
#2074 = EDGE_CURVE ( 'NONE', #1232, #1428, #2369, .T. ) ;
#2075 = ADVANCED_FACE ( 'NONE', ( #1388 ), #1540, .T. ) ;
#2076 = CARTESIAN_POINT ( 'NONE',  ( 3.430765575327237027, 7.187997273207974658, 2.750000000000000888 ) ) ;
#2077 = EDGE_LOOP ( 'NONE', ( #1285, #2228, #2857, #10, #2327, #1164 ) ) ;
#2078 = EDGE_LOOP ( 'NONE', ( #1627, #2746, #841, #3001 ) ) ;
#2079 = AXIS2_PLACEMENT_3D ( 'NONE', #1734, #981, #1016 ) ;
#2080 = CARTESIAN_POINT ( 'NONE',  ( 2.423507581573644654, 6.138337720475210091, 3.899999999999999911 ) ) ;
#2081 = DIRECTION ( 'NONE',  ( 0.000000000000000000, 0.000000000000000000, 1.000000000000000000 ) ) ;
#2082 = CARTESIAN_POINT ( 'NONE',  ( -2.568151631989948669, 6.978122307953081638, 2.681765778465110550 ) ) ;
#2083 = ORIENTED_EDGE ( 'NONE', *, *, #1830, .F. ) ;
#2084 = LINE ( 'NONE', #614, #3088 ) ;
#2085 = ORIENTED_EDGE ( 'NONE', *, *, #2059, .T. ) ;
#2086 = CARTESIAN_POINT ( 'NONE',  ( 2.143660559047679726E-15, -9.000000000000000000, 2.750000000000000000 ) ) ;
#2087 = CARTESIAN_POINT ( 'NONE',  ( -9.540979117872440597E-15, 0.000000000000000000, 2.750000000000000000 ) ) ;
#2088 = DIRECTION ( 'NONE',  ( 1.000000000000000000, 0.000000000000000000, 0.000000000000000000 ) ) ;
#2089 = AXIS2_PLACEMENT_3D ( 'NONE', #2934, #2001, #270 ) ;
#2090 = ORIENTED_EDGE ( 'NONE', *, *, #1229, .T. ) ;
#2091 = EDGE_LOOP ( 'NONE', ( #1381, #2952, #2868, #273, #1759, #2457, #2442, #2233, #2551, #2485, #2008, #799 ) ) ;
#2092 = CARTESIAN_POINT ( 'NONE',  ( 9.099999999999999645, -9.799999999999998934, 2.449999999999999734 ) ) ;
#2093 = VECTOR ( 'NONE', #2967, 1000.000000000000000 ) ;
#2094 = DIRECTION ( 'NONE',  ( 0.000000000000000000, 0.000000000000000000, 1.000000000000000000 ) ) ;
#2095 = FACE_OUTER_BOUND ( 'NONE', #918, .T. ) ;
#2096 = ORIENTED_EDGE ( 'NONE', *, *, #348, .T. ) ;
#2097 = CARTESIAN_POINT ( 'NONE',  ( -2.124133745387730254, -6.540015181335319561, 3.432079868820574919 ) ) ;
#2098 = VERTEX_POINT ( 'NONE', #1117 ) ;
#2099 = CARTESIAN_POINT ( 'NONE',  ( -8.991594154102980241, 9.388888888888889284, 0.000000000000000000 ) ) ;
#2100 = DIRECTION ( 'NONE',  ( -1.000000000000000000, 0.000000000000000000, 0.000000000000000000 ) ) ;
#2101 = CARTESIAN_POINT ( 'NONE',  ( 5.100000000000000533, -11.09999999999999964, 2.750000000000000000 ) ) ;
#2102 = CONICAL_SURFACE ( 'NONE', #2907, 7.328427124746199617, 1.178097245096171974 ) ;
#2103 = DIRECTION ( 'NONE',  ( 1.000000000000000000, -2.125036258071588691E-14, 0.000000000000000000 ) ) ;
#2104 = AXIS2_PLACEMENT_3D ( 'NONE', #1917, #2883, #1139 ) ;
#2105 = VERTEX_POINT ( 'NONE', #2832 ) ;
#2106 = AXIS2_PLACEMENT_3D ( 'NONE', #1761, #2730, #556 ) ;
#2107 = ORIENTED_EDGE ( 'NONE', *, *, #99, .T. ) ;
#2108 = B_SPLINE_CURVE_WITH_KNOTS ( 'NONE', 3,
 ( #1158, #205, #1187, #454 ),
 .UNSPECIFIED., .F., .F.,
 ( 4, 4 ),
 ( 0.000000000000000000, 0.0008885483478369719714 ),
 .UNSPECIFIED. ) ;
#2109 = DIRECTION ( 'NONE',  ( 0.000000000000000000, 0.000000000000000000, 1.000000000000000000 ) ) ;
#2110 = CARTESIAN_POINT ( 'NONE',  ( 13.10000000000000142, -9.799999999999998934, 2.449999999999999734 ) ) ;
#2111 = CARTESIAN_POINT ( 'NONE',  ( 5.100000000000000533, -9.799999999999998934, 0.000000000000000000 ) ) ;
#2112 = EDGE_CURVE ( 'NONE', #2835, #1727, #1314, .T. ) ;
#2113 = AXIS2_PLACEMENT_3D ( 'NONE', #94, #1367, #656 ) ;
#2114 = VERTEX_POINT ( 'NONE', #2798 ) ;
#2115 = CIRCLE ( 'NONE', #741, 2.000000000000000000 ) ;
#2116 = DIRECTION ( 'NONE',  ( 1.000000000000000000, -1.734723475976807094E-15, 0.000000000000000000 ) ) ;
#2117 = PRODUCT_DEFINITION_FORMATION_WITH_SPECIFIED_SOURCE ( 'ANY', '', #932, .NOT_KNOWN. ) ;
#2118 = CARTESIAN_POINT ( 'NONE',  ( 9.099999999999999645, -11.09999999999999964, 2.750000000000000000 ) ) ;
#2119 = CARTESIAN_POINT ( 'NONE',  ( 7.876547467006089320, -6.100000000000000533, 1.778679656440369961 ) ) ;
#2120 = CARTESIAN_POINT ( 'NONE',  ( -2.870859236324243113, -7.367735769284009528, 3.184531789161989757 ) ) ;
#2121 = CARTESIAN_POINT ( 'NONE',  ( -2.390399277593760363, -6.788430250757465423, 2.963034308855876375 ) ) ;
#2122 = EDGE_CURVE ( 'NONE', #1113, #1466, #2454, .T. ) ;
#2123 = VECTOR ( 'NONE', #2406, 1000.000000000000114 ) ;
#2124 = DIRECTION ( 'NONE',  ( 1.000000000000000000, 4.336808689942020201E-16, 0.000000000000000000 ) ) ;
#2125 = EDGE_CURVE ( 'NONE', #631, #117, #1656, .T. ) ;
#2126 = VECTOR ( 'NONE', #1097, 1000.000000000000000 ) ;
#2127 = ORIENTED_EDGE ( 'NONE', *, *, #478, .T. ) ;
#2128 = ORIENTED_EDGE ( 'NONE', *, *, #2834, .T. ) ;
#2129 = DIRECTION ( 'NONE',  ( -1.000000000000000000, 0.000000000000000000, 0.000000000000000000 ) ) ;
#2130 = DIRECTION ( 'NONE',  ( 0.6021146082440819169, -0.3707532852707859372, -0.7071067811865439090 ) ) ;
#2131 = DIRECTION ( 'NONE',  ( 0.000000000000000000, 0.000000000000000000, -1.000000000000000000 ) ) ;
#2132 = ORIENTED_EDGE ( 'NONE', *, *, #2789, .T. ) ;
#2133 = DIRECTION ( 'NONE',  ( -1.000000000000000000, 0.000000000000000000, 0.000000000000000000 ) ) ;
#2134 = DIRECTION ( 'NONE',  ( 0.000000000000000000, 0.000000000000000000, -1.000000000000000000 ) ) ;
#2135 = CARTESIAN_POINT ( 'NONE',  ( 3.023502426552374889, 6.529487669384383963, 3.395866712940130316 ) ) ;
#2136 = CARTESIAN_POINT ( 'NONE',  ( 6.866666666666330521, -0.9977753031398810535, 2.839899744477480059 ) ) ;
#2137 = CARTESIAN_POINT ( 'NONE',  ( -9.540979117872440597E-15, 0.000000000000000000, 3.000000000000000000 ) ) ;
#2138 = ADVANCED_FACE ( 'NONE', ( #1606 ), #363, .F. ) ;
#2139 = ORIENTED_EDGE ( 'NONE', *, *, #1474, .F. ) ;
#2140 = ORIENTED_EDGE ( 'NONE', *, *, #2044, .F. ) ;
#2141 = CARTESIAN_POINT ( 'NONE',  ( 2.256974167483854821, 6.581982483224009250, 3.564467320100054959 ) ) ;
#2142 = CARTESIAN_POINT ( 'NONE',  ( -0.9793097202388139078, -10.54516129032258043, 0.000000000000000000 ) ) ;
#2143 = CARTESIAN_POINT ( 'NONE',  ( -2.297196696837604080, -6.598901047964631061, 3.607356830687780125 ) ) ;
#2144 = ORIENTED_EDGE ( 'NONE', *, *, #1229, .F. ) ;
#2145 = CARTESIAN_POINT ( 'NONE',  ( -0.9793097202388139078, -10.54516129032258043, 2.750000000000000000 ) ) ;
#2146 = FACE_BOUND ( 'NONE', #772, .T. ) ;
#2147 = CARTESIAN_POINT ( 'NONE',  ( 2.100373237363470480, 6.519892691078210234, 3.400000000000508837 ) ) ;
#2148 = EDGE_CURVE ( 'NONE', #724, #2155, #2850, .T. ) ;
#2149 = CIRCLE ( 'NONE', #2954, 3.750000000000000000 ) ;
#2150 = DIRECTION ( 'NONE',  ( -1.000000000000000000, 0.000000000000000000, 0.000000000000000000 ) ) ;
#2151 = B_SPLINE_CURVE_WITH_KNOTS ( 'NONE', 3,
 ( #514, #1973, #1494, #274, #1751, #2718, #2938, #2701, #561, #1721, #2905, #764 ),
 .UNSPECIFIED., .F., .F.,
 ( 4, 2, 2, 2, 2, 4 ),
 ( 0.000000000000000000, 0.0001463566433416073559, 0.0002927132866832147119, 0.0005854265733664286648, 0.0008781398600496425092, 0.001170853146732856462 ),
 .UNSPECIFIED. ) ;
#2152 = FACE_OUTER_BOUND ( 'NONE', #1919, .T. ) ;
#2153 = EDGE_CURVE ( 'NONE', #2507, #1530, #423, .T. ) ;
#2154 = EDGE_CURVE ( 'NONE', #2430, #2507, #2058, .T. ) ;
#2155 = VERTEX_POINT ( 'NONE', #374 ) ;
#2156 = ORIENTED_EDGE ( 'NONE', *, *, #2939, .T. ) ;
#2157 = CARTESIAN_POINT ( 'NONE',  ( 3.261554532630970282, -6.786689642058904681, 3.068495305140794827 ) ) ;
#2158 = CARTESIAN_POINT ( 'NONE',  ( 7.876547467006089320, -6.100000000000000533, 1.778679656440369961 ) ) ;
#2159 = CARTESIAN_POINT ( 'NONE',  ( 2.143660559047679726E-15, -9.000000000000000000, 3.899999999999999911 ) ) ;
#2160 = AXIS2_PLACEMENT_3D ( 'NONE', #1162, #1189, #651 ) ;
#2161 = ORIENTED_EDGE ( 'NONE', *, *, #432, .T. ) ;
#2162 = CARTESIAN_POINT ( 'NONE',  ( -2.423507581573644654, -6.138337720475200321, 3.899999999999999911 ) ) ;
#2163 = FACE_OUTER_BOUND ( 'NONE', #2091, .T. ) ;
#2164 = CARTESIAN_POINT ( 'NONE',  ( 2.540095231299832168, -6.513608360792356500, 3.741539368025266210 ) ) ;
#2165 = CARTESIAN_POINT ( 'NONE',  ( 6.000000000000000000, -1.496662954709577997, 2.750000000000000000 ) ) ;
#2166 = AXIS2_PLACEMENT_3D ( 'NONE', #2145, #1207, #475 ) ;
#2167 = CARTESIAN_POINT ( 'NONE',  ( 6.626547467006089320, -4.850000000000000533, 2.750000000000000000 ) ) ;
#2168 = EDGE_CURVE ( 'NONE', #2800, #3010, #829, .T. ) ;
#2169 = ORIENTED_EDGE ( 'NONE', *, *, #3105, .F. ) ;
#2170 = CARTESIAN_POINT ( 'NONE',  ( 13.10000000000000142, -6.100000000000000533, 1.778679656440369961 ) ) ;
#2171 = EDGE_LOOP ( 'NONE', ( #297, #1242, #2836, #1810 ) ) ;
#2172 = VECTOR ( 'NONE', #1525, 1000.000000000000000 ) ;
#2173 = LINE ( 'NONE', #2265, #287 ) ;
#2174 = EDGE_CURVE ( 'NONE', #2466, #2570, #977, .T. ) ;
#2175 = CIRCLE ( 'NONE', #100, 2.000000000000000000 ) ;
#2176 = DIRECTION ( 'NONE',  ( -0.7064463555603958111, -0.03055399671793769534, -0.7071067811865439090 ) ) ;
#2177 = CARTESIAN_POINT ( 'NONE',  ( 13.10000000000000142, -13.50000000000000000, 1.778679656440369961 ) ) ;
#2178 = ORIENTED_EDGE ( 'NONE', *, *, #59, .T. ) ;
#2179 = CARTESIAN_POINT ( 'NONE',  ( 2.156878424080435508, 6.560628958863460980, 3.471550510249419741 ) ) ;
#2180 = FACE_OUTER_BOUND ( 'NONE', #3073, .T. ) ;
#2181 = LINE ( 'NONE', #1922, #2799 ) ;
#2182 = CARTESIAN_POINT ( 'NONE',  ( 13.10000000000000142, -9.799999999999998934, 2.750000000000000000 ) ) ;
#2183 = B_SPLINE_SURFACE_WITH_KNOTS ( 'NONE', 1, 3, ( 
 ( #654, #2097, #1920, #885, #428, #3114, #412, #196, #1365, #1873, #2858, #1682, #222, #2650 ),
 ( #2619, #1666, #445, #2349, #1400, #2873, #1125, #1618, #3065, #936, #1191, #2162, #2636, #3129 ) ),
 .UNSPECIFIED., .F., .F., .F.,
 ( 2, 2 ),
 ( 4, 2, 2, 2, 2, 2, 4 ),
 ( 0.000000000000000000, 1.000000000000000000 ),
 ( 2.602026323779119910, 2.868411163410919951, 3.001603583226814642, 3.134796003042715107, 3.267988422858615127, 3.401180842674509819, 3.667565682306304975 ),
 .UNSPECIFIED. ) ;
#2184 = EDGE_CURVE ( 'NONE', #78, #1593, #2038, .T. ) ;
#2185 = CARTESIAN_POINT ( 'NONE',  ( 13.10000000000000142, -13.50000000000000000, 0.000000000000000000 ) ) ;
#2186 = ORIENTED_EDGE ( 'NONE', *, *, #1641, .F. ) ;
#2187 = DIRECTION ( 'NONE',  ( 0.000000000000000000, 0.000000000000000000, -1.000000000000000000 ) ) ;
#2188 = VERTEX_POINT ( 'NONE', #166 ) ;
#2189 = EDGE_CURVE ( 'NONE', #2691, #571, #2604, .T. ) ;
#2190 = EDGE_CURVE ( 'NONE', #2531, #963, #1389, .T. ) ;
#2191 = FACE_OUTER_BOUND ( 'NONE', #698, .T. ) ;
#2192 = FACE_OUTER_BOUND ( 'NONE', #2396, .T. ) ;
#2193 = VERTEX_POINT ( 'NONE', #2072 ) ;
#2194 = CIRCLE ( 'NONE', #1273, 2.000000000000000000 ) ;
#2195 = DIRECTION ( 'NONE',  ( 0.000000000000000000, 0.000000000000000000, 1.000000000000000000 ) ) ;
#2196 = CARTESIAN_POINT ( 'NONE',  ( -3.476242029407019984, 7.100317809367650668, 2.750000000000000000 ) ) ;
#2197 = CARTESIAN_POINT ( 'NONE',  ( 7.000000000000000000, -1.308985947216248169, 2.659707726502296588 ) ) ;
#2198 = CARTESIAN_POINT ( 'NONE',  ( 6.866666666666669805, 0.9977753031397190719, 2.750000000000000000 ) ) ;
#2199 = ORIENTED_EDGE ( 'NONE', *, *, #1091, .T. ) ;
#2200 = DIRECTION ( 'NONE',  ( 1.000000000000000000, 0.000000000000000000, 0.000000000000000000 ) ) ;
#2201 = VERTEX_POINT ( 'NONE', #3049 ) ;
#2202 = AXIS2_PLACEMENT_3D ( 'NONE', #2086, #616, #149 ) ;
#2203 = FACE_OUTER_BOUND ( 'NONE', #534, .T. ) ;
#2204 = DIRECTION ( 'NONE',  ( 0.000000000000000000, 0.000000000000000000, 1.000000000000000000 ) ) ;
#2205 = ORIENTED_EDGE ( 'NONE', *, *, #1504, .F. ) ;
#2206 = EDGE_CURVE ( 'NONE', #877, #3082, #2792, .T. ) ;
#2207 = ORIENTED_EDGE ( 'NONE', *, *, #1065, .F. ) ;
#2208 = DIRECTION ( 'NONE',  ( 0.000000000000000000, 0.000000000000000000, 1.000000000000000000 ) ) ;
#2209 = CARTESIAN_POINT ( 'NONE',  ( 13.10000000000000142, -6.100000000000000533, 0.000000000000000000 ) ) ;
#2210 = ADVANCED_FACE ( 'NONE', ( #2547 ), #3059, .T. ) ;
#2211 = CARTESIAN_POINT ( 'NONE',  ( -2.520612139441565258, -6.948411726856530635, 2.750000000000000000 ) ) ;
#2212 = AXIS2_PLACEMENT_3D ( 'NONE', #1301, #2094, #3060 ) ;
#2213 = ORIENTED_EDGE ( 'NONE', *, *, #1224, .F. ) ;
#2214 = CARTESIAN_POINT ( 'NONE',  ( 6.701237973604870390, -4.424385626745319655, 1.778679656440369961 ) ) ;
#2215 = AXIS2_PLACEMENT_3D ( 'NONE', #2565, #931, #1832 ) ;
#2216 = EDGE_CURVE ( 'NONE', #737, #1872, #2355, .T. ) ;
#2217 = ORIENTED_EDGE ( 'NONE', *, *, #1044, .T. ) ;
#2218 = CIRCLE ( 'NONE', #2465, 3.028679656440359746 ) ;
#2219 = FACE_OUTER_BOUND ( 'NONE', #427, .T. ) ;
#2220 = VERTEX_POINT ( 'NONE', #131 ) ;
#2221 = PLANE ( 'NONE',  #1444 ) ;
#2222 = EDGE_LOOP ( 'NONE', ( #976, #1707, #486, #2127 ) ) ;
#2223 = CIRCLE ( 'NONE', #2879, 1.000000000000000000 ) ;
#2224 = ORIENTED_EDGE ( 'NONE', *, *, #2524, .F. ) ;
#2225 = CARTESIAN_POINT ( 'NONE',  ( 5.100000000000000533, -9.799999999999998934, 0.2999999999999999889 ) ) ;
#2226 = CARTESIAN_POINT ( 'NONE',  ( 7.000000000000000000, -2.271444068117184798E-15, 0.000000000000000000 ) ) ;
#2227 = CARTESIAN_POINT ( 'NONE',  ( 0.000000000000000000, 0.000000000000000000, 0.2999999999999964917 ) ) ;
#2228 = ORIENTED_EDGE ( 'NONE', *, *, #1830, .T. ) ;
#2229 = CARTESIAN_POINT ( 'NONE',  ( 6.758685098932368795, -4.258886233602708238, 1.790495631655434572 ) ) ;
#2230 = CIRCLE ( 'NONE', #177, 2.728679656440358148 ) ;
#2231 = SURFACE_SIDE_STYLE ('',( #1216 ) ) ;
#2232 = ADVANCED_FACE ( 'NONE', ( #2750 ), #275, .T. ) ;
#2233 = ORIENTED_EDGE ( 'NONE', *, *, #2247, .T. ) ;
#2234 = DIRECTION ( 'NONE',  ( -0.000000000000000000, -0.000000000000000000, -1.000000000000000000 ) ) ;
#2235 = ORIENTED_EDGE ( 'NONE', *, *, #3064, .F. ) ;
#2236 = DIRECTION ( 'NONE',  ( -1.000000000000000000, 0.000000000000000000, 0.000000000000000000 ) ) ;
#2237 = ORIENTED_EDGE ( 'NONE', *, *, #259, .F. ) ;
#2238 = ORIENTED_EDGE ( 'NONE', *, *, #1954, .T. ) ;
#2239 = CARTESIAN_POINT ( 'NONE',  ( 8.599999999999999645, 0.000000000000000000, 0.000000000000000000 ) ) ;
#2240 = DIRECTION ( 'NONE',  ( 1.000000000000000000, 0.000000000000000000, 0.000000000000000000 ) ) ;
#2241 = CARTESIAN_POINT ( 'NONE',  ( 6.503167385575807202, 4.436773963738740889, 1.912836455560388060 ) ) ;
#2242 = VERTEX_POINT ( 'NONE', #1589 ) ;
#2243 = CARTESIAN_POINT ( 'NONE',  ( 6.599999999999999645, 0.000000000000000000, 2.750000000000000000 ) ) ;
#2244 = ADVANCED_FACE ( 'NONE', ( #2557 ), #2757, .F. ) ;
#2245 = CONICAL_SURFACE ( 'NONE', #1833, 1.300000000000000044, 0.7853981633974482790 ) ;
#2246 =( LENGTH_UNIT ( ) NAMED_UNIT ( * ) SI_UNIT ( .MILLI., .METRE. ) );
#2247 = EDGE_CURVE ( 'NONE', #484, #1802, #848, .T. ) ;
#2248 = EDGE_LOOP ( 'NONE', ( #2518, #2238, #268, #1754 ) ) ;
#2249 = DIRECTION ( 'NONE',  ( 1.000000000000000000, 0.000000000000000000, 0.000000000000000000 ) ) ;
#2250 = ORIENTED_EDGE ( 'NONE', *, *, #14, .T. ) ;
#2251 = AXIS2_PLACEMENT_3D ( 'NONE', #1028, #2962, #491 ) ;
#2252 = CARTESIAN_POINT ( 'NONE',  ( 6.866666666666669805, -0.9977753031397190719, 0.000000000000000000 ) ) ;
#2253 = ORIENTED_EDGE ( 'NONE', *, *, #845, .F. ) ;
#2254 = EDGE_CURVE ( 'NONE', #590, #506, #1101, .T. ) ;
#2255 = CONICAL_SURFACE ( 'NONE', #878, 7.121320343559649935, 0.7853981633974532750 ) ;
#2256 = ORIENTED_EDGE ( 'NONE', *, *, #1469, .T. ) ;
#2257 = DIRECTION ( 'NONE',  ( -1.482365720594432179E-16, 0.7071067811865510144, -0.7071067811865441310 ) ) ;
#2258 = CARTESIAN_POINT ( 'NONE',  ( -2.740379024503995176, 6.295157644768259786, 3.753553390593205030 ) ) ;
#2259 = CARTESIAN_POINT ( 'NONE',  ( 0.000000000000000000, 0.000000000000000000, 0.000000000000000000 ) ) ;
#2260 = VECTOR ( 'NONE', #1645, 1000.000000000000000 ) ;
#2261 = VERTEX_POINT ( 'NONE', #628 ) ;
#2262 = CARTESIAN_POINT ( 'NONE',  ( 13.10000000000000142, -9.799999999999998934, 2.750000000000000000 ) ) ;
#2263 = CONICAL_SURFACE ( 'NONE', #2663, 1.300000000000000044, 0.7853981633974482790 ) ;
#2264 =( LENGTH_UNIT ( ) NAMED_UNIT ( * ) SI_UNIT ( .MILLI., .METRE. ) );
#2265 = CARTESIAN_POINT ( 'NONE',  ( -5.533288710217209250, -5.777777777777780344, 2.750000000000000000 ) ) ;
#2266 = ORIENTED_EDGE ( 'NONE', *, *, #1422, .T. ) ;
#2267 = CARTESIAN_POINT ( 'NONE',  ( -8.991594154102980241, 9.388888888888889284, 3.753553390593269867 ) ) ;
#2268 = FACE_OUTER_BOUND ( 'NONE', #2931, .T. ) ;
#2269 = EDGE_LOOP ( 'NONE', ( #1731, #1848, #1313, #2140 ) ) ;
#2270 = EDGE_CURVE ( 'NONE', #1008, #1510, #97, .T. ) ;
#2271 = AXIS2_PLACEMENT_3D ( 'NONE', #2267, #1075, #181 ) ;
#2272 = MECHANICAL_DESIGN_GEOMETRIC_PRESENTATION_REPRESENTATION (  '', ( #43 ), #3077 ) ;
#2273 = ORIENTED_EDGE ( 'NONE', *, *, #228, .T. ) ;
#2274 = EDGE_CURVE ( 'NONE', #2691, #1580, #3004, .T. ) ;
#2275 = AXIS2_PLACEMENT_3D ( 'NONE', #2517, #109, #602 ) ;
#2276 = DIRECTION ( 'NONE',  ( 1.000000000000000000, 0.000000000000000000, 0.000000000000000000 ) ) ;
#2277 = CARTESIAN_POINT ( 'NONE',  ( 2.000000000000002220, -9.000000000000000000, 0.000000000000000000 ) ) ;
#2278 = DIRECTION ( 'NONE',  ( 0.000000000000000000, 0.000000000000000000, 1.000000000000000000 ) ) ;
#2279 = VECTOR ( 'NONE', #583, 1000.000000000000000 ) ;
#2280 = ORIENTED_EDGE ( 'NONE', *, *, #2707, .F. ) ;
#2281 = DIRECTION ( 'NONE',  ( -0.04320987654321093580, 0.9990660171225526076, 0.000000000000000000 ) ) ;
#2282 = ADVANCED_FACE ( 'NONE', ( #2548 ), #748, .F. ) ;
#2283 = ORIENTED_EDGE ( 'NONE', *, *, #2486, .F. ) ;
#2284 = CARTESIAN_POINT ( 'NONE',  ( 2.100373237363834633, -6.519892691078509550, 3.399999999999999911 ) ) ;
#2285 = ADVANCED_FACE ( 'NONE', ( #828 ), #875, .T. ) ;
#2286 = CARTESIAN_POINT ( 'NONE',  ( 9.099999999999999645, -8.800000000000000711, 2.750000000000000000 ) ) ;
#2287 = AXIS2_PLACEMENT_3D ( 'NONE', #457, #1427, #2399 ) ;
#2288 = CARTESIAN_POINT ( 'NONE',  ( 5.100000000000000533, -9.799999999999998934, 2.449999999999999734 ) ) ;
#2289 = CARTESIAN_POINT ( 'NONE',  ( 7.000000000000000000, -2.721928133726600141, 0.000000000000000000 ) ) ;
#2290 = ORIENTED_EDGE ( 'NONE', *, *, #1724, .T. ) ;
#2291 = EDGE_CURVE ( 'NONE', #692, #2220, #1799, .T. ) ;
#2292 = ADVANCED_FACE ( 'NONE', ( #1354 ), #1000, .F. ) ;
#2293 = FACE_OUTER_BOUND ( 'NONE', #1819, .T. ) ;
#2294 = DIRECTION ( 'NONE',  ( 1.000000000000000000, 0.000000000000000000, 0.000000000000000000 ) ) ;
#2295 = LINE ( 'NONE', #3028, #1441 ) ;
#2296 = ORIENTED_EDGE ( 'NONE', *, *, #58, .F. ) ;
#2297 = DIRECTION ( 'NONE',  ( 1.000000000000000000, -4.336808689942020201E-16, 0.000000000000000000 ) ) ;
#2298 = VERTEX_POINT ( 'NONE', #1604 ) ;
#2299 = CARTESIAN_POINT ( 'NONE',  ( 2.423507581573649983, -6.138337720475200321, 3.899999999999999911 ) ) ;
#2300 = CARTESIAN_POINT ( 'NONE',  ( -3.922806269976999882, -4.096135965461081163, 3.899999999999999911 ) ) ;
#2301 = DIRECTION ( 'NONE',  ( -1.000000000000000000, 4.336808689942020201E-16, 0.000000000000000000 ) ) ;
#2302 = AXIS2_PLACEMENT_3D ( 'NONE', #381, #1317, #610 ) ;
#2303 = EDGE_LOOP ( 'NONE', ( #2156, #887, #1172, #337 ) ) ;
#2304 = CARTESIAN_POINT ( 'NONE',  ( 9.099999999999999645, -9.799999999999998934, 2.750000000000000000 ) ) ;
#2305 = DIRECTION ( 'NONE',  ( 1.000000000000000000, 0.000000000000000000, 0.000000000000000000 ) ) ;
#2306 = EDGE_CURVE ( 'NONE', #2430, #547, #2775, .T. ) ;
#2307 = ORIENTED_EDGE ( 'NONE', *, *, #2971, .F. ) ;
#2308 = ADVANCED_FACE ( 'NONE', ( #2768 ), #1546, .F. ) ;
#2309 = DIRECTION ( 'NONE',  ( 0.000000000000000000, 0.000000000000000000, 1.000000000000000000 ) ) ;
#2310 = LINE ( 'NONE', #130, #1625 ) ;
#2311 = DIRECTION ( 'NONE',  ( 1.000000000000000000, 0.000000000000000000, 0.000000000000000000 ) ) ;
#2312 = CIRCLE ( 'NONE', #1643, 3.700000000000001954 ) ;
#2313 = CARTESIAN_POINT ( 'NONE',  ( 10.10000000000000142, -9.799999999999998934, 2.449999999999999734 ) ) ;
#2314 = CARTESIAN_POINT ( 'NONE',  ( 2.423507581573624670, -6.138337720475210091, 3.899999999999999911 ) ) ;
#2315 = ORIENTED_EDGE ( 'NONE', *, *, #3105, .T. ) ;
#2316 = VERTEX_POINT ( 'NONE', #2324 ) ;
#2317 = COLOUR_RGB ( '',0.4980392156862745168, 0.4980392156862745168, 0.4980392156862745168 ) ;
#2318 = DIRECTION ( 'NONE',  ( 0.000000000000000000, 0.7071067811865510144, -0.7071067811865441310 ) ) ;
#2319 = FACE_OUTER_BOUND ( 'NONE', #1255, .T. ) ;
#2320 = ORIENTED_EDGE ( 'NONE', *, *, #1435, .F. ) ;
#2321 = CARTESIAN_POINT ( 'NONE',  ( 3.077167759549706894, -7.319890645993765155, 2.750000000000000000 ) ) ;
#2322 = ORIENTED_EDGE ( 'NONE', *, *, #2382, .T. ) ;
#2323 = CARTESIAN_POINT ( 'NONE',  ( 2.423507581573649983, -6.138337720475200321, 3.899999999999999911 ) ) ;
#2324 = CARTESIAN_POINT ( 'NONE',  ( 2.000000000000002220, -9.000000000000000000, 0.000000000000000000 ) ) ;
#2325 = VECTOR ( 'NONE', #497, 1000.000000000000000 ) ;
#2326 = DIRECTION ( 'NONE',  ( 0.000000000000000000, 0.000000000000000000, -1.000000000000000000 ) ) ;
#2327 = ORIENTED_EDGE ( 'NONE', *, *, #2789, .F. ) ;
#2328 = ORIENTED_EDGE ( 'NONE', *, *, #926, .T. ) ;
#2329 = CIRCLE ( 'NONE', #1517, 1.249999999999999112 ) ;
#2330 = PLANE ( 'NONE',  #2420 ) ;
#2331 = DIRECTION ( 'NONE',  ( 1.000000000000000000, 0.000000000000000000, 0.000000000000000000 ) ) ;
#2332 = DIRECTION ( 'NONE',  ( 0.000000000000000000, 0.000000000000000000, -1.000000000000000000 ) ) ;
#2333 = VERTEX_POINT ( 'NONE', #2784 ) ;
#2334 = CIRCLE ( 'NONE', #2738, 5.971320343559639809 ) ;
#2335 = CARTESIAN_POINT ( 'NONE',  ( 0.000000000000000000, 0.000000000000000000, 1.778679656440369961 ) ) ;
#2336 = ORIENTED_EDGE ( 'NONE', *, *, #1676, .F. ) ;
#2337 = CARTESIAN_POINT ( 'NONE',  ( -0.9793097202388150180, -13.50000000000000000, 1.778679656440369961 ) ) ;
#2338 = CARTESIAN_POINT ( 'NONE',  ( -8.991594154102980241, 9.388888888888889284, 3.899999999999999911 ) ) ;
#2339 = CARTESIAN_POINT ( 'NONE',  ( 5.100000000000000533, -9.799999999999998934, 2.750000000000000000 ) ) ;
#2340 = LINE ( 'NONE', #1816, #992 ) ;
#2341 = CONICAL_SURFACE ( 'NONE', #2494, 3.500000000000000000, 0.7853981633974490562 ) ;
#2342 = ORIENTED_EDGE ( 'NONE', *, *, #844, .T. ) ;
#2343 = VERTEX_POINT ( 'NONE', #617 ) ;
#2344 = CARTESIAN_POINT ( 'NONE',  ( 2.468563464311355204, 6.537409740394479307, 3.701146929667320062 ) ) ;
#2345 = VECTOR ( 'NONE', #2432, 1000.000000000000114 ) ;
#2346 = LINE ( 'NONE', #175, #771 ) ;
#2347 = CARTESIAN_POINT ( 'NONE',  ( -2.661071885803713233, -6.415431789413861274, 3.771284192739891239 ) ) ;
#2348 = ORIENTED_EDGE ( 'NONE', *, *, #782, .F. ) ;
#2349 = CARTESIAN_POINT ( 'NONE',  ( -2.423507581573644654, -6.138337720475200321, 3.899999999999999911 ) ) ;
#2350 = LINE ( 'NONE', #1401, #1359 ) ;
#2351 = CONICAL_SURFACE ( 'NONE', #728, 0.8335183661177661962, 0.7853981633974539411 ) ;
#2352 = DIRECTION ( 'NONE',  ( 0.000000000000000000, 0.000000000000000000, 1.000000000000000000 ) ) ;
#2353 = EDGE_CURVE ( 'NONE', #1972, #161, #1864, .T. ) ;
#2354 = LINE ( 'NONE', #1685, #958 ) ;
#2355 = CIRCLE ( 'NONE', #23, 1.300000000000000044 ) ;
#2356 = CARTESIAN_POINT ( 'NONE',  ( -2.520612139441565258, -6.948411726856530635, 2.750000000000000000 ) ) ;
#2357 = CIRCLE ( 'NONE', #1287, 2.000000000000000000 ) ;
#2358 = DIRECTION ( 'NONE',  ( -1.000000000000000000, 0.000000000000000000, 0.000000000000000000 ) ) ;
#2359 = CONICAL_SURFACE ( 'NONE', #2502, 5.878679656440350065, 0.7853981633974532750 ) ;
#2360 = VERTEX_POINT ( 'NONE', #2300 ) ;
#2361 = EDGE_CURVE ( 'NONE', #81, #737, #121, .T. ) ;
#2362 = VECTOR ( 'NONE', #1032, 1000.000000000000114 ) ;
#2363 = ORIENTED_EDGE ( 'NONE', *, *, #1047, .F. ) ;
#2364 = DIRECTION ( 'NONE',  ( 3.244920097310259983E-16, -1.000000000000000000, 0.000000000000000000 ) ) ;
#2365 = DIRECTION ( 'NONE',  ( -0.000000000000000000, -0.000000000000000000, 1.000000000000000000 ) ) ;
#2366 = DIRECTION ( 'NONE',  ( 1.000000000000000000, 0.000000000000000000, 0.000000000000000000 ) ) ;
#2367 = CIRCLE ( 'NONE', #2921, 1.950000000000000400 ) ;
#2368 = ORIENTED_EDGE ( 'NONE', *, *, #1044, .F. ) ;
#2369 = CIRCLE ( 'NONE', #600, 1.000000000000000000 ) ;
#2370 = FACE_OUTER_BOUND ( 'NONE', #351, .T. ) ;
#2371 = FACE_OUTER_BOUND ( 'NONE', #1499, .T. ) ;
#2372 = CARTESIAN_POINT ( 'NONE',  ( 5.100000000000000533, -11.09999999999999964, 2.750000000000000000 ) ) ;
#2373 = DIRECTION ( 'NONE',  ( 0.000000000000000000, 0.000000000000000000, -1.000000000000000000 ) ) ;
#2374 = EDGE_CURVE ( 'NONE', #2947, #770, #389, .T. ) ;
#2375 = CARTESIAN_POINT ( 'NONE',  ( -9.540979117872440597E-15, 0.000000000000000000, 3.299999999999999822 ) ) ;
#2376 = AXIS2_PLACEMENT_3D ( 'NONE', #375, #361, #150 ) ;
#2377 = AXIS2_PLACEMENT_3D ( 'NONE', #386, #1837, #2794 ) ;
#2378 = EDGE_CURVE ( 'NONE', #2098, #706, #1116, .T. ) ;
#2379 = ORIENTED_EDGE ( 'NONE', *, *, #1884, .T. ) ;
#2380 = VERTEX_POINT ( 'NONE', #2062 ) ;
#2381 = DIRECTION ( 'NONE',  ( 2.348321776829905004E-16, -0.7071067811865441310, -0.7071067811865510144 ) ) ;
#2382 = EDGE_CURVE ( 'NONE', #2193, #1176, #546, .T. ) ;
#2383 = AXIS2_PLACEMENT_3D ( 'NONE', #1062, #252, #2029 ) ;
#2384 = CARTESIAN_POINT ( 'NONE',  ( -3.367250037115409829E-15, 9.000000000000000000, 3.899999999999999911 ) ) ;
#2385 = DIRECTION ( 'NONE',  ( 1.000000000000000000, 0.000000000000000000, 0.000000000000000000 ) ) ;
#2386 = CIRCLE ( 'NONE', #1820, 5.671572875253799495 ) ;
#2387 = ORIENTED_EDGE ( 'NONE', *, *, #3024, .T. ) ;
#2388 = ADVANCED_FACE ( 'NONE', ( #344 ), #1307, .F. ) ;
#2389 = DIRECTION ( 'NONE',  ( 0.000000000000000000, 0.000000000000000000, -1.000000000000000000 ) ) ;
#2390 = DIRECTION ( 'NONE',  ( 0.000000000000000000, 0.000000000000000000, 1.000000000000000000 ) ) ;
#2391 = CARTESIAN_POINT ( 'NONE',  ( -2.805417647185305174, -7.208510061407366720, 2.749999999999999556 ) ) ;
#2392 = CARTESIAN_POINT ( 'NONE',  ( -3.367250037115409829E-15, 9.000000000000000000, 3.399999999999999911 ) ) ;
#2393 = FACE_BOUND ( 'NONE', #345, .T. ) ;
#2394 = B_SPLINE_CURVE_WITH_KNOTS ( 'NONE', 3,
 ( #1570, #1316, #835, #2049 ),
 .UNSPECIFIED., .F., .F.,
 ( 4, 4 ),
 ( 0.000000000000000000, 0.0008885483478369759830 ),
 .UNSPECIFIED. ) ;
#2395 = ORIENTED_EDGE ( 'NONE', *, *, #2749, .F. ) ;
#2396 = EDGE_LOOP ( 'NONE', ( #776, #2924, #82, #1945 ) ) ;
#2397 = CARTESIAN_POINT ( 'NONE',  ( -1.700000000000003286, 9.000000000000000000, 2.750000000000000000 ) ) ;
#2398 = DIRECTION ( 'NONE',  ( -0.7071067811865470176, 0.000000000000000000, -0.7071067811865480168 ) ) ;
#2399 = DIRECTION ( 'NONE',  ( 1.000000000000000000, 1.040834085586084257E-15, 0.000000000000000000 ) ) ;
#2400 = ORIENTED_EDGE ( 'NONE', *, *, #2374, .F. ) ;
#2401 = CARTESIAN_POINT ( 'NONE',  ( -8.000000000000000000, 0.000000000000000000, 1.778679656440369961 ) ) ;
#2402 = DIRECTION ( 'NONE',  ( 0.000000000000000000, 0.000000000000000000, -1.000000000000000000 ) ) ;
#2403 = CARTESIAN_POINT ( 'NONE',  ( -3.361145778192735634, -7.257466403869752725, 2.750000000000000000 ) ) ;
#2404 = LINE ( 'NONE', #1449, #473 ) ;
#2405 = EDGE_CURVE ( 'NONE', #2188, #1552, #1353, .T. ) ;
#2406 = DIRECTION ( 'NONE',  ( 0.7064463555603958111, 0.03055399671793784452, -0.7071067811865439090 ) ) ;
#2407 = AXIS2_PLACEMENT_3D ( 'NONE', #2067, #623, #1095 ) ;
#2408 = ORIENTED_EDGE ( 'NONE', *, *, #2154, .T. ) ;
#2409 = CARTESIAN_POINT ( 'NONE',  ( 7.876547467006089320, -4.850000000000000533, 3.899999999999999911 ) ) ;
#2410 = VERTEX_POINT ( 'NONE', #1337 ) ;
#2411 = DIRECTION ( 'NONE',  ( 0.000000000000000000, 0.000000000000000000, 1.000000000000000000 ) ) ;
#2412 = DIRECTION ( 'NONE',  ( 0.000000000000000000, 0.000000000000000000, 1.000000000000000000 ) ) ;
#2413 = FACE_OUTER_BOUND ( 'NONE', #2015, .T. ) ;
#2414 = ADVANCED_FACE ( 'NONE', ( #183 ), #141, .F. ) ;
#2415 = EDGE_LOOP ( 'NONE', ( #1155, #2107, #1017, #639 ) ) ;
#2416 = CARTESIAN_POINT ( 'NONE',  ( 2.100373237363764911, 6.519892691078480240, 3.400000000000034994 ) ) ;
#2417 = FACE_OUTER_BOUND ( 'NONE', #1793, .T. ) ;
#2418 = CARTESIAN_POINT ( 'NONE',  ( -3.476242029407015099, -7.100317809367650668, 2.750000000000000000 ) ) ;
#2419 = CARTESIAN_POINT ( 'NONE',  ( -2.100373237363466039, -6.519892691078205793, 3.400000000000506173 ) ) ;
#2420 = AXIS2_PLACEMENT_3D ( 'NONE', #380, #158, #899 ) ;
#2421 = CARTESIAN_POINT ( 'NONE',  ( 2.143660559047679726E-15, -9.000000000000000000, 3.399999999999999911 ) ) ;
#2422 = ORIENTED_EDGE ( 'NONE', *, *, #2546, .T. ) ;
#2423 = DIRECTION ( 'NONE',  ( -0.6390115233556831198, 0.6672463290359291754, -0.3826834323650891156 ) ) ;
#2424 = ORIENTED_EDGE ( 'NONE', *, *, #2630, .F. ) ;
#2425 = AXIS2_PLACEMENT_3D ( 'NONE', #2970, #1511, #1036 ) ;
#2426 = FACE_OUTER_BOUND ( 'NONE', #2735, .T. ) ;
#2427 = B_SPLINE_CURVE_WITH_KNOTS ( 'NONE', 3,
 ( #1700, #1168, #2164, #477, #715, #2860 ),
 .UNSPECIFIED., .F., .F.,
 ( 4, 2, 4 ),
 ( 0.000000000000000000, 0.5000000000000000000, 1.000000000000000000 ),
 .UNSPECIFIED. ) ;
#2428 = PLANE ( 'NONE',  #1438 ) ;
#2429 = DIRECTION ( 'NONE',  ( -5.136940424221711141E-16, -1.000000000000000000, 7.338486320316729850E-17 ) ) ;
#2430 = VERTEX_POINT ( 'NONE', #1183 ) ;
#2431 = CARTESIAN_POINT ( 'NONE',  ( 8.991594154102969583, 9.388888888888889284, 3.899999999999999911 ) ) ;
#2432 = DIRECTION ( 'NONE',  ( 0.4890782461571969164, -0.5106882308569538065, -0.7071067811865439090 ) ) ;
#2433 = CARTESIAN_POINT ( 'NONE',  ( 7.000000000000000000, -1.496662954709579996, 2.620467589171044942 ) ) ;
#2434 = DIRECTION ( 'NONE',  ( 1.000000000000000000, 0.000000000000000000, 0.000000000000000000 ) ) ;
#2435 = ORIENTED_EDGE ( 'NONE', *, *, #1647, .F. ) ;
#2436 = CARTESIAN_POINT ( 'NONE',  ( 7.000000000000000000, 2.271444068117179671E-15, 2.750000000000000000 ) ) ;
#2437 = ORIENTED_EDGE ( 'NONE', *, *, #1066, .F. ) ;
#2438 = EDGE_CURVE ( 'NONE', #1934, #1279, #3133, .T. ) ;
#2439 = DIRECTION ( 'NONE',  ( 0.000000000000000000, 0.000000000000000000, -1.000000000000000000 ) ) ;
#2440 = DIRECTION ( 'NONE',  ( -0.6390115233556828978, 0.6672463290359289534, 0.3826834323650898928 ) ) ;
#2441 = ORIENTED_EDGE ( 'NONE', *, *, #1913, .F. ) ;
#2442 = ORIENTED_EDGE ( 'NONE', *, *, #1351, .F. ) ;
#2443 = CARTESIAN_POINT ( 'NONE',  ( 6.701237973604870390, -4.424385626745319655, 1.778679656440369961 ) ) ;
#2444 = CARTESIAN_POINT ( 'NONE',  ( 9.099999999999999645, -9.799999999999998934, 0.000000000000000000 ) ) ;
#2445 = CARTESIAN_POINT ( 'NONE',  ( -8.991594154102969583, -9.388888888888889284, 2.750000000000000000 ) ) ;
#2446 = EDGE_CURVE ( 'NONE', #1710, #2531, #1149, .T. ) ;
#2447 = ORIENTED_EDGE ( 'NONE', *, *, #2834, .F. ) ;
#2448 = DIRECTION ( 'NONE',  ( 0.000000000000000000, 0.000000000000000000, -1.000000000000000000 ) ) ;
#2449 = AXIS2_PLACEMENT_3D ( 'NONE', #409, #1885, #1899 ) ;
#2450 = EDGE_CURVE ( 'NONE', #1593, #495, #925, .T. ) ;
#2451 = ORIENTED_EDGE ( 'NONE', *, *, #784, .F. ) ;
#2452 = CARTESIAN_POINT ( 'NONE',  ( 13.10000000000000142, -9.799999999999998934, 0.000000000000000000 ) ) ;
#2453 = ORIENTED_EDGE ( 'NONE', *, *, #606, .T. ) ;
#2454 = CIRCLE ( 'NONE', #2862, 5.671572875253810153 ) ;
#2455 = DIRECTION ( 'NONE',  ( -3.066586833366750248E-16, 0.7071067811865475727, 0.7071067811865475727 ) ) ;
#2456 = AXIS2_PLACEMENT_3D ( 'NONE', #46, #1007, #957 ) ;
#2457 = ORIENTED_EDGE ( 'NONE', *, *, #2866, .F. ) ;
#2458 = ORIENTED_EDGE ( 'NONE', *, *, #2184, .T. ) ;
#2459 = CARTESIAN_POINT ( 'NONE',  ( 6.701237973604870390, -4.424385626745319655, 0.000000000000000000 ) ) ;
#2460 = CARTESIAN_POINT ( 'NONE',  ( 9.099999999999999645, -8.500000000000000000, 0.000000000000000000 ) ) ;
#2461 = DIRECTION ( 'NONE',  ( -1.000000000000000000, 0.000000000000000000, 0.000000000000000000 ) ) ;
#2462 = EDGE_CURVE ( 'NONE', #2497, #2298, #2641, .T. ) ;
#2463 = ORIENTED_EDGE ( 'NONE', *, *, #163, .T. ) ;
#2464 = CARTESIAN_POINT ( 'NONE',  ( 6.731329264673192370, -4.341290265583407582, 1.778679656440369961 ) ) ;
#2465 = AXIS2_PLACEMENT_3D ( 'NONE', #3078, #1851, #394 ) ;
#2466 = VERTEX_POINT ( 'NONE', #242 ) ;
#2467 = CARTESIAN_POINT ( 'NONE',  ( 1.700000000000002176, -9.000000000000000000, 2.750000000000000000 ) ) ;
#2468 = ORIENTED_EDGE ( 'NONE', *, *, #927, .T. ) ;
#2469 = AXIS2_PLACEMENT_3D ( 'NONE', #2338, #403, #580 ) ;
#2470 = DIRECTION ( 'NONE',  ( 0.000000000000000000, 0.000000000000000000, 1.000000000000000000 ) ) ;
#2471 = VERTEX_POINT ( 'NONE', #1387 ) ;
#2472 = ADVANCED_FACE ( 'NONE', ( #3090 ), #1659, .F. ) ;
#2473 = AXIS2_PLACEMENT_3D ( 'NONE', #2513, #625, #1112 ) ;
#2474 = ORIENTED_EDGE ( 'NONE', *, *, #502, .F. ) ;
#2475 = DIRECTION ( 'NONE',  ( 0.000000000000000000, 0.000000000000000000, 1.000000000000000000 ) ) ;
#2476 = DIRECTION ( 'NONE',  ( 0.000000000000000000, -0.7071067811865474617, 0.7071067811865474617 ) ) ;
#2477 = CARTESIAN_POINT ( 'NONE',  ( 7.876547467006089320, -4.850000000000000533, 1.778679656440369961 ) ) ;
#2478 = EDGE_CURVE ( 'NONE', #137, #1838, #2071, .T. ) ;
#2479 = ORIENTED_EDGE ( 'NONE', *, *, #455, .F. ) ;
#2480 = ADVANCED_FACE ( 'NONE', ( #1637 ), #2863, .F. ) ;
#2481 = DIRECTION ( 'NONE',  ( -0.000000000000000000, -0.000000000000000000, -1.000000000000000000 ) ) ;
#2482 = AXIS2_PLACEMENT_3D ( 'NONE', #2392, #1432, #1180 ) ;
#2483 = ORIENTED_EDGE ( 'NONE', *, *, #2726, .F. ) ;
#2484 = CARTESIAN_POINT ( 'NONE',  ( 2.250119524841259100, 6.646711032156249033, 3.180237854316008139 ) ) ;
#2485 = ORIENTED_EDGE ( 'NONE', *, *, #2710, .T. ) ;
#2486 = EDGE_CURVE ( 'NONE', #2722, #2242, #1420, .T. ) ;
#2487 = FACE_OUTER_BOUND ( 'NONE', #1831, .T. ) ;
#2488 = EDGE_LOOP ( 'NONE', ( #1628, #1764, #2273, #1927 ) ) ;
#2489 = VERTEX_POINT ( 'NONE', #2185 ) ;
#2490 = CARTESIAN_POINT ( 'NONE',  ( 0.000000000000000000, 0.000000000000000000, 0.000000000000000000 ) ) ;
#2491 = CARTESIAN_POINT ( 'NONE',  ( 9.099999999999999645, -9.799999999999998934, 2.750000000000000000 ) ) ;
#2492 = FACE_OUTER_BOUND ( 'NONE', #660, .T. ) ;
#2493 = ORIENTED_EDGE ( 'NONE', *, *, #1056, .F. ) ;
#2494 = AXIS2_PLACEMENT_3D ( 'NONE', #1235, #538, #789 ) ;
#2495 = DIRECTION ( 'NONE',  ( -0.000000000000000000, -0.000000000000000000, -1.000000000000000000 ) ) ;
#2496 = ADVANCED_FACE ( 'NONE', ( #2393, #658, #2605, #213, #434, #2152 ), #1450, .F. ) ;
#2497 = VERTEX_POINT ( 'NONE', #940 ) ;
#2498 = CARTESIAN_POINT ( 'NONE',  ( 5.495797077051489232, 5.814059830587179789, 0.000000000000000000 ) ) ;
#2499 = CYLINDRICAL_SURFACE ( 'NONE', #2383, 1.000000000000000000 ) ;
#2500 = EDGE_LOOP ( 'NONE', ( #935, #2642, #2695, #896 ) ) ;
#2501 = EDGE_CURVE ( 'NONE', #1838, #571, #1925, .T. ) ;
#2502 = AXIS2_PLACEMENT_3D ( 'NONE', #31, #2012, #2979 ) ;
#2503 = DIRECTION ( 'NONE',  ( 1.000000000000000000, 0.000000000000000000, 0.000000000000000000 ) ) ;
#2504 = VERTEX_POINT ( 'NONE', #1670 ) ;
#2505 = EDGE_CURVE ( 'NONE', #282, #1472, #1771, .T. ) ;
#2506 = AXIS2_PLACEMENT_3D ( 'NONE', #2745, #1835, #1330 ) ;
#2507 = VERTEX_POINT ( 'NONE', #1687 ) ;
#2508 = CARTESIAN_POINT ( 'NONE',  ( 0.000000000000000000, 0.000000000000000000, 0.000000000000000000 ) ) ;
#2509 = EDGE_CURVE ( 'NONE', #877, #2188, #1356, .T. ) ;
#2510 = CARTESIAN_POINT ( 'NONE',  ( -3.922806269977005211, 4.096135965461081163, 3.899999999999999911 ) ) ;
#2511 = DIRECTION ( 'NONE',  ( 1.000000000000000000, 0.000000000000000000, 0.000000000000000000 ) ) ;
#2512 = EDGE_LOOP ( 'NONE', ( #2945, #2178, #305, #1186 ) ) ;
#2513 = CARTESIAN_POINT ( 'NONE',  ( 8.991594154102969583, 9.388888888888889284, 3.753553390593269867 ) ) ;
#2514 = ORIENTED_EDGE ( 'NONE', *, *, #1553, .F. ) ;
#2515 = CONICAL_SURFACE ( 'NONE', #2212, 1.000000000000000000, 0.7853981633974482790 ) ;
#2516 = CARTESIAN_POINT ( 'NONE',  ( -8.991594154102980241, 9.388888888888889284, 2.750000000000000000 ) ) ;
#2517 = CARTESIAN_POINT ( 'NONE',  ( 13.10000000000000142, -13.50000000000000000, 1.778679656440369961 ) ) ;
#2518 = ORIENTED_EDGE ( 'NONE', *, *, #1982, .F. ) ;
#2519 = DIRECTION ( 'NONE',  ( 0.000000000000000000, 0.000000000000000000, 1.000000000000000000 ) ) ;
#2520 = EDGE_CURVE ( 'NONE', #178, #331, #2588, .T. ) ;
#2521 = DIRECTION ( 'NONE',  ( 1.000000000000000000, 0.000000000000000000, 0.000000000000000000 ) ) ;
#2522 = VECTOR ( 'NONE', #2826, 1000.000000000000114 ) ;
#2523 = VECTOR ( 'NONE', #1131, 999.9999999999998863 ) ;
#2524 = EDGE_CURVE ( 'NONE', #208, #913, #2755, .T. ) ;
#2525 = ORIENTED_EDGE ( 'NONE', *, *, #358, .F. ) ;
#2526 = VECTOR ( 'NONE', #2073, 1000.000000000000000 ) ;
#2527 = CARTESIAN_POINT ( 'NONE',  ( 0.000000000000000000, 0.000000000000000000, 3.899999999999999911 ) ) ;
#2528 = CARTESIAN_POINT ( 'NONE',  ( -5.533288710217219908, 5.777777777777780344, 1.778679656440369961 ) ) ;
#2529 = DIRECTION ( 'NONE',  ( 0.000000000000000000, 0.000000000000000000, 1.000000000000000000 ) ) ;
#2530 = VECTOR ( 'NONE', #577, 1000.000000000000000 ) ;
#2531 = VERTEX_POINT ( 'NONE', #734 ) ;
#2532 = CARTESIAN_POINT ( 'NONE',  ( 3.361690436066461452, -7.256997100616014329, 2.749999999999999112 ) ) ;
#2533 = ORIENTED_EDGE ( 'NONE', *, *, #620, .T. ) ;
#2534 = DIRECTION ( 'NONE',  ( 1.000000000000000000, 0.000000000000000000, 0.000000000000000000 ) ) ;
#2535 = CARTESIAN_POINT ( 'NONE',  ( 0.000000000000000000, 0.000000000000000000, 0.000000000000000000 ) ) ;
#2536 = AXIS2_PLACEMENT_3D ( 'NONE', #2694, #1292, #327 ) ;
#2537 = DIRECTION ( 'NONE',  ( -0.000000000000000000, -0.000000000000000000, -1.000000000000000000 ) ) ;
#2538 = EDGE_CURVE ( 'NONE', #398, #1789, #1257, .T. ) ;
#2539 = ORIENTED_EDGE ( 'NONE', *, *, #1553, .T. ) ;
#2540 = EDGE_CURVE ( 'NONE', #2333, #269, #1157, .T. ) ;
#2541 = CARTESIAN_POINT ( 'NONE',  ( -9.540979117872440597E-15, 0.000000000000000000, 3.299999999999999822 ) ) ;
#2542 = CYLINDRICAL_SURFACE ( 'NONE', #2506, 2.000000000000000000 ) ;
#2543 = VERTEX_POINT ( 'NONE', #291 ) ;
#2544 = CARTESIAN_POINT ( 'NONE',  ( 2.520612139441570143, -6.948411726856530635, 2.750000000000000000 ) ) ;
#2545 = CARTESIAN_POINT ( 'NONE',  ( 0.000000000000000000, 0.000000000000000000, 2.750000000000000000 ) ) ;
#2546 = EDGE_CURVE ( 'NONE', #1530, #2507, #1712, .T. ) ;
#2547 = FACE_OUTER_BOUND ( 'NONE', #2959, .T. ) ;
#2548 = FACE_OUTER_BOUND ( 'NONE', #65, .T. ) ;
#2549 = LINE ( 'NONE', #377, #2523 ) ;
#2550 = VECTOR ( 'NONE', #2855, 999.9999999999998863 ) ;
#2551 = ORIENTED_EDGE ( 'NONE', *, *, #29, .T. ) ;
#2552 = DIRECTION ( 'NONE',  ( 0.000000000000000000, 0.000000000000000000, 1.000000000000000000 ) ) ;
#2553 = DIRECTION ( 'NONE',  ( 0.000000000000000000, 0.000000000000000000, -1.000000000000000000 ) ) ;
#2554 = ORIENTED_EDGE ( 'NONE', *, *, #2505, .T. ) ;
#2555 = CARTESIAN_POINT ( 'NONE',  ( 2.582313645417035008, -7.024219123018572652, 2.750000000000000000 ) ) ;
#2556 = ORIENTED_EDGE ( 'NONE', *, *, #1383, .F. ) ;
#2557 = FACE_OUTER_BOUND ( 'NONE', #164, .T. ) ;
#2558 = EDGE_CURVE ( 'NONE', #1489, #1872, #8, .T. ) ;
#2559 = DIRECTION ( 'NONE',  ( -1.000000000000000000, 0.000000000000000000, 0.000000000000000000 ) ) ;
#2560 = AXIS2_PLACEMENT_3D ( 'NONE', #2259, #86, #2018 ) ;
#2561 = CARTESIAN_POINT ( 'NONE',  ( 2.582368212670303809, 7.024286165164804530, 2.750000000000000444 ) ) ;
#2562 = ORIENTED_EDGE ( 'NONE', *, *, #1352, .T. ) ;
#2563 = ORIENTED_EDGE ( 'NONE', *, *, #3055, .T. ) ;
#2564 = AXIS2_PLACEMENT_3D ( 'NONE', #2628, #1753, #470 ) ;
#2565 = CARTESIAN_POINT ( 'NONE',  ( 8.599999999999999645, 0.000000000000000000, 2.750000000000000000 ) ) ;
#2566 = CARTESIAN_POINT ( 'NONE',  ( 3.284674509165657064, -6.812092363953854424, 3.036462222615014639 ) ) ;
#2567 = FACE_OUTER_BOUND ( 'NONE', #1780, .T. ) ;
#2568 = ORIENTED_EDGE ( 'NONE', *, *, #2446, .T. ) ;
#2569 = CARTESIAN_POINT ( 'NONE',  ( 2.892814029592905456, -7.259150304576601265, 2.750000000000000444 ) ) ;
#2570 = VERTEX_POINT ( 'NONE', #2687 ) ;
#2571 = CARTESIAN_POINT ( 'NONE',  ( 5.985051777765679759, -3.685307711755214655, 2.750000000000000000 ) ) ;
#2572 = AXIS2_PLACEMENT_3D ( 'NONE', #2087, #3051, #134 ) ;
#2573 = CARTESIAN_POINT ( 'NONE',  ( 2.138853708999944647, -6.552481342581850221, 3.451953791601090060 ) ) ;
#2574 = ADVANCED_FACE ( 'NONE', ( #530 ), #1607, .F. ) ;
#2575 = CARTESIAN_POINT ( 'NONE',  ( 2.143660559047679726E-15, -9.000000000000000000, 0.3000000000000094813 ) ) ;
#2576 = DIRECTION ( 'NONE',  ( 0.000000000000000000, 0.000000000000000000, -1.000000000000000000 ) ) ;
#2577 = ORIENTED_EDGE ( 'NONE', *, *, #2749, .T. ) ;
#2578 = ORIENTED_EDGE ( 'NONE', *, *, #2382, .F. ) ;
#2579 = CARTESIAN_POINT ( 'NONE',  ( 2.423507581573644654, 6.138337720475210091, 3.899999999999999911 ) ) ;
#2580 = EDGE_CURVE ( 'NONE', #2497, #2188, #139, .T. ) ;
#2581 = CARTESIAN_POINT ( 'NONE',  ( 8.991594154102980241, -9.388888888888889284, 3.899999999999999911 ) ) ;
#2582 = DIRECTION ( 'NONE',  ( 1.000000000000000000, 0.000000000000000000, 0.000000000000000000 ) ) ;
#2583 = ORIENTED_EDGE ( 'NONE', *, *, #2184, .F. ) ;
#2584 = LINE ( 'NONE', #1382, #1661 ) ;
#2585 = DIRECTION ( 'NONE',  ( 1.000000000000000000, 0.000000000000000000, 0.000000000000000000 ) ) ;
#2586 = CARTESIAN_POINT ( 'NONE',  ( 7.000000000000000000, -2.721928133726620125, 2.268094275448299779 ) ) ;
#2587 = FACE_OUTER_BOUND ( 'NONE', #2303, .T. ) ;
#2588 = LINE ( 'NONE', #2243, #649 ) ;
#2589 = EDGE_CURVE ( 'NONE', #269, #1514, #1736, .T. ) ;
#2590 = CARTESIAN_POINT ( 'NONE',  ( 2.520612139441565258, 6.948411726856530635, 2.750000000000000000 ) ) ;
#2591 = AXIS2_PLACEMENT_3D ( 'NONE', #301, #2684, #1952 ) ;
#2592 = ORIENTED_EDGE ( 'NONE', *, *, #2558, .F. ) ;
#2593 = EDGE_CURVE ( 'NONE', #2261, #2343, #1206, .T. ) ;
#2594 = ORIENTED_EDGE ( 'NONE', *, *, #2630, .T. ) ;
#2595 = FACE_OUTER_BOUND ( 'NONE', #2908, .T. ) ;
#2596 = DIRECTION ( 'NONE',  ( 1.000000000000000000, 0.000000000000000000, 0.000000000000000000 ) ) ;
#2597 = EDGE_CURVE ( 'NONE', #2105, #2720, #1478, .T. ) ;
#2598 = FACE_OUTER_BOUND ( 'NONE', #1349, .T. ) ;
#2599 = EDGE_LOOP ( 'NONE', ( #1829, #1909, #328, #2556 ) ) ;
#2600 = DIRECTION ( 'NONE',  ( 1.000000000000000000, 0.000000000000000000, 0.000000000000000000 ) ) ;
#2601 = DIRECTION ( 'NONE',  ( 0.7071067811865465735, 8.659560562354920532E-17, -0.7071067811865485719 ) ) ;
#2602 = CARTESIAN_POINT ( 'NONE',  ( -4.100000000000000533, 0.000000000000000000, 0.2999999999999964917 ) ) ;
#2603 = LINE ( 'NONE', #433, #1262 ) ;
#2604 = CIRCLE ( 'NONE', #3009, 3.500000000000000000 ) ;
#2605 = FACE_BOUND ( 'NONE', #1226, .T. ) ;
#2606 = B_SPLINE_CURVE_WITH_KNOTS ( 'NONE', 1,
 ( #846, #2314 ),
 .UNSPECIFIED., .F., .F.,
 ( 2, 2 ),
 ( 0.000000000000000000, 1.000000000000000000 ),
 .UNSPECIFIED. ) ;
#2607 = VECTOR ( 'NONE', #1260, 1000.000000000000000 ) ;
#2608 = ORIENTED_EDGE ( 'NONE', *, *, #802, .F. ) ;
#2609 = EDGE_CURVE ( 'NONE', #63, #788, #1562, .T. ) ;
#2610 = CIRCLE ( 'NONE', #3018, 3.500000000000000000 ) ;
#2611 = ORIENTED_EDGE ( 'NONE', *, *, #2044, .T. ) ;
#2612 = EDGE_CURVE ( 'NONE', #2504, #529, #260, .T. ) ;
#2613 = EDGE_CURVE ( 'NONE', #1293, #590, #1765, .T. ) ;
#2614 = CARTESIAN_POINT ( 'NONE',  ( 2.423507581573644654, 6.138337720475210091, 3.899999999999999911 ) ) ;
#2615 = CARTESIAN_POINT ( 'NONE',  ( -3.931388661155775122, -10.67283950617284027, 1.778679656440369961 ) ) ;
#2616 = FACE_BOUND ( 'NONE', #2886, .T. ) ;
#2617 = AXIS2_PLACEMENT_3D ( 'NONE', #946, #1693, #1992 ) ;
#2618 = ORIENTED_EDGE ( 'NONE', *, *, #336, .F. ) ;
#2619 = CARTESIAN_POINT ( 'NONE',  ( -2.423507581573644654, -6.138337720475200321, 3.899999999999999911 ) ) ;
#2620 = CARTESIAN_POINT ( 'NONE',  ( 0.000000000000000000, 0.000000000000000000, 2.750000000000000000 ) ) ;
#2621 = CARTESIAN_POINT ( 'NONE',  ( -3.996264068490210430, -9.172839506172840274, 1.778679656440369961 ) ) ;
#2622 = CARTESIAN_POINT ( 'NONE',  ( -2.344088795227246891, -6.726292484113264081, 3.042332005817799612 ) ) ;
#2623 = DIRECTION ( 'NONE',  ( 1.000000000000000000, 0.000000000000000000, 0.000000000000000000 ) ) ;
#2624 = VECTOR ( 'NONE', #1130, 1000.000000000000000 ) ;
#2625 = VECTOR ( 'NONE', #823, 1000.000000000000000 ) ;
#2626 = ORIENTED_EDGE ( 'NONE', *, *, #1458, .T. ) ;
#2627 = ORIENTED_EDGE ( 'NONE', *, *, #41, .T. ) ;
#2628 = CARTESIAN_POINT ( 'NONE',  ( 1.663346242893055060E-15, -13.50000000000000000, 2.750000000000000000 ) ) ;
#2629 = ADVANCED_FACE ( 'NONE', ( #1958 ), #48, .F. ) ;
#2630 = EDGE_CURVE ( 'NONE', #2466, #2543, #2151, .T. ) ;
#2631 = DIRECTION ( 'NONE',  ( 1.000000000000000000, 0.000000000000000000, 0.000000000000000000 ) ) ;
#2632 = DIRECTION ( 'NONE',  ( 1.000000000000000000, 0.000000000000000000, 0.000000000000000000 ) ) ;
#2633 = CIRCLE ( 'NONE', #707, 4.100000000000000533 ) ;
#2634 = ORIENTED_EDGE ( 'NONE', *, *, #990, .F. ) ;
#2635 = CIRCLE ( 'NONE', #2981, 1.650000000000000355 ) ;
#2636 = CARTESIAN_POINT ( 'NONE',  ( -2.423507581573644654, -6.138337720475200321, 3.899999999999999911 ) ) ;
#2637 = CARTESIAN_POINT ( 'NONE',  ( -9.540979117872440597E-15, 0.000000000000000000, 3.899999999999999911 ) ) ;
#2638 = CARTESIAN_POINT ( 'NONE',  ( 1.699999999999996403, 9.000000000000000000, 0.2999999999999999889 ) ) ;
#2639 = CARTESIAN_POINT ( 'NONE',  ( 6.999999999999999112, 2.560387254996021156, 2.331397194194556377 ) ) ;
#2640 = CARTESIAN_POINT ( 'NONE',  ( -2.740379024503535099, -6.295157644767879646, 3.753553390593779682 ) ) ;
#2641 = B_SPLINE_CURVE_WITH_KNOTS ( 'NONE', 1,
 ( #1170, #2640 ),
 .UNSPECIFIED., .F., .F.,
 ( 2, 2 ),
 ( 0.000000000000000000, 1.000000000000000000 ),
 .UNSPECIFIED. ) ;
#2642 = ORIENTED_EDGE ( 'NONE', *, *, #2520, .T. ) ;
#2643 = DIRECTION ( 'NONE',  ( 1.000000000000000000, 0.000000000000000000, 0.000000000000000000 ) ) ;
#2644 = ORIENTED_EDGE ( 'NONE', *, *, #478, .F. ) ;
#2645 = CIRCLE ( 'NONE', #3050, 3.500000000000000000 ) ;
#2646 = CARTESIAN_POINT ( 'NONE',  ( 2.740379024503995176, -6.295157644768250016, 3.753553390593205030 ) ) ;
#2647 = DIRECTION ( 'NONE',  ( 1.000000000000000000, 0.000000000000000000, 0.000000000000000000 ) ) ;
#2648 = CARTESIAN_POINT ( 'NONE',  ( -3.996264068490214427, 9.172839506172840274, 2.750000000000000000 ) ) ;
#2649 = ORIENTED_EDGE ( 'NONE', *, *, #2710, .F. ) ;
#2650 = CARTESIAN_POINT ( 'NONE',  ( -2.740379024503389882, -6.295157644769080463, 3.753553390593395100 ) ) ;
#2651 = CARTESIAN_POINT ( 'NONE',  ( 8.991594154102980241, -9.388888888888889284, 2.750000000000000000 ) ) ;
#2652 = CARTESIAN_POINT ( 'NONE',  ( -3.077008613833400741, -7.319976108315342067, 2.749999999999999556 ) ) ;
#2653 = CARTESIAN_POINT ( 'NONE',  ( 11.15000000000000036, -9.799999999999998934, 0.000000000000000000 ) ) ;
#2654 = DIRECTION ( 'NONE',  ( 1.000000000000000000, 0.000000000000000000, 0.000000000000000000 ) ) ;
#2655 = AXIS2_PLACEMENT_3D ( 'NONE', #281, #1263, #2236 ) ;
#2656 = ORIENTED_EDGE ( 'NONE', *, *, #368, .F. ) ;
#2657 = CARTESIAN_POINT ( 'NONE',  ( 3.013684782010086050, 6.521361995896226560, 3.408269927872313865 ) ) ;
#2658 = AXIS2_PLACEMENT_3D ( 'NONE', #2142, #901, #1426 ) ;
#2659 = ORIENTED_EDGE ( 'NONE', *, *, #1941, .T. ) ;
#2660 = PLANE ( 'NONE',  #2564 ) ;
#2661 = CARTESIAN_POINT ( 'NONE',  ( -5.533288710217209250, -5.777777777777780344, 1.778679656440369961 ) ) ;
#2662 = DIRECTION ( 'NONE',  ( 0.000000000000000000, 0.000000000000000000, -1.000000000000000000 ) ) ;
#2663 = AXIS2_PLACEMENT_3D ( 'NONE', #2111, #2332, #397 ) ;
#2664 = ORIENTED_EDGE ( 'NONE', *, *, #980, .F. ) ;
#2665 = CARTESIAN_POINT ( 'NONE',  ( -8.991594154102980241, 9.388888888888889284, 1.778679656440369961 ) ) ;
#2666 = CARTESIAN_POINT ( 'NONE',  ( 9.099999999999999645, -8.500000000000000000, 0.000000000000000000 ) ) ;
#2667 = DIRECTION ( 'NONE',  ( 1.000000000000000000, 0.000000000000000000, 0.000000000000000000 ) ) ;
#2668 = AXIS2_PLACEMENT_3D ( 'NONE', #2436, #262, #1962 ) ;
#2669 = CIRCLE ( 'NONE', #1706, 1.699999999999999956 ) ;
#2670 = CONICAL_SURFACE ( 'NONE', #2772, 1.950000000000000400, 0.7853981633974419507 ) ;
#2671 = DIRECTION ( 'NONE',  ( 0.000000000000000000, 0.000000000000000000, -1.000000000000000000 ) ) ;
#2672 = EDGE_CURVE ( 'NONE', #1872, #1293, #543, .T. ) ;
#2673 = AXIS2_PLACEMENT_3D ( 'NONE', #322, #1269, #793 ) ;
#2674 = ORIENTED_EDGE ( 'NONE', *, *, #1358, .F. ) ;
#2675 = FACE_OUTER_BOUND ( 'NONE', #2415, .T. ) ;
#2676 = ORIENTED_EDGE ( 'NONE', *, *, #2074, .T. ) ;
#2677 = CIRCLE ( 'NONE', #2377, 5.671572875253799495 ) ;
#2678 = EDGE_CURVE ( 'NONE', #1279, #2343, #400, .T. ) ;
#2679 = DIRECTION ( 'NONE',  ( 0.000000000000000000, -0.7071067811865474617, -0.7071067811865474617 ) ) ;
#2680 = CARTESIAN_POINT ( 'NONE',  ( 5.100000000000000533, -8.800000000000000711, 2.750000000000000000 ) ) ;
#2681 = ORIENTED_EDGE ( 'NONE', *, *, #444, .F. ) ;
#2682 = EDGE_CURVE ( 'NONE', #571, #278, #1795, .T. ) ;
#2683 = VECTOR ( 'NONE', #2915, 999.9999999999998863 ) ;
#2684 = DIRECTION ( 'NONE',  ( 0.000000000000000000, 0.000000000000000000, 1.000000000000000000 ) ) ;
#2685 = DIRECTION ( 'NONE',  ( 0.04320987654321094273, -0.9990660171225526076, 0.000000000000000000 ) ) ;
#2686 = DIRECTION ( 'NONE',  ( -1.000000000000000000, 0.000000000000000000, 0.000000000000000000 ) ) ;
#2687 = CARTESIAN_POINT ( 'NONE',  ( -3.025850921499974699, 9.130868874043720496, 2.750000000000000000 ) ) ;
#2688 = B_SPLINE_CURVE_WITH_KNOTS ( 'NONE', 3,
 ( #573, #2715, #539, #1015 ),
 .UNSPECIFIED., .F., .F.,
 ( 4, 4 ),
 ( 0.000000000000000000, 0.001540103247766942511 ),
 .UNSPECIFIED. ) ;
#2689 = ORIENTED_EDGE ( 'NONE', *, *, #110, .T. ) ;
#2690 = DIRECTION ( 'NONE',  ( 0.000000000000000000, 0.000000000000000000, -1.000000000000000000 ) ) ;
#2691 = VERTEX_POINT ( 'NONE', #3047 ) ;
#2692 = DIRECTION ( 'NONE',  ( 1.000000000000000000, 0.000000000000000000, 0.000000000000000000 ) ) ;
#2693 = EDGE_CURVE ( 'NONE', #436, #2489, #2765, .T. ) ;
#2694 = CARTESIAN_POINT ( 'NONE',  ( 2.143660559047679726E-15, -9.000000000000000000, 3.899999999999999911 ) ) ;
#2695 = ORIENTED_EDGE ( 'NONE', *, *, #163, .F. ) ;
#2696 = ORIENTED_EDGE ( 'NONE', *, *, #1715, .T. ) ;
#2697 = CARTESIAN_POINT ( 'NONE',  ( 3.499999999999990674, 0.000000000000000000, 2.500000000000000000 ) ) ;
#2698 = LINE ( 'NONE', #998, #2362 ) ;
#2699 = DIRECTION ( 'NONE',  ( 0.000000000000000000, 0.000000000000000000, -1.000000000000000000 ) ) ;
#2700 = VERTEX_POINT ( 'NONE', #597 ) ;
#2701 = CARTESIAN_POINT ( 'NONE',  ( -2.892814029592947644, 7.259150304576621693, 2.750000000000000444 ) ) ;
#2702 = CIRCLE ( 'NONE', #928, 1.299999999999999156 ) ;
#2703 = SURFACE_STYLE_USAGE ( .BOTH. , #1039 ) ;
#2704 = ORIENTED_EDGE ( 'NONE', *, *, #2609, .T. ) ;
#2705 = DIRECTION ( 'NONE',  ( -0.000000000000000000, -0.000000000000000000, -1.000000000000000000 ) ) ;
#2706 = EDGE_LOOP ( 'NONE', ( #708, #987, #365, #2169 ) ) ;
#2707 = EDGE_CURVE ( 'NONE', #2410, #466, #1106, .T. ) ;
#2708 = EDGE_CURVE ( 'NONE', #547, #2430, #350, .T. ) ;
#2709 = CARTESIAN_POINT ( 'NONE',  ( 0.000000000000000000, 0.000000000000000000, 0.000000000000000000 ) ) ;
#2710 = EDGE_CURVE ( 'NONE', #1547, #1259, #66, .T. ) ;
#2711 = CIRCLE ( 'NONE', #27, 2.000000000000000000 ) ;
#2712 = EDGE_LOOP ( 'NONE', ( #25, #1664, #1993, #2395 ) ) ;
#2713 = ORIENTED_EDGE ( 'NONE', *, *, #824, .T. ) ;
#2714 = CARTESIAN_POINT ( 'NONE',  ( 8.991594154102969583, 9.388888888888889284, 1.778679656440369961 ) ) ;
#2715 = CARTESIAN_POINT ( 'NONE',  ( 6.930069869174515063, -3.695457580108505002, 1.939977652359506921 ) ) ;
#2716 = CARTESIAN_POINT ( 'NONE',  ( 0.000000000000000000, 0.000000000000000000, 3.899999999999999911 ) ) ;
#2717 = EDGE_LOOP ( 'NONE', ( #1966, #2307, #613, #2594, #1887, #1424 ) ) ;
#2718 = CARTESIAN_POINT ( 'NONE',  ( -3.180517800447193455, 7.330777505653171211, 2.750000000000000888 ) ) ;
#2719 = CARTESIAN_POINT ( 'NONE',  ( -3.367250037115409829E-15, 9.000000000000000000, 2.750000000000000000 ) ) ;
#2720 = VERTEX_POINT ( 'NONE', #372 ) ;
#2721 = CARTESIAN_POINT ( 'NONE',  ( 2.100373237363865275, 6.519892691078539748, 3.399999999999930189 ) ) ;
#2722 = VERTEX_POINT ( 'NONE', #3016 ) ;
#2723 = VECTOR ( 'NONE', #705, 1000.000000000000000 ) ;
#2724 = CARTESIAN_POINT ( 'NONE',  ( 2.423507581573699721, 6.138337720475230519, 3.899999999999999911 ) ) ;
#2725 = ORIENTED_EDGE ( 'NONE', *, *, #1881, .F. ) ;
#2726 = EDGE_CURVE ( 'NONE', #1489, #995, #1159, .T. ) ;
#2727 = VECTOR ( 'NONE', #988, 1000.000000000000000 ) ;
#2728 = ORIENTED_EDGE ( 'NONE', *, *, #520, .T. ) ;
#2729 = CARTESIAN_POINT ( 'NONE',  ( -2.369407537780000350, 6.575320913638890374, 3.648430495571279852 ) ) ;
#2730 = DIRECTION ( 'NONE',  ( -4.336808689942020201E-16, -1.000000000000000000, 0.000000000000000000 ) ) ;
#2731 = PLANE ( 'NONE',  #452 ) ;
#2732 = ORIENTED_EDGE ( 'NONE', *, *, #2849, .F. ) ;
#2733 = DIRECTION ( 'NONE',  ( -0.000000000000000000, -0.000000000000000000, 1.000000000000000000 ) ) ;
#2734 = ADVANCED_FACE ( 'NONE', ( #3031 ), #338, .F. ) ;
#2735 = EDGE_LOOP ( 'NONE', ( #2741, #263, #107, #565 ) ) ;
#2736 = LINE ( 'NONE', #2119, #892 ) ;
#2737 = EDGE_LOOP ( 'NONE', ( #2283, #818, #2468, #2493 ) ) ;
#2738 = AXIS2_PLACEMENT_3D ( 'NONE', #2651, #952, #1416 ) ;
#2739 = EDGE_CURVE ( 'NONE', #246, #2800, #357, .T. ) ;
#2740 = CARTESIAN_POINT ( 'NONE',  ( 9.099999999999999645, -9.799999999999998934, 2.449999999999999734 ) ) ;
#2741 = ORIENTED_EDGE ( 'NONE', *, *, #1998, .F. ) ;
#2742 = EDGE_LOOP ( 'NONE', ( #1910, #1772, #652, #391 ) ) ;
#2743 = CARTESIAN_POINT ( 'NONE',  ( 7.876547467006089320, -4.850000000000000533, 1.778679656440369961 ) ) ;
#2744 = CARTESIAN_POINT ( 'NONE',  ( 0.000000000000000000, 0.000000000000000000, 2.750000000000000000 ) ) ;
#2745 = CARTESIAN_POINT ( 'NONE',  ( 8.599999999999999645, 0.000000000000000000, 2.750000000000000000 ) ) ;
#2746 = ORIENTED_EDGE ( 'NONE', *, *, #309, .F. ) ;
#2747 = VECTOR ( 'NONE', #1265, 1000.000000000000000 ) ;
#2748 = CARTESIAN_POINT ( 'NONE',  ( 5.100000000000000533, -9.799999999999998934, 2.449999999999999734 ) ) ;
#2749 = EDGE_CURVE ( 'NONE', #788, #1392, #2677, .T. ) ;
#2750 = FACE_OUTER_BOUND ( 'NONE', #1334, .T. ) ;
#2751 = AXIS2_PLACEMENT_3D ( 'NONE', #2875, #1221, #240 ) ;
#2752 = CARTESIAN_POINT ( 'NONE',  ( 3.499999999999990674, 0.000000000000000000, 3.299999999999999822 ) ) ;
#2753 = ORIENTED_EDGE ( 'NONE', *, *, #1884, .F. ) ;
#2754 = DIRECTION ( 'NONE',  ( 1.000000000000000000, -4.336808689942020201E-16, 0.000000000000000000 ) ) ;
#2755 = B_SPLINE_CURVE_WITH_KNOTS ( 'NONE', 3,
 ( #2214, #2464, #2229, #57 ),
 .UNSPECIFIED., .F., .F.,
 ( 4, 4 ),
 ( 0.000000000000000000, 0.0002628720159861356871 ),
 .UNSPECIFIED. ) ;
#2756 = CARTESIAN_POINT ( 'NONE',  ( -8.991594154102980241, 9.388888888888889284, 3.899999999999999911 ) ) ;
#2757 = CONICAL_SURFACE ( 'NONE', #2469, 7.328427124746199617, 1.178097245096172418 ) ;
#2758 = ORIENTED_EDGE ( 'NONE', *, *, #2190, .T. ) ;
#2759 = CARTESIAN_POINT ( 'NONE',  ( 11.44999999999999929, -9.799999999999998934, 2.449999999999999734 ) ) ;
#2760 = DIRECTION ( 'NONE',  ( 0.000000000000000000, 0.000000000000000000, -1.000000000000000000 ) ) ;
#2761 = FACE_OUTER_BOUND ( 'NONE', #2077, .T. ) ;
#2762 = CIRCLE ( 'NONE', #3014, 6.025126265847079665 ) ;
#2763 = B_SPLINE_CURVE_WITH_KNOTS ( 'NONE', 1,
 ( #508, #2724 ),
 .UNSPECIFIED., .F., .F.,
 ( 2, 2 ),
 ( 0.000000000000000000, 1.000000000000000000 ),
 .UNSPECIFIED. ) ;
#2764 = ORIENTED_EDGE ( 'NONE', *, *, #193, .T. ) ;
#2765 = LINE ( 'NONE', #1333, #2625 ) ;
#2766 = ORIENTED_EDGE ( 'NONE', *, *, #2609, .F. ) ;
#2767 = CARTESIAN_POINT ( 'NONE',  ( 5.100000000000000533, -9.799999999999998934, 2.750000000000000000 ) ) ;
#2768 = FACE_OUTER_BOUND ( 'NONE', #1689, .T. ) ;
#2769 = DIRECTION ( 'NONE',  ( 1.000000000000000000, 0.000000000000000000, 0.000000000000000000 ) ) ;
#2770 = EDGE_CURVE ( 'NONE', #474, #549, #1003, .T. ) ;
#2771 = CIRCLE ( 'NONE', #39, 1.699999999999999956 ) ;
#2772 = AXIS2_PLACEMENT_3D ( 'NONE', #778, #308, #1058 ) ;
#2773 = EDGE_LOOP ( 'NONE', ( #2000, #515, #850, #1698 ) ) ;
#2774 = EDGE_CURVE ( 'NONE', #1480, #1295, #1587, .T. ) ;
#2775 = CIRCLE ( 'NONE', #1253, 1.699999999999999956 ) ;
#2776 = DIRECTION ( 'NONE',  ( 0.000000000000000000, 0.000000000000000000, -1.000000000000000000 ) ) ;
#2777 = FACE_BOUND ( 'NONE', #2964, .T. ) ;
#2778 = CARTESIAN_POINT ( 'NONE',  ( 2.423507581573699721, 6.138337720475230519, 3.899999999999999911 ) ) ;
#2779 = VECTOR ( 'NONE', #2021, 1000.000000000000000 ) ;
#2780 = ORIENTED_EDGE ( 'NONE', *, *, #1715, .F. ) ;
#2781 = CARTESIAN_POINT ( 'NONE',  ( 3.318975404246063299, -7.283549300103894453, 2.750000000000000000 ) ) ;
#2782 = ORIENTED_EDGE ( 'NONE', *, *, #255, .F. ) ;
#2783 = CARTESIAN_POINT ( 'NONE',  ( 2.423507581573649983, -6.138337720475200321, 3.899999999999999911 ) ) ;
#2784 = CARTESIAN_POINT ( 'NONE',  ( -4.100000000000010303, 0.000000000000000000, 2.571428571428575172 ) ) ;
#2785 = AXIS2_PLACEMENT_3D ( 'NONE', #2756, #962, #1714 ) ;
#2786 = DIRECTION ( 'NONE',  ( 0.000000000000000000, 0.000000000000000000, -1.000000000000000000 ) ) ;
#2787 = CIRCLE ( 'NONE', #2885, 2.000000000000000000 ) ;
#2788 = ORIENTED_EDGE ( 'NONE', *, *, #3139, .F. ) ;
#2789 = EDGE_CURVE ( 'NONE', #2800, #692, #2084, .T. ) ;
#2790 = CARTESIAN_POINT ( 'NONE',  ( -2.634755210193825636, 6.242884336670527112, 3.802368927062190984 ) ) ;
#2791 = LINE ( 'NONE', #382, #1135 ) ;
#2792 = B_SPLINE_CURVE_WITH_KNOTS ( 'NONE', 3,
 ( #2284, #1087, #1826, #1073 ),
 .UNSPECIFIED., .F., .F.,
 ( 4, 4 ),
 ( 0.000000000000000000, 1.000000000000000000 ),
 .UNSPECIFIED. ) ;
#2793 = EDGE_LOOP ( 'NONE', ( #1190, #690, #34, #1215, #1346 ) ) ;
#2794 = DIRECTION ( 'NONE',  ( 1.000000000000000000, 0.000000000000000000, 0.000000000000000000 ) ) ;
#2795 = DIRECTION ( 'NONE',  ( 0.000000000000000000, 0.000000000000000000, 1.000000000000000000 ) ) ;
#2796 = CARTESIAN_POINT ( 'NONE',  ( 2.423507581573649983, -6.138337720475200321, 3.899999999999999911 ) ) ;
#2797 = DIRECTION ( 'NONE',  ( 0.7071067811865474617, 0.000000000000000000, 0.7071067811865474617 ) ) ;
#2798 = CARTESIAN_POINT ( 'NONE',  ( 2.740379024503995176, -6.295157644768250016, 3.753553390593205030 ) ) ;
#2799 = VECTOR ( 'NONE', #685, 1000.000000000000000 ) ;
#2800 = VERTEX_POINT ( 'NONE', #637 ) ;
#2801 = ADVANCED_FACE ( 'NONE', ( #1071 ), #1054, .F. ) ;
#2802 = ORIENTED_EDGE ( 'NONE', *, *, #1641, .T. ) ;
#2803 = CARTESIAN_POINT ( 'NONE',  ( 2.423507581573644654, 6.138337720475210091, 3.899999999999999911 ) ) ;
#2804 = EDGE_CURVE ( 'NONE', #2380, #1710, #1409, .T. ) ;
#2805 = CARTESIAN_POINT ( 'NONE',  ( -3.476242029407015099, -7.100317809367650668, 2.750000000000000000 ) ) ;
#2806 = LINE ( 'NONE', #354, #479 ) ;
#2807 = ORIENTED_EDGE ( 'NONE', *, *, #2148, .T. ) ;
#2808 = DIRECTION ( 'NONE',  ( -0.7064463555603959222, -0.03055399671793684879, -0.7071067811865440200 ) ) ;
#2809 = ORIENTED_EDGE ( 'NONE', *, *, #3103, .F. ) ;
#2810 = DIRECTION ( 'NONE',  ( 0.000000000000000000, 0.000000000000000000, 1.000000000000000000 ) ) ;
#2811 = CONICAL_SURFACE ( 'NONE', #1697, 1.650000000000000355, 0.7853981633974532750 ) ;
#2812 = DIRECTION ( 'NONE',  ( 0.000000000000000000, 0.000000000000000000, 1.000000000000000000 ) ) ;
#2813 = CARTESIAN_POINT ( 'NONE',  ( 9.099999999999999645, -10.80000000000000071, 2.750000000000000000 ) ) ;
#2814 = AXIS2_PLACEMENT_3D ( 'NONE', #948, #917, #2632 ) ;
#2815 = DIRECTION ( 'NONE',  ( 1.000000000000000000, 0.000000000000000000, 0.000000000000000000 ) ) ;
#2816 = ORIENTED_EDGE ( 'NONE', *, *, #926, .F. ) ;
#2817 = ORIENTED_EDGE ( 'NONE', *, *, #2830, .T. ) ;
#2818 = VECTOR ( 'NONE', #2326, 1000.000000000000000 ) ;
#2819 = COLOUR_RGB ( '',0.4980392156862745168, 0.4980392156862745168, 0.4980392156862745168 ) ;
#2820 = CARTESIAN_POINT ( 'NONE',  ( 2.710521213138529895, 6.340438848728339849, 3.760228741066265368 ) ) ;
#2821 = CARTESIAN_POINT ( 'NONE',  ( 11.44999999999999929, -9.799999999999998934, 0.3000000000000104805 ) ) ;
#2822 = DIRECTION ( 'NONE',  ( 0.000000000000000000, 0.000000000000000000, 1.000000000000000000 ) ) ;
#2823 = ORIENTED_EDGE ( 'NONE', *, *, #567, .T. ) ;
#2824 = LINE ( 'NONE', #2401, #1258 ) ;
#2825 = DIRECTION ( 'NONE',  ( 0.000000000000000000, 0.000000000000000000, 1.000000000000000000 ) ) ;
#2826 = DIRECTION ( 'NONE',  ( 0.000000000000000000, -0.7071067811865474617, 0.7071067811865474617 ) ) ;
#2827 = AXIS2_PLACEMENT_3D ( 'NONE', #1464, #2481, #2434 ) ;
#2828 = FACE_OUTER_BOUND ( 'NONE', #1575, .T. ) ;
#2829 = DIRECTION ( 'NONE',  ( 1.000000000000000000, 0.000000000000000000, 0.000000000000000000 ) ) ;
#2830 = EDGE_CURVE ( 'NONE', #1328, #1674, #1815, .T. ) ;
#2831 = VECTOR ( 'NONE', #2601, 1000.000000000000000 ) ;
#2832 = CARTESIAN_POINT ( 'NONE',  ( 6.866666666666669805, 0.9977753031397190719, 0.000000000000000000 ) ) ;
#2833 = B_SPLINE_CURVE_WITH_KNOTS ( 'NONE', 3,
 ( #2433, #2197, #2968, #2936 ),
 .UNSPECIFIED., .F., .F.,
 ( 4, 4 ),
 ( 2.742838647325547447E-18, 0.0005649308020666957749 ),
 .UNSPECIFIED. ) ;
#2834 = EDGE_CURVE ( 'NONE', #1642, #474, #516, .T. ) ;
#2835 = VERTEX_POINT ( 'NONE', #1633 ) ;
#2836 = ORIENTED_EDGE ( 'NONE', *, *, #1336, .F. ) ;
#2837 = EDGE_CURVE ( 'NONE', #1276, #1674, #2824, .T. ) ;
#2838 = CARTESIAN_POINT ( 'NONE',  ( -3.476242029407015099, -7.100317809367650668, 2.750000000000000000 ) ) ;
#2839 = LINE ( 'NONE', #1695, #2550 ) ;
#2840 = DIRECTION ( 'NONE',  ( 0.000000000000000000, 0.000000000000000000, 1.000000000000000000 ) ) ;
#2841 = EDGE_LOOP ( 'NONE', ( #2957, #1049, #1533, #1735, #2483 ) ) ;
#2842 = B_SPLINE_CURVE_WITH_KNOTS ( 'NONE', 3,
 ( #2258, #526, #805, #2196 ),
 .UNSPECIFIED., .F., .F.,
 ( 4, 4 ),
 ( 0.0002091162153445974819, 0.001692438737996264896 ),
 .UNSPECIFIED. ) ;
#2843 = DIRECTION ( 'NONE',  ( 0.000000000000000000, 0.000000000000000000, -1.000000000000000000 ) ) ;
#2844 = CARTESIAN_POINT ( 'NONE',  ( 2.423507581573699721, 6.138337720475230519, 3.899999999999999911 ) ) ;
#2845 = DIRECTION ( 'NONE',  ( 1.000000000000000000, 4.336808689942020201E-16, 0.000000000000000000 ) ) ;
#2846 = CARTESIAN_POINT ( 'NONE',  ( -2.740379024503529770, -6.295157644767874316, 3.753553390593781902 ) ) ;
#2847 = EDGE_CURVE ( 'NONE', #2893, #2105, #2223, .T. ) ;
#2848 = CARTESIAN_POINT ( 'NONE',  ( -2.100373237363865275, -6.519892691078539748, 3.399999999999930189 ) ) ;
#2849 = EDGE_CURVE ( 'NONE', #549, #321, #849, .T. ) ;
#2850 = LINE ( 'NONE', #673, #2053 ) ;
#2851 = EDGE_LOOP ( 'NONE', ( #1943, #2802, #2010, #1274 ) ) ;
#2852 = ORIENTED_EDGE ( 'NONE', *, *, #2928, .T. ) ;
#2853 = FACE_OUTER_BOUND ( 'NONE', #3075, .T. ) ;
#2854 = VECTOR ( 'NONE', #2034, 1000.000000000000114 ) ;
#2855 = DIRECTION ( 'NONE',  ( 0.7071067811865431318, 8.659560562354878624E-17, -0.7071067811865520136 ) ) ;
#2856 = CARTESIAN_POINT ( 'NONE',  ( 5.100000000000000533, -10.80000000000000071, 0.2999999999999999889 ) ) ;
#2857 = ORIENTED_EDGE ( 'NONE', *, *, #851, .T. ) ;
#2858 = CARTESIAN_POINT ( 'NONE',  ( -2.575991537275870158, -6.472029613018730032, 3.742076963624709762 ) ) ;
#2859 = CARTESIAN_POINT ( 'NONE',  ( 0.000000000000000000, 0.000000000000000000, 1.778679656440369961 ) ) ;
#2860 = CARTESIAN_POINT ( 'NONE',  ( 2.100373237363834633, -6.519892691078509550, 3.399999999999999911 ) ) ;
#2861 = CARTESIAN_POINT ( 'NONE',  ( -0.9793097202388139078, -10.54516129032258043, 3.899999999999999911 ) ) ;
#2862 = AXIS2_PLACEMENT_3D ( 'NONE', #830, #1800, #2769 ) ;
#2863 = CYLINDRICAL_SURFACE ( 'NONE', #1509, 3.500000000000000000 ) ;
#2864 = AXIS2_PLACEMENT_3D ( 'NONE', #2527, #1437, #532 ) ;
#2865 = ADVANCED_FACE ( 'NONE', ( #713 ), #2183, .T. ) ;
#2866 = EDGE_CURVE ( 'NONE', #3121, #1228, #2584, .T. ) ;
#2867 = EDGE_LOOP ( 'NONE', ( #2030, #2441, #2895, #221 ) ) ;
#2868 = ORIENTED_EDGE ( 'NONE', *, *, #2939, .F. ) ;
#2869 = DIRECTION ( 'NONE',  ( 1.000000000000000000, 0.000000000000000000, 0.000000000000000000 ) ) ;
#2870 = FACE_OUTER_BOUND ( 'NONE', #216, .T. ) ;
#2871 = CARTESIAN_POINT ( 'NONE',  ( -3.500000000000009770, 4.286263797015736595E-16, 3.000000000000000000 ) ) ;
#2872 = ORIENTED_EDGE ( 'NONE', *, *, #1182, .F. ) ;
#2873 = CARTESIAN_POINT ( 'NONE',  ( -2.423507581573644654, -6.138337720475200321, 3.899999999999999911 ) ) ;
#2874 = FACE_OUTER_BOUND ( 'NONE', #1213, .T. ) ;
#2875 = CARTESIAN_POINT ( 'NONE',  ( 9.099999999999999645, -9.799999999999998934, 0.000000000000000000 ) ) ;
#2876 = DIRECTION ( 'NONE',  ( 1.000000000000000000, 0.000000000000000000, 0.000000000000000000 ) ) ;
#2877 = DIRECTION ( 'NONE',  ( 0.000000000000000000, 0.000000000000000000, -1.000000000000000000 ) ) ;
#2878 = AXIS2_PLACEMENT_3D ( 'NONE', #2137, #3104, #1893 ) ;
#2879 = AXIS2_PLACEMENT_3D ( 'NONE', #1144, #1888, #2116 ) ;
#2880 = ORIENTED_EDGE ( 'NONE', *, *, #201, .T. ) ;
#2881 = ORIENTED_EDGE ( 'NONE', *, *, #1881, .T. ) ;
#2882 = CARTESIAN_POINT ( 'NONE',  ( 3.476242029407019984, -7.100317809367650668, 2.750000000000000000 ) ) ;
#2883 = DIRECTION ( 'NONE',  ( 0.000000000000000000, 0.000000000000000000, -1.000000000000000000 ) ) ;
#2884 = DIRECTION ( 'NONE',  ( 0.000000000000000000, 0.000000000000000000, -1.000000000000000000 ) ) ;
#2885 = AXIS2_PLACEMENT_3D ( 'NONE', #1762, #513, #2667 ) ;
#2886 = EDGE_LOOP ( 'NONE', ( #871, #300 ) ) ;
#2887 = CARTESIAN_POINT ( 'NONE',  ( 7.000000000000000000, 1.496662954709575999, 0.000000000000000000 ) ) ;
#2888 = CARTESIAN_POINT ( 'NONE',  ( 7.000000000000000000, 2.239230772285540016, 2.429247402752475082 ) ) ;
#2889 = CARTESIAN_POINT ( 'NONE',  ( 7.000000000000000000, 1.496662954709575999, 2.620467589171050271 ) ) ;
#2890 = DIRECTION ( 'NONE',  ( 0.000000000000000000, 0.000000000000000000, -1.000000000000000000 ) ) ;
#2891 = AXIS2_PLACEMENT_3D ( 'NONE', #3032, #2795, #462 ) ;
#2892 = CARTESIAN_POINT ( 'NONE',  ( -2.100373237363834633, 6.519892691078520208, 3.399999999999999911 ) ) ;
#2893 = VERTEX_POINT ( 'NONE', #2887 ) ;
#2894 = DIRECTION ( 'NONE',  ( 0.000000000000000000, 0.000000000000000000, 1.000000000000000000 ) ) ;
#2895 = ORIENTED_EDGE ( 'NONE', *, *, #2580, .T. ) ;
#2896 = AXIS2_PLACEMENT_3D ( 'NONE', #2743, #2033, #2984 ) ;
#2897 = FACE_OUTER_BOUND ( 'NONE', #2599, .T. ) ;
#2898 = DIRECTION ( 'NONE',  ( 4.688441826964343312E-16, 1.000000000000000000, 5.860552283705429140E-17 ) ) ;
#2899 = DIRECTION ( 'NONE',  ( 0.000000000000000000, 0.000000000000000000, -1.000000000000000000 ) ) ;
#2900 = AXIS2_PLACEMENT_3D ( 'NONE', #2935, #746, #2002 ) ;
#2901 = ORIENTED_EDGE ( 'NONE', *, *, #786, .F. ) ;
#2902 = CARTESIAN_POINT ( 'NONE',  ( -5.533288710217219908, 5.777777777777780344, 0.000000000000000000 ) ) ;
#2903 = CARTESIAN_POINT ( 'NONE',  ( 8.991594154102980241, -9.388888888888889284, 3.899999999999999911 ) ) ;
#2904 = CARTESIAN_POINT ( 'NONE',  ( -9.540979117872440597E-15, 0.000000000000000000, 3.899999999999999911 ) ) ;
#2905 = CARTESIAN_POINT ( 'NONE',  ( -2.582313645417035453, 7.024219123018571764, 2.749999999999999556 ) ) ;
#2906 = AXIS2_PLACEMENT_3D ( 'NONE', #1470, #2439, #800 ) ;
#2907 = AXIS2_PLACEMENT_3D ( 'NONE', #1584, #1283, #2305 ) ;
#2908 = EDGE_LOOP ( 'NONE', ( #2400, #1745, #387, #1737 ) ) ;
#2909 = DIRECTION ( 'NONE',  ( 1.000000000000000000, -3.556183125752454544E-15, 0.000000000000000000 ) ) ;
#2910 = VECTOR ( 'NONE', #2679, 1000.000000000000114 ) ;
#2911 = ORIENTED_EDGE ( 'NONE', *, *, #541, .F. ) ;
#2912 = ADVANCED_FACE ( 'NONE', ( #2370 ), #1512, .F. ) ;
#2913 = AXIS2_PLACEMENT_3D ( 'NONE', #979, #1507, #2240 ) ;
#2914 = DIRECTION ( 'NONE',  ( 1.000000000000000000, 4.336808689942020201E-16, 0.000000000000000000 ) ) ;
#2915 = DIRECTION ( 'NONE',  ( 0.7071067811865510144, 0.000000000000000000, 0.7071067811865441310 ) ) ;
#2916 = EDGE_LOOP ( 'NONE', ( #2161, #248 ) ) ;
#2917 = LINE ( 'NONE', #1250, #2747 ) ;
#2918 = DIRECTION ( 'NONE',  ( 0.000000000000000000, 0.000000000000000000, -1.000000000000000000 ) ) ;
#2919 = DIRECTION ( 'NONE',  ( 1.000000000000000000, 0.000000000000000000, 0.000000000000000000 ) ) ;
#2920 = EDGE_CURVE ( 'NONE', #1674, #356, #3099, .T. ) ;
#2921 = AXIS2_PLACEMENT_3D ( 'NONE', #3067, #564, #640 ) ;
#2922 = AXIS2_PLACEMENT_3D ( 'NONE', #16, #815, #2429 ) ;
#2923 = DIRECTION ( 'NONE',  ( -0.7071067811865510144, 8.659560562354977232E-17, 0.7071067811865441310 ) ) ;
#2924 = ORIENTED_EDGE ( 'NONE', *, *, #2501, .T. ) ;
#2925 = DIRECTION ( 'NONE',  ( 0.000000000000000000, 0.000000000000000000, 1.000000000000000000 ) ) ;
#2926 = ORIENTED_EDGE ( 'NONE', *, *, #2920, .T. ) ;
#2927 = AXIS2_PLACEMENT_3D ( 'NONE', #2748, #129, #839 ) ;
#2928 = EDGE_CURVE ( 'NONE', #1205, #1279, #1915, .T. ) ;
#2929 = CARTESIAN_POINT ( 'NONE',  ( 5.100000000000000533, -10.80000000000000071, 0.2999999999999999889 ) ) ;
#2930 = CARTESIAN_POINT ( 'NONE',  ( 1.700000000000002176, -9.000000000000000000, 2.449999999999999734 ) ) ;
#2931 = EDGE_LOOP ( 'NONE', ( #2991, #1111, #1979, #12 ) ) ;
#2932 = VECTOR ( 'NONE', #112, 1000.000000000000000 ) ;
#2933 = ORIENTED_EDGE ( 'NONE', *, *, #2462, .F. ) ;
#2934 = CARTESIAN_POINT ( 'NONE',  ( 13.10000000000000142, -9.799999999999998934, 2.750000000000000000 ) ) ;
#2935 = CARTESIAN_POINT ( 'NONE',  ( 0.000000000000000000, 0.000000000000000000, 3.899999999999999911 ) ) ;
#2936 = CARTESIAN_POINT ( 'NONE',  ( 6.866666666666330521, -0.9977753031398810535, 2.839899744477480059 ) ) ;
#2937 = ORIENTED_EDGE ( 'NONE', *, *, #2013, .T. ) ;
#2938 = CARTESIAN_POINT ( 'NONE',  ( -3.077167759549741088, 7.319890645993770484, 2.750000000000000444 ) ) ;
#2939 = EDGE_CURVE ( 'NONE', #1295, #246, #91, .T. ) ;
#2940 = CARTESIAN_POINT ( 'NONE',  ( 7.000000000000000000, 1.496662954709575999, 2.620467589171050271 ) ) ;
#2941 = ADVANCED_FACE ( 'NONE', ( #1446 ), #378, .T. ) ;
#2942 = ADVANCED_FACE ( 'NONE', ( #2853 ), #1376, .T. ) ;
#2943 = ORIENTED_EDGE ( 'NONE', *, *, #2405, .T. ) ;
#2944 = LINE ( 'NONE', #517, #1339 ) ;
#2945 = ORIENTED_EDGE ( 'NONE', *, *, #2920, .F. ) ;
#2946 = CYLINDRICAL_SURFACE ( 'NONE', #1950, 4.000000000000000000 ) ;
#2947 = VERTEX_POINT ( 'NONE', #633 ) ;
#2948 = VERTEX_POINT ( 'NONE', #1137 ) ;
#2949 = DIRECTION ( 'NONE',  ( 1.000000000000000000, 0.000000000000000000, 0.000000000000000000 ) ) ;
#2950 = CYLINDRICAL_SURFACE ( 'NONE', #1531, 4.100000000000000533 ) ;
#2951 = CARTESIAN_POINT ( 'NONE',  ( 9.099999999999999645, -9.799999999999998934, 2.750000000000000000 ) ) ;
#2952 = ORIENTED_EDGE ( 'NONE', *, *, #2739, .F. ) ;
#2953 = CARTESIAN_POINT ( 'NONE',  ( 4.100000000000000533, 5.021051876504148371E-16, 2.750000000000000000 ) ) ;
#2954 = AXIS2_PLACEMENT_3D ( 'NONE', #2384, #1932, #2631 ) ;
#2955 =( NAMED_UNIT ( * ) PLANE_ANGLE_UNIT ( ) SI_UNIT ( $, .RADIAN. ) );
#2956 = PRESENTATION_STYLE_ASSIGNMENT (( #60 ) ) ;
#2957 = ORIENTED_EDGE ( 'NONE', *, *, #2558, .T. ) ;
#2958 = DIRECTION ( 'NONE',  ( 0.000000000000000000, 0.000000000000000000, -1.000000000000000000 ) ) ;
#2959 = EDGE_LOOP ( 'NONE', ( #1539, #2937, #2980 ) ) ;
#2960 = ADVANCED_FACE ( 'NONE', ( #2595 ), #1500, .F. ) ;
#2961 = ADVANCED_FACE ( 'NONE', ( #1173 ), #3109, .F. ) ;
#2962 = DIRECTION ( 'NONE',  ( 0.000000000000000000, 0.000000000000000000, 1.000000000000000000 ) ) ;
#2963 = ORIENTED_EDGE ( 'NONE', *, *, #2306, .T. ) ;
#2964 = EDGE_LOOP ( 'NONE', ( #943, #2611 ) ) ;
#2965 = DIRECTION ( 'NONE',  ( -0.000000000000000000, -0.000000000000000000, -1.000000000000000000 ) ) ;
#2966 = CIRCLE ( 'NONE', #638, 2.000000000000000000 ) ;
#2967 = DIRECTION ( 'NONE',  ( 0.7071067811865470176, 8.659560562354926695E-17, -0.7071067811865480168 ) ) ;
#2968 = CARTESIAN_POINT ( 'NONE',  ( 6.947768859947830222, -1.138665876977597247, 2.739380795747186514 ) ) ;
#2969 = ORIENTED_EDGE ( 'NONE', *, *, #2505, .F. ) ;
#2970 = CARTESIAN_POINT ( 'NONE',  ( 2.143660559047679726E-15, -9.000000000000000000, 2.449999999999999734 ) ) ;
#2971 = EDGE_CURVE ( 'NONE', #2570, #1934, #2218, .T. ) ;
#2972 = AXIS2_PLACEMENT_3D ( 'NONE', #2092, #2109, #1898 ) ;
#2973 = FILL_AREA_STYLE ('',( #3124 ) ) ;
#2974 = ORIENTED_EDGE ( 'NONE', *, *, #2707, .T. ) ;
#2975 = DIRECTION ( 'NONE',  ( 1.000000000000000000, 0.000000000000000000, 0.000000000000000000 ) ) ;
#2976 = EDGE_LOOP ( 'NONE', ( #1716, #2290, #2027, #1901 ) ) ;
#2977 = ADVANCED_BREP_SHAPE_REPRESENTATION ( 'sherpamini_housing_front', ( #3119, #1708 ), #1804 ) ;
#2978 = VECTOR ( 'NONE', #2005, 1000.000000000000114 ) ;
#2979 = DIRECTION ( 'NONE',  ( -1.000000000000000000, 0.000000000000000000, 0.000000000000000000 ) ) ;
#2980 = ORIENTED_EDGE ( 'NONE', *, *, #2206, .F. ) ;
#2981 = AXIS2_PLACEMENT_3D ( 'NONE', #476, #1921, #197 ) ;
#2982 =( BOUNDED_SURFACE ( )  B_SPLINE_SURFACE ( 3, 2, ( 
 ( #142, #634, #1596 ),
 ( #2566, #396, #916 ),
 ( #961, #1203, #1870 ),
 ( #947, #1188, #1396 ) ),
 .UNSPECIFIED., .F., .F., .T. ) 
 B_SPLINE_SURFACE_WITH_KNOTS ( ( 4, 4 ),
 ( 3, 3 ),
 ( 0.001677674205681084019, 0.003225054473355273583 ),
 ( 0.000000000000000000, 1.000000000000000000 ),
 .UNSPECIFIED. ) 
 GEOMETRIC_REPRESENTATION_ITEM ( )  RATIONAL_B_SPLINE_SURFACE ( (
 ( 1.000000000000000000, 0.5423037674512602990, 1.000000000000000000),
 ( 1.000000000000000000, 0.5807113043103251382, 1.000000000000000000),
 ( 1.000000000000000000, 0.6147806002844884432, 1.000000000000000000),
 ( 1.000000000000000000, 0.6441170323683920174, 1.000000000000000000) ) ) 
 REPRESENTATION_ITEM ( '' )  SURFACE ( )  );
#2983 = ORIENTED_EDGE ( 'NONE', *, *, #385, .F. ) ;
#2984 = DIRECTION ( 'NONE',  ( -0.8515186450817293640, 0.5243243243243402851, 1.734723475976808327E-16 ) ) ;
#2985 = CARTESIAN_POINT ( 'NONE',  ( 5.533288710217219908, 5.777777777777780344, 1.778679656440369961 ) ) ;
#2986 = ORIENTED_EDGE ( 'NONE', *, *, #1680, .F. ) ;
#2987 = CARTESIAN_POINT ( 'NONE',  ( -4.384789741815654729, -0.1896433470507594976, 2.750000000000000000 ) ) ;
#2988 = CARTESIAN_POINT ( 'NONE',  ( 2.554983807628420145, -6.490006046668780115, 3.737529627494180051 ) ) ;
#2989 = CYLINDRICAL_SURFACE ( 'NONE', #1906, 1.699999999999999956 ) ;
#2990 = CARTESIAN_POINT ( 'NONE',  ( 13.10000000000000142, -9.799999999999998934, 0.000000000000000000 ) ) ;
#2991 = ORIENTED_EDGE ( 'NONE', *, *, #2040, .F. ) ;
#2992 = CARTESIAN_POINT ( 'NONE',  ( 9.099999999999999645, -8.800000000000000711, 0.2999999999999999889 ) ) ;
#2993 = CARTESIAN_POINT ( 'NONE',  ( 11.44999999999999929, -9.799999999999998934, 2.750000000000000000 ) ) ;
#2994 = B_SPLINE_CURVE_WITH_KNOTS ( 'NONE', 3,
 ( #5, #1904, #953, #2391, #1668, #2652, #463, #1431, #2403, #224, #1448, #2418 ),
 .UNSPECIFIED., .F., .F.,
 ( 4, 2, 2, 2, 2, 4 ),
 ( 0.000000000000000000, 0.0002891939875380093012, 0.0005783879750760186024, 0.0008675819626140278493, 0.001012178956383033394, 0.001156775950152039156 ),
 .UNSPECIFIED. ) ;
#2995 = ORIENTED_EDGE ( 'NONE', *, *, #284, .T. ) ;
#2996 = LINE ( 'NONE', #2759, #1526 ) ;
#2997 = FACE_OUTER_BOUND ( 'NONE', #2867, .T. ) ;
#2998 = DIRECTION ( 'NONE',  ( 0.000000000000000000, 0.000000000000000000, -1.000000000000000000 ) ) ;
#2999 = ORIENTED_EDGE ( 'NONE', *, *, #493, .T. ) ;
#3000 = CARTESIAN_POINT ( 'NONE',  ( 3.996264068490205101, 9.172839506172840274, 2.750000000000000000 ) ) ;
#3001 = ORIENTED_EDGE ( 'NONE', *, *, #1413, .F. ) ;
#3002 = ADVANCED_FACE ( 'NONE', ( #422 ), #2330, .F. ) ;
#3003 = CARTESIAN_POINT ( 'NONE',  ( 2.189489976087969580, -6.573964803723539418, 3.506070464032654765 ) ) ;
#3004 = LINE ( 'NONE', #2752, #1811 ) ;
#3005 = CARTESIAN_POINT ( 'NONE',  ( -3.367250037115409829E-15, 9.000000000000000000, 2.449999999999999734 ) ) ;
#3006 = DIRECTION ( 'NONE',  ( -1.000000000000000000, 1.740972639028338216E-15, 0.000000000000000000 ) ) ;
#3007 = EDGE_CURVE ( 'NONE', #466, #2410, #691, .T. ) ;
#3008 = ADVANCED_FACE ( 'NONE', ( #3058 ), #880, .F. ) ;
#3009 = AXIS2_PLACEMENT_3D ( 'NONE', #120, #2812, #1306 ) ;
#3010 = VERTEX_POINT ( 'NONE', #2838 ) ;
#3011 = CARTESIAN_POINT ( 'NONE',  ( -2.740379024503995176, 6.295157644768259786, 3.753553390593205030 ) ) ;
#3012 = CARTESIAN_POINT ( 'NONE',  ( -4.100000000000000533, 0.000000000000000000, 2.750000000000000000 ) ) ;
#3013 = CARTESIAN_POINT ( 'NONE',  ( 2.740379024503535099, 6.295157644767879646, 3.753553390593779682 ) ) ;
#3014 = AXIS2_PLACEMENT_3D ( 'NONE', #485, #2234, #2200 ) ;
#3015 = ORIENTED_EDGE ( 'NONE', *, *, #2538, .T. ) ;
#3016 = CARTESIAN_POINT ( 'NONE',  ( 6.626547467006089320, -4.850000000000000533, 1.778679656440369961 ) ) ;
#3017 = CYLINDRICAL_SURFACE ( 'NONE', #157, 8.000000000000000000 ) ;
#3018 = AXIS2_PLACEMENT_3D ( 'NONE', #2541, #2552, #1791 ) ;
#3019 = CARTESIAN_POINT ( 'NONE',  ( 2.740379024503960093, -6.295157644768219818, 3.753553390593269867 ) ) ;
#3020 = DIRECTION ( 'NONE',  ( 1.000000000000000000, 0.000000000000000000, 0.000000000000000000 ) ) ;
#3021 = VECTOR ( 'NONE', #1425, 1000.000000000000000 ) ;
#3022 = DIRECTION ( 'NONE',  ( -0.000000000000000000, -0.000000000000000000, -1.000000000000000000 ) ) ;
#3023 = B_SPLINE_CURVE_WITH_KNOTS ( 'NONE', 3,
 ( #686, #3132, #3068, #3089, #954, #657, #1861, #1169 ),
 .UNSPECIFIED., .F., .F.,
 ( 4, 2, 2, 4 ),
 ( 0.001401046814409289982, 0.001678074392792853033, 0.001955101971176416084, 0.002509157127943541753 ),
 .UNSPECIFIED. ) ;
#3024 = EDGE_CURVE ( 'NONE', #1428, #1972, #662, .T. ) ;
#3025 = EDGE_LOOP ( 'NONE', ( #2020, #3040, #1064, #50, #1332, #2618 ) ) ;
#3026 = VECTOR ( 'NONE', #671, 1000.000000000000000 ) ;
#3027 = DIRECTION ( 'NONE',  ( 0.000000000000000000, 0.000000000000000000, -1.000000000000000000 ) ) ;
#3028 = CARTESIAN_POINT ( 'NONE',  ( 1.699999999999996403, 9.000000000000000000, 2.750000000000000000 ) ) ;
#3029 = AXIS2_PLACEMENT_3D ( 'NONE', #700, #179, #2600 ) ;
#3030 = ORIENTED_EDGE ( 'NONE', *, *, #2060, .F. ) ;
#3031 = FACE_OUTER_BOUND ( 'NONE', #2737, .T. ) ;
#3032 = CARTESIAN_POINT ( 'NONE',  ( 13.10000000000000142, -9.799999999999998934, 2.449999999999999734 ) ) ;
#3033 = CARTESIAN_POINT ( 'NONE',  ( 2.704877911827485271, -6.348997261619100385, 3.761490421422470476 ) ) ;
#3034 = CARTESIAN_POINT ( 'NONE',  ( 7.000000000000000000, -2.271444068117184798E-15, 2.750000000000000000 ) ) ;
#3035 = EDGE_CURVE ( 'NONE', #2543, #1472, #2108, .T. ) ;
#3036 = CARTESIAN_POINT ( 'NONE',  ( 8.991594154102969583, 9.388888888888889284, 3.899999999999999911 ) ) ;
#3037 = CIRCLE ( 'NONE', #2482, 3.250000000000000000 ) ;
#3038 = ADVANCED_FACE ( 'NONE', ( #190 ), #709, .T. ) ;
#3039 = ADVANCED_FACE ( 'NONE', ( #2897 ), #2670, .F. ) ;
#3040 = ORIENTED_EDGE ( 'NONE', *, *, #2524, .T. ) ;
#3041 = VERTEX_POINT ( 'NONE', #3140 ) ;
#3042 = CARTESIAN_POINT ( 'NONE',  ( 2.666810481995890214, 6.395215668462790326, 3.762335139216244961 ) ) ;
#3043 = DIRECTION ( 'NONE',  ( 1.000000000000000000, 0.000000000000000000, 0.000000000000000000 ) ) ;
#3044 = FACE_OUTER_BOUND ( 'NONE', #1758, .T. ) ;
#3045 = ORIENTED_EDGE ( 'NONE', *, *, #2589, .T. ) ;
#3046 = CARTESIAN_POINT ( 'NONE',  ( 7.000000000000000000, 1.309226328761819769, 2.659657466723640784 ) ) ;
#3047 = CARTESIAN_POINT ( 'NONE',  ( 3.499999999999990674, 0.000000000000000000, 3.299999999999999822 ) ) ;
#3048 = ORIENTED_EDGE ( 'NONE', *, *, #1941, .F. ) ;
#3049 = CARTESIAN_POINT ( 'NONE',  ( -4.167345393055610359, 4.351480080889560398, 3.753553390593269867 ) ) ;
#3050 = AXIS2_PLACEMENT_3D ( 'NONE', #609, #333, #1050 ) ;
#3051 = DIRECTION ( 'NONE',  ( -0.000000000000000000, -0.000000000000000000, -1.000000000000000000 ) ) ;
#3052 = CARTESIAN_POINT ( 'NONE',  ( 2.651454357484434254, 7.091740523622628523, 2.750000000000000000 ) ) ;
#3053 = CIRCLE ( 'NONE', #2751, 1.299999999999999156 ) ;
#3054 = ORIENTED_EDGE ( 'NONE', *, *, #2597, .F. ) ;
#3055 = EDGE_CURVE ( 'NONE', #1796, #56, #1098, .T. ) ;
#3056 = ORIENTED_EDGE ( 'NONE', *, *, #2125, .T. ) ;
#3057 = CIRCLE ( 'NONE', #1839, 1.000000000000000888 ) ;
#3058 = FACE_OUTER_BOUND ( 'NONE', #1439, .T. ) ;
#3059 = B_SPLINE_SURFACE_WITH_KNOTS ( 'NONE', 1, 3, ( 
 ( #3019, #3033, #108, #2988, #2041, #360, #810, #3003, #2573, #1350 ),
 ( #826, #1368, #2323, #1797, #1324, #2299, #2796, #601, #1812, #2783 ) ),
 .UNSPECIFIED., .F., .F., .F.,
 ( 2, 2 ),
 ( 4, 2, 2, 2, 4 ),
 ( 0.000000000000000000, 1.000000000000000000 ),
 ( 1.570796326794895004, 1.987153877393034840, 2.403511427991174898, 2.819868978589314956, 3.236226529187450129 ),
 .UNSPECIFIED. ) ;
#3060 = DIRECTION ( 'NONE',  ( 1.000000000000000000, 0.000000000000000000, 0.000000000000000000 ) ) ;
#3061 = CARTESIAN_POINT ( 'NONE',  ( -3.367250037115409829E-15, 9.000000000000000000, 2.449999999999999734 ) ) ;
#3062 = CIRCLE ( 'NONE', #2560, 8.000000000000000000 ) ;
#3063 = EDGE_LOOP ( 'NONE', ( #442, #1357, #1750, #1060 ) ) ;
#3064 = EDGE_CURVE ( 'NONE', #1328, #2471, #2173, .T. ) ;
#3065 = CARTESIAN_POINT ( 'NONE',  ( -2.423507581573644654, -6.138337720475200321, 3.899999999999999911 ) ) ;
#3066 = ORIENTED_EDGE ( 'NONE', *, *, #3071, .T. ) ;
#3067 = CARTESIAN_POINT ( 'NONE',  ( 13.10000000000000142, -9.799999999999998934, 0.000000000000000000 ) ) ;
#3068 = CARTESIAN_POINT ( 'NONE',  ( 6.606566296860741261, -0.1859291139107459301, 3.170108782082750487 ) ) ;
#3069 = EDGE_CURVE ( 'NONE', #2720, #178, #2031, .T. ) ;
#3070 = DIRECTION ( 'NONE',  ( 0.000000000000000000, 0.000000000000000000, -1.000000000000000000 ) ) ;
#3071 = EDGE_CURVE ( 'NONE', #398, #2098, #249, .T. ) ;
#3072 = CARTESIAN_POINT ( 'NONE',  ( 3.179160352889790708, 7.331040390624447234, 2.749999999999999556 ) ) ;
#3073 = EDGE_LOOP ( 'NONE', ( #2627, #2969, #453 ) ) ;
#3074 = VECTOR ( 'NONE', #2754, 1000.000000000000000 ) ;
#3075 = EDGE_LOOP ( 'NONE', ( #2224, #1171, #1849, #1586, #2901 ) ) ;
#3076 = AXIS2_PLACEMENT_3D ( 'NONE', #390, #2786, #644 ) ;
#3077 =( GEOMETRIC_REPRESENTATION_CONTEXT ( 3 ) GLOBAL_UNCERTAINTY_ASSIGNED_CONTEXT ( ( #1483 ) ) GLOBAL_UNIT_ASSIGNED_CONTEXT ( ( #2006, #869, #293 ) ) REPRESENTATION_CONTEXT ( 'NONE', 'WORKASPACE' ) );
#3078 = CARTESIAN_POINT ( 'NONE',  ( -3.367250037115409829E-15, 9.000000000000000000, 2.750000000000000000 ) ) ;
#3079 = CARTESIAN_POINT ( 'NONE',  ( -3.996264068490214427, 9.172839506172840274, 1.778679656440369961 ) ) ;
#3080 = CYLINDRICAL_SURFACE ( 'NONE', #2160, 2.954838709677419573 ) ;
#3081 = EDGE_CURVE ( 'NONE', #2114, #1547, #1197, .T. ) ;
#3082 = VERTEX_POINT ( 'NONE', #1202 ) ;
#3083 = VECTOR ( 'NONE', #2797, 1000.000000000000114 ) ;
#3084 = ADVANCED_FACE ( 'NONE', ( #2426 ), #2660, .F. ) ;
#3085 = DIRECTION ( 'NONE',  ( 1.000000000000000000, 3.321028505608954788E-16, 0.000000000000000000 ) ) ;
#3086 = CYLINDRICAL_SURFACE ( 'NONE', #1866, 1.250000000000000222 ) ;
#3087 = CARTESIAN_POINT ( 'NONE',  ( 5.533288710217219908, -5.777777777777780344, 1.778679656440369961 ) ) ;
#3088 = VECTOR ( 'NONE', #2808, 1000.000000000000000 ) ;
#3089 = CARTESIAN_POINT ( 'NONE',  ( 6.631821165115656669, -0.3669054893626305658, 3.137324919988452532 ) ) ;
#3090 = FACE_OUTER_BOUND ( 'NONE', #721, .T. ) ;
#3091 = DIRECTION ( 'NONE',  ( 0.000000000000000000, 0.7071067811865474617, -0.7071067811865474617 ) ) ;
#3092 = CONICAL_SURFACE ( 'NONE', #2785, 7.121320343559649935, 0.7853981633974532750 ) ;
#3093 = ORIENTED_EDGE ( 'NONE', *, *, #1165, .T. ) ;
#3094 = ORIENTED_EDGE ( 'NONE', *, *, #1118, .F. ) ;
#3095 = DIRECTION ( 'NONE',  ( 0.000000000000000000, 0.000000000000000000, -1.000000000000000000 ) ) ;
#3096 = CARTESIAN_POINT ( 'NONE',  ( 13.10000000000000142, -9.799999999999998934, 1.778679656440369961 ) ) ;
#3097 = CYLINDRICAL_SURFACE ( 'NONE', #3120, 8.000000000000000000 ) ;
#3098 = ORIENTED_EDGE ( 'NONE', *, *, #2154, .F. ) ;
#3099 = LINE ( 'NONE', #1415, #703 ) ;
#3100 = PLANE ( 'NONE',  #1926 ) ;
#3101 = CARTESIAN_POINT ( 'NONE',  ( 2.752991734705513061, 7.272708331333959997, 2.355561714373070270 ) ) ;
#3102 = CARTESIAN_POINT ( 'NONE',  ( -3.023502426552216793, -6.529487669385003912, 3.395866712939988208 ) ) ;
#3103 = EDGE_CURVE ( 'NONE', #161, #2242, #2011, .T. ) ;
#3104 = DIRECTION ( 'NONE',  ( -0.000000000000000000, -0.000000000000000000, -1.000000000000000000 ) ) ;
#3105 = EDGE_CURVE ( 'NONE', #2504, #1305, #960, .T. ) ;
#3106 = ORIENTED_EDGE ( 'NONE', *, *, #1086, .F. ) ;
#3107 = ADVANCED_FACE ( 'NONE', ( #488 ), #233, .F. ) ;
#3108 = ORIENTED_EDGE ( 'NONE', *, *, #2378, .T. ) ;
#3109 = CYLINDRICAL_SURFACE ( 'NONE', #2215, 2.000000000000000000 ) ;
#3110 = VECTOR ( 'NONE', #2398, 1000.000000000000000 ) ;
#3111 = FACE_OUTER_BOUND ( 'NONE', #2171, .T. ) ;
#3112 = CARTESIAN_POINT ( 'NONE',  ( -2.540095231299581702, -6.513608360792131791, 3.741539368025586398 ) ) ;
#3113 = VERTEX_POINT ( 'NONE', #545 ) ;
#3114 = CARTESIAN_POINT ( 'NONE',  ( -2.320413559590924546, -6.580453711693670549, 3.613327508409200028 ) ) ;
#3115 = DIRECTION ( 'NONE',  ( 0.000000000000000000, 0.000000000000000000, -1.000000000000000000 ) ) ;
#3116 = DIRECTION ( 'NONE',  ( -1.000000000000000000, -3.321028505608954788E-16, 0.000000000000000000 ) ) ;
#3117 = CARTESIAN_POINT ( 'NONE',  ( -3.367250037115409829E-15, 9.000000000000000000, 2.449999999999999734 ) ) ;
#3118 = DIRECTION ( 'NONE',  ( 1.000000000000000000, 0.000000000000000000, 0.000000000000000000 ) ) ;
#3119 = MANIFOLD_SOLID_BREP ( 'Sólido importado1', #258 ) ;
#3120 = AXIS2_PLACEMENT_3D ( 'NONE', #1397, #1853, #1616 ) ;
#3121 = VERTEX_POINT ( 'NONE', #1020 ) ;
#3122 = ORIENTED_EDGE ( 'NONE', *, *, #2353, .T. ) ;
#3123 = ADVANCED_FACE ( 'NONE', ( #562 ), #2989, .F. ) ;
#3124 = FILL_AREA_STYLE_COLOUR ( '', #2317 ) ;
#3125 = CYLINDRICAL_SURFACE ( 'NONE', #2104, 4.999999999999999112 ) ;
#3126 = CARTESIAN_POINT ( 'NONE',  ( 14.75000000000000178, -9.799999999999998934, 2.449999999999999734 ) ) ;
#3127 = PRESENTATION_LAYER_ASSIGNMENT (  '', '', ( #43 ) ) ;
#3128 = ORIENTED_EDGE ( 'NONE', *, *, #693, .F. ) ;
#3129 = CARTESIAN_POINT ( 'NONE',  ( -2.423507581573644654, -6.138337720475200321, 3.899999999999999911 ) ) ;
#3130 = PLANE ( 'NONE',  #1463 ) ;
#3131 = LINE ( 'NONE', #1417, #872 ) ;
#3132 = CARTESIAN_POINT ( 'NONE',  ( 6.600000000000000533, -0.09206771704681060431, 3.178679656440359658 ) ) ;
#3133 = LINE ( 'NONE', #718, #2123 ) ;
#3134 = VECTOR ( 'NONE', #2671, 1000.000000000000000 ) ;
#3135 = AXIS2_PLACEMENT_3D ( 'NONE', #2714, #2208, #1732 ) ;
#3136 = ORIENTED_EDGE ( 'NONE', *, *, #1022, .T. ) ;
#3137 = CARTESIAN_POINT ( 'NONE',  ( 14.75000000000000178, -9.799999999999998934, 2.449999999999999734 ) ) ;
#3138 = ORIENTED_EDGE ( 'NONE', *, *, #2291, .F. ) ;
#3139 = EDGE_CURVE ( 'NONE', #2720, #631, #890, .T. ) ;
#3140 = CARTESIAN_POINT ( 'NONE',  ( -0.9793097202388159062, -13.50000000000000000, 1.778679656440369961 ) ) ;
ENDSEC;
END-ISO-10303-21;
